file,c11,c21,c31,c12,c22,c32
AB_0001,444.2,1419.3,2487.6,-9.1,-9.4,-32.3
AB_0002,478.1,786.1,2467,0,-81.1,51.8
AB_0003,472.7,1627.1,2315.1,9.6,-228.1,31.7
AB_0004,489.9,1195.9,2089.3,-18.7,209.8,-82.6
AB_0005,635.3,1689.2,2555.9,44.8,-22.2,-7
AB_0006,468.2,1506.1,2428.9,-10.5,49.8,30.3
AB_0007,345.4,2001.6,2601.2,-46.1,126.6,102
AB_0008,352.6,1876.7,2436.4,44.6,-162,-15.4
AB_0009,574.4,1230.9,2543.6,0.9,147.3,62.8
AB_0010,543,863.5,2475.5,15.1,-52.9,399
AB_0011,578.9,1409.1,2325.9,-15.8,24.8,-356
AB_0012,540.9,1147.4,2017.5,-38.4,52.1,213.3
AB_0013,695.2,1218.7,2833.4,-4.3,240.3,-36
AB_0014,546.1,1181.6,2564.9,10.6,109.1,194.3
AB_0015,496.8,1821.2,2943.2,57,-298.1,-135.9
AB_0016,804,1444.9,2593.5,9.8,109.9,243.3
AB_0017,534,969.8,2140.7,42.7,-91,-50
AB_0018,666.8,1387.7,2173.9,-22.8,23.7,-122
AB_0019,524.5,1509.6,2456.7,-20.2,24.9,175.3
AB_0020,569.3,1587.5,2549.3,132.7,-72.2,-86.9
AB_0021,560.6,1592.7,2603.8,59.5,2.3,39.3
AB_0022,462.4,1648,2582.4,6.5,-23,8.8
AB_0023,366.1,1828.3,2918,-85.8,102.6,39.6
AB_0024,627,1476.5,2589.5,-13.2,-81.8,-36.1
AB_0025,567.9,1466.8,2512.4,-24.7,43.5,102.2
AB_0026,587.6,1163,2300.8,-95.7,-268.4,-194.1
AB_0027,429.6,1768.5,2580.6,-14.2,112,124.3
AB_0028,432.1,1543.8,2640.2,2,-15.9,16.5
AB_0029,588.8,1118.7,2115.2,-32.5,4.5,-50.9
AB_0030,633.3,1050.9,2347.6,-62.4,187.1,161.6
AB_0031,520.6,1760.4,2917.4,-16.4,-334.2,-32.7
AB_0032,501.2,1251.2,2293.4,6.4,391.4,422.6
AB_0033,669.1,1423.5,2285.1,-14.3,-17.3,-221.7
AB_0034,406.2,1616,2462.7,21.6,-17.4,20.2
AB_0035,539.8,1449.4,2481.1,67.3,-195.1,68.3
AB_0036,471.3,886.1,2077.1,24.8,348.1,289.4
AB_0037,336.2,1637.4,2796.2,4.4,19.7,-55
AB_0038,452.9,1326.5,2489.3,20.4,-14.3,7
AB_0039,649.1,1548.2,2542.7,-58.9,110.7,134.6
AB_0040,420.9,1656.8,2745.7,-40.7,69.9,311.4
AB_0041,405.2,1674,2480.9,34.6,54,148.2
AB_0042,499.4,1028.3,2020.2,20.1,-159.7,141.6
AB_0043,585.6,1618.8,2536.7,-14.7,144.6,129
AB_0044,448.2,1930,2563.3,-37.9,20.2,17
AB_0045,562.5,1596.1,2414.7,94,-95.7,-80.4
AB_0046,815.9,1456.2,3035,10.9,126,145.2
AB_0047,753.7,1329.4,2618.4,-24.2,-124.1,133.3
AB_0048,376.7,2209,3065.8,20.7,-30.3,3.3
AB_0049,423.7,1523.6,2595.2,42.2,56.6,-109.2
AB_0050,677.7,1583.7,2635.1,-91.9,220.7,46.3
AB_0051,450.5,1353.7,1983.7,-36.5,260.9,-99.7
AB_0052,415.4,2011.4,2670.2,-43.9,255.8,64.5
AB_0053,437.9,1488.1,2357.8,45,-99.8,90.7
AB_0054,563.2,1646.6,2497.1,10.9,-56.9,-9
AB_0055,514.6,1249.9,2424.2,5.3,132.8,166.7
AB_0056,730.1,1493.6,2552.4,-58.1,33.4,60.8
AB_0057,547.9,1628.3,2406.6,195.9,-166.7,10.4
AB_0058,476,1519.8,2592.5,-25.4,42.6,-42.9
AB_0059,467.4,1542.8,2522.3,-1.8,-76.3,-0.7
AB_0060,587.2,1506.9,2509.1,32.8,7.8,103
AB_0061,435.3,1382.5,2639.8,-5.9,-215.2,65.6
AB_0062,593.4,1429.1,3312.3,-64.1,-3,-143.8
AB_0063,588.7,890.9,2616.2,-6.2,-1.2,39.2
AB_0064,372.7,1742.7,2707,19.7,-27.5,-57.9
AB_0065,613.9,1490.4,2681.9,57.9,90.9,-42.2
AB_0066,777.9,1442.3,2821.1,-8.9,21.8,418.7
AB_0067,313.7,1764.8,2384.4,-22.4,130.8,198.9
AB_0068,480,1215.5,2367.9,26.9,85.5,191.6
AB_0069,429.5,1617.8,2483.8,54.1,-151.3,-29.6
AB_0070,388.6,1896.2,2612.1,18.8,-97.3,-153.7
AB_0071,493.4,1820.5,2607.1,-5.7,12.3,131.9
AB_0072,494.8,799.2,2271.5,6.8,-144.4,349
AB_0073,690.2,1168.8,2771.9,-12.8,-350.4,-271.9
AB_0074,423.3,1664.3,2526.9,6.5,-3.8,-6.8
AB_0075,605,1058.5,2247.5,81.6,-65.2,-43.8
AB_0076,543.1,1421.8,2607.2,-81,338,-35
AB_0077,453.9,1758,3345.2,20.1,-356.4,-327.9
AB_0078,438,1618.5,2474.1,-22.6,182.2,303.1
AB_0079,632.7,1477.5,2282.4,-51.5,-0.4,232.6
AB_0080,520,1410.1,2429.5,-4.3,-19.9,-55.7
AB_0081,528.5,1189.6,2392.9,17.2,54.3,354.9
AB_0082,699.9,1464.6,2619.9,-24.4,-2.9,16.4
AB_0083,591,1041.3,2142.5,70.5,23.9,-67.9
AB_0084,496.3,1421.1,2585.1,3.4,-22.2,47.7
AB_0085,521.1,868.3,2254.7,-12.5,-232.2,181.7
AB_0086,555.2,1529.6,2688.3,-86.2,394.8,-51.5
AB_0087,382.5,1474.6,2246,19.2,-29.8,55.5
AB_0088,500.1,1607.5,2603.9,-26.8,38.1,2.4
AB_0089,535.8,1783.1,2638.3,89,-89.8,-25.3
AB_0090,456.2,1874.2,2761.7,10.5,98.6,-73.1
AB_0091,404.2,1442.5,1938.8,-54.4,-108.1,14.4
AB_0092,493.2,756.3,2139.1,-13.8,12.6,144.3
AB_0093,521.5,1583.5,2221.2,61.7,-98,79.3
AB_0094,494.2,1208.6,2277.5,-1.6,-70.2,-26.9
AB_0095,598,1048.4,2137.5,-51.6,38.4,-8.9
AB_0096,505.3,1304.8,2145.9,42.7,14.1,-47.3
AB_0097,506.4,1808.9,2531.6,-62.3,-19.1,-43.8
AB_0098,603.1,1107.3,2467.5,-7,80.2,-102.6
AI_0001,377.1,1500.3,2594.2,-12.8,-51.6,-76.8
AI_0002,423.2,744.1,2035,-17.9,-93,62.2
AI_0003,489.8,1659.8,2180.2,70.3,-107.8,190.2
AI_0004,499.2,1252.3,2345.8,-41.4,99.8,-126.1
AI_0005,463.8,1697.2,2625.4,45.3,50.6,-128
AI_0006,432.6,1647,2670.5,24.9,3.4,44.5
AI_0007,334.4,1847.1,2441.9,-14.9,11.6,7.4
AI_0008,324.9,1911.8,2537.8,-4,-21.6,11.1
AI_0009,537.4,1402.9,2984.7,-28.8,101.9,-197.1
AI_0010,534.7,1078.5,3166.4,86,-178.7,-146
AI_0011,566.3,1416.2,2399.9,39.3,-13.7,-154.1
AI_0012,652.2,1429.6,2429.4,-113.2,2.7,349.4
AI_0013,526.7,1310.2,2127.4,29.9,119.4,-103.8
AI_0014,509.3,1284.7,2497.7,-12.7,56.8,141.6
AI_0015,447.7,1755.7,2432.3,57.4,-169.4,82.6
AI_0016,763.3,1537.9,2355.7,67.7,48.1,23.4
AI_0017,637.9,1252.5,2724.7,75.3,-194.3,106.2
AI_0018,658.8,1438.4,2155,46.4,89.5,-91.6
AI_0019,535.1,1415.3,2169.2,20.6,34.8,80.2
AI_0020,330.7,2012.8,2504.8,10.7,3.2,-14.3
AI_0021,424.6,1765.2,2496.8,-1.3,36.1,8.2
AI_0022,490.1,1627.5,2725.8,29.4,-29.4,145.4
AI_0023,547.3,1734.2,2676.6,58.7,0.5,-9.5
AI_0024,435.4,1617,2370.1,17.9,13.4,14.3
AI_0025,372.7,2032.2,2835.3,5.8,174.6,393.4
AI_0026,498.9,1547.7,2318.4,-38.5,6.1,21.2
AI_0027,461.4,1612.6,2462.3,4.3,0.2,3.1
AI_0028,530.9,1452.7,2424.9,32.3,-247.5,-112.1
AI_0029,388.6,1645.7,2444.4,26.3,3.3,50.7
AI_0030,388.6,1658.4,2480.7,38.4,19.2,-30.4
AI_0031,656.7,1283.8,2558,3.2,87.7,36.8
AI_0032,455.2,818.7,2031.8,-32.2,-109.9,72
AI_0033,446.6,1005.9,1882.4,-27.7,101,38.8
AI_0034,599.4,1465.8,2218,56.5,99.3,-89.8
AI_0035,362.2,1665.1,2648.5,29.9,24.9,-10
AI_0036,408.9,975.6,2014.2,-23.6,141.7,84.1
AI_0037,354.2,1664.3,2371.6,8.1,118.2,54
AI_0038,671.3,1577,2316.5,33,-4.6,-5.3
AI_0039,371.7,1797.3,2104.6,18,59,119.3
AI_0040,402.3,1855.5,2584.2,60.4,29.2,-122
AI_0041,524.6,1280.7,2724,82.9,-149.8,29.8
AI_0042,570.8,1712,2496.3,25.7,55.7,25.5
AI_0043,403.4,2025.7,2549.6,-33.5,-18.7,93.7
AI_0044,611.4,1637.5,2409.3,28.6,22.3,-1.4
AI_0045,776.4,1553.7,2446.4,68.2,32.8,-73.1
AI_0046,673.8,1413.3,2372.2,-17,-24.6,49.4
AI_0047,347.7,1962.4,2380.8,28.3,-99.7,57.1
AI_0048,448.1,1531.8,2471.8,47.2,38.6,-48.9
AI_0049,628.1,1547.2,2434.9,-83,176.1,54.3
AI_0050,492,1190.7,2006.3,-34.5,42.3,-243.9
AI_0051,312.6,1831.1,2619.8,-6.4,73.6,-75.6
AI_0052,437.6,1662.1,2679.3,51.8,-49.4,12.4
AI_0053,524.2,1606.2,2425.9,-30,-8.7,-117.9
AI_0054,399.9,1339.7,2393.1,40.4,70.8,103
AI_0055,366.7,1379,2373.4,25.3,-125.3,-182.1
AI_0056,699.3,1466.5,2145.6,-19,-34.3,-206.5
AI_0057,392.2,1765.3,2289.2,44.3,-124.3,45.5
AI_0058,390,1567.3,2381.1,-22.5,17.2,-17.7
AI_0059,423.3,1517.2,2429.8,20.5,3.3,-69.4
AI_0060,392,1579.2,2569.5,-9,-40.4,57.8
AI_0061,359.6,1525.1,2402.2,31,-109.6,-113.1
AI_0062,550.7,1278.4,2525.3,-44.1,53.6,-96.9
AI_0063,631.8,1063.7,2730.7,56.8,-65,-9.3
AI_0064,626,1457.1,2376.2,-109.3,-69.2,96.1
AI_0065,322.3,1781.1,2329.5,7.9,355.1,206
AI_0066,521.5,1407.1,2552.1,38.2,52.9,21.2
AI_0067,383.9,1789.3,2437.7,40.3,-169.8,30.5
AI_0068,336.3,1861.1,2628.7,-19.4,-9,-57.6
AI_0069,440.4,1820.6,2498.3,18.3,-64.5,52.4
AI_0070,585.9,1052.9,2172.2,7.7,-353.1,-141.8
AI_0071,405.3,1875.7,2537.7,53.3,52,27.4
AI_0072,477.5,1577,2383,-73.9,222.8,86.8
AI_0073,386.6,1631,2376.5,52.8,-174,143.1
AI_0074,373.7,1659.7,2175.5,18.7,152.4,45.3
AI_0075,550.6,1588.4,2364.9,-13.5,-23.3,113.5
AI_0076,519.5,1581.5,2751.6,15.8,11.7,-99.1
AI_0077,538.7,1375,2529,55.1,27.2,206.6
AI_0078,647.7,1545.6,2494.5,-98.2,64.2,158.1
AI_0079,505.7,1395.1,2526.1,89.5,8.5,40.5
AI_0080,433,1527.3,2575.6,-8.3,-83,-81.5
AI_0081,597.6,1536,2486.6,76.2,62.6,-42.1
AI_0082,600.3,1267.7,2494,36.2,-5.1,227.4
AI_0083,501.8,1539.8,2500.8,-47.8,264.2,-69.2
AI_0084,382.5,1450.5,2318.8,22.6,-28.7,94.4
AI_0085,445.5,1740.9,2662.6,-18.5,-20.2,-171.5
AI_0086,520.3,1858.8,2494.3,40.3,-33.9,79.7
AI_0087,398,1437.3,2702,3.3,-10.6,64.3
AI_0088,356.4,1928.7,2982.5,-53.6,167.7,-62.1
AI_0089,614.4,1872.1,3354.6,-30,93.2,95
AI_0090,410.8,1696,2270.1,64.3,-92.5,119.6
AI_0091,568.3,1247.9,2636.1,-19.8,-19.1,76.1
AI_0092,452.5,1481,3064.2,132.6,-60.7,-246.3
AI_0093,391.3,1770,2645.9,-13.2,-63.1,10
AI_0094,554.1,1364.4,2614.6,65.6,30.8,-8
BO_0001,424,1509.1,2632.3,-9.1,17.5,-41.8
BO_0002,516.5,2244.1,2880.5,-87.3,-198.9,-116.1
BO_0003,513.7,1222.4,2636.2,46.9,113.7,17.4
BO_0004,582,1938.6,2593.9,-104.3,131.9,25.1
BO_0005,438.9,1743,2521.1,60.8,96,134.7
BO_0006,368.5,2092.1,2750,-48.3,111.6,74.4
BO_0007,297.8,2067.6,2770.7,45.5,236,25.2
BO_0008,636.6,1212.9,2660.9,30,80.1,-0.2
BO_0009,496.1,1046.3,2537.8,27.3,-64.1,41.8
BO_0010,557.7,1414.3,2108.3,28.7,-53.3,-141.1
BO_0011,569.8,1350.9,2038.7,-24.1,38.4,134.5
BO_0012,541.4,1175,2031.1,90.7,-8.4,-185.6
BO_0013,397.5,1046.6,1873.7,120.9,40.9,-51.4
BO_0014,497.2,2217.8,2849.1,-30.3,-326.2,150.6
BO_0015,846.7,1309.1,2105,86.5,-6.9,-1.6
BO_0016,717.9,1208.1,2034.3,103.3,-126.6,-11.5
BO_0017,747.4,1366.3,2069.1,94.6,4.1,-112.8
BO_0018,602.9,1435.8,2183.5,-4.4,30.1,311
BO_0019,800.1,1786.4,2633.5,95.9,-43,-96.1
BO_0020,605.1,1744.3,2635.3,180.9,19.5,-38.5
BO_0021,333.8,1786.2,2187.3,-27,-96,105.7
BO_0022,737.4,1584.4,2605.2,151.4,-0.6,-44.1
BO_0023,671.4,1457,2248.7,-7.1,43,45.3
BO_0024,633.8,1308.1,2275.1,154.4,-73.7,-89.8
BO_0025,472.3,1881.7,2678.7,40.2,38.7,42.3
BO_0026,448,1669.3,2483.3,64.3,-74.2,-153.9
BO_0027,520.7,1210.1,1979.2,-26.8,97,123
BO_0028,788.8,1141.7,2462,48.2,63.8,-68.4
BO_0029,726,1198.5,2630,62,14.5,-9.8
BO_0030,480.7,1048.1,1857.9,-8.1,71.5,110.4
BO_0031,679.5,1294.8,1980,31,67.7,-92.4
BO_0032,420.3,1775.8,2617.8,34.1,16.3,8.9
BO_0033,508.5,1037.9,2124.7,17.8,273.7,280
BO_0034,325.6,1685.3,2100.3,11.5,202.5,-6.6
BO_0035,521.6,1418.4,2547.6,63.9,-95.8,-26.1
BO_0036,628.1,1503.4,2305.7,91.3,-3.5,36.5
BO_0037,350.5,1897.1,2202.8,-18.1,118.8,157
BO_0038,477.9,1843.2,2611.5,41.4,7.8,15.7
BO_0039,582,1266.9,2236,38.6,-168.1,-28.7
BO_0040,365,1913.4,2421.6,-83.2,231.4,-104.1
BO_0041,987.3,1585.6,2467.1,541.5,102.8,175.8
BO_0042,905.3,1324.8,2149.2,68.2,46.3,23.3
BO_0043,781.7,1199.1,2166.7,-40.8,-44.1,74.5
BO_0044,338.1,2144.2,2542.3,10,-54.7,107.9
BO_0045,489.4,1409.9,2439.5,185.8,-79.1,-35
BO_0046,724.8,1446.6,2464,-106.4,235.6,7.1
BO_0047,448.1,1274.2,1909.8,-41.3,135.1,-98.3
BO_0048,416,2201.4,3032.5,-47.6,303.8,-66.6
BO_0049,491.2,1569.8,2503.3,24.2,-180.5,-13.3
BO_0050,768.3,1409.1,1949.7,-67.8,-15.4,-78.1
BO_0051,415,1739.6,2415.5,66.3,-54.9,-36.6
BO_0052,451,1597.9,2433.6,11.6,37.4,27.4
BO_0053,488.2,1581.1,2457,-16.7,-91.2,-130.7
BO_0054,537.9,1572.9,2501.3,51.2,-86.1,-63
BO_0055,372.8,1628.4,2458.7,80.7,-216.8,-151.5
BO_0056,576.7,1293.1,2423.4,-24.3,83.1,-48.6
BO_0057,737.1,1069.5,2687.3,68.9,-35.9,-124.4
BO_0058,354.9,1900.6,2536.9,0,109.2,64.4
BO_0059,877.9,1351.4,2259.4,38,32.2,-55
BO_0060,291.5,2035.6,2523.9,-17.9,195.4,162.3
BO_0061,478.3,2095.7,2614.9,4.2,-338.8,72.5
BO_0062,301.2,2429.7,2845.9,6.9,-41.9,-86.3
BO_0063,558.6,2008.9,2585.2,-53.5,202.2,74.7
BO_0064,693.8,1106,2137,-22.5,-110.9,2.7
BO_0065,1018.7,1591.5,2689.3,-28.8,66.3,-257.4
BO_0066,450.1,1923.3,2568.9,30,28.9,-210.9
BO_0067,673.8,1260,2371.9,37,-19.5,-37.1
BO_0068,551.4,1633.4,2483.1,-113.6,369.7,-80.4
BO_0069,539.7,1823.1,2482.6,35.3,-217.7,54.8
BO_0070,467.7,1830.3,2482.6,-8.4,173.4,-17.8
BO_0071,630.9,1420.4,2181.4,39.9,-33.1,103.7
BO_0072,574.5,1288.9,2467.2,55.2,72.3,19.1
BO_0073,783.3,1418.3,2351.5,-57.7,57.8,-3.7
BO_0074,715.6,1259,2369.7,127.7,8.7,109.2
BO_0075,533.1,1506.2,2350.8,-23.7,-44.8,-30.6
BO_0076,682.9,1055.8,2402.7,-128.5,-232.2,54.1
BO_0077,521.3,1642.2,2603.2,-52.1,316.3,-138.6
BO_0078,355.7,1197.3,2501.7,42.6,-65.3,113.3
BO_0079,446.1,1923.9,2501.8,-17.4,102.7,-34.3
BO_0080,586.2,2181.3,2602.1,36,-133.1,21.7
BO_0081,342.3,1475.3,2604.3,-15.2,42.4,-12.2
BO_0082,409.1,1654.4,1966.7,-39,-81.4,17.9
BO_0083,500.7,2028.5,2451.1,16.2,-96.5,87.3
BO_0084,524.6,1392.6,2354.9,80.2,-85.7,-80.3
BO_0085,711.9,1175,2279,-42.7,89.3,102.9
BO_0086,343,2207,2612,-4.2,306.1,-8.4
BO_0087,672.4,1298.2,2358.1,4.1,11.1,-22.2
BR_0001,465.2,1390,2483.2,22,19,6.5
BR_0002,694.9,1659.8,3073.9,-48.2,350.1,91.8
BR_0003,624.7,1959.4,2932.5,19.9,-109.5,-121.3
BR_0004,513.9,1251.3,2199.4,-22.8,119.7,-138.8
BR_0005,590.4,1630,2645.9,-39.4,-22.7,-62.3
BR_0006,333.7,2172.9,3049.5,-43,87.1,182.6
BR_0007,337.5,987.6,1983.1,22.8,-86.2,-78.9
BR_0008,628.2,1312.3,2439.3,-11.2,87.1,77.6
BR_0009,718.6,1134.9,3025.9,15.4,-85.4,98.1
BR_0010,620.5,1442.1,2376.5,17.3,37.5,-121.3
BR_0011,639.9,1266.3,2235.4,-35.4,131.3,301.4
BR_0012,646.5,1007.5,2520.1,-13.7,32.9,-492.7
BR_0013,596.6,1250.1,2563.7,58.6,63.2,239.4
BR_0014,596,1746.7,2499.7,60.3,-6.9,56.8
BR_0015,761.5,1398.5,2598.4,46.4,71.2,-26.4
BR_0016,734.9,1123.3,2150.5,45.2,-46,498.3
BR_0017,683,1395.8,2204,18.1,51.1,-196.7
BR_0018,553.7,1425.9,2278.9,10.7,49.2,260.7
BR_0019,529.7,1938.5,2525.1,-5.7,9.6,-54.3
BR_0020,602.7,1741.4,2653.4,22.6,41.5,-37.1
BR_0021,701.5,1646,2697.9,19.9,22.5,39.6
BR_0022,558.1,1525.1,2644.3,5.3,51.1,-11.2
BR_0023,376.1,1687.2,1923.1,-48.9,-45.5,4.1
BR_0024,590.7,1649.8,2528.2,9,-5.8,-55.3
BR_0025,523.9,1684.3,2627.1,10.2,21.4,17.3
BR_0026,623.3,1331.8,2774.8,-17,-147.7,78.9
BR_0027,554.1,1597.6,3106.2,134.8,111.8,157.4
BR_0028,458.4,1483,2615,131.5,153.9,346.3
BR_0029,679.4,1109.5,2545.6,22.4,134.4,14
BR_0030,625.9,1085,2268.2,-22.3,270.7,614
BR_0031,659.4,1297.5,2187.7,17.6,83.4,-92.4
BR_0032,636.1,1039.3,2684.8,-56.5,59.7,264.5
BR_0033,396.8,1784.3,2961,20.4,183.7,-134.7
BR_0034,699.5,1725.7,2638.6,-11.1,41.2,-3.2
BR_0035,374.8,1892.1,3089.2,-18.4,94.5,36.8
BR_0036,534.6,1128.5,1774.8,-52.3,337.8,86.6
BR_0037,648.2,1156.4,2963.4,58.4,-140.9,-6.1
BR_0038,690.5,1849.1,2668.2,-20.7,50.1,-191.5
BR_0039,563.8,1775.5,2764.7,-184.2,180.9,81.6
BR_0040,794.7,1495,2553.9,24.6,77.3,62.7
BR_0041,695,1212.6,2482.1,-7,-30.8,65.1
BR_0042,386.5,2086.7,3011.3,39,-107.1,72.4
BR_0043,721,1540.8,2788.4,-74.9,74.9,-97.6
BR_0044,491.7,1245.2,1893.3,-51.5,193.4,-115.2
BR_0045,497.5,2098.7,2957.9,-13.2,203.1,109.6
BR_0046,576.9,1523.5,2863.3,89.6,-128.3,21.3
BR_0047,687.3,1239.1,2713.5,-9.4,114.5,-22.9
BR_0048,758.8,1508.8,2374.4,-20.9,44.2,-149.1
BR_0049,479.6,1906.9,2617.5,81.7,-176.4,-5.2
BR_0050,403.7,1694.8,2605.5,-35.7,59.3,-12.1
BR_0051,466.9,1638.5,2630.2,-4.6,8.4,-1.1
BR_0052,519.3,1558.3,2614.7,-23.4,-12.9,-1.5
BR_0053,421.3,1525.2,2923,36.2,3.5,-268.8
BR_0054,686.5,996.3,2603.7,99.4,196.4,-10
BR_0055,360.8,2066.1,2916.1,14.7,9.7,-212.6
BR_0056,787.2,1330.4,2532,-14.2,104.5,103.4
BR_0057,332,1960.6,3129.3,-43,246.8,-74.9
BR_0058,606.3,1229.4,2587.8,36.8,-77.1,97.4
BR_0059,403,2055,2821.3,39.3,-62.8,-216.6
BR_0060,363.6,1946.1,2303,-18.2,28,-312.7
BR_0061,512.3,1489.9,2350.8,-83.8,-223.3,-63.6
BR_0062,762,1426.8,2885.9,-63.3,75.3,78.2
BR_0063,632.9,930.7,2175.2,-18,-97.7,201.6
BR_0064,442.4,1779.8,2566.1,52.4,0.2,-47.1
BR_0065,561,1485.8,2486.5,-41.8,264.7,-88
BR_0066,549.3,1811.5,2794.3,61.9,-336.6,-169
BR_0067,461.3,1738.3,2027.8,-59.3,230.1,-31.8
BR_0068,547.6,1594.2,2661.9,30.2,-203.3,-62.7
BR_0069,638,1273.7,2598.7,-33.1,89.1,-14.7
BR_0070,633,1597.9,2566.7,-57.6,33.9,17.4
BR_0071,680.1,1578,2664.5,0,16.4,29.5
BR_0072,725.6,1581.9,2695.6,82.1,95.5,34.2
BR_0073,704.5,1158.4,2606.1,28.2,-68.3,17.4
BR_0074,560.7,1593.3,2692,-77.6,287.4,86.8
BR_0075,470.7,1245,2699.2,-60.9,-283,-85.3
BR_0076,501.3,1759,2618.1,23.4,57.8,-3.2
BR_0077,692.4,1813.4,2647.4,33,6.6,-0.6
BR_0078,649.6,1400.8,2616.8,18.8,-5.3,-21.5
BR_0079,391.5,1516,1837.3,-10.5,-50,8.4
BR_0080,758.1,1578.3,2756.3,-29.8,69.7,-123.2
BR_0081,589.6,1819.3,2710,-20.3,-413.1,-51.5
BR_0082,705.5,1142.3,2725.5,13.1,6,53.2
BR_0083,650.7,1430,2785,-19.6,-11.7,-98.2
BR_0084,444.9,1544.5,2510.4,-81.2,314.4,-31.1
CA_0001,452.1,1736.4,2681.4,12.1,2.3,-34.9
CA_0002,485.5,881.8,2125.4,-53.6,-138.6,-129.6
CA_0003,574.8,1908.2,2520.6,1.6,-148.4,-46.6
CA_0004,482.1,1347.1,2433.8,62.9,37.1,63.7
CA_0005,474.7,2199.8,2841.9,10.3,127.3,20.2
CA_0006,337.8,2401.6,2847.7,-39,90,108.6
CA_0007,394.6,2207,2687.8,27.2,204.8,11.3
CA_0008,562.2,1441.3,2800.1,-39.9,197.3,60.4
CA_0009,563.2,943.3,1958.5,-89.5,-238.2,-426
CA_0010,575.3,1650.4,2333.6,-22.2,-46,-339.1
CA_0011,623.2,1249.3,2264.2,-33.1,-30,-219.3
CA_0012,603.8,1250.7,2167.6,-39.4,22.5,-219.9
CA_0013,422,1193.8,2664.5,98.3,-55.5,103.5
CA_0014,484.2,1888.3,2756.5,-5.9,-168.4,153
CA_0015,805.6,1641.3,2552,43.6,126.8,-16.9
CA_0016,771.8,1043,2455.3,-9.4,53.6,4.4
CA_0017,665.1,1447.6,2268.7,47.3,74,-74.9
CA_0018,517.1,1585.1,2688.5,-8.8,-40.5,226.8
CA_0019,544.1,2084.8,2851,-10.8,-9.9,-6
CA_0020,610.8,1998.5,2808.3,51.2,12.5,28.4
CA_0021,400.2,1973.8,2439.5,-26.5,-3.4,-126.2
CA_0022,588.4,1842.7,2700.3,42.9,-48.2,-267.6
CA_0023,660.2,1434.9,2590.7,8.1,-186.4,-206
CA_0024,521.6,1642.5,2508.2,18.2,113.5,76.8
CA_0025,651.9,1421.1,2463.6,-23.8,194.3,80.9
CA_0026,659.2,1437.6,1981.2,1.1,9.1,-19.3
CA_0027,441.6,1836.5,2807.6,28.7,7.3,6.4
CA_0028,552.7,733.5,2102.4,-70.7,-145.7,112.1
CA_0029,435.7,1942.4,2525.6,3.7,71.9,-27.4
CA_0030,560.1,1968,2606,106,11.5,2.5
CA_0031,402.5,1939,2649.8,3.7,38.2,51.1
CA_0032,569.8,2119.4,2663.2,186.5,-79.9,-79.3
CA_0033,589.1,1158.7,1797.2,6.3,-122.5,150.9
CA_0034,658.5,1915.8,2626.6,5.5,49,-18.2
CA_0035,522.3,2189.6,2758.7,-76.3,-107.2,-142.3
CA_0036,698.9,1902.5,2755.7,135,15.7,-47.8
CA_0037,778.4,1581.7,2534.7,56.4,140.6,-3.1
CA_0038,751.3,1361.4,2633.7,-61.2,-126.4,129.8
CA_0039,386.7,1312.3,2381.7,94.5,394.5,0.9
CA_0040,723.8,1828.6,2514.4,-84.9,53.2,16.7
CA_0041,472.8,1635.9,2007.2,-12.8,26.5,1
CA_0042,361,2216.3,2878.8,-41.7,417.3,72.5
CA_0043,516.5,1636.7,2510.9,-34.2,-141.1,-104
CA_0044,537.3,2054.9,2791.8,19.3,46.6,161.5
CA_0045,445.4,1491.7,2498.9,84.9,72.6,50.5
CA_0046,362.9,2001.2,2685.3,5.1,328.9,102.4
CA_0047,589.4,1943.5,2671.5,-11.5,-66.1,34.4
CA_0048,658.1,1648.7,2279.5,-28,-44.1,-210.4
CA_0049,388.1,1753.8,2656.1,0,64.2,11.5
CA_0050,483.4,1700,2542.2,-35.4,-72.1,50.7
CA_0051,594.6,1835.9,2898.7,1.2,-56.1,31
CA_0052,347.3,1562,2593.4,39,-182.3,-267.6
CA_0053,535.2,1228.1,2773.8,7.3,138,-9.4
CA_0054,642.2,1032,2758.5,34.2,-92.4,-15.7
CA_0055,388.3,1233.3,2261.7,104.4,217.2,412.3
CA_0056,704.6,1733.5,2509.5,-46.1,3.3,71.6
CA_0057,352.2,1930.6,2549,-11.9,369.1,79.1
CA_0058,481.6,1471.4,2432.3,119.1,103.5,-50.4
CA_0059,344.8,2157.3,2571.7,-10.5,-110.9,30.8
CA_0060,531.1,1962.2,2623.4,-75.1,108.8,149.6
CA_0061,627.6,1103.6,2575.7,-28.6,-361.3,34.3
CA_0062,699.8,955.1,2231.2,34.8,49.8,199.5
CA_0063,447.1,2031.7,2725.5,26.1,92.6,5.5
CA_0064,700.3,1400.1,2706.5,-68.2,-15.4,33.5
CA_0065,539.3,1832.3,2764.7,-51.1,123.1,-6.6
CA_0066,612.3,1855,2638,-12.6,-101.4,7.4
CA_0067,406.6,2071,2529.3,-3.2,188.7,108
CA_0068,655.6,1678.1,2639.2,46.6,-86.9,-51.2
CA_0069,575.7,1463.6,2749.5,56.6,174.8,41
CA_0070,614,1745.3,2745.9,-28.6,-168.2,47.6
CA_0071,521.4,1658.1,2566.2,13.9,-18.1,81
CA_0072,494.5,1548,2995,122.8,-64.4,-105.1
CA_0073,472.2,2006.1,2568.9,159.3,162.6,71.4
CA_0074,580.7,1142.3,2488.6,26.4,-396.6,7.5
CA_0075,557.5,1835.7,2762.8,-59.4,473.9,-66.8
CA_0076,481.9,1450.3,2547.1,-57.3,-120.2,-16.4
CA_0077,449,2190.1,2752.1,4.8,63.3,-105.3
CA_0078,545.6,2345.8,2891.6,77.6,-36.8,28.9
CA_0079,552.7,1661.6,2908.9,21.2,-13.7,19
CA_0080,331.4,1875.2,2293,8.8,-110.1,53.4
CA_0081,638.5,2293.9,3293.7,-2.2,132.7,333
CA_0082,619.7,1865.8,2659,-7.7,-107.9,89.2
CA_0083,550.5,1674.3,2639.6,-8.3,-214.1,52.7
CA_0084,664.3,1296.5,2719.2,-36.1,147.7,-123.5
CA_0085,432.8,997.5,1827.2,100.6,29.5,-98
CA_0086,456.8,2023.9,2901.2,-56,54.2,-90.9
CA_0087,645.5,1153.2,2147.5,-41.3,-77,-394.5
DH_0001,308.7,1445.8,2224.9,7.2,-21.5,30.2
DH_0002,437.1,832.5,2254.4,13.7,-51.8,18.1
DH_0003,301.4,1221.5,1865.5,27,-13,-66.9
DH_0004,395.9,1118,2248.2,54,58.8,-171.9
DH_0005,544.4,1611.7,2312.5,100.6,-28.4,-60.7
DH_0006,317.7,1396.7,2213.8,39,111.3,107.2
DH_0007,297.8,1782,2285.7,1.3,8.6,-24.5
DH_0008,279.4,1858.2,2239.2,3.5,26.8,-51
DH_0009,479.3,1177.1,2470.5,19.5,64.9,5.5
DH_0010,430.1,986.7,2350,8.6,-155.6,-3.7
DH_0011,451.5,1353.9,2254.8,65,-53.5,-215.1
DH_0012,533.3,1259.3,2109.2,6.3,-11.4,104.4
DH_0013,563,1104.2,2215.6,-0.1,76.9,-258.7
DH_0014,389.5,1182.9,2422.3,137,30.1,-24.1
DH_0015,301.4,1752.1,2048.4,35.5,136.5,55.8
DH_0016,649.9,1306.2,2499.4,29.1,14.7,33.9
DH_0017,714.9,1168.1,2303.3,74.2,-117.4,36.6
DH_0018,589.1,1302.7,2179.6,31.3,42.7,-14.9
DH_0019,489.1,1311,1894.7,26.7,38.8,51.5
DH_0020,575.5,1672.7,3429.9,102.3,23.7,3.2
DH_0021,463.3,1528,2460.6,40.3,39.3,75.8
DH_0022,305.8,1703,1985.1,4.8,-155.6,-48.7
DH_0023,613.8,1586,2215.3,-9.5,5.1,87.2
DH_0024,478.9,1399.8,2353.2,50.3,55.5,-75.2
DH_0025,479.6,1401.4,2422.5,96.7,-262.3,165
DH_0026,359.2,1616.6,2577.3,73,12.1,-129
DH_0027,607.1,1067.3,2471.1,4.7,61.5,187.7
DH_0028,674.5,1566.1,2057.3,117.5,527.1,199.1
DH_0029,656.6,1590.8,3934.2,-102.5,138.1,-138
DH_0030,675.8,1377,2072.4,-25.8,16.2,-171.7
DH_0031,366.6,1511.8,2467,13,-4.5,-9.8
DH_0032,456,1529.2,2201,-53.8,37.9,-5.6
DH_0033,537.4,1424.3,2424.3,-102.7,-24.8,96.2
DH_0034,287.6,1672.9,2088.2,-0.8,84.5,-41.6
DH_0035,452,1369.3,2930.1,28.4,-53.9,-211.6
DH_0036,615.3,1629.8,2395,66.7,-36.7,-87.6
DH_0037,310.4,1795.9,2989.3,21.3,-102.2,-43.2
DH_0038,495.9,1601,1907.4,150,127.7,251.2
DH_0039,614.3,1183.5,2411.9,79.4,-132.2,-43.7
DH_0040,472.9,1710,2485.7,32.1,66.4,-32
DH_0041,308.3,1804,2411.1,-25.6,117.7,161.9
DH_0042,459.3,1556.6,2150.8,-193.1,-19.6,-231.9
DH_0043,761,1379.8,2295.7,-8.5,22.4,-24.4
DH_0044,649.6,1318.3,2622.5,19.3,-56.2,295.5
DH_0045,446.1,1445.1,2285.3,35,-50.5,-139.5
DH_0046,603.1,1596.6,2403.9,-1.1,70.6,-67.6
DH_0047,315.2,1407.8,2062.2,3.5,103,-146.2
DH_0048,335,1595,2200.9,-49.3,-73.1,331.6
DH_0049,1466.6,1947.6,3550.5,-26.9,129.5,107.7
DH_0050,430.7,970.5,2395,152.5,57.8,-84.4
DH_0051,669.6,1295.1,2228.5,-60.4,-36.8,-262.5
DH_0052,400,1613.9,2045.2,63.4,-115.3,79.3
DH_0053,413.9,1574.8,2376.1,-21.1,-5.8,-39.1
DH_0054,653.8,1467,2347.9,-60.7,0.1,20.1
DH_0055,363.2,1437.6,2017.3,37.5,-134,-79.5
DH_0056,620.4,987.9,2169.7,81.2,-167.2,-338.8
DH_0057,321.4,1837.4,3043.5,12.7,78.3,24.1
DH_0058,685.1,1422.4,2274.6,21.5,50.7,76.2
DH_0059,636.2,1465,2544.9,-127.5,-106.1,-148.4
DH_0060,784.6,1399,2475.5,30.1,9.3,-91.9
DH_0061,258.2,1795.2,2942.8,-28.3,138.6,74.9
DH_0062,552.2,1106.5,2506.5,-32.5,56.6,90
DH_0063,277.9,2012.7,3043,8.5,-27,-144.7
DH_0064,501.7,1733.6,2535.7,-119.2,81.5,285.6
DH_0065,929.7,2120.7,3445.2,-171.8,-122.9,128.1
DH_0066,361.8,1758.1,2553.7,19.9,79.8,46.2
DH_0067,722.9,1260.3,2331.9,-39.9,86.2,107.3
DH_0068,471.8,1534.7,2290.2,-60.5,241,-17.4
DH_0069,350.5,1802,2628.3,-13.2,88.1,530.8
DH_0070,578.4,1511.4,3311.2,113.4,-134.9,-16.2
DH_0071,587,1412.8,2389.5,10.5,-30.7,-57.5
DH_0072,610.6,1264.4,2310,31.9,107.3,28.4
DH_0073,597.4,1385.6,2484.5,-44.2,33.2,12.7
DH_0074,478.3,1341.7,2508.4,70.5,20,-52.7
DH_0075,348.8,1510.6,2394.9,20.6,-32,27.4
DH_0076,795,1535.2,2398.7,-45.3,99.8,-44.4
DH_0077,569.3,968.1,2656,4.1,-231.1,270.2
DH_0078,467.2,1572.7,3136.8,-77.4,288.6,254.1
DH_0079,323.1,1431.3,2456.5,33.9,124.4,39.9
DH_0080,419.8,1617.4,2647.6,31.1,32.6,-35.5
DH_0081,720,1639.8,2259.7,170.3,61.3,147.7
DH_0082,291,1634.7,1846.4,-1.7,-79.3,-20.9
DH_0083,575.9,1001.8,2415.3,-4,10.9,-46.4
DH_0084,673.6,1131.3,2404.3,-71.9,-112.3,120.1
DH_0085,393.7,1484.1,2067.8,-262.3,-145.6,-535
DH_0086,245.8,1962.7,3459.1,48.7,-10.5,-119.4
DH_0087,822.1,1239.4,2414.1,-10.2,-36.2,-39
DM_0001,391.8,1678,2946,2.1,-67.6,-67.1
DM_0002,358.3,1112.4,2040.8,-6.9,115.8,-31.5
DM_0003,455.7,1208,2843.6,54.4,7.8,55.8
DM_0004,953.6,2030.4,2969.6,263.4,99.1,103.1
DM_0005,362.8,2273.2,3341.3,7.6,105.9,-154.5
DM_0006,296.3,2088.1,2895.6,20.3,-4.8,-82.5
DM_0007,456.4,1500.9,2840,56,154.5,79.3
DM_0008,518.5,1197.5,2830.1,46.4,-137.2,-23.7
DM_0009,414.7,1522.7,2172.6,-33.3,40.9,-62.6
DM_0010,501.3,1361.1,1714.1,-1.1,28.2,63.2
DM_0011,383.4,1218.2,2547.1,-2.2,40.5,-303.8
DM_0012,395.6,1421.8,2967.3,10.1,34.4,40.6
DM_0013,487.4,1321.5,2483.6,84.2,56.4,-120.3
DM_0014,191.9,1351.3,1808.6,-0.7,-130.7,-23.2
DM_0015,664.8,1418.6,1979.4,174.1,-62,-47.2
DM_0016,455.5,1609.7,2365.9,62.4,137,145
DM_0017,661.7,1973.8,3076.1,59.7,16.7,-136.7
DM_0018,382.1,1989.1,3043.8,-12.2,-7.1,71
DM_0019,423,1932.2,3028.2,-4,2.7,3.7
DM_0020,318.5,2382,3804.8,-30.1,41.9,-104
DM_0021,856.3,1753.1,2569.2,-20.9,-67.3,-178.6
DM_0022,287.4,1770.9,3005.6,16.4,41.2,33.6
DM_0023,409.3,1581.7,2516.8,15.7,-296.1,-93
DM_0024,324.1,1905.3,2973,29.7,24.2,56.6
DM_0025,359.2,1782.2,3039.7,18.4,18.9,39.9
DM_0026,263.1,1205.6,1692.5,14,-30.8,-6.6
DM_0027,533.8,1302.2,2533.7,19.2,73.1,-46.8
DM_0028,301.5,1087.4,2650,56.9,-26.9,-49.2
DM_0029,335.8,1596,3354.7,11.2,-17.6,-4.6
DM_0030,408.6,1387.5,2048,-4.7,1,-265.6
DM_0031,170.5,1947,3803.8,-40.8,82.6,149.2
DM_0032,1062.3,1842.1,3200.9,11.7,-108.1,114.7
DM_0033,369.4,1813,2574.1,-4.2,97.6,-128.9
DM_0034,365.5,1729.5,2817.9,131.7,31.9,2.6
DM_0035,282.3,1870.6,2615.4,53.4,158.3,89.6
DM_0036,369.8,2224.8,2555.7,-16.2,90.7,378.1
DM_0037,345,1588,2208.7,38.6,-231.9,-78.1
DM_0038,540,1567.8,2941.5,11.7,-239.2,31.9
DM_0039,559.5,2052.4,2731.4,-10.8,89.8,-5.4
DM_0040,323.2,1905.7,2468.9,30.9,333.4,-57
DM_0041,947.3,1445.2,2257.5,236.9,39.8,-155.9
DM_0042,491.5,1323,3021.3,-9.5,-93.9,122.1
DM_0043,320.6,2285.4,2657.5,10.4,-43.4,-24.4
DM_0044,353.2,1622.6,2978.6,-45.2,48.2,10.9
DM_0045,729.1,1964.7,2813.4,-250.3,184.3,185.3
DM_0046,361.6,1659.3,2121.9,-20.5,-26.7,-283.6
DM_0047,460.1,2203.9,2659.9,-48.7,374.1,258.6
DM_0048,464.2,1878.9,2877.6,35.4,-264.4,-126.5
DM_0049,543.4,2057.1,3363.5,23.8,-6.6,264.3
DM_0050,547.7,1181.2,3320,68.4,163,-123.5
DM_0051,429.6,1158.7,2153.5,26,-75.4,-41.2
DM_0052,790.4,1239.9,2465.7,39.3,74.3,-382
DM_0053,345.9,1066.8,2119.7,39.8,-126.7,-74.8
DM_0054,398.1,1964.1,2829.8,-32,72.7,70.2
DM_0055,448.2,1935.4,2779,-39.5,37.9,-15
DM_0056,734.4,1627.7,2754.8,-50.8,118,73.2
DM_0057,566.7,1168,2609.5,13.8,-23.1,-143.4
DM_0058,624.5,1125.7,2774.8,133.3,-15.8,-218.1
DM_0059,341.9,2157.4,2790.5,11.8,95.9,114.9
DM_0060,1043.1,1527.1,2744.4,-113.7,-149.4,-135.1
DM_0061,315.6,1876.8,2656.5,-0.3,397.3,-7.2
DM_0062,521.9,1201.1,2998.3,9.9,-21.1,127.2
DM_0063,373.2,2188.2,2890.8,16.8,-99.9,132.2
DM_0064,390.3,2257.5,2885.1,-11.6,-193.4,-143
DM_0065,535,2152.5,2813.8,-3.4,41.9,142
DM_0066,560.2,1030.9,2665.7,-110.2,-315.4,-253.6
DM_0067,615.5,1153.6,2331.1,-19.8,-59.9,263
DM_0068,370.7,2262.1,2931.4,15.7,195.1,41.3
DM_0069,500.1,1184.5,1850.6,51.6,10.3,-4.2
DM_0070,635.2,1290,1965.1,-6.1,-29.2,-14.1
DM_0071,464.6,1820.1,3021,10.8,339,-175.5
DM_0072,443.7,1944,2966.9,60.8,-124.1,131.7
DM_0073,367.3,1954.3,2759,0.9,392.1,41.8
DM_0074,467.3,1807.3,2679.4,85.6,-208.4,63.5
DM_0075,496.4,1736.7,2747.1,59.4,84.5,-8.5
DM_0076,424,1076.2,1622.3,90.8,-54.2,-137
DM_0077,920.8,1575.9,2814.2,-139.1,-4.9,-51.4
DM_0078,654.7,1590.7,2880.5,123.5,-84.9,-72.1
DM_0079,356.1,1606.9,2913.9,17.8,-81.4,-42.7
DM_0080,684.5,1813.1,2804,91.9,13.9,69.7
DM_0081,556.6,1192.1,2444.9,80.6,-309,58.7
DM_0082,459.7,1671.5,2855.6,-16,383.7,-175.8
DM_0083,400.3,1357.7,2285.5,-1,-210.5,49.1
DM_0084,405.7,2452.6,2983.5,-74.1,-22,41.9
DM_0085,371.4,1792.3,3039.6,34.3,-82.4,39.1
DM_0086,556.3,1030.4,2154.8,-1.6,8,61
DM_0087,482.8,2177.8,2462.8,24.3,-90.7,-63.8
DM_0088,660.9,1184.7,2823.3,-133.8,-34.7,88.5
DM_0089,782.1,1219.1,2872.2,79.4,-51.5,-145.1
DM_0090,409.4,1797.6,2325.5,148.1,56.6,120.2
DM_0091,662.2,2424.5,3051.2,-442.5,126.8,-79.1
DM_0092,702.4,1627.1,2860.7,-8.9,226.4,-142.5
EX_0001,457.6,1576.6,2531.8,18.1,-46.2,-28.9
EX_0002,627.2,996.9,2318.6,-29.2,-132.8,141.6
EX_0003,620.5,1778.1,2349.4,-23.4,-139.8,142.9
EX_0004,498.6,1277.5,2395.4,25.8,176.7,-31.6
EX_0005,557.6,1694.2,2624.8,156.3,135,-58.3
EX_0006,416.7,1710.1,2588.7,24.8,69.1,107.1
EX_0007,390.2,2091.5,2810.9,-43.5,112.6,277.6
EX_0008,339.5,2126.9,2712.1,13.1,-37.2,-120.9
EX_0009,549.6,1465.4,2747.8,21.1,64.8,26
EX_0010,567.9,1076.3,2580.8,-29.1,-145.6,7.7
EX_0011,631.4,1545.8,2283.4,-10.3,-38.5,-223.6
EX_0012,645.2,1337.7,2508,-19.3,1.2,362.5
EX_0013,479.4,1226.3,1733,27.1,123.8,-18.7
EX_0014,538.9,1222.3,2684.8,67.6,2.1,-35.3
EX_0015,548.2,1743,2342.4,1.9,-220.2,105.5
EX_0016,794.3,1574.3,2652.3,50,106.4,-92.5
EX_0017,763.5,1383.1,2930,65.8,-195.6,71.6
EX_0018,615.9,1512.2,2051.1,19.2,79.8,-175.4
EX_0019,489.1,1404.8,2134.5,5,38.1,-9.8
EX_0020,626.1,1703.6,2737.7,69,-32.8,28.5
EX_0021,466.7,1710.7,2742.9,25,6.8,-7.6
EX_0022,366.8,2095.8,3033.6,-53.5,126,30.4
EX_0023,519.7,1639.5,2584.1,18.1,-23.7,-122.2
EX_0024,559.9,1500.8,2408.6,36.9,-100.5,-258.7
EX_0025,486.8,1655.2,2695.3,64.7,-8.4,-13.6
EX_0026,709.4,1286.6,2877.5,-13,20.8,61.4
EX_0027,600.7,949.7,2554.7,-70.7,-32.5,-33.5
EX_0028,492,1342,2153.9,14.2,28.9,167.4
EX_0029,646.4,1398.5,2046.4,38.5,140.7,-75.4
EX_0030,376.6,1717.8,2674.6,41.9,-77.9,-11.5
EX_0031,563.5,1418.1,2612.9,26.6,-80.8,12.9
EX_0032,628,1112.2,2305.9,-9.9,113,22.6
EX_0033,385.2,1710.1,2228.7,-23.7,14.8,-136.6
EX_0034,432.3,1487.7,2455.1,44.9,18.6,23.2
EX_0035,570.1,1728.4,2249.6,11.6,-32.4,-120.5
EX_0036,414.8,1716.4,2094.8,20.9,-14.3,3.5
EX_0037,524.3,1801.7,2882.8,128.6,-271.7,254.6
EX_0038,656.2,1329.7,2690.5,38.6,-207.7,74.3
EX_0039,583,1902.6,2810,-56.9,212.6,110.4
EX_0040,370.7,2016,2885.6,-17.2,-11,-9.4
EX_0041,551.1,1841.6,2713.4,-131.1,216.8,50.7
EX_0042,811,1488.9,2637.2,59.9,83.3,-24.3
EX_0043,807.2,1426.5,2529.8,16.5,-122.5,-1.9
EX_0044,374.7,1997.7,2305.9,67.9,-109,-5.7
EX_0045,583.8,1735.9,2759.3,-20.7,131.4,-25.3
EX_0046,542.2,1288.9,2212.5,-120.5,215.1,-351.5
EX_0047,515.9,1934.5,2660.8,-20.1,124.6,124.7
EX_0048,533.1,1502.6,2409.3,-6.9,-117.8,-36.9
EX_0049,602.4,1295.5,2509.7,46.7,99.6,61.3
EX_0050,769.4,1584.8,2619,-54,-132.7,-525.7
EX_0051,441.1,1654.1,2534.7,-17.2,22.1,51.5
EX_0052,443,1634,2621.2,17.9,-15,107.9
EX_0053,457,1648.7,2684.1,-25.6,-15.9,23.2
EX_0054,407.1,1546.5,2396.9,62.2,-139.2,-135.4
EX_0055,601.8,1242.9,2784.3,-38.2,48.9,-0.8
EX_0056,738.1,1101.7,3402.2,-45.1,63.3,-41.3
EX_0057,387,1868.7,2510.1,5.3,21.3,117.9
EX_0058,488.4,1536.6,2652.1,10.9,0.8,-7.3
EX_0059,756.3,1486.7,2636.9,160.8,18.1,219.8
EX_0060,325.7,1757.9,2385.7,45.1,192.8,373.2
EX_0061,428.6,1969.8,2441,20.8,-216.9,31.5
EX_0062,363.2,1395.8,2150.1,-35.6,102.5,19
EX_0063,473.9,1808.9,2483.1,24.3,26,190.6
EX_0064,756.3,1074.7,2689.3,-1.4,-296.8,18.2
EX_0065,682.4,1190.7,2258.5,-14.7,-91.1,135.9
EX_0066,513.2,1556.1,2517.8,-51.3,226.6,-51.1
EX_0067,448.2,1761.2,2384.4,34,-141.8,60
EX_0068,409.6,1653.3,2076.3,-50.3,242.6,48.3
EX_0069,561.7,1666.4,2352.9,65.5,-93.9,149.5
EX_0070,488.8,1510.1,2524.4,-6.3,3.3,-42.5
EX_0071,574.6,1312.4,2746.2,21.1,104.4,49.6
EX_0072,675.1,1526.1,2758.4,-29.6,16.9,62.4
EX_0073,498.9,1446.9,2671.1,-50,12.3,-17.4
EX_0074,449.4,1609.4,2512.7,14.8,-21.1,-48.3
EX_0075,614.4,1235.4,2496.9,32.1,-182.8,-34.1
EX_0076,487.1,1705.9,2762.4,-12.8,364.9,41.5
EX_0077,467.3,1555.4,2349,-29.9,17.6,78.2
EX_0078,456.4,1909.2,2611.1,-10.6,75.3,71.5
EX_0079,669.7,1806.6,2561.8,72.6,-148,114.7
EX_0080,407.2,1538.9,2000.9,-9.2,-177.2,33
EX_0081,623,997.5,2550.1,-0.9,-31.4,68.8
EX_0082,608.1,1775.8,2383.5,-22.1,-108.7,87
EX_0083,520.7,1370.2,2451.9,-5.9,-26.5,-87
EX_0084,759.7,1232.7,2812.7,-24.5,51,-80.1
EX_0085,593.5,1430.3,2797.3,120.3,42.1,-10.7
EX_0086,340.8,2106.7,2906.6,90.2,-27.3,-113.6
EX_0087,647.2,1223.3,2343,13.7,19.6,-269
GA_0001,378.1,1571.9,2738.5,20.2,36.1,89.9
GA_0002,474.9,935.7,2433.6,-24.6,-96.1,112.6
GA_0003,448.9,2463.1,3249.5,6.2,-161.9,-92.5
GA_0004,517.9,1292.3,2545.5,30.2,120.3,6.2
GA_0005,463.9,2095.1,2926,-24,148.5,39.5
GA_0006,424.1,1758.2,2763.1,22.7,729.5,262.2
GA_0007,370,2106.5,2798.1,49.8,-53.2,-19.3
GA_0008,475,1331.2,2517.4,18.7,22.6,95.1
GA_0009,509.8,1159.1,2929.8,2.6,-73.1,-51.7
GA_0010,543,1579.7,2577.4,-49.2,-6.3,-260.8
GA_0011,608.9,1465.7,2199.4,-34.5,40.1,165.7
GA_0012,550.1,1172.4,2442.7,28,183.6,-161.4
GA_0013,517.5,1253.7,2791.3,76.8,73.2,36.9
GA_0014,524.5,2267.3,2922.1,-31.9,-344.7,1
GA_0015,823.4,1498.4,2535.7,83.5,125.2,51.1
GA_0016,520.8,1035.9,2262.2,16.1,33.7,93.9
GA_0017,614.8,1370.7,2193.2,117.4,42.7,-0.7
GA_0018,626.5,1717.6,2856.4,152.7,43.6,-22.4
GA_0019,490.6,1733.9,2909.9,-4.8,-27.4,15.7
GA_0020,457.4,1729.3,2298.1,-28.4,-117.3,-22.6
GA_0021,635.8,1661.8,2773.9,-11.2,-41.3,51.6
GA_0022,535,1659.8,2649.5,35.3,108.5,137.9
GA_0023,561.3,1478.2,2505.7,20.8,-113.4,-162.8
GA_0024,482.1,1751.6,2601.3,71.9,70.9,114.3
GA_0025,621.4,1300.1,2909.9,9.9,127.4,10.9
GA_0026,609,1287.4,2525.3,21.7,126.3,116.3
GA_0027,461.9,1144.2,1700.4,-43.6,14.8,1.5
GA_0028,580.6,1275.6,2233.5,46.3,147.8,14
GA_0029,475.7,1022,2124.3,-28,63.3,-64.1
GA_0030,410.7,1161.3,1919.4,83.6,257.8,-64.6
GA_0031,381,2024.8,2425.8,-2.1,-2,-108.8
GA_0032,673.3,1729.3,2786.8,11.3,83.9,-8.3
GA_0033,718.7,2012.5,2829.5,-137,-76.5,-208.4
GA_0034,533.1,1276.1,2913,21.8,-186.4,-16.9
GA_0035,490.2,2061.1,2967.9,-28.4,182.3,26.5
GA_0036,483.1,2337.9,3116.5,-279.9,-47.6,24.3
GA_0037,862.9,1513.7,2683.8,71.6,85.9,20.5
GA_0038,710.2,1424.3,2648.8,46.8,-40.9,54
GA_0039,293.2,2207.1,3356.8,42.5,-67.1,-579.5
GA_0040,688.8,1722.9,2817,6.1,149.8,37.2
GA_0041,428.9,1387.5,2197.5,-72.1,176.1,-362.2
GA_0042,480.8,2195.5,2769,18.7,301,287.4
GA_0043,447.7,1688.9,2798.4,15.4,-63.2,-114
GA_0044,656.2,1464.3,2314.6,-14.5,58.4,-108.2
GA_0045,461,1811.5,2257.7,12,-23.4,18.7
GA_0046,423.7,1637.7,2485.1,3.3,48.9,58.5
GA_0047,459.4,1629.2,2459,-20.3,-45.8,-68.2
GA_0048,516,1582.9,2605.1,4.7,26.5,47.1
GA_0049,653.6,1151.2,2541.6,52.7,-7.5,-60.7
GA_0050,337.7,2028.2,2491.7,32.6,316.3,211.8
GA_0051,764.4,1498.4,2301,120.1,-20,-42.8
GA_0052,357.2,1738.5,2355.4,-23,493.1,81.8
GA_0053,463.7,1212.8,2573,35.6,74.9,41.5
GA_0054,371.7,686.1,2211.3,25.6,-223.8,3.6
GA_0055,405.2,2113.3,2800.7,1.6,-107.8,-112.9
GA_0056,522.6,1878.9,2765.6,41,-157.5,68.7
GA_0057,534.6,1093.2,2694.4,4.5,-273.2,9.8
GA_0058,595,1097.9,1824.5,5.8,-43.6,167
GA_0059,399.1,2087.2,2984.6,14.7,112.5,18.4
GA_0060,561.1,1209.9,1351.1,41.9,-9.9,10.5
GA_0061,516.7,1586.6,2990,-59.7,282.5,-14.3
GA_0062,451.5,2143.1,3215.3,-66.7,-578.2,-446.6
GA_0063,512.9,1699.3,2615.5,77.1,-353.3,29.4
GA_0064,535.5,1553,2577.2,4.2,70.7,8.8
GA_0065,490.2,1287.9,2702.9,57,170.9,67.5
GA_0066,665.7,1477.9,2584.6,26.9,67.5,138.8
GA_0067,493,1533.5,2585.3,59.1,-26.6,-167.4
GA_0068,558.3,1059.2,2330.1,-23.9,-204.5,125.8
GA_0069,504.3,1593,2958.3,-79.5,439.9,-81.5
GA_0070,419.6,1611.3,2704.3,-7.7,-35,13.7
GA_0071,392.5,1947,2925.7,35.6,71.9,-24.6
GA_0072,501.4,2104.2,2678.5,57.4,-217.7,73.7
GA_0073,435.2,1564.3,2903.4,-42.5,-71.7,66.8
GA_0074,423.8,1680.1,2149.8,-38.1,-214.8,54.4
GA_0075,466.8,863.4,2445.2,-16.5,-56.6,150.1
GA_0076,658,2097.7,2779.3,-36.4,-273.6,-78.9
GA_0077,588.1,1318.1,2650.3,-56.8,-2.2,-83.6
GA_0078,701.8,1266.3,2503.2,23.1,-32.3,57.4
GA_0079,497.6,1456.2,2909.5,36,15.3,-54
GA_0080,414.3,2227.7,3141.7,59.7,159.3,68.8
GA_0081,628.6,1266.2,2840.3,-16.9,85.3,73.4
GE_0001,356,1610,2891.8,-1.3,-26.3,-20.9
GE_0002,487.8,1008.5,2450.4,-2.2,-68.6,90.9
GE_0003,456.1,2041,2989.3,4,-188,-97.7
GE_0004,491.5,1349.2,2696,39.7,130.9,8.7
GE_0005,508.5,1844.5,3006.4,49.6,51.1,-93.9
GE_0006,335.9,2032.8,2844.6,19.6,99.9,-13.2
GE_0007,382.4,1979.1,2927.8,-10.3,81.1,-23.2
GE_0008,377.7,2181.9,3677,22.9,-85.6,-162
GE_0009,558.7,1422.8,2972,62.6,100.4,34.6
GE_0010,649.4,1224.5,2634.9,10.8,-420,-35.9
GE_0011,700.5,1577.3,2233.1,-4.9,-42.8,-206.5
GE_0012,639,1422.9,2054.7,-31.8,54.3,139.2
GE_0013,622.7,1326.5,2821.4,52,2.1,-299.4
GE_0014,525.2,1344.4,3358.8,-24.7,5.7,31.1
GE_0015,454.1,2004.3,3019.5,24.1,-295.6,85.3
GE_0016,790.6,1456.9,2830.6,60.7,45.9,-597.5
GE_0017,649.7,1230.4,2808.3,-4.3,-208.6,-154.7
GE_0018,727.9,1439.5,2543.3,23.5,13.4,-100.2
GE_0019,573.3,1647.2,3210.2,-16,56.8,-45.1
GE_0020,375,2404.3,2973.5,-3.4,332.5,-16.3
GE_0021,566,1768.8,2853,22.5,0.8,-7.2
GE_0022,565.4,1712.6,2799.9,-32.1,-29,111.7
GE_0023,578.9,1731.5,2832.3,83.6,62,39.6
GE_0024,526.5,1752.2,2894.2,-17.8,-15,-28.9
GE_0025,390.7,2206.6,3195.9,-86.7,161.4,160.5
GE_0026,578.6,1738.9,2903.3,67.1,-8.2,52.4
GE_0027,529.3,1841.2,2869.8,-23.4,27.6,22
GE_0028,591.8,1521.4,2660.2,-2.9,-146.4,-9.3
GE_0029,306.9,1891.1,3171.4,-9.1,-3.1,-20.8
GE_0030,434.3,1813,2975.3,48.1,-3.8,-3.6
GE_0031,717,1363.4,2880.5,-49.2,111,89
GE_0032,606.7,1369.3,2329.3,7.1,5.4,144.2
GE_0033,471.7,1114.6,2362.8,-22.2,-57.3,246.4
GE_0034,604.4,1415.5,2093.1,31.9,106.5,16.1
GE_0035,354.9,1735.5,2925.9,-15.8,26.9,-7.1
GE_0036,539.4,1619.6,2986.7,-5,-193.2,54.4
GE_0037,539,2203.8,3321.7,23.2,561.7,97.3
GE_0038,366.5,1962.1,2840.2,-6,104.5,-28.8
GE_0039,706,1723,2717,-80,-29.1,-130.8
GE_0040,463.5,1740.7,2191.3,-6,97.2,193.3
GE_0041,453.6,1783,3050.1,24.8,-70.7,-26.7
GE_0042,511.1,1457.1,3320.5,54.9,-133.8,28.3
GE_0043,577.9,1970.1,2848.8,-10.6,248.7,202.4
GE_0044,411.6,2254.9,3036.3,4.6,295.5,-6
GE_0045,708.7,1728.2,2882.5,26.3,-40.4,-74.7
GE_0046,804.8,1420.2,2375.2,-4.7,65.7,-340.3
GE_0047,840,1413.5,2765,-37.5,-61.1,182.4
GE_0048,338.4,1833.3,3418.4,66,-77.8,-115.7
GE_0049,747.7,1661.4,2592.2,-46.7,197.6,273.4
GE_0050,450.3,1588.2,2196.8,54.3,41.6,-55.3
GE_0051,421.4,2055.7,2816.1,-35,213.4,233.3
GE_0052,525.1,1681.2,2977.6,26.8,-101,-45.9
GE_0053,651,1876.7,3236.8,143.7,29.4,-9
GE_0054,511.1,1296.4,3016.3,-0.6,81.3,-65.9
GE_0055,424.1,1393.6,3105.7,52.6,-90.2,62.4
GE_0056,803.6,1578.3,2547.9,-36.5,-81,-309.8
GE_0057,678.5,1867,2896.5,202.3,-104,-19.3
GE_0058,424.9,1856.5,3055.1,25.3,13.4,55.2
GE_0059,349.5,1962.2,2868.5,13.3,-5.7,-16.4
GE_0060,643.3,1255,2930.5,-40.3,49.7,-186.5
GE_0061,393.2,2015.6,3004.9,54.6,-91.6,39.7
GE_0062,661.7,1461.3,2910.4,-86.9,98.5,-99.6
GE_0063,370.7,1797.1,2872.6,59.2,-242.3,-108.7
GE_0064,654.2,1322.3,2809.1,-21.4,25.6,-139.8
GE_0065,681.4,1168.5,2834.3,57.7,-64.1,-42.7
GE_0066,344,1899.1,2825.7,52,239,126.6
GE_0067,741.1,1572.2,3197.4,51,29,203.8
GE_0068,934.9,1575.6,2731,7.2,0,67
GE_0069,316.4,1964.3,2611.1,11.8,166.8,109.9
GE_0070,487.4,1440.9,3183.4,34.1,120.5,127.6
GE_0071,398.7,2109.6,2974.2,31.4,-161.8,-17.5
GE_0072,433.5,2032.3,3069.7,-25.4,-235.7,57.7
GE_0073,556.8,1865.2,2931.7,23.9,192.9,28.4
GE_0074,663.9,1587.1,3011.5,-26.8,71.7,107.1
GE_0075,399.9,1871.2,2973.3,5.1,95.7,-37.1
GE_0076,577.3,1676.4,2952.8,-77.3,294.7,-92.9
GE_0077,404.9,1633.7,3115.7,74.5,-94.7,60.9
GE_0078,353.5,1987.9,2715.6,-2.3,301.2,49.7
GE_0079,687,1667.3,2559.3,-40,-81.1,60.7
GE_0080,482.5,1647.9,2862.5,22.7,17.8,-6.5
GE_0081,483,1355.4,3259.8,86.6,96.6,414.5
GE_0082,676.5,1605,2890.5,-28.9,42.8,-34.8
GE_0083,572.3,1562,3249.9,130.6,-69,185.7
GE_0084,417.9,1577.6,3046.8,8.3,-51,-41.4
GE_0085,763.5,1926.1,3108.9,451.1,256,164.1
GE_0086,617.9,1127.1,2248.7,31.3,-264,8.7
GE_0087,567.3,1708.6,2997.4,-81.5,344.7,-4.2
GE_0088,406.2,1679.5,2888.1,3.8,-60.8,17.9
GE_0089,492.4,1909,2901.3,-51.4,97.1,15.5
GE_0090,489,2252.8,3005.4,60.9,-138.3,29.6
GE_0091,422.6,1650.8,2960.5,0.6,-16.3,-8
GE_0092,420.7,1621.2,3176.4,-16.6,-63.3,48.2
GE_0093,522.2,1451.6,2481.1,-43.2,41.4,145.5
GE_0094,411.6,1964.2,2871.4,89.2,-13.5,79
GE_0095,499.9,1497,2750.5,10,-68.8,-34.4
GE_0096,702.9,1581.3,3166.4,-142.9,29.9,67.7
GE_0097,399.2,1655.6,3250.1,56.3,19.6,-191.2
GE_0098,239.5,1769.1,2946.4,40.5,76.2,46.7
GE_0099,737.8,1367.4,2932.6,11.3,46.4,155.3
GO_0001,406.9,1335.6,2384.7,20.3,24.4,-43.8
GO_0002,496,911.8,2031.4,-21.3,-62.7,120.3
GO_0003,427.2,1836.2,2388.3,78.6,-238,-136.5
GO_0004,391.8,1204.1,2284.7,41.9,135.7,-133.1
GO_0005,527.2,1839.2,2403.9,98.4,20.7,34.7
GO_0006,320.2,1719.4,2339.5,41,74.5,16.3
GO_0007,286.7,1971.5,2385.5,-21.5,132.9,43.5
GO_0008,287.4,1874.4,2305,40.4,-64.9,16
GO_0009,526,1204.5,2668.5,20.1,141.9,-26.8
GO_0010,591.7,1354.8,2343.8,58.5,10.2,-154.3
GO_0011,609.8,1280.6,2416.4,-44.7,81.4,44.7
GO_0012,540.8,1035,2107.6,14.1,68.9,19.4
GO_0013,486.4,1137.2,2548.4,20.1,41.2,50.2
GO_0014,373.6,1807.4,2185.6,54.8,36.2,29
GO_0015,882.2,1330.7,2455.3,137.6,115.9,39.3
GO_0016,668.3,1140.5,2320.8,6.4,-79.7,108.5
GO_0017,774.2,1378.7,2351.7,0.8,130.8,-62.6
GO_0018,456,1359.3,2040.5,-6.4,42.4,82.5
GO_0019,664.2,1633.4,2174.1,46.5,30.7,-10.1
GO_0020,521.9,1580.5,2453.8,97,23.6,-11.4
GO_0021,459.7,1514.8,2225.3,34.1,21.9,4.3
GO_0022,316,1715.4,1876.5,-23,-33.7,-28.8
GO_0023,555.2,1557.9,2460.1,-28.2,25.2,56.3
GO_0024,662.2,1172.1,2464.6,-28.7,-185.4,32.1
GO_0025,315.8,1543.4,2364.6,33.9,9.9,2
GO_0026,364.5,1479.9,2351.7,79.6,10,-34.7
GO_0027,721.3,1431.3,2927.1,-93.9,70.5,-212.7
GO_0028,734.4,1281.5,2360.6,-53.8,31.5,-98.6
GO_0029,665,1123.8,2716.4,42.8,102.2,-29.6
GO_0030,409.4,912,2072.1,-11.5,-15.2,188.8
GO_0031,411.9,926.3,1988.1,-11.6,37.7,43.1
GO_0032,646.9,1253.7,2173.9,29.8,173.6,-80.9
GO_0033,326.1,1493.2,2395.6,35.9,56.4,41.1
GO_0034,613.3,1089.3,2690.2,-33.8,-84,-57.5
GO_0035,345.6,1575.1,2124.4,-27.2,154.1,-52.1
GO_0036,386.2,1263.8,2368.4,76.6,31.8,21.8
GO_0037,656.7,1566.1,2301,-34.8,92.6,3.5
GO_0038,362,1491.5,1874.8,-4.2,35.6,101.2
GO_0039,427.4,1705.4,2302.1,4.6,2.6,-60.1
GO_0040,601.2,1176.8,2656.9,74.1,-156.5,74.6
GO_0041,586.1,1661.2,2156.6,-15.9,127.8,74.1
GO_0042,471.9,1870.1,2308.5,-212,-50.6,-79.7
GO_0043,534.7,1617,2349.1,42.6,27.2,9.5
GO_0044,885.6,1345,2435.8,49,86.7,36.7
GO_0045,765.9,1291.1,2527.2,-11.5,-44.6,107
GO_0046,343.5,1906.9,2345.7,25.1,-140.5,87.7
GO_0047,831.1,1513,2458.1,-114.8,94.3,4.3
GO_0048,470.5,1246.6,2068.2,4.2,33,-97.5
GO_0049,341.8,1730.1,2101.4,-15.1,117.9,116.9
GO_0050,458.3,1468.8,2406.4,97.1,-102.9,-1.2
GO_0051,551.7,990.6,2805.4,-31.9,-0.3,-12
GO_0052,681.7,1710.7,2639.9,87.9,38.1,-30
GO_0053,847.2,1435.6,2315.1,-85.7,-81.4,-176.2
GO_0054,391.5,1669.1,2085.2,47,-154.5,125.5
GO_0055,419.1,1502.7,2217.6,10.1,72,32
GO_0056,428,1474.1,2313.8,54.2,21.9,-13.8
GO_0057,557.2,1548.4,2445.8,19.2,-15.9,72.9
GO_0058,697.9,1599.1,2474.5,-77.5,-38.6,10.4
GO_0059,2108.1,2516.4,3592.1,-318.7,-298.6,95.8
GO_0060,646,1364.7,2590.1,0.5,62.8,31.8
GO_0061,329.7,1793.3,2526.3,33.4,-16.9,59.7
GO_0062,883.8,1388.7,2381.8,19.5,34.7,-2.7
GO_0063,270.7,1617.6,2048.1,8.9,89.5,51.6
GO_0064,462.8,1273.6,2460.4,46.3,54.3,-5.7
GO_0065,282.1,2094.6,2524.1,23.2,-180.6,25.4
GO_0066,404,1934.3,2520.2,-110.4,68.7,-44.7
GO_0067,558.1,988.2,3046.1,18.9,-108.4,207.8
GO_0068,613.4,1080.5,2162.2,-145.8,-127,-230.9
GO_0069,363.9,1948,2505.3,-27.1,124,40.2
GO_0070,391.3,1639.3,2517,-6.6,104,-3.6
GO_0071,496.2,1430,1457.6,2.6,44,20.3
GO_0072,522.2,1439.4,2667.8,-131.9,284.6,-94.5
GO_0073,529,1560.5,2361.2,40.9,-47.3,98.5
GO_0074,418.8,1500.6,2115.5,15.3,6.3,177.1
GO_0075,562.2,1424.7,2280.6,121.4,-66.9,134.1
GO_0076,585.5,1412.5,2347.8,12.6,15.4,-14.2
GO_0077,491.7,1300.7,2435.8,112.7,43.6,44
GO_0078,694.6,1444.3,2437.6,-72.1,87.4,54.4
GO_0079,695.9,1287.9,2606.7,18.5,96.8,-246.8
GO_0080,1239.3,2693.2,4040.1,-91,141.5,86.1
GO_0081,612.2,1028.2,2730.9,-3.8,-142.4,106.7
GO_0082,452.4,1391.6,2630.2,-27.7,223.5,-23
GO_0083,307.7,1157.6,2109,56.4,45.4,106.6
GO_0084,451.2,1684.5,2330.4,9.6,45.4,-56.7
GO_0085,544.7,1844.8,2458.2,60.2,-66.8,28.3
GO_0086,489.2,946.3,2159.1,27.5,83.1,343.8
GO_0087,525.2,1782.1,2397.5,-13.5,-115.3,260
GO_0088,655.3,1174.8,2553.2,6.4,7.9,192.2
GO_0089,489.7,1386,2461.4,221.1,16,-17.3
GO_0090,277.1,1679.7,2410.3,3.8,204,61.4
GO_0091,603.8,1228.7,2242,9.7,39.3,-126
HY_0001,336.1,1816.4,2554.7,17.1,-89.2,-17.8
HY_0002,378.4,691,2014.5,-81.9,-255.2,11
HY_0003,518.5,1898.1,2678.2,21.9,-131.8,27.2
HY_0004,604.6,1146.3,3517.6,26.9,0.9,-1.7
HY_0005,562.4,1709.1,2617.9,11.2,139.7,21.8
HY_0006,528.1,1596.1,2102.9,-11.4,31.7,1.7
HY_0007,334,2114.8,2827.3,-16.1,-65.7,65.1
HY_0008,346.4,2052.2,2508,4.4,175,28.2
HY_0009,581,1682.1,2310.7,2.2,47.6,226.4
HY_0010,525.8,1121.8,2118.4,1.1,-92.9,-115.2
HY_0011,669.4,1439.6,3129.3,-182,-120.2,-124.9
HY_0012,596,1184.2,2289.1,-65.4,149.6,-365.9
HY_0013,539.7,986.9,1715.9,177.8,104,54.7
HY_0014,596.3,1307.1,3768.5,64.8,168.4,182.7
HY_0015,794,1415.5,2920.6,8.1,83.5,361.6
HY_0016,683.5,1116.2,2951.5,29.3,-47.8,605
HY_0017,675.5,1237.5,1610.6,38.2,32.5,84.4
HY_0018,637.9,1508.3,2312.1,-2,124.7,92.5
HY_0019,334,2481.1,3339.7,-1.5,41.1,44.7
HY_0020,388.4,1998.4,2834.9,12.4,166.4,408.3
HY_0021,547.7,1792.9,2882,-49.3,98.1,122.5
HY_0022,573.8,1558.1,2778.8,104,67.7,71.9
HY_0023,359.5,2216,3199.2,-104.8,519.9,307
HY_0024,566,1446.6,2529,14.1,24.6,-23.2
HY_0025,763.3,1494.9,3000.2,-78.4,-356.8,548.2
HY_0026,457.2,1678.6,2561,-33.5,-12.1,719
HY_0027,682.1,1532.5,2612.9,-41.1,-186.1,-476.9
HY_0028,724.8,1270.5,3450.1,-33.2,29.7,-87.5
HY_0029,748.8,1297.1,2890.3,-20.5,269.6,312.8
HY_0030,491.3,912.3,2080.7,-4.3,-60.8,311.5
HY_0031,423,1004.1,2199,-25.1,115.3,490.9
HY_0032,592,1317.9,1876.1,74.5,119.9,-2.7
HY_0033,497.5,900.5,2475.1,22,176.6,263
HY_0034,359.6,1701.5,2919.7,-7.4,-24,438.6
HY_0035,667.8,2091.6,2896.2,-28,329,278.3
HY_0036,339.9,1950.2,2441.4,-19.5,200.9,183
HY_0037,449.2,1283.2,2123.7,96,-143.4,367.8
HY_0038,624.8,1393.9,2765.2,76.9,-210,59
HY_0039,599,1647.7,2447.2,2.1,126.1,202.3
HY_0040,366.9,2037.7,3573.3,-30.5,-119.6,139.4
HY_0041,830.4,1441.7,2653.9,-7,188.5,240.4
HY_0042,739.1,1271.9,2362.9,6,26.6,864.1
HY_0043,317.5,1565.1,2075.6,-12,8.5,55.8
HY_0044,705,1445.4,2088.2,-75.2,372.5,648.3
HY_0045,474.8,1332.2,1846.9,-15.7,103.7,-98.6
HY_0046,472,1748.5,1842.7,-31.7,73.8,149
HY_0047,463.9,1638.2,1978.1,-5.9,-103,108.8
HY_0048,537.2,1731.8,2107.9,14.2,69.8,359
HY_0049,471.7,1207.2,3374.1,40.4,107.5,25.5
HY_0050,770.1,1438.7,3010,6.9,109.6,411
HY_0051,379.6,1041,2004.9,16.4,353.2,649.9
HY_0052,429.5,1485.8,2605.2,9.1,-7.3,101.3
HY_0053,505.1,1590.5,2820.9,-31.4,-13.6,242.1
HY_0054,348.9,1427.2,1806.8,83.9,-216.7,-286.1
HY_0055,743,1175.1,3358.4,43,98.4,-259.9
HY_0056,327.3,1636.8,2557.2,31.9,32.6,36.7
HY_0057,671.1,1560.4,2662.5,117.2,310.9,-11.6
HY_0058,709.7,1269.9,1715.6,27.2,-56.7,-99.5
HY_0059,289.4,1719.6,3314.6,2.5,238.9,95.6
HY_0060,570.5,1162.1,3709.3,0.6,107.1,245.7
HY_0061,428.2,1090.5,1571.1,15.3,179.3,-28.7
HY_0062,349.8,805.6,2133.9,-12.8,343.7,-65
HY_0063,445.2,1907.6,3205.8,55.6,9.9,63.2
HY_0064,659.9,1157.8,3184.8,-5.9,-99.1,19.5
HY_0065,599.1,1021.7,1943.4,-28.3,-86.4,423.7
HY_0066,280.3,1922.9,3624.1,32.1,275.3,18.1
HY_0067,554.9,1225.8,2617.7,74.5,47.7,-35.8
HY_0068,444.9,1115.9,1612.2,-68.9,-198.5,195.6
HY_0069,379.3,1539.6,1966.3,56.4,-28.9,-503.6
HY_0070,368.5,1653.7,2768.8,18.9,227.2,336.6
HY_0071,622.4,1277.8,1859,8.6,-287.9,-362.4
HY_0072,473.1,1499.1,3670.4,50,19.4,-38.8
HY_0073,677.8,1162.1,3451.3,60.7,126.5,174.6
HY_0074,719.3,1302.2,1721.3,-6.6,71.7,228.1
HY_0075,509.5,1079.1,1456.7,-6.9,-121.7,13.9
HY_0076,707.4,1106.9,2444.7,-29,-221.7,25.5
HY_0077,535.1,1198.3,1710.4,-99.9,-109,375.8
HY_0078,278,1191.1,3141.1,10.4,265,251.4
HY_0079,375.8,1864.3,2510.7,-20.9,141.3,-32.1
HY_0080,480.3,1970.2,2400.5,84.9,-128.2,-50.4
HY_0081,440.4,1454,2667.8,-3,-5,-30.7
HY_0082,368.4,1487.1,1753.9,-9.5,-122.5,43.4
HY_0083,544.4,913.7,2902.8,-67.1,15.7,144.3
HY_0084,465.7,1414.5,1855.8,52.6,-21.6,108.7
HY_0085,838.8,1395.5,3338.4,82.2,275.2,55.7
HY_0086,677.5,1334.8,3286.3,-24.6,-2.1,-745.7
HY_0087,332.2,1791.2,3009,30.5,-11.9,335.1
HY_0088,735.6,1197.8,3390.6,-90.3,104.1,142.9
HZ_0001,397,1557.2,2398.1,28.1,-58.6,-117.6
HZ_0002,494.2,1388.4,2210.2,-1.1,208.5,117.7
HZ_0003,446.8,1765.5,2663.6,-0.3,-5.8,30.4
HZ_0004,503.9,1226.2,2299.1,55.6,124.7,-47.5
HZ_0005,453.9,1840.4,2565.1,25.4,114.8,62.2
HZ_0006,356.4,1701.1,2480.4,54.9,87.5,33.9
HZ_0007,307.4,2159.4,2902.2,-57.5,129.6,117.2
HZ_0008,235.7,1802,2424.8,94.3,-37.2,-59.2
HZ_0009,525.7,1421.5,2788.7,40.9,118.4,7.9
HZ_0010,528.5,1156.4,2333.2,-10.8,-67.2,-30.3
HZ_0011,514.1,1554.7,2448.9,-17.7,-26.3,-261.1
HZ_0012,566,1388.6,2288.4,-57.7,15,88
HZ_0013,546.8,1292.6,2252.1,5.2,-91.9,-125.9
HZ_0014,511.9,1356.1,2461.6,12.3,55.1,194.7
HZ_0015,666.2,1509.9,2377.7,-22.5,70.3,74.3
HZ_0016,587.9,1267,2194.3,52.4,-115.9,0.9
HZ_0017,629.3,1518.4,2295.5,12.9,125,19.8
HZ_0018,477.8,1434.1,2165.7,0.1,4.7,42.6
HZ_0019,575.4,1667.9,2097.4,67.2,76.7,-50.1
HZ_0020,545.4,1697.9,2587,110.4,38.6,-2.4
HZ_0021,362,1568.6,2531.1,21.3,-13,20.9
HZ_0022,370.6,1699.3,2083.4,-26.1,-179.5,-27.7
HZ_0023,485.3,1591.3,2395.2,76.8,16,-24.3
HZ_0024,496.2,1614.3,2277.9,-29.6,18.4,25.3
HZ_0025,529.4,1466.1,2215.5,11,-203.4,-58.8
HZ_0026,417,1590.6,2433.6,17.9,107.9,42.5
HZ_0027,518.8,1498,2659.7,55.6,8.7,-198.9
HZ_0028,618.1,1333,2616.4,-4,102.2,75.6
HZ_0029,493.5,1014.5,1945.6,10.8,-44.6,13.4
HZ_0030,467.6,1109,2111.3,-26,-12.9,32.6
HZ_0031,611.9,1491.3,2263.9,-17.8,91.2,-94.6
HZ_0032,357.3,1622.2,2427.7,59.4,32.2,56.2
HZ_0033,544.9,1162.7,2160.6,-37.3,77,116.8
HZ_0034,342.7,1793.4,2488.5,10.5,37.3,-20.8
HZ_0035,555.2,1651.6,2319.2,22.8,27.4,-111.4
HZ_0036,405.4,1744.2,2150.1,-10.3,34.1,53.2
HZ_0037,398.7,1798.6,2596.5,50,50.2,8.1
HZ_0038,500.7,1221.2,2286.7,14.5,-130.7,-13.6
HZ_0039,546.8,1713.9,2341.6,7.8,81.9,113.4
HZ_0040,545.1,2078,2769.1,-191.1,31.6,-32.6
HZ_0041,470,1621.7,2394.8,-38.2,122.5,111.6
HZ_0042,771.2,1444.5,2539.2,-99.1,-15.1,27.3
HZ_0043,662.5,1400.9,2504.5,7.3,-58.6,12.9
HZ_0044,284.3,1983.4,2366.2,118.9,9.6,61.9
HZ_0045,588.9,1652.4,2447.1,-32.2,66.7,-58.7
HZ_0046,374.6,1410,2130.1,84,129.3,-23.2
HZ_0047,477,1714.5,2262.3,-11.8,-0.6,24.3
HZ_0048,384.9,1642.9,2323.1,89.9,-195.9,-84.2
HZ_0049,534.9,1641.8,2154.4,33.4,65.5,-39.7
HZ_0050,660.9,1538,2366,-44.4,15.9,-125.7
HZ_0051,410.3,1808.6,2360.4,48.8,-112.4,16.2
HZ_0052,399.5,1679.9,2464.6,9.6,125,157.1
HZ_0053,418.7,1665.1,2437.4,-4,58.4,-20.7
HZ_0054,432.6,1646.6,2524,8.4,-8.1,15.8
HZ_0055,382.3,1585.5,2164.7,65.6,-148.6,-57.4
HZ_0056,486.9,1421.2,2298.7,-44,112.9,-97.2
HZ_0057,607,1108,2755.2,-9.3,-19.8,39.5
HZ_0058,376.1,1829.1,2398.5,72.4,32.2,42
HZ_0059,646.1,1516.1,2266.4,41.6,20.1,-2.1
HZ_0060,323.2,1805.9,2275.2,28.2,171.7,221.8
HZ_0061,504.6,1309.7,2403.6,-25.4,74.8,134.4
HZ_0062,417.3,2024.9,2463.1,-0.7,-105.7,-35.2
HZ_0063,326.1,2234,3121.7,-24.6,-37.6,-17
HZ_0064,473.9,1922,2545.2,22,-82.1,63.2
HZ_0065,567.4,1113.6,2327,-23.2,-147.5,7.8
HZ_0066,646.1,1139.8,1995.5,18.6,8.9,145.4
HZ_0067,393.3,1806.2,2630.5,19.4,100.9,128.8
HZ_0068,521.2,1697.8,2311.9,-79.8,246.3,75
HZ_0069,458.4,2031.1,2533.7,59.2,-254.8,-169.5
HZ_0070,418.9,1788.7,2372.1,5.8,153.5,37.5
HZ_0071,501.6,1608.2,2221.7,45.6,-117.6,16.8
HZ_0072,535.4,1308.5,2430.9,9.4,57.7,121.6
HZ_0073,544.9,1524.1,2581,-33,40.4,41.3
HZ_0074,469.2,1445.7,2324.6,60.2,10.8,26.9
HZ_0075,393.7,1528.5,2415,3.1,-31.5,-42.3
HZ_0076,573.2,1168.2,2269.3,19,-220,-23.6
HZ_0077,501.1,1563.8,2394.7,-59.8,322.2,27.7
HZ_0078,409.9,1551.8,2345.8,12.9,-0.6,-11.5
HZ_0079,459.9,1827.7,2437.1,-37.8,184.6,-3.7
HZ_0080,522.5,1961.6,2433.6,77,-53.1,109.8
HZ_0081,392.8,1467.6,1969.8,1.1,-107.8,10.3
HZ_0082,518.1,1394.8,2366.3,-26.7,-35.8,3.9
HZ_0083,476.8,1883.3,2427.3,-5.9,-96.3,25.7
HZ_0084,487,1358.3,2333,18.4,-56.3,-80
HZ_0085,598.3,1218.9,2187.9,-15.9,23.6,112.1
HZ_0086,491.8,1524,2567.9,52,3.8,-74.6
HZ_0087,399.8,1740.7,2453.6,31.6,189.1,222.5
JC_0001,451.3,1321.9,2716.1,21.6,7.4,20.6
JC_0002,523,970.7,2464.7,-38.3,-84.9,80.7
JC_0003,519.4,1705.7,2299,6.4,-7.3,26
JC_0004,505.9,1079,2519.6,31.9,94.4,-111.6
JC_0005,458.5,758.9,2047.2,-19.7,-74.8,202.9
JC_0006,441.1,1246,1885,44.3,-33,-42.2
JC_0007,349.3,2352,2931.4,-22.8,389.6,120.1
JC_0008,369.1,2045.2,2705.3,13.6,68.6,58.7
JC_0009,570.4,1298.6,2715.4,30,67.5,74.9
JC_0010,585.6,1095.9,1988,12.2,-177.9,218.6
JC_0011,542.5,1461.7,2755.3,14.1,22.7,-41.8
JC_0012,624.3,1302.6,1981.9,-28.6,56.8,-79.5
JC_0013,540,1018.6,2368.8,24.6,106,-14.4
JC_0014,512.3,1144,3627.9,38.4,29.8,951.3
JC_0015,475.8,1607.2,2767,-2.1,209.2,48.2
JC_0016,708.4,1233.7,2267.2,78.2,54.6,91.4
JC_0017,627.2,1178.6,2384.3,47.4,-157.8,110.8
JC_0018,676.6,1372.7,2443.5,28,44.9,-191.4
JC_0019,554.1,1356.7,2453.3,5.1,46.6,172
JC_0020,486.6,1633.2,2646.7,-145.7,-74.2,91.9
JC_0021,575.4,1692.4,2825.8,120.9,-29.8,0.7
JC_0022,486,1673.1,2845.7,-31.3,35.6,28.2
JC_0023,451.6,1429.4,1919.6,-26.4,-78.2,42.7
JC_0024,598,1573.6,2570.7,16.3,-22.8,59
JC_0025,550.5,1536.9,2533.9,31.7,24.8,91.6
JC_0026,567.6,1362.3,2101.4,55.7,-195,53.2
JC_0027,368.8,1243.7,2528.8,-11,-67.8,20.1
JC_0028,673.4,1200.9,2155.3,-46.7,27,-405
JC_0029,631.5,1162.5,2762.4,10.8,47.2,67.5
JC_0030,478.1,1155,1941.6,-11.3,66.9,26.6
JC_0031,656.5,1325.2,2147.5,41.4,28.9,-219
JC_0032,358.4,1543.5,2708.1,30,9.3,-34.6
JC_0033,523.9,910.8,2839.5,3.4,-23.6,-51.1
JC_0034,400.7,1592.8,2550.9,-12.5,139,56.3
JC_0035,468.4,1519,2673.5,5.5,-118.2,13
JC_0036,616.5,1618.9,2292.9,21.4,-26.6,-125.4
JC_0037,420.8,1963.7,3479.2,-25,180,161.9
JC_0038,538.7,1618,2467.9,78,54.6,52.6
JC_0039,632,1186.5,2474.2,-8.9,-191.2,4.3
JC_0040,599.1,1839,2491.2,10.1,95.6,60.3
JC_0041,481,2019.5,2775.3,-133.4,89.1,122.8
JC_0042,708.6,1559.2,2306.9,170.5,55.3,-250.6
JC_0043,814.3,1371.3,2319.9,52.8,34.5,17.8
JC_0044,664.9,1311.1,2394.9,41.7,-87.7,1.4
JC_0045,397,1504.7,2285,-5.6,103.2,51.4
JC_0046,634.7,1634.8,2495.8,-42.8,171.7,257.1
JC_0047,505.6,1225.2,1945.7,-65.9,155.3,-242.8
JC_0048,445,1020.5,1766.9,-25.2,-20.9,50.8
JC_0049,503.8,1488.6,2401,50.1,-78.4,-84.5
JC_0050,553.9,1603.1,2507.1,100,201.6,238.8
JC_0051,528.3,996.9,2294.4,35.7,99.4,-30.6
JC_0052,558,1287.2,2610.7,36.8,-114,14
JC_0053,677.5,1484.9,2466.4,-1.6,-37.1,-98.8
JC_0054,418.3,1879.8,2673.2,43.8,-105.8,106.7
JC_0055,437.3,1761.9,2669.2,-2.9,30.6,1.1
JC_0056,479.8,1443.1,2541.8,-19,116.8,-11.7
JC_0057,560.6,1573.3,2634.3,-19.6,-6.8,27.1
JC_0058,440.2,1499.6,2772.6,26.5,-123.7,-136.1
JC_0059,572.8,1301.1,2501.8,-31.7,123.4,125
JC_0060,670.4,993.6,2755.7,-9,-82.2,159
JC_0061,437.6,2157.2,2994.8,28,426.9,204.1
JC_0062,650.9,1534.9,3404,24.8,-80.2,-172.4
JC_0063,631.8,1459.1,3063.4,-40.7,-15.7,326.6
JC_0064,744.3,1360.4,2373.4,8.8,0.7,161.1
JC_0065,326.7,1429.3,2294,9.4,431.6,70.1
JC_0066,582,1299.7,2499.1,34.7,14.5,-13.5
JC_0067,412.2,2155,2698.1,-37.5,-142,30.8
JC_0068,372.1,889,2188,-36.4,137.6,-18.8
JC_0069,518.7,1790,2553.2,25,288.2,196.8
JC_0070,615,1035.8,2162.1,-24.3,-244.3,26.4
JC_0071,679.3,1074,2371.5,28.2,-76.3,56.7
JC_0072,382.2,2014.5,3085.6,36,512.6,577.8
JC_0073,532.5,1471.5,2549.9,-50.5,244.7,97.2
JC_0074,488.6,1465.8,2695.8,40.6,-111.5,198.5
JC_0075,416.3,1666.1,2362.6,-17.3,282.1,72.3
JC_0076,551.8,1544.8,2450.9,47.6,-158.9,31.3
JC_0077,575.8,1408.4,2618.1,7.3,42.1,31.8
JC_0078,566.9,1207.8,2395,36.7,86.8,120.3
JC_0079,655.7,1377.2,2490.6,-46.2,140.7,171.9
JC_0080,612.6,1268,2286.8,71.3,-77.2,-79.3
JC_0081,422.6,1401.9,2558.4,44.2,30.8,-62.4
JC_0082,473.7,1337.6,2481.5,-1.9,-28.1,-22.4
JC_0083,632.3,1127.9,2282.7,-5.2,-223.7,-48.8
JC_0084,505.1,1487.2,2659.1,-30.9,294.9,16.3
JC_0085,417.7,1384,2433.5,-3.8,-182.6,116.9
JC_0086,439.3,2019,2659.6,-20.7,201.2,33.2
JC_0087,509.2,2359.4,2789.7,41.1,-35.4,14.1
JC_0088,445.5,1451,2586,-20.2,2.7,45.2
JC_0089,436.5,1564.4,3203.5,-23.3,-121.3,45.7
JC_0090,507.3,926,2452.9,-18.5,-91.6,80.3
JC_0091,531.9,1737.5,2567.8,15.1,-108.7,-77.6
JC_0092,647.1,1021.1,3335.5,14.9,-69,266.9
JC_0093,501.2,1383.1,2391.4,23.9,-5.9,-76
JC_0094,375.1,1083.2,2225.2,33,-563,-333.4
JC_0095,609,1194.7,2347.9,43.9,-3.5,51.9
JF_0001,327.8,1678.2,2783.6,21.6,-6.7,-65.9
JF_0002,438.4,1923.9,2928.8,59.7,-47.3,-12.8
JF_0003,344.6,1052.9,2358.8,206.1,-0.1,334.3
JF_0004,444.1,1803.7,2079.4,60.2,53.6,-26.3
JF_0005,334.4,1711.5,3397.7,34.1,76.5,-23.6
JF_0006,250,2479.9,2995.2,-8.5,4.6,86.9
JF_0007,274,2054.9,2829.7,50,9.8,-29.9
JF_0008,469.4,1506.7,2855.1,49.2,163.1,11.4
JF_0009,445.5,1007.7,1996.3,38.7,-139.5,31.4
JF_0010,533.5,1636.9,2784.8,-40.1,-33.3,-71.6
JF_0011,564.9,1365.9,1832.9,-35.8,53.7,6.3
JF_0012,377.6,1180,2109,62.6,-21,-12
JF_0013,400.8,2040.7,2983.7,61,-61.2,-17.7
JF_0014,961.5,1615.1,2723.5,-62.9,-49,-247
JF_0015,571.6,1131.3,1578.8,-26.1,-45.7,-75.2
JF_0016,742.2,1480.3,2321.5,82.1,3.5,-171.2
JF_0017,500.7,1571.1,2163.1,42.5,66.4,106.7
JF_0018,348.2,2369,3008.6,-10.6,-47.3,-92.3
JF_0019,454.1,1959.1,2729.7,67.5,114.1,305.6
JF_0020,611.1,1809.5,2737.9,44.1,-18.7,125.2
JF_0021,357.6,1910,2902.9,7.9,12.5,28.5
JF_0022,316.4,1948.8,2373.2,-56,11.9,102.6
JF_0023,534.5,1781.2,2809.2,13.3,-36.6,-71.7
JF_0024,489.4,1747.9,2823.6,15.9,12,-45.4
JF_0025,646.2,1529.3,2505.4,-120.8,-359.3,-68.9
JF_0026,346.2,1836.5,2718.2,91.3,143.6,155.8
JF_0027,193.7,1464,2557.2,71.5,80.5,73.6
JF_0028,630.9,1195,2083.7,-38.8,78.9,-307.6
JF_0029,559,1364.6,2115.4,50,38.6,-93.8
JF_0030,241.3,1670.2,2729.4,78.3,78.8,62.5
JF_0031,550.3,1585.9,3225.5,-21.9,113.1,25.4
JF_0032,316.7,1750.7,2587.8,1.3,188.6,-60.4
JF_0033,345.2,1634.8,2804.6,134.9,14.4,-22.7
JF_0034,641.5,1959.3,2850.3,14.5,81.4,50.3
JF_0035,376.1,1907.4,2453.3,-13.5,87,110.3
JF_0036,658.3,2315.5,3185.1,543.5,280.8,345.5
JF_0037,478.2,1418.1,3391.8,44.5,-140.9,-102.4
JF_0038,605.4,1947.3,2989.8,6.3,157.5,-28.6
JF_0039,375.4,1559.6,2404.2,-99.6,219.3,-5.7
JF_0040,605.2,1820.7,2928.2,55.9,36.6,-43.8
JF_0041,840.8,1576.3,2616.7,26.2,121.5,44.8
JF_0042,715.3,1478.8,2503.5,-33.7,23,169.7
JF_0043,291.6,2455.4,3105,19.7,-103.9,-120.1
JF_0044,426.4,1620.9,2842.9,64.3,55.2,7.1
JF_0045,778.1,1696.7,2410.9,-215.1,235.3,58.8
JF_0046,560.3,1451.9,2273.3,-246.3,171.3,-288.5
JF_0047,364.2,2059.7,3037.9,-54,202.3,51.7
JF_0048,368.1,1846.5,3120.3,60.2,-249.5,84
JF_0049,551.9,1652.3,3317.6,28.3,-5.3,-26.6
JF_0050,843.9,1567,2389.7,-16.4,-65.6,-359.8
JF_0051,306.1,2223.3,2833.9,41.8,-151.4,29.6
JF_0052,375.3,1809.3,2850.7,46.2,82.8,112.9
JF_0053,443.3,1580.4,2832,36.6,-51.1,-103.3
JF_0054,530.1,1757.9,2804.6,5,-32.8,22.5
JF_0055,211.2,1594.7,2345.5,90.5,-44.3,-139.2
JF_0056,561.8,1061,2821.4,55.1,53.3,-100.7
JF_0057,384.9,1272.9,1750.5,111.2,127.5,-121.5
JF_0058,765.8,1598.5,2393.2,-12,22,-152.4
JF_0059,253.5,1899.4,2533.4,26.7,662.2,165
JF_0060,330.8,2616.6,3421.1,16.5,-157.7,-400.5
JF_0061,291.3,2441.8,2960.5,-18.9,-32.6,-185.7
JF_0062,448,2141,2941.3,-24.5,53.1,75.3
JF_0063,438.9,913,2328.9,2,-295.8,70.2
JF_0064,500.6,1299.4,2723.9,47.6,-14.3,-110.1
JF_0065,431.5,1678.8,2728.1,7.4,146.5,158.7
JF_0066,367.4,1693.9,2440,36.8,-29.3,65.5
JF_0067,341.8,1750.5,2842.3,-7.2,172.4,70.1
JF_0068,386.3,1300.9,1960.5,89,91.5,-123.5
JF_0069,645.5,1793.3,2679.1,48.3,-45.8,30
JF_0070,674.5,1994.9,2663.1,-225.8,-104.3,-263.1
JF_0071,610.1,1454.5,2799.4,-59.3,98.2,58.6
JF_0072,478.5,1719.6,2882.1,54.8,-117.1,-6.3
JF_0073,669.1,1832.8,2790.7,-67.8,-13.2,89.7
JF_0074,701.6,1590.5,2688.8,-38.7,208.2,328.3
JF_0075,475.7,1250.5,2121.3,140.3,-57.6,201.5
JF_0076,437.9,1502.9,2006.7,-175.6,-227.9,-505.3
JF_0077,449.1,1440.2,2033.8,23.3,-168.7,249.3
JF_0078,665.3,1139.8,2476.7,-145.1,-193,78.4
JF_0079,451.2,1642.2,2909.7,26.6,352.2,61.1
JF_0080,299.5,1198.8,2748.5,-21.4,14.1,74.1
JF_0081,338.4,1461.4,2702.1,-4.8,-203.5,-118.8
JF_0082,356.6,938.5,2013.2,20.7,28.2,38.4
JF_0083,851.5,1279,2742.8,6.6,162.3,239
JF_0084,322.7,1308.4,2423.8,-116.5,-247.4,0.7
JF_0085,618.8,1335.1,2749.4,-222.2,19,29.6
LA_0001,476.6,1625.9,2957.8,21.1,-28.8,-44.6
LA_0002,612.8,906.6,2392.4,-101.9,-29.3,38.6
LA_0003,606.1,2037.9,2809.2,10.3,-235.1,-59.9
LA_0004,470.4,1169.7,2519.3,2.6,220.2,-18.8
LA_0005,559.6,2068.8,2855.7,1.6,13.5,-1.3
LA_0006,473.7,2074.1,2904.9,55.2,-32.6,49.6
LA_0007,382.8,1958.5,2920.2,-26.7,101.7,-78.7
LA_0008,352.2,2236.1,2869.3,27.9,0.3,77.3
LA_0009,574.5,1422.5,2906.8,11.3,220.2,55.2
LA_0010,668.3,1155.7,2373.8,17.8,-161.7,-34.6
LA_0011,653.6,1522.3,2692.9,-14.9,-41.3,-241.5
LA_0012,599.9,1530.9,1986.3,-37.1,87.1,26.3
LA_0013,617.5,1105.1,2337.1,50.7,124.5,-125.5
LA_0014,561.8,1909.5,2883.6,41.3,-261.5,102.8
LA_0015,791.9,1562.5,2711.7,56,78.2,-38.3
LA_0016,728.2,1125.4,2538.4,83.6,33.1,-18.6
LA_0017,690.6,1478.7,2200.3,79.9,141.2,-43.6
LA_0018,570.2,1604.9,2498.7,-1,25.2,361.5
LA_0019,598.9,1816.2,2880,4.2,-5.3,-82.8
LA_0020,494.8,1763.8,2861.3,7.7,6.3,-17.3
LA_0021,362.8,1930.2,2211.9,3.1,-29.4,6.2
LA_0022,535.8,1699.2,2850.2,4.3,-2.8,-58.6
LA_0023,537.7,1803.1,2742.2,1.3,7.7,46.8
LA_0024,607,1387.8,2478.5,34.2,-235.7,-39.7
LA_0025,572.2,1764.5,2696.3,5,56,192.1
LA_0026,746.2,1364.2,2691.9,-50.7,128.6,-123.4
LA_0027,708.1,1211.7,2715.1,7.3,23,163.4
LA_0028,512.8,984.9,2201.3,-10.8,174.5,74.6
LA_0029,739.5,1590.6,2508.6,5.5,94.8,-131.5
LA_0030,296.2,1608.6,2749.1,78.6,221.7,104.9
LA_0031,597.3,1013,2378.3,-43.2,125.3,150.3
LA_0032,408.4,1820.9,2426.9,4.1,9.3,-163.2
LA_0033,533.8,1601.9,2730.9,24.3,-25.8,-39.2
LA_0034,757.7,1820,2585.6,-57.6,57.8,-131.6
LA_0035,499.9,1831.5,2783.1,97.3,-7.5,-41.2
LA_0036,667.7,1312.9,3088.9,9.2,-250,-138.1
LA_0037,611.5,1903.3,2730.6,-22,63.6,-5
LA_0038,519,2066.4,2790.8,-185.7,-26.4,-45.2
LA_0039,858.7,1508.2,2705.5,62.8,52.5,3.5
LA_0040,773.9,1347.3,2773.3,-41.7,-76.6,32.4
LA_0041,385.7,2116.9,2662.4,42.4,-77.8,45.1
LA_0042,698.2,1734.9,2708.9,-104.3,145.7,-24.6
LA_0043,514.8,1456.5,2227.2,-58,134.1,-200
LA_0044,441.2,2117.9,2830.8,-47.1,162.6,98
LA_0045,529.2,1569.6,2492.5,96.2,-130,-21.5
LA_0046,495.4,1336.4,2673.6,113.9,58.5,134
LA_0047,489.7,1484.9,2559,-13,-87.6,-34.3
LA_0048,744.1,1609.1,2594.5,-4.3,-66.5,-118.5
LA_0049,430.9,2115.2,2612.8,73.6,-101.6,166.8
LA_0050,418.2,1807.8,2764.6,-7.6,5,-6.8
LA_0051,459,1841.9,2789.7,13.2,-0.3,-110.4
LA_0052,560,1779.9,2941.6,-30.3,-60.8,-51.9
LA_0053,490.7,1733.2,2600.8,31.9,-196,-293
LA_0054,613.9,1288.5,2681.9,-26.7,87.7,-39.7
LA_0055,783,1352.3,2903.5,33.5,-137,-168.6
LA_0056,405.2,2044.6,3136.3,83.3,3.2,63
LA_0057,493,1381.5,2932.9,155.3,74.9,-6
LA_0058,792.3,1633.1,2725.3,125.1,34.2,18.8
LA_0059,360.6,1830.3,2293.7,34.8,413.3,111.1
LA_0060,560.5,1342.1,3013.7,-29.9,38.9,-41.9
LA_0061,575.7,1960.5,2685.8,21.8,-213.3,233.1
LA_0062,459.8,1988.8,2640.6,-22.1,-28.3,-11.1
LA_0063,438.5,2103.2,2541.8,21.7,-62,55
LA_0064,634.6,1099,2521.6,46,-220,27.5
LA_0065,466.8,1992.3,2722.5,16.7,58.8,-30
LA_0066,731.2,1343.1,2778.7,34.4,-89.2,18.5
LA_0067,556.9,1625.6,2662.6,-95.9,386.6,-139.8
LA_0068,584,1901.9,2642.7,49.5,-324.5,138.8
LA_0069,594.1,1734,2548.5,71.8,-125.6,104.9
LA_0070,664,1386.7,2799.8,142.5,98.7,205.6
LA_0071,771.9,1540.3,2911.4,-80.3,136.6,-89.2
LA_0072,713.1,1556,2984.8,69.3,-93.5,-61.8
LA_0073,477.7,1365.4,2927.6,43.2,-119.8,51.8
LA_0074,668.6,1123.7,2785.1,-15.2,-315.1,4.4
LA_0075,595.3,1598.9,2795.4,-71.9,394,-61.3
LA_0076,498,1668.4,2618,3.9,-126,125.9
LA_0077,461.9,1869,2723.6,39.6,13.2,-145.3
LA_0078,551.6,2238.6,2909.5,71.3,-193.2,-8
LA_0079,528.4,1476.3,2990,-22.2,-102.4,-27.4
LA_0080,430.2,1471.3,1981.5,-18.7,-112.2,60.8
LA_0081,563.5,747.6,2324.4,-12.9,-181.3,3.7
LA_0082,608.8,874.9,2845.5,-18.5,0.3,-97.6
LA_0083,752.4,1113.6,3017.2,-41.4,-272,140.4
LA_0084,624.7,1550.1,2329.1,-69.5,30.9,72.8
LA_0085,660.1,2211.2,3038.8,-380,-57.3,-148.9
LA_0086,697.3,1379.5,2856,19.5,4.1,1.5
LQ_0001,395.3,1446.1,2628.5,-9.1,-59.1,-97.1
LQ_0002,466,861.6,2405,-22.9,-91.3,6.6
LQ_0003,452.8,2006.3,3004,29.3,-74.4,-60.5
LQ_0004,411.2,1059.1,2081.2,32.7,165.2,-31.5
LQ_0005,578.9,1743.6,2520.7,96.4,13.2,39.8
LQ_0006,464.8,1748.3,2739.2,32.8,43.4,254.4
LQ_0007,355.5,1910.2,2630.5,-28.7,71,98.3
LQ_0008,327,1917,2477.7,6.8,-137.8,-61.9
LQ_0009,517.5,1212.7,2527.1,5.9,98.3,99.1
LQ_0010,547.9,1024.4,2476.4,-6.8,-31.6,-19.7
LQ_0011,526.6,1487.9,2683.1,12.2,-54.9,-15.4
LQ_0012,536.5,1335.2,2159,-44.1,47.6,177.2
LQ_0013,506.7,1120.4,2089.9,12.2,154.2,-78.9
LQ_0014,509.7,1112.6,2571.2,-19.7,75.6,28.9
LQ_0015,513.4,1761.5,2348.1,-45.8,-165,59.6
LQ_0016,681.4,1399.2,2399.8,10.5,123.8,-6
LQ_0017,639.4,1171.8,2419.4,21,-98.2,25.6
LQ_0018,610.5,1287.5,1951.2,4.7,58.8,-146.1
LQ_0019,513.7,1300.2,2070.9,-9,42,101.6
LQ_0020,542.1,1673.9,2715.6,66.3,4.7,-23.5
LQ_0021,476.2,1622.2,2644.9,-28.4,-9.2,22.1
LQ_0022,311.5,1856.1,2457.9,-24.1,18,-120.2
LQ_0023,556.7,1559.6,2478.6,11.2,-19.6,-70
LQ_0024,546.1,1295.9,2244.3,24,-281.8,31.7
LQ_0025,430.4,1627.2,2449.3,17.6,26.7,120.5
LQ_0026,348.7,1654.8,2557.5,18.2,-7.3,-55
LQ_0027,630.2,1293,2982.5,-62.8,21.7,-183.8
LQ_0028,490.2,897.5,2077.2,-34.8,-61.1,27.5
LQ_0029,446.5,1118.3,1952.8,-10.1,-9.4,10
LQ_0030,586.1,1303.7,2070.7,12.3,80.7,-65.6
LQ_0031,382.8,1591.7,2454,49.5,3.5,36.3
LQ_0032,592.5,1114,2318.1,-19.2,46.6,203.9
LQ_0033,345.3,1664.3,2309.3,-17.2,21.8,18.9
LQ_0034,445.5,1494.1,2556.1,14.3,-34.9,-5.6
LQ_0035,542.6,1643.2,2492.8,9.1,55.1,-148.2
LQ_0036,379.2,1873.4,3177.8,-8.2,102.2,-5.3
LQ_0037,404.2,1632.6,2324.7,31.4,20.3,19.2
LQ_0038,536.7,1360.5,2486.5,50.9,-87,-43.5
LQ_0039,544.4,1769.8,2512.8,-27,43.4,-85
LQ_0040,346.8,1899.8,2890.6,36.4,-41,-28.5
LQ_0041,701.5,1438.5,2555.2,36.8,101.1,-42.9
LQ_0042,631.5,1340.1,2604.3,17,-91.8,57
LQ_0043,335,1922.1,3236.6,8.4,-46.7,-31.7
LQ_0044,588.7,1634.1,2665.7,-85.2,134.1,100.4
LQ_0045,403.6,1216.4,1825,32,125.7,-158.9
LQ_0046,393.7,1783.2,2368.6,-53.1,144.9,79.6
LQ_0047,482.2,1505.3,2209.3,7.7,-81.9,-115.3
LQ_0048,508.6,1221.9,2474.6,5.8,241.8,110.5
LQ_0049,478,1321,2476.4,14.9,-88.8,-22.7
LQ_0050,714.5,1500.8,2958.6,-19.8,95.6,113.6
LQ_0051,539.7,1828,2436.6,203.2,-171.6,223.4
LQ_0052,327.8,1588.6,2466.4,8,-0.3,59.7
LQ_0053,361.3,1630.2,2557.9,33.5,2.6,-18.1
LQ_0054,499.9,1647.8,2650.6,-56.3,-19.6,-2.9
LQ_0055,344.5,1829.3,2960.9,33.4,-202.9,134.3
LQ_0056,670.3,1137.5,2778.1,28,-99.1,97.8
LQ_0057,351.9,1753.2,2939.3,15.4,-2.7,-81.6
LQ_0058,611.3,1401.2,2181.7,85.2,-60.1,-54.7
LQ_0059,310.4,1644.6,2144.8,4,212.9,312.6
LQ_0060,499,1163.5,2489,46,103.7,14.9
LQ_0061,393.8,1946.6,2598.6,21.8,-194,-181.4
LQ_0062,452,1803.6,2293.4,-5.8,-3.3,-101.9
LQ_0063,513.1,1673.8,2390.4,-20.5,-12.7,54.6
LQ_0064,623.6,936.4,2744,-17.1,-248.9,-88.1
LQ_0065,572,1008.7,2141,10.1,-96.9,50.4
LQ_0066,373,1766.4,2603.6,20.4,51.2,-56.4
LQ_0067,584.6,1349.1,2603.5,34.8,-29,47.8
LQ_0068,475.1,1548.1,2567.8,-60.9,323.7,57.8
LQ_0069,477.3,1701.1,2442.7,30.2,-252.1,1.6
LQ_0070,333.7,1314.7,2023.7,-10.1,106.3,13.5
LQ_0071,530.7,1545.4,2454.1,9.2,-40.8,39.7
LQ_0072,492.1,1517.1,2458.5,1.8,10,-16.3
LQ_0073,545.5,1252.8,2505.3,61.7,122.1,60
LQ_0074,523.1,1518.3,2774,-32.8,33.4,-18.2
LQ_0075,584.4,1370.7,2590.3,44.7,-0.3,-10.1
LQ_0076,404.8,1463.7,2477.4,20.6,-27.3,-62.8
LQ_0077,648.8,1674.2,2516.2,154.8,58.5,71.5
LQ_0078,570,954.9,2416,-14.4,-188.5,-23.6
LQ_0079,483,1514.8,2537.5,-53.5,321.3,27
LQ_0080,392.2,1530.1,2399.9,-14.3,-15.5,-38.1
LQ_0081,431.7,1826.8,2559.1,-12.3,81.1,27.4
LQ_0082,319.3,1611.9,1971.6,-2.7,-193.9,10.4
LQ_0083,720.7,2365,3003.2,-113.3,29.5,45.6
LQ_0084,627.1,1099.9,2525.5,-6.1,-66.7,-3.6
LQ_0085,430.6,1381.1,2505.1,12.1,-43.9,15.4
LQ_0086,462.7,2044.9,3209.8,-249.4,-176.1,-163.9
LQ_0087,666.1,1229.9,2993,12.3,80.2,184.4
LS_0001,355.8,1629.5,2769.6,-19.4,-27.9,-222
LS_0002,360.7,745.9,2372,-13.1,-102.5,344.1
LS_0003,423.1,1802.6,2168,32.2,-129.2,72
LS_0004,432.8,1183.8,2365.3,23.8,132.4,-210.4
LS_0005,382.4,1843.3,2869.6,47.6,-19.7,-55.4
LS_0006,256.8,1963.5,2741,-34.7,157.2,256.8
LS_0007,228.9,2095.3,2996.9,6.3,-43.2,-410.3
LS_0008,437.1,1330.5,2727.4,10.3,118.3,220.8
LS_0009,388.3,982.6,2004.1,2,-101.5,-287.4
LS_0010,588.6,1517.9,3104.6,18.4,57.1,41.5
LS_0011,585.5,1211.9,3005.3,-117.5,125.5,-25.4
LS_0012,522.1,1048.4,2337.9,20.4,93.9,-34.3
LS_0013,399.6,1235.6,2882.4,-27.8,120.9,125.8
LS_0014,374.6,1888.5,2801.7,18.1,-279.6,19.7
LS_0015,826.4,1422.7,2049.9,67.8,35.2,-133.6
LS_0016,419.3,1093.4,1325.3,20.7,-127.2,14.6
LS_0017,656.5,1419.6,1988.6,-11.7,46.3,-74.9
LS_0018,500.2,1482,2639.5,-29.3,24.7,72.9
LS_0019,503.4,1738.6,2035.9,282.2,118.9,333
LS_0020,546.8,1681.7,2302.1,68.5,26.1,-61.4
LS_0021,389.5,1636.1,2761,22.5,26.8,1.4
LS_0022,316.3,1928.6,3063.3,-25.5,30.2,119.2
LS_0023,500.9,1632.5,2874,-7.1,-23.4,17.6
LS_0024,470.1,1635.4,2352.3,8.8,33.3,46.8
LS_0025,522.3,1386.7,2105.4,-0.9,-210.8,8.8
LS_0026,355.7,1661.6,2282.5,94.6,80.3,127.9
LS_0027,283.3,1654.9,2876.4,109.3,-10.7,-155.3
LS_0028,635.8,1162.7,2843.4,-2.6,90.3,93
LS_0029,380.5,727.3,2489.2,-8,36.3,-218.8
LS_0030,384.3,873.2,2024.9,-12.3,66.5,-4.6
LS_0031,498.4,1374.9,2102.3,5.1,-6.1,-158.4
LS_0032,310.2,1602.5,2488.1,35.7,64.2,91.5
LS_0033,386.6,1665.7,2541.6,-13.3,55.1,-69.9
LS_0034,460.9,1419.5,2801,2.9,-155.1,-128.8
LS_0035,302.9,1739.4,2328.7,-0.4,164.4,45.2
LS_0036,359.1,1444.1,2476,25.3,-10.8,-51.7
LS_0037,659.8,1681.2,2097.7,172.5,-3.7,157.6
LS_0038,323.5,1780,2092.9,-27,110.1,126.8
LS_0039,325.9,1845.2,2497.5,-4.9,-74.2,-178.9
LS_0040,514.4,1136.9,3023,-5.2,-134.7,102.8
LS_0041,497.8,1712,2369.9,1.9,100.6,-84.1
LS_0042,324.3,2002.9,2368.7,-23.4,152.3,291.5
LS_0043,417.4,1774.9,2514.6,-45.5,127.8,-73.2
LS_0044,888.8,1437,2458.6,85,74.1,-43.8
LS_0045,735.6,1318.5,2529,34.5,-13.6,237.1
LS_0046,254.7,2076.7,2759.9,41.3,-116.6,-170.6
LS_0047,390.1,1584.1,2706.6,29.7,69.3,-82.3
LS_0048,683.9,1517.7,2407.8,-142.1,276.7,198.1
LS_0049,368.2,1157.7,2162.8,61.1,290.6,-80.4
LS_0050,319.9,1894,2357.6,-31.6,131.8,319.8
LS_0051,419.9,1551.6,2235.9,16.8,-95.4,-1.8
LS_0052,387.6,1730.4,2443,-28.8,44.4,13.4
LS_0053,464.2,1260.6,2556.9,-3.2,218,30.2
LS_0054,816,1493.6,2427.2,-102.2,-76.5,-158.5
LS_0055,364.2,1616.6,2527.3,-23.4,43.9,48.3
LS_0056,423.4,1561.2,2608.9,13.1,41.4,-98.8
LS_0057,466.7,1590,2682.7,-6.7,-2.7,22.1
LS_0058,642.9,1030.8,2730.4,61.8,-25.8,-132.7
LS_0059,329.6,1620.8,2292.1,26.1,220.6,336.3
LS_0060,804.3,1492.6,2505.3,362.1,99.6,34.1
LS_0061,256.2,1979.3,2668.7,-24,236.1,462.9
LS_0062,359.9,1380.9,2731.6,61.1,30,4.2
LS_0063,283.5,2154.4,2651.9,-7.9,-49.8,14.1
LS_0064,384,2059.6,2577.8,-65.8,140.1,134.9
LS_0065,531.9,983.1,2194.8,-1,-241.7,-231.7
LS_0066,588.5,1007,2298,-37.3,-104.4,220.9
LS_0067,314,1831.5,2633,16.4,68.2,16.5
LS_0068,485.3,1591.2,2689.5,-72.6,334.1,-3.1
LS_0069,419.7,1798.8,2578.6,26.3,-263.7,36.3
LS_0070,359.5,1832.6,2465.9,-14.5,237.3,190.1
LS_0071,555.6,1477.4,2319.5,6.6,-15.9,135.6
LS_0072,454.8,1488,2677.8,19.5,30.9,-82.8
LS_0073,533.9,1350.1,2770.9,-2.8,43.2,-74.5
LS_0074,592.9,1460.7,1618.6,-35,68.8,60.1
LS_0075,575.3,1309.4,2705.4,138.5,-35.7,-74.8
LS_0076,358.1,1536.9,2574.1,35.1,-84.8,-41
LS_0077,506.4,1647.8,2579.9,71.1,64.9,-59.8
LS_0078,659,1095.6,2707,-10.9,-259.6,113.4
LS_0079,519,1477,1867.7,-70.2,301.5,123
LS_0080,337.9,1249.6,2236.7,31.2,14.4,61
LS_0081,437.7,1799.4,2627.3,-54,144.7,-6.5
LS_0082,440.2,1901,2480,51.6,-179.6,62.6
LS_0083,416.5,1748.4,2521.9,-9.1,34.2,36.5
LS_0084,329.5,1592.4,2024.2,-31.2,-67.6,76.2
LS_0085,431.5,710.9,2551.9,10.6,-120.2,72.4
LS_0086,450.4,1845.9,2492.8,38.2,-190.5,-9.5
LS_0087,516.2,1205.2,2614.7,-29.6,-52.8,-34.3
LS_0088,614.7,1140.1,2237.9,-43.3,65,406.4
LS_0089,268.9,1861.3,2311.5,26.5,243.7,355.2
LS_0090,596.9,1204,2608,-32.4,99.1,-34.1
MM_0001,405.4,1662.3,2730.5,64.7,-16.2,-27.9
MM_0002,760.6,2199.6,2584.2,-34.7,76.7,-275.7
MM_0003,384.7,1985,2362.7,20,-148.7,47.3
MM_0004,455.3,1210.7,2277.4,58.9,47.2,-9.2
MM_0005,618.2,1800,2889.3,68.8,128.5,-20.1
MM_0006,353.7,1719.5,2651.7,-21.9,45.1,227.2
MM_0007,316.8,2160.2,2687.7,-32.9,68.9,160.7
MM_0008,345.6,2125.1,2673.2,20.7,-75.8,-71.9
MM_0009,583.8,1135.1,2417.5,-43.3,93.4,83.1
MM_0010,562.1,1614,2217.5,-78.7,-8.6,-50
MM_0011,546.7,1571.2,2229.6,-30.1,35.4,111.1
MM_0012,676.9,1254.6,1856.8,8.2,-12.4,-80.3
MM_0013,526.7,1265.3,2427.5,23.6,82,125.8
MM_0014,418.6,2050.7,2842.8,-15.8,-274.5,-179.4
MM_0015,730.5,1545.9,2491.3,60.4,22.3,142.3
MM_0016,690.1,1200.6,2144.7,64.6,-70,37.9
MM_0017,678,1503.1,2170.2,23.1,108.1,-85.4
MM_0018,514.3,1683,2629.4,-30.6,30.8,217.3
MM_0019,475.1,2178.8,2812.2,3.1,42.2,-155.3
MM_0020,481.8,2012.8,2740.1,114.2,-46.5,24.4
MM_0021,398.2,1802.9,2765.1,-27.2,12.9,-23.1
MM_0022,381.5,2153.4,2723.9,-7.1,8.5,-81.1
MM_0023,697.9,1824.9,2232.3,72.5,80.2,-13.1
MM_0024,520.1,1724.6,2559.9,37.3,-10.7,-6.4
MM_0025,618,1726.4,2546.1,18.8,25.1,195.6
MM_0026,615.1,1582.9,2454.9,38.5,-57.9,-98.1
MM_0027,470,1801,2663.5,123.6,-41.7,-9.4
MM_0028,684.4,1268.8,2158.1,18.6,78,-95.5
MM_0029,709.9,2165.7,3507.2,6.6,205.2,229.9
MM_0030,445.3,1157.4,2010.1,-4.4,180.5,50.5
MM_0031,614,1445.1,1982.6,-8.7,132.4,-64.3
MM_0032,453.1,1784.7,2846.9,-18.5,29.3,-77
MM_0033,724.2,1510,2175.9,-7.2,-245.2,3.1
MM_0034,346.7,1829.2,2243.6,13.3,21.4,-68.3
MM_0035,514,1552.3,2573.7,70.1,-100,-117
MM_0036,626.7,1876.9,2647.5,-66.1,63.3,28.3
MM_0037,399.2,1954.9,2494.5,-30.4,51.9,160.4
MM_0038,398.1,1860.9,2793.7,39.1,60.6,16.5
MM_0039,597.2,1456.6,2885.8,37.2,-44.9,-65.7
MM_0040,509.4,1918.6,2841.2,53.9,96.2,-48.4
MM_0041,490,1903.9,2647.3,-225.1,119.9,-42
MM_0042,792.9,1611.7,2615.5,16.4,89.6,-6.5
MM_0043,658.6,1511.9,2670.7,-75.5,-55.2,84.6
MM_0044,360,2006,2500.7,36.2,19.3,-37.5
MM_0045,558.2,1897.5,2691.1,-44.3,99,5.3
MM_0046,422.5,1434.2,2096.4,-10.8,124.4,-19.7
MM_0047,441.7,1981,2559.5,-38.8,208,236.1
MM_0048,443,1672.9,2672,26.9,-228.9,-34.1
MM_0049,510.1,1815.3,2705.1,26.2,23.6,55
MM_0050,474.7,1424.8,2654.8,5.7,80.1,17.1
MM_0051,624.8,1562.4,1994.7,24.8,-36.9,-211.9
MM_0052,611.7,1770.2,2613.2,345.5,27.5,124.9
MM_0053,413.8,1743.1,2658.5,19.4,51,13.3
MM_0054,420.5,1792.3,2667.5,12.9,-19,-101.2
MM_0055,507.3,1714.2,2706.6,-56.9,-1.6,-11.1
MM_0056,583.3,1481.2,2559.4,-50.6,45.5,-58
MM_0057,713.9,1325.6,2609.3,17.6,-60.5,-95.7
MM_0058,399.4,2037.5,2809,0.7,0.7,12.2
MM_0059,536.9,1657.1,2601.7,12.1,60.6,6.1
MM_0060,700,1586.4,2528.2,0.2,98,175.5
MM_0061,322.6,2007.3,2607.3,-7.7,150.1,16.1
MM_0062,494.6,1422,2519,42.8,55.7,5.2
MM_0063,415.7,1842.3,2709.6,32.2,-160.5,31.9
MM_0064,388.1,2064.5,2615.2,1.1,-94.3,-74.3
MM_0065,476,1986.7,2629.4,-15.6,-3.4,53.5
MM_0066,678.5,1355.4,1760.4,-13.3,99.2,253.6
MM_0067,435.6,2009.8,2681.5,23.2,140.5,-11.4
MM_0068,481.2,1701.8,2555.3,-39.4,266.3,14.4
MM_0069,448.7,1709,2660.7,23.5,-43.6,-33.4
MM_0070,438.8,1702.1,2522,-6.8,146.2,4.5
MM_0071,501.9,1826,2524.7,55.6,-147.7,8.4
MM_0072,569.1,1655.7,2509.1,24.5,46.4,0.3
MM_0073,628.7,1379.3,1946.7,8.2,46.2,-33.4
MM_0074,609.7,1639.3,2656.9,-81.7,90.1,10.2
MM_0075,609.5,1404.6,2090.4,87.7,-31.9,48.8
MM_0076,415,1724.3,2682,31.8,-50.7,-17
MM_0077,700,1195.9,1901.9,-29.9,-302.3,-242.3
MM_0078,495.7,1738.8,2686.2,-3.2,166.1,-9.7
MM_0079,388.8,1549.9,1893.3,11.2,-36.5,11.9
MM_0080,403.3,1729,2082.2,-20.6,-72.3,47
MM_0081,727.5,1954.3,2556.7,-50.4,28.7,-192.2
MM_0082,497.1,1892.2,2678.9,3.4,-97.1,-171.7
MM_0083,707.3,1217.4,1931.1,14.8,-187.2,-83.3
MM_0084,476.4,1624.8,2540.5,15.3,3.6,-161.7
MM_0085,457,2038.9,2721.2,-117.1,-115.9,-33.7
MM_0086,651.5,1330.4,1856.5,1.8,-1.5,-36.1
NO_0001,493.6,1432.1,2880.2,33.8,-8.3,-44.1
NO_0002,564.4,999.6,2631.7,-41.1,-54.4,94.6
NO_0003,531.3,2002,2699,21.7,-181.1,62.7
NO_0004,578.3,1161.6,2591.2,12.6,135.3,-200.7
NO_0005,617.5,1779.8,2694.8,-29.1,43.1,54.4
NO_0006,461,1784.4,2603.3,41,6.4,101.6
NO_0007,464.2,1792.1,2692.6,-57,45,-41.1
NO_0008,404.2,1891.9,2732.2,-13.3,68.9,-131.4
NO_0009,644.4,1374.9,2607.7,-43,171.6,-70.5
NO_0010,621.8,1017.1,2721.8,-37.8,-138.9,5.1
NO_0011,588.4,1461.6,2545,68,-53.4,-157.7
NO_0012,635,1182,2048.3,-12.8,46.6,136.7
NO_0013,611.9,1137.4,2458.7,12.7,8,-149.1
NO_0014,599.5,1208.7,2861.2,7.2,79.1,202.1
NO_0015,473.8,2065.7,2673.6,20,-334.3,100
NO_0016,853.9,1385.5,2629.3,78.9,174.1,-79.4
NO_0017,655.4,1179.7,2956,77.3,-206.2,-16.3
NO_0018,715.2,1313.8,2444.5,35.8,38.7,-139.4
NO_0019,647,1527.2,2485.5,-5.5,80.3,333.4
NO_0020,458.2,2116.5,2634.9,10.7,3.3,-38.3
NO_0021,545.7,1728.8,2545,41.2,26.1,8.4
NO_0022,668.9,1836.5,2955,72.8,23.7,175.8
NO_0023,609.2,1902.2,2725.5,6.4,103.8,-115
NO_0024,496.9,1806.1,2869.9,13.2,43.8,20.9
NO_0025,615.2,1766.2,2807.1,50.6,-24.7,-28
NO_0026,576.3,1814,2773.7,30.2,22.9,8.7
NO_0027,674.6,1796.7,2799.5,74.8,-13.7,12.7
NO_0028,456.8,1695.5,2745.1,14.4,32.1,8.3
NO_0029,388.7,1879.9,2121.7,-36.4,7.7,97.9
NO_0030,597.2,1250.4,1619.6,6.6,-68.2,126.7
NO_0031,652.1,1510.7,2497.2,32.2,-187.2,-205.9
NO_0032,506.7,1775.2,2668,-7.6,40.5,95.6
NO_0033,521.6,1572.5,2554.5,46.4,-5.1,-154
NO_0034,729.6,1111.4,2477.4,5.4,74.9,44.4
NO_0035,731.3,1326.6,2693.5,-12.4,93.9,-34.4
NO_0036,584.8,899,2066.8,23.2,-105.8,15.4
NO_0037,498.3,1087.7,2030.4,-42,122.2,51
NO_0038,702.8,1432.5,2242.6,-19.4,44,-116.6
NO_0039,431,1646.6,2725.7,39.5,28.7,55.6
NO_0040,561.8,892.8,2051.6,28.7,59.1,56.6
NO_0041,405.4,1702.6,2962,-16.2,74,-3.1
NO_0042,653.2,1278.7,2734.1,48.9,-280.7,-39.5
NO_0043,667.1,1722.7,2088.4,22.5,-48,29.9
NO_0044,451.5,1881.8,2550.5,-23.9,19.3,287
NO_0045,455.1,1808.3,2596.2,62.5,116.2,65.8
NO_0046,636.6,1393.4,3013.9,39.4,-327.1,-139.7
NO_0047,682.8,1916.3,2780.6,-15.3,191.5,106.1
NO_0048,401.8,1303.4,1985.7,-36.1,13.3,29.3
NO_0049,633.6,1324.7,1763.2,33.5,24.9,32.6
NO_0050,863,1384.4,2461.3,123,82.1,-50.7
NO_0051,801.3,1331.6,2729.1,-19.7,-81.7,182.8
NO_0052,408.4,1868.7,2331.8,-5.4,1.2,146.9
NO_0053,801.5,1577.7,2857.4,-114.3,132.8,22.2
NO_0054,443.6,1319.1,2060.7,-2.3,-23.7,-158.7
NO_0055,464.6,1915.7,2579,-78.4,283.5,278.4
NO_0056,486.3,1690.9,2460,33.5,-137.5,-207.7
NO_0057,617.3,1267.8,2605.9,-15.9,213.2,221.3
NO_0058,869.9,1508.2,2695.8,-25.3,-82.7,-269.5
NO_0059,545,1820.2,2829.2,91.6,-42.2,180.5
NO_0060,489.1,1669,2644.8,-25.1,19.1,128
NO_0061,512.6,1690.8,2637.2,9.7,5.8,-171.3
NO_0062,660.6,1766.8,2855.8,-17.4,-57.1,45.5
NO_0063,438.4,1622.6,2368.9,33.3,-212.4,-179.3
NO_0064,617.6,1341.1,2139.4,-68.1,54.4,-124.7
NO_0065,802.2,1081.5,3277.2,51.4,-156.4,46.8
NO_0066,421.4,1224.9,1875.9,22.6,-36.8,139.1
NO_0067,646.6,1494,2615.4,57.2,34.8,-21
NO_0068,788.8,1311,2331,70.6,-11.6,22.4
NO_0069,412.5,1662.4,2364.6,-5.4,416,-66.6
NO_0070,567.6,1223.3,2533.6,14.9,106,235.7
NO_0071,475.9,1979.9,2704.7,23.3,-253,12.8
NO_0072,425.8,2018.4,2785.7,-7.5,-163.9,-16.3
NO_0073,600.9,1860.7,2655.5,-19.8,153.2,225.4
NO_0074,580.5,1076.6,2475.9,63.3,-248,-6.8
NO_0075,655.8,1064.8,2195.6,9,-130.6,205.7
NO_0076,494.5,1824.5,2736.4,-27.8,38.3,-265.4
NO_0077,630.5,1375.7,2633.4,41.5,-36.2,-45.9
NO_0078,635.2,1547,2602.4,-111.8,315.7,46
NO_0079,483.4,1919.4,2716.4,107.1,-269.7,84.1
NO_0080,493.1,1492.6,2438.4,-3.3,242.8,-108.3
NO_0081,535.6,1263.3,2747.5,27.4,-239,-22.9
NO_0082,624.3,1554.6,2386.5,105,-94.7,114.6
NO_0083,681.8,1512.7,2854.4,-9.6,54.3,1.6
NO_0084,583.6,1323.7,2698.2,37.2,176.6,234.7
NO_0085,772.1,1462.9,2787.8,-60.7,199.8,66.8
NO_0086,593.4,1489,2824.3,89.6,-80.3,0.3
NO_0087,513.3,1530.6,2714.4,31.6,-3.1,18.9
NO_0088,701.9,1565.8,2562.8,-13.5,58.9,-49.3
NO_0089,678.7,1172.6,2605.8,2,-296.2,52.8
NO_0090,584.8,1550.3,3014.7,-103.2,376.3,-106.6
NO_0091,439.2,1492.9,2326.8,9.5,-35.9,75.5
NO_0092,537.5,1759.2,2435.1,-18.6,70.2,-191
NO_0093,564.7,1827.3,2534,78.4,-76.2,47.4
NO_0094,535.8,1616.8,2554.4,-36.6,44.3,1.4
NO_0095,473.8,1603.6,2236.2,-60.4,-108.3,-34.2
NO_0096,550.1,909.1,2283,-31.6,-66,-84.9
NO_0097,514.2,1877.7,2481.9,37.9,-78.3,244.4
NO_0098,590.8,1069.4,2593.2,-28,14.8,-47
NO_0099,737.4,1104.4,2887.9,4.7,-152,-43.5
NO_0100,498,1491.3,2907.5,4.8,14,89.2
NO_0101,487.6,2022.5,2799.2,-46.3,-27.4,-78.3
NO_0102,723.4,1257.9,2903.7,64.1,60.8,221.9
PE_0001,451.2,1619.5,2692.6,-16.3,-60.1,-94.4
PE_0002,535.1,855.4,2894,-1.8,-106.2,44.4
PE_0003,467.7,1983.5,3029.3,41.1,-233.7,-394.4
PE_0004,497,1140.5,2138.7,14.3,89.5,8.9
PE_0005,501.9,2055.3,2786.8,-13.9,88,-14.5
PE_0006,458.3,1730.1,2395.9,51.6,92,263.7
PE_0007,343.4,2133.7,2742.6,-44.4,41.5,129.1
PE_0008,307.6,2201.5,2796.1,-8.1,37,-54.5
PE_0009,576.4,1278.5,2532.9,-16.3,107.3,159.8
PE_0010,637.9,959.3,2828,-81.1,-173.3,11.5
PE_0011,607,1849.4,3221.5,-66.5,17.3,229.1
PE_0012,576.3,1255,2035.9,-37.2,10.8,154.4
PE_0013,586.3,1108.3,1926.8,39.3,111.3,-160.3
PE_0014,482.1,1140.2,2661.7,23.2,-13.4,163.5
PE_0015,787.4,1531,2225.6,9.9,219.8,79
PE_0016,720.5,1159.2,3130,62.8,-220.4,207.7
PE_0017,711.8,1483.5,2074.2,-22.7,46.5,-78.8
PE_0018,546.3,1627.7,2451.8,-32.7,2.6,165.3
PE_0019,691.9,2018.2,2962.1,200.7,128.6,278.4
PE_0020,635.5,1885.3,2731.1,90.5,43,32.2
PE_0021,489.3,1882.6,2783.2,3.4,20.6,9.3
PE_0022,395.6,1936.7,2337.1,-33.7,-131.2,86.1
PE_0023,542.3,1931.9,2768.9,-0.8,8.1,-74.1
PE_0024,501.9,1848.2,2810.2,-13.9,42.3,-1.4
PE_0025,591.3,1390.2,2125.6,30.1,-339.5,32.1
PE_0026,497.9,1944.5,2779.3,-5.1,34.1,85.4
PE_0027,459.7,1815.7,2779.4,9.6,6.1,-137.7
PE_0028,682.5,1227.4,2185.4,-9.1,53.1,-48.5
PE_0029,700.4,1208.8,2492.7,-19.8,75.6,120.9
PE_0030,565.7,850.2,2512.9,-29.7,-104.3,747.6
PE_0031,450.5,987.4,2149.9,-10.7,40.8,257
PE_0032,692.6,1288.1,1979.3,41.8,24.4,-4.1
PE_0033,568.7,906.8,3115.3,-15.4,213.8,26.2
PE_0034,365.4,2100.9,3476.2,-25.8,-51.9,-17.8
PE_0035,711.2,1984.2,2963,-16.1,16.5,24.2
PE_0036,362.9,2091.2,2498.3,-21.7,143.8,181.1
PE_0037,448,2120.1,3747.8,118.9,80.9,-10.5
PE_0038,551.2,1319.4,2884.7,32.6,-265.7,-275.3
PE_0039,548,2105.9,2904.3,40.2,74.6,-22.8
PE_0040,423.1,2487.7,3240.6,-114.6,-78.6,35.3
PE_0041,681.5,2070.9,3044.4,100.8,35.7,74.8
PE_0042,838.7,1519.1,2325.5,30.4,139.9,28.1
PE_0043,764.6,1328.1,2459.8,-49.2,-67.8,387.1
PE_0044,526.6,1711.5,2625.3,56.9,36.1,-201.7
PE_0045,717.8,1643.5,2400.5,-110,271.7,264
PE_0046,509.2,1293.9,1936.9,-67.2,304.6,19.2
PE_0047,360.5,2445.6,3699.8,-35,306.3,107.8
PE_0048,499.9,1630.4,2586.6,17.1,-169.5,-269.7
PE_0049,520.9,1911.5,2614.9,-22.2,-8.3,-38.4
PE_0050,551.8,1138.1,2368.2,27.4,183.3,91.1
PE_0051,512.2,1664.8,3313.4,52.7,123.3,-173.2
PE_0052,716.5,1411.7,2148.3,12.5,-73.6,-186
PE_0053,379.2,1974.1,2278.9,25.2,-124.2,84.2
PE_0054,409.6,1794.1,2551,-4.1,76.4,114.8
PE_0055,441.5,1869.7,2569.3,-5.4,-66.2,-194.1
PE_0056,517,1759.3,2652.1,-1.8,-72.7,-60.9
PE_0057,415.2,1707.2,2332.8,64,-129.6,-378.6
PE_0058,508.1,1250.3,2546.7,-30.6,153.8,-56.3
PE_0059,677.7,945.3,2557.2,-14.2,-36.3,-146.5
PE_0060,351.7,2250.3,3531.6,-46.6,-4.4,86.8
PE_0061,786.1,1612.4,2448.3,22.3,200.4,183.1
PE_0062,315.3,2126.2,3448.4,-8.4,290.7,50.7
PE_0063,563.1,1265.4,2567.9,-2.8,108.1,51.2
PE_0064,402.5,2286.2,3748.4,-32.7,-209.3,-123.2
PE_0065,361.4,2317.5,2853,-54.1,-94.4,-96.3
PE_0066,539,2118,3422,-9.9,64.2,-83.6
PE_0067,587.6,1020.8,2208.9,-7.6,-272,463.9
PE_0068,665.4,1137,2137.8,73.3,77.3,184.1
PE_0069,406.3,2071.4,2875.6,-3.1,88.3,133.3
PE_0070,694,1186.8,2223.2,55.3,-20.5,-92.7
PE_0071,408.7,1993.8,2763.2,1.6,119.8,54.3
PE_0072,703.6,1149.7,2376.3,85,-52.7,-21.1
PE_0073,578.5,1632.2,2941.9,-73.7,488.5,261.5
PE_0074,544.1,1958.3,3402.6,34.5,-536,-65.2
PE_0075,410.7,1818.4,2530.2,-49.2,336.7,310.5
PE_0076,595.4,1802.1,2788.6,14.5,-156.7,77.1
PE_0077,539.5,1704.8,2602.6,-4.8,2.2,-6.1
PE_0078,571.7,1350.5,2455.4,11.1,66.9,83.9
PE_0079,714.5,1613.1,2548.2,-3.7,167,159.1
PE_0080,491.3,1578.5,2902.7,1.8,-143.6,-48.6
PE_0081,533.2,2064.6,2952.6,15.6,93.1,-77.3
PE_0082,644.5,1050,2249.1,-30.4,-330.9,138.7
PE_0083,563.6,1649.6,3356.6,-89.4,403,111.2
PE_0084,390.8,1878.7,3253.8,-16.8,30,-56
PE_0085,406.6,2033.8,2676.2,-11.7,82.6,-39.1
PE_0086,551.3,2271.9,2988.1,52.8,-125.3,27
PE_0087,483.6,1970.2,2922.8,-38.7,-9.9,-17.9
PE_0088,325.6,1600.2,2042.4,-16.7,-177.6,41.2
PE_0089,499.5,781.3,2062.3,-9.1,-71.2,174.7
PE_0090,545,2140.3,3027.6,-15.6,-201.3,-275.4
PE_0091,437.1,1610.1,2740,116.2,-335.2,-218
PE_0092,653.2,1190,2660.5,-90.6,61.1,-265
PE_0093,516.6,1424.4,3010,-21.5,-123.9,-608.8
PE_0094,458,2158.8,2780.9,-28.7,104.6,-18.7
PE_0095,663.1,1183.6,2907,-9.4,-51.3,-55.8
PL_0001,406.8,1632.3,2831.6,-3.3,-35.9,-43.8
PL_0002,467.4,841.6,2871.6,-103.4,-137.2,150.8
PL_0003,568.6,2149.1,2683.6,6.3,-176.9,131.6
PL_0004,546.7,1415.7,2534.1,2.1,106.8,-60.9
PL_0005,562.8,2130.5,2953.6,-61.7,116.4,-62.1
PL_0006,518.5,1880.9,2750.4,1.7,39.3,218.7
PL_0007,358.3,2319.2,3000.9,-1.6,44.1,2.9
PL_0008,337.2,2332,2906.6,65.9,-33.4,-75.5
PL_0009,564,1625.6,2851.2,14.7,85.9,157.8
PL_0010,642,1095.5,2975.6,-93.4,-237.2,-215.5
PL_0011,604.6,1721.3,2525.3,11.3,-12.4,-285.7
PL_0012,664.6,1294.9,2310.6,-28.6,72,251.4
PL_0013,618.1,1084.5,2351.6,-7,61.7,-359.5
PL_0014,579.3,1129.4,2936.9,47.6,53.4,375.9
PL_0015,418.4,2170.6,3140.6,51.4,-231.6,-245.1
PL_0016,864.9,1634.9,2519.4,66,143.6,74.8
PL_0017,730.3,1258.1,2799.4,4.2,-212.6,310.5
PL_0018,717.7,1635.7,2264.2,-6.3,96.2,-140.7
PL_0019,578.8,1716.4,2695.1,-11.2,80.7,137.4
PL_0020,421.5,2231.1,2724,-8.3,-69.6,-48.5
PL_0021,567.5,2073.2,2826.5,-21.3,38.6,60
PL_0022,695.2,1953.8,3021,89.3,-13.8,-102.1
PL_0023,588.5,1973.6,2929.8,99.4,42.5,-80.5
PL_0024,488.3,2013.2,2997.3,3.3,-3.6,-3.8
PL_0025,403.5,2044,2444.7,-68,-7,135.2
PL_0026,653.3,1690.5,2664.1,27.8,88.3,163.8
PL_0027,571.3,1394.8,2412.1,9.8,-355.2,53.4
PL_0028,470.5,2035.2,2798.9,37.9,39.1,138.1
PL_0029,437.5,1896.4,2810.1,25.6,14.6,-77.1
PL_0030,784,1519.6,2736.5,-36.5,-45.5,-4.3
PL_0031,678.2,1272.2,2826.8,-20.4,127.9,316.1
PL_0032,483.9,870.4,2537.9,-3.6,-75.7,477.8
PL_0033,454,1071.4,2279.2,25,150.1,207
PL_0034,748.4,1560.2,2333.8,-30.7,92.1,-209.8
PL_0035,396.7,1886.3,2907.1,25.6,2.2,-7.3
PL_0036,671.6,1980,2911.1,157.9,-3.6,-55.6
PL_0037,593.8,909.2,2753.3,20.6,30.4,302.9
PL_0038,370.7,1915.7,2346.1,-33,158.1,165.6
PL_0039,520.4,1586.4,2895.8,81.8,-31.6,-124.8
PL_0040,894.6,1703.3,2593.3,81.7,-82.5,-111.8
PL_0041,356.9,2005.7,2387.6,-50.3,126.2,247.1
PL_0042,436.8,2012.1,2931.9,54.5,69.4,-41.6
PL_0043,659.2,1508.2,2851.5,104.1,-193.7,10.8
PL_0044,597.4,1910.1,2761.7,-31.1,143.6,-42.4
PL_0045,367.8,2077,2724.1,-47.7,-16.3,103.6
PL_0046,694.5,1932,2826.2,87.8,4.1,-28.5
PL_0047,897.4,1495.4,2346.5,4.4,59.4,-115.7
PL_0048,776.4,1435,2612.4,-34.9,73,235.7
PL_0049,348.7,2053.8,2657.4,27.7,-69.1,-81.9
PL_0050,468.8,1770.3,2580.5,44,-1.1,-180.9
PL_0051,766.3,1738.5,2593,-152.5,95.2,30.8
PL_0052,384.3,1361.1,1923.5,31,264.2,-101.4
PL_0053,385.1,2095.1,2699,-36,124.1,100.4
PL_0054,434.9,1744.9,2880.1,92.5,-148.1,88.6
PL_0055,689.5,1910.7,2905,155.5,45.5,-43.8
PL_0056,659.2,1251.8,2772.5,70.9,254.9,278.2
PL_0057,768,1635.1,2363.9,-98.2,3.1,-188.2
PL_0058,545.3,2100.4,2879.8,223.4,-189.5,38
PL_0059,420.2,1807.9,2724.4,-5.9,55.8,98.2
PL_0060,496.6,1969.4,2902.1,-37.3,18.2,-132.9
PL_0061,651.9,1723.2,2768.2,-90,-9.2,18.6
PL_0062,362.6,1670.1,2199.1,71.5,-334.1,-205.2
PL_0063,590.3,1369.8,2500.5,4.3,37.2,-41
PL_0064,732.2,1200.7,2628.8,-7,-182.4,-74
PL_0065,341.7,2061.1,2899.6,29,-65.1,171
PL_0066,586.6,1665,2949.3,53.8,0.4,-26.2
PL_0067,831.6,1514.8,2400.2,90.4,47,82.7
PL_0068,308.4,1891.2,2511.2,4.8,282.6,352.1
PL_0069,663.8,1329.3,3278.9,100.2,147.2,-18.7
PL_0070,385.1,2155.2,3053.5,38.5,-200.4,122.5
PL_0071,364.1,2341.2,3070.6,-7.7,-201.6,-277.8
PL_0072,604.1,2025.8,2795.4,18.8,6.8,95.4
PL_0073,692.8,1111,3013.8,50.7,-310.4,162.4
PL_0074,696.3,1159.5,2248.2,27.1,-57.9,176.5
PL_0075,383.1,2035.7,2864.2,31.7,63.9,20.8
PL_0076,528,1702.6,2664.1,-93.3,263.8,-33.2
PL_0077,571.3,1835.3,2752.7,26.9,-235.9,100.4
PL_0078,509.8,1662.7,2805.4,22.7,11.1,-8
PL_0079,394.9,1582.2,2796.2,43.8,28.5,-23.7
PL_0080,567.1,1778.9,2480,72.6,-183.4,49.6
PL_0081,570.3,1795,2794.1,23.4,64.4,21.6
PL_0082,607.9,1404.8,2804.2,34.6,181.4,-22.9
PL_0083,761.2,1643.5,2479.4,-31.9,48.8,83.4
PL_0084,610.1,1577.5,2735.8,76.6,-34.2,-54
PL_0085,347.7,1693,2961.9,61,-89,-90.5
PL_0086,744.1,1915.6,2927.4,65.9,116.6,57.4
PL_0087,645.2,1089.5,2267.8,-33.6,-295.8,-215.4
PL_0088,567.5,1674.4,2746.6,-61.2,379.1,-112.8
PL_0089,442.7,1567.5,2487.4,6.8,2.6,73.9
PL_0090,484.6,2041.4,2946.3,-11.9,152.2,-65.3
PL_0091,613.8,2392.4,3040,64.6,-118.1,-73.4
PL_0092,411,1664.8,2946.5,33.9,-62,-0.9
PL_0093,391.4,1759.8,3328,-36.2,-184.1,-22.7
PL_0094,625.8,908.4,3033.9,40.3,-133.4,-47.6
PL_0095,559.4,2025.8,2553,-2.7,-329.5,51.6
PL_0096,694.5,1185.3,2800,-49.8,-207.7,31.1
PL_0097,410.7,2224.3,3213.7,-40.3,123.9,-16
PL_0098,785.2,1333.3,2749.7,11.9,17.8,54.4
PP_0001,361.4,1738.3,2853.1,13.5,13.9,-24.5
PP_0002,906.5,2004.4,3240.8,-114.7,-30.6,42.8
PP_0003,533.8,2150.5,2814.7,-148.4,-244.8,-29.4
PP_0004,710.5,1428.4,2777.6,187,146.8,33.5
PP_0005,447.7,1383.6,1940,121.1,-109.5,142.8
PP_0006,386.5,1664.6,2705.7,119.3,81.8,155.8
PP_0007,395.7,1464.2,2367.8,-30,-27.5,74.4
PP_0008,357.7,2101.4,3020,30.7,-12.1,19.1
PP_0009,752.7,1540,2874.4,86.4,100.3,29.4
PP_0010,732.1,1575.1,2720,74.4,-11.4,-167.5
PP_0011,780.2,1491.3,2435.7,-26.8,76.6,382.6
PP_0012,811.5,1367.3,2412.3,30.6,81.1,-44.5
PP_0013,862.6,1554.9,3140.1,-252.7,-35.1,-22.1
PP_0014,440.3,2257.6,2943,17.6,-339.4,-160.4
PP_0015,954.6,1530.9,2904.6,66,71.5,39.7
PP_0016,1004.1,1503.9,3005.3,46.3,-147.5,35.1
PP_0017,775.8,1494.5,2405,-6.5,46.1,-169.1
PP_0018,560.9,1600.3,2124.2,15.5,39.7,-20.8
PP_0019,363.7,2298.6,2744.5,8.4,1.2,-48.6
PP_0020,490.7,1834.5,2770.3,-6.9,80,-113.6
PP_0021,531,1832.3,2790.3,-43.7,34.1,101.3
PP_0022,416.7,1749.9,2759,51.1,7.2,7.7
PP_0023,357.8,1921,2372.9,-61,109.4,147.1
PP_0024,644,1696.8,2785.1,-3.8,1.8,-38.3
PP_0025,526.2,1448.5,1762.9,36.2,-113.8,78.3
PP_0026,802.1,1406.7,2603.1,45.5,-196.6,-0.4
PP_0027,529.7,1465.5,2632.7,8,-28.6,-23.5
PP_0028,483.8,1677.8,2637.8,61.8,-42.3,-182.9
PP_0029,743.5,1566.9,2690,-69.8,59.8,-36.9
PP_0030,765.9,1480.4,2812.3,-30.2,163.4,-12
PP_0031,878.7,2123.3,3728.9,-23.5,332.7,259.8
PP_0032,478.9,1009.1,2187.8,-37.1,118,38.9
PP_0033,819.9,1521.1,2470.9,51.7,32.9,-167.7
PP_0034,383.7,1892.7,2803.1,39.9,50.2,53.4
PP_0035,668.7,1420.3,2757.8,96.4,-205.7,96.8
PP_0036,522.5,1015.3,2090.6,23.7,130.4,210.3
PP_0037,469.5,1678.5,2247.5,116.6,-124.8,-237.7
PP_0038,358.1,1854.6,2449.7,-4.3,147.6,-19.7
PP_0039,634.8,1607.9,2729,-23.2,-129.2,-64.1
PP_0040,769.1,1832.3,2934.7,-88.9,107.6,-33.9
PP_0041,442.9,1831.1,2239.6,-29.8,139.2,97.3
PP_0042,414.3,1986.3,2774.8,98.6,61.6,-80.7
PP_0043,929.5,1545.5,3016.8,73.8,-124.6,-57.8
PP_0044,768.9,1936.7,2816.8,-125.5,70.8,-61.1
PP_0045,339,1282.8,2209.1,0.7,7,25
PP_0046,637.7,1883.6,2810.6,118.7,11.3,-24.9
PP_0047,1010,1587.5,2884.5,88.3,90.4,-9.5
PP_0048,857.1,1473.7,2724.7,-71.8,-38.9,42.9
PP_0049,335,2112.7,2529.9,47.3,-206.8,20.8
PP_0050,381.4,1729.4,2686.5,41.9,51.3,34.2
PP_0051,714.9,1698.4,2669.6,4.1,91.1,88.5
PP_0052,432.5,1438,2318.2,-5.7,228.5,-65.5
PP_0053,359.7,2175.4,2800.8,-72.2,233.1,347.3
PP_0054,476.8,1757.2,2783.2,41.4,-184.3,-67
PP_0055,665.2,1855.7,2824.4,178.3,48.1,-0.5
PP_0056,443.1,1331.5,2746,85,185.1,128.7
PP_0057,541.1,1414.2,2781.2,87.5,-128.4,42.1
PP_0058,899.1,1593.7,2588,-30.2,-39.3,-207.6
PP_0059,365.4,2069.1,2565.6,52.2,-57,105.6
PP_0060,426.2,1775.8,2686.1,-7.4,41.1,6.1
PP_0061,521.8,1686.3,2660.2,-9.3,47.3,3.3
PP_0062,518.4,1707.6,2777.6,-42.9,-54.5,-28.4
PP_0063,351.1,1552,2696.3,32.6,-181.3,-277.9
PP_0064,662.4,1428.2,2698.6,-58.3,51.3,-56
PP_0065,783.7,1276.3,2975.6,78,-138.2,-31.8
PP_0066,369.6,1467.3,2420.1,21.4,154.3,37.8
PP_0067,467.8,1612.3,2664.9,-21.7,6.8,6
PP_0068,845.1,1644.3,2741.6,9.7,69.1,0.7
PP_0069,281.6,2244.8,2920.6,-10.2,464,186.9
PP_0070,579.7,1518.9,2865.9,44,73.5,-10.8
PP_0071,359.9,2409.9,2845.8,54.8,-101.3,-43.2
PP_0072,392.3,2449.2,2906.3,3.4,-96.5,-68
PP_0073,520.8,2026.3,2835.4,-60.5,157.3,46.7
PP_0074,782.8,1215.8,3095.9,-51.2,-342.5,97.9
PP_0075,777.1,1298.3,2484.2,94.1,16.9,205.2
PP_0076,394.2,2019.8,2766.9,-9.2,44.9,-16.4
PP_0077,549.7,1753,2780,-123.6,494.3,-97
PP_0078,386.9,1992.2,2751.8,102.1,-396.9,128.1
PP_0079,382.2,2234,2672.6,-2.5,344.5,69.1
PP_0080,677.8,1635,2669.9,-31.9,6.6,11.3
PP_0081,477.1,1657.6,2708.8,12.2,-8.6,-18.5
PP_0082,805,1491.2,2750,-63.7,61.5,43.8
PP_0083,764.1,1667.6,2915.8,-154.2,101,-29.1
PP_0084,778.9,1568.4,2934.1,146.1,46,90.8
PP_0085,339.2,1473.3,2803.8,76.4,-93.1,39.4
PP_0086,511.4,1804,2757.2,-53,-63.5,40.8
PP_0087,672.7,1232.4,2758.3,-77.1,-276.9,-67.8
PP_0088,535.8,1630.5,2750.6,-75.2,391.9,-111.4
PP_0089,314.5,1737.3,2640.9,19.6,52.3,31.7
PP_0090,452.9,1904.2,2730.7,-38.8,167.7,-28.8
PP_0091,465,2443.5,2939.8,103.8,-84.6,73.1
PP_0092,291.1,1485.8,2688.7,-10.4,-56.6,59.3
PP_0093,383.9,1928.8,2501.3,-89.1,141.6,27.6
PP_0094,754.8,1387.3,2546,-78.7,51.4,57.7
PP_0095,371.5,2157,2670.6,24.9,-187.7,71.4
PP_0096,521.4,1596.9,2736.1,27.9,-87.1,-48.9
PP_0097,733.6,1399.6,2864.3,-9.6,-12.2,-8.4
PP_0098,419.8,1658.4,2870.1,121.3,-40.8,-26.6
PP_0099,315.2,1081.3,2343.2,12.6,-100.9,-54.4
PP_0100,710,1443,2865.2,-27.7,90.7,-12.3
PR_0001,400.5,1616.1,2790.6,33.2,-18.3,63.2
PR_0002,552.8,845.4,2015.2,-25.4,-66.3,13.2
PR_0003,519.9,1156.3,2041.3,44.6,-37.2,-254.6
PR_0004,413.1,1040.8,3174.1,71.3,38,7.6
PR_0005,499.4,1962.3,2907.2,20.2,210.5,-37.8
PR_0006,445,1456.6,3170.5,86.3,37.4,42.8
PR_0007,277.6,2088,2648.6,-5.2,17.7,116.9
PR_0008,583.7,1236.9,2937.7,-4.3,103,-22.8
PR_0009,558.5,1469.3,3047.4,58,62,-314.7
PR_0010,591.5,1232.8,2411.7,-53.9,8.4,454.3
PR_0011,578.8,1175.2,1842.8,10.3,22.5,-14.2
PR_0012,520.9,1150,1605,49,-37.8,-371.6
PR_0013,534.5,1721.7,3025.1,37.2,-231.7,13.3
PR_0014,714,1529.7,2819.3,27.4,225.6,98.9
PR_0015,678.6,1193.9,2466,47.6,-45.6,83.7
PR_0016,647.1,1251.8,2332,33,58.6,1.2
PR_0017,497.4,1443.1,2877.1,32,-6.6,-59.5
PR_0018,420.5,2033.8,2967.9,2.3,16.8,-48.7
PR_0019,547.1,1799.3,2858.3,-66.6,95.4,12.1
PR_0020,623.6,1877.6,2889.1,11.1,125.2,97.1
PR_0021,599.6,1729.5,2909.2,53.6,19,72.6
PR_0022,456,1734.1,2997.9,23.2,4.2,-129.9
PR_0023,406.1,1902.3,3013,-62,-5.4,146.6
PR_0024,585.7,1374.8,2582.4,-8.6,0.5,73.9
PR_0025,555.4,1531.2,2531.6,35.5,77.9,223.1
PR_0026,568.6,1324.4,2059.9,-44.3,-288.4,-44.4
PR_0027,402.7,1508.9,2594.6,139.7,160.2,323.4
PR_0028,320.7,1540.7,2744.4,3.7,-120.2,2.2
PR_0029,687.1,1171.5,2585.1,-44.9,36.5,208.6
PR_0030,605.4,980.7,2024.2,85.1,53.9,54.4
PR_0031,469.3,1169.6,1954.3,-38,63.5,60.8
PR_0032,606.4,1372.7,2108.6,22.9,181.2,-8.9
PR_0033,550.8,1020.5,2158.2,-27,218.9,166.7
PR_0034,356.3,1671.3,2343.4,-25.1,171.3,-103.3
PR_0035,580.4,1699.9,2325.7,2.8,136.9,-37.6
PR_0036,423.3,1503.5,1974.6,26,-66.5,23.2
PR_0037,515.7,1772.9,2651.6,214.3,144.7,182.9
PR_0038,601.3,1240,2855.7,13.9,-147.3,-9.8
PR_0039,599.2,1814.3,2436.6,4.4,122.6,6.5
PR_0040,651.3,2220.3,3099.1,-448.7,-148.2,-500.4
PR_0041,806.2,1433,2562.3,75.9,109.3,155.9
PR_0042,697.5,1301.6,2811.8,-6.5,-55.3,189.3
PR_0043,239,2039.8,3518.3,27,-68.7,-231
PR_0044,464.9,1510.3,2478.5,-6,130.8,-44.5
PR_0045,633.1,1389.2,2351.4,-7.4,-100.2,-138.7
PR_0046,371.9,1229.9,2145.9,122.3,265.7,-351.5
PR_0047,434,1299.1,2040.3,-66.1,-719.9,64.7
PR_0048,474.2,1441.3,2056.3,49.7,-96.1,-37.5
PR_0049,563.2,1748.6,2643.7,3.7,-68.5,49.9
PR_0050,592.7,1281.2,2806.1,75.6,41.2,416.7
PR_0051,734.2,1384.9,2416.5,-31.4,-99.3,-291.7
PR_0052,295.9,1695.2,2333,81.6,382.1,34
PR_0053,421.1,1564.8,2394.9,-12,156.9,0.2
PR_0054,511.7,1293.7,2323.8,-31.5,34.9,-177.9
PR_0055,563.4,1571.9,2524.9,-71.1,8.7,107.2
PR_0056,342.3,1375.2,2436.5,85.8,0.6,12.7
PR_0057,552.6,1300,2769.4,-38.3,39.1,-56.4
PR_0058,682.8,1120.8,2471.6,55.1,-14.3,-19.9
PR_0059,296.6,1822.5,2291.2,29.1,224.2,155
PR_0060,631.8,1454.5,2599.1,-24.4,128.2,120.4
PR_0061,780,1394.1,2570.8,6.1,85.3,60.4
PR_0062,301.8,1718.3,2234.2,12.6,488.3,181.3
PR_0063,586.7,1228.9,3316.9,7.1,11.2,255.2
PR_0064,450.4,1464,2475.2,81.5,27.8,188.2
PR_0065,286.6,1615.1,2440.2,-26.4,281.8,34.1
PR_0066,556.9,2074.3,2791.1,-47.6,156.9,345.2
PR_0067,716.1,1153.7,2539.7,2.3,25.7,82.4
PR_0068,645.6,1043.1,2082.5,-16.6,-91.9,188.5
PR_0069,416.3,1944.7,2741.3,41.8,160.1,192.4
PR_0070,544.8,1601.4,2452.1,-79.7,414.8,-96.3
PR_0071,448.6,1785.1,2949.9,47.6,-177,-108
PR_0072,409.6,1275.1,2125.3,30.1,110.1,-179
PR_0073,549.1,1576.7,2388.1,40.8,-128.5,73.5
PR_0074,619.8,1349.6,2481.1,-0.9,-14.8,-65.9
PR_0075,536.2,1296.8,3181.4,77.7,22.4,166.6
PR_0076,651.7,1164.6,1353.4,10.9,-77.3,-91.4
PR_0077,257,1564.3,2829.4,108.6,-90.5,-195.7
PR_0078,682.4,1208.4,2317.7,-18,-221.3,-238.3
PR_0079,507.3,1256.5,2308.9,-20.9,221.6,-303.3
PR_0080,435.5,1171.1,2114.5,22.3,-146,-137.5
PR_0081,479.3,1962.1,2638.2,29.9,137.7,64.3
PR_0082,561.2,2004.8,2701.8,51.9,-41,67.1
PR_0083,356,1333.7,2832.3,29.5,-29,331.2
PR_0084,352.3,1241.1,1902.4,-64.9,-296.6,-104.6
PR_0085,427.5,695.8,1458,-68.4,-150.8,21.2
PR_0086,576.1,1697.5,2296.3,-21.2,47.7,-19.8
PR_0087,636.6,967.8,2097.2,-15,49.4,96.9
PR_0088,713.4,1070.7,2233.8,16.4,-200.5,-278.4
PR_0089,483.4,1501.2,3415.8,123.2,29.6,-225.4
PR_0090,332.4,1110,2285.3,95.5,-118.5,42.4
PR_0091,655,1191.9,2240.9,30,70.5,-11.3
PS_0001,462.1,1369.3,1699.7,-3.3,-64.9,-17.1
PS_0002,651.1,987.9,3063.4,-239.3,-196.1,214
PS_0003,520.5,1912.4,2621.5,103.9,-76.1,77.5
PS_0004,545.3,1283.6,2463.7,3.4,134,-186.3
PS_0005,625.3,1839.3,2135.6,-76.1,106.4,197.4
PS_0006,434.9,1270.8,1896,31.6,-88.3,8.7
PS_0007,377.2,1880.1,2213.3,-28.2,50.7,116.9
PS_0008,352.3,1626.8,2110.2,0.4,-190.2,-216.1
PS_0009,734.2,1274.4,2975.7,7,100,16.4
PS_0010,759.9,1051.9,3303.2,-100.4,-145.3,109
PS_0011,686.4,1402.5,2933,-50,-18.1,-300.3
PS_0012,682.2,1235.9,2741.7,-61.1,-12.4,468.5
PS_0013,776.1,1130.4,2980.4,118.3,-43.6,-271.3
PS_0014,608.7,1198.9,3307.2,36.2,-65.3,-75.7
PS_0015,544.5,1860,2722.2,37,-152.3,153.2
PS_0016,930.7,1517.9,3158.7,27.3,44.3,-51.4
PS_0017,897.9,1223.5,2343.3,36.3,25.5,-167.5
PS_0018,806.6,1340.3,2329.1,-12.3,51.6,-273.2
PS_0019,419.5,2166.6,2723.2,12.1,-41.8,-117.8
PS_0020,485.9,1867,2772.6,-18.9,4.4,-61.1
PS_0021,770.2,1852.4,2942.1,111.7,19.7,-49.5
PS_0022,730.6,1857,3011.2,102.7,4.9,7.6
PS_0023,444.5,1798.3,2905.1,-3.2,-18,-6.6
PS_0024,365.4,1681.9,2059,-42.1,-303.8,44.9
PS_0025,850.8,1602.5,2887.4,8.9,47,14.8
PS_0026,675.5,1626.7,2380.9,-13.6,109.9,228.2
PS_0027,740,1376.5,3193.7,45.2,-141,84.9
PS_0028,384.3,1551.9,2074.4,1.8,-7.4,-94.2
PS_0029,405.6,1477,1824.4,52.4,-22.4,-109.1
PS_0030,751.3,1245.6,3108,50.9,65.1,98.4
PS_0031,585.3,950.8,2112.1,-49.8,-41,-37.7
PS_0032,604,1008.2,3224.5,-24,48.2,-15.4
PS_0033,660.2,1194.6,1653.5,8,-4,8.5
PS_0034,312.2,1720.9,2777.7,13.6,41,79.1
PS_0035,789,1293.1,3158.2,72.7,524.9,64.8
PS_0036,342.3,1797.6,2482.4,-0.3,-1.5,-76.3
PS_0037,467.5,1189.5,1532.1,52.3,44.1,-83.6
PS_0038,751.3,1774.3,3075.3,34.5,60.9,71.4
PS_0039,493,1845.3,3403,-103.9,114.3,-175.6
PS_0040,578.7,1989.2,2805.2,245.3,114.8,84.2
PS_0041,702,1310.8,3090.1,51.7,-162,66.1
PS_0042,729.2,1888.9,2574.3,-242.5,117.1,-92.1
PS_0043,355.9,2309.4,3238.8,-11,-41,139.8
PS_0044,758.1,1847.4,2980.4,1.7,24.7,43.5
PS_0045,832,1418.5,3174.8,-49.1,-87.9,66.9
PS_0046,354.3,1858,2365,4,-45.9,-97.1
PS_0047,460.6,1760.5,3663.5,19.8,50.1,-100.9
PS_0048,890.3,1647,2935.8,-105.2,177.6,87.1
PS_0049,377.3,1264.3,1881.2,29.1,119.3,69
PS_0050,402.1,2022.8,2491.3,-16.2,184.8,439.5
PS_0051,467.6,1292.1,1586.1,-4.4,-94.7,-165.2
PS_0052,508,1792.1,2989.5,21.7,-8.3,-116.5
PS_0053,780.4,1162.3,3104.9,57.2,158.9,-160.2
PS_0054,607.2,1176,3736,51,-93.1,-6
PS_0055,848.5,1378,2687.1,-14.1,-75.8,-489.1
PS_0056,376.4,1639.3,2660.9,13.4,17.6,112.7
PS_0057,507.6,1545.6,2550.6,-34.6,-15.8,-280.1
PS_0058,588.9,1121.6,1709.3,3.1,-78.4,-50.3
PS_0059,711.8,1369.5,2872.7,-32.6,135.1,135.8
PS_0060,800.3,1139.4,3106,139.4,134,-158.8
PS_0061,909.9,1488.8,2865.8,73.3,80.6,106.9
PS_0062,347.4,1714.5,2784.3,-12.5,362.9,312
PS_0063,438.8,1256.8,1460.7,70.5,19.7,247.5
PS_0064,414.1,1977.1,2584.8,7.1,-67.7,-71.3
PS_0065,294.4,1863.9,2474.9,31,168.8,75.3
PS_0066,504.4,2045.3,3036,-27.4,-7.4,-53.6
PS_0067,849.6,1123.2,3156.7,-89,-254.2,38.3
PS_0068,853.5,1089,2204.4,8.6,-18,417.5
PS_0069,386.1,1916.2,2844.5,22.4,160,68.4
PS_0070,666.1,1613.2,3047.8,-144.6,302.1,34.1
PS_0071,601.4,1916.9,2864.4,72.3,-462.2,249.2
PS_0072,377.5,1550,1812,-30.3,200.1,141
PS_0073,651.1,1519,1571.7,-22,-22.9,-5.5
PS_0074,636.9,1399.6,2881.1,11.9,1.7,-15.1
PS_0075,847.4,1360.9,3032.8,-1.2,129,-57.3
PS_0076,892.8,1461.1,1842,-105.4,-26.7,-94.3
PS_0077,922.1,1420,3094.1,134.5,9.1,-65.2
PS_0078,416.2,1465.2,1586.1,52.7,-22.5,-109.1
PS_0079,899,1755.2,2957.8,21.3,62.5,39.5
PS_0080,824.6,1127.7,2938.1,-112.8,-237.1,23.4
PS_0081,614.3,1522.6,2962.7,-92.9,244.8,-75.4
PS_0082,377.8,1641,2963.9,-18,-1.5,225
PS_0083,620.2,1883.5,2971.7,-81.6,27.4,8.1
PS_0084,530,2547.6,2944.3,24.6,-52.4,17.4
PS_0085,533.5,1953.4,2817.4,1.1,102.5,13.2
PS_0086,441.9,1558.6,2124.9,-31.9,-158.2,-6.4
PS_0087,757.6,1686.4,2953,-204.2,-231,61.1
PS_0088,696.3,1159,2892.8,-86.3,6.3,-27
PS_0089,922.5,1215.5,3086.5,-105.1,-149.6,-37.3
PS_0090,526,1397.6,1523.6,51.3,115.3,-3.4
PS_0091,371.9,2183.2,2654.8,11.5,-208.2,-91.7
PS_0092,894.2,1294.2,2944.9,12.7,13.4,33.2
QI_0001,380.6,1336.5,2154,7.3,40.9,-64.8
QI_0002,357.7,861.5,2064,-7.1,-52.8,125.1
QI_0003,369.8,1953.4,2696.9,33.6,-190.3,13.2
QI_0004,408.7,1114.2,2113.1,27.6,84,-43.9
QI_0005,268.4,1805.4,2595.2,-4.1,-86.2,-30.6
QI_0006,380.7,1768.3,2466.9,48.4,-27.3,75.8
QI_0007,364.5,2079.5,2793,-27.2,153.9,266.7
QI_0008,388.3,2082,3180.6,-131.2,19.4,-145.8
QI_0009,477,1247.8,2346.6,24.3,104.6,44.6
QI_0010,443.4,1048.1,3746.2,31.4,-36.3,-51.5
QI_0011,422.8,1518.4,2392.1,34,-3.4,-26.2
QI_0012,457.4,1614.1,2662.5,-43.2,46.9,147.6
QI_0013,451.5,1085.6,1712.5,77.9,94.4,-38
QI_0014,369.8,1095.9,2713.2,43.1,100.2,43.9
QI_0015,678.5,1298.6,1901.8,32.3,68.6,-56.8
QI_0016,709.5,1272.1,2942.2,110.5,-29.4,268.6
QI_0017,690.5,1405,2047.1,0.9,81,-50
QI_0018,421.1,1366.3,1714.5,9.1,49.9,-236.6
QI_0019,343.4,734.7,2161.6,19.3,53.8,1.1
QI_0020,486.8,1684.4,2651.7,35.1,0.8,-15.9
QI_0021,361.8,1981.7,2597.4,-90.8,132.2,49.9
QI_0022,565.8,1678.1,2444.3,113.9,10.7,-24.4
QI_0023,398.2,1632.5,2391.5,-31,-71.6,-43.8
QI_0024,323.6,1748.5,2016.7,-35.9,-47,23.6
QI_0025,429.2,1618.6,2465.2,32.7,-17.3,-41.1
QI_0026,553.5,1617.9,2486.2,9.3,-19.1,31.9
QI_0027,502.9,1493.5,3010.2,47.3,-143.2,-131.1
QI_0028,374.1,1754.6,2262.3,7.9,8.7,3.2
QI_0029,365.8,1690.6,2301.5,13.3,-14.7,-211.2
QI_0030,888.9,1201.5,2404.6,-20.2,-9.4,-130.3
QI_0031,665,1208.1,2207.1,43.5,98.8,28
QI_0032,373.1,1022.1,1724.2,-6.8,59.9,-54.9
QI_0033,505.4,1386.7,2046.6,57.8,108.5,82.7
QI_0034,262.5,2419.4,3095.3,44.9,-14.6,10.8
QI_0035,409.6,825.9,2110.8,-12.1,-34.6,1056.2
QI_0036,343.6,1895.6,2889.4,-26.7,38.3,84.2
QI_0037,521.8,1644,2239.4,18,-34,-100.1
QI_0038,310.2,1754.7,2248.7,-15.9,46.7,246.8
QI_0039,319.4,1693.7,2520.3,-19.5,7.6,17.5
QI_0040,586,1294.6,2203,-78.8,-230,-79.5
QI_0041,447.6,1710.2,2203.4,29.6,46.7,43.9
QI_0042,335.2,2021.4,2428.4,-11.2,-87.3,95
QI_0043,679.3,1276.3,2058.4,7.1,71.7,31.8
QI_0044,681.7,1334.6,2306.1,20.6,-32.2,107.9
QI_0045,424.3,1469.2,2387.5,99.3,37.2,-20.8
QI_0046,639.1,1636.3,2459.9,-107.9,218.7,147
QI_0047,385.5,1610.3,2059.3,2.1,164.2,-19.8
QI_0048,290.9,2000.7,2527.9,-11.9,242.1,348.2
QI_0049,325.3,1808.7,2496.2,51.2,-246.3,-189.5
QI_0050,401.3,1356.1,2283,15.3,-43,-78.4
QI_0051,675.6,1443.3,1810.3,34.9,97.8,10.6
QI_0052,377.3,1862.2,2551.4,43.3,-172,155.2
QI_0053,343.7,1769.7,3240.2,-40.2,90.5,10.9
QI_0054,403.9,1577.8,2228,-15.9,-85.4,-155.6
QI_0055,404,1579.5,2923.4,-49.6,-2.8,45
QI_0056,373.3,1362.5,1700.6,-4.3,-124.4,-254.8
QI_0057,520,1175.2,2181.7,-65.5,81.1,72.1
QI_0058,717,1180.5,3241.2,101.8,-27.2,81.5
QI_0059,343.6,2025.7,2905.8,15.9,43.1,58.9
QI_0060,287.9,1565.5,2261.9,26.8,371.7,155.5
QI_0061,347.3,1908.6,2636.5,-27.1,-103.8,-13.8
QI_0062,443.3,1810,2512.7,1.1,-74,34.8
QI_0063,430.4,989.9,1354.5,-22,-146.7,-92.7
QI_0064,578,1166.9,1545,-59.2,-34.1,-73.3
QI_0065,348.4,1868.8,2748.2,43.9,108.6,-5.1
QI_0066,597.2,1334.9,2202.5,-43,100.9,48.2
QI_0067,496.7,1478.6,2515.2,-91.1,184,7.4
QI_0068,372.7,1732.9,2651.1,63.4,-266.9,12.8
QI_0069,585.2,1442.1,2064.3,-57.4,-57.1,-28
QI_0070,368.3,1388.8,2772.4,74.9,36,243.3
QI_0071,639.8,1409.8,2190.8,-41.1,35.5,310.5
QI_0072,531.3,1531.7,1871.2,32.8,-27.9,-133.5
QI_0073,457.7,1373.3,2814.3,-21.2,-62.7,70.6
QI_0074,606.5,1114.6,2346.1,37.8,-151.5,340.2
QI_0075,397.6,1510,2718.6,-34.5,331,29.2
QI_0076,379.5,1472.6,2529.4,-21.3,96.1,460.9
QI_0077,380.3,1795.3,2539.8,19.8,39.3,53.1
QI_0078,442.5,2020.9,2745.1,42.9,-88.9,-64.1
QI_0079,316.8,1623.1,2501.6,26.2,57,90.6
QI_0080,367.1,1502.5,1764.5,0.2,-229.9,-23.4
QI_0081,400.2,874.2,2063.4,-22.5,-50.8,21.5
QI_0082,565.9,1440.1,3157,-24.6,-24.7,30.5
QI_0083,625.4,1258.6,3078.9,-1.2,49.4,-34.4
QI_0084,380,1686.5,2470.7,71.5,55.1,69.4
QI_0085,648.2,1236.4,2989.9,-30.9,63.2,24.2
RU_0001,420.3,1351.4,2630.2,-3.6,-59.9,-24.4
RU_0002,391.5,880.1,2212.5,-105.9,-166.5,-30.8
RU_0003,555.3,1846,2540.8,19.2,-134.7,115.5
RU_0004,491.6,1302.3,2459.4,7.7,43.2,1.8
RU_0005,459.3,2173.2,2610.7,38.9,163,-54.3
RU_0006,426.1,2096.6,2634.9,7.9,-20.3,47.2
RU_0007,364.5,2557.3,3077.5,-18.2,46,88.9
RU_0008,381.2,2016.1,2590.7,-2,147.1,44.1
RU_0009,511.8,1244.5,2564.5,33,-22.1,29.2
RU_0010,645.7,1061.3,2607.7,-18,-80.6,-64
RU_0011,549.3,1382.5,2317.1,42.7,27.6,-213
RU_0012,624.8,1216.9,2400,-38.7,28.6,203.4
RU_0013,526.2,1109,2428,60.1,126.9,-139
RU_0014,532.3,1148.9,2602.6,50.5,47,56.2
RU_0015,468.8,2027.9,2485.9,16.7,-123.7,37.6
RU_0016,744.4,1387.1,2413.2,58.2,108,-36.5
RU_0017,576.1,1186.2,2602.6,-119,-26.6,13.7
RU_0018,550.7,1632.2,3048.5,67.4,-17.1,-86
RU_0019,532.8,1339.4,2233.2,42.3,25.3,87
RU_0020,558.7,1879.1,2654.4,-40,-53.4,-23
RU_0021,627.1,1666.7,2585.1,55.5,61.4,3.4
RU_0022,477.6,1654.6,2634.9,1.8,45,25.3
RU_0023,426.9,2085.3,3283.6,-15.7,151.9,81.7
RU_0024,566.2,1620,2517.1,14.2,-44.9,31.1
RU_0025,526,1770.7,2583.9,-2.2,-20.4,35.4
RU_0026,516.4,1215.1,2462.6,-11.3,-44.3,-7.8
RU_0027,524.8,1610.7,2596.6,-15.7,-4.1,50
RU_0028,393.7,1454.1,2569.2,85.9,93.3,73.5
RU_0029,586.5,1211.1,2470.1,9.8,-7.9,16.7
RU_0030,422.8,899.4,2320.2,-9.2,-89.8,67
RU_0031,452.8,1252.2,2213.8,-16.3,55.1,364.6
RU_0032,571.6,1495.5,2126.2,-2.6,213.6,-25.6
RU_0033,523.2,2483.2,3064.2,10.3,-79,40.5
RU_0034,495.6,1849.6,2358.6,-75.3,-607.7,-10.2
RU_0035,396.2,1861.1,2385,-0.1,146.5,-54.4
RU_0036,540.5,1485.8,2380.2,32.4,-78.2,-16.9
RU_0037,603.8,1822.6,2360.7,-64.1,252.3,107.5
RU_0038,382,1867.5,2424.9,-16.5,7.9,70.6
RU_0039,418.1,2256.3,2763.9,-22.3,64.4,48.2
RU_0040,648.1,2195.6,2918,155,463.5,125.6
RU_0041,583.6,2038.9,2538.2,3.4,109,24.1
RU_0042,387.4,2277.8,2730.1,-36.4,31.8,-42.2
RU_0043,540.9,2130.2,2708.2,-93.1,79.2,46.4
RU_0044,799.5,1561.2,2386.1,-6.5,124.6,-117.6
RU_0045,645.5,1220.2,2379.7,6.8,-102.2,92
RU_0046,383.9,2311.4,2718.2,1.1,-106.7,-22.5
RU_0047,470.9,1757.9,2556.2,33.1,61.5,-35.3
RU_0048,708.6,1548,2321.2,-39.3,144.3,49.3
RU_0049,420.8,1544.7,2324.5,54.7,154.9,-132.1
RU_0050,350.6,1999.7,2877.8,-30.3,34.1,-18.8
RU_0051,471.3,2279.5,2995.6,77.9,40.1,379.2
RU_0052,951.1,2458.6,3459.9,231.1,-128.6,32.3
RU_0053,464.2,934.2,2250.4,-60.9,-49,7
RU_0054,683.4,1286,2192.3,-72.4,-48.7,-229.3
RU_0055,447.3,1815.1,2704.4,50,-23.2,163.7
RU_0056,436.7,1594.2,2553.4,-2.4,8.9,-11.1
RU_0057,510.2,1442.6,2505.2,-19.8,49.3,7.9
RU_0058,549.6,1697,2684.3,-51.4,-38.2,-6.5
RU_0059,441.2,1668.3,2552.6,26.7,-127.3,-175
RU_0060,547.3,1237.2,2572.4,-7.6,25.5,-22.6
RU_0061,719,1180.5,2588.4,55,-64.6,-64.5
RU_0062,342.9,1914,2601.9,32.8,-12.7,69.4
RU_0063,685.5,1439.5,2535.7,174.9,104,170.1
RU_0064,316.7,2014.9,2690.6,-11.8,32.5,203.1
RU_0065,522.1,1204.6,2626.3,18.3,100.1,15.2
RU_0066,393.1,1927.1,2406.5,-5.8,-48.3,-21.6
RU_0067,528.6,1800.7,2465.5,-1.3,13.8,31.4
RU_0068,716.6,2399.6,3232.3,-76.6,275.4,20.1
RU_0069,636.4,979.9,2043.8,-42.5,-128.9,95.2
RU_0070,398.3,1998.3,2615.4,14.5,97.1,45.6
RU_0071,676.9,1364.7,2509.3,42.1,-82.2,61.8
RU_0072,583.6,1667,2476.6,-64.7,208.5,-42.7
RU_0073,585.3,1812.7,2496.6,44.7,-213.6,80.4
RU_0074,616.6,1547.4,2434.8,-32.6,-171.3,-33.1
RU_0075,616.4,1517.1,2517,-41.6,-15,37.1
RU_0076,618.9,1337.5,2631.5,-13.2,31.8,41.4
RU_0077,641.5,1579.3,2470.1,-97.1,65.5,128.4
RU_0078,430.3,1330.9,2502.8,3.9,-145.5,-30.7
RU_0079,580.3,1758.9,2615.2,-134.6,-100.2,-96.7
RU_0080,698.9,1099.6,2358.7,-55.6,-217,13.8
RU_0081,510.5,1589.3,2570.9,-70.3,403.6,-24.5
RU_0082,395.2,1501.3,2371.7,-16.2,-360.1,3.4
RU_0083,426.9,1906.3,2481.4,-1.2,63.9,43
RU_0084,445.6,2179.7,2580.4,14.3,-177.7,1.3
RU_0085,351.1,1578.6,1967.5,-47.1,-191.1,32.6
RU_0086,447.6,727.7,1988.3,-33.4,-57.3,-36.1
RU_0087,499.6,1881.5,2451.7,56.5,-53.7,256.6
RU_0088,607,1129.6,2500.3,-72.2,-55.9,-32.1
RU_0089,703.5,1136.8,2508.1,-3.4,-29.5,28
RU_0090,634.1,1455.3,2564.1,-12.2,4.8,42.8
RU_0091,406.2,1967.9,2584.5,46,-47,9.6
RU_0092,704.3,1379.1,2525,-42.5,101.4,15
SI_0001,449.3,1810.2,3044.2,117.1,-83.7,-163.1
SI_0002,776.1,1479,3620.9,-85.1,47,52.8
SI_0003,385.3,2171,3227,100.3,-300.1,-72.4
SI_0004,515.3,1236,2962.9,34.8,205.9,39.5
SI_0005,509.5,2191.8,3043.7,413.6,82.6,-50
SI_0006,479.1,1832.3,3074,451.3,80.6,94.6
SI_0007,310.2,2412.3,2997.8,-49.4,131.2,82.7
SI_0008,244.6,2075.3,2898,92,-139.2,68.1
SI_0009,683.9,1504.1,2678.5,-11.1,55.4,1.9
SI_0010,838.5,1297.8,2900.8,-73.1,-209.7,-68.1
SI_0011,590.5,1553.4,2140.3,21.9,-39.3,-96.6
SI_0012,652.2,1470.6,2069.5,-47.7,83,212.2
SI_0013,611,1489.3,2471.9,8,130.5,-33.8
SI_0014,645.6,1528.3,3243.9,3.7,-31.4,17.6
SI_0015,940.4,1678.1,2869.1,-18.6,58.5,-61.9
SI_0016,891.3,1634.4,3058,56.9,-12.4,-139.4
SI_0017,759.2,1538.7,2400.2,95.8,60.9,-86
SI_0018,741.7,1747.7,2543.1,-17.5,23.5,80.5
SI_0019,229.4,931.4,1984.2,18.6,-16.9,-141.9
SI_0020,387.1,1861.9,2885.3,157.5,-53.6,-99.6
SI_0021,568.1,1788.3,2604.6,427.6,-75.5,89.3
SI_0022,405.9,1752.4,2620.4,72.2,29.2,-27.8
SI_0023,339.5,1945.6,2383.5,-44.6,-36.2,177.3
SI_0024,559.9,1846.9,2731.4,91.5,115.1,179.9
SI_0025,705.5,1662.2,2666.6,26.1,-199.4,-53.3
SI_0026,261.5,1649,2135.8,119.4,79,-162.7
SI_0027,744.1,1208.3,2534.5,65.3,218,24.2
SI_0028,459.4,1060.4,2214.4,-10.9,53.5,200.7
SI_0029,770.4,1489,2041.2,-4.2,-24.8,-194.9
SI_0030,362.7,1768.7,2938.7,45.4,-18.6,-119
SI_0031,487.1,1671.7,2722.4,270,-57.3,232.9
SI_0032,668.3,1224.1,2231,-112.5,-423,320.7
SI_0033,356.4,1795.1,2648.3,-12.7,252.4,-18.7
SI_0034,336.2,1801.8,3139.3,143.5,-36.9,136.8
SI_0035,779.3,1906.2,2432.2,46.3,-81.8,74.4
SI_0036,369.8,1725.5,2098.5,-25.3,117.1,129.6
SI_0037,582.3,1899.9,2540.1,272.9,-66.7,-19.1
SI_0038,819.6,1646.7,3240.8,95.1,26.7,-29.2
SI_0039,529.1,2072.7,2699.1,-107.1,211.8,70.8
SI_0040,507,2303.5,2761,-342.7,99.2,-136
SI_0041,865.8,1750.1,2914.2,98.7,57.9,-29.6
SI_0042,858.6,1583.1,2695.2,-0.4,-63.4,150.6
SI_0043,287.3,2388.1,3018.9,88.1,51,-237.9
SI_0044,446.4,1639.8,2708.8,101.6,-56.2,-218
SI_0045,738.2,1804.4,2938.9,-121,265.6,-60.2
SI_0046,371.3,1562.2,2089.4,40.8,199,-100.3
SI_0047,492.3,2036.2,2851,-17.7,38.7,-140.6
SI_0048,400.8,1498.4,3299.9,55.7,-86.3,105.3
SI_0049,488.3,1835.7,2626.2,203.9,41.6,234.8
SI_0050,571.4,1437.6,3026.5,120.7,133.4,419.4
SI_0051,349.3,1482.4,2092.6,58.4,-14.9,18.3
SI_0052,814,1557.2,2205.9,-124.4,-125.9,-319.9
SI_0053,398.3,1773.3,2648.4,55.9,124,134.4
SI_0054,394.2,1721.7,2585.2,2.9,-74.8,-84.5
SI_0055,563.1,1779.9,2805.9,-23.2,-20.6,-14.7
SI_0056,350,1605.8,2416.3,78.9,-223.5,160
SI_0057,591.8,1591,2976.6,-75,114.2,32.3
SI_0058,879.4,1417.5,2632.4,-58.7,-125.4,-93.5
SI_0059,242.7,1590.8,3035.1,34.7,33,70.8
SI_0060,898.4,1522.6,2425.4,12.5,-95.7,-223.5
SI_0061,327.5,2061.6,2643,-6.6,302.1,121.5
SI_0062,633.3,1466.3,2436.5,160.5,64.8,562.1
SI_0063,460.4,1988.7,2817.8,149.9,-80.8,42.2
SI_0064,293.8,2102.5,2789,-14.1,-184.7,10.1
SI_0065,463.5,2031.8,2743,-74.2,14.8,15
SI_0066,757.8,1090.3,3027.7,-181.5,-403,-33.1
SI_0067,754.7,1279.4,1892,42.9,-13.1,112.2
SI_0068,349,2116.1,2853.2,-0.1,31.4,31.9
SI_0069,607.8,1668.4,2867.5,-145.2,346.7,86.6
SI_0070,530.7,1714.6,2903.1,112.9,-189.6,102.3
SI_0071,368.5,2052.3,2939.4,-41.3,309.6,171.8
SI_0072,663.9,1871.9,2802.2,26.9,4.3,29.1
SI_0073,643.5,1680.4,2667.5,-2.4,46.7,34.1
SI_0074,777.3,1482.7,2873.5,-17.9,-22.4,-92.5
SI_0075,743.7,1769.8,2896.6,-88.8,192.7,13.2
SI_0076,733.6,1546.5,3095.7,120.4,26.6,138.1
SI_0077,344,1546.4,2958,148.8,-73.2,110.2
SI_0078,657.6,1913,2768.5,-44.7,112.5,2
SI_0079,759.6,1320.9,2589.9,45.1,-266.9,-40.3
SI_0080,547.5,1681.4,2866.4,-45.5,348.9,-87.4
SI_0081,432.7,1514.4,2855.2,-22.9,-38,29.6
SI_0082,434.1,2128.3,2730.5,2.8,16.7,-18.6
SI_0083,704.8,2024.8,2951.1,-14.7,-1.6,76.8
SI_0084,394.5,1634.7,3039.2,-18,-56.8,-85.6
SI_0085,373.1,1927.5,2658.4,-26,-137.3,48.7
SI_0086,735.9,2074.1,3530.6,-6,142.1,-64.8
SI_0087,656.8,1994.2,2704.1,-3.3,9.9,108.6
SI_0088,703.7,1202.1,2857,-65.5,-18,-50.3
SI_0089,794.7,1325.4,3126.4,17.1,-121.5,68.8
SI_0090,215.8,1665.3,3115.8,25.4,10.1,-168.3
SI_0091,252.4,1871.4,3021.8,-5,-132.4,2.8
SI_0092,597.3,1374,2890.5,241.6,42.5,-99.3
TU_0001,417.2,1509.4,2589,38.2,-58.7,-22.5
TU_0002,455.7,738.6,2191.1,33.2,-210.4,204.1
TU_0003,598.2,1871.8,2590.7,-22.2,-64.2,29.2
TU_0004,518.2,1142.3,2253,28.2,66.9,-6.4
TU_0005,656.8,1625.1,2761.4,21.8,-34.9,-46.2
TU_0006,606.7,1706,2710.7,26.7,38.4,26.4
TU_0007,339.8,2025.6,2659.1,-25,121.7,185.1
TU_0008,335,2139.2,2809.2,25.2,-48.1,-166.7
TU_0009,568.7,1280.2,2677.3,-32.8,121.5,-2.7
TU_0010,603.6,945.9,2988.2,-58.1,-156,22.5
TU_0011,594.5,1465.2,2760,-8.3,-60.2,107.7
TU_0012,596.6,1255.1,2610,-38.5,51.3,267.9
TU_0013,611.9,1004.9,2403.2,19.6,57.6,-113.7
TU_0014,607.4,1220.6,2895.3,-12.6,40.7,-120.9
TU_0015,574.9,1624.9,2504.3,-4.3,-160.5,58.4
TU_0016,721,1305.5,2137.4,26.4,86.6,58
TU_0017,674.7,1111.7,2397,6.9,-146.7,-109.8
TU_0018,694.5,1380.8,2192.3,-28,69.5,-190.9
TU_0019,583.5,1368.1,2066.6,11.7,74.4,246.8
TU_0020,608.5,1606.6,2722.2,-17.1,-45.8,-98
TU_0021,595.3,1605,2678.3,66.2,58.7,-4.8
TU_0022,477.6,1628.1,2637.3,1.2,-14.5,-50.7
TU_0023,350.6,1829.5,2209.1,-22.4,-54.5,20.6
TU_0024,641.3,1513.4,2484.6,-60.3,52.2,90.8
TU_0025,621.5,1558.1,2669.3,5.4,23,54.6
TU_0026,599.8,1358.6,2423.7,57.4,-42.2,19.6
TU_0027,619.6,1694.6,2587.5,-35.2,12.1,46.5
TU_0028,381.1,1556.4,2566.4,38.7,-76.8,-4.5
TU_0029,691.4,1198.7,2765.2,-13.1,24,13.3
TU_0030,656.2,1167.4,2620.2,-22.1,117.8,5.6
TU_0031,535.9,939.5,2090.9,-5.8,-114.5,177.1
TU_0032,478.2,942.6,2145,-34.6,188.7,234.9
TU_0033,661.2,1400.4,2140,-6.8,91.8,-161.8
TU_0034,397.5,1540.7,2646,33,-70.9,24.9
TU_0035,587.8,1062.6,2589.3,23.4,264,149.2
TU_0036,365.6,1698,2295.9,4.8,110.7,-86.1
TU_0037,722.7,1455.2,2297,26.4,17.6,-60.1
TU_0038,426.6,1671.2,2289.3,-1.3,-42.2,120.3
TU_0039,584.5,1589.1,2550.8,65.8,8.3,-31.4
TU_0040,643.5,1318.9,2459.9,12.6,-84.7,-113
TU_0041,617,1754.5,2594.7,-17.2,102.5,-48.6
TU_0042,340.2,1976.4,2715.9,4.8,0.1,-55.3
TU_0043,754.2,1548.3,2689.7,168.8,281.9,189.8
TU_0044,760.4,1497.1,2544.6,18.9,8.9,-18.4
TU_0045,752,1359.4,2532,-20.6,-71.6,107.6
TU_0046,470,1662.1,2299.4,72.8,-89.4,29.5
TU_0047,706.9,1565.4,2239.9,-78.3,71.9,-144.5
TU_0048,466.6,1296.6,1966.5,-74.6,237,-67.5
TU_0049,528.1,1702,2352.6,-0.9,116.9,15.7
TU_0050,546,1497.8,2508.7,21,-92.2,-116.5
TU_0051,579.9,1657,2703.1,-50.3,93.6,105.3
TU_0052,599.8,1160.5,2418.8,-2.9,137.4,46.3
TU_0053,729.1,1561.9,2464.6,-18.3,-56.9,-128.7
TU_0054,563.3,1607.4,2290.6,55.7,-132.6,188.5
TU_0055,453.8,1547.5,2397.5,20.2,-46.2,-27.9
TU_0056,632.2,1477.8,2734.9,-45.5,-57.5,91.4
TU_0057,597.3,1287.6,2407.4,-24.4,79.7,-65.4
TU_0058,675.1,1004.7,2840.9,-10.8,-103.5,100.1
TU_0059,396.6,2286.6,2769,56.3,99.3,-318.4
TU_0060,603.5,1330.4,2632.7,26.7,-37.3,-16.3
TU_0061,722.5,1361.7,2562.8,-24.8,54.1,40.4
TU_0062,318.2,1733.8,2274.6,5.7,359.7,328.2
TU_0063,520.2,1289.4,2505.1,51.6,34,62.6
TU_0064,469.1,1770.8,2437.4,27,-307.4,-0.9
TU_0065,443,1994.4,2578.1,-12.6,-74.4,-143.3
TU_0066,583.2,1774.7,2272.4,-5.6,87.1,334.3
TU_0067,659.8,998.5,2987.9,-36.8,-199.1,-170.2
TU_0068,699.2,1199.8,2436.6,87.9,-108.1,854.1
TU_0069,411.3,1834.5,2601.6,25.8,173,-19.1
TU_0070,584.9,1363.2,2226.8,-51.9,280.5,-63.7
TU_0071,606.8,1504.5,2644.4,-15.4,-299.6,-15.9
TU_0072,610.2,1515,2412.4,-28.3,-118.5,51.6
TU_0073,652.9,1351.5,2609.9,16.9,41.1,44.4
TU_0074,575,1137.4,2514.3,39.6,84.4,43.9
TU_0075,700.7,1452.3,2413.6,-65.1,41.2,82.4
TU_0076,696,1331.2,2388.2,67.8,56.5,-281.8
TU_0077,481,1400.2,2514.9,67.1,-38.6,-27.1
TU_0078,668.1,1518.9,2702.7,32.8,-3.9,48.3
TU_0079,684.5,1165.9,2438.9,10.5,-121.9,-9.2
TU_0080,501.3,1540.1,2545.2,-84.9,350.6,116.4
TU_0081,435.3,1288.7,2385.9,-2.1,-36.7,29.2
TU_0082,528,1639,2676.6,-25.9,44.9,130.6
TU_0083,602.9,1936,2568.4,18.2,-20.8,62.8
TU_0084,518.9,1443.6,2828.9,32.9,-42.1,-350.4
TU_0085,371.9,1537.6,1912.1,-26.6,-97.1,17.8
TU_0086,570.8,753.4,2217.7,12.9,-186.8,10.2
TU_0087,503.4,1538.6,2770.2,19.1,160.1,203.6
TU_0088,684.9,1078.2,2773.8,-15.9,-171.1,-129.7
TU_0089,562.7,1528.2,2618,47.7,-39,67.9
TU_0090,355.1,1945.3,2542.2,9.4,35,-72.7
TY_0001,331.7,1546.2,2571,23.4,-29.9,-28
TY_0002,784.9,2035.1,3184.2,-136.6,30.1,-76.9
TY_0003,341.8,2126,2893.1,23.1,-66.4,-306.8
TY_0004,387.1,1251.7,2440.9,63.2,125.3,-66.9
TY_0005,467.1,1850.3,2572.3,14.2,39.2,-54.4
TY_0006,366.6,1884.4,2678.8,-3.9,23.6,65.4
TY_0007,339.9,2161.6,2600.2,-8.9,65.9,58.3
TY_0008,283.8,2151.7,2671.1,43.1,21.7,-6.7
TY_0009,450.1,1317.5,2632.6,103.4,54.2,17.4
TY_0010,485.9,1039.8,2363.9,-85.2,-126.6,0.4
TY_0011,750.9,1462.4,2504.8,-20.1,-27.4,-48.1
TY_0012,518.8,1314.3,2160.9,-9.2,14.4,88.2
TY_0013,495.8,1111.3,2341.6,104.1,78.8,48.2
TY_0014,367.3,1711.2,2683.6,1.7,-216.3,24.8
TY_0015,844,1416.2,2438.5,50.9,51.6,-9.5
TY_0016,800.1,1184.7,2691,151.6,-130.5,-7.8
TY_0017,583.3,1302.4,2250,120.5,119.2,-76.9
TY_0018,369.5,1529.8,2318.6,58.1,54,232.5
TY_0019,318.9,1451,2289.9,-5.3,-76.1,151.4
TY_0020,347.7,1785.2,2561.2,13.7,3.4,-3.1
TY_0021,574.7,1836.6,2507.2,215.2,27.4,-56
TY_0022,442,1870.6,2732.1,8.7,90.4,31.6
TY_0023,415.6,1779.9,2691.3,3.2,13.6,-22.9
TY_0024,293.7,1879.1,2179.2,-31.9,85.8,1.3
TY_0025,426.3,1651.8,2708.9,-24.6,38.1,-32
TY_0026,477.6,1570.6,2485.8,42.7,8.7,55.6
TY_0027,620.6,1341.2,2401.9,169.8,-131.5,-19.6
TY_0028,326.1,1678.3,2359.6,43.8,90.9,99.7
TY_0029,310.6,1757.4,2615.3,70,3.1,-25.5
TY_0030,648.1,1168.7,2514.8,72.1,26.8,112.5
TY_0031,384.7,1078.2,2285.1,-8.1,42,44
TY_0032,785.9,1399.4,2262.5,34.9,69.9,-2.5
TY_0033,302.5,1759.8,2474.7,104.7,-379.3,-9.6
TY_0034,404.6,1037.2,2140.6,-12,134,-50.2
TY_0035,281.4,1556.3,2320.5,17.4,72.3,-59.7
TY_0036,366.1,1279,2637.2,63.1,31.4,4.4
TY_0037,440.9,1565.8,2491.9,98.9,33.1,39
TY_0038,639.6,1740.8,2571.6,368.5,72.8,-8.3
TY_0039,507.4,1334.6,2678,98.3,-102.7,75.8
TY_0040,433.1,1875.1,2513.9,-4.6,203.8,-7.4
TY_0041,352.7,1978.8,2547.9,12.6,-95.8,10.8
TY_0042,544.5,1695.6,2623.2,37.5,22.9,-26.8
TY_0043,855.1,1440.9,2468.1,58.6,44,-35.2
TY_0044,778.7,1347.9,2587.3,-23.2,-120.9,51.2
TY_0045,314.5,1985.8,2274.9,50.1,-32,-6.4
TY_0046,379.6,1486.1,2567.4,91.7,-90.9,-55.2
TY_0047,650.3,1579.1,2496.5,-122.8,153.8,-9.8
TY_0048,454.9,1354.3,2353.9,-123.7,110.9,-184.1
TY_0049,348.3,1563.1,2273.1,-6,3,-17.1
TY_0050,325.7,1483.9,2368.8,35.4,-45.7,-114.9
TY_0051,518.3,1161.8,2280.6,150.2,113.5,24
TY_0052,390.1,1392.1,2489.3,21.4,-55.5,5.1
TY_0053,781.5,1419.6,2294.8,-72.1,6,-114
TY_0054,376.6,2049.8,2639.7,74.6,-319.4,180.3
TY_0055,351.3,1728.2,2497.1,-1.1,23.9,46.4
TY_0056,405.1,1574.9,2481.2,-28.7,55.3,-44.9
TY_0057,609,1567.3,2569,-42.3,-12.3,-1
TY_0058,362.8,1764,2320.9,-73.8,-262.6,-107
TY_0059,637.9,891.5,2676.8,84.3,16.5,-31.8
TY_0060,308.3,1786.1,2543,27.9,-3.3,72.7
TY_0061,818.4,1465.5,2464,39.8,-23.4,61.4
TY_0062,312.2,1583.5,2268.7,-1.2,352.7,-23.1
TY_0063,474.1,1268.8,2392.5,125.3,80.6,83.1
TY_0064,316.9,2022.4,2514.3,-63.9,150.9,10.2
TY_0065,532.4,1627.9,2502,153.1,-272.4,48.7
TY_0066,747.1,1046.2,2299.1,-101.4,-133.3,91.6
TY_0067,581,1006.1,2130.3,105.7,-39.7,123
TY_0068,301.6,1844.7,2601,70.3,37.8,-41.5
TY_0069,795,1292.8,2319.8,-40.8,32.8,22.8
TY_0070,423,1436,2386.7,-33.5,59.5,-49.7
TY_0071,314.7,1640.6,2340.9,-17.1,-52.4,85.9
TY_0072,361.7,1903.5,2500.8,-59.7,396.9,164.6
TY_0073,543.6,1589.5,2497.8,173.9,-123.2,65.3
TY_0074,674.8,1554.4,2620.5,48.8,27.9,-50.6
TY_0075,545.7,1349.4,2561,203.7,25.8,81.6
TY_0076,727.4,1553.1,2673.9,-21.5,98,76.5
TY_0077,559.7,1662,2653.2,154.7,21.2,5.3
TY_0078,704.1,1065.5,2615.1,-64.3,-329.1,70.2
TY_0079,445.5,1510.3,2546.2,-31.1,252.9,9.6
TY_0080,313.2,1562.5,2352.6,-18.2,-10.3,52.8
TY_0081,430.8,1843.8,2434.2,-52,102.5,-8.8
TY_0082,448.2,2026,2428.4,109.2,27.9,156.6
TY_0083,359.7,1586.3,2425.6,25.6,43.6,43.5
TY_0084,343.3,1540.1,2043,-3.7,-101.5,-21
TY_0085,383.7,899.3,2344.6,9.3,-34,55.8
TY_0086,802.4,1200.6,2638.5,-41.5,-81.1,-22
TY_0087,398.1,1529.2,2465.9,19,-16.1,168.6
TY_0088,315.2,1934.5,2612.3,63.1,-122.7,-1.4
TY_0089,672.4,1172,2589,30.8,126,27.9
VI_0001,345.7,1466.3,2854,-1.9,-21.7,-69.3
VI_0002,524.4,1717.1,3331.9,-70,194.3,-38.3
VI_0003,447.4,1715.4,2764.1,47.1,-131.2,-15.3
VI_0004,412.4,1154.6,2419.1,19.5,111.1,-61.8
VI_0005,389.9,1750.1,2645.2,2.5,52,-24.4
VI_0006,493.2,1542,2514.1,19.4,37.5,51.4
VI_0007,369.6,1995,2537,-18.6,174.7,-63.2
VI_0008,322.6,1814.7,2589.9,24.5,-99.2,6.4
VI_0009,513.5,1262.3,2653.8,-7.3,144.4,57.2
VI_0010,526.5,1400.1,2069.9,10.2,-48.7,-144.9
VI_0011,570.1,1226.6,2042.6,-39.3,102.2,154.1
VI_0012,449.7,1129.9,1731.8,59.6,18.8,-12.3
VI_0013,415.3,1279.4,3088.3,38.5,35.5,90.9
VI_0014,402.1,1754.7,2554.9,3,-224.1,156
VI_0015,923.8,1430.8,2494.9,85.2,124.2,-12.9
VI_0016,602,1198.3,2478.6,24.5,-48.3,85.8
VI_0017,684.6,1451.3,2549.1,158.7,26.4,-150.1
VI_0018,526.4,1610.3,2284.1,3.1,-122.7,12.4
VI_0019,648.9,1750.4,2755.7,146.1,29.5,128.4
VI_0020,571.4,1673.9,2591.4,86,25.3,-71.9
VI_0021,390.3,1696.1,2712.3,9.7,12.7,33.4
VI_0022,316.9,1938.5,3127.8,-18.3,61.9,-231.4
VI_0023,486.3,1727.4,2583.5,-19.3,63.5,-23.4
VI_0024,501.8,1647.1,2625.8,-12.8,-8.3,61.9
VI_0025,548.2,1410.6,2321.3,57.9,-125.2,0
VI_0026,391.9,1748,2708.3,19.7,-6.8,71.1
VI_0027,363.4,1614.5,2631.6,15.1,-10.7,-35
VI_0028,653.7,1220.9,2658.1,12.2,94.8,-3.2
VI_0029,455.9,1050.8,2048.7,12.8,-70.5,125.4
VI_0030,415.2,1031.1,1831.5,-29.3,63.7,17.8
VI_0031,622.6,1279.7,2101.9,64.2,28.2,-152.9
VI_0032,349,1691.7,2638.3,31.2,32.5,-17.9
VI_0033,556.3,1146.2,1969,-31.5,57.9,200.3
VI_0034,358.2,1530.9,2006.7,17.1,77.2,26.7
VI_0035,416.3,1396.3,2836.9,19.3,-12.2,-80.5
VI_0036,740.2,1601.4,2453.4,53,25.2,-64.2
VI_0037,353.3,1720.5,1905.3,-22.8,94.3,2.3
VI_0038,416.7,1705.9,2801.6,53,7.4,60.8
VI_0039,547.3,1361.9,2625.4,75.8,-175.9,92.4
VI_0040,545.6,1758,2497.9,-55.1,121.9,-29.3
VI_0041,666.5,1536.7,2316.1,-39.3,180.6,38.8
VI_0042,781.1,1369.6,2509.5,100.8,60.3,14.7
VI_0043,702.5,1359.3,2601.1,-3.7,-21.3,103.5
VI_0044,395.9,1656.5,2411.6,22.1,86.9,-91.5
VI_0045,648.5,1514.5,2484.7,-58.8,111.7,-35.9
VI_0046,448.5,1403.2,1837.5,-7.3,27.7,-31.2
VI_0047,368.1,1786.8,2577.4,-33.4,-18,1.9
VI_0048,398.8,1653.2,2577.1,18.8,-85.2,-118
VI_0049,573.3,1714.5,2704.9,104.2,22.3,52.7
VI_0050,684.4,1428.2,2390.3,35.4,0.2,38.5
VI_0051,363,1798.8,2466.4,32.2,58.4,126.8
VI_0052,380.4,1636.1,2488.4,5,29.1,-10.6
VI_0053,419.6,1682.9,2616.9,10.4,-23.9,-62.2
VI_0054,486.3,1525.2,2602.1,-4.4,-36.3,-1.7
VI_0055,390.6,1590,2598.8,25,-140.2,-214.8
VI_0056,579.6,1213.2,2554.1,-20.8,66.8,-107.3
VI_0057,699.9,1185.4,2793.1,52.6,15.4,-30.2
VI_0058,591.5,1523.4,2460.6,-17.6,37.6,-178.3
VI_0059,837.4,1502.9,2534.1,90.4,-0.1,65.7
VI_0060,329.3,1803.2,3077.3,-17.4,397.6,-1
VI_0061,369,1799,2381.3,2.9,151,91.6
VI_0062,413.7,1888.7,2655.5,2.3,-186.5,29.6
VI_0063,550.3,1788.7,2509.3,-7,13.3,164.9
VI_0064,566.7,1081.9,2609.9,-20.7,-179.7,175.8
VI_0065,355.1,1820.1,2606.1,40.9,67.6,18.1
VI_0066,513.7,1573.9,2649.1,-45.6,281,-44.4
VI_0067,384.7,1626.9,2522.6,22.3,-136,60.3
VI_0068,486.6,1627.4,2370.9,59.4,-189.1,89
VI_0069,407.6,1580.6,2472.1,35.8,10.8,-46.7
VI_0070,538.5,1335.1,2608.4,24.6,117.9,19.8
VI_0071,630.9,1526.8,2680.5,-9.5,18.2,15.5
VI_0072,695.4,1717,2748.6,142.6,178.8,254.3
VI_0073,693.7,1231.9,2627.4,-21.8,-232.5,93.2
VI_0074,460.6,1579.1,2705.2,-49.6,245.7,-134.9
VI_0075,369.1,1448.3,2387,5,6.1,9.2
VI_0076,458.4,1816.4,2489.2,-5.8,14.5,-35
VI_0077,493.8,1845.5,2542.8,84.8,-69.5,36.8
VI_0078,389.7,1584,2601.3,-0.7,-33.3,8.2
VI_0079,318.6,1625.6,1835,-12.9,-45.8,18.3
VI_0080,505.3,869.8,2084.3,14,-245.8,148.7
VI_0081,449.5,1858.7,2747.9,13.7,-81.1,119.9
VI_0082,504.3,1240.6,2596.4,-32.8,-24.7,8.9
VI_0083,679.3,1206.9,2715.1,-38.2,-1.4,-40.3
VI_0084,441.9,1468.9,2762.3,70,139.4,142.7
VI_0085,551,1735.6,2563.8,-257.4,59.3,-108.6
WCH_0001,353.7,1444.9,2529.7,37.4,-46.2,7.9
WCH_0002,577,867.6,2132,32,-24.2,266.5
WCH_0003,427.5,833.8,2164.1,38.8,8.5,16.9
WCH_0004,512.4,1273.8,2350.8,-22.9,183.1,-72.4
WCH_0005,453.8,1974.9,2579.2,-7.9,184.5,21.2
WCH_0006,348.3,1696.7,2530.1,36.9,84.7,111.6
WCH_0007,299.1,2232.1,2614.5,38.2,-116.5,-131.5
WCH_0008,587.8,1392.9,2592.7,107.1,46.4,56.4
WCH_0009,579.4,1506.3,2404.9,121.3,-49.2,-180.2
WCH_0010,722.5,1333.4,2349.4,-22,36.5,130.7
WCH_0011,580.6,1122.2,2172.6,67.3,157.5,-60.3
WCH_0012,592.5,1148.7,2540.8,80.6,61.9,99.1
WCH_0013,429.3,1735.9,2311.2,-0.6,-29.9,20.8
WCH_0014,852.5,1361.9,2479.6,49.8,76.5,10.1
WCH_0015,762.4,1175.6,2599.6,34.4,-199.9,93.1
WCH_0016,732.5,1450,2265,85.7,54.1,-105.8
WCH_0017,512.7,1545.6,2421.8,-35.5,-21.1,34.9
WCH_0018,692,1786.7,2479.2,35.7,26.7,31.7
WCH_0019,467.4,1767.3,2654.1,36.9,16.2,16.8
WCH_0020,308.4,2129.7,2526.3,-39.2,97.9,109.5
WCH_0021,635.9,1708.4,2498.4,26.4,-76.1,-97.5
WCH_0022,584.6,1565.5,2443.7,8.8,19.5,7
WCH_0023,697.3,1372.6,2329.7,53.5,-158.1,-19.6
WCH_0024,473.3,1710.8,2467.4,51.2,44.8,110.2
WCH_0025,801.8,1313.1,2305,-1.3,-33.8,-11.1
WCH_0026,763.8,1300.7,2728.3,-50,71.4,-43
WCH_0027,845.2,2110.2,3177.1,-64.9,39,-86
WCH_0028,495.8,1097.1,2213,-42.8,95.3,225.1
WCH_0029,746.3,1406.3,2102.4,2.5,43.1,-117.6
WCH_0030,196.6,1632.6,2549.1,-35.2,-103.7,105.8
WCH_0031,700,2022,2543.3,251.6,252.2,216.5
WCH_0032,626.3,1021.5,2181.5,-70.4,160.7,-6.8
WCH_0033,330,1845.5,2216.9,3.5,57.3,10.7
WCH_0034,476.7,1392.7,2462.3,94.5,-48.1,-44.1
WCH_0035,670.1,1610.4,2358.1,29.9,123,-181.2
WCH_0036,355.6,1858.2,2229.8,-11.9,78.5,65.2
WCH_0037,514.9,1942.5,2598.2,281.6,81.7,6
WCH_0038,669.1,1278.7,2676.1,44.7,-278.9,-23.7
WCH_0039,610,1831.5,2538.4,33.7,133,-58.1
WCH_0040,329.2,2214.2,2723.4,-45,-16.3,35.5
WCH_0041,710.6,1625.1,2440.5,-6.8,94.3,-43.2
WCH_0042,867,1422.8,2472.6,21.6,98,-62.2
WCH_0043,826.1,1357.4,2598.4,-1.1,-88.2,128.7
WCH_0044,344.3,1747.8,2436.7,54.7,84.1,-117.1
WCH_0045,743.2,1508.7,2372.9,-94.4,159.6,-85.6
WCH_0046,566.5,1402.1,2088.8,-169.4,132.1,-184.9
WCH_0047,391.6,2095.5,2544.7,-55.4,197.1,354.7
WCH_0048,384.9,1572.1,2532,64.1,-123.7,-128.3
WCH_0049,546.1,1879.7,2622.6,38,50.4,-19.6
WCH_0050,592.3,1102.3,2468.1,84.1,214.1,266
WCH_0051,467.9,1355,2229.2,51.7,-58.1,-26.6
WCH_0052,828.9,1472,2266.3,-40.4,-10.4,-235.8
WCH_0053,526.5,1971.5,2412.9,297.5,-222.6,91.6
WCH_0054,392.6,1707.3,2503.2,48.4,84.7,70.7
WCH_0055,424.6,1720.4,2565.3,-12.8,-29.8,-22.6
WCH_0056,524.8,1604,2459.2,23.5,-86.3,-29.3
WCH_0057,347.7,1509.9,2195.4,94.1,-114.7,-20.3
WCH_0058,730.7,1094.5,2554.9,72.1,-34.7,88.9
WCH_0059,334.3,2142.5,2774.8,30.7,65.9,109.8
WCH_0060,389.7,1499.3,2580.1,61.6,60.2,79.4
WCH_0061,859.8,1457.2,2432.3,12.2,16.8,-75.2
WCH_0062,320.5,1635.9,2225.8,2,451.5,123.1
WCH_0063,544.2,1242.5,2372.8,147.2,121.6,87.8
WCH_0064,333.2,2166.5,2496.4,38.8,-91.6,40.5
WCH_0065,336.6,2173.8,2760.8,-100.3,64.3,16.6
WCH_0066,632.8,2027.2,2520.4,243.4,-137.2,90
WCH_0067,709.3,983,2503.3,-111.7,-242.7,-95.4
WCH_0068,710.7,1053.7,2235.8,22.1,-46.6,105
WCH_0069,420.3,2076.5,2662.8,27,110.1,5.1
WCH_0070,558.5,1619.4,2437.7,-127.7,250.2,-35.2
WCH_0071,493.9,1809.5,2472.5,115.9,-360.2,83.9
WCH_0072,395.6,1822.2,2312.8,-63.4,325.3,90.4
WCH_0073,533.1,1683,2334.4,125.7,-226.1,129.9
WCH_0074,618.1,1553.1,2368,10.4,-23.1,-41.8
WCH_0075,635.2,1325,2334.1,-31.5,91.4,99
WCH_0076,769.7,1561.7,2631.6,-39.1,24.7,31.5
WCH_0077,723,1458.3,2690.2,129.5,-68.9,-57.1
WCH_0078,359.7,1469.6,2621.9,102.4,-80,-20.6
WCH_0079,541,1561.1,2388.4,135.3,58.3,139.2
WCH_0080,797.1,1137.3,2320.4,5.4,-289.7,-90.5
WCH_0081,614.3,1640.5,2586.9,-141.5,401.4,99
WCH_0082,694.7,1101.5,2507,-111,-318.1,159.7
WCH_0083,511.7,1677.1,2585.3,-98.5,412.8,91.2
WCH_0084,603.7,1300.7,2617.1,73.7,10.8,-2.9
WCH_0085,397,1593.2,2277,-1.3,4.2,130.9
WCH_0086,427,1796.2,2411.6,15.1,67.5,-61
WCH_0087,595.5,2174.6,2585,135.9,-47.4,17.8
WCH_0088,469.9,1653.8,2413.3,2.8,-34.3,54.4
WCH_0089,346.1,1583.5,1984.5,-37.5,-166.6,-17.9
WCH_0090,606.6,802.2,2192.6,-59,-66.5,34.1
WCH_0091,413.6,1549.3,2242.3,41.3,33,8.9
WCH_0092,585,1285.5,2350.1,11.9,-52.6,-54.5
WCH_0093,699,1160.8,2349.7,-119.8,8.2,-66.6
WCH_0094,392.9,2192.5,2848.3,-107.2,14.1,120.4
WCH_0095,869.8,1205.4,2945.9,-10.3,-11.5,-49.5
WCL_0001,388.1,1381.9,2493.3,18.8,31.3,-42.1
WCL_0002,506.7,841,2092.8,18,-82,69.2
WCL_0003,491,2072,3353.9,37.5,-146.1,-343.5
WCL_0004,470.6,1044.6,2256.6,18.6,75.7,22.8
WCL_0005,583.5,1709.8,2320.6,13.7,98,88.5
WCL_0006,524.7,1636.1,2319.2,31.3,93.5,124.7
WCL_0007,333.8,2168.4,3635.1,-15.2,20.4,84.8
WCL_0008,292.9,2246.8,3742.4,40.9,15.7,-149
WCL_0009,504,1276.5,2406.2,47.2,114.7,109.8
WCL_0010,606.2,1144.6,2250,20.6,-123.1,-59.9
WCL_0011,618.4,1423.8,2153.2,-63.3,-104.2,-283.2
WCL_0012,567.5,1140.7,1927.9,15.6,48.5,207
WCL_0013,572.8,1028.4,2134.7,78.1,93.2,-122.2
WCL_0014,534.3,1138.6,2399.6,71.4,143.7,-123.5
WCL_0015,457.7,1963.2,3329.3,43,-322.2,-536.7
WCL_0016,724.2,1367.9,2209.8,24.7,109.7,-4
WCL_0017,692.1,1162,2155.7,13.9,-151.7,38
WCL_0018,611.2,1307.9,1927.6,22.3,132,-220.9
WCL_0019,532,1349.2,1978.1,6,3.5,127.2
WCL_0020,630.5,1532,2233.6,-2.7,23.1,-13.6
WCL_0021,326.2,1695,2094.9,-13.8,-82.1,76.5
WCL_0022,501.6,1515.8,2190.7,51.4,-4,-46.4
WCL_0023,525.9,1458.4,2279,-21.4,16.8,3.8
WCL_0024,571.1,1296.2,2012.2,12.5,-121.2,4.7
WCL_0025,480.6,1599.1,2377.2,80,6.7,-86.3
WCL_0026,418.9,1535.6,2315.9,29.5,5.9,-95.8
WCL_0027,609.7,1370.4,2266.7,-153,47.7,-93.8
WCL_0028,650.8,1146.7,2284.5,-14.1,62.7,-8.8
WCL_0029,475.2,992.7,1900,-1.2,42.2,159
WCL_0030,595.4,1343.3,1782.3,-8.9,68.2,-97.6
WCL_0031,611,1478,2315.9,-7.6,-78.8,44.9
WCL_0032,716.9,2041.3,3946,-59.3,159,-89.2
WCL_0033,353.6,1697.6,2196,-12.5,104.5,25.8
WCL_0034,446,1420,2283.2,61.1,-44.7,-62.6
WCL_0035,619.8,1540.3,2169.5,10,17.1,9.5
WCL_0036,343.2,1745.5,2073.3,-1.4,74.7,225.7
WCL_0037,533.9,1743.3,2717.9,205.9,104.7,523
WCL_0038,639.4,1223.8,2434.3,10.9,-150.6,45.1
WCL_0039,575.9,1710.4,2289.8,-56.3,65,9.3
WCL_0040,433.3,2105.8,3073.5,-208.6,-73.7,-149.8
WCL_0041,749.6,1316.6,2184.1,11.4,53.5,-35.5
WCL_0042,657.3,1197.3,2316.9,-1.7,9.3,75.6
WCL_0043,442.5,1557.2,2294.9,37.3,75.6,-17.1
WCL_0044,713.7,1434.5,2154.4,-129.4,131.1,35.9
WCL_0045,472.6,1351.6,2045.3,-112.8,-24,-500.7
WCL_0046,479.6,1928.9,3111.7,-20.2,236.3,9.3
WCL_0047,522.3,1482.6,2253.9,7.6,-74.7,-50.1
WCL_0048,661.1,1819.4,3208.3,113.2,220.8,704.7
WCL_0049,497.6,1140.7,2300,87.9,168.6,36.1
WCL_0050,473.2,1224.4,2316.1,86.8,-24,-27.4
WCL_0051,660.8,1222.4,1928.5,-75.4,7.1,-173.4
WCL_0052,394.8,1634.9,2127.3,95.9,-79.2,48.6
WCL_0053,416,1557.8,2333.8,-6.3,38.1,28.2
WCL_0054,421.2,1562.9,2335.7,67.2,-25.7,-56.6
WCL_0055,427.4,1575.2,2458.9,-5,-32.4,-47.5
WCL_0056,432.4,1579.1,2108.3,-53.1,-43,-149.7
WCL_0057,634.3,941.3,2777.4,59,12,-139.3
WCL_0058,338.5,1651.3,2704.2,31.8,43.3,-44.5
WCL_0059,426.8,1356.6,2512.6,-106.8,-91.2,-82.7
WCL_0060,677.8,1434.6,2145.3,19.9,-22.3,103.2
WCL_0061,299.2,1936.7,3312.7,-24.5,101.7,-117.6
WCL_0062,345.1,2230.5,3545,20.7,25.5,-32.4
WCL_0063,511.2,1712.1,2278.9,-22.4,55.5,137.7
WCL_0064,564.9,893,2383.6,-36.8,-161,36.4
WCL_0065,693.8,1132.6,3439.8,26.5,-44.8,45
WCL_0066,386.5,1797.4,2418.5,21.4,98.3,-31.7
WCL_0067,566.7,1607.2,2336.7,63.7,20.9,-31.8
WCL_0068,489.5,1324.9,2218.3,-32.3,325.5,-104.3
WCL_0069,333,1229,2298.7,63.1,111.3,-9.9
WCL_0070,375.6,1547.9,2217.3,-32.7,186.9,12.8
WCL_0071,539.4,1449.1,2068.4,53.5,-123.7,36.2
WCL_0072,461.7,1495.9,2584.4,14,25,-486.7
WCL_0073,534.2,1156,2372.6,87.2,146.9,5.8
WCL_0074,651.3,1412.1,2306.6,-18.7,11.5,-8.7
WCL_0075,533.6,1396.8,2400.8,-22.8,-51,-3.6
WCL_0076,391.7,1328,2476.4,72.7,-27.4,-130.7
WCL_0077,552.7,1592,2494.9,-61.2,-7,142.6
WCL_0078,605.6,1064.3,2271.7,-45.4,-251.9,87.2
WCL_0079,513.3,1491.1,2414.2,-62.8,325.6,-83.5
WCL_0080,355.8,1345.1,2348.4,19.2,-93.9,22.1
WCL_0081,458.2,1791,2336.3,-30.2,8.6,-30.8
WCL_0082,597.9,1827.3,2377.1,-26,-52.8,87.5
WCL_0083,377.5,1678.7,1904.8,-18.8,-53.9,25.9
WCL_0084,555.8,780.2,2031.4,3.1,-152.4,200.7
WCL_0085,584.6,1809,2384.2,37.3,-88.7,-16.9
WCL_0086,516.2,1251,2275.5,32.7,-41.2,52.2
WCL_0087,632.5,1046.7,2272.9,-34.4,22.3,-11.2
WCL_0088,580,1385.8,2416.8,50.8,-54.3,-88.8
WCL_0089,384,2067.5,3356.9,-51.7,271.2,5.4
WCL_0090,648.8,1059,2321.2,55,87.2,14.9
WH_0001,446.4,1521.3,2806.4,-1.5,-25.4,-12.9
WH_0002,420.9,805.6,2246.7,-14,-148.2,72.2
WH_0003,387.2,1970.1,2813.8,41.1,-87.6,92.4
WH_0004,452.4,1095.1,2333.1,16.9,152.7,-100.2
WH_0005,483.9,1769.8,2704.9,45.7,94.1,-123.5
WH_0006,443,1615,2452.5,7.3,27.5,120.5
WH_0007,410.3,1817,2482.2,-2.1,45.8,-22.1
WH_0008,356.2,1984.9,2619,34.5,-69.7,43.4
WH_0009,528.2,1209.5,2737.9,52.6,220,62.4
WH_0010,612.3,1512.8,2275.8,-71.7,-150.9,-265.1
WH_0011,566.1,1331.9,2159.4,-19.4,28.9,193.6
WH_0012,477.7,931.8,1998.9,97.5,125.8,-87.9
WH_0013,547.7,1124,2450.9,130.2,254.2,506.4
WH_0014,397.3,1872.1,2596,31.1,-57.8,60.5
WH_0015,757.4,1450.4,2280.5,28.5,70.4,-68.1
WH_0016,467.1,1124.6,2362.7,42,-0.8,-30.7
WH_0017,628.4,1384.4,2077.6,12.3,9,-135.6
WH_0018,521.6,1544.1,2446.4,4,73.2,286.7
WH_0019,467.5,1685.7,2768.1,17.4,-2.6,-37.5
WH_0020,418.3,1766.1,2639.4,29.9,9.2,-81.5
WH_0021,342.6,1844.5,2180.5,-50.1,16.2,48.3
WH_0022,511.9,1671.6,2471.9,35.1,-15.9,4.6
WH_0023,540.5,1629.3,2547.8,-45.9,35.7,59.2
WH_0024,237.4,1784.5,2392.9,75.5,-21.8,-67.1
WH_0025,609.8,1368.5,2389.9,-45,-187.1,-49.6
WH_0026,426.5,1642.6,2408,80.3,11.7,-42.7
WH_0027,426.9,1658,2655.5,22,13.6,-65.1
WH_0028,628.6,1239.4,2539.8,28.2,67.1,53.8
WH_0029,425.9,859.4,2064.6,-13.9,4.5,120.4
WH_0030,554.7,1370.9,2059.8,21.1,140.5,-93.7
WH_0031,344.7,1773.3,2666.8,1.6,29.6,71.2
WH_0032,604.8,2117.2,3201.3,-16.3,-138.5,0.1
WH_0033,325.9,1747.6,2454.4,-3.8,8.9,-32.1
WH_0034,432.1,1504.4,2523.1,5,-60.9,-10.3
WH_0035,681.2,1635.5,2225.6,46.6,-86.6,-42.4
WH_0036,404.4,1903.2,2238,-16.2,44.3,45.7
WH_0037,468.2,1871.9,2678,69.9,32.4,-28.1
WH_0038,477.2,1280.5,1987.4,35.1,-194,-98.3
WH_0039,483,1832.7,2618.3,-20.9,166.3,49.5
WH_0040,421.3,2161.2,2625.4,-129.2,-17.8,-51.8
WH_0041,498.4,1611.9,2420.9,51.1,-6.8,43.2
WH_0042,709.8,1453.9,2073.2,36.5,11.9,-138.3
WH_0043,679.6,1444.4,2495.9,19.6,-6.6,132.7
WH_0044,362.8,2132.1,2370.8,9,-43,112.6
WH_0045,439.9,1622.8,2616.4,28,43.7,-58.5
WH_0046,657,1453.7,2169.3,-88.8,227.5,158.3
WH_0047,418.2,1416.8,1913.8,-13.3,18.8,-147.5
WH_0048,390.3,1910.6,2341.7,-13.4,130.4,120.4
WH_0049,370.4,1555.8,2624.8,65.8,-144.5,-18.6
WH_0050,518.8,1681.6,2622.3,98.4,12.8,-66.3
WH_0051,561,1864.9,4053.8,-45.4,-453.2,7.9
WH_0052,392.6,1014.1,1918.3,14.9,-137.6,4.2
WH_0053,698.7,1462.2,2141.3,-51.8,-69.5,-161.1
WH_0054,385.4,1859,2506.6,46.1,-120.1,75.7
WH_0055,395.9,1719.5,2521.1,-17.2,88.6,56
WH_0056,451.5,1542.4,2531.8,-51.5,52.4,19.6
WH_0057,513.4,1685.1,2682.4,-42.2,-19.6,-5
WH_0058,351.5,1625.3,2390.5,80.2,-162.8,-290.5
WH_0059,552.4,1397,2381.5,-21.4,83.2,13.4
WH_0060,685.5,1222.2,2570.2,40,-110.4,14.9
WH_0061,298.5,2000.3,2583.4,78.7,95.1,70.5
WH_0062,486.6,1545,2756.3,23.3,16,13.3
WH_0063,773.8,1533.5,2459.3,-1,-42.8,-38
WH_0064,325.7,1697.8,2321.5,9.5,381.2,28.2
WH_0065,525.4,1204.1,2322.9,25.9,61.9,130.2
WH_0066,345.7,2134.5,2647.6,-14.2,-70.6,-115
WH_0067,517.9,1974.6,2719.7,-4.4,-20.6,12.9
WH_0068,534.6,982.8,2325.8,24.1,-263,119.6
WH_0069,359,1993,2659.7,28.8,71,-17.3
WH_0070,531.2,1489.6,2568.5,-67.6,325.1,-18.8
WH_0071,440.5,1770,2638.9,51.3,-173.4,89.6
WH_0072,586,1681.6,2381.8,26.5,-169.3,-10.9
WH_0073,574.5,1639.6,2421.3,9.8,-65,-62.5
WH_0074,498.7,1392.6,2527.5,78.4,124.4,239.9
WH_0075,703.3,1508.1,2492.3,-64.4,132.6,5.5
WH_0076,575,1319.9,1914.1,134,-34.8,-47.9
WH_0077,379,1522.2,2733.9,95.7,-62.2,-46.1
WH_0078,346.9,1650.9,2663.5,-6.4,43.1,-40.4
WH_0079,650.8,1119.1,2473.3,-35,-286.4,32.9
WH_0080,518.5,1555.5,2576.6,-72.5,331.5,15.7
WH_0081,401.4,1308.8,2334.4,1.3,71.4,12.7
WH_0082,415.5,2175,2674.3,14.2,-49.7,66.3
WH_0083,397.5,1486.2,2990.7,9.7,5.1,-267.3
WH_0084,360.1,1653.8,2154.6,-44.8,-67.5,50.9
WH_0085,403,734.8,2120.1,-51.4,-104.2,-111.7
WH_0086,465.9,1824.5,2515.3,-23,6.9,-40.2
WH_0087,565.9,979.6,2562.6,-52.2,-2.8,-78.7
WH_0088,593.6,1059.8,2119.3,24.7,-130.2,169.6
WH_0089,475.9,1623.7,2783.9,54.1,-84,-56.5
WH_0090,357.2,1935.2,2613.1,84.2,95.2,48.6
WH_0091,624.3,1283.4,2044.6,-34.1,37.5,33.5
WT_0001,274.7,1598.4,2639.6,-6.1,-10.3,-30.2
WT_0002,501.5,1988,2566.2,-109.4,-120.4,88
WT_0003,1137.1,2603.3,4085.3,376.7,-70.7,292.9
WT_0004,444.9,1710.4,2623.3,-5,67.7,-25.5
WT_0005,251.4,1651.8,2676.2,47.5,-4.3,58.7
WT_0006,347.7,2074.5,2749.4,-41.9,46.4,33.8
WT_0007,494.9,1335.6,2776.5,-15.1,59.8,3.7
WT_0008,206.8,1094.1,2441.9,19.3,-27.1,-16.5
WT_0009,330.9,1553.7,2568.7,171.9,7,-34.3
WT_0010,588.7,1364.1,2232.1,-35.1,22.9,294.5
WT_0011,526,1255.4,2585.6,60.2,200.6,41.5
WT_0012,420.1,1341.9,2712.4,84.2,95,114.6
WT_0013,541.3,1910.5,2547.3,-76.5,-329.6,87.1
WT_0014,744.2,1451.6,2636.4,108.8,44,13.3
WT_0015,641,1136.2,2602.8,71.2,-133.7,10.9
WT_0016,589.6,1371.3,1950.6,-24.5,47.7,-143
WT_0017,529.1,1578.5,2583.1,-24.3,37.6,150
WT_0018,251.9,1169,2542.7,13.6,-206.9,-49.6
WT_0019,236.8,2499.6,2805.1,1.2,-60.8,76
WT_0020,386.7,1867.3,2643.9,29.7,81.8,45.3
WT_0021,601,1676.1,2598.7,-43.6,42.4,3.7
WT_0022,299.7,1714,2801.1,51.8,-22.8,-77.4
WT_0023,305.3,1867,2552,-38.2,-108.1,-141.3
WT_0024,536.1,1703.1,2663.9,20,18.6,9.8
WT_0025,368,1658.9,2582.4,110.6,22.2,61
WT_0026,668,1563.1,2564.5,542,-9.7,12.2
WT_0027,201,1699.8,2642.6,-4.9,-29.4,26.1
WT_0028,226.7,1571.2,2605.2,12,-13.9,-38.1
WT_0029,559.6,1263.4,2582.6,-97.2,143.1,-103.3
WT_0030,611.7,1284.3,2795.3,-5.7,50,-2
WT_0031,292.8,1120.5,1990.9,-24.7,175.9,179.1
WT_0032,521,1463.1,2375.5,47.5,85.5,-196.1
WT_0033,230.9,1588.5,2642.2,21.7,-1.2,-22.5
WT_0034,240.9,1543.9,2599.3,-24.2,-109.6,31.2
WT_0035,400.7,1250.8,2175.6,177.1,643.8,207.5
WT_0036,244.9,1556.6,2132,-62.8,118.2,55.9
WT_0037,410.3,1408.8,2561.6,89.6,-15,-68.3
WT_0038,653.4,1693.9,2591.1,322.4,-85,-8.9
WT_0039,207.2,1680.4,2105.6,-16.6,88.5,261.1
WT_0040,368.4,1885,2405.8,169.7,73.4,-152.3
WT_0041,508.6,1242.1,2729.7,11.1,-172.4,-85
WT_0042,456.1,1806.4,2562.8,-32.2,106.1,14.9
WT_0043,197,2068.6,2474.5,30.4,-104.7,46.3
WT_0044,467.8,1862.4,2570.4,141.9,189.6,-76.6
WT_0045,854.9,1456.6,2624.1,68.4,83.2,74.1
WT_0046,737.8,1445.9,2692.1,-99.8,-4.1,14.4
WT_0047,335.4,1483.2,2574.7,192.4,43.9,-39.2
WT_0048,544.3,1699.2,2530.2,-66.2,124.3,31.8
WT_0049,347.3,1325.4,2081,-4.4,177.5,-112.1
WT_0050,404,1909.3,2427.7,-85.7,222.3,103.9
WT_0051,468.5,1675.6,2531.2,13.7,-142.3,-57.7
WT_0052,356.5,1196.8,2511.4,93.6,184.2,28.2
WT_0053,665.7,1475.9,2053.2,-116.7,-71.8,-359.3
WT_0054,334.7,1819.4,2397.1,45.7,-203.6,145.8
WT_0055,252.2,1654.8,2568.3,11,77,67.6
WT_0056,330.8,1522.5,2527.4,18,9.8,-32
WT_0057,337.7,1585.8,2586.9,-131.4,19.5,37.9
WT_0058,269.7,1717.5,2370.7,-5.7,-122,-181.3
WT_0059,667.5,1080.7,2557.2,65.5,56.1,-230
WT_0060,232,1554.7,2488.5,14,275.6,364.7
WT_0061,386.2,1513.2,2555.6,195.6,-10.7,28.2
WT_0062,668.7,1471.3,2541.3,-52,-38,-26.3
WT_0063,296,1651.9,2383.3,94.1,433.1,79.3
WT_0064,425.6,1426.5,2664.5,4.2,27.3,103.5
WT_0065,485.3,1984.5,2448,88.5,-72.7,146.1
WT_0066,293.9,1993.8,2584.6,1.2,-105.5,-26.6
WT_0067,422.8,1815.9,2561.8,105.8,1,166.4
WT_0068,337,1921.3,2675.8,-50.1,57.4,-32.6
WT_0069,322.7,1630.8,2685.4,-95,300.1,-65.3
WT_0070,238.6,1857.9,2553.5,29.4,-350.3,110.6
WT_0071,262.2,1919.7,2520.5,-24.2,192.6,195.9
WT_0072,593,1599,2591.2,-125.9,25.3,94.9
WT_0073,438.1,1675.6,2602.6,62.2,11.1,152.5
WT_0074,596,1385.6,2602.2,-17.4,68.9,74.2
WT_0075,609.7,1515.3,2610.6,-33.4,136.1,44.7
WT_0076,548.3,1388.3,2700,83.9,-58.8,-62.6
WT_0077,308.2,1587.3,2646.1,21.9,15.5,8.2
WT_0078,613.8,1737.8,2696.3,-16.7,205.2,76.4
WT_0079,626.8,1144,2512.3,-152.8,-291.5,-43.4
WT_0080,470.7,1612.7,2685.1,-102.7,270.9,-72.7
WT_0081,230.1,1399,2393.5,29.7,110.9,30.5
WT_0082,267.9,1852.7,2548,4.4,70.1,-0.4
WT_0083,397.2,2095.7,2736.1,-69.2,-213.9,77.7
WT_0084,295.7,1543.1,2666.4,24.3,2,3.6
WT_0085,333.3,1543.9,2050.2,-7.6,-142,117.8
WT_0086,432.4,906.4,2118.9,13.5,-30.8,116.1
WT_0087,322,2016.8,2576.7,97.1,-111.7,76.1
WT_0088,473.5,1324.8,2542.1,-0.5,-166.8,-62.2
WT_0089,699.9,1180.3,2715.6,-87.9,54.3,48.3
WT_0090,374.2,1434.7,2589.3,271.3,30.4,-31
WT_0091,377.8,2103,2621.1,-348.8,245.4,67.7
WT_0092,618.9,1288,2627.5,44.9,7.6,149.7
XX_0001,371.6,1561.4,2691,5.9,-125.8,-43.3
XX_0002,458.3,965.4,2202,-30.9,-113.2,45.1
XX_0003,437.1,1971.2,2541.5,55.5,-102.4,100.1
XX_0004,434.2,1152.5,2471.1,19.9,44,-11
XX_0005,512.5,1924,2541.7,-9.1,-1,-34.2
XX_0006,469.5,1763.9,2566.5,-12.4,31,44.6
XX_0007,271.2,2347.8,2760.2,3.6,46.8,12.7
XX_0008,273.9,2085.1,2730.6,-5.3,-11.5,-43.6
XX_0009,529.8,1433.3,2575.4,-44.7,95.2,96
XX_0010,486.5,1180.8,2716,23.5,-112.8,13.2
XX_0011,556.2,1692.7,2514.6,69,-30.2,-216.8
XX_0012,539.3,1273.2,2175.4,-18.3,108.4,106.6
XX_0013,532.2,1267.1,2245.7,-20.9,43.9,2.9
XX_0014,488.8,1201.3,2559.9,-27.3,50.1,104.6
XX_0015,363.4,2206.9,2613.3,-3.9,-147.5,77
XX_0016,768.1,1235.6,2435.9,111.9,4.1,-51.5
XX_0017,677.1,1298.4,2535.4,94.3,-160.4,-126.3
XX_0018,637.4,1292.3,2241.3,58,34.2,-166.1
XX_0019,579,1467.1,2370.8,4.9,117.2,281.3
XX_0020,333.4,2173.7,2644.9,-22.7,-54.5,-46
XX_0021,428,1945.7,2615.9,-3.5,23.8,-10.3
XX_0022,457.6,1995.7,2684,-17.4,22.4,-22.5
XX_0023,600.5,1843.4,2506.4,91.9,53.8,51.8
XX_0024,427.6,1856.6,2632.6,9,-1.4,-13.6
XX_0025,374.6,2225.9,3116.6,-65.9,107.3,-98
XX_0026,706.2,1527.5,2404.3,6.4,72,56.8
XX_0027,480.4,1898.5,2573.9,1.1,21.8,17.6
XX_0028,535.3,1435.9,2381.9,6.4,-228.1,-103.2
XX_0029,339.7,1497,2442.8,85.9,-46.1,-27.3
XX_0030,651,1246.8,2454.8,-24.4,48.5,80
XX_0031,619.1,1263.1,2163.6,14,25.9,-127.5
XX_0032,306.9,1711.3,2668.2,27.7,-11,25
XX_0033,494,1652.8,2604.1,6.2,-355.2,39.7
XX_0034,441.5,912.6,2272.6,8.2,-84.6,96.9
XX_0035,308.9,1907.8,2287.6,-0.4,60.9,-17.4
XX_0036,415.3,1325.4,2437.1,58.7,-34.6,-18.5
XX_0037,718.5,1666.4,2421,92.2,19.8,-75.9
XX_0038,341.7,1969.5,2295.1,-21.2,123.6,208.5
XX_0039,466.5,2242.6,3182.3,126.9,-67.3,233.6
XX_0040,506.2,1333.5,2657.8,26.8,-162.9,-53.5
XX_0041,542.7,1951,2692.1,-15.7,182.4,-1.3
XX_0042,348.6,2179,2681.7,-69.1,56.8,18.4
XX_0043,406.2,2005.7,2581.5,81.4,-109.1,54.8
XX_0044,939.3,1350.3,2463.9,121.7,-19.1,-103.4
XX_0045,779,1353.5,2525.9,-13.3,-20,74.3
XX_0046,365.9,1707.4,2568.6,32.6,-124.3,-10.6
XX_0047,691.3,1640,2484.2,22.6,361.5,91
XX_0048,390.8,1314.3,2132.4,-8,64.9,-179.4
XX_0049,335.2,2084.4,2638.2,-58.1,105.7,145.9
XX_0050,422.8,1777.5,2633.1,58.5,-387.5,-84.4
XX_0051,507.1,2090.4,2652.1,9.2,99.6,16
XX_0052,444.3,1236.6,2424.5,5.5,107.4,95.8
XX_0053,747.1,1404.5,2442,19.5,-156.6,-195.9
XX_0054,363.3,2190.2,2607.3,60.7,-160.8,33.4
XX_0055,355.4,1916.9,2639.1,-17.7,42.6,47.8
XX_0056,388.4,1930.3,2557.5,-27.6,-30.1,-30.3
XX_0057,381.9,1817.4,2769.9,-2.2,-87.1,0.1
XX_0058,340.7,1804.9,2649,72,-281.5,-86
XX_0059,531.7,1355.4,2553.7,-74.5,67.1,15.2
XX_0060,631.4,1134,2332,98.8,-35.1,16.9
XX_0061,275.5,2219,2545.1,21.5,87.9,135.2
XX_0062,369.7,1348.9,2711.9,42.1,28.4,-3.7
XX_0063,826.6,1299.3,2363.5,86.3,4.5,49.2
XX_0064,298.2,1946.3,2453.9,11.6,374.8,194.5
XX_0065,428.8,1202.4,2394.2,35.4,36.4,33.2
XX_0066,340.1,2175.6,2509,48,-96.6,67.1
XX_0067,328.7,2218.6,2622.1,4.1,-52.9,-40.5
XX_0068,519.8,2004.7,2582,-42.5,59.1,83.2
XX_0069,565.3,1144,2228.6,-5.4,-198.1,9.5
XX_0070,551.5,1162.6,1972.2,-9.9,-34.6,106
XX_0071,362.1,2112.9,2685.5,-7.8,64.6,-14
XX_0072,548.3,1454.3,2628.3,57,56.6,55.6
XX_0073,516.3,1603.8,2558.6,-58.2,459,72.7
XX_0074,374.3,1930.7,2512.8,89,-240.3,103.8
XX_0075,385,1261.8,2275.8,-7,12.1,-75.7
XX_0076,535.4,1869.2,2498,55.2,-2.8,38.6
XX_0077,545.5,1506.1,2491.3,2.4,52.6,1.7
XX_0078,502,1280.4,2662,4,50.9,68
XX_0079,717,1580.2,2497.7,-79.8,131.5,-4.5
XX_0080,566.2,1276.5,2538,65.7,-16.2,174.6
XX_0081,575.2,1870.2,2498.2,132,-9.5,-149.1
XX_0082,633.9,1229.2,2324.4,49.7,-183.9,-53.4
XX_0083,514.9,1597.2,2593.3,-41.2,431.2,-15.6
XX_0084,321.6,1125.5,2455.4,26.8,51.9,156.9
XX_0085,431.1,2026.6,2628.6,-1.1,95.5,-1.5
XX_0086,473.1,2157.6,2631.8,18.8,-45.7,-13.4
XX_0087,321.8,2228.3,2736.4,-60.8,-82.7,-136.3
XX_0088,503,863.1,2255.1,39.4,-256.7,46.6
XX_0089,470.1,2049.5,2586.7,31.9,-105.9,27.4
XX_0090,557.2,1125.3,2298.6,-62.5,-23.8,-3.9
XX_0091,660.8,1167,2459.5,-45.8,-56,-127.6
XX_0092,481.2,1387.7,2685.1,24.6,-36.8,-4.6
XX_0093,314.2,1941.2,2633.5,79.6,304.9,54.6
XX_0094,710.8,1197.9,2462.9,97.3,53.6,45.7
