inputfile,outputfile,vowel,interval,duration,start,end,previous_sound,next_sound,omit,stress,word,word_interval,word_start,word_end,previous_word,next_word
12345678M_mono,12345678M_mono_0001,OW,3,0.07000000000000028,5.3899,5.4599,S,DH,0,1,so,2,5.2599,5.4599,-,this
12345678M_mono,12345678M_mono_0002,IH,5,0.0600000000000005,5.5199,5.5799,DH,S,0,1,this,3,5.4599,5.7099,so,morning
12345678M_mono,12345678M_mono_0003,AO,8,0.04999999999999982,5.7599,5.8099,M,R,0,1,morning,4,5.7099,6.1499,this,-
12345678M_mono,12345678M_mono_0004,IH,11,0.1200000000000001,5.9199,6.0399,N,NG,0,0,morning,4,5.7099,6.1499,this,-
12345678M_mono,12345678M_mono_0005,AY,14,0.08000000000000007,6.6979,6.7779,-,W,0,1,i,6,6.6979,6.7779,-,woke
12345678M_mono,12345678M_mono_0006,OW,16,0.07000000000000028,6.8979,6.9679,W,K,0,1,woke,7,6.7779,7.0679,i,up
12345678M_mono,12345678M_mono_0007,AH,18,0.04999999999999982,7.0679,7.1179,K,P,0,1,up,8,7.0679,7.1679,woke,-
12345678M_mono,12345678M_mono_0008,EY,22,0.1299999999999999,7.4079,7.5379,L,T,0,1,late,10,7.1979,7.8679,-,-
12345678M_mono,12345678M_mono_0009,AE,25,0.1299999999999999,7.8967,8.0267,-,N,0,1,and,12,7.8967,8.1167,-,immediately
12345678M_mono,--,IH,28,0.02999999999999936,8.1167,8.1467,D,M,1,0,immediately,13,8.1167,8.6367,and,stubbbed
12345678M_mono,12345678M_mono_0010,IY,30,0.0600000000000005,8.2567,8.3167,M,D,0,1,immediately,13,8.1167,8.6367,and,stubbbed
12345678M_mono,12345678M_mono_0011,IY,32,0.08999999999999986,8.3467,8.4367,D,AH0,0,0,immediately,13,8.1167,8.6367,and,stubbbed
12345678M_mono,12345678M_mono_0012,AH,33,0.03999999999999915,8.4367,8.4767,IY0,T,0,0,immediately,13,8.1167,8.6367,and,stubbbed
12345678M_mono,12345678M_mono_0013,IY,36,0.06999999999999851,8.5667,8.6367,L,spn,0,0,immediately,13,8.1167,8.6367,and,stubbbed
12345678M_mono,12345678M_mono_0014,AY,39,0.07000000000000028,9.0267,9.0967,M,T,0,1,my,15,8.9467,9.0967,stubbbed,toe
12345678M_mono,12345678M_mono_0015,OW,41,0.0600000000000005,9.3067,9.3667,T,AA1,0,1,toe,16,9.0967,9.3667,my,on
12345678M_mono,12345678M_mono_0016,AA,42,0.07000000000000028,9.3667,9.4367,OW1,N,0,1,on,17,9.3667,9.4867,toe,the
12345678M_mono,--,AH,45,0.02999999999999936,9.5167,9.5467,DH,D,1,0,the,18,9.4867,9.5467,on,dresser
12345678M_mono,12345678M_mono_0017,EH,48,0.0600000000000005,9.6967,9.7567,R,S,0,1,dresser,19,9.5467,9.9467,the,-
12345678M_mono,12345678M_mono_0018,ER,50,0.0600000000000005,9.8867,9.9467,S,-,0,0,dresser,19,9.5467,9.9467,the,-
12345678M_mono,12345678M_mono_0019,EY,54,0.0600000000000005,10.86,10.92,R,T,0,1,great,21,10.8,10.98,-,start
12345678M_mono,12345678M_mono_0020,AA,58,0.05000000000000071,11.12,11.17,T,R,0,1,start,22,10.98,11.32,great,-
12345678M_mono,12345678M_mono_0021,AY,63,0.10999999999999943,11.39,11.5,R,T,0,1,right,24,11.35,11.58,-,-
12345678M_mono,12345678M_mono_0022,AY,66,0.09999999999999964,12.8268,12.9268,-,G,0,1,i,26,12.8268,12.9268,-,grumbled
12345678M_mono,12345678M_mono_0023,AH,69,0.05000000000000071,13.1068,13.1568,R,M,0,1,grumbled,27,12.9268,13.4068,i,something
12345678M_mono,--,AH,72,0.009999999999999787,13.2568,13.2668,B,L,1,0,grumbled,27,12.9268,13.4068,i,something
12345678M_mono,12345678M_mono_0024,AH,76,0.049999999999998934,13.4968,13.5468,S,M,0,1,something,28,13.4068,13.7768,grumbled,half
12345678M_mono,12345678M_mono_0025,IH,79,0.0600000000000005,13.6668,13.7268,TH,NG,0,0,something,28,13.4068,13.7768,grumbled,half
12345678M_mono,12345678M_mono_0026,AE,82,0.08000000000000007,13.9768,14.0568,HH,F,0,1,half,29,13.7768,14.1868,something,conscious
12345678M_mono,12345678M_mono_0027,AA,85,0.08999999999999986,14.2868,14.3768,K,N,0,1,conscious,30,14.1868,14.9968,half,-
12345678M_mono,12345678M_mono_0028,AH,88,0.07000000000000028,14.5868,14.6568,SH,S,0,0,conscious,30,14.1868,14.9968,half,-
12345678M_mono,12345678M_mono_0029,AE,93,0.09999999999999964,15.1866,15.2866,R,B,0,1,grabbed,32,15.0966,15.3866,-,whatever
12345678M_mono,--,AH,97,0.02999999999999936,15.4166,15.4466,W,T,1,2,whatever,33,15.3866,15.6766,grabbed,shirt
12345678M_mono,12345678M_mono_0030,EH,99,0.08000000000000007,15.4766,15.5566,T,V,0,1,whatever,33,15.3866,15.6766,grabbed,shirt
12345678M_mono,12345678M_mono_0031,ER,101,0.0600000000000005,15.6166,15.6766,V,SH,0,0,whatever,33,15.3866,15.6766,grabbed,shirt
12345678M_mono,12345678M_mono_0032,ER,103,0.07000000000000028,15.8666,15.9366,SH,T,0,1,shirt,34,15.6766,15.9966,whatever,was
12345678M_mono,12345678M_mono_0033,AH,106,0.03999899999999812,16.0466,16.086599,W,Z,0,0,was,35,15.9966,16.166599,shirt,clean
12345678M_mono,12345678M_mono_0034,IY,110,0.04999999999999716,16.3866,16.4366,L,N,0,1,clean,36,16.166599,16.506599,was,ish
12345678M_mono,12345678M_mono_0035,IH,112,0.07000000000000028,16.506599,16.576599,N,SH,0,1,ish,37,16.506599,16.6966,clean,and
12345678M_mono,12345678M_mono_0036,AH,114,0.030000999999998612,16.6966,16.726601,SH,N,0,0,and,38,16.6966,16.7866,ish,headed
12345678M_mono,12345678M_mono_0037,EH,118,0.030000999999998612,17.006599,17.0366,HH,D,0,1,headed,39,16.7866,17.156599,and,out
12345678M_mono,12345678M_mono_0038,IH,120,0.059999000000001246,17.066601,17.1266,D,D,0,0,headed,39,16.7866,17.156599,and,out
12345678M_mono,12345678M_mono_0039,AW,122,0.11000100000000046,17.156599,17.2666,D,T,0,1,out,40,17.156599,17.3013,headed,-
12345678M_mono,12345678M_mono_0040,AY,127,0.13999899999999954,18.471001,18.611,K,L,0,1,sky,42,18.261,18.611,-,looked
12345678M_mono,--,UH,129,0.029999999999997584,18.681,18.711,L,K,1,1,looked,43,18.611,18.861,sky,weird
12345678M_mono,12345678M_mono_0041,IH,133,0.11000100000000046,18.910999,19.021,W,R,0,1,weird,44,18.861,19.171,looked,-
12345678M_mono,--,AH,137,0.02999900000000011,19.669201,19.6992,-,N,1,0,and,46,19.669201,19.7792,-,that
12345678M_mono,12345678M_mono_0042,AE,141,0.04999899999999968,19.819201,19.8692,DH,T,0,1,that,47,19.7792,19.939199,and,shade
12345678M_mono,12345678M_mono_0043,EY,144,0.09999999999999787,20.089199,20.189199,SH,D,0,1,shade,48,19.939199,20.2292,that,of
12345678M_mono,12345678M_mono_0044,AH,146,0.05000000000000071,20.2292,20.2792,D,V,0,0,of,49,20.2292,20.3692,shade,blue
12345678M_mono,12345678M_mono_0045,UW,150,0.08999999999999986,20.4492,20.5392,L,G,0,1,blue,50,20.3692,20.5392,of,gray
12345678M_mono,12345678M_mono_0046,EY,153,0.19000099999999875,20.679199,20.8692,R,DH,0,1,gray,51,20.5392,20.8692,blue,that
12345678M_mono,12345678M_mono_0047,AE,155,0.059999000000001246,20.9592,21.019199,DH,T,0,1,that,52,20.8692,21.069201,gray,makes
12345678M_mono,12345678M_mono_0048,EY,158,0.10000000000000142,21.1192,21.2192,M,K,0,1,makes,53,21.069201,21.339199,that,you
12345678M_mono,12345678M_mono_0049,UW,162,0.11999899999999997,21.409201,21.5292,Y,-,0,1,you,54,21.339199,21.5292,makes,-
12345678M_mono,12345678M_mono_0050,EH,166,0.05999999999999872,21.7192,21.7792,W,S,0,1,question,56,21.589199,22.319201,-,-
12345678M_mono,12345678M_mono_0051,AH,169,0.10999800000000093,22.069201,22.179199,CH,N,0,0,question,56,21.589199,22.319201,-,-
12345678M_mono,12345678M_mono_0052,IH,172,0.03999899999999812,22.503,22.542999,-,F,0,0,if,58,22.503,22.643,-,it's
12345678M_mono,12345678M_mono_0053,IH,174,0.040001000000000175,22.643,22.683001,F,T,0,0,it's,59,22.643,22.872999,if,about
12345678M_mono,12345678M_mono_0054,AH,177,0.030000999999998612,22.872999,22.903,S,B,0,0,about,60,22.872999,23.193001,it's,-
12345678M_mono,12345678M_mono_0055,AW,179,0.1000009999999989,23.003,23.103001,B,T,0,1,about,60,22.872999,23.193001,it's,-
12345678M_mono,12345678M_mono_0056,AH,183,0.03999899999999812,23.413,23.452999,T,R,0,0,to,62,23.333,23.452999,-,rain
12345678M_mono,12345678M_mono_0057,EY,185,0.13999899999999954,23.563,23.702999,R,N,0,1,rain,63,23.452999,23.782999,to,or
12345678M_mono,12345678M_mono_0058,ER,187,0.16000199999999865,23.782999,23.943001,N,-,0,0,or,64,23.782999,23.943001,rain,-
12345678M_mono,12345678M_mono_0059,AA,190,0.04999899999999968,24.003,24.052999,N,T,0,1,not,66,23.973,24.122999,-,-
12345678M_mono,12345678M_mono_0060,AY,193,0.040001000000000175,25.4625,25.502501,-,S,0,1,i,68,25.4625,25.502501,-,stopped
12345678M_mono,12345678M_mono_0061,AA,196,0.1000009999999989,25.6525,25.752501,T,P,0,1,stopped,69,25.502501,25.8325,i,by
12345678M_mono,12345678M_mono_0062,AY,200,0.06000200000000078,25.862499,25.922501,B,DH,0,1,by,70,25.8325,25.922501,stopped,the
12345678M_mono,12345678M_mono_0063,AH,202,0.05999999999999872,25.9825,26.0425,DH,K,0,0,the,71,25.922501,26.0425,by,corner
12345678M_mono,12345678M_mono_0064,AO,204,0.030000999999998612,26.192499,26.2225,K,R,0,1,corner,72,26.0425,26.372499,the,store
12345678M_mono,12345678M_mono_0065,ER,207,0.059999000000001246,26.3125,26.372499,N,S,0,0,corner,72,26.0425,26.372499,the,store
12345678M_mono,12345678M_mono_0066,AO,210,0.08000000000000185,26.522499,26.602499,T,R,0,1,store,73,26.372499,26.692499,corner,to
12345678M_mono,12345678M_mono_0067,AH,213,0.030000999999998612,26.782499,26.8125,T,G,0,0,to,74,26.692499,26.8125,store,grab
12345678M_mono,12345678M_mono_0068,AE,216,0.07000199999999879,26.942499,27.012501,R,B,0,1,grab,75,26.8125,27.092501,to,a
12345678M_mono,--,AH,218,0.029998000000002634,27.092501,27.122499,B,T,1,0,a,76,27.092501,27.122499,grab,toasted
12345678M_mono,12345678M_mono_0069,OW,220,0.03999900000000167,27.3125,27.352499,T,S,0,1,toasted,77,27.122499,27.622499,a,bagel
12345678M_mono,12345678M_mono_0070,IH,223,0.030000999999998612,27.532499,27.5625,T,D,0,0,toasted,77,27.122499,27.622499,a,bagel
12345678M_mono,12345678M_mono_0071,EY,226,0.13999999999999702,27.6625,27.8025,B,G,0,1,bagel,78,27.622499,27.9625,toasted,and
12345678M_mono,12345678M_mono_0072,AH,228,0.0799999999999983,27.852501,27.932501,G,L,0,0,bagel,78,27.622499,27.9625,toasted,and
12345678M_mono,12345678M_mono_0073,AH,230,0.059999000000001246,27.9625,28.022499,L,N,0,0,and,79,27.9625,28.092501,bagel,-
12345678M_mono,12345678M_mono_0074,AO,234,0.03999900000000167,28.1525,28.192499,-,R,0,1,orange,81,28.1525,28.522499,-,juice
12345678M_mono,12345678M_mono_0075,AH,236,0.10000000000000142,28.2225,28.3225,R,N,0,0,orange,81,28.1525,28.522499,-,juice
12345678M_mono,12345678M_mono_0076,UW,240,0.11999899999999997,28.592501,28.7125,JH,S,0,1,juice,82,28.522499,28.862499,orange,-
12345678M_mono,12345678M_mono_0077,AH,244,0.06999899999999926,29.2645,29.334499,B,T,0,1,but,84,29.234501,29.3645,-,-
12345678M_mono,12345678M_mono_0078,EY,248,0.0600010000000033,29.6745,29.734501,DH,W,0,1,they,86,29.6245,29.734501,-,were
12345678M_mono,12345678M_mono_0079,ER,250,0.08999999999999986,29.7745,29.8645,W,AW1,0,0,were,87,29.734501,29.8645,they,out
12345678M_mono,12345678M_mono_0080,AW,251,0.12999900000000153,29.8645,29.994499,ER0,T,0,1,out,88,29.8645,30.0245,were,of
12345678M_mono,12345678M_mono_0081,AH,253,0.040001000000000175,30.0245,30.064501,T,V,0,0,of,89,30.0245,30.1245,out,both
12345678M_mono,12345678M_mono_0082,OW,256,0.11000100000000046,30.164499,30.2745,B,TH,0,1,both,90,30.1245,30.404499,of,-
12345678M_mono,12345678M_mono_0083,IY,260,0.030000000000001137,31.3755,31.4055,DH,K,0,0,the,92,31.345501,31.4055,-,cashier
12345678M_mono,12345678M_mono_0084,AE,262,0.08999999999999986,31.505501,31.595501,K,SH,0,0,cashier,93,31.4055,31.865499,the,joked
12345678M_mono,12345678M_mono_0085,IH,264,0.059999000000001246,31.755501,31.8155,SH,R,0,1,cashier,93,31.4055,31.865499,the,joked
12345678M_mono,12345678M_mono_0086,OW,267,0.10999799999999738,31.9555,32.065498,JH,K,0,1,joked,94,31.865499,32.2355,cashier,-
12345678M_mono,12345678M_mono_0087,IH,271,0.05999800000000022,33.151001,33.210999,-,T,0,1,it's,96,33.151001,33.331001,-,monday
12345678M_mono,12345678M_mono_0088,AH,275,0.04999899999999968,33.361,33.410999,M,N,0,1,monday,97,33.331001,33.611,it's,energy
12345678M_mono,12345678M_mono_0089,EY,278,0.09999799999999937,33.511002,33.611,D,EH1,0,2,monday,97,33.331001,33.611,it's,energy
12345678M_mono,12345678M_mono_0090,EH,279,0.04999899999999968,33.611,33.660999,EY2,N,0,1,energy,98,33.611,34.011002,monday,-
12345678M_mono,12345678M_mono_0091,ER,281,0.07000000000000028,33.730999,33.800999,N,JH,0,0,energy,98,33.611,34.011002,monday,-
12345678M_mono,12345678M_mono_0092,IY,283,0.1100009999999969,33.901001,34.011002,JH,-,0,0,energy,98,33.611,34.011002,monday,-
12345678M_mono,--,AH,285,0.029998999999996556,35.032501,35.0625,-,N,1,0,and,100,35.032501,35.122501,-,i
12345678M_mono,12345678M_mono_0093,AY,288,0.04999999999999716,35.122501,35.172501,D,HH,0,1,i,101,35.122501,35.172501,and,half
12345678M_mono,12345678M_mono_0094,AE,290,0.0899999999999963,35.272499,35.362499,HH,F,0,1,half,102,35.172501,35.462502,i,laughed
12345678M_mono,12345678M_mono_0095,AE,293,0.11000000000000654,35.5425,35.6525,L,F,0,1,laughed,103,35.462502,35.752499,half,because
12345678M_mono,--,IH,297,0.029998000000006186,35.7925,35.822498,B,K,1,0,because,104,35.752499,36.092499,laughed,yeah
12345678M_mono,12345678M_mono_0096,AH,299,0.08000200000000035,35.8825,35.962502,K,Z,0,0,because,104,35.752499,36.092499,laughed,yeah
12345678M_mono,12345678M_mono_0097,AE,302,0.10999600000000243,36.212502,36.322498,Y,T,0,1,yeah,105,36.092499,36.322498,because,true
12345678M_mono,12345678M_mono_0098,UW,305,0.20999900000000338,36.612499,36.822498,R,-,0,1,true,106,36.322498,36.822498,yeah,-
12345678M_mono,12345678M_mono_0099,AY,307,0.26000200000000007,37.238098,37.4981,-,-,0,1,i,108,37.238098,37.4981,-,-
12345678M_mono,12345678M_mono_0100,UH,310,0.060001999999997224,37.790798,37.8508,T,K,0,1,took,110,37.740799,37.910801,-,a
12345678M_mono,12345678M_mono_0101,AH,312,0.04999899999999968,37.910801,37.9608,K,S,0,0,a,111,37.910801,37.9608,took,seat
12345678M_mono,12345678M_mono_0102,IY,314,0.11999800000000249,38.1008,38.220798,S,T,0,1,seat,112,37.9608,38.290798,a,-
12345678M_mono,12345678M_mono_0103,IH,318,0.05999699999999564,38.450802,38.510799,N,R,0,1,near,114,38.3908,38.570801,-,the
12345678M_mono,12345678M_mono_0104,AH,321,0.04999899999999968,38.6008,38.650799,DH,W,0,0,the,115,38.570801,38.650799,near,windows
12345678M_mono,12345678M_mono_0105,IH,323,0.04000099999999662,38.740799,38.7808,W,N,0,1,windows,116,38.650799,39.1008,the,scrolled
12345678M_mono,12345678M_mono_0106,OW,326,0.13000100000000003,38.880798,39.010799,D,Z,0,0,windows,116,38.650799,39.1008,the,scrolled
12345678M_mono,12345678M_mono_0107,OW,331,0.13000100000000003,39.3708,39.500801,R,L,0,1,scrolled,117,39.1008,39.560799,windows,my
12345678M_mono,12345678M_mono_0108,AY,335,0.14999800000000363,39.660801,39.810799,M,F,0,1,my,118,39.560799,39.810799,scrolled,phone
12345678M_mono,12345678M_mono_0109,OW,337,0.15000099999999605,39.990799,40.1408,F,N,0,1,phone,119,39.810799,40.324402,my,-
12345678M_mono,12345678M_mono_0110,AE,340,0.07000399999999729,41.504398,41.574402,-,N,0,1,and,121,41.504398,41.634399,-,overheard
12345678M_mono,12345678M_mono_0111,OW,343,0.04000099999999662,41.634399,41.6744,D,V,0,1,overheard,122,41.634399,42.044399,and,someone
12345678M_mono,12345678M_mono_0112,ER,345,0.0699989999999957,41.7244,41.794399,V,HH,0,0,overheard,122,41.634399,42.044399,and,someone
12345678M_mono,12345678M_mono_0113,ER,347,0.07000000000000028,41.9244,41.9944,HH,D,0,1,overheard,122,41.634399,42.044399,and,someone
12345678M_mono,12345678M_mono_0114,AH,350,0.039996999999999616,42.144402,42.184399,S,M,0,1,someone,123,42.044399,42.354401,overheard,say
12345678M_mono,--,AH,353,0.029998999999996556,42.2644,42.294399,W,N,1,2,someone,123,42.044399,42.354401,overheard,say
12345678M_mono,12345678M_mono_0115,EY,356,0.2299989999999994,42.484402,42.714401,S,-,0,1,say,124,42.354401,42.714401,someone,-
12345678M_mono,--,IY,359,0.029998999999996556,43.8391,43.869099,DH,JH,1,0,the,126,43.789101,43.869099,-,giraffe
12345678M_mono,12345678M_mono_0116,ER,361,0.09999799999999937,43.9991,44.099098,JH,AE1,0,0,giraffe,127,43.869099,44.419102,the,exhibition
12345678M_mono,12345678M_mono_0117,AE,362,0.1400030000000001,44.099098,44.239101,ER0,F,0,1,giraffe,127,43.869099,44.419102,the,exhibition
12345678M_mono,--,EH,364,0.02999799999999908,44.419102,44.4491,F,K,1,2,exhibition,128,44.419102,45.0467,giraffe,-
12345678M_mono,12345678M_mono_0118,AH,367,0.04000099999999662,44.5891,44.629101,S,B,0,0,exhibition,128,44.419102,45.0467,giraffe,-
12345678M_mono,12345678M_mono_0119,IH,369,0.15000100000000316,44.7491,44.899101,B,SH,0,1,exhibition,128,44.419102,45.0467,giraffe,-
12345678M_mono,--,AH,371,0.02999900000000366,44.989101,45.0191,SH,N,1,0,exhibition,128,44.419102,45.0467,giraffe,-
12345678M_mono,12345678M_mono_0120,IH,374,0.050003000000003794,45.359798,45.409801,-,G,0,0,exhibit,130,45.359798,45.979801,-,-
12345678M_mono,12345678M_mono_0121,IH,377,0.07000000000000028,45.549801,45.619801,Z,B,0,1,exhibit,130,45.359798,45.979801,-,-
12345678M_mono,12345678M_mono_0122,IH,379,0.09999799999999937,45.709801,45.809799,B,T,0,0,exhibit,130,45.359798,45.979801,-,-
12345678M_mono,12345678M_mono_0123,OW,382,0.04999899999999968,46.249802,46.299801,-,P,0,1,opens,132,46.249802,46.589802,-,at
12345678M_mono,12345678M_mono_0124,AH,384,0.04999899999999968,46.4198,46.469799,P,N,0,0,opens,132,46.249802,46.589802,-,at
12345678M_mono,12345678M_mono_0125,AE,387,0.07999800000000334,46.589802,46.6698,Z,T,0,1,at,133,46.589802,46.729801,opens,noon
12345678M_mono,12345678M_mono_0126,UW,390,0.13000100000000003,46.769798,46.899799,N,N,0,1,noon,134,46.729801,46.989799,at,-
12345678M_mono,--,IH,394,0.029998999999996556,48.4949,48.524899,W,CH,1,1,which,136,48.464901,48.564899,-,felt
12345678M_mono,12345678M_mono_0127,EH,397,0.06000099999999975,48.6549,48.714901,F,L,0,1,felt,137,48.564899,48.774899,which,oddly
12345678M_mono,12345678M_mono_0128,AA,400,0.15000100000000316,48.774899,48.9249,T,D,0,1,oddly,138,48.774899,49.0849,felt,profound
12345678M_mono,12345678M_mono_0129,IY,403,0.06000099999999975,49.024899,49.0849,L,P,0,0,oddly,138,48.774899,49.0849,felt,profound
12345678M_mono,--,OW,406,0.029998999999996556,49.234901,49.2649,R,F,1,0,profound,139,49.0849,49.694901,oddly,at
12345678M_mono,12345678M_mono_0130,AW,408,0.14999699999999905,49.414902,49.564899,F,N,0,1,profound,139,49.0849,49.694901,oddly,at
12345678M_mono,12345678M_mono_0131,AE,411,0.07999799999999624,49.694901,49.774899,D,T,0,1,at,140,49.694901,49.864899,profound,the
12345678M_mono,--,AH,414,0.029998999999996556,49.9249,49.954899,DH,T,1,0,the,141,49.864899,49.954899,at,time
12345678M_mono,12345678M_mono_0132,AY,416,0.19000199999999978,50.204899,50.394901,T,M,0,1,time,142,49.954899,50.4249,the,-
12345678M_mono,12345678M_mono_0133,AE,419,0.0699989999999957,51.140202,51.210201,-,F,0,1,after,144,51.140202,51.530201,-,-
12345678M_mono,12345678M_mono_0134,ER,422,0.17000199999999666,51.360199,51.530201,T,-,0,0,after,144,51.140202,51.530201,-,-
12345678M_mono,12345678M_mono_0135,UW,426,0.030003000000000668,51.794399,51.824402,Y,B,0,1,few,146,51.714401,51.824402,-,bites
12345678M_mono,12345678M_mono_0136,AY,428,0.09999900000000395,51.9244,52.024399,B,T,0,1,bites,147,51.824402,52.1544,few,of
12345678M_mono,--,AH,431,0.029998999999996556,52.1544,52.184399,S,V,1,0,of,148,52.1544,52.2244,bites,something
12345678M_mono,--,AH,434,0.02999799999999908,52.3144,52.344398,S,M,1,1,something,149,52.2244,52.644402,of,-
12345678M_mono,12345678M_mono_0137,IH,437,0.04999899999999968,52.464401,52.5144,TH,NG,0,0,something,149,52.2244,52.644402,of,-
12345678M_mono,12345678M_mono_0138,EY,441,0.21000000000000085,52.7644,52.9744,V,G,0,1,vaguely,151,52.6744,53.364399,-,egg
12345678M_mono,12345678M_mono_0139,IY,444,0.18999900000000025,53.1744,53.364399,L,EH1,0,0,vaguely,151,52.6744,53.364399,-,egg
12345678M_mono,12345678M_mono_0140,EH,445,0.10000200000000348,53.364399,53.464401,IY0,G,0,1,egg,152,53.364399,53.534401,vaguely,shaped
12345678M_mono,12345678M_mono_0141,EY,448,0.09000000000000341,53.644402,53.734402,SH,P,0,1,shaped,153,53.534401,53.884399,egg,-
12345678M_mono,12345678M_mono_0142,AY,452,0.09000000000000341,54.400299,54.490299,-,W,0,1,i,155,54.400299,54.490299,-,wandered
12345678M_mono,12345678M_mono_0143,AA,454,0.0699989999999957,54.590302,54.660301,W,N,0,1,wandered,156,54.490299,54.830299,i,to
12345678M_mono,12345678M_mono_0144,ER,457,0.030003000000000668,54.740299,54.770302,D,D,0,0,wandered,156,54.490299,54.830299,i,to
12345678M_mono,12345678M_mono_0145,AH,460,0.05000299999999669,54.880299,54.930302,T,DH,0,0,to,157,54.830299,54.930302,wandered,the
12345678M_mono,12345678M_mono_0146,AH,462,0.030003000000000668,54.990299,55.020302,DH,P,0,0,the,158,54.930302,55.020302,to,park
12345678M_mono,12345678M_mono_0147,AA,464,0.039996999999999616,55.160301,55.200298,P,R,0,1,park,159,55.020302,55.430302,the,-
12345678M_mono,--,EY,468,0.02999799999999908,56.931702,56.9617,-,K,1,1,a,161,56.931702,56.9617,-,kid
12345678M_mono,12345678M_mono_0148,IH,470,0.060001999999997224,57.081699,57.141701,K,D,0,1,kid,162,56.9617,57.221699,a,zoomed
12345678M_mono,12345678M_mono_0149,UW,473,0.09999899999999684,57.2817,57.381699,Z,M,0,1,zoomed,163,57.221699,57.481701,kid,by
12345678M_mono,12345678M_mono_0150,AY,477,0.15000100000000316,57.5117,57.661701,B,AA1,0,1,by,164,57.481701,57.661701,zoomed,on
12345678M_mono,12345678M_mono_0151,AA,478,0.04999899999999968,57.661701,57.7117,AY1,N,0,1,on,165,57.661701,57.7617,by,a
12345678M_mono,12345678M_mono_0152,AH,480,0.04999899999999968,57.7617,57.811699,N,S,0,0,a,166,57.7617,57.811699,on,scooter
12345678M_mono,12345678M_mono_0153,UW,483,0.04000099999999662,57.9617,58.001701,K,T,0,1,scooter,167,57.811699,58.061699,a,yelling
12345678M_mono,--,ER,485,0.029998999999996556,58.0317,58.061699,T,Y,1,0,scooter,167,57.811699,58.061699,a,yelling
12345678M_mono,12345678M_mono_0154,EH,487,0.05999700000000274,58.141701,58.201698,Y,L,0,1,yelling,168,58.061699,58.361698,scooter,-
12345678M_mono,12345678M_mono_0155,IH,489,0.06000200000000433,58.241699,58.301701,L,NG,0,0,yelling,168,58.061699,58.361698,scooter,-
12345678M_mono,12345678M_mono_0156,UW,493,0.04999899999999968,58.651699,58.701698,Z,M,0,1,zoom,170,58.541698,58.841702,-,zoom
12345678M_mono,12345678M_mono_0157,UW,496,0.07999799999999624,58.911701,58.991699,Z,M,0,1,zoom,171,58.841702,59.1717,zoom,-
12345678M_mono,12345678M_mono_0158,AY,500,0.04999999999999716,60.415199,60.465199,L,K,0,1,like,173,60.375198,60.5252,-,it
12345678M_mono,--,IH,502,0.02999900000000366,60.5252,60.555199,K,W,1,0,it,174,60.5252,60.555199,like,was
12345678M_mono,--,AH,504,0.02999900000000366,60.585201,60.6152,W,Z,1,0,was,175,60.555199,60.6852,it,a
12345678M_mono,12345678M_mono_0159,AH,506,0.06000099999999975,60.6852,60.745201,Z,S,0,0,a,176,60.6852,60.745201,was,sound
12345678M_mono,12345678M_mono_0160,AW,508,0.0899999999999963,60.8652,60.9552,S,N,0,1,sound,177,60.745201,61.0452,a,effect
12345678M_mono,--,AH,511,0.029998999999996556,61.0452,61.075199,D,F,1,0,effect,178,61.0452,61.335201,sound,that
12345678M_mono,12345678M_mono_0161,EH,513,0.07000000000000028,61.175201,61.245201,F,K,0,1,effect,178,61.0452,61.335201,sound,that
12345678M_mono,12345678M_mono_0162,AE,517,0.0699989999999957,61.385201,61.4552,DH,T,0,1,that,179,61.335201,61.495201,effect,-
12345678M_mono,12345678M_mono_0163,AH,521,0.0699989999999957,61.805199,61.875198,S,M,0,1,summoned,181,61.645199,62.135201,-,speed
12345678M_mono,12345678M_mono_0164,AH,523,0.03999999999999915,61.965199,62.005199,M,N,0,0,summoned,181,61.645199,62.135201,-,speed
12345678M_mono,12345678M_mono_0165,IY,528,0.07000000000000028,62.325199,62.395199,P,D,0,1,speed,182,62.135201,62.475201,summoned,-
12345678M_mono,12345678M_mono_0166,AY,531,0.04999899999999968,63.6777,63.727699,-,S,0,1,i,184,63.6777,63.727699,-,sat
12345678M_mono,12345678M_mono_0167,AE,533,0.0899999999999963,63.877701,63.967701,S,T,0,1,sat,185,63.727699,64.0177,i,-
12345678M_mono,12345678M_mono_0168,AH,536,0.07000000000000739,64.047699,64.117699,-,N,0,1,under,187,64.047699,64.277702,-,a
12345678M_mono,12345678M_mono_0169,ER,539,0.06999900000000991,64.207703,64.277702,D,AH0,0,0,under,187,64.047699,64.277702,-,a
12345678M_mono,12345678M_mono_0170,AH,540,0.049995999999993046,64.277702,64.327698,ER0,T,0,0,a,188,64.277702,64.327698,under,tree
12345678M_mono,12345678M_mono_0171,IY,543,0.1800010000000043,64.567703,64.747704,R,L,0,1,tree,189,64.327698,64.747704,a,listened
12345678M_mono,12345678M_mono_0172,IH,545,0.050003000000003794,64.8377,64.887703,L,S,0,1,listened,190,64.747704,65.077698,tree,to
12345678M_mono,--,AH,547,0.02999900000000366,64.987701,65.0177,S,N,1,0,listened,190,64.747704,65.077698,tree,to
12345678M_mono,12345678M_mono_0173,AH,551,0.039992999999995504,65.137703,65.177696,T,DH,0,0,to,191,65.077698,65.177696,listened,the
12345678M_mono,12345678M_mono_0174,AH,553,0.04000099999998952,65.257698,65.297699,DH,B,0,0,the,192,65.177696,65.297699,to,breeze
12345678M_mono,12345678M_mono_0175,IY,556,0.1999969999999962,65.5177,65.717697,R,Z,0,1,breeze,193,65.297699,65.787697,the,-
12345678M_mono,--,AH,559,0.029998000000006186,65.895203,65.925201,-,N,1,0,and,195,65.895203,65.985199,-,watched
12345678M_mono,12345678M_mono_0176,AA,563,0.09999799999999937,66.0252,66.125198,W,CH,0,1,watched,196,65.985199,66.285202,and,a
12345678M_mono,12345678M_mono_0177,AH,566,0.04000100000000373,66.285202,66.325203,T,Y,0,0,a,197,66.285202,66.325203,watched,yellow
12345678M_mono,12345678M_mono_0178,EH,568,0.049995999999993046,66.425201,66.475197,Y,L,0,1,yellow,198,66.325203,66.5952,a,-
12345678M_mono,12345678M_mono_0179,OW,570,0.07000000000000739,66.5252,66.5952,L,-,0,0,yellow,198,66.325203,66.5952,a,-
12345678M_mono,--,AH,573,0.010002999999997542,66.675201,66.685204,B,L,1,0,balloon,200,66.635201,66.945198,-,-
12345678M_mono,--,UW,575,0.02999900000000366,66.7752,66.805199,L,N,1,1,balloon,200,66.635201,66.945198,-,-
12345678M_mono,--,IH,579,0.02999900000000366,67.0252,67.055199,G,T,1,1,get,202,66.975197,67.135201,-,tangled
12345678M_mono,--,AE,582,0.02999900000000366,67.265198,67.295197,T,NG,1,1,tangled,203,67.135201,67.495201,get,in
12345678M_mono,12345678M_mono_0180,AH,585,0.04000100000000373,67.395203,67.435204,G,L,0,0,tangled,203,67.135201,67.495201,get,in
12345678M_mono,12345678M_mono_0181,IH,588,0.04000100000000373,67.495201,67.535202,D,N,0,0,in,204,67.495201,67.5952,tangled,a
12345678M_mono,12345678M_mono_0182,AH,590,0.05999699999999564,67.5952,67.655197,N,P,0,0,a,205,67.5952,67.655197,in,power
12345678M_mono,--,AW,592,0.029998000000006186,67.885201,67.915199,P,ER0,1,1,power,206,67.655197,67.965202,a,-
12345678M_mono,12345678M_mono_0183,ER,593,0.050003000000003794,67.915199,67.965202,AW1,-,0,0,power,206,67.655197,67.965202,a,-
12345678M_mono,12345678M_mono_0184,AY,596,0.11999500000000296,68.075203,68.195198,L,N,0,1,line,208,68.045197,68.245201,-,-
12345678M_mono,12345678M_mono_0185,IH,600,0.0699989999999957,70.077599,70.147598,W,R,0,1,weird,210,70.037598,70.267601,-,morning
12345678M_mono,12345678M_mono_0186,AO,604,0.04000099999998952,70.337601,70.377602,M,R,0,1,morning,211,70.267601,70.637604,weird,-
12345678M_mono,12345678M_mono_0187,IH,607,0.050003000000003794,70.4776,70.527603,N,NG,0,0,morning,211,70.267601,70.637604,weird,-
12345678M_mono,--,AH,611,0.02999899999998945,70.928802,70.958801,B,AA1,1,1,but,213,70.898804,70.958801,-,honestly
12345678M_mono,12345678M_mono_0188,AA,612,0.08000200000000746,70.958801,71.038803,AH1,N,0,1,honestly,214,70.958801,71.4188,but,-
12345678M_mono,12345678M_mono_0189,AH,614,0.050003000000003794,71.088799,71.138802,N,S,0,0,honestly,214,70.958801,71.4188,but,-
12345678M_mono,12345678M_mono_0190,IY,617,0.10999999999999943,71.3088,71.4188,L,-,0,0,honestly,214,70.958801,71.4188,but,-
12345678M_mono,12345678M_mono_0191,AA,620,0.04000100000000373,71.858498,71.898499,N,T,0,1,not,216,71.828499,71.998497,-,the
12345678M_mono,--,AH,623,0.02999900000000366,72.028503,72.058502,DH,-,1,0,the,217,71.998497,72.058502,not,-
12345678M_mono,12345678M_mono_0192,ER,626,0.03999999999999204,72.148499,72.188499,W,S,0,1,worst,219,72.1185,72.448502,-,-
1JCR8D9J7_mono,1JCR8D9J7_mono_0001,OW,3,0.04999999999999982,2.9594,3.0094,S,DH,0,1,so,2,2.8994,3.0094,-,this
1JCR8D9J7_mono,1JCR8D9J7_mono_0002,IH,5,0.04999999999999982,3.0594,3.1094,DH,S,0,1,this,3,3.0094,3.1794,so,morning
1JCR8D9J7_mono,1JCR8D9J7_mono_0003,AO,8,0.050000000000000266,3.2394,3.2894,M,R,0,1,morning,4,3.1794,3.5194,this,-
1JCR8D9J7_mono,1JCR8D9J7_mono_0004,IH,11,0.04999999999999982,3.3894,3.4394,N,NG,0,0,morning,4,3.1794,3.5194,this,-
1JCR8D9J7_mono,1JCR8D9J7_mono_0005,AY,14,0.06000000000000005,3.8967,3.9567,-,W,0,1,i,6,3.8967,3.9567,-,woke
1JCR8D9J7_mono,1JCR8D9J7_mono_0006,OW,16,0.05999999999999961,4.0667,4.1267,W,K,0,1,woke,7,3.9567,4.1967,i,up
1JCR8D9J7_mono,1JCR8D9J7_mono_0007,AH,18,0.0600000000000005,4.1967,4.2567,K,P,0,1,up,8,4.1967,4.3367,woke,late
1JCR8D9J7_mono,1JCR8D9J7_mono_0008,EY,21,0.17999999999999972,4.4367,4.6167,L,AH0,0,1,late,9,4.3367,4.6167,up,and
1JCR8D9J7_mono,1JCR8D9J7_mono_0009,AH,22,0.0600000000000005,4.6167,4.6767,EY1,N,0,0,and,10,4.6167,4.7367,late,immediately
1JCR8D9J7_mono,1JCR8D9J7_mono_0010,IH,25,0.0600000000000005,4.7367,4.7967,D,M,0,0,immediately,11,4.7367,5.3367,and,stubbed
1JCR8D9J7_mono,1JCR8D9J7_mono_0011,IY,27,0.08000000000000007,4.9567,5.0367,M,D,0,1,immediately,11,4.7367,5.3367,and,stubbed
1JCR8D9J7_mono,1JCR8D9J7_mono_0012,IY,29,0.08000000000000007,5.0767,5.1567,D,AH0,0,0,immediately,11,4.7367,5.3367,and,stubbed
1JCR8D9J7_mono,1JCR8D9J7_mono_0013,AH,30,0.040000000000000036,5.1567,5.1967,IY0,T,0,0,immediately,11,4.7367,5.3367,and,stubbed
1JCR8D9J7_mono,1JCR8D9J7_mono_0014,IY,33,0.08000000000000007,5.2567,5.3367,L,S,0,0,immediately,11,4.7367,5.3367,and,stubbed
1JCR8D9J7_mono,1JCR8D9J7_mono_0015,AH,36,0.11000000000000032,5.5667,5.6767,T,B,0,1,stubbed,12,5.3367,5.7367,immediately,my
1JCR8D9J7_mono,1JCR8D9J7_mono_0016,AY,40,0.10000000000000053,5.7867,5.8867,M,T,0,1,my,13,5.7367,5.8867,stubbed,toe
1JCR8D9J7_mono,1JCR8D9J7_mono_0017,OW,42,0.08999999999999986,6.0267,6.1167,T,AA1,0,1,toe,14,5.8867,6.1167,my,on
1JCR8D9J7_mono,1JCR8D9J7_mono_0018,AA,43,0.07000000000000028,6.1167,6.1867,OW1,N,0,1,on,15,6.1167,6.2167,toe,the
1JCR8D9J7_mono,1JCR8D9J7_mono_0019,AH,46,0.03000000000000025,6.2467,6.2767,DH,D,0,0,the,16,6.2167,6.2767,on,dresser
1JCR8D9J7_mono,1JCR8D9J7_mono_0020,EH,49,0.05000000000000071,6.4167,6.4667,R,S,0,1,dresser,17,6.2767,6.7267,the,-
1JCR8D9J7_mono,1JCR8D9J7_mono_0021,ER,51,0.1299999999999999,6.5967,6.7267,S,-,0,0,dresser,17,6.2767,6.7267,the,-
1JCR8D9J7_mono,1JCR8D9J7_mono_0022,EY,55,0.040000000000000036,7.3153,7.3553,R,T,0,1,great,19,7.2653,7.3953,-,start
1JCR8D9J7_mono,1JCR8D9J7_mono_0023,AA,59,0.07000000000000028,7.5153,7.5853,T,R,0,1,start,20,7.3953,7.7953,great,-
1JCR8D9J7_mono,1JCR8D9J7_mono_0024,AY,64,0.11000000000000032,7.8553,7.9653,R,T,0,1,right,22,7.8253,7.9953,-,-
1JCR8D9J7_mono,1JCR8D9J7_mono_0025,AY,67,0.06999999999999851,9.0751,9.1451,-,G,0,1,i,24,9.0751,9.1451,-,grumbled
1JCR8D9J7_mono,1JCR8D9J7_mono_0026,AH,70,0.0600000000000005,9.2651,9.3251,R,M,0,1,grumbled,25,9.1451,9.4951,i,something
1JCR8D9J7_mono,--,AH,73,0.009999999999999787,9.4151,9.4251,B,L,1,0,grumbled,25,9.1451,9.4951,i,something
1JCR8D9J7_mono,1JCR8D9J7_mono_0027,AH,77,0.05000000000000071,9.5451,9.5951,S,M,0,1,something,26,9.4951,9.7751,grumbled,half
1JCR8D9J7_mono,1JCR8D9J7_mono_0028,IH,80,0.03999999999999915,9.6951,9.7351,TH,NG,0,0,something,26,9.4951,9.7751,grumbled,half
1JCR8D9J7_mono,1JCR8D9J7_mono_0029,AE,83,0.0600000000000005,9.8751,9.9351,HH,F,0,1,half,27,9.7751,10.0251,something,conscious
1JCR8D9J7_mono,1JCR8D9J7_mono_0030,AA,86,0.08000000000000007,10.1051,10.1851,K,N,0,1,conscious,28,10.0251,10.5451,half,-
1JCR8D9J7_mono,1JCR8D9J7_mono_0031,AH,89,0.0799999999999983,10.3251,10.4051,SH,S,0,0,conscious,28,10.0251,10.5451,half,-
1JCR8D9J7_mono,1JCR8D9J7_mono_0032,AE,94,0.10999999999999943,10.8583,10.9683,R,B,0,1,grabbed,30,10.7883,11.0483,-,whatever
1JCR8D9J7_mono,--,AH,98,0.02999999999999936,11.0783,11.1083,W,T,1,2,whatever,31,11.0483,11.3383,grabbed,shirt
1JCR8D9J7_mono,1JCR8D9J7_mono_0033,EH,100,0.0600000000000005,11.1383,11.1983,T,V,0,1,whatever,31,11.0483,11.3383,grabbed,shirt
1JCR8D9J7_mono,1JCR8D9J7_mono_0034,ER,102,0.10999999999999943,11.2283,11.3383,V,SH,0,0,whatever,31,11.0483,11.3383,grabbed,shirt
1JCR8D9J7_mono,1JCR8D9J7_mono_0035,ER,104,0.08000000000000007,11.4983,11.5783,SH,T,0,1,shirt,32,11.3383,11.6183,whatever,was
1JCR8D9J7_mono,--,AH,107,0.02999999999999936,11.6483,11.6783,W,Z,1,0,was,33,11.6183,11.7283,shirt,clean
1JCR8D9J7_mono,1JCR8D9J7_mono_0036,IY,111,0.040000000000000924,11.8883,11.9283,L,N,0,1,clean,34,11.7283,12.0483,was,ish
1JCR8D9J7_mono,1JCR8D9J7_mono_0037,IH,113,0.040000000000000924,12.0483,12.0883,N,SH,0,1,ish,35,12.0483,12.2483,clean,-
1JCR8D9J7_mono,1JCR8D9J7_mono_0038,AH,116,0.03999999999999915,12.3383,12.3783,-,N,0,0,and,37,12.3383,12.4383,-,headed
1JCR8D9J7_mono,1JCR8D9J7_mono_0039,EH,120,0.03999999999999915,12.5083,12.5483,HH,D,0,1,headed,38,12.4383,12.6983,and,out
1JCR8D9J7_mono,1JCR8D9J7_mono_0040,IH,122,0.07000000000000028,12.5983,12.6683,D,D,0,0,headed,38,12.4383,12.6983,and,out
1JCR8D9J7_mono,1JCR8D9J7_mono_0041,AW,124,0.15000000000000036,12.6983,12.8483,D,T,0,1,out,39,12.6983,12.8783,headed,-
1JCR8D9J7_mono,--,AH,128,0.009999999999999787,13.7548,13.7648,DH,S,1,0,the,41,13.7448,13.7648,-,sky
1JCR8D9J7_mono,1JCR8D9J7_mono_0042,AY,131,0.08000000000000007,13.8748,13.9548,K,L,0,1,sky,42,13.7648,13.9548,the,looked
1JCR8D9J7_mono,1JCR8D9J7_mono_0043,UH,133,0.0600000000000005,14.0148,14.0748,L,K,0,1,looked,43,13.9548,14.1948,sky,weird
1JCR8D9J7_mono,1JCR8D9J7_mono_0044,IH,137,0.05000000000000071,14.2248,14.2748,W,R,0,1,weird,44,14.1948,14.3948,looked,-
1JCR8D9J7_mono,1JCR8D9J7_mono_0045,AY,142,0.05000000000000071,14.7545,14.8045,L,K,0,1,like,46,14.7145,14.8445,-,that
1JCR8D9J7_mono,1JCR8D9J7_mono_0046,AE,145,0.07000000000000028,14.8845,14.9545,DH,T,0,1,that,47,14.8445,15.0045,like,shade
1JCR8D9J7_mono,1JCR8D9J7_mono_0047,EY,148,0.14999999999999858,15.1445,15.2945,SH,D,0,1,shade,48,15.0045,15.3245,that,of
1JCR8D9J7_mono,1JCR8D9J7_mono_0048,AH,150,0.15000000000000036,15.3245,15.4745,D,V,0,1,of,49,15.3245,15.5645,shade,blue
1JCR8D9J7_mono,1JCR8D9J7_mono_0049,UW,154,0.08000000000000007,15.6745,15.7545,L,G,0,1,blue,50,15.5645,15.7545,of,gray
1JCR8D9J7_mono,1JCR8D9J7_mono_0050,EY,157,0.08999999999999986,15.8545,15.9445,R,-,0,1,gray,51,15.7545,15.9445,blue,-
1JCR8D9J7_mono,1JCR8D9J7_mono_0051,AE,160,0.0799999999999983,16.0058,16.0858,DH,T,0,1,that,53,15.9758,16.1458,-,makes
1JCR8D9J7_mono,1JCR8D9J7_mono_0052,EY,163,0.059999000000001246,16.195801,16.2558,M,K,0,1,makes,54,16.1458,16.365801,that,you
1JCR8D9J7_mono,--,UW,167,0.029999999999997584,16.3958,16.4258,Y,K,1,1,you,55,16.365801,16.4258,makes,question
1JCR8D9J7_mono,1JCR8D9J7_mono_0053,EH,170,0.059999000000001246,16.5658,16.625799,W,S,0,1,question,56,16.4258,16.805799,you,if
1JCR8D9J7_mono,1JCR8D9J7_mono_0054,AH,173,0.05000100000000174,16.7258,16.775801,CH,N,0,0,question,56,16.4258,16.805799,you,if
1JCR8D9J7_mono,1JCR8D9J7_mono_0055,IH,175,0.06000200000000078,16.805799,16.865801,N,F,0,0,if,57,16.805799,16.8958,question,it's
1JCR8D9J7_mono,--,IH,177,0.029999999999997584,16.8958,16.9258,F,T,1,0,it's,58,16.8958,17.0058,if,about
1JCR8D9J7_mono,1JCR8D9J7_mono_0056,AH,180,0.04999899999999968,17.0058,17.055799,S,B,0,0,about,59,17.0058,17.275801,it's,to
1JCR8D9J7_mono,1JCR8D9J7_mono_0057,AW,182,0.1000009999999989,17.125799,17.2258,B,T,0,1,about,59,17.0058,17.275801,it's,to
1JCR8D9J7_mono,1JCR8D9J7_mono_0058,AH,185,0.05000000000000071,17.3458,17.3958,T,R,0,0,to,60,17.275801,17.3958,about,rain
1JCR8D9J7_mono,1JCR8D9J7_mono_0059,EY,187,0.10000000000000142,17.455799,17.555799,R,N,0,1,rain,61,17.3958,17.5858,to,or
1JCR8D9J7_mono,1JCR8D9J7_mono_0060,ER,189,0.08999999999999986,17.5858,17.6758,N,N,0,0,or,62,17.5858,17.6758,rain,not
1JCR8D9J7_mono,1JCR8D9J7_mono_0061,AA,191,0.11000100000000046,17.7558,17.865801,N,T,0,1,not,63,17.6758,17.9042,or,-
1JCR8D9J7_mono,1JCR8D9J7_mono_0062,AY,194,0.07000000000000028,18.7362,18.8062,-,S,0,1,i,65,18.7362,18.8062,-,stopped
1JCR8D9J7_mono,1JCR8D9J7_mono_0063,AA,197,0.120000000000001,18.9562,19.0762,T,P,0,1,stopped,66,18.8062,19.1462,i,by
1JCR8D9J7_mono,1JCR8D9J7_mono_0064,AY,201,0.09999799999999937,19.176201,19.276199,B,DH,0,1,by,67,19.1462,19.276199,stopped,the
1JCR8D9J7_mono,1JCR8D9J7_mono_0065,AH,203,0.07000000000000028,19.3262,19.3962,DH,K,0,1,the,68,19.276199,19.3962,by,corner
1JCR8D9J7_mono,--,AO,205,0.02999900000000011,19.506201,19.5362,K,R,1,1,corner,69,19.3962,19.666201,the,store
1JCR8D9J7_mono,1JCR8D9J7_mono_0066,ER,208,0.06000200000000078,19.606199,19.666201,N,S,0,0,corner,69,19.3962,19.666201,the,store
1JCR8D9J7_mono,1JCR8D9J7_mono_0067,AO,211,0.04999899999999968,19.7962,19.846199,T,R,0,1,store,70,19.666201,19.916201,corner,-
1JCR8D9J7_mono,1JCR8D9J7_mono_0068,AH,215,0.05999999999999872,19.9736,20.0336,T,G,0,0,to,72,19.9436,20.0336,-,grab
1JCR8D9J7_mono,1JCR8D9J7_mono_0069,AE,218,0.1499990000000011,20.153601,20.3036,R,B,0,1,grab,73,20.0336,20.3836,to,a
1JCR8D9J7_mono,1JCR8D9J7_mono_0070,AH,220,0.14999999999999858,20.3836,20.5336,B,T,0,0,a,74,20.3836,20.5336,grab,toasted
1JCR8D9J7_mono,1JCR8D9J7_mono_0071,OW,222,0.04999899999999968,20.7136,20.763599,T,S,0,1,toasted,75,20.5336,20.993601,a,bagel
1JCR8D9J7_mono,1JCR8D9J7_mono_0072,IH,225,0.08000000000000185,20.8736,20.9536,T,D,0,0,toasted,75,20.5336,20.993601,a,bagel
1JCR8D9J7_mono,1JCR8D9J7_mono_0073,EY,228,0.09999999999999787,21.0436,21.1436,B,G,0,1,bagel,76,20.993601,21.2836,toasted,and
1JCR8D9J7_mono,1JCR8D9J7_mono_0074,AH,230,0.040001000000000175,21.2036,21.243601,G,L,0,0,bagel,76,20.993601,21.2836,toasted,and
1JCR8D9J7_mono,1JCR8D9J7_mono_0075,AH,232,0.030000999999998612,21.2836,21.313601,L,N,0,0,and,77,21.2836,21.3736,bagel,orange
1JCR8D9J7_mono,1JCR8D9J7_mono_0076,AO,235,0.11000100000000046,21.3736,21.483601,D,R,0,1,orange,78,21.3736,21.7136,and,juice
1JCR8D9J7_mono,1JCR8D9J7_mono_0077,AH,237,0.030000999999998612,21.5336,21.563601,R,N,0,0,orange,78,21.3736,21.7136,and,juice
1JCR8D9J7_mono,1JCR8D9J7_mono_0078,UW,241,0.10000000000000142,21.7736,21.8736,JH,S,0,1,juice,79,21.7136,22.0536,orange,-
1JCR8D9J7_mono,1JCR8D9J7_mono_0079,AH,245,0.030000000000001137,22.483,22.513,B,T,0,1,but,81,22.473,22.542999,-,they
1JCR8D9J7_mono,1JCR8D9J7_mono_0080,EY,248,0.07000000000000028,22.573,22.643,DH,W,0,1,they,82,22.542999,22.643,but,were
1JCR8D9J7_mono,1JCR8D9J7_mono_0081,ER,250,0.05000100000000174,22.702999,22.753,W,AW1,0,0,were,83,22.643,22.753,they,out
1JCR8D9J7_mono,1JCR8D9J7_mono_0082,AW,251,0.16999999999999815,22.753,22.923,ER0,T,0,1,out,84,22.753,22.952999,were,of
1JCR8D9J7_mono,1JCR8D9J7_mono_0083,AH,253,0.0600010000000033,22.952999,23.013,T,V,0,0,of,85,22.952999,23.073,out,both
1JCR8D9J7_mono,1JCR8D9J7_mono_0084,OW,256,0.12000099999999847,23.122999,23.243,B,TH,0,1,both,86,23.073,23.413,of,-
1JCR8D9J7_mono,1JCR8D9J7_mono_0085,AH,260,0.030000999999998612,23.9846,24.014601,DH,K,0,0,the,88,23.9746,24.014601,-,cashier
1JCR8D9J7_mono,1JCR8D9J7_mono_0086,AE,262,0.10000000000000142,24.0646,24.1646,K,SH,0,0,cashier,89,24.014601,24.3146,the,joked
1JCR8D9J7_mono,--,IH,264,0.02999799999999908,24.254601,24.284599,SH,R,1,1,cashier,89,24.014601,24.3146,the,joked
1JCR8D9J7_mono,1JCR8D9J7_mono_0087,OW,267,0.10999999999999943,24.3846,24.4946,JH,K,0,1,joked,90,24.3146,24.566299,cashier,-
1JCR8D9J7_mono,1JCR8D9J7_mono_0088,IH,271,0.030001000000002165,24.7017,24.731701,-,T,0,0,it's,92,24.7017,24.831699,-,monday
1JCR8D9J7_mono,1JCR8D9J7_mono_0089,AH,275,0.06000099999999975,24.9217,24.981701,M,N,0,1,monday,93,24.831699,25.151699,it's,energy
1JCR8D9J7_mono,1JCR8D9J7_mono_0090,EY,278,0.08000000000000185,25.071699,25.151699,D,EH1,0,2,monday,93,24.831699,25.151699,it's,energy
1JCR8D9J7_mono,1JCR8D9J7_mono_0091,EH,279,0.06000099999999975,25.151699,25.2117,EY2,N,0,1,energy,94,25.151699,25.5317,monday,-
1JCR8D9J7_mono,1JCR8D9J7_mono_0092,ER,281,0.03999900000000167,25.2917,25.331699,N,JH,0,0,energy,94,25.151699,25.5317,monday,-
1JCR8D9J7_mono,1JCR8D9J7_mono_0093,IY,283,0.10999999999999943,25.4217,25.5317,JH,-,0,0,energy,94,25.151699,25.5317,monday,-
1JCR8D9J7_mono,--,AH,285,0.02999900000000011,25.7931,25.823099,-,N,1,0,and,96,25.7931,25.883101,-,i
1JCR8D9J7_mono,1JCR8D9J7_mono_0094,AY,288,0.04999899999999968,25.883101,25.9331,D,HH,0,1,i,97,25.883101,25.9331,and,half
1JCR8D9J7_mono,1JCR8D9J7_mono_0095,AE,290,0.0799999999999983,26.0331,26.1131,HH,F,0,1,half,98,25.9331,26.223101,i,laughed
1JCR8D9J7_mono,1JCR8D9J7_mono_0096,AE,293,0.07000000000000028,26.253099,26.323099,L,F,0,1,laughed,99,26.223101,26.393101,half,because
1JCR8D9J7_mono,--,IH,297,0.029999999999997584,26.4231,26.4531,B,K,1,0,because,100,26.393101,26.833099,laughed,-
1JCR8D9J7_mono,1JCR8D9J7_mono_0097,AH,299,0.13999899999999954,26.5231,26.663099,K,Z,0,1,because,100,26.393101,26.833099,laughed,-
1JCR8D9J7_mono,1JCR8D9J7_mono_0098,AE,303,0.11999899999999997,27.068001,27.188,Y,T,0,1,yeah,102,27.038,27.188,-,true
1JCR8D9J7_mono,1JCR8D9J7_mono_0099,UW,306,0.11999899999999997,27.388,27.507999,R,-,0,1,true,103,27.188,27.507999,yeah,-
1JCR8D9J7_mono,1JCR8D9J7_mono_0100,AY,308,0.10000000000000142,28.4863,28.5863,-,T,0,1,i,105,28.4863,28.5863,-,took
1JCR8D9J7_mono,1JCR8D9J7_mono_0101,UH,310,0.05999899999999769,28.626301,28.6863,T,K,0,1,took,106,28.5863,28.7463,i,a
1JCR8D9J7_mono,1JCR8D9J7_mono_0102,AH,312,0.06999899999999926,28.7463,28.816299,K,S,0,0,a,107,28.7463,28.816299,took,seat
1JCR8D9J7_mono,1JCR8D9J7_mono_0103,IY,314,0.11000100000000046,28.966299,29.0763,S,T,0,1,seat,108,28.816299,29.126301,a,near
1JCR8D9J7_mono,--,IH,317,0.029999999999997584,29.1563,29.1863,N,R,1,1,near,109,29.126301,29.2463,seat,the
1JCR8D9J7_mono,1JCR8D9J7_mono_0104,AH,320,0.07000000000000028,29.2763,29.3463,DH,W,0,0,the,110,29.2463,29.3463,near,window
1JCR8D9J7_mono,1JCR8D9J7_mono_0105,IH,322,0.05999999999999872,29.4263,29.4863,W,N,0,1,window,111,29.3463,29.7363,the,-
1JCR8D9J7_mono,1JCR8D9J7_mono_0106,OW,325,0.17000099999999918,29.566299,29.7363,D,-,0,0,window,111,29.3463,29.7363,the,-
1JCR8D9J7_mono,1JCR8D9J7_mono_0107,OW,330,0.040001000000000175,30.1143,30.154301,R,L,0,1,scrolled,113,29.934299,30.2143,-,my
1JCR8D9J7_mono,1JCR8D9J7_mono_0108,AY,334,0.08999999999999986,30.254299,30.344299,M,F,0,1,my,114,30.2143,30.344299,scrolled,phone
1JCR8D9J7_mono,1JCR8D9J7_mono_0109,OW,336,0.16000000000000014,30.4643,30.6243,F,N,0,1,phone,115,30.344299,30.6943,my,-
1JCR8D9J7_mono,1JCR8D9J7_mono_0110,AH,339,0.030000999999998612,30.842199,30.8722,-,N,0,0,and,117,30.842199,30.932199,-,overheard
1JCR8D9J7_mono,1JCR8D9J7_mono_0111,OW,342,0.17000099999999918,30.932199,31.1022,D,V,0,1,overheard,118,30.932199,31.482201,and,someone
1JCR8D9J7_mono,1JCR8D9J7_mono_0112,ER,344,0.08000000000000185,31.162201,31.242201,V,HH,0,0,overheard,118,30.932199,31.482201,and,someone
1JCR8D9J7_mono,1JCR8D9J7_mono_0113,ER,346,0.06999899999999926,31.3522,31.422199,HH,D,0,1,overheard,118,30.932199,31.482201,and,someone
1JCR8D9J7_mono,1JCR8D9J7_mono_0114,AH,349,0.03999899999999812,31.562201,31.6022,S,M,0,1,someone,119,31.482201,31.7722,overheard,say
1JCR8D9J7_mono,1JCR8D9J7_mono_0115,AH,352,0.050001999999999214,31.682199,31.732201,W,N,0,2,someone,119,31.482201,31.7722,overheard,say
1JCR8D9J7_mono,1JCR8D9J7_mono_0116,EY,355,0.16999999999999815,31.8822,32.0522,S,-,0,1,say,120,31.7722,32.0522,someone,-
1JCR8D9J7_mono,1JCR8D9J7_mono_0117,AH,358,0.04000000000000625,32.565701,32.605701,DH,JH,0,0,the,122,32.535702,32.605701,-,giraffe
1JCR8D9J7_mono,--,ER,360,0.02999900000000366,32.685699,32.715698,JH,AE1,1,0,giraffe,123,32.605701,32.8857,the,exhibit
1JCR8D9J7_mono,1JCR8D9J7_mono_0118,AE,361,0.0899999999999963,32.715698,32.805698,ER0,F,0,1,giraffe,123,32.605701,32.8857,the,exhibit
1JCR8D9J7_mono,1JCR8D9J7_mono_0119,IH,363,0.04999899999999968,32.8857,32.935699,F,G,0,0,exhibit,124,32.8857,33.2757,giraffe,-
1JCR8D9J7_mono,1JCR8D9J7_mono_0120,IH,366,0.06999900000000281,33.065701,33.1357,Z,B,0,1,exhibit,124,32.8857,33.2757,giraffe,-
1JCR8D9J7_mono,1JCR8D9J7_mono_0121,IH,368,0.060001999999997224,33.185699,33.245701,B,T,0,0,exhibit,124,32.8857,33.2757,giraffe,-
1JCR8D9J7_mono,1JCR8D9J7_mono_0122,OW,371,0.1100009999999969,33.305698,33.415699,-,P,0,1,opens,126,33.305698,33.6357,-,at
1JCR8D9J7_mono,1JCR8D9J7_mono_0123,AH,373,0.060001999999997224,33.465698,33.5257,P,N,0,0,opens,126,33.305698,33.6357,-,at
1JCR8D9J7_mono,1JCR8D9J7_mono_0124,AE,376,0.04999899999999968,33.6357,33.685699,Z,T,0,1,at,127,33.6357,33.745701,opens,noon
1JCR8D9J7_mono,1JCR8D9J7_mono_0125,UW,379,0.06999900000000281,33.785702,33.855701,N,N,0,1,noon,128,33.745701,33.965698,at,-
1JCR8D9J7_mono,1JCR8D9J7_mono_0126,IH,383,0.04000100000000373,34.476799,34.5168,W,CH,0,1,which,130,34.4468,34.556801,-,felt
1JCR8D9J7_mono,1JCR8D9J7_mono_0127,EH,386,0.04999900000000679,34.5868,34.636799,F,L,0,1,felt,131,34.556801,34.736801,which,-
1JCR8D9J7_mono,1JCR8D9J7_mono_0128,AA,390,0.11999899999999997,34.7668,34.886799,-,D,0,1,oddly,133,34.7668,35.006802,-,profound
1JCR8D9J7_mono,1JCR8D9J7_mono_0129,IY,393,0.060001999999997224,34.9468,35.006802,L,P,0,0,oddly,133,34.7668,35.006802,-,profound
1JCR8D9J7_mono,--,OW,396,0.029998000000006186,35.0868,35.116798,R,F,1,0,profound,134,35.006802,35.3568,oddly,at
1JCR8D9J7_mono,1JCR8D9J7_mono_0130,AW,398,0.05999700000000274,35.216801,35.276798,F,N,0,1,profound,134,35.006802,35.3568,oddly,at
1JCR8D9J7_mono,1JCR8D9J7_mono_0131,AE,401,0.04999899999999968,35.3568,35.406799,D,T,0,1,at,135,35.3568,35.476799,profound,that
1JCR8D9J7_mono,1JCR8D9J7_mono_0132,AE,404,0.06000099999999975,35.5168,35.576801,DH,T,0,1,that,136,35.476799,35.636799,at,time
1JCR8D9J7_mono,1JCR8D9J7_mono_0133,AY,407,0.1100009999999969,35.736801,35.846802,T,M,0,1,time,137,35.636799,35.896801,that,-
1JCR8D9J7_mono,1JCR8D9J7_mono_0134,AE,410,0.07999800000000334,36.926102,37.0061,-,F,0,1,after,139,36.926102,37.156101,-,a
1JCR8D9J7_mono,1JCR8D9J7_mono_0135,ER,413,0.04000099999999662,37.1161,37.156101,T,AH0,0,0,after,139,36.926102,37.156101,-,a
1JCR8D9J7_mono,1JCR8D9J7_mono_0136,AH,414,0.04999899999999968,37.156101,37.2061,ER0,F,0,0,a,140,37.156101,37.2061,after,few
1JCR8D9J7_mono,1JCR8D9J7_mono_0137,UW,417,0.08000200000000035,37.356098,37.4361,Y,B,0,1,few,141,37.2061,37.4361,a,bites
1JCR8D9J7_mono,1JCR8D9J7_mono_0138,AY,419,0.09999900000000395,37.5261,37.626099,B,T,0,1,bites,142,37.4361,37.726101,few,of
1JCR8D9J7_mono,--,AH,422,0.02999900000000366,37.726101,37.7561,S,V,1,0,of,143,37.726101,37.796101,bites,something
1JCR8D9J7_mono,1JCR8D9J7_mono_0139,AH,425,0.04000099999999662,37.876099,37.9161,S,M,0,1,something,144,37.796101,38.2061,of,vaguely
1JCR8D9J7_mono,1JCR8D9J7_mono_0140,IH,428,0.030003000000000668,38.036098,38.066101,TH,NG,0,0,something,144,37.796101,38.2061,of,vaguely
1JCR8D9J7_mono,1JCR8D9J7_mono_0141,EY,431,0.12999700000000303,38.266102,38.396099,V,G,0,1,vaguely,145,38.2061,38.636101,something,egg
1JCR8D9J7_mono,1JCR8D9J7_mono_0142,IY,434,0.1100009999999969,38.5261,38.636101,L,EH1,0,0,vaguely,145,38.2061,38.636101,something,egg
1JCR8D9J7_mono,1JCR8D9J7_mono_0143,EH,435,0.09000000000000341,38.636101,38.726101,IY0,G,0,1,egg,146,38.636101,38.806099,vaguely,shaped
1JCR8D9J7_mono,1JCR8D9J7_mono_0144,EY,438,0.11999800000000249,38.9161,39.036098,SH,P,0,1,shaped,147,38.806099,39.146099,egg,-
1JCR8D9J7_mono,1JCR8D9J7_mono_0145,AY,442,0.15000100000000316,39.681,39.831001,-,W,0,1,i,149,39.681,39.831001,-,wandered
1JCR8D9J7_mono,1JCR8D9J7_mono_0146,AA,444,0.11000100000000401,39.991001,40.101002,W,N,0,1,wandered,150,39.831001,40.401001,i,to
1JCR8D9J7_mono,1JCR8D9J7_mono_0147,ER,447,0.09999799999999937,40.181,40.280998,D,D,0,0,wandered,150,39.831001,40.401001,i,to
1JCR8D9J7_mono,1JCR8D9J7_mono_0148,IH,450,0.04999899999999968,40.491001,40.541,T,DH,0,0,to,151,40.401001,40.541,wandered,the
1JCR8D9J7_mono,1JCR8D9J7_mono_0149,AH,452,0.05999800000000022,40.581001,40.640999,DH,P,0,1,the,152,40.541,40.640999,to,park
1JCR8D9J7_mono,1JCR8D9J7_mono_0150,AA,454,0.039996999999999616,40.741001,40.780998,P,R,0,1,park,153,40.640999,41.061001,the,-
1JCR8D9J7_mono,1JCR8D9J7_mono_0151,AH,458,0.06999999999999318,41.753601,41.823601,-,K,0,0,a,155,41.753601,41.823601,-,kid
1JCR8D9J7_mono,1JCR8D9J7_mono_0152,IH,460,0.04999900000000679,41.953602,42.003601,K,D,0,1,kid,156,41.823601,42.0536,a,zoomed
1JCR8D9J7_mono,1JCR8D9J7_mono_0153,UW,463,0.08000199999999325,42.1236,42.203602,Z,M,0,1,zoomed,157,42.0536,42.293598,kid,by
1JCR8D9J7_mono,1JCR8D9J7_mono_0154,AY,467,0.13000100000000003,42.323601,42.453602,B,AA1,0,1,by,158,42.293598,42.453602,zoomed,on
1JCR8D9J7_mono,1JCR8D9J7_mono_0155,AA,468,0.05999700000000274,42.453602,42.513599,AY1,N,0,1,on,159,42.453602,42.573601,by,a
1JCR8D9J7_mono,1JCR8D9J7_mono_0156,AH,470,0.04999900000000679,42.573601,42.6236,N,S,0,0,a,160,42.573601,42.6236,on,scooter
1JCR8D9J7_mono,1JCR8D9J7_mono_0157,UW,473,0.06000099999999975,42.7836,42.843601,K,T,0,1,scooter,161,42.6236,42.953602,a,yelling
1JCR8D9J7_mono,1JCR8D9J7_mono_0158,ER,475,0.07000399999999729,42.883598,42.953602,T,Y,0,0,scooter,161,42.6236,42.953602,a,yelling
1JCR8D9J7_mono,1JCR8D9J7_mono_0159,EH,477,0.06000099999999975,42.993599,43.0536,Y,L,0,1,yelling,162,42.953602,43.263599,scooter,-
1JCR8D9J7_mono,1JCR8D9J7_mono_0160,IH,479,0.06999900000000281,43.113602,43.183601,L,NG,0,0,yelling,162,42.953602,43.263599,scooter,-
1JCR8D9J7_mono,1JCR8D9J7_mono_0161,UW,483,0.22000200000000092,43.585899,43.805901,Z,M,0,1,zoom,164,43.5359,43.885899,-,zoom
1JCR8D9J7_mono,1JCR8D9J7_mono_0162,UW,486,0.26000200000000007,43.955898,44.2159,Z,M,0,1,zoom,165,43.885899,44.305302,zoom,like
1JCR8D9J7_mono,1JCR8D9J7_mono_0163,AY,489,0.07000000000000028,44.375301,44.445301,L,K,0,1,like,166,44.305302,44.535301,zoom,it
1JCR8D9J7_mono,1JCR8D9J7_mono_0164,IH,491,0.04999899999999968,44.535301,44.5853,K,W,0,0,it,167,44.535301,44.5853,like,was
1JCR8D9J7_mono,1JCR8D9J7_mono_0165,AH,493,0.09000000000000341,44.675301,44.765301,W,Z,0,1,was,168,44.5853,44.845299,it,a
1JCR8D9J7_mono,1JCR8D9J7_mono_0166,AH,495,0.15000100000000316,44.845299,44.9953,Z,S,0,0,a,169,44.845299,44.9953,was,sound
1JCR8D9J7_mono,1JCR8D9J7_mono_0167,AW,497,0.09999900000000395,45.1553,45.255299,S,N,0,1,sound,170,44.9953,45.325298,a,effect
1JCR8D9J7_mono,1JCR8D9J7_mono_0168,AH,500,0.050003000000003794,45.325298,45.375301,D,F,0,0,effect,171,45.325298,45.665298,sound,that
1JCR8D9J7_mono,1JCR8D9J7_mono_0169,EH,502,0.060001999999997224,45.4953,45.555302,F,K,0,1,effect,171,45.325298,45.665298,sound,that
1JCR8D9J7_mono,1JCR8D9J7_mono_0170,AE,506,0.10000300000000095,45.705299,45.805302,DH,T,0,1,that,172,45.665298,45.8853,effect,summoned
1JCR8D9J7_mono,1JCR8D9J7_mono_0171,AH,509,0.06000099999999975,46.0453,46.105301,S,M,0,1,summoned,173,45.8853,46.275299,that,speed
1JCR8D9J7_mono,--,AH,511,0.02999799999999908,46.175301,46.205299,M,N,1,0,summoned,173,45.8853,46.275299,that,speed
1JCR8D9J7_mono,1JCR8D9J7_mono_0172,IY,516,0.09000100000000089,46.455299,46.5453,P,D,0,1,speed,174,46.275299,46.7253,summoned,-
1JCR8D9J7_mono,1JCR8D9J7_mono_0173,AY,519,0.10000300000000095,47.446899,47.546902,-,S,0,1,i,176,47.446899,47.546902,-,sat
1JCR8D9J7_mono,1JCR8D9J7_mono_0174,AE,521,0.11000100000000401,47.676899,47.7869,S,T,0,1,sat,177,47.546902,47.816898,i,under
1JCR8D9J7_mono,1JCR8D9J7_mono_0175,AH,523,0.08000200000000035,47.816898,47.8969,T,N,0,1,under,178,47.816898,48.086899,sat,a
1JCR8D9J7_mono,1JCR8D9J7_mono_0176,ER,526,0.09000000000000341,47.996899,48.086899,D,AH0,0,0,under,178,47.816898,48.086899,sat,a
1JCR8D9J7_mono,1JCR8D9J7_mono_0177,AH,527,0.04000099999999662,48.086899,48.1269,ER0,T,0,0,a,179,48.086899,48.1269,under,tree
1JCR8D9J7_mono,1JCR8D9J7_mono_0178,IY,530,0.1599999999999966,48.316898,48.476898,R,-,0,1,tree,180,48.1269,48.476898,a,-
1JCR8D9J7_mono,--,IH,533,0.02999900000000366,48.687,48.716999,L,S,1,1,listened,182,48.676998,48.896999,-,to
1JCR8D9J7_mono,--,AH,535,0.029998999999996556,48.797001,48.827,S,N,1,0,listened,182,48.676998,48.896999,-,to
1JCR8D9J7_mono,1JCR8D9J7_mono_0179,AH,539,0.050003000000003794,48.946999,48.997002,T,DH,0,0,to,183,48.896999,48.997002,listened,the
1JCR8D9J7_mono,1JCR8D9J7_mono_0180,AH,541,0.0699989999999957,49.036999,49.106998,DH,B,0,0,the,184,48.997002,49.106998,to,breeze
1JCR8D9J7_mono,1JCR8D9J7_mono_0181,IY,544,0.139998999999996,49.216999,49.356998,R,Z,0,1,breeze,185,49.106998,49.547001,the,-
1JCR8D9J7_mono,--,AH,547,0.029998999999996556,49.6366,49.666599,-,N,1,0,and,187,49.6366,49.746601,-,watched
1JCR8D9J7_mono,1JCR8D9J7_mono_0182,AA,551,0.09000000000000341,49.786598,49.876598,W,CH,0,1,watched,188,49.746601,49.996601,and,a
1JCR8D9J7_mono,1JCR8D9J7_mono_0183,AH,554,0.05999800000000022,49.996601,50.056599,T,Y,0,0,a,189,49.996601,50.056599,watched,yellow
1JCR8D9J7_mono,1JCR8D9J7_mono_0184,EH,556,0.04999899999999968,50.156601,50.2066,Y,L,0,1,yellow,190,50.056599,50.336601,a,balloon
1JCR8D9J7_mono,1JCR8D9J7_mono_0185,OW,558,0.06999900000000281,50.266602,50.336601,L,B,0,0,yellow,190,50.056599,50.336601,a,balloon
1JCR8D9J7_mono,--,AH,560,0.010002000000000066,50.4366,50.446602,B,L,1,0,balloon,191,50.336601,50.666599,yellow,get
1JCR8D9J7_mono,1JCR8D9J7_mono_0186,UW,562,0.08000200000000035,50.5266,50.606602,L,N,0,1,balloon,191,50.336601,50.666599,yellow,get
1JCR8D9J7_mono,1JCR8D9J7_mono_0187,IH,565,0.05999699999999564,50.726601,50.786598,G,T,0,1,get,192,50.666599,50.856602,balloon,tangled
1JCR8D9J7_mono,--,AE,568,0.02999799999999908,50.976601,51.006599,T,NG,1,1,tangled,193,50.856602,51.236599,get,in
1JCR8D9J7_mono,1JCR8D9J7_mono_0188,AH,571,0.039996999999999616,51.106602,51.146599,G,L,0,0,tangled,193,50.856602,51.236599,get,in
1JCR8D9J7_mono,1JCR8D9J7_mono_0189,IH,574,0.06000099999999975,51.236599,51.2966,D,N,0,0,in,194,51.236599,51.3466,tangled,a
1JCR8D9J7_mono,1JCR8D9J7_mono_0190,AH,576,0.06000099999999975,51.3466,51.406601,N,P,0,0,a,195,51.3466,51.406601,in,power
1JCR8D9J7_mono,1JCR8D9J7_mono_0191,AW,578,0.09000000000000341,51.5466,51.6366,P,ER0,0,1,power,196,51.406601,51.726601,a,line
1JCR8D9J7_mono,1JCR8D9J7_mono_0192,ER,579,0.09000100000000089,51.6366,51.726601,AW1,L,0,0,power,196,51.406601,51.726601,a,line
1JCR8D9J7_mono,1JCR8D9J7_mono_0193,AY,581,0.07000000000000028,51.7966,51.8666,L,N,0,1,line,197,51.726601,51.976601,power,-
1JCR8D9J7_mono,1JCR8D9J7_mono_0194,IH,585,0.04000099999999662,52.9142,52.954201,W,R,0,1,weird,199,52.864201,53.0242,-,morning
1JCR8D9J7_mono,1JCR8D9J7_mono_0195,AO,589,0.030003000000000668,53.104198,53.134201,M,R,0,1,morning,200,53.0242,53.3442,weird,-
1JCR8D9J7_mono,1JCR8D9J7_mono_0196,IH,592,0.04999899999999968,53.2342,53.284199,N,NG,0,0,morning,200,53.0242,53.3442,weird,-
1JCR8D9J7_mono,--,AH,596,0.02999900000000366,53.916801,53.9468,B,AA1,1,1,but,202,53.866798,53.9468,-,honestly
1JCR8D9J7_mono,1JCR8D9J7_mono_0197,AA,597,0.09999899999999684,53.9468,54.046799,AH1,N,0,1,honestly,203,53.9468,54.406799,but,-
1JCR8D9J7_mono,1JCR8D9J7_mono_0198,AH,599,0.06999900000000281,54.096802,54.166801,N,S,0,0,honestly,203,53.9468,54.406799,but,-
1JCR8D9J7_mono,1JCR8D9J7_mono_0199,IY,602,0.09999799999999937,54.306801,54.406799,L,-,0,0,honestly,203,53.9468,54.406799,but,-
1JCR8D9J7_mono,1JCR8D9J7_mono_0200,AA,605,0.05000299999999669,54.711899,54.761902,N,T,0,1,not,205,54.6819,54.821899,-,the
1JCR8D9J7_mono,1JCR8D9J7_mono_0201,AH,608,0.06000200000000433,54.851898,54.9119,DH,W,0,0,the,206,54.821899,54.9119,not,worst
1JCR8D9J7_mono,1JCR8D9J7_mono_0202,ER,610,0.12000299999999697,54.961899,55.081902,W,S,0,1,worst,207,54.9119,55.351898,the,-
25DM30Y18_mono,25DM30Y18_mono_0001,OW,3,0.040000000000000036,1.2136,1.2536,S,DH,0,1,so,2,1.1036,1.2536,-,this
25DM30Y18_mono,25DM30Y18_mono_0002,IH,5,0.05999999999999983,1.3136,1.3736,DH,S,0,1,this,3,1.2536,1.4536,so,morning
25DM30Y18_mono,25DM30Y18_mono_0003,AO,8,0.030000000000000027,1.5336,1.5636,M,R,0,1,morning,4,1.4536,1.7236,this,i
25DM30Y18_mono,25DM30Y18_mono_0004,IH,11,0.040000000000000036,1.6536,1.6936,N,NG,0,0,morning,4,1.4536,1.7236,this,i
25DM30Y18_mono,25DM30Y18_mono_0005,AY,13,0.08000000000000007,1.7236,1.8036,NG,W,0,1,i,5,1.7236,1.8036,morning,woke
25DM30Y18_mono,25DM30Y18_mono_0006,OW,15,0.040000000000000036,1.8936,1.9336,W,K,0,1,woke,6,1.8036,2.0136,i,up
25DM30Y18_mono,25DM30Y18_mono_0007,AH,17,0.040000000000000036,2.0136,2.0536,K,P,0,1,up,7,2.0136,2.1436,woke,late
25DM30Y18_mono,25DM30Y18_mono_0008,EY,20,0.10000000000000009,2.1736,2.2736,L,T,0,1,late,8,2.1436,2.3131,up,-
25DM30Y18_mono,25DM30Y18_mono_0009,AE,23,0.04999999999999982,2.7446,2.7946,-,N,0,1,and,10,2.7446,2.8546,-,i
25DM30Y18_mono,25DM30Y18_mono_0010,AY,26,0.10999999999999988,2.8546,2.9646,D,IH0,0,1,i,11,2.8546,2.9646,and,immediately
25DM30Y18_mono,25DM30Y18_mono_0011,IH,27,0.0900000000000003,2.9646,3.0546,AY1,M,0,0,immediately,12,2.9646,3.4546,i,stubbed
25DM30Y18_mono,25DM30Y18_mono_0012,IY,29,0.06000000000000005,3.1846,3.2446,M,D,0,1,immediately,12,2.9646,3.4546,i,stubbed
25DM30Y18_mono,25DM30Y18_mono_0013,IY,31,0.03000000000000025,3.2946,3.3246,D,AH0,0,0,immediately,12,2.9646,3.4546,i,stubbed
25DM30Y18_mono,--,AH,32,0.029999999999999805,3.3246,3.3546,IY0,T,1,0,immediately,12,2.9646,3.4546,i,stubbed
25DM30Y18_mono,25DM30Y18_mono_0014,IY,35,0.06000000000000005,3.3946,3.4546,L,S,0,0,immediately,12,2.9646,3.4546,i,stubbed
25DM30Y18_mono,25DM30Y18_mono_0015,AH,38,0.04999999999999982,3.5646,3.6146,T,B,0,1,stubbed,13,3.4546,3.6746,immediately,my
25DM30Y18_mono,25DM30Y18_mono_0016,AY,42,0.06000000000000005,3.7046,3.7646,M,T,0,1,my,14,3.6746,3.7646,stubbed,toe
25DM30Y18_mono,25DM30Y18_mono_0017,OW,44,0.050000000000000266,3.8846,3.9346,T,AA1,0,1,toe,15,3.7646,3.9346,my,on
25DM30Y18_mono,25DM30Y18_mono_0018,AA,45,0.11999999999999966,3.9346,4.0546,OW1,N,0,1,on,16,3.9346,4.0946,toe,the
25DM30Y18_mono,25DM30Y18_mono_0019,AH,48,0.03000000000000025,4.1346,4.1646,DH,D,0,0,the,17,4.0946,4.1646,on,dresser
25DM30Y18_mono,25DM30Y18_mono_0020,EH,51,0.03000000000000025,4.2546,4.2846,R,S,0,1,dresser,18,4.1646,4.4746,the,-
25DM30Y18_mono,25DM30Y18_mono_0021,ER,53,0.040000000000000036,4.4346,4.4746,S,-,0,0,dresser,18,4.1646,4.4746,the,-
25DM30Y18_mono,25DM30Y18_mono_0022,EY,57,0.10000000000000053,4.9787,5.0787,R,T,0,1,great,20,4.8887,5.1687,-,start
25DM30Y18_mono,25DM30Y18_mono_0023,AA,61,0.03000000000000025,5.2687,5.2987,T,R,0,1,start,21,5.1687,5.4487,great,-
25DM30Y18_mono,25DM30Y18_mono_0024,AY,66,0.13999999999999968,5.5187,5.6587,R,T,0,1,right,23,5.4887,5.6887,-,-
25DM30Y18_mono,25DM30Y18_mono_0025,AY,69,0.03000000000000025,6.2168,6.2468,-,G,0,1,i,25,6.2168,6.2468,-,goggled
25DM30Y18_mono,25DM30Y18_mono_0026,AA,71,0.08000000000000007,6.3368,6.4168,G,G,0,1,goggled,26,6.2468,6.5568,i,myself
25DM30Y18_mono,25DM30Y18_mono_0027,AH,73,0.03000000000000025,6.4468,6.4768,G,L,0,0,goggled,26,6.2468,6.5568,i,myself
25DM30Y18_mono,25DM30Y18_mono_0028,AY,77,0.0699999999999994,6.5868,6.6568,M,S,0,2,myself,27,6.5568,6.9468,goggled,half
25DM30Y18_mono,25DM30Y18_mono_0029,EH,79,0.08999999999999986,6.7568,6.8468,S,L,0,1,myself,27,6.5568,6.9468,goggled,half
25DM30Y18_mono,25DM30Y18_mono_0030,AE,83,0.13999999999999968,7.0868,7.2268,HH,F,0,1,half,28,6.9468,7.3568,myself,conscious
25DM30Y18_mono,25DM30Y18_mono_0031,AA,86,0.09999999999999964,7.4568,7.5568,K,N,0,1,conscious,29,7.3568,7.9268,half,-
25DM30Y18_mono,25DM30Y18_mono_0032,AH,89,0.10000000000000053,7.7268,7.8268,SH,S,0,0,conscious,29,7.3568,7.9268,half,-
25DM30Y18_mono,25DM30Y18_mono_0033,AE,94,0.11999999999999922,8.0545,8.1745,R,B,0,1,grabbed,31,7.9845,8.2545,-,whatever
25DM30Y18_mono,25DM30Y18_mono_0034,AH,98,0.05000000000000071,8.2945,8.3445,W,T,0,2,whatever,32,8.2545,8.5145,grabbed,shirt
25DM30Y18_mono,25DM30Y18_mono_0035,EH,100,0.040000000000000924,8.3745,8.4145,T,V,0,1,whatever,32,8.2545,8.5145,grabbed,shirt
25DM30Y18_mono,25DM30Y18_mono_0036,ER,102,0.03999999999999915,8.4745,8.5145,V,SH,0,0,whatever,32,8.2545,8.5145,grabbed,shirt
25DM30Y18_mono,25DM30Y18_mono_0037,ER,104,0.08999999999999986,8.6545,8.7445,SH,T,0,1,shirt,33,8.5145,8.7845,whatever,was
25DM30Y18_mono,--,AH,107,0.02999999999999936,8.8345,8.8645,W,Z,1,0,was,34,8.7845,8.9345,shirt,clean
25DM30Y18_mono,25DM30Y18_mono_0038,IY,111,0.120000000000001,9.1145,9.2345,L,N,0,1,clean,35,8.9345,9.3245,was,-
25DM30Y18_mono,25DM30Y18_mono_0039,IH,114,0.22000000000000064,9.4796,9.6996,-,SH,0,1,ish,37,9.4796,9.8896,-,-
25DM30Y18_mono,25DM30Y18_mono_0040,AE,117,0.17999999999999972,10.2296,10.4096,-,N,0,1,and,39,10.2296,10.5096,-,headed
25DM30Y18_mono,25DM30Y18_mono_0041,EH,121,0.040000000000000924,10.5696,10.6096,HH,D,0,1,headed,40,10.5096,10.7396,and,out
25DM30Y18_mono,25DM30Y18_mono_0042,IH,123,0.0600000000000005,10.6496,10.7096,D,D,0,0,headed,40,10.5096,10.7396,and,out
25DM30Y18_mono,25DM30Y18_mono_0043,AW,125,0.10000000000000142,10.7396,10.8396,D,T,0,1,out,41,10.7396,10.8696,headed,-
25DM30Y18_mono,--,AH,129,0.02999999999999936,11.3527,11.3827,DH,S,1,0,the,43,11.3227,11.3827,-,sky
25DM30Y18_mono,25DM30Y18_mono_0044,AY,132,0.09999999999999964,11.4727,11.5727,K,L,0,1,sky,44,11.3827,11.5727,the,looked
25DM30Y18_mono,25DM30Y18_mono_0045,UH,134,0.0600000000000005,11.6227,11.6827,L,K,0,1,looked,45,11.5727,11.7827,sky,weird
25DM30Y18_mono,25DM30Y18_mono_0046,IH,138,0.3200000000000003,11.8227,12.1427,W,R,0,1,weird,46,11.7827,12.2527,looked,like
25DM30Y18_mono,25DM30Y18_mono_0047,AY,142,0.03999999999999915,12.2827,12.3227,L,K,0,1,like,47,12.2527,12.3727,weird,that
25DM30Y18_mono,25DM30Y18_mono_0048,AE,145,0.15000000000000036,12.4127,12.5627,DH,T,0,1,that,48,12.3727,12.6127,like,shade
25DM30Y18_mono,25DM30Y18_mono_0049,EY,148,0.10000000000000142,12.7327,12.8327,SH,D,0,1,shade,49,12.6127,12.8827,that,of
25DM30Y18_mono,25DM30Y18_mono_0050,AH,150,0.0600000000000005,12.8827,12.9427,D,V,0,0,of,50,12.8827,13.0427,shade,-
25DM30Y18_mono,25DM30Y18_mono_0051,UW,155,0.10999999999999943,13.21,13.32,L,G,0,1,blue,52,13.14,13.32,-,gray
25DM30Y18_mono,25DM30Y18_mono_0052,EY,158,0.129999999999999,13.46,13.59,R,DH,0,1,gray,53,13.32,13.59,blue,that
25DM30Y18_mono,--,AE,160,0.02999999999999936,13.66,13.69,DH,T,1,1,that,54,13.59,13.73,gray,makes
25DM30Y18_mono,25DM30Y18_mono_0053,EY,163,0.05000000000000071,13.78,13.83,M,K,0,1,makes,55,13.73,14,that,you
25DM30Y18_mono,25DM30Y18_mono_0054,UW,167,0.030000000000001137,14.03,14.06,Y,K,0,1,you,56,14,14.06,makes,question
25DM30Y18_mono,25DM30Y18_mono_0055,EH,170,0.03999999999999915,14.21,14.25,W,SH,0,1,question,57,14.06,14.49,you,if
25DM30Y18_mono,25DM30Y18_mono_0056,AH,172,0.08000000000000007,14.38,14.46,SH,N,0,0,question,57,14.06,14.49,you,if
25DM30Y18_mono,25DM30Y18_mono_0057,IH,174,0.08000000000000007,14.49,14.57,N,F,0,1,if,58,14.49,14.64,question,it's
25DM30Y18_mono,25DM30Y18_mono_0058,IH,176,0.049999999999998934,14.64,14.69,F,T,0,0,it's,59,14.64,14.76,if,about
25DM30Y18_mono,--,AH,179,0.02999999999999936,14.76,14.79,S,B,1,0,about,60,14.76,14.91,it's,to
25DM30Y18_mono,25DM30Y18_mono_0059,AW,181,0.07000000000000028,14.84,14.91,B,T,0,1,about,60,14.76,14.91,it's,to
25DM30Y18_mono,25DM30Y18_mono_0060,AH,183,0.0600000000000005,14.94,15,T,R,0,0,to,61,14.91,15,about,rain
25DM30Y18_mono,25DM30Y18_mono_0061,EY,185,0.08000000000000007,15.08,15.16,R,N,0,1,rain,62,15,15.21,to,or
25DM30Y18_mono,25DM30Y18_mono_0062,ER,187,0.0799999999999983,15.21,15.29,N,N,0,0,or,63,15.21,15.29,rain,not
25DM30Y18_mono,25DM30Y18_mono_0063,AA,189,0.20000000000000107,15.35,15.55,N,T,0,1,not,64,15.29,15.58,or,-
25DM30Y18_mono,25DM30Y18_mono_0064,AY,192,0.04999899999999968,16.0807,16.130699,-,S,0,1,i,66,16.0807,16.130699,-,stopped
25DM30Y18_mono,25DM30Y18_mono_0065,AA,195,0.1000009999999989,16.300699,16.4007,T,P,0,1,stopped,67,16.130699,16.470699,i,by
25DM30Y18_mono,25DM30Y18_mono_0066,AY,199,0.1099989999999984,16.5207,16.630699,B,DH,0,1,by,68,16.470699,16.630699,stopped,the
25DM30Y18_mono,25DM30Y18_mono_0067,AH,201,0.03999899999999812,16.6807,16.720699,DH,K,0,0,the,69,16.630699,16.720699,by,corner
25DM30Y18_mono,25DM30Y18_mono_0068,AO,203,0.030001000000002165,16.8407,16.870701,K,R,0,1,corner,70,16.720699,17.030701,the,store
25DM30Y18_mono,25DM30Y18_mono_0069,ER,206,0.07000199999999879,16.960699,17.030701,N,S,0,0,corner,70,16.720699,17.030701,the,store
25DM30Y18_mono,25DM30Y18_mono_0070,AO,209,0.030000000000001137,17.1507,17.1807,T,R,0,1,store,71,17.030701,17.220699,corner,-
25DM30Y18_mono,--,AH,213,0.02999900000000011,17.311001,17.341,T,G,1,0,to,73,17.250999,17.341,-,grab
25DM30Y18_mono,25DM30Y18_mono_0071,AE,216,0.0799999999999983,17.471001,17.551001,R,B,0,1,grab,74,17.341,17.650999,to,a
25DM30Y18_mono,25DM30Y18_mono_0072,AH,218,0.08999999999999986,17.650999,17.740999,B,T,0,0,a,75,17.650999,17.740999,grab,toasted
25DM30Y18_mono,25DM30Y18_mono_0073,OW,220,0.05999899999999769,17.841,17.900999,T,S,0,1,toasted,76,17.740999,18.101,a,bagel
25DM30Y18_mono,--,IH,223,0.02999900000000011,18.041,18.070999,T,D,1,0,toasted,76,17.740999,18.101,a,bagel
25DM30Y18_mono,25DM30Y18_mono_0074,EY,226,0.08999999999999986,18.141001,18.231001,B,G,0,1,bagel,77,18.101,18.400999,toasted,and
25DM30Y18_mono,25DM30Y18_mono_0075,AH,228,0.05999999999999872,18.291,18.351,G,L,0,0,bagel,77,18.101,18.400999,toasted,and
25DM30Y18_mono,25DM30Y18_mono_0076,AH,230,0.06000099999999975,18.400999,18.461,L,N,0,0,and,78,18.400999,18.531,bagel,-
25DM30Y18_mono,25DM30Y18_mono_0077,AO,234,0.06000200000000078,18.580999,18.641001,-,R,0,1,orange,80,18.580999,18.951,-,juice
25DM30Y18_mono,25DM30Y18_mono_0078,AH,236,0.030000999999998612,18.750999,18.781,R,N,0,0,orange,80,18.580999,18.951,-,juice
25DM30Y18_mono,25DM30Y18_mono_0079,UW,240,0.07000000000000028,19.000999,19.070999,JH,S,0,1,juice,81,18.951,19.1457,orange,-
25DM30Y18_mono,--,AH,244,0.01999800000000107,19.513201,19.533199,B,T,1,1,but,83,19.503201,19.5632,-,they
25DM30Y18_mono,25DM30Y18_mono_0080,EY,247,0.03999899999999812,19.593201,19.6332,DH,W,0,1,they,84,19.5632,19.6332,but,were
25DM30Y18_mono,--,ER,249,0.02999900000000011,19.6632,19.693199,W,AA1,1,0,were,85,19.6332,19.693199,they,all
25DM30Y18_mono,25DM30Y18_mono_0081,AA,250,0.08999999999999986,19.693199,19.783199,ER0,L,0,1,all,86,19.693199,19.8232,were,out
25DM30Y18_mono,25DM30Y18_mono_0082,AW,252,0.05999999999999872,19.8232,19.8832,L,T,0,1,out,87,19.8232,19.9832,all,-
25DM30Y18_mono,25DM30Y18_mono_0083,AH,255,0.04999899999999968,21.191,21.240999,-,DH,0,1,uh,89,21.191,21.240999,-,they
25DM30Y18_mono,25DM30Y18_mono_0084,EY,257,0.06999899999999926,21.301001,21.371,DH,W,0,1,they,90,21.240999,21.371,uh,were
25DM30Y18_mono,25DM30Y18_mono_0085,ER,259,0.10000000000000142,21.421,21.521,W,OW1,0,0,were,91,21.371,21.521,they,o
25DM30Y18_mono,25DM30Y18_mono_0086,OW,260,0.030000999999998612,21.521,21.551001,ER0,-,0,1,o,92,21.521,21.551001,were,-
25DM30Y18_mono,25DM30Y18_mono_0087,EY,263,0.07000000000000028,21.980301,22.050301,DH,W,0,1,they,94,21.900299,22.050301,-,were
25DM30Y18_mono,25DM30Y18_mono_0088,ER,265,0.040001000000000175,22.1003,22.140301,W,AW1,0,0,were,95,22.050301,22.140301,they,out
25DM30Y18_mono,25DM30Y18_mono_0089,AW,266,0.16000000000000014,22.140301,22.300301,ER0,T,0,1,out,96,22.140301,22.3403,were,of
25DM30Y18_mono,25DM30Y18_mono_0090,AH,268,0.040001000000000175,22.3403,22.380301,T,V,0,0,of,97,22.3403,22.4403,out,both
25DM30Y18_mono,25DM30Y18_mono_0091,OW,271,0.09999799999999937,22.480301,22.580299,B,TH,0,1,both,98,22.4403,22.6903,of,-
25DM30Y18_mono,25DM30Y18_mono_0092,AH,275,0.040001000000000175,23.0989,23.138901,DH,K,0,0,the,100,23.058901,23.138901,-,cashier
25DM30Y18_mono,25DM30Y18_mono_0093,AE,277,0.07000000000000028,23.228901,23.298901,K,SH,0,0,cashier,101,23.138901,23.5189,the,joked
25DM30Y18_mono,25DM30Y18_mono_0094,IH,279,0.07000199999999879,23.408899,23.478901,SH,R,0,1,cashier,101,23.138901,23.5189,the,joked
25DM30Y18_mono,25DM30Y18_mono_0095,OW,282,0.10000000000000142,23.628901,23.728901,JH,K,0,1,joked,102,23.5189,23.808901,cashier,-
25DM30Y18_mono,25DM30Y18_mono_0096,IH,286,0.04999899999999968,23.9037,23.953699,-,T,0,1,it's,104,23.9037,24.043699,-,monday
25DM30Y18_mono,25DM30Y18_mono_0097,AH,290,0.06000200000000078,24.133699,24.193701,M,N,0,1,monday,105,24.043699,24.3437,it's,energy
25DM30Y18_mono,25DM30Y18_mono_0098,EY,293,0.06999899999999926,24.273701,24.3437,D,EH1,0,2,monday,105,24.043699,24.3437,it's,energy
25DM30Y18_mono,25DM30Y18_mono_0099,EH,294,0.10999900000000196,24.3437,24.453699,EY2,N,0,1,energy,106,24.3437,24.7337,monday,-
25DM30Y18_mono,25DM30Y18_mono_0100,ER,296,0.03999900000000167,24.523701,24.5637,N,JH,0,0,energy,106,24.3437,24.7337,monday,-
25DM30Y18_mono,25DM30Y18_mono_0101,IY,298,0.07000000000000028,24.6637,24.7337,JH,-,0,0,energy,106,24.3437,24.7337,monday,-
25DM30Y18_mono,25DM30Y18_mono_0102,AH,300,0.040001000000000175,24.930799,24.9708,-,N,0,0,and,108,24.930799,25.0308,-,i
25DM30Y18_mono,25DM30Y18_mono_0103,AY,303,0.040001000000000175,25.0308,25.070801,D,HH,0,1,i,109,25.0308,25.070801,and,half
25DM30Y18_mono,25DM30Y18_mono_0104,AE,305,0.08000000000000185,25.160801,25.240801,HH,F,0,1,half,110,25.070801,25.2908,i,laughed
25DM30Y18_mono,25DM30Y18_mono_0105,AE,308,0.13999899999999954,25.3608,25.500799,L,F,0,1,laughed,111,25.2908,25.6208,half,because
25DM30Y18_mono,25DM30Y18_mono_0106,IH,312,0.03999899999999812,25.650801,25.6908,B,K,0,0,because,112,25.6208,25.980801,laughed,yeah
25DM30Y18_mono,25DM30Y18_mono_0107,AH,314,0.04999899999999968,25.7808,25.830799,K,Z,0,1,because,112,25.6208,25.980801,laughed,yeah
25DM30Y18_mono,25DM30Y18_mono_0108,AE,317,0.12000100000000202,26.0308,26.150801,Y,-,0,1,yeah,113,25.980801,26.150801,because,-
25DM30Y18_mono,--,UW,321,0.029998999999996556,26.368601,26.3986,R,-,1,1,true,115,26.2286,26.3986,-,-
25DM30Y18_mono,25DM30Y18_mono_0109,AY,323,0.03999900000000167,27.250601,27.2906,-,T,0,1,i,117,27.250601,27.2906,-,took
25DM30Y18_mono,25DM30Y18_mono_0110,UH,325,0.040001000000000175,27.3806,27.420601,T,K,0,1,took,118,27.2906,27.4806,i,a
25DM30Y18_mono,--,AH,327,0.02999900000000011,27.4806,27.510599,K,S,1,0,a,119,27.4806,27.510599,took,seat
25DM30Y18_mono,25DM30Y18_mono_0111,IY,329,0.09999999999999787,27.7006,27.8006,S,N,0,1,seat,120,27.510599,27.8006,a,near
25DM30Y18_mono,25DM30Y18_mono_0112,IH,331,0.06999899999999926,27.8606,27.930599,N,R,0,1,near,121,27.8006,27.9806,seat,the
25DM30Y18_mono,25DM30Y18_mono_0113,AH,334,0.05000100000000174,28.010599,28.0606,DH,W,0,0,the,122,27.9806,28.0606,near,window
25DM30Y18_mono,25DM30Y18_mono_0114,IH,336,0.04999899999999968,28.1406,28.190599,W,N,0,1,window,123,28.0606,28.490601,the,-
25DM30Y18_mono,25DM30Y18_mono_0115,OW,339,0.1700000000000017,28.320601,28.490601,D,-,0,0,window,123,28.0606,28.490601,the,-
25DM30Y18_mono,25DM30Y18_mono_0116,OW,344,0.07000000000000028,28.7108,28.7808,R,L,0,1,scrolled,125,28.6108,28.9408,-,through
25DM30Y18_mono,25DM30Y18_mono_0117,UW,349,0.030000999999998612,29.000799,29.0308,R,M,0,1,through,126,28.9408,29.0308,scrolled,my
25DM30Y18_mono,25DM30Y18_mono_0118,AY,351,0.11999899999999997,29.070801,29.1908,M,F,0,1,my,127,29.0308,29.1908,through,phone
25DM30Y18_mono,25DM30Y18_mono_0119,OW,353,0.3099999999999987,29.3808,29.6908,F,N,0,1,phone,128,29.1908,29.7708,my,and
25DM30Y18_mono,25DM30Y18_mono_0120,AH,355,0.05999899999999769,29.7708,29.830799,N,N,0,0,and,129,29.7708,29.930799,phone,-
25DM30Y18_mono,25DM30Y18_mono_0121,OW,359,0.0799999999999983,29.990801,30.070801,-,V,0,1,overheard,131,29.990801,30.410799,-,someone
25DM30Y18_mono,25DM30Y18_mono_0122,ER,361,0.05000000000000071,30.1408,30.1908,V,HH,0,0,overheard,131,29.990801,30.410799,-,someone
25DM30Y18_mono,25DM30Y18_mono_0123,ER,363,0.059999000000001246,30.2808,30.340799,HH,D,0,1,overheard,131,29.990801,30.410799,-,someone
25DM30Y18_mono,--,AH,366,0.02999900000000011,30.4708,30.500799,S,M,1,1,someone,132,30.410799,30.660799,overheard,say
25DM30Y18_mono,25DM30Y18_mono_0124,AH,369,0.03999899999999812,30.560801,30.6008,W,N,0,2,someone,132,30.410799,30.660799,overheard,say
25DM30Y18_mono,25DM30Y18_mono_0125,EY,372,0.13000100000000003,30.760799,30.8908,S,-,0,1,say,133,30.660799,30.8908,someone,-
25DM30Y18_mono,25DM30Y18_mono_0126,AH,375,0.11999899999999997,31.327101,31.4471,DH,JH,0,0,the,135,31.267099,31.4471,-,giraffe
25DM30Y18_mono,25DM30Y18_mono_0127,ER,377,0.13999899999999954,31.5471,31.687099,JH,AE1,0,0,giraffe,136,31.4471,31.9471,the,exhibit
25DM30Y18_mono,25DM30Y18_mono_0128,AE,378,0.18000100000000074,31.687099,31.8671,ER0,F,0,1,giraffe,136,31.4471,31.9471,the,exhibit
25DM30Y18_mono,25DM30Y18_mono_0129,IH,380,0.040001000000000175,31.9471,31.987101,F,G,0,0,exhibit,137,31.9471,32.3871,giraffe,opens
25DM30Y18_mono,25DM30Y18_mono_0130,IH,383,0.09999799999999937,32.1171,32.217098,Z,B,0,1,exhibit,137,31.9471,32.3871,giraffe,opens
25DM30Y18_mono,25DM30Y18_mono_0131,IH,385,0.06999900000000281,32.287102,32.357101,B,T,0,0,exhibit,137,31.9471,32.3871,giraffe,opens
25DM30Y18_mono,25DM30Y18_mono_0132,OW,387,0.1800010000000043,32.3871,32.567101,T,P,0,1,opens,138,32.3871,32.817101,exhibit,at
25DM30Y18_mono,--,AH,389,0.02999799999999908,32.697102,32.7271,P,N,1,0,opens,138,32.3871,32.817101,exhibit,at
25DM30Y18_mono,25DM30Y18_mono_0133,AE,392,0.18999799999999567,32.817101,33.007099,Z,T,0,1,at,139,32.817101,33.087101,opens,noon
25DM30Y18_mono,25DM30Y18_mono_0134,UW,395,0.030003000000000668,33.127098,33.157101,N,N,0,1,noon,140,33.087101,33.197102,at,-
25DM30Y18_mono,25DM30Y18_mono_0135,IH,399,0.039996999999999616,33.956402,33.996399,W,CH,0,1,which,142,33.906399,34.086399,-,felt
25DM30Y18_mono,25DM30Y18_mono_0136,EH,402,0.11999899999999997,34.3964,34.516399,F,L,0,1,felt,143,34.086399,34.686401,which,-
25DM30Y18_mono,25DM30Y18_mono_0137,EH,406,0.030002999999993563,34.796398,34.826401,-,F,0,1,f,145,34.796398,34.8564,-,-
25DM30Y18_mono,25DM30Y18_mono_0138,AA,409,0.19000299999999726,34.976398,35.166401,-,D,0,1,oddly,147,34.976398,35.3764,-,profound
25DM30Y18_mono,25DM30Y18_mono_0139,IY,412,0.07000000000000028,35.3064,35.3764,L,P,0,0,oddly,147,34.976398,35.3764,-,profound
25DM30Y18_mono,25DM30Y18_mono_0140,OW,415,0.030002999999993563,35.546398,35.576401,R,F,0,0,profound,148,35.3764,35.936401,oddly,at
25DM30Y18_mono,25DM30Y18_mono_0141,AW,417,0.15000100000000316,35.6964,35.846401,F,N,0,1,profound,148,35.3764,35.936401,oddly,at
25DM30Y18_mono,--,AE,420,0.02999900000000366,35.936401,35.9664,D,T,1,1,at,149,35.936401,36.046402,profound,the
25DM30Y18_mono,--,AH,423,0.029998999999996556,36.096401,36.1264,DH,T,1,0,the,150,36.046402,36.1264,at,time
25DM30Y18_mono,--,AY,425,0.02999900000000366,36.3064,36.336399,T,M,1,1,time,151,36.1264,36.366402,the,-
25DM30Y18_mono,25DM30Y18_mono_0142,AE,428,0.08000200000000035,37.108299,37.188301,-,F,0,1,after,153,37.108299,37.318298,-,a
25DM30Y18_mono,--,ER,431,0.02999799999999908,37.2883,37.318298,T,AH0,1,0,after,153,37.108299,37.318298,-,a
25DM30Y18_mono,25DM30Y18_mono_0143,AH,432,0.04000100000000373,37.318298,37.358299,ER0,F,0,0,a,154,37.318298,37.358299,after,few
25DM30Y18_mono,25DM30Y18_mono_0144,UW,435,0.06000099999999975,37.498299,37.5583,Y,B,0,1,few,155,37.358299,37.5583,a,bites
25DM30Y18_mono,25DM30Y18_mono_0145,AY,437,0.11999899999999997,37.6483,37.768299,B,T,0,1,bites,156,37.5583,37.8983,few,of
25DM30Y18_mono,--,AH,440,0.02999900000000366,37.8983,37.928299,S,V,1,0,of,157,37.8983,37.9683,bites,something
25DM30Y18_mono,25DM30Y18_mono_0146,AH,443,0.04000100000000373,38.0783,38.118301,S,M,0,1,something,158,37.9683,38.348301,of,vaguely
25DM30Y18_mono,25DM30Y18_mono_0147,IH,446,0.060001999999997224,38.228298,38.2883,TH,NG,0,0,something,158,37.9683,38.348301,of,vaguely
25DM30Y18_mono,25DM30Y18_mono_0148,EY,449,0.13000100000000003,38.418301,38.548302,V,G,0,1,vaguely,159,38.348301,38.838299,something,egg
25DM30Y18_mono,25DM30Y18_mono_0149,IY,452,0.1599999999999966,38.678299,38.838299,L,EH1,0,0,vaguely,159,38.348301,38.838299,something,egg
25DM30Y18_mono,25DM30Y18_mono_0150,EH,453,0.10000200000000348,38.838299,38.938301,IY0,G,0,1,egg,160,38.838299,39.008301,vaguely,shaped
25DM30Y18_mono,25DM30Y18_mono_0151,EY,456,0.07000000000000028,39.118301,39.188301,SH,P,0,1,shaped,161,39.008301,39.318298,egg,-
25DM30Y18_mono,25DM30Y18_mono_0152,AY,460,0.14000000000000057,39.352901,39.492901,-,W,0,1,i,163,39.352901,39.492901,-,wandered
25DM30Y18_mono,25DM30Y18_mono_0153,AA,462,0.11999899999999997,39.7029,39.822899,W,N,0,1,wandered,164,39.492901,40.062901,i,to
25DM30Y18_mono,25DM30Y18_mono_0154,ER,465,0.06000200000000433,39.932899,39.992901,D,D,0,0,wandered,164,39.492901,40.062901,i,to
25DM30Y18_mono,25DM30Y18_mono_0155,AH,468,0.04000099999999662,40.1129,40.152901,T,DH,0,0,to,165,40.062901,40.152901,wandered,the
25DM30Y18_mono,--,AH,470,0.02999900000000366,40.182899,40.212898,DH,P,1,0,the,166,40.152901,40.212898,to,park
25DM30Y18_mono,25DM30Y18_mono_0156,AA,472,0.04000099999999662,40.3629,40.402901,P,R,0,1,park,167,40.212898,40.532902,the,-
25DM30Y18_mono,25DM30Y18_mono_0157,AH,476,0.039996999999999616,40.827301,40.867298,-,K,0,0,a,169,40.827301,40.867298,-,kid
25DM30Y18_mono,25DM30Y18_mono_0158,IH,478,0.04999899999999968,40.997299,41.047298,K,D,0,1,kid,170,40.867298,41.137299,a,zoomed
25DM30Y18_mono,25DM30Y18_mono_0159,UW,481,0.10999999999999943,41.2673,41.3773,Z,M,0,1,zoomed,171,41.137299,41.5173,kid,by
25DM30Y18_mono,25DM30Y18_mono_0160,AY,485,0.17000200000000376,41.567299,41.737301,B,AA1,0,1,by,172,41.5173,41.737301,zoomed,on
25DM30Y18_mono,25DM30Y18_mono_0161,AA,486,0.09999799999999937,41.737301,41.837299,AY1,N,0,1,on,173,41.737301,41.897301,by,a
25DM30Y18_mono,25DM30Y18_mono_0162,AH,488,0.05999700000000274,41.897301,41.957298,N,R,0,0,a,174,41.897301,41.957298,on,roller
25DM30Y18_mono,25DM30Y18_mono_0163,OW,490,0.09000000000000341,42.077301,42.167301,R,L,0,1,roller,175,41.957298,42.307301,a,-
25DM30Y18_mono,25DM30Y18_mono_0164,ER,492,0.06000200000000433,42.247299,42.307301,L,-,0,0,roller,175,41.957298,42.307301,a,-
25DM30Y18_mono,25DM30Y18_mono_0165,AA,494,0.07000000000000028,42.4272,42.4972,-,N,0,1,on,177,42.4272,42.547199,-,a
25DM30Y18_mono,25DM30Y18_mono_0166,AH,496,0.07000000000000028,42.547199,42.617199,N,S,0,0,a,178,42.547199,42.617199,on,scooter
25DM30Y18_mono,25DM30Y18_mono_0167,UW,499,0.07999800000000334,42.827202,42.9072,K,T,0,1,scooter,179,42.617199,42.9772,a,yelling
25DM30Y18_mono,--,ER,501,0.02999900000000366,42.947201,42.9772,T,Y,1,0,scooter,179,42.617199,42.9772,a,yelling
25DM30Y18_mono,25DM30Y18_mono_0168,EH,503,0.06000200000000433,43.097198,43.1572,Y,L,0,1,yelling,180,42.9772,43.327202,scooter,zoom
25DM30Y18_mono,25DM30Y18_mono_0169,IH,505,0.06000099999999975,43.187199,43.2472,L,NG,0,0,yelling,180,42.9772,43.327202,scooter,zoom
25DM30Y18_mono,25DM30Y18_mono_0170,UW,508,0.09000000000000341,43.447201,43.537201,Z,M,0,1,zoom,181,43.327202,43.647202,yelling,zoom
25DM30Y18_mono,25DM30Y18_mono_0171,UW,511,0.0899999999999963,43.7272,43.8172,Z,M,0,1,zoom,182,43.647202,43.877201,zoom,-
25DM30Y18_mono,25DM30Y18_mono_0172,AY,515,0.050003000000003794,44.443298,44.493301,L,K,0,1,like,184,44.4133,44.583302,-,it
25DM30Y18_mono,25DM30Y18_mono_0173,IH,517,0.05999699999999564,44.583302,44.643299,K,W,0,0,it,185,44.583302,44.643299,like,was
25DM30Y18_mono,25DM30Y18_mono_0174,AH,519,0.04000100000000373,44.693298,44.733299,W,Z,0,0,was,186,44.643299,44.803299,it,a
25DM30Y18_mono,25DM30Y18_mono_0175,AH,521,0.04999899999999968,44.803299,44.853298,Z,S,0,0,a,187,44.803299,44.853298,was,sound
25DM30Y18_mono,25DM30Y18_mono_0176,AW,523,0.09000000000000341,44.973301,45.063301,S,N,0,1,sound,188,44.853298,45.133301,a,effect
25DM30Y18_mono,--,AH,526,0.029998999999996556,45.133301,45.1633,D,F,1,0,effect,189,45.133301,45.383301,sound,that
25DM30Y18_mono,25DM30Y18_mono_0177,EH,528,0.06000099999999975,45.2533,45.313301,F,K,0,1,effect,189,45.133301,45.383301,sound,that
25DM30Y18_mono,25DM30Y18_mono_0178,AE,532,0.04999899999999968,45.423302,45.473301,DH,T,0,1,that,190,45.383301,45.533298,effect,summoned
25DM30Y18_mono,25DM30Y18_mono_0179,AH,535,0.05000299999999669,45.623299,45.673302,S,M,0,1,summoned,191,45.533298,45.8433,that,speed
25DM30Y18_mono,--,AH,537,0.02999900000000366,45.7033,45.733299,M,N,1,0,summoned,191,45.533298,45.8433,that,speed
25DM30Y18_mono,25DM30Y18_mono_0180,IY,542,0.12999699999999592,46.013302,46.143299,P,D,0,1,speed,192,45.8433,46.223301,summoned,-
25DM30Y18_mono,25DM30Y18_mono_0181,AY,545,0.05999700000000274,46.548901,46.608898,-,S,0,1,i,194,46.548901,46.608898,-,sat
25DM30Y18_mono,25DM30Y18_mono_0182,AE,547,0.13000100000000003,46.718899,46.8489,S,T,0,1,sat,195,46.608898,46.878899,i,under
25DM30Y18_mono,25DM30Y18_mono_0183,AH,549,0.050003000000003794,46.878899,46.928902,T,N,0,1,under,196,46.878899,47.088902,sat,a
25DM30Y18_mono,25DM30Y18_mono_0184,ER,552,0.050003999999994164,47.038898,47.088902,D,AH0,0,0,under,196,46.878899,47.088902,sat,a
25DM30Y18_mono,25DM30Y18_mono_0185,AH,553,0.1399990000000031,47.088902,47.228901,ER0,T,0,0,a,197,47.088902,47.228901,under,tree
25DM30Y18_mono,25DM30Y18_mono_0186,IY,556,0.14000000000000057,47.498901,47.638901,R,L,0,1,tree,198,47.228901,47.638901,a,listened
25DM30Y18_mono,25DM30Y18_mono_0187,IH,558,0.03999700000000672,47.748901,47.788898,L,S,0,1,listened,199,47.638901,47.998901,tree,to
25DM30Y18_mono,--,AH,560,0.02999900000000366,47.888901,47.9189,S,N,1,0,listened,199,47.638901,47.998901,tree,to
25DM30Y18_mono,--,AH,564,0.02999799999999908,48.048901,48.078899,T,DH,1,0,to,200,47.998901,48.078899,listened,the
25DM30Y18_mono,25DM30Y18_mono_0188,AH,566,0.04000100000000373,48.1189,48.158901,DH,B,0,0,the,201,48.078899,48.158901,to,breeze
25DM30Y18_mono,25DM30Y18_mono_0189,IY,569,0.15000100000000316,48.308899,48.4589,R,Z,0,1,breeze,202,48.158901,48.546299,the,-
25DM30Y18_mono,25DM30Y18_mono_0190,AH,572,0.039996999999999616,48.827702,48.867699,-,N,0,0,and,204,48.827702,48.967701,-,watched
25DM30Y18_mono,25DM30Y18_mono_0191,AA,576,0.09000100000000089,49.067699,49.1577,W,CH,0,1,watched,205,48.967701,49.277699,and,a
25DM30Y18_mono,25DM30Y18_mono_0192,AH,579,0.03999999999999915,49.277699,49.317699,T,Y,0,0,a,206,49.277699,49.317699,watched,yellow
25DM30Y18_mono,25DM30Y18_mono_0193,EH,581,0.04999899999999968,49.387699,49.437698,Y,L,0,1,yellow,207,49.317699,49.547699,a,balloon
25DM30Y18_mono,25DM30Y18_mono_0194,OW,583,0.039996999999999616,49.507702,49.547699,L,B,0,0,yellow,207,49.317699,49.547699,a,balloon
25DM30Y18_mono,--,AH,585,0.010002000000000066,49.6577,49.667702,B,L,1,0,balloon,208,49.547699,49.8577,yellow,get
25DM30Y18_mono,25DM30Y18_mono_0195,UW,587,0.07000000000000028,49.737701,49.807701,L,N,0,1,balloon,208,49.547699,49.8577,yellow,get
25DM30Y18_mono,--,IH,590,0.02999900000000366,49.967701,49.9977,G,T,1,1,get,209,49.8577,50.057701,balloon,tangled
25DM30Y18_mono,25DM30Y18_mono_0196,AE,593,0.030003000000000668,50.137699,50.167702,T,NG,0,1,tangled,210,50.057701,50.417702,get,in
25DM30Y18_mono,--,AH,596,0.02999799999999908,50.287701,50.317699,G,L,1,0,tangled,210,50.057701,50.417702,get,in
25DM30Y18_mono,--,IH,599,0.02999900000000366,50.417702,50.447701,D,N,1,0,in,211,50.417702,50.4977,tangled,a
25DM30Y18_mono,25DM30Y18_mono_0197,AH,601,0.04999899999999968,50.4977,50.547699,N,P,0,0,a,212,50.4977,50.547699,in,power
25DM30Y18_mono,25DM30Y18_mono_0198,AW,603,0.1200019999999995,50.617699,50.737701,P,ER0,0,1,power,213,50.547699,50.7677,a,line
25DM30Y18_mono,--,ER,604,0.029998999999996556,50.737701,50.7677,AW1,L,1,0,power,213,50.547699,50.7677,a,line
25DM30Y18_mono,25DM30Y18_mono_0199,AY,606,0.030003000000000668,50.797699,50.827702,L,N,0,1,line,214,50.7677,50.9562,power,-
25DM30Y18_mono,--,IH,610,0.02999900000000366,51.284,51.313999,W,R,1,1,weird,216,51.203999,51.414001,-,morning
25DM30Y18_mono,25DM30Y18_mono_0200,AO,614,0.0699989999999957,51.464001,51.534,M,R,0,1,morning,217,51.414001,51.723999,weird,right
25DM30Y18_mono,25DM30Y18_mono_0201,IH,617,0.060001999999997224,51.613998,51.674,N,NG,0,0,morning,217,51.414001,51.723999,weird,right
25DM30Y18_mono,25DM30Y18_mono_0202,AY,620,0.1200019999999995,51.793999,51.914001,R,T,0,1,right,218,51.723999,51.944,morning,-
25DM30Y18_mono,25DM30Y18_mono_0203,AH,624,0.07000000000000028,52.5825,52.6525,B,T,0,1,but,220,52.552502,52.692501,-,honestly
25DM30Y18_mono,25DM30Y18_mono_0204,AA,626,0.07999800000000334,52.692501,52.772499,T,N,0,1,honestly,221,52.692501,53.112499,but,-
25DM30Y18_mono,25DM30Y18_mono_0205,AH,628,0.07000399999999729,52.822498,52.892502,N,S,0,0,honestly,221,52.692501,53.112499,but,-
25DM30Y18_mono,25DM30Y18_mono_0206,IY,631,0.09999799999999937,53.012501,53.112499,L,-,0,0,honestly,221,52.692501,53.112499,but,-
25DM30Y18_mono,25DM30Y18_mono_0207,AA,634,0.06000099999999975,53.314999,53.375,N,T,0,1,not,223,53.275002,53.445,-,the
25DM30Y18_mono,25DM30Y18_mono_0208,AH,637,0.04000100000000373,53.485001,53.525002,DH,W,0,0,the,224,53.445,53.525002,not,worst
25DM30Y18_mono,25DM30Y18_mono_0209,ER,639,0.10000199999999637,53.584999,53.685001,W,S,0,1,worst,225,53.525002,53.834999,the,-
3737P3737_mono,3737P3737_mono_0001,OW,3,0.3100000000000005,6.6267,6.9367,S,DH,0,1,so,2,6.4467,6.9367,-,this
3737P3737_mono,--,IH,5,0.02999999999999936,7.0967,7.1267,DH,S,1,1,this,3,6.9367,7.2367,so,morning
3737P3737_mono,3737P3737_mono_0002,AO,8,0.040000000000000036,7.3067,7.3467,M,R,0,1,morning,4,7.2367,7.7267,this,-
3737P3737_mono,3737P3737_mono_0003,IH,11,0.1299999999999999,7.4667,7.5967,N,NG,0,0,morning,4,7.2367,7.7267,this,-
3737P3737_mono,3737P3737_mono_0004,AY,14,0.08999999999999986,7.7667,7.8567,-,W,0,1,i,6,7.7667,7.8567,-,woke
3737P3737_mono,3737P3737_mono_0005,OW,16,0.08000000000000007,7.9567,8.0367,W,K,0,1,woke,7,7.8567,8.1167,i,up
3737P3737_mono,3737P3737_mono_0006,AH,18,0.0600000000000005,8.1167,8.1767,K,P,0,1,up,8,8.1167,8.2567,woke,late
3737P3737_mono,3737P3737_mono_0007,EY,21,0.14000000000000057,8.3567,8.4967,L,T,0,1,late,9,8.2567,8.5567,up,-
3737P3737_mono,--,AE,24,0.02999999999999936,8.6326,8.6626,-,N,1,1,and,11,8.6326,8.7226,-,immediately
3737P3737_mono,--,IH,27,0.02999999999999936,8.7226,8.7526,D,M,1,0,immediately,12,8.7226,9.1626,and,stubbed
3737P3737_mono,3737P3737_mono_0008,IY,29,0.0600000000000005,8.8326,8.8926,M,D,0,1,immediately,12,8.7226,9.1626,and,stubbed
3737P3737_mono,3737P3737_mono_0009,IY,31,0.049999999999998934,8.9326,8.9826,D,AH0,0,0,immediately,12,8.7226,9.1626,and,stubbed
3737P3737_mono,3737P3737_mono_0010,AH,32,0.040000000000000924,8.9826,9.0226,IY0,T,0,0,immediately,12,8.7226,9.1626,and,stubbed
3737P3737_mono,3737P3737_mono_0011,IY,35,0.05999999999999872,9.1026,9.1626,L,S,0,0,immediately,12,8.7226,9.1626,and,stubbed
3737P3737_mono,3737P3737_mono_0012,AH,38,0.0600000000000005,9.3326,9.3926,T,B,0,1,stubbed,13,9.1626,9.4826,immediately,my
3737P3737_mono,3737P3737_mono_0013,AY,42,0.08000000000000007,9.5626,9.6426,M,T,0,1,my,14,9.4826,9.6426,stubbed,toe
3737P3737_mono,3737P3737_mono_0014,OW,44,0.09999999999999964,9.7926,9.8926,T,AA1,0,1,toe,15,9.6426,9.8926,my,on
3737P3737_mono,3737P3737_mono_0015,AA,45,0.08999999999999986,9.8926,9.9826,OW1,N,0,1,on,16,9.8926,10.0226,toe,the
3737P3737_mono,--,AH,48,0.02999999999999936,10.0626,10.0926,DH,D,1,0,the,17,10.0226,10.0926,on,dresser
3737P3737_mono,3737P3737_mono_0016,EH,51,0.0600000000000005,10.2326,10.2926,R,S,0,1,dresser,18,10.0926,10.5826,the,-
3737P3737_mono,3737P3737_mono_0017,ER,53,0.129999999999999,10.4526,10.5826,S,-,0,0,dresser,18,10.0926,10.5826,the,-
3737P3737_mono,3737P3737_mono_0018,EY,57,0.07000000000000028,11.0697,11.1397,R,T,0,1,great,20,10.9597,11.1997,-,start
3737P3737_mono,3737P3737_mono_0019,AA,61,0.05999999999999872,11.3297,11.3897,T,R,0,1,start,21,11.1997,11.6197,great,-
3737P3737_mono,3737P3737_mono_0020,AY,66,0.1399999999999988,11.7597,11.8997,R,T,0,1,right,23,11.6797,11.9397,-,-
3737P3737_mono,3737P3737_mono_0021,AY,69,0.0600000000000005,12.5389,12.5989,-,G,0,1,i,25,12.5389,12.5989,-,grumbled
3737P3737_mono,3737P3737_mono_0022,AH,72,0.05000000000000071,12.7389,12.7889,R,M,0,1,grumbled,26,12.5989,13.0789,i,something
3737P3737_mono,--,AH,75,0.009999999999999787,12.8889,12.8989,B,L,1,0,grumbled,26,12.5989,13.0789,i,something
3737P3737_mono,3737P3737_mono_0023,AH,79,0.03999999999999915,13.1689,13.2089,S,M,0,1,something,27,13.0789,13.6289,grumbled,half
3737P3737_mono,3737P3737_mono_0024,IH,82,0.13000000000000078,13.3789,13.5089,TH,NG,0,0,something,27,13.0789,13.6289,grumbled,half
3737P3737_mono,3737P3737_mono_0025,AE,85,0.05999999999999872,13.8389,13.8989,HH,F,0,1,half,28,13.6289,13.9789,something,conscious
3737P3737_mono,3737P3737_mono_0026,AA,88,0.07000000000000028,14.1189,14.1889,K,N,0,1,conscious,29,13.9789,14.6789,half,-
3737P3737_mono,3737P3737_mono_0027,AH,91,0.10999999999999943,14.3689,14.4789,SH,S,0,0,conscious,29,13.9789,14.6789,half,-
3737P3737_mono,3737P3737_mono_0028,AE,96,0.08999999999999986,14.803,14.893,R,B,0,1,grabbed,31,14.713,15.003,-,whatever
3737P3737_mono,3737P3737_mono_0029,AH,100,0.03999999999999915,15.053,15.093,W,T,0,2,whatever,32,15.003,15.293,grabbed,shirt
3737P3737_mono,3737P3737_mono_0030,EH,102,0.05000000000000071,15.133,15.183,T,V,0,1,whatever,32,15.003,15.293,grabbed,shirt
3737P3737_mono,3737P3737_mono_0031,ER,104,0.05999999999999872,15.233,15.293,V,SH,0,0,whatever,32,15.003,15.293,grabbed,shirt
3737P3737_mono,3737P3737_mono_0032,ER,106,0.09999999999999964,15.433,15.533,SH,T,0,1,shirt,33,15.293,15.583,whatever,was
3737P3737_mono,3737P3737_mono_0033,AH,109,0.040000000000000924,15.633,15.673,W,Z,0,0,was,34,15.583,15.733,shirt,clean
3737P3737_mono,3737P3737_mono_0034,IY,113,0.11000000000000121,15.903,16.013,L,N,0,1,clean,35,15.733,16.052999,was,ish
3737P3737_mono,3737P3737_mono_0035,IH,115,0.12000099999999847,16.052999,16.173,N,SH,0,1,ish,36,16.052999,16.413,clean,-
3737P3737_mono,3737P3737_mono_0036,AE,118,0.08999999999999986,16.473,16.563,-,N,0,1,and,38,16.473,16.663,-,headed
3737P3737_mono,--,EH,122,0.029998999999996556,16.763,16.792999,HH,D,1,1,headed,39,16.663,16.933001,and,out
3737P3737_mono,3737P3737_mono_0037,IH,124,0.04999899999999968,16.823,16.872999,D,D,0,0,headed,39,16.663,16.933001,and,out
3737P3737_mono,3737P3737_mono_0038,AW,126,0.12999899999999798,16.933001,17.063,D,T,0,1,out,40,16.933001,17.132999,headed,-
3737P3737_mono,3737P3737_mono_0039,AH,130,0.040001000000000175,17.852699,17.8927,DH,S,0,0,the,42,17.842699,17.8927,-,sky
3737P3737_mono,3737P3737_mono_0040,AY,133,0.13999899999999954,18.0427,18.182699,K,L,0,1,sky,43,17.8927,18.182699,the,looked
3737P3737_mono,3737P3737_mono_0041,UH,135,0.049999000000003235,18.252701,18.3027,L,K,0,1,looked,44,18.182699,18.4627,sky,weird
3737P3737_mono,3737P3737_mono_0042,IH,139,0.13000100000000003,18.522699,18.6527,W,R,0,1,weird,45,18.4627,18.8627,looked,-
3737P3737_mono,3737P3737_mono_0043,AY,144,0.059999000000001246,19.115101,19.1751,L,K,0,1,like,47,19.045099,19.2351,-,that
3737P3737_mono,3737P3737_mono_0044,AE,147,0.0799999999999983,19.285101,19.365101,DH,T,0,1,that,48,19.2351,19.4251,like,shade
3737P3737_mono,3737P3737_mono_0045,EY,150,0.10000100000000245,19.555099,19.6551,SH,D,0,1,shade,49,19.4251,19.695101,that,of
3737P3737_mono,3737P3737_mono_0046,AH,152,0.04999899999999968,19.695101,19.7451,D,V,0,0,of,50,19.695101,19.8251,shade,blue
3737P3737_mono,3737P3737_mono_0047,UW,156,0.11999899999999997,19.945101,20.0651,L,G,0,1,blue,51,19.8251,20.0651,of,gray
3737P3737_mono,3737P3737_mono_0048,EY,159,0.22000200000000092,20.215099,20.435101,R,DH,0,1,gray,52,20.0651,20.435101,blue,that
3737P3737_mono,3737P3737_mono_0049,AE,161,0.03999899999999812,20.5151,20.555099,DH,T,0,1,that,53,20.435101,20.5851,gray,makes
3737P3737_mono,3737P3737_mono_0050,EY,164,0.08000000000000185,20.6651,20.7451,M,K,0,1,makes,54,20.5851,20.9251,that,you
3737P3737_mono,3737P3737_mono_0051,UW,168,0.030000999999998612,20.955099,20.9851,Y,K,0,1,you,55,20.9251,20.9851,makes,question
3737P3737_mono,3737P3737_mono_0052,EH,171,0.05000100000000174,21.1451,21.195101,W,S,0,1,question,56,20.9851,21.545099,you,whether
3737P3737_mono,3737P3737_mono_0053,AH,174,0.05999899999999769,21.355101,21.4151,CH,N,0,0,question,56,20.9851,21.545099,you,whether
3737P3737_mono,3737P3737_mono_0054,EH,177,0.03999899999999812,21.605101,21.6451,W,DH,0,1,whether,57,21.545099,21.9851,question,-
3737P3737_mono,3737P3737_mono_0055,ER,179,0.2899989999999981,21.695101,21.9851,DH,-,0,0,whether,57,21.545099,21.9851,question,-
3737P3737_mono,3737P3737_mono_0056,AH,181,0.08000000000000185,22.0951,22.1751,-,B,0,0,about,59,22.0951,22.2425,-,-
3737P3737_mono,--,AW,183,0.02740100000000112,22.215099,22.2425,B,-,1,1,about,59,22.0951,22.2425,-,-
3737P3737_mono,3737P3737_mono_0057,IH,185,0.08000000000000185,22.5172,22.5972,-,F,0,1,if,61,22.5172,22.6572,-,it's
3737P3737_mono,3737P3737_mono_0058,IH,187,0.040001000000000175,22.6572,22.697201,F,T,0,0,it's,62,22.6572,22.8272,if,a
3737P3737_mono,3737P3737_mono_0059,AH,190,0.030000999999998612,22.8272,22.857201,S,-,0,0,a,63,22.8272,22.857201,it's,-
3737P3737_mono,3737P3737_mono_0060,EH,193,0.03999899999999812,23.5289,23.568899,W,DH,0,1,whether,65,23.478901,23.6789,-,it's
3737P3737_mono,3737P3737_mono_0061,ER,195,0.0799999999999983,23.5989,23.6789,DH,IH0,0,0,whether,65,23.478901,23.6789,-,it's
3737P3737_mono,3737P3737_mono_0062,IH,196,0.05000100000000174,23.6789,23.728901,ER0,T,0,0,it's,66,23.6789,23.818899,whether,about
3737P3737_mono,3737P3737_mono_0063,AH,199,0.030001000000002165,23.818899,23.8489,S,B,0,0,about,67,23.818899,24.0389,it's,to
3737P3737_mono,3737P3737_mono_0064,AW,201,0.10000000000000142,23.898899,23.998899,B,T,0,1,about,67,23.818899,24.0389,it's,to
3737P3737_mono,--,UW,204,0.029998000000002634,24.128901,24.158899,T,R,1,1,to,68,24.0389,24.158899,about,rain
3737P3737_mono,3737P3737_mono_0065,EY,206,0.08000000000000185,24.1989,24.2789,R,N,0,1,rain,69,24.158899,24.3389,to,or
3737P3737_mono,3737P3737_mono_0066,ER,208,0.08000000000000185,24.3389,24.4189,N,N,0,0,or,70,24.3389,24.4189,rain,not
3737P3737_mono,3737P3737_mono_0067,AA,210,0.03999900000000167,24.468901,24.5089,N,T,0,1,not,71,24.4189,24.7589,or,-
3737P3737_mono,3737P3737_mono_0068,AY,213,0.06999899999999926,25.372601,25.4426,-,S,0,1,i,73,25.372601,25.4426,-,stopped
3737P3737_mono,3737P3737_mono_0069,AA,216,0.09999999999999787,25.5926,25.6926,T,P,0,1,stopped,74,25.4426,25.8426,i,by
3737P3737_mono,3737P3737_mono_0070,AY,220,0.04999899999999968,25.872601,25.9226,B,DH,0,1,by,75,25.8426,25.9226,stopped,the
3737P3737_mono,3737P3737_mono_0071,AH,222,0.050000999999998186,25.982599,26.0326,DH,K,0,0,the,76,25.9226,26.0326,by,corner
3737P3737_mono,3737P3737_mono_0072,AO,224,0.040001000000000175,26.1726,26.212601,K,R,0,1,corner,77,26.0326,26.472601,the,store
3737P3737_mono,3737P3737_mono_0073,ER,227,0.15000200000000063,26.322599,26.472601,N,S,0,0,corner,77,26.0326,26.472601,the,store
3737P3737_mono,3737P3737_mono_0074,AO,230,0.12999900000000153,26.622601,26.7526,T,R,0,1,store,78,26.472601,26.9303,corner,to
3737P3737_mono,3737P3737_mono_0075,AH,233,0.030001000000002165,27.0203,27.050301,T,G,0,0,to,79,26.9303,27.050301,store,grab
3737P3737_mono,3737P3737_mono_0076,AE,236,0.11000100000000046,27.240299,27.3503,R,B,0,1,grab,80,27.050301,27.410299,to,a
3737P3737_mono,3737P3737_mono_0077,AH,238,0.040001000000000175,27.410299,27.4503,B,T,0,0,a,81,27.410299,27.4503,grab,toasted
3737P3737_mono,3737P3737_mono_0078,OW,240,0.060000000000002274,27.6103,27.6703,T,S,0,1,toasted,82,27.4503,27.900301,a,bagel
3737P3737_mono,3737P3737_mono_0079,IH,243,0.03999899999999812,27.800301,27.8403,T,D,0,0,toasted,82,27.4503,27.900301,a,bagel
3737P3737_mono,3737P3737_mono_0080,EY,246,0.13999899999999954,27.9403,28.080299,B,G,0,1,bagel,83,27.900301,28.3403,toasted,and
3737P3737_mono,3737P3737_mono_0081,AH,248,0.059999000000001246,28.130301,28.1903,G,L,0,0,bagel,83,27.900301,28.3403,toasted,and
3737P3737_mono,3737P3737_mono_0082,AH,250,0.08999999999999986,28.3403,28.4303,L,N,0,0,and,84,28.3403,28.490299,bagel,orange
3737P3737_mono,3737P3737_mono_0083,AO,253,0.12000099999999847,28.490299,28.6103,D,R,0,1,orange,85,28.490299,28.8703,and,juice
3737P3737_mono,3737P3737_mono_0084,AH,255,0.040001000000000175,28.660299,28.7003,R,N,0,0,orange,85,28.490299,28.8703,and,juice
3737P3737_mono,3737P3737_mono_0085,UW,259,0.16000000000000014,28.900301,29.060301,JH,S,0,1,juice,86,28.8703,29.2003,orange,-
3737P3737_mono,3737P3737_mono_0086,AH,263,0.08999999999999986,29.733299,29.823299,B,T,0,1,but,88,29.7033,29.883301,-,-
3737P3737_mono,3737P3737_mono_0087,EY,267,0.059999000000001246,30.043301,30.1033,DH,W,0,1,they,90,29.993299,30.1033,-,were
3737P3737_mono,3737P3737_mono_0088,ER,269,0.050000999999998186,30.1733,30.223301,W,AW1,0,0,were,91,30.1033,30.223301,they,out
3737P3737_mono,3737P3737_mono_0089,AW,270,0.13999899999999954,30.223301,30.3633,ER0,T,0,1,out,92,30.223301,30.403299,were,of
3737P3737_mono,3737P3737_mono_0090,AH,272,0.040001000000000175,30.403299,30.4433,T,V,0,0,of,93,30.403299,30.5233,out,both
3737P3737_mono,3737P3737_mono_0091,OW,275,0.13000100000000003,30.563299,30.6933,B,TH,0,1,both,94,30.5233,31.0233,of,-
3737P3737_mono,--,IY,279,0.02999900000000011,31.5797,31.609699,DH,K,1,0,the,96,31.5497,31.609699,-,cashier
3737P3737_mono,3737P3737_mono_0092,AE,281,0.12000100000000202,31.699699,31.8197,K,SH,0,0,cashier,97,31.609699,32.089699,the,joked
3737P3737_mono,3737P3737_mono_0093,IH,283,0.030000999999998612,31.9797,32.009701,SH,R,0,1,cashier,97,31.609699,32.089699,the,joked
3737P3737_mono,3737P3737_mono_0094,OW,286,0.17000199999999666,32.2197,32.389702,JH,K,0,1,joked,98,32.089699,32.589699,cashier,-
3737P3737_mono,3737P3737_mono_0095,IH,290,0.06999900000000281,32.759701,32.8297,-,T,0,1,it's,100,32.759701,32.959702,-,monday
3737P3737_mono,3737P3737_mono_0096,AH,294,0.08000099999999577,33.0397,33.119701,M,N,0,1,monday,101,32.959702,33.409698,it's,energy
3737P3737_mono,3737P3737_mono_0097,EY,297,0.16999799999999965,33.2397,33.409698,D,EH1,0,2,monday,101,32.959702,33.409698,it's,energy
3737P3737_mono,3737P3737_mono_0098,EH,298,0.11000100000000401,33.409698,33.519699,EY2,N,0,1,energy,102,33.409698,33.9897,monday,-
3737P3737_mono,3737P3737_mono_0099,ER,300,0.09000100000000089,33.5797,33.669701,N,JH,0,0,energy,102,33.409698,33.9897,monday,-
3737P3737_mono,3737P3737_mono_0100,IY,302,0.17999999999999972,33.8097,33.9897,JH,-,0,0,energy,102,33.409698,33.9897,monday,-
3737P3737_mono,3737P3737_mono_0101,AE,304,0.11000100000000401,34.417198,34.527199,-,N,0,1,and,104,34.417198,34.687199,-,-
3737P3737_mono,3737P3737_mono_0102,AY,308,0.09999799999999937,34.897202,34.9972,-,EH1,0,1,i,106,34.897202,34.9972,-,l
3737P3737_mono,--,EH,309,0.02999900000000366,34.9972,35.027199,AY1,L,1,1,l,107,34.9972,35.287201,i,-
3737P3737_mono,3737P3737_mono_0103,AE,313,0.1099969999999999,35.807201,35.917198,HH,F,0,1,half,109,35.627201,36.0672,-,laughed
3737P3737_mono,3737P3737_mono_0104,AE,316,0.14999699999999905,36.147202,36.297199,L,F,0,1,laughed,110,36.0672,36.527199,half,-
3737P3737_mono,3737P3737_mono_0105,IH,321,0.03999999999999915,36.624001,36.664001,B,K,0,0,because,112,36.594002,37.014,-,-
3737P3737_mono,3737P3737_mono_0106,AH,323,0.09000000000000341,36.734001,36.824001,K,Z,0,0,because,112,36.594002,37.014,-,-
3737P3737_mono,3737P3737_mono_0107,AE,327,0.17999999999999972,37.313999,37.493999,Y,-,0,1,yeah,114,37.174,37.493999,-,-
3737P3737_mono,3737P3737_mono_0108,UW,331,0.24000199999999694,37.813999,38.054001,R,-,0,1,true,116,37.563999,38.054001,-,-
3737P3737_mono,3737P3737_mono_0109,AY,333,0.04999899999999968,38.907101,38.9571,-,T,0,1,i,118,38.907101,38.9571,-,took
3737P3737_mono,3737P3737_mono_0110,UH,335,0.06000099999999975,39.0271,39.087101,T,K,0,1,took,119,38.9571,39.1371,i,a
3737P3737_mono,3737P3737_mono_0111,AH,337,0.04999900000000679,39.1371,39.187099,K,S,0,0,a,120,39.1371,39.187099,took,seat
3737P3737_mono,3737P3737_mono_0112,IY,339,0.11000000000000654,39.327099,39.437099,S,T,0,1,seat,121,39.187099,39.507099,a,near
3737P3737_mono,3737P3737_mono_0113,IH,342,0.07000000000000028,39.597099,39.667099,N,R,0,1,near,122,39.507099,39.747101,seat,the
3737P3737_mono,3737P3737_mono_0114,AH,345,0.04999899999999968,39.7971,39.847099,DH,W,0,0,the,123,39.747101,39.847099,near,window
3737P3737_mono,3737P3737_mono_0115,IH,347,0.04999899999999968,39.917099,39.967098,W,N,0,1,window,124,39.847099,40.397099,the,-
3737P3737_mono,3737P3737_mono_0116,OW,350,0.3099980000000002,40.087101,40.397099,D,-,0,0,window,124,39.847099,40.397099,the,-
3737P3737_mono,3737P3737_mono_0117,OW,355,0.07999799999999624,40.803001,40.882999,R,L,0,1,scrolled,126,40.553001,41.022999,-,-
3737P3737_mono,3737P3737_mono_0118,AY,360,0.09999899999999684,41.173,41.272999,M,F,0,1,my,128,41.112999,41.272999,-,phone
3737P3737_mono,3737P3737_mono_0119,OW,362,0.25,41.423,41.673,F,N,0,1,phone,129,41.272999,41.816799,my,-
3737P3737_mono,3737P3737_mono_0120,AE,365,0.11999799999999539,42.205502,42.3255,-,N,0,1,and,131,42.205502,42.435501,-,overheard
3737P3737_mono,3737P3737_mono_0121,OW,368,0.12999699999999592,42.435501,42.565498,D,V,0,1,overheard,132,42.435501,42.9655,and,someone
3737P3737_mono,3737P3737_mono_0122,ER,370,0.07999799999999624,42.635502,42.7155,V,HH,0,0,overheard,132,42.435501,42.9655,and,someone
3737P3737_mono,3737P3737_mono_0123,ER,372,0.07000000000000028,42.8255,42.8955,HH,D,0,1,overheard,132,42.435501,42.9655,and,someone
3737P3737_mono,3737P3737_mono_0124,AH,375,0.04999899999999968,43.0355,43.085499,S,M,0,1,someone,133,42.9655,43.255501,overheard,say
3737P3737_mono,3737P3737_mono_0125,AH,378,0.04000100000000373,43.1455,43.185501,W,N,0,2,someone,133,42.9655,43.255501,overheard,say
3737P3737_mono,3737P3737_mono_0126,EY,381,0.2699969999999965,43.365501,43.635498,S,-,0,1,say,134,43.255501,43.635498,someone,-
3737P3737_mono,--,AH,384,0.029998999999996556,44.088501,44.1185,DH,JH,1,0,the,136,44.058498,44.1185,-,giraffe
3737P3737_mono,3737P3737_mono_0127,ER,386,0.12000300000000408,44.218498,44.338501,JH,AE1,0,0,giraffe,137,44.1185,44.538502,the,exhibit
3737P3737_mono,3737P3737_mono_0128,AE,387,0.09999799999999937,44.338501,44.438499,ER0,F,0,1,giraffe,137,44.1185,44.538502,the,exhibit
3737P3737_mono,--,IH,389,0.029998999999996556,44.538502,44.568501,F,G,1,0,exhibit,138,44.538502,44.938499,giraffe,-
3737P3737_mono,3737P3737_mono_0129,IH,392,0.04000100000000373,44.7285,44.768501,Z,B,0,1,exhibit,138,44.538502,44.938499,giraffe,-
3737P3737_mono,3737P3737_mono_0130,IH,394,0.08000200000000035,44.828499,44.908501,B,T,0,0,exhibit,138,44.538502,44.938499,giraffe,-
3737P3737_mono,3737P3737_mono_0131,OW,397,0.12000300000000408,44.968498,45.088501,-,P,0,1,opens,140,44.968498,45.3685,-,at
3737P3737_mono,3737P3737_mono_0132,AH,399,0.0699989999999957,45.158501,45.2285,P,N,0,0,opens,140,44.968498,45.3685,-,at
3737P3737_mono,3737P3737_mono_0133,AE,402,0.04999899999999968,45.3685,45.418499,Z,T,0,1,at,141,45.3685,45.488499,opens,noon
3737P3737_mono,3737P3737_mono_0134,UW,405,0.15000200000000063,45.5485,45.698502,N,N,0,1,noon,142,45.488499,45.938499,at,-
3737P3737_mono,--,IH,409,0.029998999999996556,46.193401,46.2234,W,CH,1,1,which,144,46.123402,46.2934,-,felt
3737P3737_mono,3737P3737_mono_0135,EH,412,0.039996999999999616,46.353401,46.393398,F,L,0,1,felt,145,46.2934,46.493401,which,-
3737P3737_mono,3737P3737_mono_0136,AA,416,0.11999899999999997,46.523399,46.643398,-,D,0,1,oddly,147,46.523399,46.803398,-,profound
3737P3737_mono,3737P3737_mono_0137,IY,419,0.039996999999999616,46.763401,46.803398,L,P,0,0,oddly,147,46.523399,46.803398,-,profound
3737P3737_mono,3737P3737_mono_0138,OW,422,0.039996999999999616,46.963402,47.003399,R,F,0,0,profound,148,46.803398,47.413399,oddly,at
3737P3737_mono,3737P3737_mono_0139,AW,424,0.20000000000000284,47.1134,47.3134,F,N,0,1,profound,148,46.803398,47.413399,oddly,at
3737P3737_mono,3737P3737_mono_0140,AE,427,0.04000100000000373,47.413399,47.4534,D,T,0,1,at,149,47.413399,47.513401,profound,the
3737P3737_mono,3737P3737_mono_0141,AH,430,0.030003000000000668,47.553398,47.583401,DH,T,0,0,the,150,47.513401,47.583401,at,time
3737P3737_mono,3737P3737_mono_0142,AY,432,0.24000199999999694,47.733398,47.9734,T,M,0,1,time,151,47.583401,48.033401,the,-
3737P3737_mono,3737P3737_mono_0143,AE,435,0.07999800000000334,48.683102,48.7631,-,F,0,1,after,153,48.683102,48.9231,-,a
3737P3737_mono,3737P3737_mono_0144,ER,438,0.04000099999999662,48.883099,48.9231,T,AH0,0,0,after,153,48.683102,48.9231,-,a
3737P3737_mono,3737P3737_mono_0145,AH,439,0.04999899999999968,48.9231,48.973099,ER0,F,0,0,a,154,48.9231,48.973099,after,few
3737P3737_mono,3737P3737_mono_0146,UW,442,0.04999899999999968,49.183102,49.233101,Y,B,0,1,few,155,48.973099,49.233101,a,bites
3737P3737_mono,3737P3737_mono_0147,AY,444,0.17000199999999666,49.313099,49.483101,B,T,0,1,bites,156,49.233101,49.733101,few,of
3737P3737_mono,3737P3737_mono_0148,AH,447,0.04999899999999968,49.733101,49.7831,S,V,0,0,of,157,49.733101,49.863098,bites,something
3737P3737_mono,3737P3737_mono_0149,AH,450,0.06000200000000433,49.9631,50.023102,S,M,0,1,something,158,49.863098,50.363098,of,vaguely
3737P3737_mono,3737P3737_mono_0150,IH,453,0.06000099999999975,50.1931,50.253101,TH,NG,0,0,something,158,49.863098,50.363098,of,vaguely
3737P3737_mono,3737P3737_mono_0151,EY,456,0.15000100000000316,50.473099,50.6231,V,G,0,1,vaguely,159,50.363098,50.993099,something,egg
3737P3737_mono,3737P3737_mono_0152,IY,459,0.20999900000000338,50.7831,50.993099,L,EH1,0,0,vaguely,159,50.363098,50.993099,something,egg
3737P3737_mono,3737P3737_mono_0153,EH,460,0.1100009999999969,50.993099,51.1031,IY0,G,0,1,egg,160,50.993099,51.203098,vaguely,shaped
3737P3737_mono,3737P3737_mono_0154,EY,463,0.14999699999999905,51.343102,51.493099,SH,P,0,1,shaped,161,51.203098,51.6031,egg,-
3737P3737_mono,3737P3737_mono_0155,AY,467,0.09999900000000395,52.0909,52.190899,-,W,0,1,i,163,52.0909,52.190899,-,wandered
3737P3737_mono,3737P3737_mono_0156,AA,469,0.11999899999999997,52.3209,52.440899,W,N,0,1,wandered,164,52.190899,52.690899,i,to
3737P3737_mono,3737P3737_mono_0157,ER,472,0.09000000000000341,52.540901,52.630901,D,D,0,0,wandered,164,52.190899,52.690899,i,to
3737P3737_mono,3737P3737_mono_0158,IH,475,0.05000000000000426,52.720901,52.770901,T,DH,0,0,to,165,52.690899,52.770901,wandered,the
3737P3737_mono,3737P3737_mono_0159,AH,477,0.04999899999999968,52.810902,52.860901,DH,P,0,0,the,166,52.770901,52.860901,to,park
3737P3737_mono,--,AA,479,0.029998999999996556,53.0009,53.030899,P,R,1,1,park,167,52.860901,53.1609,the,-
3737P3737_mono,3737P3737_mono_0160,AH,483,0.04000100000000373,53.7994,53.839401,-,K,0,0,a,169,53.7994,53.839401,-,kid
3737P3737_mono,3737P3737_mono_0161,IH,485,0.07999799999999624,53.9594,54.039398,K,D,0,1,kid,170,53.839401,54.089401,a,zoomed
3737P3737_mono,3737P3737_mono_0162,UW,488,0.1600000000000037,54.239399,54.399399,Z,M,0,1,zoomed,171,54.089401,54.589401,kid,by
3737P3737_mono,3737P3737_mono_0163,AY,492,0.33000200000000035,54.629398,54.9594,B,AA1,0,1,by,172,54.589401,54.9594,zoomed,on
3737P3737_mono,3737P3737_mono_0164,AA,493,0.09999899999999684,54.9594,55.059399,AY1,N,0,1,on,173,54.9594,55.129398,by,a
3737P3737_mono,3737P3737_mono_0165,AH,495,0.08000200000000035,55.129398,55.2094,N,R,0,0,a,174,55.129398,55.2094,on,ruh
3737P3737_mono,--,AH,497,0.02999900000000366,55.249401,55.2794,R,S,1,1,ruh,175,55.2094,55.2794,a,scooter
3737P3737_mono,3737P3737_mono_0166,UW,500,0.07999800000000334,55.569401,55.649399,K,T,0,1,scooter,176,55.2794,55.819401,ruh,yelling
3737P3737_mono,3737P3737_mono_0167,ER,502,0.13000100000000003,55.6894,55.819401,T,Y,0,0,scooter,176,55.2794,55.819401,ruh,yelling
3737P3737_mono,3737P3737_mono_0168,EH,504,0.05999800000000022,55.929401,55.989399,Y,L,0,1,yelling,177,55.819401,56.269402,scooter,zoom
3737P3737_mono,3737P3737_mono_0169,IH,506,0.09000000000000341,56.059399,56.149399,L,NG,0,0,yelling,177,55.819401,56.269402,scooter,zoom
3737P3737_mono,3737P3737_mono_0170,UW,509,0.09999799999999937,56.3694,56.469398,Z,M,0,1,zoom,178,56.269402,56.5494,yelling,zoom
3737P3737_mono,3737P3737_mono_0171,UW,512,0.25,56.6394,56.8894,Z,M,0,1,zoom,179,56.5494,57.019402,zoom,-
3737P3737_mono,3737P3737_mono_0172,AY,516,0.09999799999999937,57.643101,57.743099,L,K,0,1,like,181,57.543098,57.863098,-,it
3737P3737_mono,3737P3737_mono_0173,IH,518,0.13000100000000003,57.863098,57.993099,K,W,0,0,it,182,57.863098,57.993099,like,was
3737P3737_mono,3737P3737_mono_0174,AH,520,0.04999899999999968,58.063099,58.113098,W,Z,0,0,was,183,57.993099,58.153099,it,a
3737P3737_mono,3737P3737_mono_0175,AH,522,0.04000100000000373,58.153099,58.1931,Z,S,0,0,a,184,58.153099,58.1931,was,sound
3737P3737_mono,3737P3737_mono_0176,AW,524,0.0899999999999963,58.313099,58.403099,S,N,0,1,sound,185,58.1931,58.483101,a,effect
3737P3737_mono,--,AH,527,0.02999900000000366,58.483101,58.5131,D,F,1,0,effect,186,58.483101,59.003101,sound,that
3737P3737_mono,3737P3737_mono_0177,EH,529,0.09999799999999937,58.643101,58.743099,F,K,0,1,effect,186,58.483101,59.003101,sound,that
3737P3737_mono,3737P3737_mono_0178,AH,533,0.060001999999997224,59.043098,59.1031,DH,T,0,0,that,187,59.003101,59.183102,effect,summoned
3737P3737_mono,3737P3737_mono_0179,AH,536,0.07999799999999624,59.273102,59.3531,S,M,0,1,summoned,188,59.183102,59.6031,that,speed
3737P3737_mono,3737P3737_mono_0180,AH,538,0.04999899999999968,59.4231,59.473099,M,N,0,0,summoned,188,59.183102,59.6031,that,speed
3737P3737_mono,3737P3737_mono_0181,IY,543,0.25999800000000306,59.7831,60.043098,P,-,0,1,speed,189,59.6031,60.043098,summoned,-
3737P3737_mono,3737P3737_mono_0182,AY,545,0.08000200000000035,60.992599,61.072601,-,S,0,1,i,191,60.992599,61.072601,-,sat
3737P3737_mono,3737P3737_mono_0183,AE,547,0.11999899999999997,61.212601,61.3326,S,T,0,1,sat,192,61.072601,61.392601,i,under
3737P3737_mono,3737P3737_mono_0184,AH,549,0.04999899999999968,61.392601,61.4426,T,N,0,1,under,193,61.392601,61.592602,sat,a
3737P3737_mono,3737P3737_mono_0185,ER,552,0.05000299999999669,61.542599,61.592602,D,AH0,0,0,under,193,61.392601,61.592602,sat,a
3737P3737_mono,3737P3737_mono_0186,AH,553,0.05999700000000274,61.592602,61.652599,ER0,T,0,0,a,194,61.592602,61.652599,under,tree
3737P3737_mono,3737P3737_mono_0187,IY,556,0.23999699999999535,61.872601,62.112598,R,-,0,1,tree,195,61.652599,62.112598,a,-
3737P3737_mono,3737P3737_mono_0188,IH,559,0.030003000000000668,62.365299,62.395302,L,S,0,1,listened,197,62.265301,62.605301,-,to
3737P3737_mono,3737P3737_mono_0189,AH,561,0.04000099999999662,62.4953,62.535301,S,N,0,0,listened,197,62.265301,62.605301,-,to
3737P3737_mono,--,AH,565,0.02999799999999908,62.6353,62.665298,T,DH,1,0,to,198,62.605301,62.665298,listened,the
3737P3737_mono,3737P3737_mono_0190,AH,567,0.039996999999999616,62.715302,62.755299,DH,B,0,0,the,199,62.665298,62.755299,to,breeze
3737P3737_mono,3737P3737_mono_0191,IY,570,0.25,62.8853,63.1353,R,Z,0,1,breeze,200,62.755299,63.275299,the,-
3737P3737_mono,3737P3737_mono_0192,AE,573,0.03999999999999915,63.3564,63.3964,-,N,0,1,and,202,63.3564,63.526402,-,watched
3737P3737_mono,3737P3737_mono_0193,AA,577,0.12999700000000303,63.596401,63.726398,W,CH,0,1,watched,203,63.526402,63.916401,and,a
3737P3737_mono,3737P3737_mono_0194,AH,580,0.04999899999999968,63.916401,63.9664,T,Y,0,0,a,204,63.916401,63.9664,watched,yellow
3737P3737_mono,3737P3737_mono_0195,EH,582,0.04999499999999557,64.086403,64.136398,Y,L,0,1,yellow,205,63.9664,64.296402,a,balloon
3737P3737_mono,3737P3737_mono_0196,OW,584,0.08000200000000746,64.2164,64.296402,L,B,0,0,yellow,205,63.9664,64.296402,a,balloon
3737P3737_mono,--,AH,586,0.010002000000000066,64.386398,64.3964,B,L,1,0,balloon,206,64.296402,64.766403,yellow,get
3737P3737_mono,3737P3737_mono_0197,UW,588,0.08000200000000746,64.506401,64.586403,L,N,0,1,balloon,206,64.296402,64.766403,yellow,get
3737P3737_mono,3737P3737_mono_0198,IH,591,0.08000099999999577,64.816399,64.8964,G,T,0,1,get,207,64.766403,64.976402,balloon,tangled
3737P3737_mono,3737P3737_mono_0199,AE,594,0.09999799999999937,65.1064,65.206398,T,NG,0,1,tangled,208,64.976402,65.456398,get,in
3737P3737_mono,3737P3737_mono_0200,AH,597,0.050002999999989584,65.316399,65.366402,G,L,0,0,tangled,208,64.976402,65.456398,get,in
3737P3737_mono,--,IH,600,0.02999900000000366,65.456398,65.486397,D,N,1,0,in,209,65.456398,65.516403,tangled,a
3737P3737_mono,3737P3737_mono_0201,AH,602,0.04999600000000726,65.516403,65.566399,N,P,0,0,a,210,65.516403,65.566399,in,power
3737P3737_mono,3737P3737_mono_0202,AW,604,0.1399990000000031,65.706398,65.846397,P,ER0,0,1,power,211,65.566399,65.926399,a,line
3737P3737_mono,3737P3737_mono_0203,ER,605,0.08000200000000746,65.846397,65.926399,AW1,L,0,0,power,211,65.566399,65.926399,a,line
3737P3737_mono,3737P3737_mono_0204,AY,607,0.18000000000000682,65.986397,66.166397,L,N,0,1,line,212,65.926399,66.2164,power,-
3737P3737_mono,3737P3737_mono_0205,IH,611,0.07999399999999923,66.982002,67.061996,W,R,0,1,weird,214,66.952003,67.192001,-,morning
3737P3737_mono,3737P3737_mono_0206,AO,615,0.050003000000003794,67.241997,67.292,M,R,0,1,morning,215,67.192001,67.671997,weird,-
3737P3737_mono,3737P3737_mono_0207,IH,618,0.09999899999999684,67.402,67.501999,N,NG,0,0,morning,215,67.192001,67.671997,weird,-
3737P3737_mono,3737P3737_mono_0208,AH,622,0.04000100000000373,68.067802,68.107803,B,T,0,1,but,217,68.037804,68.157799,-,-
3737P3737_mono,3737P3737_mono_0209,AA,625,0.09000400000000752,68.386597,68.476601,-,N,0,1,honestly,219,68.386597,68.986603,-,-
3737P3737_mono,3737P3737_mono_0210,AH,627,0.04999600000000726,68.556602,68.606598,N,S,0,0,honestly,219,68.386597,68.986603,-,-
3737P3737_mono,3737P3737_mono_0211,IY,631,0.1600040000000007,68.826599,68.986603,L,-,0,0,honestly,219,68.386597,68.986603,-,-
3737P3737_mono,3737P3737_mono_0212,AA,634,0.05999800000000732,69.430099,69.490097,N,T,0,1,not,221,69.400101,69.570099,-,the
3737P3737_mono,3737P3737_mono_0213,AH,637,0.04000100000000373,69.600098,69.640099,DH,W,0,1,the,222,69.570099,69.640099,not,worst
3737P3737_mono,3737P3737_mono_0214,ER,639,0.12999700000000303,69.730103,69.8601,W,S,0,1,worst,223,69.640099,70.120102,the,-
4G2A0GO67_mono,--,OW,3,0.029999999999999805,3.6629,3.6929,S,-,1,1,so,2,3.5829,3.6929,-,-
4G2A0GO67_mono,4G2A0GO67_mono_0001,IH,6,0.040000000000000036,3.7629,3.8029,DH,S,0,1,this,4,3.7229,3.9229,-,morning
4G2A0GO67_mono,4G2A0GO67_mono_0002,AO,9,0.06000000000000005,3.9529,4.0129,M,R,0,1,morning,5,3.9229,4.2629,this,-
4G2A0GO67_mono,4G2A0GO67_mono_0003,IH,12,0.05999999999999961,4.1329,4.1929,N,NG,0,0,morning,5,3.9229,4.2629,this,-
4G2A0GO67_mono,4G2A0GO67_mono_0004,AY,15,0.05999999999999961,4.3909,4.4509,-,W,0,1,i,7,4.3909,4.4509,-,woke
4G2A0GO67_mono,4G2A0GO67_mono_0005,OW,17,0.0600000000000005,4.5309,4.5909,W,K,0,1,woke,8,4.4509,4.6909,i,up
4G2A0GO67_mono,4G2A0GO67_mono_0006,AH,19,0.05999999999999961,4.6909,4.7509,K,P,0,1,up,9,4.6909,4.8309,woke,late
4G2A0GO67_mono,4G2A0GO67_mono_0007,EY,22,0.1200000000000001,4.8809,5.0009,L,T,0,1,late,10,4.8309,5.0397,up,-
4G2A0GO67_mono,4G2A0GO67_mono_0008,AE,25,0.16999999999999993,5.0989,5.2689,-,N,0,1,and,12,5.0989,5.3689,-,immediately
4G2A0GO67_mono,4G2A0GO67_mono_0009,IH,28,0.03000000000000025,5.3689,5.3989,D,M,0,0,immediately,13,5.3689,5.7589,and,stubbed
4G2A0GO67_mono,4G2A0GO67_mono_0010,IY,30,0.0600000000000005,5.4989,5.5589,M,D,0,1,immediately,13,5.3689,5.7589,and,stubbed
4G2A0GO67_mono,4G2A0GO67_mono_0011,IY,32,0.03000000000000025,5.5889,5.6189,D,AH0,0,0,immediately,13,5.3689,5.7589,and,stubbed
4G2A0GO67_mono,4G2A0GO67_mono_0012,AH,33,0.03000000000000025,5.6189,5.6489,IY0,T,0,0,immediately,13,5.3689,5.7589,and,stubbed
4G2A0GO67_mono,4G2A0GO67_mono_0013,IY,36,0.04999999999999982,5.7089,5.7589,L,S,0,0,immediately,13,5.3689,5.7589,and,stubbed
4G2A0GO67_mono,4G2A0GO67_mono_0014,AH,39,0.07000000000000028,5.9189,5.9889,T,B,0,1,stubbed,14,5.7589,6.0489,immediately,my
4G2A0GO67_mono,4G2A0GO67_mono_0015,AY,43,0.0699999999999994,6.0989,6.1689,M,T,0,1,my,15,6.0489,6.1689,stubbed,toe
4G2A0GO67_mono,4G2A0GO67_mono_0016,OW,45,0.08999999999999986,6.3089,6.3989,T,AA1,0,1,toe,16,6.1689,6.3989,my,on
4G2A0GO67_mono,4G2A0GO67_mono_0017,AA,46,0.040000000000000036,6.3989,6.4389,OW1,N,0,1,on,17,6.3989,6.4789,toe,the
4G2A0GO67_mono,4G2A0GO67_mono_0018,AH,49,0.03000000000000025,6.5089,6.5389,DH,D,0,0,the,18,6.4789,6.5389,on,dresser
4G2A0GO67_mono,4G2A0GO67_mono_0019,EH,52,0.07000000000000028,6.6589,6.7289,R,S,0,1,dresser,19,6.5389,7.0789,the,-
4G2A0GO67_mono,4G2A0GO67_mono_0020,ER,54,0.1900000000000004,6.8889,7.0789,S,-,0,0,dresser,19,6.5389,7.0789,the,-
4G2A0GO67_mono,4G2A0GO67_mono_0021,EY,58,0.08000000000000007,7.5275,7.6075,R,T,0,1,great,21,7.4475,7.6475,-,start
4G2A0GO67_mono,4G2A0GO67_mono_0022,AA,62,0.04999999999999982,7.7675,7.8175,T,R,0,1,start,22,7.6475,7.9875,great,right
4G2A0GO67_mono,4G2A0GO67_mono_0023,AY,66,0.13000000000000078,8.0175,8.1475,R,T,0,1,right,23,7.9875,8.1801,start,-
4G2A0GO67_mono,4G2A0GO67_mono_0024,AY,69,0.049999999999998934,8.8939,8.9439,-,G,0,1,i,25,8.8939,8.9439,-,grumbled
4G2A0GO67_mono,4G2A0GO67_mono_0025,AH,72,0.040000000000000924,9.0239,9.0639,R,M,0,1,grumbled,26,8.9439,9.1739,i,something
4G2A0GO67_mono,--,AH,75,0.009999999999999787,9.1039,9.1139,B,L,1,0,grumbled,26,8.9439,9.1739,i,something
4G2A0GO67_mono,4G2A0GO67_mono_0026,AH,79,0.03999999999999915,9.2439,9.2839,S,M,0,1,something,27,9.1739,9.4239,grumbled,half
4G2A0GO67_mono,4G2A0GO67_mono_0027,IH,82,0.05000000000000071,9.3439,9.3939,TH,NG,0,0,something,27,9.1739,9.4239,grumbled,half
4G2A0GO67_mono,4G2A0GO67_mono_0028,AE,85,0.05000000000000071,9.5039,9.5539,HH,F,0,1,half,28,9.4239,9.6539,something,conscious
4G2A0GO67_mono,4G2A0GO67_mono_0029,AA,88,0.05000000000000071,9.7439,9.7939,K,N,0,1,conscious,29,9.6539,10.1459,half,-
4G2A0GO67_mono,4G2A0GO67_mono_0030,AH,91,0.10999999999999943,9.9539,10.0639,SH,S,0,0,conscious,29,9.6539,10.1459,half,-
4G2A0GO67_mono,4G2A0GO67_mono_0031,AE,96,0.07000000000000028,10.2644,10.3344,R,B,0,1,grabbed,31,10.1944,10.4044,-,whatever
4G2A0GO67_mono,--,AH,100,0.02999999999999936,10.4344,10.4644,W,T,1,2,whatever,32,10.4044,10.6144,grabbed,shirt
4G2A0GO67_mono,--,EH,102,0.02999999999999936,10.4944,10.5244,T,V,1,1,whatever,32,10.4044,10.6144,grabbed,shirt
4G2A0GO67_mono,4G2A0GO67_mono_0032,ER,104,0.0600000000000005,10.5544,10.6144,V,SH,0,0,whatever,32,10.4044,10.6144,grabbed,shirt
4G2A0GO67_mono,4G2A0GO67_mono_0033,ER,106,0.03999999999999915,10.7344,10.7744,SH,T,0,1,shirt,33,10.6144,10.8244,whatever,was
4G2A0GO67_mono,4G2A0GO67_mono_0034,AH,109,0.0600000000000005,10.8744,10.9344,W,Z,0,0,was,34,10.8244,10.9844,shirt,like
4G2A0GO67_mono,4G2A0GO67_mono_0035,AY,112,0.049999999999998934,11.0144,11.0644,L,K,0,1,like,35,10.9844,11.1644,was,cleanish
4G2A0GO67_mono,--,AH,115,0.009999999999999787,11.7134,11.7234,spn,N,1,0,and,37,11.7134,11.7934,cleanish,headed
4G2A0GO67_mono,4G2A0GO67_mono_0036,EH,119,0.03999999999999915,11.8734,11.9134,HH,D,0,1,headed,38,11.7934,12.0334,and,out
4G2A0GO67_mono,4G2A0GO67_mono_0037,IH,121,0.05999999999999872,11.9434,12.0034,D,D,0,0,headed,38,11.7934,12.0334,and,out
4G2A0GO67_mono,4G2A0GO67_mono_0038,AW,123,0.16000000000000014,12.0334,12.1934,D,T,0,1,out,39,12.0334,12.2234,headed,-
4G2A0GO67_mono,4G2A0GO67_mono_0039,AH,127,0.040000000000000924,12.9408,12.9808,DH,S,0,0,the,41,12.9308,12.9808,-,sky
4G2A0GO67_mono,4G2A0GO67_mono_0040,AY,130,0.08999999999999986,13.0808,13.1708,K,L,0,1,sky,42,12.9808,13.1708,the,looked
4G2A0GO67_mono,4G2A0GO67_mono_0041,UH,132,0.040000000000000924,13.2508,13.2908,L,K,0,1,looked,43,13.1708,13.4108,sky,weird
4G2A0GO67_mono,4G2A0GO67_mono_0042,IH,136,0.11999999999999922,13.4608,13.5808,W,R,0,1,weird,44,13.4108,13.7508,looked,like
4G2A0GO67_mono,4G2A0GO67_mono_0043,AY,140,0.049999999999998934,13.7908,13.8408,L,K,0,1,like,45,13.7508,13.9508,weird,that
4G2A0GO67_mono,4G2A0GO67_mono_0044,AE,143,0.17999999999999972,13.9908,14.1708,DH,T,0,1,that,46,13.9508,14.2508,like,shade
4G2A0GO67_mono,4G2A0GO67_mono_0045,EY,146,0.0600000000000005,14.3708,14.4308,SH,D,0,1,shade,47,14.2508,14.4608,that,of
4G2A0GO67_mono,4G2A0GO67_mono_0046,AH,148,0.06999999999999851,14.4608,14.5308,D,V,0,0,of,48,14.4608,14.6208,shade,blue
4G2A0GO67_mono,4G2A0GO67_mono_0047,UW,152,0.10000000000000142,14.7008,14.8008,L,G,0,1,blue,49,14.6208,14.8008,of,gray
4G2A0GO67_mono,4G2A0GO67_mono_0048,EY,155,0.120000000000001,14.9208,15.0408,R,DH,0,1,gray,50,14.8008,15.0408,blue,that
4G2A0GO67_mono,4G2A0GO67_mono_0049,AE,157,0.0600000000000005,15.1108,15.1708,DH,T,0,1,that,51,15.0408,15.2008,gray,makes
4G2A0GO67_mono,4G2A0GO67_mono_0050,EY,160,0.0600000000000005,15.2308,15.2908,M,K,0,1,makes,52,15.2008,15.4108,that,you
4G2A0GO67_mono,4G2A0GO67_mono_0051,UW,164,0.030000000000001137,15.4408,15.4708,Y,K,0,1,you,53,15.4108,15.4708,makes,question
4G2A0GO67_mono,--,EH,167,0.02999999999999936,15.5808,15.6108,W,SH,1,1,question,54,15.4708,15.7808,you,if
4G2A0GO67_mono,--,AH,169,0.02999999999999936,15.7108,15.7408,SH,N,1,0,question,54,15.4708,15.7808,you,if
4G2A0GO67_mono,4G2A0GO67_mono_0052,IH,171,0.040000000000000924,15.7808,15.8208,N,F,0,0,if,55,15.7808,15.9308,question,it's
4G2A0GO67_mono,4G2A0GO67_mono_0053,IH,173,0.030000000000001137,15.9308,15.9608,F,T,0,0,it's,56,15.9308,16.070801,if,about
4G2A0GO67_mono,4G2A0GO67_mono_0054,AH,176,0.03999900000000167,16.070801,16.1108,S,B,0,0,about,57,16.070801,16.310801,it's,to
4G2A0GO67_mono,4G2A0GO67_mono_0055,AW,178,0.08999999999999986,16.170799,16.260799,B,T,0,1,about,57,16.070801,16.310801,it's,to
4G2A0GO67_mono,4G2A0GO67_mono_0056,AH,181,0.03999900000000167,16.3908,16.430799,T,R,0,0,to,58,16.310801,16.430799,about,rain
4G2A0GO67_mono,4G2A0GO67_mono_0057,EY,183,0.0799999999999983,16.4708,16.5508,R,N,0,1,rain,59,16.430799,16.6008,to,or
4G2A0GO67_mono,4G2A0GO67_mono_0058,ER,185,0.06999899999999926,16.6008,16.670799,N,N,0,0,or,60,16.6008,16.670799,rain,not
4G2A0GO67_mono,4G2A0GO67_mono_0059,AA,187,0.11000100000000046,16.750799,16.8608,N,T,0,1,not,61,16.670799,16.9133,or,-
4G2A0GO67_mono,4G2A0GO67_mono_0060,AY,190,0.040001000000000175,17.620199,17.6602,-,S,0,1,i,63,17.620199,17.6602,-,stopped
4G2A0GO67_mono,4G2A0GO67_mono_0061,AA,193,0.0799999999999983,17.770201,17.850201,T,P,0,1,stopped,64,17.6602,17.9202,i,by
4G2A0GO67_mono,4G2A0GO67_mono_0062,AY,197,0.07000199999999879,17.950199,18.020201,B,DH,0,1,by,65,17.9202,18.020201,stopped,the
4G2A0GO67_mono,4G2A0GO67_mono_0063,AH,199,0.04999899999999968,18.0702,18.120199,DH,K,0,0,the,66,18.020201,18.120199,by,corner
4G2A0GO67_mono,4G2A0GO67_mono_0064,AO,201,0.030000999999998612,18.2302,18.260201,K,R,0,1,corner,67,18.120199,18.3902,the,store
4G2A0GO67_mono,4G2A0GO67_mono_0065,ER,204,0.05999999999999872,18.3302,18.3902,N,S,0,0,corner,67,18.120199,18.3902,the,store
4G2A0GO67_mono,--,AO,207,0.029998000000002634,18.510201,18.540199,T,R,1,1,store,68,18.3902,18.600201,corner,to
4G2A0GO67_mono,4G2A0GO67_mono_0066,AH,210,0.030000999999998612,18.630199,18.6602,T,G,0,0,to,69,18.600201,18.6602,store,grab
4G2A0GO67_mono,4G2A0GO67_mono_0067,AE,213,0.06999900000000281,18.760201,18.8302,R,B,0,1,grab,70,18.6602,18.860201,to,a
4G2A0GO67_mono,4G2A0GO67_mono_0068,AH,215,0.07000000000000028,18.860201,18.930201,B,T,0,0,a,71,18.860201,18.930201,grab,toasted
4G2A0GO67_mono,4G2A0GO67_mono_0069,OW,217,0.050000999999998186,19.040199,19.0902,T,S,0,1,toasted,72,18.930201,19.290199,a,bagel
4G2A0GO67_mono,4G2A0GO67_mono_0070,IH,220,0.030000999999998612,19.2302,19.260201,T,D,0,0,toasted,72,18.930201,19.290199,a,bagel
4G2A0GO67_mono,4G2A0GO67_mono_0071,EY,223,0.11000100000000046,19.3202,19.430201,B,G,0,1,bagel,73,19.290199,19.610201,toasted,and
4G2A0GO67_mono,4G2A0GO67_mono_0072,AH,225,0.0600010000000033,19.4702,19.530201,G,L,0,0,bagel,73,19.290199,19.610201,toasted,and
4G2A0GO67_mono,--,AH,227,0.02999900000000011,19.610201,19.6402,L,N,1,0,and,74,19.610201,19.700199,bagel,orange
4G2A0GO67_mono,4G2A0GO67_mono_0073,AO,230,0.060001999999997224,19.700199,19.760201,D,R,0,1,orange,75,19.700199,19.940201,and,juice
4G2A0GO67_mono,4G2A0GO67_mono_0074,AH,232,0.030000999999998612,19.8202,19.850201,R,N,0,0,orange,75,19.700199,19.940201,and,juice
4G2A0GO67_mono,4G2A0GO67_mono_0075,UW,236,0.12000099999999847,19.9802,20.100201,JH,S,0,1,juice,76,19.940201,20.260201,orange,-
4G2A0GO67_mono,4G2A0GO67_mono_0076,AH,240,0.030000999999998612,20.334299,20.3643,B,T,0,1,but,78,20.2943,20.3943,-,they
4G2A0GO67_mono,4G2A0GO67_mono_0077,EY,243,0.07000000000000028,20.434299,20.504299,DH,W,0,1,they,79,20.3943,20.504299,but,were
4G2A0GO67_mono,4G2A0GO67_mono_0078,ER,245,0.04999899999999968,20.5343,20.584299,W,B,0,0,were,80,20.504299,20.584299,they,both
4G2A0GO67_mono,4G2A0GO67_mono_0079,OW,247,0.10999900000000196,20.664301,20.7743,B,TH,0,1,both,81,20.584299,20.8943,were,out
4G2A0GO67_mono,4G2A0GO67_mono_0080,AW,249,0.16000000000000014,20.8943,21.0543,TH,T,0,1,out,82,20.8943,21.1043,both,-
4G2A0GO67_mono,4G2A0GO67_mono_0081,IY,253,0.03999900000000167,21.785601,21.8256,DH,K,0,0,the,84,21.7756,21.8256,-,cashier
4G2A0GO67_mono,4G2A0GO67_mono_0082,AE,255,0.0799999999999983,21.895599,21.975599,K,SH,0,0,cashier,85,21.8256,22.1556,the,joked
4G2A0GO67_mono,4G2A0GO67_mono_0083,IH,257,0.030000999999998612,22.0956,22.125601,SH,R,0,1,cashier,85,21.8256,22.1556,the,joked
4G2A0GO67_mono,4G2A0GO67_mono_0084,OW,260,0.13000100000000003,22.2456,22.375601,JH,K,0,1,joked,86,22.1556,22.4856,cashier,-
4G2A0GO67_mono,--,IH,264,0.010000000000001563,22.745199,22.755199,-,T,1,1,it's,88,22.745199,22.835199,-,monday
4G2A0GO67_mono,4G2A0GO67_mono_0085,AH,268,0.04999899999999968,22.885201,22.9352,M,N,0,1,monday,89,22.835199,23.085199,it's,energy
4G2A0GO67_mono,4G2A0GO67_mono_0086,EY,271,0.0799999999999983,23.005199,23.085199,D,EH1,0,2,monday,89,22.835199,23.085199,it's,energy
4G2A0GO67_mono,4G2A0GO67_mono_0087,EH,272,0.050001999999999214,23.085199,23.135201,EY2,N,0,1,energy,90,23.085199,23.495199,monday,-
4G2A0GO67_mono,4G2A0GO67_mono_0088,ER,274,0.10000000000000142,23.1752,23.2752,N,JH,0,0,energy,90,23.085199,23.495199,monday,-
4G2A0GO67_mono,4G2A0GO67_mono_0089,IY,276,0.10999800000000093,23.385201,23.495199,JH,-,0,0,energy,90,23.085199,23.495199,monday,-
4G2A0GO67_mono,4G2A0GO67_mono_0090,AE,278,0.07999899999999727,24.1703,24.250299,-,N,0,1,and,92,24.1703,24.2903,-,i
4G2A0GO67_mono,--,AY,281,0.02999900000000011,24.2903,24.320299,D,HH,1,1,i,93,24.2903,24.320299,and,half
4G2A0GO67_mono,4G2A0GO67_mono_0091,AE,283,0.08999999999999986,24.3603,24.4503,HH,F,0,1,half,94,24.320299,24.570299,i,laughed
4G2A0GO67_mono,4G2A0GO67_mono_0092,AE,286,0.11000100000000046,24.6103,24.720301,L,F,0,1,laughed,95,24.570299,24.7803,half,because
4G2A0GO67_mono,--,IH,290,0.02999900000000011,24.810301,24.8403,B,K,1,0,because,96,24.7803,24.990299,laughed,like
4G2A0GO67_mono,--,AH,292,0.029999999999997584,24.9203,24.9503,K,Z,1,1,because,96,24.7803,24.990299,laughed,like
4G2A0GO67_mono,4G2A0GO67_mono_0093,AY,295,0.040001000000000175,25.0203,25.060301,L,K,0,1,like,97,24.990299,25.0937,because,-
4G2A0GO67_mono,4G2A0GO67_mono_0094,AE,299,0.13000100000000003,25.364599,25.4946,Y,T,0,1,yeah,99,25.3146,25.4946,-,true
4G2A0GO67_mono,4G2A0GO67_mono_0095,UW,302,0.1799980000000012,25.764601,25.944599,R,-,0,1,true,100,25.4946,25.944599,yeah,-
4G2A0GO67_mono,4G2A0GO67_mono_0096,AY,304,0.05000100000000174,27.0306,27.080601,-,T,0,1,i,102,27.0306,27.080601,-,took
4G2A0GO67_mono,4G2A0GO67_mono_0097,UH,306,0.04999899999999968,27.170601,27.2206,T,K,0,1,took,103,27.080601,27.260599,i,a
4G2A0GO67_mono,4G2A0GO67_mono_0098,AH,308,0.05000100000000174,27.260599,27.3106,K,S,0,0,a,104,27.260599,27.3106,took,seat
4G2A0GO67_mono,4G2A0GO67_mono_0099,IY,310,0.0799999999999983,27.4506,27.5306,S,N,0,1,seat,105,27.3106,27.5306,a,near
4G2A0GO67_mono,4G2A0GO67_mono_0100,IH,312,0.050000999999998186,27.590599,27.6406,N,R,0,1,near,106,27.5306,27.690599,seat,the
4G2A0GO67_mono,4G2A0GO67_mono_0101,AH,315,0.04999899999999968,27.7206,27.770599,DH,W,0,0,the,107,27.690599,27.770599,near,window
4G2A0GO67_mono,4G2A0GO67_mono_0102,IH,317,0.040001000000000175,27.850599,27.8906,W,N,0,1,window,108,27.770599,28.070601,the,scrolled
4G2A0GO67_mono,4G2A0GO67_mono_0103,OW,320,0.1000009999999989,27.9706,28.070601,D,S,0,0,window,108,27.770599,28.070601,the,scrolled
4G2A0GO67_mono,--,OW,324,0.010000000000001563,28.2806,28.2906,R,L,1,1,scrolled,109,28.070601,28.350599,window,my
4G2A0GO67_mono,4G2A0GO67_mono_0104,AY,328,0.07000000000000028,28.3906,28.4606,M,F,0,1,my,110,28.350599,28.4606,scrolled,phone
4G2A0GO67_mono,4G2A0GO67_mono_0105,OW,330,0.12000100000000202,28.600599,28.7206,F,N,0,1,phone,111,28.4606,28.750601,my,and
4G2A0GO67_mono,--,AH,332,0.02999900000000011,28.750601,28.7806,N,N,1,0,and,112,28.750601,28.8706,phone,overheard
4G2A0GO67_mono,4G2A0GO67_mono_0106,OW,335,0.06999899999999926,28.8706,28.940599,D,V,0,1,overheard,113,28.8706,29.2206,and,someone
4G2A0GO67_mono,4G2A0GO67_mono_0107,ER,337,0.059999000000001246,29.000601,29.0606,V,HH,0,0,overheard,113,28.8706,29.2206,and,someone
4G2A0GO67_mono,4G2A0GO67_mono_0108,ER,339,0.07000200000000234,29.100599,29.170601,HH,D,0,1,overheard,113,28.8706,29.2206,and,someone
4G2A0GO67_mono,--,AH,342,0.02999900000000011,29.330601,29.3606,S,M,1,1,someone,114,29.2206,29.4606,overheard,say
4G2A0GO67_mono,--,AH,345,0.02999900000000011,29.4006,29.430599,W,N,1,2,someone,114,29.2206,29.4606,overheard,say
4G2A0GO67_mono,4G2A0GO67_mono_0109,EY,348,0.23999900000000096,29.570601,29.8106,S,-,0,1,say,115,29.4606,29.8106,someone,-
4G2A0GO67_mono,--,AH,351,0.029998000000002634,30.008801,30.038799,DH,JH,1,0,the,117,29.9688,30.038799,-,giraffe
4G2A0GO67_mono,4G2A0GO67_mono_0110,ER,353,0.050001999999999214,30.128799,30.178801,JH,AE1,0,0,giraffe,118,30.038799,30.378799,the,exhibit
4G2A0GO67_mono,4G2A0GO67_mono_0111,AE,354,0.08999999999999986,30.178801,30.268801,ER0,F,0,1,giraffe,118,30.038799,30.378799,the,exhibit
4G2A0GO67_mono,4G2A0GO67_mono_0112,IH,356,0.030000999999998612,30.378799,30.4088,F,G,0,0,exhibit,119,30.378799,30.688801,giraffe,opens
4G2A0GO67_mono,4G2A0GO67_mono_0113,IH,359,0.059999000000001246,30.518801,30.5788,Z,B,0,1,exhibit,119,30.378799,30.688801,giraffe,opens
4G2A0GO67_mono,4G2A0GO67_mono_0114,IH,361,0.04999899999999968,30.608801,30.6588,B,T,0,0,exhibit,119,30.378799,30.688801,giraffe,opens
4G2A0GO67_mono,4G2A0GO67_mono_0115,OW,363,0.1099989999999984,30.688801,30.7988,T,P,0,1,opens,120,30.688801,30.9888,exhibit,at
4G2A0GO67_mono,4G2A0GO67_mono_0116,AH,365,0.030001000000002165,30.868799,30.8988,P,N,0,0,opens,120,30.688801,30.9888,exhibit,at
4G2A0GO67_mono,4G2A0GO67_mono_0117,AE,368,0.0799999999999983,30.9888,31.0688,Z,T,0,1,at,121,30.9888,31.098801,opens,noon
4G2A0GO67_mono,4G2A0GO67_mono_0118,UW,371,0.14999999999999858,31.1688,31.3188,N,N,0,1,noon,122,31.098801,31.358801,at,-
4G2A0GO67_mono,4G2A0GO67_mono_0119,IH,375,0.030001000000002165,31.6938,31.723801,W,CH,0,1,which,124,31.663799,31.7738,-,felt
4G2A0GO67_mono,4G2A0GO67_mono_0120,EH,378,0.030000999999998612,31.823799,31.8538,F,L,0,1,felt,125,31.7738,31.993799,which,-
4G2A0GO67_mono,4G2A0GO67_mono_0121,AA,382,0.14000000000000057,32.083801,32.223801,-,D,0,1,oddly,127,32.083801,32.383801,-,profound
4G2A0GO67_mono,4G2A0GO67_mono_0122,IY,385,0.04999999999999716,32.333801,32.383801,L,P,0,0,oddly,127,32.083801,32.383801,-,profound
4G2A0GO67_mono,4G2A0GO67_mono_0123,OW,388,0.039996999999999616,32.513802,32.553799,R,F,0,0,profound,128,32.383801,32.823799,oddly,at
4G2A0GO67_mono,4G2A0GO67_mono_0124,AW,390,0.08000200000000035,32.663799,32.743801,F,N,0,1,profound,128,32.383801,32.823799,oddly,at
4G2A0GO67_mono,4G2A0GO67_mono_0125,AE,393,0.030003000000000668,32.823799,32.853802,D,T,0,1,at,129,32.823799,32.893799,profound,the
4G2A0GO67_mono,4G2A0GO67_mono_0126,AH,396,0.030001999999996087,32.963799,32.993801,DH,T,0,0,the,130,32.893799,32.993801,at,time
4G2A0GO67_mono,4G2A0GO67_mono_0127,AY,398,0.13000100000000003,33.123798,33.253799,T,M,0,1,time,131,32.993801,33.2938,the,-
4G2A0GO67_mono,4G2A0GO67_mono_0128,AE,401,0.04999899999999968,34.053101,34.1031,-,F,0,1,after,133,34.053101,34.243099,-,a
4G2A0GO67_mono,4G2A0GO67_mono_0129,ER,404,0.04000100000000373,34.203098,34.243099,T,AH0,0,0,after,133,34.053101,34.243099,-,a
4G2A0GO67_mono,4G2A0GO67_mono_0130,AH,405,0.04999899999999968,34.243099,34.293098,ER0,F,0,0,a,134,34.243099,34.293098,after,few
4G2A0GO67_mono,4G2A0GO67_mono_0131,UW,408,0.03999999999999915,34.4231,34.4631,Y,B,0,1,few,135,34.293098,34.4631,a,bites
4G2A0GO67_mono,4G2A0GO67_mono_0132,AY,410,0.07999799999999624,34.523102,34.6031,B,T,0,1,bites,136,34.4631,34.7131,few,of
4G2A0GO67_mono,--,AH,413,0.02999900000000366,34.7131,34.743099,S,V,1,0,of,137,34.7131,34.773102,bites,something
4G2A0GO67_mono,4G2A0GO67_mono_0133,AH,416,0.04000099999999662,34.863098,34.903099,S,M,0,1,something,138,34.773102,35.133099,of,vaguely
4G2A0GO67_mono,--,IH,419,0.02999799999999908,35.0131,35.043098,TH,NG,1,0,something,138,34.773102,35.133099,of,vaguely
4G2A0GO67_mono,4G2A0GO67_mono_0134,EY,422,0.10999600000000243,35.183102,35.293098,V,G,0,1,vaguely,139,35.133099,35.493099,something,egg
4G2A0GO67_mono,4G2A0GO67_mono_0135,IY,425,0.07999800000000334,35.413101,35.493099,L,EH1,0,0,vaguely,139,35.133099,35.493099,something,egg
4G2A0GO67_mono,4G2A0GO67_mono_0136,EH,426,0.11999899999999997,35.493099,35.613098,IY0,G,0,1,egg,140,35.493099,35.663101,vaguely,shaped
4G2A0GO67_mono,4G2A0GO67_mono_0137,EY,429,0.1099969999999999,35.773102,35.883099,SH,P,0,1,shaped,141,35.663101,36.023102,egg,-
4G2A0GO67_mono,4G2A0GO67_mono_0138,AY,433,0.10000300000000095,36.173698,36.273701,-,W,0,1,i,143,36.173698,36.273701,-,wandered
4G2A0GO67_mono,4G2A0GO67_mono_0139,AA,435,0.060001999999997224,36.373699,36.433701,W,N,0,1,wandered,144,36.273701,36.6437,i,to
4G2A0GO67_mono,4G2A0GO67_mono_0140,ER,438,0.06000099999999975,36.513699,36.5737,D,D,0,0,wandered,144,36.273701,36.6437,i,to
4G2A0GO67_mono,--,AH,441,0.029998999999996556,36.703701,36.7337,T,DH,1,0,to,145,36.6437,36.7337,wandered,the
4G2A0GO67_mono,4G2A0GO67_mono_0141,AH,443,0.03999999999999915,36.763699,36.803699,DH,P,0,0,the,146,36.7337,36.803699,to,park
4G2A0GO67_mono,4G2A0GO67_mono_0142,AA,445,0.04000100000000373,36.9137,36.953701,P,R,0,1,park,147,36.803699,37.153702,the,-
4G2A0GO67_mono,4G2A0GO67_mono_0143,AH,449,0.04000099999999662,37.802799,37.8428,-,K,0,0,a,149,37.802799,37.8428,-,kid
4G2A0GO67_mono,4G2A0GO67_mono_0144,IH,451,0.04000099999999662,37.952801,37.992802,K,D,0,1,kid,150,37.8428,38.052799,a,zoomed
4G2A0GO67_mono,4G2A0GO67_mono_0145,UW,454,0.07000000000000028,38.142799,38.212799,Z,M,0,1,zoomed,151,38.052799,38.302799,kid,by
4G2A0GO67_mono,4G2A0GO67_mono_0146,AY,458,0.09000000000000341,38.3428,38.4328,B,AA1,0,1,by,152,38.302799,38.4328,zoomed,on
4G2A0GO67_mono,4G2A0GO67_mono_0147,AA,459,0.09999899999999684,38.4328,38.532799,AY1,N,0,1,on,153,38.4328,38.5728,by,a
4G2A0GO67_mono,4G2A0GO67_mono_0148,AH,461,0.04000099999999662,38.5728,38.612801,N,S,0,0,a,154,38.5728,38.612801,on,scooter
4G2A0GO67_mono,4G2A0GO67_mono_0149,UW,464,0.04000100000000373,38.792801,38.832802,K,T,0,1,scooter,155,38.612801,38.902802,a,yelling
4G2A0GO67_mono,4G2A0GO67_mono_0150,ER,466,0.04000100000000373,38.862801,38.902802,T,Y,0,0,scooter,155,38.612801,38.902802,a,yelling
4G2A0GO67_mono,4G2A0GO67_mono_0151,EH,468,0.07000000000000028,39.0028,39.0728,Y,L,0,1,yelling,156,38.902802,39.242802,scooter,zoom
4G2A0GO67_mono,4G2A0GO67_mono_0152,IH,470,0.07000000000000028,39.102798,39.172798,L,NG,0,0,yelling,156,38.902802,39.242802,scooter,zoom
4G2A0GO67_mono,4G2A0GO67_mono_0153,UW,473,0.09999799999999937,39.362801,39.462799,Z,M,0,1,zoom,157,39.242802,39.542801,yelling,zoom
4G2A0GO67_mono,4G2A0GO67_mono_0154,UW,476,0.15999899999999911,39.652802,39.812801,Z,M,0,1,zoom,158,39.542801,39.892799,zoom,-
4G2A0GO67_mono,4G2A0GO67_mono_0155,AY,480,0.030003000000000668,40.294498,40.324501,L,K,0,1,like,160,40.2645,40.364498,-,it
4G2A0GO67_mono,--,IH,482,0.010002000000000066,40.364498,40.3745,K,T,1,0,it,161,40.364498,40.404499,like,was
4G2A0GO67_mono,4G2A0GO67_mono_0156,AH,485,0.04999899999999968,40.434502,40.484501,W,Z,0,0,was,162,40.404499,40.524502,it,a
4G2A0GO67_mono,4G2A0GO67_mono_0157,AH,487,0.039996999999999616,40.524502,40.564499,Z,S,0,0,a,163,40.524502,40.564499,was,sound
4G2A0GO67_mono,4G2A0GO67_mono_0158,AW,489,0.0699989999999957,40.684502,40.754501,S,N,0,1,sound,164,40.564499,40.834499,a,effect
4G2A0GO67_mono,--,AH,492,0.029998999999996556,40.834499,40.864498,D,F,1,0,effect,165,40.834499,41.114498,sound,that
4G2A0GO67_mono,4G2A0GO67_mono_0159,EH,494,0.10000300000000095,40.954498,41.054501,F,K,0,1,effect,165,40.834499,41.114498,sound,that
4G2A0GO67_mono,4G2A0GO67_mono_0160,AE,498,0.04999899999999968,41.164501,41.2145,DH,T,0,1,that,166,41.114498,41.254501,effect,summoned
4G2A0GO67_mono,4G2A0GO67_mono_0161,AH,501,0.04999999999999716,41.344501,41.394501,S,M,0,1,summoned,167,41.254501,41.524502,that,speed
4G2A0GO67_mono,--,AH,503,0.02999799999999908,41.434502,41.4645,M,N,1,0,summoned,167,41.254501,41.524502,that,speed
4G2A0GO67_mono,4G2A0GO67_mono_0162,IY,508,0.15999899999999911,41.684502,41.844501,P,D,0,1,speed,168,41.524502,41.884499,summoned,-
4G2A0GO67_mono,4G2A0GO67_mono_0163,AY,511,0.05000299999999669,42.540798,42.590801,-,S,0,1,i,170,42.540798,42.590801,-,sat
4G2A0GO67_mono,4G2A0GO67_mono_0164,AE,513,0.09000000000000341,42.7108,42.8008,S,T,0,1,sat,171,42.590801,42.830799,i,under
4G2A0GO67_mono,4G2A0GO67_mono_0165,AH,515,0.04999899999999968,42.830799,42.880798,T,N,0,1,under,172,42.830799,43.040798,sat,a
4G2A0GO67_mono,4G2A0GO67_mono_0166,ER,518,0.07999800000000334,42.9608,43.040798,D,AH0,0,0,under,172,42.830799,43.040798,sat,a
4G2A0GO67_mono,4G2A0GO67_mono_0167,AH,519,0.060001999999997224,43.040798,43.1008,ER0,T,0,0,a,173,43.040798,43.1008,under,tree
4G2A0GO67_mono,4G2A0GO67_mono_0168,IY,522,0.1800010000000043,43.260799,43.4408,R,-,0,1,tree,174,43.1008,43.4408,a,-
4G2A0GO67_mono,4G2A0GO67_mono_0169,IH,525,0.039996999999999616,43.615002,43.654999,L,S,0,1,listened,176,43.505001,43.785,-,to
4G2A0GO67_mono,--,AH,527,0.029998999999996556,43.715,43.744999,S,N,1,0,listened,176,43.505001,43.785,-,to
4G2A0GO67_mono,4G2A0GO67_mono_0170,AH,531,0.04000099999999662,43.814999,43.855,T,DH,0,0,to,177,43.785,43.855,listened,the
4G2A0GO67_mono,4G2A0GO67_mono_0171,AH,533,0.04000100000000373,43.904999,43.945,DH,B,0,0,the,178,43.855,43.945,to,breeze
4G2A0GO67_mono,4G2A0GO67_mono_0172,IY,536,0.1200019999999995,44.064999,44.185001,R,Z,0,1,breeze,179,43.945,44.255001,the,and
4G2A0GO67_mono,4G2A0GO67_mono_0173,AH,538,0.039996999999999616,44.255001,44.294998,Z,N,0,0,and,180,44.255001,44.355,breeze,watched
4G2A0GO67_mono,4G2A0GO67_mono_0174,AA,542,0.07000000000000028,44.395,44.465,W,CH,0,1,watched,181,44.355,44.605,and,a
4G2A0GO67_mono,4G2A0GO67_mono_0175,AH,545,0.04000000000000625,44.605,44.645,T,Y,0,0,a,182,44.605,44.645,watched,yellow
4G2A0GO67_mono,4G2A0GO67_mono_0176,EH,547,0.04000099999999662,44.715,44.755001,Y,L,0,1,yellow,183,44.645,44.884998,a,balloon
4G2A0GO67_mono,4G2A0GO67_mono_0177,OW,549,0.05999700000000274,44.825001,44.884998,L,B,0,0,yellow,183,44.645,44.884998,a,balloon
4G2A0GO67_mono,--,AH,551,0.010002999999997542,44.974998,44.985001,B,L,1,0,balloon,184,44.884998,45.185001,yellow,get
4G2A0GO67_mono,4G2A0GO67_mono_0178,UW,553,0.0899999999999963,45.064999,45.154999,L,N,0,1,balloon,184,44.884998,45.185001,yellow,get
4G2A0GO67_mono,--,IH,556,0.02999900000000366,45.305,45.334999,G,T,1,1,get,185,45.185001,45.384998,balloon,tangled
4G2A0GO67_mono,--,AE,559,0.029998999999996556,45.465,45.494999,T,NG,1,1,tangled,186,45.384998,45.685001,get,in
4G2A0GO67_mono,--,AH,562,0.029998999999996556,45.575001,45.605,G,L,1,0,tangled,186,45.384998,45.685001,get,in
4G2A0GO67_mono,4G2A0GO67_mono_0179,IH,565,0.04999999999999716,45.685001,45.735001,D,N,0,0,in,187,45.685001,45.764999,tangled,a
4G2A0GO67_mono,--,AH,567,0.029998999999996556,45.764999,45.794998,N,P,1,0,a,188,45.764999,45.794998,in,power
4G2A0GO67_mono,4G2A0GO67_mono_0180,AW,569,0.07999800000000334,45.935001,46.014999,P,ER0,0,1,power,189,45.794998,46.125,a,line
4G2A0GO67_mono,4G2A0GO67_mono_0181,ER,570,0.1100009999999969,46.014999,46.125,AW1,L,0,0,power,189,45.794998,46.125,a,line
4G2A0GO67_mono,4G2A0GO67_mono_0182,AY,572,0.1399990000000031,46.154999,46.294998,L,N,0,1,line,190,46.125,46.384998,power,-
4G2A0GO67_mono,4G2A0GO67_mono_0183,IH,576,0.04000100000000373,47.035999,47.076,W,R,0,1,weird,192,46.976002,47.146,-,morning
4G2A0GO67_mono,4G2A0GO67_mono_0184,AO,580,0.05999699999999564,47.226002,47.285999,M,R,0,1,morning,193,47.146,47.515999,weird,-
4G2A0GO67_mono,4G2A0GO67_mono_0185,IH,583,0.07000000000000028,47.375999,47.445999,N,NG,0,0,morning,193,47.146,47.515999,weird,-
4G2A0GO67_mono,4G2A0GO67_mono_0186,AH,587,0.04000100000000373,48.200298,48.240299,B,T,0,1,but,195,48.150299,48.270302,-,honestly
4G2A0GO67_mono,4G2A0GO67_mono_0187,AA,589,0.04999899999999968,48.270302,48.320301,T,N,0,1,honestly,196,48.270302,48.6903,but,-
4G2A0GO67_mono,4G2A0GO67_mono_0188,AH,591,0.030001999999996087,48.380299,48.410301,N,S,0,0,honestly,196,48.270302,48.6903,but,-
4G2A0GO67_mono,4G2A0GO67_mono_0189,IY,594,0.1399990000000031,48.550301,48.6903,L,-,0,0,honestly,196,48.270302,48.6903,but,-
4G2A0GO67_mono,4G2A0GO67_mono_0190,AA,597,0.07999799999999624,48.9328,49.012798,N,T,0,1,not,198,48.8428,49.0728,-,the
4G2A0GO67_mono,4G2A0GO67_mono_0191,AH,600,0.04999899999999968,49.122799,49.172798,DH,W,0,1,the,199,49.0728,49.172798,not,worst
4G2A0GO67_mono,4G2A0GO67_mono_0192,ER,602,0.11999800000000249,49.2328,49.352798,W,S,0,1,worst,200,49.172798,49.5616,the,-
4HZ823KRH_mono,4HZ823KRH_mono_0001,OW,3,0.06000000000000005,2.2762,2.3362,S,DH,0,1,so,2,2.1262,2.3362,-,this
4HZ823KRH_mono,4HZ823KRH_mono_0002,IH,5,0.06000000000000005,2.3962,2.4562,DH,S,0,1,this,3,2.3362,2.5662,so,morning
4HZ823KRH_mono,4HZ823KRH_mono_0003,AO,8,0.04999999999999982,2.6162,2.6662,M,R,0,1,morning,4,2.5662,2.9462,this,-
4HZ823KRH_mono,4HZ823KRH_mono_0004,IH,11,0.04999999999999982,2.7662,2.8162,N,NG,0,0,morning,4,2.5662,2.9462,this,-
4HZ823KRH_mono,4HZ823KRH_mono_0005,AY,14,0.08000000000000007,4.9611,5.0411,-,W,0,1,i,6,4.9611,5.0411,-,woke
4HZ823KRH_mono,4HZ823KRH_mono_0006,OW,16,0.05999999999999961,5.1111,5.1711,W,K,0,1,woke,7,5.0411,5.2411,i,up
4HZ823KRH_mono,4HZ823KRH_mono_0007,AH,18,0.05999999999999961,5.2411,5.3011,K,P,0,1,up,8,5.2411,5.3811,woke,late
4HZ823KRH_mono,4HZ823KRH_mono_0008,EY,21,0.1200000000000001,5.4611,5.5811,L,AH0,0,1,late,9,5.3811,5.5811,up,and
4HZ823KRH_mono,4HZ823KRH_mono_0009,AH,22,0.08999999999999986,5.5811,5.6711,EY1,N,0,0,and,10,5.5811,5.7311,late,immediately
4HZ823KRH_mono,4HZ823KRH_mono_0010,IH,25,0.03000000000000025,5.7311,5.7611,D,M,0,0,immediately,11,5.7311,6.1711,and,stubbed
4HZ823KRH_mono,4HZ823KRH_mono_0011,IY,27,0.0600000000000005,5.8511,5.9111,M,D,0,1,immediately,11,5.7311,6.1711,and,stubbed
4HZ823KRH_mono,4HZ823KRH_mono_0012,IY,29,0.08000000000000007,5.9411,6.0211,D,AH0,0,0,immediately,11,5.7311,6.1711,and,stubbed
4HZ823KRH_mono,4HZ823KRH_mono_0013,AH,30,0.05000000000000071,6.0211,6.0711,IY0,T,0,0,immediately,11,5.7311,6.1711,and,stubbed
4HZ823KRH_mono,4HZ823KRH_mono_0014,IY,33,0.03000000000000025,6.1411,6.1711,L,S,0,0,immediately,11,5.7311,6.1711,and,stubbed
4HZ823KRH_mono,4HZ823KRH_mono_0015,AH,36,0.04999999999999982,6.3611,6.4111,T,B,0,1,stubbed,12,6.1711,6.4911,immediately,my
4HZ823KRH_mono,4HZ823KRH_mono_0016,AY,40,0.07000000000000028,6.5411,6.6111,M,T,0,1,my,13,6.4911,6.6111,stubbed,toe
4HZ823KRH_mono,4HZ823KRH_mono_0017,OW,42,0.04999999999999982,6.7511,6.8011,T,AA1,0,1,toe,14,6.6111,6.8011,my,on
4HZ823KRH_mono,4HZ823KRH_mono_0018,AA,43,0.09999999999999964,6.8011,6.9011,OW1,N,0,1,on,15,6.8011,6.9711,toe,the
4HZ823KRH_mono,4HZ823KRH_mono_0019,AH,46,0.03000000000000025,7.0011,7.0311,DH,D,0,0,the,16,6.9711,7.0311,on,dresser
4HZ823KRH_mono,4HZ823KRH_mono_0020,EH,49,0.0600000000000005,7.1911,7.2511,R,S,0,1,dresser,17,7.0311,7.4211,the,-
4HZ823KRH_mono,4HZ823KRH_mono_0021,ER,51,0.03000000000000025,7.3911,7.4211,S,-,0,0,dresser,17,7.0311,7.4211,the,-
4HZ823KRH_mono,4HZ823KRH_mono_0022,EY,55,0.08000000000000007,8.5987,8.6787,R,T,0,1,great,19,8.5287,8.7487,-,start
4HZ823KRH_mono,4HZ823KRH_mono_0023,AA,59,0.08999999999999986,8.8587,8.9487,T,R,0,1,start,20,8.7487,9.1087,great,right
4HZ823KRH_mono,4HZ823KRH_mono_0024,AY,63,0.14000000000000057,9.1487,9.2887,R,T,0,1,right,21,9.1087,9.3787,start,-
4HZ823KRH_mono,4HZ823KRH_mono_0025,AY,66,0.0600000000000005,10.2446,10.3046,-,G,0,1,i,23,10.2446,10.3046,-,grumbled
4HZ823KRH_mono,4HZ823KRH_mono_0026,AH,69,0.040000000000000924,10.4346,10.4746,R,M,0,1,grumbled,24,10.3046,10.6846,i,something
4HZ823KRH_mono,--,AH,72,0.009999999999999787,10.5746,10.5846,B,L,1,0,grumbled,24,10.3046,10.6846,i,something
4HZ823KRH_mono,4HZ823KRH_mono_0027,AH,76,0.03999999999999915,10.7346,10.7746,S,M,0,1,something,25,10.6846,10.9246,grumbled,half
4HZ823KRH_mono,4HZ823KRH_mono_0028,IH,79,0.030000000000001137,10.8546,10.8846,TH,NG,0,0,something,25,10.6846,10.9246,grumbled,half
4HZ823KRH_mono,4HZ823KRH_mono_0029,AE,82,0.08000000000000007,11.0246,11.1046,HH,F,0,1,half,26,10.9246,11.2246,something,conscious
4HZ823KRH_mono,4HZ823KRH_mono_0030,AA,85,0.08000000000000007,11.2746,11.3546,K,N,0,1,conscious,27,11.2246,11.8246,half,-
4HZ823KRH_mono,4HZ823KRH_mono_0031,AH,88,0.10999999999999943,11.5146,11.6246,SH,S,0,0,conscious,27,11.2246,11.8246,half,-
4HZ823KRH_mono,4HZ823KRH_mono_0032,AE,93,0.09999999999999964,12.0629,12.1629,R,B,0,1,grabbed,29,11.9929,12.2629,-,whatever
4HZ823KRH_mono,4HZ823KRH_mono_0033,AH,97,0.040000000000000924,12.2929,12.3329,W,T,0,2,whatever,30,12.2629,12.5129,grabbed,shirt
4HZ823KRH_mono,4HZ823KRH_mono_0034,EH,99,0.040000000000000924,12.3729,12.4129,T,V,0,1,whatever,30,12.2629,12.5129,grabbed,shirt
4HZ823KRH_mono,4HZ823KRH_mono_0035,ER,101,0.05000000000000071,12.4629,12.5129,V,SH,0,0,whatever,30,12.2629,12.5129,grabbed,shirt
4HZ823KRH_mono,4HZ823KRH_mono_0036,ER,103,0.10999999999999943,12.6729,12.7829,SH,T,0,1,shirt,31,12.5129,12.8129,whatever,was
4HZ823KRH_mono,4HZ823KRH_mono_0037,AH,106,0.049999999999998934,12.8429,12.8929,W,Z,0,0,was,32,12.8129,12.9629,shirt,<unk>
4HZ823KRH_mono,4HZ823KRH_mono_0038,AE,110,0.0600000000000005,13.9324,13.9924,-,N,0,1,and,35,13.9324,14.0824,-,headed
4HZ823KRH_mono,4HZ823KRH_mono_0039,EH,114,0.03999999999999915,14.1424,14.1824,HH,D,0,1,headed,36,14.0824,14.3424,and,out
4HZ823KRH_mono,4HZ823KRH_mono_0040,IH,116,0.0600000000000005,14.2224,14.2824,D,D,0,0,headed,36,14.0824,14.3424,and,out
4HZ823KRH_mono,4HZ823KRH_mono_0041,AW,118,0.09999999999999964,14.3424,14.4424,D,T,0,1,out,37,14.3424,14.5424,headed,-
4HZ823KRH_mono,4HZ823KRH_mono_0042,AH,122,0.040000000000000924,15.7237,15.7637,DH,S,0,0,the,39,15.6937,15.7637,-,sky
4HZ823KRH_mono,4HZ823KRH_mono_0043,AY,125,0.08999999999999808,15.9137,16.0037,K,L,0,1,sky,40,15.7637,16.0037,the,looked
4HZ823KRH_mono,4HZ823KRH_mono_0044,UH,127,0.059999000000001246,16.0737,16.133699,L,K,0,1,looked,41,16.0037,16.2437,sky,weird
4HZ823KRH_mono,4HZ823KRH_mono_0045,IH,131,0.08000000000000185,16.3237,16.4037,W,R,0,1,weird,42,16.2437,16.543699,looked,-
4HZ823KRH_mono,4HZ823KRH_mono_0046,AY,136,0.030000999999998612,17.198799,17.2288,L,K,0,1,like,44,17.1688,17.278799,-,that
4HZ823KRH_mono,4HZ823KRH_mono_0047,AE,139,0.04999899999999968,17.3288,17.378799,DH,T,0,1,that,45,17.278799,17.428801,like,shade
4HZ823KRH_mono,4HZ823KRH_mono_0048,EY,142,0.06999899999999926,17.518801,17.5888,SH,D,0,1,shade,46,17.428801,17.618799,that,of
4HZ823KRH_mono,4HZ823KRH_mono_0049,AH,144,0.06000200000000078,17.618799,17.678801,D,V,0,0,of,47,17.618799,17.768801,shade,blue
4HZ823KRH_mono,4HZ823KRH_mono_0050,UW,148,0.08000000000000185,17.8888,17.9688,L,G,0,1,blue,48,17.768801,17.9688,of,gray
4HZ823KRH_mono,4HZ823KRH_mono_0051,EY,151,0.11999899999999997,18.108801,18.2288,R,DH,0,1,gray,49,17.9688,18.2288,blue,that
4HZ823KRH_mono,4HZ823KRH_mono_0052,AE,153,0.03999999999999915,18.2988,18.3388,DH,T,0,1,that,50,18.2288,18.368799,gray,makes
4HZ823KRH_mono,4HZ823KRH_mono_0053,EY,156,0.059999000000001246,18.428801,18.4888,M,K,0,1,makes,51,18.368799,18.618799,that,you
4HZ823KRH_mono,4HZ823KRH_mono_0054,UW,160,0.040001000000000175,18.6488,18.688801,Y,K,0,1,you,52,18.618799,18.688801,makes,question
4HZ823KRH_mono,4HZ823KRH_mono_0055,EH,163,0.05000100000000174,18.7988,18.848801,W,SH,0,1,question,53,18.688801,19.0488,you,if
4HZ823KRH_mono,4HZ823KRH_mono_0056,AH,165,0.030000999999998612,18.9888,19.018801,SH,N,0,0,question,53,18.688801,19.0488,you,if
4HZ823KRH_mono,4HZ823KRH_mono_0057,IH,167,0.03999999999999915,19.0488,19.0888,N,F,0,1,if,54,19.0488,19.1688,question,it's
4HZ823KRH_mono,--,IH,169,0.02999900000000011,19.1688,19.198799,F,T,1,0,it's,55,19.1688,19.278799,if,about
4HZ823KRH_mono,4HZ823KRH_mono_0058,AH,172,0.05000100000000174,19.278799,19.3288,S,B,0,0,about,56,19.278799,19.508801,it's,to
4HZ823KRH_mono,4HZ823KRH_mono_0059,AW,174,0.05000100000000174,19.3888,19.438801,B,T,0,1,about,56,19.278799,19.508801,it's,to
4HZ823KRH_mono,4HZ823KRH_mono_0060,AH,177,0.05999899999999769,19.5588,19.618799,T,R,0,0,to,57,19.508801,19.618799,about,rain
4HZ823KRH_mono,4HZ823KRH_mono_0061,EY,179,0.17999799999999766,19.688801,19.868799,R,N,0,1,rain,58,19.618799,19.9088,to,or
4HZ823KRH_mono,4HZ823KRH_mono_0062,ER,181,0.03999900000000167,19.9088,19.948799,N,N,0,0,or,59,19.9088,19.948799,rain,not
4HZ823KRH_mono,4HZ823KRH_mono_0063,AA,183,0.030001000000002165,20.028799,20.0588,N,T,0,1,not,60,19.948799,20.118799,or,-
4HZ823KRH_mono,4HZ823KRH_mono_0064,AY,186,0.04000099999999662,21.6593,21.699301,-,S,0,1,i,62,21.6593,21.699301,-,stopped
4HZ823KRH_mono,4HZ823KRH_mono_0065,AA,189,0.08000000000000185,21.859301,21.939301,T,P,0,1,stopped,63,21.699301,21.9993,i,by
4HZ823KRH_mono,4HZ823KRH_mono_0066,AY,193,0.08000000000000185,22.039301,22.119301,B,DH,0,1,by,64,21.9993,22.119301,stopped,the
4HZ823KRH_mono,4HZ823KRH_mono_0067,AH,195,0.04999899999999968,22.1693,22.219299,DH,K,0,0,the,65,22.119301,22.219299,by,corner
4HZ823KRH_mono,4HZ823KRH_mono_0068,AO,197,0.03999899999999812,22.3393,22.379299,K,R,0,1,corner,66,22.219299,22.529301,the,store
4HZ823KRH_mono,4HZ823KRH_mono_0069,ER,200,0.06000200000000078,22.469299,22.529301,N,S,0,0,corner,66,22.219299,22.529301,the,store
4HZ823KRH_mono,4HZ823KRH_mono_0070,AO,203,0.06999899999999926,22.689301,22.7593,T,R,0,1,store,67,22.529301,22.859301,corner,to
4HZ823KRH_mono,4HZ823KRH_mono_0071,UW,206,0.030000999999998612,22.9993,23.029301,T,G,0,1,to,68,22.859301,23.029301,store,grab
4HZ823KRH_mono,4HZ823KRH_mono_0072,AE,209,0.18999999999999773,23.1593,23.3493,R,B,0,1,grab,69,23.029301,23.5193,to,-
4HZ823KRH_mono,4HZ823KRH_mono_0073,AH,212,0.04999899999999968,24.1581,24.208099,-,T,0,0,a,71,24.1581,24.208099,-,toasted
4HZ823KRH_mono,4HZ823KRH_mono_0074,OW,214,0.05999999999999872,24.3381,24.3981,T,S,0,1,toasted,72,24.208099,24.6381,a,bagel
4HZ823KRH_mono,--,IH,217,0.029999999999997584,24.5481,24.5781,T,D,1,0,toasted,72,24.208099,24.6381,a,bagel
4HZ823KRH_mono,4HZ823KRH_mono_0075,EY,220,0.11999899999999997,24.678101,24.7981,B,G,0,1,bagel,73,24.6381,24.948099,toasted,and
4HZ823KRH_mono,4HZ823KRH_mono_0076,AH,222,0.05999999999999872,24.8381,24.8981,G,L,0,0,bagel,73,24.6381,24.948099,toasted,and
4HZ823KRH_mono,4HZ823KRH_mono_0077,AH,224,0.05000100000000174,24.948099,24.9981,L,N,0,0,and,74,24.948099,25.0581,bagel,orange
4HZ823KRH_mono,4HZ823KRH_mono_0078,AO,227,0.08000000000000185,25.0581,25.1381,D,R,0,1,orange,75,25.0581,25.4881,and,juice
4HZ823KRH_mono,4HZ823KRH_mono_0079,AH,229,0.060000000000002274,25.2381,25.2981,R,N,0,0,orange,75,25.0581,25.4881,and,juice
4HZ823KRH_mono,4HZ823KRH_mono_0080,UW,233,0.09999799999999937,25.518101,25.618099,JH,S,0,1,juice,76,25.4881,25.7381,orange,-
4HZ823KRH_mono,4HZ823KRH_mono_0081,AH,237,0.03999900000000167,25.8281,25.868099,B,T,0,1,but,78,25.788099,25.8981,-,they
4HZ823KRH_mono,4HZ823KRH_mono_0082,EY,240,0.04999899999999968,25.938101,25.9881,DH,W,0,1,they,79,25.8981,25.9881,but,were
4HZ823KRH_mono,4HZ823KRH_mono_0083,ER,242,0.07000199999999879,26.028099,26.098101,W,AW1,0,0,were,80,25.9881,26.098101,they,out
4HZ823KRH_mono,4HZ823KRH_mono_0084,AW,243,0.12999900000000153,26.098101,26.2281,ER0,T,0,1,out,81,26.098101,26.268101,were,of
4HZ823KRH_mono,--,AH,245,0.02999900000000011,26.268101,26.2981,T,V,1,0,of,82,26.268101,26.4081,out,both
4HZ823KRH_mono,4HZ823KRH_mono_0085,OW,248,0.13000100000000003,26.448099,26.5781,B,TH,0,1,both,83,26.4081,26.698099,of,-
4HZ823KRH_mono,--,AH,252,0.00999999999999801,27.642599,27.652599,DH,K,1,0,the,85,27.6126,27.652599,-,cashier
4HZ823KRH_mono,4HZ823KRH_mono_0086,AE,254,0.04999899999999968,27.6826,27.732599,K,SH,0,0,cashier,86,27.652599,27.982599,the,joked
4HZ823KRH_mono,4HZ823KRH_mono_0087,IH,256,0.04999899999999968,27.882601,27.9326,SH,R,0,1,cashier,86,27.652599,27.982599,the,joked
4HZ823KRH_mono,4HZ823KRH_mono_0088,OW,259,0.14999899999999755,28.0926,28.242599,JH,K,0,1,joked,87,27.982599,28.392599,cashier,-
4HZ823KRH_mono,4HZ823KRH_mono_0089,IH,263,0.050001999999999214,28.825399,28.875401,-,T,0,1,it's,89,28.825399,28.995399,-,monday
4HZ823KRH_mono,4HZ823KRH_mono_0090,AH,267,0.03999900000000167,29.055401,29.0954,M,N,0,1,monday,90,28.995399,29.315399,it's,energy
4HZ823KRH_mono,4HZ823KRH_mono_0091,EY,270,0.1099989999999984,29.2054,29.315399,D,EH1,0,2,monday,90,28.995399,29.315399,it's,energy
4HZ823KRH_mono,4HZ823KRH_mono_0092,EH,271,0.06000200000000078,29.315399,29.375401,EY2,N,0,1,energy,91,29.315399,29.6954,monday,-
4HZ823KRH_mono,4HZ823KRH_mono_0093,ER,273,0.07000200000000234,29.405399,29.475401,N,JH,0,0,energy,91,29.315399,29.6954,monday,-
4HZ823KRH_mono,4HZ823KRH_mono_0094,IY,275,0.08999999999999986,29.6054,29.6954,JH,-,0,0,energy,91,29.315399,29.6954,monday,-
4HZ823KRH_mono,--,AH,277,0.029998000000002634,30.054501,30.084499,-,N,1,0,and,93,30.054501,30.154499,-,i
4HZ823KRH_mono,4HZ823KRH_mono_0095,AY,280,0.030000999999998612,30.154499,30.1845,D,HH,0,1,i,94,30.154499,30.1845,and,half
4HZ823KRH_mono,4HZ823KRH_mono_0096,AE,282,0.09999799999999937,30.314501,30.414499,HH,F,0,1,half,95,30.1845,30.5145,i,laughed
4HZ823KRH_mono,4HZ823KRH_mono_0097,AE,285,0.13000100000000003,30.584499,30.7145,L,F,0,1,laughed,96,30.5145,30.834499,half,because
4HZ823KRH_mono,4HZ823KRH_mono_0098,IH,289,0.030001000000002165,30.8645,30.894501,B,K,0,0,because,97,30.834499,31.054501,laughed,yeah
4HZ823KRH_mono,4HZ823KRH_mono_0099,AH,291,0.03999900000000167,30.9545,30.994499,K,Z,0,0,because,97,30.834499,31.054501,laughed,yeah
4HZ823KRH_mono,4HZ823KRH_mono_0100,AE,294,0.12000100000000202,31.1145,31.234501,Y,T,0,1,yeah,98,31.054501,31.234501,because,true
4HZ823KRH_mono,4HZ823KRH_mono_0101,UW,297,0.14000000000000057,31.4545,31.5945,R,-,0,1,true,99,31.234501,31.5945,yeah,-
4HZ823KRH_mono,4HZ823KRH_mono_0102,AY,299,0.08000200000000035,32.6157,32.695702,-,T,0,1,i,101,32.6157,32.695702,-,took
4HZ823KRH_mono,4HZ823KRH_mono_0103,UH,301,0.04999899999999968,32.755699,32.805698,T,K,0,1,took,102,32.695702,32.835701,i,a
4HZ823KRH_mono,4HZ823KRH_mono_0104,AH,303,0.07000000000000028,32.835701,32.905701,K,S,0,0,a,103,32.835701,32.905701,took,seat
4HZ823KRH_mono,4HZ823KRH_mono_0105,IY,305,0.06999900000000281,33.0257,33.095699,S,N,0,1,seat,104,32.905701,33.095699,a,near
4HZ823KRH_mono,--,IH,307,0.02999900000000366,33.175701,33.2057,N,R,1,1,near,105,33.095699,33.245701,seat,the
4HZ823KRH_mono,4HZ823KRH_mono_0106,AH,310,0.06999900000000281,33.285702,33.355701,DH,W,0,0,the,106,33.245701,33.355701,near,window
4HZ823KRH_mono,4HZ823KRH_mono_0107,IH,312,0.03999700000000672,33.425701,33.465698,W,N,0,1,window,107,33.355701,33.765701,the,-
4HZ823KRH_mono,4HZ823KRH_mono_0108,OW,315,0.21000300000000038,33.555698,33.765701,D,-,0,0,window,107,33.355701,33.765701,the,-
4HZ823KRH_mono,4HZ823KRH_mono_0109,OW,320,0.05999800000000022,34.431301,34.491299,R,L,0,1,scrolled,109,34.191299,34.5513,-,my
4HZ823KRH_mono,4HZ823KRH_mono_0110,AY,324,0.07000000000000028,34.591301,34.661301,M,F,0,1,my,110,34.5513,34.661301,scrolled,phone
4HZ823KRH_mono,4HZ823KRH_mono_0111,OW,326,0.08000200000000035,34.8013,34.881302,F,N,0,1,phone,111,34.661301,35.111301,my,-
4HZ823KRH_mono,4HZ823KRH_mono_0112,AE,329,0.06000099999999975,35.2099,35.269901,-,N,0,1,and,113,35.2099,35.329899,-,overheard
4HZ823KRH_mono,4HZ823KRH_mono_0113,OW,332,0.07000000000000028,35.329899,35.399899,D,V,0,1,overheard,114,35.329899,35.689899,and,someone
4HZ823KRH_mono,4HZ823KRH_mono_0114,ER,334,0.04000099999999662,35.469898,35.509899,V,HH,0,0,overheard,114,35.329899,35.689899,and,someone
4HZ823KRH_mono,4HZ823KRH_mono_0115,ER,336,0.030003000000000668,35.599899,35.629902,HH,D,0,1,overheard,114,35.329899,35.689899,and,someone
4HZ823KRH_mono,--,AH,339,0.02999900000000366,35.769901,35.7999,S,M,1,1,someone,115,35.689899,35.929901,overheard,say
4HZ823KRH_mono,--,AH,342,0.029998999999996556,35.859901,35.8899,W,N,1,2,someone,115,35.689899,35.929901,overheard,say
4HZ823KRH_mono,4HZ823KRH_mono_0116,EY,345,0.07000000000000028,36.0499,36.1199,S,DH,0,1,say,116,35.929901,36.1199,someone,the
4HZ823KRH_mono,4HZ823KRH_mono_0117,AH,347,0.04000100000000373,36.2099,36.249901,DH,JH,0,0,the,117,36.1199,36.249901,say,giraffe
4HZ823KRH_mono,4HZ823KRH_mono_0118,ER,349,0.09999799999999937,36.3699,36.469898,JH,AE1,0,0,giraffe,118,36.249901,36.759899,the,exhibit
4HZ823KRH_mono,4HZ823KRH_mono_0119,AE,350,0.1800009999999972,36.469898,36.649899,ER0,F,0,1,giraffe,118,36.249901,36.759899,the,exhibit
4HZ823KRH_mono,4HZ823KRH_mono_0120,IH,352,0.06000200000000433,36.759899,36.819901,F,G,0,0,exhibit,119,36.759899,37.2299,giraffe,opens
4HZ823KRH_mono,4HZ823KRH_mono_0121,IH,355,0.07000000000000028,36.9799,37.0499,Z,B,0,1,exhibit,119,36.759899,37.2299,giraffe,opens
4HZ823KRH_mono,4HZ823KRH_mono_0122,IH,357,0.04999899999999968,37.1199,37.169899,B,T,0,0,exhibit,119,36.759899,37.2299,giraffe,opens
4HZ823KRH_mono,4HZ823KRH_mono_0123,OW,359,0.13000100000000003,37.2299,37.359901,T,P,0,1,opens,120,37.2299,37.629902,exhibit,at
4HZ823KRH_mono,4HZ823KRH_mono_0124,AH,361,0.05000000000000426,37.439899,37.489899,P,N,0,0,opens,120,37.2299,37.629902,exhibit,at
4HZ823KRH_mono,4HZ823KRH_mono_0125,AE,364,0.04999899999999968,37.629902,37.679901,Z,T,0,1,at,121,37.629902,37.7099,opens,noon
4HZ823KRH_mono,4HZ823KRH_mono_0126,UW,367,0.1800010000000043,37.809898,37.989899,N,N,0,1,noon,122,37.7099,38.129902,at,-
4HZ823KRH_mono,4HZ823KRH_mono_0127,IH,372,0.030003000000000668,38.822399,38.852402,W,CH,0,1,which,124,38.752399,38.9324,-,felt
4HZ823KRH_mono,4HZ823KRH_mono_0128,EH,375,0.04999899999999968,38.972401,39.0224,F,L,0,1,felt,125,38.9324,39.132401,which,oddly
4HZ823KRH_mono,4HZ823KRH_mono_0129,AA,378,0.16999799999999965,39.132401,39.302399,T,D,0,1,oddly,126,39.132401,39.462399,felt,profound
4HZ823KRH_mono,4HZ823KRH_mono_0130,IY,381,0.04999999999999716,39.412399,39.462399,L,P,0,0,oddly,126,39.132401,39.462399,felt,profound
4HZ823KRH_mono,4HZ823KRH_mono_0131,OW,384,0.04000100000000373,39.5924,39.632401,R,F,0,0,profound,127,39.462399,40.012402,oddly,at
4HZ823KRH_mono,4HZ823KRH_mono_0132,AW,386,0.1600000000000037,39.752399,39.912399,F,N,0,1,profound,127,39.462399,40.012402,oddly,at
4HZ823KRH_mono,4HZ823KRH_mono_0133,AE,389,0.039996999999999616,40.012402,40.052399,D,T,0,1,at,128,40.012402,40.1124,profound,the
4HZ823KRH_mono,4HZ823KRH_mono_0134,AH,392,0.030003000000000668,40.162399,40.192402,DH,T,0,0,the,129,40.1124,40.192402,at,time
4HZ823KRH_mono,4HZ823KRH_mono_0135,AY,394,0.1599999999999966,40.302399,40.462399,T,M,0,1,time,130,40.192402,40.562401,the,-
4HZ823KRH_mono,4HZ823KRH_mono_0136,AE,397,0.08000200000000035,41.5117,41.591702,-,F,0,1,after,132,41.5117,41.751701,-,a
4HZ823KRH_mono,4HZ823KRH_mono_0137,ER,400,0.0699989999999957,41.681702,41.751701,T,AH0,0,0,after,132,41.5117,41.751701,-,a
4HZ823KRH_mono,4HZ823KRH_mono_0138,AH,401,0.039996999999999616,41.751701,41.791698,ER0,F,0,0,a,133,41.751701,41.791698,after,few
4HZ823KRH_mono,4HZ823KRH_mono_0139,UW,404,0.05000299999999669,41.951698,42.001701,Y,B,0,1,few,134,41.791698,42.001701,a,bites
4HZ823KRH_mono,4HZ823KRH_mono_0140,AY,406,0.11999899999999997,42.071701,42.1917,B,T,0,1,bites,135,42.001701,42.301701,few,of
4HZ823KRH_mono,--,AH,409,0.02999799999999908,42.301701,42.331699,S,V,1,0,of,136,42.301701,42.391701,bites,something
4HZ823KRH_mono,4HZ823KRH_mono_0141,AH,412,0.06000099999999975,42.4417,42.501701,S,M,0,1,something,137,42.391701,42.7117,of,vaguely
4HZ823KRH_mono,4HZ823KRH_mono_0142,IH,415,0.05999700000000274,42.591702,42.651699,TH,NG,0,0,something,137,42.391701,42.7117,of,vaguely
4HZ823KRH_mono,4HZ823KRH_mono_0143,EY,418,0.09999900000000395,42.751701,42.8517,V,G,0,1,vaguely,138,42.7117,43.111698,something,egg
4HZ823KRH_mono,4HZ823KRH_mono_0144,IY,421,0.12999699999999592,42.981701,43.111698,L,EH1,0,0,vaguely,138,42.7117,43.111698,something,egg
4HZ823KRH_mono,4HZ823KRH_mono_0145,EH,422,0.09000000000000341,43.111698,43.201698,IY0,G,0,1,egg,139,43.111698,43.2817,vaguely,shaped
4HZ823KRH_mono,4HZ823KRH_mono_0146,EY,425,0.12999699999999592,43.411701,43.541698,SH,P,0,1,shaped,140,43.2817,43.704601,egg,-
4HZ823KRH_mono,4HZ823KRH_mono_0147,AY,429,0.05000299999999669,44.261398,44.311401,-,W,0,1,i,142,44.261398,44.311401,-,wandered
4HZ823KRH_mono,4HZ823KRH_mono_0148,AA,431,0.04999899999999968,44.4114,44.461399,W,N,0,1,wandered,143,44.311401,44.651402,i,to
4HZ823KRH_mono,4HZ823KRH_mono_0149,ER,434,0.04999899999999968,44.541401,44.5914,D,D,0,0,wandered,143,44.311401,44.651402,i,to
4HZ823KRH_mono,--,AH,437,0.02999900000000366,44.701401,44.7314,T,DH,1,0,to,144,44.651402,44.7314,wandered,the
4HZ823KRH_mono,4HZ823KRH_mono_0150,AH,439,0.05000299999999669,44.761398,44.811401,DH,P,0,0,the,145,44.7314,44.811401,to,park
4HZ823KRH_mono,4HZ823KRH_mono_0151,AA,441,0.05000000000000426,44.9314,44.9814,P,R,0,1,park,146,44.811401,45.201401,the,-
4HZ823KRH_mono,4HZ823KRH_mono_0152,AH,445,0.04000099999999662,46.112999,46.153,-,K,0,0,a,148,46.112999,46.153,-,kid
4HZ823KRH_mono,4HZ823KRH_mono_0153,IH,447,0.07000000000000028,46.272999,46.342999,K,D,0,1,kid,149,46.153,46.412998,a,zoomed
4HZ823KRH_mono,4HZ823KRH_mono_0154,UW,450,0.10000200000000348,46.452999,46.553001,Z,M,0,1,zoomed,150,46.412998,46.643002,kid,by
4HZ823KRH_mono,4HZ823KRH_mono_0155,AY,454,0.11999899999999997,46.673,46.792999,B,AA1,0,1,by,151,46.643002,46.792999,zoomed,on
4HZ823KRH_mono,4HZ823KRH_mono_0156,AA,455,0.07000000000000028,46.792999,46.862999,AY1,N,0,1,on,152,46.792999,46.912998,by,a
4HZ823KRH_mono,4HZ823KRH_mono_0157,AH,457,0.060001999999997224,46.912998,46.973,N,S,0,0,a,153,46.912998,46.973,on,scooter
4HZ823KRH_mono,4HZ823KRH_mono_0158,UW,460,0.060001999999997224,47.162998,47.223,K,T,0,1,scooter,154,46.973,47.283001,a,yelling
4HZ823KRH_mono,4HZ823KRH_mono_0159,ER,462,0.030003000000000668,47.252998,47.283001,T,Y,0,0,scooter,154,46.973,47.283001,a,yelling
4HZ823KRH_mono,4HZ823KRH_mono_0160,EH,464,0.09000000000000341,47.353001,47.443001,Y,L,0,1,yelling,155,47.283001,47.682999,scooter,zoom
4HZ823KRH_mono,4HZ823KRH_mono_0161,IH,466,0.0700040000000044,47.502998,47.573002,L,NG,0,0,yelling,155,47.283001,47.682999,scooter,zoom
4HZ823KRH_mono,4HZ823KRH_mono_0162,UW,469,0.20000100000000032,47.772999,47.973,Z,M,0,1,zoom,156,47.682999,48.162998,yelling,-
4HZ823KRH_mono,4HZ823KRH_mono_0163,UW,473,0.18999900000000025,48.666401,48.8564,Z,M,0,1,zoom,158,48.546398,49.016399,-,-
4HZ823KRH_mono,4HZ823KRH_mono_0164,AY,477,0.04999899999999968,49.4445,49.494499,L,K,0,1,like,160,49.414501,49.554501,-,it
4HZ823KRH_mono,--,IH,479,0.02999799999999908,49.554501,49.584499,K,W,1,0,it,161,49.554501,49.584499,like,was
4HZ823KRH_mono,4HZ823KRH_mono_0165,AH,481,0.04000100000000373,49.614498,49.654499,W,Z,0,0,was,162,49.584499,49.724499,it,a
4HZ823KRH_mono,4HZ823KRH_mono_0166,AH,483,0.06000099999999975,49.724499,49.7845,Z,S,0,0,a,163,49.724499,49.7845,was,sound
4HZ823KRH_mono,4HZ823KRH_mono_0167,AW,485,0.0899999999999963,49.914501,50.004501,S,N,0,1,sound,164,49.7845,50.074501,a,effect
4HZ823KRH_mono,4HZ823KRH_mono_0168,AH,488,0.04999899999999968,50.074501,50.1245,D,F,0,0,effect,165,50.074501,50.364498,sound,that
4HZ823KRH_mono,4HZ823KRH_mono_0169,EH,490,0.07999799999999624,50.2145,50.294498,F,K,0,1,effect,165,50.074501,50.364498,sound,that
4HZ823KRH_mono,4HZ823KRH_mono_0170,AH,494,0.04000099999999662,50.404499,50.4445,DH,T,0,0,that,166,50.364498,50.504501,effect,summoned
4HZ823KRH_mono,4HZ823KRH_mono_0171,AH,497,0.060001999999997224,50.584499,50.644501,S,M,0,1,summoned,167,50.504501,50.834499,that,speed
4HZ823KRH_mono,--,AH,499,0.02999900000000366,50.6945,50.724499,M,N,1,0,summoned,167,50.504501,50.834499,that,speed
4HZ823KRH_mono,4HZ823KRH_mono_0172,IY,504,0.07999799999999624,50.984501,51.064499,P,D,0,1,speed,168,50.834499,51.2145,summoned,-
4HZ823KRH_mono,4HZ823KRH_mono_0173,AY,507,0.030003000000000668,52.048698,52.078701,-,S,0,1,i,170,52.048698,52.078701,-,sat
4HZ823KRH_mono,4HZ823KRH_mono_0174,AE,509,0.07000000000000028,52.178699,52.248699,S,T,0,1,sat,171,52.078701,52.278702,i,under
4HZ823KRH_mono,4HZ823KRH_mono_0175,AH,511,0.07999799999999624,52.278702,52.3587,T,N,0,1,under,172,52.278702,52.5187,sat,a
4HZ823KRH_mono,4HZ823KRH_mono_0176,ER,514,0.05000000000000426,52.4687,52.5187,D,AH0,0,0,under,172,52.278702,52.5187,sat,a
4HZ823KRH_mono,4HZ823KRH_mono_0177,AH,515,0.0899999999999963,52.5187,52.6087,ER0,T,0,0,a,173,52.5187,52.6087,under,tree
4HZ823KRH_mono,4HZ823KRH_mono_0178,IY,518,0.21000300000000038,52.798698,53.008701,R,-,0,1,tree,174,52.6087,53.008701,a,-
4HZ823KRH_mono,4HZ823KRH_mono_0179,IH,521,0.04000100000000373,53.468399,53.5084,L,S,0,1,listened,176,53.4184,53.718399,-,to
4HZ823KRH_mono,4HZ823KRH_mono_0180,AH,523,0.030003000000000668,53.608398,53.638401,S,N,0,0,listened,176,53.4184,53.718399,-,to
4HZ823KRH_mono,--,AH,527,0.029998999999996556,53.7584,53.788399,T,DH,1,0,to,177,53.718399,53.788399,listened,the
4HZ823KRH_mono,4HZ823KRH_mono_0181,AH,529,0.04000099999999662,53.8284,53.868401,DH,B,0,0,the,178,53.788399,53.868401,to,breeze
4HZ823KRH_mono,4HZ823KRH_mono_0182,IY,532,0.14999800000000363,54.0284,54.178398,R,Z,0,1,breeze,179,53.868401,54.338402,the,-
4HZ823KRH_mono,4HZ823KRH_mono_0183,AE,535,0.030002000000003193,54.984299,55.014301,-,N,0,1,and,181,54.984299,55.1143,-,watched
4HZ823KRH_mono,4HZ823KRH_mono_0184,AA,539,0.06999900000000281,55.154301,55.2243,W,CH,0,1,watched,182,55.1143,55.3643,and,a
4HZ823KRH_mono,4HZ823KRH_mono_0185,AH,542,0.04999899999999968,55.3643,55.414299,T,Y,0,0,a,183,55.3643,55.414299,watched,yellow
4HZ823KRH_mono,4HZ823KRH_mono_0186,EH,544,0.05999700000000274,55.494301,55.554298,Y,L,0,1,yellow,184,55.414299,55.684299,a,balloon
4HZ823KRH_mono,4HZ823KRH_mono_0187,OW,546,0.07999800000000334,55.604301,55.684299,L,B,0,0,yellow,184,55.414299,55.684299,a,balloon
4HZ823KRH_mono,--,AH,548,0.010002000000000066,55.7743,55.784302,B,L,1,0,balloon,185,55.684299,56.084301,yellow,get
4HZ823KRH_mono,4HZ823KRH_mono_0188,UW,550,0.08000100000000288,55.894299,55.9743,L,N,0,1,balloon,185,55.684299,56.084301,yellow,get
4HZ823KRH_mono,4HZ823KRH_mono_0189,EH,553,0.08000200000000035,56.124298,56.2043,G,T,0,1,get,186,56.084301,56.284302,balloon,tangled
4HZ823KRH_mono,4HZ823KRH_mono_0190,AE,556,0.08000200000000035,56.3643,56.444302,T,NG,0,1,tangled,187,56.284302,56.654301,get,in
4HZ823KRH_mono,--,AH,559,0.029998000000006186,56.5243,56.554298,G,L,1,0,tangled,187,56.284302,56.654301,get,in
4HZ823KRH_mono,4HZ823KRH_mono_0191,IH,562,0.04999900000000679,56.654301,56.7043,D,N,0,0,in,188,56.654301,56.754299,tangled,a
4HZ823KRH_mono,4HZ823KRH_mono_0192,AH,564,0.04000099999999662,56.754299,56.7943,N,P,0,0,a,189,56.754299,56.7943,in,power
4HZ823KRH_mono,4HZ823KRH_mono_0193,AW,566,0.1100009999999969,56.934299,57.0443,P,ER0,0,1,power,190,56.7943,57.1143,a,line
4HZ823KRH_mono,4HZ823KRH_mono_0194,ER,567,0.07000000000000028,57.0443,57.1143,AW1,L,0,0,power,190,56.7943,57.1143,a,line
4HZ823KRH_mono,4HZ823KRH_mono_0195,AY,569,0.04999899999999968,57.174301,57.2243,L,N,0,1,line,191,57.1143,57.314301,power,-
4HZ823KRH_mono,4HZ823KRH_mono_0196,IH,573,0.039996999999999616,58.998001,59.037998,W,R,0,1,weird,193,58.928001,59.138,-,morning
4HZ823KRH_mono,4HZ823KRH_mono_0197,AO,577,0.04000099999999662,59.188,59.228001,M,R,0,1,morning,194,59.138,59.478001,weird,-
4HZ823KRH_mono,4HZ823KRH_mono_0198,IH,580,0.06000099999999975,59.327999,59.388,N,NG,0,0,morning,194,59.138,59.478001,weird,-
4HZ823KRH_mono,--,AH,584,0.02999900000000366,59.843601,59.8736,B,T,1,1,but,196,59.8036,59.923599,-,honestly
4HZ823KRH_mono,4HZ823KRH_mono_0199,AA,586,0.0899999999999963,59.923599,60.013599,T,N,0,1,honestly,197,59.923599,60.4436,but,-
4HZ823KRH_mono,4HZ823KRH_mono_0200,AH,588,0.05000299999999669,60.063599,60.113602,N,S,0,0,honestly,197,59.923599,60.4436,but,-
4HZ823KRH_mono,4HZ823KRH_mono_0201,IY,591,0.1800010000000043,60.263599,60.4436,L,-,0,0,honestly,197,59.923599,60.4436,but,-
4HZ823KRH_mono,4HZ823KRH_mono_0202,AA,594,0.06999900000000281,60.691502,60.761501,N,T,0,1,not,199,60.621498,60.811501,-,the
4HZ823KRH_mono,4HZ823KRH_mono_0203,AH,597,0.05000000000000426,60.841499,60.891499,DH,W,0,0,the,200,60.811501,60.891499,not,worst
4HZ823KRH_mono,4HZ823KRH_mono_0204,ER,599,0.13000100000000003,61.001499,61.1315,W,S,0,1,worst,201,60.891499,61.371502,the,-
87LQ7H085_mono,87LQ7H085_mono_0001,OW,3,0.20999999999999996,5.0216,5.2316,S,DH,0,1,so,2,4.9316,5.2316,-,this
87LQ7H085_mono,87LQ7H085_mono_0002,IH,5,0.05000000000000071,5.3016,5.3516,DH,S,0,1,this,3,5.2316,5.3916,so,morning
87LQ7H085_mono,87LQ7H085_mono_0003,AO,8,0.05000000000000071,5.4716,5.5216,M,R,0,1,morning,4,5.3916,5.7916,this,-
87LQ7H085_mono,87LQ7H085_mono_0004,IH,11,0.05999999999999961,5.6016,5.6616,N,NG,0,0,morning,4,5.3916,5.7916,this,-
87LQ7H085_mono,87LQ7H085_mono_0005,AY,14,0.07000000000000028,5.9635,6.0335,-,W,0,1,i,6,5.9635,6.0335,-,woke
87LQ7H085_mono,87LQ7H085_mono_0006,OW,16,0.0600000000000005,6.0835,6.1435,W,K,0,1,woke,7,6.0335,6.2035,i,up
87LQ7H085_mono,87LQ7H085_mono_0007,AH,18,0.04999999999999982,6.2035,6.2535,K,P,0,1,up,8,6.2035,6.3135,woke,late
87LQ7H085_mono,87LQ7H085_mono_0008,EY,21,0.13999999999999968,6.3935,6.5335,L,T,0,1,late,9,6.3135,6.6335,up,-
87LQ7H085_mono,87LQ7H085_mono_0009,AE,24,0.16000000000000014,6.7135,6.8735,-,N,0,1,and,11,6.7135,7.0335,-,immediately
87LQ7H085_mono,87LQ7H085_mono_0010,IH,27,0.07000000000000028,7.0335,7.1035,D,M,0,0,immediately,12,7.0335,7.4735,and,stubbed
87LQ7H085_mono,87LQ7H085_mono_0011,IY,29,0.04999999999999982,7.1535,7.2035,M,D,0,1,immediately,12,7.0335,7.4735,and,stubbed
87LQ7H085_mono,87LQ7H085_mono_0012,IY,31,0.08000000000000007,7.2335,7.3135,D,AH0,0,0,immediately,12,7.0335,7.4735,and,stubbed
87LQ7H085_mono,87LQ7H085_mono_0013,AH,32,0.040000000000000036,7.3135,7.3535,IY0,T,0,0,immediately,12,7.0335,7.4735,and,stubbed
87LQ7H085_mono,87LQ7H085_mono_0014,IY,35,0.04999999999999982,7.4235,7.4735,L,S,0,0,immediately,12,7.0335,7.4735,and,stubbed
87LQ7H085_mono,87LQ7H085_mono_0015,AH,38,0.08999999999999986,7.6435,7.7335,T,B,0,1,stubbed,13,7.4735,7.7935,immediately,my
87LQ7H085_mono,87LQ7H085_mono_0016,AY,42,0.08000000000000007,7.8235,7.9035,M,T,0,1,my,14,7.7935,7.9035,stubbed,toe
87LQ7H085_mono,87LQ7H085_mono_0017,OW,44,0.09999999999999964,8.0435,8.1435,T,AA1,0,1,toe,15,7.9035,8.1435,my,on
87LQ7H085_mono,87LQ7H085_mono_0018,AA,45,0.05000000000000071,8.1435,8.1935,OW1,N,0,1,on,16,8.1435,8.2335,toe,the
87LQ7H085_mono,87LQ7H085_mono_0019,AH,48,0.03000100000000039,8.273499,8.3035,DH,D,0,0,the,17,8.2335,8.3035,on,dresser
87LQ7H085_mono,87LQ7H085_mono_0020,EH,51,0.049999999999998934,8.4235,8.4735,R,S,0,1,dresser,18,8.3035,8.8435,the,-
87LQ7H085_mono,87LQ7H085_mono_0021,ER,53,0.25,8.5935,8.8435,S,-,0,0,dresser,18,8.3035,8.8435,the,-
87LQ7H085_mono,87LQ7H085_mono_0022,EY,57,0.06999999999999851,9.3289,9.3989,R,T,0,1,great,20,9.2189,9.4589,-,start
87LQ7H085_mono,87LQ7H085_mono_0023,AA,61,0.07000000000000028,9.5389,9.6089,T,R,0,1,start,21,9.4589,9.7489,great,right
87LQ7H085_mono,87LQ7H085_mono_0024,AY,65,0.15000000000000036,9.7889,9.9389,R,T,0,1,right,22,9.7489,9.9889,start,-
87LQ7H085_mono,87LQ7H085_mono_0025,AY,68,0.10000000000000142,10.8685,10.9685,-,G,0,1,i,24,10.8685,10.9685,-,grumbled
87LQ7H085_mono,87LQ7H085_mono_0026,AH,71,0.03999999999999915,11.0685,11.1085,R,M,0,1,grumbled,25,10.9685,11.2685,i,something
87LQ7H085_mono,--,AH,74,0.009999999999999787,11.1785,11.1885,B,L,1,0,grumbled,25,10.9685,11.2685,i,something
87LQ7H085_mono,87LQ7H085_mono_0027,AH,78,0.049999999999998934,11.3185,11.3685,S,M,0,1,something,26,11.2685,11.6585,grumbled,half
87LQ7H085_mono,87LQ7H085_mono_0028,IH,81,0.07000000000000028,11.4785,11.5485,TH,NG,0,0,something,26,11.2685,11.6585,grumbled,half
87LQ7H085_mono,87LQ7H085_mono_0029,AE,84,0.09999999999999964,11.7285,11.8285,HH,F,0,1,half,27,11.6585,11.9085,something,conscious
87LQ7H085_mono,87LQ7H085_mono_0030,AA,87,0.11999999999999922,11.9685,12.0885,K,N,0,1,conscious,28,11.9085,12.6285,half,-
87LQ7H085_mono,87LQ7H085_mono_0031,AH,90,0.10999999999999943,12.2485,12.3585,SH,S,0,0,conscious,28,11.9085,12.6285,half,-
87LQ7H085_mono,87LQ7H085_mono_0032,AE,95,0.0600000000000005,12.7675,12.8275,R,B,0,1,grabbed,30,12.6975,12.9075,-,whatever
87LQ7H085_mono,87LQ7H085_mono_0033,AH,99,0.05000000000000071,12.9375,12.9875,W,T,0,2,whatever,31,12.9075,13.1775,grabbed,shirt
87LQ7H085_mono,--,EH,101,0.02999999999999936,13.0175,13.0475,T,V,1,1,whatever,31,12.9075,13.1775,grabbed,shirt
87LQ7H085_mono,87LQ7H085_mono_0034,ER,103,0.0600000000000005,13.1175,13.1775,V,SH,0,0,whatever,31,12.9075,13.1775,grabbed,shirt
87LQ7H085_mono,87LQ7H085_mono_0035,ER,105,0.11999999999999922,13.3575,13.4775,SH,T,0,1,shirt,32,13.1775,13.5275,whatever,was
87LQ7H085_mono,--,AH,108,0.02999999999999936,13.5875,13.6175,W,Z,1,0,was,33,13.5275,13.6875,shirt,clean
87LQ7H085_mono,87LQ7H085_mono_0036,IY,112,0.07000000000000028,13.9275,13.9975,L,N,0,1,clean,34,13.6875,14.0675,was,-
87LQ7H085_mono,87LQ7H085_mono_0037,IH,115,0.19000000000000128,14.1275,14.3175,-,SH,0,1,ish,36,14.1275,14.5875,-,and
87LQ7H085_mono,87LQ7H085_mono_0038,AH,117,0.08000000000000007,14.5875,14.6675,SH,N,0,0,and,37,14.5875,14.8975,ish,headed
87LQ7H085_mono,87LQ7H085_mono_0039,EH,121,0.03999999999999915,15.0075,15.0475,HH,D,0,1,headed,38,14.8975,15.1875,and,out
87LQ7H085_mono,87LQ7H085_mono_0040,IH,123,0.059999000000001246,15.087501,15.1475,D,D,0,0,headed,38,14.8975,15.1875,and,out
87LQ7H085_mono,87LQ7H085_mono_0041,AW,125,0.16000000000000014,15.1875,15.3475,D,T,0,1,out,39,15.1875,15.4175,headed,-
87LQ7H085_mono,--,AH,129,0.02999799999999908,16.176001,16.205999,DH,S,1,0,the,41,16.146,16.205999,-,sky
87LQ7H085_mono,87LQ7H085_mono_0042,AY,132,0.0799999999999983,16.326,16.406,K,L,0,1,sky,42,16.205999,16.406,the,looked
87LQ7H085_mono,87LQ7H085_mono_0043,UH,134,0.040001000000000175,16.476,16.516001,L,K,0,1,looked,43,16.406,16.615999,sky,weird
87LQ7H085_mono,87LQ7H085_mono_0044,IH,138,0.14999899999999755,16.686001,16.836,W,R,0,1,weird,44,16.615999,17.0445,looked,like
87LQ7H085_mono,87LQ7H085_mono_0045,AY,142,0.040001000000000175,17.0945,17.134501,L,K,0,1,like,45,17.0445,17.2045,weird,that
87LQ7H085_mono,87LQ7H085_mono_0046,AE,145,0.0799999999999983,17.244499,17.324499,DH,T,0,1,that,46,17.2045,17.404501,like,shade
87LQ7H085_mono,87LQ7H085_mono_0047,EY,148,0.03999899999999812,17.5345,17.574499,SH,D,0,1,shade,47,17.404501,17.6145,that,of
87LQ7H085_mono,87LQ7H085_mono_0048,AH,150,0.030001000000002165,17.6145,17.644501,D,V,0,0,of,48,17.6145,17.6945,shade,blue
87LQ7H085_mono,87LQ7H085_mono_0049,UW,154,0.11999899999999997,17.7945,17.914499,L,G,0,1,blue,49,17.6945,17.914499,of,gray
87LQ7H085_mono,87LQ7H085_mono_0050,EY,157,0.16999999999999815,18.1045,18.2745,R,-,0,1,gray,50,17.914499,18.2745,blue,-
87LQ7H085_mono,87LQ7H085_mono_0051,AH,160,0.030001000000002165,18.335199,18.3652,DH,M,0,0,that,52,18.305201,18.3652,-,makes
87LQ7H085_mono,87LQ7H085_mono_0052,EY,162,0.030000000000001137,18.4352,18.4652,M,K,0,1,makes,53,18.3652,18.585199,that,you
87LQ7H085_mono,87LQ7H085_mono_0053,UW,166,0.030000999999998612,18.6152,18.645201,Y,-,0,1,you,54,18.585199,18.645201,makes,-
87LQ7H085_mono,87LQ7H085_mono_0054,EH,170,0.05000100000000174,18.8452,18.895201,W,SH,0,1,question,56,18.6752,19.235201,-,if
87LQ7H085_mono,87LQ7H085_mono_0055,AH,172,0.060001999999997224,19.075199,19.135201,SH,N,0,0,question,56,18.6752,19.235201,-,if
87LQ7H085_mono,87LQ7H085_mono_0056,IH,174,0.03999900000000167,19.235201,19.2752,N,F,0,1,if,57,19.235201,19.3452,question,it's
87LQ7H085_mono,87LQ7H085_mono_0057,IH,176,0.030000000000001137,19.3452,19.3752,F,T,0,0,it's,58,19.3452,19.4452,if,about
87LQ7H085_mono,87LQ7H085_mono_0058,AH,179,0.030000999999998612,19.4452,19.475201,S,B,0,0,about,59,19.4452,19.6252,it's,to
87LQ7H085_mono,87LQ7H085_mono_0059,AW,181,0.04999899999999968,19.5252,19.575199,B,T,0,1,about,59,19.4452,19.6252,it's,to
87LQ7H085_mono,87LQ7H085_mono_0060,AH,184,0.040001000000000175,19.6852,19.725201,T,R,0,0,to,60,19.6252,19.725201,about,rain
87LQ7H085_mono,87LQ7H085_mono_0061,EY,186,0.09000100000000089,19.835199,19.9252,R,N,0,1,rain,61,19.725201,19.9652,to,or
87LQ7H085_mono,87LQ7H085_mono_0062,ER,188,0.08000000000000185,19.9652,20.0452,N,N,0,0,or,62,19.9652,20.0452,rain,not
87LQ7H085_mono,87LQ7H085_mono_0063,AA,190,0.03999900000000167,20.1252,20.165199,N,T,0,1,not,63,20.0452,20.255199,or,-
87LQ7H085_mono,87LQ7H085_mono_0064,AY,193,0.07000000000000028,21.208099,21.278099,-,S,0,1,i,65,21.208099,21.278099,-,stopped
87LQ7H085_mono,87LQ7H085_mono_0065,AA,196,0.05999899999999769,21.428101,21.4881,T,P,0,1,stopped,66,21.278099,21.528099,i,by
87LQ7H085_mono,87LQ7H085_mono_0066,AY,200,0.040001000000000175,21.5581,21.598101,B,DH,0,1,by,67,21.528099,21.598101,stopped,the
87LQ7H085_mono,87LQ7H085_mono_0067,AH,202,0.040001000000000175,21.6481,21.688101,DH,K,0,0,the,68,21.598101,21.688101,by,corner
87LQ7H085_mono,--,AO,204,0.029999999999997584,21.7981,21.8281,K,R,1,1,corner,69,21.688101,21.9681,the,store
87LQ7H085_mono,87LQ7H085_mono_0068,ER,207,0.05999999999999872,21.9081,21.9681,N,S,0,0,corner,69,21.688101,21.9681,the,store
87LQ7H085_mono,87LQ7H085_mono_0069,AO,210,0.030001000000002165,22.0781,22.108101,T,R,0,1,store,70,21.9681,22.1581,corner,to
87LQ7H085_mono,--,AH,213,0.02999900000000011,22.188101,22.2181,T,G,1,0,to,71,22.1581,22.2181,store,grab
87LQ7H085_mono,87LQ7H085_mono_0070,AE,216,0.050000999999998186,22.2981,22.348101,R,B,0,1,grab,72,22.2181,22.4081,to,a
87LQ7H085_mono,87LQ7H085_mono_0071,AH,218,0.030000999999998612,22.4081,22.438101,B,T,0,0,a,73,22.4081,22.438101,grab,toasted
87LQ7H085_mono,87LQ7H085_mono_0072,OW,220,0.059999000000001246,22.5581,22.618099,T,S,0,1,toasted,74,22.438101,22.8181,a,bagel
87LQ7H085_mono,87LQ7H085_mono_0073,IH,223,0.040001000000000175,22.7181,22.758101,T,D,0,0,toasted,74,22.438101,22.8181,a,bagel
87LQ7H085_mono,87LQ7H085_mono_0074,EY,226,0.12999899999999798,22.858101,22.9881,B,G,0,1,bagel,75,22.8181,23.178101,toasted,and
87LQ7H085_mono,87LQ7H085_mono_0075,AH,228,0.050000999999998186,23.0481,23.098101,G,L,0,0,bagel,75,22.8181,23.178101,toasted,and
87LQ7H085_mono,--,AH,230,0.02999799999999908,23.178101,23.208099,L,N,1,0,and,76,23.178101,23.268101,bagel,orange
87LQ7H085_mono,87LQ7H085_mono_0076,AO,233,0.03999899999999812,23.268101,23.3081,D,R,0,1,orange,77,23.268101,23.5581,and,juice
87LQ7H085_mono,87LQ7H085_mono_0077,AH,235,0.05999999999999872,23.4081,23.4681,R,N,0,0,orange,77,23.268101,23.5581,and,juice
87LQ7H085_mono,87LQ7H085_mono_0078,UW,239,0.10999800000000093,23.598101,23.708099,JH,S,0,1,juice,78,23.5581,23.7981,orange,-
87LQ7H085_mono,87LQ7H085_mono_0079,AH,243,0.030000999999998612,23.8547,23.884701,B,DH,0,1,but,80,23.824699,23.884701,-,they
87LQ7H085_mono,87LQ7H085_mono_0080,EY,245,0.050000999999998186,23.9247,23.974701,DH,W,0,1,they,81,23.884701,23.974701,but,were
87LQ7H085_mono,87LQ7H085_mono_0081,ER,247,0.040001000000000175,24.0147,24.054701,W,AW1,0,0,were,82,23.974701,24.054701,they,out
87LQ7H085_mono,87LQ7H085_mono_0082,AW,248,0.09999799999999937,24.054701,24.154699,ER0,T,0,1,out,83,24.054701,24.1947,were,of
87LQ7H085_mono,87LQ7H085_mono_0083,AH,250,0.030000999999998612,24.1947,24.224701,T,V,0,0,of,84,24.1947,24.2747,out,both
87LQ7H085_mono,87LQ7H085_mono_0084,OW,253,0.20000100000000032,24.314699,24.5147,B,TH,0,1,both,85,24.2747,24.654699,of,-
87LQ7H085_mono,87LQ7H085_mono_0085,IY,257,0.030001000000002165,25.1847,25.214701,DH,K,0,0,the,87,25.144699,25.214701,-,cashier
87LQ7H085_mono,87LQ7H085_mono_0086,AE,259,0.0799999999999983,25.2647,25.3447,K,SH,0,0,cashier,88,25.214701,25.554701,the,joked
87LQ7H085_mono,87LQ7H085_mono_0087,IH,261,0.03999900000000167,25.474701,25.5147,SH,R,0,1,cashier,88,25.214701,25.554701,the,joked
87LQ7H085_mono,87LQ7H085_mono_0088,OW,264,0.11000100000000046,25.6847,25.794701,JH,K,0,1,joked,89,25.554701,25.884701,cashier,it's
87LQ7H085_mono,87LQ7H085_mono_0089,IH,267,0.059999000000001246,25.884701,25.9447,T,T,0,0,it's,90,25.884701,26.3447,joked,-
87LQ7H085_mono,87LQ7H085_mono_0090,AH,272,0.10999800000000093,26.544701,26.654699,M,N,0,1,monday,92,26.374701,26.8647,-,energy
87LQ7H085_mono,87LQ7H085_mono_0091,EY,275,0.12000099999999847,26.744699,26.8647,D,EH1,0,2,monday,92,26.374701,26.8647,-,energy
87LQ7H085_mono,87LQ7H085_mono_0092,EH,276,0.060000000000002274,26.8647,26.9247,EY2,N,0,1,energy,93,26.8647,27.324699,monday,-
87LQ7H085_mono,87LQ7H085_mono_0093,ER,278,0.059999000000001246,26.974701,27.0347,N,JH,0,0,energy,93,26.8647,27.324699,monday,-
87LQ7H085_mono,87LQ7H085_mono_0094,IY,280,0.16999999999999815,27.154699,27.324699,JH,-,0,0,energy,93,26.8647,27.324699,monday,-
87LQ7H085_mono,87LQ7H085_mono_0095,AH,282,0.040001000000000175,27.5651,27.605101,-,N,0,0,and,95,27.5651,27.6751,-,i
87LQ7H085_mono,87LQ7H085_mono_0096,AY,285,0.05999999999999872,27.6751,27.7351,D,HH,0,1,i,96,27.6751,27.7351,and,half
87LQ7H085_mono,87LQ7H085_mono_0097,AE,287,0.08999999999999986,27.8251,27.9151,HH,F,0,1,half,97,27.7351,28.035101,i,laughed
87LQ7H085_mono,87LQ7H085_mono_0098,AE,290,0.11999899999999997,28.0851,28.205099,L,F,0,1,laughed,98,28.035101,28.285101,half,because
87LQ7H085_mono,87LQ7H085_mono_0099,IH,294,0.040001000000000175,28.3151,28.355101,B,K,0,0,because,99,28.285101,28.525101,laughed,yeah
87LQ7H085_mono,87LQ7H085_mono_0100,AH,296,0.06999899999999926,28.3951,28.465099,K,Z,0,0,because,99,28.285101,28.525101,laughed,yeah
87LQ7H085_mono,87LQ7H085_mono_0101,AE,299,0.11999899999999997,28.5951,28.715099,Y,-,0,1,yeah,100,28.525101,28.715099,because,-
87LQ7H085_mono,87LQ7H085_mono_0102,UW,303,0.14000000000000057,29.0051,29.1451,R,-,0,1,true,102,28.8351,29.1451,-,-
87LQ7H085_mono,87LQ7H085_mono_0103,AY,305,0.030000999999998612,30.0289,30.058901,-,T,0,1,i,104,30.0289,30.058901,-,took
87LQ7H085_mono,87LQ7H085_mono_0104,UH,307,0.040001000000000175,30.148899,30.1889,T,K,0,1,took,105,30.058901,30.248899,i,a
87LQ7H085_mono,87LQ7H085_mono_0105,AH,309,0.030000999999998612,30.248899,30.2789,K,S,0,0,a,106,30.248899,30.2789,took,seat
87LQ7H085_mono,87LQ7H085_mono_0106,IY,311,0.07000199999999879,30.408899,30.478901,S,T,0,1,seat,107,30.2789,30.5089,a,near
87LQ7H085_mono,87LQ7H085_mono_0107,IH,314,0.03999899999999812,30.5389,30.578899,N,R,0,1,near,108,30.5089,30.6089,seat,the
87LQ7H085_mono,87LQ7H085_mono_0108,AH,317,0.050000999999998186,30.648899,30.6989,DH,W,0,0,the,109,30.6089,30.6989,near,window
87LQ7H085_mono,87LQ7H085_mono_0109,IH,319,0.04999899999999968,30.7689,30.818899,W,N,0,1,window,110,30.6989,31.1842,the,scrolled
87LQ7H085_mono,87LQ7H085_mono_0110,OW,322,0.2753009999999989,30.908899,31.1842,D,S,0,0,window,110,30.6989,31.1842,the,scrolled
87LQ7H085_mono,87LQ7H085_mono_0111,OW,326,0.03999899999999812,31.454201,31.4942,R,L,0,1,scrolled,111,31.1842,31.554199,window,my
87LQ7H085_mono,87LQ7H085_mono_0112,AY,330,0.1000009999999989,31.5942,31.694201,M,F,0,1,my,112,31.554199,31.694201,scrolled,phone
87LQ7H085_mono,87LQ7H085_mono_0113,OW,332,0.2600019999999965,31.804199,32.064201,F,N,0,1,phone,113,31.694201,32.0942,my,and
87LQ7H085_mono,87LQ7H085_mono_0114,AH,334,0.060001999999997224,32.0942,32.154202,N,N,0,0,and,114,32.0942,32.224201,phone,overheard
87LQ7H085_mono,87LQ7H085_mono_0115,OW,337,0.07999799999999624,32.224201,32.304199,D,V,0,1,overheard,115,32.224201,32.624199,and,someone
87LQ7H085_mono,87LQ7H085_mono_0116,ER,339,0.09000100000000089,32.354198,32.444199,V,HH,0,0,overheard,115,32.224201,32.624199,and,someone
87LQ7H085_mono,87LQ7H085_mono_0117,ER,341,0.07000000000000028,32.5042,32.5742,HH,D,0,1,overheard,115,32.224201,32.624199,and,someone
87LQ7H085_mono,87LQ7H085_mono_0118,AH,344,0.04000100000000373,32.6842,32.724201,S,M,0,1,someone,116,32.624199,32.864201,overheard,say
87LQ7H085_mono,87LQ7H085_mono_0119,AH,347,0.030001999999996087,32.784199,32.814201,W,N,0,2,someone,116,32.624199,32.864201,overheard,say
87LQ7H085_mono,87LQ7H085_mono_0120,EY,350,0.25999900000000054,32.974201,33.2342,S,-,0,1,say,117,32.864201,33.2342,someone,-
87LQ7H085_mono,87LQ7H085_mono_0121,AH,353,0.039996999999999616,33.637001,33.676998,DH,JH,0,0,the,119,33.606998,33.676998,-,giraffe
87LQ7H085_mono,87LQ7H085_mono_0122,ER,355,0.23000400000000099,33.766998,33.997002,JH,AE1,0,0,giraffe,120,33.676998,34.306999,the,-
87LQ7H085_mono,87LQ7H085_mono_0123,AE,356,0.1799959999999956,33.997002,34.176998,ER0,F,0,1,giraffe,120,33.676998,34.306999,the,-
87LQ7H085_mono,87LQ7H085_mono_0124,IH,359,0.050003000000003794,34.356998,34.407001,-,G,0,0,exhibit,122,34.356998,34.806999,-,-
87LQ7H085_mono,87LQ7H085_mono_0125,IH,362,0.039996999999999616,34.567001,34.606998,Z,B,0,1,exhibit,122,34.356998,34.806999,-,-
87LQ7H085_mono,87LQ7H085_mono_0126,IH,364,0.07000000000000028,34.677002,34.747002,B,T,0,0,exhibit,122,34.356998,34.806999,-,-
87LQ7H085_mono,87LQ7H085_mono_0127,OW,367,0.07999799999999624,34.867001,34.946999,-,P,0,1,opens,124,34.867001,35.177002,-,at
87LQ7H085_mono,--,AH,369,0.029998999999996556,35.027,35.056999,P,N,1,0,opens,124,34.867001,35.177002,-,at
87LQ7H085_mono,87LQ7H085_mono_0128,AE,372,0.04999899999999968,35.177002,35.227001,Z,T,0,1,at,125,35.177002,35.327,opens,noon
87LQ7H085_mono,87LQ7H085_mono_0129,UW,375,0.13000100000000003,35.466999,35.597,N,N,0,1,noon,126,35.327,35.837002,at,-
87LQ7H085_mono,87LQ7H085_mono_0130,IH,379,0.03999999999999915,36.024899,36.064899,W,CH,0,1,which,128,35.984901,36.254902,-,-
87LQ7H085_mono,87LQ7H085_mono_0131,EH,383,0.04999899999999968,36.634701,36.6847,F,L,0,1,felt,130,36.394699,37.034698,-,oddly
87LQ7H085_mono,87LQ7H085_mono_0132,AA,386,0.030003000000000668,37.034698,37.064701,T,D,0,1,oddly,131,37.034698,37.224701,felt,profound
87LQ7H085_mono,87LQ7H085_mono_0133,IY,389,0.04999899999999968,37.174702,37.224701,L,P,0,0,oddly,131,37.034698,37.224701,felt,profound
87LQ7H085_mono,87LQ7H085_mono_0134,OW,392,0.050003000000003794,37.354698,37.404701,R,F,0,0,profound,132,37.224701,37.714699,oddly,at
87LQ7H085_mono,87LQ7H085_mono_0135,AW,394,0.13000100000000003,37.5247,37.654701,F,N,0,1,profound,132,37.224701,37.714699,oddly,at
87LQ7H085_mono,87LQ7H085_mono_0136,AE,397,0.030001999999996087,37.714699,37.744701,D,T,0,1,at,133,37.714699,37.804699,profound,the
87LQ7H085_mono,--,AH,400,0.02999799999999908,37.834702,37.8647,DH,T,1,0,the,134,37.804699,37.8647,at,time
87LQ7H085_mono,87LQ7H085_mono_0137,AY,402,0.14999800000000363,37.994701,38.144699,T,M,0,1,time,135,37.8647,38.264702,the,-
87LQ7H085_mono,87LQ7H085_mono_0138,AE,405,0.07000000000000028,39.106998,39.176998,-,F,0,1,after,137,39.106998,39.277,-,a
87LQ7H085_mono,--,ER,408,0.02999799999999908,39.247002,39.277,T,AH0,1,0,after,137,39.106998,39.277,-,a
87LQ7H085_mono,--,AH,409,0.029998999999996556,39.277,39.306999,ER0,F,1,0,a,138,39.277,39.306999,after,few
87LQ7H085_mono,87LQ7H085_mono_0139,UW,412,0.04000100000000373,39.446999,39.487,Y,B,0,1,few,139,39.306999,39.487,a,bites
87LQ7H085_mono,87LQ7H085_mono_0140,AY,414,0.10000200000000348,39.556999,39.657001,B,T,0,1,bites,140,39.487,39.747002,few,of
87LQ7H085_mono,--,AH,417,0.02999799999999908,39.747002,39.777,S,V,1,0,of,141,39.747002,39.806999,bites,something
87LQ7H085_mono,87LQ7H085_mono_0141,AH,420,0.04999999999999716,39.896999,39.946999,S,M,0,1,something,142,39.806999,40.207001,of,vaguely
87LQ7H085_mono,87LQ7H085_mono_0142,IH,423,0.04000099999999662,40.047001,40.087002,TH,NG,0,0,something,142,39.806999,40.207001,of,vaguely
87LQ7H085_mono,87LQ7H085_mono_0143,EY,426,0.1100009999999969,40.277,40.387001,V,G,0,1,vaguely,143,40.207001,40.597,something,egg
87LQ7H085_mono,87LQ7H085_mono_0144,IY,429,0.09999799999999937,40.497002,40.597,L,EH1,0,0,vaguely,143,40.207001,40.597,something,egg
87LQ7H085_mono,87LQ7H085_mono_0145,EH,430,0.11999899999999997,40.597,40.716999,IY0,G,0,1,egg,144,40.597,40.786999,vaguely,shaped
87LQ7H085_mono,87LQ7H085_mono_0146,EY,433,0.12000300000000408,40.876999,40.997002,SH,P,0,1,shaped,145,40.786999,41.277,egg,-
87LQ7H085_mono,87LQ7H085_mono_0147,AY,437,0.10000300000000095,41.394798,41.494801,-,W,0,1,i,147,41.394798,41.494801,-,wandered
87LQ7H085_mono,87LQ7H085_mono_0148,AA,439,0.07999799999999624,41.624802,41.7048,W,N,0,1,wandered,148,41.494801,41.854801,i,to
87LQ7H085_mono,87LQ7H085_mono_0149,ER,442,0.04000099999999662,41.774799,41.8148,D,D,0,0,wandered,148,41.494801,41.854801,i,to
87LQ7H085_mono,87LQ7H085_mono_0150,AH,445,0.030003000000000668,41.894798,41.924801,T,DH,0,0,to,149,41.854801,41.924801,wandered,the
87LQ7H085_mono,87LQ7H085_mono_0151,AH,447,0.04000100000000373,41.9548,41.994801,DH,P,0,0,the,150,41.924801,41.994801,to,park
87LQ7H085_mono,87LQ7H085_mono_0152,AA,449,0.04999899999999968,42.094799,42.144798,P,R,0,1,park,151,41.994801,42.394798,the,-
87LQ7H085_mono,87LQ7H085_mono_0153,AH,453,0.04999999999999716,43.012901,43.062901,-,K,0,0,a,153,43.012901,43.062901,-,kid
87LQ7H085_mono,87LQ7H085_mono_0154,IH,455,0.0899999999999963,43.212898,43.302898,K,D,0,1,kid,154,43.062901,43.3629,a,zoomed
87LQ7H085_mono,87LQ7H085_mono_0155,UW,458,0.0899999999999963,43.462898,43.552898,Z,M,0,1,zoomed,155,43.3629,43.642899,kid,by
87LQ7H085_mono,87LQ7H085_mono_0156,AY,462,0.1100009999999969,43.672901,43.782902,B,AA1,0,1,by,156,43.642899,43.782902,zoomed,on
87LQ7H085_mono,87LQ7H085_mono_0157,AA,463,0.05999700000000274,43.782902,43.842899,AY1,N,0,1,on,157,43.782902,43.892899,by,a
87LQ7H085_mono,87LQ7H085_mono_0158,AH,465,0.03999999999999915,43.892899,43.932899,N,S,0,0,a,158,43.892899,43.932899,on,scooter
87LQ7H085_mono,87LQ7H085_mono_0159,UW,468,0.04999899999999968,44.082901,44.1329,K,T,0,1,scooter,159,43.932899,44.192902,a,yelling
87LQ7H085_mono,87LQ7H085_mono_0160,ER,470,0.030002999999993563,44.162899,44.192902,T,Y,0,0,scooter,159,43.932899,44.192902,a,yelling
87LQ7H085_mono,87LQ7H085_mono_0161,EH,472,0.06999900000000281,44.282902,44.352901,Y,L,0,1,yelling,160,44.192902,44.6329,scooter,zoom
87LQ7H085_mono,87LQ7H085_mono_0162,IH,474,0.05999700000000274,44.402901,44.462898,L,NG,0,0,yelling,160,44.192902,44.6329,scooter,zoom
87LQ7H085_mono,87LQ7H085_mono_0163,UW,477,0.16999899999999712,44.7229,44.892899,Z,M,0,1,zoom,161,44.6329,45.082901,yelling,zoom
87LQ7H085_mono,87LQ7H085_mono_0164,UW,480,0.1599999999999966,45.162899,45.322899,Z,M,0,1,zoom,162,45.082901,45.532902,zoom,-
87LQ7H085_mono,87LQ7H085_mono_0165,AY,484,0.030002999999993563,46.129299,46.159302,L,K,0,1,like,164,46.069302,46.189301,-,it
87LQ7H085_mono,--,IH,486,0.02999799999999908,46.189301,46.219299,K,W,1,0,it,165,46.189301,46.219299,like,was
87LQ7H085_mono,87LQ7H085_mono_0166,AH,488,0.030002999999993563,46.249298,46.279301,W,Z,0,0,was,166,46.219299,46.3293,it,a
87LQ7H085_mono,--,AH,490,0.029998999999996556,46.3293,46.359299,Z,S,1,0,a,167,46.3293,46.359299,was,sound
87LQ7H085_mono,87LQ7H085_mono_0167,AW,492,0.06999999999999318,46.459301,46.529301,S,N,0,1,sound,168,46.359299,46.659302,a,effect
87LQ7H085_mono,--,AH,495,0.02999900000000366,46.659302,46.689301,D,F,1,0,effect,169,46.659302,47.0093,sound,that
87LQ7H085_mono,87LQ7H085_mono_0168,EH,497,0.04999899999999968,46.8293,46.879299,F,K,0,1,effect,169,46.659302,47.0093,sound,that
87LQ7H085_mono,--,AE,501,0.02999900000000366,47.049301,47.0793,DH,T,1,1,that,170,47.0093,47.1493,effect,summoned
87LQ7H085_mono,87LQ7H085_mono_0169,AH,504,0.04999999999999716,47.3493,47.3993,S,M,0,1,summoned,171,47.1493,47.609299,that,speed
87LQ7H085_mono,--,AH,506,0.029998999999996556,47.459301,47.4893,M,N,1,0,summoned,171,47.1493,47.609299,that,speed
87LQ7H085_mono,87LQ7H085_mono_0170,IY,511,0.18000000000000682,47.8993,48.0793,P,D,0,1,speed,172,47.609299,48.199299,summoned,-
87LQ7H085_mono,87LQ7H085_mono_0171,AY,514,0.07000399999999729,49.064098,49.134102,-,S,0,1,i,174,49.064098,49.134102,-,sat
87LQ7H085_mono,87LQ7H085_mono_0172,AE,516,0.07000000000000028,49.274101,49.344101,S,T,0,1,sat,175,49.134102,49.3741,i,under
87LQ7H085_mono,87LQ7H085_mono_0173,AH,518,0.04000100000000373,49.3741,49.414101,T,N,0,1,under,176,49.3741,49.5741,sat,a
87LQ7H085_mono,87LQ7H085_mono_0174,ER,521,0.08000100000000288,49.494099,49.5741,D,AH0,0,0,under,176,49.3741,49.5741,sat,a
87LQ7H085_mono,87LQ7H085_mono_0175,AH,522,0.04000099999999662,49.5741,49.614101,ER0,T,0,0,a,177,49.5741,49.614101,under,tree
87LQ7H085_mono,87LQ7H085_mono_0176,IY,525,0.3000029999999967,49.834099,50.134102,R,-,0,1,tree,178,49.614101,50.134102,a,-
87LQ7H085_mono,87LQ7H085_mono_0177,IH,528,0.060001999999997224,50.306499,50.366501,L,S,0,1,listened,180,50.276501,50.4865,-,to
87LQ7H085_mono,--,AH,530,0.02999900000000366,50.4165,50.446499,S,N,1,0,listened,180,50.276501,50.4865,-,to
87LQ7H085_mono,87LQ7H085_mono_0178,AH,534,0.05000299999999669,50.516499,50.566502,T,DH,0,0,to,181,50.4865,50.566502,listened,the
87LQ7H085_mono,--,AH,536,0.02999900000000366,50.5965,50.626499,DH,B,1,0,the,182,50.566502,50.626499,to,breeze
87LQ7H085_mono,87LQ7H085_mono_0179,IY,539,0.17999999999999972,50.786499,50.966499,R,Z,0,1,breeze,183,50.626499,51.136501,the,-
87LQ7H085_mono,87LQ7H085_mono_0180,AH,542,0.04999899999999968,51.245899,51.295898,-,N,0,0,and,185,51.245899,51.385899,-,watched
87LQ7H085_mono,87LQ7H085_mono_0181,AA,546,0.09000000000000341,51.435902,51.525902,W,CH,0,1,watched,186,51.385899,51.645901,and,a
87LQ7H085_mono,87LQ7H085_mono_0182,AH,549,0.04999899999999968,51.645901,51.6959,T,Y,0,0,a,187,51.645901,51.6959,watched,yellow
87LQ7H085_mono,87LQ7H085_mono_0183,EH,551,0.06000099999999975,51.7659,51.825901,Y,L,0,1,yellow,188,51.6959,51.9259,a,balloon
87LQ7H085_mono,87LQ7H085_mono_0184,OW,553,0.04999999999999716,51.8759,51.9259,L,B,0,0,yellow,188,51.6959,51.9259,a,balloon
87LQ7H085_mono,--,AH,555,0.010002000000000066,51.995899,52.005901,B,L,1,0,balloon,189,51.9259,52.295898,yellow,get
87LQ7H085_mono,87LQ7H085_mono_0185,UW,557,0.14000000000000057,52.085899,52.225899,L,N,0,1,balloon,189,51.9259,52.295898,yellow,get
87LQ7H085_mono,87LQ7H085_mono_0186,IH,560,0.05999800000000022,52.365902,52.4259,G,T,0,1,get,190,52.295898,52.485901,balloon,tangled
87LQ7H085_mono,87LQ7H085_mono_0187,AE,563,0.030003000000000668,52.585899,52.615902,T,NG,0,1,tangled,191,52.485901,52.795898,get,in
87LQ7H085_mono,--,AH,566,0.02999799999999908,52.685902,52.7159,G,L,1,0,tangled,191,52.485901,52.795898,get,in
87LQ7H085_mono,87LQ7H085_mono_0188,IH,569,0.04000099999999662,52.795898,52.835899,D,N,0,0,in,192,52.795898,52.865902,tangled,a
87LQ7H085_mono,87LQ7H085_mono_0189,AH,571,0.039996999999999616,52.865902,52.905899,N,P,0,0,a,193,52.865902,52.905899,in,power
87LQ7H085_mono,87LQ7H085_mono_0190,AW,573,0.10999999999999943,53.0159,53.1259,P,ER0,0,1,power,194,52.905899,53.165901,a,line
87LQ7H085_mono,87LQ7H085_mono_0191,ER,574,0.04000099999999662,53.1259,53.165901,AW1,L,0,0,power,194,52.905899,53.165901,a,line
87LQ7H085_mono,87LQ7H085_mono_0192,AY,576,0.07999799999999624,53.255901,53.335899,L,N,0,1,line,195,53.165901,53.495899,power,-
87LQ7H085_mono,87LQ7H085_mono_0193,IH,580,0.0899959999999993,54.275902,54.365898,W,R,0,1,weird,197,54.185902,54.565899,-,morning
87LQ7H085_mono,87LQ7H085_mono_0194,AO,584,0.08000200000000035,54.6059,54.685902,M,R,0,1,morning,198,54.565899,55.075901,weird,-
87LQ7H085_mono,87LQ7H085_mono_0195,IH,587,0.030001999999996087,54.815899,54.845901,N,NG,0,0,morning,198,54.565899,55.075901,weird,-
87LQ7H085_mono,87LQ7H085_mono_0196,AH,591,0.030003000000000668,55.532299,55.562302,B,T,0,1,but,200,55.492298,55.5923,-,honestly
87LQ7H085_mono,87LQ7H085_mono_0197,AA,593,0.1100009999999969,55.5923,55.702301,T,N,0,1,honestly,201,55.5923,56.172298,but,-
87LQ7H085_mono,--,AH,595,0.02999900000000366,55.7523,55.782299,N,S,1,0,honestly,201,55.5923,56.172298,but,-
87LQ7H085_mono,87LQ7H085_mono_0198,IY,598,0.20999899999999627,55.962299,56.172298,L,-,0,0,honestly,201,55.5923,56.172298,but,-
87LQ7H085_mono,87LQ7H085_mono_0199,AA,601,0.07999799999999624,56.4123,56.492298,N,T,0,1,not,203,56.3423,56.532299,-,the
87LQ7H085_mono,--,AH,604,0.02999799999999908,56.562302,56.5923,DH,W,1,0,the,204,56.532299,56.5923,not,worst
87LQ7H085_mono,87LQ7H085_mono_0200,ER,606,0.0899999999999963,56.682301,56.772301,W,S,0,1,worst,205,56.5923,57.042301,the,-
ABC893DEF_mono,ABC893DEF_mono_0001,OW,3,0.030000000000000027,0.9976,1.0276,S,-,0,1,so,2,0.9176,1.0276,-,-
ABC893DEF_mono,ABC893DEF_mono_0002,IH,6,0.07000000000000006,1.1276,1.1976,DH,S,0,1,this,4,1.0976,1.3476,-,morning
ABC893DEF_mono,ABC893DEF_mono_0003,AO,9,0.10000000000000009,1.4176,1.5176,M,R,0,1,morning,5,1.3476,1.8376,this,-
ABC893DEF_mono,ABC893DEF_mono_0004,IH,12,0.13000000000000012,1.6176,1.7476,N,NG,0,0,morning,5,1.3476,1.8376,this,-
ABC893DEF_mono,ABC893DEF_mono_0005,AY,15,0.08000000000000007,1.8976,1.9776,-,W,0,1,i,7,1.8976,1.9776,-,woke
ABC893DEF_mono,ABC893DEF_mono_0006,OW,17,0.06000000000000005,2.0976,2.1576,W,K,0,1,woke,8,1.9776,2.2576,i,up
ABC893DEF_mono,ABC893DEF_mono_0007,AH,19,0.08000000000000007,2.2576,2.3376,K,P,0,1,up,9,2.2576,2.4776,woke,late
ABC893DEF_mono,ABC893DEF_mono_0008,EY,22,0.14000000000000012,2.5476,2.6876,L,T,0,1,late,10,2.4776,2.7676,up,-
ABC893DEF_mono,ABC893DEF_mono_0009,AE,25,0.1200000000000001,2.8562,2.9762,-,N,0,1,and,12,2.8562,3.1462,-,immediately
ABC893DEF_mono,ABC893DEF_mono_0010,IH,28,0.14000000000000012,3.1462,3.2862,D,M,0,0,immediately,13,3.1462,3.8762,and,stubbed
ABC893DEF_mono,ABC893DEF_mono_0011,IY,30,0.10000000000000009,3.4062,3.5062,M,D,0,1,immediately,13,3.1462,3.8762,and,stubbed
ABC893DEF_mono,ABC893DEF_mono_0012,IY,32,0.08000000000000007,3.5562,3.6362,D,AH0,0,0,immediately,13,3.1462,3.8762,and,stubbed
ABC893DEF_mono,ABC893DEF_mono_0013,AH,33,0.04999999999999982,3.6362,3.6862,IY0,T,0,0,immediately,13,3.1462,3.8762,and,stubbed
ABC893DEF_mono,ABC893DEF_mono_0014,IY,36,0.06999999999999984,3.8062,3.8762,L,S,0,0,immediately,13,3.1462,3.8762,and,stubbed
ABC893DEF_mono,ABC893DEF_mono_0015,AH,39,0.11000000000000032,4.1162,4.2262,T,B,0,1,stubbed,14,3.8762,4.4162,immediately,my
ABC893DEF_mono,ABC893DEF_mono_0016,AY,43,0.11999999999999922,4.4762,4.5962,M,T,0,1,my,15,4.4162,4.5962,stubbed,toe
ABC893DEF_mono,ABC893DEF_mono_0017,OW,45,0.17999999999999972,4.7262,4.9062,T,AO1,0,1,toe,16,4.5962,4.9062,my,on
ABC893DEF_mono,ABC893DEF_mono_0018,AO,46,0.17999999999999972,4.9062,5.0862,OW1,N,0,1,on,17,4.9062,5.1562,toe,the
ABC893DEF_mono,ABC893DEF_mono_0019,AH,49,0.040000000000000036,5.2062,5.2462,DH,D,0,0,the,18,5.1562,5.2462,on,dresser
ABC893DEF_mono,ABC893DEF_mono_0020,EH,52,0.07000000000000028,5.3862,5.4562,R,S,0,1,dresser,19,5.2462,5.7662,the,-
ABC893DEF_mono,ABC893DEF_mono_0021,ER,54,0.15000000000000036,5.6162,5.7662,S,-,0,0,dresser,19,5.2462,5.7662,the,-
ABC893DEF_mono,ABC893DEF_mono_0022,EY,58,0.09999999999999964,6.333,6.433,R,T,0,1,great,21,6.233,6.513,-,start
ABC893DEF_mono,ABC893DEF_mono_0023,AA,62,0.0699999999999994,6.663,6.733,T,R,0,1,start,22,6.513,6.963,great,-
ABC893DEF_mono,ABC893DEF_mono_0024,AY,67,0.1900000000000004,7.273,7.463,R,T,0,1,right,24,7.203,7.503,-,-
ABC893DEF_mono,ABC893DEF_mono_0025,AY,70,0.03999999999999915,8.2041,8.2441,-,G,0,1,i,26,8.2041,8.2441,-,grumbled
ABC893DEF_mono,ABC893DEF_mono_0026,AH,73,0.07000000000000028,8.3741,8.4441,R,M,0,1,grumbled,27,8.2441,8.7341,i,something
ABC893DEF_mono,--,AH,76,0.009999999999999787,8.5541,8.5641,B,L,1,0,grumbled,27,8.2441,8.7341,i,something
ABC893DEF_mono,ABC893DEF_mono_0027,AH,80,0.07000000000000028,8.8441,8.9141,S,M,0,1,something,28,8.7341,9.2141,grumbled,half
ABC893DEF_mono,ABC893DEF_mono_0028,IH,83,0.09999999999999964,9.0641,9.1641,TH,NG,0,0,something,28,8.7341,9.2141,grumbled,half
ABC893DEF_mono,ABC893DEF_mono_0029,AE,86,0.09999999999999964,9.2841,9.3841,HH,F,0,1,half,29,9.2141,9.4941,something,conscious
ABC893DEF_mono,ABC893DEF_mono_0030,AA,89,0.120000000000001,9.5641,9.6841,K,N,0,1,conscious,30,9.4941,10.1341,half,-
ABC893DEF_mono,ABC893DEF_mono_0031,AH,92,0.15000000000000036,9.8241,9.9741,SH,S,0,0,conscious,30,9.4941,10.1341,half,-
ABC893DEF_mono,ABC893DEF_mono_0032,AE,97,0.120000000000001,10.485,10.605,R,B,0,1,grabbed,32,10.375,10.755,-,whatever
ABC893DEF_mono,ABC893DEF_mono_0033,AH,101,0.049999999999998934,10.855,10.905,W,T,0,2,whatever,33,10.755,11.175,grabbed,shirt
ABC893DEF_mono,ABC893DEF_mono_0034,EH,103,0.0600000000000005,10.945,11.005,T,V,0,1,whatever,33,10.755,11.175,grabbed,shirt
ABC893DEF_mono,ABC893DEF_mono_0035,ER,105,0.08000000000000007,11.095,11.175,V,SH,0,0,whatever,33,10.755,11.175,grabbed,shirt
ABC893DEF_mono,ABC893DEF_mono_0036,ER,107,0.14000000000000057,11.325,11.465,SH,T,0,1,shirt,34,11.175,11.495,whatever,-
ABC893DEF_mono,ABC893DEF_mono_0037,AH,111,0.05000000000000071,11.6487,11.6987,W,Z,0,0,was,36,11.5487,11.7987,-,clean
ABC893DEF_mono,ABC893DEF_mono_0038,IY,115,0.08999999999999986,12.0087,12.0987,L,N,0,1,clean,37,11.7987,12.1487,was,ish
ABC893DEF_mono,ABC893DEF_mono_0039,IH,117,0.14000000000000057,12.1487,12.2887,N,SH,0,1,ish,38,12.1487,12.5287,clean,-
ABC893DEF_mono,ABC893DEF_mono_0040,AH,120,0.09999999999999964,12.5687,12.6687,-,N,0,0,and,40,12.5687,12.8187,-,headed
ABC893DEF_mono,ABC893DEF_mono_0041,EH,124,0.07000000000000028,12.9687,13.0387,HH,D,0,1,headed,41,12.8187,13.2487,and,out
ABC893DEF_mono,ABC893DEF_mono_0042,IH,126,0.10000000000000142,13.0887,13.1887,D,D,0,0,headed,41,12.8187,13.2487,and,out
ABC893DEF_mono,ABC893DEF_mono_0043,AW,128,0.16000000000000014,13.2487,13.4087,D,T,0,1,out,42,13.2487,13.6987,headed,-
ABC893DEF_mono,--,AH,132,0.02999999999999936,14.31,14.34,DH,S,1,0,the,44,14.28,14.34,-,sky
ABC893DEF_mono,ABC893DEF_mono_0044,AY,135,0.11999999999999922,14.49,14.61,K,L,0,1,sky,45,14.34,14.61,the,looked
ABC893DEF_mono,ABC893DEF_mono_0045,UH,137,0.08999999999999986,14.72,14.81,L,K,0,1,looked,46,14.61,14.98,sky,weird
ABC893DEF_mono,ABC893DEF_mono_0046,IH,141,0.08999999999999986,15.1,15.19,W,R,0,1,weird,47,14.98,15.44,looked,-
ABC893DEF_mono,ABC893DEF_mono_0047,AY,146,0.07000000000000028,15.66,15.73,L,K,0,1,like,49,15.54,15.82,-,that
ABC893DEF_mono,ABC893DEF_mono_0048,AE,149,0.120000000000001,15.87,15.99,DH,T,0,1,that,50,15.82,16.059999,like,shade
ABC893DEF_mono,ABC893DEF_mono_0049,EY,152,0.27999800000000263,16.190001,16.469999,SH,D,0,1,shade,51,16.059999,16.540001,that,of
ABC893DEF_mono,ABC893DEF_mono_0050,AH,154,0.1099989999999984,16.540001,16.65,D,V,0,1,of,52,16.540001,16.7054,shade,-
ABC893DEF_mono,ABC893DEF_mono_0051,UW,159,0.13000100000000003,16.919399,17.0494,L,G,0,1,blue,54,16.7994,17.0494,-,gray
ABC893DEF_mono,ABC893DEF_mono_0052,EY,162,0.1700000000000017,17.229401,17.399401,R,DH,0,1,gray,55,17.0494,17.399401,blue,that
ABC893DEF_mono,ABC893DEF_mono_0053,AE,164,0.07000000000000028,17.4594,17.5294,DH,T,0,1,that,56,17.399401,17.569401,gray,makes
ABC893DEF_mono,ABC893DEF_mono_0054,EY,167,0.0799999999999983,17.6094,17.6894,M,K,0,1,makes,57,17.569401,17.839399,that,you
ABC893DEF_mono,ABC893DEF_mono_0055,UW,171,0.07000000000000028,17.8694,17.9394,Y,-,0,1,you,58,17.839399,17.9394,makes,-
ABC893DEF_mono,ABC893DEF_mono_0056,EH,175,0.050001999999999214,18.125999,18.176001,W,S,0,1,question,60,17.996,18.576,-,if
ABC893DEF_mono,ABC893DEF_mono_0057,AH,178,0.11000100000000046,18.375999,18.486,CH,N,0,0,question,60,17.996,18.576,-,if
ABC893DEF_mono,ABC893DEF_mono_0058,IH,180,0.1000009999999989,18.576,18.676001,N,F,0,1,if,61,18.576,18.785999,question,it's
ABC893DEF_mono,ABC893DEF_mono_0059,IH,182,0.050000999999998186,18.785999,18.836,F,T,0,0,it's,62,18.785999,18.936001,if,about
ABC893DEF_mono,ABC893DEF_mono_0060,AH,185,0.07000000000000028,18.936001,19.006001,S,B,0,0,about,63,18.936001,19.195999,it's,to
ABC893DEF_mono,ABC893DEF_mono_0061,AW,187,0.06999899999999926,19.056,19.125999,B,T,0,1,about,63,18.936001,19.195999,it's,to
ABC893DEF_mono,ABC893DEF_mono_0062,AH,190,0.04999899999999968,19.266001,19.316,T,R,0,0,to,64,19.195999,19.316,about,rain
ABC893DEF_mono,ABC893DEF_mono_0063,EY,192,0.1700000000000017,19.406,19.576,R,N,0,1,rain,65,19.316,19.625999,to,or
ABC893DEF_mono,ABC893DEF_mono_0064,ER,194,0.12000099999999847,19.625999,19.746,N,N,0,0,or,66,19.625999,19.746,rain,not
ABC893DEF_mono,ABC893DEF_mono_0065,AA,196,0.16000000000000014,19.806,19.966,N,T,0,1,not,67,19.746,20.006001,or,-
ABC893DEF_mono,ABC893DEF_mono_0066,AY,199,0.040001000000000175,20.7514,20.791401,-,S,0,1,i,69,20.7514,20.791401,-,stopped
ABC893DEF_mono,ABC893DEF_mono_0067,AA,202,0.09999799999999937,20.951401,21.051399,T,P,0,1,stopped,70,20.791401,21.1614,i,by
ABC893DEF_mono,ABC893DEF_mono_0068,AY,206,0.09999799999999937,21.201401,21.301399,B,DH,0,1,by,71,21.1614,21.301399,stopped,the
ABC893DEF_mono,ABC893DEF_mono_0069,AH,208,0.04999899999999968,21.371401,21.4214,DH,K,0,0,the,72,21.301399,21.4214,by,corner
ABC893DEF_mono,ABC893DEF_mono_0070,AO,210,0.060001999999997224,21.561399,21.621401,K,R,0,1,corner,73,21.4214,21.8214,the,store
ABC893DEF_mono,ABC893DEF_mono_0071,ER,213,0.08999999999999986,21.7314,21.8214,N,S,0,0,corner,73,21.4214,21.8214,the,store
ABC893DEF_mono,ABC893DEF_mono_0072,AO,216,0.09000100000000089,22.0214,22.111401,T,R,0,1,store,74,21.8214,22.2414,corner,-
ABC893DEF_mono,ABC893DEF_mono_0073,UW,220,0.060001999999997224,22.343599,22.403601,T,G,0,1,to,76,22.2736,22.403601,-,grab
ABC893DEF_mono,ABC893DEF_mono_0074,AE,223,0.12999900000000153,22.5536,22.683599,R,B,0,1,grab,77,22.403601,22.763599,to,a
ABC893DEF_mono,ABC893DEF_mono_0075,AH,225,0.09000100000000089,22.763599,22.8536,B,T,0,0,a,78,22.763599,22.8536,grab,toasted
ABC893DEF_mono,ABC893DEF_mono_0076,OW,227,0.0799999999999983,22.983601,23.063601,T,S,0,1,toasted,79,22.8536,23.3636,a,bagel
ABC893DEF_mono,ABC893DEF_mono_0077,IH,230,0.07000000000000028,23.2236,23.2936,T,D,0,0,toasted,79,22.8536,23.3636,a,bagel
ABC893DEF_mono,ABC893DEF_mono_0078,EY,233,0.12999900000000153,23.413601,23.5436,B,G,0,1,bagel,80,23.3636,23.823601,toasted,and
ABC893DEF_mono,ABC893DEF_mono_0079,AH,235,0.08999999999999986,23.6036,23.6936,G,L,0,0,bagel,80,23.3636,23.823601,toasted,and
ABC893DEF_mono,ABC893DEF_mono_0080,AH,237,0.10999800000000093,23.823601,23.933599,L,N,0,0,and,81,23.823601,24.003599,bagel,orange
ABC893DEF_mono,ABC893DEF_mono_0081,AO,240,0.1000009999999989,24.003599,24.1036,D,R,0,1,orange,82,24.003599,24.4536,and,juice
ABC893DEF_mono,ABC893DEF_mono_0082,AH,242,0.0799999999999983,24.1936,24.2736,R,N,0,0,orange,82,24.003599,24.4536,and,juice
ABC893DEF_mono,ABC893DEF_mono_0083,UW,246,0.1700000000000017,24.5236,24.6936,JH,S,0,1,juice,83,24.4536,24.833599,orange,-
ABC893DEF_mono,ABC893DEF_mono_0084,AH,250,0.04999899999999968,24.9398,24.989799,B,T,0,1,but,85,24.9098,25.039801,-,they
ABC893DEF_mono,ABC893DEF_mono_0085,EY,253,0.08000000000000185,25.069799,25.149799,DH,W,0,1,they,86,25.039801,25.149799,but,were
ABC893DEF_mono,ABC893DEF_mono_0086,ER,255,0.12999899999999798,25.1898,25.319799,W,AW1,0,0,were,87,25.149799,25.319799,they,out
ABC893DEF_mono,ABC893DEF_mono_0087,AW,256,0.12000100000000202,25.319799,25.4398,ER0,T,0,1,out,88,25.319799,25.479799,were,of
ABC893DEF_mono,ABC893DEF_mono_0088,AH,258,0.040001000000000175,25.479799,25.5198,T,V,0,0,of,89,25.479799,25.629801,out,both
ABC893DEF_mono,ABC893DEF_mono_0089,OW,261,0.16999999999999815,25.6798,25.8498,B,TH,0,1,both,90,25.629801,26.0098,of,-
ABC893DEF_mono,--,IY,265,0.02999799999999908,26.608601,26.638599,DH,K,1,0,the,92,26.5786,26.638599,-,cashier
ABC893DEF_mono,ABC893DEF_mono_0090,AE,267,0.10999999999999943,26.7286,26.8386,K,SH,0,0,cashier,93,26.638599,27.128599,the,joked
ABC893DEF_mono,ABC893DEF_mono_0091,IH,269,0.06000099999999975,26.958599,27.0186,SH,R,0,1,cashier,93,26.638599,27.128599,the,joked
ABC893DEF_mono,ABC893DEF_mono_0092,OW,272,0.19000000000000128,27.2286,27.4186,JH,K,0,1,joked,94,27.128599,27.6586,cashier,-
ABC893DEF_mono,ABC893DEF_mono_0093,IH,276,0.0799999999999983,27.7432,27.8232,-,T,0,1,it's,96,27.7432,27.9632,-,monday
ABC893DEF_mono,ABC893DEF_mono_0094,AH,280,0.08000000000000185,28.033199,28.113199,M,N,0,1,monday,97,27.9632,28.4132,it's,energy
ABC893DEF_mono,ABC893DEF_mono_0095,EY,283,0.17999999999999972,28.2332,28.4132,D,EH1,0,2,monday,97,27.9632,28.4132,it's,energy
ABC893DEF_mono,ABC893DEF_mono_0096,EH,284,0.07000000000000028,28.4132,28.4832,EY2,N,0,1,energy,98,28.4132,29.0632,monday,-
ABC893DEF_mono,ABC893DEF_mono_0097,ER,286,0.13000100000000003,28.5432,28.673201,N,JH,0,0,energy,98,28.4132,29.0632,monday,-
ABC893DEF_mono,ABC893DEF_mono_0098,IY,288,0.2800009999999986,28.783199,29.0632,JH,-,0,0,energy,98,28.4132,29.0632,monday,-
ABC893DEF_mono,ABC893DEF_mono_0099,AH,290,0.030000000000001137,29.1782,29.2082,-,N,0,0,and,100,29.1782,29.318199,-,i
ABC893DEF_mono,ABC893DEF_mono_0100,AY,293,0.1400010000000016,29.318199,29.4582,D,HH,0,1,i,101,29.318199,29.4582,and,half
ABC893DEF_mono,ABC893DEF_mono_0101,AE,295,0.1499990000000011,29.548201,29.6982,HH,F,0,1,half,102,29.4582,29.808201,i,laughed
ABC893DEF_mono,ABC893DEF_mono_0102,AE,298,0.13999899999999954,29.888201,30.0282,L,F,0,1,laughed,103,29.808201,30.2082,half,-
ABC893DEF_mono,ABC893DEF_mono_0103,IH,303,0.06999900000000281,30.298201,30.3682,B,K,0,0,because,105,30.2682,30.7582,-,-
ABC893DEF_mono,ABC893DEF_mono_0104,AH,305,0.12999899999999798,30.468201,30.5982,K,Z,0,1,because,105,30.2682,30.7582,-,-
ABC893DEF_mono,ABC893DEF_mono_0105,AE,309,0.23999999999999844,31.0543,31.2943,Y,-,0,1,yeah,107,30.9743,31.2943,-,-
ABC893DEF_mono,ABC893DEF_mono_0106,UW,313,0.20000100000000032,31.714399,31.9144,R,-,0,1,true,109,31.5644,31.9144,-,-
ABC893DEF_mono,ABC893DEF_mono_0107,AY,315,0.0399980000000042,32.595901,32.635899,-,T,0,1,i,111,32.595901,32.635899,-,took
ABC893DEF_mono,ABC893DEF_mono_0108,UH,317,0.08000200000000035,32.725899,32.805901,T,K,0,1,took,112,32.635899,32.895901,i,a
ABC893DEF_mono,ABC893DEF_mono_0109,AH,319,0.04999899999999968,32.895901,32.9459,K,S,0,0,a,113,32.895901,32.9459,took,seat
ABC893DEF_mono,ABC893DEF_mono_0110,IY,321,0.11999899999999997,33.095901,33.2159,S,T,0,1,seat,114,32.9459,33.245899,a,-
ABC893DEF_mono,ABC893DEF_mono_0111,IH,325,0.08000099999999577,33.385899,33.4659,N,R,0,1,near,116,33.275902,33.705898,-,the
ABC893DEF_mono,ABC893DEF_mono_0112,AH,328,0.09000000000000341,33.7859,33.8759,DH,W,0,0,the,117,33.705898,33.8759,near,window
ABC893DEF_mono,ABC893DEF_mono_0113,IH,330,0.06000099999999975,33.9459,34.005901,W,N,0,1,window,118,33.8759,34.405899,the,-
ABC893DEF_mono,ABC893DEF_mono_0114,OW,333,0.25,34.155899,34.405899,D,-,0,0,window,118,33.8759,34.405899,the,-
ABC893DEF_mono,ABC893DEF_mono_0115,OW,338,0.08000200000000035,34.781898,34.8619,R,L,0,1,scrolled,120,34.4319,35.0019,-,my
ABC893DEF_mono,ABC893DEF_mono_0116,AY,342,0.12999700000000303,35.061901,35.191898,M,F,0,1,my,121,35.0019,35.191898,scrolled,phone
ABC893DEF_mono,ABC893DEF_mono_0117,OW,344,0.22999999999999687,35.321899,35.551899,F,N,0,1,phone,122,35.191898,35.641899,my,and
ABC893DEF_mono,ABC893DEF_mono_0118,AE,346,0.12000299999999697,35.641899,35.761902,N,N,0,1,and,123,35.641899,35.8419,phone,overheard
ABC893DEF_mono,ABC893DEF_mono_0119,OW,349,0.1599999999999966,35.8419,36.0019,D,V,0,1,overheard,124,35.8419,36.7019,and,someone
ABC893DEF_mono,ABC893DEF_mono_0120,ER,351,0.12999700000000303,36.081902,36.211899,V,HH,0,0,overheard,124,35.8419,36.7019,and,someone
ABC893DEF_mono,ABC893DEF_mono_0121,ER,353,0.25,36.301899,36.551899,HH,D,0,1,overheard,124,35.8419,36.7019,and,someone
ABC893DEF_mono,ABC893DEF_mono_0122,AH,356,0.07000000000000028,36.821899,36.891899,S,M,0,1,someone,125,36.7019,37.131901,overheard,say
ABC893DEF_mono,ABC893DEF_mono_0123,AH,359,0.04000100000000373,37.0019,37.041901,W,N,0,2,someone,125,36.7019,37.131901,overheard,say
ABC893DEF_mono,ABC893DEF_mono_0124,EY,362,0.2300029999999964,37.261898,37.491901,S,-,0,1,say,126,37.131901,37.491901,someone,-
ABC893DEF_mono,ABC893DEF_mono_0125,AH,365,0.04000099999999662,37.594101,37.634102,DH,JH,0,0,the,128,37.564098,37.634102,-,giraffe
ABC893DEF_mono,ABC893DEF_mono_0126,ER,367,0.10000200000000348,37.724098,37.8241,JH,AE1,0,0,giraffe,129,37.634102,38.094101,the,exhibit
ABC893DEF_mono,ABC893DEF_mono_0127,AE,368,0.14000000000000057,37.8241,37.9641,ER0,F,0,1,giraffe,129,37.634102,38.094101,the,exhibit
ABC893DEF_mono,ABC893DEF_mono_0128,IH,370,0.05999800000000022,38.094101,38.154099,F,G,0,0,exhibit,130,38.094101,38.6241,giraffe,-
ABC893DEF_mono,ABC893DEF_mono_0129,IH,373,0.0899999999999963,38.334099,38.424099,Z,B,0,1,exhibit,130,38.094101,38.6241,giraffe,-
ABC893DEF_mono,ABC893DEF_mono_0130,IH,375,0.09999900000000395,38.4841,38.584099,B,T,0,0,exhibit,130,38.094101,38.6241,giraffe,-
ABC893DEF_mono,ABC893DEF_mono_0131,OW,378,0.1200019999999995,38.654099,38.774101,-,P,0,1,opens,132,38.654099,39.0541,-,at
ABC893DEF_mono,ABC893DEF_mono_0132,AH,380,0.05000000000000426,38.854099,38.904099,P,N,0,0,opens,132,38.654099,39.0541,-,at
ABC893DEF_mono,ABC893DEF_mono_0133,AE,383,0.09999900000000395,39.0541,39.154099,Z,T,0,1,at,133,39.0541,39.204102,opens,noon
ABC893DEF_mono,ABC893DEF_mono_0134,UW,386,0.2299989999999994,39.2841,39.514099,N,N,0,1,noon,134,39.204102,39.634098,at,-
ABC893DEF_mono,ABC893DEF_mono_0135,IH,390,0.039996999999999616,39.994202,40.034199,W,CH,0,1,which,136,39.954201,40.0742,-,felt
ABC893DEF_mono,ABC893DEF_mono_0136,EH,393,0.04000100000000373,40.194199,40.2342,F,L,0,1,felt,137,40.0742,40.4142,which,-
ABC893DEF_mono,ABC893DEF_mono_0137,AA,397,0.17000200000000376,40.444199,40.614201,-,D,0,1,oddly,139,40.444199,40.884201,-,profound
ABC893DEF_mono,ABC893DEF_mono_0138,IY,400,0.06000099999999975,40.8242,40.884201,L,P,0,0,oddly,139,40.444199,40.884201,-,profound
ABC893DEF_mono,ABC893DEF_mono_0139,OW,403,0.04000099999999662,41.044201,41.084202,R,F,0,0,profound,140,40.884201,41.534199,oddly,-
ABC893DEF_mono,ABC893DEF_mono_0140,AW,405,0.19000300000000436,41.174198,41.364201,F,N,0,1,profound,140,40.884201,41.534199,oddly,-
ABC893DEF_mono,--,AE,409,0.02999799999999908,41.614201,41.644199,-,T,1,1,at,142,41.614201,41.704201,-,the
ABC893DEF_mono,ABC893DEF_mono_0141,AH,412,0.0699989999999957,41.7342,41.804199,DH,T,0,0,the,143,41.704201,41.804199,at,time
ABC893DEF_mono,ABC893DEF_mono_0142,AY,414,0.2299989999999994,41.904202,42.134201,T,M,0,1,time,144,41.804199,42.1642,the,-
ABC893DEF_mono,ABC893DEF_mono_0143,AE,417,0.06000099999999975,42.922699,42.9827,-,F,0,1,after,146,42.922699,43.162701,-,a
ABC893DEF_mono,ABC893DEF_mono_0144,ER,420,0.08000200000000035,43.082699,43.162701,T,AH0,0,0,after,146,42.922699,43.162701,-,a
ABC893DEF_mono,ABC893DEF_mono_0145,AH,421,0.04999899999999968,43.162701,43.2127,ER0,F,0,0,a,147,43.162701,43.2127,after,few
ABC893DEF_mono,ABC893DEF_mono_0146,UW,424,0.0899959999999993,43.382702,43.472698,Y,B,0,1,few,148,43.2127,43.472698,a,bites
ABC893DEF_mono,ABC893DEF_mono_0147,AY,426,0.15999899999999911,43.5327,43.692699,B,T,0,1,bites,149,43.472698,43.832699,few,of
ABC893DEF_mono,ABC893DEF_mono_0148,AH,429,0.050003000000003794,43.832699,43.882702,S,V,0,0,of,150,43.832699,43.932701,bites,something
ABC893DEF_mono,ABC893DEF_mono_0149,AH,432,0.04999899999999968,44.012699,44.062698,S,M,0,1,something,151,43.932701,44.352699,of,-
ABC893DEF_mono,ABC893DEF_mono_0150,IH,435,0.11999899999999997,44.182701,44.3027,TH,NG,0,0,something,151,43.932701,44.352699,of,-
ABC893DEF_mono,ABC893DEF_mono_0151,EY,439,0.12000299999999697,44.422699,44.542702,V,G,0,1,vaguely,153,44.382702,44.842701,-,egg
ABC893DEF_mono,ABC893DEF_mono_0152,IY,442,0.12000299999999697,44.722698,44.842701,L,EH1,0,0,vaguely,153,44.382702,44.842701,-,egg
ABC893DEF_mono,ABC893DEF_mono_0153,EH,443,0.11999899999999997,44.842701,44.9627,IY0,G,0,1,egg,154,44.842701,45.112701,vaguely,shaped
ABC893DEF_mono,ABC893DEF_mono_0154,EY,446,0.1800009999999972,45.222698,45.402699,SH,P,0,1,shaped,155,45.112701,45.582699,egg,-
ABC893DEF_mono,ABC893DEF_mono_0155,AY,450,0.13000100000000003,45.715199,45.8452,-,W,0,1,i,157,45.715199,45.8452,-,wandered
ABC893DEF_mono,ABC893DEF_mono_0156,AA,452,0.06000099999999975,45.985199,46.0452,W,N,0,1,wandered,158,45.8452,46.375198,i,to
ABC893DEF_mono,ABC893DEF_mono_0157,ER,455,0.1100009999999969,46.165199,46.2752,D,D,0,0,wandered,158,45.8452,46.375198,i,to
ABC893DEF_mono,ABC893DEF_mono_0158,AH,458,0.04999899999999968,46.4352,46.485199,T,DH,0,0,to,159,46.375198,46.485199,wandered,the
ABC893DEF_mono,ABC893DEF_mono_0159,AH,460,0.05000299999999669,46.535198,46.585201,DH,P,0,1,the,160,46.485199,46.585201,to,park
ABC893DEF_mono,ABC893DEF_mono_0160,AA,462,0.04000100000000373,46.7052,46.745201,P,R,0,1,park,161,46.585201,47.035198,the,-
ABC893DEF_mono,ABC893DEF_mono_0161,AH,466,0.06000099999999975,47.5481,47.608101,-,K,0,0,a,163,47.5481,47.608101,-,kid
ABC893DEF_mono,ABC893DEF_mono_0162,IH,468,0.0699989999999957,47.718102,47.788101,K,D,0,1,kid,164,47.608101,47.868099,a,zoomed
ABC893DEF_mono,ABC893DEF_mono_0163,UW,471,0.1100009999999969,47.948101,48.058102,Z,M,0,1,zoomed,165,47.868099,48.188099,kid,by
ABC893DEF_mono,ABC893DEF_mono_0164,AY,475,0.3200039999999973,48.238098,48.558102,B,AA1,0,1,by,166,48.188099,48.558102,zoomed,on
ABC893DEF_mono,ABC893DEF_mono_0165,AA,476,0.17999999999999972,48.558102,48.738102,AY1,N,0,1,on,167,48.558102,48.8181,by,a
ABC893DEF_mono,ABC893DEF_mono_0166,AH,478,0.139998999999996,48.8181,48.958099,N,S,0,0,a,168,48.8181,48.958099,on,scooter
ABC893DEF_mono,ABC893DEF_mono_0167,UW,481,0.11999899999999997,49.208099,49.328098,K,T,0,1,scooter,169,48.958099,49.608101,a,-
ABC893DEF_mono,ABC893DEF_mono_0168,ER,483,0.22000099999999634,49.3881,49.608101,T,-,0,0,scooter,169,48.958099,49.608101,a,-
ABC893DEF_mono,ABC893DEF_mono_0169,EH,486,0.04999899999999968,49.718102,49.768101,Y,L,0,1,yelling,171,49.6381,49.9781,-,-
ABC893DEF_mono,ABC893DEF_mono_0170,IH,488,0.07000000000000028,49.868099,49.938099,L,NG,0,0,yelling,171,49.6381,49.9781,-,-
ABC893DEF_mono,ABC893DEF_mono_0171,UW,492,0.23000400000000099,50.175598,50.405602,Z,M,0,1,zoom,173,50.035599,50.5056,-,zoom
ABC893DEF_mono,ABC893DEF_mono_0172,UW,495,0.25,50.5956,50.8456,Z,M,0,1,zoom,174,50.5056,50.936298,zoom,like
ABC893DEF_mono,ABC893DEF_mono_0173,AY,498,0.07000000000000028,50.976299,51.046299,L,K,0,1,like,175,50.936298,51.146301,zoom,it
ABC893DEF_mono,--,IH,500,0.029998999999996556,51.146301,51.1763,K,T,1,1,it,176,51.146301,51.236301,like,was
ABC893DEF_mono,ABC893DEF_mono_0174,AH,503,0.030003000000000668,51.296299,51.326302,W,Z,0,0,was,177,51.236301,51.4263,it,a
ABC893DEF_mono,ABC893DEF_mono_0175,AH,505,0.04999899999999968,51.4263,51.476299,Z,S,0,0,a,178,51.4263,51.476299,was,sound
ABC893DEF_mono,ABC893DEF_mono_0176,AW,507,0.1100009999999969,51.5863,51.696301,S,N,0,1,sound,179,51.476299,51.806301,a,effect
ABC893DEF_mono,ABC893DEF_mono_0177,AH,510,0.039996999999999616,51.806301,51.846298,D,F,0,0,effect,180,51.806301,52.1063,sound,-
ABC893DEF_mono,ABC893DEF_mono_0178,EH,512,0.09000100000000089,51.936298,52.026299,F,K,0,1,effect,180,51.806301,52.1063,sound,-
ABC893DEF_mono,ABC893DEF_mono_0179,AE,517,0.05000299999999669,52.186298,52.236301,DH,T,0,1,that,182,52.146301,52.306301,-,summoned
ABC893DEF_mono,ABC893DEF_mono_0180,AH,520,0.07999799999999624,52.396301,52.476299,S,M,0,1,summoned,183,52.306301,52.686298,that,speed
ABC893DEF_mono,ABC893DEF_mono_0181,AH,522,0.04000099999999662,52.536301,52.576302,M,N,0,0,summoned,183,52.306301,52.686298,that,speed
ABC893DEF_mono,ABC893DEF_mono_0182,IY,527,0.1600000000000037,52.866299,53.026299,P,D,0,1,speed,184,52.686298,53.136299,summoned,-
ABC893DEF_mono,--,AY,530,0.02999799999999908,53.769402,53.7994,-,S,1,1,i,186,53.769402,53.7994,-,sat
ABC893DEF_mono,ABC893DEF_mono_0183,AE,532,0.139998999999996,53.899399,54.039398,S,T,0,1,sat,187,53.7994,54.129398,i,under
ABC893DEF_mono,ABC893DEF_mono_0184,AH,534,0.07000399999999729,54.129398,54.199402,T,N,0,1,under,188,54.129398,54.429401,sat,a
ABC893DEF_mono,ABC893DEF_mono_0185,ER,537,0.10000199999999637,54.329399,54.429401,D,AH0,0,0,under,188,54.129398,54.429401,sat,a
ABC893DEF_mono,ABC893DEF_mono_0186,AH,538,0.07999800000000334,54.429401,54.509399,ER0,T,0,0,a,189,54.429401,54.509399,under,tree
ABC893DEF_mono,ABC893DEF_mono_0187,IY,541,0.26000299999999754,54.759399,55.019402,R,-,0,1,tree,190,54.509399,55.019402,a,-
ABC893DEF_mono,ABC893DEF_mono_0188,IH,544,0.05000000000000426,55.1688,55.2188,L,S,0,1,listened,192,55.098801,55.528801,-,to
ABC893DEF_mono,ABC893DEF_mono_0189,AH,546,0.060001999999997224,55.3288,55.388802,S,N,0,0,listened,192,55.098801,55.528801,-,to
ABC893DEF_mono,ABC893DEF_mono_0190,AH,550,0.05000299999999669,55.588799,55.638802,T,DH,0,0,to,193,55.528801,55.638802,listened,the
ABC893DEF_mono,ABC893DEF_mono_0191,AH,552,0.04000100000000373,55.688801,55.728802,DH,B,0,1,the,194,55.638802,55.728802,to,breeze
ABC893DEF_mono,ABC893DEF_mono_0192,IY,555,0.18999800000000278,55.888802,56.0788,R,Z,0,1,breeze,195,55.728802,56.188801,the,-
ABC893DEF_mono,--,AH,558,0.02999900000000366,56.290901,56.3209,-,N,1,0,and,197,56.290901,56.420898,-,watched
ABC893DEF_mono,ABC893DEF_mono_0193,AA,562,0.0899999999999963,56.490898,56.580898,W,CH,0,1,watched,198,56.420898,56.770901,and,a
ABC893DEF_mono,ABC893DEF_mono_0194,AH,565,0.05999699999999564,56.770901,56.830898,T,Y,0,0,a,199,56.770901,56.830898,watched,yellow
ABC893DEF_mono,ABC893DEF_mono_0195,EH,567,0.07000000000000028,56.940899,57.010899,Y,L,0,1,yellow,200,56.830898,57.190899,a,balloon
ABC893DEF_mono,ABC893DEF_mono_0196,OW,569,0.09000000000000341,57.100899,57.190899,L,B,0,0,yellow,200,56.830898,57.190899,a,balloon
ABC893DEF_mono,--,AH,571,0.010002000000000066,57.280899,57.290901,B,L,1,0,balloon,201,57.190899,57.610901,yellow,get
ABC893DEF_mono,ABC893DEF_mono_0197,UW,573,0.12999699999999592,57.400902,57.530899,L,N,0,1,balloon,201,57.190899,57.610901,yellow,get
ABC893DEF_mono,ABC893DEF_mono_0198,EH,576,0.07999799999999624,57.700901,57.780899,G,T,0,1,get,202,57.610901,57.850899,balloon,tangled
ABC893DEF_mono,ABC893DEF_mono_0199,AE,579,0.07000000000000028,57.940899,58.010899,T,NG,0,1,tangled,203,57.850899,58.4109,get,-
ABC893DEF_mono,ABC893DEF_mono_0200,AH,582,0.06000099999999975,58.1409,58.200901,G,L,0,0,tangled,203,57.850899,58.4109,get,-
ABC893DEF_mono,ABC893DEF_mono_0201,IH,586,0.05000299999999669,58.510899,58.560902,-,N,0,0,in,205,58.510899,58.610901,-,a
ABC893DEF_mono,ABC893DEF_mono_0202,AH,588,0.05999700000000274,58.610901,58.670898,N,P,0,0,a,206,58.610901,58.670898,in,power
ABC893DEF_mono,ABC893DEF_mono_0203,AW,590,0.11999899999999997,58.770901,58.8909,P,ER0,0,1,power,207,58.670898,58.990902,a,line
ABC893DEF_mono,ABC893DEF_mono_0204,ER,591,0.10000199999999637,58.8909,58.990902,AW1,L,0,0,power,207,58.670898,58.990902,a,line
ABC893DEF_mono,ABC893DEF_mono_0205,AY,593,0.19000300000000436,59.080898,59.270901,L,N,0,1,line,208,58.990902,59.310902,power,-
ABC893DEF_mono,ABC893DEF_mono_0206,IH,597,0.04999999999999716,59.9645,60.0145,W,R,0,1,weird,210,59.9245,60.1245,-,morning
ABC893DEF_mono,ABC893DEF_mono_0207,AO,601,0.07000399999999729,60.204498,60.274502,M,R,0,1,morning,211,60.1245,60.584499,weird,-
ABC893DEF_mono,ABC893DEF_mono_0208,IH,604,0.1400030000000001,60.384499,60.524502,N,NG,0,0,morning,211,60.1245,60.584499,weird,-
ABC893DEF_mono,ABC893DEF_mono_0209,AH,608,0.030003000000000668,60.805599,60.835602,B,T,0,1,but,213,60.795601,60.875599,-,honestly
ABC893DEF_mono,ABC893DEF_mono_0210,AA,610,0.1100009999999969,60.875599,60.9856,T,N,0,1,honestly,214,60.875599,61.395599,but,-
ABC893DEF_mono,ABC893DEF_mono_0211,AH,612,0.050003000000003794,61.015598,61.065601,N,S,0,0,honestly,214,60.875599,61.395599,but,-
ABC893DEF_mono,ABC893DEF_mono_0212,IY,615,0.139998999999996,61.2556,61.395599,L,-,0,0,honestly,214,60.875599,61.395599,but,-
ABC893DEF_mono,ABC893DEF_mono_0213,AA,618,0.09999900000000395,61.6012,61.701199,N,T,0,1,not,216,61.561199,61.741199,-,the
ABC893DEF_mono,ABC893DEF_mono_0214,AH,621,0.06000200000000433,61.771198,61.8312,DH,W,0,0,the,217,61.741199,61.8312,not,worst
ABC893DEF_mono,ABC893DEF_mono_0215,ER,623,0.11999899999999997,61.891201,62.0112,W,S,0,1,worst,218,61.8312,62.231201,the,-
AIRFORCE1_mono,AIRFORCE1_mono_0001,OW,3,0.030000000000000027,1.5336,1.5636,S,DH,0,1,so,2,1.4436,1.5636,-,this
AIRFORCE1_mono,AIRFORCE1_mono_0002,IH,5,0.06000000000000005,1.6036,1.6636,DH,S,0,1,this,3,1.5636,1.7436,so,morning
AIRFORCE1_mono,AIRFORCE1_mono_0003,AO,8,0.05999999999999983,1.8236,1.8836,M,R,0,1,morning,4,1.7436,2.2136,this,-
AIRFORCE1_mono,AIRFORCE1_mono_0004,IH,11,0.10000000000000009,1.9836,2.0836,N,NG,0,0,morning,4,1.7436,2.2136,this,-
AIRFORCE1_mono,AIRFORCE1_mono_0005,AY,14,0.040000000000000036,2.3806,2.4206,-,W,0,1,i,6,2.3806,2.4206,-,woke
AIRFORCE1_mono,AIRFORCE1_mono_0006,OW,16,0.050000000000000266,2.5206,2.5706,W,K,0,1,woke,7,2.4206,2.6706,i,up
AIRFORCE1_mono,AIRFORCE1_mono_0007,AH,18,0.050000000000000266,2.6706,2.7206,K,P,0,1,up,8,2.6706,2.8006,woke,late
AIRFORCE1_mono,AIRFORCE1_mono_0008,EY,21,0.10000000000000009,2.9006,3.0006,L,T,0,1,late,9,2.8006,3.0406,up,and
AIRFORCE1_mono,AIRFORCE1_mono_0009,AH,23,0.03000000000000025,3.0406,3.0706,T,N,0,0,and,10,3.0406,3.1306,late,immediately
AIRFORCE1_mono,AIRFORCE1_mono_0010,IH,26,0.03000000000000025,3.1306,3.1606,D,M,0,0,immediately,11,3.1306,3.5406,and,stubbed
AIRFORCE1_mono,AIRFORCE1_mono_0011,IY,28,0.040000000000000036,3.2606,3.3006,M,D,0,1,immediately,11,3.1306,3.5406,and,stubbed
AIRFORCE1_mono,AIRFORCE1_mono_0012,IY,30,0.040000000000000036,3.3506,3.3906,D,AH0,0,0,immediately,11,3.1306,3.5406,and,stubbed
AIRFORCE1_mono,AIRFORCE1_mono_0013,AH,31,0.040000000000000036,3.3906,3.4306,IY0,T,0,0,immediately,11,3.1306,3.5406,and,stubbed
AIRFORCE1_mono,AIRFORCE1_mono_0014,IY,34,0.040000000000000036,3.5006,3.5406,L,S,0,0,immediately,11,3.1306,3.5406,and,stubbed
AIRFORCE1_mono,AIRFORCE1_mono_0015,AH,37,0.050000000000000266,3.7106,3.7606,T,B,0,1,stubbed,12,3.5406,3.8206,immediately,my
AIRFORCE1_mono,AIRFORCE1_mono_0016,AY,41,0.06999999999999984,3.8706,3.9406,M,T,0,1,my,13,3.8206,3.9406,stubbed,toe
AIRFORCE1_mono,AIRFORCE1_mono_0017,OW,43,0.1200000000000001,4.0906,4.2106,T,AA1,0,1,toe,14,3.9406,4.2106,my,on
AIRFORCE1_mono,AIRFORCE1_mono_0018,AA,44,0.040000000000000036,4.2106,4.2506,OW1,N,0,1,on,15,4.2106,4.3206,toe,the
AIRFORCE1_mono,AIRFORCE1_mono_0019,AH,47,0.03000000000000025,4.3506,4.3806,DH,D,0,0,the,16,4.3206,4.3806,on,dresser
AIRFORCE1_mono,AIRFORCE1_mono_0020,EH,50,0.04999999999999982,4.5006,4.5506,R,S,0,1,dresser,17,4.3806,4.7406,the,-
AIRFORCE1_mono,AIRFORCE1_mono_0021,ER,52,0.0699999999999994,4.6706,4.7406,S,-,0,0,dresser,17,4.3806,4.7406,the,-
AIRFORCE1_mono,AIRFORCE1_mono_0022,EY,56,0.0600000000000005,5.3241,5.3841,R,T,0,1,great,19,5.2441,5.4341,-,start
AIRFORCE1_mono,AIRFORCE1_mono_0023,AA,60,0.0600000000000005,5.5641,5.6241,T,R,0,1,start,20,5.4341,5.8541,great,-
AIRFORCE1_mono,AIRFORCE1_mono_0024,AY,65,0.16000000000000014,5.9741,6.1341,R,T,0,1,right,22,5.8841,6.1637,-,-
AIRFORCE1_mono,AIRFORCE1_mono_0025,AY,68,0.04999999999999982,6.9214,6.9714,-,G,0,1,i,24,6.9214,6.9714,-,grumbled
AIRFORCE1_mono,AIRFORCE1_mono_0026,AH,71,0.04999999999999982,7.0914,7.1414,R,M,0,1,grumbled,25,6.9714,7.3414,i,something
AIRFORCE1_mono,--,AH,74,0.009999999999999787,7.2314,7.2414,B,L,1,0,grumbled,25,6.9714,7.3414,i,something
AIRFORCE1_mono,AIRFORCE1_mono_0027,AH,78,0.0600000000000005,7.4014,7.4614,S,M,0,1,something,26,7.3414,7.7114,grumbled,half
AIRFORCE1_mono,AIRFORCE1_mono_0028,IH,81,0.09000000000000075,7.5714,7.6614,TH,NG,0,0,something,26,7.3414,7.7114,grumbled,half
AIRFORCE1_mono,AIRFORCE1_mono_0029,AE,84,0.09999999999999964,7.8014,7.9014,HH,F,0,1,half,27,7.7114,7.9814,something,conscious
AIRFORCE1_mono,AIRFORCE1_mono_0030,AA,87,0.09999999999999964,8.0814,8.1814,K,N,0,1,conscious,28,7.9814,8.6614,half,-
AIRFORCE1_mono,AIRFORCE1_mono_0031,AH,90,0.129999999999999,8.3214,8.4514,SH,S,0,0,conscious,28,7.9814,8.6614,half,-
AIRFORCE1_mono,AIRFORCE1_mono_0032,AE,95,0.09999999999999964,8.8758,8.9758,R,B,0,1,grabbed,30,8.7958,9.0658,-,whatever
AIRFORCE1_mono,--,AH,99,0.02999999999999936,9.1158,9.1458,W,T,1,2,whatever,31,9.0658,9.3358,grabbed,shirt
AIRFORCE1_mono,AIRFORCE1_mono_0033,EH,101,0.03999999999999915,9.1758,9.2158,T,V,0,1,whatever,31,9.0658,9.3358,grabbed,shirt
AIRFORCE1_mono,AIRFORCE1_mono_0034,ER,103,0.07000000000000028,9.2658,9.3358,V,SH,0,0,whatever,31,9.0658,9.3358,grabbed,shirt
AIRFORCE1_mono,AIRFORCE1_mono_0035,ER,105,0.07000000000000028,9.4858,9.5558,SH,T,0,1,shirt,32,9.3358,9.6058,whatever,was
AIRFORCE1_mono,AIRFORCE1_mono_0036,AH,108,0.030000000000001137,9.6358,9.6658,W,Z,0,0,was,33,9.6058,9.7258,shirt,clean
AIRFORCE1_mono,AIRFORCE1_mono_0037,IY,112,0.05000000000000071,9.9058,9.9558,L,N,0,1,clean,34,9.7258,10.0058,was,ish
AIRFORCE1_mono,AIRFORCE1_mono_0038,IH,114,0.09999999999999964,10.0058,10.1058,N,SH,0,1,ish,35,10.0058,10.1358,clean,-
AIRFORCE1_mono,--,AH,117,0.02999999999999936,10.3922,10.4222,-,N,1,0,and,37,10.3922,10.4922,-,headed
AIRFORCE1_mono,AIRFORCE1_mono_0039,EH,121,0.03999999999999915,10.5622,10.6022,HH,D,0,1,headed,38,10.4922,10.7322,and,out
AIRFORCE1_mono,AIRFORCE1_mono_0040,IH,123,0.040000000000000924,10.6322,10.6722,D,D,0,0,headed,38,10.4922,10.7322,and,out
AIRFORCE1_mono,AIRFORCE1_mono_0041,AW,125,0.16000000000000014,10.7322,10.8922,D,T,0,1,out,39,10.7322,10.9222,headed,-
AIRFORCE1_mono,--,AH,129,0.02999999999999936,11.9214,11.9514,DH,S,1,0,the,41,11.8914,11.9514,-,sky
AIRFORCE1_mono,AIRFORCE1_mono_0042,AY,132,0.10999999999999943,12.1014,12.2114,K,L,0,1,sky,42,11.9514,12.2114,the,looked
AIRFORCE1_mono,AIRFORCE1_mono_0043,UH,134,0.05000000000000071,12.2814,12.3314,L,K,0,1,looked,43,12.2114,12.4314,sky,weird
AIRFORCE1_mono,AIRFORCE1_mono_0044,IH,138,0.11000000000000121,12.5314,12.6414,W,R,0,1,weird,44,12.4314,12.8314,looked,-
AIRFORCE1_mono,AIRFORCE1_mono_0045,AY,143,0.03999999999999915,12.9885,13.0285,L,K,0,1,like,46,12.9585,13.0985,-,that
AIRFORCE1_mono,AIRFORCE1_mono_0046,AE,146,0.06999999999999851,13.1285,13.1985,DH,T,0,1,that,47,13.0985,13.2385,like,shade
AIRFORCE1_mono,AIRFORCE1_mono_0047,EY,149,0.07000000000000028,13.3385,13.4085,SH,D,0,1,shade,48,13.2385,13.4485,that,of
AIRFORCE1_mono,AIRFORCE1_mono_0048,AH,151,0.08000000000000007,13.4485,13.5285,D,V,0,0,of,49,13.4485,13.6185,shade,blue
AIRFORCE1_mono,AIRFORCE1_mono_0049,UW,155,0.09000000000000163,13.6985,13.7885,L,G,0,1,blue,50,13.6185,13.7885,of,gray
AIRFORCE1_mono,AIRFORCE1_mono_0050,EY,158,0.15000000000000036,13.9285,14.0785,R,-,0,1,gray,51,13.7885,14.0785,blue,-
AIRFORCE1_mono,AIRFORCE1_mono_0051,AE,161,0.03999999999999915,14.1538,14.1938,DH,T,0,1,that,53,14.1038,14.2238,-,makes
AIRFORCE1_mono,AIRFORCE1_mono_0052,EY,164,0.08000000000000007,14.2738,14.3538,M,K,0,1,makes,54,14.2238,14.5638,that,you
AIRFORCE1_mono,AIRFORCE1_mono_0053,UW,168,0.040000000000000924,14.6238,14.6638,Y,K,0,1,you,55,14.5638,14.6638,makes,question
AIRFORCE1_mono,AIRFORCE1_mono_0054,EH,171,0.07000000000000028,14.8438,14.9138,W,S,0,1,question,56,14.6638,15.1538,you,if
AIRFORCE1_mono,--,AH,174,0.02999999999999936,15.0638,15.0938,CH,N,1,0,question,56,14.6638,15.1538,you,if
AIRFORCE1_mono,AIRFORCE1_mono_0055,IH,176,0.049999999999998934,15.1538,15.2038,N,F,0,1,if,57,15.1538,15.2738,question,it's
AIRFORCE1_mono,AIRFORCE1_mono_0056,IH,178,0.040000000000000924,15.2738,15.3138,F,T,0,0,it's,58,15.2738,15.4038,if,about
AIRFORCE1_mono,--,AH,181,0.02999999999999936,15.4038,15.4338,S,B,1,0,about,59,15.4038,15.6038,it's,to
AIRFORCE1_mono,AIRFORCE1_mono_0057,AW,183,0.08999999999999986,15.4738,15.5638,B,T,0,1,about,59,15.4038,15.6038,it's,to
AIRFORCE1_mono,AIRFORCE1_mono_0058,AH,186,0.049999999999998934,15.6438,15.6938,T,R,0,0,to,60,15.6038,15.6938,about,rain
AIRFORCE1_mono,AIRFORCE1_mono_0059,EY,188,0.08000000000000007,15.7838,15.8638,R,N,0,1,rain,61,15.6938,15.9138,to,or
AIRFORCE1_mono,AIRFORCE1_mono_0060,ER,190,0.07000000000000028,15.9138,15.9838,N,N,0,0,or,62,15.9138,15.9838,rain,not
AIRFORCE1_mono,AIRFORCE1_mono_0061,AA,192,0.11999899999999997,16.0338,16.153799,N,T,0,1,not,63,15.9838,16.2034,or,-
AIRFORCE1_mono,AIRFORCE1_mono_0062,AY,195,0.06000200000000078,16.933599,16.993601,-,S,0,1,i,65,16.933599,16.993601,-,stopped
AIRFORCE1_mono,AIRFORCE1_mono_0063,AA,198,0.060000000000002274,17.1436,17.2036,T,P,0,1,stopped,66,16.993601,17.263599,i,by
AIRFORCE1_mono,AIRFORCE1_mono_0064,AY,202,0.04999899999999968,17.2936,17.343599,B,DH,0,1,by,67,17.263599,17.343599,stopped,the
AIRFORCE1_mono,AIRFORCE1_mono_0065,AH,204,0.03999899999999812,17.3836,17.423599,DH,K,0,0,the,68,17.343599,17.423599,by,corner
AIRFORCE1_mono,AIRFORCE1_mono_0066,AO,206,0.03999900000000167,17.573601,17.6136,K,R,0,1,corner,69,17.423599,17.763599,the,store
AIRFORCE1_mono,AIRFORCE1_mono_0067,ER,209,0.04999899999999968,17.7136,17.763599,N,S,0,0,corner,69,17.423599,17.763599,the,store
AIRFORCE1_mono,AIRFORCE1_mono_0068,AO,212,0.07000000000000028,17.913601,17.983601,T,R,0,1,store,70,17.763599,18.0336,corner,to
AIRFORCE1_mono,AIRFORCE1_mono_0069,AH,215,0.03999900000000167,18.063601,18.1036,T,G,0,0,to,71,18.0336,18.1036,store,grab
AIRFORCE1_mono,AIRFORCE1_mono_0070,AE,218,0.08999999999999986,18.2036,18.2936,R,B,0,1,grab,72,18.1036,18.3536,to,a
AIRFORCE1_mono,AIRFORCE1_mono_0071,AH,220,0.030000000000001137,18.3536,18.3836,B,T,0,0,a,73,18.3536,18.3836,grab,toasted
AIRFORCE1_mono,AIRFORCE1_mono_0072,OW,222,0.0799999999999983,18.493601,18.573601,T,S,0,1,toasted,74,18.3836,18.7936,a,bagel
AIRFORCE1_mono,AIRFORCE1_mono_0073,IH,225,0.030000000000001137,18.6936,18.7236,T,D,0,0,toasted,74,18.3836,18.7936,a,bagel
AIRFORCE1_mono,AIRFORCE1_mono_0074,EY,228,0.12000100000000202,18.833599,18.9536,B,G,0,1,bagel,75,18.7936,19.093599,toasted,and
AIRFORCE1_mono,AIRFORCE1_mono_0075,AH,230,0.050000999999998186,19.003599,19.0536,G,L,0,0,bagel,75,18.7936,19.093599,toasted,and
AIRFORCE1_mono,AIRFORCE1_mono_0076,AH,232,0.030000999999998612,19.093599,19.1236,L,N,0,0,and,76,19.093599,19.183599,bagel,orange
AIRFORCE1_mono,AIRFORCE1_mono_0077,AO,235,0.06000200000000078,19.183599,19.243601,D,R,0,1,orange,77,19.183599,19.4736,and,juice
AIRFORCE1_mono,AIRFORCE1_mono_0078,AH,237,0.040001000000000175,19.2936,19.333601,R,N,0,0,orange,77,19.183599,19.4736,and,juice
AIRFORCE1_mono,AIRFORCE1_mono_0079,UW,241,0.11000100000000046,19.5536,19.663601,JH,S,0,1,juice,78,19.4736,19.8036,orange,-
AIRFORCE1_mono,--,AH,245,0.02999900000000011,19.926901,19.9569,B,T,1,1,but,80,19.8969,19.9669,-,they
AIRFORCE1_mono,--,EY,248,0.02999799999999908,19.996901,20.026899,DH,W,1,1,they,81,19.9669,20.026899,but,were
AIRFORCE1_mono,AIRFORCE1_mono_0080,ER,250,0.14000000000000057,20.0669,20.2069,W,AW1,0,0,were,82,20.026899,20.2069,they,out
AIRFORCE1_mono,AIRFORCE1_mono_0081,AW,251,0.08999999999999986,20.2069,20.2969,ER0,T,0,1,out,83,20.2069,20.3269,were,of
AIRFORCE1_mono,--,AH,253,0.02999900000000011,20.3269,20.356899,T,V,1,0,of,84,20.3269,20.446899,out,both
AIRFORCE1_mono,AIRFORCE1_mono_0082,OW,256,0.13999899999999954,20.496901,20.6369,B,TH,0,1,both,85,20.446899,20.8169,of,-
AIRFORCE1_mono,AIRFORCE1_mono_0083,AH,260,0.030000999999998612,21.2829,21.312901,DH,K,0,0,the,87,21.252899,21.312901,-,cashier
AIRFORCE1_mono,AIRFORCE1_mono_0084,AE,262,0.10000100000000245,21.432899,21.5329,K,SH,0,0,cashier,88,21.312901,21.752899,the,joked
AIRFORCE1_mono,AIRFORCE1_mono_0085,IH,264,0.05999999999999872,21.6429,21.7029,SH,R,0,1,cashier,88,21.312901,21.752899,the,joked
AIRFORCE1_mono,AIRFORCE1_mono_0086,OW,267,0.129999999999999,21.8929,22.0229,JH,K,0,1,joked,89,21.752899,22.1229,cashier,-
AIRFORCE1_mono,AIRFORCE1_mono_0087,IH,271,0.06000099999999975,22.5369,22.596901,-,T,0,1,it's,91,22.5369,22.7269,-,monday
AIRFORCE1_mono,AIRFORCE1_mono_0088,AH,275,0.04999899999999968,22.8069,22.856899,M,N,0,1,monday,92,22.7269,23.086901,it's,energy
AIRFORCE1_mono,AIRFORCE1_mono_0089,EY,278,0.11000100000000046,22.9769,23.086901,D,EH1,0,2,monday,92,22.7269,23.086901,it's,energy
AIRFORCE1_mono,AIRFORCE1_mono_0090,EH,279,0.04999899999999968,23.086901,23.1369,EY2,N,0,1,energy,93,23.086901,23.526899,monday,-
AIRFORCE1_mono,AIRFORCE1_mono_0091,ER,281,0.0799999999999983,23.176901,23.256901,N,JH,0,0,energy,93,23.086901,23.526899,monday,-
AIRFORCE1_mono,AIRFORCE1_mono_0092,IY,283,0.12999900000000153,23.3969,23.526899,JH,-,0,0,energy,93,23.086901,23.526899,monday,-
AIRFORCE1_mono,AIRFORCE1_mono_0093,AE,285,0.03999900000000167,23.7516,23.791599,-,N,0,1,and,95,23.7516,23.861601,-,i
AIRFORCE1_mono,AIRFORCE1_mono_0094,AY,288,0.059999000000001246,23.861601,23.9216,D,HH,0,1,i,96,23.861601,23.9216,and,half
AIRFORCE1_mono,AIRFORCE1_mono_0095,AE,290,0.09999799999999937,24.021601,24.121599,HH,F,0,1,half,97,23.9216,24.2316,i,laughed
AIRFORCE1_mono,AIRFORCE1_mono_0096,AE,293,0.1100009999999969,24.291599,24.4016,L,F,0,1,laughed,98,24.2316,24.4716,half,-
AIRFORCE1_mono,AIRFORCE1_mono_0097,IH,298,0.04000099999999662,24.616199,24.6562,B,K,0,0,because,100,24.5762,25.0462,-,-
AIRFORCE1_mono,AIRFORCE1_mono_0098,AH,300,0.11000100000000046,24.7362,24.846201,K,Z,0,1,because,100,24.5762,25.0462,-,-
AIRFORCE1_mono,AIRFORCE1_mono_0099,AE,304,0.17999999999999972,25.320299,25.500299,Y,-,0,1,yeah,102,25.2703,25.500299,-,-
AIRFORCE1_mono,AIRFORCE1_mono_0100,UW,308,0.10000100000000245,26.018499,26.1185,R,-,0,1,true,104,25.838499,26.1185,-,-
AIRFORCE1_mono,AIRFORCE1_mono_0101,AY,310,0.03999900000000167,26.988501,27.0285,-,T,0,1,i,106,26.988501,27.0285,-,took
AIRFORCE1_mono,AIRFORCE1_mono_0102,UH,312,0.040001000000000175,27.088499,27.1285,T,K,0,1,took,107,27.0285,27.168501,i,a
AIRFORCE1_mono,AIRFORCE1_mono_0103,AH,314,0.059999000000001246,27.168501,27.2285,K,S,0,0,a,108,27.168501,27.2285,took,seat
AIRFORCE1_mono,AIRFORCE1_mono_0104,IY,316,0.10000000000000142,27.3585,27.4585,S,T,0,1,seat,109,27.2285,27.488501,a,near
AIRFORCE1_mono,AIRFORCE1_mono_0105,IH,319,0.030001000000002165,27.5385,27.568501,N,R,0,1,near,110,27.488501,27.598499,seat,the
AIRFORCE1_mono,AIRFORCE1_mono_0106,AH,322,0.04999899999999968,27.6385,27.688499,DH,W,0,0,the,111,27.598499,27.688499,near,window
AIRFORCE1_mono,AIRFORCE1_mono_0107,IH,324,0.040001000000000175,27.758499,27.7985,W,N,0,1,window,112,27.688499,28.0385,the,-
AIRFORCE1_mono,AIRFORCE1_mono_0108,OW,327,0.12999899999999798,27.908501,28.0385,D,-,0,0,window,112,27.688499,28.0385,the,-
AIRFORCE1_mono,AIRFORCE1_mono_0109,OW,332,0.04999899999999968,29.017401,29.0674,R,L,0,1,scrolled,114,28.767401,29.1474,-,my
AIRFORCE1_mono,AIRFORCE1_mono_0110,AY,336,0.0799999999999983,29.187401,29.267401,M,F,0,1,my,115,29.1474,29.267401,scrolled,phone
AIRFORCE1_mono,AIRFORCE1_mono_0111,OW,338,0.22000200000000092,29.377399,29.597401,F,N,0,1,phone,116,29.267401,29.730499,my,-
AIRFORCE1_mono,AIRFORCE1_mono_0112,AH,341,0.040001000000000175,29.851999,29.892,-,N,0,0,and,118,29.851999,29.962,-,overheard
AIRFORCE1_mono,AIRFORCE1_mono_0113,OW,344,0.08000000000000185,29.962,30.042,D,V,0,1,overheard,119,29.962,30.351999,and,someone
AIRFORCE1_mono,AIRFORCE1_mono_0114,ER,346,0.040001000000000175,30.101999,30.142,V,HH,0,0,overheard,119,29.962,30.351999,and,someone
AIRFORCE1_mono,AIRFORCE1_mono_0115,ER,348,0.07000000000000028,30.212,30.282,HH,D,0,1,overheard,119,29.962,30.351999,and,someone
AIRFORCE1_mono,--,AH,351,0.02999900000000011,30.422001,30.452,S,M,1,1,someone,120,30.351999,30.612,overheard,say
AIRFORCE1_mono,AIRFORCE1_mono_0116,AH,354,0.030001000000002165,30.511999,30.542,W,N,0,2,someone,120,30.351999,30.612,overheard,say
AIRFORCE1_mono,AIRFORCE1_mono_0117,EY,357,0.3000000000000007,30.732,31.032,S,-,0,1,say,121,30.612,31.032,someone,-
AIRFORCE1_mono,AIRFORCE1_mono_0118,AH,360,0.06000200000000078,31.337999,31.398001,DH,JH,0,0,the,123,31.308001,31.398001,-,giraffe
AIRFORCE1_mono,AIRFORCE1_mono_0119,ER,362,0.0899979999999978,31.488001,31.577999,JH,AE1,0,0,giraffe,124,31.398001,31.768,the,exhibit
AIRFORCE1_mono,AIRFORCE1_mono_0120,AE,363,0.11000100000000046,31.577999,31.688,ER0,F,0,1,giraffe,124,31.398001,31.768,the,exhibit
AIRFORCE1_mono,AIRFORCE1_mono_0121,IH,365,0.040001000000000175,31.768,31.808001,F,G,0,0,exhibit,125,31.768,32.118,giraffe,-
AIRFORCE1_mono,AIRFORCE1_mono_0122,IH,368,0.05000100000000174,31.938,31.988001,Z,B,0,1,exhibit,125,31.768,32.118,giraffe,-
AIRFORCE1_mono,AIRFORCE1_mono_0123,IH,370,0.04000099999999662,32.037998,32.077999,B,T,0,0,exhibit,125,31.768,32.118,giraffe,-
AIRFORCE1_mono,AIRFORCE1_mono_0124,OW,373,0.10000200000000348,32.147999,32.248001,-,P,0,1,opens,127,32.147999,32.467999,-,at
AIRFORCE1_mono,AIRFORCE1_mono_0125,AH,375,0.04999899999999968,32.318001,32.368,P,N,0,0,opens,127,32.147999,32.467999,-,at
AIRFORCE1_mono,AIRFORCE1_mono_0126,AE,378,0.050003000000003794,32.467999,32.518002,Z,T,0,1,at,128,32.467999,32.557999,opens,noon
AIRFORCE1_mono,AIRFORCE1_mono_0127,UW,381,0.1399990000000031,32.647999,32.787998,N,N,0,1,noon,129,32.557999,32.897999,at,-
AIRFORCE1_mono,AIRFORCE1_mono_0128,IH,385,0.04000099999999662,33.1614,33.201401,W,CH,0,1,which,131,33.121399,33.291401,-,felt
AIRFORCE1_mono,AIRFORCE1_mono_0129,EH,388,0.060001999999997224,33.351398,33.4114,F,L,0,1,felt,132,33.291401,33.5914,which,-
AIRFORCE1_mono,AIRFORCE1_mono_0130,AA,392,0.11999800000000249,33.651402,33.7714,-,D,0,1,oddly,134,33.651402,33.9314,-,profound
AIRFORCE1_mono,--,IY,395,0.02999799999999908,33.901402,33.9314,L,P,1,0,oddly,134,33.651402,33.9314,-,profound
AIRFORCE1_mono,AIRFORCE1_mono_0131,OW,398,0.04000099999999662,34.041401,34.081402,R,F,0,0,profound,135,33.9314,34.361401,oddly,at
AIRFORCE1_mono,AIRFORCE1_mono_0132,AW,400,0.13000100000000003,34.1614,34.291401,F,N,0,1,profound,135,33.9314,34.361401,oddly,at
AIRFORCE1_mono,--,AE,403,0.02999799999999908,34.361401,34.391399,D,T,1,1,at,136,34.361401,34.421398,profound,the
AIRFORCE1_mono,AIRFORCE1_mono_0133,AH,406,0.04999899999999968,34.451401,34.5014,DH,T,0,0,the,137,34.421398,34.5014,at,time
AIRFORCE1_mono,AIRFORCE1_mono_0134,AY,408,0.20000100000000032,34.601398,34.801399,T,M,0,1,time,138,34.5014,34.871399,the,-
AIRFORCE1_mono,AIRFORCE1_mono_0135,AE,411,0.07999799999999624,35.583401,35.663399,-,F,0,1,after,140,35.583401,35.823399,-,a
AIRFORCE1_mono,AIRFORCE1_mono_0136,ER,414,0.0399980000000042,35.783401,35.823399,T,AH0,0,0,after,140,35.583401,35.823399,-,a
AIRFORCE1_mono,AIRFORCE1_mono_0137,AH,415,0.04000099999999662,35.823399,35.8634,ER0,F,0,0,a,141,35.823399,35.8634,after,few
AIRFORCE1_mono,AIRFORCE1_mono_0138,UW,418,0.060001999999997224,35.983398,36.0434,Y,B,0,1,few,142,35.8634,36.0434,a,bites
AIRFORCE1_mono,AIRFORCE1_mono_0139,AY,420,0.10999600000000243,36.123402,36.233398,B,T,0,1,bites,143,36.0434,36.3634,few,of
AIRFORCE1_mono,--,AH,423,0.02999799999999908,36.3634,36.393398,S,V,1,0,of,144,36.3634,36.443401,bites,something
AIRFORCE1_mono,AIRFORCE1_mono_0140,AH,426,0.04000099999999662,36.503399,36.5434,S,M,0,1,something,145,36.443401,36.873402,of,vaguely
AIRFORCE1_mono,AIRFORCE1_mono_0141,IH,429,0.07000000000000028,36.693401,36.763401,TH,NG,0,0,something,145,36.443401,36.873402,of,vaguely
AIRFORCE1_mono,AIRFORCE1_mono_0142,EY,432,0.13000100000000003,36.993401,37.123402,V,G,0,1,vaguely,146,36.873402,37.343399,something,egg
AIRFORCE1_mono,AIRFORCE1_mono_0143,IY,435,0.05999800000000022,37.283401,37.343399,L,EH1,0,0,vaguely,146,36.873402,37.343399,something,egg
AIRFORCE1_mono,AIRFORCE1_mono_0144,EH,436,0.10000200000000348,37.343399,37.443401,IY0,G,0,1,egg,147,37.343399,37.5434,vaguely,shaped
AIRFORCE1_mono,AIRFORCE1_mono_0145,EY,439,0.14999800000000363,37.6534,37.803398,SH,P,0,1,shaped,148,37.5434,38.003399,egg,-
AIRFORCE1_mono,AIRFORCE1_mono_0146,AY,443,0.13000100000000003,38.069099,38.1991,-,W,0,1,i,150,38.069099,38.1991,-,wandered
AIRFORCE1_mono,AIRFORCE1_mono_0147,AA,445,0.06999900000000281,38.329102,38.399101,W,N,0,1,wandered,151,38.1991,38.559101,i,to
AIRFORCE1_mono,AIRFORCE1_mono_0148,ER,448,0.04999899999999968,38.469101,38.5191,D,D,0,0,wandered,151,38.1991,38.559101,i,to
AIRFORCE1_mono,AIRFORCE1_mono_0149,IH,451,0.06000099999999975,38.5891,38.649101,T,DH,0,0,to,152,38.559101,38.649101,wandered,the
AIRFORCE1_mono,AIRFORCE1_mono_0150,AH,453,0.04000100000000373,38.6791,38.719101,DH,P,0,0,the,153,38.649101,38.719101,to,park
AIRFORCE1_mono,--,AA,455,0.029998999999996556,38.8391,38.869099,P,R,1,1,park,154,38.719101,39.1791,the,-
AIRFORCE1_mono,--,AH,459,0.029998999999996556,39.7826,39.812599,-,K,1,0,a,156,39.7826,39.812599,-,kid
AIRFORCE1_mono,AIRFORCE1_mono_0151,IH,461,0.11999899999999997,39.982601,40.1026,K,D,0,1,kid,157,39.812599,40.242599,a,zoomed
AIRFORCE1_mono,AIRFORCE1_mono_0152,UW,464,0.1599999999999966,40.3526,40.5126,Z,M,0,1,zoomed,158,40.242599,40.612598,kid,by
AIRFORCE1_mono,AIRFORCE1_mono_0153,AY,468,0.1599999999999966,40.662601,40.822601,B,AA1,0,1,by,159,40.612598,40.822601,zoomed,on
AIRFORCE1_mono,AIRFORCE1_mono_0154,AA,469,0.07000000000000028,40.822601,40.892601,AY1,N,0,1,on,160,40.822601,40.9426,by,a
AIRFORCE1_mono,AIRFORCE1_mono_0155,AH,471,0.04999899999999968,40.9426,40.992599,N,S,0,0,a,161,40.9426,40.992599,on,scooter
AIRFORCE1_mono,AIRFORCE1_mono_0156,UW,474,0.10999999999999943,41.1726,41.2826,K,T,0,1,scooter,162,40.992599,41.382599,a,yelling
AIRFORCE1_mono,AIRFORCE1_mono_0157,ER,476,0.05999800000000022,41.322601,41.382599,T,Y,0,0,scooter,162,40.992599,41.382599,a,yelling
AIRFORCE1_mono,AIRFORCE1_mono_0158,EH,478,0.04999899999999968,41.472599,41.522598,Y,L,0,1,yelling,163,41.382599,41.812599,scooter,-
AIRFORCE1_mono,AIRFORCE1_mono_0159,IH,480,0.06000200000000433,41.562599,41.622601,L,NG,0,0,yelling,163,41.382599,41.812599,scooter,-
AIRFORCE1_mono,AIRFORCE1_mono_0160,UW,484,0.17999999999999972,41.932301,42.112301,Z,M,0,1,zoom,165,41.872299,42.262299,-,zoom
AIRFORCE1_mono,AIRFORCE1_mono_0161,UW,487,0.1800009999999972,42.3423,42.522301,Z,M,0,1,zoom,166,42.262299,42.632301,zoom,-
AIRFORCE1_mono,--,AY,491,0.02999900000000366,43.2514,43.281399,L,K,1,1,like,168,43.221401,43.3414,-,it
AIRFORCE1_mono,AIRFORCE1_mono_0162,IH,493,0.04000099999999662,43.3414,43.381401,K,W,0,0,it,169,43.3414,43.381401,like,was
AIRFORCE1_mono,--,AH,495,0.029998999999996556,43.4114,43.441399,W,Z,1,0,was,170,43.381401,43.491402,it,a
AIRFORCE1_mono,AIRFORCE1_mono_0163,AH,497,0.04999899999999968,43.491402,43.541401,Z,S,0,0,a,171,43.491402,43.541401,was,sound
AIRFORCE1_mono,AIRFORCE1_mono_0164,AW,499,0.10999999999999943,43.6614,43.7714,S,N,0,1,sound,172,43.541401,43.8414,a,effect
AIRFORCE1_mono,--,AH,502,0.029998999999996556,43.8414,43.871399,D,F,1,0,effect,173,43.8414,44.131401,sound,that
AIRFORCE1_mono,AIRFORCE1_mono_0165,EH,504,0.08000200000000035,43.961399,44.041401,F,K,0,1,effect,173,43.8414,44.131401,sound,that
AIRFORCE1_mono,AIRFORCE1_mono_0166,AE,508,0.04000099999999662,44.1614,44.201401,DH,T,0,1,that,174,44.131401,44.281399,effect,summoned
AIRFORCE1_mono,AIRFORCE1_mono_0167,AH,511,0.06999900000000281,44.401402,44.471401,S,M,0,1,summoned,175,44.281399,44.6614,that,speed
AIRFORCE1_mono,AIRFORCE1_mono_0168,AH,513,0.04000099999999662,44.531399,44.5714,M,N,0,0,summoned,175,44.281399,44.6614,that,speed
AIRFORCE1_mono,AIRFORCE1_mono_0169,IY,518,0.19000199999999978,44.871399,45.061401,P,D,0,1,speed,176,44.6614,45.111401,summoned,-
AIRFORCE1_mono,AIRFORCE1_mono_0170,AY,521,0.07999799999999624,45.884602,45.9646,-,S,0,1,i,178,45.884602,45.9646,-,sat
AIRFORCE1_mono,AIRFORCE1_mono_0171,AE,523,0.09000000000000341,46.0746,46.1646,S,T,0,1,sat,179,45.9646,46.194599,i,under
AIRFORCE1_mono,AIRFORCE1_mono_0172,AH,525,0.04000100000000373,46.194599,46.2346,T,N,0,1,under,180,46.194599,46.3946,sat,a
AIRFORCE1_mono,AIRFORCE1_mono_0173,ER,528,0.04000099999999662,46.354599,46.3946,D,AH0,0,0,under,180,46.194599,46.3946,sat,a
AIRFORCE1_mono,AIRFORCE1_mono_0174,AH,529,0.07000000000000028,46.3946,46.4646,ER0,T,0,0,a,181,46.3946,46.4646,under,tree
AIRFORCE1_mono,AIRFORCE1_mono_0175,IY,532,0.14999799999999652,46.684601,46.834599,R,-,0,1,tree,182,46.4646,46.834599,a,-
AIRFORCE1_mono,AIRFORCE1_mono_0176,IH,535,0.05000299999999669,47.108898,47.158901,L,S,0,1,listened,184,47.068901,47.3489,-,to
AIRFORCE1_mono,--,AH,537,0.02999900000000366,47.248901,47.2789,S,N,1,0,listened,184,47.068901,47.3489,-,to
AIRFORCE1_mono,AIRFORCE1_mono_0177,IH,541,0.030002000000003193,47.378899,47.408901,T,DH,0,0,to,185,47.3489,47.408901,listened,the
AIRFORCE1_mono,AIRFORCE1_mono_0178,AH,543,0.07000399999999729,47.448898,47.518902,DH,B,0,0,the,186,47.408901,47.518902,to,breeze
AIRFORCE1_mono,AIRFORCE1_mono_0179,IY,546,0.18999900000000025,47.658901,47.8489,R,Z,0,1,breeze,187,47.518902,48.018902,the,-
AIRFORCE1_mono,--,AH,549,0.029998999999996556,48.190201,48.2202,-,N,1,0,and,189,48.190201,48.3102,-,watched
AIRFORCE1_mono,AIRFORCE1_mono_0180,AA,553,0.04999899999999968,48.360199,48.410198,W,CH,0,1,watched,190,48.3102,48.550201,and,a
AIRFORCE1_mono,AIRFORCE1_mono_0181,AH,556,0.04999999999999716,48.550201,48.600201,T,Y,0,0,a,191,48.550201,48.600201,watched,yellow
AIRFORCE1_mono,AIRFORCE1_mono_0182,EH,558,0.04999899999999968,48.6502,48.700199,Y,L,0,1,yellow,192,48.600201,48.8102,a,balloon
AIRFORCE1_mono,AIRFORCE1_mono_0183,OW,560,0.07000000000000028,48.7402,48.8102,L,B,0,0,yellow,192,48.600201,48.8102,a,balloon
AIRFORCE1_mono,--,AH,562,0.00999800000000306,48.9002,48.910198,B,L,1,0,balloon,193,48.8102,49.180199,yellow,get
AIRFORCE1_mono,AIRFORCE1_mono_0184,UW,564,0.13000100000000003,49.020199,49.1502,L,N,0,1,balloon,193,48.8102,49.180199,yellow,get
AIRFORCE1_mono,AIRFORCE1_mono_0185,EH,567,0.04000100000000373,49.270199,49.3102,G,T,0,1,get,194,49.180199,49.380199,balloon,tangled
AIRFORCE1_mono,AIRFORCE1_mono_0186,AE,570,0.05999700000000274,49.480202,49.540199,T,NG,0,1,tangled,195,49.380199,49.780201,get,in
AIRFORCE1_mono,AIRFORCE1_mono_0187,AH,573,0.039996999999999616,49.640202,49.680199,G,L,0,0,tangled,195,49.380199,49.780201,get,in
AIRFORCE1_mono,AIRFORCE1_mono_0188,IH,576,0.04000100000000373,49.780201,49.820202,D,N,0,0,in,196,49.780201,49.860199,tangled,a
AIRFORCE1_mono,AIRFORCE1_mono_0189,AH,578,0.04000099999999662,49.860199,49.9002,N,P,0,0,a,197,49.860199,49.9002,in,power
AIRFORCE1_mono,AIRFORCE1_mono_0190,AW,580,0.139998999999996,49.9902,50.130199,P,ER0,0,1,power,198,49.9002,50.210201,a,line
AIRFORCE1_mono,AIRFORCE1_mono_0191,ER,581,0.08000200000000035,50.130199,50.210201,AW1,L,0,0,power,198,49.9002,50.210201,a,line
AIRFORCE1_mono,AIRFORCE1_mono_0192,AY,583,0.14000400000000468,50.250198,50.390202,L,N,0,1,line,199,50.210201,50.480202,power,-
AIRFORCE1_mono,AIRFORCE1_mono_0193,IH,587,0.06999900000000281,51.126202,51.196201,W,R,0,1,weird,201,51.0462,51.346199,-,morning
AIRFORCE1_mono,AIRFORCE1_mono_0194,AO,591,0.06000200000000433,51.4062,51.466202,M,R,0,1,morning,202,51.346199,51.746201,weird,-
AIRFORCE1_mono,AIRFORCE1_mono_0195,IH,594,0.08000099999999577,51.576199,51.6562,N,NG,0,0,morning,202,51.346199,51.746201,weird,-
AIRFORCE1_mono,AIRFORCE1_mono_0196,AH,598,0.030003000000000668,52.205799,52.235802,B,T,0,1,but,204,52.195801,52.275799,-,honestly
AIRFORCE1_mono,AIRFORCE1_mono_0197,AA,600,0.09000000000000341,52.275799,52.365799,T,N,0,1,honestly,205,52.275799,52.7458,but,-
AIRFORCE1_mono,AIRFORCE1_mono_0198,AH,602,0.04000099999999662,52.4258,52.465801,N,S,0,0,honestly,205,52.275799,52.7458,but,-
AIRFORCE1_mono,AIRFORCE1_mono_0199,IY,606,0.09000000000000341,52.6558,52.7458,L,-,0,0,honestly,205,52.275799,52.7458,but,-
AIRFORCE1_mono,AIRFORCE1_mono_0200,AA,609,0.04000100000000373,53.1194,53.159401,N,T,0,1,not,207,53.089401,53.219398,-,the
AIRFORCE1_mono,AIRFORCE1_mono_0201,AH,612,0.04999899999999968,53.249401,53.2994,DH,W,0,1,the,208,53.219398,53.2994,not,worst
AIRFORCE1_mono,AIRFORCE1_mono_0202,ER,614,0.11999899999999997,53.3694,53.489399,W,S,0,1,worst,209,53.2994,53.749401,the,-
BOOB69420_mono,BOOB69420_mono_0001,OW,3,0.040000000000000036,1.3437,1.3837,S,DH,0,1,so,2,1.2637,1.3837,-,this
BOOB69420_mono,BOOB69420_mono_0002,IH,5,0.050000000000000044,1.4537,1.5037,DH,S,0,1,this,3,1.3837,1.5637,so,morning
BOOB69420_mono,BOOB69420_mono_0003,AO,8,0.030000000000000027,1.6337,1.6637,M,R,0,1,morning,4,1.5637,1.9137,this,i
BOOB69420_mono,BOOB69420_mono_0004,IH,11,0.08000000000000007,1.7537,1.8337,N,NG,0,0,morning,4,1.5637,1.9137,this,i
BOOB69420_mono,BOOB69420_mono_0005,AY,13,0.10999999999999988,1.9137,2.0237,NG,W,0,1,i,5,1.9137,2.0237,morning,woke
BOOB69420_mono,BOOB69420_mono_0006,OW,15,0.04999999999999982,2.0937,2.1437,W,K,0,1,woke,6,2.0237,2.2237,i,up
BOOB69420_mono,BOOB69420_mono_0007,AH,17,0.04999999999999982,2.2237,2.2737,K,P,0,1,up,7,2.2237,2.3637,woke,late
BOOB69420_mono,BOOB69420_mono_0008,EY,20,0.14000000000000012,2.4137,2.5537,L,AE1,0,1,late,8,2.3637,2.5537,up,and
BOOB69420_mono,BOOB69420_mono_0009,AE,21,0.06000000000000005,2.5537,2.6137,EY1,N,0,1,and,9,2.5537,2.6737,late,immediately
BOOB69420_mono,--,IH,24,0.029999999999999805,2.6737,2.7037,D,M,1,0,immediately,10,2.6737,3.0637,and,stubbed
BOOB69420_mono,BOOB69420_mono_0010,IY,26,0.04999999999999982,2.7637,2.8137,M,D,0,1,immediately,10,2.6737,3.0637,and,stubbed
BOOB69420_mono,--,IY,28,0.029999999999999805,2.8437,2.8737,D,AH0,1,0,immediately,10,2.6737,3.0637,and,stubbed
BOOB69420_mono,BOOB69420_mono_0011,AH,29,0.040000000000000036,2.8737,2.9137,IY0,T,0,0,immediately,10,2.6737,3.0637,and,stubbed
BOOB69420_mono,BOOB69420_mono_0012,IY,32,0.04999999999999982,3.0137,3.0637,L,S,0,0,immediately,10,2.6737,3.0637,and,stubbed
BOOB69420_mono,BOOB69420_mono_0013,AH,35,0.050000000000000266,3.2137,3.2637,T,B,0,1,stubbed,11,3.0637,3.3237,immediately,my
BOOB69420_mono,BOOB69420_mono_0014,AY,39,0.08000000000000007,3.3537,3.4337,M,T,0,1,my,12,3.3237,3.4337,stubbed,toe
BOOB69420_mono,BOOB69420_mono_0015,OW,41,0.08000000000000007,3.5437,3.6237,T,AA1,0,1,toe,13,3.4337,3.6237,my,on
BOOB69420_mono,BOOB69420_mono_0016,AA,42,0.03000000000000025,3.6237,3.6537,OW1,N,0,1,on,14,3.6237,3.7037,toe,the
BOOB69420_mono,--,AH,45,0.029999999999999805,3.7437,3.7737,DH,D,1,0,the,15,3.7037,3.7737,on,dresser
BOOB69420_mono,BOOB69420_mono_0017,EH,48,0.040000000000000036,3.8737,3.9137,R,S,0,1,dresser,16,3.7737,4.1337,the,-
BOOB69420_mono,BOOB69420_mono_0018,ER,50,0.11000000000000032,4.0237,4.1337,S,-,0,0,dresser,16,3.7737,4.1337,the,-
BOOB69420_mono,BOOB69420_mono_0019,EY,54,0.05999999999999961,4.5731,4.6331,R,T,0,1,great,18,4.4731,4.6831,-,start
BOOB69420_mono,BOOB69420_mono_0020,AA,58,0.040000000000000036,4.7831,4.8231,T,R,0,1,start,19,4.6831,4.9331,great,-
BOOB69420_mono,BOOB69420_mono_0021,AY,63,0.10000000000000053,5.0131,5.1131,R,T,0,1,right,21,4.9631,5.1731,-,-
BOOB69420_mono,BOOB69420_mono_0022,AY,66,0.0600000000000005,5.8458,5.9058,-,G,0,1,i,23,5.8458,5.9058,-,grumbled
BOOB69420_mono,BOOB69420_mono_0023,AH,69,0.040000000000000036,6.0158,6.0558,R,M,0,1,grumbled,24,5.9058,6.2358,i,something
BOOB69420_mono,--,AH,72,0.010000000000000675,6.1358,6.1458,B,L,1,0,grumbled,24,5.9058,6.2358,i,something
BOOB69420_mono,BOOB69420_mono_0024,AH,76,0.03000000000000025,6.2858,6.3158,S,M,0,1,something,25,6.2358,6.5158,grumbled,half
BOOB69420_mono,BOOB69420_mono_0025,IH,79,0.040000000000000036,6.4158,6.4558,TH,NG,0,0,something,25,6.2358,6.5158,grumbled,half
BOOB69420_mono,BOOB69420_mono_0026,AE,82,0.05999999999999961,6.6158,6.6758,HH,F,0,1,half,26,6.5158,6.7558,something,conscious
BOOB69420_mono,BOOB69420_mono_0027,AA,85,0.04999999999999982,6.8258,6.8758,K,N,0,1,conscious,27,6.7558,7.2958,half,-
BOOB69420_mono,BOOB69420_mono_0028,AH,88,0.09000000000000075,7.0158,7.1058,SH,S,0,0,conscious,27,6.7558,7.2958,half,-
BOOB69420_mono,BOOB69420_mono_0029,AE,93,0.08000000000000007,7.8712,7.9512,R,B,0,1,grabbed,29,7.8212,8.0312,-,whatever
BOOB69420_mono,--,AH,97,0.02999999999999936,8.0812,8.1112,W,T,1,2,whatever,30,8.0312,8.3512,grabbed,shirt
BOOB69420_mono,BOOB69420_mono_0030,EH,99,0.05000000000000071,8.1512,8.2012,T,V,0,1,whatever,30,8.0312,8.3512,grabbed,shirt
BOOB69420_mono,BOOB69420_mono_0031,ER,101,0.08000000000000007,8.2712,8.3512,V,SH,0,0,whatever,30,8.0312,8.3512,grabbed,shirt
BOOB69420_mono,BOOB69420_mono_0032,ER,103,0.10000000000000142,8.4812,8.5812,SH,T,0,1,shirt,31,8.3512,8.6112,whatever,was
BOOB69420_mono,BOOB69420_mono_0033,AH,106,0.040000000000000924,8.6412,8.6812,W,Z,0,1,was,32,8.6112,8.7312,shirt,cleanish
BOOB69420_mono,BOOB69420_mono_0034,AE,110,0.07000000000000028,9.3258,9.3958,-,N,0,1,and,35,9.3258,9.4758,-,headed
BOOB69420_mono,BOOB69420_mono_0035,EH,114,0.030000000000001137,9.5558,9.5858,HH,D,0,1,headed,36,9.4758,9.7058,and,out
BOOB69420_mono,--,AH,116,0.02999999999999936,9.6258,9.6558,D,D,1,0,headed,36,9.4758,9.7058,and,out
BOOB69420_mono,BOOB69420_mono_0036,AW,118,0.09999999999999964,9.7058,9.8058,D,T,0,1,out,37,9.7058,9.9958,headed,-
BOOB69420_mono,BOOB69420_mono_0037,AH,122,0.03999999999999915,10.8831,10.9231,DH,S,0,0,the,39,10.8531,10.9231,-,sky
BOOB69420_mono,BOOB69420_mono_0038,AY,125,0.08999999999999986,11.0931,11.1831,K,L,0,1,sky,40,10.9231,11.1831,the,looked
BOOB69420_mono,BOOB69420_mono_0039,UH,127,0.040000000000000924,11.2631,11.3031,L,K,0,1,looked,41,11.1831,11.4431,sky,weird
BOOB69420_mono,BOOB69420_mono_0040,IH,131,0.07000000000000028,11.4831,11.5531,W,R,0,1,weird,42,11.4431,11.7731,looked,-
BOOB69420_mono,BOOB69420_mono_0041,AY,136,0.049999999999998934,11.8931,11.9431,L,K,0,1,like,44,11.8431,11.9931,-,that
BOOB69420_mono,BOOB69420_mono_0042,AE,139,0.07000000000000028,12.0331,12.1031,DH,T,0,1,that,45,11.9931,12.1631,like,shade
BOOB69420_mono,BOOB69420_mono_0043,EY,142,0.10000000000000142,12.2731,12.3731,SH,D,0,1,shade,46,12.1631,12.4131,that,of
BOOB69420_mono,BOOB69420_mono_0044,AH,144,0.05000000000000071,12.4131,12.4631,D,V,0,0,of,47,12.4131,12.5831,shade,blue
BOOB69420_mono,BOOB69420_mono_0045,UW,148,0.07000000000000028,12.6731,12.7431,L,G,0,1,blue,48,12.5831,12.7431,of,gray
BOOB69420_mono,BOOB69420_mono_0046,EY,151,0.10999999999999943,12.8831,12.9931,R,DH,0,1,gray,49,12.7431,12.9931,blue,that
BOOB69420_mono,BOOB69420_mono_0047,AE,153,0.049999999999998934,13.0531,13.1031,DH,T,0,1,that,50,12.9931,13.1531,gray,makes
BOOB69420_mono,BOOB69420_mono_0048,EY,156,0.05000000000000071,13.1931,13.2431,M,K,0,1,makes,51,13.1531,13.3531,that,you
BOOB69420_mono,--,UW,160,0.02999999999999936,13.3831,13.4131,Y,K,1,1,you,52,13.3531,13.4131,makes,question
BOOB69420_mono,--,EH,163,0.02999999999999936,13.5531,13.5831,W,S,1,1,question,53,13.4131,13.8331,you,if
BOOB69420_mono,BOOB69420_mono_0049,AH,166,0.0600000000000005,13.6931,13.7531,CH,N,0,0,question,53,13.4131,13.8331,you,if
BOOB69420_mono,BOOB69420_mono_0050,IH,168,0.040000000000000924,13.8331,13.8731,N,F,0,1,if,54,13.8331,13.9431,question,it's
BOOB69420_mono,BOOB69420_mono_0051,IH,170,0.040000000000000924,13.9431,13.9831,F,T,0,0,it's,55,13.9431,14.0731,if,about
BOOB69420_mono,BOOB69420_mono_0052,AH,173,0.05000000000000071,14.0731,14.1231,S,B,0,0,about,56,14.0731,14.3031,it's,to
BOOB69420_mono,BOOB69420_mono_0053,AW,175,0.07000000000000028,14.1931,14.2631,B,T,0,1,about,56,14.0731,14.3031,it's,to
BOOB69420_mono,BOOB69420_mono_0054,AH,178,0.05000000000000071,14.3431,14.3931,T,R,0,0,to,57,14.3031,14.3931,about,rain
BOOB69420_mono,BOOB69420_mono_0055,EY,180,0.08999999999999986,14.4731,14.5631,R,N,0,1,rain,58,14.3931,14.6031,to,or
BOOB69420_mono,BOOB69420_mono_0056,AO,182,0.05000000000000071,14.6031,14.6531,N,R,0,1,or,59,14.6031,14.7031,rain,not
BOOB69420_mono,BOOB69420_mono_0057,AA,185,0.08000000000000007,14.7531,14.8331,N,T,0,1,not,60,14.7031,14.9731,or,-
BOOB69420_mono,BOOB69420_mono_0058,AY,188,0.0600000000000005,15.8064,15.8664,-,S,0,1,i,62,15.8064,15.8664,-,stopped
BOOB69420_mono,BOOB69420_mono_0059,AA,191,0.08000099999999932,15.9864,16.066401,T,P,0,1,stopped,63,15.8664,16.1364,i,by
BOOB69420_mono,BOOB69420_mono_0060,AY,195,0.0899979999999978,16.166401,16.256399,B,DH,0,1,by,64,16.1364,16.256399,stopped,the
BOOB69420_mono,BOOB69420_mono_0061,AH,197,0.04999899999999968,16.316401,16.3664,DH,K,0,1,the,65,16.256399,16.3664,by,corner
BOOB69420_mono,BOOB69420_mono_0062,AO,199,0.030000999999998612,16.4664,16.496401,K,R,0,1,corner,66,16.3664,16.6364,the,store
BOOB69420_mono,BOOB69420_mono_0063,ER,202,0.06999899999999926,16.566401,16.6364,N,S,0,0,corner,66,16.3664,16.6364,the,store
BOOB69420_mono,BOOB69420_mono_0064,AO,205,0.050001999999999214,16.766399,16.816401,T,R,0,1,store,67,16.6364,16.8864,corner,to
BOOB69420_mono,BOOB69420_mono_0065,AH,208,0.030001000000002165,16.9564,16.986401,T,G,0,0,to,68,16.8864,16.986401,store,grab
BOOB69420_mono,BOOB69420_mono_0066,AE,211,0.04999899999999968,17.076401,17.1264,R,B,0,1,grab,69,16.986401,17.1964,to,a
BOOB69420_mono,BOOB69420_mono_0067,AH,213,0.030000000000001137,17.1964,17.2264,B,T,0,0,a,70,17.1964,17.2264,grab,toasted
BOOB69420_mono,BOOB69420_mono_0068,OW,215,0.03999899999999812,17.326401,17.3664,T,S,0,1,toasted,71,17.2264,17.5564,a,bagel
BOOB69420_mono,BOOB69420_mono_0069,IH,218,0.040001000000000175,17.4564,17.496401,T,D,0,0,toasted,71,17.2264,17.5564,a,bagel
BOOB69420_mono,BOOB69420_mono_0070,EY,221,0.13000100000000003,17.586399,17.7164,B,G,0,1,bagel,72,17.5564,17.8864,toasted,and
BOOB69420_mono,BOOB69420_mono_0071,AH,223,0.040001000000000175,17.7764,17.816401,G,L,0,0,bagel,72,17.5564,17.8864,toasted,and
BOOB69420_mono,BOOB69420_mono_0072,AH,225,0.049999000000003235,17.8864,17.936399,L,N,0,0,and,73,17.8864,17.996401,bagel,orange
BOOB69420_mono,BOOB69420_mono_0073,AO,228,0.07000000000000028,17.996401,18.066401,D,R,0,1,orange,74,17.996401,18.236401,and,juice
BOOB69420_mono,BOOB69420_mono_0074,AH,230,0.030000000000001137,18.1164,18.1464,R,N,0,0,orange,74,17.996401,18.236401,and,juice
BOOB69420_mono,BOOB69420_mono_0075,UW,234,0.10000000000000142,18.2964,18.3964,JH,S,0,1,juice,75,18.236401,18.6164,orange,-
BOOB69420_mono,--,AH,238,0.029998000000002634,18.994801,19.024799,B,DH,1,1,but,77,18.9648,19.024799,-,they
BOOB69420_mono,BOOB69420_mono_0076,EY,240,0.04999899999999968,19.0648,19.114799,DH,W,0,1,they,78,19.024799,19.114799,but,were
BOOB69420_mono,BOOB69420_mono_0077,ER,242,0.04999999999999716,19.1548,19.2048,W,AW1,0,0,were,79,19.114799,19.2048,they,out
BOOB69420_mono,BOOB69420_mono_0078,AW,243,0.13000100000000003,19.2048,19.334801,ER0,T,0,1,out,80,19.2048,19.3748,were,of
BOOB69420_mono,BOOB69420_mono_0079,AH,245,0.030000000000001137,19.3748,19.4048,T,V,0,0,of,81,19.3748,19.4848,out,both
BOOB69420_mono,BOOB69420_mono_0080,OW,248,0.12000099999999847,19.524799,19.6448,B,TH,0,1,both,82,19.4848,19.7848,of,-
BOOB69420_mono,BOOB69420_mono_0081,AH,252,0.04999999999999716,20.5452,20.5952,DH,K,0,0,the,84,20.505199,20.5952,-,cashier
BOOB69420_mono,BOOB69420_mono_0082,AE,254,0.05999899999999769,20.655201,20.7152,K,SH,0,0,cashier,85,20.5952,20.985201,the,joked
BOOB69420_mono,BOOB69420_mono_0083,IH,256,0.059999000000001246,20.8552,20.915199,SH,R,0,1,cashier,85,20.5952,20.985201,the,joked
BOOB69420_mono,BOOB69420_mono_0084,OW,259,0.13000100000000003,21.085199,21.2152,JH,K,0,1,joked,86,20.985201,21.3552,cashier,-
BOOB69420_mono,BOOB69420_mono_0085,IH,263,0.06999900000000281,21.501101,21.5711,-,T,0,1,it's,88,21.501101,21.681101,-,monday
BOOB69420_mono,BOOB69420_mono_0086,AH,267,0.03999899999999812,21.7311,21.771099,M,N,0,1,monday,89,21.681101,21.941099,it's,energy
BOOB69420_mono,BOOB69420_mono_0087,EY,270,0.08999800000000135,21.851101,21.941099,D,EH1,0,2,monday,89,21.681101,21.941099,it's,energy
BOOB69420_mono,BOOB69420_mono_0088,EH,271,0.040001000000000175,21.941099,21.9811,EY2,N,0,1,energy,90,21.941099,22.361099,monday,-
BOOB69420_mono,BOOB69420_mono_0089,ER,273,0.060001999999997224,22.031099,22.091101,N,JH,0,0,energy,90,21.941099,22.361099,monday,-
BOOB69420_mono,BOOB69420_mono_0090,IY,275,0.16999999999999815,22.191099,22.361099,JH,-,0,0,energy,90,21.941099,22.361099,monday,-
BOOB69420_mono,BOOB69420_mono_0091,AE,277,0.030001000000002165,22.626699,22.6567,-,N,0,1,and,92,22.626699,22.7267,-,i
BOOB69420_mono,BOOB69420_mono_0092,AY,280,0.030000999999998612,22.7267,22.756701,D,HH,0,1,i,93,22.7267,22.756701,and,half
BOOB69420_mono,BOOB69420_mono_0093,AE,282,0.07000199999999879,22.866699,22.936701,HH,F,0,1,half,94,22.756701,23.0567,i,laughed
BOOB69420_mono,BOOB69420_mono_0094,AE,285,0.0899979999999978,23.106701,23.196699,L,F,0,1,laughed,95,23.0567,23.3367,half,because
BOOB69420_mono,BOOB69420_mono_0095,IH,289,0.040001000000000175,23.376699,23.4167,B,K,0,0,because,96,23.3367,23.756701,laughed,-
BOOB69420_mono,BOOB69420_mono_0096,AH,291,0.08999999999999986,23.506701,23.596701,K,Z,0,1,because,96,23.3367,23.756701,laughed,-
BOOB69420_mono,BOOB69420_mono_0097,AE,295,0.1800009999999972,23.9125,24.092501,Y,-,0,1,yeah,98,23.8125,24.092501,-,-
BOOB69420_mono,BOOB69420_mono_0098,UW,299,0.13000100000000003,24.2925,24.422501,R,-,0,1,true,100,24.122499,24.422501,-,-
BOOB69420_mono,BOOB69420_mono_0099,AY,301,0.059999000000001246,25.3909,25.450899,-,T,0,1,i,102,25.3909,25.450899,-,took
BOOB69420_mono,BOOB69420_mono_0100,UH,303,0.07000000000000028,25.5109,25.5809,T,K,0,1,took,103,25.450899,25.620899,i,a
BOOB69420_mono,BOOB69420_mono_0101,AH,305,0.060001999999997224,25.620899,25.680901,K,S,0,0,a,104,25.620899,25.680901,took,seat
BOOB69420_mono,BOOB69420_mono_0102,IY,307,0.10000000000000142,25.8009,25.9009,S,T,0,1,seat,105,25.680901,25.930901,a,near
BOOB69420_mono,BOOB69420_mono_0103,IH,310,0.060001999999997224,25.960899,26.020901,N,R,0,1,near,106,25.930901,26.0709,seat,the
BOOB69420_mono,BOOB69420_mono_0104,AH,313,0.059999000000001246,26.100901,26.1609,DH,W,0,0,the,107,26.0709,26.1609,near,window
BOOB69420_mono,BOOB69420_mono_0105,IH,315,0.059999000000001246,26.2309,26.290899,W,N,0,1,window,108,26.1609,26.620899,the,-
BOOB69420_mono,BOOB69420_mono_0106,OW,318,0.240000000000002,26.380899,26.620899,D,-,0,0,window,108,26.1609,26.620899,the,-
BOOB69420_mono,--,OW,323,0.02999799999999908,26.937201,26.967199,R,L,1,1,scrolled,110,26.717199,27.027201,-,my
BOOB69420_mono,BOOB69420_mono_0107,AY,327,0.08000000000000185,27.0672,27.1472,M,F,0,1,my,111,27.027201,27.1472,scrolled,phone
BOOB69420_mono,BOOB69420_mono_0108,OW,329,0.14999999999999858,27.2572,27.4072,F,N,0,1,phone,112,27.1472,27.527201,my,-
BOOB69420_mono,--,AH,332,0.029998000000002634,27.760201,27.790199,-,N,1,0,and,114,27.760201,27.850201,-,overheard
BOOB69420_mono,BOOB69420_mono_0109,OW,335,0.08000000000000185,27.850201,27.930201,D,V,0,1,overheard,115,27.850201,28.270201,and,someone
BOOB69420_mono,BOOB69420_mono_0110,ER,337,0.05000000000000071,28.0002,28.0502,V,HH,0,0,overheard,115,27.850201,28.270201,and,someone
BOOB69420_mono,BOOB69420_mono_0111,ER,339,0.06999999999999673,28.1502,28.2202,HH,D,0,1,overheard,115,27.850201,28.270201,and,someone
BOOB69420_mono,BOOB69420_mono_0112,AH,342,0.030000999999998612,28.3202,28.350201,S,M,0,1,someone,116,28.270201,28.5002,overheard,say
BOOB69420_mono,--,AH,345,0.02999900000000011,28.4202,28.450199,W,N,1,2,someone,116,28.270201,28.5002,overheard,say
BOOB69420_mono,BOOB69420_mono_0113,EY,348,0.1643979999999985,28.610201,28.774599,S,-,0,1,say,117,28.5002,28.774599,someone,-
BOOB69420_mono,--,AH,351,0.02999900000000011,29.439501,29.4695,DH,JH,1,0,the,119,29.4095,29.4695,-,giraffe
BOOB69420_mono,BOOB69420_mono_0114,ER,353,0.08999999999999986,29.5595,29.6495,JH,AE1,0,0,giraffe,120,29.4695,29.8195,the,exhibit
BOOB69420_mono,BOOB69420_mono_0115,AE,354,0.10000000000000142,29.6495,29.7495,ER0,F,0,1,giraffe,120,29.4695,29.8195,the,exhibit
BOOB69420_mono,BOOB69420_mono_0116,IH,356,0.04999899999999968,29.8195,29.869499,F,G,0,0,exhibit,121,29.8195,30.179501,giraffe,opens
BOOB69420_mono,BOOB69420_mono_0117,IH,359,0.05999899999999769,29.9795,30.039499,Z,B,0,1,exhibit,121,29.8195,30.179501,giraffe,opens
BOOB69420_mono,BOOB69420_mono_0118,IH,361,0.05999999999999872,30.0895,30.1495,B,T,0,0,exhibit,121,29.8195,30.179501,giraffe,opens
BOOB69420_mono,BOOB69420_mono_0119,OW,363,0.09999800000000292,30.179501,30.279499,T,P,0,1,opens,122,30.179501,30.4795,exhibit,at
BOOB69420_mono,BOOB69420_mono_0120,AH,365,0.04999899999999968,30.3295,30.379499,P,N,0,0,opens,122,30.179501,30.4795,exhibit,at
BOOB69420_mono,BOOB69420_mono_0121,AE,368,0.05999899999999769,30.4795,30.539499,Z,T,0,1,at,123,30.4795,30.599501,opens,noon
BOOB69420_mono,BOOB69420_mono_0122,UW,371,0.1700000000000017,30.6495,30.8195,N,N,0,1,noon,124,30.599501,30.9195,at,-
BOOB69420_mono,--,IH,375,0.02999799999999908,31.159901,31.189899,W,CH,1,1,which,126,31.1299,31.2799,-,felt
BOOB69420_mono,BOOB69420_mono_0123,EH,378,0.05000100000000174,31.339899,31.3899,F,L,0,1,felt,127,31.2799,31.489901,which,-
BOOB69420_mono,BOOB69420_mono_0124,AA,382,0.11000100000000046,31.519899,31.6299,-,D,0,1,oddly,129,31.519899,31.7799,-,profound
BOOB69420_mono,BOOB69420_mono_0125,IY,385,0.03999900000000167,31.739901,31.7799,L,P,0,0,oddly,129,31.519899,31.7799,-,profound
BOOB69420_mono,BOOB69420_mono_0126,OW,388,0.030000999999998612,31.8899,31.919901,R,F,0,0,profound,130,31.7799,32.189899,oddly,at
BOOB69420_mono,BOOB69420_mono_0127,AW,390,0.13000100000000003,31.999901,32.129902,F,N,0,1,profound,130,31.7799,32.189899,oddly,at
BOOB69420_mono,--,AE,393,0.02999900000000366,32.189899,32.219898,D,T,1,1,at,131,32.189899,32.259899,profound,the
BOOB69420_mono,BOOB69420_mono_0128,AH,396,0.039996999999999616,32.289902,32.329899,DH,T,0,0,the,132,32.259899,32.329899,at,time
BOOB69420_mono,BOOB69420_mono_0129,AY,398,0.11999899999999997,32.4599,32.579899,T,M,0,1,time,133,32.329899,32.699902,the,-
BOOB69420_mono,BOOB69420_mono_0130,AE,401,0.07000000000000028,33.890999,33.960999,-,F,0,1,after,135,33.890999,34.120998,-,a
BOOB69420_mono,BOOB69420_mono_0131,ER,404,0.05999700000000274,34.061001,34.120998,T,AH0,0,0,after,135,33.890999,34.120998,-,a
BOOB69420_mono,BOOB69420_mono_0132,AH,405,0.060001999999997224,34.120998,34.181,ER0,F,0,0,a,136,34.120998,34.181,after,few
BOOB69420_mono,BOOB69420_mono_0133,UW,408,0.04000099999999662,34.320999,34.361,Y,B,0,1,few,137,34.181,34.361,a,bites
BOOB69420_mono,BOOB69420_mono_0134,AY,410,0.09000000000000341,34.431,34.521,B,T,0,1,bites,138,34.361,34.611,few,of
BOOB69420_mono,BOOB69420_mono_0135,AH,413,0.04000100000000373,34.611,34.651001,S,V,0,0,of,139,34.611,34.690998,bites,something
BOOB69420_mono,--,AH,416,0.029998999999996556,34.750999,34.780998,S,M,1,1,something,140,34.690998,35.070999,of,vaguely
BOOB69420_mono,BOOB69420_mono_0136,IH,419,0.07000000000000028,34.890999,34.960999,TH,NG,0,0,something,140,34.690998,35.070999,of,vaguely
BOOB69420_mono,BOOB69420_mono_0137,EY,422,0.12000299999999697,35.120998,35.241001,V,G,0,1,vaguely,141,35.070999,35.561001,something,egg
BOOB69420_mono,BOOB69420_mono_0138,IY,425,0.17000199999999666,35.390999,35.561001,L,EH1,0,0,vaguely,141,35.070999,35.561001,something,egg
BOOB69420_mono,BOOB69420_mono_0139,EH,426,0.09999799999999937,35.561001,35.660999,IY0,G,0,1,egg,142,35.561001,35.730999,vaguely,shaped
BOOB69420_mono,BOOB69420_mono_0140,EY,429,0.11999899999999997,35.831001,35.951,SH,P,0,1,shaped,143,35.730999,36.081001,egg,-
BOOB69420_mono,BOOB69420_mono_0141,AY,433,0.060001999999997224,36.483299,36.543301,-,W,0,1,i,145,36.483299,36.543301,-,wandered
BOOB69420_mono,BOOB69420_mono_0142,AA,435,0.04999899999999968,36.6633,36.713299,W,N,0,1,wandered,146,36.543301,36.873299,i,to
BOOB69420_mono,BOOB69420_mono_0143,ER,438,0.030003000000000668,36.803299,36.833302,D,D,0,0,wandered,146,36.543301,36.873299,i,to
BOOB69420_mono,--,AH,441,0.029998999999996556,36.9333,36.963299,T,DH,1,0,to,147,36.873299,36.963299,wandered,the
BOOB69420_mono,--,AH,443,0.029998999999996556,36.993301,37.0233,DH,P,1,0,the,148,36.963299,37.0233,to,park
BOOB69420_mono,BOOB69420_mono_0144,AA,445,0.030003000000000668,37.143299,37.173302,P,R,0,1,park,149,37.0233,37.383301,the,-
BOOB69420_mono,BOOB69420_mono_0145,AH,449,0.08000200000000035,38.082199,38.162201,-,K,0,0,a,151,38.082199,38.162201,-,kid
BOOB69420_mono,BOOB69420_mono_0146,IH,451,0.06000099999999975,38.2822,38.342201,K,D,0,1,kid,152,38.162201,38.402199,a,zoomed
BOOB69420_mono,BOOB69420_mono_0147,UW,454,0.08000200000000035,38.492199,38.572201,Z,M,0,1,zoomed,153,38.402199,38.792198,kid,by
BOOB69420_mono,BOOB69420_mono_0148,AY,458,0.17999999999999972,38.832199,39.012199,B,AA1,0,1,by,154,38.792198,39.012199,zoomed,on
BOOB69420_mono,BOOB69420_mono_0149,AA,459,0.07000000000000028,39.012199,39.082199,AY1,N,0,1,on,155,39.012199,39.162201,by,a
BOOB69420_mono,--,AH,461,0.029998999999996556,39.162201,39.1922,N,S,1,0,a,156,39.162201,39.1922,on,scooter
BOOB69420_mono,BOOB69420_mono_0150,UW,464,0.0699989999999957,39.3522,39.422199,K,T,0,1,scooter,157,39.1922,39.5322,a,yelling
BOOB69420_mono,BOOB69420_mono_0151,ER,466,0.07000000000000028,39.4622,39.5322,T,Y,0,0,scooter,157,39.1922,39.5322,a,yelling
BOOB69420_mono,BOOB69420_mono_0152,EH,468,0.05999699999999564,39.612202,39.672199,Y,L,0,1,yelling,158,39.5322,39.9622,scooter,zoom
BOOB69420_mono,BOOB69420_mono_0153,IH,470,0.07000000000000028,39.742199,39.812199,L,NG,0,0,yelling,158,39.5322,39.9622,scooter,zoom
BOOB69420_mono,BOOB69420_mono_0154,UW,473,0.09999900000000395,40.0522,40.152199,Z,M,0,1,zoom,159,39.9622,40.242199,yelling,zoom
BOOB69420_mono,BOOB69420_mono_0155,UW,476,0.16999799999999965,40.322201,40.492199,Z,M,0,1,zoom,160,40.242199,40.672199,zoom,-
BOOB69420_mono,BOOB69420_mono_0156,AY,480,0.050003000000003794,41.048199,41.098202,L,K,0,1,like,162,41.0182,41.158199,-,it
BOOB69420_mono,BOOB69420_mono_0157,IH,482,0.060001999999997224,41.158199,41.218201,K,T,0,1,it,163,41.158199,41.248199,like,was
BOOB69420_mono,BOOB69420_mono_0158,AH,485,0.05000299999999669,41.278198,41.328201,W,Z,0,0,was,164,41.248199,41.368198,it,a
BOOB69420_mono,BOOB69420_mono_0159,AH,487,0.050003000000003794,41.368198,41.418201,Z,S,0,0,a,165,41.368198,41.418201,was,sound
BOOB69420_mono,BOOB69420_mono_0160,AW,489,0.07000000000000028,41.5182,41.5882,S,N,0,1,sound,166,41.418201,41.648201,a,effect
BOOB69420_mono,BOOB69420_mono_0161,AH,492,0.04000099999999662,41.648201,41.688202,D,F,0,0,effect,167,41.648201,41.938202,sound,that
BOOB69420_mono,BOOB69420_mono_0162,EH,494,0.060001999999997224,41.778198,41.8382,F,K,0,1,effect,167,41.648201,41.938202,sound,that
BOOB69420_mono,BOOB69420_mono_0163,AH,498,0.04000099999999662,41.968201,42.008202,DH,T,0,0,that,168,41.938202,42.058201,effect,summoned
BOOB69420_mono,BOOB69420_mono_0164,AH,501,0.04999999999999716,42.168201,42.218201,S,M,0,1,summoned,169,42.058201,42.408199,that,speed
BOOB69420_mono,--,AH,503,0.029998999999996556,42.2882,42.318199,M,N,1,0,summoned,169,42.058201,42.408199,that,speed
BOOB69420_mono,BOOB69420_mono_0165,IY,508,0.21999700000000644,42.558201,42.778198,P,D,0,1,speed,170,42.408199,42.8382,summoned,-
BOOB69420_mono,BOOB69420_mono_0166,AY,511,0.060001999999997224,43.925598,43.9856,-,S,0,1,i,172,43.925598,43.9856,-,sat
BOOB69420_mono,BOOB69420_mono_0167,AE,513,0.09000100000000089,44.105598,44.195599,S,T,0,1,sat,173,43.9856,44.225601,i,under
BOOB69420_mono,BOOB69420_mono_0168,AH,515,0.04999899999999968,44.225601,44.2756,T,N,0,1,under,174,44.225601,44.4356,sat,a
BOOB69420_mono,BOOB69420_mono_0169,ER,518,0.09000000000000341,44.3456,44.4356,D,AH0,0,0,under,174,44.225601,44.4356,sat,a
BOOB69420_mono,BOOB69420_mono_0170,AH,519,0.0899999999999963,44.4356,44.5256,ER0,T,0,0,a,175,44.4356,44.5256,under,tree
BOOB69420_mono,BOOB69420_mono_0171,IY,522,0.19000199999999978,44.695599,44.885601,R,-,0,1,tree,176,44.5256,44.885601,a,-
BOOB69420_mono,--,IH,525,0.029998999999996556,45.1721,45.202099,L,S,1,1,listened,178,45.142101,45.3521,-,to
BOOB69420_mono,--,AH,527,0.02999900000000366,45.2621,45.292099,S,N,1,0,listened,178,45.142101,45.3521,-,to
BOOB69420_mono,BOOB69420_mono_0172,UW,531,0.04000100000000373,45.4021,45.442101,T,DH,0,1,to,179,45.3521,45.442101,listened,the
BOOB69420_mono,BOOB69420_mono_0173,AH,533,0.03999799999999709,45.482101,45.522099,DH,B,0,0,the,180,45.442101,45.522099,to,breeze
BOOB69420_mono,BOOB69420_mono_0174,IY,536,0.14000399999999757,45.682098,45.822102,R,Z,0,1,breeze,181,45.522099,45.9021,the,and
BOOB69420_mono,BOOB69420_mono_0175,AH,538,0.06000099999999975,45.9021,45.962101,Z,N,0,0,and,182,45.9021,46.072102,breeze,watched
BOOB69420_mono,BOOB69420_mono_0176,AA,542,0.10000200000000348,46.132099,46.232101,W,CH,0,1,watched,183,46.072102,46.3521,and,a
BOOB69420_mono,BOOB69420_mono_0177,AH,545,0.04000099999999662,46.3521,46.392101,T,Y,0,0,a,184,46.3521,46.392101,watched,yellow
BOOB69420_mono,BOOB69420_mono_0178,EH,547,0.04999999999999716,46.482101,46.532101,Y,L,0,1,yellow,185,46.392101,46.632099,a,balloon
BOOB69420_mono,BOOB69420_mono_0179,OW,549,0.04999899999999968,46.5821,46.632099,L,B,0,0,yellow,185,46.392101,46.632099,a,balloon
BOOB69420_mono,--,AH,551,0.00999800000000306,46.712101,46.722099,B,L,1,0,balloon,186,46.632099,46.912102,yellow,get
BOOB69420_mono,BOOB69420_mono_0180,UW,553,0.06999999999999318,46.812099,46.882099,L,N,0,1,balloon,186,46.632099,46.912102,yellow,get
BOOB69420_mono,BOOB69420_mono_0181,IH,556,0.04999999999999716,46.982101,47.032101,G,T,0,1,get,187,46.912102,47.072102,balloon,tangled
BOOB69420_mono,BOOB69420_mono_0182,AE,559,0.030002999999993563,47.182098,47.212101,T,NG,0,1,tangled,188,47.072102,47.452099,get,in
BOOB69420_mono,--,AH,562,0.02999799999999908,47.322102,47.3521,G,L,1,0,tangled,188,47.072102,47.452099,get,in
BOOB69420_mono,BOOB69420_mono_0183,IH,565,0.030002000000003193,47.452099,47.482101,D,N,0,0,in,189,47.452099,47.532101,tangled,a
BOOB69420_mono,BOOB69420_mono_0184,AH,567,0.04000100000000373,47.532101,47.572102,N,P,0,0,a,190,47.532101,47.572102,in,power
BOOB69420_mono,BOOB69420_mono_0185,AW,569,0.1100009999999969,47.682098,47.792099,P,ER0,0,1,power,191,47.572102,47.8321,a,line
BOOB69420_mono,BOOB69420_mono_0186,ER,570,0.04000099999999662,47.792099,47.8321,AW1,L,0,0,power,191,47.572102,47.8321,a,line
BOOB69420_mono,BOOB69420_mono_0187,AY,572,0.07999800000000334,47.912102,47.9921,L,N,0,1,line,192,47.8321,48.072102,power,-
BOOB69420_mono,--,IH,576,0.029998999999996556,48.8008,48.830799,W,R,1,1,weird,194,48.760799,48.950802,-,morning
BOOB69420_mono,BOOB69420_mono_0188,AO,580,0.030003000000000668,48.990799,49.020802,M,R,0,1,morning,195,48.950802,49.260799,weird,-
BOOB69420_mono,BOOB69420_mono_0189,IH,583,0.04999899999999968,49.110802,49.160801,N,NG,0,0,morning,195,48.950802,49.260799,weird,-
BOOB69420_mono,--,AH,587,0.02999900000000366,49.503502,49.533501,B,T,1,1,but,197,49.473499,49.563499,-,honestly
BOOB69420_mono,BOOB69420_mono_0190,AA,589,0.11999899999999997,49.563499,49.683498,T,N,0,1,honestly,198,49.563499,50.0835,but,-
BOOB69420_mono,--,AH,591,0.02999900000000366,49.7435,49.773499,N,S,1,0,honestly,198,49.563499,50.0835,but,-
BOOB69420_mono,BOOB69420_mono_0191,IY,594,0.15000200000000063,49.933498,50.0835,L,-,0,0,honestly,198,49.563499,50.0835,but,-
BOOB69420_mono,BOOB69420_mono_0192,AA,597,0.030003000000000668,50.303299,50.333302,N,T,0,1,not,200,50.2733,50.383301,-,the
BOOB69420_mono,--,AH,600,0.02999799999999908,50.4133,50.443298,DH,W,1,0,the,201,50.383301,50.443298,not,worst
BOOB69420_mono,BOOB69420_mono_0193,ER,602,0.09000100000000089,50.533298,50.623299,W,S,0,1,worst,202,50.443298,50.783298,the,-
BRG912QD5_mono,--,OW,3,0.029999999999999805,3.2458,3.2758,S,DH,1,1,so,2,3.1558,3.2758,-,this
BRG912QD5_mono,BRG912QD5_mono_0001,IH,5,0.07000000000000028,3.3158,3.3858,DH,S,0,1,this,3,3.2758,3.4858,so,morning
BRG912QD5_mono,BRG912QD5_mono_0002,AO,8,0.1200000000000001,3.5458,3.6658,M,R,0,1,morning,4,3.4858,3.9158,this,-
BRG912QD5_mono,BRG912QD5_mono_0003,IH,11,0.06999999999999984,3.7458,3.8158,N,NG,0,0,morning,4,3.4858,3.9158,this,-
BRG912QD5_mono,BRG912QD5_mono_0004,AY,14,0.04999999999999982,4.2308,4.2808,-,W,0,1,i,6,4.2308,4.2808,-,woke
BRG912QD5_mono,BRG912QD5_mono_0005,OW,16,0.0600000000000005,4.3908,4.4508,W,K,0,1,woke,7,4.2808,4.5208,i,up
BRG912QD5_mono,BRG912QD5_mono_0006,AH,18,0.04999999999999982,4.5208,4.5708,K,P,0,1,up,8,4.5208,4.6508,woke,late
BRG912QD5_mono,BRG912QD5_mono_0007,EY,21,0.11999999999999922,4.7308,4.8508,L,T,0,1,late,9,4.6508,4.8908,up,and
BRG912QD5_mono,BRG912QD5_mono_0008,AH,23,0.03000000000000025,4.8908,4.9208,T,N,0,0,and,10,4.8908,4.9808,late,immediately
BRG912QD5_mono,--,IH,26,0.02999999999999936,4.9808,5.0108,D,M,1,0,immediately,11,4.9808,5.3608,and,stubbed
BRG912QD5_mono,BRG912QD5_mono_0009,IY,28,0.05000000000000071,5.1008,5.1508,M,D,0,1,immediately,11,4.9808,5.3608,and,stubbed
BRG912QD5_mono,BRG912QD5_mono_0010,IY,30,0.05000000000000071,5.1808,5.2308,D,AH0,0,0,immediately,11,4.9808,5.3608,and,stubbed
BRG912QD5_mono,BRG912QD5_mono_0011,AH,31,0.040000000000000036,5.2308,5.2708,IY0,T,0,0,immediately,11,4.9808,5.3608,and,stubbed
BRG912QD5_mono,BRG912QD5_mono_0012,IY,34,0.03000000000000025,5.3308,5.3608,L,S,0,0,immediately,11,4.9808,5.3608,and,stubbed
BRG912QD5_mono,BRG912QD5_mono_0013,AH,37,0.05000000000000071,5.5108,5.5608,T,B,0,1,stubbed,12,5.3608,5.6008,immediately,my
BRG912QD5_mono,BRG912QD5_mono_0014,AY,41,0.08000000000000007,5.6308,5.7108,M,T,0,1,my,13,5.6008,5.7108,stubbed,toe
BRG912QD5_mono,BRG912QD5_mono_0015,OW,43,0.040000000000000036,5.8408,5.8808,T,AA1,0,1,toe,14,5.7108,5.8808,my,on
BRG912QD5_mono,BRG912QD5_mono_0016,AA,44,0.040000000000000036,5.8808,5.9208,OW1,N,0,1,on,15,5.8808,5.9708,toe,the
BRG912QD5_mono,BRG912QD5_mono_0017,AH,47,0.03000000000000025,6.0008,6.0308,DH,D,0,0,the,16,5.9708,6.0308,on,dresser
BRG912QD5_mono,BRG912QD5_mono_0018,EH,50,0.05999999999999961,6.1608,6.2208,R,S,0,1,dresser,17,6.0308,6.3808,the,-
BRG912QD5_mono,BRG912QD5_mono_0019,ER,52,0.040000000000000036,6.3408,6.3808,S,-,0,0,dresser,17,6.0308,6.3808,the,-
BRG912QD5_mono,BRG912QD5_mono_0020,EY,56,0.11000000000000032,6.9624,7.0724,R,T,0,1,great,19,6.8424,7.1324,-,start
BRG912QD5_mono,BRG912QD5_mono_0021,AA,60,0.07000000000000028,7.2824,7.3524,T,R,0,1,start,20,7.1324,7.5124,great,-
BRG912QD5_mono,BRG912QD5_mono_0022,AY,65,0.1299999999999999,7.6024,7.7324,R,T,0,1,right,22,7.5424,7.7624,-,-
BRG912QD5_mono,BRG912QD5_mono_0023,AY,68,0.08999999999999986,8.5305,8.6205,-,G,0,1,i,24,8.5305,8.6205,-,grumbled
BRG912QD5_mono,BRG912QD5_mono_0024,AH,71,0.07000000000000028,8.7705,8.8405,R,M,0,1,grumbled,25,8.6205,9.0705,i,something
BRG912QD5_mono,--,AH,74,0.009999999999999787,8.9405,8.9505,B,L,1,0,grumbled,25,8.6205,9.0705,i,something
BRG912QD5_mono,BRG912QD5_mono_0025,AH,78,0.040000000000000924,9.1505,9.1905,S,M,0,1,something,26,9.0705,9.3305,grumbled,half
BRG912QD5_mono,--,IH,81,0.02999999999999936,9.2505,9.2805,TH,NG,1,0,something,26,9.0705,9.3305,grumbled,half
BRG912QD5_mono,BRG912QD5_mono_0026,AE,84,0.10000000000000142,9.4005,9.5005,HH,F,0,1,half,27,9.3305,9.5905,something,conscious
BRG912QD5_mono,BRG912QD5_mono_0027,AA,87,0.11000000000000121,9.6505,9.7605,K,N,0,1,conscious,28,9.5905,10.2105,half,-
BRG912QD5_mono,BRG912QD5_mono_0028,AH,90,0.120000000000001,9.9005,10.0205,SH,S,0,0,conscious,28,9.5905,10.2105,half,-
BRG912QD5_mono,BRG912QD5_mono_0029,AE,95,0.10999999999999943,10.4018,10.5118,R,B,0,1,grabbed,30,10.3218,10.5818,-,whatever
BRG912QD5_mono,--,AH,99,0.02999999999999936,10.6118,10.6418,W,T,1,2,whatever,31,10.5818,10.8418,grabbed,shirt
BRG912QD5_mono,BRG912QD5_mono_0030,EH,101,0.03999999999999915,10.6818,10.7218,T,V,0,1,whatever,31,10.5818,10.8418,grabbed,shirt
BRG912QD5_mono,BRG912QD5_mono_0031,ER,103,0.08999999999999986,10.7518,10.8418,V,SH,0,0,whatever,31,10.5818,10.8418,grabbed,shirt
BRG912QD5_mono,BRG912QD5_mono_0032,ER,105,0.040000000000000924,10.9818,11.0218,SH,T,0,1,shirt,32,10.8418,11.0518,whatever,was
BRG912QD5_mono,BRG912QD5_mono_0033,AH,108,0.030000000000001137,11.0818,11.1118,W,Z,0,0,was,33,11.0518,11.1718,shirt,clean
BRG912QD5_mono,BRG912QD5_mono_0034,IY,112,0.0600000000000005,11.3218,11.3818,L,N,0,1,clean,34,11.1718,11.4318,was,ish
BRG912QD5_mono,BRG912QD5_mono_0035,IH,114,0.08999999999999986,11.4318,11.5218,N,SH,0,1,ish,35,11.4318,11.6218,clean,and
BRG912QD5_mono,BRG912QD5_mono_0036,AH,116,0.0600000000000005,11.6218,11.6818,SH,N,0,0,and,36,11.6218,11.7418,ish,headed
BRG912QD5_mono,--,EH,120,0.02999999999999936,11.8018,11.8318,HH,D,1,1,headed,37,11.7418,11.9518,and,out
BRG912QD5_mono,BRG912QD5_mono_0037,AH,122,0.05999999999999872,11.8618,11.9218,D,D,0,0,headed,37,11.7418,11.9518,and,out
BRG912QD5_mono,BRG912QD5_mono_0038,AW,124,0.16999999999999993,11.9518,12.1218,D,T,0,1,out,38,11.9518,12.1529,headed,-
BRG912QD5_mono,BRG912QD5_mono_0039,AH,128,0.040000000000000924,12.8217,12.8617,DH,S,0,0,the,40,12.8117,12.8617,-,sky
BRG912QD5_mono,BRG912QD5_mono_0040,AY,131,0.11000000000000121,13.0217,13.1317,K,L,0,1,sky,41,12.8617,13.1317,the,looked
BRG912QD5_mono,BRG912QD5_mono_0041,UH,133,0.0600000000000005,13.1817,13.2417,L,K,0,1,looked,42,13.1317,13.3517,sky,weird
BRG912QD5_mono,BRG912QD5_mono_0042,IH,137,0.08999999999999986,13.4417,13.5317,W,R,0,1,weird,43,13.3517,13.6617,looked,-
BRG912QD5_mono,BRG912QD5_mono_0043,AY,142,0.040000000000000924,14.0087,14.0487,L,K,0,1,like,45,13.9787,14.0987,-,that
BRG912QD5_mono,BRG912QD5_mono_0044,AE,145,0.0600000000000005,14.1387,14.1987,DH,T,0,1,that,46,14.0987,14.2587,like,shade
BRG912QD5_mono,BRG912QD5_mono_0045,EY,148,0.030000000000001137,14.3487,14.3787,SH,D,0,1,shade,47,14.2587,14.4087,that,of
BRG912QD5_mono,BRG912QD5_mono_0046,AH,150,0.05000000000000071,14.4087,14.4587,D,V,0,0,of,48,14.4087,14.5587,shade,blue
BRG912QD5_mono,BRG912QD5_mono_0047,UW,154,0.10999999999999943,14.7087,14.8187,L,G,0,1,blue,49,14.5587,14.8187,of,gray
BRG912QD5_mono,BRG912QD5_mono_0048,EY,157,0.11999999999999922,14.9587,15.0787,R,DH,0,1,gray,50,14.8187,15.0787,blue,that
BRG912QD5_mono,BRG912QD5_mono_0049,AE,159,0.040000000000000924,15.1587,15.1987,DH,T,0,1,that,51,15.0787,15.2887,gray,makes
BRG912QD5_mono,BRG912QD5_mono_0050,EY,162,0.0600000000000005,15.3387,15.3987,M,K,0,1,makes,52,15.2887,15.5187,that,you
BRG912QD5_mono,--,UW,166,0.02999999999999936,15.5487,15.5787,Y,K,1,1,you,53,15.5187,15.5787,makes,question
BRG912QD5_mono,BRG912QD5_mono_0051,EH,169,0.049999999999998934,15.7087,15.7587,W,S,0,1,question,54,15.5787,15.9487,you,if
BRG912QD5_mono,--,AH,172,0.02999999999999936,15.8787,15.9087,CH,N,1,0,question,54,15.5787,15.9487,you,if
BRG912QD5_mono,BRG912QD5_mono_0052,IH,174,0.03999999999999915,15.9487,15.9887,N,F,0,0,if,55,15.9487,16.0387,question,it's
BRG912QD5_mono,BRG912QD5_mono_0053,IH,176,0.030001000000002165,16.0387,16.068701,F,T,0,0,it's,56,16.0387,16.1387,if,about
BRG912QD5_mono,--,AH,179,0.02999900000000011,16.1387,16.168699,S,B,1,0,about,57,16.1387,16.3587,it's,to
BRG912QD5_mono,BRG912QD5_mono_0054,AW,181,0.07000000000000028,16.238701,16.308701,B,T,0,1,about,57,16.1387,16.3587,it's,to
BRG912QD5_mono,BRG912QD5_mono_0055,AH,184,0.03999899999999812,16.408701,16.4487,T,R,0,0,to,58,16.3587,16.4487,about,rain
BRG912QD5_mono,BRG912QD5_mono_0056,EY,186,0.0799999999999983,16.5287,16.6087,R,N,0,1,rain,59,16.4487,16.668699,to,or
BRG912QD5_mono,BRG912QD5_mono_0057,ER,188,0.06000200000000078,16.668699,16.728701,N,N,0,0,or,60,16.668699,16.728701,rain,not
BRG912QD5_mono,BRG912QD5_mono_0058,AA,190,0.07000000000000028,16.7787,16.8487,N,T,0,1,not,61,16.728701,16.928699,or,-
BRG912QD5_mono,BRG912QD5_mono_0059,AY,193,0.059999000000001246,17.659401,17.7194,-,S,0,1,i,63,17.659401,17.7194,-,stopped
BRG912QD5_mono,BRG912QD5_mono_0060,AA,196,0.10999799999999738,17.899401,18.009399,T,P,0,1,stopped,64,17.7194,18.069401,i,by
BRG912QD5_mono,BRG912QD5_mono_0061,AY,200,0.059999000000001246,18.0994,18.159399,B,DH,0,1,by,65,18.069401,18.159399,stopped,the
BRG912QD5_mono,BRG912QD5_mono_0062,AH,202,0.04999899999999968,18.1994,18.249399,DH,K,0,0,the,66,18.159399,18.249399,by,corner
BRG912QD5_mono,BRG912QD5_mono_0063,AO,204,0.040001000000000175,18.3594,18.399401,K,R,0,1,corner,67,18.249399,18.509399,the,store
BRG912QD5_mono,BRG912QD5_mono_0064,ER,207,0.03999899999999812,18.4694,18.509399,N,S,0,0,corner,67,18.249399,18.509399,the,store
BRG912QD5_mono,BRG912QD5_mono_0065,AO,210,0.03999900000000167,18.6394,18.679399,T,R,0,1,store,68,18.509399,18.7194,corner,to
BRG912QD5_mono,BRG912QD5_mono_0066,AH,213,0.030001000000002165,18.759399,18.7894,T,G,0,0,to,69,18.7194,18.7894,store,grab
BRG912QD5_mono,BRG912QD5_mono_0067,AE,216,0.05000000000000071,18.8894,18.9394,R,B,0,1,grab,70,18.7894,18.999399,to,a
BRG912QD5_mono,BRG912QD5_mono_0068,AH,218,0.050000999999998186,18.999399,19.0494,B,T,0,0,a,71,18.999399,19.0494,grab,toasted
BRG912QD5_mono,BRG912QD5_mono_0069,OW,220,0.06000200000000078,19.169399,19.229401,T,S,0,1,toasted,72,19.0494,19.419399,a,bagel
BRG912QD5_mono,BRG912QD5_mono_0070,IH,223,0.030001000000002165,19.329399,19.3594,T,D,0,0,toasted,72,19.0494,19.419399,a,bagel
BRG912QD5_mono,BRG912QD5_mono_0071,EY,226,0.11000100000000046,19.4594,19.569401,B,G,0,1,bagel,73,19.419399,19.739399,toasted,and
BRG912QD5_mono,BRG912QD5_mono_0072,AH,228,0.03999900000000167,19.6194,19.659399,G,L,0,0,bagel,73,19.419399,19.739399,toasted,and
BRG912QD5_mono,BRG912QD5_mono_0073,AH,230,0.05000100000000174,19.739399,19.7894,L,N,0,0,and,74,19.739399,19.8594,bagel,orange
BRG912QD5_mono,BRG912QD5_mono_0074,AO,233,0.13999899999999954,19.8594,19.999399,D,R,0,1,orange,75,19.8594,20.229401,and,juice
BRG912QD5_mono,--,AH,235,0.02999900000000011,20.0494,20.079399,R,N,1,0,orange,75,19.8594,20.229401,and,juice
BRG912QD5_mono,BRG912QD5_mono_0075,UW,239,0.13000100000000003,20.2694,20.399401,JH,S,0,1,juice,76,20.229401,20.589399,orange,-
BRG912QD5_mono,--,AH,243,0.02999900000000011,20.956301,20.9863,B,DH,1,1,but,78,20.9163,20.9863,-,they
BRG912QD5_mono,BRG912QD5_mono_0076,EY,245,0.030000999999998612,21.0163,21.046301,DH,W,0,1,they,79,20.9863,21.046301,but,were
BRG912QD5_mono,BRG912QD5_mono_0077,ER,247,0.030000000000001137,21.0763,21.1063,W,B,0,0,were,80,21.046301,21.1063,they,both
BRG912QD5_mono,BRG912QD5_mono_0078,OW,249,0.1499990000000011,21.206301,21.3563,B,TH,0,1,both,81,21.1063,21.4186,were,-
BRG912QD5_mono,BRG912QD5_mono_0079,EY,253,0.059999000000001246,21.8032,21.863199,DH,W,0,1,they,83,21.7432,21.863199,-,were
BRG912QD5_mono,BRG912QD5_mono_0080,ER,255,0.040001000000000175,21.8932,21.933201,W,AW1,0,0,were,84,21.863199,21.933201,they,out
BRG912QD5_mono,BRG912QD5_mono_0081,AW,256,0.1099989999999984,21.933201,22.0432,ER0,T,0,1,out,85,21.933201,22.0832,were,of
BRG912QD5_mono,--,AH,258,0.02999900000000011,22.0832,22.113199,T,V,1,0,of,86,22.0832,22.173201,out,both
BRG912QD5_mono,BRG912QD5_mono_0082,OW,261,0.1499990000000011,22.2232,22.373199,B,TH,0,1,both,87,22.173201,22.4293,of,-
BRG912QD5_mono,--,AH,265,0.02999900000000011,23.002001,23.032,DH,K,1,0,the,89,22.962,23.032,-,cashier
BRG912QD5_mono,BRG912QD5_mono_0083,AE,267,0.08999999999999986,23.122,23.212,K,SH,0,0,cashier,90,23.032,23.402,the,joked
BRG912QD5_mono,BRG912QD5_mono_0084,IH,269,0.03999899999999812,23.322001,23.362,SH,R,0,1,cashier,90,23.032,23.402,the,joked
BRG912QD5_mono,BRG912QD5_mono_0085,OW,272,0.12000100000000202,23.511999,23.632,JH,K,0,1,joked,91,23.402,23.742001,cashier,-
BRG912QD5_mono,BRG912QD5_mono_0086,IH,276,0.050000999999998186,23.860399,23.9104,-,T,0,1,it's,93,23.860399,24.000401,-,monday
BRG912QD5_mono,BRG912QD5_mono_0087,AH,280,0.04999899999999968,24.0704,24.120399,M,N,0,1,monday,94,24.000401,24.3004,it's,energy
BRG912QD5_mono,BRG912QD5_mono_0088,EY,283,0.08999999999999986,24.2104,24.3004,D,EH1,0,2,monday,94,24.000401,24.3004,it's,energy
BRG912QD5_mono,BRG912QD5_mono_0089,EH,284,0.08999999999999986,24.3004,24.3904,EY2,N,0,1,energy,95,24.3004,24.7404,monday,-
BRG912QD5_mono,BRG912QD5_mono_0090,ER,286,0.040001000000000175,24.4604,24.500401,N,JH,0,0,energy,95,24.3004,24.7404,monday,-
BRG912QD5_mono,BRG912QD5_mono_0091,IY,288,0.13000100000000003,24.610399,24.7404,JH,-,0,0,energy,95,24.3004,24.7404,monday,-
BRG912QD5_mono,BRG912QD5_mono_0092,AH,290,0.030001000000002165,25.198299,25.2283,-,N,0,0,and,97,25.198299,25.2883,-,i
BRG912QD5_mono,BRG912QD5_mono_0093,AY,293,0.030000000000001137,25.2883,25.3183,D,HH,0,1,i,98,25.2883,25.3183,and,half
BRG912QD5_mono,BRG912QD5_mono_0094,AE,295,0.10000000000000142,25.3783,25.4783,HH,F,0,1,half,99,25.3183,25.598301,i,laughed
BRG912QD5_mono,BRG912QD5_mono_0095,AE,298,0.1099989999999984,25.6583,25.768299,L,F,0,1,laughed,100,25.598301,25.818501,half,-
BRG912QD5_mono,BRG912QD5_mono_0096,IH,303,0.030000999999998612,25.9163,25.946301,B,K,0,0,because,102,25.9063,26.216299,-,yeah
BRG912QD5_mono,BRG912QD5_mono_0097,AH,305,0.059999000000001246,26.0063,26.066299,K,Z,0,1,because,102,25.9063,26.216299,-,yeah
BRG912QD5_mono,BRG912QD5_mono_0098,AE,308,0.18000100000000074,26.2763,26.456301,Y,-,0,1,yeah,103,26.216299,26.456301,because,-
BRG912QD5_mono,BRG912QD5_mono_0099,UW,312,0.11000100000000046,26.816299,26.9263,R,-,0,1,true,105,26.6763,26.9263,-,-
BRG912QD5_mono,BRG912QD5_mono_0100,AY,314,0.04999899999999968,27.9025,27.952499,-,T,0,1,i,107,27.9025,27.952499,-,took
BRG912QD5_mono,BRG912QD5_mono_0101,UH,316,0.05000100000000174,28.0525,28.102501,T,K,0,1,took,108,27.952499,28.1625,i,a
BRG912QD5_mono,--,AH,318,0.02999900000000011,28.1625,28.192499,K,S,1,0,a,109,28.1625,28.192499,took,seat
BRG912QD5_mono,BRG912QD5_mono_0102,IY,320,0.1099989999999984,28.352501,28.4625,S,T,0,1,seat,110,28.192499,28.4925,a,near
BRG912QD5_mono,BRG912QD5_mono_0103,IH,323,0.050000999999998186,28.532499,28.5825,N,R,0,1,near,111,28.4925,28.612499,seat,the
BRG912QD5_mono,BRG912QD5_mono_0104,AH,326,0.04999899999999968,28.6525,28.702499,DH,W,0,0,the,112,28.612499,28.702499,near,window
BRG912QD5_mono,BRG912QD5_mono_0105,IH,328,0.03999999999999915,28.7925,28.8325,W,N,0,1,window,113,28.702499,29.102501,the,-
BRG912QD5_mono,BRG912QD5_mono_0106,OW,331,0.17999999999999972,28.922501,29.102501,D,-,0,0,window,113,28.702499,29.102501,the,-
BRG912QD5_mono,BRG912QD5_mono_0107,OW,336,0.03999900000000167,29.567801,29.6078,R,L,0,1,scrolled,115,29.347799,29.667801,-,my
BRG912QD5_mono,BRG912QD5_mono_0108,AY,340,0.08999999999999986,29.7078,29.7978,M,F,0,1,my,116,29.667801,29.7978,scrolled,phone
BRG912QD5_mono,BRG912QD5_mono_0109,OW,342,0.18000100000000074,29.927799,30.1078,F,N,0,1,phone,117,29.7978,30.1478,my,and
BRG912QD5_mono,BRG912QD5_mono_0110,AH,344,0.05999999999999872,30.1478,30.2078,N,N,0,0,and,118,30.1478,30.2778,phone,er
BRG912QD5_mono,BRG912QD5_mono_0111,ER,347,0.1499990000000011,30.2778,30.427799,D,-,0,0,er,119,30.2778,30.427799,and,-
BRG912QD5_mono,BRG912QD5_mono_0112,OW,349,0.07000000000000028,30.5378,30.6078,-,V,0,1,overheard,121,30.5378,30.927799,-,someone
BRG912QD5_mono,BRG912QD5_mono_0113,ER,351,0.059999000000001246,30.657801,30.7178,V,HH,0,0,overheard,121,30.5378,30.927799,-,someone
BRG912QD5_mono,BRG912QD5_mono_0114,ER,353,0.08999999999999986,30.7778,30.8678,HH,D,0,1,overheard,121,30.5378,30.927799,-,someone
BRG912QD5_mono,--,AH,356,0.02999900000000011,30.997801,31.0278,S,M,1,1,someone,122,30.927799,31.177799,overheard,say
BRG912QD5_mono,BRG912QD5_mono_0115,AH,359,0.030000000000001137,31.1178,31.1478,W,N,0,2,someone,122,30.927799,31.177799,overheard,say
BRG912QD5_mono,BRG912QD5_mono_0116,EY,362,0.17999999999999972,31.2978,31.4778,S,-,0,1,say,123,31.177799,31.4778,someone,-
BRG912QD5_mono,BRG912QD5_mono_0117,AH,365,0.04999899999999968,32.151001,32.201,DH,JH,0,0,the,125,32.120998,32.201,-,giraffe
BRG912QD5_mono,BRG912QD5_mono_0118,ER,367,0.14999800000000363,32.311001,32.460999,JH,AE1,0,0,giraffe,126,32.201,32.890999,the,exhibit
BRG912QD5_mono,BRG912QD5_mono_0119,AE,368,0.19999999999999574,32.460999,32.660999,ER0,F,0,1,giraffe,126,32.201,32.890999,the,exhibit
BRG912QD5_mono,BRG912QD5_mono_0120,IH,370,0.05000299999999669,32.890999,32.941002,F,G,0,0,exhibit,127,32.890999,33.341,giraffe,opens
BRG912QD5_mono,BRG912QD5_mono_0121,IH,373,0.0899999999999963,33.070999,33.160999,Z,B,0,1,exhibit,127,32.890999,33.341,giraffe,opens
BRG912QD5_mono,BRG912QD5_mono_0122,IH,375,0.0699989999999957,33.210999,33.280998,B,T,0,0,exhibit,127,32.890999,33.341,giraffe,opens
BRG912QD5_mono,BRG912QD5_mono_0123,OW,377,0.11999899999999997,33.341,33.460999,T,P,0,1,opens,128,33.341,33.691002,exhibit,at
BRG912QD5_mono,--,AH,379,0.02999900000000366,33.541,33.570999,P,N,1,0,opens,128,33.341,33.691002,exhibit,at
BRG912QD5_mono,BRG912QD5_mono_0124,AE,382,0.039996999999999616,33.691002,33.730999,Z,T,0,1,at,129,33.691002,33.780998,opens,noon
BRG912QD5_mono,BRG912QD5_mono_0125,UW,385,0.13000100000000003,33.861,33.991001,N,N,0,1,noon,130,33.780998,34.131001,at,-
BRG912QD5_mono,BRG912QD5_mono_0126,IH,389,0.030003000000000668,34.550098,34.580101,W,CH,0,1,which,132,34.5201,34.650101,-,felt
BRG912QD5_mono,--,EH,392,0.029998999999996556,34.740101,34.7701,F,L,1,1,felt,133,34.650101,34.890099,which,-
BRG912QD5_mono,BRG912QD5_mono_0127,AA,396,0.10999999999999943,34.990101,35.100101,-,D,0,1,oddly,135,34.990101,35.250099,-,profound
BRG912QD5_mono,BRG912QD5_mono_0128,IY,399,0.05999699999999564,35.190102,35.250099,L,P,0,0,oddly,135,34.990101,35.250099,-,profound
BRG912QD5_mono,BRG912QD5_mono_0129,OW,402,0.030002000000003193,35.390099,35.420101,R,F,0,0,profound,136,35.250099,35.750099,oddly,at
BRG912QD5_mono,BRG912QD5_mono_0130,AW,404,0.14999699999999905,35.530102,35.680099,F,N,0,1,profound,136,35.250099,35.750099,oddly,at
BRG912QD5_mono,BRG912QD5_mono_0131,AE,407,0.030003000000000668,35.750099,35.780102,D,T,0,1,at,137,35.750099,35.830101,profound,the
BRG912QD5_mono,BRG912QD5_mono_0132,AH,410,0.030002000000003193,35.890099,35.920101,DH,T,0,0,the,138,35.830101,35.920101,at,time
BRG912QD5_mono,BRG912QD5_mono_0133,AY,412,0.139998999999996,36.0401,36.180099,T,M,0,1,time,139,35.920101,36.240101,the,-
BRG912QD5_mono,BRG912QD5_mono_0134,AE,415,0.12999699999999592,37.120201,37.250198,-,F,0,1,after,141,37.120201,37.440201,-,a
BRG912QD5_mono,BRG912QD5_mono_0135,ER,418,0.06000200000000433,37.380199,37.440201,T,AH0,0,0,after,141,37.120201,37.440201,-,a
BRG912QD5_mono,BRG912QD5_mono_0136,AH,419,0.04999899999999968,37.440201,37.4902,ER0,F,0,0,a,142,37.440201,37.4902,after,few
BRG912QD5_mono,BRG912QD5_mono_0137,UW,422,0.04999899999999968,37.690201,37.7402,Y,B,0,1,few,143,37.4902,37.7402,a,bites
BRG912QD5_mono,BRG912QD5_mono_0138,AY,424,0.13000100000000003,37.840199,37.9702,B,T,0,1,bites,144,37.7402,38.0802,few,of
BRG912QD5_mono,--,AH,427,0.02999900000000366,38.0802,38.110199,S,V,1,0,of,145,38.0802,38.1502,bites,something
BRG912QD5_mono,BRG912QD5_mono_0139,AH,430,0.04000099999999662,38.2402,38.280201,S,M,0,1,something,146,38.1502,38.4702,of,vaguely
BRG912QD5_mono,BRG912QD5_mono_0140,IH,433,0.04000099999999662,38.360199,38.4002,TH,NG,0,0,something,146,38.1502,38.4702,of,vaguely
BRG912QD5_mono,BRG912QD5_mono_0141,EY,436,0.10000300000000095,38.540199,38.640202,V,G,0,1,vaguely,147,38.4702,38.850201,something,egg
BRG912QD5_mono,BRG912QD5_mono_0142,IY,439,0.10000300000000095,38.750198,38.850201,L,EH1,0,0,vaguely,147,38.4702,38.850201,something,egg
BRG912QD5_mono,BRG912QD5_mono_0143,EH,440,0.09999799999999937,38.850201,38.950199,IY0,G,0,1,egg,148,38.850201,39.030201,vaguely,shaped
BRG912QD5_mono,BRG912QD5_mono_0144,EY,443,0.12000299999999697,39.160198,39.280201,SH,P,0,1,shaped,149,39.030201,39.4702,egg,-
BRG912QD5_mono,BRG912QD5_mono_0145,AY,447,0.07999799999999624,39.732601,39.812599,-,W,0,1,i,151,39.732601,39.812599,-,wandered
BRG912QD5_mono,BRG912QD5_mono_0146,AA,449,0.06000200000000433,39.9426,40.002602,W,N,0,1,wandered,152,39.812599,40.182598,i,to
BRG912QD5_mono,--,ER,452,0.02999799999999908,40.0826,40.112598,D,D,1,0,wandered,152,39.812599,40.182598,i,to
BRG912QD5_mono,BRG912QD5_mono_0147,AH,455,0.030003000000000668,40.222599,40.252602,T,DH,0,0,to,153,40.182598,40.252602,wandered,the
BRG912QD5_mono,BRG912QD5_mono_0148,AH,457,0.04999899999999968,40.302601,40.3526,DH,P,0,1,the,154,40.252602,40.3526,to,park
BRG912QD5_mono,BRG912QD5_mono_0149,AA,459,0.04999899999999968,40.4426,40.492599,P,R,0,1,park,155,40.3526,40.622601,the,-
BRG912QD5_mono,BRG912QD5_mono_0150,AH,463,0.04999899999999968,41.4254,41.475399,-,K,0,0,a,157,41.4254,41.475399,-,kid
BRG912QD5_mono,BRG912QD5_mono_0151,IH,465,0.06999900000000281,41.5854,41.655399,K,D,0,1,kid,158,41.475399,41.735401,a,zoomed
BRG912QD5_mono,BRG912QD5_mono_0152,UW,468,0.11999899999999997,41.805401,41.9254,Z,M,0,1,zoomed,159,41.735401,41.985401,kid,by
BRG912QD5_mono,BRG912QD5_mono_0153,AY,472,0.13000100000000003,42.0154,42.145401,B,AA1,0,1,by,160,41.985401,42.145401,zoomed,on
BRG912QD5_mono,--,AA,473,0.02999900000000366,42.145401,42.1754,AY1,N,1,1,on,161,42.145401,42.225399,by,a
BRG912QD5_mono,BRG912QD5_mono_0154,AH,475,0.04999899999999968,42.225399,42.275398,N,S,0,0,a,162,42.225399,42.275398,on,scooter
BRG912QD5_mono,BRG912QD5_mono_0155,UW,478,0.04999899999999968,42.395401,42.4454,K,T,0,1,scooter,163,42.275398,42.505402,a,yelling
BRG912QD5_mono,BRG912QD5_mono_0156,ER,480,0.030002999999993563,42.475399,42.505402,T,Y,0,0,scooter,163,42.275398,42.505402,a,yelling
BRG912QD5_mono,BRG912QD5_mono_0157,EH,482,0.06000099999999975,42.5854,42.645401,Y,L,0,1,yelling,164,42.505402,42.8554,scooter,zoom
BRG912QD5_mono,BRG912QD5_mono_0158,IH,484,0.06000099999999975,42.705399,42.7654,L,NG,0,0,yelling,164,42.505402,42.8554,scooter,zoom
BRG912QD5_mono,BRG912QD5_mono_0159,UW,487,0.23999799999999993,42.9454,43.185398,Z,M,0,1,zoom,165,42.8554,43.305401,yelling,-
BRG912QD5_mono,BRG912QD5_mono_0160,UW,491,0.22000099999999634,43.588799,43.8088,Z,M,0,1,zoom,167,43.518799,43.9188,-,-
BRG912QD5_mono,BRG912QD5_mono_0161,AY,495,0.04999899999999968,44.4305,44.480499,L,K,0,1,like,169,44.400501,44.510502,-,it
BRG912QD5_mono,BRG912QD5_mono_0162,IH,497,0.07000000000000028,44.510502,44.580502,K,W,0,0,it,170,44.510502,44.580502,like,was
BRG912QD5_mono,--,AH,499,0.029998999999996556,44.6105,44.640499,W,Z,1,0,was,171,44.580502,44.670502,it,a
BRG912QD5_mono,BRG912QD5_mono_0163,AH,501,0.05999700000000274,44.670502,44.730499,Z,S,0,0,a,172,44.670502,44.730499,was,sound
BRG912QD5_mono,BRG912QD5_mono_0164,AW,503,0.11999899999999997,44.8605,44.980499,S,N,0,1,sound,173,44.730499,45.050499,a,effect
BRG912QD5_mono,BRG912QD5_mono_0165,AH,506,0.04000099999999662,45.050499,45.0905,D,F,0,0,effect,174,45.050499,45.390499,sound,that
BRG912QD5_mono,BRG912QD5_mono_0166,EH,508,0.07000000000000028,45.220501,45.290501,F,K,0,1,effect,174,45.050499,45.390499,sound,that
BRG912QD5_mono,--,AH,512,0.029998999999996556,45.4305,45.460499,DH,T,1,0,that,175,45.390499,45.560501,effect,summoned
BRG912QD5_mono,BRG912QD5_mono_0167,AH,515,0.07000000000000028,45.6105,45.6805,S,M,0,1,summoned,176,45.560501,45.8405,that,speed
BRG912QD5_mono,BRG912QD5_mono_0168,AH,517,0.030003000000000668,45.730499,45.760502,M,N,0,0,summoned,176,45.560501,45.8405,that,speed
BRG912QD5_mono,BRG912QD5_mono_0169,IY,522,0.14000000000000057,45.990501,46.130501,P,D,0,1,speed,177,45.8405,46.170502,summoned,-
BRG912QD5_mono,--,AY,525,0.029998999999996556,47.003799,47.033798,-,S,1,1,i,179,47.003799,47.033798,-,sat
BRG912QD5_mono,BRG912QD5_mono_0170,AE,527,0.07999800000000334,47.133801,47.213799,S,T,0,1,sat,180,47.033798,47.243801,i,under
BRG912QD5_mono,BRG912QD5_mono_0171,AH,529,0.04999899999999968,47.243801,47.2938,T,N,0,1,under,181,47.243801,47.473801,sat,a
BRG912QD5_mono,BRG912QD5_mono_0172,ER,532,0.06000200000000433,47.413799,47.473801,D,AH0,0,0,under,181,47.243801,47.473801,sat,a
BRG912QD5_mono,BRG912QD5_mono_0173,AH,533,0.04999899999999968,47.473801,47.5238,ER0,T,0,0,a,182,47.473801,47.5238,under,tree
BRG912QD5_mono,BRG912QD5_mono_0174,IY,536,0.1800009999999972,47.753799,47.9338,R,-,0,1,tree,183,47.5238,47.9338,a,-
BRG912QD5_mono,BRG912QD5_mono_0175,IH,539,0.04000099999999662,48.3134,48.353401,L,S,0,1,listened,185,48.243401,48.553398,-,to
BRG912QD5_mono,--,AH,541,0.029998999999996556,48.443401,48.4734,S,N,1,0,listened,185,48.243401,48.553398,-,to
BRG912QD5_mono,--,AH,545,0.029998999999996556,48.583401,48.6134,T,DH,1,0,to,186,48.553398,48.6134,listened,the
BRG912QD5_mono,BRG912QD5_mono_0176,AH,547,0.04000100000000373,48.6534,48.693401,DH,B,0,0,the,187,48.6134,48.693401,to,breeze
BRG912QD5_mono,BRG912QD5_mono_0177,IY,550,0.16999799999999965,48.853401,49.023399,R,Z,0,1,breeze,188,48.693401,49.1134,the,-
BRG912QD5_mono,--,AE,553,0.02999799999999908,49.176701,49.206699,-,N,1,1,and,190,49.176701,49.2967,-,watched
BRG912QD5_mono,BRG912QD5_mono_0178,AA,557,0.0899999999999963,49.346699,49.436699,W,CH,0,1,watched,191,49.2967,49.5867,and,a
BRG912QD5_mono,BRG912QD5_mono_0179,AH,560,0.07000000000000028,49.5867,49.6567,T,Y,0,0,a,192,49.5867,49.6567,watched,yellow
BRG912QD5_mono,BRG912QD5_mono_0180,EH,562,0.06000200000000433,49.736698,49.7967,Y,L,0,1,yellow,193,49.6567,49.896702,a,balloon
BRG912QD5_mono,BRG912QD5_mono_0181,OW,564,0.05000299999999669,49.846699,49.896702,L,B,0,0,yellow,193,49.6567,49.896702,a,balloon
BRG912QD5_mono,--,AH,566,0.010002000000000066,49.986698,49.9967,B,L,1,0,balloon,194,49.896702,50.256699,yellow,get
BRG912QD5_mono,BRG912QD5_mono_0182,UW,568,0.09999899999999684,50.0867,50.186699,L,N,0,1,balloon,194,49.896702,50.256699,yellow,get
BRG912QD5_mono,BRG912QD5_mono_0183,IH,571,0.04999899999999968,50.2967,50.346699,G,T,0,1,get,195,50.256699,50.396702,balloon,tangled
BRG912QD5_mono,BRG912QD5_mono_0184,AE,574,0.06000099999999975,50.4767,50.536701,T,NG,0,1,tangled,196,50.396702,50.7267,get,in
BRG912QD5_mono,BRG912QD5_mono_0185,AH,577,0.039996999999999616,50.626701,50.666698,G,L,0,0,tangled,196,50.396702,50.7267,get,in
BRG912QD5_mono,BRG912QD5_mono_0186,IH,580,0.04000099999999662,50.7267,50.766701,D,N,0,0,in,197,50.7267,50.7967,tangled,a
BRG912QD5_mono,BRG912QD5_mono_0187,AH,582,0.04999899999999968,50.7967,50.846699,N,P,0,0,a,198,50.7967,50.846699,in,power
BRG912QD5_mono,BRG912QD5_mono_0188,AW,584,0.1399990000000031,50.946701,51.0867,P,ER0,0,1,power,199,50.846699,51.116699,a,line
BRG912QD5_mono,--,ER,585,0.029998999999996556,51.0867,51.116699,AW1,L,1,0,power,199,50.846699,51.116699,a,line
BRG912QD5_mono,BRG912QD5_mono_0189,AY,587,0.060001999999997224,51.1567,51.216702,L,N,0,1,line,200,51.116699,51.2967,power,-
BRG912QD5_mono,BRG912QD5_mono_0190,IH,591,0.04000100000000373,51.821999,51.862,W,R,0,1,weird,202,51.782001,51.952,-,morning
BRG912QD5_mono,BRG912QD5_mono_0191,AO,595,0.07999900000000082,52.032001,52.112,M,R,0,1,morning,203,51.952,52.292,weird,-
BRG912QD5_mono,BRG912QD5_mono_0192,IH,598,0.039996999999999616,52.192001,52.231998,N,NG,0,0,morning,203,51.952,52.292,weird,-
BRG912QD5_mono,BRG912QD5_mono_0193,AH,602,0.030003000000000668,52.837799,52.867802,B,AA1,0,1,but,205,52.7878,52.867802,-,honestly
BRG912QD5_mono,BRG912QD5_mono_0194,AA,603,0.07999800000000334,52.867802,52.9478,AH1,N,0,1,honestly,206,52.867802,53.3078,but,-
BRG912QD5_mono,BRG912QD5_mono_0195,AH,605,0.04000100000000373,52.987801,53.027802,N,S,0,0,honestly,206,52.867802,53.3078,but,-
BRG912QD5_mono,BRG912QD5_mono_0196,IY,609,0.11999899999999997,53.187801,53.3078,L,-,0,0,honestly,206,52.867802,53.3078,but,-
BRG912QD5_mono,--,AA,612,0.029998000000006186,53.937901,53.967899,N,T,1,1,not,208,53.907902,54.0079,-,the
BRG912QD5_mono,--,AH,615,0.029998999999996556,54.047901,54.0779,DH,W,1,1,the,209,54.0079,54.0779,not,worst
BRG912QD5_mono,BRG912QD5_mono_0197,ER,617,0.0899959999999993,54.157902,54.247898,W,S,0,1,worst,210,54.0779,54.457901,the,-
CAMPUSRD1_mono,CAMPUSRD1_mono_0001,OW,3,0.040000000000000036,1.9781,2.0181,S,DH,0,1,so,2,1.9381,2.0181,-,this
CAMPUSRD1_mono,CAMPUSRD1_mono_0002,IH,5,0.050000000000000266,2.0681,2.1181,DH,S,0,1,this,3,2.0181,2.2281,so,morning
CAMPUSRD1_mono,CAMPUSRD1_mono_0003,AO,8,0.04999999999999982,2.2881,2.3381,M,R,0,1,morning,4,2.2281,2.6481,this,-
CAMPUSRD1_mono,CAMPUSRD1_mono_0004,IH,11,0.08999999999999986,2.4381,2.5281,N,NG,0,0,morning,4,2.2281,2.6481,this,-
CAMPUSRD1_mono,CAMPUSRD1_mono_0005,AY,14,0.040000000000000036,2.9822,3.0222,-,W,0,1,i,6,2.9822,3.0222,-,woke
CAMPUSRD1_mono,CAMPUSRD1_mono_0006,OW,16,0.06000000000000005,3.0722,3.1322,W,K,0,1,woke,7,3.0222,3.2222,i,up
CAMPUSRD1_mono,CAMPUSRD1_mono_0007,AH,18,0.03000000000000025,3.2222,3.2522,K,P,0,1,up,8,3.2222,3.3422,woke,late
CAMPUSRD1_mono,CAMPUSRD1_mono_0008,EY,21,0.07000000000000028,3.4322,3.5022,L,T,0,1,late,9,3.3422,3.5522,up,and
CAMPUSRD1_mono,CAMPUSRD1_mono_0009,AH,23,0.04999999999999982,3.5522,3.6022,T,N,0,0,and,10,3.5522,3.6822,late,immediately
CAMPUSRD1_mono,CAMPUSRD1_mono_0010,IH,26,0.03000000000000025,3.6822,3.7122,D,M,0,0,immediately,11,3.6822,4.1322,and,stubbed
CAMPUSRD1_mono,CAMPUSRD1_mono_0011,IY,28,0.08000000000000007,3.8022,3.8822,M,D,0,1,immediately,11,3.6822,4.1322,and,stubbed
CAMPUSRD1_mono,CAMPUSRD1_mono_0012,IY,30,0.07000000000000028,3.9122,3.9822,D,AH0,0,0,immediately,11,3.6822,4.1322,and,stubbed
CAMPUSRD1_mono,CAMPUSRD1_mono_0013,AH,31,0.03999999999999959,3.9822,4.0222,IY0,T,0,0,immediately,11,3.6822,4.1322,and,stubbed
CAMPUSRD1_mono,CAMPUSRD1_mono_0014,IY,34,0.040000000000000036,4.0922,4.1322,L,S,0,0,immediately,11,3.6822,4.1322,and,stubbed
CAMPUSRD1_mono,CAMPUSRD1_mono_0015,AH,37,0.0699999999999994,4.2922,4.3622,T,B,0,1,stubbed,12,4.1322,4.4222,immediately,my
CAMPUSRD1_mono,CAMPUSRD1_mono_0016,AY,41,0.08000000000000007,4.4622,4.5422,M,T,0,1,my,13,4.4222,4.5422,stubbed,toe
CAMPUSRD1_mono,CAMPUSRD1_mono_0017,OW,43,0.0600000000000005,4.6822,4.7422,T,AA1,0,1,toe,14,4.5422,4.7422,my,on
CAMPUSRD1_mono,CAMPUSRD1_mono_0018,AA,44,0.0699999999999994,4.7422,4.8122,OW1,N,0,1,on,15,4.7422,4.8622,toe,the
CAMPUSRD1_mono,CAMPUSRD1_mono_0019,AH,47,0.03000000000000025,4.8922,4.9222,DH,D,0,0,the,16,4.8622,4.9222,on,dresser
CAMPUSRD1_mono,CAMPUSRD1_mono_0020,EH,50,0.0600000000000005,5.0322,5.0922,R,S,0,1,dresser,17,4.9222,5.3022,the,-
CAMPUSRD1_mono,CAMPUSRD1_mono_0021,ER,52,0.09999999999999964,5.2022,5.3022,S,-,0,0,dresser,17,4.9222,5.3022,the,-
CAMPUSRD1_mono,CAMPUSRD1_mono_0022,EY,56,0.0600000000000005,5.8629,5.9229,R,T,0,1,great,19,5.7629,5.9829,-,start
CAMPUSRD1_mono,CAMPUSRD1_mono_0023,AA,60,0.0600000000000005,6.1229,6.1829,T,R,0,1,start,20,5.9829,6.3129,great,-
CAMPUSRD1_mono,CAMPUSRD1_mono_0024,AY,65,0.11000000000000032,6.5977,6.7077,R,T,0,1,right,22,6.5377,6.8077,-,-
CAMPUSRD1_mono,--,AY,68,0.02999999999999936,7.5387,7.5687,-,G,1,1,i,24,7.5387,7.5687,-,grumbled
CAMPUSRD1_mono,CAMPUSRD1_mono_0025,AH,71,0.040000000000000036,7.6687,7.7087,R,M,0,1,grumbled,25,7.5687,7.8887,i,something
CAMPUSRD1_mono,--,AH,74,0.009999999999999787,7.7887,7.7987,B,L,1,0,grumbled,25,7.5687,7.8887,i,something
CAMPUSRD1_mono,--,AH,78,0.02999999999999936,7.9187,7.9487,S,M,1,1,something,26,7.8887,8.1087,grumbled,half
CAMPUSRD1_mono,--,IH,81,0.02999999999999936,8.0387,8.0687,TH,NG,1,0,something,26,7.8887,8.1087,grumbled,half
CAMPUSRD1_mono,CAMPUSRD1_mono_0026,AE,84,0.129999999999999,8.1887,8.3187,HH,F,0,1,half,27,8.1087,8.46,something,-
CAMPUSRD1_mono,CAMPUSRD1_mono_0027,AA,88,0.07000000000000028,8.5701,8.6401,K,N,0,1,conscious,29,8.4901,8.9601,-,-
CAMPUSRD1_mono,CAMPUSRD1_mono_0028,AH,91,0.08000000000000007,8.7901,8.8701,SH,S,0,0,conscious,29,8.4901,8.9601,-,-
CAMPUSRD1_mono,CAMPUSRD1_mono_0029,AE,96,0.07000000000000028,9.533,9.603,R,B,0,1,grabbed,31,9.443,9.663,-,whatever
CAMPUSRD1_mono,CAMPUSRD1_mono_0030,AH,100,0.030000000000001137,9.693,9.723,W,T,0,2,whatever,32,9.663,9.923,grabbed,shirt
CAMPUSRD1_mono,CAMPUSRD1_mono_0031,EH,102,0.03999999999999915,9.753,9.793,T,V,0,1,whatever,32,9.663,9.923,grabbed,shirt
CAMPUSRD1_mono,CAMPUSRD1_mono_0032,ER,104,0.0600000000000005,9.863,9.923,V,SH,0,0,whatever,32,9.663,9.923,grabbed,shirt
CAMPUSRD1_mono,CAMPUSRD1_mono_0033,ER,106,0.08000000000000007,10.043,10.123,SH,T,0,1,shirt,33,9.923,10.153,whatever,was
CAMPUSRD1_mono,--,AH,109,0.02999999999999936,10.183,10.213,W,Z,1,0,was,34,10.153,10.273,shirt,<unk>
CAMPUSRD1_mono,CAMPUSRD1_mono_0034,AE,113,0.05000000000000071,10.9194,10.9694,-,N,0,1,and,37,10.9194,11.0294,-,headed
CAMPUSRD1_mono,CAMPUSRD1_mono_0035,EH,117,0.0600000000000005,11.0794,11.1394,HH,D,0,1,headed,38,11.0294,11.2494,and,out
CAMPUSRD1_mono,CAMPUSRD1_mono_0036,IH,119,0.030000000000001137,11.1694,11.1994,D,D,0,0,headed,38,11.0294,11.2494,and,out
CAMPUSRD1_mono,CAMPUSRD1_mono_0037,AW,121,0.13000000000000078,11.2494,11.3794,D,T,0,1,out,39,11.2494,11.4394,headed,-
CAMPUSRD1_mono,--,AH,125,0.02999999999999936,12.2002,12.2302,DH,S,1,0,the,41,12.1902,12.2302,-,sky
CAMPUSRD1_mono,CAMPUSRD1_mono_0038,AY,128,0.08999999999999986,12.3702,12.4602,K,L,0,1,sky,42,12.2302,12.4602,the,looked
CAMPUSRD1_mono,CAMPUSRD1_mono_0039,UH,130,0.03999999999999915,12.5402,12.5802,L,K,0,1,looked,43,12.4602,12.7102,sky,weird
CAMPUSRD1_mono,CAMPUSRD1_mono_0040,IH,134,0.09999999999999964,12.7902,12.8902,W,R,0,1,weird,44,12.7102,13.0602,looked,-
CAMPUSRD1_mono,--,AY,139,0.02999999999999936,13.2942,13.3242,L,K,1,1,like,46,13.2642,13.3542,-,that
CAMPUSRD1_mono,CAMPUSRD1_mono_0041,AE,142,0.05000000000000071,13.3942,13.4442,DH,T,0,1,that,47,13.3542,13.5042,like,shade
CAMPUSRD1_mono,CAMPUSRD1_mono_0042,EY,145,0.08999999999999986,13.6342,13.7242,SH,D,0,1,shade,48,13.5042,13.7642,that,of
CAMPUSRD1_mono,CAMPUSRD1_mono_0043,AH,147,0.049999999999998934,13.7642,13.8142,D,V,0,0,of,49,13.7642,13.9242,shade,blue
CAMPUSRD1_mono,CAMPUSRD1_mono_0044,UW,151,0.05999999999999872,14.0142,14.0742,L,G,0,1,blue,50,13.9242,14.0742,of,gray
CAMPUSRD1_mono,CAMPUSRD1_mono_0045,EY,154,0.08999999999999986,14.2142,14.3042,R,DH,0,1,gray,51,14.0742,14.3042,blue,that
CAMPUSRD1_mono,--,AE,156,0.02999999999999936,14.3542,14.3842,DH,T,1,1,that,52,14.3042,14.4142,gray,makes
CAMPUSRD1_mono,CAMPUSRD1_mono_0046,EY,159,0.07000000000000028,14.4542,14.5242,M,K,0,1,makes,53,14.4142,14.6342,that,you
CAMPUSRD1_mono,CAMPUSRD1_mono_0047,UW,163,0.030000000000001137,14.6642,14.6942,Y,K,0,1,you,54,14.6342,14.6942,makes,question
CAMPUSRD1_mono,CAMPUSRD1_mono_0048,EH,166,0.05000000000000071,14.8142,14.8642,W,S,0,1,question,55,14.6942,15.0742,you,if
CAMPUSRD1_mono,CAMPUSRD1_mono_0049,AH,169,0.030000000000001137,14.9942,15.0242,CH,N,0,0,question,55,14.6942,15.0742,you,if
CAMPUSRD1_mono,CAMPUSRD1_mono_0050,IH,171,0.040000000000000924,15.0742,15.1142,N,F,0,1,if,56,15.0742,15.1442,question,it's
CAMPUSRD1_mono,CAMPUSRD1_mono_0051,IH,173,0.030000000000001137,15.1442,15.1742,F,T,0,0,it's,57,15.1442,15.2742,if,about
CAMPUSRD1_mono,CAMPUSRD1_mono_0052,AH,176,0.03999999999999915,15.2742,15.3142,S,B,0,0,about,58,15.2742,15.4942,it's,to
CAMPUSRD1_mono,CAMPUSRD1_mono_0053,AW,178,0.07000000000000028,15.3542,15.4242,B,T,0,1,about,58,15.2742,15.4942,it's,to
CAMPUSRD1_mono,CAMPUSRD1_mono_0054,AH,181,0.05000000000000071,15.5542,15.6042,T,R,0,0,to,59,15.4942,15.6042,about,rain
CAMPUSRD1_mono,CAMPUSRD1_mono_0055,EY,183,0.11999899999999997,15.654201,15.7742,R,N,0,1,rain,60,15.6042,15.8142,to,or
CAMPUSRD1_mono,CAMPUSRD1_mono_0056,ER,185,0.08000000000000007,15.8142,15.8942,N,N,0,0,or,61,15.8142,15.8942,rain,not
CAMPUSRD1_mono,CAMPUSRD1_mono_0057,AA,187,0.03999999999999915,15.9242,15.9642,N,T,0,1,not,62,15.8942,16.0842,or,-
CAMPUSRD1_mono,CAMPUSRD1_mono_0058,AY,190,0.03999899999999812,16.8304,16.870399,-,S,0,1,i,64,16.8304,16.870399,-,stopped
CAMPUSRD1_mono,CAMPUSRD1_mono_0059,AA,193,0.06999899999999926,17.000401,17.0704,T,P,0,1,stopped,65,16.870399,17.110399,i,by
CAMPUSRD1_mono,CAMPUSRD1_mono_0060,AY,197,0.08999999999999986,17.1404,17.2304,B,DH,0,1,by,66,17.110399,17.2304,stopped,the
CAMPUSRD1_mono,--,AH,199,0.029999999999997584,17.2904,17.3204,DH,K,1,0,the,67,17.2304,17.3204,by,corner
CAMPUSRD1_mono,--,AO,201,0.02999900000000011,17.430401,17.4604,K,R,1,1,corner,68,17.3204,17.590401,the,store
CAMPUSRD1_mono,CAMPUSRD1_mono_0061,ER,204,0.050000999999998186,17.5404,17.590401,N,S,0,0,corner,68,17.3204,17.590401,the,store
CAMPUSRD1_mono,--,AO,207,0.02999900000000011,17.680401,17.7104,T,R,1,1,store,69,17.590401,17.750401,corner,to
CAMPUSRD1_mono,--,AH,210,0.029999999999997584,17.7904,17.8204,T,G,1,0,to,70,17.750401,17.8204,store,grab
CAMPUSRD1_mono,CAMPUSRD1_mono_0062,AE,213,0.06999900000000281,17.920401,17.9904,R,B,0,1,grab,71,17.8204,18.020399,to,a
CAMPUSRD1_mono,CAMPUSRD1_mono_0063,AH,215,0.050000999999998186,18.020399,18.0704,B,T,0,0,a,72,18.020399,18.0704,grab,toasted
CAMPUSRD1_mono,CAMPUSRD1_mono_0064,OW,217,0.04999899999999968,18.180401,18.2304,T,S,0,1,toasted,73,18.0704,18.440399,a,bagel
CAMPUSRD1_mono,--,IH,220,0.02999799999999908,18.340401,18.370399,T,D,1,0,toasted,73,18.0704,18.440399,a,bagel
CAMPUSRD1_mono,CAMPUSRD1_mono_0065,EY,223,0.10000000000000142,18.4804,18.5804,B,G,0,1,bagel,74,18.440399,18.7304,toasted,and
CAMPUSRD1_mono,--,AH,225,0.02999900000000011,18.6604,18.690399,G,L,1,0,bagel,74,18.440399,18.7304,toasted,and
CAMPUSRD1_mono,CAMPUSRD1_mono_0066,AH,227,0.03999900000000167,18.7304,18.770399,L,N,0,0,and,75,18.7304,18.850399,bagel,orange
CAMPUSRD1_mono,CAMPUSRD1_mono_0067,AO,230,0.040001000000000175,18.850399,18.8904,D,R,0,1,orange,76,18.850399,19.120399,and,juice
CAMPUSRD1_mono,CAMPUSRD1_mono_0068,AH,232,0.030001000000002165,18.940399,18.9704,R,N,0,0,orange,76,18.850399,19.120399,and,juice
CAMPUSRD1_mono,CAMPUSRD1_mono_0069,UW,236,0.0799999999999983,19.200399,19.280399,JH,S,0,1,juice,77,19.120399,19.3804,orange,-
CAMPUSRD1_mono,--,AH,240,0.02999799999999908,19.755301,19.785299,B,T,1,1,but,79,19.7453,19.8153,-,they
CAMPUSRD1_mono,CAMPUSRD1_mono_0070,EY,243,0.05999899999999769,19.855301,19.9153,DH,W,0,1,they,80,19.8153,19.9153,but,were
CAMPUSRD1_mono,CAMPUSRD1_mono_0071,ER,245,0.06000200000000078,19.945299,20.005301,W,AW1,0,0,were,81,19.9153,20.005301,they,out
CAMPUSRD1_mono,CAMPUSRD1_mono_0072,AW,246,0.06999899999999926,20.005301,20.0753,ER0,T,0,1,out,82,20.005301,20.115299,were,of
CAMPUSRD1_mono,CAMPUSRD1_mono_0073,AH,248,0.040001000000000175,20.115299,20.1553,T,V,0,0,of,83,20.115299,20.195299,out,both
CAMPUSRD1_mono,CAMPUSRD1_mono_0074,OW,251,0.10000000000000142,20.2353,20.3353,B,TH,0,1,both,84,20.195299,20.425301,of,-
CAMPUSRD1_mono,CAMPUSRD1_mono_0075,AH,255,0.030000000000001137,21.1192,21.1492,DH,K,0,0,the,86,21.089199,21.1492,-,cashier
CAMPUSRD1_mono,CAMPUSRD1_mono_0076,AE,257,0.0799999999999983,21.2192,21.2992,K,SH,0,0,cashier,87,21.1492,21.519199,the,joked
CAMPUSRD1_mono,CAMPUSRD1_mono_0077,IH,259,0.040001000000000175,21.4492,21.489201,SH,R,0,1,cashier,87,21.1492,21.519199,the,joked
CAMPUSRD1_mono,CAMPUSRD1_mono_0078,OW,262,0.08999999999999986,21.6292,21.7192,JH,K,0,1,joked,88,21.519199,21.839199,cashier,-
CAMPUSRD1_mono,CAMPUSRD1_mono_0079,IH,266,0.05999999999999872,22.2341,22.2941,-,T,0,1,it's,90,22.2341,22.424101,-,monday
CAMPUSRD1_mono,CAMPUSRD1_mono_0080,AH,270,0.05999999999999872,22.4841,22.5441,M,N,0,1,monday,91,22.424101,22.7241,it's,energy
CAMPUSRD1_mono,CAMPUSRD1_mono_0081,EY,273,0.10000000000000142,22.6241,22.7241,D,EH1,0,2,monday,91,22.424101,22.7241,it's,energy
CAMPUSRD1_mono,CAMPUSRD1_mono_0082,EH,274,0.0799999999999983,22.7241,22.8041,EY2,N,0,1,energy,92,22.7241,23.1141,monday,-
CAMPUSRD1_mono,CAMPUSRD1_mono_0083,ER,276,0.08000000000000185,22.844101,22.924101,N,JH,0,0,energy,92,22.7241,23.1141,monday,-
CAMPUSRD1_mono,CAMPUSRD1_mono_0084,IY,278,0.10999900000000196,23.004101,23.1141,JH,-,0,0,energy,92,22.7241,23.1141,monday,-
CAMPUSRD1_mono,CAMPUSRD1_mono_0085,AH,280,0.030000999999998612,23.459299,23.4893,-,N,0,0,and,94,23.459299,23.5693,-,i
CAMPUSRD1_mono,CAMPUSRD1_mono_0086,AY,283,0.030000000000001137,23.5693,23.5993,D,HH,0,1,i,95,23.5693,23.5993,and,half
CAMPUSRD1_mono,CAMPUSRD1_mono_0087,AE,285,0.10999800000000093,23.699301,23.809299,HH,F,0,1,half,96,23.5993,23.9193,i,laughed
CAMPUSRD1_mono,CAMPUSRD1_mono_0088,AE,288,0.08999999999999986,23.9793,24.0693,L,F,0,1,laughed,97,23.9193,24.1793,half,because
CAMPUSRD1_mono,CAMPUSRD1_mono_0089,IH,292,0.030000999999998612,24.209299,24.2393,B,K,0,0,because,98,24.1793,24.4993,laughed,-
CAMPUSRD1_mono,CAMPUSRD1_mono_0090,AH,294,0.06000200000000078,24.309299,24.369301,K,Z,0,1,because,98,24.1793,24.4993,laughed,-
CAMPUSRD1_mono,CAMPUSRD1_mono_0091,AE,298,0.19000099999999875,24.715799,24.9058,Y,-,0,1,yeah,100,24.6558,24.9058,-,-
CAMPUSRD1_mono,CAMPUSRD1_mono_0092,UW,302,0.14000199999999907,25.222099,25.362101,R,-,0,1,true,102,25.0821,25.362101,-,-
CAMPUSRD1_mono,--,AY,304,0.010000000000001563,26.0371,26.0471,-,T,1,1,i,104,26.0371,26.0471,-,took
CAMPUSRD1_mono,CAMPUSRD1_mono_0093,UH,306,0.05000000000000071,26.1471,26.1971,T,K,0,1,took,105,26.0471,26.247101,i,a
CAMPUSRD1_mono,CAMPUSRD1_mono_0094,AH,308,0.04999899999999968,26.247101,26.2971,K,S,0,0,a,106,26.247101,26.2971,took,seat
CAMPUSRD1_mono,CAMPUSRD1_mono_0095,IY,310,0.059999000000001246,26.417101,26.4771,S,T,0,1,seat,107,26.2971,26.517099,a,near
CAMPUSRD1_mono,CAMPUSRD1_mono_0096,IH,313,0.04999899999999968,26.567101,26.6171,N,R,0,1,near,108,26.517099,26.677099,seat,the
CAMPUSRD1_mono,CAMPUSRD1_mono_0097,AH,316,0.03999900000000167,26.7171,26.757099,DH,W,0,0,the,109,26.677099,26.757099,near,window
CAMPUSRD1_mono,CAMPUSRD1_mono_0098,IH,318,0.04999899999999968,26.817101,26.8671,W,N,0,1,window,110,26.757099,27.157101,the,-
CAMPUSRD1_mono,CAMPUSRD1_mono_0099,OW,321,0.1900010000000023,26.9671,27.157101,D,-,0,0,window,110,26.757099,27.157101,the,-
CAMPUSRD1_mono,CAMPUSRD1_mono_0100,OW,326,0.05999999999999872,27.7698,27.8298,R,L,0,1,scrolled,112,27.559799,28.0098,-,-
CAMPUSRD1_mono,CAMPUSRD1_mono_0101,AY,331,0.09999799999999937,28.212601,28.312599,M,F,0,1,my,114,28.1626,28.312599,-,phone
CAMPUSRD1_mono,CAMPUSRD1_mono_0102,OW,333,0.1700000000000017,28.462601,28.632601,F,N,0,1,phone,115,28.312599,28.722601,my,-
CAMPUSRD1_mono,CAMPUSRD1_mono_0103,AE,336,0.07000000000000028,29.0413,29.1113,-,N,0,1,and,117,29.0413,29.171301,-,overheard
CAMPUSRD1_mono,CAMPUSRD1_mono_0104,OW,339,0.04999899999999968,29.171301,29.2213,D,V,0,1,overheard,118,29.171301,29.4713,and,someone
CAMPUSRD1_mono,CAMPUSRD1_mono_0105,ER,341,0.030000999999998612,29.2913,29.321301,V,HH,0,0,overheard,118,29.171301,29.4713,and,someone
CAMPUSRD1_mono,CAMPUSRD1_mono_0106,ER,343,0.0799999999999983,29.351299,29.431299,HH,D,0,1,overheard,118,29.171301,29.4713,and,someone
CAMPUSRD1_mono,--,AH,346,0.029999999999997584,29.5313,29.5613,S,M,1,1,someone,119,29.4713,29.7113,overheard,say
CAMPUSRD1_mono,--,AH,349,0.029999999999997584,29.6213,29.6513,W,N,1,2,someone,119,29.4713,29.7113,overheard,say
CAMPUSRD1_mono,CAMPUSRD1_mono_0107,EY,352,0.22000000000000242,29.8113,30.0313,S,-,0,1,say,120,29.7113,30.0313,someone,-
CAMPUSRD1_mono,--,AH,355,0.029999999999997584,30.4949,30.5249,DH,JH,1,0,the,122,30.464899,30.5249,-,giraffe
CAMPUSRD1_mono,CAMPUSRD1_mono_0108,ER,357,0.09000100000000089,30.6049,30.694901,JH,AE1,0,0,giraffe,123,30.5249,30.894899,the,exhibit
CAMPUSRD1_mono,CAMPUSRD1_mono_0109,AE,358,0.09999999999999787,30.694901,30.794901,ER0,F,0,1,giraffe,123,30.5249,30.894899,the,exhibit
CAMPUSRD1_mono,CAMPUSRD1_mono_0110,IH,360,0.030001000000002165,30.894899,30.9249,F,G,0,0,exhibit,124,30.894899,31.2649,giraffe,opens
CAMPUSRD1_mono,CAMPUSRD1_mono_0111,IH,363,0.07000000000000028,31.044901,31.114901,Z,B,0,1,exhibit,124,30.894899,31.2649,giraffe,opens
CAMPUSRD1_mono,CAMPUSRD1_mono_0112,IH,365,0.07000000000000028,31.1649,31.2349,B,T,0,0,exhibit,124,30.894899,31.2649,giraffe,opens
CAMPUSRD1_mono,CAMPUSRD1_mono_0113,OW,367,0.1000009999999989,31.2649,31.364901,T,P,0,1,opens,125,31.2649,31.5849,exhibit,at
CAMPUSRD1_mono,--,AH,369,0.02999900000000011,31.454901,31.4849,P,N,1,0,opens,125,31.2649,31.5849,exhibit,at
CAMPUSRD1_mono,CAMPUSRD1_mono_0114,AE,372,0.07000000000000028,31.5849,31.6549,Z,T,0,1,at,126,31.5849,31.714899,opens,noon
CAMPUSRD1_mono,CAMPUSRD1_mono_0115,UW,375,0.03999900000000167,31.794901,31.8349,N,N,0,1,noon,127,31.714899,32.004898,at,-
CAMPUSRD1_mono,CAMPUSRD1_mono_0116,IH,379,0.04000099999999662,32.4883,32.528301,W,CH,0,1,which,129,32.418301,32.6283,-,felt
CAMPUSRD1_mono,--,EH,382,0.02999900000000366,32.698299,32.728298,F,L,1,1,felt,130,32.6283,32.818298,which,-
CAMPUSRD1_mono,CAMPUSRD1_mono_0117,AA,386,0.1399990000000031,32.848301,32.9883,-,D,0,1,oddly,132,32.848301,33.118301,-,profound
CAMPUSRD1_mono,CAMPUSRD1_mono_0118,IY,389,0.030002000000003193,33.088299,33.118301,L,P,0,0,oddly,132,32.848301,33.118301,-,profound
CAMPUSRD1_mono,--,OW,392,0.029998999999996556,33.2383,33.268299,R,F,1,0,profound,133,33.118301,33.528301,oddly,at
CAMPUSRD1_mono,CAMPUSRD1_mono_0119,AW,394,0.1100009999999969,33.358299,33.4683,F,N,0,1,profound,133,33.118301,33.528301,oddly,at
CAMPUSRD1_mono,--,AE,397,0.02999900000000366,33.528301,33.5583,D,T,1,1,at,134,33.528301,33.588299,profound,the
CAMPUSRD1_mono,--,AH,400,0.029998999999996556,33.618301,33.6483,DH,T,1,0,the,135,33.588299,33.6483,at,time
CAMPUSRD1_mono,CAMPUSRD1_mono_0120,AY,402,0.14000000000000057,33.7383,33.8783,T,M,0,1,time,136,33.6483,33.948299,the,-
CAMPUSRD1_mono,CAMPUSRD1_mono_0121,AE,405,0.07999799999999624,34.997601,35.077599,-,F,0,1,after,138,34.997601,35.2276,-,a
CAMPUSRD1_mono,--,ER,408,0.02999900000000366,35.197601,35.2276,T,AH0,1,0,after,138,34.997601,35.2276,-,a
CAMPUSRD1_mono,CAMPUSRD1_mono_0122,AH,409,0.04999899999999968,35.2276,35.277599,ER0,F,0,0,a,139,35.2276,35.277599,after,few
CAMPUSRD1_mono,CAMPUSRD1_mono_0123,UW,412,0.06000099999999975,35.4576,35.517601,Y,B,0,1,few,140,35.277599,35.517601,a,bites
CAMPUSRD1_mono,CAMPUSRD1_mono_0124,AY,414,0.1099969999999999,35.717602,35.827599,B,T,0,1,bites,141,35.517601,35.917599,few,of
CAMPUSRD1_mono,CAMPUSRD1_mono_0125,AH,417,0.030001999999996087,35.917599,35.947601,S,V,0,0,of,142,35.917599,35.9776,bites,something
CAMPUSRD1_mono,--,AH,420,0.02999900000000366,36.0676,36.097599,S,M,1,1,something,143,35.9776,36.307598,of,vaguely
CAMPUSRD1_mono,--,IH,423,0.029998999999996556,36.1576,36.187599,TH,NG,1,0,something,143,35.9776,36.307598,of,vaguely
CAMPUSRD1_mono,CAMPUSRD1_mono_0126,EY,426,0.12000299999999697,36.397598,36.517601,V,G,0,1,vaguely,144,36.307598,36.7976,something,egg
CAMPUSRD1_mono,CAMPUSRD1_mono_0127,IY,429,0.11999899999999997,36.677601,36.7976,L,EH1,0,0,vaguely,144,36.307598,36.7976,something,egg
CAMPUSRD1_mono,CAMPUSRD1_mono_0128,EH,430,0.0899999999999963,36.7976,36.8876,IY0,G,0,1,egg,145,36.7976,36.967602,vaguely,shaped
CAMPUSRD1_mono,CAMPUSRD1_mono_0129,EY,433,0.11999899999999997,37.087601,37.2076,SH,P,0,1,shaped,146,36.967602,37.287601,egg,-
CAMPUSRD1_mono,CAMPUSRD1_mono_0130,AY,437,0.04000099999999662,37.6623,37.702301,-,W,0,1,i,148,37.6623,37.702301,-,wandered
CAMPUSRD1_mono,CAMPUSRD1_mono_0131,AA,439,0.0699989999999957,37.852299,37.922298,W,N,0,1,wandered,149,37.702301,38.0923,i,to
CAMPUSRD1_mono,CAMPUSRD1_mono_0132,ER,442,0.050003000000003794,37.992298,38.042301,D,D,0,0,wandered,149,37.702301,38.0923,i,to
CAMPUSRD1_mono,--,AH,445,0.02999900000000366,38.132301,38.1623,T,DH,1,0,to,150,38.0923,38.1623,wandered,the
CAMPUSRD1_mono,--,AH,447,0.029998999999996556,38.222301,38.2523,DH,P,1,0,the,151,38.1623,38.2523,to,park
CAMPUSRD1_mono,CAMPUSRD1_mono_0133,AA,449,0.04000099999999662,38.332298,38.372299,P,R,0,1,park,152,38.2523,38.532299,the,-
CAMPUSRD1_mono,CAMPUSRD1_mono_0134,AH,453,0.04999899999999968,39.100201,39.1502,-,K,0,0,a,154,39.100201,39.1502,-,kid
CAMPUSRD1_mono,CAMPUSRD1_mono_0135,IH,455,0.07000000000000028,39.300201,39.370201,K,D,0,1,kid,155,39.1502,39.460201,a,zoomed
CAMPUSRD1_mono,CAMPUSRD1_mono_0136,UW,458,0.06000200000000433,39.500198,39.5602,Z,M,0,1,zoomed,156,39.460201,39.680199,kid,on
CAMPUSRD1_mono,CAMPUSRD1_mono_0137,AA,461,0.13000100000000003,39.680199,39.8102,D,N,0,1,on,157,39.680199,39.880199,zoomed,by
CAMPUSRD1_mono,CAMPUSRD1_mono_0138,AY,464,0.04999999999999716,39.9202,39.9702,B,AH0,0,1,by,158,39.880199,39.9702,on,a
CAMPUSRD1_mono,CAMPUSRD1_mono_0139,AH,465,0.09000000000000341,39.9702,40.0602,AY1,S,0,0,a,159,39.9702,40.0602,by,scooter
CAMPUSRD1_mono,CAMPUSRD1_mono_0140,UW,468,0.06999900000000281,40.2202,40.290199,K,T,0,1,scooter,160,40.0602,40.360199,a,yelling
CAMPUSRD1_mono,--,ER,470,0.02999900000000366,40.3302,40.360199,T,Y,1,0,scooter,160,40.0602,40.360199,a,yelling
CAMPUSRD1_mono,CAMPUSRD1_mono_0141,EH,472,0.08000200000000035,40.410198,40.4902,Y,L,0,1,yelling,161,40.360199,40.710201,scooter,-
CAMPUSRD1_mono,CAMPUSRD1_mono_0142,IH,474,0.060001999999997224,40.540199,40.600201,L,NG,0,0,yelling,161,40.360199,40.710201,scooter,-
CAMPUSRD1_mono,CAMPUSRD1_mono_0143,UW,478,0.1800009999999972,40.951801,41.131802,Z,M,0,1,zoom,163,40.881802,41.351799,-,zoom
CAMPUSRD1_mono,CAMPUSRD1_mono_0144,UW,481,0.15000199999999353,41.441799,41.591801,Z,M,0,1,zoom,164,41.351799,41.701801,zoom,-
CAMPUSRD1_mono,CAMPUSRD1_mono_0145,AY,485,0.04999899999999968,42.2034,42.253399,L,K,0,1,like,166,42.173401,42.343399,-,it
CAMPUSRD1_mono,CAMPUSRD1_mono_0146,IH,487,0.04999899999999968,42.343399,42.393398,K,T,0,1,it,167,42.343399,42.433399,like,was
CAMPUSRD1_mono,CAMPUSRD1_mono_0147,AH,490,0.03999999999999915,42.493401,42.533401,W,Z,0,0,was,168,42.433399,42.583401,it,a
CAMPUSRD1_mono,CAMPUSRD1_mono_0148,AH,492,0.04999899999999968,42.583401,42.6334,Z,S,0,0,a,169,42.583401,42.6334,was,sound
CAMPUSRD1_mono,CAMPUSRD1_mono_0149,AW,494,0.09000000000000341,42.7234,42.8134,S,N,0,1,sound,170,42.6334,42.893398,a,effect
CAMPUSRD1_mono,CAMPUSRD1_mono_0150,AH,497,0.030003000000000668,42.893398,42.923401,D,F,0,0,effect,171,42.893398,43.2034,sound,that
CAMPUSRD1_mono,CAMPUSRD1_mono_0151,EH,499,0.07000399999999729,43.053398,43.123402,F,K,0,1,effect,171,42.893398,43.2034,sound,that
CAMPUSRD1_mono,CAMPUSRD1_mono_0152,AH,503,0.030001999999996087,43.253399,43.283401,DH,T,0,0,that,172,43.2034,43.3834,effect,summoned
CAMPUSRD1_mono,CAMPUSRD1_mono_0153,AH,506,0.04000099999999662,43.433399,43.4734,S,M,0,1,summoned,173,43.3834,43.6334,that,speed
CAMPUSRD1_mono,CAMPUSRD1_mono_0154,AH,508,0.030001999999996087,43.503399,43.533401,M,N,0,0,summoned,173,43.3834,43.6334,that,speed
CAMPUSRD1_mono,CAMPUSRD1_mono_0155,IY,513,0.030003000000000668,43.803398,43.833401,P,D,0,1,speed,174,43.6334,43.933399,summoned,-
CAMPUSRD1_mono,CAMPUSRD1_mono_0156,AY,516,0.04000099999999662,44.504398,44.544399,-,S,0,1,i,176,44.504398,44.544399,-,sat
CAMPUSRD1_mono,CAMPUSRD1_mono_0157,AE,518,0.11000100000000401,44.664398,44.774399,S,T,0,1,sat,177,44.544399,44.8144,i,under
CAMPUSRD1_mono,CAMPUSRD1_mono_0158,AH,520,0.04000100000000373,44.8144,44.854401,T,N,0,1,under,178,44.8144,45.034401,sat,a
CAMPUSRD1_mono,CAMPUSRD1_mono_0159,ER,523,0.04999899999999968,44.984402,45.034401,D,AH0,0,0,under,178,44.8144,45.034401,sat,a
CAMPUSRD1_mono,CAMPUSRD1_mono_0160,AH,524,0.05999699999999564,45.034401,45.094398,ER0,T,0,0,a,179,45.034401,45.094398,under,tree
CAMPUSRD1_mono,CAMPUSRD1_mono_0161,IY,527,0.11999899999999997,45.294399,45.414398,R,-,0,1,tree,180,45.094398,45.414398,a,-
CAMPUSRD1_mono,CAMPUSRD1_mono_0162,IH,530,0.04000099999999662,45.896999,45.937,L,S,0,1,listened,182,45.837002,46.106998,-,to
CAMPUSRD1_mono,CAMPUSRD1_mono_0163,AH,532,0.030003000000000668,46.016998,46.047001,S,N,0,0,listened,182,45.837002,46.106998,-,to
CAMPUSRD1_mono,--,AH,536,0.02999900000000366,46.137001,46.167,T,DH,1,0,to,183,46.106998,46.167,listened,the
CAMPUSRD1_mono,CAMPUSRD1_mono_0164,AH,538,0.04999899999999968,46.227001,46.277,DH,B,0,0,the,184,46.167,46.277,to,breeze
CAMPUSRD1_mono,CAMPUSRD1_mono_0165,IY,541,0.13000100000000003,46.437,46.567001,R,Z,0,1,breeze,185,46.277,46.657001,the,-
CAMPUSRD1_mono,CAMPUSRD1_mono_0166,AH,544,0.030003000000000668,47.059799,47.089802,-,N,0,0,and,187,47.059799,47.149799,-,watched
CAMPUSRD1_mono,CAMPUSRD1_mono_0167,AA,548,0.06999900000000281,47.199799,47.269798,W,CH,0,1,watched,188,47.149799,47.409801,and,a
CAMPUSRD1_mono,CAMPUSRD1_mono_0168,AH,551,0.03999799999999709,47.409801,47.449799,T,Y,0,0,a,189,47.409801,47.449799,watched,yellow
CAMPUSRD1_mono,CAMPUSRD1_mono_0169,EH,553,0.05999699999999564,47.549801,47.609798,Y,L,0,1,yellow,190,47.449799,47.789799,a,balloon
CAMPUSRD1_mono,CAMPUSRD1_mono_0170,OW,555,0.09000000000000341,47.699799,47.789799,L,B,0,0,yellow,190,47.449799,47.789799,a,balloon
CAMPUSRD1_mono,--,AH,557,0.009999000000000535,47.909801,47.9198,B,L,1,0,balloon,191,47.789799,48.219799,yellow,get
CAMPUSRD1_mono,CAMPUSRD1_mono_0171,UW,559,0.07000000000000028,48.049801,48.119801,L,N,0,1,balloon,191,47.789799,48.219799,yellow,get
CAMPUSRD1_mono,CAMPUSRD1_mono_0172,IH,562,0.04000099999999662,48.2798,48.319801,G,T,0,1,get,192,48.219799,48.369801,balloon,tangled
CAMPUSRD1_mono,CAMPUSRD1_mono_0173,AE,565,0.030003000000000668,48.469799,48.499802,T,NG,0,1,tangled,193,48.369801,48.699799,get,in
CAMPUSRD1_mono,CAMPUSRD1_mono_0174,AH,568,0.04000099999999662,48.5998,48.639801,G,L,0,0,tangled,193,48.369801,48.699799,get,in
CAMPUSRD1_mono,CAMPUSRD1_mono_0175,IH,571,0.030002000000003193,48.699799,48.729801,D,N,0,0,in,194,48.699799,48.789799,tangled,a
CAMPUSRD1_mono,CAMPUSRD1_mono_0176,AH,573,0.04000099999999662,48.789799,48.8298,N,P,0,0,a,195,48.789799,48.8298,in,power
CAMPUSRD1_mono,CAMPUSRD1_mono_0177,AW,575,0.1100009999999969,48.899799,49.0098,P,ER0,0,1,power,196,48.8298,49.069801,a,line
CAMPUSRD1_mono,CAMPUSRD1_mono_0178,ER,576,0.06000099999999975,49.0098,49.069801,AW1,L,0,0,power,196,48.8298,49.069801,a,line
CAMPUSRD1_mono,CAMPUSRD1_mono_0179,AY,578,0.0699989999999957,49.119801,49.1898,L,N,0,1,line,197,49.069801,49.3298,power,-
CAMPUSRD1_mono,CAMPUSRD1_mono_0180,IH,582,0.10999600000000243,50.076302,50.186298,W,R,0,1,weird,199,49.9263,50.306301,-,morning
CAMPUSRD1_mono,CAMPUSRD1_mono_0181,AO,586,0.06000099999999975,50.366299,50.4263,M,R,0,1,morning,200,50.306301,50.646301,weird,-
CAMPUSRD1_mono,CAMPUSRD1_mono_0182,IH,589,0.05000299999999669,50.526299,50.576302,N,NG,0,0,morning,200,50.306301,50.646301,weird,-
CAMPUSRD1_mono,--,AH,593,0.01999999999999602,51.2449,51.2649,B,T,1,1,but,202,51.234901,51.294899,-,honestly
CAMPUSRD1_mono,CAMPUSRD1_mono_0183,AA,595,0.1100009999999969,51.294899,51.4049,T,N,0,1,honestly,203,51.294899,51.724899,but,-
CAMPUSRD1_mono,CAMPUSRD1_mono_0184,AH,597,0.03999999999999915,51.444901,51.484901,N,S,0,0,honestly,203,51.294899,51.724899,but,-
CAMPUSRD1_mono,CAMPUSRD1_mono_0185,IY,600,0.10999999999999943,51.614899,51.724899,L,-,0,0,honestly,203,51.294899,51.724899,but,-
CAMPUSRD1_mono,CAMPUSRD1_mono_0186,AA,603,0.08000200000000035,52.344799,52.424801,N,T,0,1,not,205,52.3148,52.484798,-,the
CAMPUSRD1_mono,--,AH,606,0.02999900000000366,52.514801,52.5448,DH,W,1,0,the,206,52.484798,52.5448,not,worst
CAMPUSRD1_mono,CAMPUSRD1_mono_0187,ER,608,0.09999899999999684,52.604801,52.7048,W,S,0,1,worst,207,52.5448,52.8848,the,-
DHAY38F2P_mono,DHAY38F2P_mono_0001,OW,3,0.10000000000000009,2.3415,2.4415,S,DH,0,1,so,2,2.2415,2.4415,-,this
DHAY38F2P_mono,DHAY38F2P_mono_0002,IH,5,0.040000000000000036,2.4815,2.5215,DH,S,0,1,this,3,2.4415,2.6515,so,morning
DHAY38F2P_mono,--,AO,8,0.029999999999999805,2.6915,2.7215,M,R,1,1,morning,4,2.6515,2.9215,this,i
DHAY38F2P_mono,DHAY38F2P_mono_0003,IH,11,0.040000000000000036,2.8115,2.8515,N,NG,0,0,morning,4,2.6515,2.9215,this,i
DHAY38F2P_mono,DHAY38F2P_mono_0004,AY,13,0.04999999999999982,2.9215,2.9715,NG,W,0,1,i,5,2.9215,2.9715,morning,woke
DHAY38F2P_mono,DHAY38F2P_mono_0005,OW,15,0.040000000000000036,3.0615,3.1015,W,K,0,1,woke,6,2.9715,3.1915,i,up
DHAY38F2P_mono,DHAY38F2P_mono_0006,AH,17,0.040000000000000036,3.1915,3.2315,K,P,0,1,up,7,3.1915,3.2615,woke,-
DHAY38F2P_mono,DHAY38F2P_mono_0007,EY,21,0.1200000000000001,3.4215,3.5415,L,T,0,1,late,9,3.3115,3.5915,-,-
DHAY38F2P_mono,DHAY38F2P_mono_0008,AE,24,0.07000000000000028,3.6811,3.7511,-,N,0,1,and,11,3.6811,3.8111,-,immediately
DHAY38F2P_mono,--,IH,27,0.029999999999999805,3.8111,3.8411,D,M,1,0,immediately,12,3.8111,4.3311,and,stubbed
DHAY38F2P_mono,DHAY38F2P_mono_0009,IY,29,0.08000000000000007,3.9611,4.0411,M,D,0,1,immediately,12,3.8111,4.3311,and,stubbed
DHAY38F2P_mono,DHAY38F2P_mono_0010,IY,31,0.040000000000000036,4.0811,4.1211,D,AH0,0,0,immediately,12,3.8111,4.3311,and,stubbed
DHAY38F2P_mono,--,AH,32,0.02999999999999936,4.1211,4.1511,IY0,T,1,0,immediately,12,3.8111,4.3311,and,stubbed
DHAY38F2P_mono,DHAY38F2P_mono_0011,IY,35,0.03000000000000025,4.3011,4.3311,L,S,0,0,immediately,12,3.8111,4.3311,and,stubbed
DHAY38F2P_mono,DHAY38F2P_mono_0012,AH,38,0.07000000000000028,4.5511,4.6211,T,B,0,1,stubbed,13,4.3311,4.7111,immediately,my
DHAY38F2P_mono,DHAY38F2P_mono_0013,AY,42,0.05999999999999961,4.7411,4.8011,M,T,0,1,my,14,4.7111,4.8011,stubbed,toe
DHAY38F2P_mono,DHAY38F2P_mono_0014,OW,44,0.04999999999999982,4.9611,5.0111,T,AA1,0,1,toe,15,4.8011,5.0111,my,on
DHAY38F2P_mono,DHAY38F2P_mono_0015,AA,45,0.07000000000000028,5.0111,5.0811,OW1,N,0,1,on,16,5.0111,5.1611,toe,the
DHAY38F2P_mono,--,AH,48,0.02999999999999936,5.2011,5.2311,DH,D,1,0,the,17,5.1611,5.2311,on,dresser
DHAY38F2P_mono,DHAY38F2P_mono_0016,EH,51,0.04999999999999982,5.4111,5.4611,R,S,0,1,dresser,18,5.2311,5.7611,the,-
DHAY38F2P_mono,DHAY38F2P_mono_0017,ER,53,0.1299999999999999,5.6311,5.7611,S,-,0,0,dresser,18,5.2311,5.7611,the,-
DHAY38F2P_mono,DHAY38F2P_mono_0018,EY,57,0.05999999999999961,6.1219,6.1819,R,T,0,1,great,20,6.0219,6.2419,-,start
DHAY38F2P_mono,DHAY38F2P_mono_0019,AA,61,0.040000000000000036,6.4019,6.4419,T,R,0,1,start,21,6.2419,6.6219,great,-
DHAY38F2P_mono,DHAY38F2P_mono_0020,AY,66,0.11000000000000032,6.8119,6.9219,R,T,0,1,right,23,6.7119,6.9619,-,-
DHAY38F2P_mono,DHAY38F2P_mono_0021,AY,69,0.0699999999999994,7.6817,7.7517,-,G,0,1,i,25,7.6817,7.7517,-,grumbled
DHAY38F2P_mono,DHAY38F2P_mono_0022,AH,72,0.05000000000000071,7.8717,7.9217,R,M,0,1,grumbled,26,7.7517,8.1117,i,something
DHAY38F2P_mono,--,AH,75,0.009999999999999787,8.0017,8.0117,B,L,1,0,grumbled,26,7.7517,8.1117,i,something
DHAY38F2P_mono,DHAY38F2P_mono_0023,AH,79,0.040000000000000924,8.1817,8.2217,S,M,0,1,something,27,8.1117,8.4017,grumbled,half
DHAY38F2P_mono,--,IH,82,0.02999999999999936,8.3217,8.3517,TH,NG,1,0,something,27,8.1117,8.4017,grumbled,half
DHAY38F2P_mono,DHAY38F2P_mono_0024,AE,85,0.0600000000000005,8.5017,8.5617,HH,F,0,1,half,28,8.4017,8.6417,something,conscious
DHAY38F2P_mono,DHAY38F2P_mono_0025,AA,88,0.040000000000000924,8.7717,8.8117,K,N,0,1,conscious,29,8.6417,9.2517,half,-
DHAY38F2P_mono,DHAY38F2P_mono_0026,AH,91,0.11000000000000121,9.0217,9.1317,SH,S,0,0,conscious,29,8.6417,9.2517,half,-
DHAY38F2P_mono,DHAY38F2P_mono_0027,AE,96,0.05000000000000071,9.4507,9.5007,R,B,0,1,grabbed,31,9.3307,9.6107,-,whatever
DHAY38F2P_mono,DHAY38F2P_mono_0028,AH,100,0.05000000000000071,9.6707,9.7207,W,T,0,2,whatever,32,9.6107,9.9807,grabbed,-
DHAY38F2P_mono,DHAY38F2P_mono_0029,EH,102,0.030000000000001137,9.7907,9.8207,T,V,0,1,whatever,32,9.6107,9.9807,grabbed,-
DHAY38F2P_mono,DHAY38F2P_mono_0030,ER,104,0.08000000000000007,9.9007,9.9807,V,-,0,0,whatever,32,9.6107,9.9807,grabbed,-
DHAY38F2P_mono,DHAY38F2P_mono_0031,AH,108,0.03999999999999915,10.1607,10.2007,W,T,0,2,whatever,34,10.0407,10.4207,-,shirt
DHAY38F2P_mono,DHAY38F2P_mono_0032,EH,110,0.03999999999999915,10.2307,10.2707,T,V,0,1,whatever,34,10.0407,10.4207,-,shirt
DHAY38F2P_mono,DHAY38F2P_mono_0033,ER,112,0.08999999999999986,10.3307,10.4207,V,SH,0,0,whatever,34,10.0407,10.4207,-,shirt
DHAY38F2P_mono,DHAY38F2P_mono_0034,ER,114,0.03999999999999915,10.5907,10.6307,SH,T,0,1,shirt,35,10.4207,10.6807,whatever,was
DHAY38F2P_mono,--,AH,117,0.02999999999999936,10.7407,10.7707,W,Z,1,0,was,36,10.6807,10.8507,shirt,<unk>
DHAY38F2P_mono,--,AE,121,0.02999999999999936,11.5107,11.5407,-,N,1,1,and,39,11.5107,11.6107,-,headed
DHAY38F2P_mono,DHAY38F2P_mono_0035,EH,125,0.039998999999999896,11.690701,11.7307,HH,D,0,1,headed,40,11.6107,11.8807,and,out
DHAY38F2P_mono,DHAY38F2P_mono_0036,AH,127,0.05000000000000071,11.7807,11.8307,D,D,0,0,headed,40,11.6107,11.8807,and,out
DHAY38F2P_mono,DHAY38F2P_mono_0037,AW,129,0.08000000000000007,11.8807,11.9607,D,T,0,1,out,41,11.8807,12.0307,headed,-
DHAY38F2P_mono,DHAY38F2P_mono_0038,AH,133,0.03999999999999915,13.2268,13.2668,DH,S,0,0,the,43,13.1868,13.2668,-,sky
DHAY38F2P_mono,DHAY38F2P_mono_0039,AY,136,0.08000000000000007,13.4068,13.4868,K,L,0,1,sky,44,13.2668,13.4868,the,looked
DHAY38F2P_mono,DHAY38F2P_mono_0040,UH,138,0.040000000000000924,13.5468,13.5868,L,K,0,1,looked,45,13.4868,13.6968,sky,weird
DHAY38F2P_mono,DHAY38F2P_mono_0041,IH,142,0.08999999999999986,13.7568,13.8468,W,R,0,1,weird,46,13.6968,13.9668,looked,-
DHAY38F2P_mono,DHAY38F2P_mono_0042,AY,147,0.03999999999999915,14.249,14.289,L,K,0,1,like,48,14.219,14.349,-,that
DHAY38F2P_mono,DHAY38F2P_mono_0043,AE,150,0.05000000000000071,14.399,14.449,DH,T,0,1,that,49,14.349,14.509,like,shade
DHAY38F2P_mono,DHAY38F2P_mono_0044,EY,153,0.030000000000001137,14.639,14.669,SH,D,0,1,shade,50,14.509,14.699,that,of
DHAY38F2P_mono,DHAY38F2P_mono_0045,AH,155,0.05000000000000071,14.699,14.749,D,V,0,0,of,51,14.699,14.859,shade,blue
DHAY38F2P_mono,DHAY38F2P_mono_0046,UW,159,0.10000000000000142,14.969,15.069,L,G,0,1,blue,52,14.859,15.069,of,gray
DHAY38F2P_mono,DHAY38F2P_mono_0047,EY,162,0.21000000000000085,15.219,15.429,R,-,0,1,gray,53,15.069,15.429,blue,-
DHAY38F2P_mono,DHAY38F2P_mono_0048,AH,165,0.030000000000001137,15.54,15.57,DH,T,0,0,that,55,15.51,15.6,-,makes
DHAY38F2P_mono,DHAY38F2P_mono_0049,EY,168,0.03999999999999915,15.65,15.69,M,K,0,1,makes,56,15.6,15.83,that,you
DHAY38F2P_mono,DHAY38F2P_mono_0050,UW,172,0.030000000000001137,15.86,15.89,Y,K,0,1,you,57,15.83,15.89,makes,question
DHAY38F2P_mono,--,EH,175,0.02999900000000011,16.040001,16.07,W,S,1,1,question,58,15.89,16.450001,you,-
DHAY38F2P_mono,--,AH,178,0.02999900000000011,16.200001,16.23,CH,N,1,0,question,58,15.89,16.450001,you,-
DHAY38F2P_mono,DHAY38F2P_mono_0051,IH,181,0.030000000000001137,16.49,16.52,-,F,0,0,if,60,16.49,16.6,-,it's
DHAY38F2P_mono,--,IH,183,0.02999900000000011,16.6,16.629999,F,T,1,0,it's,61,16.6,16.73,if,about
DHAY38F2P_mono,DHAY38F2P_mono_0052,AH,186,0.050000999999998186,16.73,16.780001,S,B,0,0,about,62,16.73,16.940001,it's,to
DHAY38F2P_mono,DHAY38F2P_mono_0053,AW,188,0.030000999999998612,16.84,16.870001,B,T,0,1,about,62,16.73,16.940001,it's,to
DHAY38F2P_mono,DHAY38F2P_mono_0054,AH,191,0.030000999999998612,17.01,17.040001,T,R,0,0,to,63,16.940001,17.040001,about,rain
DHAY38F2P_mono,DHAY38F2P_mono_0055,EY,193,0.08999999999999986,17.110001,17.200001,R,N,0,1,rain,64,17.040001,17.299999,to,or
DHAY38F2P_mono,DHAY38F2P_mono_0056,AO,195,0.030000999999998612,17.299999,17.33,N,R,0,1,or,65,17.299999,17.389999,rain,not
DHAY38F2P_mono,DHAY38F2P_mono_0057,AA,198,0.11000100000000046,17.43,17.540001,N,T,0,1,not,66,17.389999,17.610001,or,-
DHAY38F2P_mono,DHAY38F2P_mono_0058,AY,201,0.03999900000000167,18.4909,18.530899,-,S,0,1,i,68,18.4909,18.530899,-,stopped
DHAY38F2P_mono,DHAY38F2P_mono_0059,AA,204,0.07000000000000028,18.6709,18.7409,T,P,0,1,stopped,69,18.530899,18.8009,i,by
DHAY38F2P_mono,DHAY38F2P_mono_0060,AY,208,0.07000000000000028,18.8309,18.9009,B,DH,0,1,by,70,18.8009,18.9009,stopped,the
DHAY38F2P_mono,--,AH,210,0.02999900000000011,18.940901,18.9709,DH,K,1,0,the,71,18.9009,18.9709,by,corner
DHAY38F2P_mono,--,AO,212,0.02999900000000011,19.110901,19.1409,K,R,1,1,corner,72,18.9709,19.2609,the,store
DHAY38F2P_mono,DHAY38F2P_mono_0061,ER,215,0.050000999999998186,19.210899,19.2609,N,S,0,0,corner,72,18.9709,19.2609,the,store
DHAY38F2P_mono,DHAY38F2P_mono_0062,AO,218,0.13000100000000003,19.450899,19.5809,T,R,0,1,store,73,19.2609,19.7654,corner,-
DHAY38F2P_mono,--,AO,222,0.029999999999997584,20.0588,20.0888,K,R,1,1,corner,75,19.9688,20.208799,-,store
DHAY38F2P_mono,DHAY38F2P_mono_0063,ER,225,0.04999899999999968,20.1588,20.208799,N,S,0,0,corner,75,19.9688,20.208799,-,store
DHAY38F2P_mono,DHAY38F2P_mono_0064,AO,228,0.06000200000000078,20.368799,20.428801,T,R,0,1,store,76,20.208799,20.598801,corner,-
DHAY38F2P_mono,DHAY38F2P_mono_0065,AH,232,0.15000200000000063,20.708799,20.858801,T,-,0,0,to,78,20.6488,20.858801,-,-
DHAY38F2P_mono,DHAY38F2P_mono_0066,AE,236,0.12000099999999847,21.038799,21.1588,R,B,0,1,grab,80,20.938801,21.268801,-,a
DHAY38F2P_mono,DHAY38F2P_mono_0067,AH,238,0.04999899999999968,21.268801,21.3188,B,T,0,0,a,81,21.268801,21.3188,grab,toasted
DHAY38F2P_mono,DHAY38F2P_mono_0068,OW,240,0.040001000000000175,21.458799,21.4988,T,S,0,1,toasted,82,21.3188,21.7288,a,bagel
DHAY38F2P_mono,DHAY38F2P_mono_0069,IH,243,0.030001000000002165,21.618799,21.6488,T,D,0,0,toasted,82,21.3188,21.7288,a,bagel
DHAY38F2P_mono,DHAY38F2P_mono_0070,EY,246,0.06999899999999926,21.768801,21.8388,B,G,0,1,bagel,83,21.7288,22.0884,toasted,-
DHAY38F2P_mono,DHAY38F2P_mono_0071,AH,248,0.040001000000000175,21.8888,21.928801,G,L,0,0,bagel,83,21.7288,22.0884,toasted,-
DHAY38F2P_mono,DHAY38F2P_mono_0072,AH,251,0.030001000000002165,22.225599,22.2556,-,N,0,0,and,85,22.225599,22.3256,-,orange
DHAY38F2P_mono,DHAY38F2P_mono_0073,AO,254,0.06999899999999926,22.3256,22.395599,D,R,0,1,orange,86,22.3256,22.625601,and,juice
DHAY38F2P_mono,--,AH,256,0.02999900000000011,22.4356,22.465599,R,N,1,0,orange,86,22.3256,22.625601,and,juice
DHAY38F2P_mono,DHAY38F2P_mono_0074,UW,260,0.11000100000000046,22.715599,22.8256,JH,S,0,1,juice,87,22.625601,22.965599,orange,-
DHAY38F2P_mono,--,AH,264,0.02999900000000011,23.190201,23.2202,B,T,1,1,but,89,23.1602,23.2502,-,they
DHAY38F2P_mono,DHAY38F2P_mono_0075,EY,267,0.040001000000000175,23.290199,23.3302,DH,W,0,1,they,90,23.2502,23.3302,but,were
DHAY38F2P_mono,DHAY38F2P_mono_0076,ER,269,0.08000000000000185,23.370199,23.450199,W,AW1,0,0,were,91,23.3302,23.450199,they,out
DHAY38F2P_mono,DHAY38F2P_mono_0077,AW,270,0.1000009999999989,23.450199,23.5502,ER0,T,0,1,out,92,23.450199,23.5902,were,of
DHAY38F2P_mono,--,AH,272,0.02999900000000011,23.5902,23.620199,T,V,1,0,of,93,23.5902,23.700199,out,both
DHAY38F2P_mono,DHAY38F2P_mono_0078,OW,275,0.07000000000000028,23.7502,23.8202,B,TH,0,1,both,94,23.700199,23.8902,of,-
DHAY38F2P_mono,--,AH,279,0.02999900000000011,24.7166,24.746599,DH,K,1,0,the,96,24.6866,24.746599,-,cashier
DHAY38F2P_mono,DHAY38F2P_mono_0079,AE,281,0.06000200000000078,24.836599,24.896601,K,SH,0,0,cashier,97,24.746599,25.086599,the,joked
DHAY38F2P_mono,DHAY38F2P_mono_0080,IH,283,0.030001000000002165,25.0266,25.056601,SH,R,0,1,cashier,97,24.746599,25.086599,the,joked
DHAY38F2P_mono,DHAY38F2P_mono_0081,OW,286,0.059999000000001246,25.1966,25.256599,JH,K,0,1,joked,98,25.086599,25.3985,cashier,-
DHAY38F2P_mono,DHAY38F2P_mono_0082,IH,290,0.05000100000000174,25.6514,25.701401,-,T,0,1,it's,100,25.6514,25.8214,-,monday
DHAY38F2P_mono,DHAY38F2P_mono_0083,AH,294,0.05000100000000174,25.881399,25.9314,M,N,0,1,monday,101,25.8214,26.111401,it's,energy
DHAY38F2P_mono,DHAY38F2P_mono_0084,EY,297,0.09000100000000089,26.0214,26.111401,D,EH1,0,2,monday,101,25.8214,26.111401,it's,energy
DHAY38F2P_mono,DHAY38F2P_mono_0085,EH,298,0.05999899999999769,26.111401,26.1714,EY2,N,0,1,energy,102,26.111401,26.541401,monday,-
DHAY38F2P_mono,DHAY38F2P_mono_0086,ER,300,0.03999999999999915,26.2314,26.2714,N,JH,0,0,energy,102,26.111401,26.541401,monday,-
DHAY38F2P_mono,DHAY38F2P_mono_0087,IY,302,0.1400010000000016,26.4014,26.541401,JH,-,0,0,energy,102,26.111401,26.541401,monday,-
DHAY38F2P_mono,--,AE,304,0.02999900000000011,26.641001,26.671,-,N,1,1,and,104,26.641001,26.731001,-,i
DHAY38F2P_mono,DHAY38F2P_mono_0088,AY,307,0.059999000000001246,26.731001,26.791,D,HH,0,1,i,105,26.731001,26.791,and,half
DHAY38F2P_mono,DHAY38F2P_mono_0089,AE,309,0.07000000000000028,26.941,27.011,HH,F,0,1,half,106,26.791,27.150999,i,laughed
DHAY38F2P_mono,DHAY38F2P_mono_0090,AE,312,0.11999899999999997,27.201,27.320999,L,F,0,1,laughed,107,27.150999,27.481001,half,-
DHAY38F2P_mono,DHAY38F2P_mono_0091,IH,317,0.03999900000000167,27.8358,27.875799,B,K,0,0,because,109,27.805799,28.125799,-,yeah
DHAY38F2P_mono,DHAY38F2P_mono_0092,AH,319,0.06000200000000078,27.965799,28.025801,K,Z,0,1,because,109,27.805799,28.125799,-,yeah
DHAY38F2P_mono,DHAY38F2P_mono_0093,AE,322,0.08999999999999986,28.195801,28.285801,Y,T,0,1,yeah,110,28.125799,28.285801,because,true
DHAY38F2P_mono,DHAY38F2P_mono_0094,UW,325,0.10000100000000245,28.545799,28.6458,R,-,0,1,true,111,28.285801,28.6458,yeah,-
DHAY38F2P_mono,DHAY38F2P_mono_0095,AY,327,0.030001000000002165,30.0828,30.112801,-,T,0,1,i,113,30.0828,30.112801,-,took
DHAY38F2P_mono,DHAY38F2P_mono_0096,UH,329,0.040001000000000175,30.212799,30.2528,T,K,0,1,took,114,30.112801,30.3228,i,a
DHAY38F2P_mono,DHAY38F2P_mono_0097,AH,331,0.040001000000000175,30.3228,30.362801,K,S,0,0,a,115,30.3228,30.362801,took,seat
DHAY38F2P_mono,DHAY38F2P_mono_0098,IY,333,0.08000000000000185,30.532801,30.612801,S,T,0,1,seat,116,30.362801,30.6728,a,near
DHAY38F2P_mono,DHAY38F2P_mono_0099,IH,336,0.08000000000000185,30.712801,30.792801,N,R,0,1,near,117,30.6728,30.8428,seat,the
DHAY38F2P_mono,DHAY38F2P_mono_0100,AH,339,0.040001000000000175,30.9028,30.942801,DH,W,0,1,the,118,30.8428,30.942801,near,window
DHAY38F2P_mono,--,IH,341,0.02999900000000011,31.0228,31.052799,W,N,1,1,window,119,30.942801,31.292801,the,-
DHAY38F2P_mono,DHAY38F2P_mono_0101,OW,344,0.15000200000000063,31.142799,31.292801,D,-,0,0,window,119,30.942801,31.292801,the,-
DHAY38F2P_mono,DHAY38F2P_mono_0102,OW,349,0.030000999999998612,31.646,31.676001,R,L,0,1,scrolled,121,31.406,31.796,-,my
DHAY38F2P_mono,DHAY38F2P_mono_0103,AY,353,0.07000000000000028,31.836,31.906,M,F,0,1,my,122,31.796,31.906,scrolled,phone
DHAY38F2P_mono,DHAY38F2P_mono_0104,OW,355,0.07999800000000334,32.066002,32.146,F,N,0,1,phone,123,31.906,32.305302,my,-
DHAY38F2P_mono,DHAY38F2P_mono_0105,AE,358,0.04999899999999968,32.4524,32.502399,-,N,0,1,and,125,32.4524,32.582401,-,overheard
DHAY38F2P_mono,DHAY38F2P_mono_0106,OW,361,0.07999800000000334,32.582401,32.662399,D,V,0,1,overheard,126,32.582401,33.062401,and,someone
DHAY38F2P_mono,DHAY38F2P_mono_0107,ER,363,0.09000000000000341,32.712399,32.802399,V,HH,0,0,overheard,126,32.582401,33.062401,and,someone
DHAY38F2P_mono,DHAY38F2P_mono_0108,ER,365,0.09999799999999937,32.902401,33.002399,HH,D,0,1,overheard,126,32.582401,33.062401,and,someone
DHAY38F2P_mono,--,AH,368,0.029998999999996556,33.172401,33.2024,S,M,1,1,someone,127,33.062401,33.3424,overheard,say
DHAY38F2P_mono,--,AH,371,0.02999799999999908,33.262402,33.2924,W,N,1,2,someone,127,33.062401,33.3424,overheard,say
DHAY38F2P_mono,DHAY38F2P_mono_0109,EY,374,0.17999999999999972,33.472401,33.652401,S,-,0,1,say,128,33.3424,33.652401,someone,-
DHAY38F2P_mono,DHAY38F2P_mono_0110,AH,377,0.039996999999999616,34.171902,34.211899,DH,JH,0,0,the,130,34.131901,34.211899,-,giraffe
DHAY38F2P_mono,DHAY38F2P_mono_0111,ER,379,0.1600000000000037,34.301899,34.461899,JH,AE1,0,0,giraffe,131,34.211899,34.651901,the,exhibit
DHAY38F2P_mono,DHAY38F2P_mono_0112,AE,380,0.08000200000000035,34.461899,34.541901,ER0,F,0,1,giraffe,131,34.211899,34.651901,the,exhibit
DHAY38F2P_mono,DHAY38F2P_mono_0113,IH,382,0.07000000000000028,34.651901,34.721901,F,G,0,0,exhibit,132,34.651901,35.0919,giraffe,-
DHAY38F2P_mono,DHAY38F2P_mono_0114,IH,385,0.030003000000000668,34.891899,34.921902,Z,B,0,1,exhibit,132,34.651901,35.0919,giraffe,-
DHAY38F2P_mono,DHAY38F2P_mono_0115,IH,387,0.07000000000000028,34.981899,35.051899,B,T,0,0,exhibit,132,34.651901,35.0919,giraffe,-
DHAY38F2P_mono,DHAY38F2P_mono_0116,OW,390,0.0899999999999963,35.1619,35.2519,-,P,0,1,opens,134,35.1619,35.551899,-,at
DHAY38F2P_mono,DHAY38F2P_mono_0117,AH,392,0.039996999999999616,35.331902,35.371899,P,N,0,0,opens,134,35.1619,35.551899,-,at
DHAY38F2P_mono,DHAY38F2P_mono_0118,AE,395,0.09000000000000341,35.551899,35.641899,Z,T,0,1,at,135,35.551899,35.731899,opens,noon
DHAY38F2P_mono,DHAY38F2P_mono_0119,UW,398,0.08000200000000035,35.781898,35.8619,N,N,0,1,noon,136,35.731899,35.9519,at,-
DHAY38F2P_mono,DHAY38F2P_mono_0120,IH,402,0.030002000000003193,36.456799,36.486801,W,CH,0,1,which,138,36.4268,36.546799,-,felt
DHAY38F2P_mono,DHAY38F2P_mono_0121,EH,405,0.030003000000000668,36.616798,36.646801,F,L,0,1,felt,139,36.546799,36.7668,which,-
DHAY38F2P_mono,DHAY38F2P_mono_0122,AA,409,0.11999899999999997,36.816799,36.936798,-,D,0,1,oddly,141,36.816799,37.096802,-,profound
DHAY38F2P_mono,DHAY38F2P_mono_0123,IY,412,0.04000099999999662,37.056801,37.096802,L,P,0,0,oddly,141,36.816799,37.096802,-,profound
DHAY38F2P_mono,--,OW,415,0.02999900000000366,37.236801,37.2668,R,F,1,0,profound,142,37.096802,37.6768,oddly,-
DHAY38F2P_mono,DHAY38F2P_mono_0124,AW,417,0.1399990000000031,37.4268,37.566799,F,N,0,1,profound,142,37.096802,37.6768,oddly,-
DHAY38F2P_mono,DHAY38F2P_mono_0125,AE,421,0.11000000000000654,37.706799,37.816799,-,T,0,1,at,144,37.706799,37.876801,-,that
DHAY38F2P_mono,--,AE,424,0.029998999999996556,37.9268,37.956799,DH,T,1,1,that,145,37.876801,38.056801,at,time
DHAY38F2P_mono,DHAY38F2P_mono_0126,AY,427,0.14000000000000057,38.156799,38.296799,T,M,0,1,time,146,38.056801,38.3568,that,-
DHAY38F2P_mono,DHAY38F2P_mono_0127,AE,430,0.07000000000000028,39.3209,39.3909,-,F,0,1,after,148,39.3209,39.5509,-,a
DHAY38F2P_mono,DHAY38F2P_mono_0128,ER,433,0.04999999999999716,39.5009,39.5509,T,AH0,0,0,after,148,39.3209,39.5509,-,a
DHAY38F2P_mono,DHAY38F2P_mono_0129,AH,434,0.04999899999999968,39.5509,39.600899,ER0,F,0,0,a,149,39.5509,39.600899,after,few
DHAY38F2P_mono,DHAY38F2P_mono_0130,UW,437,0.04999899999999968,39.770901,39.8209,Y,B,0,1,few,150,39.600899,39.8209,a,bites
DHAY38F2P_mono,DHAY38F2P_mono_0131,AY,439,0.0899959999999993,39.900902,39.990898,B,T,0,1,bites,151,39.8209,40.120899,few,-
DHAY38F2P_mono,DHAY38F2P_mono_0132,AH,443,0.030001999999996087,40.190899,40.220901,-,V,0,1,of,153,40.190899,40.280899,-,something
DHAY38F2P_mono,DHAY38F2P_mono_0133,AH,446,0.039996999999999616,40.380901,40.420898,S,M,0,1,something,154,40.280899,40.620899,of,vaguely
DHAY38F2P_mono,DHAY38F2P_mono_0134,IH,449,0.030001999999996087,40.510899,40.540901,TH,NG,0,0,something,154,40.280899,40.620899,of,vaguely
DHAY38F2P_mono,DHAY38F2P_mono_0135,EY,452,0.1600000000000037,40.7309,40.8909,V,G,0,1,vaguely,155,40.620899,41.1409,something,-
DHAY38F2P_mono,DHAY38F2P_mono_0136,IY,455,0.11000100000000401,41.030899,41.1409,L,-,0,0,vaguely,155,40.620899,41.1409,something,-
DHAY38F2P_mono,DHAY38F2P_mono_0137,EH,457,0.1100009999999969,41.200901,41.310902,-,G,0,1,egg,157,41.200901,41.380901,-,shaped
DHAY38F2P_mono,DHAY38F2P_mono_0138,EY,460,0.11000100000000401,41.530899,41.6409,SH,P,0,1,shaped,158,41.380901,41.780499,egg,-
DHAY38F2P_mono,DHAY38F2P_mono_0139,AY,464,0.07999800000000334,41.9137,41.993698,-,W,0,1,i,160,41.9137,41.993698,-,wandered
DHAY38F2P_mono,DHAY38F2P_mono_0140,AA,466,0.04999899999999968,42.123699,42.173698,W,N,0,1,wandered,161,41.993698,42.543701,i,to
DHAY38F2P_mono,DHAY38F2P_mono_0141,ER,469,0.11000100000000401,42.293701,42.403702,D,D,0,0,wandered,161,41.993698,42.543701,i,to
DHAY38F2P_mono,DHAY38F2P_mono_0142,AH,472,0.030003000000000668,42.623699,42.653702,T,DH,0,0,to,162,42.543701,42.653702,wandered,the
DHAY38F2P_mono,DHAY38F2P_mono_0143,AH,474,0.039996999999999616,42.703701,42.743698,DH,P,0,0,the,163,42.653702,42.743698,to,park
DHAY38F2P_mono,DHAY38F2P_mono_0144,AA,476,0.030003000000000668,42.873699,42.903702,P,R,0,1,park,164,42.743698,43.0737,the,-
DHAY38F2P_mono,DHAY38F2P_mono_0145,AH,480,0.05000299999999669,44.339699,44.389702,-,K,0,0,a,166,44.339699,44.389702,-,kid
DHAY38F2P_mono,DHAY38F2P_mono_0146,IH,482,0.04999899999999968,44.509701,44.5597,K,D,0,1,kid,167,44.389702,44.6497,a,zoomed
DHAY38F2P_mono,DHAY38F2P_mono_0147,UW,485,0.1599999999999966,44.799702,44.959702,Z,M,0,1,zoomed,168,44.6497,45.1297,kid,-
DHAY38F2P_mono,DHAY38F2P_mono_0148,AA,489,0.10000200000000348,45.229698,45.3297,-,N,0,1,on,170,45.229698,45.419701,-,-
DHAY38F2P_mono,DHAY38F2P_mono_0149,UW,493,0.10000199999999637,45.8522,45.952202,Z,M,0,1,zoomed,172,45.7122,46.072201,-,by
DHAY38F2P_mono,DHAY38F2P_mono_0150,AY,497,0.25999800000000306,46.1222,46.382198,B,AA1,0,1,by,173,46.072201,46.382198,zoomed,on
DHAY38F2P_mono,DHAY38F2P_mono_0151,AA,498,0.13000100000000003,46.382198,46.512199,AY1,N,0,1,on,174,46.382198,46.5522,by,a
DHAY38F2P_mono,DHAY38F2P_mono_0152,AH,500,0.04000100000000373,46.5522,46.592201,N,S,0,0,a,175,46.5522,46.592201,on,scooter
DHAY38F2P_mono,--,UW,503,0.02999900000000366,46.752201,46.7822,K,T,1,1,scooter,176,46.592201,46.8522,a,yelling
DHAY38F2P_mono,DHAY38F2P_mono_0153,ER,505,0.04000100000000373,46.812199,46.8522,T,Y,0,0,scooter,176,46.592201,46.8522,a,yelling
DHAY38F2P_mono,DHAY38F2P_mono_0154,EH,507,0.06000099999999975,46.9422,47.002201,Y,L,0,1,yelling,177,46.8522,47.202202,scooter,zoom
DHAY38F2P_mono,DHAY38F2P_mono_0155,IH,509,0.030002000000003193,47.062199,47.092201,L,NG,0,0,yelling,177,46.8522,47.202202,scooter,zoom
DHAY38F2P_mono,DHAY38F2P_mono_0156,UW,512,0.22000100000000344,47.292198,47.512199,Z,M,0,1,zoom,178,47.202202,47.662201,yelling,-
DHAY38F2P_mono,DHAY38F2P_mono_0157,UW,516,0.1100009999999969,47.832199,47.9422,Z,M,0,1,zoom,180,47.732201,48.092201,-,-
DHAY38F2P_mono,DHAY38F2P_mono_0158,AY,520,0.04000099999999662,48.328899,48.3689,L,K,0,1,like,182,48.2789,48.398899,-,it
DHAY38F2P_mono,DHAY38F2P_mono_0159,IH,522,0.06000099999999975,48.398899,48.4589,K,W,0,0,it,183,48.398899,48.4589,like,was
DHAY38F2P_mono,DHAY38F2P_mono_0160,AH,524,0.04999899999999968,48.548901,48.5989,W,Z,0,0,was,184,48.4589,48.648899,it,a
DHAY38F2P_mono,DHAY38F2P_mono_0161,AH,526,0.04000099999999662,48.648899,48.6889,Z,S,0,0,a,185,48.648899,48.6889,was,sound
DHAY38F2P_mono,DHAY38F2P_mono_0162,AW,528,0.07000000000000028,48.8489,48.9189,S,N,0,1,sound,186,48.6889,48.988899,a,effect
DHAY38F2P_mono,DHAY38F2P_mono_0163,AH,531,0.030002999999993563,48.988899,49.018902,D,F,0,0,effect,187,48.988899,49.298901,sound,-
DHAY38F2P_mono,DHAY38F2P_mono_0164,EH,533,0.08000100000000288,49.128899,49.2089,F,K,0,1,effect,187,48.988899,49.298901,sound,-
DHAY38F2P_mono,--,AE,538,0.02999900000000366,49.748199,49.778198,DH,T,1,1,that,189,49.708199,49.818199,-,summoned
DHAY38F2P_mono,DHAY38F2P_mono_0165,AH,541,0.04000100000000373,49.9282,49.968201,S,M,0,1,summoned,190,49.818199,50.188198,that,speed
DHAY38F2P_mono,DHAY38F2P_mono_0166,AH,543,0.04999899999999968,50.0182,50.068199,M,N,0,0,summoned,190,49.818199,50.188198,that,speed
DHAY38F2P_mono,DHAY38F2P_mono_0167,IY,548,0.04000099999999662,50.408199,50.4482,P,D,0,1,speed,191,50.188198,50.598202,summoned,-
DHAY38F2P_mono,DHAY38F2P_mono_0168,AY,551,0.06999900000000281,51.749699,51.819698,-,S,0,1,i,193,51.749699,51.819698,-,sat
DHAY38F2P_mono,DHAY38F2P_mono_0169,AE,553,0.09999799999999937,51.9697,52.069698,S,T,0,1,sat,194,51.819698,52.109699,i,under
DHAY38F2P_mono,DHAY38F2P_mono_0170,AH,555,0.04000100000000373,52.109699,52.1497,T,N,0,1,under,195,52.109699,52.339699,sat,a
DHAY38F2P_mono,DHAY38F2P_mono_0171,ER,558,0.09000000000000341,52.249699,52.339699,D,AH0,0,0,under,195,52.109699,52.339699,sat,a
DHAY38F2P_mono,DHAY38F2P_mono_0172,AH,559,0.05000299999999669,52.339699,52.389702,ER0,T,0,0,a,196,52.339699,52.389702,under,tree
DHAY38F2P_mono,DHAY38F2P_mono_0173,IY,562,0.1599999999999966,52.5797,52.7397,R,-,0,1,tree,197,52.389702,52.7397,a,-
DHAY38F2P_mono,DHAY38F2P_mono_0174,IH,565,0.04999899999999968,53.270401,53.3204,L,S,0,1,listened,199,53.220402,53.510399,-,to
DHAY38F2P_mono,--,AH,567,0.029998999999996556,53.4104,53.440399,S,N,1,0,listened,199,53.220402,53.510399,-,to
DHAY38F2P_mono,DHAY38F2P_mono_0175,UW,571,0.07000399999999729,53.560398,53.630402,T,AH0,0,1,to,200,53.510399,53.630402,listened,a
DHAY38F2P_mono,DHAY38F2P_mono_0176,AH,572,0.04999900000000679,53.630402,53.680401,UW1,B,0,0,a,201,53.630402,53.680401,to,breeze
DHAY38F2P_mono,DHAY38F2P_mono_0177,IY,575,0.13000100000000003,53.830399,53.9604,R,Z,0,1,breeze,202,53.680401,54.080399,a,-
DHAY38F2P_mono,--,AH,578,0.029998999999996556,54.6982,54.728199,-,N,1,0,and,204,54.6982,54.828201,-,watched
DHAY38F2P_mono,DHAY38F2P_mono_0178,AA,582,0.06999900000000281,54.878201,54.9482,W,CH,0,1,watched,205,54.828201,55.098202,and,-
DHAY38F2P_mono,DHAY38F2P_mono_0179,AH,586,0.09000000000000341,55.128201,55.218201,-,Y,0,0,a,207,55.128201,55.218201,-,yellow
DHAY38F2P_mono,DHAY38F2P_mono_0180,EH,588,0.04999899999999968,55.308201,55.3582,Y,L,0,1,yellow,208,55.218201,55.478199,a,balloon
DHAY38F2P_mono,DHAY38F2P_mono_0181,OW,590,0.04999899999999968,55.4282,55.478199,L,B,0,0,yellow,208,55.218201,55.478199,a,balloon
DHAY38F2P_mono,--,AH,592,0.010002000000000066,55.568199,55.578201,B,L,1,0,balloon,209,55.478199,55.818199,yellow,get
DHAY38F2P_mono,DHAY38F2P_mono_0182,UW,594,0.07000399999999729,55.688198,55.758202,L,N,0,1,balloon,209,55.478199,55.818199,yellow,get
DHAY38F2P_mono,DHAY38F2P_mono_0183,IH,597,0.030001999999996087,55.958199,55.988201,G,T,0,1,get,210,55.818199,56.058201,balloon,tangled
DHAY38F2P_mono,--,AE,600,0.029998999999996556,56.168201,56.1982,T,NG,1,1,tangled,211,56.058201,56.468201,get,-
DHAY38F2P_mono,--,AH,603,0.029998999999996556,56.2882,56.318199,G,L,1,0,tangled,211,56.058201,56.468201,get,-
DHAY38F2P_mono,DHAY38F2P_mono_0184,IH,607,0.04000100000000373,56.548199,56.5882,-,N,0,0,in,213,56.548199,56.618198,-,a
DHAY38F2P_mono,DHAY38F2P_mono_0185,AH,609,0.050003000000003794,56.618198,56.668201,N,P,0,0,a,214,56.618198,56.668201,in,power
DHAY38F2P_mono,DHAY38F2P_mono_0186,AW,611,0.07999800000000334,56.828201,56.908199,P,ER0,0,1,power,215,56.668201,56.988201,a,line
DHAY38F2P_mono,DHAY38F2P_mono_0187,ER,612,0.08000199999999325,56.908199,56.988201,AW1,L,0,0,power,215,56.668201,56.988201,a,line
DHAY38F2P_mono,DHAY38F2P_mono_0188,AY,614,0.07000000000000028,57.068199,57.138199,L,N,0,1,line,216,56.988201,57.1782,power,-
DHAY38F2P_mono,DHAY38F2P_mono_0189,IH,618,0.05000000000000426,58.052299,58.102299,W,R,0,1,weird,218,58.012299,58.202301,-,morning
DHAY38F2P_mono,DHAY38F2P_mono_0190,AO,622,0.030002000000003193,58.262299,58.292301,M,R,0,1,morning,219,58.202301,58.472301,weird,-
DHAY38F2P_mono,--,IH,625,0.02999900000000366,58.382301,58.4123,N,NG,1,0,morning,219,58.202301,58.472301,weird,-
DHAY38F2P_mono,--,AH,629,0.02999900000000366,58.709202,58.739201,B,T,1,1,but,221,58.679199,58.769199,-,honestly
DHAY38F2P_mono,DHAY38F2P_mono_0191,AA,631,0.060001999999997224,58.769199,58.829201,T,N,0,1,honestly,222,58.769199,59.179199,but,-
DHAY38F2P_mono,DHAY38F2P_mono_0192,AH,633,0.04000100000000373,58.8792,58.919201,N,S,0,0,honestly,222,58.769199,59.179199,but,-
DHAY38F2P_mono,DHAY38F2P_mono_0193,IY,636,0.09999799999999937,59.079201,59.179199,L,-,0,0,honestly,222,58.769199,59.179199,but,-
DHAY38F2P_mono,DHAY38F2P_mono_0194,AA,639,0.039996999999999616,59.645401,59.685398,N,T,0,1,not,224,59.615398,59.755402,-,the
DHAY38F2P_mono,DHAY38F2P_mono_0195,AH,642,0.04999999999999716,59.7854,59.8354,DH,W,0,0,the,225,59.755402,59.8354,not,worst
DHAY38F2P_mono,DHAY38F2P_mono_0196,ER,644,0.11999800000000249,59.875401,59.995399,W,S,0,1,worst,226,59.8354,60.235401,the,-
EXP3918FP_mono,EXP3918FP_mono_0001,OW,3,0.17999999999999994,1.0024,1.1824,S,DH,0,1,so,2,0.9024,1.1824,-,this
EXP3918FP_mono,EXP3918FP_mono_0002,IH,5,0.030000000000000027,1.2724,1.3024,DH,S,0,1,this,3,1.1824,1.4024,so,morning
EXP3918FP_mono,EXP3918FP_mono_0003,AO,8,0.030000000000000027,1.4424,1.4724,M,R,0,1,morning,4,1.4024,1.7424,this,-
EXP3918FP_mono,EXP3918FP_mono_0004,IH,11,0.08000000000000007,1.5824,1.6624,N,NG,0,0,morning,4,1.4024,1.7424,this,-
EXP3918FP_mono,EXP3918FP_mono_0005,AY,14,0.06000000000000005,1.7724,1.8324,-,W,0,1,i,6,1.7724,1.8324,-,woke
EXP3918FP_mono,EXP3918FP_mono_0006,OW,16,0.08999999999999986,1.8624,1.9524,W,K,0,1,woke,7,1.8324,2.0324,i,up
EXP3918FP_mono,EXP3918FP_mono_0007,AH,18,0.04999999999999982,2.0324,2.0824,K,P,0,1,up,8,2.0324,2.1624,woke,late
EXP3918FP_mono,EXP3918FP_mono_0008,EY,21,0.1499999999999999,2.2624,2.4124,L,T,0,1,late,9,2.1624,2.4424,up,-
EXP3918FP_mono,--,AH,24,0.010000000000000231,2.6296,2.6396,-,N,1,0,and,11,2.6296,2.6996,-,immediately
EXP3918FP_mono,--,IH,27,0.029999999999999805,2.6996,2.7296,D,M,1,0,immediately,12,2.6996,3.0896,and,stubbed
EXP3918FP_mono,EXP3918FP_mono_0009,IY,29,0.06000000000000005,2.7996,2.8596,M,D,0,1,immediately,12,2.6996,3.0896,and,stubbed
EXP3918FP_mono,EXP3918FP_mono_0010,IY,31,0.04999999999999982,2.8896,2.9396,D,AH0,0,0,immediately,12,2.6996,3.0896,and,stubbed
EXP3918FP_mono,--,AH,32,0.029999999999999805,2.9396,2.9696,IY0,T,1,0,immediately,12,2.6996,3.0896,and,stubbed
EXP3918FP_mono,EXP3918FP_mono_0011,IY,35,0.06000000000000005,3.0296,3.0896,L,S,0,0,immediately,12,2.6996,3.0896,and,stubbed
EXP3918FP_mono,EXP3918FP_mono_0012,AH,38,0.040000000000000036,3.2296,3.2696,T,B,0,1,stubbed,13,3.0896,3.3796,immediately,my
EXP3918FP_mono,EXP3918FP_mono_0013,AY,42,0.06999999999999984,3.4596,3.5296,M,T,0,1,my,14,3.3796,3.5296,stubbed,toe
EXP3918FP_mono,EXP3918FP_mono_0014,OW,44,0.08000000000000007,3.6496,3.7296,T,AA1,0,1,toe,15,3.5296,3.7296,my,on
EXP3918FP_mono,EXP3918FP_mono_0015,AA,45,0.06999999999999984,3.7296,3.7996,OW1,N,0,1,on,16,3.7296,3.8496,toe,the
EXP3918FP_mono,--,AH,48,0.029999999999999805,3.8896,3.9196,DH,D,1,0,the,17,3.8496,3.9196,on,dresser
EXP3918FP_mono,EXP3918FP_mono_0016,EH,51,0.07000000000000028,4.0396,4.1096,R,S,0,1,dresser,18,3.9196,4.3996,the,-
EXP3918FP_mono,EXP3918FP_mono_0017,ER,53,0.17000000000000082,4.2296,4.3996,S,-,0,0,dresser,18,3.9196,4.3996,the,-
EXP3918FP_mono,EXP3918FP_mono_0018,EY,57,0.0600000000000005,4.6693,4.7293,R,T,0,1,great,20,4.5993,4.7793,-,start
EXP3918FP_mono,EXP3918FP_mono_0019,AA,61,0.10000000000000053,4.9193,5.0193,T,R,0,1,start,21,4.7793,5.1993,great,-
EXP3918FP_mono,EXP3918FP_mono_0020,AY,66,0.17999999999999972,5.3193,5.4993,R,-,0,1,right,23,5.2293,5.4993,-,-
EXP3918FP_mono,EXP3918FP_mono_0021,AY,68,0.05000000000000071,6.2124,6.2624,-,G,0,1,i,25,6.2124,6.2624,-,grumbled
EXP3918FP_mono,EXP3918FP_mono_0022,AH,71,0.040000000000000036,6.3524,6.3924,R,M,0,1,grumbled,26,6.2624,6.5624,i,something
EXP3918FP_mono,--,AH,74,0.010000000000000675,6.4624,6.4724,B,L,1,0,grumbled,26,6.2624,6.5624,i,something
EXP3918FP_mono,EXP3918FP_mono_0023,AH,78,0.040000000000000036,6.6024,6.6424,S,M,0,1,something,27,6.5624,6.8724,grumbled,half
EXP3918FP_mono,EXP3918FP_mono_0024,IH,81,0.04999999999999982,6.7624,6.8124,TH,NG,0,0,something,27,6.5624,6.8724,grumbled,half
EXP3918FP_mono,EXP3918FP_mono_0025,AE,84,0.08999999999999986,6.9524,7.0424,HH,F,0,1,half,28,6.8724,7.1324,something,conscious
EXP3918FP_mono,EXP3918FP_mono_0026,AA,87,0.10999999999999943,7.2224,7.3324,K,N,0,1,conscious,29,7.1324,7.6433,half,-
EXP3918FP_mono,EXP3918FP_mono_0027,AH,90,0.08999999999999986,7.4624,7.5524,SH,S,0,0,conscious,29,7.1324,7.6433,half,-
EXP3918FP_mono,EXP3918FP_mono_0028,AE,95,0.08000000000000007,7.737,7.817,R,B,0,1,grabbed,31,7.677,7.907,-,whatever
EXP3918FP_mono,--,AH,99,0.02999999999999936,7.937,7.967,W,T,1,2,whatever,32,7.907,8.157,grabbed,shirt
EXP3918FP_mono,EXP3918FP_mono_0029,EH,101,0.040000000000000924,7.997,8.037,T,V,0,1,whatever,32,7.907,8.157,grabbed,shirt
EXP3918FP_mono,EXP3918FP_mono_0030,ER,103,0.03999999999999915,8.117,8.157,V,SH,0,0,whatever,32,7.907,8.157,grabbed,shirt
EXP3918FP_mono,EXP3918FP_mono_0031,ER,105,0.0600000000000005,8.267,8.327,SH,T,0,1,shirt,33,8.157,8.377,whatever,was
EXP3918FP_mono,--,AH,108,0.02999999999999936,8.407,8.437,W,Z,1,0,was,34,8.377,8.507,shirt,clean
EXP3918FP_mono,EXP3918FP_mono_0032,IY,112,0.09999999999999964,8.667,8.767,L,N,0,1,clean,35,8.507,8.807,was,ish
EXP3918FP_mono,EXP3918FP_mono_0033,IH,114,0.1399999999999988,8.807,8.947,N,SH,0,1,ish,36,8.807,9.077,clean,and
EXP3918FP_mono,--,AH,116,0.02999999999999936,9.077,9.107,SH,N,1,0,and,37,9.077,9.167,ish,headed
EXP3918FP_mono,EXP3918FP_mono_0034,EH,120,0.05000000000000071,9.237,9.287,HH,D,0,1,headed,38,9.167,9.437,and,out
EXP3918FP_mono,EXP3918FP_mono_0035,IH,122,0.05000000000000071,9.337,9.387,D,D,0,0,headed,38,9.167,9.437,and,out
EXP3918FP_mono,EXP3918FP_mono_0036,AW,124,0.13000000000000078,9.437,9.567,D,T,0,1,out,39,9.437,9.597,headed,-
EXP3918FP_mono,--,AH,128,0.02999999999999936,10.1934,10.2234,DH,S,1,0,the,41,10.1834,10.2234,-,sky
EXP3918FP_mono,EXP3918FP_mono_0037,AY,131,0.0600000000000005,10.3334,10.3934,K,L,0,1,sky,42,10.2234,10.3934,the,looked
EXP3918FP_mono,EXP3918FP_mono_0038,UH,133,0.049999999999998934,10.4434,10.4934,L,K,0,1,looked,43,10.3934,10.5834,sky,weird
EXP3918FP_mono,EXP3918FP_mono_0039,IH,137,0.13000000000000078,10.6534,10.7834,W,R,0,1,weird,44,10.5834,10.9234,looked,like
EXP3918FP_mono,EXP3918FP_mono_0040,AY,141,0.049999999999998934,10.9534,11.0034,L,K,0,1,like,45,10.9234,11.0334,weird,-
EXP3918FP_mono,EXP3918FP_mono_0041,AE,145,0.08999999999999986,11.1295,11.2195,DH,T,0,1,that,47,11.0995,11.2695,-,shade
EXP3918FP_mono,EXP3918FP_mono_0042,EY,148,0.07000000000000028,11.3795,11.4495,SH,D,0,1,shade,48,11.2695,11.4795,that,of
EXP3918FP_mono,EXP3918FP_mono_0043,AH,150,0.040000000000000924,11.4795,11.5195,D,V,0,0,of,49,11.4795,11.5789,shade,-
EXP3918FP_mono,EXP3918FP_mono_0044,UW,155,0.10999999999999943,11.7501,11.8601,L,G,0,1,blue,51,11.6501,11.8601,-,gray
EXP3918FP_mono,EXP3918FP_mono_0045,EY,158,0.08999999999999986,11.9801,12.0701,R,DH,0,1,gray,52,11.8601,12.0701,blue,that
EXP3918FP_mono,--,AH,160,0.02999999999999936,12.1301,12.1601,DH,M,1,0,that,53,12.0701,12.1601,gray,makes
EXP3918FP_mono,EXP3918FP_mono_0046,EY,162,0.03999999999999915,12.2301,12.2701,M,K,0,1,makes,54,12.1601,12.3501,that,you
EXP3918FP_mono,--,UW,166,0.02999999999999936,12.3801,12.4101,Y,K,1,1,you,55,12.3501,12.4101,makes,question
EXP3918FP_mono,EXP3918FP_mono_0047,EH,169,0.05000000000000071,12.5201,12.5701,W,S,0,1,question,56,12.4101,12.7301,you,if
EXP3918FP_mono,EXP3918FP_mono_0048,AH,172,0.030000000000001137,12.6701,12.7001,CH,N,0,0,question,56,12.4101,12.7301,you,if
EXP3918FP_mono,--,IH,174,0.02999999999999936,12.7301,12.7601,N,F,1,0,if,57,12.7301,12.8001,question,it's
EXP3918FP_mono,--,IH,176,0.02999999999999936,12.8001,12.8301,F,T,1,0,it's,58,12.8001,12.8701,if,about
EXP3918FP_mono,--,AH,179,0.02999999999999936,12.8701,12.9001,S,B,1,0,about,59,12.8701,13.0601,it's,to
EXP3918FP_mono,EXP3918FP_mono_0049,AW,181,0.0600000000000005,12.9401,13.0001,B,T,0,1,about,59,12.8701,13.0601,it's,to
EXP3918FP_mono,EXP3918FP_mono_0050,AH,184,0.05000000000000071,13.1101,13.1601,T,R,0,0,to,60,13.0601,13.1601,about,rain
EXP3918FP_mono,EXP3918FP_mono_0051,EY,186,0.08999999999999986,13.2201,13.3101,R,N,0,1,rain,61,13.1601,13.3701,to,or
EXP3918FP_mono,EXP3918FP_mono_0052,ER,188,0.05999999999999872,13.3701,13.4301,N,N,0,0,or,62,13.3701,13.4301,rain,not
EXP3918FP_mono,--,AA,190,0.02999999999999936,13.4801,13.5101,N,T,1,1,not,63,13.4301,13.6201,or,-
EXP3918FP_mono,--,AY,193,0.02999999999999936,14.295,14.325,-,S,1,1,i,65,14.295,14.325,-,stopped
EXP3918FP_mono,EXP3918FP_mono_0053,AA,196,0.05000000000000071,14.385,14.435,T,P,0,1,stopped,66,14.325,14.515,i,by
EXP3918FP_mono,EXP3918FP_mono_0054,AY,200,0.030000000000001137,14.555,14.585,B,DH,0,1,by,67,14.515,14.585,stopped,the
EXP3918FP_mono,EXP3918FP_mono_0055,AH,202,0.040000000000000924,14.635,14.675,DH,K,0,0,the,68,14.585,14.675,by,corner
EXP3918FP_mono,EXP3918FP_mono_0056,AO,204,0.03999999999999915,14.775,14.815,K,R,0,1,corner,69,14.675,14.935,the,store
EXP3918FP_mono,EXP3918FP_mono_0057,ER,207,0.030000000000001137,14.905,14.935,N,S,0,0,corner,69,14.675,14.935,the,store
EXP3918FP_mono,--,AO,210,0.02999999999999936,15.025,15.055,T,R,1,1,store,70,14.935,15.085,corner,to
EXP3918FP_mono,--,AH,213,0.02999999999999936,15.115,15.145,T,G,1,0,to,71,15.085,15.145,store,grab
EXP3918FP_mono,EXP3918FP_mono_0058,AE,216,0.05000000000000071,15.215,15.265,R,B,0,1,grab,72,15.145,15.325,to,a
EXP3918FP_mono,EXP3918FP_mono_0059,AH,218,0.030000000000001137,15.325,15.355,B,T,0,0,a,73,15.325,15.355,grab,toasted
EXP3918FP_mono,EXP3918FP_mono_0060,OW,220,0.07000000000000028,15.445,15.515,T,S,0,1,toasted,74,15.355,15.7093,a,-
EXP3918FP_mono,--,IH,223,0.02999999999999936,15.635,15.665,T,D,1,0,toasted,74,15.355,15.7093,a,-
EXP3918FP_mono,EXP3918FP_mono_0061,EY,227,0.120000000000001,15.7623,15.8823,B,G,0,1,bagel,76,15.7323,15.9923,-,and
EXP3918FP_mono,EXP3918FP_mono_0062,AH,229,0.040000000000000924,15.9223,15.9623,G,L,0,0,bagel,76,15.7323,15.9923,-,and
EXP3918FP_mono,EXP3918FP_mono_0063,AH,231,0.040001000000000175,15.9923,16.032301,L,N,0,0,and,77,15.9923,16.0923,bagel,orange
EXP3918FP_mono,EXP3918FP_mono_0064,AO,234,0.09000099999999733,16.0923,16.182301,D,R,0,1,orange,78,16.0923,16.3423,and,juice
EXP3918FP_mono,EXP3918FP_mono_0065,AH,236,0.030000999999998612,16.212299,16.2423,R,N,0,0,orange,78,16.0923,16.3423,and,juice
EXP3918FP_mono,EXP3918FP_mono_0066,UW,240,0.11000100000000046,16.4123,16.522301,JH,S,0,1,juice,79,16.3423,16.6423,orange,-
EXP3918FP_mono,--,AH,244,0.02999799999999908,16.751801,16.781799,B,T,1,1,but,81,16.7318,16.8118,-,they
EXP3918FP_mono,--,EY,247,0.02999799999999908,16.841801,16.871799,DH,W,1,1,they,82,16.8118,16.871799,but,were
EXP3918FP_mono,EXP3918FP_mono_0067,ER,249,0.03999899999999812,16.9018,16.941799,W,AW1,0,0,were,83,16.871799,16.941799,they,out
EXP3918FP_mono,EXP3918FP_mono_0068,AW,250,0.06000200000000078,16.941799,17.001801,ER0,T,0,1,out,84,16.941799,17.031799,were,of
EXP3918FP_mono,EXP3918FP_mono_0069,AH,252,0.030001000000002165,17.031799,17.0618,T,V,0,0,of,85,17.031799,17.1318,out,-
EXP3918FP_mono,EXP3918FP_mono_0070,OW,256,0.20999899999999982,17.2854,17.495399,B,TH,0,1,both,87,17.245399,17.625401,-,-
EXP3918FP_mono,EXP3918FP_mono_0071,AE,260,0.040001000000000175,18.2132,18.253201,K,SH,0,0,cashier,89,18.183201,18.4032,-,joked
EXP3918FP_mono,--,IH,262,0.02999799999999908,18.343201,18.373199,SH,R,1,1,cashier,89,18.183201,18.4032,-,joked
EXP3918FP_mono,EXP3918FP_mono_0072,OW,265,0.08999999999999986,18.4832,18.5732,JH,K,0,1,joked,90,18.4032,18.664801,cashier,-
EXP3918FP_mono,EXP3918FP_mono_0073,IH,269,0.04999899999999968,18.895201,18.9452,-,T,0,1,it's,92,18.895201,19.0452,-,monday
EXP3918FP_mono,EXP3918FP_mono_0074,AH,273,0.059999000000001246,19.135201,19.1952,M,N,0,1,monday,93,19.0452,19.4552,it's,energy
EXP3918FP_mono,EXP3918FP_mono_0075,EY,276,0.13000100000000003,19.325199,19.4552,D,EH1,0,2,monday,93,19.0452,19.4552,it's,energy
EXP3918FP_mono,EXP3918FP_mono_0076,EH,277,0.08999999999999986,19.4552,19.5452,EY2,N,0,1,energy,94,19.4552,20.0152,monday,-
EXP3918FP_mono,EXP3918FP_mono_0077,ER,279,0.07000000000000028,19.6052,19.6752,N,JH,0,0,energy,94,19.4552,20.0152,monday,-
EXP3918FP_mono,EXP3918FP_mono_0078,IY,281,0.23999999999999844,19.7752,20.0152,JH,-,0,0,energy,94,19.4552,20.0152,monday,-
EXP3918FP_mono,EXP3918FP_mono_0079,AE,283,0.04999899999999968,20.043501,20.0935,-,N,0,1,and,96,20.043501,20.1535,-,i
EXP3918FP_mono,EXP3918FP_mono_0080,AY,286,0.05999899999999769,20.1535,20.213499,D,HH,0,1,i,97,20.1535,20.213499,and,half
EXP3918FP_mono,EXP3918FP_mono_0081,AE,288,0.10999900000000196,20.293501,20.4035,HH,F,0,1,half,98,20.213499,20.4935,i,laughed
EXP3918FP_mono,EXP3918FP_mono_0082,AE,291,0.17999999999999972,20.5835,20.7635,L,F,0,1,laughed,99,20.4935,20.893499,half,because
EXP3918FP_mono,--,IH,295,0.02999799999999908,20.943501,20.973499,B,K,1,0,because,100,20.893499,21.223499,laughed,-
EXP3918FP_mono,EXP3918FP_mono_0083,AH,297,0.06999899999999926,21.033501,21.1035,K,Z,0,1,because,100,20.893499,21.223499,laughed,-
EXP3918FP_mono,EXP3918FP_mono_0084,AE,301,0.14999999999999858,21.5023,21.6523,Y,T,0,1,yeah,102,21.4223,21.6523,-,true
EXP3918FP_mono,EXP3918FP_mono_0085,UW,304,0.26000000000000156,21.9123,22.1723,R,-,0,1,true,103,21.6523,22.1723,yeah,-
EXP3918FP_mono,EXP3918FP_mono_0086,AY,306,0.030000999999998612,22.8181,22.848101,-,T,0,1,i,105,22.8181,22.848101,-,took
EXP3918FP_mono,EXP3918FP_mono_0087,UH,308,0.040001000000000175,22.878099,22.9181,T,K,0,1,took,106,22.848101,22.948099,i,a
EXP3918FP_mono,EXP3918FP_mono_0088,AH,310,0.030001000000002165,22.948099,22.9781,K,S,0,0,a,107,22.948099,22.9781,took,seat
EXP3918FP_mono,EXP3918FP_mono_0089,IY,312,0.059999000000001246,23.0581,23.118099,S,T,0,1,seat,108,22.9781,23.1481,a,near
EXP3918FP_mono,--,IH,315,0.02999799999999908,23.178101,23.208099,N,R,1,1,near,109,23.1481,23.2481,seat,the
EXP3918FP_mono,EXP3918FP_mono_0090,AH,318,0.050000999999998186,23.278099,23.3281,DH,W,0,0,the,110,23.2481,23.3281,near,window
EXP3918FP_mono,EXP3918FP_mono_0091,IH,320,0.040001000000000175,23.3881,23.428101,W,N,0,1,window,111,23.3281,23.618099,the,scrolled
EXP3918FP_mono,EXP3918FP_mono_0092,OW,323,0.09999799999999937,23.518101,23.618099,D,S,0,0,window,111,23.3281,23.618099,the,scrolled
EXP3918FP_mono,EXP3918FP_mono_0093,OW,327,0.030000999999998612,23.778099,23.8081,R,L,0,1,scrolled,112,23.618099,23.878099,window,my
EXP3918FP_mono,EXP3918FP_mono_0094,AY,331,0.07000000000000028,23.9081,23.9781,M,F,0,1,my,113,23.878099,23.9781,scrolled,phone
EXP3918FP_mono,EXP3918FP_mono_0095,OW,333,0.11999899999999997,24.0881,24.208099,F,N,0,1,phone,114,23.9781,24.2481,my,and
EXP3918FP_mono,--,AH,335,0.02999900000000011,24.2481,24.278099,N,N,1,0,and,115,24.2481,24.3381,phone,overheard
EXP3918FP_mono,EXP3918FP_mono_0096,OW,338,0.05000000000000071,24.3381,24.3881,D,V,0,1,overheard,116,24.3381,24.598101,and,someone
EXP3918FP_mono,EXP3918FP_mono_0097,ER,340,0.05000000000000071,24.4181,24.4681,V,HH,0,0,overheard,116,24.3381,24.598101,and,someone
EXP3918FP_mono,EXP3918FP_mono_0098,ER,342,0.03999899999999812,24.4981,24.538099,HH,D,0,1,overheard,116,24.3381,24.598101,and,someone
EXP3918FP_mono,--,AH,345,0.029999999999997584,24.6381,24.6681,S,M,1,1,someone,117,24.598101,24.788099,overheard,say
EXP3918FP_mono,EXP3918FP_mono_0099,AH,348,0.030000999999998612,24.7281,24.758101,W,N,0,2,someone,117,24.598101,24.788099,overheard,say
EXP3918FP_mono,EXP3918FP_mono_0100,EY,351,0.16999999999999815,24.868099,25.038099,S,-,0,1,say,118,24.788099,25.038099,someone,-
EXP3918FP_mono,--,AH,354,0.02999799999999908,25.551001,25.580999,DH,JH,1,0,the,120,25.521,25.580999,-,giraffe
EXP3918FP_mono,EXP3918FP_mono_0101,ER,356,0.11000100000000046,25.660999,25.771,JH,AE1,0,0,giraffe,121,25.580999,25.971001,the,exhibit
EXP3918FP_mono,EXP3918FP_mono_0102,AE,357,0.09999999999999787,25.771,25.871,ER0,F,0,1,giraffe,121,25.580999,25.971001,the,exhibit
EXP3918FP_mono,--,IH,359,0.02999799999999908,25.971001,26.000999,F,G,1,0,exhibit,122,25.971001,26.281,giraffe,-
EXP3918FP_mono,EXP3918FP_mono_0103,IH,362,0.03999899999999812,26.111,26.150999,Z,B,0,1,exhibit,122,25.971001,26.281,giraffe,-
EXP3918FP_mono,--,IH,364,0.02999900000000011,26.211,26.240999,B,T,1,0,exhibit,122,25.971001,26.281,giraffe,-
EXP3918FP_mono,EXP3918FP_mono_0104,OW,367,0.07000000000000028,26.311001,26.381001,-,P,0,1,opens,124,26.311001,26.601,-,at
EXP3918FP_mono,EXP3918FP_mono_0105,AH,369,0.03999900000000167,26.461,26.500999,P,N,0,0,opens,124,26.311001,26.601,-,at
EXP3918FP_mono,EXP3918FP_mono_0106,AE,372,0.07000000000000028,26.601,26.671,Z,T,0,1,at,125,26.601,26.721001,opens,noon
EXP3918FP_mono,EXP3918FP_mono_0107,UW,375,0.059999000000001246,26.801001,26.861,N,N,0,1,noon,126,26.721001,27.121,at,-
EXP3918FP_mono,EXP3918FP_mono_0108,IH,379,0.040001000000000175,27.439699,27.4797,W,CH,0,1,which,128,27.3997,27.609699,-,-
EXP3918FP_mono,--,EH,383,0.029998999999996556,27.7889,27.818899,F,L,1,1,felt,130,27.6889,27.9189,-,-
EXP3918FP_mono,EXP3918FP_mono_0109,AA,387,0.11999899999999997,27.9489,28.068899,-,D,0,1,oddly,132,27.9489,28.1789,-,profound
EXP3918FP_mono,EXP3918FP_mono_0110,IY,390,0.03999899999999812,28.138901,28.1789,L,P,0,0,oddly,132,27.9489,28.1789,-,profound
EXP3918FP_mono,EXP3918FP_mono_0111,OW,393,0.030001000000002165,28.318899,28.3489,R,F,0,0,profound,133,28.1789,28.6189,oddly,at
EXP3918FP_mono,EXP3918FP_mono_0112,AW,395,0.12000100000000202,28.4289,28.548901,F,N,0,1,profound,133,28.1789,28.6189,oddly,at
EXP3918FP_mono,--,AE,398,0.02999900000000011,28.6189,28.648899,D,T,1,1,at,134,28.6189,28.6889,profound,the
EXP3918FP_mono,EXP3918FP_mono_0113,AH,401,0.03999900000000167,28.718901,28.7589,DH,T,0,0,the,135,28.6889,28.7589,at,time
EXP3918FP_mono,EXP3918FP_mono_0114,AY,403,0.20999899999999982,28.8589,29.068899,T,M,0,1,time,136,28.7589,29.1989,the,-
EXP3918FP_mono,EXP3918FP_mono_0115,AE,406,0.06000200000000078,30.071199,30.131201,-,F,0,1,after,138,30.071199,30.2512,-,a
EXP3918FP_mono,--,ER,409,0.02999900000000011,30.221201,30.2512,T,AH0,1,0,after,138,30.071199,30.2512,-,a
EXP3918FP_mono,--,AH,410,0.029999999999997584,30.2512,30.2812,ER0,F,1,0,a,139,30.2512,30.2812,after,few
EXP3918FP_mono,EXP3918FP_mono_0116,UW,413,0.030001000000002165,30.401199,30.4312,Y,B,0,1,few,140,30.2812,30.4312,a,bites
EXP3918FP_mono,EXP3918FP_mono_0117,AY,415,0.08000000000000185,30.5112,30.5912,B,T,0,1,bites,141,30.4312,30.6812,few,of
EXP3918FP_mono,EXP3918FP_mono_0118,AH,418,0.030000999999998612,30.6812,30.711201,S,V,0,0,of,142,30.6812,30.741199,bites,something
EXP3918FP_mono,EXP3918FP_mono_0119,AH,421,0.030000999999998612,30.7712,30.801201,S,M,0,1,something,143,30.741199,31.0112,of,vaguely
EXP3918FP_mono,EXP3918FP_mono_0120,IH,424,0.050000999999998186,30.891199,30.9412,TH,NG,0,0,something,143,30.741199,31.0112,of,vaguely
EXP3918FP_mono,EXP3918FP_mono_0121,EY,427,0.12000099999999847,31.0912,31.211201,V,G,0,1,vaguely,144,31.0112,31.4312,something,egg
EXP3918FP_mono,EXP3918FP_mono_0122,IY,430,0.08999999999999986,31.3412,31.4312,L,EH1,0,0,vaguely,144,31.0112,31.4312,something,egg
EXP3918FP_mono,EXP3918FP_mono_0123,EH,431,0.09999999999999787,31.4312,31.5312,IY0,G,0,1,egg,145,31.4312,31.6112,vaguely,shaped
EXP3918FP_mono,EXP3918FP_mono_0124,EY,434,0.13000100000000003,31.721199,31.8512,SH,P,0,1,shaped,146,31.6112,31.971199,egg,-
EXP3918FP_mono,EXP3918FP_mono_0125,AY,438,0.0899999999999963,32.198399,32.288399,-,W,0,1,i,148,32.198399,32.288399,-,wandered
EXP3918FP_mono,EXP3918FP_mono_0126,AA,440,0.08000200000000035,32.378399,32.458401,W,N,0,1,wandered,149,32.288399,32.658401,i,to
EXP3918FP_mono,EXP3918FP_mono_0127,ER,443,0.050003000000003794,32.518398,32.568401,D,D,0,0,wandered,149,32.288399,32.658401,i,to
EXP3918FP_mono,EXP3918FP_mono_0128,AH,446,0.030001999999996087,32.698399,32.728401,T,DH,0,0,to,150,32.658401,32.728401,wandered,the
EXP3918FP_mono,EXP3918FP_mono_0129,AH,448,0.04000099999999662,32.7584,32.798401,DH,P,0,0,the,151,32.728401,32.798401,to,park
EXP3918FP_mono,EXP3918FP_mono_0130,AA,450,0.04000100000000373,32.898399,32.9384,P,R,0,1,park,152,32.798401,33.128399,the,-
EXP3918FP_mono,--,AH,454,0.009999000000000535,33.484901,33.4949,-,K,1,0,a,154,33.484901,33.4949,-,kid
EXP3918FP_mono,EXP3918FP_mono_0131,IH,456,0.039996999999999616,33.554901,33.594898,K,D,0,1,kid,155,33.4949,33.644901,a,zoomed
EXP3918FP_mono,EXP3918FP_mono_0132,UW,459,0.04999899999999968,33.714901,33.7649,Z,M,0,1,zoomed,156,33.644901,33.9249,kid,by
EXP3918FP_mono,EXP3918FP_mono_0133,AY,463,0.13000100000000003,33.954899,34.0849,B,AA1,0,1,by,157,33.9249,34.0849,zoomed,on
EXP3918FP_mono,--,AA,464,0.02999900000000366,34.0849,34.114899,AY1,N,1,1,on,158,34.0849,34.164902,by,a
EXP3918FP_mono,--,AH,466,0.02999900000000366,34.164902,34.194901,N,S,1,0,a,159,34.164902,34.194901,on,scooter
EXP3918FP_mono,EXP3918FP_mono_0134,UW,469,0.09999799999999937,34.374901,34.474899,K,T,0,1,scooter,160,34.194901,34.574902,a,yelling
EXP3918FP_mono,EXP3918FP_mono_0135,ER,471,0.07000000000000028,34.504902,34.574902,T,Y,0,0,scooter,160,34.194901,34.574902,a,yelling
EXP3918FP_mono,EXP3918FP_mono_0136,EH,473,0.05999700000000274,34.664902,34.724899,Y,L,0,1,yelling,161,34.574902,34.9049,scooter,zoom
EXP3918FP_mono,EXP3918FP_mono_0137,IH,475,0.05999699999999564,34.754902,34.814899,L,NG,0,0,yelling,161,34.574902,34.9049,scooter,zoom
EXP3918FP_mono,EXP3918FP_mono_0138,UW,478,0.12000299999999697,35.044899,35.164902,Z,M,0,1,zoom,162,34.9049,35.384899,yelling,zoom
EXP3918FP_mono,EXP3918FP_mono_0139,UW,481,0.09999799999999937,35.4949,35.594898,Z,M,0,1,zoom,163,35.384899,35.844898,zoom,-
EXP3918FP_mono,--,AY,485,0.02999900000000366,36.3568,36.386799,L,K,1,1,like,165,36.346802,36.416801,-,it
EXP3918FP_mono,--,IH,487,0.02999900000000366,36.416801,36.4468,K,W,1,0,it,166,36.416801,36.4468,like,was
EXP3918FP_mono,--,AH,489,0.02999900000000366,36.486801,36.5168,W,Z,1,0,was,167,36.4468,36.546799,it,a
EXP3918FP_mono,EXP3918FP_mono_0140,AH,491,0.06000099999999975,36.546799,36.6068,Z,S,0,0,a,168,36.546799,36.6068,was,sound
EXP3918FP_mono,EXP3918FP_mono_0141,AW,493,0.11000000000000654,36.706799,36.816799,S,N,0,1,sound,169,36.6068,36.876801,a,effect
EXP3918FP_mono,--,AH,496,0.02999799999999908,36.876801,36.906799,D,F,1,0,effect,170,36.876801,37.136799,sound,that
EXP3918FP_mono,EXP3918FP_mono_0142,EH,498,0.07000000000000028,36.986801,37.056801,F,K,0,1,effect,170,36.876801,37.136799,sound,that
EXP3918FP_mono,EXP3918FP_mono_0143,AH,502,0.07999800000000334,37.166801,37.246799,DH,T,0,0,that,171,37.136799,37.316799,effect,summoned
EXP3918FP_mono,EXP3918FP_mono_0144,AH,505,0.04999899999999968,37.4468,37.496799,S,M,0,1,summoned,172,37.316799,37.6968,that,speed
EXP3918FP_mono,EXP3918FP_mono_0145,AH,507,0.030002999999993563,37.566799,37.596802,M,N,0,0,summoned,172,37.316799,37.6968,that,speed
EXP3918FP_mono,EXP3918FP_mono_0146,IY,512,0.17000200000000376,37.906799,38.076801,P,D,0,1,speed,173,37.6968,38.156799,summoned,-
EXP3918FP_mono,--,AY,515,0.029998999999996556,38.857601,38.8876,-,S,1,1,i,175,38.857601,38.8876,-,sat
EXP3918FP_mono,EXP3918FP_mono_0147,AE,517,0.06000099999999975,38.9576,39.017601,S,T,0,1,sat,176,38.8876,39.057598,i,under
EXP3918FP_mono,EXP3918FP_mono_0148,AH,519,0.030003000000000668,39.057598,39.087601,T,N,0,1,under,177,39.057598,39.2076,sat,a
EXP3918FP_mono,EXP3918FP_mono_0149,ER,522,0.060001999999997224,39.147598,39.2076,D,AH0,0,0,under,177,39.057598,39.2076,sat,a
EXP3918FP_mono,EXP3918FP_mono_0150,AH,523,0.04999899999999968,39.2076,39.257599,ER0,T,0,0,a,178,39.2076,39.257599,under,tree
EXP3918FP_mono,EXP3918FP_mono_0151,IY,526,0.22000200000000092,39.487598,39.7076,R,-,0,1,tree,179,39.257599,39.7076,a,-
EXP3918FP_mono,EXP3918FP_mono_0152,IH,529,0.04000099999999662,39.777599,39.8176,L,S,0,1,listened,181,39.747601,39.937599,-,to
EXP3918FP_mono,--,AH,531,0.02999900000000366,39.8876,39.917599,S,N,1,0,listened,181,39.747601,39.937599,-,to
EXP3918FP_mono,--,AH,535,0.02999900000000366,39.967602,39.997601,T,DH,1,0,to,182,39.937599,39.997601,listened,the
EXP3918FP_mono,EXP3918FP_mono_0153,AH,537,0.08389700000000033,40.037601,40.121498,DH,B,0,0,the,183,39.997601,40.121498,to,breeze
EXP3918FP_mono,EXP3918FP_mono_0154,IY,540,0.1600000000000037,40.231499,40.391499,R,Z,0,1,breeze,184,40.121498,40.461498,the,and
EXP3918FP_mono,EXP3918FP_mono_0155,AH,542,0.030003000000000668,40.461498,40.491501,Z,N,0,0,and,185,40.461498,40.561501,breeze,watched
EXP3918FP_mono,EXP3918FP_mono_0156,AA,546,0.06000200000000433,40.591499,40.651501,W,CH,0,1,watched,186,40.561501,40.741501,and,the
EXP3918FP_mono,--,AH,550,0.02999799999999908,40.7715,40.801498,DH,Y,1,0,the,187,40.741501,40.801498,watched,yellow
EXP3918FP_mono,EXP3918FP_mono_0157,EH,552,0.04999899999999968,40.8615,40.911499,Y,L,0,1,yellow,188,40.801498,41.031502,the,balloon
EXP3918FP_mono,EXP3918FP_mono_0158,OW,554,0.0700040000000044,40.961498,41.031502,L,B,0,0,yellow,188,40.801498,41.031502,the,balloon
EXP3918FP_mono,--,AH,556,0.010002000000000066,41.121498,41.1315,B,L,1,0,balloon,189,41.031502,41.401501,yellow,get
EXP3918FP_mono,EXP3918FP_mono_0159,UW,558,0.09000000000000341,41.241501,41.331501,L,N,0,1,balloon,189,41.031502,41.401501,yellow,get
EXP3918FP_mono,EXP3918FP_mono_0160,IH,561,0.04999899999999968,41.441502,41.491501,G,T,0,1,get,190,41.401501,41.5415,balloon,tangled
EXP3918FP_mono,EXP3918FP_mono_0161,AE,564,0.06000099999999975,41.6115,41.671501,T,NG,0,1,tangled,191,41.5415,41.851501,get,in
EXP3918FP_mono,EXP3918FP_mono_0162,AH,567,0.030002000000003193,41.731499,41.761501,G,L,0,0,tangled,191,41.5415,41.851501,get,in
EXP3918FP_mono,--,IH,570,0.02999900000000366,41.851501,41.8815,D,N,1,0,in,192,41.851501,41.911499,tangled,a
EXP3918FP_mono,EXP3918FP_mono_0163,AH,572,0.04000100000000373,41.911499,41.9515,N,P,0,0,a,193,41.911499,41.9515,in,power
EXP3918FP_mono,EXP3918FP_mono_0164,AW,574,0.1399990000000031,42.061501,42.2015,P,ER0,0,1,power,194,41.9515,42.231499,a,line
EXP3918FP_mono,--,ER,575,0.029998999999996556,42.2015,42.231499,AW1,L,1,0,power,194,41.9515,42.231499,a,line
EXP3918FP_mono,EXP3918FP_mono_0165,AY,577,0.16999799999999965,42.331501,42.501499,L,N,0,1,line,195,42.231499,42.551498,power,-
EXP3918FP_mono,EXP3918FP_mono_0166,IH,581,0.04999999999999716,43.146301,43.196301,W,R,0,1,weird,197,43.1063,43.276299,-,morning
EXP3918FP_mono,EXP3918FP_mono_0167,AO,585,0.06000200000000433,43.3563,43.416302,M,R,0,1,morning,198,43.276299,43.786301,weird,-
EXP3918FP_mono,EXP3918FP_mono_0168,IH,588,0.0899999999999963,43.526299,43.616299,N,NG,0,0,morning,198,43.276299,43.786301,weird,-
EXP3918FP_mono,EXP3918FP_mono_0169,AH,592,0.030003000000000668,43.857498,43.887501,B,T,0,1,but,200,43.827499,43.9175,-,honestly
EXP3918FP_mono,EXP3918FP_mono_0170,AA,594,0.06999900000000281,43.9175,43.987499,T,N,0,1,honestly,201,43.9175,44.307499,but,-
EXP3918FP_mono,EXP3918FP_mono_0171,AH,596,0.04000099999999662,44.0275,44.067501,N,S,0,0,honestly,201,43.9175,44.307499,but,-
EXP3918FP_mono,EXP3918FP_mono_0172,IY,599,0.11999899999999997,44.1875,44.307499,L,-,0,0,honestly,201,43.9175,44.307499,but,-
EXP3918FP_mono,EXP3918FP_mono_0173,AA,602,0.04999899999999968,44.604401,44.6544,N,T,0,1,not,203,44.5644,44.714401,-,the
EXP3918FP_mono,EXP3918FP_mono_0174,AH,605,0.04999899999999968,44.7444,44.794399,DH,W,0,1,the,204,44.714401,44.794399,not,worst
EXP3918FP_mono,EXP3918FP_mono_0175,ER,607,0.1399990000000031,44.894402,45.034401,W,S,0,1,worst,205,44.794399,45.184399,the,-
GE638AJD7_mono,GE638AJD7_mono_0001,OW,3,0.04999999999999982,5.2905,5.3405,S,DH,0,1,so,2,5.1905,5.3405,-,this
GE638AJD7_mono,GE638AJD7_mono_0002,IH,5,0.05000000000000071,5.3805,5.4305,DH,S,0,1,this,3,5.3405,5.5305,so,morning
GE638AJD7_mono,GE638AJD7_mono_0003,AO,8,0.07000000000000028,5.5705,5.6405,M,R,0,1,morning,4,5.5305,5.8705,this,i
GE638AJD7_mono,GE638AJD7_mono_0004,IH,11,0.04999999999999982,5.7205,5.7705,N,NG,0,0,morning,4,5.5305,5.8705,this,i
GE638AJD7_mono,GE638AJD7_mono_0005,AY,13,0.04999999999999982,5.8705,5.9205,NG,W,0,1,i,5,5.8705,5.9205,morning,woke
GE638AJD7_mono,GE638AJD7_mono_0006,OW,15,0.08999999999999986,6.0105,6.1005,W,K,0,1,woke,6,5.9205,6.1705,i,up
GE638AJD7_mono,GE638AJD7_mono_0007,AH,17,0.05000000000000071,6.1705,6.2205,K,P,0,1,up,7,6.1705,6.3305,woke,late
GE638AJD7_mono,GE638AJD7_mono_0008,EY,20,0.14000000000000057,6.3805,6.5205,L,T,0,1,late,8,6.3305,6.6005,up,-
GE638AJD7_mono,GE638AJD7_mono_0009,AH,23,0.03000000000000025,6.6277,6.6577,-,N,0,0,and,10,6.6277,6.7377,-,i
GE638AJD7_mono,GE638AJD7_mono_0010,AY,26,0.040000000000000036,6.7377,6.7777,D,IH0,0,1,i,11,6.7377,6.7777,and,immediately
GE638AJD7_mono,GE638AJD7_mono_0011,IH,27,0.08999999999999986,6.7777,6.8677,AY1,M,0,0,immediately,12,6.7777,7.2877,i,stubbed
GE638AJD7_mono,GE638AJD7_mono_0012,IY,29,0.08999999999999986,6.9577,7.0477,M,D,0,1,immediately,12,6.7777,7.2877,i,stubbed
GE638AJD7_mono,GE638AJD7_mono_0013,IY,31,0.03000000000000025,7.0777,7.1077,D,AH0,0,0,immediately,12,6.7777,7.2877,i,stubbed
GE638AJD7_mono,GE638AJD7_mono_0014,AH,32,0.040000000000000036,7.1077,7.1477,IY0,T,0,0,immediately,12,6.7777,7.2877,i,stubbed
GE638AJD7_mono,GE638AJD7_mono_0015,IY,35,0.04999999999999982,7.2377,7.2877,L,S,0,0,immediately,12,6.7777,7.2877,i,stubbed
GE638AJD7_mono,GE638AJD7_mono_0016,AH,38,0.07000000000000028,7.4577,7.5277,T,B,0,1,stubbed,13,7.2877,7.6277,immediately,my
GE638AJD7_mono,GE638AJD7_mono_0017,AY,42,0.05999999999999961,7.6577,7.7177,M,T,0,1,my,14,7.6277,7.7177,stubbed,toe
GE638AJD7_mono,GE638AJD7_mono_0018,OW,44,0.04999999999999982,7.8377,7.8877,T,AA1,0,1,toe,15,7.7177,7.8877,my,on
GE638AJD7_mono,GE638AJD7_mono_0019,AA,45,0.07000000000000028,7.8877,7.9577,OW1,N,0,1,on,16,7.8877,8.0177,toe,the
GE638AJD7_mono,--,AH,48,0.02999999999999936,8.0577,8.0877,DH,D,1,0,the,17,8.0177,8.0877,on,dresser
GE638AJD7_mono,GE638AJD7_mono_0020,EH,51,0.049999999999998934,8.2177,8.2677,R,S,0,1,dresser,18,8.0877,8.4877,the,-
GE638AJD7_mono,GE638AJD7_mono_0021,ER,53,0.08999999999999986,8.3977,8.4877,S,-,0,0,dresser,18,8.0877,8.4877,the,-
GE638AJD7_mono,GE638AJD7_mono_0022,EY,57,0.07000000000000028,9.102,9.172,R,T,0,1,great,20,9.042,9.262,-,start
GE638AJD7_mono,GE638AJD7_mono_0023,AA,61,0.05000000000000071,9.372,9.422,T,R,0,1,start,21,9.262,9.582,great,-
GE638AJD7_mono,GE638AJD7_mono_0024,AY,66,0.120000000000001,9.732,9.852,R,T,0,1,right,23,9.642,9.8899,-,-
GE638AJD7_mono,GE638AJD7_mono_0025,AY,69,0.07000000000000028,10.3973,10.4673,-,G,0,1,i,25,10.3973,10.4673,-,grumbled
GE638AJD7_mono,GE638AJD7_mono_0026,AH,72,0.049999999999998934,10.6173,10.6673,R,M,0,1,grumbled,26,10.4673,10.9473,i,something
GE638AJD7_mono,--,AH,75,0.009999999999999787,10.7873,10.7973,B,L,1,0,grumbled,26,10.4673,10.9473,i,something
GE638AJD7_mono,GE638AJD7_mono_0027,AH,79,0.040000000000000924,11.0773,11.1173,S,M,0,1,something,27,10.9473,11.3473,grumbled,half
GE638AJD7_mono,GE638AJD7_mono_0028,IH,82,0.05000000000000071,11.2373,11.2873,TH,NG,0,0,something,27,10.9473,11.3473,grumbled,half
GE638AJD7_mono,GE638AJD7_mono_0029,AE,85,0.08999999999999986,11.4473,11.5373,HH,F,0,1,half,28,11.3473,11.6273,something,conscious
GE638AJD7_mono,GE638AJD7_mono_0030,AA,88,0.11000000000000121,11.7273,11.8373,K,N,0,1,conscious,29,11.6273,12.177299,half,-
GE638AJD7_mono,GE638AJD7_mono_0031,AH,91,0.11000000000000121,11.9973,12.1073,SH,S,0,0,conscious,29,11.6273,12.177299,half,-
GE638AJD7_mono,GE638AJD7_mono_0032,AE,96,0.10999999999999943,12.6449,12.7549,R,B,0,1,grabbed,31,12.5849,12.8749,-,whatever
GE638AJD7_mono,GE638AJD7_mono_0033,AH,100,0.030000000000001137,12.9149,12.9449,W,T,0,2,whatever,32,12.8749,13.1449,grabbed,shirt
GE638AJD7_mono,GE638AJD7_mono_0034,EH,102,0.07000000000000028,12.9749,13.0449,T,V,0,1,whatever,32,12.8749,13.1449,grabbed,shirt
GE638AJD7_mono,GE638AJD7_mono_0035,ER,104,0.049999999999998934,13.0949,13.1449,V,SH,0,0,whatever,32,12.8749,13.1449,grabbed,shirt
GE638AJD7_mono,GE638AJD7_mono_0036,ER,106,0.08999999999999986,13.2849,13.3749,SH,T,0,1,shirt,33,13.1449,13.4049,whatever,was
GE638AJD7_mono,--,AH,109,0.02999999999999936,13.4349,13.4649,W,Z,1,0,was,34,13.4049,13.5249,shirt,clean
GE638AJD7_mono,GE638AJD7_mono_0037,IY,113,0.08000000000000007,13.7049,13.7849,L,N,0,1,clean,35,13.5249,13.8249,was,ish
GE638AJD7_mono,GE638AJD7_mono_0038,IH,115,0.14000000000000057,13.8249,13.9649,N,SH,0,1,ish,36,13.8249,14.1749,clean,-
GE638AJD7_mono,GE638AJD7_mono_0039,AE,118,0.05000000000000071,14.2149,14.2649,-,N,0,1,and,38,14.2149,14.3749,-,headed
GE638AJD7_mono,--,EH,122,0.02999999999999936,14.4349,14.4649,HH,D,1,1,headed,39,14.3749,14.5949,and,out
GE638AJD7_mono,GE638AJD7_mono_0040,IH,124,0.03999999999999915,14.5249,14.5649,D,D,0,0,headed,39,14.3749,14.5949,and,out
GE638AJD7_mono,GE638AJD7_mono_0041,AW,126,0.1399999999999988,14.5949,14.7349,D,T,0,1,out,40,14.5949,14.7649,headed,-
GE638AJD7_mono,--,AH,130,0.02999999999999936,15.3629,15.3929,DH,S,1,0,the,42,15.3429,15.3929,-,sky
GE638AJD7_mono,GE638AJD7_mono_0042,AY,133,0.13000000000000078,15.5529,15.6829,K,L,0,1,sky,43,15.3929,15.6829,the,looked
GE638AJD7_mono,GE638AJD7_mono_0043,UH,135,0.049999999999998934,15.7529,15.8029,L,K,0,1,looked,44,15.6829,15.9329,sky,weird
GE638AJD7_mono,GE638AJD7_mono_0044,IH,139,0.1099989999999984,15.9829,16.092899,W,R,0,1,weird,45,15.9329,16.291401,looked,-
GE638AJD7_mono,GE638AJD7_mono_0045,AY,144,0.059999000000001246,16.461201,16.5212,L,K,0,1,like,47,16.4112,16.6112,-,that
GE638AJD7_mono,GE638AJD7_mono_0046,AE,147,0.06000200000000078,16.651199,16.711201,DH,T,0,1,that,48,16.6112,16.7812,like,shade
GE638AJD7_mono,GE638AJD7_mono_0047,EY,150,0.08000000000000185,16.9212,17.0012,SH,D,0,1,shade,49,16.7812,17.051201,that,of
GE638AJD7_mono,--,AH,152,0.02999900000000011,17.051201,17.0812,D,V,1,0,of,50,17.051201,17.2012,shade,blue
GE638AJD7_mono,GE638AJD7_mono_0048,UW,156,0.06999899999999926,17.291201,17.3612,L,G,0,1,blue,51,17.2012,17.3612,of,gray
GE638AJD7_mono,GE638AJD7_mono_0049,EY,159,0.13000100000000003,17.5012,17.631201,R,DH,0,1,gray,52,17.3612,17.631201,blue,that
GE638AJD7_mono,GE638AJD7_mono_0050,AE,161,0.04999899999999968,17.6812,17.731199,DH,T,0,1,that,53,17.631201,17.801201,gray,makes
GE638AJD7_mono,GE638AJD7_mono_0051,EY,164,0.07000000000000028,17.8512,17.9212,M,K,0,1,makes,54,17.801201,18.0812,that,you
GE638AJD7_mono,--,UW,168,0.02999900000000011,18.1112,18.141199,Y,K,1,1,you,55,18.0812,18.141199,makes,question
GE638AJD7_mono,--,EH,171,0.02999900000000011,18.2812,18.311199,W,S,1,1,question,56,18.141199,18.6112,you,if
GE638AJD7_mono,GE638AJD7_mono_0052,AH,174,0.09000099999999733,18.491199,18.5812,CH,N,0,0,question,56,18.141199,18.6112,you,if
GE638AJD7_mono,GE638AJD7_mono_0053,IH,176,0.03999899999999812,18.6112,18.651199,N,F,0,0,if,57,18.6112,18.791201,question,it's
GE638AJD7_mono,GE638AJD7_mono_0054,IH,178,0.03999899999999812,18.791201,18.8312,F,T,0,0,it's,58,18.791201,18.997999,if,-
GE638AJD7_mono,GE638AJD7_mono_0055,AH,182,0.030000999999998612,19.038,19.068001,-,B,0,0,about,60,19.038,19.318001,-,to
GE638AJD7_mono,GE638AJD7_mono_0056,AW,184,0.08999800000000135,19.158001,19.247999,B,T,0,1,about,60,19.038,19.318001,-,to
GE638AJD7_mono,GE638AJD7_mono_0057,AH,187,0.03999900000000167,19.408001,19.448,T,R,0,0,to,61,19.318001,19.448,about,rain
GE638AJD7_mono,GE638AJD7_mono_0058,EY,189,0.1100009999999969,19.507999,19.618,R,N,0,1,rain,62,19.448,19.658001,to,or
GE638AJD7_mono,GE638AJD7_mono_0059,ER,191,0.08000000000000185,19.658001,19.738001,N,N,0,0,or,63,19.658001,19.738001,rain,not
GE638AJD7_mono,--,AA,193,0.02999900000000011,19.798,19.827999,N,T,1,1,not,64,19.738001,19.927999,or,-
GE638AJD7_mono,GE638AJD7_mono_0060,AY,196,0.03999899999999812,20.558001,20.598,-,S,0,1,i,66,20.558001,20.598,-,stopped
GE638AJD7_mono,GE638AJD7_mono_0061,AA,199,0.11000000000000298,20.778,20.888,T,P,0,1,stopped,67,20.598,21.048,i,by
GE638AJD7_mono,GE638AJD7_mono_0062,AY,203,0.07000199999999879,21.087999,21.158001,B,DH,0,1,by,68,21.048,21.158001,stopped,the
GE638AJD7_mono,GE638AJD7_mono_0063,AH,205,0.03999900000000167,21.208,21.247999,DH,K,0,0,the,69,21.158001,21.247999,by,corner
GE638AJD7_mono,--,AO,207,0.029998999999996556,21.388,21.417999,K,R,1,1,corner,70,21.247999,21.558001,the,store
GE638AJD7_mono,GE638AJD7_mono_0064,ER,210,0.07000000000000028,21.488001,21.558001,N,S,0,0,corner,70,21.247999,21.558001,the,store
GE638AJD7_mono,GE638AJD7_mono_0065,AO,213,0.05999899999999769,21.738001,21.798,T,R,0,1,store,71,21.558001,21.868,corner,to
GE638AJD7_mono,--,AH,216,0.02999900000000011,21.908001,21.938,T,G,1,0,to,72,21.868,21.938,store,grab
GE638AJD7_mono,GE638AJD7_mono_0066,AE,219,0.05000000000000071,22.048,22.098,R,B,0,1,grab,73,21.938,22.167999,to,a
GE638AJD7_mono,GE638AJD7_mono_0067,AH,221,0.030001000000002165,22.167999,22.198,B,T,0,0,a,74,22.167999,22.198,grab,toasted
GE638AJD7_mono,GE638AJD7_mono_0068,OW,223,0.030001000000002165,22.327999,22.358,T,S,0,1,toasted,75,22.198,22.577999,a,bagel
GE638AJD7_mono,--,IH,226,0.02999900000000011,22.488001,22.518,T,D,1,0,toasted,75,22.198,22.577999,a,bagel
GE638AJD7_mono,GE638AJD7_mono_0069,EY,229,0.08999999999999986,22.618,22.708,B,G,0,1,bagel,76,22.577999,22.991501,toasted,-
GE638AJD7_mono,GE638AJD7_mono_0070,AH,231,0.030000999999998612,22.788,22.818001,G,L,0,0,bagel,76,22.577999,22.991501,toasted,-
GE638AJD7_mono,GE638AJD7_mono_0071,AE,234,0.040001000000000175,23.0215,23.061501,-,N,0,1,and,78,23.0215,23.1415,-,orange
GE638AJD7_mono,GE638AJD7_mono_0072,AO,237,0.09000100000000089,23.1415,23.231501,D,R,0,1,orange,79,23.1415,23.491501,and,juice
GE638AJD7_mono,GE638AJD7_mono_0073,AH,239,0.060000000000002274,23.2915,23.3515,R,N,0,0,orange,79,23.1415,23.491501,and,juice
GE638AJD7_mono,GE638AJD7_mono_0074,UW,243,0.10999999999999943,23.5215,23.6315,JH,S,0,1,juice,80,23.491501,23.731501,orange,but
GE638AJD7_mono,--,AH,246,0.02999900000000011,23.821501,23.8515,B,T,1,1,but,81,23.731501,23.8815,juice,they
GE638AJD7_mono,GE638AJD7_mono_0075,EY,249,0.06000200000000078,23.931499,23.991501,DH,W,0,1,they,82,23.8815,23.991501,but,were
GE638AJD7_mono,GE638AJD7_mono_0076,ER,251,0.07000000000000028,24.0315,24.1015,W,AW1,0,0,were,83,23.991501,24.1015,they,out
GE638AJD7_mono,GE638AJD7_mono_0077,AW,252,0.09999999999999787,24.1015,24.2015,ER0,T,0,1,out,84,24.1015,24.231501,were,of
GE638AJD7_mono,--,AH,254,0.02999799999999908,24.231501,24.261499,T,V,1,0,of,85,24.231501,24.3815,out,both
GE638AJD7_mono,GE638AJD7_mono_0078,OW,257,0.11000100000000046,24.421499,24.5315,B,TH,0,1,both,86,24.3815,24.581499,of,-
GE638AJD7_mono,GE638AJD7_mono_0079,IY,261,0.03999900000000167,25.197201,25.2372,DH,K,0,0,the,88,25.1472,25.2372,-,cashier
GE638AJD7_mono,GE638AJD7_mono_0080,AE,263,0.0799999999999983,25.3472,25.4272,K,SH,0,0,cashier,89,25.2372,25.6672,the,joked
GE638AJD7_mono,GE638AJD7_mono_0081,IH,265,0.040001000000000175,25.547199,25.5872,SH,R,0,1,cashier,89,25.2372,25.6672,the,joked
GE638AJD7_mono,GE638AJD7_mono_0082,OW,268,0.12999899999999798,25.777201,25.9072,JH,K,0,1,joked,90,25.6672,26.107201,cashier,-
GE638AJD7_mono,GE638AJD7_mono_0083,IH,272,0.05999899999999769,26.277201,26.3372,-,T,0,0,it's,92,26.277201,26.4772,-,monday
GE638AJD7_mono,GE638AJD7_mono_0084,AH,276,0.06000200000000078,26.547199,26.607201,M,N,0,1,monday,93,26.4772,26.777201,it's,energy
GE638AJD7_mono,GE638AJD7_mono_0085,EY,279,0.08000000000000185,26.697201,26.777201,D,EH1,0,2,monday,93,26.4772,26.777201,it's,energy
GE638AJD7_mono,GE638AJD7_mono_0086,EH,280,0.09999799999999937,26.777201,26.877199,EY2,N,0,1,energy,94,26.777201,27.207199,monday,-
GE638AJD7_mono,GE638AJD7_mono_0087,ER,282,0.06999899999999926,26.937201,27.0072,N,JH,0,0,energy,94,26.777201,27.207199,monday,-
GE638AJD7_mono,GE638AJD7_mono_0088,IY,284,0.1099989999999984,27.0972,27.207199,JH,-,0,0,energy,94,26.777201,27.207199,monday,-
GE638AJD7_mono,GE638AJD7_mono_0089,AE,286,0.030000000000001137,27.4821,27.5121,-,N,0,1,and,96,27.4821,27.5721,-,i
GE638AJD7_mono,GE638AJD7_mono_0090,AY,289,0.030000000000001137,27.5721,27.6021,D,HH,0,1,i,97,27.5721,27.6021,and,half
GE638AJD7_mono,GE638AJD7_mono_0091,AE,291,0.08999999999999986,27.7421,27.8321,HH,F,0,1,half,98,27.6021,27.952101,i,laughed
GE638AJD7_mono,GE638AJD7_mono_0092,AE,294,0.13000000000000256,28.0221,28.1521,L,F,0,1,laughed,99,27.952101,28.362101,half,because
GE638AJD7_mono,--,IH,298,0.029999999999997584,28.4021,28.4321,B,K,1,0,because,100,28.362101,28.6621,laughed,-
GE638AJD7_mono,GE638AJD7_mono_0093,AH,300,0.06999899999999926,28.4921,28.562099,K,Z,0,0,because,100,28.362101,28.6621,laughed,-
GE638AJD7_mono,GE638AJD7_mono_0094,AE,304,0.13999899999999954,28.872101,29.0121,Y,-,0,1,yeah,102,28.782101,29.0121,-,-
GE638AJD7_mono,GE638AJD7_mono_0095,UW,308,0.1499990000000011,29.3221,29.472099,R,-,0,1,true,104,29.1821,29.472099,-,-
GE638AJD7_mono,GE638AJD7_mono_0096,AY,310,0.030000999999998612,30.133499,30.1635,-,T,0,1,i,106,30.133499,30.1635,-,took
GE638AJD7_mono,GE638AJD7_mono_0097,UH,312,0.03999899999999812,30.2635,30.303499,T,K,0,1,took,107,30.1635,30.3335,i,a
GE638AJD7_mono,GE638AJD7_mono_0098,AH,314,0.04999899999999968,30.3335,30.383499,K,S,0,0,a,108,30.3335,30.383499,took,seat
GE638AJD7_mono,GE638AJD7_mono_0099,IY,316,0.11000100000000046,30.5135,30.623501,S,T,0,1,seat,109,30.383499,30.6535,a,near
GE638AJD7_mono,GE638AJD7_mono_0100,IH,319,0.07999899999999727,30.693501,30.7735,N,R,0,1,near,110,30.6535,30.8235,seat,the
GE638AJD7_mono,GE638AJD7_mono_0101,AH,322,0.04999899999999968,30.863501,30.9135,DH,W,0,0,the,111,30.8235,30.9135,near,window
GE638AJD7_mono,GE638AJD7_mono_0102,IH,324,0.040001000000000175,30.963499,31.0035,W,N,0,1,window,112,30.9135,31.2735,the,-
GE638AJD7_mono,GE638AJD7_mono_0103,OW,327,0.15999899999999911,31.113501,31.2735,D,-,0,0,window,112,30.9135,31.2735,the,-
GE638AJD7_mono,GE638AJD7_mono_0104,OW,332,0.030000999999998612,31.694799,31.7248,R,L,0,1,scrolled,114,31.4748,31.8148,-,my
GE638AJD7_mono,GE638AJD7_mono_0105,AY,336,0.1100009999999969,31.864799,31.9748,M,F,0,1,my,115,31.8148,31.9748,scrolled,phone
GE638AJD7_mono,GE638AJD7_mono_0106,OW,338,0.15999899999999911,32.074799,32.234798,F,N,0,1,phone,116,31.9748,32.293999,my,-
GE638AJD7_mono,GE638AJD7_mono_0107,AE,341,0.04000100000000373,32.798199,32.8382,-,N,0,1,and,118,32.798199,32.938202,-,overheard
GE638AJD7_mono,GE638AJD7_mono_0108,OW,344,0.0899960000000064,32.938202,33.028198,D,V,0,1,overheard,119,32.938202,33.3582,and,someone
GE638AJD7_mono,GE638AJD7_mono_0109,ER,346,0.04999899999999968,33.098202,33.148201,V,HH,0,0,overheard,119,32.938202,33.3582,and,someone
GE638AJD7_mono,GE638AJD7_mono_0110,ER,348,0.060001000000006854,33.228199,33.2882,HH,D,0,1,overheard,119,32.938202,33.3582,and,someone
GE638AJD7_mono,--,AH,351,0.02999900000000366,33.4282,33.458199,S,M,1,1,someone,120,33.3582,33.6082,overheard,say
GE638AJD7_mono,--,AH,354,0.029998999999996556,33.5182,33.548199,W,N,1,2,someone,120,33.3582,33.6082,overheard,say
GE638AJD7_mono,GE638AJD7_mono_0111,EY,357,0.16999799999999965,33.718201,33.888199,S,-,0,1,say,121,33.6082,33.888199,someone,-
GE638AJD7_mono,GE638AJD7_mono_0112,AH,360,0.030003000000000668,34.161499,34.191502,DH,JH,0,0,the,123,34.121498,34.191502,-,giraffe
GE638AJD7_mono,GE638AJD7_mono_0113,ER,362,0.13000100000000003,34.2915,34.421501,JH,AE1,0,0,giraffe,124,34.191502,34.711498,the,-
GE638AJD7_mono,GE638AJD7_mono_0114,AE,363,0.1600000000000037,34.421501,34.581501,ER0,F,0,1,giraffe,124,34.191502,34.711498,the,-
GE638AJD7_mono,GE638AJD7_mono_0115,EH,366,0.07000000000000028,34.751499,34.821499,-,K,0,1,exit,126,34.751499,35.0415,-,-
GE638AJD7_mono,GE638AJD7_mono_0116,AH,369,0.06999900000000281,34.941502,35.011501,S,T,0,0,exit,126,34.751499,35.0415,-,-
GE638AJD7_mono,GE638AJD7_mono_0117,OW,372,0.10999999999999943,35.071499,35.181499,-,P,0,1,opens,128,35.071499,35.421501,-,at
GE638AJD7_mono,GE638AJD7_mono_0118,AH,374,0.04000099999999662,35.2715,35.311501,P,N,0,0,opens,128,35.071499,35.421501,-,at
GE638AJD7_mono,GE638AJD7_mono_0119,AE,377,0.039996999999999616,35.421501,35.461498,Z,T,0,1,at,129,35.421501,35.511501,opens,noon
GE638AJD7_mono,GE638AJD7_mono_0120,UW,380,0.1800010000000043,35.601501,35.781502,N,N,0,1,noon,130,35.511501,35.8615,at,-
GE638AJD7_mono,--,IH,384,0.02999900000000366,36.427299,36.457298,W,CH,1,1,which,132,36.397301,36.647301,-,-
GE638AJD7_mono,GE638AJD7_mono_0121,AA,387,0.13000100000000003,36.6973,36.827301,-,D,0,1,oddly,134,36.6973,36.987301,-,felt
GE638AJD7_mono,GE638AJD7_mono_0122,IY,390,0.04999899999999968,36.937302,36.987301,L,F,0,0,oddly,134,36.6973,36.987301,-,felt
GE638AJD7_mono,GE638AJD7_mono_0123,EH,392,0.0700040000000044,37.117298,37.187302,F,L,0,1,felt,135,36.987301,37.312199,oddly,-
GE638AJD7_mono,GE638AJD7_mono_0124,IH,398,0.030001999999996087,37.682999,37.713001,W,CH,0,1,which,137,37.592999,37.783001,-,felt
GE638AJD7_mono,GE638AJD7_mono_0125,EH,401,0.04999899999999968,37.862999,37.912998,F,L,0,1,felt,138,37.783001,38.033001,which,-
GE638AJD7_mono,GE638AJD7_mono_0126,AA,405,0.139998999999996,38.063,38.202999,-,D,0,1,oddly,140,38.063,38.353001,-,profound
GE638AJD7_mono,GE638AJD7_mono_0127,IY,408,0.04000099999999662,38.313,38.353001,L,P,0,0,oddly,140,38.063,38.353001,-,profound
GE638AJD7_mono,--,OW,411,0.029998999999996556,38.493,38.522999,R,F,1,0,profound,141,38.353001,38.822998,oddly,at
GE638AJD7_mono,GE638AJD7_mono_0128,AW,413,0.139998999999996,38.612999,38.752998,F,N,0,1,profound,141,38.353001,38.822998,oddly,at
GE638AJD7_mono,GE638AJD7_mono_0129,AE,416,0.030003000000000668,38.822998,38.853001,D,T,0,1,at,142,38.822998,38.923,profound,the
GE638AJD7_mono,--,AH,419,0.02999799999999908,38.983002,39.013,DH,T,1,0,the,143,38.923,39.013,at,time
GE638AJD7_mono,GE638AJD7_mono_0130,AY,421,0.08000200000000035,39.132999,39.213001,T,M,0,1,time,144,39.013,39.362999,the,-
GE638AJD7_mono,GE638AJD7_mono_0131,AE,424,0.10000200000000348,40.029999,40.130001,-,F,0,1,after,146,40.029999,40.290001,-,a
GE638AJD7_mono,GE638AJD7_mono_0132,ER,427,0.030002999999993563,40.259998,40.290001,T,AH0,0,0,after,146,40.029999,40.290001,-,a
GE638AJD7_mono,GE638AJD7_mono_0133,AH,428,0.04000100000000373,40.290001,40.330002,ER0,F,0,0,a,147,40.290001,40.330002,after,few
GE638AJD7_mono,--,UW,431,0.029998999999996556,40.470001,40.5,Y,B,1,1,few,148,40.330002,40.5,a,bites
GE638AJD7_mono,GE638AJD7_mono_0134,AY,433,0.11999899999999997,40.580002,40.700001,B,T,0,1,bites,149,40.5,40.82,few,of
GE638AJD7_mono,--,AH,436,0.02999799999999908,40.82,40.849998,S,V,1,0,of,150,40.82,40.880001,bites,something
GE638AJD7_mono,GE638AJD7_mono_0135,AH,439,0.05000299999999669,40.939999,40.990002,S,M,0,1,something,151,40.880001,41.23,of,vaguely
GE638AJD7_mono,--,IH,442,0.029998999999996556,41.130001,41.16,TH,NG,1,0,something,151,40.880001,41.23,of,vaguely
GE638AJD7_mono,GE638AJD7_mono_0136,EY,445,0.12000300000000408,41.279999,41.400002,V,G,0,1,vaguely,152,41.23,41.610001,something,egg
GE638AJD7_mono,GE638AJD7_mono_0137,IY,448,0.09000099999999378,41.52,41.610001,L,EH1,0,0,vaguely,152,41.23,41.610001,something,egg
GE638AJD7_mono,GE638AJD7_mono_0138,EH,449,0.09999800000000647,41.610001,41.709999,IY0,G,0,1,egg,153,41.610001,41.759998,vaguely,shaped
GE638AJD7_mono,GE638AJD7_mono_0139,EY,452,0.1100009999999969,41.889999,42,SH,P,0,1,shaped,154,41.759998,42.137699,egg,-
GE638AJD7_mono,GE638AJD7_mono_0140,AY,456,0.05999700000000274,42.213902,42.273899,-,W,0,1,i,156,42.213902,42.273899,-,wandered
GE638AJD7_mono,GE638AJD7_mono_0141,AA,458,0.08000199999999325,42.363899,42.443901,W,N,0,1,wandered,157,42.273899,42.613899,i,to
GE638AJD7_mono,GE638AJD7_mono_0142,ER,461,0.04999899999999968,42.523899,42.573898,D,D,0,0,wandered,157,42.273899,42.613899,i,to
GE638AJD7_mono,--,AH,464,0.02999799999999908,42.673901,42.703899,T,DH,1,0,to,158,42.613899,42.703899,wandered,the
GE638AJD7_mono,GE638AJD7_mono_0143,AH,466,0.04000100000000373,42.7439,42.783901,DH,P,0,0,the,159,42.703899,42.783901,to,park
GE638AJD7_mono,--,AA,468,0.02999900000000366,42.893902,42.923901,P,R,1,1,park,160,42.783901,43.0839,the,-
GE638AJD7_mono,GE638AJD7_mono_0144,AH,472,0.05999800000000022,43.679901,43.739899,-,K,0,0,a,162,43.679901,43.739899,-,kid
GE638AJD7_mono,GE638AJD7_mono_0145,IH,474,0.04000099999999662,43.8699,43.909901,K,D,0,1,kid,163,43.739899,43.989899,a,zoomed
GE638AJD7_mono,GE638AJD7_mono_0146,UW,477,0.10000200000000348,44.079899,44.179901,Z,M,0,1,zoomed,164,43.989899,44.3699,kid,by
GE638AJD7_mono,GE638AJD7_mono_0147,AY,481,0.16999799999999965,44.409901,44.579899,B,AA1,0,1,by,165,44.3699,44.579899,zoomed,on
GE638AJD7_mono,GE638AJD7_mono_0148,AA,482,0.04000100000000373,44.579899,44.6199,AY1,N,0,1,on,166,44.579899,44.689899,by,a
GE638AJD7_mono,GE638AJD7_mono_0149,AH,484,0.04000100000000373,44.689899,44.7299,N,S,0,0,a,167,44.689899,44.7299,on,scooter
GE638AJD7_mono,GE638AJD7_mono_0150,UW,487,0.07999800000000334,44.909901,44.989899,K,T,0,1,scooter,168,44.7299,45.1199,a,yelling
GE638AJD7_mono,GE638AJD7_mono_0151,ER,489,0.09000000000000341,45.0299,45.1199,T,Y,0,0,scooter,168,44.7299,45.1199,a,yelling
GE638AJD7_mono,GE638AJD7_mono_0152,EH,491,0.07999799999999624,45.249901,45.329899,Y,L,0,1,yelling,169,45.1199,45.5299,scooter,zoom
GE638AJD7_mono,GE638AJD7_mono_0153,IH,493,0.07000000000000028,45.379902,45.449902,L,NG,0,0,yelling,169,45.1199,45.5299,scooter,zoom
GE638AJD7_mono,GE638AJD7_mono_0154,UW,496,0.17000200000000376,45.649899,45.819901,Z,M,0,1,zoom,170,45.5299,45.909901,yelling,zoom
GE638AJD7_mono,GE638AJD7_mono_0155,UW,499,0.21000300000000038,45.989899,46.199902,Z,M,0,1,zoom,171,45.909901,46.259899,zoom,-
GE638AJD7_mono,GE638AJD7_mono_0156,AY,503,0.05000000000000426,46.757999,46.807999,L,K,0,1,like,173,46.728001,46.897999,-,it
GE638AJD7_mono,GE638AJD7_mono_0157,IH,505,0.04000100000000373,46.897999,46.938,K,T,0,1,it,174,46.897999,46.987999,like,was
GE638AJD7_mono,--,AH,508,0.02999900000000366,47.028,47.057999,W,Z,1,0,was,175,46.987999,47.127998,it,a
GE638AJD7_mono,GE638AJD7_mono_0158,AH,510,0.050003000000003794,47.127998,47.178001,Z,S,0,0,a,176,47.127998,47.178001,was,sound
GE638AJD7_mono,GE638AJD7_mono_0159,AW,512,0.10999999999999943,47.348,47.458,S,N,0,1,sound,177,47.178001,47.548,a,effect
GE638AJD7_mono,--,AH,515,0.029998999999996556,47.548,47.577999,D,F,1,0,effect,178,47.548,47.908001,sound,that
GE638AJD7_mono,GE638AJD7_mono_0160,EH,517,0.06000200000000433,47.708,47.768002,F,K,0,1,effect,178,47.548,47.908001,sound,that
GE638AJD7_mono,GE638AJD7_mono_0161,AH,521,0.050003000000003794,47.967999,48.018002,DH,T,0,0,that,179,47.908001,48.098,effect,summoned
GE638AJD7_mono,GE638AJD7_mono_0162,AH,524,0.04999999999999716,48.167999,48.217999,S,M,0,1,summoned,180,48.098,48.397999,that,speed
GE638AJD7_mono,GE638AJD7_mono_0163,AH,526,0.04000100000000373,48.257999,48.298,M,N,0,0,summoned,180,48.098,48.397999,that,speed
GE638AJD7_mono,GE638AJD7_mono_0164,IY,531,0.09999799999999937,48.568001,48.667999,P,D,0,1,speed,181,48.397999,48.748001,summoned,-
GE638AJD7_mono,GE638AJD7_mono_0165,AY,534,0.030002000000003193,49.272999,49.303001,-,S,0,1,i,183,49.272999,49.303001,-,sat
GE638AJD7_mono,GE638AJD7_mono_0166,AE,536,0.13000100000000003,49.452999,49.583,S,T,0,1,sat,184,49.303001,49.662998,i,under
GE638AJD7_mono,GE638AJD7_mono_0167,AH,538,0.05000299999999669,49.662998,49.713001,T,N,0,1,under,185,49.662998,49.882999,sat,a
GE638AJD7_mono,GE638AJD7_mono_0168,ER,541,0.0699989999999957,49.813,49.882999,D,AH0,0,0,under,185,49.662998,49.882999,sat,a
GE638AJD7_mono,GE638AJD7_mono_0169,AH,542,0.08000200000000035,49.882999,49.963001,ER0,T,0,0,a,186,49.882999,49.963001,under,tree
GE638AJD7_mono,GE638AJD7_mono_0170,IY,545,0.15999899999999911,50.143002,50.303001,R,-,0,1,tree,187,49.963001,50.303001,a,-
GE638AJD7_mono,GE638AJD7_mono_0171,IH,548,0.04999899999999968,50.5341,50.584099,L,S,0,1,listened,189,50.474098,50.7841,-,to
GE638AJD7_mono,--,AH,550,0.029998999999996556,50.694099,50.724098,S,N,1,0,listened,189,50.474098,50.7841,-,to
GE638AJD7_mono,GE638AJD7_mono_0172,AH,554,0.04000099999999662,50.8241,50.864101,T,DH,0,0,to,190,50.7841,50.864101,listened,the
GE638AJD7_mono,GE638AJD7_mono_0173,AH,556,0.04999899999999968,50.8941,50.944099,DH,B,0,0,the,191,50.864101,50.944099,to,breeze
GE638AJD7_mono,GE638AJD7_mono_0174,IY,559,0.1800009999999972,51.064098,51.244099,R,Z,0,1,breeze,192,50.944099,51.364101,the,-
GE638AJD7_mono,GE638AJD7_mono_0175,AH,562,0.030003000000000668,51.430599,51.460602,-,N,0,0,and,194,51.430599,51.5606,-,watched
GE638AJD7_mono,GE638AJD7_mono_0176,AA,566,0.07999800000000334,51.6506,51.730598,W,CH,0,1,watched,195,51.5606,51.930599,and,a
GE638AJD7_mono,GE638AJD7_mono_0177,AH,569,0.04000099999999662,51.930599,51.9706,T,Y,0,0,a,196,51.930599,51.9706,watched,yellow
GE638AJD7_mono,GE638AJD7_mono_0178,EH,571,0.07000000000000028,52.0406,52.1106,Y,L,0,1,yellow,197,51.9706,52.240601,a,balloon
GE638AJD7_mono,GE638AJD7_mono_0179,OW,573,0.07000000000000028,52.170601,52.240601,L,B,0,0,yellow,197,51.9706,52.240601,a,balloon
GE638AJD7_mono,--,AH,575,0.010002000000000066,52.340599,52.350601,B,L,1,0,balloon,198,52.240601,52.6106,yellow,get
GE638AJD7_mono,GE638AJD7_mono_0180,UW,577,0.0899999999999963,52.430599,52.520599,L,N,0,1,balloon,198,52.240601,52.6106,yellow,get
GE638AJD7_mono,GE638AJD7_mono_0181,EH,580,0.07000000000000028,52.6506,52.7206,G,T,0,1,get,199,52.6106,52.800598,balloon,tangled
GE638AJD7_mono,GE638AJD7_mono_0182,AE,583,0.050003000000003794,52.910599,52.960602,T,NG,0,1,tangled,200,52.800598,53.170601,get,in
GE638AJD7_mono,GE638AJD7_mono_0183,AH,586,0.039996999999999616,53.030602,53.070599,G,L,0,0,tangled,200,52.800598,53.170601,get,in
GE638AJD7_mono,GE638AJD7_mono_0184,IH,589,0.04000100000000373,53.170601,53.210602,D,N,0,0,in,201,53.170601,53.250599,tangled,a
GE638AJD7_mono,GE638AJD7_mono_0185,AH,591,0.04999899999999968,53.250599,53.300598,N,P,0,0,a,202,53.250599,53.300598,in,power
GE638AJD7_mono,GE638AJD7_mono_0186,AW,593,0.07000000000000028,53.460602,53.530602,P,ER0,0,1,power,203,53.300598,53.600601,a,line
GE638AJD7_mono,GE638AJD7_mono_0187,ER,594,0.0699989999999957,53.530602,53.600601,AW1,L,0,0,power,203,53.300598,53.600601,a,line
GE638AJD7_mono,--,AY,596,0.029998999999996556,53.690601,53.7206,L,N,1,1,line,204,53.600601,53.8606,power,-
GE638AJD7_mono,GE638AJD7_mono_0188,IH,600,0.030003000000000668,54.490898,54.520901,W,R,0,1,weird,206,54.430901,54.670898,-,morning
GE638AJD7_mono,GE638AJD7_mono_0189,AO,604,0.07000000000000028,54.700901,54.770901,M,R,0,1,morning,207,54.670898,55.060902,weird,-
GE638AJD7_mono,GE638AJD7_mono_0190,IH,607,0.060001999999997224,54.870899,54.930901,N,NG,0,0,morning,207,54.670898,55.060902,weird,-
GE638AJD7_mono,--,AH,611,0.029998999999996556,55.371101,55.4011,B,T,1,1,but,209,55.341099,55.451099,-,-
GE638AJD7_mono,GE638AJD7_mono_0191,AA,614,0.09999799999999937,55.551102,55.6511,-,N,0,1,honestly,211,55.551102,56.111099,-,-
GE638AJD7_mono,GE638AJD7_mono_0192,AH,616,0.04999899999999968,55.691101,55.7411,N,S,0,0,honestly,211,55.551102,56.111099,-,-
GE638AJD7_mono,GE638AJD7_mono_0193,IY,619,0.14999700000000615,55.961102,56.111099,L,-,0,0,honestly,211,55.551102,56.111099,-,-
GE638AJD7_mono,GE638AJD7_mono_0194,AA,622,0.07000000000000028,56.415401,56.485401,N,T,0,1,not,213,56.385399,56.545399,-,the
GE638AJD7_mono,GE638AJD7_mono_0195,AH,625,0.04999899999999968,56.5854,56.635399,DH,W,0,1,the,214,56.545399,56.635399,not,worst
GE638AJD7_mono,GE638AJD7_mono_0196,ER,627,0.11999899999999997,56.715401,56.8354,W,S,0,1,worst,215,56.635399,57.075401,the,-
GOLDSCARS_mono,GOLDSCARS_mono_0001,OW,3,0.040000000000000036,6.0779,6.1179,S,DH,0,1,so,2,6.0079,6.1179,-,this
GOLDSCARS_mono,GOLDSCARS_mono_0002,IH,5,0.05999999999999961,6.1779,6.2379,DH,S,0,1,this,3,6.1179,6.3079,so,morning
GOLDSCARS_mono,GOLDSCARS_mono_0003,AO,8,0.05000000000000071,6.3679,6.4179,M,R,0,1,morning,4,6.3079,6.6079,this,-
GOLDSCARS_mono,GOLDSCARS_mono_0004,IH,11,0.0600000000000005,6.4879,6.5479,N,NG,0,0,morning,4,6.3079,6.6079,this,-
GOLDSCARS_mono,GOLDSCARS_mono_0005,AY,14,0.07999999999999918,6.7079,6.7879,-,W,0,1,i,6,6.7079,6.7879,-,woke
GOLDSCARS_mono,--,OW,16,0.02999999999999936,6.9179,6.9479,W,K,1,1,woke,7,6.7879,7.0279,i,up
GOLDSCARS_mono,GOLDSCARS_mono_0006,AH,18,0.040000000000000036,7.0279,7.0679,K,P,0,1,up,8,7.0279,7.1379,woke,late
GOLDSCARS_mono,GOLDSCARS_mono_0007,EY,21,0.07000000000000028,7.1979,7.2679,L,T,0,1,late,9,7.1379,7.3079,up,-
GOLDSCARS_mono,GOLDSCARS_mono_0008,AE,24,0.03000000000000025,7.3679,7.3979,-,N,0,1,and,11,7.3679,7.4379,-,immediately
GOLDSCARS_mono,GOLDSCARS_mono_0009,IH,27,0.03000000000000025,7.4379,7.4679,D,M,0,0,immediately,12,7.4379,7.8979,and,stubbed
GOLDSCARS_mono,GOLDSCARS_mono_0010,IY,29,0.05999999999999961,7.5879,7.6479,M,D,0,1,immediately,12,7.4379,7.8979,and,stubbed
GOLDSCARS_mono,GOLDSCARS_mono_0011,IY,31,0.04999999999999982,7.6879,7.7379,D,AH0,0,0,immediately,12,7.4379,7.8979,and,stubbed
GOLDSCARS_mono,GOLDSCARS_mono_0012,AH,32,0.03000000000000025,7.7379,7.7679,IY0,T,0,0,immediately,12,7.4379,7.8979,and,stubbed
GOLDSCARS_mono,GOLDSCARS_mono_0013,IY,35,0.04999999999999982,7.8479,7.8979,L,S,0,0,immediately,12,7.4379,7.8979,and,stubbed
GOLDSCARS_mono,GOLDSCARS_mono_0014,AH,38,0.08000000000000007,8.0479,8.1279,T,B,0,1,stubbed,13,7.8979,8.1879,immediately,my
GOLDSCARS_mono,GOLDSCARS_mono_0015,AY,42,0.08000000000000007,8.2379,8.3179,M,T,0,1,my,14,8.1879,8.3179,stubbed,toe
GOLDSCARS_mono,GOLDSCARS_mono_0016,OW,44,0.10999999999999943,8.4579,8.5679,T,AA1,0,1,toe,15,8.3179,8.5679,my,on
GOLDSCARS_mono,GOLDSCARS_mono_0017,AA,45,0.040000000000000924,8.5679,8.6079,OW1,N,0,1,on,16,8.5679,8.6479,toe,the
GOLDSCARS_mono,--,AH,48,0.02999999999999936,8.6879,8.7179,DH,D,1,0,the,17,8.6479,8.7179,on,dresser
GOLDSCARS_mono,GOLDSCARS_mono_0018,EH,51,0.05000000000000071,8.8379,8.8879,R,S,0,1,dresser,18,8.7179,9.0679,the,-
GOLDSCARS_mono,GOLDSCARS_mono_0019,ER,53,0.07000000000000028,8.9979,9.0679,S,-,0,0,dresser,18,8.7179,9.0679,the,-
GOLDSCARS_mono,--,EY,57,0.02999999999999936,9.3987,9.4287,R,T,1,1,great,20,9.2887,9.4687,-,start
GOLDSCARS_mono,GOLDSCARS_mono_0020,AA,61,0.08000000000000007,9.5987,9.6787,T,R,0,1,start,21,9.4687,9.8487,great,right
GOLDSCARS_mono,GOLDSCARS_mono_0021,AY,65,0.11999999999999922,9.8787,9.9987,R,T,0,1,right,22,9.8487,10.0987,start,-
GOLDSCARS_mono,GOLDSCARS_mono_0022,AY,68,0.08000000000000007,10.7312,10.8112,-,G,0,1,i,24,10.7312,10.8112,-,grumbled
GOLDSCARS_mono,GOLDSCARS_mono_0023,AH,71,0.040000000000000924,10.9112,10.9512,R,M,0,1,grumbled,25,10.8112,11.1012,i,something
GOLDSCARS_mono,--,AH,74,0.009999999999999787,11.0212,11.0312,B,L,1,0,grumbled,25,10.8112,11.1012,i,something
GOLDSCARS_mono,GOLDSCARS_mono_0024,AH,78,0.040000000000000924,11.1412,11.1812,S,M,0,1,something,26,11.1012,11.3112,grumbled,half
GOLDSCARS_mono,GOLDSCARS_mono_0025,IH,81,0.030000000000001137,11.2412,11.2712,TH,NG,0,0,something,26,11.1012,11.3112,grumbled,half
GOLDSCARS_mono,GOLDSCARS_mono_0026,AE,84,0.05999999999999872,11.4212,11.4812,HH,F,0,1,half,27,11.3112,11.5512,something,conscious
GOLDSCARS_mono,GOLDSCARS_mono_0027,AA,87,0.09999999999999964,11.6312,11.7312,K,N,0,1,conscious,28,11.5512,12.0412,half,-
GOLDSCARS_mono,GOLDSCARS_mono_0028,AH,90,0.08999999999999986,11.8612,11.9512,SH,S,0,0,conscious,28,11.5512,12.0412,half,-
GOLDSCARS_mono,GOLDSCARS_mono_0029,AE,95,0.08000000000000007,12.2988,12.3788,R,B,0,1,grabbed,30,12.1788,12.5088,-,whatever
GOLDSCARS_mono,--,AH,99,0.02999999999999936,12.5388,12.5688,W,T,1,2,whatever,31,12.5088,12.7388,grabbed,shirt
GOLDSCARS_mono,GOLDSCARS_mono_0030,EH,101,0.03999999999999915,12.5988,12.6388,T,V,0,1,whatever,31,12.5088,12.7388,grabbed,shirt
GOLDSCARS_mono,GOLDSCARS_mono_0031,ER,103,0.03999999999999915,12.6988,12.7388,V,SH,0,0,whatever,31,12.5088,12.7388,grabbed,shirt
GOLDSCARS_mono,GOLDSCARS_mono_0032,ER,105,0.05000000000000071,12.8788,12.9288,SH,T,0,1,shirt,32,12.7388,12.9788,whatever,was
GOLDSCARS_mono,--,AH,108,0.02999999999999936,13.0388,13.0688,W,Z,1,0,was,33,12.9788,13.1288,shirt,cleanish
GOLDSCARS_mono,--,AE,112,0.02999999999999936,13.6539,13.6839,-,N,1,1,and,36,13.6539,13.7439,-,headed
GOLDSCARS_mono,--,EH,116,0.02999999999999936,13.8039,13.8339,HH,D,1,1,headed,37,13.7439,13.9339,and,out
GOLDSCARS_mono,--,AH,118,0.02999999999999936,13.8739,13.9039,D,D,1,0,headed,37,13.7439,13.9339,and,out
GOLDSCARS_mono,GOLDSCARS_mono_0033,AW,120,0.05000000000000071,13.9339,13.9839,D,T,0,1,out,38,13.9339,14.0239,headed,-
GOLDSCARS_mono,--,AH,124,0.02999999999999936,14.7508,14.7808,DH,S,1,0,the,40,14.7208,14.7808,-,sky
GOLDSCARS_mono,GOLDSCARS_mono_0034,AY,127,0.07000000000000028,14.8908,14.9608,K,L,0,1,sky,41,14.7808,14.9608,the,looked
GOLDSCARS_mono,GOLDSCARS_mono_0035,UH,129,0.03999999999999915,15.0408,15.0808,L,K,0,1,looked,42,14.9608,15.1708,sky,weird
GOLDSCARS_mono,GOLDSCARS_mono_0036,IH,133,0.07000000000000028,15.3308,15.4008,W,R,0,1,weird,43,15.1708,15.5689,looked,-
GOLDSCARS_mono,GOLDSCARS_mono_0037,AY,138,0.05000000000000071,15.7089,15.7589,L,K,0,1,like,45,15.5989,15.8089,-,that
GOLDSCARS_mono,GOLDSCARS_mono_0038,AE,141,0.05999999999999872,15.8389,15.8989,DH,SH,0,1,that,46,15.8089,15.8989,like,sh
GOLDSCARS_mono,GOLDSCARS_mono_0039,EY,145,0.12999900000000153,16.378901,16.5089,SH,D,0,1,shade,49,16.1189,16.568899,-,of
GOLDSCARS_mono,GOLDSCARS_mono_0040,AH,147,0.12000100000000202,16.568899,16.6889,D,V,0,1,of,50,16.568899,16.8489,shade,blue
GOLDSCARS_mono,GOLDSCARS_mono_0041,UW,151,0.0799999999999983,16.998899,17.078899,L,G,0,1,blue,51,16.8489,17.078899,of,gray
GOLDSCARS_mono,GOLDSCARS_mono_0042,EY,154,0.1499990000000011,17.2589,17.408899,R,DH,0,1,gray,52,17.078899,17.408899,blue,that
GOLDSCARS_mono,GOLDSCARS_mono_0043,AH,156,0.05000100000000174,17.488899,17.5389,DH,M,0,0,that,53,17.408899,17.5389,gray,makes
GOLDSCARS_mono,GOLDSCARS_mono_0044,EY,158,0.03999900000000167,17.6189,17.658899,M,K,0,1,makes,54,17.5389,17.7689,that,you
GOLDSCARS_mono,--,UW,162,0.02999799999999908,17.798901,17.828899,Y,K,1,1,you,55,17.7689,17.828899,makes,question
GOLDSCARS_mono,--,EH,165,0.029998000000002634,17.968901,17.998899,W,SH,1,1,question,56,17.828899,18.1989,you,if
GOLDSCARS_mono,GOLDSCARS_mono_0045,AH,167,0.03999900000000167,18.128901,18.1689,SH,N,0,0,question,56,17.828899,18.1989,you,if
GOLDSCARS_mono,GOLDSCARS_mono_0046,IH,169,0.030001000000002165,18.1989,18.228901,N,F,0,1,if,57,18.1989,18.298901,question,it's
GOLDSCARS_mono,--,IH,171,0.02999799999999908,18.298901,18.328899,F,T,1,0,it's,58,18.298901,18.398899,if,about
GOLDSCARS_mono,GOLDSCARS_mono_0047,AH,174,0.030000999999998612,18.398899,18.4289,S,B,0,0,about,59,18.398899,18.6089,it's,to
GOLDSCARS_mono,GOLDSCARS_mono_0048,AW,176,0.06000200000000078,18.488899,18.548901,B,T,0,1,about,59,18.398899,18.6089,it's,to
GOLDSCARS_mono,GOLDSCARS_mono_0049,AH,179,0.050000999999998186,18.648899,18.6989,T,R,0,0,to,60,18.6089,18.6989,about,rain
GOLDSCARS_mono,GOLDSCARS_mono_0050,EY,181,0.11000100000000046,18.8689,18.978901,R,N,0,1,rain,61,18.6989,19.048901,to,-
GOLDSCARS_mono,GOLDSCARS_mono_0051,AO,184,0.059999000000001246,19.128901,19.1889,-,R,0,1,or,63,19.128901,19.238899,-,not
GOLDSCARS_mono,--,AA,187,0.02999799999999908,19.298901,19.328899,N,T,1,1,not,64,19.238899,19.408899,or,-
GOLDSCARS_mono,GOLDSCARS_mono_0052,AY,190,0.030001000000002165,20.182699,20.2127,-,S,0,1,i,66,20.182699,20.2127,-,stopped
GOLDSCARS_mono,GOLDSCARS_mono_0053,AA,193,0.06999900000000281,20.322701,20.3927,T,P,0,1,stopped,67,20.2127,20.432699,i,by
GOLDSCARS_mono,GOLDSCARS_mono_0054,AY,197,0.030000999999998612,20.4627,20.492701,B,DH,0,1,by,68,20.432699,20.492701,stopped,the
GOLDSCARS_mono,GOLDSCARS_mono_0055,AH,199,0.040001000000000175,20.522699,20.5627,DH,K,0,0,the,69,20.492701,20.5627,by,corner
GOLDSCARS_mono,--,AO,201,0.02999900000000011,20.672701,20.7027,K,R,1,1,corner,70,20.5627,20.822701,the,store
GOLDSCARS_mono,GOLDSCARS_mono_0056,ER,204,0.060001999999997224,20.762699,20.822701,N,S,0,0,corner,70,20.5627,20.822701,the,store
GOLDSCARS_mono,GOLDSCARS_mono_0057,AO,207,0.07000000000000028,20.9827,21.0527,T,R,0,1,store,71,20.822701,21.1127,corner,to
GOLDSCARS_mono,GOLDSCARS_mono_0058,AH,210,0.04999899999999968,21.172701,21.2227,T,G,0,0,to,72,21.1127,21.2227,store,grab
GOLDSCARS_mono,GOLDSCARS_mono_0059,AE,213,0.0799999999999983,21.332701,21.412701,R,B,0,1,grab,73,21.2227,21.4827,to,a
GOLDSCARS_mono,--,AH,215,0.02999900000000011,21.4827,21.512699,B,T,1,0,a,74,21.4827,21.512699,grab,toasted
GOLDSCARS_mono,GOLDSCARS_mono_0060,OW,217,0.07000000000000028,21.6427,21.7127,T,S,0,1,toasted,75,21.512699,21.932699,a,bagel
GOLDSCARS_mono,GOLDSCARS_mono_0061,IH,220,0.030000999999998612,21.852699,21.8827,T,D,0,0,toasted,75,21.512699,21.932699,a,bagel
GOLDSCARS_mono,GOLDSCARS_mono_0062,EY,223,0.12000100000000202,21.9727,22.092701,B,G,0,1,bagel,76,21.932699,22.242701,toasted,and
GOLDSCARS_mono,GOLDSCARS_mono_0063,AH,225,0.08000000000000185,22.1227,22.2027,G,L,0,0,bagel,76,21.932699,22.242701,toasted,and
GOLDSCARS_mono,GOLDSCARS_mono_0064,AH,227,0.03999899999999812,22.242701,22.2827,L,N,0,0,and,77,22.242701,22.3627,bagel,orange
GOLDSCARS_mono,GOLDSCARS_mono_0065,AO,230,0.050000999999998186,22.3627,22.412701,D,R,0,1,orange,78,22.3627,22.572701,and,juice
GOLDSCARS_mono,GOLDSCARS_mono_0066,AH,232,0.030000999999998612,22.4727,22.502701,R,N,0,0,orange,78,22.3627,22.572701,and,juice
GOLDSCARS_mono,GOLDSCARS_mono_0067,UW,236,0.1100009999999969,22.6427,22.752701,JH,S,0,1,juice,79,22.572701,22.912701,orange,-
GOLDSCARS_mono,--,AH,240,0.02999900000000011,23.0501,23.080099,B,T,1,1,but,81,23.0201,23.1201,-,they
GOLDSCARS_mono,GOLDSCARS_mono_0068,EY,243,0.04999899999999968,23.150101,23.2001,DH,W,0,1,they,82,23.1201,23.2001,but,were
GOLDSCARS_mono,GOLDSCARS_mono_0069,ER,245,0.10999999999999943,23.2701,23.3801,W,AW1,0,0,were,83,23.2001,23.3801,they,out
GOLDSCARS_mono,GOLDSCARS_mono_0070,AW,246,0.08999999999999986,23.3801,23.4701,ER0,T,0,1,out,84,23.3801,23.590099,were,of
GOLDSCARS_mono,GOLDSCARS_mono_0071,AH,248,0.030001000000002165,23.590099,23.6201,T,V,0,0,of,85,23.590099,23.7101,out,both
GOLDSCARS_mono,GOLDSCARS_mono_0072,OW,251,0.12000100000000202,23.750099,23.8701,B,TH,0,1,both,86,23.7101,24.004601,of,-
GOLDSCARS_mono,GOLDSCARS_mono_0073,AH,255,0.030001000000002165,24.5935,24.623501,DH,K,0,0,the,88,24.543501,24.623501,-,cashier
GOLDSCARS_mono,GOLDSCARS_mono_0074,AE,257,0.08000200000000035,24.713499,24.793501,K,SH,0,0,cashier,89,24.623501,24.953501,the,joked
GOLDSCARS_mono,GOLDSCARS_mono_0075,IH,259,0.030001000000002165,24.893499,24.9235,SH,R,0,1,cashier,89,24.623501,24.953501,the,joked
GOLDSCARS_mono,GOLDSCARS_mono_0076,OW,262,0.12000100000000202,25.053499,25.1735,JH,K,0,1,joked,90,24.953501,25.2806,cashier,-
GOLDSCARS_mono,GOLDSCARS_mono_0077,IH,266,0.08999999999999986,25.3106,25.4006,-,T,0,1,it's,92,25.3106,25.500601,-,monday
GOLDSCARS_mono,GOLDSCARS_mono_0078,AH,270,0.04999899999999968,25.580601,25.6306,M,N,0,1,monday,93,25.500601,25.840599,it's,energy
GOLDSCARS_mono,GOLDSCARS_mono_0079,EY,273,0.10999900000000196,25.7306,25.840599,D,EH1,0,2,monday,93,25.500601,25.840599,it's,energy
GOLDSCARS_mono,GOLDSCARS_mono_0080,EH,274,0.07000199999999879,25.840599,25.910601,EY2,N,0,1,energy,94,25.840599,26.250601,monday,-
GOLDSCARS_mono,GOLDSCARS_mono_0081,ER,276,0.07000000000000028,25.940599,26.010599,N,JH,0,0,energy,94,25.840599,26.250601,monday,-
GOLDSCARS_mono,GOLDSCARS_mono_0082,IY,278,0.16999999999999815,26.080601,26.250601,JH,-,0,0,energy,94,25.840599,26.250601,monday,-
GOLDSCARS_mono,GOLDSCARS_mono_0083,AH,280,0.030000000000001137,26.3172,26.3472,-,N,0,0,and,96,26.3172,26.4172,-,i
GOLDSCARS_mono,GOLDSCARS_mono_0084,AY,283,0.05999999999999872,26.4172,26.4772,D,HH,0,1,i,97,26.4172,26.4772,and,half
GOLDSCARS_mono,GOLDSCARS_mono_0085,AE,285,0.10999999999999943,26.5672,26.6772,HH,F,0,1,half,98,26.4772,26.7572,i,laughed
GOLDSCARS_mono,GOLDSCARS_mono_0086,AE,288,0.08999999999999986,26.8272,26.9172,L,F,0,1,laughed,99,26.7572,26.9772,half,because
GOLDSCARS_mono,GOLDSCARS_mono_0087,IH,292,0.05000000000000071,27.0172,27.0672,B,K,0,0,because,100,26.9772,27.217199,laughed,yeah
GOLDSCARS_mono,GOLDSCARS_mono_0088,AH,294,0.07000000000000028,27.0972,27.1672,K,Z,0,0,because,100,26.9772,27.217199,laughed,yeah
GOLDSCARS_mono,GOLDSCARS_mono_0089,AE,297,0.2299989999999994,27.277201,27.5072,Y,-,0,1,yeah,101,27.217199,27.5072,because,-
GOLDSCARS_mono,GOLDSCARS_mono_0090,UW,301,0.1600020000000022,27.937599,28.097601,R,-,0,1,true,103,27.777599,28.097601,-,-
GOLDSCARS_mono,GOLDSCARS_mono_0091,UH,304,0.030001000000002165,28.9347,28.964701,T,K,0,1,took,105,28.874701,28.994699,-,a
GOLDSCARS_mono,GOLDSCARS_mono_0092,AH,306,0.040001000000000175,28.994699,29.0347,K,S,0,0,a,106,28.994699,29.0347,took,seat
GOLDSCARS_mono,GOLDSCARS_mono_0093,IY,308,0.0799999999999983,29.1747,29.2547,S,T,0,1,seat,107,29.0347,29.2847,a,near
GOLDSCARS_mono,GOLDSCARS_mono_0094,IH,311,0.030000999999998612,29.314699,29.3447,N,R,0,1,near,108,29.2847,29.394699,seat,the
GOLDSCARS_mono,GOLDSCARS_mono_0095,AH,314,0.04999899999999968,29.4347,29.484699,DH,W,0,0,the,109,29.394699,29.484699,near,window
GOLDSCARS_mono,GOLDSCARS_mono_0096,IH,316,0.040001000000000175,29.564699,29.6047,W,N,0,1,window,110,29.484699,29.814699,the,-
GOLDSCARS_mono,GOLDSCARS_mono_0097,OW,319,0.10999900000000196,29.7047,29.814699,D,-,0,0,window,110,29.484699,29.814699,the,-
GOLDSCARS_mono,GOLDSCARS_mono_0098,OW,324,0.04999899999999968,30.0226,30.072599,R,L,0,1,scrolled,112,29.9526,30.1926,-,on
GOLDSCARS_mono,GOLDSCARS_mono_0099,AA,327,0.060000000000002274,30.1926,30.2526,D,N,0,1,on,113,30.1926,30.2826,scrolled,my
GOLDSCARS_mono,GOLDSCARS_mono_0100,AY,330,0.07000200000000234,30.312599,30.382601,M,F,0,1,my,114,30.2826,30.382601,on,phone
GOLDSCARS_mono,GOLDSCARS_mono_0101,OW,332,0.12000099999999847,30.5026,30.622601,F,N,0,1,phone,115,30.382601,30.7026,my,-
GOLDSCARS_mono,--,AE,335,0.02000099999999705,31.084299,31.1043,-,N,1,1,and,117,31.084299,31.164301,-,overheard
GOLDSCARS_mono,GOLDSCARS_mono_0102,OW,338,0.059999000000001246,31.164301,31.2243,D,V,0,1,overheard,118,31.164301,31.504299,and,someone
GOLDSCARS_mono,GOLDSCARS_mono_0103,ER,340,0.05999899999999769,31.2843,31.344299,V,HH,0,0,overheard,118,31.164301,31.504299,and,someone
GOLDSCARS_mono,GOLDSCARS_mono_0104,ER,342,0.04999999999999716,31.3943,31.4443,HH,D,0,1,overheard,118,31.164301,31.504299,and,someone
GOLDSCARS_mono,--,AH,345,0.02999900000000011,31.5543,31.584299,S,M,1,1,someone,119,31.504299,31.7043,overheard,say
GOLDSCARS_mono,--,AH,348,0.02999900000000011,31.6443,31.674299,W,N,1,2,someone,119,31.504299,31.7043,overheard,say
GOLDSCARS_mono,GOLDSCARS_mono_0105,EY,351,0.14000099999999804,31.834299,31.9743,S,DH,0,1,say,120,31.7043,31.9743,someone,the
GOLDSCARS_mono,GOLDSCARS_mono_0106,AH,353,0.06000099999999975,32.074299,32.1343,DH,JH,0,0,the,121,31.9743,32.1343,say,giraffe
GOLDSCARS_mono,GOLDSCARS_mono_0107,ER,355,0.08000200000000035,32.254299,32.334301,JH,AE1,0,0,giraffe,122,32.1343,32.554298,the,exhibits
GOLDSCARS_mono,GOLDSCARS_mono_0108,AE,356,0.11999899999999997,32.334301,32.4543,ER0,F,0,1,giraffe,122,32.1343,32.554298,the,exhibits
GOLDSCARS_mono,GOLDSCARS_mono_0109,IH,358,0.05000299999999669,32.554298,32.604301,F,G,0,0,exhibits,123,32.554298,33.074299,giraffe,-
GOLDSCARS_mono,GOLDSCARS_mono_0110,IH,361,0.04000100000000373,32.7243,32.764301,Z,B,0,1,exhibits,123,32.554298,33.074299,giraffe,-
GOLDSCARS_mono,GOLDSCARS_mono_0111,AH,363,0.06000099999999975,32.814301,32.874302,B,T,0,0,exhibits,123,32.554298,33.074299,giraffe,-
GOLDSCARS_mono,GOLDSCARS_mono_0112,OW,367,0.08000100000000288,33.144299,33.2243,-,P,0,1,open,125,33.144299,33.354301,-,at
GOLDSCARS_mono,GOLDSCARS_mono_0113,AH,369,0.04000100000000373,33.2743,33.314301,P,N,0,0,open,125,33.144299,33.354301,-,at
GOLDSCARS_mono,GOLDSCARS_mono_0114,AE,371,0.04999999999999716,33.354301,33.404301,N,T,0,1,at,126,33.354301,33.434299,open,noon
GOLDSCARS_mono,GOLDSCARS_mono_0115,UW,374,0.09000000000000341,33.494301,33.584301,N,N,0,1,noon,127,33.434299,33.7243,at,-
GOLDSCARS_mono,GOLDSCARS_mono_0116,OW,377,0.09999900000000395,33.9314,34.031399,-,P,0,1,opens,129,33.9314,34.331402,-,at
GOLDSCARS_mono,GOLDSCARS_mono_0117,AH,379,0.04000099999999662,34.141399,34.1814,P,N,0,0,opens,129,33.9314,34.331402,-,at
GOLDSCARS_mono,GOLDSCARS_mono_0118,AE,382,0.1600000000000037,34.331402,34.491402,Z,T,0,1,at,130,34.331402,34.5214,opens,noon
GOLDSCARS_mono,GOLDSCARS_mono_0119,UW,385,0.1100009999999969,34.601398,34.711399,N,N,0,1,noon,131,34.5214,34.831402,at,-
GOLDSCARS_mono,--,IH,389,0.02999799999999908,35.233601,35.263599,W,CH,1,1,which,133,35.183601,35.313599,-,oddly
GOLDSCARS_mono,GOLDSCARS_mono_0120,AA,391,0.06000099999999975,35.313599,35.3736,CH,D,0,1,oddly,134,35.313599,35.483601,which,felt
GOLDSCARS_mono,GOLDSCARS_mono_0121,IY,394,0.04000099999999662,35.4436,35.483601,L,F,0,0,oddly,134,35.313599,35.483601,which,felt
GOLDSCARS_mono,--,EH,396,0.02999799999999908,35.6036,35.633598,F,L,1,1,felt,135,35.483601,35.743599,oddly,profound
GOLDSCARS_mono,--,OW,401,0.02999799999999908,35.8536,35.883598,R,F,1,0,profound,136,35.743599,36.263599,felt,at
GOLDSCARS_mono,GOLDSCARS_mono_0122,AW,403,0.14999700000000615,36.023602,36.173599,F,N,0,1,profound,136,35.743599,36.263599,felt,at
GOLDSCARS_mono,--,AE,406,0.02999900000000366,36.263599,36.293598,D,T,1,1,at,137,36.263599,36.323601,profound,the
GOLDSCARS_mono,--,AH,409,0.029998999999996556,36.3736,36.403599,DH,T,1,0,the,138,36.323601,36.403599,at,time
GOLDSCARS_mono,GOLDSCARS_mono_0123,AY,411,0.08000200000000035,36.543598,36.6236,T,M,0,1,time,139,36.403599,36.663601,the,-
GOLDSCARS_mono,GOLDSCARS_mono_0124,AE,414,0.06000200000000433,37.4995,37.559502,-,F,0,1,after,141,37.4995,37.739498,-,a
GOLDSCARS_mono,GOLDSCARS_mono_0125,ER,417,0.04999899999999968,37.689499,37.739498,T,AH0,0,0,after,141,37.4995,37.739498,-,a
GOLDSCARS_mono,GOLDSCARS_mono_0126,AH,418,0.050003000000003794,37.739498,37.789501,ER0,F,0,0,a,142,37.739498,37.789501,after,few
GOLDSCARS_mono,GOLDSCARS_mono_0127,UW,421,0.050003000000003794,37.919498,37.969501,Y,B,0,1,few,143,37.789501,37.969501,a,bites
GOLDSCARS_mono,GOLDSCARS_mono_0128,AY,423,0.09000000000000341,38.0695,38.1595,B,T,0,1,bites,144,37.969501,38.2295,few,of
GOLDSCARS_mono,GOLDSCARS_mono_0129,AH,426,0.04000099999999662,38.2295,38.269501,S,V,0,0,of,145,38.2295,38.309502,bites,something
GOLDSCARS_mono,GOLDSCARS_mono_0130,AH,429,0.04000100000000373,38.369499,38.4095,S,M,0,1,something,146,38.309502,38.5695,of,-
GOLDSCARS_mono,GOLDSCARS_mono_0131,IH,432,0.04000099999999662,38.4795,38.519501,TH,NG,0,0,something,146,38.309502,38.5695,of,-
GOLDSCARS_mono,GOLDSCARS_mono_0132,EY,436,0.11000100000000401,38.979,39.089001,V,G,0,1,vaguely,148,38.808998,39.389,-,egg
GOLDSCARS_mono,GOLDSCARS_mono_0133,IY,439,0.16999799999999965,39.219002,39.389,L,EH1,0,0,vaguely,148,38.808998,39.389,-,egg
GOLDSCARS_mono,GOLDSCARS_mono_0134,EH,440,0.0899999999999963,39.389,39.479,IY0,G,0,1,egg,149,39.389,39.569,vaguely,shaped
GOLDSCARS_mono,GOLDSCARS_mono_0135,EY,443,0.1400030000000001,39.808998,39.949001,SH,P,0,1,shaped,150,39.569,40.089001,egg,i
GOLDSCARS_mono,GOLDSCARS_mono_0136,AY,446,0.05999699999999564,40.089001,40.148998,T,W,0,1,i,151,40.089001,40.148998,shaped,wandered
GOLDSCARS_mono,GOLDSCARS_mono_0137,AA,448,0.030003000000000668,40.308998,40.339001,W,N,0,1,wandered,152,40.148998,40.519001,i,to
GOLDSCARS_mono,GOLDSCARS_mono_0138,ER,451,0.050003000000003794,40.418999,40.469002,D,D,0,0,wandered,152,40.148998,40.519001,i,to
GOLDSCARS_mono,GOLDSCARS_mono_0139,AH,454,0.030003000000000668,40.558998,40.589001,T,DH,0,0,to,153,40.519001,40.589001,wandered,the
GOLDSCARS_mono,GOLDSCARS_mono_0140,AH,456,0.04999899999999968,40.629002,40.679001,DH,P,0,1,the,154,40.589001,40.679001,to,pond
GOLDSCARS_mono,GOLDSCARS_mono_0141,AA,458,0.11999899999999997,40.879002,40.999001,P,N,0,1,pond,155,40.679001,41.139,the,-
GOLDSCARS_mono,--,AH,462,0.009999000000000535,41.6702,41.680199,-,K,1,0,a,157,41.6702,41.680199,-,kid
GOLDSCARS_mono,GOLDSCARS_mono_0142,IH,464,0.06000200000000433,41.750198,41.8102,K,D,0,1,kid,158,41.680199,41.840199,a,named
GOLDSCARS_mono,GOLDSCARS_mono_0143,EY,467,0.09999799999999937,41.940201,42.040199,N,M,0,1,named,159,41.840199,42.160198,kid,-
GOLDSCARS_mono,GOLDSCARS_mono_0144,AH,471,0.06000099999999975,42.288399,42.3484,-,K,0,0,a,161,42.288399,42.3484,-,kid
GOLDSCARS_mono,GOLDSCARS_mono_0145,IH,473,0.050003000000003794,42.518398,42.568401,K,D,0,1,kid,162,42.3484,42.658401,a,zoomed
GOLDSCARS_mono,GOLDSCARS_mono_0146,UW,476,0.08000200000000035,42.808399,42.888401,Z,M,0,1,zoomed,163,42.658401,43.018398,kid,by
GOLDSCARS_mono,GOLDSCARS_mono_0147,AY,480,0.14000000000000057,43.058399,43.198399,B,AA1,0,1,by,164,43.018398,43.198399,zoomed,on
GOLDSCARS_mono,GOLDSCARS_mono_0148,AA,481,0.05000299999999669,43.198399,43.248402,AY1,N,0,1,on,165,43.198399,43.298401,by,a
GOLDSCARS_mono,GOLDSCARS_mono_0149,AH,483,0.04000100000000373,43.298401,43.338402,N,S,0,0,a,166,43.298401,43.338402,on,scooter
GOLDSCARS_mono,GOLDSCARS_mono_0150,UW,486,0.05999700000000274,43.498402,43.558399,K,T,0,1,scooter,167,43.338402,43.718399,a,yelling
GOLDSCARS_mono,GOLDSCARS_mono_0151,ER,488,0.1100009999999969,43.608398,43.718399,T,Y,0,0,scooter,167,43.338402,43.718399,a,yelling
GOLDSCARS_mono,GOLDSCARS_mono_0152,EH,490,0.04000099999999662,43.878399,43.9184,Y,L,0,1,yelling,168,43.718399,44.148399,scooter,zoom
GOLDSCARS_mono,GOLDSCARS_mono_0153,IH,492,0.04999899999999968,43.998402,44.048401,L,NG,0,0,yelling,168,43.718399,44.148399,scooter,zoom
GOLDSCARS_mono,GOLDSCARS_mono_0154,UW,495,0.20000100000000032,44.308399,44.5084,Z,M,0,1,zoom,169,44.148399,44.6884,yelling,-
GOLDSCARS_mono,GOLDSCARS_mono_0155,UW,499,0.09000000000000341,44.8484,44.9384,Z,M,0,1,zoom,171,44.718399,45.0084,-,like
GOLDSCARS_mono,GOLDSCARS_mono_0156,AY,502,0.06000099999999975,45.038399,45.0984,L,K,0,1,like,172,45.0084,45.158401,zoom,it
GOLDSCARS_mono,--,IH,504,0.02999900000000366,45.158401,45.1884,K,W,1,0,it,173,45.158401,45.1884,like,was
GOLDSCARS_mono,GOLDSCARS_mono_0157,AH,506,0.030003000000000668,45.218399,45.248402,W,Z,0,0,was,174,45.1884,45.288399,it,a
GOLDSCARS_mono,GOLDSCARS_mono_0158,AH,508,0.050003000000003794,45.288399,45.338402,Z,S,0,0,a,175,45.288399,45.338402,was,sound
GOLDSCARS_mono,GOLDSCARS_mono_0159,AW,510,0.0699989999999957,45.448399,45.518398,S,N,0,1,sound,176,45.338402,45.5784,a,effect
GOLDSCARS_mono,--,AH,513,0.02999799999999908,45.5784,45.608398,D,F,1,0,effect,177,45.5784,45.948399,sound,that
GOLDSCARS_mono,GOLDSCARS_mono_0160,EH,515,0.08000200000000035,45.718399,45.798401,F,K,0,1,effect,177,45.5784,45.948399,sound,that
GOLDSCARS_mono,--,AE,519,0.02999799999999908,45.998402,46.0284,DH,T,1,1,that,178,45.948399,46.058399,effect,summoned
GOLDSCARS_mono,GOLDSCARS_mono_0161,AH,522,0.04000100000000373,46.148399,46.1884,S,M,0,1,summoned,179,46.058399,46.368401,that,speed
GOLDSCARS_mono,--,AH,524,0.02999799999999908,46.2384,46.268398,M,N,1,0,summoned,179,46.058399,46.368401,that,speed
GOLDSCARS_mono,GOLDSCARS_mono_0162,IY,529,0.13000100000000003,46.538399,46.6684,P,D,0,1,speed,180,46.368401,46.748402,summoned,-
GOLDSCARS_mono,GOLDSCARS_mono_0163,AE,533,0.06000099999999975,47.629799,47.6898,S,T,0,1,sat,182,47.559799,47.7598,-,under
GOLDSCARS_mono,GOLDSCARS_mono_0164,AH,535,0.04000100000000373,47.7598,47.799801,T,N,0,1,under,183,47.7598,47.959801,sat,a
GOLDSCARS_mono,GOLDSCARS_mono_0165,ER,538,0.08000200000000035,47.879799,47.959801,D,AH0,0,0,under,183,47.7598,47.959801,sat,a
GOLDSCARS_mono,GOLDSCARS_mono_0166,AH,539,0.04999899999999968,47.959801,48.0098,ER0,T,0,0,a,184,47.959801,48.0098,under,tree
GOLDSCARS_mono,GOLDSCARS_mono_0167,IY,542,0.11999899999999997,48.249802,48.369801,R,-,0,1,tree,185,48.0098,48.369801,a,-
GOLDSCARS_mono,GOLDSCARS_mono_0168,IH,545,0.06999900000000281,48.876202,48.946201,L,S,0,1,listened,187,48.7962,49.216202,-,-
GOLDSCARS_mono,GOLDSCARS_mono_0169,AH,547,0.05000299999999669,49.056198,49.106201,S,N,0,0,listened,187,48.7962,49.216202,-,-
GOLDSCARS_mono,GOLDSCARS_mono_0170,AH,552,0.030002000000003193,49.410599,49.440601,T,DH,0,0,to,189,49.3606,49.440601,-,the
GOLDSCARS_mono,GOLDSCARS_mono_0171,AH,554,0.04000100000000373,49.4706,49.510601,DH,B,0,0,the,190,49.440601,49.510601,to,breeze
GOLDSCARS_mono,GOLDSCARS_mono_0172,IY,557,0.10000200000000348,49.660599,49.760601,R,Z,0,1,breeze,191,49.510601,49.8806,the,-
GOLDSCARS_mono,GOLDSCARS_mono_0173,AH,560,0.04000100000000373,49.9454,49.985401,-,N,0,0,and,193,49.9454,50.065399,-,watched
GOLDSCARS_mono,GOLDSCARS_mono_0174,AA,564,0.06999900000000281,50.125401,50.1954,W,CH,0,1,watched,194,50.065399,50.3354,and,a
GOLDSCARS_mono,GOLDSCARS_mono_0175,AH,567,0.04999899999999968,50.3354,50.385399,T,Y,0,0,a,195,50.3354,50.385399,watched,yellow
GOLDSCARS_mono,GOLDSCARS_mono_0176,EH,569,0.04000100000000373,50.495399,50.5354,Y,L,0,1,yellow,196,50.385399,50.685398,a,balloon
GOLDSCARS_mono,GOLDSCARS_mono_0177,OW,571,0.07999799999999624,50.6054,50.685398,L,B,0,0,yellow,196,50.385399,50.685398,a,balloon
GOLDSCARS_mono,--,AH,573,0.010002000000000066,50.795399,50.805401,B,L,1,0,balloon,197,50.685398,51.095402,yellow,get
GOLDSCARS_mono,GOLDSCARS_mono_0178,UW,575,0.08000200000000035,50.935398,51.0154,L,N,0,1,balloon,197,50.685398,51.095402,yellow,get
GOLDSCARS_mono,GOLDSCARS_mono_0179,IH,578,0.03999799999999709,51.165401,51.205399,G,T,0,1,get,198,51.095402,51.2654,balloon,tangled
GOLDSCARS_mono,--,AE,581,0.029998999999996556,51.3554,51.385399,T,NG,1,1,tangled,199,51.2654,51.625401,get,in
GOLDSCARS_mono,GOLDSCARS_mono_0180,AH,584,0.04000099999999662,51.475399,51.5154,G,L,0,0,tangled,199,51.2654,51.625401,get,in
GOLDSCARS_mono,--,IH,587,0.029998000000006186,51.625401,51.655399,D,N,1,0,in,200,51.625401,51.685398,tangled,a
GOLDSCARS_mono,GOLDSCARS_mono_0181,AH,589,0.050003000000003794,51.685398,51.735401,N,P,0,0,a,201,51.685398,51.735401,in,power
GOLDSCARS_mono,GOLDSCARS_mono_0182,AW,591,0.050003000000003794,51.865398,51.915401,P,ER0,0,1,power,202,51.735401,51.985401,a,-
GOLDSCARS_mono,GOLDSCARS_mono_0183,ER,592,0.07000000000000028,51.915401,51.985401,AW1,-,0,0,power,202,51.735401,51.985401,a,-
GOLDSCARS_mono,--,AY,595,0.02999900000000366,52.075401,52.1054,L,N,1,1,line,204,52.0154,52.225399,-,-
GOLDSCARS_mono,--,IH,599,0.02999799999999908,52.563702,52.5937,W,R,1,1,weird,206,52.443699,52.723701,-,morning
GOLDSCARS_mono,GOLDSCARS_mono_0184,AO,603,0.04000099999999662,52.773701,52.813702,M,R,0,1,morning,207,52.723701,53.043701,weird,-
GOLDSCARS_mono,--,IH,606,0.029998999999996556,52.883701,52.9137,N,NG,1,0,morning,207,52.723701,53.043701,weird,-
GOLDSCARS_mono,--,AH,610,0.02999900000000366,53.273399,53.303398,B,T,1,1,but,209,53.233398,53.343399,-,honestly
GOLDSCARS_mono,GOLDSCARS_mono_0185,AA,612,0.06000099999999975,53.343399,53.4034,T,N,0,1,honestly,210,53.343399,53.7934,but,-
GOLDSCARS_mono,GOLDSCARS_mono_0186,AH,614,0.04999899999999968,53.4534,53.503399,N,S,0,0,honestly,210,53.343399,53.7934,but,-
GOLDSCARS_mono,GOLDSCARS_mono_0187,IY,617,0.13000100000000003,53.663399,53.7934,L,-,0,0,honestly,210,53.343399,53.7934,but,-
GOLDSCARS_mono,GOLDSCARS_mono_0188,AA,620,0.04999899999999968,54.292,54.341999,N,T,0,1,not,212,54.262001,54.391998,-,the
GOLDSCARS_mono,--,AH,623,0.029998999999996556,54.422001,54.452,DH,W,1,0,the,213,54.391998,54.452,not,worst
GOLDSCARS_mono,GOLDSCARS_mono_0189,ER,625,0.08000200000000035,54.521999,54.602001,W,S,0,1,worst,214,54.452,54.812,the,-
H015469YY_mono,H015469YY_mono_0001,OW,3,0.43000000000000016,1.9129,2.3429,S,-,0,1,so,2,1.7929,2.3429,-,-
H015469YY_mono,H015469YY_mono_0002,IH,6,0.03000000000000025,2.5597,2.5897,DH,S,0,0,this,4,2.5297,2.7197,-,morning
H015469YY_mono,H015469YY_mono_0003,AO,9,0.06999999999999984,2.7597,2.8297,M,R,0,1,morning,5,2.7197,3.1897,this,-
H015469YY_mono,H015469YY_mono_0004,IH,12,0.10999999999999988,2.9297,3.0397,N,NG,0,0,morning,5,2.7197,3.1897,this,-
H015469YY_mono,H015469YY_mono_0005,AY,15,0.10999999999999988,3.2597,3.3697,-,W,0,1,i,7,3.2597,3.3697,-,woke
H015469YY_mono,H015469YY_mono_0006,OW,17,0.06999999999999984,3.5097,3.5797,W,K,0,1,woke,8,3.3697,3.6697,i,up
H015469YY_mono,H015469YY_mono_0007,AH,19,0.05999999999999961,3.6697,3.7297,K,P,0,1,up,9,3.6697,3.8297,woke,late
H015469YY_mono,H015469YY_mono_0008,EY,22,0.14000000000000012,3.9197,4.0597,L,T,0,1,late,10,3.8297,4.3497,up,-
H015469YY_mono,H015469YY_mono_0009,AE,25,0.04999999999999982,4.4301,4.4801,-,N,0,1,and,12,4.4301,4.5501,-,immediately
H015469YY_mono,H015469YY_mono_0010,IH,28,0.03000000000000025,4.5501,4.5801,D,M,0,0,immediately,13,4.5501,5.0401,and,stubbed
H015469YY_mono,H015469YY_mono_0011,IY,30,0.07000000000000028,4.6701,4.7401,M,D,0,1,immediately,13,4.5501,5.0401,and,stubbed
H015469YY_mono,H015469YY_mono_0012,IY,32,0.10000000000000053,4.7901,4.8901,D,AH0,0,0,immediately,13,4.5501,5.0401,and,stubbed
H015469YY_mono,--,AH,33,0.02999999999999936,4.8901,4.9201,IY0,T,1,0,immediately,13,4.5501,5.0401,and,stubbed
H015469YY_mono,H015469YY_mono_0013,IY,36,0.040000000000000036,5.0001,5.0401,L,S,0,0,immediately,13,4.5501,5.0401,and,stubbed
H015469YY_mono,H015469YY_mono_0014,AH,39,0.04999999999999982,5.1601,5.2101,T,B,0,1,stubbed,14,5.0401,5.2701,immediately,my
H015469YY_mono,H015469YY_mono_0015,AY,43,0.04999999999999982,5.3301,5.3801,M,T,0,1,my,15,5.2701,5.3801,stubbed,toe
H015469YY_mono,H015469YY_mono_0016,OW,45,0.10999999999999943,5.4801,5.5901,T,AA1,0,1,toe,16,5.3801,5.5901,my,on
H015469YY_mono,H015469YY_mono_0017,AA,46,0.08000000000000007,5.5901,5.6701,OW1,N,0,1,on,17,5.5901,5.7201,toe,the
H015469YY_mono,H015469YY_mono_0018,IY,49,0.03000000000000025,5.7501,5.7801,DH,D,0,0,the,18,5.7201,5.7801,on,dresser
H015469YY_mono,H015469YY_mono_0019,EH,52,0.08999999999999986,5.8501,5.9401,R,S,0,1,dresser,19,5.7801,6.1001,the,-
H015469YY_mono,H015469YY_mono_0020,ER,54,0.03000000000000025,6.0701,6.1001,S,-,0,0,dresser,19,5.7801,6.1001,the,-
H015469YY_mono,H015469YY_mono_0021,EY,58,0.07000000000000028,6.9037,6.9737,R,T,0,1,great,21,6.7937,7.0437,-,start
H015469YY_mono,H015469YY_mono_0022,AA,62,0.07000000000000028,7.1437,7.2137,T,R,0,1,start,22,7.0437,7.3337,great,-
H015469YY_mono,H015469YY_mono_0023,AY,67,0.1200000000000001,7.4837,7.6037,R,T,0,1,right,24,7.3837,7.6537,-,-
H015469YY_mono,--,AY,70,0.02999999999999936,8.3434,8.3734,-,G,1,1,i,26,8.3434,8.3734,-,grumbled
H015469YY_mono,H015469YY_mono_0024,AH,73,0.05000000000000071,8.5434,8.5934,R,M,0,1,grumbled,27,8.3734,8.8434,i,something
H015469YY_mono,--,AH,76,0.009999999999999787,8.6934,8.7034,B,L,1,0,grumbled,27,8.3734,8.8434,i,something
H015469YY_mono,H015469YY_mono_0025,AH,80,0.0600000000000005,8.8934,8.9534,S,M,0,1,something,28,8.8434,9.1234,grumbled,half
H015469YY_mono,H015469YY_mono_0026,IH,83,0.030000000000001137,9.0634,9.0934,TH,NG,0,0,something,28,8.8434,9.1234,grumbled,half
H015469YY_mono,H015469YY_mono_0027,AE,86,0.049999999999998934,9.2034,9.2534,HH,F,0,1,half,29,9.1234,9.3634,something,conscious
H015469YY_mono,H015469YY_mono_0028,AA,89,0.08999999999999986,9.4334,9.5234,K,N,0,1,conscious,30,9.3634,9.9234,half,-
H015469YY_mono,H015469YY_mono_0029,AH,92,0.120000000000001,9.6534,9.7734,SH,S,0,0,conscious,30,9.3634,9.9234,half,-
H015469YY_mono,H015469YY_mono_0030,AE,97,0.129999999999999,10.4244,10.5544,R,B,0,1,grabbed,32,10.3444,10.6144,-,whatever
H015469YY_mono,H015469YY_mono_0031,AH,102,0.040000000000000924,10.7244,10.7644,W,T,0,2,whatever,33,10.6144,11.0444,grabbed,shirt
H015469YY_mono,H015469YY_mono_0032,EH,104,0.08999999999999986,10.8044,10.8944,T,V,0,1,whatever,33,10.6144,11.0444,grabbed,shirt
H015469YY_mono,H015469YY_mono_0033,ER,106,0.08999999999999986,10.9544,11.0444,V,SH,0,0,whatever,33,10.6144,11.0444,grabbed,shirt
H015469YY_mono,H015469YY_mono_0034,ER,108,0.08000000000000007,11.1644,11.2444,SH,T,0,1,shirt,34,11.0444,11.3044,whatever,was
H015469YY_mono,--,AH,111,0.02999999999999936,11.3444,11.3744,W,Z,1,0,was,35,11.3044,11.4444,shirt,clean
H015469YY_mono,H015469YY_mono_0035,IY,115,0.05000000000000071,11.6344,11.6844,L,N,0,1,clean,36,11.4444,12.1344,was,-
H015469YY_mono,H015469YY_mono_0036,IH,118,0.05999999999999872,12.2344,12.2944,-,SH,0,1,ish,38,12.2344,12.5844,-,-
H015469YY_mono,--,EH,122,0.02999999999999936,13.3077,13.3377,DH,N,1,1,then,40,13.2777,13.3677,-,headed
H015469YY_mono,H015469YY_mono_0037,EH,125,0.040000000000000924,13.4277,13.4677,HH,D,0,1,headed,41,13.3677,13.6477,then,-
H015469YY_mono,H015469YY_mono_0038,AH,127,0.05000000000000071,13.5377,13.5877,D,D,0,0,headed,41,13.3677,13.6477,then,-
H015469YY_mono,H015469YY_mono_0039,AW,130,0.10000000000000142,13.6977,13.7977,-,T,0,1,out,43,13.6977,14.0977,-,-
H015469YY_mono,--,AH,134,0.02999999999999936,14.489,14.519,DH,S,1,0,the,45,14.459,14.519,-,sky
H015469YY_mono,H015469YY_mono_0040,AY,137,0.16000000000000014,14.619,14.779,K,L,0,1,sky,46,14.519,14.779,the,looked
H015469YY_mono,H015469YY_mono_0041,UH,139,0.05000000000000071,14.869,14.919,L,K,0,1,looked,47,14.779,14.9667,sky,-
H015469YY_mono,H015469YY_mono_0042,IH,144,0.16000000000000014,15.4342,15.5942,W,R,0,1,weird,49,15.3242,15.8242,-,-
H015469YY_mono,H015469YY_mono_0043,AY,149,0.08000000000000007,15.9242,16.0042,L,K,0,1,like,51,15.8742,16.054701,-,-
H015469YY_mono,H015469YY_mono_0044,AH,153,0.040001000000000175,16.5756,16.615601,DH,T,0,0,that,53,16.545601,16.6756,-,shade
H015469YY_mono,H015469YY_mono_0045,EY,156,0.05999899999999769,16.795601,16.8556,SH,D,0,1,shade,54,16.6756,16.895599,that,of
H015469YY_mono,H015469YY_mono_0046,AH,158,0.030000999999998612,16.895599,16.9256,D,V,0,0,of,55,16.895599,17.045601,shade,blue
H015469YY_mono,H015469YY_mono_0047,UW,162,0.06999899999999926,17.195601,17.2656,L,G,0,1,blue,56,17.045601,17.2656,of,gray
H015469YY_mono,H015469YY_mono_0048,EY,165,0.1900010000000023,17.5156,17.705601,R,-,0,1,gray,57,17.2656,17.705601,blue,-
H015469YY_mono,H015469YY_mono_0049,AE,168,0.030001000000002165,17.885599,17.9156,DH,T,0,1,that,59,17.8356,17.965599,-,makes
H015469YY_mono,--,EY,171,0.02999900000000011,18.0256,18.055599,M,K,1,1,makes,60,17.965599,18.1756,that,you
H015469YY_mono,H015469YY_mono_0050,UW,175,0.03419799999999995,18.205601,18.239799,Y,-,0,1,you,61,18.1756,18.239799,makes,-
H015469YY_mono,H015469YY_mono_0051,EH,179,0.0799999999999983,18.608101,18.688101,W,S,0,1,question,63,18.4781,18.948099,-,if
H015469YY_mono,H015469YY_mono_0052,AH,182,0.059999000000001246,18.848101,18.9081,CH,N,0,0,question,63,18.4781,18.948099,-,if
H015469YY_mono,H015469YY_mono_0053,IH,184,0.030001000000002165,18.948099,18.9781,N,F,0,0,if,64,18.948099,19.0781,question,it's
H015469YY_mono,H015469YY_mono_0054,IH,186,0.030001000000002165,19.0781,19.108101,F,T,0,0,it's,65,19.0781,19.1681,if,about
H015469YY_mono,H015469YY_mono_0055,AH,189,0.03999900000000167,19.1681,19.208099,S,B,0,0,about,66,19.1681,19.3181,it's,to
H015469YY_mono,H015469YY_mono_0056,AW,191,0.03999899999999812,19.2481,19.288099,B,T,0,1,about,66,19.1681,19.3181,it's,to
H015469YY_mono,--,AH,194,0.02999799999999908,19.348101,19.378099,T,R,1,0,to,67,19.3181,19.378099,about,rain
H015469YY_mono,H015469YY_mono_0057,EY,196,0.12999899999999798,19.518101,19.6481,R,N,0,1,rain,68,19.378099,19.688101,to,or
H015469YY_mono,H015469YY_mono_0058,ER,198,0.08999800000000135,19.688101,19.778099,N,N,0,0,or,69,19.688101,19.778099,rain,not
H015469YY_mono,H015469YY_mono_0059,AA,200,0.18999900000000025,19.8381,20.028099,N,T,0,1,not,70,19.778099,20.0581,or,-
H015469YY_mono,H015469YY_mono_0060,AY,203,0.03999900000000167,20.979,21.018999,-,S,0,1,i,72,20.979,21.018999,-,stopped
H015469YY_mono,H015469YY_mono_0061,AA,206,0.08999999999999986,21.169001,21.259001,T,P,0,1,stopped,73,21.018999,21.329,i,by
H015469YY_mono,H015469YY_mono_0062,AY,210,0.050000999999998186,21.358999,21.409,B,DH,0,1,by,74,21.329,21.409,stopped,the
H015469YY_mono,H015469YY_mono_0063,IY,212,0.05000100000000174,21.459,21.509001,DH,AO1,0,0,the,75,21.409,21.509001,by,orange
H015469YY_mono,H015469YY_mono_0064,AO,213,0.11999899999999997,21.509001,21.629,IY0,R,0,1,orange,76,21.509001,21.919001,the,co
H015469YY_mono,H015469YY_mono_0065,AH,215,0.030001000000002165,21.729,21.759001,R,N,0,0,orange,76,21.509001,21.919001,the,co
H015469YY_mono,H015469YY_mono_0066,OW,219,0.06000200000000078,22.028999,22.089001,K,-,0,1,co,77,21.919001,22.089001,orange,-
H015469YY_mono,H015469YY_mono_0067,AY,222,0.07000000000000028,22.612301,22.682301,B,DH,0,1,by,79,22.5823,22.682301,-,the
H015469YY_mono,H015469YY_mono_0068,AH,224,0.030000999999998612,22.712299,22.7423,DH,K,0,0,the,80,22.682301,22.7423,by,corner
H015469YY_mono,H015469YY_mono_0069,AO,226,0.04000099999999662,22.872299,22.9123,K,R,0,1,corner,81,22.7423,23.0923,the,store
H015469YY_mono,H015469YY_mono_0070,ER,229,0.05000100000000174,23.042299,23.0923,N,S,0,0,corner,81,22.7423,23.0923,the,store
H015469YY_mono,H015469YY_mono_0071,AO,232,0.0799999999999983,23.2523,23.3323,T,R,0,1,store,82,23.0923,23.4123,corner,to
H015469YY_mono,H015469YY_mono_0072,AH,235,0.030000000000001137,23.4723,23.5023,T,G,0,0,to,83,23.4123,23.5023,store,grab
H015469YY_mono,H015469YY_mono_0073,AE,238,0.05999899999999769,23.602301,23.6623,R,B,0,1,grab,84,23.5023,23.7423,to,a
H015469YY_mono,H015469YY_mono_0074,AH,240,0.030000999999998612,23.7423,23.772301,B,T,0,0,a,85,23.7423,23.772301,grab,toasted
H015469YY_mono,H015469YY_mono_0075,OW,242,0.059999000000001246,23.8923,23.952299,T,S,0,1,toasted,86,23.772301,24.1723,a,bagel
H015469YY_mono,--,IH,245,0.02999900000000011,24.0923,24.122299,T,D,1,0,toasted,86,23.772301,24.1723,a,bagel
H015469YY_mono,H015469YY_mono_0076,EY,248,0.1000009999999989,24.212299,24.3123,B,G,0,1,bagel,87,24.1723,24.5123,toasted,and
H015469YY_mono,H015469YY_mono_0077,AH,250,0.04999899999999968,24.352301,24.4023,G,L,0,0,bagel,87,24.1723,24.5123,toasted,and
H015469YY_mono,--,AH,252,0.02999900000000011,24.5123,24.542299,L,N,1,0,and,88,24.5123,24.612301,bagel,orange
H015469YY_mono,H015469YY_mono_0078,AO,255,0.1399990000000031,24.612301,24.7523,D,R,0,1,orange,89,24.612301,24.9723,and,juice
H015469YY_mono,H015469YY_mono_0079,AH,257,0.030000000000001137,24.8123,24.8423,R,N,0,0,orange,89,24.612301,24.9723,and,juice
H015469YY_mono,H015469YY_mono_0080,UW,261,0.09999799999999937,25.032301,25.132299,JH,S,0,1,juice,90,24.9723,25.362301,orange,-
H015469YY_mono,--,AH,265,0.02999900000000011,25.531601,25.5616,B,T,1,1,but,92,25.521601,25.5916,-,they
H015469YY_mono,H015469YY_mono_0081,EY,268,0.040001000000000175,25.621599,25.6616,DH,W,0,1,they,93,25.5916,25.6616,but,were
H015469YY_mono,--,ER,270,0.02999900000000011,25.691601,25.7216,W,B,1,0,were,94,25.6616,25.7216,they,both
H015469YY_mono,H015469YY_mono_0082,OW,272,0.1000009999999989,25.791599,25.8916,B,TH,0,1,both,95,25.7216,25.9816,were,-
H015469YY_mono,H015469YY_mono_0083,AW,275,0.08000000000000185,26.0916,26.1716,-,T,0,1,out,97,26.0916,26.4016,-,-
H015469YY_mono,--,AH,279,0.02999799999999908,27.116301,27.146299,DH,K,1,0,the,99,27.0863,27.146299,-,cashier
H015469YY_mono,H015469YY_mono_0084,AE,281,0.10000000000000142,27.196301,27.296301,K,SH,0,0,cashier,100,27.146299,27.616301,the,joked
H015469YY_mono,H015469YY_mono_0085,IH,283,0.08999999999999986,27.4363,27.5263,SH,R,0,1,cashier,100,27.146299,27.616301,the,joked
H015469YY_mono,H015469YY_mono_0086,OW,286,0.12000099999999847,27.726299,27.8463,JH,K,0,1,joked,101,27.616301,27.9049,cashier,-
H015469YY_mono,H015469YY_mono_0087,IH,290,0.05999999999999872,28.2768,28.3368,-,T,0,0,it's,103,28.2768,28.4568,-,monday
H015469YY_mono,H015469YY_mono_0088,AH,294,0.09999799999999937,28.556801,28.656799,M,N,0,1,monday,104,28.4568,28.9368,it's,energy
H015469YY_mono,H015469YY_mono_0089,EY,297,0.1399990000000031,28.796801,28.9368,D,EH1,0,2,monday,104,28.4568,28.9368,it's,energy
H015469YY_mono,H015469YY_mono_0090,EH,298,0.12999899999999798,28.9368,29.066799,EY2,N,0,1,energy,105,28.9368,29.4568,monday,-
H015469YY_mono,H015469YY_mono_0091,ER,300,0.0799999999999983,29.1168,29.1968,N,JH,0,0,energy,105,28.9368,29.4568,monday,-
H015469YY_mono,H015469YY_mono_0092,IY,302,0.1499990000000011,29.306801,29.4568,JH,-,0,0,energy,105,28.9368,29.4568,monday,-
H015469YY_mono,--,AH,304,0.02999900000000011,29.9708,30.000799,-,N,1,0,and,107,29.9708,30.070801,-,i
H015469YY_mono,H015469YY_mono_0093,AY,307,0.11999899999999997,30.070801,30.1908,D,-,0,1,i,108,30.070801,30.1908,and,-
H015469YY_mono,H015469YY_mono_0094,AE,310,0.1099989999999984,30.4631,30.573099,HH,F,0,1,half,110,30.323099,30.6931,-,laughed
H015469YY_mono,H015469YY_mono_0095,AE,313,0.08000000000000185,30.753099,30.833099,L,F,0,1,laughed,111,30.6931,30.983101,half,-
H015469YY_mono,H015469YY_mono_0096,IH,318,0.030001000000002165,31.1131,31.143101,B,K,0,0,because,113,31.073099,31.3731,-,-
H015469YY_mono,H015469YY_mono_0097,AH,320,0.08999999999999986,31.2031,31.2931,K,Z,0,0,because,113,31.073099,31.3731,-,-
H015469YY_mono,H015469YY_mono_0098,AE,324,0.1599999999999966,31.795,31.955,Y,-,0,1,yeah,115,31.695,31.955,-,-
H015469YY_mono,H015469YY_mono_0099,UW,328,0.13000100000000003,32.5089,32.638901,R,-,0,1,true,117,32.3489,32.638901,-,-
H015469YY_mono,H015469YY_mono_0100,AY,330,0.04999899999999968,33.724602,33.774601,-,T,0,1,i,119,33.724602,33.774601,-,took
H015469YY_mono,H015469YY_mono_0101,UH,332,0.04999999999999716,33.874599,33.924599,T,K,0,1,took,120,33.774601,33.9646,i,a
H015469YY_mono,H015469YY_mono_0102,AH,334,0.04999899999999968,33.9646,34.014599,K,S,0,0,a,121,33.9646,34.014599,took,seat
H015469YY_mono,H015469YY_mono_0103,IY,336,0.22999999999999687,34.1646,34.3946,S,T,0,1,seat,122,34.014599,34.419899,a,-
H015469YY_mono,--,IH,340,0.02999799999999908,34.805302,34.8353,N,R,1,1,near,124,34.755299,34.8853,-,the
H015469YY_mono,H015469YY_mono_0104,AH,343,0.04000100000000373,34.925301,34.965302,DH,W,0,0,the,125,34.8853,34.965302,near,window
H015469YY_mono,H015469YY_mono_0105,IH,345,0.06000099999999975,35.0453,35.105301,W,N,0,1,window,126,34.965302,35.445301,the,-
H015469YY_mono,H015469YY_mono_0106,OW,348,0.2299989999999994,35.215302,35.445301,D,-,0,0,window,126,34.965302,35.445301,the,-
H015469YY_mono,--,OW,353,0.029998999999996556,35.810501,35.8405,R,L,1,1,scrolled,128,35.580502,35.9105,-,my
H015469YY_mono,H015469YY_mono_0107,AY,357,0.050003000000003794,35.960499,36.010502,M,F,0,1,my,129,35.9105,36.010502,scrolled,phone
H015469YY_mono,H015469YY_mono_0108,OW,359,0.1800010000000043,36.150501,36.330502,F,N,0,1,phone,130,36.010502,36.490501,my,-
H015469YY_mono,H015469YY_mono_0109,AE,362,0.06999900000000281,36.712502,36.782501,-,N,0,1,and,132,36.712502,36.912498,-,-
H015469YY_mono,H015469YY_mono_0110,OW,366,0.039996999999999616,36.962502,37.002499,-,V,0,1,overheard,134,36.962502,37.342499,-,someone
H015469YY_mono,--,ER,368,0.029998000000006186,37.052502,37.0825,V,HH,1,0,overheard,134,36.962502,37.342499,-,someone
H015469YY_mono,H015469YY_mono_0111,ER,370,0.030003000000000668,37.182499,37.212502,HH,D,0,1,overheard,134,36.962502,37.342499,-,someone
H015469YY_mono,H015469YY_mono_0112,AH,373,0.039996999999999616,37.392502,37.432499,S,M,0,1,someone,135,37.342499,37.592499,overheard,say
H015469YY_mono,H015469YY_mono_0113,AH,376,0.030002000000003193,37.502499,37.532501,W,N,0,2,someone,135,37.342499,37.592499,overheard,say
H015469YY_mono,H015469YY_mono_0114,EY,379,0.25999800000000306,37.672501,37.932499,S,-,0,1,say,136,37.592499,37.932499,someone,-
H015469YY_mono,--,AH,382,0.02999900000000366,38.2495,38.279499,DH,JH,1,0,the,138,38.199501,38.279499,-,giraffe
H015469YY_mono,H015469YY_mono_0115,ER,384,0.1599999999999966,38.3395,38.4995,JH,AE1,0,0,giraffe,139,38.279499,38.7495,the,exhibit
H015469YY_mono,H015469YY_mono_0116,AE,385,0.13000100000000003,38.4995,38.629501,ER0,F,0,1,giraffe,139,38.279499,38.7495,the,exhibit
H015469YY_mono,H015469YY_mono_0117,IH,387,0.04000100000000373,38.7495,38.789501,F,G,0,0,exhibit,140,38.7495,39.119499,giraffe,-
H015469YY_mono,H015469YY_mono_0118,IH,390,0.06000099999999975,38.9095,38.969501,Z,B,0,1,exhibit,140,38.7495,39.119499,giraffe,-
H015469YY_mono,H015469YY_mono_0119,IH,392,0.03999999999999915,39.0495,39.0895,B,T,0,0,exhibit,140,38.7495,39.119499,giraffe,-
H015469YY_mono,H015469YY_mono_0120,OW,395,0.0700040000000044,39.239498,39.309502,-,P,0,1,opens,142,39.239498,39.579498,-,at
H015469YY_mono,H015469YY_mono_0121,AH,397,0.039996999999999616,39.379501,39.419498,P,N,0,0,opens,142,39.239498,39.579498,-,at
H015469YY_mono,H015469YY_mono_0122,AE,400,0.07000399999999729,39.579498,39.649502,Z,T,0,1,at,143,39.579498,39.719501,opens,noon
H015469YY_mono,H015469YY_mono_0123,UW,403,0.12999699999999592,39.809502,39.939499,N,N,0,1,noon,144,39.719501,40.079498,at,-
H015469YY_mono,H015469YY_mono_0124,IH,407,0.04000099999999662,40.766399,40.8064,W,CH,0,1,which,146,40.736401,40.8964,-,-
H015469YY_mono,--,EH,411,0.02999799999999908,41.366402,41.3964,F,L,1,1,felt,148,41.296398,41.576401,-,-
H015469YY_mono,H015469YY_mono_0125,AA,415,0.14000000000000057,41.6464,41.7864,-,D,0,1,oddly,150,41.6464,41.926399,-,profound
H015469YY_mono,--,IY,418,0.02999900000000366,41.8964,41.926399,L,P,1,0,oddly,150,41.6464,41.926399,-,profound
H015469YY_mono,H015469YY_mono_0126,OW,421,0.030002000000003193,42.066399,42.096401,R,F,0,0,profound,151,41.926399,42.6064,oddly,-
H015469YY_mono,H015469YY_mono_0127,AW,423,0.1600000000000037,42.1964,42.3564,F,N,0,1,profound,151,41.926399,42.6064,oddly,-
H015469YY_mono,H015469YY_mono_0128,AE,427,0.04000099999999662,42.7164,42.756401,-,T,0,1,at,153,42.7164,42.8064,-,the
H015469YY_mono,--,AH,430,0.029998999999996556,42.846401,42.8764,DH,T,1,0,the,154,42.8064,42.8764,at,time
H015469YY_mono,H015469YY_mono_0129,AY,432,0.16999799999999965,42.986401,43.156399,T,M,0,1,time,155,42.8764,43.346401,the,-
H015469YY_mono,H015469YY_mono_0130,AE,435,0.03999999999999915,44.430901,44.470901,-,F,0,1,after,157,44.430901,44.620899,-,a
H015469YY_mono,H015469YY_mono_0131,ER,438,0.04000100000000373,44.580898,44.620899,T,AH0,0,0,after,157,44.430901,44.620899,-,a
H015469YY_mono,H015469YY_mono_0132,AH,439,0.04999899999999968,44.620899,44.670898,ER0,F,0,0,a,158,44.620899,44.670898,after,few
H015469YY_mono,H015469YY_mono_0133,UW,442,0.050003000000003794,44.830898,44.880901,Y,B,0,1,few,159,44.670898,44.880901,a,bites
H015469YY_mono,H015469YY_mono_0134,AY,444,0.11999899999999997,44.950901,45.0709,B,T,0,1,bites,160,44.880901,45.190899,few,of
H015469YY_mono,H015469YY_mono_0135,AH,447,0.030001999999996087,45.190899,45.220901,S,V,0,0,of,161,45.190899,45.260899,bites,something
H015469YY_mono,H015469YY_mono_0136,AH,450,0.08000200000000035,45.330898,45.4109,S,M,0,1,something,162,45.260899,45.740898,of,-
H015469YY_mono,H015469YY_mono_0137,IH,453,0.06000099999999975,45.530899,45.5909,TH,NG,0,0,something,162,45.260899,45.740898,of,-
H015469YY_mono,H015469YY_mono_0138,EY,457,0.15999899999999911,45.9856,46.145599,V,G,0,1,vaguely,164,45.855598,46.395599,-,egg
H015469YY_mono,H015469YY_mono_0139,IY,460,0.0899999999999963,46.305599,46.395599,L,EH1,0,0,vaguely,164,45.855598,46.395599,-,egg
H015469YY_mono,H015469YY_mono_0140,EH,461,0.11000100000000401,46.395599,46.5056,IY0,G,0,1,egg,165,46.395599,46.625599,vaguely,shaped
H015469YY_mono,H015469YY_mono_0141,EY,464,0.09999900000000395,46.725601,46.8256,SH,P,0,1,shaped,166,46.625599,47.155602,egg,-
H015469YY_mono,H015469YY_mono_0142,AY,468,0.06000099999999975,47.2556,47.315601,-,W,0,1,i,168,47.2556,47.315601,-,wandered
H015469YY_mono,H015469YY_mono_0143,AA,470,0.0699989999999957,47.455601,47.5256,W,N,0,1,wandered,169,47.315601,47.785599,i,-
H015469YY_mono,H015469YY_mono_0144,ER,473,0.08000200000000035,47.6656,47.745602,D,D,0,0,wandered,169,47.315601,47.785599,i,-
H015469YY_mono,H015469YY_mono_0145,AH,477,0.04999899999999968,48.167099,48.217098,T,DH,0,0,to,171,48.1171,48.217098,-,the
H015469YY_mono,--,AH,479,0.029998999999996556,48.247101,48.2771,DH,P,1,0,the,172,48.217098,48.2771,to,park
H015469YY_mono,H015469YY_mono_0146,AA,481,0.04000000000000625,48.397099,48.437099,P,R,0,1,park,173,48.2771,48.587101,the,-
H015469YY_mono,--,AH,485,0.02999799999999908,49.204102,49.2341,-,K,1,0,a,175,49.204102,49.2341,-,kid
H015469YY_mono,H015469YY_mono_0147,IH,487,0.05999800000000022,49.364101,49.424099,K,D,0,1,kid,176,49.2341,49.544102,a,-
H015469YY_mono,H015469YY_mono_0148,UW,491,0.1799960000000027,50.602402,50.782398,Z,M,0,1,zoomed,178,50.402401,51.012402,-,-
H015469YY_mono,--,AY,496,0.02999799999999908,51.316502,51.3465,B,AA1,1,1,by,180,51.276501,51.3465,-,on
H015469YY_mono,H015469YY_mono_0149,AA,497,0.31000200000000433,51.3465,51.656502,AY1,N,0,1,on,181,51.3465,51.716499,by,a
H015469YY_mono,--,AH,499,0.02999900000000366,51.716499,51.746498,N,S,1,0,a,182,51.716499,51.746498,on,scooter
H015469YY_mono,H015469YY_mono_0150,UW,502,0.10999999999999943,51.9865,52.0965,K,T,0,1,scooter,183,51.746498,52.386501,a,-
H015469YY_mono,H015469YY_mono_0151,ER,504,0.25,52.136501,52.386501,T,-,0,0,scooter,183,51.746498,52.386501,a,-
H015469YY_mono,H015469YY_mono_0152,EH,507,0.0399980000000042,52.476501,52.516499,Y,L,0,1,yelling,185,52.4165,52.7565,-,-
H015469YY_mono,H015469YY_mono_0153,IH,509,0.08000200000000035,52.626499,52.706501,L,NG,0,0,yelling,185,52.4165,52.7565,-,-
H015469YY_mono,H015469YY_mono_0154,UW,513,0.20999899999999627,53.315201,53.5252,Z,M,0,1,zoom,187,53.155201,53.665199,-,zoom
H015469YY_mono,H015469YY_mono_0155,UW,516,0.4099999999999966,53.805199,54.215199,Z,M,0,1,zoom,188,53.665199,54.2952,zoom,-
H015469YY_mono,H015469YY_mono_0156,AY,520,0.06999900000000281,54.967499,55.037498,L,K,0,1,like,190,54.9375,55.077499,-,-
H015469YY_mono,H015469YY_mono_0157,IH,523,0.030002000000003193,55.673199,55.703201,-,W,0,0,it,192,55.673199,55.703201,-,was
H015469YY_mono,H015469YY_mono_0158,AH,525,0.04000100000000373,55.7332,55.773201,W,Z,0,0,was,193,55.703201,55.813202,it,a
H015469YY_mono,H015469YY_mono_0159,AH,527,0.039996999999999616,55.813202,55.853199,Z,S,0,0,a,194,55.813202,55.853199,was,sound
H015469YY_mono,H015469YY_mono_0160,AW,529,0.13000100000000003,56.0532,56.183201,S,N,0,1,sound,195,55.853199,56.273201,a,effect
H015469YY_mono,H015469YY_mono_0161,AH,532,0.039996999999999616,56.273201,56.313198,D,F,0,0,effect,196,56.273201,56.633202,sound,-
H015469YY_mono,H015469YY_mono_0162,EH,534,0.11999899999999997,56.443199,56.563198,F,K,0,1,effect,196,56.273201,56.633202,sound,-
H015469YY_mono,H015469YY_mono_0163,AE,539,0.039996999999999616,56.773201,56.813198,DH,T,0,1,that,198,56.7132,56.863201,-,-
H015469YY_mono,H015469YY_mono_0164,AH,543,0.06999900000000281,57.223202,57.293201,S,M,0,1,summoned,200,57.033199,57.5532,-,speed
H015469YY_mono,--,AH,545,0.029998999999996556,57.3932,57.423199,M,N,1,0,summoned,200,57.033199,57.5532,-,speed
H015469YY_mono,H015469YY_mono_0165,IY,550,0.23999799999999993,57.773201,58.013199,P,D,0,1,speed,201,57.5532,58.083199,summoned,-
H015469YY_mono,--,AY,553,0.02999900000000366,58.804401,58.8344,-,S,1,1,i,203,58.804401,58.8344,-,sat
H015469YY_mono,H015469YY_mono_0166,AE,555,0.139998999999996,58.984402,59.124401,S,T,0,1,sat,204,58.8344,59.1744,i,under
H015469YY_mono,H015469YY_mono_0167,AH,557,0.06000200000000433,59.1744,59.234402,T,N,0,1,under,205,59.1744,59.4244,sat,a
H015469YY_mono,H015469YY_mono_0168,ER,560,0.0899999999999963,59.3344,59.4244,D,AH0,0,0,under,205,59.1744,59.4244,sat,a
H015469YY_mono,H015469YY_mono_0169,AH,561,0.05000000000000426,59.4244,59.4744,ER0,T,0,0,a,206,59.4244,59.4744,under,tree
H015469YY_mono,H015469YY_mono_0170,IY,564,0.11999899999999997,59.694401,59.8144,R,-,0,1,tree,207,59.4744,59.8144,a,-
H015469YY_mono,H015469YY_mono_0171,IH,567,0.04999899999999968,60.0271,60.077099,L,S,0,1,listened,209,59.997101,60.327099,-,to
H015469YY_mono,H015469YY_mono_0172,AH,569,0.06999999999999318,60.187099,60.257099,S,N,0,0,listened,209,59.997101,60.327099,-,to
H015469YY_mono,--,AH,573,0.029998999999996556,60.3671,60.397099,T,DH,1,0,to,210,60.327099,60.397099,listened,the
H015469YY_mono,H015469YY_mono_0173,AH,575,0.030003000000000668,60.467098,60.497101,DH,B,0,0,the,211,60.397099,60.497101,to,breeze
H015469YY_mono,H015469YY_mono_0174,IY,578,0.370002999999997,60.667099,61.037102,R,Z,0,1,breeze,212,60.497101,61.167099,the,-
H015469YY_mono,--,AH,581,0.02999799999999908,61.197102,61.2271,-,N,1,0,and,214,61.197102,61.357101,-,-
H015469YY_mono,H015469YY_mono_0175,AA,586,0.0899999999999963,62.060299,62.150299,W,CH,0,1,watched,216,62.020302,62.320301,-,a
H015469YY_mono,H015469YY_mono_0176,AH,589,0.039996999999999616,62.320301,62.360298,T,Y,0,0,a,217,62.320301,62.360298,watched,yellow
H015469YY_mono,H015469YY_mono_0177,EH,591,0.05000000000000426,62.4603,62.5103,Y,L,0,1,yellow,218,62.360298,62.650299,a,balloon
H015469YY_mono,H015469YY_mono_0178,OW,593,0.04999899999999968,62.6003,62.650299,L,B,0,0,yellow,218,62.360298,62.650299,a,balloon
H015469YY_mono,--,AH,595,0.010002000000000066,62.740299,62.750301,B,L,1,0,balloon,219,62.650299,63.1203,yellow,get
H015469YY_mono,H015469YY_mono_0179,UW,597,0.04000099999999662,62.880299,62.9203,L,N,0,1,balloon,219,62.650299,63.1203,yellow,get
H015469YY_mono,H015469YY_mono_0180,IH,600,0.06999900000000281,63.1703,63.240299,G,T,0,1,get,220,63.1203,63.310299,balloon,tangled
H015469YY_mono,H015469YY_mono_0181,AE,603,0.039996999999999616,63.430302,63.470299,T,NG,0,1,tangled,221,63.310299,63.720299,get,in
H015469YY_mono,H015469YY_mono_0182,AH,606,0.04999899999999968,63.560299,63.610298,G,L,0,0,tangled,221,63.310299,63.720299,get,in
H015469YY_mono,H015469YY_mono_0183,IH,609,0.06000099999999975,63.720299,63.7803,D,N,0,0,in,222,63.720299,63.840302,tangled,a
H015469YY_mono,H015469YY_mono_0184,AH,611,0.04999899999999968,63.840302,63.890301,N,P,0,0,a,223,63.840302,63.890301,in,power
H015469YY_mono,H015469YY_mono_0185,AW,613,0.15000199999998642,64.040298,64.1903,P,ER0,0,1,power,224,63.890301,64.250298,a,-
H015469YY_mono,H015469YY_mono_0186,ER,614,0.05999800000000732,64.1903,64.250298,AW1,-,0,0,power,224,63.890301,64.250298,a,-
H015469YY_mono,--,AY,617,0.02999899999998945,64.420303,64.450302,L,N,1,1,line,226,64.390297,64.6203,-,-
H015469YY_mono,H015469YY_mono_0187,IH,621,0.04000100000000373,65.3601,65.400101,W,R,0,1,weird,228,65.320099,65.530098,-,morning
H015469YY_mono,H015469YY_mono_0188,AO,625,0.07999399999999923,65.590103,65.670097,M,R,0,1,morning,229,65.530098,65.880096,weird,-
H015469YY_mono,H015469YY_mono_0189,IH,628,0.04000099999998952,65.750099,65.7901,N,NG,0,0,morning,229,65.530098,65.880096,weird,-
H015469YY_mono,H015469YY_mono_0190,AH,632,0.06999999999999318,66.122101,66.192101,B,T,0,1,but,231,66.092102,66.222099,-,-
H015469YY_mono,H015469YY_mono_0191,AA,635,0.09000300000001005,66.547997,66.638,-,N,0,1,honestly,233,66.547997,66.977997,-,-
H015469YY_mono,H015469YY_mono_0192,AH,637,0.04999499999999557,66.688004,66.737999,N,S,0,0,honestly,233,66.547997,66.977997,-,-
H015469YY_mono,H015469YY_mono_0193,IY,640,0.04999600000000726,66.928001,66.977997,L,-,0,0,honestly,233,66.547997,66.977997,-,-
H015469YY_mono,H015469YY_mono_0194,AA,643,0.060005999999987125,67.883598,67.943604,N,T,0,1,not,235,67.8536,68.013603,-,the
H015469YY_mono,H015469YY_mono_0195,AH,646,0.04000099999998952,68.043602,68.083603,DH,W,0,0,the,236,68.013603,68.083603,not,worst
H015469YY_mono,H015469YY_mono_0196,ER,648,0.09000400000000752,68.163597,68.253601,W,S,0,1,worst,237,68.083603,68.423599,the,-
JF68DEP64_mono,JF68DEP64_mono_0001,OW,3,0.030000000000000027,1.6579,1.6879,S,DH,0,1,so,2,1.6079,1.6879,-,this
JF68DEP64_mono,JF68DEP64_mono_0002,IH,5,0.040000000000000036,1.7279,1.7679,DH,S,0,1,this,3,1.6879,1.8779,so,morning
JF68DEP64_mono,JF68DEP64_mono_0003,AO,8,0.040000000000000036,1.9379,1.9779,M,R,0,1,morning,4,1.8779,2.1579,this,-
JF68DEP64_mono,--,IH,11,0.029999999999999805,2.0579,2.0879,N,NG,1,0,morning,4,1.8779,2.1579,this,-
JF68DEP64_mono,JF68DEP64_mono_0004,AY,14,0.06999999999999984,2.1879,2.2579,-,W,0,1,i,6,2.1879,2.2579,-,woke
JF68DEP64_mono,JF68DEP64_mono_0005,OW,16,0.06000000000000005,2.3379,2.3979,W,K,0,1,woke,7,2.2579,2.4779,i,up
JF68DEP64_mono,--,AH,18,0.029999999999999805,2.4779,2.5079,K,P,1,1,up,8,2.4779,2.5979,woke,late
JF68DEP64_mono,JF68DEP64_mono_0006,EY,21,0.04999999999999982,2.6579,2.7079,L,T,0,1,late,9,2.5979,2.7679,up,and
JF68DEP64_mono,JF68DEP64_mono_0007,AH,23,0.040000000000000036,2.7679,2.8079,T,N,0,0,and,10,2.7679,2.8679,late,immediately
JF68DEP64_mono,--,IH,26,0.029999999999999805,2.8679,2.8979,D,M,1,0,immediately,11,2.8679,3.3779,and,stubbed
JF68DEP64_mono,JF68DEP64_mono_0008,IY,28,0.08000000000000007,3.0379,3.1179,M,D,0,1,immediately,11,2.8679,3.3779,and,stubbed
JF68DEP64_mono,JF68DEP64_mono_0009,IY,30,0.050000000000000266,3.1679,3.2179,D,AH0,0,0,immediately,11,2.8679,3.3779,and,stubbed
JF68DEP64_mono,--,AH,31,0.029999999999999805,3.2179,3.2479,IY0,T,1,0,immediately,11,2.8679,3.3779,and,stubbed
JF68DEP64_mono,JF68DEP64_mono_0010,IY,34,0.040000000000000036,3.3379,3.3779,L,S,0,0,immediately,11,2.8679,3.3779,and,stubbed
JF68DEP64_mono,JF68DEP64_mono_0011,AH,37,0.050000000000000266,3.4879,3.5379,T,B,0,1,stubbed,12,3.3779,3.6179,immediately,my
JF68DEP64_mono,JF68DEP64_mono_0012,AY,41,0.06000000000000005,3.6579,3.7179,M,T,0,1,my,13,3.6179,3.7179,stubbed,toe
JF68DEP64_mono,JF68DEP64_mono_0013,OW,43,0.050000000000000266,3.8179,3.8679,T,AA1,0,1,toe,14,3.7179,3.8679,my,on
JF68DEP64_mono,JF68DEP64_mono_0014,AA,44,0.06000000000000005,3.8679,3.9279,OW1,N,0,1,on,15,3.8679,3.9679,toe,the
JF68DEP64_mono,--,AH,47,0.029999999999999805,3.9979,4.0279,DH,D,1,0,the,16,3.9679,4.0279,on,dresser
JF68DEP64_mono,JF68DEP64_mono_0015,EH,50,0.03000000000000025,4.1479,4.1779,R,S,0,1,dresser,17,4.0279,4.3879,the,-
JF68DEP64_mono,JF68DEP64_mono_0016,ER,52,0.08999999999999986,4.2979,4.3879,S,-,0,0,dresser,17,4.0279,4.3879,the,-
JF68DEP64_mono,JF68DEP64_mono_0017,EY,56,0.05999999999999961,4.8376,4.8976,R,T,0,1,great,19,4.7376,4.9676,-,start
JF68DEP64_mono,JF68DEP64_mono_0018,AA,60,0.040000000000000036,5.0776,5.1176,T,R,0,1,start,20,4.9676,5.1776,great,-
JF68DEP64_mono,JF68DEP64_mono_0019,AY,65,0.09999999999999964,5.3348,5.4348,R,T,0,1,right,22,5.2548,5.4648,-,-
JF68DEP64_mono,JF68DEP64_mono_0020,AY,68,0.04999999999999982,6.2531,6.3031,-,G,0,1,i,24,6.2531,6.3031,-,grumbled
JF68DEP64_mono,JF68DEP64_mono_0021,AH,71,0.03000000000000025,6.4231,6.4531,R,M,0,1,grumbled,25,6.3031,6.6531,i,something
JF68DEP64_mono,--,AH,74,0.010000000000000675,6.5531,6.5631,B,L,1,0,grumbled,25,6.3031,6.6531,i,something
JF68DEP64_mono,JF68DEP64_mono_0022,AH,78,0.03000000000000025,6.7031,6.7331,S,M,0,1,something,26,6.6531,6.9031,grumbled,half
JF68DEP64_mono,JF68DEP64_mono_0023,IH,81,0.03000000000000025,6.8231,6.8531,TH,NG,0,0,something,26,6.6531,6.9031,grumbled,half
JF68DEP64_mono,JF68DEP64_mono_0024,AE,84,0.04999999999999982,7.0231,7.0731,HH,F,0,1,half,27,6.9031,7.1531,something,conscious
JF68DEP64_mono,JF68DEP64_mono_0025,AA,87,0.0699999999999994,7.2331,7.3031,K,N,0,1,conscious,28,7.1531,7.5931,half,-
JF68DEP64_mono,JF68DEP64_mono_0026,AH,90,0.07000000000000028,7.4231,7.4931,SH,S,0,0,conscious,28,7.1531,7.5931,half,-
JF68DEP64_mono,JF68DEP64_mono_0027,AE,95,0.08000000000000007,8.088,8.168,R,B,0,1,grabbed,30,7.968,8.248,-,whatever
JF68DEP64_mono,JF68DEP64_mono_0028,AH,99,0.040000000000000924,8.308,8.348,W,T,0,2,whatever,31,8.248,8.518,grabbed,t
JF68DEP64_mono,JF68DEP64_mono_0029,EH,101,0.05000000000000071,8.378,8.428,T,V,0,1,whatever,31,8.248,8.518,grabbed,t
JF68DEP64_mono,JF68DEP64_mono_0030,ER,103,0.0600000000000005,8.458,8.518,V,T,0,0,whatever,31,8.248,8.518,grabbed,t
JF68DEP64_mono,JF68DEP64_mono_0031,IY,105,0.05000000000000071,8.668,8.718,T,SH,0,1,t,32,8.518,8.718,whatever,shirt
JF68DEP64_mono,JF68DEP64_mono_0032,ER,107,0.030000000000001137,8.828,8.858,SH,T,0,1,shirt,33,8.718,8.888,t,was
JF68DEP64_mono,JF68DEP64_mono_0033,AH,110,0.030000000000001137,8.918,8.948,W,Z,0,0,was,34,8.888,8.998,shirt,clean
JF68DEP64_mono,JF68DEP64_mono_0034,IY,114,0.03999999999999915,9.188,9.228,L,N,0,1,clean,35,8.998,9.278,was,ish
JF68DEP64_mono,JF68DEP64_mono_0035,IH,116,0.08999999999999986,9.278,9.368,N,SH,0,1,ish,36,9.278,9.518,clean,-
JF68DEP64_mono,JF68DEP64_mono_0036,AE,119,0.07000000000000028,9.548,9.618,-,N,0,1,and,38,9.548,9.698,-,headed
JF68DEP64_mono,JF68DEP64_mono_0037,EH,123,0.030000000000001137,9.748,9.778,HH,D,0,1,headed,39,9.698,9.928,and,out
JF68DEP64_mono,JF68DEP64_mono_0038,IH,125,0.05000000000000071,9.828,9.878,D,D,0,0,headed,39,9.698,9.928,and,out
JF68DEP64_mono,JF68DEP64_mono_0039,AW,127,0.08999999999999986,9.928,10.018,D,T,0,1,out,40,9.928,10.0668,headed,-
JF68DEP64_mono,JF68DEP64_mono_0040,AH,131,0.030000000000001137,10.898,10.928,DH,S,0,0,the,42,10.868,10.928,-,sky
JF68DEP64_mono,JF68DEP64_mono_0041,AY,134,0.08000000000000007,11.048,11.128,K,L,0,1,sky,43,10.928,11.128,the,looked
JF68DEP64_mono,JF68DEP64_mono_0042,UH,136,0.049999999999998934,11.198,11.248,L,K,0,1,looked,44,11.128,11.328,sky,weird
JF68DEP64_mono,JF68DEP64_mono_0043,IH,140,0.1399999999999988,11.448,11.588,W,R,0,1,weird,45,11.328,11.728,looked,-
JF68DEP64_mono,JF68DEP64_mono_0044,AY,145,0.07000000000000028,11.9038,11.9738,L,K,0,1,like,47,11.8638,12.0038,-,that
JF68DEP64_mono,JF68DEP64_mono_0045,AE,148,0.040000000000000924,12.0438,12.0838,DH,T,0,1,that,48,12.0038,12.1438,like,shade
JF68DEP64_mono,JF68DEP64_mono_0046,EY,151,0.120000000000001,12.3538,12.4738,SH,D,0,1,shade,49,12.1438,12.5238,that,of
JF68DEP64_mono,JF68DEP64_mono_0047,AH,153,0.08999999999999986,12.5238,12.6138,D,V,0,0,of,50,12.5238,12.7338,shade,blue
JF68DEP64_mono,JF68DEP64_mono_0048,UW,157,0.08000000000000007,12.8838,12.9638,L,G,0,1,blue,51,12.7338,12.9638,of,gray
JF68DEP64_mono,JF68DEP64_mono_0049,EY,160,0.17239999999999966,13.0938,13.2662,R,DH,0,1,gray,52,12.9638,13.2662,blue,that
JF68DEP64_mono,--,AE,162,0.02999999999999936,13.3062,13.3362,DH,T,1,1,that,53,13.2662,13.3862,gray,makes
JF68DEP64_mono,--,EY,165,0.02999999999999936,13.4562,13.4862,M,K,1,1,makes,54,13.3862,13.6362,that,you
JF68DEP64_mono,--,UW,169,0.02999999999999936,13.6662,13.6962,Y,K,1,1,you,55,13.6362,13.6962,makes,question
JF68DEP64_mono,JF68DEP64_mono_0050,EH,172,0.040000000000000924,13.8662,13.9062,W,S,0,1,question,56,13.6962,14.1662,you,if
JF68DEP64_mono,JF68DEP64_mono_0051,AH,175,0.049999999999998934,14.0662,14.1162,CH,N,0,0,question,56,13.6962,14.1662,you,if
JF68DEP64_mono,JF68DEP64_mono_0052,IH,177,0.05000000000000071,14.1662,14.2162,N,F,0,1,if,57,14.1662,14.2762,question,it's
JF68DEP64_mono,JF68DEP64_mono_0053,IH,179,0.030000000000001137,14.2762,14.3062,F,T,0,0,it's,58,14.2762,14.3762,if,about
JF68DEP64_mono,JF68DEP64_mono_0054,AH,182,0.03999999999999915,14.3762,14.4162,S,B,0,0,about,59,14.3762,14.6162,it's,to
JF68DEP64_mono,JF68DEP64_mono_0055,AW,184,0.07000000000000028,14.4862,14.5562,B,T,0,1,about,59,14.3762,14.6162,it's,to
JF68DEP64_mono,JF68DEP64_mono_0056,UW,187,0.030000000000001137,14.6962,14.7262,T,R,0,1,to,60,14.6162,14.7262,about,rain
JF68DEP64_mono,JF68DEP64_mono_0057,EY,189,0.0600000000000005,14.8162,14.8762,R,N,0,1,rain,61,14.7262,14.9362,to,or
JF68DEP64_mono,JF68DEP64_mono_0058,ER,191,0.0600000000000005,14.9362,14.9962,N,N,0,0,or,62,14.9362,14.9962,rain,not
JF68DEP64_mono,JF68DEP64_mono_0059,AA,193,0.05000000000000071,15.0262,15.0762,N,T,0,1,not,63,14.9962,15.1262,or,-
JF68DEP64_mono,JF68DEP64_mono_0060,AY,196,0.049999000000003235,16.0739,16.123899,-,S,0,1,i,65,16.0739,16.123899,-,stopped
JF68DEP64_mono,JF68DEP64_mono_0061,AA,199,0.06999899999999926,16.253901,16.3239,T,P,0,1,stopped,66,16.123899,16.3839,i,by
JF68DEP64_mono,JF68DEP64_mono_0062,AY,203,0.05999999999999872,16.4139,16.4739,B,DH,0,1,by,67,16.3839,16.4739,stopped,the
JF68DEP64_mono,JF68DEP64_mono_0063,AH,205,0.04000099999999662,16.533899,16.5739,DH,K,0,0,the,68,16.4739,16.5739,by,corner
JF68DEP64_mono,JF68DEP64_mono_0064,AO,207,0.030001000000002165,16.693899,16.7239,K,R,0,1,corner,69,16.5739,16.8339,the,store
JF68DEP64_mono,JF68DEP64_mono_0065,ER,210,0.050000999999998186,16.783899,16.8339,N,S,0,0,corner,69,16.5739,16.8339,the,store
JF68DEP64_mono,JF68DEP64_mono_0066,AO,213,0.030000999999998612,16.953899,16.9839,T,R,0,1,store,70,16.8339,17.023899,corner,to
JF68DEP64_mono,--,AH,216,0.029998000000002634,17.093901,17.123899,T,G,1,0,to,71,17.023899,17.123899,store,grab
JF68DEP64_mono,--,AE,219,0.02999900000000011,17.2439,17.273899,R,B,1,1,grab,72,17.123899,17.3139,to,a
JF68DEP64_mono,JF68DEP64_mono_0067,AH,221,0.059899999999998954,17.3139,17.3738,B,-,0,0,a,73,17.3139,17.3738,grab,-
JF68DEP64_mono,JF68DEP64_mono_0068,OW,224,0.050000999999998186,17.488199,17.5382,T,S,0,1,toasted,75,17.408199,17.7682,-,bagel
JF68DEP64_mono,JF68DEP64_mono_0069,IH,227,0.030000000000001137,17.6682,17.6982,T,D,0,0,toasted,75,17.408199,17.7682,-,bagel
JF68DEP64_mono,JF68DEP64_mono_0070,EY,230,0.0799999999999983,17.808201,17.888201,B,G,0,1,bagel,76,17.7682,18.0282,toasted,and
JF68DEP64_mono,JF68DEP64_mono_0071,AH,232,0.04999899999999968,17.9482,17.998199,G,L,0,0,bagel,76,17.7682,18.0282,toasted,and
JF68DEP64_mono,JF68DEP64_mono_0072,AH,234,0.030001000000002165,18.0282,18.058201,L,N,0,0,and,77,18.0282,18.1182,bagel,orange
JF68DEP64_mono,JF68DEP64_mono_0073,AO,237,0.1000009999999989,18.1182,18.218201,D,R,0,1,orange,78,18.1182,18.4582,and,juice
JF68DEP64_mono,JF68DEP64_mono_0074,AH,239,0.030001000000002165,18.2782,18.308201,R,N,0,0,orange,78,18.1182,18.4582,and,juice
JF68DEP64_mono,JF68DEP64_mono_0075,UW,243,0.07000000000000028,18.5382,18.6082,JH,S,0,1,juice,79,18.4582,18.6782,orange,-
JF68DEP64_mono,--,AH,247,0.02999900000000011,19.053301,19.0833,B,T,1,1,but,81,19.0333,19.1133,-,they
JF68DEP64_mono,JF68DEP64_mono_0076,EY,250,0.050000999999998186,19.153299,19.2033,DH,W,0,1,they,82,19.1133,19.2033,but,were
JF68DEP64_mono,JF68DEP64_mono_0077,ER,252,0.11000100000000046,19.233299,19.3433,W,AW1,0,0,were,83,19.2033,19.3433,they,out
JF68DEP64_mono,JF68DEP64_mono_0078,AW,253,0.059999000000001246,19.3433,19.403299,ER0,T,0,1,out,84,19.3433,19.4333,were,of
JF68DEP64_mono,JF68DEP64_mono_0079,AH,255,0.030001000000002165,19.4333,19.463301,T,V,0,0,of,85,19.4333,19.553301,out,both
JF68DEP64_mono,JF68DEP64_mono_0080,OW,258,0.10999999999999943,19.5933,19.7033,B,TH,0,1,both,86,19.553301,19.883301,of,-
JF68DEP64_mono,JF68DEP64_mono_0081,IY,262,0.030000999999998612,20.363899,20.3939,DH,K,0,0,the,88,20.3139,20.3939,-,cashier
JF68DEP64_mono,JF68DEP64_mono_0082,AE,264,0.08999999999999986,20.503901,20.593901,K,SH,0,0,cashier,89,20.3939,20.843901,the,joked
JF68DEP64_mono,JF68DEP64_mono_0083,IH,266,0.05000000000000071,20.7439,20.7939,SH,R,0,1,cashier,89,20.3939,20.843901,the,joked
JF68DEP64_mono,JF68DEP64_mono_0084,OW,269,0.10000000000000142,20.9639,21.0639,JH,K,0,1,joked,90,20.843901,21.2143,cashier,-
JF68DEP64_mono,JF68DEP64_mono_0085,IH,273,0.06000200000000078,21.500299,21.560301,-,T,0,1,it's,92,21.500299,21.660299,-,monday
JF68DEP64_mono,JF68DEP64_mono_0086,AH,277,0.030001000000002165,21.750299,21.7803,M,N,0,1,monday,93,21.660299,21.9303,it's,energy
JF68DEP64_mono,JF68DEP64_mono_0087,EY,280,0.05999999999999872,21.8703,21.9303,D,EH1,0,2,monday,93,21.660299,21.9303,it's,energy
JF68DEP64_mono,JF68DEP64_mono_0088,EH,281,0.08999999999999986,21.9303,22.0203,EY2,N,0,1,energy,94,21.9303,22.380301,monday,-
JF68DEP64_mono,JF68DEP64_mono_0089,ER,283,0.03999900000000167,22.060301,22.1003,N,JH,0,0,energy,94,21.9303,22.380301,monday,-
JF68DEP64_mono,JF68DEP64_mono_0090,IY,285,0.14000199999999907,22.240299,22.380301,JH,-,0,0,energy,94,21.9303,22.380301,monday,-
JF68DEP64_mono,JF68DEP64_mono_0091,AE,287,0.050000999999998186,22.5362,22.586201,-,N,0,1,and,96,22.5362,22.6462,-,i
JF68DEP64_mono,JF68DEP64_mono_0092,AY,290,0.05999999999999872,22.6462,22.7062,D,HH,0,1,i,97,22.6462,22.7062,and,half
JF68DEP64_mono,JF68DEP64_mono_0093,AE,292,0.07000000000000028,22.8162,22.8862,HH,F,0,1,half,98,22.7062,23.006201,i,laughed
JF68DEP64_mono,JF68DEP64_mono_0094,AE,295,0.09999999999999787,23.0562,23.1562,L,F,0,1,laughed,99,23.006201,23.2862,half,-
JF68DEP64_mono,JF68DEP64_mono_0095,IH,300,0.05000000000000071,23.3915,23.4415,B,K,0,0,because,101,23.3815,23.901501,-,-
JF68DEP64_mono,JF68DEP64_mono_0096,AH,302,0.1700000000000017,23.5415,23.7115,K,Z,0,0,because,101,23.3815,23.901501,-,-
JF68DEP64_mono,JF68DEP64_mono_0097,AE,306,0.08999999999999986,24.3001,24.3901,Y,-,0,1,yeah,103,24.2201,24.3901,-,-
JF68DEP64_mono,JF68DEP64_mono_0098,UW,310,0.09999999999999787,24.8046,24.9046,R,-,0,1,true,105,24.674601,24.9046,-,-
JF68DEP64_mono,--,AY,312,0.010000000000001563,25.489599,25.499599,-,T,1,1,i,107,25.489599,25.499599,-,took
JF68DEP64_mono,JF68DEP64_mono_0099,UH,314,0.05000000000000071,25.6196,25.6696,T,K,0,1,took,108,25.499599,25.729601,i,a
JF68DEP64_mono,JF68DEP64_mono_0100,AH,316,0.03999900000000167,25.729601,25.7696,K,S,0,0,a,109,25.729601,25.7696,took,seat
JF68DEP64_mono,JF68DEP64_mono_0101,IY,318,0.08000200000000035,25.899599,25.979601,S,T,0,1,seat,110,25.7696,26.0296,a,near
JF68DEP64_mono,JF68DEP64_mono_0102,IH,321,0.040001000000000175,26.0996,26.139601,N,R,0,1,near,111,26.0296,26.1996,seat,the
JF68DEP64_mono,JF68DEP64_mono_0103,AH,324,0.059999000000001246,26.2596,26.319599,DH,W,0,0,the,112,26.1996,26.319599,near,window
JF68DEP64_mono,JF68DEP64_mono_0104,IH,326,0.040001000000000175,26.399599,26.4396,W,N,0,1,window,113,26.319599,26.6696,the,-
JF68DEP64_mono,JF68DEP64_mono_0105,OW,329,0.14000000000000057,26.5296,26.6696,D,-,0,0,window,113,26.319599,26.6696,the,-
JF68DEP64_mono,--,OW,334,0.02999900000000011,26.989401,27.0194,R,L,1,1,scrolled,115,26.739401,27.1094,-,through
JF68DEP64_mono,JF68DEP64_mono_0106,UW,339,0.030000000000001137,27.1894,27.2194,R,M,0,1,through,116,27.1094,27.2194,scrolled,my
JF68DEP64_mono,JF68DEP64_mono_0107,AY,341,0.08000000000000185,27.259399,27.339399,M,F,0,1,my,117,27.2194,27.339399,through,phone
JF68DEP64_mono,JF68DEP64_mono_0108,OW,343,0.14000000000000057,27.4594,27.5994,F,N,0,1,phone,118,27.339399,27.669399,my,and
JF68DEP64_mono,JF68DEP64_mono_0109,AH,345,0.06000200000000078,27.669399,27.729401,N,N,0,0,and,119,27.669399,27.7894,phone,overheard
JF68DEP64_mono,JF68DEP64_mono_0110,OW,348,0.08999999999999986,27.7894,27.8794,D,V,0,1,overheard,120,27.7894,28.2094,and,someone
JF68DEP64_mono,JF68DEP64_mono_0111,ER,350,0.04999899999999968,27.9594,28.009399,V,HH,0,0,overheard,120,27.7894,28.2094,and,someone
JF68DEP64_mono,JF68DEP64_mono_0112,ER,352,0.05000100000000174,28.0994,28.149401,HH,D,0,1,overheard,120,27.7894,28.2094,and,someone
JF68DEP64_mono,JF68DEP64_mono_0113,AH,355,0.030001000000002165,28.2794,28.309401,S,M,0,1,someone,121,28.2094,28.4594,overheard,say
JF68DEP64_mono,--,AH,358,0.02999900000000011,28.3794,28.409399,W,N,1,2,someone,121,28.2094,28.4594,overheard,say
JF68DEP64_mono,JF68DEP64_mono_0114,EY,361,0.16999999999999815,28.5394,28.7094,S,-,0,1,say,122,28.4594,28.7094,someone,-
JF68DEP64_mono,--,AH,364,0.02999799999999908,29.064301,29.094299,DH,JH,1,0,the,124,29.0343,29.094299,-,giraffe
JF68DEP64_mono,JF68DEP64_mono_0115,ER,366,0.10000000000000142,29.1943,29.2943,JH,AE1,0,0,giraffe,125,29.094299,29.4543,the,exhibit
JF68DEP64_mono,JF68DEP64_mono_0116,AE,367,0.07000000000000028,29.2943,29.3643,ER0,F,0,1,giraffe,125,29.094299,29.4543,the,exhibit
JF68DEP64_mono,JF68DEP64_mono_0117,IH,369,0.030000999999998612,29.4543,29.484301,F,G,0,0,exhibit,126,29.4543,29.8043,giraffe,opens
JF68DEP64_mono,JF68DEP64_mono_0118,IH,372,0.04000099999999662,29.6243,29.664301,Z,B,0,1,exhibit,126,29.4543,29.8043,giraffe,opens
JF68DEP64_mono,JF68DEP64_mono_0119,IH,374,0.03999900000000167,29.7243,29.764299,B,T,0,0,exhibit,126,29.4543,29.8043,giraffe,opens
JF68DEP64_mono,JF68DEP64_mono_0120,OW,376,0.0799999999999983,29.8043,29.8843,T,P,0,1,opens,127,29.8043,30.074301,exhibit,at
JF68DEP64_mono,JF68DEP64_mono_0121,AH,378,0.030000000000001137,29.9443,29.9743,P,N,0,0,opens,127,29.8043,30.074301,exhibit,at
JF68DEP64_mono,JF68DEP64_mono_0122,AE,381,0.049999000000003235,30.074301,30.1243,Z,T,0,1,at,128,30.074301,30.184299,opens,noon
JF68DEP64_mono,--,UW,384,0.029998000000002634,30.234301,30.264299,N,N,1,1,noon,129,30.184299,30.3943,at,-
JF68DEP64_mono,--,IH,388,0.029998999999996556,30.806101,30.8361,W,CH,1,1,which,131,30.7761,30.876101,-,felt
JF68DEP64_mono,--,EH,391,0.02999900000000011,30.9561,30.986099,F,L,1,1,felt,132,30.876101,31.056101,which,-
JF68DEP64_mono,JF68DEP64_mono_0123,AA,395,0.10000000000000142,31.0861,31.1861,-,D,0,1,oddly,134,31.0861,31.326099,-,profound
JF68DEP64_mono,--,IY,398,0.02999799999999908,31.296101,31.326099,L,P,1,0,oddly,134,31.0861,31.326099,-,profound
JF68DEP64_mono,--,OW,401,0.029998000000002634,31.466101,31.496099,R,F,1,0,profound,135,31.326099,31.736099,oddly,at
JF68DEP64_mono,JF68DEP64_mono_0124,AW,403,0.09000100000000089,31.576099,31.6661,F,N,0,1,profound,135,31.326099,31.736099,oddly,at
JF68DEP64_mono,JF68DEP64_mono_0125,AE,406,0.030001000000002165,31.736099,31.7661,D,T,0,1,at,136,31.736099,31.826099,profound,the
JF68DEP64_mono,JF68DEP64_mono_0126,AH,409,0.030000999999998612,31.8561,31.886101,DH,T,0,0,the,137,31.826099,31.886101,at,time
JF68DEP64_mono,JF68DEP64_mono_0127,AY,411,0.109997000000007,32.016102,32.126099,T,M,0,1,time,138,31.886101,32.246101,the,-
JF68DEP64_mono,JF68DEP64_mono_0128,AE,414,0.07000000000000028,32.744999,32.814999,-,F,0,1,after,140,32.744999,32.965,-,a
JF68DEP64_mono,--,ER,417,0.02999900000000366,32.935001,32.965,T,AH0,1,0,after,140,32.744999,32.965,-,a
JF68DEP64_mono,JF68DEP64_mono_0129,AH,418,0.04000099999999662,32.965,33.005001,ER0,F,0,0,a,141,32.965,33.005001,after,few
JF68DEP64_mono,--,UW,421,0.02999900000000366,33.165001,33.195,Y,B,1,1,few,142,33.005001,33.195,a,bites
JF68DEP64_mono,JF68DEP64_mono_0130,AY,423,0.06999900000000281,33.275002,33.345001,B,T,0,1,bites,143,33.195,33.455002,few,of
JF68DEP64_mono,--,AH,426,0.029998999999996556,33.455002,33.485001,S,V,1,0,of,144,33.455002,33.525002,bites,something
JF68DEP64_mono,JF68DEP64_mono_0131,AH,429,0.030002999999993563,33.584999,33.615002,S,M,0,1,something,145,33.525002,33.855,of,vaguely
JF68DEP64_mono,JF68DEP64_mono_0132,IH,432,0.030003000000000668,33.724998,33.755001,TH,NG,0,0,something,145,33.525002,33.855,of,vaguely
JF68DEP64_mono,JF68DEP64_mono_0133,EY,435,0.09000000000000341,33.915001,34.005001,V,G,0,1,vaguely,146,33.855,34.235001,something,egg
JF68DEP64_mono,JF68DEP64_mono_0134,IY,438,0.08000200000000035,34.154999,34.235001,L,EH1,0,0,vaguely,146,33.855,34.235001,something,egg
JF68DEP64_mono,JF68DEP64_mono_0135,EH,439,0.07999800000000334,34.235001,34.314999,IY0,G,0,1,egg,147,34.235001,34.404999,vaguely,shaped
JF68DEP64_mono,JF68DEP64_mono_0136,EY,442,0.09000000000000341,34.505001,34.595001,SH,P,0,1,shaped,148,34.404999,34.735001,egg,-
JF68DEP64_mono,JF68DEP64_mono_0137,AY,446,0.04999899999999968,35.0933,35.143299,-,W,0,1,i,150,35.0933,35.143299,-,wandered
JF68DEP64_mono,JF68DEP64_mono_0138,AA,448,0.07000000000000028,35.263302,35.333302,W,N,0,1,wandered,151,35.143299,35.483299,i,to
JF68DEP64_mono,JF68DEP64_mono_0139,ER,451,0.030003000000000668,35.393299,35.423302,D,D,0,0,wandered,151,35.143299,35.483299,i,to
JF68DEP64_mono,JF68DEP64_mono_0140,AH,454,0.030003000000000668,35.533298,35.563301,T,DH,0,0,to,152,35.483299,35.563301,wandered,the
JF68DEP64_mono,JF68DEP64_mono_0141,AH,456,0.04000099999999662,35.603298,35.643299,DH,P,0,0,the,153,35.563301,35.643299,to,park
JF68DEP64_mono,--,AA,458,0.029998999999996556,35.763302,35.793301,P,R,1,1,park,154,35.643299,36.0233,the,-
JF68DEP64_mono,JF68DEP64_mono_0142,AH,462,0.05999700000000274,36.546101,36.606098,-,K,0,0,a,156,36.546101,36.606098,-,kid
JF68DEP64_mono,JF68DEP64_mono_0143,IH,464,0.04000099999999662,36.736099,36.7761,K,D,0,1,kid,157,36.606098,36.8661,a,zoomed
JF68DEP64_mono,--,UW,467,0.02999799999999908,36.9161,36.946098,Z,M,1,1,zoomed,158,36.8661,37.076099,kid,by
JF68DEP64_mono,JF68DEP64_mono_0144,AY,471,0.0899999999999963,37.126099,37.216099,B,AA1,0,1,by,159,37.076099,37.216099,zoomed,on
JF68DEP64_mono,JF68DEP64_mono_0145,AA,472,0.06999900000000281,37.216099,37.286098,AY1,N,0,1,on,160,37.216099,37.336102,by,a
JF68DEP64_mono,JF68DEP64_mono_0146,AH,474,0.04999899999999968,37.336102,37.386101,N,Z,0,0,a,161,37.336102,37.386101,on,z
JF68DEP64_mono,--,IY,476,0.02999900000000366,37.4561,37.486099,Z,-,1,1,z,162,37.386101,37.486099,a,-
JF68DEP64_mono,JF68DEP64_mono_0147,UW,480,0.04999899999999968,37.726101,37.7761,K,T,0,1,scooter,164,37.516102,37.976101,-,-
JF68DEP64_mono,JF68DEP64_mono_0148,ER,482,0.1599999999999966,37.816101,37.976101,T,-,0,0,scooter,164,37.516102,37.976101,-,-
JF68DEP64_mono,--,EH,485,0.029998999999996556,38.1161,38.146099,Y,L,1,1,yelling,166,38.056099,38.3461,-,zoom
JF68DEP64_mono,--,IH,487,0.02999900000000366,38.226101,38.2561,L,NG,1,0,yelling,166,38.056099,38.3461,-,zoom
JF68DEP64_mono,JF68DEP64_mono_0149,UW,490,0.10000299999999385,38.486099,38.586102,Z,M,0,1,zoom,167,38.3461,38.676102,yelling,-
JF68DEP64_mono,JF68DEP64_mono_0150,UW,494,0.1299980000000005,39.255901,39.385899,Z,M,0,1,zoom,169,39.1059,39.6059,-,-
JF68DEP64_mono,JF68DEP64_mono_0151,AY,498,0.04999899999999968,39.920502,39.970501,L,K,0,1,like,171,39.890499,40.0005,-,it
JF68DEP64_mono,JF68DEP64_mono_0152,IH,500,0.04000099999999662,40.0005,40.040501,K,W,0,0,it,172,40.0005,40.040501,like,was
JF68DEP64_mono,--,AH,502,0.029998999999996556,40.130501,40.1605,W,Z,1,0,was,173,40.040501,40.210499,it,some
JF68DEP64_mono,JF68DEP64_mono_0153,AH,505,0.030003000000000668,40.300499,40.330502,S,M,0,1,some,174,40.210499,40.400501,was,sort
JF68DEP64_mono,JF68DEP64_mono_0154,AO,508,0.030003000000000668,40.480499,40.510502,S,R,0,1,sort,175,40.400501,40.570499,some,of
JF68DEP64_mono,--,AH,511,0.02999900000000366,40.570499,40.600498,T,V,1,0,of,176,40.570499,40.640499,sort,magic
JF68DEP64_mono,JF68DEP64_mono_0155,AE,514,0.09999799999999937,40.760502,40.8605,M,JH,0,1,magic,177,40.640499,41.070499,of,spell
JF68DEP64_mono,--,IH,516,0.02999900000000366,40.9505,40.980499,JH,K,1,0,magic,177,40.640499,41.070499,of,spell
JF68DEP64_mono,JF68DEP64_mono_0156,EH,520,0.06000099999999975,41.280499,41.3405,P,L,0,1,spell,178,41.070499,41.4505,magic,that
JF68DEP64_mono,JF68DEP64_mono_0157,AH,523,0.04999899999999968,41.510502,41.560501,DH,T,0,0,that,179,41.4505,41.620499,spell,gave
JF68DEP64_mono,JF68DEP64_mono_0158,EY,526,0.0700040000000044,41.690498,41.760502,G,V,0,1,gave,180,41.620499,41.830502,that,him
JF68DEP64_mono,--,IH,528,0.02999799999999908,41.830502,41.8605,V,M,1,0,him,181,41.830502,41.9105,gave,extra
JF68DEP64_mono,JF68DEP64_mono_0159,EH,530,0.06999900000000281,41.9105,41.980499,M,K,0,1,extra,182,41.9105,42.220501,him,speed
JF68DEP64_mono,JF68DEP64_mono_0160,AH,535,0.030003000000000668,42.190498,42.220501,R,S,0,0,extra,182,41.9105,42.220501,him,speed
JF68DEP64_mono,JF68DEP64_mono_0161,IY,538,0.1299980000000005,42.400501,42.530499,P,D,0,1,speed,183,42.220501,42.600498,extra,-
JF68DEP64_mono,JF68DEP64_mono_0162,AY,541,0.06000200000000433,44.660999,44.721001,-,S,0,1,i,185,44.660999,44.721001,-,sat
JF68DEP64_mono,JF68DEP64_mono_0163,AE,543,0.08000200000000035,44.861,44.941002,S,T,0,1,sat,186,44.721001,44.980999,i,under
JF68DEP64_mono,JF68DEP64_mono_0164,AH,545,0.07000000000000028,44.980999,45.050999,T,N,0,1,under,187,44.980999,45.210999,sat,a
JF68DEP64_mono,JF68DEP64_mono_0165,ER,548,0.05999800000000022,45.151001,45.210999,D,AH0,0,0,under,187,44.980999,45.210999,sat,a
JF68DEP64_mono,JF68DEP64_mono_0166,AH,549,0.05000299999999669,45.210999,45.261002,ER0,T,0,0,a,188,45.210999,45.261002,under,tree
JF68DEP64_mono,JF68DEP64_mono_0167,IY,552,0.17999999999999972,45.471001,45.651001,R,-,0,1,tree,189,45.261002,45.651001,a,-
JF68DEP64_mono,JF68DEP64_mono_0168,IH,555,0.039996999999999616,45.816502,45.856499,L,S,0,1,listened,191,45.766499,46.046501,-,to
JF68DEP64_mono,JF68DEP64_mono_0169,AH,557,0.030001999999996087,45.946499,45.976501,S,N,0,0,listened,191,45.766499,46.046501,-,to
JF68DEP64_mono,JF68DEP64_mono_0170,IH,561,0.06000099999999975,46.0765,46.136501,T,DH,0,0,to,192,46.046501,46.136501,listened,the
JF68DEP64_mono,JF68DEP64_mono_0171,AH,563,0.04000100000000373,46.1665,46.206501,DH,B,0,0,the,193,46.136501,46.206501,to,breeze
JF68DEP64_mono,JF68DEP64_mono_0172,IY,566,0.14999800000000363,46.366501,46.516499,R,Z,0,1,breeze,194,46.206501,46.5965,the,-
JF68DEP64_mono,--,AH,569,0.02999900000000366,46.630199,46.660198,-,N,1,0,and,196,46.630199,46.7202,-,watched
JF68DEP64_mono,JF68DEP64_mono_0173,AA,573,0.04999899999999968,46.820202,46.870201,W,CH,0,1,watched,197,46.7202,47.010201,and,a
JF68DEP64_mono,JF68DEP64_mono_0174,AH,576,0.03999999999999915,47.010201,47.050201,T,Y,0,0,a,198,47.010201,47.050201,watched,yellow
JF68DEP64_mono,JF68DEP64_mono_0175,EH,578,0.04999899999999968,47.1502,47.200199,Y,L,0,1,yellow,199,47.050201,47.320202,a,balloon
JF68DEP64_mono,JF68DEP64_mono_0176,OW,580,0.050003000000003794,47.270199,47.320202,L,B,0,0,yellow,199,47.050201,47.320202,a,balloon
JF68DEP64_mono,--,AH,582,0.009999000000000535,47.4202,47.430199,B,L,1,0,balloon,200,47.320202,47.6502,yellow,get
JF68DEP64_mono,JF68DEP64_mono_0177,UW,584,0.08000200000000035,47.540199,47.620201,L,N,0,1,balloon,200,47.320202,47.6502,yellow,get
JF68DEP64_mono,--,IH,587,0.029998999999996556,47.7402,47.770199,G,T,1,1,get,201,47.6502,47.840199,balloon,tangled
JF68DEP64_mono,--,AE,590,0.029998999999996556,47.940201,47.9702,T,NG,1,1,tangled,202,47.840199,48.190201,get,in
JF68DEP64_mono,JF68DEP64_mono_0178,AH,593,0.04000099999999662,48.0602,48.100201,G,L,0,0,tangled,202,47.840199,48.190201,get,in
JF68DEP64_mono,JF68DEP64_mono_0179,IH,596,0.04000099999999662,48.190201,48.230202,D,N,0,0,in,203,48.190201,48.270199,tangled,a
JF68DEP64_mono,JF68DEP64_mono_0180,AH,598,0.050003000000003794,48.270199,48.320202,N,P,0,0,a,204,48.270199,48.320202,in,power
JF68DEP64_mono,JF68DEP64_mono_0181,AW,600,0.07999799999999624,48.4202,48.500198,P,ER0,0,1,power,205,48.320202,48.5802,a,-
JF68DEP64_mono,JF68DEP64_mono_0182,ER,601,0.08000200000000035,48.500198,48.5802,AW1,-,0,0,power,205,48.320202,48.5802,a,-
JF68DEP64_mono,JF68DEP64_mono_0183,AY,604,0.030003000000000668,48.660198,48.690201,L,N,0,1,line,207,48.610199,48.780201,-,-
JF68DEP64_mono,--,IH,608,0.029998999999996556,49.5242,49.554199,W,R,1,1,weird,209,49.454201,49.634201,-,morning
JF68DEP64_mono,JF68DEP64_mono_0184,AO,612,0.05999700000000274,49.704201,49.764198,M,R,0,1,morning,210,49.634201,49.944199,weird,-
JF68DEP64_mono,--,IH,615,0.029998999999996556,49.8442,49.874199,N,NG,1,0,morning,210,49.634201,49.944199,weird,-
JF68DEP64_mono,JF68DEP64_mono_0185,AH,619,0.030003000000000668,50.384899,50.414902,B,T,0,1,but,212,50.3549,50.444901,-,-
JF68DEP64_mono,JF68DEP64_mono_0186,AA,622,0.08000200000000035,50.474899,50.554901,-,N,0,1,honestly,214,50.474899,50.9249,-,-
JF68DEP64_mono,--,AH,624,0.029998999999996556,50.6049,50.634899,N,S,1,0,honestly,214,50.474899,50.9249,-,-
JF68DEP64_mono,JF68DEP64_mono_0187,IY,627,0.13000100000000003,50.794899,50.9249,L,-,0,0,honestly,214,50.474899,50.9249,-,-
JF68DEP64_mono,JF68DEP64_mono_0188,AA,630,0.06999900000000281,51.340199,51.410198,N,T,0,1,not,216,51.260201,51.4702,-,the
JF68DEP64_mono,JF68DEP64_mono_0189,AH,633,0.03999999999999915,51.510201,51.550201,DH,W,0,1,the,217,51.4702,51.550201,not,worst
JF68DEP64_mono,JF68DEP64_mono_0190,ER,635,0.07999799999999624,51.640202,51.7202,W,S,0,1,worst,218,51.550201,51.960201,the,-
LADEEDOOD_mono,LADEEDOOD_mono_0001,OW,3,0.03999999999999959,2.1331,2.1731,S,DH,0,1,so,2,2.0231,2.1731,-,this
LADEEDOOD_mono,LADEEDOOD_mono_0002,IH,5,0.040000000000000036,2.2031,2.2431,DH,S,0,1,this,3,2.1731,2.3431,so,morning
LADEEDOOD_mono,LADEEDOOD_mono_0003,AO,8,0.06999999999999984,2.3831,2.4531,M,R,0,1,morning,4,2.3431,2.7131,this,-
LADEEDOOD_mono,LADEEDOOD_mono_0004,IH,11,0.08000000000000007,2.5231,2.6031,N,NG,0,0,morning,4,2.3431,2.7131,this,-
LADEEDOOD_mono,--,AY,14,0.029999999999999805,2.7845,2.8145,-,W,1,1,i,6,2.7845,2.8145,-,woke
LADEEDOOD_mono,LADEEDOOD_mono_0005,OW,16,0.06000000000000005,2.8945,2.9545,W,K,0,1,woke,7,2.8145,2.9945,i,up
LADEEDOOD_mono,LADEEDOOD_mono_0006,AH,18,0.040000000000000036,2.9945,3.0345,K,P,0,1,up,8,2.9945,3.1245,woke,late
LADEEDOOD_mono,LADEEDOOD_mono_0007,EY,21,0.10999999999999988,3.2245,3.3345,L,T,0,1,late,9,3.1245,3.3645,up,-
LADEEDOOD_mono,LADEEDOOD_mono_0008,AE,24,0.03000000000000025,3.3945,3.4245,-,N,0,1,and,11,3.3945,3.4845,-,immediately
LADEEDOOD_mono,--,IH,27,0.029999999999999805,3.4845,3.5145,D,M,1,0,immediately,12,3.4845,3.8745,and,stubbed
LADEEDOOD_mono,LADEEDOOD_mono_0009,IY,29,0.040000000000000036,3.6045,3.6445,M,D,0,1,immediately,12,3.4845,3.8745,and,stubbed
LADEEDOOD_mono,--,IY,31,0.029999999999999805,3.6745,3.7045,D,AH0,1,0,immediately,12,3.4845,3.8745,and,stubbed
LADEEDOOD_mono,LADEEDOOD_mono_0010,AH,32,0.03000000000000025,3.7045,3.7345,IY0,T,0,0,immediately,12,3.4845,3.8745,and,stubbed
LADEEDOOD_mono,LADEEDOOD_mono_0011,IY,35,0.07999999999999963,3.7945,3.8745,L,S,0,0,immediately,12,3.4845,3.8745,and,stubbed
LADEEDOOD_mono,LADEEDOOD_mono_0012,AH,38,0.07000000000000028,4.0945,4.1645,T,B,0,1,stubbed,13,3.8745,4.2245,immediately,my
LADEEDOOD_mono,LADEEDOOD_mono_0013,AY,42,0.07000000000000028,4.2745,4.3445,M,T,0,1,my,14,4.2245,4.3445,stubbed,toe
LADEEDOOD_mono,LADEEDOOD_mono_0014,OW,44,0.10999999999999943,4.5045,4.6145,T,AA1,0,1,toe,15,4.3445,4.6145,my,on
LADEEDOOD_mono,LADEEDOOD_mono_0015,AA,45,0.040000000000000036,4.6145,4.6545,OW1,N,0,1,on,16,4.6145,4.6945,toe,the
LADEEDOOD_mono,LADEEDOOD_mono_0016,AH,48,0.03000000000000025,4.7245,4.7545,DH,D,0,0,the,17,4.6945,4.7545,on,dresser
LADEEDOOD_mono,LADEEDOOD_mono_0017,EH,51,0.04999999999999982,4.8745,4.9245,R,S,0,1,dresser,18,4.7545,5.1945,the,-
LADEEDOOD_mono,LADEEDOOD_mono_0018,ER,53,0.15999999999999925,5.0345,5.1945,S,-,0,0,dresser,18,4.7545,5.1945,the,-
LADEEDOOD_mono,LADEEDOOD_mono_0019,EY,57,0.07000000000000028,5.552,5.622,R,T,0,1,great,20,5.492,5.672,-,start
LADEEDOOD_mono,LADEEDOOD_mono_0020,AA,61,0.040000000000000036,5.792,5.832,T,R,0,1,start,21,5.672,5.972,great,right
LADEEDOOD_mono,LADEEDOOD_mono_0021,AY,65,0.1299999999999999,6.002,6.132,R,T,0,1,right,22,5.972,6.162,start,-
LADEEDOOD_mono,LADEEDOOD_mono_0022,AY,68,0.0699999999999994,6.6576,6.7276,-,G,0,1,i,24,6.6576,6.7276,-,grumbled
LADEEDOOD_mono,LADEEDOOD_mono_0023,AH,71,0.040000000000000036,6.8376,6.8776,R,M,0,1,grumbled,25,6.7276,7.0676,i,something
LADEEDOOD_mono,--,AH,74,0.009999999999999787,6.9676,6.9776,B,L,1,0,grumbled,25,6.7276,7.0676,i,something
LADEEDOOD_mono,LADEEDOOD_mono_0024,AH,78,0.03000000000000025,7.1276,7.1576,S,M,0,1,something,26,7.0676,7.2876,grumbled,half
LADEEDOOD_mono,LADEEDOOD_mono_0025,IH,81,0.040000000000000036,7.2176,7.2576,TH,NG,0,0,something,26,7.0676,7.2876,grumbled,half
LADEEDOOD_mono,LADEEDOOD_mono_0026,AE,84,0.05999999999999961,7.3676,7.4276,HH,F,0,1,half,27,7.2876,7.4976,something,conscious
LADEEDOOD_mono,LADEEDOOD_mono_0027,AA,87,0.07000000000000028,7.5576,7.6276,K,N,0,1,conscious,28,7.4976,7.9076,half,-
LADEEDOOD_mono,LADEEDOOD_mono_0028,AH,90,0.08000000000000007,7.7476,7.8276,SH,S,0,0,conscious,28,7.4976,7.9076,half,-
LADEEDOOD_mono,LADEEDOOD_mono_0029,AE,95,0.0600000000000005,8.2509,8.3109,R,B,0,1,grabbed,30,8.1809,8.4009,-,whatever
LADEEDOOD_mono,LADEEDOOD_mono_0030,AH,99,0.07000000000000028,8.4409,8.5109,W,T,0,2,whatever,31,8.4009,8.7109,grabbed,shirt
LADEEDOOD_mono,LADEEDOOD_mono_0031,EH,101,0.08000000000000007,8.5409,8.6209,T,V,0,1,whatever,31,8.4009,8.7109,grabbed,shirt
LADEEDOOD_mono,LADEEDOOD_mono_0032,ER,103,0.040000000000000924,8.6709,8.7109,V,SH,0,0,whatever,31,8.4009,8.7109,grabbed,shirt
LADEEDOOD_mono,LADEEDOOD_mono_0033,ER,105,0.040000000000000924,8.8209,8.8609,SH,T,0,1,shirt,32,8.7109,8.9109,whatever,looked
LADEEDOOD_mono,LADEEDOOD_mono_0034,UH,108,0.030000000000001137,8.9409,8.9709,L,K,0,1,looked,33,8.9109,9.0709,shirt,cleanish
LADEEDOOD_mono,LADEEDOOD_mono_0035,AH,112,0.030000000000001137,9.4409,9.4709,spn,N,0,0,and,35,9.4409,9.5309,cleanish,headed
LADEEDOOD_mono,--,EH,116,0.02999999999999936,9.5609,9.5909,HH,D,1,1,headed,36,9.5309,9.7609,and,out
LADEEDOOD_mono,LADEEDOOD_mono_0036,IH,118,0.05000000000000071,9.6509,9.7009,D,D,0,0,headed,36,9.5309,9.7609,and,out
LADEEDOOD_mono,LADEEDOOD_mono_0037,AW,120,0.10000000000000142,9.7609,9.8609,D,T,0,1,out,37,9.7609,9.8941,headed,-
LADEEDOOD_mono,LADEEDOOD_mono_0038,AH,124,0.030000000000001137,10.4902,10.5202,DH,S,0,0,the,39,10.4602,10.5202,-,sky
LADEEDOOD_mono,LADEEDOOD_mono_0039,AY,127,0.08000000000000007,10.6402,10.7202,K,L,0,1,sky,40,10.5202,10.7202,the,looked
LADEEDOOD_mono,LADEEDOOD_mono_0040,UH,129,0.049999999999998934,10.7902,10.8402,L,K,0,1,looked,41,10.7202,10.9802,sky,weird
LADEEDOOD_mono,LADEEDOOD_mono_0041,IH,133,0.05999999999999872,11.0202,11.0802,W,R,0,1,weird,42,10.9802,11.3402,looked,-
LADEEDOOD_mono,LADEEDOOD_mono_0042,AY,138,0.030000000000001137,11.4331,11.4631,L,K,0,1,like,44,11.4031,11.4931,-,that
LADEEDOOD_mono,LADEEDOOD_mono_0043,AE,141,0.030000000000001137,11.5231,11.5531,DH,T,0,1,that,45,11.4931,11.6031,like,shade
LADEEDOOD_mono,LADEEDOOD_mono_0044,EY,144,0.0600000000000005,11.6931,11.7531,SH,D,0,1,shade,46,11.6031,11.7831,that,of
LADEEDOOD_mono,LADEEDOOD_mono_0045,AH,146,0.030000000000001137,11.7831,11.8131,D,V,0,0,of,47,11.7831,11.8931,shade,blue
LADEEDOOD_mono,LADEEDOOD_mono_0046,UW,150,0.07000000000000028,11.9731,12.0431,L,G,0,1,blue,48,11.8931,12.0431,of,gray
LADEEDOOD_mono,LADEEDOOD_mono_0047,EY,153,0.16999999999999993,12.1831,12.3531,R,DH,0,1,gray,49,12.0431,12.3531,blue,that
LADEEDOOD_mono,LADEEDOOD_mono_0048,AE,155,0.049999999999998934,12.3831,12.4331,DH,T,0,1,that,50,12.3531,12.463099,gray,makes
LADEEDOOD_mono,LADEEDOOD_mono_0049,EY,158,0.0600000000000005,12.5031,12.5631,M,K,0,1,makes,51,12.463099,12.6631,that,you
LADEEDOOD_mono,LADEEDOOD_mono_0050,UW,162,0.030000000000001137,12.6931,12.7231,Y,K,0,1,you,52,12.6631,12.7231,makes,question
LADEEDOOD_mono,LADEEDOOD_mono_0051,EH,165,0.040000000000000924,12.8331,12.8731,W,SH,0,1,question,53,12.7231,13.0531,you,if
LADEEDOOD_mono,--,AH,167,0.02999999999999936,12.9931,13.0231,SH,N,1,0,question,53,12.7231,13.0531,you,if
LADEEDOOD_mono,LADEEDOOD_mono_0052,IH,169,0.049999999999998934,13.0531,13.1031,N,F,0,1,if,54,13.0531,13.1431,question,it's
LADEEDOOD_mono,--,IH,171,0.02999999999999936,13.1431,13.1731,F,T,1,0,it's,55,13.1431,13.2331,if,about
LADEEDOOD_mono,--,AH,174,0.02999999999999936,13.2331,13.2631,S,B,1,0,about,56,13.2331,13.4231,it's,to
LADEEDOOD_mono,LADEEDOOD_mono_0053,AW,176,0.05999999999999872,13.3031,13.3631,B,T,0,1,about,56,13.2331,13.4231,it's,to
LADEEDOOD_mono,LADEEDOOD_mono_0054,UW,179,0.030000000000001137,13.5131,13.5431,T,R,0,1,to,57,13.4231,13.5431,about,rain
LADEEDOOD_mono,LADEEDOOD_mono_0055,EY,181,0.05000000000000071,13.5731,13.6231,R,N,0,1,rain,58,13.5431,13.6531,to,or
LADEEDOOD_mono,LADEEDOOD_mono_0056,ER,183,0.07000000000000028,13.6531,13.7231,N,N,0,0,or,59,13.6531,13.7231,rain,not
LADEEDOOD_mono,LADEEDOOD_mono_0057,AA,185,0.0600000000000005,13.7731,13.8331,N,T,0,1,not,60,13.7231,13.8828,or,-
LADEEDOOD_mono,LADEEDOOD_mono_0058,AY,188,0.05999999999999872,14.5637,14.6237,-,S,0,1,i,62,14.5637,14.6237,-,stopped
LADEEDOOD_mono,LADEEDOOD_mono_0059,AA,191,0.08000000000000007,14.7537,14.8337,T,P,0,1,stopped,63,14.6237,14.8737,i,by
LADEEDOOD_mono,LADEEDOOD_mono_0060,AY,195,0.049999999999998934,14.9037,14.9537,B,DH,0,1,by,64,14.8737,14.9537,stopped,the
LADEEDOOD_mono,LADEEDOOD_mono_0061,AH,197,0.05999999999999872,14.9937,15.0537,DH,K,0,0,the,65,14.9537,15.0537,by,corner
LADEEDOOD_mono,--,AO,199,0.02999999999999936,15.1737,15.2037,K,R,1,1,corner,66,15.0537,15.3437,the,store
LADEEDOOD_mono,LADEEDOOD_mono_0062,ER,202,0.08000000000000007,15.2637,15.3437,N,S,0,0,corner,66,15.0537,15.3437,the,store
LADEEDOOD_mono,LADEEDOOD_mono_0063,AO,205,0.11999999999999922,15.5137,15.6337,T,R,0,1,store,67,15.3437,15.8137,corner,-
LADEEDOOD_mono,LADEEDOOD_mono_0064,UW,209,0.4599989999999998,16.293301,16.7533,T,-,0,1,to,69,16.1933,16.7533,-,-
LADEEDOOD_mono,LADEEDOOD_mono_0065,AE,213,0.10999799999999738,16.873301,16.983299,R,B,0,1,grab,71,16.7833,17.0833,-,a
LADEEDOOD_mono,LADEEDOOD_mono_0066,AH,215,0.050000999999998186,17.0833,17.133301,B,T,0,0,a,72,17.0833,17.133301,grab,toasted
LADEEDOOD_mono,LADEEDOOD_mono_0067,OW,217,0.030000999999998612,17.243299,17.2733,T,S,0,1,toasted,73,17.133301,17.4233,a,bagel
LADEEDOOD_mono,--,IH,220,0.02999900000000011,17.3633,17.393299,T,D,1,0,toasted,73,17.133301,17.4233,a,bagel
LADEEDOOD_mono,LADEEDOOD_mono_0068,EY,223,0.11999899999999997,17.463301,17.5833,B,G,0,1,bagel,74,17.4233,17.723299,toasted,and
LADEEDOOD_mono,LADEEDOOD_mono_0069,AH,225,0.05999899999999769,17.623301,17.6833,G,L,0,0,bagel,74,17.4233,17.723299,toasted,and
LADEEDOOD_mono,LADEEDOOD_mono_0070,AH,227,0.040001000000000175,17.723299,17.7633,L,N,0,0,and,75,17.723299,17.823299,bagel,orange
LADEEDOOD_mono,LADEEDOOD_mono_0071,AO,230,0.08000000000000185,17.823299,17.903299,D,R,0,1,orange,76,17.823299,18.053301,and,juice
LADEEDOOD_mono,--,AH,232,0.02999900000000011,17.9433,17.973299,R,N,1,0,orange,76,17.823299,18.053301,and,juice
LADEEDOOD_mono,LADEEDOOD_mono_0072,UW,236,0.08999999999999986,18.123301,18.213301,JH,S,0,1,juice,77,18.053301,18.3533,orange,-
LADEEDOOD_mono,LADEEDOOD_mono_0073,AH,240,0.03999999999999915,18.539,18.579,B,T,0,1,but,79,18.499001,18.608999,-,they
LADEEDOOD_mono,LADEEDOOD_mono_0074,EY,243,0.040001000000000175,18.639,18.679001,DH,W,0,1,they,80,18.608999,18.679001,but,were
LADEEDOOD_mono,LADEEDOOD_mono_0075,ER,245,0.05000100000000174,18.709,18.759001,W,AW1,0,0,were,81,18.679001,18.759001,they,out
LADEEDOOD_mono,LADEEDOOD_mono_0076,AW,246,0.05999899999999769,18.759001,18.819,ER0,T,0,1,out,82,18.759001,18.849001,were,of
LADEEDOOD_mono,--,AH,248,0.02999900000000011,18.849001,18.879,T,V,1,0,of,83,18.849001,18.959,out,both
LADEEDOOD_mono,LADEEDOOD_mono_0077,OW,251,0.11999799999999894,18.999001,19.118999,B,TH,0,1,both,84,18.959,19.229,of,-
LADEEDOOD_mono,LADEEDOOD_mono_0078,IY,255,0.040001000000000175,19.710899,19.7509,DH,K,0,0,the,86,19.6609,19.7509,-,cashier
LADEEDOOD_mono,LADEEDOOD_mono_0079,AE,257,0.09000099999999733,19.8409,19.930901,K,SH,0,0,cashier,87,19.7509,20.110901,the,joked
LADEEDOOD_mono,LADEEDOOD_mono_0080,IH,259,0.030000000000001137,20.0509,20.0809,SH,R,0,1,cashier,87,19.7509,20.110901,the,joked
LADEEDOOD_mono,LADEEDOOD_mono_0081,OW,262,0.10999999999999943,20.2209,20.3309,JH,K,0,1,joked,88,20.110901,20.4909,cashier,-
LADEEDOOD_mono,LADEEDOOD_mono_0082,IH,266,0.07000199999999879,20.620899,20.690901,-,T,0,1,it's,90,20.620899,20.8209,-,monday
LADEEDOOD_mono,LADEEDOOD_mono_0083,AH,270,0.059999000000001246,20.850901,20.9109,M,N,0,1,monday,91,20.8209,21.0709,it's,energy
LADEEDOOD_mono,LADEEDOOD_mono_0084,EY,273,0.060000000000002274,21.0109,21.0709,D,EH1,0,2,monday,91,20.8209,21.0709,it's,energy
LADEEDOOD_mono,LADEEDOOD_mono_0085,EH,274,0.06999999999999673,21.0709,21.1409,EY2,N,0,1,energy,92,21.0709,21.430901,monday,-
LADEEDOOD_mono,LADEEDOOD_mono_0086,ER,276,0.05000000000000071,21.1709,21.2209,N,JH,0,0,energy,92,21.0709,21.430901,monday,-
LADEEDOOD_mono,LADEEDOOD_mono_0087,IY,278,0.0799999999999983,21.350901,21.430901,JH,-,0,0,energy,92,21.0709,21.430901,monday,-
LADEEDOOD_mono,--,AY,280,0.02999900000000011,21.792101,21.8221,-,HH,1,1,i,94,21.792101,21.8221,-,half
LADEEDOOD_mono,LADEEDOOD_mono_0088,AE,282,0.1000009999999989,21.882099,21.9821,HH,F,0,1,half,95,21.8221,22.1021,i,laughed
LADEEDOOD_mono,LADEEDOOD_mono_0089,AE,285,0.1100009999999969,22.142099,22.2521,L,F,0,1,laughed,96,22.1021,22.382099,half,because
LADEEDOOD_mono,LADEEDOOD_mono_0090,IH,289,0.040001000000000175,22.4121,22.452101,B,K,0,0,because,97,22.382099,22.6721,laughed,yeah
LADEEDOOD_mono,LADEEDOOD_mono_0091,AH,291,0.08999999999999986,22.4921,22.5821,K,Z,0,0,because,97,22.382099,22.6721,laughed,yeah
LADEEDOOD_mono,LADEEDOOD_mono_0092,AE,294,0.13000100000000003,22.722099,22.8521,Y,-,0,1,yeah,98,22.6721,22.8521,because,-
LADEEDOOD_mono,LADEEDOOD_mono_0093,UW,298,0.12999900000000153,23.2621,23.392099,R,-,0,1,true,100,23.122101,23.392099,-,-
LADEEDOOD_mono,LADEEDOOD_mono_0094,AY,300,0.030000000000001137,23.9611,23.9911,-,T,0,1,i,102,23.9611,23.9911,-,took
LADEEDOOD_mono,LADEEDOOD_mono_0095,UH,302,0.050000999999998186,24.0411,24.091101,T,K,0,1,took,103,23.9911,24.1311,i,a
LADEEDOOD_mono,LADEEDOOD_mono_0096,AH,304,0.05000100000000174,24.1311,24.181101,K,S,0,0,a,104,24.1311,24.181101,took,seat
LADEEDOOD_mono,LADEEDOOD_mono_0097,IY,306,0.10000000000000142,24.2911,24.3911,S,T,0,1,seat,105,24.181101,24.431101,a,near
LADEEDOOD_mono,LADEEDOOD_mono_0098,IH,309,0.05000100000000174,24.4611,24.511101,N,R,0,1,near,106,24.431101,24.5411,seat,the
LADEEDOOD_mono,LADEEDOOD_mono_0099,AH,312,0.03999900000000167,24.5811,24.621099,DH,W,0,0,the,107,24.5411,24.621099,near,window
LADEEDOOD_mono,LADEEDOOD_mono_0100,IH,314,0.030000999999998612,24.691099,24.7211,W,N,0,1,window,108,24.621099,25.031099,the,-
LADEEDOOD_mono,LADEEDOOD_mono_0101,OW,317,0.19999900000000181,24.8311,25.031099,D,-,0,0,window,108,24.621099,25.031099,the,-
LADEEDOOD_mono,LADEEDOOD_mono_0102,OW,322,0.040001000000000175,25.281099,25.3211,R,L,0,1,scrolled,110,25.0611,25.3811,-,through
LADEEDOOD_mono,LADEEDOOD_mono_0103,UW,327,0.030000999999998612,25.441099,25.4711,R,M,0,1,through,111,25.3811,25.4711,scrolled,my
LADEEDOOD_mono,--,AY,329,0.029998000000002634,25.501101,25.531099,M,F,1,1,my,112,25.4711,25.531099,through,phone
LADEEDOOD_mono,LADEEDOOD_mono_0104,OW,331,0.1499990000000011,25.6311,25.781099,F,N,0,1,phone,113,25.531099,25.841101,my,and
LADEEDOOD_mono,LADEEDOOD_mono_0105,AH,333,0.049999000000003235,25.841101,25.8911,N,N,0,0,and,114,25.841101,25.951099,phone,h
LADEEDOOD_mono,LADEEDOOD_mono_0106,EY,336,0.030001000000002165,25.951099,25.9811,D,CH,0,1,h,115,25.951099,26.011101,and,overheard
LADEEDOOD_mono,--,OW,338,0.02999900000000011,26.011101,26.0411,CH,V,1,1,overheard,116,26.011101,26.4011,h,someone
LADEEDOOD_mono,LADEEDOOD_mono_0107,ER,340,0.1000009999999989,26.111099,26.2111,V,HH,0,0,overheard,116,26.011101,26.4011,h,someone
LADEEDOOD_mono,LADEEDOOD_mono_0108,ER,342,0.08000200000000035,26.271099,26.351101,HH,D,0,1,overheard,116,26.011101,26.4011,h,someone
LADEEDOOD_mono,--,AH,345,0.02999900000000011,26.4911,26.521099,S,M,1,1,someone,117,26.4011,26.6611,overheard,say
LADEEDOOD_mono,--,AH,348,0.02999900000000011,26.5811,26.611099,W,N,1,2,someone,117,26.4011,26.6611,overheard,say
LADEEDOOD_mono,LADEEDOOD_mono_0109,EY,351,0.22999900000000295,26.751101,26.9811,S,-,0,1,say,118,26.6611,26.9811,someone,-
LADEEDOOD_mono,LADEEDOOD_mono_0110,AH,354,0.04999999999999716,27.6793,27.7293,DH,JH,0,0,the,120,27.629299,27.7293,-,giraffe
LADEEDOOD_mono,LADEEDOOD_mono_0111,ER,356,0.040001000000000175,27.799299,27.8393,JH,AE1,0,0,giraffe,121,27.7293,28.039301,the,exhibit
LADEEDOOD_mono,LADEEDOOD_mono_0112,AE,357,0.0799999999999983,27.8393,27.9193,ER0,F,0,1,giraffe,121,27.7293,28.039301,the,exhibit
LADEEDOOD_mono,LADEEDOOD_mono_0113,IH,359,0.03999900000000167,28.039301,28.0793,F,G,0,0,exhibit,122,28.039301,28.439301,giraffe,-
LADEEDOOD_mono,LADEEDOOD_mono_0114,IH,362,0.05000100000000174,28.219299,28.2693,Z,B,0,1,exhibit,122,28.039301,28.439301,giraffe,-
LADEEDOOD_mono,LADEEDOOD_mono_0115,IH,364,0.05999999999999872,28.3393,28.3993,B,T,0,0,exhibit,122,28.039301,28.439301,giraffe,-
LADEEDOOD_mono,LADEEDOOD_mono_0116,OW,367,0.07999900000000082,28.4793,28.559299,-,P,0,1,opens,124,28.4793,28.779301,-,at
LADEEDOOD_mono,--,AH,369,0.02999900000000011,28.619301,28.6493,P,N,1,0,opens,124,28.4793,28.779301,-,at
LADEEDOOD_mono,LADEEDOOD_mono_0117,AE,372,0.06999899999999926,28.779301,28.8493,Z,T,0,1,at,125,28.779301,28.879299,opens,noon
LADEEDOOD_mono,LADEEDOOD_mono_0118,UW,375,0.16000000000000014,28.9193,29.0793,N,N,0,1,noon,126,28.879299,29.139299,at,-
LADEEDOOD_mono,LADEEDOOD_mono_0119,IH,379,0.030001000000002165,29.4748,29.504801,W,CH,0,1,which,128,29.444799,29.584801,-,felt
LADEEDOOD_mono,LADEEDOOD_mono_0120,EH,382,0.030000000000001137,29.6248,29.6548,F,L,0,1,felt,129,29.584801,29.8148,which,-
LADEEDOOD_mono,LADEEDOOD_mono_0121,AA,386,0.10999799999999738,30.024401,30.134399,-,D,0,1,oddly,131,30.024401,30.2344,-,profound
LADEEDOOD_mono,LADEEDOOD_mono_0122,IY,389,0.03999900000000167,30.194401,30.2344,L,P,0,0,oddly,131,30.024401,30.2344,-,profound
LADEEDOOD_mono,LADEEDOOD_mono_0123,OW,392,0.030000000000001137,30.3144,30.3444,R,F,0,0,profound,132,30.2344,30.5644,oddly,at
LADEEDOOD_mono,LADEEDOOD_mono_0124,AW,394,0.07000000000000028,30.4244,30.4944,F,N,0,1,profound,132,30.2344,30.5644,oddly,at
LADEEDOOD_mono,--,AE,397,0.010000000000001563,30.5644,30.5744,D,T,1,1,at,133,30.5644,30.604401,profound,the
LADEEDOOD_mono,LADEEDOOD_mono_0125,AH,400,0.030001000000002165,30.634399,30.6644,DH,T,0,0,the,134,30.604401,30.6644,at,time
LADEEDOOD_mono,LADEEDOOD_mono_0126,AY,402,0.08000000000000185,30.784401,30.864401,T,M,0,1,time,135,30.6644,30.934401,the,-
LADEEDOOD_mono,LADEEDOOD_mono_0127,AE,405,0.06000099999999975,31.580799,31.6408,-,F,0,1,after,137,31.580799,31.760799,-,a
LADEEDOOD_mono,--,ER,408,0.02999799999999908,31.730801,31.760799,T,AH0,1,0,after,137,31.580799,31.760799,-,a
LADEEDOOD_mono,LADEEDOOD_mono_0128,AH,409,0.030001000000002165,31.760799,31.7908,ER0,F,0,0,a,138,31.760799,31.7908,after,few
LADEEDOOD_mono,LADEEDOOD_mono_0129,UW,412,0.04999899999999968,31.910801,31.9608,Y,B,0,1,few,139,31.7908,31.9608,a,bites
LADEEDOOD_mono,LADEEDOOD_mono_0130,AY,414,0.10000199999999637,32.040798,32.1408,B,T,0,1,bites,140,31.9608,32.220798,few,of
LADEEDOOD_mono,LADEEDOOD_mono_0131,AH,417,0.030003000000000668,32.220798,32.250801,S,V,0,0,of,141,32.220798,32.2808,bites,something
LADEEDOOD_mono,LADEEDOOD_mono_0132,AH,420,0.06000099999999975,32.3508,32.410801,S,M,0,1,something,142,32.2808,32.590801,of,vaguely
LADEEDOOD_mono,LADEEDOOD_mono_0133,IH,423,0.05000400000000127,32.470798,32.520802,TH,NG,0,0,something,142,32.2808,32.590801,of,vaguely
LADEEDOOD_mono,LADEEDOOD_mono_0134,EY,426,0.09000000000000341,32.630798,32.720798,V,G,0,1,vaguely,143,32.590801,32.930801,something,egg
LADEEDOOD_mono,LADEEDOOD_mono_0135,IY,429,0.08000100000000288,32.8508,32.930801,L,EH1,0,0,vaguely,143,32.590801,32.930801,something,egg
LADEEDOOD_mono,LADEEDOOD_mono_0136,EH,430,0.04999999999999716,32.930801,32.980801,IY0,G,0,1,egg,144,32.930801,33.0508,vaguely,shaped
LADEEDOOD_mono,LADEEDOOD_mono_0137,EY,433,0.09000000000000341,33.160801,33.250801,SH,P,0,1,shaped,145,33.0508,33.380798,egg,-
LADEEDOOD_mono,LADEEDOOD_mono_0138,AY,437,0.04000100000000373,33.410801,33.450802,-,W,0,1,i,147,33.410801,33.450802,-,wandered
LADEEDOOD_mono,--,AA,439,0.02999799999999908,33.520802,33.5508,W,N,1,1,wandered,148,33.450802,33.650799,i,to
LADEEDOOD_mono,--,ER,442,0.009999000000000535,33.6408,33.650799,D,T,1,0,wandered,148,33.450802,33.650799,i,to
LADEEDOOD_mono,LADEEDOOD_mono_0139,IH,444,0.039996999999999616,33.680801,33.720798,T,DH,0,0,to,149,33.650799,33.720798,wandered,the
LADEEDOOD_mono,--,AH,446,0.029998999999996556,33.750801,33.7808,DH,P,1,0,the,150,33.720798,33.7808,to,park
LADEEDOOD_mono,LADEEDOOD_mono_0140,AA,448,0.030002000000003193,33.900799,33.930801,P,R,0,1,park,151,33.7808,34.160801,the,-
LADEEDOOD_mono,LADEEDOOD_mono_0141,AH,452,0.039996999999999616,34.629002,34.668999,-,K,0,0,a,153,34.629002,34.668999,-,kid
LADEEDOOD_mono,LADEEDOOD_mono_0142,IH,454,0.07999799999999624,34.769001,34.848999,K,D,0,1,kid,154,34.668999,34.898998,a,zoomed
LADEEDOOD_mono,LADEEDOOD_mono_0143,UW,457,0.09000000000000341,34.999001,35.089001,Z,M,0,1,zoomed,155,34.898998,35.179001,kid,by
LADEEDOOD_mono,LADEEDOOD_mono_0144,AY,461,0.18999799999999567,35.219002,35.409,B,AA1,0,1,by,156,35.179001,35.409,zoomed,on
LADEEDOOD_mono,LADEEDOOD_mono_0145,AA,462,0.15000200000000063,35.409,35.559002,AY1,N,0,1,on,157,35.409,35.589001,by,a
LADEEDOOD_mono,--,AH,464,0.02999799999999908,35.589001,35.618999,N,S,1,0,a,158,35.589001,35.618999,on,scooter
LADEEDOOD_mono,LADEEDOOD_mono_0146,UW,467,0.04999899999999968,35.839001,35.889,K,T,0,1,scooter,159,35.618999,36.148998,a,-
LADEEDOOD_mono,LADEEDOOD_mono_0147,ER,469,0.21999699999999933,35.929001,36.148998,T,-,0,0,scooter,159,35.618999,36.148998,a,-
LADEEDOOD_mono,LADEEDOOD_mono_0148,EH,472,0.05000299999999669,36.238998,36.289001,Y,L,0,1,yelling,161,36.179001,36.539001,-,zoom
LADEEDOOD_mono,LADEEDOOD_mono_0149,IH,474,0.07000000000000028,36.348999,36.418999,L,NG,0,0,yelling,161,36.179001,36.539001,-,zoom
LADEEDOOD_mono,LADEEDOOD_mono_0150,UW,477,0.20999900000000338,36.629002,36.839001,Z,M,0,1,zoom,162,36.539001,37.008999,yelling,zoom
LADEEDOOD_mono,LADEEDOOD_mono_0151,UW,480,0.11999899999999997,37.109001,37.229,Z,M,0,1,zoom,163,37.008999,37.348999,zoom,-
LADEEDOOD_mono,LADEEDOOD_mono_0152,AY,484,0.039996999999999616,37.706402,37.746399,L,K,0,1,like,165,37.676399,37.776402,-,it
LADEEDOOD_mono,--,IH,486,0.02999799999999908,37.776402,37.8064,K,W,1,0,it,166,37.776402,37.8064,like,was
LADEEDOOD_mono,LADEEDOOD_mono_0153,AH,488,0.030002000000003193,37.816399,37.846401,W,Z,0,0,was,167,37.8064,37.886398,it,a
LADEEDOOD_mono,LADEEDOOD_mono_0154,AH,490,0.05000299999999669,37.886398,37.936401,Z,S,0,0,a,168,37.886398,37.936401,was,sound
LADEEDOOD_mono,LADEEDOOD_mono_0155,AW,492,0.09000100000000089,38.016399,38.1064,S,N,0,1,sound,169,37.936401,38.1464,a,effect
LADEEDOOD_mono,--,AH,495,0.02999900000000366,38.1464,38.176399,D,F,1,0,effect,170,38.1464,38.4464,sound,that
LADEEDOOD_mono,LADEEDOOD_mono_0156,EH,497,0.09999799999999937,38.2864,38.386398,F,K,0,1,effect,170,38.1464,38.4464,sound,that
LADEEDOOD_mono,LADEEDOOD_mono_0157,AH,501,0.04000099999999662,38.476398,38.516399,DH,S,0,0,that,171,38.4464,38.516399,effect,summoned
LADEEDOOD_mono,--,AH,503,0.02999900000000366,38.6264,38.656399,S,M,1,1,summoned,172,38.516399,38.7864,that,speed
LADEEDOOD_mono,--,AH,505,0.029998000000006186,38.6964,38.726398,M,N,1,0,summoned,172,38.516399,38.7864,that,speed
LADEEDOOD_mono,LADEEDOOD_mono_0158,IY,510,0.030001999999996087,38.906399,38.936401,P,D,0,1,speed,173,38.7864,39.1064,summoned,-
LADEEDOOD_mono,LADEEDOOD_mono_0159,AY,513,0.05999700000000274,39.608601,39.668598,-,S,0,1,i,175,39.608601,39.668598,-,sat
LADEEDOOD_mono,LADEEDOOD_mono_0160,AE,515,0.09000000000000341,39.788601,39.878601,S,T,0,1,sat,176,39.668598,39.9086,i,under
LADEEDOOD_mono,LADEEDOOD_mono_0161,AH,517,0.06000099999999975,39.9086,39.968601,T,N,0,1,under,177,39.9086,40.148602,sat,a
LADEEDOOD_mono,LADEEDOOD_mono_0162,ER,520,0.09000099999999378,40.058601,40.148602,D,AH0,0,0,under,177,39.9086,40.148602,sat,a
LADEEDOOD_mono,--,AH,521,0.029998000000006186,40.148602,40.1786,ER0,EH1,1,0,a,178,40.148602,40.1786,under,l
LADEEDOOD_mono,--,EH,522,0.029998999999996556,40.1786,40.208599,AH0,L,1,1,l,179,40.1786,40.298599,a,tree
LADEEDOOD_mono,LADEEDOOD_mono_0163,IY,526,0.21999699999999933,40.538601,40.758598,R,-,0,1,tree,180,40.298599,40.758598,l,-
LADEEDOOD_mono,LADEEDOOD_mono_0164,IH,529,0.04000099999999662,41.026001,41.066002,L,S,0,1,listened,182,40.995998,41.195999,-,to
LADEEDOOD_mono,LADEEDOOD_mono_0165,AH,531,0.030003000000000668,41.105999,41.136002,S,N,0,0,listened,182,40.995998,41.195999,-,to
LADEEDOOD_mono,--,AH,535,0.029998999999996556,41.226002,41.256001,T,DH,1,0,to,183,41.195999,41.256001,listened,the
LADEEDOOD_mono,LADEEDOOD_mono_0166,AH,537,0.04999899999999968,41.306,41.355999,DH,B,0,0,the,184,41.256001,41.355999,to,breeze
LADEEDOOD_mono,LADEEDOOD_mono_0167,IY,540,0.12999699999999592,41.526001,41.655998,R,Z,0,1,breeze,185,41.355999,41.765999,the,-
LADEEDOOD_mono,LADEEDOOD_mono_0168,AH,543,0.030003000000000668,41.855999,41.886002,-,N,0,0,and,187,41.855999,41.945999,-,watched
LADEEDOOD_mono,LADEEDOOD_mono_0169,AA,547,0.06000099999999975,42.006001,42.066002,W,CH,0,1,watched,188,41.945999,42.206001,and,a
LADEEDOOD_mono,LADEEDOOD_mono_0170,AH,550,0.039996999999999616,42.206001,42.245998,T,Y,0,0,a,189,42.206001,42.245998,watched,yellow
LADEEDOOD_mono,LADEEDOOD_mono_0171,EH,552,0.05999800000000022,42.366001,42.425999,Y,L,0,1,yellow,190,42.245998,42.646,a,-
LADEEDOOD_mono,LADEEDOOD_mono_0172,OW,554,0.1600000000000037,42.486,42.646,L,-,0,0,yellow,190,42.245998,42.646,a,-
LADEEDOOD_mono,--,AH,557,0.00999800000000306,42.814301,42.824299,B,L,1,0,balloon,192,42.784302,43.094299,-,get
LADEEDOOD_mono,LADEEDOOD_mono_0173,UW,559,0.07000000000000028,42.924301,42.994301,L,N,0,1,balloon,192,42.784302,43.094299,-,get
LADEEDOOD_mono,LADEEDOOD_mono_0174,IH,562,0.04999899999999968,43.174301,43.2243,G,T,0,1,get,193,43.094299,43.2743,balloon,tangled
LADEEDOOD_mono,--,AE,565,0.029998999999996556,43.3843,43.414299,T,NG,1,1,tangled,194,43.2743,43.644299,get,in
LADEEDOOD_mono,LADEEDOOD_mono_0175,AH,568,0.04000099999999662,43.504299,43.5443,G,L,0,0,tangled,194,43.2743,43.644299,get,in
LADEEDOOD_mono,LADEEDOOD_mono_0176,IH,571,0.030002000000003193,43.644299,43.674301,D,N,0,0,in,195,43.644299,43.7043,tangled,a
LADEEDOOD_mono,LADEEDOOD_mono_0177,AH,573,0.04000099999999662,43.7043,43.744301,N,P,0,0,a,196,43.7043,43.744301,in,power
LADEEDOOD_mono,LADEEDOOD_mono_0178,AW,575,0.09999799999999937,43.874302,43.9743,P,ER0,0,1,power,197,43.744301,44.004299,a,line
LADEEDOOD_mono,--,ER,576,0.02999900000000366,43.9743,44.004299,AW1,L,1,0,power,197,43.744301,44.004299,a,line
LADEEDOOD_mono,LADEEDOOD_mono_0179,AY,578,0.09000000000000341,44.0443,44.1343,L,N,0,1,line,198,44.004299,44.214298,power,-
LADEEDOOD_mono,LADEEDOOD_mono_0180,IH,582,0.04999999999999716,44.798,44.848,W,R,0,1,weird,200,44.768002,44.917999,-,morning
LADEEDOOD_mono,LADEEDOOD_mono_0181,AO,586,0.06000099999999975,44.987999,45.048,M,R,0,1,morning,201,44.917999,45.268002,weird,-
LADEEDOOD_mono,--,IH,589,0.02999900000000366,45.138,45.167999,N,NG,1,0,morning,201,44.917999,45.268002,weird,-
LADEEDOOD_mono,LADEEDOOD_mono_0182,AH,593,0.030003000000000668,45.622299,45.652302,B,AA1,0,1,but,203,45.5923,45.652302,-,honestly
LADEEDOOD_mono,LADEEDOOD_mono_0183,AA,594,0.06999900000000281,45.652302,45.722301,AH1,N,0,1,honestly,204,45.652302,46.102299,but,-
LADEEDOOD_mono,LADEEDOOD_mono_0184,AH,596,0.03999999999999915,45.762299,45.802299,N,S,0,0,honestly,204,45.652302,46.102299,but,-
LADEEDOOD_mono,LADEEDOOD_mono_0185,IY,599,0.14999800000000363,45.952301,46.102299,L,-,0,0,honestly,204,45.652302,46.102299,but,-
LADEEDOOD_mono,LADEEDOOD_mono_0186,AA,602,0.06000200000000433,46.2649,46.324902,N,T,0,1,not,206,46.234901,46.384899,-,the
LADEEDOOD_mono,LADEEDOOD_mono_0187,AH,605,0.05999700000000274,46.414902,46.474899,DH,W,0,0,the,207,46.384899,46.474899,not,worst
LADEEDOOD_mono,LADEEDOOD_mono_0188,ER,607,0.11999899999999997,46.5149,46.634899,W,S,0,1,worst,208,46.474899,46.8349,the,-
LSKDJOZKD_mono,LSKDJOZKD_mono_0001,OW,3,0.05999999999999961,4.3901,4.4501,S,DH,0,1,so,2,4.3201,4.4501,-,this
LSKDJOZKD_mono,LSKDJOZKD_mono_0002,IH,5,0.07000000000000028,4.4901,4.5601,DH,S,0,1,this,3,4.4501,4.7001,so,morning
LSKDJOZKD_mono,LSKDJOZKD_mono_0003,AO,8,0.0699999999999994,4.7301,4.8001,M,R,0,1,morning,4,4.7001,5.1201,this,-
LSKDJOZKD_mono,LSKDJOZKD_mono_0004,IH,11,0.05999999999999961,4.8901,4.9501,N,NG,0,0,morning,4,4.7001,5.1201,this,-
LSKDJOZKD_mono,LSKDJOZKD_mono_0005,AY,14,0.07999999999999918,5.3028,5.3828,-,W,0,1,i,6,5.3028,5.3828,-,woke
LSKDJOZKD_mono,LSKDJOZKD_mono_0006,OW,16,0.04999999999999982,5.4828,5.5328,W,K,0,1,woke,7,5.3828,5.6128,i,up
LSKDJOZKD_mono,LSKDJOZKD_mono_0007,AH,18,0.04999999999999982,5.6128,5.6628,K,P,0,1,up,8,5.6128,5.7628,woke,late
LSKDJOZKD_mono,LSKDJOZKD_mono_0008,EY,21,0.1200000000000001,5.8328,5.9528,L,T,0,1,late,9,5.7628,5.9828,up,-
LSKDJOZKD_mono,LSKDJOZKD_mono_0009,AH,24,0.040000000000000036,6.1255,6.1655,-,N,0,0,and,11,6.1255,6.2355,-,i
LSKDJOZKD_mono,LSKDJOZKD_mono_0010,AY,27,0.08999999999999986,6.2355,6.3255,D,IH0,0,1,i,12,6.2355,6.3255,and,immediately
LSKDJOZKD_mono,LSKDJOZKD_mono_0011,IH,28,0.040000000000000036,6.3255,6.3655,AY1,M,0,0,immediately,13,6.3255,6.7655,i,stubbed
LSKDJOZKD_mono,LSKDJOZKD_mono_0012,IY,30,0.040000000000000036,6.4755,6.5155,M,D,0,1,immediately,13,6.3255,6.7655,i,stubbed
LSKDJOZKD_mono,LSKDJOZKD_mono_0013,IY,32,0.03000000000000025,6.5755,6.6055,D,AH0,0,0,immediately,13,6.3255,6.7655,i,stubbed
LSKDJOZKD_mono,LSKDJOZKD_mono_0014,AH,33,0.03000000000000025,6.6055,6.6355,IY0,T,0,0,immediately,13,6.3255,6.7655,i,stubbed
LSKDJOZKD_mono,LSKDJOZKD_mono_0015,IY,36,0.05000000000000071,6.7155,6.7655,L,S,0,0,immediately,13,6.3255,6.7655,i,stubbed
LSKDJOZKD_mono,LSKDJOZKD_mono_0016,AH,39,0.040000000000000036,6.9155,6.9555,T,B,0,1,stubbed,14,6.7655,7.0155,immediately,my
LSKDJOZKD_mono,LSKDJOZKD_mono_0017,AY,43,0.07000000000000028,7.0455,7.1155,M,T,0,1,my,15,7.0155,7.1155,stubbed,toe
LSKDJOZKD_mono,LSKDJOZKD_mono_0018,OW,45,0.08000000000000007,7.2255,7.3055,T,AA1,0,1,toe,16,7.1155,7.3055,my,on
LSKDJOZKD_mono,--,AA,46,0.02999999999999936,7.3055,7.3355,OW1,N,1,1,on,17,7.3055,7.4055,toe,the
LSKDJOZKD_mono,LSKDJOZKD_mono_0019,AH,49,0.040000000000000036,7.4355,7.4755,DH,D,0,0,the,18,7.4055,7.4755,on,dresser
LSKDJOZKD_mono,LSKDJOZKD_mono_0020,EH,52,0.04999999999999982,7.6155,7.6655,R,S,0,1,dresser,19,7.4755,7.9355,the,-
LSKDJOZKD_mono,LSKDJOZKD_mono_0021,ER,54,0.15000000000000036,7.7855,7.9355,S,-,0,0,dresser,19,7.4755,7.9355,the,-
LSKDJOZKD_mono,LSKDJOZKD_mono_0022,EY,58,0.0600000000000005,8.2828,8.3428,R,T,0,1,great,21,8.1628,8.4028,-,start
LSKDJOZKD_mono,LSKDJOZKD_mono_0023,AA,62,0.08000000000000007,8.5328,8.6128,T,R,0,1,start,22,8.4028,8.8128,great,-
LSKDJOZKD_mono,LSKDJOZKD_mono_0024,AY,67,0.16999999999999993,8.9628,9.1328,R,T,0,1,right,24,8.8428,9.1628,-,-
LSKDJOZKD_mono,LSKDJOZKD_mono_0025,AY,70,0.0600000000000005,10.2019,10.2619,-,G,0,1,i,26,10.2019,10.2619,-,grumbled
LSKDJOZKD_mono,LSKDJOZKD_mono_0026,AH,73,0.0600000000000005,10.4119,10.4719,R,M,0,1,grumbled,27,10.2619,10.6419,i,something
LSKDJOZKD_mono,--,AH,76,0.009999999999999787,10.5419,10.5519,B,L,1,0,grumbled,27,10.2619,10.6419,i,something
LSKDJOZKD_mono,LSKDJOZKD_mono_0027,AH,80,0.049999999999998934,10.6819,10.7319,S,M,0,1,something,28,10.6419,10.9419,grumbled,was
LSKDJOZKD_mono,LSKDJOZKD_mono_0028,IH,83,0.05000000000000071,10.8319,10.8819,TH,NG,0,0,something,28,10.6419,10.9419,grumbled,was
LSKDJOZKD_mono,LSKDJOZKD_mono_0029,AH,86,0.05000000000000071,11.0019,11.0519,W,Z,0,0,was,29,10.9419,11.1219,something,half
LSKDJOZKD_mono,LSKDJOZKD_mono_0030,AE,89,0.0600000000000005,11.2219,11.2819,HH,F,0,1,half,30,11.1219,11.3719,was,conscious
LSKDJOZKD_mono,LSKDJOZKD_mono_0031,AA,92,0.09999999999999964,11.4519,11.5519,K,N,0,1,conscious,31,11.3719,12.1419,half,-
LSKDJOZKD_mono,LSKDJOZKD_mono_0032,AH,95,0.09999999999999964,11.6819,11.7819,SH,S,0,0,conscious,31,11.3719,12.1419,half,-
LSKDJOZKD_mono,LSKDJOZKD_mono_0033,AE,100,0.08999999999999986,12.6335,12.7235,R,B,0,1,grabbed,33,12.4735,12.7835,-,whatever
LSKDJOZKD_mono,LSKDJOZKD_mono_0034,AH,104,0.040000000000000924,12.8135,12.8535,W,T,0,2,whatever,34,12.7835,13.0635,grabbed,shirt
LSKDJOZKD_mono,LSKDJOZKD_mono_0035,EH,106,0.05000000000000071,12.8935,12.9435,T,V,0,1,whatever,34,12.7835,13.0635,grabbed,shirt
LSKDJOZKD_mono,LSKDJOZKD_mono_0036,ER,108,0.07000000000000028,12.9935,13.0635,V,SH,0,0,whatever,34,12.7835,13.0635,grabbed,shirt
LSKDJOZKD_mono,LSKDJOZKD_mono_0037,ER,110,0.10999999999999943,13.2135,13.3235,SH,T,0,1,shirt,35,13.0635,13.3735,whatever,was
LSKDJOZKD_mono,--,AH,113,0.02999999999999936,13.4235,13.4535,W,Z,1,0,was,36,13.3735,13.523499,shirt,<unk>
LSKDJOZKD_mono,LSKDJOZKD_mono_0038,AH,117,0.0600000000000005,14.1935,14.2535,-,N,0,0,and,39,14.1935,14.3235,-,headed
LSKDJOZKD_mono,--,EH,121,0.02999999999999936,14.4135,14.4435,HH,D,1,1,headed,40,14.3235,14.5935,and,out
LSKDJOZKD_mono,LSKDJOZKD_mono_0039,IH,123,0.05000000000000071,14.4835,14.5335,D,D,0,0,headed,40,14.3235,14.5935,and,out
LSKDJOZKD_mono,LSKDJOZKD_mono_0040,AW,125,0.10999999999999943,14.5935,14.7035,D,T,0,1,out,41,14.5935,14.8535,headed,-
LSKDJOZKD_mono,--,AH,129,0.02999999999999936,15.496,15.526,DH,S,1,0,the,43,15.456,15.526,-,sky
LSKDJOZKD_mono,LSKDJOZKD_mono_0041,AY,132,0.06999999999999851,15.646,15.716,K,L,0,1,sky,44,15.526,15.716,the,looked
LSKDJOZKD_mono,LSKDJOZKD_mono_0042,UH,134,0.040000000000000924,15.776,15.816,L,K,0,1,looked,45,15.716,15.886,sky,weird
LSKDJOZKD_mono,LSKDJOZKD_mono_0043,IH,138,0.08999999999999986,15.986,16.076,W,R,0,1,weird,46,15.886,16.256001,looked,-
LSKDJOZKD_mono,LSKDJOZKD_mono_0044,AY,143,0.030000999999998612,16.7584,16.788401,L,K,0,1,like,48,16.718399,16.8584,-,that
LSKDJOZKD_mono,LSKDJOZKD_mono_0045,AE,146,0.060001999999997224,16.898399,16.958401,DH,T,0,1,that,49,16.8584,17.0184,like,shade
LSKDJOZKD_mono,LSKDJOZKD_mono_0046,EY,149,0.060001999999997224,17.148399,17.208401,SH,D,0,1,shade,50,17.0184,17.2484,that,of
LSKDJOZKD_mono,LSKDJOZKD_mono_0047,AH,151,0.040001000000000175,17.2484,17.288401,D,V,0,0,of,51,17.2484,17.388399,shade,blue
LSKDJOZKD_mono,LSKDJOZKD_mono_0048,UW,155,0.12000099999999847,17.4984,17.618401,L,G,0,1,blue,52,17.388399,17.618401,of,gray
LSKDJOZKD_mono,LSKDJOZKD_mono_0049,EY,158,0.18999900000000025,17.7784,17.968399,R,DH,0,1,gray,53,17.618401,17.968399,blue,that
LSKDJOZKD_mono,--,AE,160,0.02999900000000011,18.0284,18.058399,DH,T,1,1,that,54,17.968399,18.1084,gray,makes
LSKDJOZKD_mono,LSKDJOZKD_mono_0050,EY,163,0.059999000000001246,18.1684,18.228399,M,K,0,1,makes,55,18.1084,18.3584,that,you
LSKDJOZKD_mono,LSKDJOZKD_mono_0051,UW,167,0.040001000000000175,18.388399,18.4284,Y,K,0,1,you,56,18.3584,18.4284,makes,question
LSKDJOZKD_mono,LSKDJOZKD_mono_0052,EH,170,0.05000100000000174,18.5784,18.628401,W,S,0,1,question,57,18.4284,18.878401,you,if
LSKDJOZKD_mono,LSKDJOZKD_mono_0053,AH,173,0.05999999999999872,18.7784,18.8384,CH,N,0,0,question,57,18.4284,18.878401,you,if
LSKDJOZKD_mono,LSKDJOZKD_mono_0054,IH,175,0.03999899999999812,18.878401,18.9184,N,F,0,1,if,58,18.878401,18.9884,question,it's
LSKDJOZKD_mono,LSKDJOZKD_mono_0055,IH,177,0.030000000000001137,18.9884,19.0184,F,T,0,0,it's,59,18.9884,19.0884,if,about
LSKDJOZKD_mono,LSKDJOZKD_mono_0056,AH,180,0.040001000000000175,19.0884,19.128401,S,B,0,0,about,60,19.0884,19.2784,it's,to
LSKDJOZKD_mono,LSKDJOZKD_mono_0057,AW,182,0.07000000000000028,19.1684,19.2384,B,T,0,1,about,60,19.0884,19.2784,it's,to
LSKDJOZKD_mono,LSKDJOZKD_mono_0058,UW,185,0.030000999999998612,19.3484,19.378401,T,R,0,1,to,61,19.2784,19.378401,about,rain
LSKDJOZKD_mono,LSKDJOZKD_mono_0059,EY,187,0.07000000000000028,19.4384,19.5084,R,N,0,1,rain,62,19.378401,19.558399,to,or
LSKDJOZKD_mono,LSKDJOZKD_mono_0060,ER,189,0.08999999999999986,19.558399,19.648399,N,N,0,0,or,63,19.558399,19.648399,rain,not
LSKDJOZKD_mono,LSKDJOZKD_mono_0061,AA,191,0.030000999999998612,19.6784,19.708401,N,T,0,1,not,64,19.648399,19.8484,or,-
LSKDJOZKD_mono,LSKDJOZKD_mono_0062,AY,194,0.030001000000002165,20.829399,20.8594,-,S,0,1,i,66,20.829399,20.8594,-,stopped
LSKDJOZKD_mono,LSKDJOZKD_mono_0063,AA,197,0.0799999999999983,20.999399,21.079399,T,P,0,1,stopped,67,20.8594,21.1394,i,by
LSKDJOZKD_mono,LSKDJOZKD_mono_0064,AY,201,0.05000100000000174,21.169399,21.2194,B,DH,0,1,by,68,21.1394,21.2194,stopped,the
LSKDJOZKD_mono,LSKDJOZKD_mono_0065,AH,203,0.040001000000000175,21.2794,21.319401,DH,K,0,0,the,69,21.2194,21.319401,by,corner
LSKDJOZKD_mono,LSKDJOZKD_mono_0066,AO,205,0.05000100000000174,21.419399,21.4694,K,R,0,1,corner,70,21.319401,21.5994,the,store
LSKDJOZKD_mono,LSKDJOZKD_mono_0067,ER,208,0.05999999999999872,21.5394,21.5994,N,S,0,0,corner,70,21.319401,21.5994,the,store
LSKDJOZKD_mono,LSKDJOZKD_mono_0068,AO,211,0.07000000000000028,21.7194,21.7894,T,R,0,1,store,71,21.5994,21.8594,corner,to
LSKDJOZKD_mono,LSKDJOZKD_mono_0069,AH,214,0.040001000000000175,21.9394,21.979401,T,G,0,0,to,72,21.8594,21.979401,store,grab
LSKDJOZKD_mono,LSKDJOZKD_mono_0070,AE,217,0.08999999999999986,22.1094,22.1994,R,B,0,1,grab,73,21.979401,22.249399,to,a
LSKDJOZKD_mono,LSKDJOZKD_mono_0071,AH,219,0.040001000000000175,22.249399,22.2894,B,T,0,0,a,74,22.249399,22.2894,grab,toasted
LSKDJOZKD_mono,LSKDJOZKD_mono_0072,OW,221,0.0799999999999983,22.399401,22.479401,T,S,0,1,toasted,75,22.2894,22.669399,a,bagel
LSKDJOZKD_mono,LSKDJOZKD_mono_0073,IH,224,0.030000000000001137,22.5994,22.6294,T,D,0,0,toasted,75,22.2894,22.669399,a,bagel
LSKDJOZKD_mono,LSKDJOZKD_mono_0074,EY,227,0.12999900000000153,22.7094,22.839399,B,G,0,1,bagel,76,22.669399,23.0725,toasted,-
LSKDJOZKD_mono,LSKDJOZKD_mono_0075,AH,229,0.05999999999999872,22.8794,22.9394,G,L,0,0,bagel,76,22.669399,23.0725,toasted,-
LSKDJOZKD_mono,LSKDJOZKD_mono_0076,AE,232,0.040001000000000175,23.422899,23.4629,-,N,0,1,and,78,23.422899,23.5229,-,orange
LSKDJOZKD_mono,LSKDJOZKD_mono_0077,AO,235,0.1400010000000016,23.5229,23.662901,D,R,0,1,orange,79,23.5229,23.8529,and,juice
LSKDJOZKD_mono,--,AH,237,0.029999999999997584,23.6929,23.7229,R,N,1,0,orange,79,23.5229,23.8529,and,juice
LSKDJOZKD_mono,LSKDJOZKD_mono_0078,UW,241,0.1099989999999984,23.912901,24.0229,JH,S,0,1,juice,80,23.8529,24.1029,orange,-
LSKDJOZKD_mono,LSKDJOZKD_mono_0079,AH,245,0.030000999999998612,24.2024,24.232401,B,T,0,1,but,82,24.1724,24.2624,-,they
LSKDJOZKD_mono,LSKDJOZKD_mono_0080,EY,248,0.03999899999999812,24.2924,24.332399,DH,W,0,1,they,83,24.2624,24.332399,but,were
LSKDJOZKD_mono,LSKDJOZKD_mono_0081,ER,250,0.060000000000002274,24.3724,24.4324,W,AW1,0,0,were,84,24.332399,24.4324,they,out
LSKDJOZKD_mono,LSKDJOZKD_mono_0082,AW,251,0.09999999999999787,24.4324,24.5324,ER0,T,0,1,out,85,24.4324,24.572399,were,of
LSKDJOZKD_mono,LSKDJOZKD_mono_0083,AH,253,0.030000999999998612,24.572399,24.6024,T,V,0,0,of,86,24.572399,24.652399,out,both
LSKDJOZKD_mono,LSKDJOZKD_mono_0084,OW,256,0.12999900000000153,24.6924,24.822399,B,TH,0,1,both,87,24.652399,24.8624,of,-
LSKDJOZKD_mono,--,AH,260,0.02999900000000011,25.7152,25.745199,DH,K,1,0,the,89,25.6852,25.745199,-,cashier
LSKDJOZKD_mono,LSKDJOZKD_mono_0085,AE,262,0.049999000000003235,25.815201,25.8652,K,SH,0,0,cashier,90,25.745199,26.075199,the,joked
LSKDJOZKD_mono,--,IH,264,0.02999900000000011,25.985201,26.0152,SH,R,1,1,cashier,90,25.745199,26.075199,the,joked
LSKDJOZKD_mono,LSKDJOZKD_mono_0086,OW,267,0.15999899999999911,26.1752,26.335199,JH,K,0,1,joked,91,26.075199,26.505199,cashier,-
LSKDJOZKD_mono,LSKDJOZKD_mono_0087,IH,271,0.07000000000000028,26.720501,26.790501,-,T,0,1,it's,93,26.720501,26.880501,-,monday
LSKDJOZKD_mono,LSKDJOZKD_mono_0088,AH,275,0.05999999999999872,26.9405,27.0005,M,N,0,1,monday,94,26.880501,27.2005,it's,energy
LSKDJOZKD_mono,LSKDJOZKD_mono_0089,EY,278,0.11000000000000298,27.0905,27.2005,D,EH1,0,2,monday,94,26.880501,27.2005,it's,energy
LSKDJOZKD_mono,LSKDJOZKD_mono_0090,EH,279,0.05999999999999872,27.2005,27.2605,EY2,N,0,1,energy,95,27.2005,27.630501,monday,-
LSKDJOZKD_mono,LSKDJOZKD_mono_0091,ER,281,0.06000200000000078,27.310499,27.370501,N,JH,0,0,energy,95,27.2005,27.630501,monday,-
LSKDJOZKD_mono,LSKDJOZKD_mono_0092,IY,283,0.15000200000000063,27.480499,27.630501,JH,-,0,0,energy,95,27.2005,27.630501,monday,-
LSKDJOZKD_mono,LSKDJOZKD_mono_0093,AE,285,0.18999799999999922,27.835501,28.025499,-,N,0,1,and,97,27.835501,28.165501,-,-
LSKDJOZKD_mono,LSKDJOZKD_mono_0094,AY,289,0.06000200000000078,28.569599,28.629601,-,HH,0,1,i,99,28.569599,28.629601,-,half
LSKDJOZKD_mono,LSKDJOZKD_mono_0095,AE,291,0.09000100000000089,28.7096,28.799601,HH,F,0,1,half,100,28.629601,28.889601,i,laughed
LSKDJOZKD_mono,LSKDJOZKD_mono_0096,AE,294,0.13999899999999954,28.979601,29.1196,L,F,0,1,laughed,101,28.889601,29.2796,half,because
LSKDJOZKD_mono,LSKDJOZKD_mono_0097,IH,298,0.050000999999998186,29.319599,29.3696,B,K,0,0,because,102,29.2796,29.6696,laughed,-
LSKDJOZKD_mono,LSKDJOZKD_mono_0098,AH,300,0.10000000000000142,29.4396,29.5396,K,Z,0,1,because,102,29.2796,29.6696,laughed,-
LSKDJOZKD_mono,LSKDJOZKD_mono_0099,AE,304,0.2200009999999999,29.7596,29.979601,Y,-,0,1,yeah,104,29.6996,29.979601,-,-
LSKDJOZKD_mono,LSKDJOZKD_mono_0100,UW,308,0.20999899999999982,30.309601,30.5196,R,-,0,1,true,106,30.149599,30.5196,-,-
LSKDJOZKD_mono,LSKDJOZKD_mono_0101,AY,310,0.08999800000000135,31.621401,31.711399,-,T,0,1,i,108,31.621401,31.711399,-,took
LSKDJOZKD_mono,LSKDJOZKD_mono_0102,UH,312,0.03999899999999812,31.791401,31.8314,T,K,0,1,took,109,31.711399,31.881399,i,a
LSKDJOZKD_mono,LSKDJOZKD_mono_0103,AH,314,0.06000200000000078,31.881399,31.941401,K,S,0,0,a,110,31.881399,31.941401,took,seat
LSKDJOZKD_mono,LSKDJOZKD_mono_0104,IY,316,0.14000000000000057,32.061401,32.201401,S,T,0,1,seat,111,31.941401,32.2314,a,near
LSKDJOZKD_mono,LSKDJOZKD_mono_0105,IH,319,0.05000299999999669,32.261398,32.311401,N,R,0,1,near,112,32.2314,32.371399,seat,the
LSKDJOZKD_mono,LSKDJOZKD_mono_0106,AH,322,0.04999899999999968,32.401402,32.451401,DH,W,0,1,the,113,32.371399,32.451401,near,window
LSKDJOZKD_mono,LSKDJOZKD_mono_0107,IH,324,0.04000100000000373,32.511398,32.551399,W,N,0,1,window,114,32.451401,32.921398,the,-
LSKDJOZKD_mono,LSKDJOZKD_mono_0108,OW,327,0.2699960000000061,32.651402,32.921398,D,-,0,0,window,114,32.451401,32.921398,the,-
LSKDJOZKD_mono,--,OW,332,0.02999900000000366,33.1814,33.211399,R,L,1,1,scrolled,116,32.951401,33.291401,-,my
LSKDJOZKD_mono,LSKDJOZKD_mono_0109,AY,336,0.08000200000000035,33.3214,33.401402,M,F,0,1,my,117,33.291401,33.401402,scrolled,phone
LSKDJOZKD_mono,LSKDJOZKD_mono_0110,OW,338,0.16999800000000675,33.5014,33.671398,F,N,0,1,phone,118,33.401402,33.811401,my,-
LSKDJOZKD_mono,LSKDJOZKD_mono_0111,AE,341,0.04999899999999968,33.861401,33.9114,-,N,0,1,and,120,33.861401,33.971401,-,overheard
LSKDJOZKD_mono,LSKDJOZKD_mono_0112,OW,344,0.0899999999999963,33.971401,34.061401,D,V,0,1,overheard,121,33.971401,34.511398,and,someone
LSKDJOZKD_mono,LSKDJOZKD_mono_0113,ER,346,0.06000099999999975,34.121399,34.1814,V,HH,0,0,overheard,121,33.971401,34.511398,and,someone
LSKDJOZKD_mono,LSKDJOZKD_mono_0114,ER,348,0.14999799999999652,34.291401,34.441399,HH,D,0,1,overheard,121,33.971401,34.511398,and,someone
LSKDJOZKD_mono,LSKDJOZKD_mono_0115,AH,351,0.04999899999999968,34.611401,34.6614,S,M,0,1,someone,122,34.511398,34.801399,overheard,say
LSKDJOZKD_mono,--,AH,354,0.02999799999999908,34.7314,34.761398,W,N,1,2,someone,122,34.511398,34.801399,overheard,say
LSKDJOZKD_mono,LSKDJOZKD_mono_0116,EY,357,0.25,34.9114,35.1614,S,-,0,1,say,123,34.801399,35.1614,someone,-
LSKDJOZKD_mono,--,AH,360,0.029998000000006186,35.985001,36.014999,DH,JH,1,0,the,125,35.945,36.014999,-,giraffe
LSKDJOZKD_mono,LSKDJOZKD_mono_0117,ER,362,0.10000199999999637,36.084999,36.185001,JH,AE1,0,0,giraffe,126,36.014999,36.375,the,exhibit
LSKDJOZKD_mono,LSKDJOZKD_mono_0118,AE,363,0.09999899999999684,36.185001,36.285,ER0,F,0,1,giraffe,126,36.014999,36.375,the,exhibit
LSKDJOZKD_mono,--,IH,365,0.029998999999996556,36.375,36.404999,F,G,1,0,exhibit,127,36.375,36.724998,giraffe,-
LSKDJOZKD_mono,LSKDJOZKD_mono_0119,IH,368,0.04999999999999716,36.514999,36.564999,Z,B,0,1,exhibit,127,36.375,36.724998,giraffe,-
LSKDJOZKD_mono,LSKDJOZKD_mono_0120,IH,370,0.07999800000000334,36.615002,36.695,B,T,0,0,exhibit,127,36.375,36.724998,giraffe,-
LSKDJOZKD_mono,LSKDJOZKD_mono_0121,OW,373,0.11999899999999997,36.764999,36.884998,-,P,0,1,opens,129,36.764999,37.125,-,at
LSKDJOZKD_mono,LSKDJOZKD_mono_0122,AH,375,0.04999899999999968,36.955002,37.005001,P,N,0,0,opens,129,36.764999,37.125,-,at
LSKDJOZKD_mono,LSKDJOZKD_mono_0123,AE,378,0.06000099999999975,37.125,37.185001,Z,T,0,1,at,130,37.125,37.235001,opens,noon
LSKDJOZKD_mono,LSKDJOZKD_mono_0124,UW,381,0.09000000000000341,37.294998,37.384998,N,N,0,1,noon,131,37.235001,37.654999,at,-
LSKDJOZKD_mono,LSKDJOZKD_mono_0125,IH,386,0.030001999999996087,37.917599,37.947601,W,CH,0,1,which,133,37.857601,37.997601,-,felt
LSKDJOZKD_mono,LSKDJOZKD_mono_0126,EH,389,0.04000100000000373,38.0676,38.107601,F,L,0,1,felt,134,37.997601,38.2276,which,-
LSKDJOZKD_mono,LSKDJOZKD_mono_0127,AA,393,0.10000300000000095,38.367599,38.467602,-,D,0,1,oddly,136,38.367599,38.5676,-,profound
LSKDJOZKD_mono,LSKDJOZKD_mono_0128,IY,396,0.04000099999999662,38.527599,38.5676,L,P,0,0,oddly,136,38.367599,38.5676,-,profound
LSKDJOZKD_mono,--,OW,399,0.029998999999996556,38.677601,38.7076,R,F,1,0,profound,137,38.5676,38.9776,oddly,at
LSKDJOZKD_mono,LSKDJOZKD_mono_0129,AW,401,0.11999899999999997,38.787601,38.9076,F,N,0,1,profound,137,38.5676,38.9776,oddly,at
LSKDJOZKD_mono,LSKDJOZKD_mono_0130,AE,404,0.04000099999999662,38.9776,39.017601,D,T,0,1,at,138,38.9776,39.057598,profound,the
LSKDJOZKD_mono,--,AH,407,0.029998999999996556,39.107601,39.1376,DH,T,1,0,the,139,39.057598,39.1376,at,time
LSKDJOZKD_mono,LSKDJOZKD_mono_0131,AY,409,0.10000300000000095,39.237598,39.337601,T,M,0,1,time,140,39.1376,39.517601,the,-
LSKDJOZKD_mono,LSKDJOZKD_mono_0132,AE,412,0.04000099999999662,40.247799,40.2878,-,F,0,1,after,142,40.247799,40.427799,-,a
LSKDJOZKD_mono,--,ER,415,0.02999900000000366,40.3978,40.427799,T,AH0,1,0,after,142,40.247799,40.427799,-,a
LSKDJOZKD_mono,LSKDJOZKD_mono_0133,AH,416,0.030003000000000668,40.427799,40.457802,ER0,F,0,0,a,143,40.427799,40.457802,after,few
LSKDJOZKD_mono,LSKDJOZKD_mono_0134,UW,419,0.039996999999999616,40.597801,40.637798,Y,B,0,1,few,144,40.457802,40.637798,a,bites
LSKDJOZKD_mono,LSKDJOZKD_mono_0135,AY,421,0.1100009999999969,40.727798,40.837799,B,T,0,1,bites,145,40.637798,40.9478,few,of
LSKDJOZKD_mono,--,AH,424,0.02999799999999908,40.9478,40.977798,S,V,1,0,of,146,40.9478,41.007801,bites,something
LSKDJOZKD_mono,LSKDJOZKD_mono_0136,AH,427,0.030003000000000668,41.087799,41.117802,S,M,0,1,something,147,41.007801,41.507801,of,-
LSKDJOZKD_mono,--,IH,430,0.02999799999999908,41.237801,41.267799,TH,NG,1,0,something,147,41.007801,41.507801,of,-
LSKDJOZKD_mono,LSKDJOZKD_mono_0137,EY,434,0.09999900000000395,41.597801,41.6978,V,G,0,1,vaguely,149,41.5378,42.017799,-,-
LSKDJOZKD_mono,LSKDJOZKD_mono_0138,IY,437,0.16999799999999965,41.847801,42.017799,L,-,0,0,vaguely,149,41.5378,42.017799,-,-
LSKDJOZKD_mono,LSKDJOZKD_mono_0139,EH,439,0.0899999999999963,42.0578,42.1478,-,G,0,1,egg,151,42.0578,42.257801,-,shaped
LSKDJOZKD_mono,LSKDJOZKD_mono_0140,EY,442,0.11999899999999997,42.3978,42.517799,SH,P,0,1,shaped,152,42.257801,42.727798,egg,-
LSKDJOZKD_mono,LSKDJOZKD_mono_0141,AY,446,0.12999700000000303,43.506802,43.636799,-,W,0,1,i,154,43.506802,43.636799,-,wandered
LSKDJOZKD_mono,LSKDJOZKD_mono_0142,AA,448,0.060001999999997224,43.776798,43.8368,W,N,0,1,wandered,155,43.636799,44.026798,i,to
LSKDJOZKD_mono,LSKDJOZKD_mono_0143,ER,451,0.05999800000000022,43.916801,43.976799,D,D,0,0,wandered,155,43.636799,44.026798,i,to
LSKDJOZKD_mono,--,AH,454,0.029998999999996556,44.076801,44.1068,T,DH,1,0,to,156,44.026798,44.1068,wandered,the
LSKDJOZKD_mono,LSKDJOZKD_mono_0144,AH,456,0.030001999999996087,44.136799,44.166801,DH,P,0,0,the,157,44.1068,44.166801,to,park
LSKDJOZKD_mono,LSKDJOZKD_mono_0145,AA,458,0.039996999999999616,44.256802,44.296799,P,R,0,1,park,158,44.166801,44.5368,the,-
LSKDJOZKD_mono,LSKDJOZKD_mono_0146,AH,462,0.07000000000000028,45.035,45.105,-,K,0,0,a,160,45.035,45.105,-,kid
LSKDJOZKD_mono,LSKDJOZKD_mono_0147,IH,464,0.05999700000000274,45.205002,45.264999,K,D,0,1,kid,161,45.105,45.345001,a,zoomed
LSKDJOZKD_mono,LSKDJOZKD_mono_0148,UW,467,0.07000000000000028,45.435001,45.505001,Z,M,0,1,zoomed,162,45.345001,45.595001,kid,by
LSKDJOZKD_mono,LSKDJOZKD_mono_0149,AY,471,0.04000099999999662,45.625,45.665001,B,AA1,0,1,by,163,45.595001,45.665001,zoomed,on
LSKDJOZKD_mono,LSKDJOZKD_mono_0150,AA,472,0.12999700000000303,45.665001,45.794998,AY1,N,0,1,on,164,45.665001,45.845001,by,a
LSKDJOZKD_mono,--,AH,474,0.029998999999996556,45.845001,45.875,N,S,1,0,a,165,45.845001,45.875,on,scooter
LSKDJOZKD_mono,LSKDJOZKD_mono_0151,UW,477,0.06999900000000281,46.025002,46.095001,K,T,0,1,scooter,166,45.875,46.224998,a,yelling
LSKDJOZKD_mono,LSKDJOZKD_mono_0152,ER,479,0.0899999999999963,46.134998,46.224998,T,Y,0,0,scooter,166,45.875,46.224998,a,yelling
LSKDJOZKD_mono,LSKDJOZKD_mono_0153,EH,481,0.05999700000000274,46.325001,46.384998,Y,L,0,1,yelling,167,46.224998,46.695,scooter,-
LSKDJOZKD_mono,LSKDJOZKD_mono_0154,IH,483,0.09999799999999937,46.445,46.544998,L,NG,0,0,yelling,167,46.224998,46.695,scooter,-
LSKDJOZKD_mono,LSKDJOZKD_mono_0155,UW,487,0.11999899999999997,46.9436,47.063599,Z,M,0,1,zoom,169,46.8536,47.243599,-,zoom
LSKDJOZKD_mono,LSKDJOZKD_mono_0156,UW,490,0.10999999999999943,47.3536,47.4636,Z,M,0,1,zoom,170,47.243599,47.743599,zoom,-
LSKDJOZKD_mono,LSKDJOZKD_mono_0157,AY,494,0.12000299999999697,48.363998,48.484001,L,K,0,1,like,172,48.273998,48.624001,-,-
LSKDJOZKD_mono,LSKDJOZKD_mono_0158,IH,497,0.06999900000000281,48.674,48.743999,-,W,0,1,it,174,48.674,48.743999,-,was
LSKDJOZKD_mono,LSKDJOZKD_mono_0159,AH,499,0.04000099999999662,48.813999,48.854,W,Z,0,0,was,175,48.743999,48.903999,it,a
LSKDJOZKD_mono,LSKDJOZKD_mono_0160,AH,501,0.05000000000000426,48.903999,48.953999,Z,S,0,0,a,176,48.903999,48.953999,was,sound
LSKDJOZKD_mono,LSKDJOZKD_mono_0161,AW,503,0.09000100000000089,49.034,49.124001,S,N,0,1,sound,177,48.953999,49.194,a,effect
LSKDJOZKD_mono,LSKDJOZKD_mono_0162,AH,506,0.04000099999999662,49.194,49.234001,D,F,0,0,effect,178,49.194,49.534,sound,that
LSKDJOZKD_mono,LSKDJOZKD_mono_0163,EH,508,0.0899999999999963,49.334,49.424,F,K,0,1,effect,178,49.194,49.534,sound,that
LSKDJOZKD_mono,LSKDJOZKD_mono_0164,AH,512,0.08000200000000035,49.563999,49.644001,DH,S,0,0,that,179,49.534,49.644001,effect,summoned
LSKDJOZKD_mono,LSKDJOZKD_mono_0165,AH,514,0.07000000000000028,49.743999,49.813999,S,M,0,1,summoned,180,49.644001,49.964001,that,speed
LSKDJOZKD_mono,--,AH,516,0.02999900000000366,49.854,49.883999,M,N,1,0,summoned,180,49.644001,49.964001,that,speed
LSKDJOZKD_mono,LSKDJOZKD_mono_0166,IY,521,0.04999899999999968,50.104,50.153999,P,D,0,1,speed,181,49.964001,50.324001,summoned,-
LSKDJOZKD_mono,LSKDJOZKD_mono_0167,AY,524,0.07000000000000028,51.182499,51.252499,-,S,0,1,i,183,51.182499,51.252499,-,sat
LSKDJOZKD_mono,LSKDJOZKD_mono_0168,AE,526,0.09999899999999684,51.372501,51.4725,S,T,0,1,sat,184,51.252499,51.512501,i,under
LSKDJOZKD_mono,LSKDJOZKD_mono_0169,AH,528,0.05999700000000274,51.512501,51.572498,T,N,0,1,under,185,51.512501,51.7425,sat,a
LSKDJOZKD_mono,LSKDJOZKD_mono_0170,ER,531,0.08000200000000035,51.662498,51.7425,D,AH0,0,0,under,185,51.512501,51.7425,sat,a
LSKDJOZKD_mono,LSKDJOZKD_mono_0171,AH,532,0.060001999999997224,51.7425,51.802502,ER0,T,0,0,a,186,51.7425,51.802502,under,tree
LSKDJOZKD_mono,LSKDJOZKD_mono_0172,IY,535,0.1800009999999972,51.9925,52.172501,R,-,0,1,tree,187,51.802502,52.172501,a,-
LSKDJOZKD_mono,LSKDJOZKD_mono_0173,IH,538,0.04000099999999662,52.417099,52.4571,L,S,0,1,listened,189,52.357101,52.627102,-,to
LSKDJOZKD_mono,--,AH,540,0.02999900000000366,52.537102,52.567101,S,N,1,0,listened,189,52.357101,52.627102,-,to
LSKDJOZKD_mono,LSKDJOZKD_mono_0174,AH,544,0.04000100000000373,52.657101,52.697102,T,DH,0,0,to,190,52.627102,52.697102,listened,the
LSKDJOZKD_mono,LSKDJOZKD_mono_0175,AH,546,0.04000099999999662,52.747101,52.787102,DH,B,0,0,the,191,52.697102,52.787102,to,breeze
LSKDJOZKD_mono,LSKDJOZKD_mono_0176,IY,549,0.1300019999999975,52.937099,53.067101,R,Z,0,1,breeze,192,52.787102,53.237099,the,-
LSKDJOZKD_mono,LSKDJOZKD_mono_0177,AE,552,0.05999699999999564,53.637402,53.697399,-,N,0,1,and,194,53.637402,53.837399,-,watched
LSKDJOZKD_mono,LSKDJOZKD_mono_0178,AA,556,0.1100009999999969,53.9174,54.027401,W,CH,0,1,watched,195,53.837399,54.2174,and,a
LSKDJOZKD_mono,LSKDJOZKD_mono_0179,AH,559,0.08000100000000288,54.2174,54.297401,T,Y,0,0,a,196,54.2174,54.297401,watched,yellow
LSKDJOZKD_mono,LSKDJOZKD_mono_0180,EH,561,0.06000200000000433,54.377399,54.437401,Y,L,0,1,yellow,197,54.297401,54.587399,a,balloon
LSKDJOZKD_mono,LSKDJOZKD_mono_0181,OW,563,0.09000100000000089,54.497398,54.587399,L,B,0,0,yellow,197,54.297401,54.587399,a,balloon
LSKDJOZKD_mono,--,AH,565,0.009999000000000535,54.6674,54.677399,B,L,1,0,balloon,198,54.587399,54.9874,yellow,get
LSKDJOZKD_mono,LSKDJOZKD_mono_0182,UW,567,0.15999899999999911,54.757401,54.9174,L,N,0,1,balloon,198,54.587399,54.9874,yellow,get
LSKDJOZKD_mono,LSKDJOZKD_mono_0183,EH,570,0.07000000000000028,55.037399,55.107399,G,T,0,1,get,199,54.9874,55.197399,balloon,tangled
LSKDJOZKD_mono,LSKDJOZKD_mono_0184,AE,573,0.09000000000000341,55.267399,55.357399,T,NG,0,1,tangled,200,55.197399,55.6474,get,in
LSKDJOZKD_mono,LSKDJOZKD_mono_0185,AH,576,0.04000100000000373,55.447399,55.4874,G,L,0,0,tangled,200,55.197399,55.6474,get,in
LSKDJOZKD_mono,LSKDJOZKD_mono_0186,IH,579,0.04999899999999968,55.6474,55.697399,D,N,0,0,in,201,55.6474,55.727402,tangled,a
LSKDJOZKD_mono,LSKDJOZKD_mono_0187,AH,581,0.06999900000000281,55.727402,55.797401,N,P,0,0,a,202,55.727402,55.797401,in,power
LSKDJOZKD_mono,LSKDJOZKD_mono_0188,AW,583,0.05000299999999669,55.927399,55.977402,P,ER0,0,1,power,203,55.797401,56.037399,a,line
LSKDJOZKD_mono,LSKDJOZKD_mono_0189,ER,584,0.05999700000000274,55.977402,56.037399,AW1,L,0,0,power,203,55.797401,56.037399,a,line
LSKDJOZKD_mono,--,AY,586,0.02999799999999908,56.137402,56.1674,L,N,1,1,line,204,56.037399,56.197399,power,-
LSKDJOZKD_mono,LSKDJOZKD_mono_0190,IH,590,0.04000100000000373,56.8283,56.868301,W,R,0,1,weird,206,56.778301,56.9683,-,morning
LSKDJOZKD_mono,LSKDJOZKD_mono_0191,AO,594,0.05999800000000022,57.028301,57.088299,M,R,0,1,morning,207,56.9683,57.388302,weird,-
LSKDJOZKD_mono,--,IH,597,0.02999799999999908,57.168301,57.198299,N,NG,1,0,morning,207,56.9683,57.388302,weird,-
LSKDJOZKD_mono,LSKDJOZKD_mono_0192,AH,601,0.060001999999997224,57.6357,57.695702,B,T,0,1,but,209,57.605701,57.745701,-,-
LSKDJOZKD_mono,LSKDJOZKD_mono_0193,AA,604,0.0899999999999963,57.7757,57.8657,-,N,0,1,honestly,211,57.7757,58.2757,-,-
LSKDJOZKD_mono,LSKDJOZKD_mono_0194,AH,606,0.04000099999999662,57.905701,57.945702,N,S,0,0,honestly,211,57.7757,58.2757,-,-
LSKDJOZKD_mono,LSKDJOZKD_mono_0195,IY,609,0.15000200000000063,58.125698,58.2757,L,-,0,0,honestly,211,57.7757,58.2757,-,-
LSKDJOZKD_mono,LSKDJOZKD_mono_0196,AA,612,0.06000099999999975,58.617699,58.6777,N,T,0,1,not,213,58.567699,58.7477,-,the
LSKDJOZKD_mono,LSKDJOZKD_mono_0197,AH,615,0.03999999999999915,58.777699,58.817699,DH,W,0,1,the,214,58.7477,58.817699,not,worst
LSKDJOZKD_mono,LSKDJOZKD_mono_0198,ER,617,0.09999900000000395,58.897701,58.9977,W,S,0,1,worst,215,58.817699,59.2677,the,-
NOISY6969_mono,NOISY6969_mono_0001,OW,3,0.07000000000000006,1.3294,1.3994,S,DH,0,1,so,2,1.2494,1.3994,-,this
NOISY6969_mono,NOISY6969_mono_0002,IH,5,0.06000000000000005,1.4394,1.4994,DH,S,0,1,this,3,1.3994,1.5694,so,morning
NOISY6969_mono,NOISY6969_mono_0003,AO,8,0.07000000000000006,1.6194,1.6894,M,R,0,1,morning,4,1.5694,1.9494,this,i
NOISY6969_mono,NOISY6969_mono_0004,IH,11,0.11999999999999988,1.7694,1.8894,N,NG,0,0,morning,4,1.5694,1.9494,this,i
NOISY6969_mono,NOISY6969_mono_0005,AY,13,0.09999999999999987,1.9494,2.0494,NG,W,0,1,i,5,1.9494,2.0494,morning,woke
NOISY6969_mono,NOISY6969_mono_0006,OW,15,0.07999999999999963,2.1194,2.1994,W,K,0,1,woke,6,2.0494,2.2594,i,up
NOISY6969_mono,NOISY6969_mono_0007,AH,17,0.07000000000000028,2.2594,2.3294,K,P,0,1,up,7,2.2594,2.3594,woke,-
NOISY6969_mono,NOISY6969_mono_0008,EY,21,0.20999999999999996,2.4794,2.6894,L,T,0,1,late,9,2.3894,2.7198,-,-
NOISY6969_mono,NOISY6969_mono_0009,AE,24,0.0900000000000003,2.7613,2.8513,-,N,0,1,and,11,2.7613,2.9213,-,immediately
NOISY6969_mono,--,IH,27,0.029999999999999805,2.9213,2.9513,D,M,1,0,immediately,12,2.9213,3.2813,and,stubbed
NOISY6969_mono,NOISY6969_mono_0010,IY,29,0.06000000000000005,3.0113,3.0713,M,D,0,1,immediately,12,2.9213,3.2813,and,stubbed
NOISY6969_mono,--,IY,31,0.029999999999999805,3.1013,3.1313,D,AH0,1,0,immediately,12,2.9213,3.2813,and,stubbed
NOISY6969_mono,NOISY6969_mono_0011,AH,32,0.03000000000000025,3.1313,3.1613,IY0,T,0,0,immediately,12,2.9213,3.2813,and,stubbed
NOISY6969_mono,NOISY6969_mono_0012,IY,35,0.06000000000000005,3.2213,3.2813,L,S,0,0,immediately,12,2.9213,3.2813,and,stubbed
NOISY6969_mono,NOISY6969_mono_0013,AH,38,0.05999999999999961,3.3913,3.4513,T,B,0,1,stubbed,13,3.2813,3.4913,immediately,my
NOISY6969_mono,NOISY6969_mono_0014,AY,42,0.08999999999999986,3.5213,3.6113,M,T,0,1,my,14,3.4913,3.6113,stubbed,toe
NOISY6969_mono,NOISY6969_mono_0015,OW,44,0.16000000000000014,3.7213,3.8813,T,AA1,0,1,toe,15,3.6113,3.8813,my,on
NOISY6969_mono,NOISY6969_mono_0016,AA,45,0.06000000000000005,3.8813,3.9413,OW1,N,0,1,on,16,3.8813,3.9713,toe,the
NOISY6969_mono,NOISY6969_mono_0017,AH,48,0.040000000000000036,4.0013,4.0413,DH,D,0,0,the,17,3.9713,4.0413,on,dresser
NOISY6969_mono,NOISY6969_mono_0018,EH,51,0.0600000000000005,4.1713,4.2313,R,S,0,1,dresser,18,4.0413,4.5313,the,-
NOISY6969_mono,NOISY6969_mono_0019,ER,53,0.20000000000000018,4.3313,4.5313,S,-,0,0,dresser,18,4.0413,4.5313,the,-
NOISY6969_mono,NOISY6969_mono_0020,EY,57,0.07000000000000028,4.6793,4.7493,R,T,0,1,great,20,4.5993,4.7893,-,start
NOISY6969_mono,NOISY6969_mono_0021,AA,61,0.09999999999999964,4.9093,5.0093,T,R,0,1,start,21,4.7893,5.1893,great,right
NOISY6969_mono,NOISY6969_mono_0022,AY,65,0.16000000000000014,5.2793,5.4393,R,T,0,1,right,22,5.1893,5.4793,start,-
NOISY6969_mono,NOISY6969_mono_0023,AY,68,0.07000000000000028,6.0713,6.1413,-,G,0,1,i,24,6.0713,6.1413,-,grumbled
NOISY6969_mono,NOISY6969_mono_0024,AH,71,0.05999999999999961,6.2713,6.3313,R,M,0,1,grumbled,25,6.1413,6.4913,i,something
NOISY6969_mono,--,AH,74,0.009999999999999787,6.3913,6.4013,B,L,1,0,grumbled,25,6.1413,6.4913,i,something
NOISY6969_mono,NOISY6969_mono_0025,AH,78,0.04999999999999982,6.5213,6.5713,S,M,0,1,something,26,6.4913,6.7513,grumbled,half
NOISY6969_mono,NOISY6969_mono_0026,IH,81,0.040000000000000036,6.6513,6.6913,TH,NG,0,0,something,26,6.4913,6.7513,grumbled,half
NOISY6969_mono,NOISY6969_mono_0027,AE,84,0.14000000000000057,6.7913,6.9313,HH,F,0,1,half,27,6.7513,7.0013,something,conscious
NOISY6969_mono,NOISY6969_mono_0028,AA,87,0.10999999999999943,7.0913,7.2013,K,N,0,1,conscious,28,7.0013,7.4836,half,-
NOISY6969_mono,NOISY6969_mono_0029,AH,90,0.09999999999999964,7.3113,7.4113,SH,S,0,0,conscious,28,7.0013,7.4836,half,-
NOISY6969_mono,NOISY6969_mono_0030,AE,95,0.09999999999999964,7.6303,7.7303,R,B,0,1,grabbed,30,7.5703,7.7903,-,whatever
NOISY6969_mono,NOISY6969_mono_0031,AH,99,0.040000000000000036,7.8503,7.8903,W,T,0,2,whatever,31,7.7903,8.1203,grabbed,shirt
NOISY6969_mono,NOISY6969_mono_0032,EH,101,0.0699999999999994,7.9303,8.0003,T,V,0,1,whatever,31,7.7903,8.1203,grabbed,shirt
NOISY6969_mono,NOISY6969_mono_0033,ER,103,0.07000000000000028,8.0503,8.1203,V,SH,0,0,whatever,31,7.7903,8.1203,grabbed,shirt
NOISY6969_mono,NOISY6969_mono_0034,ER,105,0.08000000000000007,8.2303,8.3103,SH,T,0,1,shirt,32,8.1203,8.3603,whatever,was
NOISY6969_mono,NOISY6969_mono_0035,AH,108,0.040000000000000924,8.4103,8.4503,W,Z,0,0,was,33,8.3603,8.5003,shirt,<unk>
NOISY6969_mono,NOISY6969_mono_0036,AE,112,0.049999999999998934,9.3434,9.3934,-,N,0,1,and,36,9.3434,9.4634,-,handed
NOISY6969_mono,NOISY6969_mono_0037,AE,116,0.14000000000000057,9.5434,9.6834,HH,N,0,1,handed,37,9.4634,9.9434,and,-
NOISY6969_mono,NOISY6969_mono_0038,IH,119,0.08999999999999986,9.7934,9.8834,D,D,0,0,handed,37,9.4634,9.9434,and,-
NOISY6969_mono,NOISY6969_mono_0039,AE,122,0.09999999999999964,10.1412,10.2412,-,N,0,1,and,39,10.1412,10.3112,-,and
NOISY6969_mono,NOISY6969_mono_0040,AE,125,0.08000000000000007,10.3112,10.3912,D,N,0,1,and,40,10.3112,10.4612,and,headed
NOISY6969_mono,NOISY6969_mono_0041,EH,129,0.07000000000000028,10.4912,10.5612,HH,D,0,1,headed,41,10.4612,10.6912,and,out
NOISY6969_mono,NOISY6969_mono_0042,IH,131,0.049999999999998934,10.5912,10.6412,D,D,0,0,headed,41,10.4612,10.6912,and,out
NOISY6969_mono,NOISY6969_mono_0043,AW,133,0.129999999999999,10.6912,10.8212,D,T,0,1,out,42,10.6912,10.8612,headed,-
NOISY6969_mono,NOISY6969_mono_0044,AH,137,0.03999999999999915,11.3925,11.4325,DH,S,0,0,the,44,11.3625,11.4325,-,sky
NOISY6969_mono,NOISY6969_mono_0045,AY,140,0.120000000000001,11.5725,11.6925,K,L,0,1,sky,45,11.4325,11.6925,the,looked
NOISY6969_mono,NOISY6969_mono_0046,UH,142,0.0600000000000005,11.7525,11.8125,L,K,0,1,looked,46,11.6925,11.8725,sky,weird
NOISY6969_mono,NOISY6969_mono_0047,IH,146,0.120000000000001,11.9925,12.1125,W,R,0,1,weird,47,11.8725,12.2348,looked,-
NOISY6969_mono,NOISY6969_mono_0048,AY,151,0.05999999999999872,12.4074,12.4674,L,K,0,1,like,49,12.3374,12.5174,-,the
NOISY6969_mono,NOISY6969_mono_0049,AH,154,0.040000000000000924,12.5474,12.5874,DH,SH,0,0,the,50,12.5174,12.5874,like,shade
NOISY6969_mono,NOISY6969_mono_0050,EY,156,0.08999999999999986,12.7074,12.7974,SH,D,0,1,shade,51,12.5874,12.8374,the,of
NOISY6969_mono,NOISY6969_mono_0051,AH,158,0.049999999999998934,12.8374,12.8874,D,V,0,0,of,52,12.8374,12.9674,shade,blue
NOISY6969_mono,NOISY6969_mono_0052,UW,162,0.129999999999999,13.0874,13.2174,L,G,0,1,blue,53,12.9674,13.2174,of,gray
NOISY6969_mono,NOISY6969_mono_0053,EY,165,0.10999999999999943,13.3674,13.4774,R,DH,0,1,gray,54,13.2174,13.4774,blue,that
NOISY6969_mono,NOISY6969_mono_0054,AE,167,0.0600000000000005,13.5374,13.5974,DH,T,0,1,that,55,13.4774,13.6374,gray,makes
NOISY6969_mono,NOISY6969_mono_0055,EY,170,0.08000000000000007,13.6774,13.7574,M,K,0,1,makes,56,13.6374,13.8574,that,you
NOISY6969_mono,NOISY6969_mono_0056,UW,174,0.030000000000001137,13.8874,13.9174,Y,K,0,1,you,57,13.8574,13.9174,makes,question
NOISY6969_mono,NOISY6969_mono_0057,EH,177,0.0600000000000005,14.0374,14.0974,W,S,0,1,question,58,13.9174,14.2974,you,if
NOISY6969_mono,NOISY6969_mono_0058,AH,180,0.05000000000000071,14.1974,14.2474,CH,N,0,0,question,58,13.9174,14.2974,you,if
NOISY6969_mono,NOISY6969_mono_0059,IH,182,0.040000000000000924,14.2974,14.3374,N,F,0,1,if,59,14.2974,14.3774,question,it's
NOISY6969_mono,NOISY6969_mono_0060,IH,184,0.0600000000000005,14.3774,14.4374,F,T,0,0,it's,60,14.3774,14.507401,if,about
NOISY6969_mono,NOISY6969_mono_0061,AH,187,0.039998999999999896,14.507401,14.5474,S,B,0,0,about,61,14.507401,14.7074,it's,to
NOISY6969_mono,NOISY6969_mono_0062,AW,189,0.08000000000000007,14.5874,14.6674,B,T,0,1,about,61,14.507401,14.7074,it's,to
NOISY6969_mono,NOISY6969_mono_0063,AH,192,0.049999999999998934,14.7474,14.7974,T,R,0,0,to,62,14.7074,14.7974,about,rain
NOISY6969_mono,NOISY6969_mono_0064,EY,194,0.08999999999999986,14.8874,14.9774,R,N,0,1,rain,63,14.7974,15.0174,to,or
NOISY6969_mono,NOISY6969_mono_0065,ER,196,0.08000000000000007,15.0174,15.0974,N,N,0,0,or,64,15.0174,15.0974,rain,not
NOISY6969_mono,NOISY6969_mono_0066,AA,198,0.15000000000000036,15.1474,15.2974,N,T,0,1,not,65,15.0974,15.3261,or,-
NOISY6969_mono,NOISY6969_mono_0067,AY,201,0.08999999999999986,16.013901,16.103901,-,S,0,1,i,67,16.013901,16.103901,-,stopped
NOISY6969_mono,NOISY6969_mono_0068,AA,204,0.10000000000000142,16.2139,16.3139,T,P,0,1,stopped,68,16.103901,16.353901,i,by
NOISY6969_mono,NOISY6969_mono_0069,AY,208,0.0799999999999983,16.3839,16.4639,B,DH,0,1,by,69,16.353901,16.4639,stopped,the
NOISY6969_mono,NOISY6969_mono_0070,AH,210,0.04999899999999968,16.513901,16.5639,DH,K,0,0,the,70,16.4639,16.5639,by,corner
NOISY6969_mono,NOISY6969_mono_0071,AO,212,0.03999899999999812,16.6539,16.693899,K,R,0,1,corner,71,16.5639,16.853901,the,store
NOISY6969_mono,NOISY6969_mono_0072,ER,215,0.06000099999999975,16.7939,16.853901,N,S,0,0,corner,71,16.5639,16.853901,the,store
NOISY6969_mono,NOISY6969_mono_0073,AO,218,0.06000200000000078,16.953899,17.013901,T,R,0,1,store,72,16.853901,17.093901,corner,to
NOISY6969_mono,NOISY6969_mono_0074,AH,221,0.040001000000000175,17.1339,17.173901,T,G,0,0,to,73,17.093901,17.173901,store,grab
NOISY6969_mono,NOISY6969_mono_0075,AE,224,0.08000000000000185,17.3039,17.3839,R,B,0,1,grab,74,17.173901,17.433901,to,a
NOISY6969_mono,NOISY6969_mono_0076,AH,226,0.04999899999999968,17.433901,17.4839,B,T,0,0,a,75,17.433901,17.4839,grab,toasted
NOISY6969_mono,NOISY6969_mono_0077,OW,228,0.1099989999999984,17.5839,17.693899,T,S,0,1,toasted,76,17.4839,17.9039,a,bagel
NOISY6969_mono,NOISY6969_mono_0078,IH,231,0.030000000000001137,17.8039,17.8339,T,D,0,0,toasted,76,17.4839,17.9039,a,bagel
NOISY6969_mono,NOISY6969_mono_0079,EY,234,0.10999900000000196,17.933901,18.0439,B,G,0,1,bagel,77,17.9039,18.183901,toasted,and
NOISY6969_mono,NOISY6969_mono_0080,AH,236,0.05000000000000071,18.0839,18.1339,G,L,0,0,bagel,77,17.9039,18.183901,toasted,and
NOISY6969_mono,NOISY6969_mono_0081,AH,238,0.04999899999999968,18.183901,18.2339,L,N,0,0,and,78,18.183901,18.2939,bagel,orange
NOISY6969_mono,NOISY6969_mono_0082,AO,241,0.10999999999999943,18.2939,18.4039,D,R,0,1,orange,79,18.2939,18.593901,and,juice
NOISY6969_mono,NOISY6969_mono_0083,AH,243,0.040001000000000175,18.4639,18.503901,R,N,0,0,orange,79,18.2939,18.593901,and,juice
NOISY6969_mono,NOISY6969_mono_0084,UW,247,0.13000100000000003,18.6339,18.763901,JH,S,0,1,juice,80,18.593901,18.9139,orange,-
NOISY6969_mono,NOISY6969_mono_0085,AH,251,0.18000100000000074,20.045799,20.2258,B,T,0,1,but,82,20.0158,20.285801,-,they
NOISY6969_mono,NOISY6969_mono_0086,EY,254,0.059999000000001246,20.3158,20.375799,DH,W,0,1,they,83,20.285801,20.375799,but,were
NOISY6969_mono,NOISY6969_mono_0087,ER,256,0.08000000000000185,20.4258,20.5058,W,-,0,0,were,84,20.375799,20.5058,they,-
NOISY6969_mono,NOISY6969_mono_0088,AW,258,0.13999899999999954,20.605801,20.7458,-,T,0,1,out,86,20.605801,20.775801,-,of
NOISY6969_mono,NOISY6969_mono_0089,AH,260,0.03999899999999812,20.775801,20.8158,T,V,0,0,of,87,20.775801,20.865801,out,both
NOISY6969_mono,NOISY6969_mono_0090,OW,263,0.16999999999999815,20.8958,21.0658,B,TH,0,1,both,88,20.865801,21.120199,of,-
NOISY6969_mono,NOISY6969_mono_0091,AH,267,0.030001000000002165,21.519899,21.5499,DH,K,0,0,the,90,21.489901,21.5499,-,cashier
NOISY6969_mono,NOISY6969_mono_0092,AE,269,0.08000200000000035,21.589899,21.669901,K,SH,0,0,cashier,91,21.5499,21.8699,the,joked
NOISY6969_mono,NOISY6969_mono_0093,IH,271,0.050002000000002766,21.769899,21.819901,SH,R,0,1,cashier,91,21.5499,21.8699,the,joked
NOISY6969_mono,NOISY6969_mono_0094,OW,274,0.10999999999999943,21.9499,22.0599,JH,K,0,1,joked,92,21.8699,22.1199,cashier,it's
NOISY6969_mono,NOISY6969_mono_0095,IH,277,0.06999899999999926,22.1199,22.189899,T,T,0,0,it's,93,22.1199,22.259899,joked,monday
NOISY6969_mono,NOISY6969_mono_0096,AH,281,0.07999900000000082,22.3599,22.439899,M,N,0,1,monday,94,22.259899,22.679899,it's,-
NOISY6969_mono,NOISY6969_mono_0097,EY,284,0.10999799999999738,22.569901,22.679899,D,-,0,2,monday,94,22.259899,22.679899,it's,-
NOISY6969_mono,NOISY6969_mono_0098,EH,286,0.07000000000000028,22.7099,22.7799,-,N,0,1,energy,96,22.7099,23.259899,-,-
NOISY6969_mono,NOISY6969_mono_0099,ER,288,0.0799999999999983,22.839901,22.919901,N,JH,0,0,energy,96,22.7099,23.259899,-,-
NOISY6969_mono,NOISY6969_mono_0100,IY,290,0.2599979999999995,22.999901,23.259899,JH,-,0,0,energy,96,22.7099,23.259899,-,-
NOISY6969_mono,--,AE,292,0.02999900000000011,23.5916,23.621599,-,N,1,1,and,98,23.5916,23.681601,-,i
NOISY6969_mono,NOISY6969_mono_0101,AY,295,0.09999999999999787,23.681601,23.781601,D,HH,0,1,i,99,23.681601,23.781601,and,half
NOISY6969_mono,NOISY6969_mono_0102,AE,297,0.13999899999999954,23.851601,23.9916,HH,F,0,1,half,100,23.781601,24.0616,i,laughed
NOISY6969_mono,NOISY6969_mono_0103,AE,300,0.1499990000000011,24.1416,24.291599,L,F,0,1,laughed,101,24.0616,24.361601,half,because
NOISY6969_mono,NOISY6969_mono_0104,IH,304,0.040001000000000175,24.3916,24.431601,B,K,0,0,because,102,24.361601,24.6716,laughed,yeah
NOISY6969_mono,NOISY6969_mono_0105,AH,306,0.10000000000000142,24.4816,24.5816,K,Z,0,1,because,102,24.361601,24.6716,laughed,yeah
NOISY6969_mono,NOISY6969_mono_0106,AE,309,0.18999900000000025,24.7616,24.951599,Y,-,0,1,yeah,103,24.6716,24.951599,because,-
NOISY6969_mono,NOISY6969_mono_0107,UW,313,0.17999999999999972,25.2852,25.4652,R,-,0,1,true,105,25.1152,25.4652,-,-
NOISY6969_mono,NOISY6969_mono_0108,AY,315,0.040001000000000175,26.0861,26.126101,-,T,0,1,i,107,26.0861,26.126101,-,took
NOISY6969_mono,NOISY6969_mono_0109,UH,317,0.04999899999999968,26.1861,26.236099,T,K,0,1,took,108,26.126101,26.2761,i,a
NOISY6969_mono,NOISY6969_mono_0110,AH,319,0.03999900000000167,26.2761,26.316099,K,S,0,0,a,109,26.2761,26.316099,took,seat
NOISY6969_mono,NOISY6969_mono_0111,IY,321,0.08999999999999986,26.4161,26.5061,S,N,0,1,seat,110,26.316099,26.5061,a,near
NOISY6969_mono,NOISY6969_mono_0112,IH,323,0.040001000000000175,26.566099,26.6061,N,R,0,1,near,111,26.5061,26.6761,seat,the
NOISY6969_mono,NOISY6969_mono_0113,AH,326,0.059999000000001246,26.716101,26.7761,DH,W,0,0,the,112,26.6761,26.7761,near,window
NOISY6969_mono,NOISY6969_mono_0114,IH,328,0.08000000000000185,26.8461,26.9261,W,N,0,1,window,113,26.7761,27.169399,the,-
NOISY6969_mono,NOISY6969_mono_0115,OW,331,0.14329899999999895,27.0261,27.169399,D,-,0,0,window,113,26.7761,27.169399,the,-
NOISY6969_mono,NOISY6969_mono_0116,OW,336,0.040001000000000175,27.382799,27.4228,R,L,0,1,scrolled,115,27.202801,27.4828,-,my
NOISY6969_mono,NOISY6969_mono_0117,AY,340,0.08999999999999986,27.5128,27.6028,M,F,0,1,my,116,27.4828,27.6028,scrolled,phone
NOISY6969_mono,NOISY6969_mono_0118,OW,342,0.15000200000000063,27.712799,27.862801,F,N,0,1,phone,117,27.6028,27.9128,my,and
NOISY6969_mono,NOISY6969_mono_0119,AH,344,0.040001000000000175,27.9128,27.952801,N,N,0,0,and,118,27.9128,28.0228,phone,overheard
NOISY6969_mono,NOISY6969_mono_0120,OW,347,0.09000100000000089,28.0228,28.112801,D,V,0,1,overheard,119,28.0228,28.362801,and,someone
NOISY6969_mono,NOISY6969_mono_0121,ER,349,0.030001000000002165,28.1728,28.202801,V,HH,0,0,overheard,119,28.0228,28.362801,and,someone
NOISY6969_mono,NOISY6969_mono_0122,ER,351,0.06999899999999926,28.2428,28.312799,HH,D,0,1,overheard,119,28.0228,28.362801,and,someone
NOISY6969_mono,NOISY6969_mono_0123,AH,354,0.07000000000000028,28.4128,28.4828,S,M,0,1,someone,120,28.362801,28.632799,overheard,say
NOISY6969_mono,NOISY6969_mono_0124,AH,357,0.04999899999999968,28.542801,28.5928,W,N,0,2,someone,120,28.362801,28.632799,overheard,say
NOISY6969_mono,NOISY6969_mono_0125,EY,360,0.17769999999999797,28.702801,28.880501,S,-,0,1,say,121,28.632799,28.880501,someone,-
NOISY6969_mono,NOISY6969_mono_0126,AH,363,0.03999900000000167,29.224501,29.2645,DH,JH,0,0,the,123,29.1945,29.2645,-,giraffe
NOISY6969_mono,NOISY6969_mono_0127,ER,365,0.13999899999999954,29.3645,29.504499,JH,AE1,0,0,giraffe,124,29.2645,29.754499,the,exhibit
NOISY6969_mono,NOISY6969_mono_0128,AE,366,0.17000099999999918,29.504499,29.6745,ER0,F,0,1,giraffe,124,29.2645,29.754499,the,exhibit
NOISY6969_mono,NOISY6969_mono_0129,IH,368,0.09000100000000089,29.754499,29.8445,F,G,0,0,exhibit,125,29.754499,30.234501,giraffe,-
NOISY6969_mono,NOISY6969_mono_0130,IH,371,0.08000000000000185,30.004499,30.084499,Z,B,0,1,exhibit,125,29.754499,30.234501,giraffe,-
NOISY6969_mono,NOISY6969_mono_0131,IH,373,0.07000000000000028,30.1245,30.1945,B,T,0,0,exhibit,125,29.754499,30.234501,giraffe,-
NOISY6969_mono,NOISY6969_mono_0132,OW,376,0.12000100000000202,30.2745,30.394501,-,P,0,1,opens,127,30.2745,30.634501,-,at
NOISY6969_mono,NOISY6969_mono_0133,AH,378,0.07000000000000028,30.4545,30.5245,P,N,0,0,opens,127,30.2745,30.634501,-,at
NOISY6969_mono,NOISY6969_mono_0134,AE,381,0.11999799999999894,30.634501,30.754499,Z,T,0,1,at,128,30.634501,30.7845,opens,noon
NOISY6969_mono,NOISY6969_mono_0135,UW,384,0.13999899999999954,30.8645,31.004499,N,N,0,1,noon,129,30.7845,31.1845,at,-
NOISY6969_mono,NOISY6969_mono_0136,IH,388,0.05000100000000174,31.6605,31.710501,W,CH,0,1,which,131,31.620501,31.7805,-,felt
NOISY6969_mono,NOISY6969_mono_0137,EH,391,0.059999000000001246,31.8405,31.900499,F,L,0,1,felt,132,31.7805,31.970501,which,-
NOISY6969_mono,NOISY6969_mono_0138,AA,395,0.17999999999999972,32.0005,32.1805,-,D,0,1,oddly,134,32.0005,32.320499,-,profound
NOISY6969_mono,NOISY6969_mono_0139,IY,398,0.04999899999999968,32.2705,32.320499,L,P,0,0,oddly,134,32.0005,32.320499,-,profound
NOISY6969_mono,NOISY6969_mono_0140,OW,401,0.03999999999999915,32.4105,32.4505,R,F,0,0,profound,135,32.320499,32.7505,oddly,at
NOISY6969_mono,NOISY6969_mono_0141,AW,403,0.1399990000000031,32.540501,32.6805,F,N,0,1,profound,135,32.320499,32.7505,oddly,at
NOISY6969_mono,NOISY6969_mono_0142,AE,406,0.06000099999999975,32.7505,32.810501,D,T,0,1,at,136,32.7505,32.850498,profound,the
NOISY6969_mono,NOISY6969_mono_0143,AH,409,0.04000099999999662,32.880501,32.920502,DH,T,0,0,the,137,32.850498,32.920502,at,time
NOISY6969_mono,NOISY6969_mono_0144,AY,411,0.16999799999999965,33.0205,33.190498,T,M,0,1,time,138,32.920502,33.290501,the,-
NOISY6969_mono,NOISY6969_mono_0145,AE,414,0.08000200000000035,33.9725,34.052502,-,F,0,1,after,140,33.9725,34.182499,-,a
NOISY6969_mono,NOISY6969_mono_0146,ER,417,0.039996999999999616,34.142502,34.182499,T,AH0,0,0,after,140,33.9725,34.182499,-,a
NOISY6969_mono,NOISY6969_mono_0147,AH,418,0.04000099999999662,34.182499,34.2225,ER0,F,0,0,a,141,34.182499,34.2225,after,few
NOISY6969_mono,NOISY6969_mono_0148,UW,421,0.060001999999997224,34.3325,34.392502,Y,B,0,1,few,142,34.2225,34.392502,a,bite
NOISY6969_mono,NOISY6969_mono_0149,AY,423,0.13000100000000003,34.502499,34.6325,B,T,0,1,bite,143,34.392502,34.662498,few,of
NOISY6969_mono,NOISY6969_mono_0150,AH,425,0.030003000000000668,34.662498,34.692501,T,V,0,0,of,144,34.662498,34.752499,bite,something
NOISY6969_mono,NOISY6969_mono_0151,AH,428,0.07999799999999624,34.8325,34.912498,S,M,0,1,something,145,34.752499,35.272499,of,vaguely
NOISY6969_mono,NOISY6969_mono_0152,IH,431,0.10000200000000348,35.0425,35.142502,TH,NG,0,0,something,145,34.752499,35.272499,of,vaguely
NOISY6969_mono,NOISY6969_mono_0153,EY,434,0.13999999999999346,35.3325,35.4725,V,G,0,1,vaguely,146,35.272499,35.682499,something,egg
NOISY6969_mono,NOISY6969_mono_0154,IY,437,0.09000000000000341,35.592499,35.682499,L,EH1,0,0,vaguely,146,35.272499,35.682499,something,egg
NOISY6969_mono,NOISY6969_mono_0155,EH,438,0.13000100000000003,35.682499,35.8125,IY0,G,0,1,egg,147,35.682499,35.8825,vaguely,shaped
NOISY6969_mono,NOISY6969_mono_0156,EY,441,0.1100009999999969,35.982498,36.092499,SH,P,0,1,shaped,148,35.8825,36.172501,egg,i
NOISY6969_mono,--,AY,444,0.029998000000006186,36.172501,36.202499,T,W,1,1,i,149,36.172501,36.202499,shaped,wandered
NOISY6969_mono,NOISY6969_mono_0157,AA,446,0.060001999999997224,36.3325,36.392502,W,N,0,1,wandered,150,36.202499,36.5625,i,to
NOISY6969_mono,NOISY6969_mono_0158,ER,449,0.060001999999997224,36.452499,36.512501,D,D,0,0,wandered,150,36.202499,36.5625,i,to
NOISY6969_mono,NOISY6969_mono_0159,AH,452,0.04999900000000679,36.602501,36.6525,T,DH,0,0,to,151,36.5625,36.6525,wandered,the
NOISY6969_mono,NOISY6969_mono_0160,AH,454,0.05999800000000022,36.692501,36.752499,DH,-,0,1,the,152,36.6525,36.752499,to,-
NOISY6969_mono,NOISY6969_mono_0161,AA,457,0.06999900000000281,36.876202,36.946201,P,R,0,1,par,154,36.846199,37.056198,-,-
NOISY6969_mono,NOISY6969_mono_0162,AH,460,0.060001999999997224,37.513599,37.573601,-,K,0,0,a,156,37.513599,37.573601,-,kid
NOISY6969_mono,NOISY6969_mono_0163,IH,462,0.09999899999999684,37.683601,37.7836,K,D,0,1,kid,157,37.573601,37.8536,a,zoomed
NOISY6969_mono,NOISY6969_mono_0164,UW,465,0.08000200000000035,37.883598,37.9636,Z,M,0,1,zoomed,158,37.8536,38.023602,kid,by
NOISY6969_mono,NOISY6969_mono_0165,AY,469,0.07999799999999624,38.0536,38.133598,B,AA1,0,1,by,159,38.023602,38.133598,zoomed,on
NOISY6969_mono,NOISY6969_mono_0166,AA,470,0.08000200000000035,38.133598,38.2136,AY1,N,0,1,on,160,38.133598,38.253601,by,a
NOISY6969_mono,NOISY6969_mono_0167,AH,472,0.07999799999999624,38.253601,38.333599,N,S,0,0,a,161,38.253601,38.333599,on,scooter
NOISY6969_mono,NOISY6969_mono_0168,UW,475,0.11000000000000654,38.573601,38.683601,K,T,0,1,scooter,162,38.333599,38.933601,a,yelling
NOISY6969_mono,NOISY6969_mono_0169,ER,477,0.21000300000000038,38.723598,38.933601,T,Y,0,0,scooter,162,38.333599,38.933601,a,yelling
NOISY6969_mono,NOISY6969_mono_0170,EH,479,0.07000000000000028,39.0336,39.1036,Y,L,0,1,yelling,163,38.933601,39.343601,scooter,zoom
NOISY6969_mono,NOISY6969_mono_0171,IH,481,0.08000199999999325,39.1936,39.273602,L,NG,0,0,yelling,163,38.933601,39.343601,scooter,zoom
NOISY6969_mono,NOISY6969_mono_0172,UW,484,0.14999800000000363,39.453602,39.6036,Z,M,0,1,zoom,164,39.343601,39.673599,yelling,zoom
NOISY6969_mono,NOISY6969_mono_0173,UW,487,0.2299989999999994,39.743599,39.973598,Z,M,0,1,zoom,165,39.673599,40.0336,zoom,-
NOISY6969_mono,NOISY6969_mono_0174,AY,491,0.07999800000000334,40.370701,40.450699,L,K,0,1,like,167,40.340698,40.500702,-,it
NOISY6969_mono,--,IH,493,0.02999900000000366,40.500702,40.530701,K,W,1,0,it,168,40.500702,40.530701,like,was
NOISY6969_mono,NOISY6969_mono_0175,AH,495,0.060001999999997224,40.590698,40.6507,W,Z,0,0,was,169,40.530701,40.690701,it,sound
NOISY6969_mono,NOISY6969_mono_0176,AW,498,0.139998999999996,40.780701,40.9207,S,N,0,1,sound,170,40.690701,40.980701,was,effect
NOISY6969_mono,--,AH,501,0.029998999999996556,40.980701,41.0107,D,F,1,0,effect,171,40.980701,41.4007,sound,that
NOISY6969_mono,NOISY6969_mono_0177,EH,503,0.1100009999999969,41.1007,41.210701,F,K,0,1,effect,171,40.980701,41.4007,sound,that
NOISY6969_mono,NOISY6969_mono_0178,AE,507,0.07999800000000334,41.440701,41.520699,DH,T,0,1,that,172,41.4007,41.560699,effect,summoned
NOISY6969_mono,NOISY6969_mono_0179,AH,510,0.07999800000000334,41.620701,41.700699,S,M,0,1,summoned,173,41.560699,41.8507,that,speed
NOISY6969_mono,NOISY6969_mono_0180,AH,512,0.04000100000000373,41.7407,41.780701,M,N,0,0,summoned,173,41.560699,41.8507,that,speed
NOISY6969_mono,NOISY6969_mono_0181,IY,517,0.1999970000000033,42.000702,42.200699,P,D,0,1,speed,174,41.8507,42.290699,summoned,-
NOISY6969_mono,NOISY6969_mono_0182,AY,520,0.06999900000000281,42.787102,42.857101,-,S,0,1,i,176,42.787102,42.857101,-,sat
NOISY6969_mono,NOISY6969_mono_0183,AE,522,0.05999699999999564,42.947102,43.007099,S,T,0,1,sat,177,42.857101,43.037102,i,under
NOISY6969_mono,NOISY6969_mono_0184,AH,524,0.04999899999999968,43.037102,43.087101,T,N,0,1,under,178,43.037102,43.2071,sat,a
NOISY6969_mono,NOISY6969_mono_0185,ER,527,0.04999899999999968,43.157101,43.2071,D,AH0,0,0,under,178,43.037102,43.2071,sat,a
NOISY6969_mono,NOISY6969_mono_0186,AH,528,0.06000099999999975,43.2071,43.267101,ER0,T,0,0,a,179,43.2071,43.267101,under,tree
NOISY6969_mono,NOISY6969_mono_0187,IY,531,0.1200019999999995,43.487099,43.607101,R,L,0,1,tree,180,43.267101,43.607101,a,listened
NOISY6969_mono,NOISY6969_mono_0188,IH,533,0.05999700000000274,43.657101,43.717098,L,S,0,1,listened,181,43.607101,43.857101,tree,to
NOISY6969_mono,--,AH,535,0.02999900000000366,43.767101,43.7971,S,N,1,0,listened,181,43.607101,43.857101,tree,to
NOISY6969_mono,NOISY6969_mono_0189,AH,539,0.04999900000000679,43.8871,43.937099,T,DH,0,0,to,182,43.857101,43.937099,listened,the
NOISY6969_mono,NOISY6969_mono_0190,AH,541,0.05000299999999669,43.987099,44.037102,DH,B,0,0,the,183,43.937099,44.037102,to,breeze
NOISY6969_mono,NOISY6969_mono_0191,IY,544,0.20999900000000338,44.2071,44.417099,R,Z,0,1,breeze,184,44.037102,44.4865,the,-
NOISY6969_mono,NOISY6969_mono_0192,AE,547,0.04000099999999662,44.8307,44.870701,-,N,0,1,and,186,44.8307,44.950699,-,watched
NOISY6969_mono,NOISY6969_mono_0193,AA,551,0.1400030000000001,45.020699,45.160702,W,CH,0,1,watched,187,44.950699,45.230701,and,a
NOISY6969_mono,NOISY6969_mono_0194,AH,554,0.05999799999999311,45.230701,45.290699,T,Y,0,0,a,188,45.230701,45.290699,watched,yellow
NOISY6969_mono,NOISY6969_mono_0195,EH,556,0.050003000000003794,45.360699,45.410702,Y,L,0,1,yellow,189,45.290699,45.540699,a,balloon
NOISY6969_mono,NOISY6969_mono_0196,OW,558,0.05999799999999311,45.480701,45.540699,L,B,0,0,yellow,189,45.290699,45.540699,a,balloon
NOISY6969_mono,--,AH,560,0.010002000000000066,45.610699,45.620701,B,L,1,0,balloon,190,45.540699,45.960701,yellow,get
NOISY6969_mono,NOISY6969_mono_0197,UW,562,0.1800009999999972,45.730701,45.910702,L,N,0,1,balloon,190,45.540699,45.960701,yellow,get
NOISY6969_mono,NOISY6969_mono_0198,EH,565,0.06000099999999975,46.020699,46.0807,G,T,0,1,get,191,45.960701,46.130699,balloon,tangled
NOISY6969_mono,NOISY6969_mono_0199,AE,568,0.05999799999999311,46.230701,46.290699,T,NG,0,1,tangled,192,46.130699,46.5107,get,in
NOISY6969_mono,NOISY6969_mono_0200,AH,571,0.030003000000000668,46.380699,46.410702,G,L,0,0,tangled,192,46.130699,46.5107,get,in
NOISY6969_mono,NOISY6969_mono_0201,IH,574,0.060001999999997224,46.5107,46.570702,D,N,0,0,in,193,46.5107,46.6007,tangled,a
NOISY6969_mono,NOISY6969_mono_0202,AH,576,0.04000099999999662,46.6007,46.640701,N,P,0,0,a,194,46.6007,46.640701,in,power
NOISY6969_mono,NOISY6969_mono_0203,AW,578,0.09999899999999684,46.7607,46.860699,P,ER0,0,1,power,195,46.640701,46.940701,a,line
NOISY6969_mono,NOISY6969_mono_0204,ER,579,0.08000200000000035,46.860699,46.940701,AW1,L,0,0,power,195,46.640701,46.940701,a,line
NOISY6969_mono,NOISY6969_mono_0205,AY,581,0.15000200000000063,47.0107,47.160702,L,N,0,1,line,196,46.940701,47.2104,power,-
NOISY6969_mono,NOISY6969_mono_0206,IH,585,0.08000200000000035,47.6367,47.716702,W,R,0,1,weird,198,47.536701,47.806702,-,morning
NOISY6969_mono,NOISY6969_mono_0207,AO,589,0.08000200000000035,47.846699,47.926701,M,R,0,1,morning,199,47.806702,48.175098,weird,-
NOISY6969_mono,NOISY6969_mono_0208,IH,592,0.1100009999999969,48.036701,48.146702,N,NG,0,0,morning,199,47.806702,48.175098,weird,-
NOISY6969_mono,NOISY6969_mono_0209,AH,596,0.030003000000000668,48.537399,48.567402,B,AA1,0,1,but,201,48.507401,48.567402,-,honestly
NOISY6969_mono,NOISY6969_mono_0210,AA,597,0.12999699999999592,48.567402,48.697399,AH1,N,0,1,honestly,202,48.567402,49.097401,but,-
NOISY6969_mono,NOISY6969_mono_0211,AH,599,0.04999899999999968,48.7374,48.787399,N,S,0,0,honestly,202,48.567402,49.097401,but,-
NOISY6969_mono,NOISY6969_mono_0212,IY,602,0.1599999999999966,48.937401,49.097401,L,-,0,0,honestly,202,48.567402,49.097401,but,-
NOISY6969_mono,NOISY6969_mono_0213,AA,605,0.09000000000000341,49.274899,49.364899,N,T,0,1,not,204,49.224899,49.4049,-,the
NOISY6969_mono,NOISY6969_mono_0214,AH,608,0.06000200000000433,49.434898,49.4949,DH,W,0,0,the,205,49.4049,49.4949,not,worst
NOISY6969_mono,NOISY6969_mono_0215,ER,610,0.15000200000000063,49.564899,49.714901,W,S,0,1,worst,206,49.4949,49.894901,the,-
PEEPOOPEE_mono,PEEPOOPEE_mono_0001,OW,3,0.030000000000000027,0.3349,0.3649,S,DH,0,1,so,2,0.2449,0.3649,-,this
PEEPOOPEE_mono,PEEPOOPEE_mono_0002,IH,5,0.06,0.4149,0.4749,DH,S,0,1,this,3,0.3649,0.5749,so,morning
PEEPOOPEE_mono,PEEPOOPEE_mono_0003,AO,8,0.04999999999999993,0.6349,0.6849,M,R,0,1,morning,4,0.5749,0.9549,this,-
PEEPOOPEE_mono,PEEPOOPEE_mono_0004,IH,11,0.09999999999999998,0.7749,0.8749,N,NG,0,0,morning,4,0.5749,0.9549,this,-
PEEPOOPEE_mono,PEEPOOPEE_mono_0005,AY,14,0.06000000000000005,1.2366,1.2966,-,W,0,1,i,6,1.2366,1.2966,-,woke
PEEPOOPEE_mono,PEEPOOPEE_mono_0006,OW,16,0.06999999999999984,1.3966,1.4666,W,K,0,1,woke,7,1.2966,1.5566,i,up
PEEPOOPEE_mono,PEEPOOPEE_mono_0007,AH,18,0.050000000000000044,1.5566,1.6066,K,P,0,1,up,8,1.5566,1.6366,woke,-
PEEPOOPEE_mono,PEEPOOPEE_mono_0008,EY,22,0.13000000000000012,1.7866,1.9166,L,AH0,0,1,late,10,1.6766,1.9166,-,and
PEEPOOPEE_mono,PEEPOOPEE_mono_0009,AH,23,0.039999999999999813,1.9166,1.9566,EY1,N,0,0,and,11,1.9166,1.9966,late,immediately
PEEPOOPEE_mono,PEEPOOPEE_mono_0010,IH,26,0.03000000000000025,1.9966,2.0266,D,M,0,0,immediately,12,1.9966,2.4866,and,stubbed
PEEPOOPEE_mono,PEEPOOPEE_mono_0011,IY,28,0.06999999999999984,2.1166,2.1866,M,D,0,1,immediately,12,1.9966,2.4866,and,stubbed
PEEPOOPEE_mono,PEEPOOPEE_mono_0012,IY,30,0.04999999999999982,2.2366,2.2866,D,AH0,0,0,immediately,12,1.9966,2.4866,and,stubbed
PEEPOOPEE_mono,PEEPOOPEE_mono_0013,AH,31,0.03000000000000025,2.2866,2.3166,IY0,T,0,0,immediately,12,1.9966,2.4866,and,stubbed
PEEPOOPEE_mono,PEEPOOPEE_mono_0014,IY,34,0.10000000000000009,2.3866,2.4866,L,S,0,0,immediately,12,1.9966,2.4866,and,stubbed
PEEPOOPEE_mono,PEEPOOPEE_mono_0015,AH,37,0.08000000000000007,2.6866,2.7666,T,B,0,1,stubbed,13,2.4866,2.8266,immediately,my
PEEPOOPEE_mono,PEEPOOPEE_mono_0016,AY,41,0.06999999999999984,2.8866,2.9566,M,T,0,1,my,14,2.8266,2.9566,stubbed,toe
PEEPOOPEE_mono,PEEPOOPEE_mono_0017,OW,43,0.1200000000000001,3.1266,3.2466,T,AA1,0,1,toe,15,2.9566,3.2466,my,on
PEEPOOPEE_mono,PEEPOOPEE_mono_0018,AA,44,0.07000000000000028,3.2466,3.3166,OW1,N,0,1,on,16,3.2466,3.3566,toe,the
PEEPOOPEE_mono,PEEPOOPEE_mono_0019,AH,47,0.03000000000000025,3.3966,3.4266,DH,D,0,0,the,17,3.3566,3.4266,on,dresser
PEEPOOPEE_mono,PEEPOOPEE_mono_0020,EH,50,0.06000000000000005,3.5366,3.5966,R,S,0,1,dresser,18,3.4266,3.7666,the,-
PEEPOOPEE_mono,PEEPOOPEE_mono_0021,ER,52,0.040000000000000036,3.7266,3.7666,S,-,0,0,dresser,18,3.4266,3.7666,the,-
PEEPOOPEE_mono,PEEPOOPEE_mono_0022,EY,56,0.0600000000000005,4.2634,4.3234,R,T,0,1,great,20,4.2034,4.3734,-,start
PEEPOOPEE_mono,PEEPOOPEE_mono_0023,AA,60,0.0600000000000005,4.4834,4.5434,T,R,0,1,start,21,4.3734,4.6334,great,right
PEEPOOPEE_mono,PEEPOOPEE_mono_0024,AY,64,0.13999999999999968,4.7134,4.8534,R,T,0,1,right,22,4.6334,4.9034,start,-
PEEPOOPEE_mono,PEEPOOPEE_mono_0025,AY,67,0.0600000000000005,5.5127,5.5727,-,G,0,1,i,24,5.5127,5.5727,-,grumbled
PEEPOOPEE_mono,PEEPOOPEE_mono_0026,AH,70,0.04999999999999982,5.7127,5.7627,R,M,0,1,grumbled,25,5.5727,5.9527,i,something
PEEPOOPEE_mono,--,AH,73,0.010000000000000675,5.8527,5.8627,B,L,1,0,grumbled,25,5.5727,5.9527,i,something
PEEPOOPEE_mono,--,AH,77,0.02999999999999936,6.0227,6.0527,S,M,1,1,something,26,5.9527,6.2327,grumbled,half
PEEPOOPEE_mono,PEEPOOPEE_mono_0027,IH,80,0.03000000000000025,6.1727,6.2027,TH,NG,0,0,something,26,5.9527,6.2327,grumbled,half
PEEPOOPEE_mono,PEEPOOPEE_mono_0028,AE,83,0.07000000000000028,6.3027,6.3727,HH,F,0,1,half,27,6.2327,6.4427,something,conscious
PEEPOOPEE_mono,PEEPOOPEE_mono_0029,AA,86,0.08999999999999986,6.5327,6.6227,K,N,0,1,conscious,28,6.4427,7.0127,half,-
PEEPOOPEE_mono,PEEPOOPEE_mono_0030,AH,89,0.13999999999999968,6.7527,6.8927,SH,S,0,0,conscious,28,6.4427,7.0127,half,-
PEEPOOPEE_mono,PEEPOOPEE_mono_0031,AE,94,0.09999999999999964,7.4084,7.5084,R,B,0,1,grabbed,30,7.3284,7.5784,-,whatever
PEEPOOPEE_mono,PEEPOOPEE_mono_0032,AH,98,0.03000000000000025,7.6284,7.6584,W,T,0,2,whatever,31,7.5784,7.8984,grabbed,shirt
PEEPOOPEE_mono,PEEPOOPEE_mono_0033,EH,100,0.05999999999999961,7.7084,7.7684,T,V,0,1,whatever,31,7.5784,7.8984,grabbed,shirt
PEEPOOPEE_mono,PEEPOOPEE_mono_0034,ER,102,0.0699999999999994,7.8284,7.8984,V,SH,0,0,whatever,31,7.5784,7.8984,grabbed,shirt
PEEPOOPEE_mono,PEEPOOPEE_mono_0035,ER,104,0.0600000000000005,8.0184,8.0784,SH,T,0,1,shirt,32,7.8984,8.1284,whatever,was
PEEPOOPEE_mono,--,AH,107,0.02999999999999936,8.1584,8.1884,W,Z,1,0,was,33,8.1284,8.2184,shirt,<unk>
PEEPOOPEE_mono,PEEPOOPEE_mono_0036,AH,111,0.030000000000001137,9.1535,9.1835,-,N,0,0,and,36,9.1535,9.2435,-,headed
PEEPOOPEE_mono,PEEPOOPEE_mono_0037,EH,115,0.05000000000000071,9.3035,9.3535,HH,D,0,1,headed,37,9.2435,9.4935,and,out
PEEPOOPEE_mono,PEEPOOPEE_mono_0038,IH,117,0.05000000000000071,9.3935,9.4435,D,D,0,0,headed,37,9.2435,9.4935,and,out
PEEPOOPEE_mono,PEEPOOPEE_mono_0039,AW,119,0.09000000000000163,9.4935,9.5835,D,T,0,1,out,38,9.4935,9.6835,headed,-
PEEPOOPEE_mono,--,AH,123,0.02999999999999936,10.5152,10.5452,DH,S,1,0,the,40,10.4852,10.5452,-,sky
PEEPOOPEE_mono,PEEPOOPEE_mono_0040,AY,126,0.120000000000001,10.6952,10.8152,K,L,0,1,sky,41,10.5452,10.8152,the,looked
PEEPOOPEE_mono,PEEPOOPEE_mono_0041,UH,128,0.040000000000000924,10.8752,10.9152,L,K,0,1,looked,42,10.8152,11.0252,sky,weird
PEEPOOPEE_mono,PEEPOOPEE_mono_0042,IH,132,0.07000000000000028,11.1252,11.1952,W,R,0,1,weird,43,11.0252,11.3252,looked,-
PEEPOOPEE_mono,PEEPOOPEE_mono_0043,AY,137,0.049999999999998934,11.7125,11.7625,L,K,0,1,like,45,11.6825,11.8025,-,that
PEEPOOPEE_mono,PEEPOOPEE_mono_0044,AE,140,0.05000000000000071,11.8425,11.8925,DH,T,0,1,that,46,11.8025,11.9525,like,shade
PEEPOOPEE_mono,PEEPOOPEE_mono_0045,EY,143,0.08000000000000007,12.0325,12.1125,SH,D,0,1,shade,47,11.9525,12.1425,that,of
PEEPOOPEE_mono,PEEPOOPEE_mono_0046,AH,145,0.07000000000000028,12.1425,12.2125,D,V,0,0,of,48,12.1425,12.2825,shade,-
PEEPOOPEE_mono,PEEPOOPEE_mono_0047,UW,150,0.08000000000000007,12.4148,12.4948,L,G,0,1,blue,50,12.3148,12.4948,-,gray
PEEPOOPEE_mono,PEEPOOPEE_mono_0048,EY,153,0.09999999999999964,12.6648,12.7648,R,DH,0,1,gray,51,12.4948,12.7648,blue,that
PEEPOOPEE_mono,PEEPOOPEE_mono_0049,AE,155,0.03999999999999915,12.8148,12.8548,DH,T,0,1,that,52,12.7648,12.8848,gray,makes
PEEPOOPEE_mono,PEEPOOPEE_mono_0050,EY,158,0.07000000000000028,12.9748,13.0448,M,K,0,1,makes,53,12.8848,13.1748,that,you
PEEPOOPEE_mono,PEEPOOPEE_mono_0051,UW,162,0.03999999999999915,13.2148,13.2548,Y,K,0,1,you,54,13.1748,13.2548,makes,question
PEEPOOPEE_mono,PEEPOOPEE_mono_0052,EH,165,0.0600000000000005,13.3848,13.4448,W,SH,0,1,question,55,13.2548,13.7148,you,if
PEEPOOPEE_mono,PEEPOOPEE_mono_0053,AH,167,0.05000000000000071,13.5848,13.6348,SH,N,0,0,question,55,13.2548,13.7148,you,if
PEEPOOPEE_mono,PEEPOOPEE_mono_0054,IH,169,0.07000000000000028,13.7148,13.7848,N,F,0,1,if,56,13.7148,13.8948,question,it's
PEEPOOPEE_mono,PEEPOOPEE_mono_0055,IH,171,0.03999999999999915,13.8948,13.9348,F,T,0,0,it's,57,13.8948,14.0348,if,about
PEEPOOPEE_mono,PEEPOOPEE_mono_0056,AH,174,0.049999999999998934,14.0348,14.0848,S,B,0,0,about,58,14.0348,14.2748,it's,to
PEEPOOPEE_mono,PEEPOOPEE_mono_0057,AW,176,0.08999999999999986,14.1448,14.2348,B,T,0,1,about,58,14.0348,14.2748,it's,to
PEEPOOPEE_mono,--,UW,179,0.02999900000000011,14.3748,14.404799,T,R,1,1,to,59,14.2748,14.404799,about,rain
PEEPOOPEE_mono,PEEPOOPEE_mono_0058,EY,181,0.0600000000000005,14.4748,14.5348,R,N,0,1,rain,60,14.404799,14.5848,to,or
PEEPOOPEE_mono,PEEPOOPEE_mono_0059,ER,183,0.05000000000000071,14.5848,14.6348,N,N,0,0,or,61,14.5848,14.6348,rain,not
PEEPOOPEE_mono,PEEPOOPEE_mono_0060,AA,185,0.05000000000000071,14.6848,14.7348,N,T,0,1,not,62,14.6348,14.8248,or,-
PEEPOOPEE_mono,PEEPOOPEE_mono_0061,AY,188,0.08999999999999986,15.6477,15.7377,-,S,0,1,i,64,15.6477,15.7377,-,stopped
PEEPOOPEE_mono,PEEPOOPEE_mono_0062,AA,191,0.10999999999999943,15.8977,16.0077,T,P,0,1,stopped,65,15.7377,16.117701,i,by
PEEPOOPEE_mono,PEEPOOPEE_mono_0063,AY,195,0.08000000000000185,16.1577,16.2377,B,DH,0,1,by,66,16.117701,16.2377,stopped,the
PEEPOOPEE_mono,PEEPOOPEE_mono_0064,AH,197,0.03999899999999812,16.2677,16.307699,DH,K,0,0,the,67,16.2377,16.307699,by,corner
PEEPOOPEE_mono,PEEPOOPEE_mono_0065,AO,199,0.030000999999998612,16.4277,16.457701,K,R,0,1,corner,68,16.307699,16.5777,the,store
PEEPOOPEE_mono,PEEPOOPEE_mono_0066,ER,202,0.03999900000000167,16.537701,16.5777,N,S,0,0,corner,68,16.307699,16.5777,the,store
PEEPOOPEE_mono,PEEPOOPEE_mono_0067,AO,205,0.04999899999999968,16.707701,16.7577,T,R,0,1,store,69,16.5777,16.817699,corner,to
PEEPOOPEE_mono,PEEPOOPEE_mono_0068,AH,208,0.03999900000000167,16.8477,16.887699,T,G,0,0,to,70,16.817699,16.887699,store,grab
PEEPOOPEE_mono,PEEPOOPEE_mono_0069,AE,211,0.08999999999999986,17.0177,17.1077,R,B,0,1,grab,71,16.887699,17.147699,to,a
PEEPOOPEE_mono,PEEPOOPEE_mono_0070,AH,213,0.050001999999999214,17.147699,17.197701,B,T,0,0,a,72,17.147699,17.197701,grab,toasted
PEEPOOPEE_mono,PEEPOOPEE_mono_0071,OW,215,0.060001999999997224,17.317699,17.377701,T,S,0,1,toasted,73,17.197701,17.567699,a,bagel
PEEPOOPEE_mono,--,IH,218,0.029998999999996556,17.467701,17.4977,T,D,1,0,toasted,73,17.197701,17.567699,a,bagel
PEEPOOPEE_mono,PEEPOOPEE_mono_0072,EY,221,0.09000099999999733,17.6077,17.697701,B,G,0,1,bagel,74,17.567699,17.8377,toasted,and
PEEPOOPEE_mono,PEEPOOPEE_mono_0073,AH,223,0.050000999999998186,17.727699,17.7777,G,L,0,0,bagel,74,17.567699,17.8377,toasted,and
PEEPOOPEE_mono,PEEPOOPEE_mono_0074,AH,225,0.030000999999998612,17.8377,17.867701,L,N,0,0,and,75,17.8377,17.9277,bagel,orange
PEEPOOPEE_mono,PEEPOOPEE_mono_0075,AO,228,0.03999899999999812,17.9277,17.967699,D,R,0,1,orange,76,17.9277,18.1877,and,juice
PEEPOOPEE_mono,--,AH,230,0.02999900000000011,18.047701,18.0777,R,N,1,0,orange,76,17.9277,18.1877,and,juice
PEEPOOPEE_mono,PEEPOOPEE_mono_0076,UW,234,0.10000000000000142,18.2377,18.3377,JH,S,0,1,juice,77,18.1877,18.4977,orange,-
PEEPOOPEE_mono,--,AH,238,0.029999999999997584,18.768,18.798,B,T,1,1,but,79,18.747999,18.827999,-,they
PEEPOOPEE_mono,PEEPOOPEE_mono_0077,EY,241,0.040001000000000175,18.868,18.908001,DH,W,0,1,they,80,18.827999,18.908001,but,were
PEEPOOPEE_mono,PEEPOOPEE_mono_0078,ER,243,0.14999999999999858,18.948,19.098,W,-,0,0,were,81,18.908001,19.098,they,-
PEEPOOPEE_mono,PEEPOOPEE_mono_0079,AW,245,0.11999899999999997,19.138,19.257999,-,T,0,1,out,83,19.138,19.298,-,of
PEEPOOPEE_mono,--,AH,247,0.02999900000000011,19.298,19.327999,T,V,1,0,of,84,19.298,19.427999,out,both
PEEPOOPEE_mono,PEEPOOPEE_mono_0080,OW,250,0.06999899999999926,19.478001,19.548,B,TH,0,1,both,85,19.427999,19.798,of,-
PEEPOOPEE_mono,--,IY,254,0.029999999999997584,20.3564,20.3864,DH,K,1,0,the,87,20.326401,20.3864,-,cashier
PEEPOOPEE_mono,PEEPOOPEE_mono_0081,AE,256,0.08999999999999986,20.486401,20.576401,K,SH,0,0,cashier,88,20.3864,20.7764,the,joked
PEEPOOPEE_mono,PEEPOOPEE_mono_0082,IH,258,0.060001999999997224,20.686399,20.746401,SH,R,0,1,cashier,88,20.3864,20.7764,the,joked
PEEPOOPEE_mono,PEEPOOPEE_mono_0083,OW,261,0.14000000000000057,20.8964,21.0364,JH,K,0,1,joked,89,20.7764,21.2064,cashier,-
PEEPOOPEE_mono,--,IH,265,0.010000000000001563,21.6297,21.6397,-,T,1,1,it's,91,21.6297,21.7097,-,monday
PEEPOOPEE_mono,PEEPOOPEE_mono_0084,AH,269,0.06000099999999975,21.769699,21.8297,M,N,0,1,monday,92,21.7097,22.029699,it's,energy
PEEPOOPEE_mono,PEEPOOPEE_mono_0085,EY,272,0.10999800000000093,21.919701,22.029699,D,EH1,0,2,monday,92,21.7097,22.029699,it's,energy
PEEPOOPEE_mono,PEEPOOPEE_mono_0086,EH,273,0.0799999999999983,22.029699,22.109699,EY2,N,0,1,energy,93,22.029699,22.449699,monday,-
PEEPOOPEE_mono,PEEPOOPEE_mono_0087,ER,275,0.05000000000000071,22.1597,22.2097,N,JH,0,0,energy,93,22.029699,22.449699,monday,-
PEEPOOPEE_mono,PEEPOOPEE_mono_0088,IY,277,0.14999899999999755,22.2997,22.449699,JH,-,0,0,energy,93,22.029699,22.449699,monday,-
PEEPOOPEE_mono,PEEPOOPEE_mono_0089,AE,279,0.07000199999999879,23.203699,23.273701,-,N,0,1,and,95,23.203699,23.3337,-,i
PEEPOOPEE_mono,PEEPOOPEE_mono_0090,AY,282,0.07000000000000028,23.3337,23.4037,D,HH,0,1,i,96,23.3337,23.4037,and,half
PEEPOOPEE_mono,PEEPOOPEE_mono_0091,AE,284,0.13000100000000003,23.543699,23.6737,HH,F,0,1,half,97,23.4037,23.793699,i,laughed
PEEPOOPEE_mono,PEEPOOPEE_mono_0092,AE,287,0.14000199999999907,23.883699,24.023701,L,F,0,1,laughed,98,23.793699,24.1737,half,because
PEEPOOPEE_mono,PEEPOOPEE_mono_0093,IH,291,0.040001000000000175,24.203699,24.2437,B,K,0,0,because,99,24.1737,24.533701,laughed,yeah
PEEPOOPEE_mono,PEEPOOPEE_mono_0094,AH,293,0.11000100000000046,24.3337,24.443701,K,Z,0,0,because,99,24.1737,24.533701,laughed,yeah
PEEPOOPEE_mono,PEEPOOPEE_mono_0095,AE,296,0.1799980000000012,24.613701,24.793699,Y,-,0,1,yeah,100,24.533701,24.793699,because,-
PEEPOOPEE_mono,PEEPOOPEE_mono_0096,UW,300,0.1700000000000017,25.242901,25.412901,R,-,0,1,true,102,25.1229,25.412901,-,-
PEEPOOPEE_mono,PEEPOOPEE_mono_0097,AY,302,0.20000099999999676,26.2829,26.482901,-,-,0,1,i,104,26.2829,26.482901,-,-
PEEPOOPEE_mono,PEEPOOPEE_mono_0098,UH,305,0.13999899999999954,26.8158,26.955799,T,K,0,1,took,106,26.705799,27.125799,-,-
PEEPOOPEE_mono,PEEPOOPEE_mono_0099,EY,308,0.11999899999999997,27.650801,27.7708,-,S,0,1,a,108,27.650801,27.7708,-,seat
PEEPOOPEE_mono,PEEPOOPEE_mono_0100,IY,310,0.1499990000000011,27.980801,28.1308,S,T,0,1,seat,109,27.7708,28.1908,a,near
PEEPOOPEE_mono,PEEPOOPEE_mono_0101,IH,313,0.12000100000000202,28.2808,28.400801,N,R,0,1,near,110,28.1908,28.4608,seat,the
PEEPOOPEE_mono,PEEPOOPEE_mono_0102,AH,316,0.050002000000002766,28.510799,28.560801,DH,W,0,0,the,111,28.4608,28.560801,near,window
PEEPOOPEE_mono,PEEPOOPEE_mono_0103,IH,318,0.06000200000000078,28.670799,28.730801,W,N,0,1,window,112,28.560801,29.0508,the,-
PEEPOOPEE_mono,PEEPOOPEE_mono_0104,OW,321,0.2200009999999999,28.830799,29.0508,D,-,0,0,window,112,28.560801,29.0508,the,-
PEEPOOPEE_mono,PEEPOOPEE_mono_0105,OW,326,0.059999000000001246,29.5828,29.642799,R,L,0,1,scrolled,114,29.382799,29.712799,-,my
PEEPOOPEE_mono,PEEPOOPEE_mono_0106,AY,330,0.0799999999999983,29.7728,29.8528,M,F,0,1,my,115,29.712799,29.8528,scrolled,phone
PEEPOOPEE_mono,PEEPOOPEE_mono_0107,OW,332,0.20000100000000032,30.0028,30.202801,F,N,0,1,phone,116,29.8528,30.2628,my,and
PEEPOOPEE_mono,PEEPOOPEE_mono_0108,AE,334,0.15000000000000213,30.2628,30.4128,N,N,0,1,and,117,30.2628,30.5028,phone,-
PEEPOOPEE_mono,PEEPOOPEE_mono_0109,OW,338,0.08999800000000135,30.660801,30.750799,-,V,0,1,overheard,119,30.660801,31.1208,-,someone
PEEPOOPEE_mono,PEEPOOPEE_mono_0110,ER,340,0.06999899999999926,30.820801,30.8908,V,HH,0,0,overheard,119,30.660801,31.1208,-,someone
PEEPOOPEE_mono,PEEPOOPEE_mono_0111,ER,342,0.09999999999999787,30.9508,31.0508,HH,D,0,1,overheard,119,30.660801,31.1208,-,someone
PEEPOOPEE_mono,PEEPOOPEE_mono_0112,AH,345,0.050001999999999214,31.180799,31.230801,S,M,0,1,someone,120,31.1208,31.3808,overheard,say
PEEPOOPEE_mono,--,AH,348,0.02999900000000011,31.3008,31.330799,W,N,1,2,someone,120,31.1208,31.3808,overheard,say
PEEPOOPEE_mono,PEEPOOPEE_mono_0113,EY,351,0.2699999999999996,31.5308,31.8008,S,-,0,1,say,121,31.3808,31.8008,someone,-
PEEPOOPEE_mono,PEEPOOPEE_mono_0114,AH,354,0.05000299999999669,32.300598,32.350601,DH,JH,0,0,the,123,32.270599,32.350601,-,giraffe
PEEPOOPEE_mono,PEEPOOPEE_mono_0115,ER,356,0.1100009999999969,32.430599,32.5406,JH,AE1,0,0,giraffe,124,32.350601,32.840599,the,exhibit
PEEPOOPEE_mono,PEEPOOPEE_mono_0116,AE,357,0.17999999999999972,32.5406,32.7206,ER0,F,0,1,giraffe,124,32.350601,32.840599,the,exhibit
PEEPOOPEE_mono,PEEPOOPEE_mono_0117,IH,359,0.030003000000000668,32.840599,32.870602,F,G,0,0,exhibit,125,32.840599,33.300598,giraffe,-
PEEPOOPEE_mono,PEEPOOPEE_mono_0118,IH,362,0.07999799999999624,33.010601,33.090599,Z,B,0,1,exhibit,125,32.840599,33.300598,giraffe,-
PEEPOOPEE_mono,PEEPOOPEE_mono_0119,IH,364,0.09000100000000089,33.1506,33.240601,B,T,0,0,exhibit,125,32.840599,33.300598,giraffe,-
PEEPOOPEE_mono,PEEPOOPEE_mono_0120,OW,367,0.11000100000000401,33.340599,33.4506,-,P,0,1,opens,127,33.340599,33.660599,-,at
PEEPOOPEE_mono,PEEPOOPEE_mono_0121,AH,369,0.04999899999999968,33.510601,33.5606,P,N,0,0,opens,127,33.340599,33.660599,-,at
PEEPOOPEE_mono,PEEPOOPEE_mono_0122,AE,372,0.08000200000000035,33.660599,33.740601,Z,T,0,1,at,128,33.660599,33.780602,opens,noon
PEEPOOPEE_mono,PEEPOOPEE_mono_0123,UW,375,0.15999899999999911,33.8606,34.020599,N,N,0,1,noon,129,33.780602,34.080601,at,-
PEEPOOPEE_mono,PEEPOOPEE_mono_0124,IH,379,0.04000099999999662,34.4664,34.506401,W,CH,0,1,which,131,34.436401,34.586399,-,felt
PEEPOOPEE_mono,PEEPOOPEE_mono_0125,EH,382,0.030003000000000668,34.636398,34.666401,F,L,0,1,felt,132,34.586399,34.766399,which,-
PEEPOOPEE_mono,PEEPOOPEE_mono_0126,AA,386,0.13000100000000003,34.8064,34.936401,-,D,0,1,oddly,134,34.8064,35.026402,-,profound
PEEPOOPEE_mono,PEEPOOPEE_mono_0127,IY,389,0.030003000000000668,34.996399,35.026402,L,P,0,0,oddly,134,34.8064,35.026402,-,profound
PEEPOOPEE_mono,--,OW,392,0.02999799999999908,35.116402,35.1464,R,F,1,0,profound,135,35.026402,35.416401,oddly,at
PEEPOOPEE_mono,PEEPOOPEE_mono_0128,AW,394,0.09999799999999937,35.236401,35.336399,F,N,0,1,profound,135,35.026402,35.416401,oddly,at
PEEPOOPEE_mono,--,AE,397,0.029998999999996556,35.416401,35.4464,D,T,1,1,at,136,35.416401,35.486401,profound,the
PEEPOOPEE_mono,--,AH,400,0.02999799999999908,35.526402,35.5564,DH,T,1,0,the,137,35.486401,35.5564,at,time
PEEPOOPEE_mono,PEEPOOPEE_mono_0129,AY,402,0.13000099999999293,35.676399,35.8064,T,M,0,1,time,138,35.5564,35.886398,the,-
PEEPOOPEE_mono,PEEPOOPEE_mono_0130,AE,405,0.09999799999999937,36.6894,36.789398,-,F,0,1,after,140,36.6894,36.969398,-,a
PEEPOOPEE_mono,PEEPOOPEE_mono_0131,ER,408,0.04999899999999968,36.919399,36.969398,T,AH0,0,0,after,140,36.6894,36.969398,-,a
PEEPOOPEE_mono,PEEPOOPEE_mono_0132,AH,409,0.04000100000000373,36.969398,37.009399,ER0,F,0,0,a,141,36.969398,37.009399,after,few
PEEPOOPEE_mono,PEEPOOPEE_mono_0133,UW,412,0.039996999999999616,37.199402,37.239399,Y,B,0,1,few,142,37.009399,37.239399,a,bites
PEEPOOPEE_mono,PEEPOOPEE_mono_0134,AY,414,0.11999899999999997,37.339401,37.4594,B,T,0,1,bites,143,37.239399,37.559399,few,of
PEEPOOPEE_mono,PEEPOOPEE_mono_0135,AH,417,0.050003000000003794,37.559399,37.609402,S,V,0,0,of,144,37.559399,37.669399,bites,something
PEEPOOPEE_mono,PEEPOOPEE_mono_0136,AH,420,0.05999800000000022,37.749401,37.809399,S,M,0,1,something,145,37.669399,38.0494,of,vaguely
PEEPOOPEE_mono,--,IH,423,0.02999799999999908,37.9394,37.969398,TH,NG,1,0,something,145,37.669399,38.0494,of,vaguely
PEEPOOPEE_mono,PEEPOOPEE_mono_0137,EY,426,0.09999799999999937,38.1194,38.219398,V,G,0,1,vaguely,146,38.0494,38.4394,something,egg
PEEPOOPEE_mono,PEEPOOPEE_mono_0138,IY,429,0.11999899999999997,38.319401,38.4394,L,EH1,0,0,vaguely,146,38.0494,38.4394,something,egg
PEEPOOPEE_mono,PEEPOOPEE_mono_0139,EH,430,0.09000000000000341,38.4394,38.5294,IY0,G,0,1,egg,147,38.4394,38.589401,vaguely,shaped
PEEPOOPEE_mono,PEEPOOPEE_mono_0140,EY,433,0.1399990000000031,38.699402,38.839401,SH,P,0,1,shaped,148,38.589401,38.929401,egg,-
PEEPOOPEE_mono,PEEPOOPEE_mono_0141,AY,437,0.07000000000000028,39.249901,39.319901,-,W,0,1,i,150,39.249901,39.319901,-,wandered
PEEPOOPEE_mono,PEEPOOPEE_mono_0142,AA,439,0.07000000000000028,39.4599,39.5299,W,N,0,1,wandered,151,39.319901,39.679901,i,to
PEEPOOPEE_mono,PEEPOOPEE_mono_0143,ER,442,0.04000099999999662,39.599899,39.6399,D,D,0,0,wandered,151,39.319901,39.679901,i,to
PEEPOOPEE_mono,PEEPOOPEE_mono_0144,AH,445,0.030003000000000668,39.759899,39.789902,T,DH,0,0,to,152,39.679901,39.789902,wandered,the
PEEPOOPEE_mono,PEEPOOPEE_mono_0145,AH,447,0.04000100000000373,39.829899,39.8699,DH,P,0,0,the,153,39.789902,39.8699,to,park
PEEPOOPEE_mono,--,AA,449,0.029998999999996556,39.999901,40.0299,P,R,1,1,park,154,39.8699,40.199902,the,-
PEEPOOPEE_mono,PEEPOOPEE_mono_0146,AH,453,0.05000000000000426,40.7784,40.8284,-,K,0,0,a,156,40.7784,40.8284,-,kid
PEEPOOPEE_mono,PEEPOOPEE_mono_0147,IH,455,0.08000099999999577,40.948399,41.0284,K,D,0,1,kid,157,40.8284,41.118401,a,zoomed
PEEPOOPEE_mono,PEEPOOPEE_mono_0148,UW,458,0.13000100000000003,41.1884,41.318401,Z,M,0,1,zoomed,158,41.118401,41.458401,kid,by
PEEPOOPEE_mono,PEEPOOPEE_mono_0149,AY,462,0.18999800000000278,41.498402,41.6884,B,AA1,0,1,by,159,41.458401,41.6884,zoomed,on
PEEPOOPEE_mono,PEEPOOPEE_mono_0150,AA,463,0.0899999999999963,41.6884,41.7784,AY1,N,0,1,on,160,41.6884,41.8284,by,a
PEEPOOPEE_mono,PEEPOOPEE_mono_0151,AH,465,0.04000099999999662,41.8284,41.868401,N,S,0,0,a,161,41.8284,41.868401,on,scooter
PEEPOOPEE_mono,PEEPOOPEE_mono_0152,UW,468,0.10999999999999943,42.048401,42.158401,K,T,0,1,scooter,162,41.868401,42.378399,a,-
PEEPOOPEE_mono,PEEPOOPEE_mono_0153,ER,470,0.18999900000000025,42.1884,42.378399,T,-,0,0,scooter,162,41.868401,42.378399,a,-
PEEPOOPEE_mono,PEEPOOPEE_mono_0154,AH,472,0.07000000000000028,42.924099,42.994099,-,K,0,0,a,164,42.924099,42.994099,-,kid
PEEPOOPEE_mono,PEEPOOPEE_mono_0155,IH,474,0.08000200000000035,43.1241,43.204102,K,D,0,1,kid,165,42.994099,43.264099,a,zoomed
PEEPOOPEE_mono,PEEPOOPEE_mono_0156,UW,477,0.1099969999999999,43.384102,43.494099,Z,M,0,1,zoomed,166,43.264099,43.654099,kid,by
PEEPOOPEE_mono,PEEPOOPEE_mono_0157,AY,481,0.17999999999999972,43.704102,43.884102,B,AA1,0,1,by,167,43.654099,43.884102,zoomed,on
PEEPOOPEE_mono,PEEPOOPEE_mono_0158,AA,482,0.11999899999999997,43.884102,44.004101,AY1,N,0,1,on,168,43.884102,44.0541,by,a
PEEPOOPEE_mono,PEEPOOPEE_mono_0159,AH,484,0.04000100000000373,44.0541,44.094101,N,S,0,0,a,169,44.0541,44.094101,on,scooter
PEEPOOPEE_mono,PEEPOOPEE_mono_0160,UW,487,0.07000000000000028,44.264099,44.334099,K,T,0,1,scooter,170,44.094101,44.424099,a,yelling
PEEPOOPEE_mono,PEEPOOPEE_mono_0161,ER,489,0.04999899999999968,44.3741,44.424099,T,Y,0,0,scooter,170,44.094101,44.424099,a,yelling
PEEPOOPEE_mono,PEEPOOPEE_mono_0162,EH,491,0.07999799999999624,44.544102,44.6241,Y,L,0,1,yelling,171,44.424099,44.884102,scooter,-
PEEPOOPEE_mono,PEEPOOPEE_mono_0163,IH,493,0.08000200000000035,44.694099,44.774101,L,NG,0,0,yelling,171,44.424099,44.884102,scooter,-
PEEPOOPEE_mono,PEEPOOPEE_mono_0164,UW,497,0.1100009999999969,45.029499,45.1395,Z,M,0,1,zoom,173,44.949501,45.219501,-,zoom
PEEPOOPEE_mono,PEEPOOPEE_mono_0165,UW,500,0.22000099999999634,45.2995,45.519501,Z,M,0,1,zoom,174,45.219501,45.629501,zoom,-
PEEPOOPEE_mono,PEEPOOPEE_mono_0166,AY,506,0.0899999999999963,47.218899,47.308899,L,K,0,1,like,178,47.148899,47.398899,-,it
PEEPOOPEE_mono,PEEPOOPEE_mono_0167,IH,508,0.06000099999999975,47.398899,47.4589,K,W,0,0,it,179,47.398899,47.4589,like,was
PEEPOOPEE_mono,PEEPOOPEE_mono_0168,AH,510,0.07999800000000334,47.518902,47.5989,W,Z,0,1,was,180,47.4589,47.628899,it,a
PEEPOOPEE_mono,PEEPOOPEE_mono_0169,AH,512,0.06999900000000281,47.628899,47.698898,Z,S,0,0,a,181,47.628899,47.698898,was,sound
PEEPOOPEE_mono,PEEPOOPEE_mono_0170,AW,514,0.2000009999999932,47.858898,48.058899,S,N,0,1,sound,182,47.698898,48.1189,a,effect
PEEPOOPEE_mono,PEEPOOPEE_mono_0171,AH,517,0.04000100000000373,48.1189,48.158901,D,F,0,0,effect,183,48.1189,48.538898,sound,that
PEEPOOPEE_mono,PEEPOOPEE_mono_0172,EH,519,0.11000100000000401,48.308899,48.4189,F,K,0,1,effect,183,48.1189,48.538898,sound,that
PEEPOOPEE_mono,PEEPOOPEE_mono_0173,AE,523,0.06000099999999975,48.5989,48.658901,DH,T,0,1,that,184,48.538898,48.698898,effect,summoned
PEEPOOPEE_mono,PEEPOOPEE_mono_0174,AH,526,0.060001999999997224,48.788898,48.8489,S,M,0,1,summoned,185,48.698898,49.0289,that,speed
PEEPOOPEE_mono,PEEPOOPEE_mono_0175,AH,528,0.030003000000000668,48.898899,48.928902,M,N,0,0,summoned,185,48.698898,49.0289,that,speed
PEEPOOPEE_mono,PEEPOOPEE_mono_0176,IY,533,0.1599999999999966,49.2089,49.3689,P,-,0,1,speed,186,49.0289,49.3689,summoned,-
PEEPOOPEE_mono,PEEPOOPEE_mono_0177,AY,535,0.04999899999999968,49.851002,49.901001,-,S,0,1,i,188,49.851002,49.901001,-,sat
PEEPOOPEE_mono,PEEPOOPEE_mono_0178,AE,537,0.19000299999999726,50.070999,50.261002,S,T,0,1,sat,189,49.901001,50.291,i,under
PEEPOOPEE_mono,--,AH,539,0.02999900000000366,50.291,50.320999,T,N,1,1,under,190,50.291,50.441002,sat,a
PEEPOOPEE_mono,PEEPOOPEE_mono_0179,ER,542,0.06000099999999975,50.381001,50.441002,D,AH0,0,0,under,190,50.291,50.441002,sat,a
PEEPOOPEE_mono,PEEPOOPEE_mono_0180,AH,543,0.04999899999999968,50.441002,50.491001,ER0,T,0,0,a,191,50.441002,50.491001,under,tree
PEEPOOPEE_mono,PEEPOOPEE_mono_0181,IY,546,0.14000000000000057,50.671001,50.811001,R,-,0,1,tree,192,50.491001,50.811001,a,-
PEEPOOPEE_mono,PEEPOOPEE_mono_0182,IH,549,0.05000299999999669,51.147598,51.197601,L,S,0,1,listened,194,51.097599,51.3876,-,to
PEEPOOPEE_mono,--,AH,551,0.029998999999996556,51.2976,51.327599,S,N,1,0,listened,194,51.097599,51.3876,-,to
PEEPOOPEE_mono,PEEPOOPEE_mono_0183,AH,555,0.039996999999999616,51.447601,51.487598,T,DH,0,0,to,195,51.3876,51.487598,listened,the
PEEPOOPEE_mono,--,AH,557,0.029998999999996556,51.537601,51.5676,DH,B,1,0,the,196,51.487598,51.5676,to,breeze
PEEPOOPEE_mono,PEEPOOPEE_mono_0184,IY,560,0.17000200000000376,51.7076,51.877602,R,Z,0,1,breeze,197,51.5676,51.967602,the,-
PEEPOOPEE_mono,PEEPOOPEE_mono_0185,AE,563,0.08000200000000035,52.350399,52.430401,-,N,0,1,and,199,52.350399,52.540401,-,watched
PEEPOOPEE_mono,PEEPOOPEE_mono_0186,AA,567,0.1300019999999975,52.620399,52.750401,W,CH,0,1,watched,200,52.540401,52.9104,and,a
PEEPOOPEE_mono,PEEPOOPEE_mono_0187,AH,570,0.07999799999999624,52.9104,52.990398,T,Y,0,0,a,201,52.9104,52.990398,watched,yellow
PEEPOOPEE_mono,PEEPOOPEE_mono_0188,EH,572,0.07999799999999624,53.110401,53.190399,Y,L,0,1,yellow,202,52.990398,53.370399,a,balloon
PEEPOOPEE_mono,PEEPOOPEE_mono_0189,OW,574,0.09999799999999937,53.270401,53.370399,L,B,0,0,yellow,202,52.990398,53.370399,a,balloon
PEEPOOPEE_mono,--,AH,576,0.00999800000000306,53.470402,53.4804,B,L,1,0,balloon,203,53.370399,53.780399,yellow,get
PEEPOOPEE_mono,PEEPOOPEE_mono_0190,UW,578,0.1300019999999975,53.620399,53.750401,L,N,0,1,balloon,203,53.370399,53.780399,yellow,get
PEEPOOPEE_mono,PEEPOOPEE_mono_0191,IH,581,0.04999899999999968,53.840401,53.8904,G,T,0,1,get,204,53.780399,53.940399,balloon,tangled
PEEPOOPEE_mono,PEEPOOPEE_mono_0192,AE,584,0.039996999999999616,54.060402,54.100399,T,NG,0,1,tangled,205,53.940399,54.370399,get,in
PEEPOOPEE_mono,PEEPOOPEE_mono_0193,AH,587,0.04000100000000373,54.190399,54.2304,G,L,0,0,tangled,205,53.940399,54.370399,get,in
PEEPOOPEE_mono,PEEPOOPEE_mono_0194,IH,590,0.11999899999999997,54.370399,54.490398,D,N,0,0,in,206,54.370399,54.520401,tangled,a
PEEPOOPEE_mono,PEEPOOPEE_mono_0195,AH,592,0.05999800000000022,54.520401,54.580399,N,P,0,0,a,207,54.520401,54.580399,in,power
PEEPOOPEE_mono,PEEPOOPEE_mono_0196,AW,594,0.09999900000000395,54.700401,54.8004,P,ER0,0,1,power,208,54.580399,54.830399,a,line
PEEPOOPEE_mono,--,ER,595,0.029998999999996556,54.8004,54.830399,AW1,L,1,0,power,208,54.580399,54.830399,a,line
PEEPOOPEE_mono,--,AY,597,0.029998999999996556,54.970402,55.000401,L,N,1,1,line,209,54.830399,55.170399,power,-
PEEPOOPEE_mono,PEEPOOPEE_mono_0197,IH,601,0.07000000000000028,55.698002,55.768002,W,R,0,1,weird,211,55.627998,55.838001,-,morning
PEEPOOPEE_mono,PEEPOOPEE_mono_0198,AO,605,0.04999899999999968,55.908001,55.958,M,R,0,1,morning,212,55.838001,56.198002,weird,-
PEEPOOPEE_mono,PEEPOOPEE_mono_0199,IH,608,0.06000099999999975,56.057999,56.118,N,NG,0,0,morning,212,55.838001,56.198002,weird,-
PEEPOOPEE_mono,PEEPOOPEE_mono_0200,AH,612,0.030002000000003193,56.645199,56.675201,B,AA1,0,1,but,214,56.6152,56.675201,-,honestly
PEEPOOPEE_mono,PEEPOOPEE_mono_0201,AA,613,0.05999800000000022,56.675201,56.735199,AH1,N,0,1,honestly,215,56.675201,57.105202,but,-
PEEPOOPEE_mono,--,AH,615,0.02999799999999908,56.765202,56.7952,N,S,1,0,honestly,215,56.675201,57.105202,but,-
PEEPOOPEE_mono,PEEPOOPEE_mono_0202,IY,618,0.17000199999999666,56.9352,57.105202,L,-,0,0,honestly,215,56.675201,57.105202,but,-
PEEPOOPEE_mono,PEEPOOPEE_mono_0203,AA,621,0.05000000000000426,57.4785,57.5285,N,T,0,1,not,217,57.448502,57.588501,-,the
PEEPOOPEE_mono,PEEPOOPEE_mono_0204,AH,624,0.04000100000000373,57.6185,57.658501,DH,W,0,0,the,218,57.588501,57.658501,not,worst
PEEPOOPEE_mono,PEEPOOPEE_mono_0205,ER,626,0.10000300000000095,57.718498,57.818501,W,S,0,1,worst,219,57.658501,58.0285,the,-
PLM47TO8W_mono,PLM47TO8W_mono_0001,OW,3,0.1200000000000001,4.2137,4.3337,S,DH,0,1,so,2,4.0537,4.3337,-,this
PLM47TO8W_mono,PLM47TO8W_mono_0002,IH,5,0.04999999999999982,4.3837,4.4337,DH,S,0,1,this,3,4.3337,4.5537,so,morning
PLM47TO8W_mono,PLM47TO8W_mono_0003,AO,8,0.08999999999999986,4.6637,4.7537,M,R,0,1,morning,4,4.5537,5.0837,this,-
PLM47TO8W_mono,PLM47TO8W_mono_0004,IH,11,0.10000000000000053,4.8637,4.9637,N,NG,0,0,morning,4,4.5537,5.0837,this,-
PLM47TO8W_mono,PLM47TO8W_mono_0005,AY,14,0.14000000000000057,5.148,5.288,-,W,0,1,i,6,5.148,5.288,-,woke
PLM47TO8W_mono,PLM47TO8W_mono_0006,OW,16,0.07000000000000028,5.398,5.468,W,K,0,1,woke,7,5.288,5.558,i,up
PLM47TO8W_mono,PLM47TO8W_mono_0007,AH,18,0.0600000000000005,5.558,5.618,K,P,0,1,up,8,5.558,5.728,woke,late
PLM47TO8W_mono,PLM47TO8W_mono_0008,EY,21,0.15000000000000036,5.848,5.998,L,T,0,1,late,9,5.728,6.0331,up,and
PLM47TO8W_mono,PLM47TO8W_mono_0009,AE,23,0.10999999999999943,6.0331,6.1431,T,N,0,1,and,10,6.0331,6.2131,late,immediately
PLM47TO8W_mono,PLM47TO8W_mono_0010,IH,26,0.03000000000000025,6.2131,6.2431,D,M,0,0,immediately,11,6.2131,6.8131,and,stubbed
PLM47TO8W_mono,PLM47TO8W_mono_0011,IY,28,0.08000000000000007,6.3831,6.4631,M,D,0,1,immediately,11,6.2131,6.8131,and,stubbed
PLM47TO8W_mono,PLM47TO8W_mono_0012,IY,30,0.10999999999999943,6.5231,6.6331,D,AH0,0,0,immediately,11,6.2131,6.8131,and,stubbed
PLM47TO8W_mono,PLM47TO8W_mono_0013,AH,31,0.03000000000000025,6.6331,6.6631,IY0,T,0,0,immediately,11,6.2131,6.8131,and,stubbed
PLM47TO8W_mono,PLM47TO8W_mono_0014,IY,34,0.040000000000000036,6.7731,6.8131,L,S,0,0,immediately,11,6.2131,6.8131,and,stubbed
PLM47TO8W_mono,PLM47TO8W_mono_0015,AH,37,0.08999999999999986,7.0731,7.1631,T,B,0,1,stubbed,12,6.8131,7.2831,immediately,my
PLM47TO8W_mono,PLM47TO8W_mono_0016,AY,41,0.09999999999999964,7.3331,7.4331,M,T,0,1,my,13,7.2831,7.4331,stubbed,toe
PLM47TO8W_mono,PLM47TO8W_mono_0017,OW,43,0.14000000000000057,7.5931,7.7331,T,AA1,0,1,toe,14,7.4331,7.7331,my,on
PLM47TO8W_mono,PLM47TO8W_mono_0018,AA,44,0.09999999999999964,7.7331,7.8331,OW1,N,0,1,on,15,7.7331,7.9031,toe,the
PLM47TO8W_mono,PLM47TO8W_mono_0019,AH,47,0.03000000000000025,7.9331,7.9631,DH,D,0,0,the,16,7.9031,7.9631,on,dresser
PLM47TO8W_mono,PLM47TO8W_mono_0020,EH,50,0.07000000000000028,8.1431,8.2131,R,S,0,1,dresser,17,7.9631,8.5231,the,-
PLM47TO8W_mono,PLM47TO8W_mono_0021,ER,52,0.14999999999999858,8.3731,8.5231,S,-,0,0,dresser,17,7.9631,8.5231,the,-
PLM47TO8W_mono,PLM47TO8W_mono_0022,EY,56,0.09999999999999964,9.0847,9.1847,R,T,0,1,great,19,9.0047,9.2747,-,start
PLM47TO8W_mono,PLM47TO8W_mono_0023,AA,60,0.09999999999999964,9.4947,9.5947,T,R,0,1,start,20,9.2747,9.7147,great,-
PLM47TO8W_mono,PLM47TO8W_mono_0024,AY,65,0.1899999999999995,9.9247,10.1147,R,T,0,1,right,22,9.8147,10.1447,-,-
PLM47TO8W_mono,PLM47TO8W_mono_0025,AY,68,0.08999999999999986,10.845,10.935,-,G,0,1,i,24,10.845,10.935,-,grumbled
PLM47TO8W_mono,PLM47TO8W_mono_0026,AH,71,0.05999999999999872,11.185,11.245,R,M,0,1,grumbled,25,10.935,11.505,i,something
PLM47TO8W_mono,--,AH,74,0.009999999999999787,11.365,11.375,B,L,1,0,grumbled,25,10.935,11.505,i,something
PLM47TO8W_mono,PLM47TO8W_mono_0027,AH,78,0.0600000000000005,11.625,11.685,S,M,0,1,something,26,11.505,11.945,grumbled,half
PLM47TO8W_mono,PLM47TO8W_mono_0028,IH,81,0.05000000000000071,11.825,11.875,TH,NG,0,0,something,26,11.505,11.945,grumbled,half
PLM47TO8W_mono,PLM47TO8W_mono_0029,AE,84,0.10999999999999943,12.135,12.245,HH,F,0,1,half,27,11.945,12.345,something,conscious
PLM47TO8W_mono,PLM47TO8W_mono_0030,AA,87,0.120000000000001,12.475,12.595,K,N,0,1,conscious,28,12.345,13.025,half,-
PLM47TO8W_mono,PLM47TO8W_mono_0031,AH,90,0.09999999999999964,12.775,12.875,SH,S,0,0,conscious,28,12.345,13.025,half,-
PLM47TO8W_mono,PLM47TO8W_mono_0032,AE,95,0.17999999999999972,13.3027,13.4827,R,B,0,1,grabbed,30,13.2227,13.5727,-,whatever
PLM47TO8W_mono,PLM47TO8W_mono_0033,AH,99,0.0600000000000005,13.6527,13.7127,W,T,0,2,whatever,31,13.5727,13.9627,grabbed,shirt
PLM47TO8W_mono,PLM47TO8W_mono_0034,EH,101,0.09000000000000163,13.7427,13.8327,T,V,0,1,whatever,31,13.5727,13.9627,grabbed,shirt
PLM47TO8W_mono,PLM47TO8W_mono_0035,ER,103,0.0600000000000005,13.9027,13.9627,V,SH,0,0,whatever,31,13.5727,13.9627,grabbed,shirt
PLM47TO8W_mono,PLM47TO8W_mono_0036,ER,105,0.08000000000000007,14.1427,14.2227,SH,T,0,1,shirt,32,13.9627,14.2727,whatever,was
PLM47TO8W_mono,PLM47TO8W_mono_0037,AH,108,0.03999999999999915,14.3327,14.3727,W,Z,0,0,was,33,14.2727,14.4627,shirt,clean
PLM47TO8W_mono,PLM47TO8W_mono_0038,IY,112,0.120000000000001,14.7227,14.8427,L,N,0,1,clean,34,14.4627,14.9027,was,ish
PLM47TO8W_mono,PLM47TO8W_mono_0039,IH,114,0.120000000000001,14.9027,15.0227,N,SH,0,1,ish,35,14.9027,15.1827,clean,-
PLM47TO8W_mono,PLM47TO8W_mono_0040,AE,117,0.0600000000000005,15.567,15.627,-,N,0,1,and,37,15.567,15.697,-,headed
PLM47TO8W_mono,PLM47TO8W_mono_0041,EH,121,0.05000000000000071,15.827,15.877,HH,D,0,1,headed,38,15.697,16.037001,and,out
PLM47TO8W_mono,PLM47TO8W_mono_0042,IH,123,0.09000000000000163,15.917,16.007,D,D,0,0,headed,38,15.697,16.037001,and,out
PLM47TO8W_mono,PLM47TO8W_mono_0043,AW,125,0.19999899999999826,16.037001,16.237,D,T,0,1,out,39,16.037001,16.267,headed,-
PLM47TO8W_mono,--,AH,129,0.02999900000000011,17.1147,17.144699,DH,S,1,0,the,41,17.0847,17.144699,-,sky
PLM47TO8W_mono,PLM47TO8W_mono_0044,AY,132,0.19999900000000181,17.3647,17.564699,K,L,0,1,sky,42,17.144699,17.564699,the,looked
PLM47TO8W_mono,PLM47TO8W_mono_0045,UH,134,0.040001000000000175,17.6747,17.714701,L,K,0,1,looked,43,17.564699,17.824699,sky,weird
PLM47TO8W_mono,PLM47TO8W_mono_0046,IH,138,0.23999999999999844,18.0147,18.2547,W,R,0,1,weird,44,17.824699,18.314501,looked,-
PLM47TO8W_mono,PLM47TO8W_mono_0047,AY,143,0.05000000000000071,18.7467,18.7967,L,K,0,1,like,46,18.706699,18.876699,-,the
PLM47TO8W_mono,PLM47TO8W_mono_0048,AH,146,0.03999899999999812,18.9067,18.946699,DH,SH,0,0,the,47,18.876699,18.946699,like,shade
PLM47TO8W_mono,PLM47TO8W_mono_0049,EY,148,0.11999899999999997,19.1667,19.286699,SH,D,0,1,shade,48,18.946699,19.3367,the,of
PLM47TO8W_mono,PLM47TO8W_mono_0050,AH,150,0.05999999999999872,19.3367,19.3967,D,V,0,0,of,49,19.3367,19.5567,shade,gray
PLM47TO8W_mono,PLM47TO8W_mono_0051,EY,154,0.3100020000000008,19.706699,20.016701,R,-,0,1,gray,50,19.5567,20.016701,of,-
PLM47TO8W_mono,PLM47TO8W_mono_0052,UW,158,0.11000100000000046,20.2467,20.356701,L,G,0,1,blue,52,20.0567,20.356701,-,gray
PLM47TO8W_mono,PLM47TO8W_mono_0053,EY,161,0.2699990000000021,20.526701,20.7967,R,-,0,1,gray,53,20.356701,20.7967,blue,-
PLM47TO8W_mono,PLM47TO8W_mono_0054,AE,164,0.08000000000000185,20.9543,21.0343,DH,T,0,1,that,55,20.924299,21.074301,-,makes
PLM47TO8W_mono,PLM47TO8W_mono_0055,EY,167,0.0799999999999983,21.154301,21.234301,M,K,0,1,makes,56,21.074301,21.3843,that,you
PLM47TO8W_mono,PLM47TO8W_mono_0056,UW,171,0.03999900000000167,21.414301,21.4543,Y,K,0,1,you,57,21.3843,21.4543,makes,question
PLM47TO8W_mono,PLM47TO8W_mono_0057,EH,174,0.050000999999998186,21.6143,21.664301,W,SH,0,1,question,58,21.4543,21.9743,you,if
PLM47TO8W_mono,PLM47TO8W_mono_0058,AH,176,0.0400000000000027,21.8543,21.8943,SH,N,0,0,question,58,21.4543,21.9743,you,if
PLM47TO8W_mono,PLM47TO8W_mono_0059,IH,178,0.09000100000000089,21.9743,22.064301,N,F,0,1,if,59,21.9743,22.154301,question,it's
PLM47TO8W_mono,PLM47TO8W_mono_0060,IH,180,0.03999899999999812,22.154301,22.1943,F,T,0,1,it's,60,22.154301,22.3043,if,about
PLM47TO8W_mono,PLM47TO8W_mono_0061,AH,183,0.04999999999999716,22.3043,22.3543,S,B,0,0,about,61,22.3043,22.6343,it's,to
PLM47TO8W_mono,PLM47TO8W_mono_0062,AW,185,0.12000100000000202,22.4443,22.564301,B,T,0,1,about,61,22.3043,22.6343,it's,to
PLM47TO8W_mono,PLM47TO8W_mono_0063,AH,188,0.07000000000000028,22.7043,22.7743,T,R,0,0,to,62,22.6343,22.7743,about,rain
PLM47TO8W_mono,PLM47TO8W_mono_0064,EY,190,0.17000099999999918,22.8943,23.064301,R,N,0,1,rain,63,22.7743,23.1143,to,or
PLM47TO8W_mono,PLM47TO8W_mono_0065,ER,192,0.10000000000000142,23.1143,23.2143,N,N,0,0,or,64,23.1143,23.2143,rain,not
PLM47TO8W_mono,PLM47TO8W_mono_0066,AA,194,0.20000099999999676,23.2843,23.484301,N,T,0,1,not,65,23.2143,23.5243,or,-
PLM47TO8W_mono,PLM47TO8W_mono_0067,AY,197,0.05000000000000071,24.1583,24.2083,-,S,0,1,i,67,24.1583,24.2083,-,stopped
PLM47TO8W_mono,PLM47TO8W_mono_0068,AA,200,0.13999899999999954,24.4783,24.618299,T,P,0,1,stopped,68,24.2083,24.838301,i,by
PLM47TO8W_mono,PLM47TO8W_mono_0069,AY,204,0.10999999999999943,24.8783,24.9883,B,DH,0,1,by,69,24.838301,24.9883,stopped,the
PLM47TO8W_mono,PLM47TO8W_mono_0070,AH,206,0.040001000000000175,25.028299,25.0683,DH,K,0,0,the,70,24.9883,25.0683,by,corner
PLM47TO8W_mono,PLM47TO8W_mono_0071,AO,208,0.03999999999999915,25.2883,25.3283,K,R,0,1,corner,71,25.0683,25.5483,the,store
PLM47TO8W_mono,PLM47TO8W_mono_0072,ER,211,0.08000000000000185,25.4683,25.5483,N,S,0,0,corner,71,25.0683,25.5483,the,store
PLM47TO8W_mono,PLM47TO8W_mono_0073,AO,214,0.08999999999999986,25.758301,25.848301,T,R,0,1,store,72,25.5483,25.9583,corner,-
PLM47TO8W_mono,PLM47TO8W_mono_0074,AH,218,0.040001000000000175,26.0975,26.137501,T,G,0,0,to,74,25.987499,26.137501,-,grab
PLM47TO8W_mono,PLM47TO8W_mono_0075,AE,221,0.19000099999999875,26.2775,26.467501,R,B,0,1,grab,75,26.137501,26.547501,to,a
PLM47TO8W_mono,PLM47TO8W_mono_0076,AH,223,0.10999800000000093,26.547501,26.657499,B,T,0,0,a,76,26.547501,26.657499,grab,toasted
PLM47TO8W_mono,PLM47TO8W_mono_0077,OW,225,0.0799999999999983,26.8575,26.9375,T,S,0,1,toasted,77,26.657499,27.327499,a,bagel
PLM47TO8W_mono,PLM47TO8W_mono_0078,IH,228,0.03999899999999812,27.137501,27.1775,T,D,0,0,toasted,77,26.657499,27.327499,a,bagel
PLM47TO8W_mono,PLM47TO8W_mono_0079,EY,231,0.18000100000000074,27.3675,27.547501,B,G,0,1,bagel,78,27.327499,27.825001,toasted,-
PLM47TO8W_mono,PLM47TO8W_mono_0080,AH,233,0.03999899999999812,27.637501,27.6775,G,L,0,0,bagel,78,27.327499,27.825001,toasted,-
PLM47TO8W_mono,PLM47TO8W_mono_0081,AE,236,0.05000100000000174,28.121599,28.1716,-,N,0,1,and,80,28.121599,28.2616,-,-
PLM47TO8W_mono,PLM47TO8W_mono_0082,AO,240,0.0799999999999983,28.361601,28.441601,-,R,0,1,orange,82,28.361601,28.781599,-,juice
PLM47TO8W_mono,PLM47TO8W_mono_0083,AH,242,0.06000099999999975,28.531599,28.5916,R,N,0,0,orange,82,28.361601,28.781599,-,juice
PLM47TO8W_mono,PLM47TO8W_mono_0084,UW,246,0.12999900000000153,28.851601,28.9816,JH,S,0,1,juice,83,28.781599,29.1716,orange,-
PLM47TO8W_mono,PLM47TO8W_mono_0085,AH,250,0.03999900000000167,29.3269,29.366899,B,T,0,1,but,85,29.2969,29.4569,-,they
PLM47TO8W_mono,PLM47TO8W_mono_0086,EY,253,0.09999999999999787,29.496901,29.596901,DH,W,0,1,they,86,29.4569,29.596901,but,were
PLM47TO8W_mono,PLM47TO8W_mono_0087,ER,255,0.08000000000000185,29.666901,29.746901,W,-,0,0,were,87,29.596901,29.746901,they,-
PLM47TO8W_mono,PLM47TO8W_mono_0088,AW,257,0.22000200000000092,29.776899,29.996901,-,T,0,1,out,89,29.776899,30.0369,-,of
PLM47TO8W_mono,PLM47TO8W_mono_0089,AH,259,0.120000000000001,30.0369,30.1569,T,V,0,1,of,90,30.0369,30.346899,out,both
PLM47TO8W_mono,PLM47TO8W_mono_0090,OW,262,0.1900010000000023,30.3969,30.586901,B,TH,0,1,both,91,30.346899,30.7869,of,-
PLM47TO8W_mono,PLM47TO8W_mono_0091,IY,266,0.040001000000000175,31.6257,31.665701,DH,K,0,0,the,93,31.575701,31.665701,-,cashier
PLM47TO8W_mono,PLM47TO8W_mono_0092,AE,268,0.13000100000000003,31.8557,31.985701,K,SH,0,0,cashier,94,31.665701,32.3657,the,joked
PLM47TO8W_mono,PLM47TO8W_mono_0093,IH,270,0.10999600000000243,32.195702,32.305698,SH,R,0,1,cashier,94,31.665701,32.3657,the,joked
PLM47TO8W_mono,PLM47TO8W_mono_0094,OW,273,0.14000000000000057,32.515701,32.655701,JH,K,0,1,joked,95,32.3657,32.699001,cashier,-
PLM47TO8W_mono,PLM47TO8W_mono_0095,IH,277,0.07000000000000028,33.2122,33.2822,-,T,0,1,it's,97,33.2122,33.382198,-,monday
PLM47TO8W_mono,PLM47TO8W_mono_0096,AH,281,0.06999900000000281,33.522202,33.592201,M,N,0,1,monday,98,33.382198,33.8522,it's,energy
PLM47TO8W_mono,PLM47TO8W_mono_0097,EY,284,0.11999899999999997,33.732201,33.8522,D,EH1,0,2,monday,98,33.382198,33.8522,it's,energy
PLM47TO8W_mono,PLM47TO8W_mono_0098,EH,285,0.17000199999999666,33.8522,34.022202,EY2,N,0,1,energy,99,33.8522,34.472198,monday,-
PLM47TO8W_mono,PLM47TO8W_mono_0099,ER,287,0.0899999999999963,34.092201,34.182201,N,JH,0,0,energy,99,33.8522,34.472198,monday,-
PLM47TO8W_mono,PLM47TO8W_mono_0100,IY,289,0.15999899999999911,34.312199,34.472198,JH,-,0,0,energy,99,33.8522,34.472198,monday,-
PLM47TO8W_mono,PLM47TO8W_mono_0101,AE,291,0.04999999999999716,34.8894,34.9394,-,N,0,1,and,101,34.8894,35.0294,-,i
PLM47TO8W_mono,PLM47TO8W_mono_0102,AY,294,0.139998999999996,35.0294,35.169399,D,HH,0,1,i,102,35.0294,35.169399,and,half
PLM47TO8W_mono,PLM47TO8W_mono_0103,AE,296,0.139998999999996,35.359402,35.499401,HH,F,0,1,half,103,35.169399,35.6394,i,laughed
PLM47TO8W_mono,PLM47TO8W_mono_0104,AE,299,0.17999999999999972,35.739399,35.919399,L,F,0,1,laughed,104,35.6394,36.109402,half,-
PLM47TO8W_mono,PLM47TO8W_mono_0105,IH,304,0.06000200000000433,36.234699,36.294701,B,K,0,0,because,106,36.194698,36.634701,-,-
PLM47TO8W_mono,PLM47TO8W_mono_0106,AH,306,0.11999899999999997,36.384701,36.5047,K,Z,0,1,because,106,36.194698,36.634701,-,-
PLM47TO8W_mono,PLM47TO8W_mono_0107,AE,310,0.25999800000000306,36.950001,37.209999,Y,-,0,1,yeah,108,36.830002,37.209999,-,-
PLM47TO8W_mono,PLM47TO8W_mono_0108,UW,314,0.20999899999999627,37.6096,37.819599,R,-,0,1,true,110,37.369598,37.819599,-,-
PLM47TO8W_mono,PLM47TO8W_mono_0109,AY,316,0.04999899999999968,38.6343,38.684299,-,T,0,1,i,112,38.6343,38.684299,-,took
PLM47TO8W_mono,PLM47TO8W_mono_0110,UH,318,0.04000099999999662,38.834301,38.874302,T,K,0,1,took,113,38.684299,38.9543,i,a
PLM47TO8W_mono,PLM47TO8W_mono_0111,AH,320,0.04999899999999968,38.9543,39.004299,K,S,0,0,a,114,38.9543,39.004299,took,seat
PLM47TO8W_mono,PLM47TO8W_mono_0112,IY,322,0.15000200000000063,39.214298,39.3643,S,T,0,1,seat,115,39.004299,39.434299,a,near
PLM47TO8W_mono,PLM47TO8W_mono_0113,IH,325,0.060001999999997224,39.504299,39.564301,N,R,0,1,near,116,39.434299,39.594299,seat,the
PLM47TO8W_mono,PLM47TO8W_mono_0114,AH,328,0.07000399999999729,39.624298,39.694302,DH,W,0,0,the,117,39.594299,39.694302,near,window
PLM47TO8W_mono,PLM47TO8W_mono_0115,IH,330,0.04999900000000679,39.784302,39.834301,W,N,0,1,window,118,39.694302,40.124298,the,-
PLM47TO8W_mono,PLM47TO8W_mono_0116,OW,333,0.1600000000000037,39.964298,40.124298,D,-,0,0,window,118,39.694302,40.124298,the,-
PLM47TO8W_mono,PLM47TO8W_mono_0117,OW,338,0.09999799999999937,40.6922,40.792198,R,L,0,1,scrolled,120,40.3522,40.922199,-,my
PLM47TO8W_mono,PLM47TO8W_mono_0118,AY,342,0.11000100000000401,41.002201,41.112202,M,F,0,1,my,121,40.922199,41.112202,scrolled,phone
PLM47TO8W_mono,PLM47TO8W_mono_0119,OW,344,0.20000100000000032,41.3022,41.502201,F,N,0,1,phone,122,41.112202,41.612202,my,-
PLM47TO8W_mono,PLM47TO8W_mono_0120,AE,347,0.06000099999999975,42.023499,42.0835,-,N,0,1,and,124,42.023499,42.163502,-,overheard
PLM47TO8W_mono,PLM47TO8W_mono_0121,OW,350,0.139998999999996,42.163502,42.303501,D,V,0,1,overheard,125,42.163502,42.703499,and,someone
PLM47TO8W_mono,PLM47TO8W_mono_0122,ER,352,0.04999899999999968,42.383499,42.433498,V,HH,0,0,overheard,125,42.163502,42.703499,and,someone
PLM47TO8W_mono,PLM47TO8W_mono_0123,ER,354,0.0899999999999963,42.533501,42.623501,HH,D,0,1,overheard,125,42.163502,42.703499,and,someone
PLM47TO8W_mono,PLM47TO8W_mono_0124,AH,357,0.04000100000000373,42.793499,42.8335,S,M,0,1,someone,126,42.703499,43.0135,overheard,say
PLM47TO8W_mono,--,AH,360,0.02999900000000366,42.9235,42.953499,W,N,1,2,someone,126,42.703499,43.0135,overheard,say
PLM47TO8W_mono,PLM47TO8W_mono_0125,EY,363,0.18999900000000025,43.143501,43.3335,S,-,0,1,say,127,43.0135,43.3335,someone,-
PLM47TO8W_mono,PLM47TO8W_mono_0126,AH,366,0.060001999999997224,43.857498,43.9175,DH,JH,0,0,the,129,43.807499,43.9175,-,giraffe
PLM47TO8W_mono,PLM47TO8W_mono_0127,ER,368,0.060001999999997224,44.107498,44.1675,JH,AE1,0,0,giraffe,130,43.9175,44.456299,the,-
PLM47TO8W_mono,PLM47TO8W_mono_0128,AE,369,0.15999900000000622,44.1675,44.327499,ER0,F,0,1,giraffe,130,43.9175,44.456299,the,-
PLM47TO8W_mono,PLM47TO8W_mono_0129,IH,372,0.06999900000000281,44.660599,44.730598,-,G,0,0,exhibit,132,44.660599,45.260601,-,-
PLM47TO8W_mono,PLM47TO8W_mono_0130,IH,375,0.09000100000000089,44.940601,45.030602,Z,B,0,1,exhibit,132,44.660599,45.260601,-,-
PLM47TO8W_mono,PLM47TO8W_mono_0131,IH,377,0.10999999999999943,45.080601,45.190601,B,T,0,0,exhibit,132,44.660599,45.260601,-,-
PLM47TO8W_mono,PLM47TO8W_mono_0132,OW,380,0.15000100000000316,45.2906,45.440601,-,P,0,1,opens,134,45.2906,45.830601,-,at
PLM47TO8W_mono,PLM47TO8W_mono_0133,AH,382,0.060001999999997224,45.5606,45.620602,P,N,0,0,opens,134,45.2906,45.830601,-,at
PLM47TO8W_mono,PLM47TO8W_mono_0134,AE,385,0.16999799999999965,45.830601,46.000599,Z,T,0,1,at,135,45.830601,46.070599,opens,noon
PLM47TO8W_mono,PLM47TO8W_mono_0135,UW,388,0.22000100000000344,46.2206,46.440601,N,N,0,1,noon,136,46.070599,46.530602,at,-
PLM47TO8W_mono,PLM47TO8W_mono_0136,IH,392,0.04000099999999662,46.840099,46.8801,W,CH,0,1,which,138,46.7901,47.0201,-,felt
PLM47TO8W_mono,PLM47TO8W_mono_0137,EH,395,0.04000100000000373,47.120098,47.160099,F,L,0,1,felt,139,47.0201,47.308102,which,-
PLM47TO8W_mono,PLM47TO8W_mono_0138,AA,399,0.21999699999999933,47.487301,47.707298,-,D,0,1,oddly,141,47.487301,47.957298,-,profound
PLM47TO8W_mono,PLM47TO8W_mono_0139,IY,402,0.06999900000000281,47.887299,47.957298,L,P,0,0,oddly,141,47.487301,47.957298,-,profound
PLM47TO8W_mono,PLM47TO8W_mono_0140,OW,405,0.04999899999999968,48.147301,48.1973,R,F,0,0,profound,142,47.957298,48.7173,oddly,at
PLM47TO8W_mono,PLM47TO8W_mono_0141,AW,407,0.21999699999999933,48.397301,48.617298,F,N,0,1,profound,142,47.957298,48.7173,oddly,at
PLM47TO8W_mono,PLM47TO8W_mono_0142,AE,410,0.07000000000000028,48.7173,48.7873,D,T,0,1,at,143,48.7173,48.867298,profound,the
PLM47TO8W_mono,PLM47TO8W_mono_0143,AH,413,0.030003000000000668,48.907299,48.937302,DH,T,0,0,the,144,48.867298,48.937302,at,time
PLM47TO8W_mono,PLM47TO8W_mono_0144,AY,415,0.19000299999999726,49.087299,49.277302,T,M,0,1,time,145,48.937302,49.3573,the,-
PLM47TO8W_mono,PLM47TO8W_mono_0145,AE,418,0.10000300000000095,50.314098,50.414101,-,F,0,1,after,147,50.314098,50.6441,-,a
PLM47TO8W_mono,PLM47TO8W_mono_0146,ER,421,0.07000000000000028,50.5741,50.6441,T,AH0,0,0,after,147,50.314098,50.6441,-,a
PLM47TO8W_mono,PLM47TO8W_mono_0147,AH,422,0.04000099999999662,50.6441,50.684101,ER0,F,0,0,a,148,50.6441,50.684101,after,few
PLM47TO8W_mono,PLM47TO8W_mono_0148,UW,425,0.04000100000000373,51.004101,51.044102,Y,B,0,1,few,149,50.684101,51.044102,a,bites
PLM47TO8W_mono,PLM47TO8W_mono_0149,AY,427,0.15000200000000063,51.1441,51.294102,B,T,0,1,bites,150,51.044102,51.434101,few,of
PLM47TO8W_mono,PLM47TO8W_mono_0150,AH,430,0.039996999999999616,51.434101,51.474098,S,V,0,0,of,151,51.434101,51.544102,bites,something
PLM47TO8W_mono,PLM47TO8W_mono_0151,AH,433,0.04000099999999662,51.6441,51.684101,S,M,0,1,something,152,51.544102,51.994099,of,vaguely
PLM47TO8W_mono,PLM47TO8W_mono_0152,IH,436,0.04000099999999662,51.844101,51.884102,TH,NG,0,0,something,152,51.544102,51.994099,of,vaguely
PLM47TO8W_mono,PLM47TO8W_mono_0153,EY,439,0.20999900000000338,52.114101,52.3241,V,G,0,1,vaguely,153,51.994099,52.634098,something,egg
PLM47TO8W_mono,PLM47TO8W_mono_0154,IY,442,0.1399990000000031,52.494099,52.634098,L,EH1,0,0,vaguely,153,51.994099,52.634098,something,egg
PLM47TO8W_mono,PLM47TO8W_mono_0155,EH,443,0.19000199999999978,52.634098,52.8241,IY0,G,0,1,egg,154,52.634098,52.934101,vaguely,shaped
PLM47TO8W_mono,PLM47TO8W_mono_0156,EY,446,0.15000200000000063,53.134098,53.2841,SH,P,0,1,shaped,155,52.934101,53.424099,egg,-
PLM47TO8W_mono,PLM47TO8W_mono_0157,AY,450,0.08000200000000035,53.805099,53.885101,-,W,0,1,i,157,53.805099,53.885101,-,wandered
PLM47TO8W_mono,PLM47TO8W_mono_0158,AA,452,0.15999899999999911,54.065102,54.225101,W,N,0,1,wandered,158,53.885101,54.5051,i,to
PLM47TO8W_mono,PLM47TO8W_mono_0159,ER,455,0.09000100000000089,54.3451,54.435101,D,D,0,0,wandered,158,53.885101,54.5051,i,to
PLM47TO8W_mono,PLM47TO8W_mono_0160,AH,458,0.04000099999999662,54.585098,54.625099,T,DH,0,0,to,159,54.5051,54.625099,wandered,the
PLM47TO8W_mono,PLM47TO8W_mono_0161,AH,460,0.04999899999999968,54.655102,54.705101,DH,P,0,1,the,160,54.625099,54.705101,to,park
PLM47TO8W_mono,PLM47TO8W_mono_0162,AA,462,0.030003000000000668,54.875099,54.905102,P,R,0,1,park,161,54.705101,55.0051,the,-
PLM47TO8W_mono,PLM47TO8W_mono_0163,AH,466,0.05000299999999669,55.635899,55.685902,-,K,0,0,a,163,55.635899,55.685902,-,kid
PLM47TO8W_mono,PLM47TO8W_mono_0164,IH,468,0.0699989999999957,55.885899,55.955898,K,D,0,1,kid,164,55.685902,56.055901,a,zoomed
PLM47TO8W_mono,PLM47TO8W_mono_0165,UW,471,0.1299980000000005,56.255901,56.385899,Z,M,0,1,zoomed,165,56.055901,56.525902,kid,by
PLM47TO8W_mono,PLM47TO8W_mono_0166,AY,475,0.22000100000000344,56.555901,56.775902,B,AA1,0,1,by,166,56.525902,56.775902,zoomed,on
PLM47TO8W_mono,PLM47TO8W_mono_0167,AA,476,0.0699989999999957,56.775902,56.845901,AY1,N,0,1,on,167,56.775902,56.915901,by,a
PLM47TO8W_mono,PLM47TO8W_mono_0168,AH,478,0.04999899999999968,56.915901,56.9659,N,S,0,0,a,168,56.915901,56.9659,on,scooter
PLM47TO8W_mono,PLM47TO8W_mono_0169,UW,481,0.10000300000000095,57.205898,57.305901,K,T,0,1,scooter,169,56.9659,57.365898,a,yelling
PLM47TO8W_mono,--,ER,483,0.02999900000000366,57.335899,57.365898,T,Y,1,0,scooter,169,56.9659,57.365898,a,yelling
PLM47TO8W_mono,PLM47TO8W_mono_0170,EH,485,0.07999799999999624,57.525902,57.6059,Y,L,0,1,yelling,170,57.365898,57.825901,scooter,-
PLM47TO8W_mono,PLM47TO8W_mono_0171,IH,487,0.06999900000000281,57.6759,57.745899,L,NG,0,0,yelling,170,57.365898,57.825901,scooter,-
PLM47TO8W_mono,PLM47TO8W_mono_0172,UW,491,0.06999900000000281,58.3172,58.387199,Z,M,0,1,zoom,172,58.1772,58.457199,-,zoom
PLM47TO8W_mono,PLM47TO8W_mono_0173,UW,494,0.25999799999999595,58.537201,58.797199,Z,M,0,1,zoom,173,58.457199,58.947201,zoom,-
PLM47TO8W_mono,PLM47TO8W_mono_0174,AE,498,0.06000200000000433,59.416698,59.4767,DH,T,0,1,that,175,59.3867,59.526699,-,sounded
PLM47TO8W_mono,PLM47TO8W_mono_0175,AW,501,0.11000100000000401,59.686699,59.7967,S,N,0,1,sounded,176,59.526699,59.986698,that,like
PLM47TO8W_mono,PLM47TO8W_mono_0176,AH,504,0.039996999999999616,59.896702,59.936699,D,D,0,0,sounded,176,59.526699,59.986698,that,like
PLM47TO8W_mono,PLM47TO8W_mono_0177,AY,507,0.05999700000000274,60.016701,60.076698,L,K,0,1,like,177,59.986698,60.1567,sounded,a
PLM47TO8W_mono,--,AH,509,0.029998999999996556,60.1567,60.186699,K,S,1,0,a,178,60.1567,60.186699,like,sound
PLM47TO8W_mono,PLM47TO8W_mono_0178,AW,511,0.14000000000000057,60.376701,60.516701,S,N,0,1,sound,179,60.186699,60.606701,a,effect
PLM47TO8W_mono,--,AH,514,0.029998999999996556,60.606701,60.6367,D,F,1,0,effect,180,60.606701,60.956699,sound,that
PLM47TO8W_mono,PLM47TO8W_mono_0179,EH,516,0.06999900000000281,60.766701,60.8367,F,K,0,1,effect,180,60.606701,60.956699,sound,that
PLM47TO8W_mono,PLM47TO8W_mono_0180,AE,520,0.05000000000000426,60.9967,61.0467,DH,T,0,1,that,181,60.956699,61.096699,effect,summoned
PLM47TO8W_mono,PLM47TO8W_mono_0181,AH,523,0.07000000000000028,61.2467,61.3167,S,M,0,1,summoned,182,61.096699,61.5667,that,speed
PLM47TO8W_mono,--,AH,525,0.029998999999996556,61.4067,61.436699,M,N,1,0,summoned,182,61.096699,61.5667,that,speed
PLM47TO8W_mono,PLM47TO8W_mono_0182,IY,530,0.26000200000000007,61.846699,62.106701,P,D,0,1,speed,183,61.5667,62.1367,summoned,-
PLM47TO8W_mono,PLM47TO8W_mono_0183,AY,533,0.07000000000000028,62.719101,62.789101,-,S,0,1,i,185,62.719101,62.789101,-,sat
PLM47TO8W_mono,PLM47TO8W_mono_0184,AE,535,0.15000200000000063,62.979099,63.129101,S,T,0,1,sat,186,62.789101,63.209099,i,under
PLM47TO8W_mono,PLM47TO8W_mono_0185,AH,537,0.06000099999999975,63.209099,63.2691,T,N,0,1,under,187,63.209099,63.479099,sat,a
PLM47TO8W_mono,PLM47TO8W_mono_0186,ER,540,0.0899999999999963,63.389099,63.479099,D,AH0,0,0,under,187,63.209099,63.479099,sat,a
PLM47TO8W_mono,PLM47TO8W_mono_0187,AH,541,0.07000000000000028,63.479099,63.549099,ER0,T,0,0,a,188,63.479099,63.549099,under,tree
PLM47TO8W_mono,PLM47TO8W_mono_0188,IY,544,0.21000300000000038,63.799099,64.009102,R,-,0,1,tree,189,63.549099,64.009102,a,-
PLM47TO8W_mono,PLM47TO8W_mono_0189,IH,547,0.050002999999989584,64.314598,64.364601,L,S,0,1,listened,191,64.234596,64.674599,-,to
PLM47TO8W_mono,--,AH,549,0.029998000000006186,64.514603,64.544601,S,N,1,0,listened,191,64.234596,64.674599,-,to
PLM47TO8W_mono,PLM47TO8W_mono_0190,AH,553,0.050003000000003794,64.774597,64.8246,T,DH,0,0,to,192,64.674599,64.8246,listened,the
PLM47TO8W_mono,PLM47TO8W_mono_0191,AH,555,0.04999600000000726,64.864601,64.914597,DH,B,0,0,the,193,64.8246,64.914597,to,breeze
PLM47TO8W_mono,PLM47TO8W_mono_0192,IY,558,0.22000100000001055,65.114601,65.334602,R,Z,0,1,breeze,194,64.914597,65.444603,the,-
PLM47TO8W_mono,--,AE,561,0.02999900000000366,65.833,65.862999,-,N,1,1,and,196,65.833,65.992996,-,watched
PLM47TO8W_mono,PLM47TO8W_mono_0193,AA,565,0.14000000000000057,66.032997,66.172997,W,CH,0,1,watched,197,65.992996,66.333,and,a
PLM47TO8W_mono,PLM47TO8W_mono_0194,AH,568,0.04000100000000373,66.333,66.373001,T,Y,0,0,a,198,66.333,66.373001,watched,yellow
PLM47TO8W_mono,PLM47TO8W_mono_0195,EH,570,0.07999399999999923,66.523003,66.602997,Y,L,0,1,yellow,199,66.373001,66.752998,a,balloon
PLM47TO8W_mono,PLM47TO8W_mono_0196,OW,572,0.08000100000000998,66.672997,66.752998,L,B,0,0,yellow,199,66.373001,66.752998,a,balloon
PLM47TO8W_mono,--,AH,574,0.010002000000000066,66.852997,66.862999,B,L,1,0,balloon,200,66.752998,67.263,yellow,get
PLM47TO8W_mono,PLM47TO8W_mono_0197,UW,576,0.18999499999999614,66.993004,67.182999,L,N,0,1,balloon,200,66.752998,67.263,yellow,get
PLM47TO8W_mono,PLM47TO8W_mono_0198,EH,579,0.06999999999999318,67.362999,67.432999,G,T,0,1,get,201,67.263,67.513,balloon,tangled
PLM47TO8W_mono,PLM47TO8W_mono_0199,AE,582,0.09000399999999331,67.642998,67.733002,T,NG,0,1,tangled,202,67.513,68.032997,get,in
PLM47TO8W_mono,PLM47TO8W_mono_0200,AH,585,0.04000100000000373,67.862999,67.903,G,L,0,0,tangled,202,67.513,68.032997,get,in
PLM47TO8W_mono,PLM47TO8W_mono_0201,IH,588,0.04000100000000373,68.032997,68.072998,D,N,0,0,in,203,68.032997,68.123001,tangled,a
PLM47TO8W_mono,PLM47TO8W_mono_0202,AH,590,0.049995999999993046,68.123001,68.172997,N,P,0,0,a,204,68.123001,68.172997,in,power
PLM47TO8W_mono,PLM47TO8W_mono_0203,AW,592,0.15999599999999248,68.313004,68.473,P,ER0,0,1,power,205,68.172997,68.523003,a,line
PLM47TO8W_mono,PLM47TO8W_mono_0204,ER,593,0.050003000000003794,68.473,68.523003,AW1,L,0,0,power,205,68.172997,68.523003,a,line
PLM47TO8W_mono,PLM47TO8W_mono_0205,AY,595,0.17000600000000077,68.602997,68.773003,L,N,0,1,line,206,68.523003,68.872101,power,-
PLM47TO8W_mono,PLM47TO8W_mono_0206,IH,599,0.0699989999999957,69.4282,69.498199,W,R,0,1,weird,208,69.3582,69.598198,-,morning
PLM47TO8W_mono,PLM47TO8W_mono_0207,AO,603,0.04999499999999557,69.688202,69.738197,M,R,0,1,morning,209,69.598198,70.018204,weird,-
PLM47TO8W_mono,PLM47TO8W_mono_0208,IH,606,0.07999500000001092,69.838203,69.918198,N,NG,0,0,morning,209,69.598198,70.018204,weird,-
PLM47TO8W_mono,PLM47TO8W_mono_0209,AH,610,0.0300060000000002,70.463097,70.493103,B,T,0,1,but,211,70.433098,70.523102,-,-
PLM47TO8W_mono,PLM47TO8W_mono_0210,AA,613,0.16999800000000675,70.563103,70.733101,-,N,0,1,honestly,213,70.563103,71.223099,-,-
PLM47TO8W_mono,PLM47TO8W_mono_0211,AH,615,0.04000100000000373,70.783096,70.823097,N,S,0,0,honestly,213,70.563103,71.223099,-,-
PLM47TO8W_mono,PLM47TO8W_mono_0212,IY,618,0.19999700000001042,71.023102,71.223099,L,-,0,0,honestly,213,70.563103,71.223099,-,-
PLM47TO8W_mono,PLM47TO8W_mono_0213,AA,621,0.1599960000000067,71.593803,71.753799,N,T,0,1,not,215,71.513802,71.7985,-,-
PLM47TO8W_mono,PLM47TO8W_mono_0214,AH,625,0.04000100000000373,72.012497,72.052498,DH,W,0,1,the,217,71.982498,72.052498,-,worst
PLM47TO8W_mono,PLM47TO8W_mono_0215,ER,627,0.15000100000000316,72.212502,72.362503,W,S,0,1,worst,218,72.052498,72.752502,the,-
PRT9XWARA_mono,PRT9XWARA_mono_0001,OW,3,0.3600000000000001,1.1276,1.4876,S,-,0,1,so,2,0.9976,1.4876,-,-
PRT9XWARA_mono,PRT9XWARA_mono_0002,IH,6,0.030000000000000027,1.6676,1.6976,DH,S,0,1,this,4,1.6076,1.7876,-,morning
PRT9XWARA_mono,PRT9XWARA_mono_0003,AO,9,0.07000000000000006,1.8376,1.9076,M,R,0,1,morning,5,1.7876,2.2076,this,-
PRT9XWARA_mono,PRT9XWARA_mono_0004,IH,12,0.06999999999999984,2.0076,2.0776,N,NG,0,0,morning,5,1.7876,2.2076,this,-
PRT9XWARA_mono,PRT9XWARA_mono_0005,AY,15,0.05999999999999961,2.333,2.393,-,W,0,1,i,7,2.333,2.393,-,woke
PRT9XWARA_mono,PRT9XWARA_mono_0006,OW,17,0.040000000000000036,2.483,2.523,W,K,0,1,woke,8,2.393,2.563,i,up
PRT9XWARA_mono,--,AH,19,0.029999999999999805,2.563,2.593,K,P,1,1,up,9,2.563,2.683,woke,late
PRT9XWARA_mono,PRT9XWARA_mono_0007,EY,22,0.08999999999999986,2.753,2.843,L,T,0,1,late,10,2.683,2.873,up,-
PRT9XWARA_mono,PRT9XWARA_mono_0008,AE,25,0.04999999999999982,2.903,2.953,-,N,0,1,and,12,2.903,3.013,-,immediately
PRT9XWARA_mono,PRT9XWARA_mono_0009,IH,28,0.03000000000000025,3.013,3.043,D,M,0,0,immediately,13,3.013,3.433,and,stubbed
PRT9XWARA_mono,PRT9XWARA_mono_0010,IY,30,0.06999999999999984,3.153,3.223,M,D,0,1,immediately,13,3.013,3.433,and,stubbed
PRT9XWARA_mono,PRT9XWARA_mono_0011,IY,32,0.03000000000000025,3.263,3.293,D,AH0,0,0,immediately,13,3.013,3.433,and,stubbed
PRT9XWARA_mono,--,AH,33,0.029999999999999805,3.293,3.323,IY0,T,1,0,immediately,13,3.013,3.433,and,stubbed
PRT9XWARA_mono,PRT9XWARA_mono_0012,IY,36,0.04999999999999982,3.383,3.433,L,S,0,0,immediately,13,3.013,3.433,and,stubbed
PRT9XWARA_mono,PRT9XWARA_mono_0013,AH,39,0.06000000000000005,3.553,3.613,T,B,0,1,stubbed,14,3.433,3.653,immediately,my
PRT9XWARA_mono,PRT9XWARA_mono_0014,AY,43,0.07000000000000028,3.683,3.753,M,T,0,1,my,15,3.653,3.753,stubbed,toe
PRT9XWARA_mono,PRT9XWARA_mono_0015,OW,45,0.050000000000000266,3.823,3.873,T,AA1,0,1,toe,16,3.753,3.873,my,on
PRT9XWARA_mono,--,AA,46,0.029999999999999805,3.873,3.903,OW1,N,1,1,on,17,3.873,3.933,toe,the
PRT9XWARA_mono,--,AH,49,0.029999999999999805,3.963,3.993,DH,D,1,0,the,18,3.933,3.993,on,dresser
PRT9XWARA_mono,PRT9XWARA_mono_0016,EH,52,0.04999999999999982,4.103,4.153,R,S,0,1,dresser,19,3.993,4.393,the,-
PRT9XWARA_mono,PRT9XWARA_mono_0017,ER,54,0.14999999999999947,4.243,4.393,S,-,0,0,dresser,19,3.993,4.393,the,-
PRT9XWARA_mono,PRT9XWARA_mono_0018,EY,58,0.07000000000000028,4.7744,4.8444,R,T,0,1,great,21,4.6844,4.8744,-,start
PRT9XWARA_mono,PRT9XWARA_mono_0019,AA,62,0.05999999999999961,4.9644,5.0244,T,R,0,1,start,22,4.8744,5.1244,great,right
PRT9XWARA_mono,PRT9XWARA_mono_0020,AY,66,0.13999999999999968,5.2144,5.3544,R,T,0,1,right,23,5.1244,5.4044,start,-
PRT9XWARA_mono,PRT9XWARA_mono_0021,AY,69,0.040000000000000036,5.9551,5.9951,-,G,0,1,i,25,5.9551,5.9951,-,grumbled
PRT9XWARA_mono,PRT9XWARA_mono_0022,AH,72,0.040000000000000036,6.1051,6.1451,R,M,0,1,grumbled,26,5.9951,6.3151,i,something
PRT9XWARA_mono,--,AH,75,0.009999999999999787,6.2051,6.2151,B,L,1,0,grumbled,26,5.9951,6.3151,i,something
PRT9XWARA_mono,PRT9XWARA_mono_0023,AH,79,0.03999999999999915,6.3851,6.4251,S,M,0,1,something,27,6.3151,6.5551,grumbled,half
PRT9XWARA_mono,PRT9XWARA_mono_0024,IH,82,0.03000000000000025,6.4951,6.5251,TH,NG,0,0,something,27,6.3151,6.5551,grumbled,half
PRT9XWARA_mono,PRT9XWARA_mono_0025,AE,85,0.10000000000000053,6.5851,6.6851,HH,F,0,1,half,28,6.5551,6.7451,something,conscious
PRT9XWARA_mono,PRT9XWARA_mono_0026,AA,88,0.10999999999999943,6.8151,6.9251,K,N,0,1,conscious,29,6.7451,7.3151,half,-
PRT9XWARA_mono,PRT9XWARA_mono_0027,AH,91,0.1200000000000001,6.9951,7.1151,SH,S,0,0,conscious,29,6.7451,7.3151,half,-
PRT9XWARA_mono,PRT9XWARA_mono_0028,AE,96,0.07000000000000028,7.5221,7.5921,R,B,0,1,grabbed,31,7.4421,7.6521,-,a
PRT9XWARA_mono,PRT9XWARA_mono_0029,AH,99,0.13999999999999968,7.6521,7.7921,D,SH,0,0,a,32,7.6521,7.7921,grabbed,shirt
PRT9XWARA_mono,PRT9XWARA_mono_0030,ER,101,0.040000000000000036,7.9021,7.9421,SH,T,0,1,shirt,33,7.7921,7.9821,a,was
PRT9XWARA_mono,--,AH,104,0.02999999999999936,8.0121,8.0421,W,Z,1,0,was,34,7.9821,8.0921,shirt,clean
PRT9XWARA_mono,PRT9XWARA_mono_0031,IY,108,0.11000000000000121,8.2221,8.3321,L,N,0,1,clean,35,8.0921,8.4721,was,-
PRT9XWARA_mono,PRT9XWARA_mono_0032,IH,111,0.17999999999999972,8.574,8.754,-,SH,0,1,ish,37,8.574,8.984,-,-
PRT9XWARA_mono,PRT9XWARA_mono_0033,AE,114,0.08999999999999986,9.3331,9.4231,-,N,0,1,and,39,9.3331,9.5031,-,headed
PRT9XWARA_mono,PRT9XWARA_mono_0034,EH,118,0.040000000000000924,9.5331,9.5731,HH,D,0,1,headed,40,9.5031,9.7231,and,out
PRT9XWARA_mono,PRT9XWARA_mono_0035,IH,120,0.049999999999998934,9.6231,9.6731,D,D,0,0,headed,40,9.5031,9.7231,and,out
PRT9XWARA_mono,PRT9XWARA_mono_0036,AW,122,0.16000000000000014,9.7231,9.8831,D,T,0,1,out,41,9.7231,9.9147,headed,-
PRT9XWARA_mono,--,AH,126,0.02999999999999936,10.4144,10.4444,DH,S,1,0,the,43,10.3444,10.4444,-,sky
PRT9XWARA_mono,PRT9XWARA_mono_0037,AY,129,0.08999999999999986,10.5444,10.6344,K,L,0,1,sky,44,10.4444,10.6344,the,looked
PRT9XWARA_mono,--,UH,131,0.02999999999999936,10.6944,10.7244,L,K,1,1,looked,45,10.6344,10.8044,sky,weird
PRT9XWARA_mono,PRT9XWARA_mono_0038,IH,135,0.07000000000000028,10.8844,10.9544,W,R,0,1,weird,46,10.8044,11.0744,looked,-
PRT9XWARA_mono,PRT9XWARA_mono_0039,AY,140,0.040000000000000924,11.2029,11.2429,L,K,0,1,like,48,11.1429,11.2729,-,that
PRT9XWARA_mono,PRT9XWARA_mono_0040,AE,143,0.05999999999999872,11.3129,11.3729,DH,T,0,1,that,49,11.2729,11.4229,like,shade
PRT9XWARA_mono,PRT9XWARA_mono_0041,EY,146,0.07000000000000028,11.5029,11.5729,SH,D,0,1,shade,50,11.4229,11.6129,that,of
PRT9XWARA_mono,--,AH,148,0.02999999999999936,11.6129,11.6429,D,V,1,0,of,51,11.6129,11.6829,shade,blue
PRT9XWARA_mono,PRT9XWARA_mono_0042,UW,152,0.0600000000000005,11.7729,11.8329,L,G,0,1,blue,52,11.6829,11.8329,of,gray
PRT9XWARA_mono,PRT9XWARA_mono_0043,EY,155,0.08000000000000007,11.9729,12.0529,R,DH,0,1,gray,53,11.8329,12.0529,blue,that
PRT9XWARA_mono,PRT9XWARA_mono_0044,AE,157,0.05999999999999872,12.0829,12.1429,DH,T,0,1,that,54,12.0529,12.1829,gray,makes
PRT9XWARA_mono,PRT9XWARA_mono_0045,EY,160,0.030000000000001137,12.2129,12.2429,M,K,0,1,makes,55,12.1829,12.3229,that,you
PRT9XWARA_mono,PRT9XWARA_mono_0046,UW,164,0.040000000000000924,12.3629,12.4029,Y,K,0,1,you,56,12.3229,12.4029,makes,question
PRT9XWARA_mono,PRT9XWARA_mono_0047,EH,167,0.05000000000000071,12.5129,12.5629,W,SH,0,1,question,57,12.4029,12.7629,you,if
PRT9XWARA_mono,PRT9XWARA_mono_0048,AH,169,0.03999999999999915,12.6529,12.6929,SH,N,0,0,question,57,12.4029,12.7629,you,if
PRT9XWARA_mono,--,IH,171,0.02999999999999936,12.7629,12.7929,N,F,1,0,if,58,12.7629,12.8329,question,it's
PRT9XWARA_mono,--,IH,173,0.02999999999999936,12.8329,12.8629,F,T,1,0,it's,59,12.8329,12.9229,if,about
PRT9XWARA_mono,--,AH,176,0.02999999999999936,12.9229,12.9529,S,B,1,0,about,60,12.9229,13.0929,it's,to
PRT9XWARA_mono,PRT9XWARA_mono_0049,AW,178,0.049999999999998934,12.9929,13.0429,B,T,0,1,about,60,12.9229,13.0929,it's,to
PRT9XWARA_mono,PRT9XWARA_mono_0050,AH,181,0.030000000000001137,13.1429,13.1729,T,R,0,0,to,61,13.0929,13.1729,about,rain
PRT9XWARA_mono,PRT9XWARA_mono_0051,EY,183,0.05999999999999872,13.2329,13.2929,R,N,0,1,rain,62,13.1729,13.3329,to,or
PRT9XWARA_mono,PRT9XWARA_mono_0052,ER,185,0.07000000000000028,13.3329,13.4029,N,N,0,0,or,63,13.3329,13.4029,rain,not
PRT9XWARA_mono,PRT9XWARA_mono_0053,AA,187,0.120000000000001,13.4429,13.5629,N,T,0,1,not,64,13.4029,13.596,or,-
PRT9XWARA_mono,PRT9XWARA_mono_0054,AY,190,0.07000000000000028,14.2699,14.3399,-,S,0,1,i,66,14.2699,14.3399,-,stopped
PRT9XWARA_mono,PRT9XWARA_mono_0055,AA,193,0.11999999999999922,14.4999,14.6199,T,P,0,1,stopped,67,14.3399,14.7399,i,by
PRT9XWARA_mono,PRT9XWARA_mono_0056,AY,197,0.0600000000000005,14.7899,14.8499,B,DH,0,1,by,68,14.7399,14.8499,stopped,the
PRT9XWARA_mono,PRT9XWARA_mono_0057,AH,199,0.03999999999999915,14.8899,14.9299,DH,K,0,0,the,69,14.8499,14.9299,by,corner
PRT9XWARA_mono,PRT9XWARA_mono_0058,AO,201,0.030000000000001137,15.0399,15.0699,K,R,0,1,corner,70,14.9299,15.2099,the,store
PRT9XWARA_mono,PRT9XWARA_mono_0059,ER,204,0.06999999999999851,15.1399,15.2099,N,S,0,0,corner,70,14.9299,15.2099,the,store
PRT9XWARA_mono,PRT9XWARA_mono_0060,AO,207,0.0600000000000005,15.3299,15.3899,T,R,0,1,store,71,15.2099,15.4499,corner,to
PRT9XWARA_mono,--,AH,210,0.02999999999999936,15.4999,15.5299,T,G,1,0,to,72,15.4499,15.5299,store,grab
PRT9XWARA_mono,PRT9XWARA_mono_0061,AE,213,0.0600000000000005,15.6299,15.6899,R,B,0,1,grab,73,15.5299,15.7399,to,a
PRT9XWARA_mono,--,AH,215,0.02999999999999936,15.7399,15.7699,B,T,1,0,a,74,15.7399,15.7699,grab,toasted
PRT9XWARA_mono,PRT9XWARA_mono_0062,OW,217,0.07000000000000028,15.8499,15.9199,T,S,0,1,toasted,75,15.7699,16.089901,a,bagel
PRT9XWARA_mono,--,IH,220,0.029999999999997584,16.0299,16.0599,T,D,1,0,toasted,75,15.7699,16.089901,a,bagel
PRT9XWARA_mono,PRT9XWARA_mono_0063,EY,223,0.07000000000000028,16.1299,16.1999,B,G,0,1,bagel,76,16.089901,16.319901,toasted,and
PRT9XWARA_mono,PRT9XWARA_mono_0064,AH,225,0.03999899999999812,16.249901,16.2899,G,L,0,0,bagel,76,16.089901,16.319901,toasted,and
PRT9XWARA_mono,--,AH,227,0.02999799999999908,16.319901,16.349899,L,N,1,0,and,77,16.319901,16.429899,bagel,orange
PRT9XWARA_mono,PRT9XWARA_mono_0065,AO,230,0.10000100000000245,16.429899,16.5299,D,R,0,1,orange,78,16.429899,16.7099,and,juice
PRT9XWARA_mono,--,AH,232,0.02999799999999908,16.569901,16.599899,R,N,1,0,orange,78,16.429899,16.7099,and,juice
PRT9XWARA_mono,PRT9XWARA_mono_0066,UW,236,0.10000100000000245,16.769899,16.8699,JH,S,0,1,juice,79,16.7099,16.919901,orange,-
PRT9XWARA_mono,PRT9XWARA_mono_0067,AH,240,0.030001000000002165,17.001699,17.0317,B,T,0,1,but,81,16.991699,17.061701,-,they
PRT9XWARA_mono,PRT9XWARA_mono_0068,EY,243,0.030000000000001137,17.0917,17.1217,DH,W,0,1,they,82,17.061701,17.1217,but,were
PRT9XWARA_mono,PRT9XWARA_mono_0069,ER,245,0.050000999999998186,17.151699,17.2017,W,AW1,0,0,were,83,17.1217,17.2017,they,out
PRT9XWARA_mono,PRT9XWARA_mono_0070,AW,246,0.11000100000000046,17.2017,17.311701,ER0,T,0,1,out,84,17.2017,17.3417,were,of
PRT9XWARA_mono,PRT9XWARA_mono_0071,AH,248,0.030000000000001137,17.3417,17.3717,T,V,0,0,of,85,17.3417,17.4617,out,both
PRT9XWARA_mono,PRT9XWARA_mono_0072,OW,251,0.16999999999999815,17.5117,17.6817,B,TH,0,1,both,86,17.4617,17.7717,of,-
PRT9XWARA_mono,PRT9XWARA_mono_0073,AH,255,0.050000999999998186,17.9282,17.978201,DH,spn,0,0,the,88,17.898199,17.978201,-,cashied
PRT9XWARA_mono,PRT9XWARA_mono_0074,OW,258,0.15000199999999708,18.398199,18.548201,JH,K,0,1,joked,90,18.328199,18.798201,cashied,-
PRT9XWARA_mono,PRT9XWARA_mono_0075,IH,262,0.07000000000000028,18.927299,18.997299,-,T,0,1,it's,92,18.927299,19.0973,-,monday
PRT9XWARA_mono,PRT9XWARA_mono_0076,AH,266,0.07000000000000028,19.1373,19.2073,M,N,0,1,monday,93,19.0973,19.3773,it's,energy
PRT9XWARA_mono,PRT9XWARA_mono_0077,EY,269,0.09000000000000341,19.2873,19.3773,D,EH1,0,2,monday,93,19.0973,19.3773,it's,energy
PRT9XWARA_mono,--,EH,270,0.029998999999996556,19.3773,19.407299,EY2,N,1,1,energy,94,19.3773,19.747299,monday,-
PRT9XWARA_mono,PRT9XWARA_mono_0078,ER,272,0.0799999999999983,19.4373,19.5173,N,JH,0,0,energy,94,19.3773,19.747299,monday,-
PRT9XWARA_mono,PRT9XWARA_mono_0079,IY,274,0.16000000000000014,19.587299,19.747299,JH,-,0,0,energy,94,19.3773,19.747299,monday,-
PRT9XWARA_mono,PRT9XWARA_mono_0080,AH,276,0.030000000000001137,20.0777,20.1077,-,N,0,0,and,96,20.0777,20.1677,-,i
PRT9XWARA_mono,PRT9XWARA_mono_0081,AY,279,0.059999000000001246,20.1677,20.227699,D,HH,0,1,i,97,20.1677,20.227699,and,half
PRT9XWARA_mono,PRT9XWARA_mono_0082,AE,281,0.1000009999999989,20.2677,20.367701,HH,F,0,1,half,98,20.227699,20.4277,i,laughed
PRT9XWARA_mono,PRT9XWARA_mono_0083,AE,284,0.08999999999999986,20.4877,20.5777,L,F,0,1,laughed,99,20.4277,20.6677,half,because
PRT9XWARA_mono,PRT9XWARA_mono_0084,IH,288,0.04999899999999968,20.697701,20.7477,B,K,0,0,because,100,20.6677,21.0777,laughed,-
PRT9XWARA_mono,PRT9XWARA_mono_0085,AH,290,0.0799999999999983,20.797701,20.877701,K,Z,0,1,because,100,20.6677,21.0777,laughed,-
PRT9XWARA_mono,PRT9XWARA_mono_0086,AE,294,0.18000100000000074,21.277,21.457001,Y,-,0,1,yeah,102,21.177,21.457001,-,-
PRT9XWARA_mono,PRT9XWARA_mono_0087,UW,298,0.20000099999999676,21.892099,22.0921,R,-,0,1,true,104,21.7321,22.0921,-,-
PRT9XWARA_mono,PRT9XWARA_mono_0088,AY,300,0.12999900000000153,22.6973,22.827299,-,T,0,1,i,106,22.6973,22.827299,-,took
PRT9XWARA_mono,PRT9XWARA_mono_0089,UH,302,0.049999000000003235,22.9473,22.997299,T,K,0,1,took,107,22.827299,23.057301,i,a
PRT9XWARA_mono,PRT9XWARA_mono_0090,AH,304,0.03999900000000167,23.057301,23.0973,K,S,0,0,a,108,23.057301,23.0973,took,seat
PRT9XWARA_mono,PRT9XWARA_mono_0091,IY,306,0.16000000000000014,23.2873,23.4473,S,T,0,1,seat,109,23.0973,23.487301,a,near
PRT9XWARA_mono,PRT9XWARA_mono_0092,IH,309,0.08000200000000035,23.577299,23.657301,N,R,0,1,near,110,23.487301,23.737301,seat,the
PRT9XWARA_mono,--,AH,312,0.029998000000002634,23.807301,23.837299,DH,W,1,0,the,111,23.737301,23.837299,near,window
PRT9XWARA_mono,PRT9XWARA_mono_0093,IH,314,0.03999899999999812,23.977301,24.0173,W,N,0,1,window,112,23.837299,24.247299,the,-
PRT9XWARA_mono,PRT9XWARA_mono_0094,OW,317,0.1399990000000031,24.1073,24.247299,D,-,0,0,window,112,23.837299,24.247299,the,-
PRT9XWARA_mono,PRT9XWARA_mono_0095,OW,322,0.05999899999999769,24.5147,24.574699,R,L,0,1,scrolled,114,24.2747,24.644699,-,my
PRT9XWARA_mono,PRT9XWARA_mono_0096,AY,326,0.0799999999999983,24.6947,24.7747,M,F,0,1,my,115,24.644699,24.7747,scrolled,phone
PRT9XWARA_mono,PRT9XWARA_mono_0097,OW,328,0.19999799999999723,24.874701,25.074699,F,N,0,1,phone,116,24.7747,25.1947,my,-
PRT9XWARA_mono,PRT9XWARA_mono_0098,AE,331,0.04999899999999968,25.2717,25.321699,-,N,0,1,and,118,25.2717,25.401699,-,overheard
PRT9XWARA_mono,PRT9XWARA_mono_0099,OW,334,0.08999999999999986,25.401699,25.491699,D,V,0,1,overheard,119,25.401699,25.7917,and,someone
PRT9XWARA_mono,PRT9XWARA_mono_0100,ER,336,0.060000000000002274,25.5417,25.6017,V,HH,0,0,overheard,119,25.401699,25.7917,and,someone
PRT9XWARA_mono,PRT9XWARA_mono_0101,ER,338,0.08000000000000185,25.661699,25.741699,HH,D,0,1,overheard,119,25.401699,25.7917,and,someone
PRT9XWARA_mono,PRT9XWARA_mono_0102,AH,341,0.050001999999999214,25.831699,25.881701,S,M,0,1,someone,120,25.7917,26.0217,overheard,say
PRT9XWARA_mono,PRT9XWARA_mono_0103,AH,344,0.030000999999998612,25.9417,25.971701,W,N,0,2,someone,120,25.7917,26.0217,overheard,say
PRT9XWARA_mono,PRT9XWARA_mono_0104,EY,347,0.26000000000000156,26.131701,26.391701,S,-,0,1,say,121,26.0217,26.391701,someone,-
PRT9XWARA_mono,PRT9XWARA_mono_0105,AH,350,0.03999900000000167,26.575701,26.6157,DH,JH,0,0,the,123,26.505699,26.6157,-,giraffe
PRT9XWARA_mono,PRT9XWARA_mono_0106,ER,352,0.11000100000000046,26.685699,26.7957,JH,AE1,0,0,giraffe,124,26.6157,27.005699,the,exhibit
PRT9XWARA_mono,PRT9XWARA_mono_0107,AE,353,0.12000099999999847,26.7957,26.915701,ER0,F,0,1,giraffe,124,26.6157,27.005699,the,exhibit
PRT9XWARA_mono,PRT9XWARA_mono_0108,IH,355,0.030000999999998612,27.005699,27.0357,F,G,0,0,exhibit,125,27.005699,27.2957,giraffe,-
PRT9XWARA_mono,PRT9XWARA_mono_0109,IH,358,0.05999999999999872,27.1357,27.1957,Z,B,0,1,exhibit,125,27.005699,27.2957,giraffe,-
PRT9XWARA_mono,PRT9XWARA_mono_0110,IH,360,0.03999900000000167,27.2257,27.265699,B,T,0,0,exhibit,125,27.005699,27.2957,giraffe,-
PRT9XWARA_mono,PRT9XWARA_mono_0111,OW,363,0.10999800000000093,27.325701,27.435699,-,P,0,1,opens,127,27.325701,27.655701,-,at
PRT9XWARA_mono,PRT9XWARA_mono_0112,AH,365,0.05999999999999872,27.4757,27.5357,P,N,0,0,opens,127,27.325701,27.655701,-,at
PRT9XWARA_mono,PRT9XWARA_mono_0113,AE,368,0.0799999999999983,27.655701,27.735701,Z,T,0,1,at,128,27.655701,27.8057,opens,noon
PRT9XWARA_mono,PRT9XWARA_mono_0114,UW,371,0.11000100000000046,27.8857,27.995701,N,N,0,1,noon,129,27.8057,28.1257,at,-
PRT9XWARA_mono,--,IH,375,0.02999900000000011,28.850401,28.8804,W,CH,1,1,which,131,28.8004,28.9604,-,felt
PRT9XWARA_mono,PRT9XWARA_mono_0115,EH,378,0.05000100000000174,29.030399,29.0804,F,L,0,1,felt,132,28.9604,29.253201,which,-
PRT9XWARA_mono,PRT9XWARA_mono_0116,AA,382,0.17999999999999972,29.4431,29.6231,-,D,0,1,oddly,134,29.4431,29.7931,-,profound
PRT9XWARA_mono,PRT9XWARA_mono_0117,IY,385,0.06999899999999926,29.723101,29.7931,L,P,0,0,oddly,134,29.4431,29.7931,-,profound
PRT9XWARA_mono,PRT9XWARA_mono_0118,OW,388,0.03999899999999812,29.8731,29.913099,R,F,0,0,profound,135,29.7931,30.253099,oddly,at
PRT9XWARA_mono,PRT9XWARA_mono_0119,AW,390,0.13999899999999954,29.983101,30.1231,F,N,0,1,profound,135,29.7931,30.253099,oddly,at
PRT9XWARA_mono,PRT9XWARA_mono_0120,AE,393,0.13000200000000106,30.253099,30.383101,D,T,0,1,at,136,30.253099,30.4531,profound,the
PRT9XWARA_mono,--,AH,396,0.02999900000000011,30.483101,30.5131,DH,T,1,0,the,137,30.4531,30.5131,at,time
PRT9XWARA_mono,PRT9XWARA_mono_0121,AY,398,0.20999899999999982,30.6131,30.823099,T,M,0,1,time,138,30.5131,30.9531,the,-
PRT9XWARA_mono,PRT9XWARA_mono_0122,AH,401,0.1700000000000017,31.528999,31.698999,-,M,0,1,um,140,31.528999,31.959,-,-
PRT9XWARA_mono,PRT9XWARA_mono_0123,AE,404,0.1100009999999969,32.040298,32.150299,-,F,0,1,after,142,32.040298,32.320301,-,a
PRT9XWARA_mono,PRT9XWARA_mono_0124,ER,407,0.07000000000000028,32.250301,32.320301,T,AH0,0,0,after,142,32.040298,32.320301,-,a
PRT9XWARA_mono,PRT9XWARA_mono_0125,AH,408,0.04999899999999968,32.320301,32.3703,ER0,F,0,0,a,143,32.320301,32.3703,after,few
PRT9XWARA_mono,PRT9XWARA_mono_0126,UW,411,0.06999900000000281,32.550301,32.6203,Y,B,0,1,few,144,32.3703,32.6203,a,bites
PRT9XWARA_mono,PRT9XWARA_mono_0127,AY,413,0.13000100000000003,32.6903,32.820301,B,T,0,1,bites,145,32.6203,33.0103,few,of
PRT9XWARA_mono,PRT9XWARA_mono_0128,AH,416,0.17000199999999666,33.0103,33.180302,S,V,0,1,of,146,33.0103,33.2603,bites,something
PRT9XWARA_mono,PRT9XWARA_mono_0129,AH,419,0.04999899999999968,33.340302,33.390301,S,M,0,1,something,147,33.2603,33.650299,of,vaguely
PRT9XWARA_mono,PRT9XWARA_mono_0130,IH,422,0.039996999999999616,33.500301,33.540298,TH,NG,0,0,something,147,33.2603,33.650299,of,vaguely
PRT9XWARA_mono,PRT9XWARA_mono_0131,EY,425,0.1099969999999999,33.750301,33.860298,V,G,0,1,vaguely,148,33.650299,34.110298,something,egg
PRT9XWARA_mono,PRT9XWARA_mono_0132,IY,428,0.11999899999999997,33.990299,34.110298,L,EH1,0,0,vaguely,148,33.650299,34.110298,something,egg
PRT9XWARA_mono,PRT9XWARA_mono_0133,EH,429,0.1100009999999969,34.110298,34.220299,IY0,G,0,1,egg,149,34.110298,34.300301,vaguely,shaped
PRT9XWARA_mono,PRT9XWARA_mono_0134,EY,432,0.13000100000000003,34.400299,34.5303,SH,P,0,1,shaped,150,34.300301,34.7103,egg,-
PRT9XWARA_mono,PRT9XWARA_mono_0135,AY,436,0.14999699999999905,35.209801,35.359798,-,W,0,1,i,152,35.209801,35.359798,-,wandered
PRT9XWARA_mono,PRT9XWARA_mono_0136,AA,438,0.0899999999999963,35.499802,35.589802,W,N,0,1,wandered,153,35.359798,35.7798,i,to
PRT9XWARA_mono,PRT9XWARA_mono_0137,ER,441,0.050003000000003794,35.679798,35.729801,D,D,0,0,wandered,153,35.359798,35.7798,i,to
PRT9XWARA_mono,--,AH,444,0.02999799999999908,35.8298,35.859798,T,DH,1,0,to,154,35.7798,35.859798,wandered,the
PRT9XWARA_mono,--,AH,446,0.02999900000000366,35.889801,35.9198,DH,P,1,0,the,155,35.859798,35.9198,to,park
PRT9XWARA_mono,PRT9XWARA_mono_0138,AA,448,0.0699989999999957,36.039799,36.109798,P,R,0,1,park,156,35.9198,36.3498,the,-
PRT9XWARA_mono,PRT9XWARA_mono_0139,AH,452,0.04999899999999968,36.494202,36.544201,-,K,0,0,a,158,36.494202,36.544201,-,kid
PRT9XWARA_mono,PRT9XWARA_mono_0140,IH,454,0.06000099999999975,36.624199,36.6842,K,D,0,1,kid,159,36.544201,36.7742,a,zoomed
PRT9XWARA_mono,PRT9XWARA_mono_0141,UW,457,0.10999999999999943,36.8242,36.9342,Z,M,0,1,zoomed,160,36.7742,37.070499,kid,-
PRT9XWARA_mono,PRT9XWARA_mono_0142,AY,462,0.18000000000000682,37.478199,37.658199,B,AA1,0,1,by,162,37.388199,37.658199,-,on
PRT9XWARA_mono,PRT9XWARA_mono_0143,AA,463,0.060001999999997224,37.658199,37.718201,AY1,N,0,1,on,163,37.658199,37.758202,by,a
PRT9XWARA_mono,--,AH,465,0.029998000000006186,37.758202,37.7882,N,S,1,0,a,164,37.758202,37.7882,on,scooter
PRT9XWARA_mono,PRT9XWARA_mono_0144,UW,468,0.04999899999999968,37.9282,37.978199,K,T,0,1,scooter,165,37.7882,38.048199,a,yelling
PRT9XWARA_mono,--,ER,470,0.029998999999996556,38.0182,38.048199,T,Y,1,0,scooter,165,37.7882,38.048199,a,yelling
PRT9XWARA_mono,PRT9XWARA_mono_0145,EH,472,0.06000099999999975,38.128201,38.188202,Y,L,0,1,yelling,166,38.048199,38.508202,scooter,zoom
PRT9XWARA_mono,PRT9XWARA_mono_0146,IH,474,0.05999700000000274,38.258202,38.318199,L,NG,0,0,yelling,166,38.048199,38.508202,scooter,zoom
PRT9XWARA_mono,PRT9XWARA_mono_0147,UW,477,0.11999899999999997,38.6082,38.728199,Z,M,0,1,zoom,167,38.508202,38.818199,yelling,zoom
PRT9XWARA_mono,PRT9XWARA_mono_0148,UW,480,0.22000099999999634,38.888199,39.1082,Z,M,0,1,zoom,168,38.818199,39.168201,zoom,-
PRT9XWARA_mono,PRT9XWARA_mono_0149,AY,484,0.06000099999999975,39.832199,39.8922,L,K,0,1,like,170,39.8022,39.932201,-,it
PRT9XWARA_mono,--,IH,486,0.02999900000000366,39.932201,39.9622,K,W,1,0,it,171,39.932201,39.9622,like,was
PRT9XWARA_mono,PRT9XWARA_mono_0150,AH,488,0.030003000000000668,39.992199,40.022202,W,Z,0,0,was,172,39.9622,40.072201,it,a
PRT9XWARA_mono,PRT9XWARA_mono_0151,AH,490,0.04999899999999968,40.072201,40.1222,Z,S,0,0,a,173,40.072201,40.1222,was,sound
PRT9XWARA_mono,PRT9XWARA_mono_0152,AW,492,0.09999899999999684,40.2122,40.312199,S,N,0,1,sound,174,40.1222,40.3722,a,effect
PRT9XWARA_mono,--,AH,495,0.02999900000000366,40.3722,40.402199,D,F,1,0,effect,175,40.3722,40.662201,sound,that
PRT9XWARA_mono,PRT9XWARA_mono_0153,EH,497,0.07999799999999624,40.482201,40.562199,F,K,0,1,effect,175,40.3722,40.662201,sound,that
PRT9XWARA_mono,PRT9XWARA_mono_0154,AE,501,0.06999900000000281,40.6922,40.762199,DH,T,0,1,that,176,40.662201,40.822201,effect,summoned
PRT9XWARA_mono,PRT9XWARA_mono_0155,AH,504,0.05000000000000426,40.932201,40.982201,S,M,0,1,summoned,177,40.822201,41.1422,that,speed
PRT9XWARA_mono,PRT9XWARA_mono_0156,AH,506,0.030003000000000668,41.042198,41.072201,M,N,0,0,summoned,177,40.822201,41.1422,that,speed
PRT9XWARA_mono,PRT9XWARA_mono_0157,IY,511,0.07000000000000028,41.2822,41.3522,P,D,0,1,speed,178,41.1422,41.512199,summoned,-
PRT9XWARA_mono,PRT9XWARA_mono_0158,AY,514,0.06000099999999975,41.736599,41.7966,-,S,0,1,i,180,41.736599,41.7966,-,sat
PRT9XWARA_mono,PRT9XWARA_mono_0159,AE,516,0.04000099999999662,41.8866,41.926601,S,AH1,0,1,sat,181,41.7966,41.926601,i,under
PRT9XWARA_mono,PRT9XWARA_mono_0160,AH,517,0.11999899999999997,41.926601,42.0466,AE1,N,0,1,under,182,41.926601,42.1866,sat,a
PRT9XWARA_mono,PRT9XWARA_mono_0161,ER,520,0.060001999999997224,42.126598,42.1866,D,AH0,0,0,under,182,41.926601,42.1866,sat,a
PRT9XWARA_mono,PRT9XWARA_mono_0162,AH,521,0.04000100000000373,42.1866,42.226601,ER0,T,0,0,a,183,42.1866,42.226601,under,tree
PRT9XWARA_mono,PRT9XWARA_mono_0163,IY,524,0.20000100000000032,42.376598,42.576599,R,-,0,1,tree,184,42.226601,42.576599,a,-
PRT9XWARA_mono,PRT9XWARA_mono_0164,IH,527,0.04000099999999662,42.756599,42.7966,L,S,0,1,listened,186,42.6866,42.9366,-,to
PRT9XWARA_mono,PRT9XWARA_mono_0165,AH,529,0.039996999999999616,42.836601,42.876598,S,N,0,0,listened,186,42.6866,42.9366,-,to
PRT9XWARA_mono,PRT9XWARA_mono_0166,AH,533,0.039996999999999616,42.996601,43.036598,T,DH,0,0,to,187,42.9366,43.036598,listened,the
PRT9XWARA_mono,--,AH,535,0.02999900000000366,43.066601,43.0966,DH,B,1,0,the,188,43.036598,43.0966,to,breeze
PRT9XWARA_mono,PRT9XWARA_mono_0167,IY,538,0.1399990000000031,43.236599,43.376598,R,Z,0,1,breeze,189,43.0966,43.4566,the,-
PRT9XWARA_mono,PRT9XWARA_mono_0168,AA,542,0.05000400000000127,44.043098,44.093102,W,CH,0,1,watched,191,43.9231,44.203098,-,a
PRT9XWARA_mono,PRT9XWARA_mono_0169,AH,545,0.030003000000000668,44.203098,44.233101,T,Y,0,0,a,192,44.203098,44.233101,watched,yellow
PRT9XWARA_mono,PRT9XWARA_mono_0170,EH,547,0.04999899999999968,44.2831,44.333099,Y,L,0,1,yellow,193,44.233101,44.413101,a,balloon
PRT9XWARA_mono,PRT9XWARA_mono_0171,OW,549,0.030001999999996087,44.383099,44.413101,L,B,0,0,yellow,193,44.233101,44.413101,a,balloon
PRT9XWARA_mono,--,AH,551,0.010002000000000066,44.493099,44.503101,B,L,1,0,balloon,194,44.413101,44.6931,yellow,get
PRT9XWARA_mono,PRT9XWARA_mono_0172,UW,553,0.07000000000000028,44.573101,44.643101,L,N,0,1,balloon,194,44.413101,44.6931,yellow,get
PRT9XWARA_mono,PRT9XWARA_mono_0173,EH,556,0.04999899999999968,44.733101,44.7831,G,T,0,1,get,195,44.6931,44.843102,balloon,tangled
PRT9XWARA_mono,--,AE,559,0.029998999999996556,44.9431,44.973099,T,NG,1,1,tangled,196,44.843102,45.163101,get,in
PRT9XWARA_mono,--,AH,562,0.02999799999999908,45.053101,45.083099,G,L,1,0,tangled,196,44.843102,45.163101,get,in
PRT9XWARA_mono,PRT9XWARA_mono_0174,IH,565,0.039996999999999616,45.163101,45.203098,D,N,0,0,in,197,45.163101,45.243099,tangled,a
PRT9XWARA_mono,PRT9XWARA_mono_0175,AH,567,0.04000099999999662,45.243099,45.2831,N,P,0,0,a,198,45.243099,45.2831,in,power
PRT9XWARA_mono,PRT9XWARA_mono_0176,AW,569,0.08000099999999577,45.383099,45.4631,P,ER0,0,1,power,199,45.2831,45.523102,a,line
PRT9XWARA_mono,PRT9XWARA_mono_0177,ER,570,0.06000200000000433,45.4631,45.523102,AW1,L,0,0,power,199,45.2831,45.523102,a,line
PRT9XWARA_mono,PRT9XWARA_mono_0178,AY,572,0.07000000000000028,45.583099,45.653099,L,N,0,1,line,200,45.523102,45.773102,power,-
PRT9XWARA_mono,PRT9XWARA_mono_0179,IH,576,0.06999900000000281,46.178101,46.2481,W,R,0,1,weird,202,46.108101,46.3181,-,morning
PRT9XWARA_mono,PRT9XWARA_mono_0180,AO,580,0.05999699999999564,46.398102,46.458099,M,R,0,1,morning,203,46.3181,46.688099,weird,-
PRT9XWARA_mono,PRT9XWARA_mono_0181,IH,583,0.03999999999999915,46.5481,46.5881,N,NG,0,0,morning,203,46.3181,46.688099,weird,-
PRT9XWARA_mono,--,AH,587,0.02999799999999908,46.919701,46.949699,B,AA1,1,1,but,205,46.889702,46.949699,-,honestly
PRT9XWARA_mono,PRT9XWARA_mono_0182,AA,588,0.09000100000000089,46.949699,47.0397,AH1,N,0,1,honestly,206,46.949699,47.389702,but,-
PRT9XWARA_mono,PRT9XWARA_mono_0183,AH,590,0.04000099999999662,47.0797,47.119701,N,S,0,0,honestly,206,46.949699,47.389702,but,-
PRT9XWARA_mono,PRT9XWARA_mono_0184,IY,593,0.1400030000000001,47.249699,47.389702,L,-,0,0,honestly,206,46.949699,47.389702,but,-
PRT9XWARA_mono,PRT9XWARA_mono_0185,AA,596,0.06000099999999975,47.5807,47.640701,N,T,0,1,not,208,47.550701,47.690701,-,the
PRT9XWARA_mono,--,AH,599,0.029998999999996556,47.730701,47.7607,DH,W,1,1,the,209,47.690701,47.7607,not,worst
PRT9XWARA_mono,PRT9XWARA_mono_0186,ER,601,0.13000100000000003,47.880699,48.0107,W,S,0,1,worst,210,47.7607,48.250698,the,-
PS92JDABC_mono,PS92JDABC_mono_0001,OW,3,0.3400000000000001,1.8122,2.1522,S,DH,0,1,so,2,1.7822,2.1522,-,this
PS92JDABC_mono,PS92JDABC_mono_0002,IH,5,0.08000000000000007,2.2422,2.3222,DH,S,0,1,this,3,2.1522,2.4822,so,morning
PS92JDABC_mono,PS92JDABC_mono_0003,AO,8,0.06999999999999984,2.5122,2.5822,M,R,0,1,morning,4,2.4822,2.9322,this,-
PS92JDABC_mono,PS92JDABC_mono_0004,IH,11,0.10999999999999988,2.6922,2.8022,N,NG,0,0,morning,4,2.4822,2.9322,this,-
PS92JDABC_mono,PS92JDABC_mono_0005,AY,14,0.1299999999999999,3.0669,3.1969,-,W,0,1,i,6,3.0669,3.1969,-,woke
PS92JDABC_mono,PS92JDABC_mono_0006,OW,16,0.06999999999999984,3.2869,3.3569,W,K,0,1,woke,7,3.1969,3.4569,i,up
PS92JDABC_mono,PS92JDABC_mono_0007,AH,18,0.04999999999999982,3.4569,3.5069,K,P,0,1,up,8,3.4569,3.6069,woke,late
PS92JDABC_mono,PS92JDABC_mono_0008,EY,21,0.14000000000000012,3.6569,3.7969,L,T,0,1,late,9,3.6069,3.8269,up,-
PS92JDABC_mono,PS92JDABC_mono_0009,AE,24,0.06999999999999984,3.9361,4.0061,-,N,0,1,and,11,3.9361,4.0661,-,immediately
PS92JDABC_mono,PS92JDABC_mono_0010,IH,27,0.05000000000000071,4.0661,4.1161,D,M,0,0,immediately,12,4.0661,4.5161,and,stubbed
PS92JDABC_mono,PS92JDABC_mono_0011,IY,29,0.0699999999999994,4.2061,4.2761,M,D,0,1,immediately,12,4.0661,4.5161,and,stubbed
PS92JDABC_mono,PS92JDABC_mono_0012,IY,31,0.040000000000000036,4.3061,4.3461,D,AH0,0,0,immediately,12,4.0661,4.5161,and,stubbed
PS92JDABC_mono,PS92JDABC_mono_0013,AH,32,0.040000000000000036,4.3461,4.3861,IY0,T,0,0,immediately,12,4.0661,4.5161,and,stubbed
PS92JDABC_mono,PS92JDABC_mono_0014,IY,35,0.04999999999999982,4.4661,4.5161,L,S,0,0,immediately,12,4.0661,4.5161,and,stubbed
PS92JDABC_mono,PS92JDABC_mono_0015,AH,38,0.0699999999999994,4.6961,4.7661,T,B,0,1,stubbed,13,4.5161,4.8361,immediately,my
PS92JDABC_mono,PS92JDABC_mono_0016,AY,42,0.08000000000000007,4.8961,4.9761,M,T,0,1,my,14,4.8361,4.9761,stubbed,toe
PS92JDABC_mono,PS92JDABC_mono_0017,OW,44,0.3200000000000003,5.1261,5.4461,T,-,0,1,toe,15,4.9761,5.4461,my,-
PS92JDABC_mono,PS92JDABC_mono_0018,AA,46,0.09999999999999964,5.4861,5.5861,-,N,0,1,on,17,5.4861,5.6261,-,the
PS92JDABC_mono,--,AH,49,0.02999999999999936,5.6561,5.6861,DH,D,1,0,the,18,5.6261,5.6861,on,dresser
PS92JDABC_mono,PS92JDABC_mono_0019,EH,52,0.04999999999999982,5.7861,5.8361,R,S,0,1,dresser,19,5.6861,5.9861,the,-
PS92JDABC_mono,PS92JDABC_mono_0020,ER,54,0.03000000000000025,5.9561,5.9861,S,-,0,0,dresser,19,5.6861,5.9861,the,-
PS92JDABC_mono,PS92JDABC_mono_0021,EY,58,0.1200000000000001,6.4723,6.5923,R,T,0,1,great,21,6.3623,6.6723,-,start
PS92JDABC_mono,PS92JDABC_mono_0022,AA,62,0.04999999999999982,6.7923,6.8423,T,R,0,1,start,22,6.6723,7.0123,great,-
PS92JDABC_mono,PS92JDABC_mono_0023,AY,67,0.1800000000000006,7.1423,7.3223,R,T,0,1,right,24,7.0523,7.3823,-,-
PS92JDABC_mono,PS92JDABC_mono_0024,AY,70,0.07000000000000028,8.1291,8.1991,-,G,0,1,i,26,8.1291,8.1991,-,grumbled
PS92JDABC_mono,PS92JDABC_mono_0025,AH,73,0.06999999999999851,8.3091,8.3791,R,M,0,1,grumbled,27,8.1991,8.5891,i,something
PS92JDABC_mono,--,AH,76,0.009999999999999787,8.4891,8.4991,B,L,1,0,grumbled,27,8.1991,8.5891,i,something
PS92JDABC_mono,PS92JDABC_mono_0026,AH,80,0.040000000000000924,8.6191,8.6591,S,M,0,1,something,28,8.5891,8.9191,grumbled,half
PS92JDABC_mono,PS92JDABC_mono_0027,IH,83,0.08000000000000007,8.7791,8.8591,TH,NG,0,0,something,28,8.5891,8.9191,grumbled,half
PS92JDABC_mono,PS92JDABC_mono_0028,AE,86,0.10000000000000142,9.0491,9.1491,HH,F,0,1,half,29,8.9191,9.2391,something,conscious
PS92JDABC_mono,PS92JDABC_mono_0029,AA,89,0.08999999999999986,9.3191,9.4091,K,N,0,1,conscious,30,9.2391,9.7891,half,-
PS92JDABC_mono,PS92JDABC_mono_0030,AH,92,0.09999999999999964,9.5691,9.6691,SH,S,0,0,conscious,30,9.2391,9.7891,half,-
PS92JDABC_mono,PS92JDABC_mono_0031,AE,97,0.13000000000000078,10.0573,10.1873,R,B,0,1,grabbed,32,9.9773,10.2473,-,-
PS92JDABC_mono,PS92JDABC_mono_0032,AH,103,0.040000000000000924,10.3873,10.4273,W,T,0,2,whatever,34,10.3173,10.6673,-,shirt
PS92JDABC_mono,PS92JDABC_mono_0033,EH,105,0.07000000000000028,10.4573,10.5273,T,V,0,1,whatever,34,10.3173,10.6673,-,shirt
PS92JDABC_mono,PS92JDABC_mono_0034,ER,107,0.06999999999999851,10.5973,10.6673,V,SH,0,0,whatever,34,10.3173,10.6673,-,shirt
PS92JDABC_mono,PS92JDABC_mono_0035,ER,109,0.120000000000001,10.8073,10.9273,SH,T,0,1,shirt,35,10.6673,10.9773,whatever,was
PS92JDABC_mono,PS92JDABC_mono_0036,AH,112,0.03999999999999915,11.0173,11.0573,W,Z,0,0,was,36,10.9773,11.1173,shirt,clean
PS92JDABC_mono,PS92JDABC_mono_0037,IY,116,0.08999999999999986,11.2973,11.3873,L,N,0,1,clean,37,11.1173,11.4273,was,ish
PS92JDABC_mono,PS92JDABC_mono_0038,IH,118,0.08999999999999986,11.4273,11.5173,N,SH,0,1,ish,38,11.4273,11.7273,clean,-
PS92JDABC_mono,PS92JDABC_mono_0039,AH,121,0.030000000000001137,11.8073,11.8373,-,N,0,0,and,40,11.8073,11.8973,-,headed
PS92JDABC_mono,PS92JDABC_mono_0040,EH,125,0.040000000000000924,11.9673,12.0073,HH,D,0,1,headed,41,11.8973,12.1473,and,out
PS92JDABC_mono,PS92JDABC_mono_0041,IH,127,0.0600000000000005,12.0473,12.1073,D,D,0,0,headed,41,11.8973,12.1473,and,out
PS92JDABC_mono,PS92JDABC_mono_0042,AW,129,0.14000000000000057,12.1473,12.2873,D,T,0,1,out,42,12.1473,12.3373,headed,-
PS92JDABC_mono,PS92JDABC_mono_0043,AH,133,0.03999999999999915,13.359,13.399,DH,S,0,0,the,44,13.329,13.399,-,sky
PS92JDABC_mono,PS92JDABC_mono_0044,AY,136,0.16000000000000014,13.549,13.709,K,L,0,1,sky,45,13.399,13.709,the,looked
PS92JDABC_mono,PS92JDABC_mono_0045,UH,138,0.07000000000000028,13.759,13.829,L,K,0,1,looked,46,13.709,13.939,sky,weird
PS92JDABC_mono,PS92JDABC_mono_0046,IH,142,0.08000000000000007,13.989,14.069,W,R,0,1,weird,47,13.939,14.259,looked,-
PS92JDABC_mono,PS92JDABC_mono_0047,AY,147,0.05000000000000071,14.7942,14.8442,L,K,0,1,like,49,14.7642,14.8942,-,that
PS92JDABC_mono,PS92JDABC_mono_0048,AE,150,0.20999999999999908,14.9442,15.1542,DH,-,0,1,that,50,14.8942,15.1542,like,-
PS92JDABC_mono,PS92JDABC_mono_0049,EY,153,0.10999999999999943,15.3292,15.4392,SH,D,0,1,shade,52,15.1892,15.4692,-,of
PS92JDABC_mono,PS92JDABC_mono_0050,AH,155,0.049999999999998934,15.4692,15.5192,D,V,0,0,of,53,15.4692,15.6392,shade,blue
PS92JDABC_mono,PS92JDABC_mono_0051,UW,159,0.09999999999999964,15.7492,15.8492,L,G,0,1,blue,54,15.6392,15.8492,of,gray
PS92JDABC_mono,PS92JDABC_mono_0052,EY,162,0.13000100000000003,16.009199,16.1392,R,DH,0,1,gray,55,15.8492,16.1392,blue,that
PS92JDABC_mono,PS92JDABC_mono_0053,AE,164,0.07000199999999879,16.179199,16.249201,DH,T,0,1,that,56,16.1392,16.2892,gray,makes
PS92JDABC_mono,PS92JDABC_mono_0054,EY,167,0.04999899999999968,16.319201,16.3692,M,K,0,1,makes,57,16.2892,16.4792,that,you
PS92JDABC_mono,PS92JDABC_mono_0055,UW,171,0.030001000000002165,16.509199,16.5392,Y,K,0,1,you,58,16.4792,16.5392,makes,question
PS92JDABC_mono,PS92JDABC_mono_0056,EH,174,0.04999899999999968,16.6392,16.689199,W,S,0,1,question,59,16.5392,16.8992,you,if
PS92JDABC_mono,PS92JDABC_mono_0057,AH,177,0.030000999999998612,16.839199,16.8692,CH,N,0,0,question,59,16.5392,16.8992,you,if
PS92JDABC_mono,PS92JDABC_mono_0058,IH,179,0.03999899999999812,16.8992,16.939199,N,F,0,1,if,60,16.8992,17.009199,question,it's
PS92JDABC_mono,PS92JDABC_mono_0059,IH,181,0.040001000000000175,17.009199,17.0492,F,T,0,0,it's,61,17.009199,17.1392,if,about
PS92JDABC_mono,PS92JDABC_mono_0060,AH,184,0.03999900000000167,17.1392,17.179199,S,B,0,0,about,62,17.1392,17.3892,it's,to
PS92JDABC_mono,PS92JDABC_mono_0061,AW,186,0.08000000000000185,17.2292,17.3092,B,T,0,1,about,62,17.1392,17.3892,it's,to
PS92JDABC_mono,PS92JDABC_mono_0062,AH,189,0.040001000000000175,17.429199,17.4692,T,R,0,0,to,63,17.3892,17.4692,about,rain
PS92JDABC_mono,PS92JDABC_mono_0063,EY,191,0.05999899999999769,17.5392,17.599199,R,N,0,1,rain,64,17.4692,17.6292,to,or
PS92JDABC_mono,PS92JDABC_mono_0064,ER,193,0.030000999999998612,17.6292,17.659201,N,N,0,0,or,65,17.6292,17.659201,rain,not
PS92JDABC_mono,PS92JDABC_mono_0065,AA,195,0.030001000000002165,17.689199,17.7192,N,T,0,1,not,66,17.659201,17.749201,or,-
PS92JDABC_mono,PS92JDABC_mono_0066,AY,198,0.04999899999999968,18.816,18.865999,-,S,0,1,i,68,18.816,18.865999,-,stopped
PS92JDABC_mono,PS92JDABC_mono_0067,AA,201,0.11999899999999997,19.016001,19.136,T,P,0,1,stopped,69,18.865999,19.195999,i,by
PS92JDABC_mono,PS92JDABC_mono_0068,AY,205,0.08000000000000185,19.226,19.306,B,DH,0,1,by,70,19.195999,19.306,stopped,the
PS92JDABC_mono,PS92JDABC_mono_0069,AH,207,0.04999899999999968,19.346001,19.396,DH,K,0,0,the,71,19.306,19.396,by,corner
PS92JDABC_mono,PS92JDABC_mono_0070,AO,209,0.040001000000000175,19.476,19.516001,K,R,0,1,corner,72,19.396,19.656,the,store
PS92JDABC_mono,PS92JDABC_mono_0071,ER,212,0.04999899999999968,19.606001,19.656,N,S,0,0,corner,72,19.396,19.656,the,store
PS92JDABC_mono,PS92JDABC_mono_0072,AO,215,0.06000099999999975,19.796,19.856001,T,R,0,1,store,73,19.656,19.926001,corner,to
PS92JDABC_mono,PS92JDABC_mono_0073,AH,218,0.040001000000000175,19.986,20.026001,T,G,0,0,to,74,19.926001,20.026001,store,grab
PS92JDABC_mono,PS92JDABC_mono_0074,AE,221,0.0799999999999983,20.125999,20.205999,R,B,0,1,grab,75,20.026001,20.246,to,a
PS92JDABC_mono,PS92JDABC_mono_0075,AH,223,0.03999900000000167,20.246,20.285999,B,T,0,0,a,76,20.246,20.285999,grab,toasted
PS92JDABC_mono,PS92JDABC_mono_0076,OW,225,0.04999899999999968,20.396,20.445999,T,S,0,1,toasted,77,20.285999,20.656,a,bagel
PS92JDABC_mono,PS92JDABC_mono_0077,IH,228,0.03999899999999812,20.576,20.615999,T,D,0,0,toasted,77,20.285999,20.656,a,bagel
PS92JDABC_mono,PS92JDABC_mono_0078,EY,231,0.14999899999999755,20.686001,20.836,B,G,0,1,bagel,78,20.656,21.016001,toasted,and
PS92JDABC_mono,PS92JDABC_mono_0079,AH,233,0.040001000000000175,20.896,20.936001,G,L,0,0,bagel,78,20.656,21.016001,toasted,and
PS92JDABC_mono,PS92JDABC_mono_0080,AH,235,0.059999000000001246,21.016001,21.076,L,N,0,0,and,79,21.016001,21.146,bagel,orange
PS92JDABC_mono,PS92JDABC_mono_0081,AO,238,0.030000999999998612,21.146,21.176001,D,R,0,1,orange,80,21.146,21.316,and,juice
PS92JDABC_mono,PS92JDABC_mono_0082,AH,240,0.030001000000002165,21.226,21.256001,R,N,0,0,orange,80,21.146,21.316,and,juice
PS92JDABC_mono,PS92JDABC_mono_0083,UW,244,0.0799999999999983,21.416,21.496,JH,S,0,1,juice,81,21.316,21.676001,orange,-
PS92JDABC_mono,PS92JDABC_mono_0084,AH,248,0.030000999999998612,22.0928,22.122801,B,T,0,1,but,83,22.0828,22.1528,-,they
PS92JDABC_mono,PS92JDABC_mono_0085,EY,251,0.07000000000000028,22.1828,22.2528,DH,W,0,1,they,84,22.1528,22.2528,but,were
PS92JDABC_mono,--,ER,253,0.02999799999999908,22.282801,22.312799,W,AW1,1,0,were,85,22.2528,22.312799,they,out
PS92JDABC_mono,PS92JDABC_mono_0086,AW,254,0.15000000000000213,22.312799,22.462799,ER0,T,0,1,out,86,22.312799,22.5028,were,of
PS92JDABC_mono,PS92JDABC_mono_0087,AH,256,0.030000999999998612,22.5028,22.532801,T,V,0,0,of,87,22.5028,22.622801,out,both
PS92JDABC_mono,PS92JDABC_mono_0088,OW,259,0.08000000000000185,22.6528,22.7328,B,TH,0,1,both,88,22.622801,22.7628,of,-
PS92JDABC_mono,PS92JDABC_mono_0089,IY,263,0.030001000000002165,24.0935,24.123501,DH,K,0,0,the,90,24.063499,24.123501,-,cashier
PS92JDABC_mono,PS92JDABC_mono_0090,AE,265,0.11000100000000046,24.1835,24.293501,K,SH,0,0,cashier,91,24.123501,24.543501,the,joked
PS92JDABC_mono,PS92JDABC_mono_0091,IH,267,0.040001000000000175,24.4135,24.453501,SH,R,0,1,cashier,91,24.123501,24.543501,the,joked
PS92JDABC_mono,PS92JDABC_mono_0092,OW,270,0.12000100000000202,24.643499,24.7635,JH,K,0,1,joked,92,24.543501,24.9335,cashier,-
PS92JDABC_mono,PS92JDABC_mono_0093,IH,274,0.08000000000000185,25.219299,25.299299,-,T,0,1,it's,94,25.219299,25.4093,-,monday
PS92JDABC_mono,PS92JDABC_mono_0094,AH,278,0.07000199999999879,25.469299,25.539301,M,N,0,1,monday,95,25.4093,25.7493,it's,energy
PS92JDABC_mono,PS92JDABC_mono_0095,EY,281,0.10000000000000142,25.6493,25.7493,D,EH1,0,2,monday,95,25.4093,25.7493,it's,energy
PS92JDABC_mono,PS92JDABC_mono_0096,EH,282,0.1100009999999969,25.7493,25.859301,EY2,N,0,1,energy,96,25.7493,26.199301,monday,-
PS92JDABC_mono,PS92JDABC_mono_0097,ER,284,0.08999999999999986,25.8993,25.9893,N,JH,0,0,energy,96,25.7493,26.199301,monday,-
PS92JDABC_mono,PS92JDABC_mono_0098,IY,286,0.07000199999999879,26.129299,26.199301,JH,-,0,0,energy,96,25.7493,26.199301,monday,-
PS92JDABC_mono,PS92JDABC_mono_0099,AE,288,0.03999900000000167,26.59,26.629999,-,N,0,1,and,98,26.59,26.700001,-,i
PS92JDABC_mono,PS92JDABC_mono_0100,AY,291,0.11999899999999997,26.700001,26.82,D,L,0,1,i,99,26.700001,26.82,and,laughed
PS92JDABC_mono,PS92JDABC_mono_0101,AE,293,0.14000000000000057,26.93,27.07,L,F,0,1,laughed,100,26.82,27.200001,i,because
PS92JDABC_mono,PS92JDABC_mono_0102,IH,297,0.03999999999999915,27.23,27.27,B,K,0,0,because,101,27.200001,27.530001,laughed,-
PS92JDABC_mono,PS92JDABC_mono_0103,AH,299,0.06999899999999926,27.32,27.389999,K,Z,0,0,because,101,27.200001,27.530001,laughed,-
PS92JDABC_mono,PS92JDABC_mono_0104,AE,303,0.1599999999999966,27.743601,27.903601,Y,-,0,1,yeah,103,27.683599,27.903601,-,-
PS92JDABC_mono,PS92JDABC_mono_0105,UW,307,0.14000199999999907,28.478399,28.618401,R,-,0,1,true,105,28.3584,28.618401,-,-
PS92JDABC_mono,PS92JDABC_mono_0106,AY,309,0.060000000000002274,29.694,29.754,-,T,0,1,i,107,29.694,29.754,-,took
PS92JDABC_mono,PS92JDABC_mono_0107,UH,311,0.06000200000000078,29.823999,29.884001,T,K,0,1,took,108,29.754,29.924,i,a
PS92JDABC_mono,PS92JDABC_mono_0108,AH,313,0.040001000000000175,29.924,29.964001,K,S,0,0,a,109,29.924,29.964001,took,seat
PS92JDABC_mono,PS92JDABC_mono_0109,IY,315,0.13000100000000003,30.094,30.224001,S,T,0,1,seat,110,29.964001,30.313999,a,near
PS92JDABC_mono,PS92JDABC_mono_0110,IH,318,0.060000000000002274,30.354,30.414,N,R,0,1,near,111,30.313999,30.474001,seat,the
PS92JDABC_mono,PS92JDABC_mono_0111,AH,321,0.040001000000000175,30.514,30.554001,DH,W,0,0,the,112,30.474001,30.554001,near,window
PS92JDABC_mono,PS92JDABC_mono_0112,IH,323,0.04999899999999968,30.624001,30.674,W,N,0,1,window,113,30.554001,30.903999,the,-
PS92JDABC_mono,PS92JDABC_mono_0113,OW,326,0.11999899999999997,30.784,30.903999,D,-,0,0,window,113,30.554001,30.903999,the,-
PS92JDABC_mono,PS92JDABC_mono_0114,OW,331,0.07000200000000234,31.350599,31.420601,R,L,0,1,scrolled,115,31.1506,31.5406,-,my
PS92JDABC_mono,PS92JDABC_mono_0115,AY,335,0.06999899999999926,31.570601,31.6406,M,F,0,1,my,116,31.5406,31.6406,scrolled,phone
PS92JDABC_mono,PS92JDABC_mono_0116,OW,337,0.1799980000000012,31.750601,31.930599,F,N,0,1,phone,117,31.6406,32.000599,my,and
PS92JDABC_mono,PS92JDABC_mono_0117,AH,339,0.04000099999999662,32.000599,32.0406,N,N,0,0,and,118,32.000599,32.100601,phone,overheard
PS92JDABC_mono,PS92JDABC_mono_0118,OW,342,0.07999800000000334,32.100601,32.180599,D,V,0,1,overheard,119,32.100601,32.490601,and,someone
PS92JDABC_mono,PS92JDABC_mono_0119,ER,344,0.030003000000000668,32.230598,32.260601,V,HH,0,0,overheard,119,32.100601,32.490601,and,someone
PS92JDABC_mono,PS92JDABC_mono_0120,ER,346,0.04999899999999968,32.350601,32.4006,HH,D,0,1,overheard,119,32.100601,32.490601,and,someone
PS92JDABC_mono,PS92JDABC_mono_0121,AH,349,0.04999899999999968,32.5406,32.590599,S,M,0,1,someone,120,32.490601,32.800598,overheard,say
PS92JDABC_mono,--,AH,352,0.02999799999999908,32.7006,32.730598,W,N,1,2,someone,120,32.490601,32.800598,overheard,say
PS92JDABC_mono,PS92JDABC_mono_0122,EY,355,0.20000100000000032,32.9006,33.100601,S,-,0,1,say,121,32.800598,33.100601,someone,-
PS92JDABC_mono,PS92JDABC_mono_0123,AH,358,0.039996999999999616,33.734402,33.774399,DH,JH,0,0,the,123,33.704399,33.774399,-,giraffe
PS92JDABC_mono,PS92JDABC_mono_0124,ER,360,0.11999899999999997,33.854401,33.9744,JH,AE1,0,0,giraffe,124,33.774399,34.2244,the,exhibit
PS92JDABC_mono,PS92JDABC_mono_0125,AE,361,0.15999899999999911,33.9744,34.134399,ER0,F,0,1,giraffe,124,33.774399,34.2244,the,exhibit
PS92JDABC_mono,PS92JDABC_mono_0126,IH,363,0.03999999999999915,34.2244,34.2644,F,G,0,0,exhibit,125,34.2244,34.604401,giraffe,opens
PS92JDABC_mono,PS92JDABC_mono_0127,IH,366,0.07999799999999624,34.354401,34.434399,Z,B,0,1,exhibit,125,34.2244,34.604401,giraffe,opens
PS92JDABC_mono,PS92JDABC_mono_0128,IH,368,0.0899999999999963,34.484402,34.574402,B,T,0,0,exhibit,125,34.2244,34.604401,giraffe,opens
PS92JDABC_mono,PS92JDABC_mono_0129,OW,370,0.139998999999996,34.604401,34.7444,T,P,0,1,opens,126,34.604401,34.964401,exhibit,at
PS92JDABC_mono,--,AH,372,0.02999799999999908,34.8144,34.844398,P,N,1,0,opens,126,34.604401,34.964401,exhibit,at
PS92JDABC_mono,PS92JDABC_mono_0130,AE,375,0.04999899999999968,34.964401,35.0144,Z,T,0,1,at,127,34.964401,35.104401,opens,noon
PS92JDABC_mono,PS92JDABC_mono_0131,UW,378,0.11999800000000249,35.144402,35.2644,N,N,0,1,noon,128,35.104401,35.294399,at,-
PS92JDABC_mono,--,IH,382,0.02999799999999908,35.900101,35.930099,W,CH,1,1,which,130,35.890099,36.030102,-,felt
PS92JDABC_mono,PS92JDABC_mono_0132,EH,385,0.04000099999999662,36.1101,36.150101,F,L,0,1,felt,131,36.030102,36.3601,which,-
PS92JDABC_mono,PS92JDABC_mono_0133,AA,389,0.1600000000000037,36.430099,36.590099,-,D,0,1,oddly,133,36.430099,36.7001,-,profound
PS92JDABC_mono,--,IY,392,0.029998999999996556,36.670101,36.7001,L,P,1,0,oddly,133,36.430099,36.7001,-,profound
PS92JDABC_mono,--,OW,395,0.02999900000000366,36.830101,36.8601,R,F,1,0,profound,134,36.7001,37.160099,oddly,at
PS92JDABC_mono,PS92JDABC_mono_0134,AW,397,0.13000100000000003,36.9501,37.080101,F,N,0,1,profound,134,36.7001,37.160099,oddly,at
PS92JDABC_mono,PS92JDABC_mono_0135,AE,400,0.030003000000000668,37.160099,37.190102,D,T,0,1,at,135,37.160099,37.2201,profound,the
PS92JDABC_mono,--,AH,403,0.02999900000000366,37.260101,37.2901,DH,T,1,0,the,136,37.2201,37.2901,at,time
PS92JDABC_mono,PS92JDABC_mono_0136,AY,405,0.05999700000000274,37.400101,37.460098,T,M,0,1,time,137,37.2901,37.490101,the,-
PS92JDABC_mono,PS92JDABC_mono_0137,AE,408,0.09999799999999937,39.0378,39.137798,-,F,0,1,after,139,39.0378,39.2878,-,a
PS92JDABC_mono,PS92JDABC_mono_0138,ER,411,0.04000099999999662,39.247799,39.2878,T,AH0,0,0,after,139,39.0378,39.2878,-,a
PS92JDABC_mono,PS92JDABC_mono_0139,AH,412,0.04999899999999968,39.2878,39.337799,ER0,F,0,0,a,140,39.2878,39.337799,after,few
PS92JDABC_mono,PS92JDABC_mono_0140,UW,415,0.05999700000000274,39.487801,39.547798,Y,B,0,1,few,141,39.337799,39.547798,a,bites
PS92JDABC_mono,PS92JDABC_mono_0141,AY,417,0.11000100000000401,39.637798,39.747799,B,T,0,1,bites,142,39.547798,39.907799,few,of
PS92JDABC_mono,PS92JDABC_mono_0142,AH,420,0.030002000000003193,39.907799,39.937801,S,V,0,0,of,143,39.907799,39.987801,bites,something
PS92JDABC_mono,PS92JDABC_mono_0143,AH,423,0.039996999999999616,40.027802,40.067799,S,M,0,1,something,144,39.987801,40.387798,of,-
PS92JDABC_mono,PS92JDABC_mono_0144,IH,426,0.039996999999999616,40.207802,40.247799,TH,NG,0,0,something,144,39.987801,40.387798,of,-
PS92JDABC_mono,PS92JDABC_mono_0145,EY,430,0.18999799999999567,40.4478,40.637798,V,G,0,1,vaguely,146,40.417801,40.907799,-,egg
PS92JDABC_mono,PS92JDABC_mono_0146,IY,433,0.12999699999999592,40.777802,40.907799,L,EH1,0,0,vaguely,146,40.417801,40.907799,-,egg
PS92JDABC_mono,PS92JDABC_mono_0147,EH,434,0.10000200000000348,40.907799,41.007801,IY0,G,0,1,egg,147,40.907799,41.077801,vaguely,shaped
PS92JDABC_mono,PS92JDABC_mono_0148,EY,437,0.09999799999999937,41.207802,41.3078,SH,P,0,1,shaped,148,41.077801,41.487801,egg,-
PS92JDABC_mono,PS92JDABC_mono_0149,AY,441,0.08000200000000035,41.981098,42.0611,-,W,0,1,i,150,41.981098,42.0611,-,wandered
PS92JDABC_mono,PS92JDABC_mono_0150,AA,443,0.11999899999999997,42.191101,42.3111,W,N,0,1,wandered,151,42.0611,42.501099,i,to
PS92JDABC_mono,PS92JDABC_mono_0151,ER,446,0.050003999999994164,42.411098,42.461102,D,D,0,0,wandered,151,42.0611,42.501099,i,to
PS92JDABC_mono,PS92JDABC_mono_0152,IH,449,0.06000099999999975,42.5411,42.601101,T,DH,0,0,to,152,42.501099,42.601101,wandered,the
PS92JDABC_mono,PS92JDABC_mono_0153,AH,451,0.06000099999999975,42.6311,42.691101,DH,P,0,1,the,153,42.601101,42.691101,to,park
PS92JDABC_mono,PS92JDABC_mono_0154,AA,453,0.030003000000000668,42.771099,42.801102,P,R,0,1,park,154,42.691101,42.961102,the,-
PS92JDABC_mono,PS92JDABC_mono_0155,AH,457,0.06999900000000281,45.216099,45.286098,-,K,0,0,a,156,45.216099,45.286098,-,kid
PS92JDABC_mono,PS92JDABC_mono_0156,IH,459,0.0699989999999957,45.376099,45.446098,K,D,0,1,kid,157,45.286098,45.516102,a,zoomed
PS92JDABC_mono,PS92JDABC_mono_0157,UW,462,0.07000399999999729,45.606098,45.676102,Z,M,0,1,zoomed,158,45.516102,45.786098,kid,by
PS92JDABC_mono,PS92JDABC_mono_0158,AY,466,0.15000200000000063,45.826099,45.976101,B,AA1,0,1,by,159,45.786098,45.976101,zoomed,on
PS92JDABC_mono,PS92JDABC_mono_0159,AA,467,0.09000000000000341,45.976101,46.066101,AY1,N,0,1,on,160,45.976101,46.106098,by,a
PS92JDABC_mono,PS92JDABC_mono_0160,AH,469,0.04000099999999662,46.106098,46.146099,N,S,0,0,a,161,46.106098,46.146099,on,scooter
PS92JDABC_mono,PS92JDABC_mono_0161,UW,472,0.07000000000000028,46.306099,46.376099,K,T,0,1,scooter,162,46.146099,46.546101,a,yelling
PS92JDABC_mono,PS92JDABC_mono_0162,ER,474,0.13000100000000003,46.4161,46.546101,T,Y,0,0,scooter,162,46.146099,46.546101,a,yelling
PS92JDABC_mono,PS92JDABC_mono_0163,EH,476,0.07000000000000028,46.656101,46.726101,Y,L,0,1,yelling,163,46.546101,46.946098,scooter,-
PS92JDABC_mono,PS92JDABC_mono_0164,IH,478,0.12000299999999697,46.786098,46.906101,L,NG,0,0,yelling,163,46.546101,46.946098,scooter,-
PS92JDABC_mono,PS92JDABC_mono_0165,UW,482,0.18999899999999315,47.345001,47.535,Z,M,0,1,zoom,165,47.314999,47.584999,-,zoom
PS92JDABC_mono,PS92JDABC_mono_0166,UW,485,0.30999700000000274,47.665001,47.974998,Z,M,0,1,zoom,166,47.584999,48.084999,zoom,-
PS92JDABC_mono,PS92JDABC_mono_0167,AY,489,0.04000099999999662,48.4221,48.462101,L,K,0,1,like,168,48.392101,48.542099,-,it
PS92JDABC_mono,PS92JDABC_mono_0168,IH,491,0.030003000000000668,48.542099,48.572102,K,W,0,0,it,169,48.542099,48.572102,like,was
PS92JDABC_mono,--,AH,493,0.029998999999996556,48.622101,48.6521,W,Z,1,0,was,170,48.572102,48.702099,it,a
PS92JDABC_mono,PS92JDABC_mono_0169,AH,495,0.06000099999999975,48.702099,48.7621,Z,S,0,0,a,171,48.702099,48.7621,was,sound
PS92JDABC_mono,PS92JDABC_mono_0170,AW,497,0.11999899999999997,48.8521,48.972099,S,N,0,1,sound,172,48.7621,49.042099,a,effect
PS92JDABC_mono,PS92JDABC_mono_0171,AH,500,0.030003000000000668,49.042099,49.072102,D,F,0,0,effect,173,49.042099,49.302101,sound,that
PS92JDABC_mono,PS92JDABC_mono_0172,EH,502,0.04999899999999968,49.1521,49.202099,F,K,0,1,effect,173,49.042099,49.302101,sound,that
PS92JDABC_mono,--,AE,506,0.02999900000000366,49.3321,49.362099,DH,T,1,1,that,174,49.302101,49.4021,effect,summoned
PS92JDABC_mono,PS92JDABC_mono_0173,AH,509,0.06999900000000281,49.532101,49.6021,S,M,0,1,summoned,175,49.4021,49.8321,that,speed
PS92JDABC_mono,PS92JDABC_mono_0174,AH,511,0.030002999999993563,49.682098,49.712101,M,N,0,0,summoned,175,49.4021,49.8321,that,speed
PS92JDABC_mono,PS92JDABC_mono_0175,IY,516,0.06999900000000281,50.032101,50.1021,P,D,0,1,speed,176,49.8321,50.312099,summoned,-
PS92JDABC_mono,PS92JDABC_mono_0176,AY,519,0.05999800000000022,51.037601,51.097599,-,S,0,1,i,178,51.037601,51.097599,-,sat
PS92JDABC_mono,PS92JDABC_mono_0177,AE,521,0.09999799999999937,51.2076,51.307598,S,T,0,1,sat,179,51.097599,51.347599,i,-
PS92JDABC_mono,PS92JDABC_mono_0178,AH,524,0.0699989999999957,51.377602,51.447601,-,N,0,1,under,181,51.377602,51.627602,-,a
PS92JDABC_mono,PS92JDABC_mono_0179,ER,527,0.10000300000000095,51.527599,51.627602,D,AH0,0,0,under,181,51.377602,51.627602,-,a
PS92JDABC_mono,PS92JDABC_mono_0180,AH,528,0.0699989999999957,51.627602,51.697601,ER0,T,0,0,a,182,51.627602,51.697601,under,tree
PS92JDABC_mono,PS92JDABC_mono_0181,IY,531,0.17999999999999972,51.857601,52.037601,R,-,0,1,tree,183,51.697601,52.037601,a,-
PS92JDABC_mono,PS92JDABC_mono_0182,IH,534,0.04000099999999662,52.419201,52.459202,L,S,0,1,listened,185,52.389198,52.6292,-,to
PS92JDABC_mono,--,AH,536,0.029998999999996556,52.5392,52.569199,S,N,1,0,listened,185,52.389198,52.6292,-,to
PS92JDABC_mono,PS92JDABC_mono_0183,AH,540,0.030001999999996087,52.659199,52.689201,T,DH,0,0,to,186,52.6292,52.689201,listened,the
PS92JDABC_mono,PS92JDABC_mono_0184,AH,542,0.04999899999999968,52.739201,52.7892,DH,B,0,0,the,187,52.689201,52.7892,to,breeze
PS92JDABC_mono,PS92JDABC_mono_0185,IY,545,0.17999999999999972,52.909199,53.089199,R,Z,0,1,breeze,188,52.7892,53.2192,the,-
PS92JDABC_mono,PS92JDABC_mono_0186,AE,548,0.04000000000000625,53.315701,53.355701,-,N,0,1,and,190,53.315701,53.425701,-,watched
PS92JDABC_mono,PS92JDABC_mono_0187,AA,552,0.13000100000000003,53.505699,53.6357,W,CH,0,1,watched,191,53.425701,53.805698,and,-
PS92JDABC_mono,PS92JDABC_mono_0188,AH,556,0.08000199999999325,53.845699,53.925701,-,Y,0,0,a,193,53.845699,53.925701,-,yellow
PS92JDABC_mono,PS92JDABC_mono_0189,EH,558,0.04999899999999968,53.995701,54.0457,Y,L,0,1,yellow,194,53.925701,54.165699,a,balloon
PS92JDABC_mono,PS92JDABC_mono_0190,OW,560,0.04999899999999968,54.1157,54.165699,L,B,0,0,yellow,194,53.925701,54.165699,a,balloon
PS92JDABC_mono,--,AH,562,0.00999800000000306,54.245701,54.255699,B,L,1,0,balloon,195,54.165699,54.565701,yellow,get
PS92JDABC_mono,PS92JDABC_mono_0191,UW,564,0.09999800000000647,54.375702,54.4757,L,N,0,1,balloon,195,54.165699,54.565701,yellow,get
PS92JDABC_mono,PS92JDABC_mono_0192,EH,567,0.05999700000000274,54.625702,54.685699,G,T,0,1,get,196,54.565701,54.7757,balloon,tangled
PS92JDABC_mono,PS92JDABC_mono_0193,AE,570,0.05000299999999669,54.895699,54.945702,T,NG,0,1,tangled,197,54.7757,55.255699,get,-
PS92JDABC_mono,PS92JDABC_mono_0194,AH,573,0.05000299999999669,55.075699,55.125702,G,L,0,0,tangled,197,54.7757,55.255699,get,-
PS92JDABC_mono,PS92JDABC_mono_0195,IH,577,0.17999999999999972,55.3657,55.5457,-,N,0,1,in,199,55.3657,55.625698,-,-
PS92JDABC_mono,PS92JDABC_mono_0196,AH,580,0.04999999999999716,55.7257,55.7757,-,P,0,0,a,201,55.7257,55.7757,-,power
PS92JDABC_mono,PS92JDABC_mono_0197,AW,582,0.08000200000000035,55.8657,55.945702,P,ER0,0,1,power,202,55.7757,55.9757,a,line
PS92JDABC_mono,--,ER,583,0.029998000000006186,55.945702,55.9757,AW1,L,1,0,power,202,55.7757,55.9757,a,line
PS92JDABC_mono,PS92JDABC_mono_0198,AY,585,0.030003000000000668,56.005699,56.035702,L,N,0,1,line,203,55.9757,56.065701,power,-
PS92JDABC_mono,PS92JDABC_mono_0199,IH,589,0.050003000000003794,57.080898,57.130901,W,R,0,1,weird,205,57.040901,57.2309,-,morning
PS92JDABC_mono,PS92JDABC_mono_0200,AO,593,0.03999999999999915,57.3009,57.3409,M,R,0,1,morning,206,57.2309,57.5009,weird,-
PS92JDABC_mono,PS92JDABC_mono_0201,IH,596,0.030001999999996087,57.440899,57.470901,N,NG,0,0,morning,206,57.2309,57.5009,weird,-
PS92JDABC_mono,PS92JDABC_mono_0202,AH,600,0.030001999999996087,57.953499,57.983501,B,AA1,0,1,but,208,57.943501,57.983501,-,honestly
PS92JDABC_mono,PS92JDABC_mono_0203,AA,601,0.14000000000000057,57.983501,58.123501,AH1,N,0,1,honestly,209,57.983501,58.473499,but,-
PS92JDABC_mono,PS92JDABC_mono_0204,AH,603,0.04999899999999968,58.163502,58.213501,N,S,0,0,honestly,209,57.983501,58.473499,but,-
PS92JDABC_mono,PS92JDABC_mono_0205,IY,606,0.13000100000000003,58.343498,58.473499,L,-,0,0,honestly,209,57.983501,58.473499,but,-
PS92JDABC_mono,PS92JDABC_mono_0206,AA,609,0.06999900000000281,58.613499,58.683498,N,T,0,1,not,211,58.5835,58.733501,-,the
PS92JDABC_mono,PS92JDABC_mono_0207,AH,612,0.04000099999999662,58.7635,58.803501,DH,W,0,0,the,212,58.733501,58.803501,not,worst
PS92JDABC_mono,PS92JDABC_mono_0208,ER,614,0.09000000000000341,58.873501,58.963501,W,S,0,1,worst,213,58.803501,59.143501,the,-
SCAMMEPLZ_mono,SCAMMEPLZ_mono_0001,OW,3,0.030000000000000027,1.1652,1.1952,S,DH,0,1,so,2,1.0552,1.1952,-,this
SCAMMEPLZ_mono,SCAMMEPLZ_mono_0002,IH,5,0.04999999999999982,1.2452,1.2952,DH,S,0,1,this,3,1.1952,1.3852,so,morning
SCAMMEPLZ_mono,SCAMMEPLZ_mono_0003,AO,8,0.07000000000000006,1.4452,1.5152,M,R,0,1,morning,4,1.3852,1.8152,this,-
SCAMMEPLZ_mono,SCAMMEPLZ_mono_0004,IH,11,0.10000000000000009,1.5952,1.6952,N,NG,0,0,morning,4,1.3852,1.8152,this,-
SCAMMEPLZ_mono,SCAMMEPLZ_mono_0005,AY,14,0.07000000000000006,1.9452,2.0152,-,W,0,1,i,6,1.9452,2.0152,-,woke
SCAMMEPLZ_mono,SCAMMEPLZ_mono_0006,OW,16,0.04999999999999982,2.1052,2.1552,W,K,0,1,woke,7,2.0152,2.2452,i,up
SCAMMEPLZ_mono,SCAMMEPLZ_mono_0007,AH,18,0.06000000000000005,2.2452,2.3052,K,P,0,1,up,8,2.2452,2.3952,woke,late
SCAMMEPLZ_mono,SCAMMEPLZ_mono_0008,EY,21,0.14000000000000012,2.4652,2.6052,L,T,0,1,late,9,2.3952,2.7852,up,-
SCAMMEPLZ_mono,SCAMMEPLZ_mono_0009,AE,24,0.04999999999999982,2.899,2.949,-,N,0,1,and,11,2.899,3.019,-,immediately
SCAMMEPLZ_mono,--,IH,27,0.029999999999999805,3.019,3.049,D,M,1,0,immediately,12,3.019,3.399,and,stubbed
SCAMMEPLZ_mono,SCAMMEPLZ_mono_0010,IY,29,0.04999999999999982,3.109,3.159,M,D,0,1,immediately,12,3.019,3.399,and,stubbed
SCAMMEPLZ_mono,--,IY,31,0.029999999999999805,3.189,3.219,D,AH0,1,0,immediately,12,3.019,3.399,and,stubbed
SCAMMEPLZ_mono,SCAMMEPLZ_mono_0011,AH,32,0.040000000000000036,3.219,3.259,IY0,T,0,0,immediately,12,3.019,3.399,and,stubbed
SCAMMEPLZ_mono,--,IY,35,0.029999999999999805,3.369,3.399,L,S,1,0,immediately,12,3.019,3.399,and,stubbed
SCAMMEPLZ_mono,SCAMMEPLZ_mono_0012,AH,38,0.08999999999999986,3.569,3.659,T,B,0,1,stubbed,13,3.399,3.779,immediately,my
SCAMMEPLZ_mono,SCAMMEPLZ_mono_0013,AY,42,0.08999999999999986,3.839,3.929,M,T,0,1,my,14,3.779,3.929,stubbed,toe
SCAMMEPLZ_mono,SCAMMEPLZ_mono_0014,OW,44,0.13999999999999968,4.069,4.209,T,AA1,0,1,toe,15,3.929,4.209,my,on
SCAMMEPLZ_mono,SCAMMEPLZ_mono_0015,AA,45,0.03000000000000025,4.209,4.239,OW1,N,0,1,on,16,4.209,4.309,toe,the
SCAMMEPLZ_mono,--,AH,48,0.02999999999999936,4.339,4.369,DH,D,1,0,the,17,4.309,4.369,on,dresser
SCAMMEPLZ_mono,SCAMMEPLZ_mono_0016,EH,51,0.040000000000000036,4.469,4.509,R,S,0,1,dresser,18,4.369,4.739,the,-
SCAMMEPLZ_mono,SCAMMEPLZ_mono_0017,ER,53,0.1200000000000001,4.619,4.739,S,-,0,0,dresser,18,4.369,4.739,the,-
SCAMMEPLZ_mono,SCAMMEPLZ_mono_0018,EY,57,0.07000000000000028,5.1411,5.2111,R,T,0,1,great,20,5.0811,5.2711,-,start
SCAMMEPLZ_mono,SCAMMEPLZ_mono_0019,AA,61,0.0600000000000005,5.3911,5.4511,T,R,0,1,start,21,5.2711,5.5311,great,right
SCAMMEPLZ_mono,SCAMMEPLZ_mono_0020,AY,65,0.10000000000000053,5.6011,5.7011,R,T,0,1,right,22,5.5311,5.8111,start,-
SCAMMEPLZ_mono,SCAMMEPLZ_mono_0021,AY,68,0.04999999999999982,6.456,6.506,-,G,0,1,i,24,6.456,6.506,-,grumbled
SCAMMEPLZ_mono,SCAMMEPLZ_mono_0022,AH,71,0.04999999999999982,6.626,6.676,R,M,0,1,grumbled,25,6.506,6.866,i,something
SCAMMEPLZ_mono,--,AH,74,0.009999999999999787,6.756,6.766,B,L,1,0,grumbled,25,6.506,6.866,i,something
SCAMMEPLZ_mono,SCAMMEPLZ_mono_0023,AH,78,0.04999999999999982,6.916,6.966,S,M,0,1,something,26,6.866,7.146,grumbled,half
SCAMMEPLZ_mono,SCAMMEPLZ_mono_0024,IH,81,0.040000000000000036,7.066,7.106,TH,NG,0,0,something,26,6.866,7.146,grumbled,half
SCAMMEPLZ_mono,SCAMMEPLZ_mono_0025,AE,84,0.10000000000000053,7.196,7.296,HH,F,0,1,half,27,7.146,7.366,something,conscious
SCAMMEPLZ_mono,SCAMMEPLZ_mono_0026,AA,87,0.04999999999999982,7.436,7.486,K,N,0,1,conscious,28,7.366,7.906,half,-
SCAMMEPLZ_mono,SCAMMEPLZ_mono_0027,AH,90,0.1299999999999999,7.636,7.766,SH,S,0,0,conscious,28,7.366,7.906,half,-
SCAMMEPLZ_mono,SCAMMEPLZ_mono_0028,AE,95,0.11000000000000121,8.1802,8.2902,R,B,0,1,grabbed,30,8.1002,8.3902,-,whatever
SCAMMEPLZ_mono,SCAMMEPLZ_mono_0029,AH,99,0.030000000000001137,8.4202,8.4502,W,T,0,2,whatever,31,8.3902,8.5802,grabbed,shirt
SCAMMEPLZ_mono,--,EH,101,0.02999999999999936,8.4602,8.4902,T,V,1,1,whatever,31,8.3902,8.5802,grabbed,shirt
SCAMMEPLZ_mono,SCAMMEPLZ_mono_0030,ER,103,0.05999999999999872,8.5202,8.5802,V,SH,0,0,whatever,31,8.3902,8.5802,grabbed,shirt
SCAMMEPLZ_mono,SCAMMEPLZ_mono_0031,ER,105,0.11999999999999922,8.7102,8.8302,SH,T,0,1,shirt,32,8.5802,8.9102,whatever,was
SCAMMEPLZ_mono,--,AH,108,0.02999999999999936,8.9402,8.9702,W,Z,1,0,was,33,8.9102,9.0202,shirt,clean
SCAMMEPLZ_mono,SCAMMEPLZ_mono_0032,IY,112,0.05000000000000071,9.1502,9.2002,L,N,0,1,clean,34,9.0202,9.2302,was,ish
SCAMMEPLZ_mono,SCAMMEPLZ_mono_0033,IH,114,0.11999999999999922,9.2302,9.3502,N,SH,0,1,ish,35,9.2302,9.5102,clean,-
SCAMMEPLZ_mono,SCAMMEPLZ_mono_0034,AE,117,0.049999999999998934,9.5402,9.5902,-,N,0,1,and,37,9.5402,9.6502,-,headed
SCAMMEPLZ_mono,--,EH,121,0.02999999999999936,9.7002,9.7302,HH,D,1,1,headed,38,9.6502,9.8602,and,out
SCAMMEPLZ_mono,SCAMMEPLZ_mono_0035,IH,123,0.049999999999998934,9.7802,9.8302,D,D,0,0,headed,38,9.6502,9.8602,and,out
SCAMMEPLZ_mono,SCAMMEPLZ_mono_0036,AW,125,0.09999999999999964,9.8602,9.9602,D,T,0,1,out,39,9.8602,10.1602,headed,-
SCAMMEPLZ_mono,--,AH,129,0.02999999999999936,10.9381,10.9681,DH,S,1,0,the,41,10.9081,10.9681,-,sky
SCAMMEPLZ_mono,SCAMMEPLZ_mono_0037,AY,132,0.120000000000001,11.0781,11.1981,K,L,0,1,sky,42,10.9681,11.1981,the,looked
SCAMMEPLZ_mono,SCAMMEPLZ_mono_0038,UH,134,0.05000000000000071,11.2381,11.2881,L,K,0,1,looked,43,11.1981,11.3881,sky,weird
SCAMMEPLZ_mono,SCAMMEPLZ_mono_0039,IH,138,0.16999999999999993,11.4581,11.6281,W,R,0,1,weird,44,11.3881,11.7381,looked,-
SCAMMEPLZ_mono,SCAMMEPLZ_mono_0040,AY,143,0.0600000000000005,12.1394,12.1994,L,K,0,1,like,46,12.0994,12.2394,-,that
SCAMMEPLZ_mono,SCAMMEPLZ_mono_0041,AE,146,0.09999999999999964,12.2794,12.3794,DH,T,0,1,that,47,12.2394,12.4094,like,-
SCAMMEPLZ_mono,SCAMMEPLZ_mono_0042,EY,150,0.129999999999999,12.9062,13.0362,SH,D,0,1,shade,49,12.7562,13.0862,-,of
SCAMMEPLZ_mono,SCAMMEPLZ_mono_0043,AH,152,0.120000000000001,13.0862,13.2062,D,V,0,0,of,50,13.0862,13.3162,shade,-
SCAMMEPLZ_mono,SCAMMEPLZ_mono_0044,UW,157,0.129999999999999,13.5052,13.6352,L,G,0,1,blue,52,13.3852,13.6352,-,gray
SCAMMEPLZ_mono,SCAMMEPLZ_mono_0045,EY,160,0.17999999999999972,13.8152,13.9952,R,DH,0,1,gray,53,13.6352,13.9952,blue,that
SCAMMEPLZ_mono,SCAMMEPLZ_mono_0046,AE,162,0.05000000000000071,14.0552,14.1052,DH,T,0,1,that,54,13.9952,14.1552,gray,makes
SCAMMEPLZ_mono,SCAMMEPLZ_mono_0047,EY,165,0.07000000000000028,14.1952,14.2652,M,K,0,1,makes,55,14.1552,14.3852,that,you
SCAMMEPLZ_mono,--,UW,169,0.02999999999999936,14.4152,14.4452,Y,K,1,1,you,56,14.3852,14.4452,makes,question
SCAMMEPLZ_mono,SCAMMEPLZ_mono_0048,EH,172,0.0600000000000005,14.5852,14.6452,W,S,0,1,question,57,14.4452,14.8852,you,if
SCAMMEPLZ_mono,--,AH,175,0.02999999999999936,14.8252,14.8552,CH,N,1,0,question,57,14.4452,14.8852,you,if
SCAMMEPLZ_mono,SCAMMEPLZ_mono_0049,IH,177,0.030000000000001137,14.8852,14.9152,N,F,0,1,if,58,14.8852,14.9852,question,it's
SCAMMEPLZ_mono,--,IH,179,0.02999999999999936,14.9852,15.0152,F,T,1,0,it's,59,14.9852,15.0752,if,about
SCAMMEPLZ_mono,SCAMMEPLZ_mono_0050,AH,182,0.03999999999999915,15.0752,15.1152,S,B,0,0,about,60,15.0752,15.3452,it's,to
SCAMMEPLZ_mono,SCAMMEPLZ_mono_0051,AW,184,0.10999999999999943,15.1752,15.2852,B,T,0,1,about,60,15.0752,15.3452,it's,to
SCAMMEPLZ_mono,SCAMMEPLZ_mono_0052,AH,187,0.05999999999999872,15.3952,15.4552,T,R,0,0,to,61,15.3452,15.4552,about,rain
SCAMMEPLZ_mono,SCAMMEPLZ_mono_0053,EY,189,0.10000000000000142,15.5552,15.6552,R,N,0,1,rain,62,15.4552,15.7052,to,or
SCAMMEPLZ_mono,SCAMMEPLZ_mono_0054,ER,191,0.04999899999999968,15.7052,15.755199,N,N,0,0,or,63,15.7052,15.755199,rain,not
SCAMMEPLZ_mono,SCAMMEPLZ_mono_0055,AA,193,0.14000000000000057,15.8052,15.9452,N,T,0,1,not,64,15.755199,16.0952,or,-
SCAMMEPLZ_mono,SCAMMEPLZ_mono_0056,AY,196,0.07000000000000028,16.6294,16.6994,-,S,0,1,i,66,16.6294,16.6994,-,stopped
SCAMMEPLZ_mono,SCAMMEPLZ_mono_0057,AA,199,0.08000200000000035,16.829399,16.909401,T,P,0,1,stopped,67,16.6994,17.0494,i,the
SCAMMEPLZ_mono,SCAMMEPLZ_mono_0058,AH,203,0.040001000000000175,17.079399,17.1194,DH,K,0,0,the,68,17.0494,17.1194,stopped,corner
SCAMMEPLZ_mono,SCAMMEPLZ_mono_0059,AO,205,0.03999899999999812,17.2194,17.259399,K,R,0,1,corner,69,17.1194,17.3794,the,store
SCAMMEPLZ_mono,SCAMMEPLZ_mono_0060,ER,208,0.05000100000000174,17.329399,17.3794,N,S,0,0,corner,69,17.1194,17.3794,the,store
SCAMMEPLZ_mono,SCAMMEPLZ_mono_0061,AO,211,0.08999999999999986,17.5194,17.6094,T,R,0,1,store,70,17.3794,17.649401,corner,-
SCAMMEPLZ_mono,--,AH,215,0.02999900000000011,17.719101,17.7491,T,G,1,0,to,72,17.6791,17.7491,-,grab
SCAMMEPLZ_mono,SCAMMEPLZ_mono_0062,AE,218,0.06999999999999673,17.8591,17.9291,R,B,0,1,grab,73,17.7491,17.959101,to,a
SCAMMEPLZ_mono,SCAMMEPLZ_mono_0063,AH,220,0.04999899999999968,17.959101,18.0091,B,T,0,0,a,74,17.959101,18.0091,grab,toasted
SCAMMEPLZ_mono,SCAMMEPLZ_mono_0064,OW,222,0.1000009999999989,18.139099,18.2391,T,S,0,1,toasted,75,18.0091,18.469101,a,bagel
SCAMMEPLZ_mono,SCAMMEPLZ_mono_0065,IH,225,0.03999900000000167,18.3491,18.389099,T,D,0,0,toasted,75,18.0091,18.469101,a,bagel
SCAMMEPLZ_mono,SCAMMEPLZ_mono_0066,EY,228,0.12999899999999798,18.5191,18.649099,B,G,0,1,bagel,76,18.469101,18.809099,toasted,and
SCAMMEPLZ_mono,SCAMMEPLZ_mono_0067,AH,230,0.05000000000000071,18.6891,18.7391,G,L,0,0,bagel,76,18.469101,18.809099,toasted,and
SCAMMEPLZ_mono,SCAMMEPLZ_mono_0068,AH,232,0.05000100000000174,18.809099,18.8591,L,N,0,0,and,77,18.809099,18.9391,bagel,orange
SCAMMEPLZ_mono,SCAMMEPLZ_mono_0069,AO,235,0.05999999999999872,18.9391,18.9991,D,R,0,1,orange,78,18.9391,19.219099,and,juice
SCAMMEPLZ_mono,SCAMMEPLZ_mono_0070,AH,237,0.040001000000000175,19.0791,19.119101,R,N,0,0,orange,78,18.9391,19.219099,and,juice
SCAMMEPLZ_mono,SCAMMEPLZ_mono_0071,UW,241,0.09999800000000292,19.289101,19.389099,JH,S,0,1,juice,79,19.219099,19.539101,orange,-
SCAMMEPLZ_mono,SCAMMEPLZ_mono_0072,AH,245,0.030001000000002165,19.992599,20.0226,B,T,0,1,but,81,19.982599,20.062599,-,they
SCAMMEPLZ_mono,SCAMMEPLZ_mono_0073,EY,248,0.07000000000000028,20.1026,20.1726,DH,W,0,1,they,82,20.062599,20.1726,but,were
SCAMMEPLZ_mono,SCAMMEPLZ_mono_0074,ER,250,0.03999900000000167,20.212601,20.2526,W,AW1,0,0,were,83,20.1726,20.2526,they,out
SCAMMEPLZ_mono,SCAMMEPLZ_mono_0075,AW,251,0.13999899999999954,20.2526,20.392599,ER0,T,0,1,out,84,20.2526,20.482599,were,of
SCAMMEPLZ_mono,SCAMMEPLZ_mono_0076,AH,253,0.040001000000000175,20.482599,20.5226,T,V,0,0,of,85,20.482599,20.5826,out,both
SCAMMEPLZ_mono,SCAMMEPLZ_mono_0077,OW,256,0.14999899999999755,20.632601,20.7826,B,TH,0,1,both,86,20.5826,20.9526,of,-
SCAMMEPLZ_mono,SCAMMEPLZ_mono_0078,AH,260,0.030000000000001137,21.7244,21.7544,DH,K,0,0,the,88,21.704399,21.7544,-,cashier
SCAMMEPLZ_mono,SCAMMEPLZ_mono_0079,AE,262,0.11999899999999997,21.854401,21.9744,K,SH,0,0,cashier,89,21.7544,22.194401,the,joked
SCAMMEPLZ_mono,SCAMMEPLZ_mono_0080,IH,264,0.04999899999999968,22.104401,22.1544,SH,R,0,1,cashier,89,21.7544,22.194401,the,joked
SCAMMEPLZ_mono,SCAMMEPLZ_mono_0081,OW,267,0.13000100000000003,22.294399,22.4244,JH,K,0,1,joked,90,22.194401,22.6644,cashier,-
SCAMMEPLZ_mono,SCAMMEPLZ_mono_0082,IH,271,0.059999000000001246,22.694401,22.7544,-,T,0,1,it's,92,22.694401,22.9244,-,monday
SCAMMEPLZ_mono,SCAMMEPLZ_mono_0083,AH,275,0.059999000000001246,23.034401,23.0944,M,N,0,1,monday,93,22.9244,23.2644,it's,energy
SCAMMEPLZ_mono,SCAMMEPLZ_mono_0084,EY,278,0.06000099999999975,23.204399,23.2644,D,EH1,0,2,monday,93,22.9244,23.2644,it's,energy
SCAMMEPLZ_mono,SCAMMEPLZ_mono_0085,EH,279,0.10999900000000196,23.2644,23.374399,EY2,N,0,1,energy,94,23.2644,23.704399,monday,-
SCAMMEPLZ_mono,SCAMMEPLZ_mono_0086,ER,281,0.040001000000000175,23.4044,23.444401,N,JH,0,0,energy,94,23.2644,23.704399,monday,-
SCAMMEPLZ_mono,SCAMMEPLZ_mono_0087,IY,283,0.16000000000000014,23.544399,23.704399,JH,-,0,0,energy,94,23.2644,23.704399,monday,-
SCAMMEPLZ_mono,--,AH,285,0.02999900000000011,23.8542,23.884199,-,N,1,0,and,96,23.8542,23.964199,-,i
SCAMMEPLZ_mono,SCAMMEPLZ_mono_0088,AY,288,0.050000999999998186,23.964199,24.0142,D,HH,0,1,i,97,23.964199,24.0142,and,half
SCAMMEPLZ_mono,SCAMMEPLZ_mono_0089,AE,290,0.0799999999999983,24.114201,24.194201,HH,F,0,1,half,98,24.0142,24.314199,i,laughed
SCAMMEPLZ_mono,SCAMMEPLZ_mono_0090,AE,293,0.06999899999999926,24.4042,24.474199,L,F,0,1,laughed,99,24.314199,24.614201,half,because
SCAMMEPLZ_mono,SCAMMEPLZ_mono_0091,IH,297,0.030000999999998612,24.644199,24.6742,B,K,0,0,because,100,24.614201,24.9942,laughed,-
SCAMMEPLZ_mono,SCAMMEPLZ_mono_0092,AH,299,0.0799999999999983,24.7542,24.8342,K,Z,0,1,because,100,24.614201,24.9942,laughed,-
SCAMMEPLZ_mono,SCAMMEPLZ_mono_0093,AE,303,0.04999899999999968,25.294201,25.3442,Y,T,0,1,yeah,102,25.1642,25.3442,-,true
SCAMMEPLZ_mono,SCAMMEPLZ_mono_0094,UW,306,0.1400010000000016,25.6542,25.794201,R,-,0,1,true,103,25.3442,25.794201,yeah,-
SCAMMEPLZ_mono,SCAMMEPLZ_mono_0095,AY,308,0.05000100000000174,26.5763,26.626301,-,T,0,1,i,105,26.5763,26.626301,-,took
SCAMMEPLZ_mono,SCAMMEPLZ_mono_0096,UH,310,0.06000099999999975,26.716299,26.7763,T,K,0,1,took,106,26.626301,26.806299,i,a
SCAMMEPLZ_mono,SCAMMEPLZ_mono_0097,AH,312,0.05000100000000174,26.806299,26.8563,K,S,0,0,a,107,26.806299,26.8563,took,seat
SCAMMEPLZ_mono,SCAMMEPLZ_mono_0098,IY,314,0.09999999999999787,26.9963,27.0963,S,T,0,1,seat,108,26.8563,27.1563,a,near
SCAMMEPLZ_mono,SCAMMEPLZ_mono_0099,IH,317,0.049999000000003235,27.196301,27.2463,N,R,0,1,near,109,27.1563,27.286301,seat,the
SCAMMEPLZ_mono,SCAMMEPLZ_mono_0100,AH,320,0.06000200000000078,27.316299,27.376301,DH,W,0,0,the,110,27.286301,27.376301,near,window
SCAMMEPLZ_mono,SCAMMEPLZ_mono_0101,IH,322,0.059999000000001246,27.446301,27.5063,W,N,0,1,window,111,27.376301,27.726299,the,scrolled
SCAMMEPLZ_mono,SCAMMEPLZ_mono_0102,OW,325,0.12999900000000153,27.5963,27.726299,D,S,0,0,window,111,27.376301,27.726299,the,scrolled
SCAMMEPLZ_mono,SCAMMEPLZ_mono_0103,OW,329,0.059999000000001246,27.956301,28.0163,R,L,0,1,scrolled,112,27.726299,28.116301,window,my
SCAMMEPLZ_mono,SCAMMEPLZ_mono_0104,AY,333,0.08000000000000185,28.146299,28.226299,M,F,0,1,my,113,28.116301,28.226299,scrolled,phone
SCAMMEPLZ_mono,SCAMMEPLZ_mono_0105,OW,335,0.16999999999999815,28.3363,28.5063,F,N,0,1,phone,114,28.226299,28.636299,my,-
SCAMMEPLZ_mono,SCAMMEPLZ_mono_0106,AE,338,0.13000100000000003,29.120899,29.2509,-,N,0,1,and,116,29.120899,29.350901,-,overheard
SCAMMEPLZ_mono,SCAMMEPLZ_mono_0107,OW,341,0.0799999999999983,29.350901,29.430901,D,V,0,1,overheard,117,29.350901,29.700899,and,someone
SCAMMEPLZ_mono,SCAMMEPLZ_mono_0108,ER,343,0.030000999999998612,29.460899,29.4909,V,HH,0,0,overheard,117,29.350901,29.700899,and,someone
SCAMMEPLZ_mono,SCAMMEPLZ_mono_0109,ER,345,0.05999899999999769,29.5709,29.630899,HH,D,0,1,overheard,117,29.350901,29.700899,and,someone
SCAMMEPLZ_mono,--,AH,348,0.02999900000000011,29.7609,29.790899,S,M,1,1,someone,118,29.700899,29.950899,overheard,say
SCAMMEPLZ_mono,SCAMMEPLZ_mono_0110,AH,351,0.040001000000000175,29.870899,29.9109,W,N,0,2,someone,118,29.700899,29.950899,overheard,say
SCAMMEPLZ_mono,SCAMMEPLZ_mono_0111,EY,354,0.26769999999999783,30.0709,30.3386,S,-,0,1,say,119,29.950899,30.3386,someone,-
SCAMMEPLZ_mono,SCAMMEPLZ_mono_0112,AH,357,0.040001000000000175,30.8158,30.855801,DH,JH,0,0,the,121,30.7558,30.855801,-,giraffe
SCAMMEPLZ_mono,SCAMMEPLZ_mono_0113,ER,359,0.10999799999999738,30.935801,31.045799,JH,AE1,0,0,giraffe,122,30.855801,31.1758,the,exhibit
SCAMMEPLZ_mono,SCAMMEPLZ_mono_0114,AE,360,0.06000200000000078,31.045799,31.105801,ER0,F,0,1,giraffe,122,30.855801,31.1758,the,exhibit
SCAMMEPLZ_mono,SCAMMEPLZ_mono_0115,IH,362,0.03999900000000167,31.1758,31.215799,F,G,0,0,exhibit,123,31.1758,31.535801,giraffe,opens
SCAMMEPLZ_mono,SCAMMEPLZ_mono_0116,IH,365,0.07000000000000028,31.305799,31.375799,Z,B,0,1,exhibit,123,31.1758,31.535801,giraffe,opens
SCAMMEPLZ_mono,SCAMMEPLZ_mono_0117,IH,367,0.05000000000000071,31.4258,31.4758,B,T,0,0,exhibit,123,31.1758,31.535801,giraffe,opens
SCAMMEPLZ_mono,SCAMMEPLZ_mono_0118,OW,369,0.11999899999999997,31.535801,31.6558,T,P,0,1,opens,124,31.535801,31.865801,exhibit,at
SCAMMEPLZ_mono,SCAMMEPLZ_mono_0119,AH,371,0.040001000000000175,31.715799,31.7558,P,N,0,0,opens,124,31.535801,31.865801,exhibit,at
SCAMMEPLZ_mono,SCAMMEPLZ_mono_0120,AE,374,0.04999899999999968,31.865801,31.9158,Z,T,0,1,at,125,31.865801,31.9758,opens,noon
SCAMMEPLZ_mono,SCAMMEPLZ_mono_0121,UW,377,0.16999799999999965,32.075802,32.2458,N,N,0,1,noon,126,31.9758,32.3158,at,-
SCAMMEPLZ_mono,--,IH,381,0.029998999999996556,32.961601,32.9916,W,CH,1,1,which,128,32.931599,33.0816,-,felt
SCAMMEPLZ_mono,SCAMMEPLZ_mono_0122,EH,384,0.039996999999999616,33.121601,33.161598,F,L,0,1,felt,129,33.0816,33.4216,which,-
SCAMMEPLZ_mono,SCAMMEPLZ_mono_0123,AA,388,0.11999899999999997,33.571602,33.691601,-,D,0,1,oddly,131,33.571602,33.851601,-,profound
SCAMMEPLZ_mono,SCAMMEPLZ_mono_0124,IY,391,0.05000000000000426,33.801601,33.851601,L,P,0,0,oddly,131,33.571602,33.851601,-,profound
SCAMMEPLZ_mono,--,OW,394,0.02999799999999908,33.981602,34.0116,R,F,1,0,profound,132,33.851601,34.301601,oddly,at
SCAMMEPLZ_mono,SCAMMEPLZ_mono_0125,AW,396,0.11999899999999997,34.121601,34.2416,F,N,0,1,profound,132,33.851601,34.301601,oddly,at
SCAMMEPLZ_mono,--,AE,399,0.02999900000000366,34.301601,34.3316,D,T,1,1,at,133,34.301601,34.361599,profound,the
SCAMMEPLZ_mono,--,AH,402,0.029998999999996556,34.4016,34.431599,DH,T,1,0,the,134,34.361599,34.431599,at,time
SCAMMEPLZ_mono,SCAMMEPLZ_mono_0126,AY,404,0.09000000000000341,34.541599,34.631599,T,M,0,1,time,135,34.431599,34.7616,the,-
SCAMMEPLZ_mono,SCAMMEPLZ_mono_0127,AE,407,0.05999699999999564,35.682301,35.742298,-,F,0,1,after,137,35.682301,35.8923,-,a
SCAMMEPLZ_mono,--,ER,410,0.029998999999996556,35.862301,35.8923,T,AH0,1,0,after,137,35.682301,35.8923,-,a
SCAMMEPLZ_mono,SCAMMEPLZ_mono_0128,AH,411,0.06000099999999975,35.8923,35.952301,ER0,F,0,0,a,138,35.8923,35.952301,after,few
SCAMMEPLZ_mono,SCAMMEPLZ_mono_0129,UW,414,0.04000099999999662,36.0923,36.132301,Y,B,0,1,few,139,35.952301,36.132301,a,bites
SCAMMEPLZ_mono,SCAMMEPLZ_mono_0130,AY,416,0.14999699999999905,36.182301,36.332298,B,T,0,1,bites,140,36.132301,36.4123,few,of
SCAMMEPLZ_mono,--,AH,419,0.029998999999996556,36.4123,36.442299,S,V,1,0,of,141,36.4123,36.4823,bites,something
SCAMMEPLZ_mono,SCAMMEPLZ_mono_0131,AH,422,0.039996999999999616,36.542301,36.582298,S,M,0,1,something,142,36.4823,36.852299,of,vaguely
SCAMMEPLZ_mono,SCAMMEPLZ_mono_0132,IH,425,0.05999800000000022,36.702301,36.762299,TH,NG,0,0,something,142,36.4823,36.852299,of,vaguely
SCAMMEPLZ_mono,SCAMMEPLZ_mono_0133,EY,428,0.13000100000000003,36.9123,37.042301,V,G,0,1,vaguely,143,36.852299,37.242298,something,egg
SCAMMEPLZ_mono,SCAMMEPLZ_mono_0134,IY,431,0.139998999999996,37.102299,37.242298,L,EH1,0,0,vaguely,143,36.852299,37.242298,something,egg
SCAMMEPLZ_mono,SCAMMEPLZ_mono_0135,EH,432,0.1400030000000001,37.242298,37.382301,IY0,G,0,1,egg,144,37.242298,37.452301,vaguely,shaped
SCAMMEPLZ_mono,SCAMMEPLZ_mono_0136,EY,435,0.12999699999999592,37.562302,37.692299,SH,P,0,1,shaped,145,37.452301,37.772301,egg,-
SCAMMEPLZ_mono,SCAMMEPLZ_mono_0137,AY,439,0.08000200000000035,37.8624,37.942402,-,W,0,1,i,147,37.8624,37.942402,-,wandered
SCAMMEPLZ_mono,SCAMMEPLZ_mono_0138,AA,441,0.05000299999999669,38.052399,38.102402,W,N,0,1,wandered,148,37.942402,38.252399,i,to
SCAMMEPLZ_mono,--,ER,444,0.029998999999996556,38.172401,38.2024,D,D,1,0,wandered,148,37.942402,38.252399,i,to
SCAMMEPLZ_mono,SCAMMEPLZ_mono_0139,AH,447,0.04000099999999662,38.302399,38.3424,T,DH,0,0,to,149,38.252399,38.3424,wandered,the
SCAMMEPLZ_mono,SCAMMEPLZ_mono_0140,AH,449,0.04000100000000373,38.372398,38.412399,DH,P,0,0,the,150,38.3424,38.412399,to,park
SCAMMEPLZ_mono,SCAMMEPLZ_mono_0141,AA,451,0.1600000000000037,38.502399,38.662399,P,R,0,1,park,151,38.412399,38.782398,the,-
SCAMMEPLZ_mono,SCAMMEPLZ_mono_0142,AH,455,0.060001999999997224,39.290798,39.3508,-,K,0,0,a,153,39.290798,39.3508,-,kid
SCAMMEPLZ_mono,SCAMMEPLZ_mono_0143,IH,457,0.08000200000000035,39.490799,39.570801,K,D,0,1,kid,154,39.3508,39.660801,a,zoomed
SCAMMEPLZ_mono,SCAMMEPLZ_mono_0144,UW,460,0.0899999999999963,39.8008,39.8908,Z,M,0,1,zoomed,155,39.660801,40.0508,kid,by
SCAMMEPLZ_mono,SCAMMEPLZ_mono_0145,AY,464,0.14999800000000363,40.090801,40.240799,B,AA1,0,1,by,156,40.0508,40.240799,zoomed,on
SCAMMEPLZ_mono,SCAMMEPLZ_mono_0146,AA,465,0.08000200000000035,40.240799,40.320801,AY1,N,0,1,on,157,40.240799,40.380798,by,a
SCAMMEPLZ_mono,SCAMMEPLZ_mono_0147,AH,467,0.050003000000003794,40.380798,40.430801,N,S,0,0,a,158,40.380798,40.430801,on,scooter
SCAMMEPLZ_mono,SCAMMEPLZ_mono_0148,UW,470,0.07999800000000334,40.590801,40.670799,K,T,0,1,scooter,159,40.430801,40.790798,a,yelling
SCAMMEPLZ_mono,--,ER,472,0.02999900000000366,40.760799,40.790798,T,Y,1,0,scooter,159,40.430801,40.790798,a,yelling
SCAMMEPLZ_mono,SCAMMEPLZ_mono_0149,EH,474,0.050003000000003794,40.880798,40.930801,Y,L,0,1,yelling,160,40.790798,41.180801,scooter,zoom
SCAMMEPLZ_mono,SCAMMEPLZ_mono_0150,IH,476,0.08000200000000035,40.990799,41.070801,L,NG,0,0,yelling,160,40.790798,41.180801,scooter,zoom
SCAMMEPLZ_mono,SCAMMEPLZ_mono_0151,UW,479,0.1400030000000001,41.290798,41.430801,Z,M,0,1,zoom,161,41.180801,41.500801,yelling,zoom
SCAMMEPLZ_mono,SCAMMEPLZ_mono_0152,UW,482,0.18999900000000025,41.590801,41.7808,Z,M,0,1,zoom,162,41.500801,41.9408,zoom,-
SCAMMEPLZ_mono,--,AY,486,0.02999900000000366,42.4659,42.495899,L,K,1,1,like,164,42.435902,42.565899,-,it
SCAMMEPLZ_mono,SCAMMEPLZ_mono_0153,IH,488,0.04000099999999662,42.565899,42.6059,K,W,0,0,it,165,42.565899,42.6059,like,was
SCAMMEPLZ_mono,SCAMMEPLZ_mono_0154,AH,490,0.04000100000000373,42.655899,42.6959,W,Z,0,0,was,166,42.6059,42.735901,it,a
SCAMMEPLZ_mono,SCAMMEPLZ_mono_0155,AH,492,0.04000100000000373,42.735901,42.775902,Z,S,0,0,a,167,42.735901,42.775902,was,sound
SCAMMEPLZ_mono,SCAMMEPLZ_mono_0156,AW,494,0.10999999999999943,42.895901,43.005901,S,N,0,1,sound,168,42.775902,43.065899,a,effect
SCAMMEPLZ_mono,SCAMMEPLZ_mono_0157,AH,497,0.04000099999999662,43.065899,43.1059,D,F,0,0,effect,169,43.065899,43.365898,sound,that
SCAMMEPLZ_mono,SCAMMEPLZ_mono_0158,EH,499,0.07999800000000334,43.185902,43.2659,F,K,0,1,effect,169,43.065899,43.365898,sound,that
SCAMMEPLZ_mono,SCAMMEPLZ_mono_0159,AE,503,0.030003000000000668,43.405899,43.435902,DH,T,0,1,that,170,43.365898,43.505901,effect,summoned
SCAMMEPLZ_mono,SCAMMEPLZ_mono_0160,AH,506,0.0699989999999957,43.635899,43.705898,S,M,0,1,summoned,171,43.505901,43.955898,that,speed
SCAMMEPLZ_mono,--,AH,508,0.02999900000000366,43.7859,43.815899,M,N,1,0,summoned,171,43.505901,43.955898,that,speed
SCAMMEPLZ_mono,SCAMMEPLZ_mono_0161,IY,513,0.17999999999999972,44.145901,44.325901,P,D,0,1,speed,172,43.955898,44.385899,summoned,-
SCAMMEPLZ_mono,SCAMMEPLZ_mono_0162,AY,516,0.08000200000000035,45.079899,45.159901,-,S,0,1,i,174,45.079899,45.159901,-,sat
SCAMMEPLZ_mono,SCAMMEPLZ_mono_0163,AE,518,0.10000200000000348,45.259899,45.359901,S,T,0,1,sat,175,45.159901,45.399899,i,under
SCAMMEPLZ_mono,SCAMMEPLZ_mono_0164,AH,520,0.03999999999999915,45.399899,45.439899,T,N,0,1,under,176,45.399899,45.599899,sat,a
SCAMMEPLZ_mono,SCAMMEPLZ_mono_0165,ER,523,0.09000000000000341,45.509899,45.599899,D,AH0,0,0,under,176,45.399899,45.599899,sat,a
SCAMMEPLZ_mono,SCAMMEPLZ_mono_0166,AH,524,0.04999999999999716,45.599899,45.649899,ER0,T,0,0,a,177,45.599899,45.649899,under,tree
SCAMMEPLZ_mono,SCAMMEPLZ_mono_0167,IY,527,0.20000100000000032,45.829899,46.0299,R,-,0,1,tree,178,45.649899,46.0299,a,-
SCAMMEPLZ_mono,SCAMMEPLZ_mono_0168,IH,530,0.04000099999999662,46.1199,46.159901,L,S,0,1,listened,180,46.059898,46.329899,-,to
SCAMMEPLZ_mono,SCAMMEPLZ_mono_0169,AH,532,0.030001999999996087,46.239899,46.269901,S,N,0,0,listened,180,46.059898,46.329899,-,to
SCAMMEPLZ_mono,--,AH,536,0.029998999999996556,46.359901,46.3899,T,DH,1,0,to,181,46.329899,46.3899,listened,the
SCAMMEPLZ_mono,SCAMMEPLZ_mono_0170,AH,538,0.039996999999999616,46.429901,46.469898,DH,B,0,0,the,182,46.3899,46.469898,to,breeze
SCAMMEPLZ_mono,SCAMMEPLZ_mono_0171,IY,541,0.20000100000000032,46.599899,46.7999,R,Z,0,1,breeze,183,46.469898,47.009899,the,-
SCAMMEPLZ_mono,SCAMMEPLZ_mono_0172,AE,544,0.1399990000000031,47.4884,47.628399,-,N,0,1,and,185,47.4884,47.7584,-,watched
SCAMMEPLZ_mono,SCAMMEPLZ_mono_0173,AA,548,0.0899959999999993,47.838402,47.928398,W,CH,0,1,watched,186,47.7584,48.068401,and,a
SCAMMEPLZ_mono,SCAMMEPLZ_mono_0174,AH,551,0.05999800000000022,48.068401,48.128399,T,Y,0,0,a,187,48.068401,48.128399,watched,yellow
SCAMMEPLZ_mono,SCAMMEPLZ_mono_0175,EH,553,0.04999899999999968,48.208401,48.2584,Y,L,0,1,yellow,188,48.128399,48.338402,a,balloon
SCAMMEPLZ_mono,SCAMMEPLZ_mono_0176,OW,555,0.050003000000003794,48.288399,48.338402,L,B,0,0,yellow,188,48.128399,48.338402,a,balloon
SCAMMEPLZ_mono,--,AH,557,0.00999800000000306,48.4184,48.428398,B,L,1,0,balloon,189,48.338402,48.678402,yellow,get
SCAMMEPLZ_mono,SCAMMEPLZ_mono_0177,UW,559,0.11999899999999997,48.5084,48.628399,L,N,0,1,balloon,189,48.338402,48.678402,yellow,get
SCAMMEPLZ_mono,SCAMMEPLZ_mono_0178,EH,562,0.039996999999999616,48.748402,48.788399,G,T,0,1,get,190,48.678402,48.8484,balloon,tangled
SCAMMEPLZ_mono,SCAMMEPLZ_mono_0179,AE,565,0.07999799999999624,48.958401,49.038399,T,NG,0,1,tangled,191,48.8484,49.308399,get,in
SCAMMEPLZ_mono,--,AH,568,0.02999900000000366,49.158401,49.1884,G,L,1,0,tangled,191,48.8484,49.308399,get,in
SCAMMEPLZ_mono,SCAMMEPLZ_mono_0180,IH,571,0.04000099999999662,49.308399,49.3484,D,N,0,0,in,192,49.308399,49.378399,tangled,a
SCAMMEPLZ_mono,SCAMMEPLZ_mono_0181,AH,573,0.05000299999999669,49.378399,49.428402,N,P,0,0,a,193,49.378399,49.428402,in,power
SCAMMEPLZ_mono,SCAMMEPLZ_mono_0182,AW,575,0.19000300000000436,49.518398,49.708401,P,ER0,0,1,power,194,49.428402,49.7384,a,line
SCAMMEPLZ_mono,--,ER,576,0.029998999999996556,49.708401,49.7384,AW1,L,1,0,power,194,49.428402,49.7384,a,line
SCAMMEPLZ_mono,SCAMMEPLZ_mono_0183,AY,578,0.06000200000000433,49.768398,49.8284,L,N,0,1,line,195,49.7384,49.974701,power,-
SCAMMEPLZ_mono,SCAMMEPLZ_mono_0184,IH,582,0.07000000000000028,50.584499,50.654499,W,R,0,1,weird,197,50.494499,50.744499,-,morning
SCAMMEPLZ_mono,SCAMMEPLZ_mono_0185,AO,586,0.08000200000000035,50.814499,50.894501,M,R,0,1,morning,198,50.744499,51.134499,weird,-
SCAMMEPLZ_mono,SCAMMEPLZ_mono_0186,IH,589,0.0899999999999963,50.974499,51.064499,N,NG,0,0,morning,198,50.744499,51.134499,weird,-
SCAMMEPLZ_mono,SCAMMEPLZ_mono_0187,AH,593,0.06000099999999975,51.671799,51.7318,B,T,0,1,but,200,51.6418,51.781799,-,-
SCAMMEPLZ_mono,SCAMMEPLZ_mono_0188,AA,596,0.12000300000000408,52.088299,52.208302,-,N,0,1,honestly,202,52.088299,52.618301,-,-
SCAMMEPLZ_mono,SCAMMEPLZ_mono_0189,AH,598,0.05000299999999669,52.248299,52.298302,N,S,0,0,honestly,202,52.088299,52.618301,-,-
SCAMMEPLZ_mono,SCAMMEPLZ_mono_0190,IY,601,0.17000200000000376,52.448299,52.618301,L,-,0,0,honestly,202,52.088299,52.618301,-,-
SCAMMEPLZ_mono,SCAMMEPLZ_mono_0191,AA,604,0.04000100000000373,53.011398,53.051399,N,T,0,1,not,204,52.9814,53.111401,-,the
SCAMMEPLZ_mono,SCAMMEPLZ_mono_0192,AH,607,0.04000099999999662,53.141399,53.1814,DH,W,0,1,the,205,53.111401,53.1814,not,worst
SCAMMEPLZ_mono,SCAMMEPLZ_mono_0193,ER,609,0.10999999999999943,53.281399,53.391399,W,S,0,1,worst,206,53.1814,53.551399,the,-
SIGMABOY1_mono,SIGMABOY1_mono_0001,OW,3,0.06000000000000005,1.0945,1.1545,S,DH,0,1,so,2,0.9845,1.1545,-,this
SIGMABOY1_mono,SIGMABOY1_mono_0002,IH,5,0.050000000000000044,1.2245,1.2745,DH,S,0,1,this,3,1.1545,1.3645,so,morning
SIGMABOY1_mono,SIGMABOY1_mono_0003,AO,8,0.039999999999999813,1.4245,1.4645,M,R,0,1,morning,4,1.3645,1.7545,this,-
SIGMABOY1_mono,SIGMABOY1_mono_0004,IH,11,0.08000000000000007,1.5745,1.6545,N,NG,0,0,morning,4,1.3645,1.7545,this,-
SIGMABOY1_mono,SIGMABOY1_mono_0005,AY,14,0.08000000000000007,1.7945,1.8745,-,W,0,1,i,6,1.7945,1.8745,-,woke
SIGMABOY1_mono,SIGMABOY1_mono_0006,OW,16,0.07000000000000028,1.9745,2.0445,W,K,0,1,woke,7,1.8745,2.1345,i,up
SIGMABOY1_mono,SIGMABOY1_mono_0007,AH,18,0.040000000000000036,2.1345,2.1745,K,P,0,1,up,8,2.1345,2.2645,woke,late
SIGMABOY1_mono,SIGMABOY1_mono_0008,EY,21,0.10000000000000009,2.3645,2.4645,L,T,0,1,late,9,2.2645,2.5046,up,-
SIGMABOY1_mono,--,AE,24,0.029999999999999805,2.5724,2.6024,-,N,1,1,and,11,2.5724,2.6824,-,immediately
SIGMABOY1_mono,SIGMABOY1_mono_0009,IH,27,0.040000000000000036,2.6824,2.7224,D,M,0,0,immediately,12,2.6824,3.2324,and,stubbed
SIGMABOY1_mono,SIGMABOY1_mono_0010,IY,29,0.06000000000000005,2.8924,2.9524,M,D,0,1,immediately,12,2.6824,3.2324,and,stubbed
SIGMABOY1_mono,SIGMABOY1_mono_0011,IY,31,0.08000000000000007,2.9924,3.0724,D,AH0,0,0,immediately,12,2.6824,3.2324,and,stubbed
SIGMABOY1_mono,--,AH,32,0.029999999999999805,3.0724,3.1024,IY0,T,1,0,immediately,12,2.6824,3.2324,and,stubbed
SIGMABOY1_mono,SIGMABOY1_mono_0012,IY,35,0.06000000000000005,3.1724,3.2324,L,S,0,0,immediately,12,2.6824,3.2324,and,stubbed
SIGMABOY1_mono,SIGMABOY1_mono_0013,AH,38,0.050000000000000266,3.4324,3.4824,T,B,0,1,stubbed,13,3.2324,3.5524,immediately,my
SIGMABOY1_mono,SIGMABOY1_mono_0014,AY,42,0.08000000000000007,3.5824,3.6624,M,T,0,1,my,14,3.5524,3.6624,stubbed,toe
SIGMABOY1_mono,SIGMABOY1_mono_0015,OW,44,0.04999999999999982,3.8024,3.8524,T,AA1,0,1,toe,15,3.6624,3.8524,my,on
SIGMABOY1_mono,SIGMABOY1_mono_0016,AA,45,0.07000000000000028,3.8524,3.9224,OW1,N,0,1,on,16,3.8524,3.9924,toe,the
SIGMABOY1_mono,--,AH,48,0.02999999999999936,4.0224,4.0524,DH,D,1,0,the,17,3.9924,4.0524,on,dresser
SIGMABOY1_mono,SIGMABOY1_mono_0017,EH,51,0.05999999999999961,4.1424,4.2024,R,S,0,1,dresser,18,4.0524,4.4524,the,-
SIGMABOY1_mono,SIGMABOY1_mono_0018,ER,53,0.13999999999999968,4.3124,4.4524,S,-,0,0,dresser,18,4.0524,4.4524,the,-
SIGMABOY1_mono,SIGMABOY1_mono_0019,EY,57,0.08999999999999986,4.9683,5.0583,R,T,0,1,great,20,4.8283,5.1183,-,start
SIGMABOY1_mono,SIGMABOY1_mono_0020,AA,61,0.040000000000000036,5.2583,5.2983,T,R,0,1,start,21,5.1183,5.4783,great,-
SIGMABOY1_mono,SIGMABOY1_mono_0021,AY,66,0.16999999999999993,5.6653,5.8353,R,T,0,1,right,23,5.5953,5.8653,-,-
SIGMABOY1_mono,SIGMABOY1_mono_0022,AY,69,0.04999999999999982,6.4711,6.5211,-,G,0,1,i,25,6.4711,6.5211,-,grumbled
SIGMABOY1_mono,SIGMABOY1_mono_0023,AH,72,0.03000000000000025,6.6711,6.7011,R,M,0,1,grumbled,26,6.5211,6.8711,i,something
SIGMABOY1_mono,--,AH,75,0.010000000000000675,6.7711,6.7811,B,L,1,0,grumbled,26,6.5211,6.8711,i,something
SIGMABOY1_mono,SIGMABOY1_mono_0024,AH,79,0.04999999999999982,6.9311,6.9811,S,M,0,1,something,27,6.8711,7.1411,grumbled,half
SIGMABOY1_mono,SIGMABOY1_mono_0025,IH,82,0.040000000000000036,7.0711,7.1111,TH,NG,0,0,something,27,6.8711,7.1411,grumbled,half
SIGMABOY1_mono,SIGMABOY1_mono_0026,AE,85,0.07000000000000028,7.2711,7.3411,HH,F,0,1,half,28,7.1411,7.4411,something,conscious
SIGMABOY1_mono,SIGMABOY1_mono_0027,AA,88,0.08000000000000007,7.5411,7.6211,K,N,0,1,conscious,29,7.4411,8.0011,half,-
SIGMABOY1_mono,SIGMABOY1_mono_0028,AH,91,0.09999999999999964,7.7411,7.8411,SH,S,0,0,conscious,29,7.4411,8.0011,half,-
SIGMABOY1_mono,SIGMABOY1_mono_0029,AE,96,0.07000000000000028,8.2204,8.2904,R,B,0,1,grabbed,31,8.1004,8.4004,-,whatever
SIGMABOY1_mono,SIGMABOY1_mono_0030,AH,100,0.05000000000000071,8.4504,8.5004,W,T,0,2,whatever,32,8.4004,8.7704,grabbed,shirt
SIGMABOY1_mono,SIGMABOY1_mono_0031,EH,102,0.05999999999999872,8.5904,8.6504,T,V,0,1,whatever,32,8.4004,8.7704,grabbed,shirt
SIGMABOY1_mono,SIGMABOY1_mono_0032,ER,104,0.0600000000000005,8.7104,8.7704,V,SH,0,0,whatever,32,8.4004,8.7704,grabbed,shirt
SIGMABOY1_mono,SIGMABOY1_mono_0033,ER,106,0.0600000000000005,8.9004,8.9604,SH,T,0,1,shirt,33,8.7704,9.0204,whatever,was
SIGMABOY1_mono,--,AH,109,0.02999999999999936,9.0504,9.0804,W,Z,1,0,was,34,9.0204,9.1604,shirt,clean
SIGMABOY1_mono,SIGMABOY1_mono_0034,IY,113,0.07000000000000028,9.2704,9.3404,L,N,0,1,clean,35,9.1604,9.3804,was,ish
SIGMABOY1_mono,SIGMABOY1_mono_0035,IH,115,0.08999999999999986,9.3804,9.4704,N,SH,0,1,ish,36,9.3804,9.6004,clean,-
SIGMABOY1_mono,--,AH,118,0.009999999999999787,9.6992,9.7092,-,N,1,0,and,38,9.6992,9.7692,-,headed
SIGMABOY1_mono,SIGMABOY1_mono_0036,EH,122,0.030000000000001137,9.8692,9.8992,HH,D,0,1,headed,39,9.7692,10.0292,and,out
SIGMABOY1_mono,SIGMABOY1_mono_0037,IH,124,0.040000000000000924,9.9292,9.9692,D,D,0,0,headed,39,9.7692,10.0292,and,out
SIGMABOY1_mono,SIGMABOY1_mono_0038,AW,126,0.11000000000000121,10.0292,10.1392,D,T,0,1,out,40,10.0292,10.1904,headed,-
SIGMABOY1_mono,--,AH,130,0.02999999999999936,11.1158,11.1458,DH,S,1,0,the,42,11.0758,11.1458,-,sky
SIGMABOY1_mono,SIGMABOY1_mono_0039,AY,133,0.09999999999999964,11.2758,11.3758,K,L,0,1,sky,43,11.1458,11.3758,the,looked
SIGMABOY1_mono,SIGMABOY1_mono_0040,UH,135,0.03999999999999915,11.4258,11.4658,L,K,0,1,looked,44,11.3758,11.5558,sky,weird
SIGMABOY1_mono,SIGMABOY1_mono_0041,IH,139,0.08999999999999986,11.6658,11.7558,W,R,0,1,weird,45,11.5558,11.9158,looked,-
SIGMABOY1_mono,SIGMABOY1_mono_0042,AY,144,0.030000000000001137,12.3997,12.4297,L,K,0,1,like,47,12.3697,12.4897,-,that
SIGMABOY1_mono,--,AE,147,0.02999999999999936,12.5297,12.5597,DH,T,1,1,that,48,12.4897,12.6097,like,shade
SIGMABOY1_mono,SIGMABOY1_mono_0043,EY,150,0.09000000000000163,12.7397,12.8297,SH,D,0,1,shade,49,12.6097,12.8797,that,of
SIGMABOY1_mono,SIGMABOY1_mono_0044,AH,152,0.05000000000000071,12.8797,12.9297,D,V,0,0,of,50,12.8797,13.0497,shade,blue
SIGMABOY1_mono,SIGMABOY1_mono_0045,UW,156,0.06999999999999851,13.1597,13.2297,L,G,0,1,blue,51,13.0497,13.2297,of,gray
SIGMABOY1_mono,SIGMABOY1_mono_0046,EY,159,0.16000000000000014,13.3997,13.5597,R,-,0,1,gray,52,13.2297,13.5597,blue,-
SIGMABOY1_mono,--,AE,162,0.02999999999999936,13.6197,13.6497,DH,T,1,1,that,54,13.5897,13.6797,-,makes
SIGMABOY1_mono,SIGMABOY1_mono_0047,EY,165,0.0600000000000005,13.7297,13.7897,M,K,0,1,makes,55,13.6797,13.9197,that,you
SIGMABOY1_mono,--,UW,169,0.02999999999999936,13.9497,13.9797,Y,-,1,1,you,56,13.9197,13.9797,makes,-
SIGMABOY1_mono,SIGMABOY1_mono_0048,EH,173,0.040000000000000924,14.1534,14.1934,W,SH,0,1,question,58,14.0234,14.4434,-,-
SIGMABOY1_mono,SIGMABOY1_mono_0049,AH,175,0.030000000000001137,14.3334,14.3634,SH,N,0,0,question,58,14.0234,14.4434,-,-
SIGMABOY1_mono,SIGMABOY1_mono_0050,IH,178,0.040000000000000924,14.4734,14.5134,-,F,0,0,if,60,14.4734,14.5934,-,it's
SIGMABOY1_mono,--,IH,180,0.02999999999999936,14.5934,14.6234,F,T,1,0,it's,61,14.5934,14.7034,if,about
SIGMABOY1_mono,SIGMABOY1_mono_0051,AH,183,0.049999999999998934,14.7034,14.7534,S,B,0,0,about,62,14.7034,14.9334,it's,to
SIGMABOY1_mono,SIGMABOY1_mono_0052,AW,185,0.08000000000000007,14.8034,14.8834,B,T,0,1,about,62,14.7034,14.9334,it's,to
SIGMABOY1_mono,SIGMABOY1_mono_0053,AH,188,0.05000000000000071,15.0034,15.0534,T,R,0,0,to,63,14.9334,15.0534,about,rain
SIGMABOY1_mono,SIGMABOY1_mono_0054,EY,190,0.08000000000000007,15.1134,15.1934,R,N,0,1,rain,64,15.0534,15.2634,to,or
SIGMABOY1_mono,SIGMABOY1_mono_0055,ER,192,0.03999999999999915,15.2634,15.3034,N,N,0,0,or,65,15.2634,15.3034,rain,not
SIGMABOY1_mono,SIGMABOY1_mono_0056,AA,194,0.040000000000000924,15.3834,15.4234,N,T,0,1,not,66,15.3034,15.5434,or,-
SIGMABOY1_mono,SIGMABOY1_mono_0057,AY,197,0.05999899999999769,16.4583,16.518299,-,S,0,1,i,68,16.4583,16.518299,-,stopped
SIGMABOY1_mono,SIGMABOY1_mono_0058,AA,200,0.07000000000000028,16.678301,16.748301,T,P,0,1,stopped,69,16.518299,16.838301,i,by
SIGMABOY1_mono,SIGMABOY1_mono_0059,AY,204,0.06999899999999926,16.8783,16.948299,B,DH,0,1,by,70,16.838301,16.948299,stopped,the
SIGMABOY1_mono,SIGMABOY1_mono_0060,AH,206,0.060000000000002274,16.9883,17.0483,DH,K,0,0,the,71,16.948299,17.0483,by,corner
SIGMABOY1_mono,SIGMABOY1_mono_0061,AO,208,0.03999899999999812,17.1583,17.198299,K,R,0,1,corner,72,17.0483,17.3183,the,store
SIGMABOY1_mono,SIGMABOY1_mono_0062,ER,211,0.05000100000000174,17.268299,17.3183,N,S,0,0,corner,72,17.0483,17.3183,the,store
SIGMABOY1_mono,SIGMABOY1_mono_0063,AO,214,0.06000200000000078,17.448299,17.508301,T,R,0,1,store,73,17.3183,17.6383,corner,-
SIGMABOY1_mono,SIGMABOY1_mono_0064,AH,218,0.030001000000002165,17.771099,17.8011,T,G,0,0,to,75,17.7211,17.8011,-,grab
SIGMABOY1_mono,SIGMABOY1_mono_0065,AE,221,0.07000199999999879,17.941099,18.011101,R,B,0,1,grab,76,17.8011,18.0511,to,-
SIGMABOY1_mono,--,AH,224,0.02999900000000011,18.101101,18.1311,-,T,1,0,a,78,18.101101,18.1311,-,toasted
SIGMABOY1_mono,SIGMABOY1_mono_0066,OW,226,0.050000999999998186,18.2911,18.341101,T,S,0,1,toasted,79,18.1311,18.5611,a,bagel
SIGMABOY1_mono,SIGMABOY1_mono_0067,IH,229,0.05000100000000174,18.4611,18.511101,T,D,0,0,toasted,79,18.1311,18.5611,a,bagel
SIGMABOY1_mono,SIGMABOY1_mono_0068,EY,232,0.08000000000000185,18.601101,18.681101,B,G,0,1,bagel,80,18.5611,18.8811,toasted,and
SIGMABOY1_mono,SIGMABOY1_mono_0069,AH,234,0.059999000000001246,18.761101,18.8211,G,L,0,0,bagel,80,18.5611,18.8811,toasted,and
SIGMABOY1_mono,SIGMABOY1_mono_0070,AH,236,0.040001000000000175,18.8811,18.921101,L,N,0,0,and,81,18.8811,19.011101,bagel,-
SIGMABOY1_mono,SIGMABOY1_mono_0071,AO,240,0.10000000000000142,19.0411,19.1411,-,R,0,1,orange,83,19.0411,19.351101,-,juice
SIGMABOY1_mono,SIGMABOY1_mono_0072,AH,242,0.03999899999999812,19.181101,19.2211,R,N,0,0,orange,83,19.0411,19.351101,-,juice
SIGMABOY1_mono,SIGMABOY1_mono_0073,UW,246,0.1000009999999989,19.4011,19.501101,JH,S,0,1,juice,84,19.351101,19.6511,orange,-
SIGMABOY1_mono,--,AH,250,0.02999799999999908,19.863501,19.893499,B,T,1,1,but,86,19.8535,19.9235,-,they
SIGMABOY1_mono,SIGMABOY1_mono_0074,EY,253,0.04999899999999968,19.953501,20.0035,DH,W,0,1,they,87,19.9235,20.0035,but,were
SIGMABOY1_mono,SIGMABOY1_mono_0075,ER,255,0.05000100000000174,20.053499,20.1035,W,AW1,0,0,were,88,20.0035,20.1035,they,out
SIGMABOY1_mono,SIGMABOY1_mono_0076,AW,256,0.11999899999999997,20.1035,20.223499,ER0,T,0,1,out,89,20.1035,20.2735,were,of
SIGMABOY1_mono,--,AH,258,0.02999900000000011,20.2735,20.303499,T,V,1,0,of,90,20.2735,20.393499,out,both
SIGMABOY1_mono,SIGMABOY1_mono_0077,OW,261,0.11999899999999997,20.4335,20.553499,B,TH,0,1,both,91,20.393499,20.7735,of,-
SIGMABOY1_mono,SIGMABOY1_mono_0078,AH,265,0.030000999999998612,21.5058,21.535801,DH,K,0,0,the,93,21.4758,21.535801,-,cashier
SIGMABOY1_mono,SIGMABOY1_mono_0079,AE,267,0.059999000000001246,21.6558,21.715799,K,SH,0,0,cashier,94,21.535801,21.945801,the,joked
SIGMABOY1_mono,--,IH,269,0.02999900000000011,21.865801,21.8958,SH,R,1,1,cashier,94,21.535801,21.945801,the,joked
SIGMABOY1_mono,SIGMABOY1_mono_0080,OW,272,0.11000100000000046,22.045799,22.1558,JH,K,0,1,joked,95,21.945801,22.3458,cashier,-
SIGMABOY1_mono,SIGMABOY1_mono_0081,IH,276,0.04999899999999968,22.573601,22.6236,-,T,0,1,it's,97,22.573601,22.743601,-,monday
SIGMABOY1_mono,SIGMABOY1_mono_0082,AH,280,0.03999900000000167,22.813601,22.8536,M,N,0,1,monday,98,22.743601,23.0236,it's,energy
SIGMABOY1_mono,SIGMABOY1_mono_0083,EY,283,0.09000099999999733,22.933599,23.0236,D,EH1,0,2,monday,98,22.743601,23.0236,it's,energy
SIGMABOY1_mono,SIGMABOY1_mono_0084,EH,284,0.09000000000000341,23.0236,23.1136,EY2,N,0,1,energy,99,23.0236,23.5236,monday,-
SIGMABOY1_mono,SIGMABOY1_mono_0085,ER,286,0.06000200000000078,23.173599,23.233601,N,JH,0,0,energy,99,23.0236,23.5236,monday,-
SIGMABOY1_mono,SIGMABOY1_mono_0086,IY,288,0.16999999999999815,23.3536,23.5236,JH,-,0,0,energy,99,23.0236,23.5236,monday,-
SIGMABOY1_mono,--,AH,290,0.00999999999999801,24.0014,24.0114,-,N,1,0,and,101,24.0014,24.0714,-,i
SIGMABOY1_mono,SIGMABOY1_mono_0087,AY,293,0.030000000000001137,24.0714,24.1014,D,HH,0,1,i,102,24.0714,24.1014,and,half
SIGMABOY1_mono,SIGMABOY1_mono_0088,AE,295,0.059999000000001246,24.2414,24.301399,HH,F,0,1,half,103,24.1014,24.461399,i,laughed
SIGMABOY1_mono,SIGMABOY1_mono_0089,AE,298,0.13999899999999954,24.4914,24.631399,L,F,0,1,laughed,104,24.461399,24.7414,half,-
SIGMABOY1_mono,SIGMABOY1_mono_0090,IH,303,0.030001000000002165,24.914499,24.9445,B,K,0,0,because,106,24.884501,25.3445,-,-
SIGMABOY1_mono,SIGMABOY1_mono_0091,AH,305,0.11999899999999997,25.064501,25.1845,K,Z,0,1,because,106,24.884501,25.3445,-,-
SIGMABOY1_mono,SIGMABOY1_mono_0092,AE,309,0.19000099999999875,25.593599,25.7836,Y,-,0,1,yeah,108,25.5536,25.7836,-,-
SIGMABOY1_mono,SIGMABOY1_mono_0093,UW,313,0.17999999999999972,26.253901,26.433901,R,-,0,1,true,110,26.113899,26.433901,-,-
SIGMABOY1_mono,SIGMABOY1_mono_0094,AY,315,0.04999999999999716,27.2432,27.2932,-,T,0,1,i,112,27.2432,27.2932,-,took
SIGMABOY1_mono,SIGMABOY1_mono_0095,UH,317,0.04999899999999968,27.3932,27.443199,T,K,0,1,took,113,27.2932,27.4932,i,a
SIGMABOY1_mono,SIGMABOY1_mono_0096,AH,319,0.03999899999999812,27.4932,27.533199,K,S,0,0,a,114,27.4932,27.533199,took,seat
SIGMABOY1_mono,SIGMABOY1_mono_0097,IY,321,0.08999999999999986,27.6332,27.7232,S,T,0,1,seat,115,27.533199,27.763201,a,near
SIGMABOY1_mono,SIGMABOY1_mono_0098,IH,324,0.030000000000001137,27.8032,27.8332,N,R,0,1,near,116,27.763201,27.9032,seat,the
SIGMABOY1_mono,SIGMABOY1_mono_0099,AH,327,0.04999899999999968,27.933201,27.9832,DH,W,0,0,the,117,27.9032,27.9832,near,window
SIGMABOY1_mono,SIGMABOY1_mono_0100,IH,329,0.0400000000000027,28.0432,28.0832,W,N,0,1,window,118,27.9832,28.3932,the,-
SIGMABOY1_mono,SIGMABOY1_mono_0101,OW,332,0.20000100000000032,28.193199,28.3932,D,-,0,0,window,118,27.9832,28.3932,the,-
SIGMABOY1_mono,SIGMABOY1_mono_0102,OW,337,0.03999900000000167,28.6546,28.694599,R,L,0,1,scrolled,120,28.424601,28.754601,-,my
SIGMABOY1_mono,SIGMABOY1_mono_0103,AY,341,0.0799999999999983,28.784599,28.864599,M,F,0,1,my,121,28.754601,28.864599,scrolled,phone
SIGMABOY1_mono,SIGMABOY1_mono_0104,OW,343,0.1499990000000011,28.9746,29.124599,F,N,0,1,phone,122,28.864599,29.2146,my,-
SIGMABOY1_mono,SIGMABOY1_mono_0105,AE,346,0.040001000000000175,29.6635,29.703501,-,N,0,1,and,124,29.6635,29.7635,-,overheard
SIGMABOY1_mono,SIGMABOY1_mono_0106,OW,349,0.05999999999999872,29.7635,29.8235,D,V,0,1,overheard,125,29.7635,30.1635,and,someone
SIGMABOY1_mono,SIGMABOY1_mono_0107,ER,351,0.04999899999999968,29.873501,29.9235,V,HH,0,0,overheard,125,29.7635,30.1635,and,someone
SIGMABOY1_mono,SIGMABOY1_mono_0108,ER,353,0.07000000000000028,30.0135,30.0835,HH,D,0,1,overheard,125,29.7635,30.1635,and,someone
SIGMABOY1_mono,SIGMABOY1_mono_0109,AH,356,0.030000999999998612,30.223499,30.2535,S,M,0,1,someone,126,30.1635,30.393499,overheard,say
SIGMABOY1_mono,SIGMABOY1_mono_0110,AH,359,0.030000999999998612,30.313499,30.3435,W,N,0,2,someone,126,30.1635,30.393499,overheard,say
SIGMABOY1_mono,SIGMABOY1_mono_0111,EY,362,0.25,30.5135,30.7635,S,-,0,1,say,127,30.393499,30.7635,someone,-
SIGMABOY1_mono,--,AH,365,0.02999900000000011,31.061001,31.091,DH,JH,1,0,the,129,31.051001,31.091,-,giraffe
SIGMABOY1_mono,SIGMABOY1_mono_0112,ER,367,0.09999999999999787,31.181,31.281,JH,AE1,0,0,giraffe,130,31.091,31.461,the,exhibit
SIGMABOY1_mono,SIGMABOY1_mono_0113,AE,368,0.08999999999999986,31.281,31.371,ER0,F,0,1,giraffe,130,31.091,31.461,the,exhibit
SIGMABOY1_mono,--,IH,370,0.02999900000000011,31.461,31.490999,F,G,1,0,exhibit,131,31.461,31.841,giraffe,-
SIGMABOY1_mono,SIGMABOY1_mono_0114,IH,373,0.060000000000002274,31.621,31.681,Z,B,0,1,exhibit,131,31.461,31.841,giraffe,-
SIGMABOY1_mono,SIGMABOY1_mono_0115,IH,375,0.03999900000000167,31.711,31.750999,B,T,0,0,exhibit,131,31.461,31.841,giraffe,-
SIGMABOY1_mono,SIGMABOY1_mono_0116,OW,378,0.10999800000000093,31.891001,32.000999,-,P,0,1,opens,133,31.891001,32.210999,-,at
SIGMABOY1_mono,SIGMABOY1_mono_0117,AH,380,0.030003000000000668,32.070999,32.101002,P,N,0,0,opens,133,31.891001,32.210999,-,at
SIGMABOY1_mono,SIGMABOY1_mono_0118,AE,383,0.06000099999999975,32.210999,32.271,Z,T,0,1,at,134,32.210999,32.331001,opens,noon
SIGMABOY1_mono,SIGMABOY1_mono_0119,UW,386,0.08000200000000035,32.370998,32.451,N,N,0,1,noon,135,32.331001,32.631001,at,-
SIGMABOY1_mono,SIGMABOY1_mono_0120,IH,391,0.039996999999999616,33.212502,33.252499,W,CH,0,1,which,137,33.1525,33.3125,-,felt
SIGMABOY1_mono,--,EH,394,0.02999900000000366,33.372501,33.4025,F,L,1,1,felt,138,33.3125,33.532501,which,-
SIGMABOY1_mono,SIGMABOY1_mono_0121,AA,398,0.11999899999999997,33.5625,33.682499,-,D,0,1,oddly,140,33.5625,33.8125,-,profound
SIGMABOY1_mono,--,IY,401,0.029998999999996556,33.782501,33.8125,L,P,1,0,oddly,140,33.5625,33.8125,-,profound
SIGMABOY1_mono,SIGMABOY1_mono_0122,OW,404,0.030003000000000668,33.932499,33.962502,R,F,0,0,profound,141,33.8125,34.262501,oddly,at
SIGMABOY1_mono,SIGMABOY1_mono_0123,AW,406,0.11000000000000654,34.0425,34.1525,F,N,0,1,profound,141,33.8125,34.262501,oddly,at
SIGMABOY1_mono,--,AE,409,0.029998999999996556,34.262501,34.2925,D,T,1,1,at,142,34.262501,34.322498,profound,the
SIGMABOY1_mono,--,AH,412,0.02999900000000366,34.372501,34.4025,DH,T,1,0,the,143,34.322498,34.4025,at,time
SIGMABOY1_mono,SIGMABOY1_mono_0124,AY,414,0.15000199999999353,34.522499,34.672501,T,M,0,1,time,144,34.4025,34.732498,the,-
SIGMABOY1_mono,SIGMABOY1_mono_0125,AE,417,0.0899999999999963,35.694302,35.784302,-,F,0,1,after,146,35.694302,35.9543,-,a
SIGMABOY1_mono,--,ER,420,0.02999900000000366,35.924301,35.9543,T,AH0,1,0,after,146,35.694302,35.9543,-,a
SIGMABOY1_mono,SIGMABOY1_mono_0126,AH,421,0.04999899999999968,35.9543,36.004299,ER0,F,0,0,a,147,35.9543,36.004299,after,few
SIGMABOY1_mono,SIGMABOY1_mono_0127,UW,424,0.04999899999999968,36.164299,36.214298,Y,B,0,1,few,148,36.004299,36.214298,a,bites
SIGMABOY1_mono,SIGMABOY1_mono_0128,AY,426,0.13000100000000003,36.314301,36.444302,B,T,0,1,bites,149,36.214298,36.604301,few,of
SIGMABOY1_mono,SIGMABOY1_mono_0129,AH,429,0.03999799999999709,36.604301,36.644299,S,V,0,0,of,150,36.604301,36.694302,bites,something
SIGMABOY1_mono,SIGMABOY1_mono_0130,AH,432,0.04000100000000373,36.7743,36.814301,S,M,0,1,something,151,36.694302,37.2243,of,-
SIGMABOY1_mono,SIGMABOY1_mono_0131,IH,435,0.09000000000000341,36.994301,37.084301,TH,NG,0,0,something,151,36.694302,37.2243,of,-
SIGMABOY1_mono,SIGMABOY1_mono_0132,EY,439,0.11999899999999997,37.392799,37.512798,V,G,0,1,vaguely,153,37.262798,37.792801,-,egg
SIGMABOY1_mono,SIGMABOY1_mono_0133,IY,442,0.1100009999999969,37.6828,37.792801,L,EH1,0,0,vaguely,153,37.262798,37.792801,-,egg
SIGMABOY1_mono,SIGMABOY1_mono_0134,EH,443,0.09000000000000341,37.792801,37.882801,IY0,G,0,1,egg,154,37.792801,37.942799,vaguely,shaped
SIGMABOY1_mono,SIGMABOY1_mono_0135,EY,446,0.039996999999999616,38.062801,38.102798,SH,P,0,1,shaped,155,37.942799,38.362801,egg,-
SIGMABOY1_mono,--,AY,450,0.02999900000000366,38.754101,38.7841,-,W,1,1,i,157,38.754101,38.7841,-,wandered
SIGMABOY1_mono,SIGMABOY1_mono_0136,AA,452,0.04999899999999968,38.8941,38.944099,W,N,0,1,wandered,158,38.7841,39.104099,i,to
SIGMABOY1_mono,SIGMABOY1_mono_0137,ER,455,0.06000099999999975,39.014099,39.0741,D,D,0,0,wandered,158,38.7841,39.104099,i,to
SIGMABOY1_mono,--,AH,458,0.029998999999996556,39.194099,39.224098,T,DH,1,0,to,159,39.104099,39.224098,wandered,the
SIGMABOY1_mono,SIGMABOY1_mono_0138,AH,460,0.04000100000000373,39.254101,39.294102,DH,P,0,0,the,160,39.224098,39.294102,to,park
SIGMABOY1_mono,--,AA,462,0.02999799999999908,39.414101,39.444099,P,R,1,1,park,161,39.294102,39.7141,the,-
SIGMABOY1_mono,SIGMABOY1_mono_0139,AH,466,0.039996999999999616,40.297901,40.337898,-,K,0,0,a,163,40.297901,40.337898,-,kid
SIGMABOY1_mono,SIGMABOY1_mono_0140,IH,468,0.06000099999999975,40.447899,40.5079,K,D,0,1,kid,164,40.337898,40.5979,a,zoomed
SIGMABOY1_mono,SIGMABOY1_mono_0141,UW,471,0.04999899999999968,40.6679,40.717899,Z,M,0,1,zoomed,165,40.5979,40.8279,kid,by
SIGMABOY1_mono,SIGMABOY1_mono_0142,AY,475,0.13000100000000003,40.857899,40.9879,B,AA1,0,1,by,166,40.8279,40.9879,zoomed,on
SIGMABOY1_mono,SIGMABOY1_mono_0143,AA,476,0.04999899999999968,40.9879,41.037899,AY1,N,0,1,on,167,40.9879,41.107899,by,a
SIGMABOY1_mono,SIGMABOY1_mono_0144,AH,478,0.04000099999999662,41.107899,41.1479,N,S,0,0,a,168,41.107899,41.1479,on,scooter
SIGMABOY1_mono,SIGMABOY1_mono_0145,UW,481,0.07000000000000028,41.297901,41.367901,K,T,0,1,scooter,169,41.1479,41.617901,a,-
SIGMABOY1_mono,SIGMABOY1_mono_0146,ER,483,0.20999900000000338,41.407902,41.617901,T,-,0,0,scooter,169,41.1479,41.617901,a,-
SIGMABOY1_mono,SIGMABOY1_mono_0147,EH,486,0.06000200000000433,41.800098,41.8601,Y,L,0,1,yelling,171,41.730099,42.080101,-,zoom
SIGMABOY1_mono,SIGMABOY1_mono_0148,IH,488,0.07000000000000028,41.920101,41.990101,L,NG,0,0,yelling,171,41.730099,42.080101,-,zoom
SIGMABOY1_mono,SIGMABOY1_mono_0149,UW,491,0.23999699999999535,42.190102,42.430099,Z,M,0,1,zoom,172,42.080101,42.550098,yelling,zoom
SIGMABOY1_mono,SIGMABOY1_mono_0150,UW,494,0.20000100000000032,42.660099,42.8601,Z,M,0,1,zoom,173,42.550098,42.990101,zoom,-
SIGMABOY1_mono,--,AY,498,0.02999799999999908,43.4772,43.507198,L,K,1,1,like,175,43.447201,43.537201,-,it
SIGMABOY1_mono,SIGMABOY1_mono_0151,IH,500,0.07000000000000028,43.537201,43.607201,K,W,0,0,it,176,43.537201,43.607201,like,was
SIGMABOY1_mono,SIGMABOY1_mono_0152,AH,502,0.05000000000000426,43.6772,43.7272,W,Z,0,0,was,177,43.607201,43.807201,it,a
SIGMABOY1_mono,SIGMABOY1_mono_0153,AH,504,0.039996999999999616,43.807201,43.847198,Z,S,0,0,a,178,43.807201,43.847198,was,sound
SIGMABOY1_mono,SIGMABOY1_mono_0154,AW,506,0.08000200000000035,43.957199,44.037201,S,N,0,1,sound,179,43.847198,44.117199,a,effect
SIGMABOY1_mono,SIGMABOY1_mono_0155,AH,509,0.030003000000000668,44.117199,44.147202,D,F,0,0,effect,180,44.117199,44.4272,sound,that
SIGMABOY1_mono,SIGMABOY1_mono_0156,EH,511,0.09000000000000341,44.2472,44.3372,F,K,0,1,effect,180,44.117199,44.4272,sound,that
SIGMABOY1_mono,SIGMABOY1_mono_0157,AE,515,0.039996999999999616,44.467201,44.507198,DH,T,0,1,that,181,44.4272,44.607201,effect,summoned
SIGMABOY1_mono,SIGMABOY1_mono_0158,AH,518,0.0699989999999957,44.777199,44.847198,S,M,0,1,summoned,182,44.607201,45.077202,that,speed
SIGMABOY1_mono,--,AH,520,0.02999900000000366,44.877201,44.9072,M,N,1,0,summoned,182,44.607201,45.077202,that,speed
SIGMABOY1_mono,SIGMABOY1_mono_0159,IY,525,0.06000099999999975,45.207199,45.2672,P,D,0,1,speed,183,45.077202,45.457199,summoned,-
SIGMABOY1_mono,SIGMABOY1_mono_0160,AY,528,0.09000100000000089,46.118999,46.209,-,S,0,1,i,185,46.118999,46.209,-,sat
SIGMABOY1_mono,SIGMABOY1_mono_0161,AE,530,0.13000100000000003,46.308998,46.438999,S,T,0,1,sat,186,46.209,46.469002,i,under
SIGMABOY1_mono,SIGMABOY1_mono_0162,AH,532,0.039996999999999616,46.469002,46.508999,T,N,0,1,under,187,46.469002,46.668999,sat,a
SIGMABOY1_mono,SIGMABOY1_mono_0163,ER,535,0.07000000000000028,46.598999,46.668999,D,AH0,0,0,under,187,46.469002,46.668999,sat,a
SIGMABOY1_mono,SIGMABOY1_mono_0164,AH,536,0.050003000000003794,46.668999,46.719002,ER0,T,0,0,a,188,46.668999,46.719002,under,tree
SIGMABOY1_mono,SIGMABOY1_mono_0165,IY,539,0.18999800000000278,46.929001,47.118999,R,-,0,1,tree,189,46.719002,47.118999,a,-
SIGMABOY1_mono,SIGMABOY1_mono_0166,IH,542,0.030002000000003193,47.341099,47.371101,L,S,0,1,listened,191,47.3111,47.5611,-,to
SIGMABOY1_mono,--,AH,544,0.029998999999996556,47.441101,47.4711,S,N,1,0,listened,191,47.3111,47.5611,-,to
SIGMABOY1_mono,SIGMABOY1_mono_0167,IH,548,0.030002999999993563,47.611099,47.641102,T,DH,0,0,to,192,47.5611,47.641102,listened,the
SIGMABOY1_mono,SIGMABOY1_mono_0168,AH,550,0.04999899999999968,47.691101,47.7411,DH,B,0,0,the,193,47.641102,47.7411,to,breeze
SIGMABOY1_mono,SIGMABOY1_mono_0169,IY,553,0.1399990000000031,47.841099,47.981098,R,Z,0,1,breeze,194,47.7411,48.071098,the,-
SIGMABOY1_mono,SIGMABOY1_mono_0170,AE,556,0.04999899999999968,48.5261,48.576099,-,N,0,1,and,196,48.5261,48.6661,-,watched
SIGMABOY1_mono,SIGMABOY1_mono_0171,AA,560,0.09000000000000341,48.716099,48.806099,W,CH,0,1,watched,197,48.6661,48.976101,and,a
SIGMABOY1_mono,--,AH,563,0.02999900000000366,48.976101,49.0061,T,Y,1,0,a,198,48.976101,49.0061,watched,yellow
SIGMABOY1_mono,SIGMABOY1_mono_0172,EH,565,0.07000000000000028,49.036098,49.106098,Y,L,0,1,yellow,199,49.0061,49.266102,a,balloon
SIGMABOY1_mono,SIGMABOY1_mono_0173,OW,567,0.08000199999999325,49.1861,49.266102,L,B,0,0,yellow,199,49.0061,49.266102,a,balloon
SIGMABOY1_mono,--,AH,569,0.009999000000000535,49.3661,49.376099,B,L,1,0,balloon,200,49.266102,49.736099,yellow,-
SIGMABOY1_mono,SIGMABOY1_mono_0174,UW,571,0.04999899999999968,49.476101,49.5261,L,N,0,1,balloon,200,49.266102,49.736099,yellow,-
SIGMABOY1_mono,--,IH,575,0.029998999999996556,49.9254,49.955399,G,T,1,1,get,202,49.8554,50.0354,-,tangled
SIGMABOY1_mono,SIGMABOY1_mono_0175,AE,578,0.05999800000000022,50.145401,50.205399,T,NG,0,1,tangled,203,50.0354,50.435398,get,in
SIGMABOY1_mono,--,AH,581,0.029998999999996556,50.2854,50.315399,G,L,1,0,tangled,203,50.0354,50.435398,get,in
SIGMABOY1_mono,SIGMABOY1_mono_0176,IH,584,0.050003000000003794,50.435398,50.485401,D,N,0,0,in,204,50.435398,50.5154,tangled,a
SIGMABOY1_mono,SIGMABOY1_mono_0177,AH,586,0.06000099999999975,50.5154,50.575401,N,P,0,0,a,205,50.5154,50.575401,in,power
SIGMABOY1_mono,SIGMABOY1_mono_0178,AW,588,0.08000199999999325,50.6754,50.755402,P,ER0,0,1,power,206,50.575401,50.825401,a,line
SIGMABOY1_mono,SIGMABOY1_mono_0179,ER,589,0.06999900000000281,50.755402,50.825401,AW1,L,0,0,power,206,50.575401,50.825401,a,line
SIGMABOY1_mono,SIGMABOY1_mono_0180,AY,591,0.05999800000000022,50.895401,50.955399,L,N,0,1,line,207,50.825401,51.125401,power,-
SIGMABOY1_mono,SIGMABOY1_mono_0181,IH,595,0.0699989999999957,51.9254,51.995399,W,R,0,1,weird,209,51.775398,52.065399,-,morning
SIGMABOY1_mono,SIGMABOY1_mono_0182,AO,599,0.039996999999999616,52.145401,52.185398,M,R,0,1,morning,210,52.065399,52.395401,weird,-
SIGMABOY1_mono,SIGMABOY1_mono_0183,IH,602,0.030003000000000668,52.315399,52.345402,N,NG,0,0,morning,210,52.065399,52.395401,weird,-
SIGMABOY1_mono,--,AH,606,0.02999900000000366,52.766399,52.796398,B,AA1,1,1,but,212,52.726398,52.796398,-,honestly
SIGMABOY1_mono,SIGMABOY1_mono_0184,AA,607,0.08000199999999325,52.796398,52.8764,AH1,N,0,1,honestly,213,52.796398,53.206402,but,-
SIGMABOY1_mono,SIGMABOY1_mono_0185,AH,609,0.05000000000000426,52.936401,52.986401,N,S,0,0,honestly,213,52.796398,53.206402,but,-
SIGMABOY1_mono,SIGMABOY1_mono_0186,IY,613,0.060001999999997224,53.1464,53.206402,L,-,0,0,honestly,213,52.796398,53.206402,but,-
SIGMABOY1_mono,SIGMABOY1_mono_0187,AA,616,0.06000099999999975,53.6143,53.674301,N,T,0,1,not,215,53.584301,53.734299,-,the
SIGMABOY1_mono,--,AH,619,0.029998999999996556,53.764301,53.7943,DH,W,1,1,the,216,53.734299,53.7943,not,worst
SIGMABOY1_mono,SIGMABOY1_mono_0188,ER,621,0.0899999999999963,53.874298,53.964298,W,S,0,1,worst,217,53.7943,54.154301,the,-
TUTUTANGO_mono,TUTUTANGO_mono_0001,OW,3,0.07000000000000006,1.1579,1.2279,S,DH,0,1,so,2,1.0579,1.2279,-,this
TUTUTANGO_mono,TUTUTANGO_mono_0002,IH,5,0.06000000000000005,1.2879,1.3479,DH,S,0,1,this,3,1.2279,1.4579,so,morning
TUTUTANGO_mono,TUTUTANGO_mono_0003,AO,8,0.06000000000000005,1.5079,1.5679,M,R,0,1,morning,4,1.4579,1.8679,this,-
TUTUTANGO_mono,TUTUTANGO_mono_0004,IH,11,0.1100000000000001,1.6779,1.7879,N,NG,0,0,morning,4,1.4579,1.8679,this,-
TUTUTANGO_mono,TUTUTANGO_mono_0005,AY,14,0.040000000000000036,2.1248,2.1648,-,W,0,1,i,6,2.1248,2.1648,-,woke
TUTUTANGO_mono,TUTUTANGO_mono_0006,OW,16,0.040000000000000036,2.2648,2.3048,W,K,0,1,woke,7,2.1648,2.3848,i,up
TUTUTANGO_mono,TUTUTANGO_mono_0007,AH,18,0.040000000000000036,2.3848,2.4248,K,P,0,1,up,8,2.3848,2.4948,woke,late
TUTUTANGO_mono,TUTUTANGO_mono_0008,EY,21,0.14000000000000012,2.5848,2.7248,L,T,0,1,late,9,2.4948,2.8048,up,-
TUTUTANGO_mono,TUTUTANGO_mono_0009,AE,24,0.040000000000000036,2.8548,2.8948,-,N,0,1,and,11,2.8548,2.9548,-,immediately
TUTUTANGO_mono,--,IH,27,0.029999999999999805,2.9548,2.9848,D,M,1,0,immediately,12,2.9548,3.4948,and,stubbed
TUTUTANGO_mono,TUTUTANGO_mono_0010,IY,29,0.06999999999999984,3.0748,3.1448,M,D,0,1,immediately,12,2.9548,3.4948,and,stubbed
TUTUTANGO_mono,TUTUTANGO_mono_0011,IY,31,0.06999999999999984,3.2048,3.2748,D,AH0,0,0,immediately,12,2.9548,3.4948,and,stubbed
TUTUTANGO_mono,TUTUTANGO_mono_0012,AH,32,0.040000000000000036,3.2748,3.3148,IY0,T,0,0,immediately,12,2.9548,3.4948,and,stubbed
TUTUTANGO_mono,TUTUTANGO_mono_0013,IY,35,0.07000000000000028,3.4248,3.4948,L,S,0,0,immediately,12,2.9548,3.4948,and,stubbed
TUTUTANGO_mono,TUTUTANGO_mono_0014,AH,38,0.07000000000000028,3.6548,3.7248,T,B,0,1,stubbed,13,3.4948,3.8248,immediately,my
TUTUTANGO_mono,TUTUTANGO_mono_0015,AY,42,0.08000000000000007,3.8648,3.9448,M,T,0,1,my,14,3.8248,3.9448,stubbed,toe
TUTUTANGO_mono,TUTUTANGO_mono_0016,OW,44,0.16999999999999993,4.0848,4.2548,T,AA1,0,1,toe,15,3.9448,4.2548,my,on
TUTUTANGO_mono,TUTUTANGO_mono_0017,AA,45,0.10999999999999943,4.2548,4.3648,OW1,N,0,1,on,16,4.2548,4.4048,toe,the
TUTUTANGO_mono,TUTUTANGO_mono_0018,AH,48,0.03000000000000025,4.4348,4.4648,DH,D,0,0,the,17,4.4048,4.4648,on,dresser
TUTUTANGO_mono,TUTUTANGO_mono_0019,EH,51,0.04999999999999982,4.5848,4.6348,R,S,0,1,dresser,18,4.4648,4.9248,the,-
TUTUTANGO_mono,TUTUTANGO_mono_0020,ER,53,0.1800000000000006,4.7448,4.9248,S,-,0,0,dresser,18,4.4648,4.9248,the,-
TUTUTANGO_mono,TUTUTANGO_mono_0021,EY,57,0.0600000000000005,5.3629,5.4229,R,T,0,1,great,20,5.2729,5.4729,-,start
TUTUTANGO_mono,TUTUTANGO_mono_0022,AA,61,0.05999999999999961,5.5829,5.6429,T,R,0,1,start,21,5.4729,5.8029,great,-
TUTUTANGO_mono,TUTUTANGO_mono_0023,AY,66,0.14000000000000057,6.1126,6.2526,R,T,0,1,right,23,6.0126,6.3426,-,-
TUTUTANGO_mono,TUTUTANGO_mono_0024,AY,69,0.07999999999999918,6.9377,7.0177,-,G,0,1,i,25,6.9377,7.0177,-,grumbled
TUTUTANGO_mono,TUTUTANGO_mono_0025,AH,72,0.07000000000000028,7.1377,7.2077,R,M,0,1,grumbled,26,7.0177,7.3877,i,something
TUTUTANGO_mono,--,AH,75,0.009999999999999787,7.2777,7.2877,B,L,1,0,grumbled,26,7.0177,7.3877,i,something
TUTUTANGO_mono,TUTUTANGO_mono_0026,AH,79,0.04999999999999982,7.4477,7.4977,S,M,0,1,something,27,7.3877,7.7477,grumbled,half
TUTUTANGO_mono,TUTUTANGO_mono_0027,IH,82,0.10999999999999943,7.6077,7.7177,TH,NG,0,0,something,27,7.3877,7.7477,grumbled,half
TUTUTANGO_mono,TUTUTANGO_mono_0028,AE,85,0.08000000000000007,7.8777,7.9577,HH,F,0,1,half,28,7.7477,8.0177,something,conscious
TUTUTANGO_mono,TUTUTANGO_mono_0029,AA,88,0.09999999999999964,8.0777,8.1777,K,N,0,1,conscious,29,8.0177,8.6377,half,-
TUTUTANGO_mono,TUTUTANGO_mono_0030,AH,91,0.120000000000001,8.2877,8.4077,SH,S,0,0,conscious,29,8.0177,8.6377,half,-
TUTUTANGO_mono,TUTUTANGO_mono_0031,AE,96,0.09999999999999964,8.9557,9.0557,R,B,0,1,grabbed,31,8.9157,9.1557,-,whatever
TUTUTANGO_mono,TUTUTANGO_mono_0032,AH,100,0.040000000000000924,9.2457,9.2857,W,T,0,2,whatever,32,9.1557,9.4857,grabbed,shirt
TUTUTANGO_mono,TUTUTANGO_mono_0033,EH,102,0.08000000000000007,9.3257,9.4057,T,V,0,1,whatever,32,9.1557,9.4857,grabbed,shirt
TUTUTANGO_mono,TUTUTANGO_mono_0034,ER,104,0.03999999999999915,9.4457,9.4857,V,SH,0,0,whatever,32,9.1557,9.4857,grabbed,shirt
TUTUTANGO_mono,TUTUTANGO_mono_0035,ER,106,0.07000000000000028,9.6157,9.6857,SH,T,0,1,shirt,33,9.4857,9.7457,whatever,was
TUTUTANGO_mono,--,AH,109,0.02999999999999936,9.7857,9.8157,W,Z,1,0,was,34,9.7457,9.8957,shirt,clean
TUTUTANGO_mono,TUTUTANGO_mono_0036,IY,113,0.05000000000000071,10.0457,10.0957,L,N,0,1,clean,35,9.8957,10.1457,was,ish
TUTUTANGO_mono,TUTUTANGO_mono_0037,IH,115,0.09999999999999964,10.1457,10.2457,N,SH,0,1,ish,36,10.1457,10.4757,clean,-
TUTUTANGO_mono,TUTUTANGO_mono_0038,AH,118,0.08999999999999986,10.5457,10.6357,-,N,0,0,and,38,10.5457,10.7057,-,headed
TUTUTANGO_mono,--,EH,122,0.02999999999999936,10.7857,10.8157,HH,D,1,1,headed,39,10.7057,10.9857,and,out
TUTUTANGO_mono,TUTUTANGO_mono_0039,IH,124,0.08000000000000007,10.8557,10.9357,D,D,0,0,headed,39,10.7057,10.9857,and,out
TUTUTANGO_mono,TUTUTANGO_mono_0040,AW,126,0.08999999999999986,10.9857,11.0757,D,T,0,1,out,40,10.9857,11.1757,headed,-
TUTUTANGO_mono,--,AH,130,0.02999999999999936,11.7979,11.8279,DH,S,1,0,the,42,11.7679,11.8279,-,sky
TUTUTANGO_mono,TUTUTANGO_mono_0041,AY,133,0.11999999999999922,11.9779,12.0979,K,L,0,1,sky,43,11.8279,12.0979,the,looked
TUTUTANGO_mono,TUTUTANGO_mono_0042,UH,135,0.0600000000000005,12.1779,12.2379,L,K,0,1,looked,44,12.0979,12.3679,sky,weird
TUTUTANGO_mono,TUTUTANGO_mono_0043,IH,139,0.10999999999999943,12.4079,12.5179,W,R,0,1,weird,45,12.3679,12.6679,looked,-
TUTUTANGO_mono,TUTUTANGO_mono_0044,AY,144,0.0600000000000005,13.0903,13.1503,L,K,0,1,like,47,13.0603,13.2103,-,that
TUTUTANGO_mono,TUTUTANGO_mono_0045,AE,147,0.07000000000000028,13.2503,13.3203,DH,T,0,1,that,48,13.2103,13.4003,like,shade
TUTUTANGO_mono,TUTUTANGO_mono_0046,EY,150,0.14000000000000057,13.5003,13.6403,SH,D,0,1,shade,49,13.4003,13.7703,that,-
TUTUTANGO_mono,TUTUTANGO_mono_0047,AH,153,0.08999999999999986,13.8103,13.9003,-,V,0,1,of,51,13.8103,13.9603,-,blue
TUTUTANGO_mono,TUTUTANGO_mono_0048,UW,157,0.0600000000000005,14.0603,14.1203,L,G,0,1,blue,52,13.9603,14.1203,of,gray
TUTUTANGO_mono,TUTUTANGO_mono_0049,EY,160,0.20999999999999908,14.2903,14.5003,R,-,0,1,gray,53,14.1203,14.5003,blue,-
TUTUTANGO_mono,TUTUTANGO_mono_0050,AE,163,0.07000000000000028,14.6562,14.7262,DH,T,0,1,that,55,14.6262,14.7662,-,makes
TUTUTANGO_mono,TUTUTANGO_mono_0051,EY,166,0.049999999999998934,14.8162,14.8662,M,K,0,1,makes,56,14.7662,14.9962,that,you
TUTUTANGO_mono,TUTUTANGO_mono_0052,UW,170,0.030000000000001137,15.0262,15.0562,Y,K,0,1,you,57,14.9962,15.0562,makes,question
TUTUTANGO_mono,TUTUTANGO_mono_0053,EH,173,0.030000000000001137,15.1962,15.2262,W,SH,0,1,question,58,15.0562,15.4862,you,if
TUTUTANGO_mono,TUTUTANGO_mono_0054,AH,175,0.10000000000000142,15.3562,15.4562,SH,N,0,0,question,58,15.0562,15.4862,you,if
TUTUTANGO_mono,TUTUTANGO_mono_0055,IH,177,0.16999999999999993,15.4862,15.6562,N,F,0,0,if,59,15.4862,15.7462,question,it's
TUTUTANGO_mono,--,IH,179,0.02999999999999936,15.7462,15.7762,F,T,1,0,it's,60,15.7462,15.8462,if,about
TUTUTANGO_mono,TUTUTANGO_mono_0056,AH,182,0.030000000000001137,15.8462,15.8762,S,B,0,0,about,61,15.8462,16.086201,it's,to
TUTUTANGO_mono,TUTUTANGO_mono_0057,AW,184,0.09999899999999862,15.9262,16.026199,B,T,0,1,about,61,15.8462,16.086201,it's,to
TUTUTANGO_mono,TUTUTANGO_mono_0058,AH,187,0.040001000000000175,16.1362,16.176201,T,R,0,0,to,62,16.086201,16.176201,about,rain
TUTUTANGO_mono,TUTUTANGO_mono_0059,EY,189,0.08000200000000035,16.266199,16.346201,R,N,0,1,rain,63,16.176201,16.3962,to,or
TUTUTANGO_mono,TUTUTANGO_mono_0060,AO,191,0.030000999999998612,16.3962,16.426201,N,R,0,1,or,64,16.3962,16.4762,rain,not
TUTUTANGO_mono,TUTUTANGO_mono_0061,AA,194,0.05000100000000174,16.5462,16.596201,N,T,0,1,not,65,16.4762,16.7162,or,-
TUTUTANGO_mono,TUTUTANGO_mono_0062,AY,197,0.05999999999999872,17.4249,17.4849,-,S,0,1,i,67,17.4249,17.4849,-,stopped
TUTUTANGO_mono,TUTUTANGO_mono_0063,AA,200,0.07000000000000028,17.624901,17.694901,T,P,0,1,stopped,68,17.4849,17.7649,i,by
TUTUTANGO_mono,TUTUTANGO_mono_0064,AY,204,0.04999899999999968,17.794901,17.8449,B,DH,0,1,by,69,17.7649,17.8449,stopped,the
TUTUTANGO_mono,TUTUTANGO_mono_0065,AH,206,0.050002000000002766,17.894899,17.944901,DH,K,0,0,the,70,17.8449,17.944901,by,corner
TUTUTANGO_mono,TUTUTANGO_mono_0066,AO,208,0.030001000000002165,18.054899,18.0849,K,R,0,1,corner,71,17.944901,18.224899,the,store
TUTUTANGO_mono,TUTUTANGO_mono_0067,ER,211,0.059999000000001246,18.1649,18.224899,N,S,0,0,corner,71,17.944901,18.224899,the,store
TUTUTANGO_mono,TUTUTANGO_mono_0068,AO,214,0.0799999999999983,18.384899,18.464899,T,R,0,1,store,72,18.224899,18.704901,corner,-
TUTUTANGO_mono,--,AH,218,0.02999900000000011,18.823601,18.8536,T,G,1,0,to,74,18.763599,18.8536,-,grab
TUTUTANGO_mono,TUTUTANGO_mono_0069,AE,221,0.1000009999999989,18.9636,19.063601,R,B,0,1,grab,75,18.8536,19.1036,to,a
TUTUTANGO_mono,TUTUTANGO_mono_0070,AH,223,0.03999999999999915,19.1036,19.1436,B,T,0,0,a,76,19.1036,19.1436,grab,toasted
TUTUTANGO_mono,TUTUTANGO_mono_0071,OW,225,0.059999000000001246,19.2736,19.333599,T,S,0,1,toasted,77,19.1436,19.5336,a,bagel
TUTUTANGO_mono,TUTUTANGO_mono_0072,IH,228,0.040001000000000175,19.423599,19.4636,T,D,0,0,toasted,77,19.1436,19.5336,a,bagel
TUTUTANGO_mono,TUTUTANGO_mono_0073,EY,231,0.09999799999999937,19.573601,19.673599,B,G,0,1,bagel,78,19.5336,19.9636,toasted,-
TUTUTANGO_mono,TUTUTANGO_mono_0074,AH,233,0.040001000000000175,19.753599,19.7936,G,L,0,0,bagel,78,19.5336,19.9636,toasted,-
TUTUTANGO_mono,--,AE,236,0.029998999999996556,19.993601,20.0236,-,N,1,1,and,80,19.993601,20.083601,-,a
TUTUTANGO_mono,TUTUTANGO_mono_0075,AH,239,0.03999899999999812,20.083601,20.1236,D,AO1,0,0,a,81,20.083601,20.1236,and,orange
TUTUTANGO_mono,TUTUTANGO_mono_0076,AO,240,0.14999999999999858,20.1236,20.2736,AH0,R,0,1,orange,82,20.1236,20.433599,a,juice
TUTUTANGO_mono,TUTUTANGO_mono_0077,AH,242,0.059999000000001246,20.313601,20.3736,R,N,0,0,orange,82,20.1236,20.433599,a,juice
TUTUTANGO_mono,TUTUTANGO_mono_0078,UW,246,0.12000100000000202,20.4636,20.583601,JH,S,0,1,juice,83,20.433599,20.753599,orange,-
TUTUTANGO_mono,TUTUTANGO_mono_0079,AH,250,0.030001000000002165,21.123699,21.1537,B,T,0,1,but,85,21.113701,21.183701,-,they
TUTUTANGO_mono,TUTUTANGO_mono_0080,EY,253,0.05000100000000174,21.213699,21.2637,DH,W,0,1,they,86,21.183701,21.2637,but,were
TUTUTANGO_mono,TUTUTANGO_mono_0081,ER,255,0.06999899999999926,21.353701,21.4237,W,AW1,0,0,were,87,21.2637,21.4237,they,out
TUTUTANGO_mono,TUTUTANGO_mono_0082,AW,256,0.1000009999999989,21.4237,21.523701,ER0,T,0,1,out,88,21.4237,21.5637,were,of
TUTUTANGO_mono,TUTUTANGO_mono_0083,AH,258,0.040001000000000175,21.5637,21.603701,T,V,0,0,of,89,21.5637,21.693701,out,both
TUTUTANGO_mono,TUTUTANGO_mono_0084,OW,261,0.13000100000000003,21.7337,21.863701,B,TH,0,1,both,90,21.693701,21.933701,of,-
TUTUTANGO_mono,TUTUTANGO_mono_0085,AH,265,0.040001000000000175,22.305599,22.3456,DH,K,0,0,the,92,22.2756,22.3456,-,cashier
TUTUTANGO_mono,TUTUTANGO_mono_0086,AE,267,0.059999000000001246,22.445601,22.5056,K,SH,0,0,cashier,93,22.3456,22.715599,the,joked
TUTUTANGO_mono,TUTUTANGO_mono_0087,IH,269,0.03999900000000167,22.625601,22.6656,SH,R,0,1,cashier,93,22.3456,22.715599,the,joked
TUTUTANGO_mono,TUTUTANGO_mono_0088,OW,272,0.12000099999999847,22.805599,22.9256,JH,K,0,1,joked,94,22.715599,23.0156,cashier,-
TUTUTANGO_mono,TUTUTANGO_mono_0089,IH,276,0.030001000000002165,23.538099,23.5681,-,T,0,0,it's,96,23.538099,23.698099,-,monday
TUTUTANGO_mono,TUTUTANGO_mono_0090,AH,280,0.03999900000000167,23.7381,23.778099,M,N,0,1,monday,97,23.698099,23.9781,it's,energy
TUTUTANGO_mono,TUTUTANGO_mono_0091,EY,283,0.11000100000000046,23.868099,23.9781,D,EH1,0,2,monday,97,23.698099,23.9781,it's,energy
TUTUTANGO_mono,TUTUTANGO_mono_0092,EH,284,0.04999899999999968,23.9781,24.028099,EY2,N,0,1,energy,98,23.9781,24.4081,monday,-
TUTUTANGO_mono,TUTUTANGO_mono_0093,ER,286,0.08999999999999986,24.0781,24.1681,N,JH,0,0,energy,98,23.9781,24.4081,monday,-
TUTUTANGO_mono,TUTUTANGO_mono_0094,IY,288,0.1700000000000017,24.2381,24.4081,JH,-,0,0,energy,98,23.9781,24.4081,monday,-
TUTUTANGO_mono,--,AH,290,0.02999900000000011,24.981701,25.0117,-,N,1,0,and,100,24.981701,25.081699,-,i
TUTUTANGO_mono,TUTUTANGO_mono_0095,AY,293,0.040001000000000175,25.081699,25.1217,D,HH,0,1,i,101,25.081699,25.1217,and,half
TUTUTANGO_mono,TUTUTANGO_mono_0096,AE,295,0.08999999999999986,25.2617,25.3517,HH,F,0,1,half,102,25.1217,25.4517,i,laughed
TUTUTANGO_mono,TUTUTANGO_mono_0097,AE,298,0.13000100000000003,25.491699,25.6217,L,F,0,1,laughed,103,25.4517,25.741699,half,-
TUTUTANGO_mono,TUTUTANGO_mono_0098,IH,303,0.059999000000001246,25.9606,26.020599,B,K,0,0,because,105,25.930599,26.2806,-,-
TUTUTANGO_mono,TUTUTANGO_mono_0099,AH,305,0.09999799999999937,26.080601,26.180599,K,Z,0,1,because,105,25.930599,26.2806,-,-
TUTUTANGO_mono,TUTUTANGO_mono_0100,AE,309,0.19999900000000181,26.4897,26.689699,Y,-,0,1,yeah,107,26.3997,26.689699,-,-
TUTUTANGO_mono,TUTUTANGO_mono_0101,UW,313,0.16000000000000014,27.090099,27.250099,R,-,0,1,true,109,26.930099,27.250099,-,-
TUTUTANGO_mono,TUTUTANGO_mono_0102,AY,315,0.07000000000000028,27.555099,27.625099,-,T,0,1,i,111,27.555099,27.625099,-,took
TUTUTANGO_mono,TUTUTANGO_mono_0103,UH,317,0.06000099999999975,27.705099,27.7651,T,K,0,1,took,112,27.625099,27.805099,i,a
TUTUTANGO_mono,TUTUTANGO_mono_0104,AH,319,0.08000000000000185,27.805099,27.885099,K,S,0,0,a,113,27.805099,27.885099,took,seat
TUTUTANGO_mono,TUTUTANGO_mono_0105,IY,321,0.11999899999999997,28.035101,28.1551,S,T,0,1,seat,114,27.885099,28.185101,a,-
TUTUTANGO_mono,TUTUTANGO_mono_0106,IH,325,0.030000999999998612,28.5618,28.591801,N,R,0,1,near,116,28.531799,28.6418,-,the
TUTUTANGO_mono,TUTUTANGO_mono_0107,AH,328,0.049999000000003235,28.671801,28.7218,DH,W,0,0,the,117,28.6418,28.7218,near,window
TUTUTANGO_mono,TUTUTANGO_mono_0108,IH,330,0.040001000000000175,28.8018,28.841801,W,N,0,1,window,118,28.7218,29.1318,the,-
TUTUTANGO_mono,TUTUTANGO_mono_0109,OW,333,0.19000099999999875,28.941799,29.1318,D,-,0,0,window,118,28.7218,29.1318,the,-
TUTUTANGO_mono,TUTUTANGO_mono_0110,OW,338,0.05000100000000174,29.613899,29.6639,R,L,0,1,scrolled,120,29.3939,29.7439,-,my
TUTUTANGO_mono,TUTUTANGO_mono_0111,AY,342,0.11000000000000298,29.8039,29.9139,M,F,0,1,my,121,29.7439,29.9139,scrolled,phone
TUTUTANGO_mono,TUTUTANGO_mono_0112,OW,344,0.08999999999999986,30.013901,30.103901,F,N,0,1,phone,122,29.9139,30.263901,my,-
TUTUTANGO_mono,--,AE,347,0.02999900000000011,30.5769,30.606899,-,N,1,1,and,124,30.5769,30.666901,-,overheard
TUTUTANGO_mono,TUTUTANGO_mono_0113,OW,350,0.08999999999999986,30.666901,30.756901,D,V,0,1,overheard,125,30.666901,31.086901,and,someone
TUTUTANGO_mono,TUTUTANGO_mono_0114,ER,352,0.05000000000000071,30.8269,30.8769,V,HH,0,0,overheard,125,30.666901,31.086901,and,someone
TUTUTANGO_mono,TUTUTANGO_mono_0115,ER,354,0.03999899999999812,30.9769,31.016899,HH,D,0,1,overheard,125,30.666901,31.086901,and,someone
TUTUTANGO_mono,TUTUTANGO_mono_0116,AH,357,0.04999899999999968,31.1469,31.196899,S,M,0,1,someone,126,31.086901,31.336901,overheard,say
TUTUTANGO_mono,TUTUTANGO_mono_0117,AH,360,0.030001000000002165,31.266899,31.2969,W,N,0,2,someone,126,31.086901,31.336901,overheard,say
TUTUTANGO_mono,TUTUTANGO_mono_0118,EY,363,0.23000200000000248,31.446899,31.676901,S,-,0,1,say,127,31.336901,31.676901,someone,-
TUTUTANGO_mono,--,AH,366,0.02999900000000366,32.121601,32.1516,DH,JH,1,0,the,129,32.091599,32.1516,-,giraffe
TUTUTANGO_mono,TUTUTANGO_mono_0119,ER,368,0.11999899999999997,32.2616,32.381599,JH,AE1,0,0,giraffe,130,32.1516,32.591599,the,exhibition
TUTUTANGO_mono,TUTUTANGO_mono_0120,AE,369,0.17000199999999666,32.381599,32.551601,ER0,F,0,1,giraffe,130,32.1516,32.591599,the,exhibition
TUTUTANGO_mono,TUTUTANGO_mono_0121,EH,371,0.08000099999999577,32.591599,32.6716,F,K,0,2,exhibition,131,32.591599,33.1716,giraffe,-
TUTUTANGO_mono,TUTUTANGO_mono_0122,AH,374,0.04000099999999662,32.781601,32.821602,S,B,0,0,exhibition,131,32.591599,33.1716,giraffe,-
TUTUTANGO_mono,TUTUTANGO_mono_0123,IH,376,0.04000099999999662,32.9016,32.941601,B,SH,0,1,exhibition,131,32.591599,33.1716,giraffe,-
TUTUTANGO_mono,TUTUTANGO_mono_0124,AH,378,0.0399980000000042,33.051601,33.091599,SH,N,0,0,exhibition,131,32.591599,33.1716,giraffe,-
TUTUTANGO_mono,TUTUTANGO_mono_0125,OW,381,0.08000200000000035,33.201599,33.281601,-,P,0,1,opens,133,33.201599,33.4916,-,at
TUTUTANGO_mono,TUTUTANGO_mono_0126,AH,383,0.030003000000000668,33.361599,33.391602,P,N,0,0,opens,133,33.201599,33.4916,-,at
TUTUTANGO_mono,TUTUTANGO_mono_0127,AE,386,0.08000200000000035,33.4916,33.571602,Z,T,0,1,at,134,33.4916,33.6716,opens,noon
TUTUTANGO_mono,TUTUTANGO_mono_0128,UW,389,0.10000199999999637,33.701599,33.801601,N,N,0,1,noon,135,33.6716,33.951599,at,-
TUTUTANGO_mono,--,IH,393,0.02999900000000366,34.4813,34.511299,W,CH,1,1,which,137,34.451302,34.5513,-,felt
TUTUTANGO_mono,TUTUTANGO_mono_0129,EH,396,0.04000100000000373,34.6213,34.661301,F,L,0,1,felt,138,34.5513,34.811298,which,-
TUTUTANGO_mono,TUTUTANGO_mono_0130,AA,400,0.17999999999999972,34.841301,35.021301,-,D,0,1,oddly,140,34.841301,35.161301,-,profound
TUTUTANGO_mono,TUTUTANGO_mono_0131,IY,403,0.04000100000000373,35.1213,35.161301,L,P,0,0,oddly,140,34.841301,35.161301,-,profound
TUTUTANGO_mono,--,OW,406,0.02999799999999908,35.2813,35.311298,R,F,1,0,profound,141,35.161301,35.5513,oddly,at
TUTUTANGO_mono,TUTUTANGO_mono_0132,AW,408,0.1099969999999999,35.381302,35.491299,F,N,0,1,profound,141,35.161301,35.5513,oddly,at
TUTUTANGO_mono,TUTUTANGO_mono_0133,AE,411,0.04999899999999968,35.5513,35.601299,D,T,0,1,at,142,35.5513,35.651299,profound,the
TUTUTANGO_mono,TUTUTANGO_mono_0134,AH,414,0.039996999999999616,35.681301,35.721298,DH,T,0,0,the,143,35.651299,35.721298,at,time
TUTUTANGO_mono,TUTUTANGO_mono_0135,AY,416,0.12999699999999592,35.841301,35.971298,T,M,0,1,time,144,35.721298,36.041302,the,-
TUTUTANGO_mono,TUTUTANGO_mono_0136,AE,419,0.06000200000000433,36.7966,36.856602,-,F,0,1,after,146,36.7966,37.036598,-,a
TUTUTANGO_mono,TUTUTANGO_mono_0137,ER,422,0.07999799999999624,36.9566,37.036598,T,AH0,0,0,after,146,36.7966,37.036598,-,a
TUTUTANGO_mono,TUTUTANGO_mono_0138,AH,423,0.050003000000003794,37.036598,37.086601,ER0,F,0,0,a,147,37.036598,37.086601,after,few
TUTUTANGO_mono,TUTUTANGO_mono_0139,UW,426,0.039996999999999616,37.246601,37.286598,Y,B,0,1,few,148,37.086601,37.286598,a,bites
TUTUTANGO_mono,TUTUTANGO_mono_0140,AY,428,0.15000200000000063,37.376598,37.5266,B,T,0,1,bites,149,37.286598,37.666599,few,of
TUTUTANGO_mono,TUTUTANGO_mono_0141,AH,431,0.17000200000000376,37.666599,37.836601,S,V,0,1,of,150,37.666599,37.896599,bites,something
TUTUTANGO_mono,TUTUTANGO_mono_0142,AH,434,0.030003000000000668,37.946598,37.976601,S,M,0,1,something,151,37.896599,38.286598,of,vaguely
TUTUTANGO_mono,TUTUTANGO_mono_0143,IH,437,0.07999800000000334,38.1166,38.196598,TH,NG,0,0,something,151,37.896599,38.286598,of,vaguely
TUTUTANGO_mono,TUTUTANGO_mono_0144,EY,440,0.10000199999999637,38.326599,38.426601,V,G,0,1,vaguely,152,38.286598,38.676601,something,egg
TUTUTANGO_mono,TUTUTANGO_mono_0145,IY,443,0.10999999999999943,38.566601,38.676601,L,EH1,0,0,vaguely,152,38.286598,38.676601,something,egg
TUTUTANGO_mono,TUTUTANGO_mono_0146,EH,444,0.09999900000000395,38.676601,38.7766,IY0,G,0,1,egg,153,38.676601,38.8466,vaguely,shaped
TUTUTANGO_mono,TUTUTANGO_mono_0147,EY,447,0.1099969999999999,38.946602,39.056599,SH,P,0,1,shaped,154,38.8466,39.1866,egg,-
TUTUTANGO_mono,TUTUTANGO_mono_0148,AY,451,0.04999899999999968,39.736099,39.786098,-,W,0,1,i,156,39.736099,39.786098,-,wandered
TUTUTANGO_mono,TUTUTANGO_mono_0149,AA,453,0.06999900000000281,39.9161,39.986099,W,N,0,1,wandered,157,39.786098,40.156101,i,to
TUTUTANGO_mono,TUTUTANGO_mono_0150,ER,456,0.05999700000000274,40.046101,40.106098,D,D,0,0,wandered,157,39.786098,40.156101,i,to
TUTUTANGO_mono,--,AH,459,0.02999900000000366,40.2061,40.236099,T,DH,1,0,to,158,40.156101,40.236099,wandered,the
TUTUTANGO_mono,TUTUTANGO_mono_0151,AH,461,0.04000100000000373,40.2761,40.316101,DH,P,0,0,the,159,40.236099,40.316101,to,park
TUTUTANGO_mono,--,AA,463,0.02999799999999908,40.4161,40.446098,P,R,1,1,park,160,40.316101,40.6661,the,-
TUTUTANGO_mono,TUTUTANGO_mono_0152,AH,467,0.03999700000000672,41.113201,41.153198,-,K,0,0,a,162,41.113201,41.153198,-,kid
TUTUTANGO_mono,TUTUTANGO_mono_0153,IH,469,0.05000299999999669,41.263199,41.313202,K,D,0,1,kid,163,41.153198,41.403198,a,zoomed
TUTUTANGO_mono,TUTUTANGO_mono_0154,UW,472,0.09000000000000341,41.503201,41.593201,Z,M,0,1,zoomed,164,41.403198,41.703201,kid,by
TUTUTANGO_mono,TUTUTANGO_mono_0155,AY,476,0.15000200000000063,41.743198,41.8932,B,AA1,0,1,by,165,41.703201,41.8932,zoomed,on
TUTUTANGO_mono,TUTUTANGO_mono_0156,AA,477,0.06000099999999975,41.8932,41.953201,AY1,N,0,1,on,166,41.8932,42.023201,by,a
TUTUTANGO_mono,TUTUTANGO_mono_0157,AH,479,0.039996999999999616,42.023201,42.063198,N,S,0,0,a,167,42.023201,42.063198,on,scooter
TUTUTANGO_mono,TUTUTANGO_mono_0158,UW,482,0.09000100000000089,42.243198,42.333199,K,T,0,1,scooter,168,42.063198,42.583199,a,-
TUTUTANGO_mono,TUTUTANGO_mono_0159,ER,484,0.21000000000000085,42.373199,42.583199,T,-,0,0,scooter,168,42.063198,42.583199,a,-
TUTUTANGO_mono,TUTUTANGO_mono_0160,EH,487,0.04000099999999662,42.783199,42.8232,Y,L,0,1,yelling,170,42.743198,43.103199,-,-
TUTUTANGO_mono,TUTUTANGO_mono_0161,IH,489,0.08000200000000035,42.923199,43.003201,L,NG,0,0,yelling,170,42.743198,43.103199,-,-
TUTUTANGO_mono,TUTUTANGO_mono_0162,UW,493,0.1100009999999969,43.490299,43.6003,Z,M,0,1,zoom,172,43.380299,43.880299,-,zoom
TUTUTANGO_mono,TUTUTANGO_mono_0163,UW,496,0.14000400000000468,43.950298,44.090302,Z,M,0,1,zoom,173,43.880299,44.360298,zoom,-
TUTUTANGO_mono,TUTUTANGO_mono_0164,AY,500,0.04000099999999662,44.945,44.985001,L,K,0,1,like,175,44.915001,45.064999,-,it
TUTUTANGO_mono,TUTUTANGO_mono_0165,IH,502,0.030002000000003193,45.064999,45.095001,K,W,0,0,it,176,45.064999,45.095001,like,was
TUTUTANGO_mono,TUTUTANGO_mono_0166,AH,504,0.039996999999999616,45.205002,45.244999,W,Z,0,0,was,177,45.095001,45.294998,it,a
TUTUTANGO_mono,TUTUTANGO_mono_0167,AH,506,0.07000399999999729,45.294998,45.365002,Z,S,0,0,a,178,45.294998,45.365002,was,sound
TUTUTANGO_mono,TUTUTANGO_mono_0168,AW,508,0.0899999999999963,45.465,45.555,S,N,0,1,sound,179,45.365002,45.615002,a,effect
TUTUTANGO_mono,--,AH,511,0.029998000000006186,45.615002,45.645,D,F,1,0,effect,180,45.615002,45.985001,sound,-
TUTUTANGO_mono,TUTUTANGO_mono_0169,EH,513,0.09000000000000341,45.755001,45.845001,F,K,0,1,effect,180,45.615002,45.985001,sound,-
TUTUTANGO_mono,TUTUTANGO_mono_0170,AE,518,0.04000100000000373,46.211498,46.251499,DH,T,0,1,that,182,46.181499,46.351501,-,summoned
TUTUTANGO_mono,TUTUTANGO_mono_0171,AH,521,0.04000100000000373,46.411499,46.4515,S,M,0,1,summoned,183,46.351501,46.6315,that,speed
TUTUTANGO_mono,--,AH,523,0.029998999999996556,46.511501,46.5415,M,N,1,0,summoned,183,46.351501,46.6315,that,speed
TUTUTANGO_mono,TUTUTANGO_mono_0172,IY,528,0.05999800000000022,46.761501,46.821499,P,D,0,1,speed,184,46.6315,47.011501,summoned,-
TUTUTANGO_mono,TUTUTANGO_mono_0173,AY,531,0.05999800000000022,47.789501,47.849499,-,S,0,1,i,186,47.789501,47.849499,-,sat
TUTUTANGO_mono,TUTUTANGO_mono_0174,AE,533,0.11999899999999997,47.959499,48.079498,S,T,0,1,sat,187,47.849499,48.109501,i,under
TUTUTANGO_mono,TUTUTANGO_mono_0175,AH,535,0.04999899999999968,48.109501,48.1595,T,N,0,1,under,188,48.109501,48.369499,sat,a
TUTUTANGO_mono,TUTUTANGO_mono_0176,ER,538,0.11999899999999997,48.2495,48.369499,D,AH0,0,0,under,188,48.109501,48.369499,sat,a
TUTUTANGO_mono,TUTUTANGO_mono_0177,AH,539,0.07000000000000028,48.369499,48.439499,ER0,T,0,0,a,189,48.369499,48.439499,under,tree
TUTUTANGO_mono,TUTUTANGO_mono_0178,IY,542,0.16999900000000423,48.629501,48.7995,R,-,0,1,tree,190,48.439499,48.7995,a,-
TUTUTANGO_mono,TUTUTANGO_mono_0179,IH,545,0.05000000000000426,49.2187,49.2687,L,S,0,1,listened,192,49.178699,49.458698,-,to
TUTUTANGO_mono,TUTUTANGO_mono_0180,AH,547,0.04000100000000373,49.3587,49.398701,S,N,0,0,listened,192,49.178699,49.458698,-,to
TUTUTANGO_mono,TUTUTANGO_mono_0181,AH,551,0.04999899999999968,49.498699,49.548698,T,DH,0,0,to,193,49.458698,49.548698,listened,the
TUTUTANGO_mono,TUTUTANGO_mono_0182,AH,553,0.04000100000000373,49.588699,49.6287,DH,B,0,0,the,194,49.548698,49.6287,to,breeze
TUTUTANGO_mono,TUTUTANGO_mono_0183,IY,556,0.1399990000000031,49.808701,49.9487,R,Z,0,1,breeze,195,49.6287,50.098701,the,-
TUTUTANGO_mono,TUTUTANGO_mono_0184,AH,559,0.07000000000000028,50.326099,50.396099,-,N,0,0,and,197,50.326099,50.5061,-,watched
TUTUTANGO_mono,TUTUTANGO_mono_0185,AA,563,0.09000100000000089,50.536098,50.626099,W,CH,0,1,watched,198,50.5061,50.7561,and,a
TUTUTANGO_mono,TUTUTANGO_mono_0186,AH,566,0.04000099999999662,50.7561,50.796101,T,Y,0,0,a,199,50.7561,50.796101,watched,yellow
TUTUTANGO_mono,TUTUTANGO_mono_0187,EH,568,0.04999999999999716,50.8661,50.9161,Y,L,0,1,yellow,200,50.796101,51.056099,a,balloon
TUTUTANGO_mono,TUTUTANGO_mono_0188,OW,570,0.05999800000000022,50.996101,51.056099,L,B,0,0,yellow,200,50.796101,51.056099,a,balloon
TUTUTANGO_mono,--,AH,572,0.00999800000000306,51.136101,51.146099,B,L,1,0,balloon,201,51.056099,51.516102,yellow,-
TUTUTANGO_mono,TUTUTANGO_mono_0189,UW,574,0.13999999999999346,51.246101,51.386101,L,N,0,1,balloon,201,51.056099,51.516102,yellow,-
TUTUTANGO_mono,TUTUTANGO_mono_0190,EH,578,0.06999900000000281,51.586102,51.656101,G,T,0,1,get,203,51.546101,51.7061,-,tangled
TUTUTANGO_mono,TUTUTANGO_mono_0191,AE,581,0.04000099999999662,51.786098,51.826099,T,NG,0,1,tangled,204,51.7061,52.056099,get,in
TUTUTANGO_mono,--,AH,584,0.029998999999996556,51.9361,51.966099,G,L,1,0,tangled,204,51.7061,52.056099,get,in
TUTUTANGO_mono,TUTUTANGO_mono_0192,IH,587,0.030002999999993563,52.056099,52.086102,D,N,0,0,in,205,52.056099,52.1161,tangled,a
TUTUTANGO_mono,TUTUTANGO_mono_0193,AH,589,0.04999999999999716,52.1161,52.1661,N,P,0,0,a,206,52.1161,52.1661,in,power
TUTUTANGO_mono,TUTUTANGO_mono_0194,AW,591,0.1599999999999966,52.286098,52.446098,P,ER0,0,1,power,207,52.1661,52.476101,a,line
TUTUTANGO_mono,TUTUTANGO_mono_0195,ER,592,0.030003000000000668,52.446098,52.476101,AW1,L,0,0,power,207,52.1661,52.476101,a,line
TUTUTANGO_mono,TUTUTANGO_mono_0196,AY,594,0.07000000000000028,52.516102,52.586102,L,N,0,1,line,208,52.476101,52.736099,power,-
TUTUTANGO_mono,TUTUTANGO_mono_0197,IH,598,0.050003000000003794,53.234798,53.284801,W,R,0,1,weird,210,53.164799,53.414799,-,morning
TUTUTANGO_mono,TUTUTANGO_mono_0198,AO,602,0.06999900000000281,53.464802,53.534801,M,R,0,1,morning,211,53.414799,53.8148,weird,-
TUTUTANGO_mono,TUTUTANGO_mono_0199,IH,605,0.04000100000000373,53.6348,53.674801,N,NG,0,0,morning,211,53.414799,53.8148,weird,-
TUTUTANGO_mono,--,AH,609,0.02999799999999908,54.0103,54.040298,B,AA1,1,1,but,213,53.980301,54.040298,-,honestly
TUTUTANGO_mono,TUTUTANGO_mono_0200,AA,610,0.1800009999999972,54.040298,54.220299,AH1,N,0,1,honestly,214,54.040298,54.590302,but,-
TUTUTANGO_mono,TUTUTANGO_mono_0201,AH,612,0.05999800000000022,54.250301,54.310299,N,S,0,0,honestly,214,54.040298,54.590302,but,-
TUTUTANGO_mono,TUTUTANGO_mono_0202,IY,615,0.11000100000000401,54.480301,54.590302,L,-,0,0,honestly,214,54.040298,54.590302,but,-
TUTUTANGO_mono,TUTUTANGO_mono_0203,AA,618,0.05999700000000274,55.081902,55.141899,N,T,0,1,not,216,55.051899,55.1819,-,the
TUTUTANGO_mono,TUTUTANGO_mono_0204,AH,621,0.04000099999999662,55.211899,55.2519,DH,W,0,0,the,217,55.1819,55.2519,not,worst
TUTUTANGO_mono,TUTUTANGO_mono_0205,ER,623,0.11000100000000401,55.351898,55.461899,W,S,0,1,worst,218,55.2519,55.671902,the,-
TYSJ69FW5_mono,TYSJ69FW5_mono_0001,OW,3,0.06000000000000005,1.3545,1.4145,S,DH,0,1,so,2,1.2545,1.4145,-,this
TYSJ69FW5_mono,TYSJ69FW5_mono_0002,IH,5,0.06000000000000005,1.4845,1.5445,DH,S,0,1,this,3,1.4145,1.6745,so,morning
TYSJ69FW5_mono,TYSJ69FW5_mono_0003,AO,8,0.050000000000000044,1.7245,1.7745,M,R,0,1,morning,4,1.6745,2.0145,this,-
TYSJ69FW5_mono,TYSJ69FW5_mono_0004,IH,11,0.08999999999999986,1.8745,1.9645,N,NG,0,0,morning,4,1.6745,2.0145,this,-
TYSJ69FW5_mono,TYSJ69FW5_mono_0005,AY,14,0.03000000000000025,2.1064,2.1364,-,W,0,1,i,6,2.1064,2.1364,-,woke
TYSJ69FW5_mono,TYSJ69FW5_mono_0006,OW,16,0.07000000000000028,2.2264,2.2964,W,K,0,1,woke,7,2.1364,2.3964,i,up
TYSJ69FW5_mono,TYSJ69FW5_mono_0007,AH,18,0.040000000000000036,2.3964,2.4364,K,P,0,1,up,8,2.3964,2.5064,woke,late
TYSJ69FW5_mono,TYSJ69FW5_mono_0008,EY,21,0.07000000000000028,2.6064,2.6764,L,T,0,1,late,9,2.5064,2.7364,up,-
TYSJ69FW5_mono,TYSJ69FW5_mono_0009,AE,24,0.03000000000000025,2.7664,2.7964,-,N,0,1,and,11,2.7664,2.8764,-,immediately
TYSJ69FW5_mono,TYSJ69FW5_mono_0010,IH,27,0.040000000000000036,2.8764,2.9164,D,M,0,0,immediately,12,2.8764,3.2464,and,stubbed
TYSJ69FW5_mono,TYSJ69FW5_mono_0011,IY,29,0.03000000000000025,2.9964,3.0264,M,D,0,1,immediately,12,2.8764,3.2464,and,stubbed
TYSJ69FW5_mono,--,IY,31,0.029999999999999805,3.0564,3.0864,D,AH0,1,0,immediately,12,2.8764,3.2464,and,stubbed
TYSJ69FW5_mono,TYSJ69FW5_mono_0012,AH,32,0.040000000000000036,3.0864,3.1264,IY0,T,0,0,immediately,12,2.8764,3.2464,and,stubbed
TYSJ69FW5_mono,TYSJ69FW5_mono_0013,IY,35,0.040000000000000036,3.2064,3.2464,L,S,0,0,immediately,12,2.8764,3.2464,and,stubbed
TYSJ69FW5_mono,TYSJ69FW5_mono_0014,AH,38,0.050000000000000266,3.4364,3.4864,T,B,0,1,stubbed,13,3.2464,3.5564,immediately,my
TYSJ69FW5_mono,TYSJ69FW5_mono_0015,AY,42,0.06000000000000005,3.5964,3.6564,M,T,0,1,my,14,3.5564,3.6564,stubbed,toe
TYSJ69FW5_mono,TYSJ69FW5_mono_0016,OW,44,0.16999999999999993,3.8464,4.0164,T,-,0,1,toe,15,3.6564,4.0164,my,-
TYSJ69FW5_mono,TYSJ69FW5_mono_0017,AA,46,0.04999999999999982,4.0464,4.0964,-,N,0,1,on,17,4.0464,4.2164,-,dresser
TYSJ69FW5_mono,TYSJ69FW5_mono_0018,EH,50,0.04999999999999982,4.3764,4.4264,R,S,0,1,dresser,18,4.2164,4.6264,on,-
TYSJ69FW5_mono,TYSJ69FW5_mono_0019,ER,52,0.05000000000000071,4.5764,4.6264,S,-,0,0,dresser,18,4.2164,4.6264,on,-
TYSJ69FW5_mono,TYSJ69FW5_mono_0020,EY,56,0.0699999999999994,5.1317,5.2017,R,T,0,1,great,20,5.0517,5.2717,-,start
TYSJ69FW5_mono,TYSJ69FW5_mono_0021,AA,60,0.040000000000000036,5.4017,5.4417,T,R,0,1,start,21,5.2717,5.5417,great,-
TYSJ69FW5_mono,TYSJ69FW5_mono_0022,AY,65,0.09999999999999964,5.6417,5.7417,R,T,0,1,right,23,5.5717,5.7747,-,-
TYSJ69FW5_mono,TYSJ69FW5_mono_0023,AY,68,0.040000000000000036,6.4467,6.4867,-,G,0,1,i,25,6.4467,6.4867,-,grumbled
TYSJ69FW5_mono,TYSJ69FW5_mono_0024,AH,71,0.03000000000000025,6.6067,6.6367,R,M,0,1,grumbled,26,6.4867,6.7867,i,something
TYSJ69FW5_mono,--,AH,74,0.009999999999999787,6.6967,6.7067,B,L,1,0,grumbled,26,6.4867,6.7867,i,something
TYSJ69FW5_mono,TYSJ69FW5_mono_0025,AH,78,0.040000000000000036,6.8667,6.9067,S,M,0,1,something,27,6.7867,7.1067,grumbled,half
TYSJ69FW5_mono,TYSJ69FW5_mono_0026,IH,81,0.040000000000000036,7.0367,7.0767,TH,NG,0,0,something,27,6.7867,7.1067,grumbled,half
TYSJ69FW5_mono,TYSJ69FW5_mono_0027,AE,84,0.040000000000000036,7.2067,7.2467,HH,F,0,1,half,28,7.1067,7.3267,something,conscious
TYSJ69FW5_mono,TYSJ69FW5_mono_0028,AA,87,0.07000000000000028,7.4467,7.5167,K,N,0,1,conscious,29,7.3267,7.7867,half,-
TYSJ69FW5_mono,TYSJ69FW5_mono_0029,AH,90,0.05999999999999961,7.6367,7.6967,SH,S,0,0,conscious,29,7.3267,7.7867,half,-
TYSJ69FW5_mono,TYSJ69FW5_mono_0030,AE,95,0.08999999999999986,8.0412,8.1312,R,B,0,1,grabbed,31,7.8712,8.2012,-,whatever
TYSJ69FW5_mono,TYSJ69FW5_mono_0031,AH,99,0.030000000000001137,8.2312,8.2612,W,T,0,2,whatever,32,8.2012,8.4512,grabbed,shirt
TYSJ69FW5_mono,TYSJ69FW5_mono_0032,EH,101,0.040000000000000924,8.3012,8.3412,T,V,0,1,whatever,32,8.2012,8.4512,grabbed,shirt
TYSJ69FW5_mono,TYSJ69FW5_mono_0033,ER,103,0.0600000000000005,8.3912,8.4512,V,SH,0,0,whatever,32,8.2012,8.4512,grabbed,shirt
TYSJ69FW5_mono,TYSJ69FW5_mono_0034,ER,105,0.03999999999999915,8.6112,8.6512,SH,T,0,1,shirt,33,8.4512,8.6812,whatever,was
TYSJ69FW5_mono,--,AH,108,0.02999999999999936,8.7112,8.7412,W,Z,1,0,was,34,8.6812,8.8212,shirt,clean
TYSJ69FW5_mono,TYSJ69FW5_mono_0035,IY,112,0.05000000000000071,8.9812,9.0312,L,N,0,1,clean,35,8.8212,9.0812,was,ish
TYSJ69FW5_mono,TYSJ69FW5_mono_0036,IH,114,0.0799999999999983,9.0812,9.1612,N,SH,0,1,ish,36,9.0812,9.284,clean,-
TYSJ69FW5_mono,--,AH,117,0.02999999999999936,9.355,9.385,-,N,1,0,and,38,9.355,9.465,-,headed
TYSJ69FW5_mono,TYSJ69FW5_mono_0037,EH,121,0.030000000000001137,9.565,9.595,HH,D,0,1,headed,39,9.465,9.775,and,out
TYSJ69FW5_mono,TYSJ69FW5_mono_0038,IH,123,0.08999999999999986,9.635,9.725,D,D,0,0,headed,39,9.465,9.775,and,out
TYSJ69FW5_mono,TYSJ69FW5_mono_0039,AW,125,0.03999999999999915,9.775,9.815,D,T,0,1,out,40,9.775,9.865,headed,-
TYSJ69FW5_mono,TYSJ69FW5_mono_0040,AH,129,0.040000000000000924,10.51,10.55,DH,S,0,0,the,42,10.47,10.55,-,sky
TYSJ69FW5_mono,TYSJ69FW5_mono_0041,AY,132,0.10999999999999943,10.71,10.82,K,L,0,1,sky,43,10.55,10.82,the,looked
TYSJ69FW5_mono,TYSJ69FW5_mono_0042,UH,134,0.05000000000000071,10.87,10.92,L,K,0,1,looked,44,10.82,11.11,sky,weird
TYSJ69FW5_mono,TYSJ69FW5_mono_0043,IH,138,0.07000000000000028,11.14,11.21,W,R,0,1,weird,45,11.11,11.37,looked,-
TYSJ69FW5_mono,TYSJ69FW5_mono_0044,AY,143,0.049999999999998934,11.4907,11.5407,L,K,0,1,like,47,11.4507,11.5707,-,that
TYSJ69FW5_mono,TYSJ69FW5_mono_0045,AE,146,0.040000000000000924,11.6207,11.6607,DH,T,0,1,that,48,11.5707,11.7207,like,shade
TYSJ69FW5_mono,TYSJ69FW5_mono_0046,EY,149,0.08000000000000007,11.8507,11.9307,SH,D,0,1,shade,49,11.7207,11.9807,that,of
TYSJ69FW5_mono,TYSJ69FW5_mono_0047,AH,151,0.03999999999999915,11.9807,12.0207,D,V,0,0,of,50,11.9807,12.0907,shade,blue
TYSJ69FW5_mono,TYSJ69FW5_mono_0048,UW,155,0.120000000000001,12.2007,12.3207,L,G,0,1,blue,51,12.0907,12.3207,of,gray
TYSJ69FW5_mono,TYSJ69FW5_mono_0049,EY,158,0.09999999999999964,12.4707,12.5707,R,DH,0,1,gray,52,12.3207,12.5707,blue,that
TYSJ69FW5_mono,TYSJ69FW5_mono_0050,AE,160,0.049999999999998934,12.6507,12.7007,DH,T,0,1,that,53,12.5707,12.7607,gray,makes
TYSJ69FW5_mono,TYSJ69FW5_mono_0051,EY,163,0.07000000000000028,12.7907,12.8607,M,K,0,1,makes,54,12.7607,12.9907,that,you
TYSJ69FW5_mono,TYSJ69FW5_mono_0052,UW,167,0.030000000000001137,13.0207,13.0507,Y,K,0,1,you,55,12.9907,13.0507,makes,question
TYSJ69FW5_mono,TYSJ69FW5_mono_0053,EH,170,0.05000000000000071,13.1807,13.2307,W,SH,0,1,question,56,13.0507,13.4807,you,if
TYSJ69FW5_mono,--,AH,172,0.02999999999999936,13.4007,13.4307,SH,N,1,0,question,56,13.0507,13.4807,you,if
TYSJ69FW5_mono,--,IH,174,0.02999999999999936,13.4807,13.5107,N,F,1,1,if,57,13.4807,13.5807,question,it's
TYSJ69FW5_mono,--,IH,176,0.02999999999999936,13.5807,13.6107,F,T,1,0,it's,58,13.5807,13.6907,if,about
TYSJ69FW5_mono,TYSJ69FW5_mono_0054,AH,179,0.030000000000001137,13.6907,13.7207,S,B,0,0,about,59,13.6907,13.9107,it's,to
TYSJ69FW5_mono,TYSJ69FW5_mono_0055,AW,181,0.08000000000000007,13.7607,13.8407,B,T,0,1,about,59,13.6907,13.9107,it's,to
TYSJ69FW5_mono,TYSJ69FW5_mono_0056,UW,184,0.040000000000000924,14.0107,14.0507,T,R,0,1,to,60,13.9107,14.0507,about,rain
TYSJ69FW5_mono,TYSJ69FW5_mono_0057,EY,186,0.09999999999999964,14.0807,14.1807,R,N,0,1,rain,61,14.0507,14.2307,to,or
TYSJ69FW5_mono,TYSJ69FW5_mono_0058,ER,188,0.03999999999999915,14.2307,14.2707,N,N,0,0,or,62,14.2307,14.2707,rain,not
TYSJ69FW5_mono,--,AA,190,0.02999999999999936,14.3007,14.3307,N,T,1,1,not,63,14.2707,14.4707,or,-
TYSJ69FW5_mono,TYSJ69FW5_mono_0059,AY,193,0.05000000000000071,15.1085,15.1585,-,S,0,1,i,65,15.1085,15.1585,-,stopped
TYSJ69FW5_mono,TYSJ69FW5_mono_0060,AA,196,0.10999999999999943,15.3185,15.4285,T,P,0,1,stopped,66,15.1585,15.4985,i,by
TYSJ69FW5_mono,TYSJ69FW5_mono_0061,AY,200,0.06999999999999851,15.5385,15.6085,B,DH,0,1,by,67,15.4985,15.6085,stopped,the
TYSJ69FW5_mono,TYSJ69FW5_mono_0062,AH,202,0.03999999999999915,15.6485,15.6885,DH,K,0,0,the,68,15.6085,15.6885,by,corner
TYSJ69FW5_mono,--,AO,204,0.02999999999999936,15.8185,15.8485,K,R,1,1,corner,69,15.6885,15.9685,the,store
TYSJ69FW5_mono,TYSJ69FW5_mono_0063,ER,207,0.0600000000000005,15.9085,15.9685,N,S,0,0,corner,69,15.6885,15.9685,the,store
TYSJ69FW5_mono,TYSJ69FW5_mono_0064,AO,210,0.04999899999999968,16.1185,16.168499,T,R,0,1,store,70,15.9685,16.238501,corner,to
TYSJ69FW5_mono,--,IH,213,0.029999999999997584,16.2785,16.3085,T,G,1,0,to,71,16.238501,16.3085,store,grab
TYSJ69FW5_mono,TYSJ69FW5_mono_0065,AE,216,0.09000100000000089,16.438499,16.5285,R,B,0,1,grab,72,16.3085,16.598499,to,a
TYSJ69FW5_mono,TYSJ69FW5_mono_0066,AH,218,0.030000999999998612,16.598499,16.6285,B,T,0,0,a,73,16.598499,16.6285,grab,toasted
TYSJ69FW5_mono,TYSJ69FW5_mono_0067,OW,220,0.04999899999999968,16.738501,16.7885,T,S,0,1,toasted,74,16.6285,17.008499,a,bagel
TYSJ69FW5_mono,TYSJ69FW5_mono_0068,IH,223,0.030000999999998612,16.918499,16.9485,T,D,0,0,toasted,74,16.6285,17.008499,a,bagel
TYSJ69FW5_mono,TYSJ69FW5_mono_0069,EY,226,0.09999999999999787,17.0485,17.1485,B,G,0,1,bagel,75,17.008499,17.348499,toasted,and
TYSJ69FW5_mono,TYSJ69FW5_mono_0070,AH,228,0.05000000000000071,17.2285,17.2785,G,L,0,0,bagel,75,17.008499,17.348499,toasted,and
TYSJ69FW5_mono,TYSJ69FW5_mono_0071,AH,230,0.030000999999998612,17.348499,17.3785,L,N,0,0,and,76,17.348499,17.438499,bagel,orange
TYSJ69FW5_mono,TYSJ69FW5_mono_0072,AO,233,0.09000100000000089,17.438499,17.5285,D,R,0,1,orange,77,17.438499,17.758499,and,juice
TYSJ69FW5_mono,--,AH,235,0.029999999999997584,17.6185,17.6485,R,N,1,0,orange,77,17.438499,17.758499,and,juice
TYSJ69FW5_mono,TYSJ69FW5_mono_0073,UW,239,0.08999999999999986,17.8085,17.8985,JH,S,0,1,juice,78,17.758499,17.988501,orange,-
TYSJ69FW5_mono,--,AH,243,0.02999900000000011,18.3008,18.330799,B,T,1,1,but,80,18.2708,18.3708,-,they
TYSJ69FW5_mono,--,EY,246,0.02999900000000011,18.410801,18.4408,DH,W,1,1,they,81,18.3708,18.4408,but,were
TYSJ69FW5_mono,TYSJ69FW5_mono_0074,ER,248,0.11000100000000046,18.500799,18.6108,W,-,0,0,were,82,18.4408,18.6108,they,-
TYSJ69FW5_mono,TYSJ69FW5_mono_0075,AW,250,0.10999799999999738,18.650801,18.760799,-,T,0,1,out,84,18.650801,18.8008,-,of
TYSJ69FW5_mono,TYSJ69FW5_mono_0076,AH,252,0.03999900000000167,18.8008,18.840799,T,V,0,0,of,85,18.8008,18.930799,out,both
TYSJ69FW5_mono,TYSJ69FW5_mono_0077,OW,255,0.0899979999999978,18.990801,19.080799,B,TH,0,1,both,86,18.930799,19.250799,of,-
TYSJ69FW5_mono,TYSJ69FW5_mono_0078,IY,259,0.030001000000002165,19.868799,19.8988,DH,K,0,0,the,88,19.848801,19.8988,-,cashier
TYSJ69FW5_mono,TYSJ69FW5_mono_0079,AE,261,0.059999000000001246,20.018801,20.0788,K,SH,0,0,cashier,89,19.8988,20.3388,the,joked
TYSJ69FW5_mono,TYSJ69FW5_mono_0080,IH,263,0.030000999999998612,20.2388,20.268801,SH,R,0,1,cashier,89,19.8988,20.3388,the,joked
TYSJ69FW5_mono,TYSJ69FW5_mono_0081,OW,266,0.10999999999999943,20.4688,20.5788,JH,K,0,1,joked,90,20.3388,20.698799,cashier,-
TYSJ69FW5_mono,TYSJ69FW5_mono_0082,IH,270,0.040001000000000175,20.9417,20.981701,-,T,0,1,it's,92,20.9417,21.081699,-,monday
TYSJ69FW5_mono,TYSJ69FW5_mono_0083,AH,274,0.050000999999998186,21.151699,21.2017,M,N,0,1,monday,93,21.081699,21.4217,it's,energy
TYSJ69FW5_mono,TYSJ69FW5_mono_0084,EY,277,0.11999899999999997,21.301701,21.4217,D,EH1,0,2,monday,93,21.081699,21.4217,it's,energy
TYSJ69FW5_mono,TYSJ69FW5_mono_0085,EH,278,0.06000099999999975,21.4217,21.481701,EY2,N,0,1,energy,94,21.4217,21.7817,monday,-
TYSJ69FW5_mono,--,ER,280,0.02999900000000011,21.5417,21.571699,N,JH,1,0,energy,94,21.4217,21.7817,monday,-
TYSJ69FW5_mono,TYSJ69FW5_mono_0086,IY,282,0.07000000000000028,21.7117,21.7817,JH,-,0,0,energy,94,21.4217,21.7817,monday,-
TYSJ69FW5_mono,TYSJ69FW5_mono_0087,AH,284,0.040001000000000175,22.063299,22.1033,-,N,0,0,and,96,22.063299,22.1633,-,i
TYSJ69FW5_mono,TYSJ69FW5_mono_0088,AY,287,0.05000100000000174,22.1633,22.213301,D,HH,0,1,i,97,22.1633,22.213301,and,half
TYSJ69FW5_mono,TYSJ69FW5_mono_0089,AE,289,0.08999999999999986,22.3333,22.4233,HH,F,0,1,half,98,22.213301,22.573299,i,laughed
TYSJ69FW5_mono,TYSJ69FW5_mono_0090,AE,292,0.07999899999999727,22.623301,22.7033,L,F,0,1,laughed,99,22.573299,22.823299,half,because
TYSJ69FW5_mono,TYSJ69FW5_mono_0091,IH,296,0.030000999999998612,22.8533,22.883301,B,K,0,0,because,100,22.823299,23.2033,laughed,-
TYSJ69FW5_mono,TYSJ69FW5_mono_0092,AA,298,0.08999999999999986,23.0133,23.1033,K,Z,0,1,because,100,22.823299,23.2033,laughed,-
TYSJ69FW5_mono,TYSJ69FW5_mono_0093,AE,302,0.14999999999999858,23.4524,23.6024,Y,-,0,1,yeah,102,23.3524,23.6024,-,-
TYSJ69FW5_mono,TYSJ69FW5_mono_0094,UW,306,0.14999999999999858,23.921301,24.071301,R,-,0,1,true,104,23.7213,24.071301,-,-
TYSJ69FW5_mono,TYSJ69FW5_mono_0095,AY,308,0.030000999999998612,24.7836,24.813601,-,T,0,1,i,106,24.7836,24.813601,-,took
TYSJ69FW5_mono,TYSJ69FW5_mono_0096,UH,310,0.07000000000000028,24.933599,25.003599,T,K,0,1,took,107,24.813601,25.093599,i,a
TYSJ69FW5_mono,TYSJ69FW5_mono_0097,AH,312,0.030000999999998612,25.093599,25.1236,K,S,0,0,a,108,25.093599,25.1236,took,seat
TYSJ69FW5_mono,TYSJ69FW5_mono_0098,IY,314,0.08999999999999986,25.3036,25.3936,S,T,0,1,seat,109,25.1236,25.4636,a,near
TYSJ69FW5_mono,--,IH,317,0.029998999999996556,25.493601,25.5236,N,R,1,1,near,110,25.4636,25.573601,seat,the
TYSJ69FW5_mono,TYSJ69FW5_mono_0099,AH,320,0.04999899999999968,25.6236,25.673599,DH,W,0,0,the,111,25.573601,25.673599,near,window
TYSJ69FW5_mono,TYSJ69FW5_mono_0100,IH,322,0.040001000000000175,25.763599,25.8036,W,N,0,1,window,112,25.673599,26.0303,the,scrolled
TYSJ69FW5_mono,TYSJ69FW5_mono_0101,OW,325,0.11669900000000055,25.913601,26.0303,D,S,0,0,window,112,25.673599,26.0303,the,scrolled
TYSJ69FW5_mono,TYSJ69FW5_mono_0102,OW,329,0.03999899999999812,26.300301,26.3403,R,L,0,1,scrolled,113,26.0303,26.4303,window,my
TYSJ69FW5_mono,TYSJ69FW5_mono_0103,AY,333,0.06999899999999926,26.470301,26.5403,M,F,0,1,my,114,26.4303,26.5403,scrolled,phone
TYSJ69FW5_mono,TYSJ69FW5_mono_0104,OW,335,0.1099989999999984,26.7103,26.820299,F,N,0,1,phone,115,26.5403,26.8603,my,and
TYSJ69FW5_mono,TYSJ69FW5_mono_0105,AH,337,0.08000000000000185,26.8603,26.9403,N,N,0,0,and,116,26.8603,27.000299,phone,-
TYSJ69FW5_mono,TYSJ69FW5_mono_0106,OW,341,0.07000000000000028,27.060301,27.130301,-,V,0,1,overheard,118,27.060301,27.5203,-,someone
TYSJ69FW5_mono,TYSJ69FW5_mono_0107,ER,343,0.059999000000001246,27.220301,27.2803,V,HH,0,0,overheard,118,27.060301,27.5203,-,someone
TYSJ69FW5_mono,TYSJ69FW5_mono_0108,ER,345,0.05999899999999769,27.390301,27.4503,HH,D,0,1,overheard,118,27.060301,27.5203,-,someone
TYSJ69FW5_mono,TYSJ69FW5_mono_0109,AH,348,0.03999899999999812,27.6203,27.660299,S,M,0,1,someone,119,27.5203,27.820299,overheard,say
TYSJ69FW5_mono,TYSJ69FW5_mono_0110,AH,351,0.04999899999999968,27.720301,27.7703,W,N,0,2,someone,119,27.5203,27.820299,overheard,say
TYSJ69FW5_mono,TYSJ69FW5_mono_0111,EY,354,0.1700000000000017,27.970301,28.140301,S,-,0,1,say,120,27.820299,28.140301,someone,-
TYSJ69FW5_mono,TYSJ69FW5_mono_0112,AH,357,0.0799999999999983,28.7143,28.7943,DH,JH,0,0,the,122,28.5443,28.7943,-,giraffe
TYSJ69FW5_mono,TYSJ69FW5_mono_0113,ER,359,0.05999899999999769,28.8743,28.934299,JH,AE1,0,0,giraffe,123,28.7943,29.184299,the,exhibits
TYSJ69FW5_mono,TYSJ69FW5_mono_0114,AE,360,0.15000000000000213,28.934299,29.084299,ER0,F,0,1,giraffe,123,28.7943,29.184299,the,exhibits
TYSJ69FW5_mono,TYSJ69FW5_mono_0115,IH,362,0.07000000000000028,29.184299,29.254299,F,G,0,0,exhibits,124,29.184299,29.654301,giraffe,-
TYSJ69FW5_mono,TYSJ69FW5_mono_0116,IH,365,0.0799999999999983,29.3943,29.4743,Z,B,0,1,exhibits,124,29.184299,29.654301,giraffe,-
TYSJ69FW5_mono,TYSJ69FW5_mono_0117,AH,367,0.0799999999999983,29.514299,29.594299,B,T,0,0,exhibits,124,29.184299,29.654301,giraffe,-
TYSJ69FW5_mono,TYSJ69FW5_mono_0118,AE,371,0.06999900000000281,29.8543,29.924299,-,T,0,1,at,126,29.8543,30.2143,-,noon
TYSJ69FW5_mono,TYSJ69FW5_mono_0119,UW,374,0.14000099999999804,30.2743,30.414301,N,N,0,1,noon,127,30.2143,30.4543,at,-
TYSJ69FW5_mono,--,IH,378,0.029998000000002634,30.753901,30.783899,W,CH,1,1,which,129,30.7439,30.843901,-,felt
TYSJ69FW5_mono,--,EH,381,0.02999900000000011,30.933901,30.9639,F,L,1,1,felt,130,30.843901,31.0539,which,-
TYSJ69FW5_mono,TYSJ69FW5_mono_0120,AA,385,0.14999999999999858,31.0839,31.2339,-,D,0,1,oddly,132,31.0839,31.363899,-,profound
TYSJ69FW5_mono,TYSJ69FW5_mono_0121,IY,388,0.03999900000000167,31.3239,31.363899,L,P,0,0,oddly,132,31.0839,31.363899,-,profound
TYSJ69FW5_mono,--,OW,391,0.02999900000000011,31.4939,31.523899,R,F,1,0,profound,133,31.363899,31.8239,oddly,-
TYSJ69FW5_mono,TYSJ69FW5_mono_0122,AW,393,0.08999999999999986,31.6539,31.7439,F,N,0,1,profound,133,31.363899,31.8239,oddly,-
TYSJ69FW5_mono,TYSJ69FW5_mono_0123,AE,397,0.059999000000001246,31.853901,31.9139,-,T,0,1,at,135,31.853901,31.9739,-,the
TYSJ69FW5_mono,TYSJ69FW5_mono_0124,AH,400,0.030003000000000668,32.023899,32.053902,DH,T,0,0,the,136,31.9739,32.053902,at,time
TYSJ69FW5_mono,TYSJ69FW5_mono_0125,AY,402,0.0899999999999963,32.173901,32.263901,T,M,0,1,time,137,32.053902,32.3139,the,-
TYSJ69FW5_mono,TYSJ69FW5_mono_0126,AE,405,0.07999800000000334,33.220402,33.3004,-,F,0,1,after,139,33.220402,33.5504,-,a
TYSJ69FW5_mono,TYSJ69FW5_mono_0127,ER,408,0.09999900000000395,33.450401,33.5504,T,AH0,0,0,after,139,33.220402,33.5504,-,a
TYSJ69FW5_mono,TYSJ69FW5_mono_0128,AH,409,0.06000099999999975,33.5504,33.610401,ER0,F,0,0,a,140,33.5504,33.610401,after,few
TYSJ69FW5_mono,TYSJ69FW5_mono_0129,UW,412,0.06000099999999975,33.810398,33.870399,Y,B,0,1,few,141,33.610401,33.870399,a,bites
TYSJ69FW5_mono,TYSJ69FW5_mono_0130,AY,414,0.11999899999999997,33.9604,34.080399,B,T,0,1,bites,142,33.870399,34.200401,few,of
TYSJ69FW5_mono,TYSJ69FW5_mono_0131,AH,417,0.039996999999999616,34.200401,34.240398,S,V,0,0,of,143,34.200401,34.290401,bites,something
TYSJ69FW5_mono,TYSJ69FW5_mono_0132,AH,420,0.030002999999993563,34.350399,34.380402,S,M,0,1,something,144,34.290401,34.590401,of,vaguely
TYSJ69FW5_mono,--,IH,423,0.029998000000006186,34.500401,34.530399,TH,NG,1,0,something,144,34.290401,34.590401,of,vaguely
TYSJ69FW5_mono,TYSJ69FW5_mono_0133,EY,426,0.15000099999999605,34.670399,34.8204,V,G,0,1,vaguely,145,34.590401,35.040401,something,-
TYSJ69FW5_mono,TYSJ69FW5_mono_0134,IY,429,0.09000000000000341,34.950401,35.040401,L,-,0,0,vaguely,145,34.590401,35.040401,something,-
TYSJ69FW5_mono,TYSJ69FW5_mono_0135,EH,431,0.09000000000000341,35.090401,35.180401,-,G,0,1,egg,147,35.090401,35.280399,-,shaped
TYSJ69FW5_mono,TYSJ69FW5_mono_0136,EY,434,0.0899999999999963,35.420399,35.510399,SH,P,0,1,shaped,148,35.280399,35.590401,egg,-
TYSJ69FW5_mono,TYSJ69FW5_mono_0137,AY,438,0.04000099999999662,35.881599,35.9216,-,W,0,1,i,150,35.881599,35.9216,-,wandered
TYSJ69FW5_mono,TYSJ69FW5_mono_0138,AA,440,0.06000200000000433,36.041599,36.101601,W,N,0,1,wandered,151,35.9216,36.281601,i,to
TYSJ69FW5_mono,TYSJ69FW5_mono_0139,ER,443,0.05000000000000426,36.1716,36.2216,D,D,0,0,wandered,151,35.9216,36.281601,i,to
TYSJ69FW5_mono,--,AH,446,0.02999900000000366,36.371601,36.4016,T,DH,1,0,to,152,36.281601,36.4016,wandered,the
TYSJ69FW5_mono,TYSJ69FW5_mono_0140,AH,448,0.04000100000000373,36.441601,36.481602,DH,P,0,0,the,153,36.4016,36.481602,to,park
TYSJ69FW5_mono,--,AA,450,0.029998999999996556,36.631599,36.661598,P,R,1,1,park,154,36.481602,36.731602,the,-
TYSJ69FW5_mono,TYSJ69FW5_mono_0141,AH,454,0.04999899999999968,37.2318,37.281799,-,K,0,0,a,156,37.2318,37.281799,-,kid
TYSJ69FW5_mono,TYSJ69FW5_mono_0142,IH,456,0.04000100000000373,37.4618,37.501801,K,D,0,1,kid,157,37.281799,37.591801,a,zoomed
TYSJ69FW5_mono,TYSJ69FW5_mono_0143,UW,459,0.12000299999999697,37.691799,37.811802,Z,M,0,1,zoomed,158,37.591801,37.8918,kid,by
TYSJ69FW5_mono,TYSJ69FW5_mono_0144,AY,463,0.1100009999999969,37.941799,38.0518,B,AA1,0,1,by,159,37.8918,38.0518,zoomed,on
TYSJ69FW5_mono,TYSJ69FW5_mono_0145,AA,464,0.1399990000000031,38.0518,38.191799,AY1,N,0,1,on,160,38.0518,38.241798,by,a
TYSJ69FW5_mono,TYSJ69FW5_mono_0146,AH,466,0.030003000000000668,38.241798,38.271801,N,S,0,0,a,161,38.241798,38.271801,on,scooter
TYSJ69FW5_mono,TYSJ69FW5_mono_0147,UW,469,0.08000200000000035,38.4818,38.561802,K,T,0,1,scooter,162,38.271801,38.651798,a,yelling
TYSJ69FW5_mono,TYSJ69FW5_mono_0148,ER,471,0.05999700000000274,38.591801,38.651798,T,Y,0,0,scooter,162,38.271801,38.651798,a,yelling
TYSJ69FW5_mono,--,EH,473,0.02999900000000366,38.791801,38.8218,Y,L,1,1,yelling,163,38.651798,39.061802,scooter,-
TYSJ69FW5_mono,TYSJ69FW5_mono_0149,IH,475,0.030003000000000668,38.901798,38.931801,L,NG,0,0,yelling,163,38.651798,39.061802,scooter,-
TYSJ69FW5_mono,TYSJ69FW5_mono_0150,UW,479,0.16999799999999965,39.172501,39.342499,Z,M,0,1,zoom,165,39.122501,39.442501,-,zoom
TYSJ69FW5_mono,TYSJ69FW5_mono_0151,UW,482,0.15000199999999353,39.522499,39.672501,Z,M,0,1,zoom,166,39.442501,39.8125,zoom,-
TYSJ69FW5_mono,TYSJ69FW5_mono_0152,AY,486,0.04000100000000373,40.230301,40.270302,L,K,0,1,like,168,40.200298,40.340302,-,it
TYSJ69FW5_mono,TYSJ69FW5_mono_0153,IH,488,0.07999799999999624,40.340302,40.4203,K,W,0,0,it,169,40.340302,40.4203,like,was
TYSJ69FW5_mono,TYSJ69FW5_mono_0154,AH,490,0.030002000000003193,40.470299,40.500301,W,Z,0,0,was,170,40.4203,40.560299,it,a
TYSJ69FW5_mono,TYSJ69FW5_mono_0155,AH,492,0.04000099999999662,40.560299,40.6003,Z,S,0,0,a,171,40.560299,40.6003,was,sound
TYSJ69FW5_mono,TYSJ69FW5_mono_0156,AW,494,0.060001999999997224,40.740299,40.800301,S,N,0,1,sound,172,40.6003,40.860298,a,effect
TYSJ69FW5_mono,TYSJ69FW5_mono_0157,AH,497,0.04000099999999662,40.860298,40.900299,D,F,0,0,effect,173,40.860298,41.180901,sound,-
TYSJ69FW5_mono,TYSJ69FW5_mono_0158,EH,499,0.09000000000000341,41.0303,41.1203,F,K,0,1,effect,173,40.860298,41.180901,sound,-
TYSJ69FW5_mono,TYSJ69FW5_mono_0159,AE,504,0.030003000000000668,41.485199,41.515202,DH,T,0,1,that,175,41.4552,41.6152,-,summoned
TYSJ69FW5_mono,TYSJ69FW5_mono_0160,AH,507,0.06000200000000433,41.7052,41.765202,S,M,0,1,summoned,176,41.6152,41.945202,that,speed
TYSJ69FW5_mono,--,AH,509,0.02999900000000366,41.835201,41.8652,M,N,1,0,summoned,176,41.6152,41.945202,that,speed
TYSJ69FW5_mono,TYSJ69FW5_mono_0161,IY,514,0.04000100000000373,42.125198,42.165199,P,D,0,1,speed,177,41.945202,42.315201,summoned,-
TYSJ69FW5_mono,TYSJ69FW5_mono_0162,AY,517,0.04000099999999662,42.845699,42.8857,-,S,0,1,i,179,42.845699,42.8857,-,sat
TYSJ69FW5_mono,TYSJ69FW5_mono_0163,AE,519,0.09999900000000395,43.0457,43.145699,S,T,0,1,sat,180,42.8857,43.2257,i,under
TYSJ69FW5_mono,--,AH,521,0.029998999999996556,43.2257,43.255699,T,N,1,1,under,181,43.2257,43.465698,sat,a
TYSJ69FW5_mono,TYSJ69FW5_mono_0164,ER,524,0.11999899999999997,43.345699,43.465698,D,AH0,0,0,under,181,43.2257,43.465698,sat,a
TYSJ69FW5_mono,TYSJ69FW5_mono_0165,AH,525,0.060001999999997224,43.465698,43.5257,ER0,T,0,0,a,182,43.465698,43.5257,under,tree
TYSJ69FW5_mono,TYSJ69FW5_mono_0166,IY,528,0.17000199999999666,43.755699,43.925701,R,-,0,1,tree,183,43.5257,43.925701,a,-
TYSJ69FW5_mono,TYSJ69FW5_mono_0167,IH,531,0.04000000000000625,44.065701,44.105701,L,S,0,1,listened,185,43.9557,44.2957,-,to
TYSJ69FW5_mono,--,AH,533,0.029998999999996556,44.2057,44.235699,S,N,1,0,listened,185,43.9557,44.2957,-,to
TYSJ69FW5_mono,TYSJ69FW5_mono_0168,AH,537,0.039996999999999616,44.335701,44.375698,T,DH,0,0,to,186,44.2957,44.375698,listened,the
TYSJ69FW5_mono,TYSJ69FW5_mono_0169,AH,539,0.05999800000000022,44.425701,44.485699,DH,B,0,0,the,187,44.375698,44.485699,to,breeze
TYSJ69FW5_mono,TYSJ69FW5_mono_0170,IY,542,0.15999899999999911,44.645699,44.805698,R,Z,0,1,breeze,188,44.485699,44.845699,the,-
TYSJ69FW5_mono,TYSJ69FW5_mono_0171,AE,545,0.06000200000000433,45.322399,45.382401,-,N,0,1,and,190,45.322399,45.462399,-,watched
TYSJ69FW5_mono,TYSJ69FW5_mono_0172,AA,549,0.09000000000000341,45.5924,45.6824,W,CH,0,1,watched,191,45.462399,45.902401,and,a
TYSJ69FW5_mono,TYSJ69FW5_mono_0173,AH,552,0.07999800000000334,45.902401,45.982399,T,Y,0,0,a,192,45.902401,45.982399,watched,yellow
TYSJ69FW5_mono,TYSJ69FW5_mono_0174,EH,554,0.04999999999999716,46.0424,46.0924,Y,L,0,1,yellow,193,45.982399,46.222401,a,balloon
TYSJ69FW5_mono,TYSJ69FW5_mono_0175,OW,556,0.07000000000000028,46.152401,46.222401,L,B,0,0,yellow,193,45.982399,46.222401,a,balloon
TYSJ69FW5_mono,--,AH,558,0.009997999999995955,46.312401,46.322399,B,L,1,0,balloon,194,46.222401,46.5424,yellow,get
TYSJ69FW5_mono,--,UW,560,0.02999900000000366,46.402401,46.4324,L,N,1,1,balloon,194,46.222401,46.5424,yellow,get
TYSJ69FW5_mono,TYSJ69FW5_mono_0176,EH,563,0.03999799999999709,46.672401,46.712399,G,T,0,1,get,195,46.5424,46.802399,balloon,tangled
TYSJ69FW5_mono,--,AE,566,0.029998999999996556,46.922401,46.9524,T,NG,1,1,tangled,196,46.802399,47.252399,get,in
TYSJ69FW5_mono,TYSJ69FW5_mono_0177,AH,569,0.04999899999999968,47.062401,47.1124,G,L,0,0,tangled,196,46.802399,47.252399,get,in
TYSJ69FW5_mono,TYSJ69FW5_mono_0178,IH,572,0.07000000000000028,47.252399,47.322399,D,N,0,0,in,197,47.252399,47.3624,tangled,a
TYSJ69FW5_mono,TYSJ69FW5_mono_0179,AH,574,0.04000099999999662,47.3624,47.402401,N,P,0,0,a,198,47.3624,47.402401,in,power
TYSJ69FW5_mono,TYSJ69FW5_mono_0180,AW,576,0.04999899999999968,47.512402,47.562401,P,ER0,0,1,power,199,47.402401,47.5924,a,line
TYSJ69FW5_mono,--,ER,577,0.029998999999996556,47.562401,47.5924,AW1,L,1,0,power,199,47.402401,47.5924,a,line
TYSJ69FW5_mono,TYSJ69FW5_mono_0181,AY,579,0.030003000000000668,47.622398,47.652401,L,N,0,1,line,200,47.5924,47.6824,power,-
TYSJ69FW5_mono,TYSJ69FW5_mono_0182,IH,583,0.04999899999999968,48.511299,48.561298,W,R,0,1,weird,202,48.471298,48.701302,-,morning
TYSJ69FW5_mono,TYSJ69FW5_mono_0183,AO,587,0.060001999999997224,48.761299,48.821301,M,R,0,1,morning,203,48.701302,49.0313,weird,-
TYSJ69FW5_mono,--,IH,590,0.029998999999996556,48.8913,48.921299,N,NG,1,0,morning,203,48.701302,49.0313,weird,-
TYSJ69FW5_mono,--,AH,594,0.02999799999999908,49.230801,49.260799,B,T,1,1,but,205,49.200802,49.310799,-,-
TYSJ69FW5_mono,TYSJ69FW5_mono_0184,AA,597,0.12999700000000303,49.340801,49.470798,-,N,0,1,honestly,207,49.340801,49.8508,-,-
TYSJ69FW5_mono,TYSJ69FW5_mono_0185,AH,599,0.04000100000000373,49.510799,49.5508,N,S,0,0,honestly,207,49.340801,49.8508,-,-
TYSJ69FW5_mono,TYSJ69FW5_mono_0186,IY,602,0.1100009999999969,49.740799,49.8508,L,-,0,0,honestly,207,49.340801,49.8508,-,-
TYSJ69FW5_mono,TYSJ69FW5_mono_0187,AA,605,0.07999799999999624,50.0895,50.169498,N,T,0,1,not,209,49.9995,50.269501,-,the
TYSJ69FW5_mono,TYSJ69FW5_mono_0188,AH,608,0.0699989999999957,50.2995,50.369499,DH,W,0,0,the,210,50.269501,50.369499,not,worst
TYSJ69FW5_mono,TYSJ69FW5_mono_0189,ER,610,0.1100009999999969,50.459499,50.5695,W,S,0,1,worst,211,50.369499,50.689499,the,-
VIOLAGOD7_mono,VIOLAGOD7_mono_0001,OW,3,0.030000000000000027,1.8952,1.9252,S,DH,0,1,so,2,1.8152,1.9252,-,this
VIOLAGOD7_mono,VIOLAGOD7_mono_0002,IH,5,0.040000000000000036,1.9752,2.0152,DH,S,0,1,this,3,1.9252,2.0652,so,morning
VIOLAGOD7_mono,VIOLAGOD7_mono_0003,AO,8,0.06999999999999984,2.1352,2.2052,M,R,0,1,morning,4,2.0652,2.4852,this,-
VIOLAGOD7_mono,VIOLAGOD7_mono_0004,IH,11,0.06999999999999984,2.3052,2.3752,N,NG,0,0,morning,4,2.0652,2.4852,this,-
VIOLAGOD7_mono,VIOLAGOD7_mono_0005,AY,14,0.04999999999999982,2.7057,2.7557,-,W,0,1,i,6,2.7057,2.7557,-,woke
VIOLAGOD7_mono,VIOLAGOD7_mono_0006,OW,16,0.11000000000000032,2.7857,2.8957,W,K,0,1,woke,7,2.7557,2.9757,i,up
VIOLAGOD7_mono,VIOLAGOD7_mono_0007,AH,18,0.050000000000000266,2.9757,3.0257,K,P,0,1,up,8,2.9757,3.0957,woke,late
VIOLAGOD7_mono,VIOLAGOD7_mono_0008,EY,21,0.09999999999999964,3.1457,3.2457,L,T,0,1,late,9,3.0957,3.2957,up,and
VIOLAGOD7_mono,--,AH,23,0.029999999999999805,3.2957,3.3257,T,N,1,0,and,10,3.2957,3.3857,late,immediately
VIOLAGOD7_mono,VIOLAGOD7_mono_0009,IH,26,0.040000000000000036,3.3857,3.4257,D,M,0,0,immediately,11,3.3857,3.7957,and,stubbed
VIOLAGOD7_mono,VIOLAGOD7_mono_0010,IY,28,0.06000000000000005,3.5257,3.5857,M,D,0,1,immediately,11,3.3857,3.7957,and,stubbed
VIOLAGOD7_mono,VIOLAGOD7_mono_0011,IY,30,0.03000000000000025,3.6157,3.6457,D,AH0,0,0,immediately,11,3.3857,3.7957,and,stubbed
VIOLAGOD7_mono,VIOLAGOD7_mono_0012,AH,31,0.040000000000000036,3.6457,3.6857,IY0,T,0,0,immediately,11,3.3857,3.7957,and,stubbed
VIOLAGOD7_mono,VIOLAGOD7_mono_0013,IY,34,0.050000000000000266,3.7457,3.7957,L,S,0,0,immediately,11,3.3857,3.7957,and,stubbed
VIOLAGOD7_mono,VIOLAGOD7_mono_0014,AH,37,0.06999999999999984,3.9357,4.0057,T,B,0,1,stubbed,12,3.7957,4.0657,immediately,my
VIOLAGOD7_mono,VIOLAGOD7_mono_0015,AY,41,0.0600000000000005,4.0957,4.1557,M,T,0,1,my,13,4.0657,4.1557,stubbed,toe
VIOLAGOD7_mono,VIOLAGOD7_mono_0016,OW,43,0.10000000000000053,4.2757,4.3757,T,AA1,0,1,toe,14,4.1557,4.3757,my,on
VIOLAGOD7_mono,VIOLAGOD7_mono_0017,AA,44,0.03000000000000025,4.3757,4.4057,OW1,N,0,1,on,15,4.3757,4.4357,toe,the
VIOLAGOD7_mono,VIOLAGOD7_mono_0018,AH,47,0.04999999999999982,4.4657,4.5157,DH,D,0,0,the,16,4.4357,4.5157,on,dresser
VIOLAGOD7_mono,VIOLAGOD7_mono_0019,EH,50,0.05999999999999961,4.6157,4.6757,R,S,0,1,dresser,17,4.5157,4.8857,the,-
VIOLAGOD7_mono,VIOLAGOD7_mono_0020,ER,52,0.08999999999999986,4.7957,4.8857,S,-,0,0,dresser,17,4.5157,4.8857,the,-
VIOLAGOD7_mono,VIOLAGOD7_mono_0021,EY,56,0.07000000000000028,5.4201,5.4901,R,T,0,1,great,19,5.3501,5.5401,-,start
VIOLAGOD7_mono,VIOLAGOD7_mono_0022,AA,60,0.0600000000000005,5.6701,5.7301,T,R,0,1,start,20,5.5401,5.8501,great,right
VIOLAGOD7_mono,VIOLAGOD7_mono_0023,AY,64,0.1200000000000001,5.9101,6.0301,R,T,0,1,right,21,5.8501,6.0601,start,-
VIOLAGOD7_mono,VIOLAGOD7_mono_0024,AY,67,0.07000000000000028,6.7248,6.7948,-,G,0,1,i,23,6.7248,6.7948,-,grumbled
VIOLAGOD7_mono,VIOLAGOD7_mono_0025,AH,70,0.03000000000000025,6.9348,6.9648,R,M,0,1,grumbled,24,6.7948,7.1448,i,something
VIOLAGOD7_mono,--,AH,73,0.009999999999999787,7.0448,7.0548,B,L,1,0,grumbled,24,6.7948,7.1448,i,something
VIOLAGOD7_mono,VIOLAGOD7_mono_0026,AH,77,0.03000000000000025,7.1848,7.2148,S,M,0,1,something,25,7.1448,7.3648,grumbled,half
VIOLAGOD7_mono,VIOLAGOD7_mono_0027,IH,80,0.040000000000000036,7.2948,7.3348,TH,NG,0,0,something,25,7.1448,7.3648,grumbled,half
VIOLAGOD7_mono,VIOLAGOD7_mono_0028,AE,83,0.10000000000000053,7.4948,7.5948,HH,F,0,1,half,26,7.3648,7.6848,something,conscious
VIOLAGOD7_mono,VIOLAGOD7_mono_0029,AA,86,0.0600000000000005,7.7748,7.8348,K,N,0,1,conscious,27,7.6848,8.1648,half,-
VIOLAGOD7_mono,VIOLAGOD7_mono_0030,AH,89,0.0600000000000005,7.9648,8.0248,SH,S,0,0,conscious,27,7.6848,8.1648,half,-
VIOLAGOD7_mono,VIOLAGOD7_mono_0031,AE,94,0.120000000000001,8.5604,8.6804,R,B,0,1,grabbed,29,8.4804,8.7704,-,whatever
VIOLAGOD7_mono,VIOLAGOD7_mono_0032,AH,98,0.030000000000001137,8.8204,8.8504,W,T,0,2,whatever,30,8.7704,9.0504,grabbed,shirt
VIOLAGOD7_mono,VIOLAGOD7_mono_0033,EH,100,0.0600000000000005,8.8804,8.9404,T,V,0,1,whatever,30,8.7704,9.0504,grabbed,shirt
VIOLAGOD7_mono,VIOLAGOD7_mono_0034,ER,102,0.0600000000000005,8.9904,9.0504,V,SH,0,0,whatever,30,8.7704,9.0504,grabbed,shirt
VIOLAGOD7_mono,VIOLAGOD7_mono_0035,ER,104,0.10999999999999943,9.1704,9.2804,SH,T,0,1,shirt,31,9.0504,9.3104,whatever,was
VIOLAGOD7_mono,--,AH,107,0.02999999999999936,9.3404,9.3704,W,Z,1,0,was,32,9.3104,9.4204,shirt,<unk>
VIOLAGOD7_mono,VIOLAGOD7_mono_0036,AE,111,0.030000000000001137,10.1565,10.1865,-,N,0,1,and,35,10.1565,10.2465,-,headed
VIOLAGOD7_mono,VIOLAGOD7_mono_0037,EH,115,0.030000000000001137,10.3365,10.3665,HH,D,0,1,headed,36,10.2465,10.5165,and,out
VIOLAGOD7_mono,VIOLAGOD7_mono_0038,IH,117,0.0600000000000005,10.4065,10.4665,D,D,0,0,headed,36,10.2465,10.5165,and,out
VIOLAGOD7_mono,VIOLAGOD7_mono_0039,AW,119,0.09999999999999964,10.5165,10.6165,D,T,0,1,out,37,10.5165,10.6536,headed,-
VIOLAGOD7_mono,--,AH,123,0.02999999999999936,11.3885,11.4185,DH,S,1,0,the,39,11.3385,11.4185,-,sky
VIOLAGOD7_mono,VIOLAGOD7_mono_0040,AY,126,0.09999999999999964,11.5785,11.6785,K,L,0,1,sky,40,11.4185,11.6785,the,looked
VIOLAGOD7_mono,VIOLAGOD7_mono_0041,UH,128,0.0600000000000005,11.7485,11.8085,L,K,0,1,looked,41,11.6785,11.9685,sky,weird
VIOLAGOD7_mono,VIOLAGOD7_mono_0042,IH,132,0.09999999999999964,11.9985,12.0985,W,R,0,1,weird,42,11.9685,12.2385,looked,-
VIOLAGOD7_mono,VIOLAGOD7_mono_0043,AY,137,0.040000000000000924,12.5475,12.5875,L,K,0,1,like,44,12.4975,12.6175,-,that
VIOLAGOD7_mono,VIOLAGOD7_mono_0044,AE,140,0.049999999999998934,12.6475,12.6975,DH,T,0,1,that,45,12.6175,12.7475,like,shade
VIOLAGOD7_mono,VIOLAGOD7_mono_0045,EY,143,0.09999999999999964,12.8775,12.9775,SH,D,0,1,shade,46,12.7475,13.0175,that,of
VIOLAGOD7_mono,VIOLAGOD7_mono_0046,AH,145,0.07000000000000028,13.0175,13.0875,D,V,0,0,of,47,13.0175,13.2475,shade,blue
VIOLAGOD7_mono,VIOLAGOD7_mono_0047,UW,149,0.13000000000000078,13.3075,13.4375,L,G,0,1,blue,48,13.2475,13.4375,of,gray
VIOLAGOD7_mono,VIOLAGOD7_mono_0048,EY,152,0.11999999999999922,13.5975,13.7175,R,DH,0,1,gray,49,13.4375,13.7175,blue,that
VIOLAGOD7_mono,VIOLAGOD7_mono_0049,AE,154,0.040000000000000924,13.7775,13.8175,DH,T,0,1,that,50,13.7175,13.8675,gray,makes
VIOLAGOD7_mono,VIOLAGOD7_mono_0050,EY,157,0.05999999999999872,13.9075,13.9675,M,K,0,1,makes,51,13.8675,14.0675,that,you
VIOLAGOD7_mono,--,UW,161,0.02999999999999936,14.0975,14.1275,Y,K,1,1,you,52,14.0675,14.1275,makes,question
VIOLAGOD7_mono,VIOLAGOD7_mono_0051,EH,164,0.0600000000000005,14.2575,14.3175,W,S,0,1,question,53,14.1275,14.5475,you,if
VIOLAGOD7_mono,VIOLAGOD7_mono_0052,AH,167,0.049999999999998934,14.4275,14.4775,CH,N,0,0,question,53,14.1275,14.5475,you,if
VIOLAGOD7_mono,VIOLAGOD7_mono_0053,IH,169,0.0800010000000011,14.5475,14.627501,N,F,0,1,if,54,14.5475,14.6875,question,it's
VIOLAGOD7_mono,--,IH,171,0.02999999999999936,14.6875,14.7175,F,T,1,0,it's,55,14.6875,14.7575,if,about
VIOLAGOD7_mono,--,AH,174,0.02999999999999936,14.7575,14.7875,S,B,1,0,about,56,14.7575,14.9675,it's,to
VIOLAGOD7_mono,VIOLAGOD7_mono_0054,AW,176,0.08000000000000007,14.8275,14.9075,B,T,0,1,about,56,14.7575,14.9675,it's,to
VIOLAGOD7_mono,VIOLAGOD7_mono_0055,AH,179,0.03999999999999915,15.0075,15.0475,T,R,0,0,to,57,14.9675,15.0475,about,rain
VIOLAGOD7_mono,VIOLAGOD7_mono_0056,EY,181,0.08999899999999883,15.127501,15.2175,R,N,0,1,rain,58,15.0475,15.2675,to,or
VIOLAGOD7_mono,VIOLAGOD7_mono_0057,ER,183,0.0600000000000005,15.2675,15.3275,N,N,0,0,or,59,15.2675,15.3275,rain,not
VIOLAGOD7_mono,VIOLAGOD7_mono_0058,AA,185,0.06999999999999851,15.4075,15.4775,N,T,0,1,not,60,15.3275,15.5275,or,-
VIOLAGOD7_mono,VIOLAGOD7_mono_0059,AY,188,0.10000000000000142,16.1451,16.2451,-,S,0,1,i,62,16.1451,16.2451,-,stopped
VIOLAGOD7_mono,VIOLAGOD7_mono_0060,AA,191,0.10999900000000196,16.365101,16.4751,T,P,0,1,stopped,63,16.2451,16.535101,i,by
VIOLAGOD7_mono,VIOLAGOD7_mono_0061,AY,195,0.050000999999998186,16.5651,16.615101,B,DH,0,1,by,64,16.535101,16.615101,stopped,the
VIOLAGOD7_mono,VIOLAGOD7_mono_0062,AH,197,0.04999899999999968,16.6551,16.705099,DH,K,0,0,the,65,16.615101,16.705099,by,corner
VIOLAGOD7_mono,--,AO,199,0.029999999999997584,16.8151,16.8451,K,R,1,1,corner,66,16.705099,16.9751,the,store
VIOLAGOD7_mono,VIOLAGOD7_mono_0063,ER,202,0.07000000000000028,16.9051,16.9751,N,S,0,0,corner,66,16.705099,16.9751,the,store
VIOLAGOD7_mono,VIOLAGOD7_mono_0064,AO,205,0.03999899999999812,17.105101,17.1451,T,R,0,1,store,67,16.9751,17.215099,corner,to
VIOLAGOD7_mono,--,AH,208,0.02999799999999908,17.275101,17.305099,T,G,1,0,to,68,17.215099,17.305099,store,grab
VIOLAGOD7_mono,VIOLAGOD7_mono_0065,AE,211,0.07000200000000234,17.375099,17.445101,R,B,0,1,grab,69,17.305099,17.4951,to,a
VIOLAGOD7_mono,VIOLAGOD7_mono_0066,AH,213,0.030000999999998612,17.4951,17.525101,B,T,0,0,a,70,17.4951,17.525101,grab,toasted
VIOLAGOD7_mono,VIOLAGOD7_mono_0067,OW,215,0.08000000000000185,17.6451,17.7251,T,S,0,1,toasted,71,17.525101,17.9251,a,bagel
VIOLAGOD7_mono,VIOLAGOD7_mono_0068,IH,218,0.040001000000000175,17.8251,17.865101,T,D,0,0,toasted,71,17.525101,17.9251,a,bagel
VIOLAGOD7_mono,VIOLAGOD7_mono_0069,EY,221,0.10000100000000245,17.965099,18.0651,B,G,0,1,bagel,72,17.9251,18.2251,toasted,and
VIOLAGOD7_mono,VIOLAGOD7_mono_0070,AH,223,0.060000000000002274,18.0951,18.1551,G,L,0,0,bagel,72,17.9251,18.2251,toasted,and
VIOLAGOD7_mono,VIOLAGOD7_mono_0071,AH,225,0.050000999999998186,18.2251,18.275101,L,N,0,0,and,73,18.2251,18.3351,bagel,orange
VIOLAGOD7_mono,VIOLAGOD7_mono_0072,AO,228,0.07000000000000028,18.3351,18.4051,D,R,0,1,orange,74,18.3351,18.635099,and,juice
VIOLAGOD7_mono,VIOLAGOD7_mono_0073,AH,230,0.03999999999999915,18.4751,18.5151,R,N,0,0,orange,74,18.3351,18.635099,and,juice
VIOLAGOD7_mono,VIOLAGOD7_mono_0074,UW,234,0.08999999999999986,18.6651,18.7551,JH,S,0,1,juice,75,18.635099,18.8951,orange,-
VIOLAGOD7_mono,VIOLAGOD7_mono_0075,AH,238,0.030001000000002165,19.195299,19.2253,B,T,0,1,but,77,19.175301,19.255301,-,they
VIOLAGOD7_mono,VIOLAGOD7_mono_0076,EY,241,0.030001000000002165,19.285299,19.3153,DH,W,0,1,they,78,19.255301,19.3153,but,were
VIOLAGOD7_mono,VIOLAGOD7_mono_0077,ER,243,0.050000999999998186,19.3853,19.435301,W,AW1,0,0,were,79,19.3153,19.435301,they,out
VIOLAGOD7_mono,VIOLAGOD7_mono_0078,AW,244,0.11999899999999997,19.435301,19.5553,ER0,T,0,1,out,80,19.435301,19.595301,were,of
VIOLAGOD7_mono,--,AH,246,0.02999799999999908,19.595301,19.625299,T,V,1,0,of,81,19.595301,19.7153,out,both
VIOLAGOD7_mono,VIOLAGOD7_mono_0079,OW,249,0.0799999999999983,19.7453,19.8253,B,TH,0,1,both,82,19.7153,19.853901,of,-
VIOLAGOD7_mono,--,AH,253,0.029999999999997584,20.4872,20.5172,DH,K,1,0,the,84,20.457199,20.5172,-,cashier
VIOLAGOD7_mono,VIOLAGOD7_mono_0080,AE,255,0.09999799999999937,20.617201,20.717199,K,SH,0,0,cashier,85,20.5172,20.9072,the,joked
VIOLAGOD7_mono,VIOLAGOD7_mono_0081,IH,257,0.040001000000000175,20.807199,20.8472,SH,R,0,1,cashier,85,20.5172,20.9072,the,joked
VIOLAGOD7_mono,VIOLAGOD7_mono_0082,OW,260,0.12999899999999798,21.0072,21.137199,JH,K,0,1,joked,86,20.9072,21.2272,cashier,-
VIOLAGOD7_mono,--,IH,264,0.02999900000000011,21.563101,21.5931,-,T,1,0,it's,88,21.563101,21.7131,-,monday
VIOLAGOD7_mono,VIOLAGOD7_mono_0083,AH,268,0.07000000000000028,21.7831,21.8531,M,N,0,1,monday,89,21.7131,22.053101,it's,energy
VIOLAGOD7_mono,VIOLAGOD7_mono_0084,EY,271,0.13000100000000003,21.9231,22.053101,D,EH1,0,2,monday,89,21.7131,22.053101,it's,energy
VIOLAGOD7_mono,VIOLAGOD7_mono_0085,EH,272,0.06999899999999926,22.053101,22.1231,EY2,N,0,1,energy,90,22.053101,22.3731,monday,-
VIOLAGOD7_mono,VIOLAGOD7_mono_0086,ER,274,0.030001000000002165,22.163099,22.1931,N,JH,0,0,energy,90,22.053101,22.3731,monday,-
VIOLAGOD7_mono,VIOLAGOD7_mono_0087,IY,276,0.030000000000001137,22.3431,22.3731,JH,-,0,0,energy,90,22.053101,22.3731,monday,-
VIOLAGOD7_mono,--,AH,278,0.010000999999999038,22.811399,22.8214,-,N,1,0,and,92,22.811399,22.881399,-,i
VIOLAGOD7_mono,VIOLAGOD7_mono_0088,AY,281,0.040001000000000175,22.881399,22.9214,D,HH,0,1,i,93,22.881399,22.9214,and,half
VIOLAGOD7_mono,VIOLAGOD7_mono_0089,AE,283,0.0899979999999978,23.041401,23.131399,HH,F,0,1,half,94,22.9214,23.2614,i,laughed
VIOLAGOD7_mono,VIOLAGOD7_mono_0090,AE,286,0.1300019999999975,23.311399,23.441401,L,F,0,1,laughed,95,23.2614,23.641399,half,because
VIOLAGOD7_mono,VIOLAGOD7_mono_0091,IH,290,0.060000000000002274,23.6714,23.7314,B,K,0,0,because,96,23.641399,23.8514,laughed,-
VIOLAGOD7_mono,VIOLAGOD7_mono_0092,AH,292,0.030001000000002165,23.7614,23.791401,K,Z,0,0,because,96,23.641399,23.8514,laughed,-
VIOLAGOD7_mono,VIOLAGOD7_mono_0093,AE,296,0.11999899999999997,24.0114,24.131399,Y,-,0,1,yeah,98,23.961399,24.131399,-,-
VIOLAGOD7_mono,VIOLAGOD7_mono_0094,UW,300,0.07000000000000028,24.6028,24.6728,R,-,0,1,true,100,24.532801,24.6728,-,-
VIOLAGOD7_mono,VIOLAGOD7_mono_0095,AY,302,0.040001000000000175,25.677099,25.7171,-,T,0,1,i,102,25.677099,25.7171,-,took
VIOLAGOD7_mono,VIOLAGOD7_mono_0096,UH,304,0.03999900000000167,25.8071,25.847099,T,K,0,1,took,103,25.7171,25.8871,i,a
VIOLAGOD7_mono,VIOLAGOD7_mono_0097,AH,306,0.04999899999999968,25.8871,25.937099,K,S,0,0,a,104,25.8871,25.937099,took,seat
VIOLAGOD7_mono,VIOLAGOD7_mono_0098,IY,308,0.03999899999999812,26.0471,26.087099,S,T,0,1,seat,105,25.937099,26.1171,a,near
VIOLAGOD7_mono,VIOLAGOD7_mono_0099,IH,311,0.03999899999999812,26.157101,26.1971,N,R,0,1,near,106,26.1171,26.237101,seat,the
VIOLAGOD7_mono,VIOLAGOD7_mono_0100,AH,314,0.050000999999998186,26.2771,26.327101,DH,W,0,0,the,107,26.237101,26.327101,near,window
VIOLAGOD7_mono,VIOLAGOD7_mono_0101,IH,316,0.03999899999999812,26.407101,26.4471,W,N,0,1,window,108,26.327101,26.6471,the,-
VIOLAGOD7_mono,VIOLAGOD7_mono_0102,OW,319,0.11999999999999744,26.5271,26.6471,D,-,0,0,window,108,26.327101,26.6471,the,-
VIOLAGOD7_mono,VIOLAGOD7_mono_0103,OW,324,0.03999999999999915,27.1008,27.1408,R,L,0,1,scrolled,110,26.900801,27.230801,-,my
VIOLAGOD7_mono,VIOLAGOD7_mono_0104,AY,328,0.040001000000000175,27.260799,27.3008,M,F,0,1,my,111,27.230801,27.3008,scrolled,phone
VIOLAGOD7_mono,VIOLAGOD7_mono_0105,OW,330,0.1900010000000023,27.420799,27.6108,F,N,0,1,phone,112,27.3008,27.693899,my,-
VIOLAGOD7_mono,VIOLAGOD7_mono_0106,AE,333,0.06000200000000078,27.879499,27.939501,-,N,0,1,and,114,27.879499,28.009501,-,overhead
VIOLAGOD7_mono,VIOLAGOD7_mono_0107,OW,336,0.12999900000000153,28.009501,28.1395,D,V,0,1,overhead,115,28.009501,28.459499,and,someone
VIOLAGOD7_mono,VIOLAGOD7_mono_0108,ER,338,0.16000000000000014,28.209499,28.369499,V,HH,0,0,overhead,115,28.009501,28.459499,and,someone
VIOLAGOD7_mono,VIOLAGOD7_mono_0109,EH,340,0.030000999999998612,28.3995,28.429501,HH,D,0,1,overhead,115,28.009501,28.459499,and,someone
VIOLAGOD7_mono,--,AH,343,0.02999900000000011,28.4995,28.529499,S,M,1,1,someone,116,28.459499,28.6695,overhead,say
VIOLAGOD7_mono,--,AH,346,0.02999900000000011,28.5895,28.619499,W,N,1,2,someone,116,28.459499,28.6695,overhead,say
VIOLAGOD7_mono,VIOLAGOD7_mono_0110,EY,349,0.17999799999999766,28.769501,28.949499,S,-,0,1,say,117,28.6695,28.949499,someone,-
VIOLAGOD7_mono,--,AH,352,0.02999799999999908,29.273001,29.302999,DH,JH,1,0,the,119,29.243,29.302999,-,giraffe
VIOLAGOD7_mono,VIOLAGOD7_mono_0111,ER,354,0.030001000000002165,29.403,29.433001,JH,AE1,0,0,giraffe,120,29.302999,29.773001,the,exhibit
VIOLAGOD7_mono,VIOLAGOD7_mono_0112,AE,355,0.09999799999999937,29.433001,29.532999,ER0,F,0,1,giraffe,120,29.302999,29.773001,the,exhibit
VIOLAGOD7_mono,VIOLAGOD7_mono_0113,IH,357,0.03999899999999812,29.773001,29.813,F,G,0,0,exhibit,121,29.773001,30.223,giraffe,opens
VIOLAGOD7_mono,VIOLAGOD7_mono_0114,IH,360,0.04999899999999968,29.933001,29.983,Z,B,0,1,exhibit,121,29.773001,30.223,giraffe,opens
VIOLAGOD7_mono,VIOLAGOD7_mono_0115,IH,362,0.08999999999999986,30.023001,30.113001,B,T,0,0,exhibit,121,29.773001,30.223,giraffe,opens
VIOLAGOD7_mono,VIOLAGOD7_mono_0116,OW,364,0.10000000000000142,30.223,30.323,T,P,0,1,opens,122,30.223,30.483,exhibit,at
VIOLAGOD7_mono,VIOLAGOD7_mono_0117,AH,366,0.030000999999998612,30.372999,30.403,P,N,0,0,opens,122,30.223,30.483,exhibit,at
VIOLAGOD7_mono,VIOLAGOD7_mono_0118,AE,369,0.0799999999999983,30.483,30.563,Z,T,0,1,at,123,30.483,30.632999,opens,noon
VIOLAGOD7_mono,--,UW,372,0.02999900000000011,30.673,30.702999,N,N,1,1,noon,124,30.632999,30.733,at,-
VIOLAGOD7_mono,VIOLAGOD7_mono_0119,IH,376,0.04999899999999968,31.2936,31.343599,W,CH,0,1,which,126,31.233601,31.403601,-,felt
VIOLAGOD7_mono,VIOLAGOD7_mono_0120,EH,379,0.030001000000002165,31.4636,31.493601,F,L,0,1,felt,127,31.403601,31.6336,which,-
VIOLAGOD7_mono,VIOLAGOD7_mono_0121,AA,383,0.1700000000000017,31.673599,31.843599,-,D,0,1,oddly,129,31.673599,31.9636,-,profound
VIOLAGOD7_mono,VIOLAGOD7_mono_0122,IY,386,0.030000999999998612,31.933599,31.9636,L,P,0,0,oddly,129,31.673599,31.9636,-,profound
VIOLAGOD7_mono,--,OW,389,0.02999900000000366,32.073601,32.1036,R,F,1,0,profound,130,31.9636,32.433601,oddly,at
VIOLAGOD7_mono,VIOLAGOD7_mono_0123,AW,391,0.13999999999999346,32.183601,32.323601,F,N,0,1,profound,130,31.9636,32.433601,oddly,at
VIOLAGOD7_mono,VIOLAGOD7_mono_0124,AE,394,0.07000000000000028,32.433601,32.503601,D,T,0,1,at,131,32.433601,32.593601,profound,the
VIOLAGOD7_mono,--,AH,397,0.029998999999996556,32.6236,32.653599,DH,T,1,0,the,132,32.593601,32.653599,at,time
VIOLAGOD7_mono,VIOLAGOD7_mono_0125,AY,399,0.04000099999999662,32.733601,32.773602,T,M,0,1,time,133,32.653599,32.803501,the,-
VIOLAGOD7_mono,VIOLAGOD7_mono_0126,AE,402,0.07000000000000028,33.665699,33.735699,-,F,0,1,after,135,33.665699,33.875698,-,a
VIOLAGOD7_mono,--,ER,405,0.029998999999996556,33.845699,33.875698,T,AH0,1,0,after,135,33.665699,33.875698,-,a
VIOLAGOD7_mono,VIOLAGOD7_mono_0127,AH,406,0.04000099999999662,33.875698,33.915699,ER0,F,0,0,a,136,33.875698,33.915699,after,few
VIOLAGOD7_mono,VIOLAGOD7_mono_0128,UW,409,0.060001000000006854,34.0457,34.105701,Y,B,0,1,few,137,33.915699,34.105701,a,bites
VIOLAGOD7_mono,VIOLAGOD7_mono_0129,AY,411,0.1100009999999969,34.185699,34.2957,B,T,0,1,bites,138,34.105701,34.395699,few,of
VIOLAGOD7_mono,VIOLAGOD7_mono_0130,AH,414,0.030001999999996087,34.395699,34.425701,S,V,0,0,of,139,34.395699,34.4557,bites,something
VIOLAGOD7_mono,--,AH,417,0.02999799999999908,34.5257,34.555698,S,M,1,1,something,140,34.4557,34.755699,of,vaguely
VIOLAGOD7_mono,--,IH,420,0.029998999999996556,34.6357,34.665699,TH,NG,1,0,something,140,34.4557,34.755699,of,vaguely
VIOLAGOD7_mono,VIOLAGOD7_mono_0131,EY,423,0.11999899999999997,34.905701,35.0257,V,G,0,1,vaguely,141,34.755699,35.245701,something,egg
VIOLAGOD7_mono,VIOLAGOD7_mono_0132,IY,426,0.10000199999999637,35.145699,35.245701,L,EH1,0,0,vaguely,141,34.755699,35.245701,something,egg
VIOLAGOD7_mono,VIOLAGOD7_mono_0133,EH,427,0.11000000000000654,35.245701,35.355701,IY0,G,0,1,egg,142,35.245701,35.435699,vaguely,shaped
VIOLAGOD7_mono,VIOLAGOD7_mono_0134,EY,430,0.11999899999999997,35.5457,35.665699,SH,P,0,1,shaped,143,35.435699,35.765701,egg,-
VIOLAGOD7_mono,VIOLAGOD7_mono_0135,AY,434,0.06000099999999975,36.077099,36.1371,-,W,0,1,i,145,36.077099,36.1371,-,wandered
VIOLAGOD7_mono,VIOLAGOD7_mono_0136,AA,436,0.04000100000000373,36.2771,36.317101,W,N,0,1,wandered,146,36.1371,36.507099,i,to
VIOLAGOD7_mono,VIOLAGOD7_mono_0137,ER,439,0.07999799999999624,36.377102,36.4571,D,D,0,0,wandered,146,36.1371,36.507099,i,to
VIOLAGOD7_mono,--,AH,442,0.029998999999996556,36.5471,36.577099,T,DH,1,0,to,147,36.507099,36.577099,wandered,the
VIOLAGOD7_mono,VIOLAGOD7_mono_0138,AH,444,0.04000100000000373,36.627098,36.667099,DH,P,0,0,the,148,36.577099,36.667099,to,park
VIOLAGOD7_mono,--,AA,446,0.029998999999996556,36.7271,36.757099,P,R,1,1,park,149,36.667099,36.837101,the,-
VIOLAGOD7_mono,VIOLAGOD7_mono_0139,AH,450,0.04999899999999968,37.5145,37.564499,-,K,0,0,a,151,37.5145,37.564499,-,kid
VIOLAGOD7_mono,VIOLAGOD7_mono_0140,IH,452,0.06000099999999975,37.6945,37.754501,K,D,0,1,kid,152,37.564499,37.824501,a,zoomed
VIOLAGOD7_mono,VIOLAGOD7_mono_0141,UW,455,0.10000199999999637,37.9245,38.024502,Z,M,0,1,zoomed,153,37.824501,38.094501,kid,by
VIOLAGOD7_mono,VIOLAGOD7_mono_0142,AY,459,0.1600000000000037,38.1245,38.2845,B,AA1,0,1,by,154,38.094501,38.2845,zoomed,on
VIOLAGOD7_mono,--,AA,460,0.029998999999996556,38.2845,38.314499,AY1,N,1,1,on,155,38.2845,38.344501,by,a
VIOLAGOD7_mono,VIOLAGOD7_mono_0143,AH,462,0.04999999999999716,38.344501,38.394501,N,S,0,0,a,156,38.344501,38.394501,on,scooter
VIOLAGOD7_mono,VIOLAGOD7_mono_0144,UW,465,0.05999699999999564,38.554501,38.614498,K,T,0,1,scooter,157,38.394501,38.6945,a,yelling
VIOLAGOD7_mono,VIOLAGOD7_mono_0145,ER,467,0.04999899999999968,38.644501,38.6945,T,Y,0,0,scooter,157,38.394501,38.6945,a,yelling
VIOLAGOD7_mono,VIOLAGOD7_mono_0146,EH,469,0.05999700000000274,38.774502,38.834499,Y,L,0,1,yelling,158,38.6945,39.024502,scooter,zoom
VIOLAGOD7_mono,VIOLAGOD7_mono_0147,IH,471,0.06999900000000281,38.884499,38.954498,L,NG,0,0,yelling,158,38.6945,39.024502,scooter,zoom
VIOLAGOD7_mono,VIOLAGOD7_mono_0148,UW,474,0.1399990000000031,39.144501,39.2845,Z,M,0,1,zoom,159,39.024502,39.344501,yelling,zoom
VIOLAGOD7_mono,VIOLAGOD7_mono_0149,UW,477,0.17000099999999918,39.4245,39.594501,Z,M,0,1,zoom,160,39.344501,39.6245,zoom,-
VIOLAGOD7_mono,--,AY,481,0.02999900000000366,39.962101,39.9921,L,K,1,1,like,162,39.952099,40.032101,-,it
VIOLAGOD7_mono,--,IH,483,0.029998000000006186,40.032101,40.062099,K,T,1,1,it,163,40.032101,40.092098,like,was
VIOLAGOD7_mono,--,AH,486,0.029998999999996556,40.122101,40.1521,W,Z,1,0,was,164,40.092098,40.222099,it,a
VIOLAGOD7_mono,VIOLAGOD7_mono_0150,AH,488,0.04999999999999716,40.222099,40.272099,Z,S,0,0,a,165,40.222099,40.272099,was,sound
VIOLAGOD7_mono,VIOLAGOD7_mono_0151,AW,490,0.09000000000000341,40.382099,40.472099,S,N,0,1,sound,166,40.272099,40.542099,a,effect
VIOLAGOD7_mono,VIOLAGOD7_mono_0152,AH,493,0.030003000000000668,40.542099,40.572102,D,F,0,0,effect,167,40.542099,40.772099,sound,that
VIOLAGOD7_mono,VIOLAGOD7_mono_0153,EH,495,0.07000000000000028,40.642101,40.712101,F,K,0,1,effect,167,40.542099,40.772099,sound,that
VIOLAGOD7_mono,VIOLAGOD7_mono_0154,AH,499,0.039996999999999616,40.802101,40.842098,DH,T,0,0,that,168,40.772099,40.892101,effect,summoned
VIOLAGOD7_mono,VIOLAGOD7_mono_0155,AH,502,0.06000099999999975,40.9921,41.052101,S,M,0,1,summoned,169,40.892101,41.232101,that,speed
VIOLAGOD7_mono,VIOLAGOD7_mono_0156,AH,504,0.04000099999999662,41.092098,41.132099,M,N,0,0,summoned,169,40.892101,41.232101,that,speed
VIOLAGOD7_mono,VIOLAGOD7_mono_0157,IY,509,0.04000100000000373,41.382099,41.4221,P,D,0,1,speed,170,41.232101,41.532101,summoned,-
VIOLAGOD7_mono,VIOLAGOD7_mono_0158,AY,512,0.04999899999999968,42.1777,42.227699,-,S,0,1,i,172,42.1777,42.227699,-,sat
VIOLAGOD7_mono,VIOLAGOD7_mono_0159,AE,514,0.13000100000000003,42.3377,42.467701,S,T,0,1,sat,173,42.227699,42.4977,i,under
VIOLAGOD7_mono,VIOLAGOD7_mono_0160,AH,516,0.0699989999999957,42.4977,42.567699,T,N,0,1,under,174,42.4977,42.717701,sat,a
VIOLAGOD7_mono,VIOLAGOD7_mono_0161,ER,519,0.08000200000000035,42.637699,42.717701,D,AH0,0,0,under,174,42.4977,42.717701,sat,a
VIOLAGOD7_mono,VIOLAGOD7_mono_0162,AH,520,0.04999899999999968,42.717701,42.7677,ER0,T,0,0,a,175,42.717701,42.7677,under,tree
VIOLAGOD7_mono,VIOLAGOD7_mono_0163,IY,523,0.07000000000000028,42.957699,43.027699,R,-,0,1,tree,176,42.7677,43.027699,a,-
VIOLAGOD7_mono,--,IH,526,0.02999900000000366,43.4725,43.502499,L,S,1,1,listened,178,43.442501,43.642502,-,to
VIOLAGOD7_mono,--,AH,528,0.029998000000006186,43.5425,43.572498,S,N,1,0,listened,178,43.442501,43.642502,-,to
VIOLAGOD7_mono,--,AH,532,0.029998000000006186,43.672501,43.702499,T,DH,1,0,to,179,43.642502,43.702499,listened,the
VIOLAGOD7_mono,VIOLAGOD7_mono_0164,AH,534,0.04000099999999662,43.762501,43.802502,DH,B,0,0,the,180,43.702499,43.802502,to,breeze
VIOLAGOD7_mono,VIOLAGOD7_mono_0165,IY,537,0.15000100000000316,43.932499,44.0825,R,Z,0,1,breeze,181,43.802502,44.232498,the,-
VIOLAGOD7_mono,VIOLAGOD7_mono_0166,AH,540,0.08000200000000035,44.305599,44.385601,-,N,0,0,and,183,44.305599,44.475601,-,watched
VIOLAGOD7_mono,VIOLAGOD7_mono_0167,AA,544,0.09999900000000395,44.5256,44.625599,W,CH,0,1,watched,184,44.475601,44.715599,and,-
VIOLAGOD7_mono,VIOLAGOD7_mono_0168,AH,548,0.09000100000000089,44.7756,44.865601,-,Y,0,0,a,186,44.7756,44.865601,-,yellow
VIOLAGOD7_mono,VIOLAGOD7_mono_0169,EH,550,0.060001999999997224,44.9356,44.995602,Y,L,0,1,yellow,187,44.865601,45.0956,a,balloon
VIOLAGOD7_mono,VIOLAGOD7_mono_0170,OW,552,0.06000099999999975,45.035599,45.0956,L,B,0,0,yellow,187,44.865601,45.0956,a,balloon
VIOLAGOD7_mono,--,AH,554,0.009997999999995955,45.155602,45.1656,B,L,1,0,balloon,188,45.0956,45.4156,yellow,get
VIOLAGOD7_mono,VIOLAGOD7_mono_0171,UW,556,0.11999899999999997,45.2556,45.375599,L,N,0,1,balloon,188,45.0956,45.4156,yellow,get
VIOLAGOD7_mono,VIOLAGOD7_mono_0172,IH,559,0.06000099999999975,45.4856,45.545601,G,T,0,1,get,189,45.4156,45.605598,balloon,tangled
VIOLAGOD7_mono,VIOLAGOD7_mono_0173,AE,562,0.0699989999999957,45.705601,45.7756,T,NG,0,1,tangled,190,45.605598,46.035599,get,in
VIOLAGOD7_mono,VIOLAGOD7_mono_0174,AH,565,0.039996999999999616,45.885601,45.925598,G,L,0,0,tangled,190,45.605598,46.035599,get,in
VIOLAGOD7_mono,VIOLAGOD7_mono_0175,IH,568,0.050003000000003794,46.035599,46.085602,D,N,0,0,in,191,46.035599,46.115601,tangled,a
VIOLAGOD7_mono,VIOLAGOD7_mono_0176,AH,570,0.04000100000000373,46.115601,46.155602,N,P,0,0,a,192,46.115601,46.155602,in,power
VIOLAGOD7_mono,VIOLAGOD7_mono_0177,AW,572,0.1399990000000031,46.245602,46.385601,P,ER0,0,1,power,193,46.155602,46.425598,a,line
VIOLAGOD7_mono,VIOLAGOD7_mono_0178,ER,573,0.039996999999999616,46.385601,46.425598,AW1,L,0,0,power,193,46.155602,46.425598,a,line
VIOLAGOD7_mono,VIOLAGOD7_mono_0179,AY,575,0.06000099999999975,46.5056,46.565601,L,N,0,1,line,194,46.425598,46.615601,power,-
VIOLAGOD7_mono,VIOLAGOD7_mono_0180,IH,579,0.04999899999999968,47.214802,47.264801,W,R,0,1,weird,196,47.164799,47.4048,-,morning
VIOLAGOD7_mono,VIOLAGOD7_mono_0181,AO,583,0.07000000000000028,47.444801,47.514801,M,R,0,1,morning,197,47.4048,47.774799,weird,-
VIOLAGOD7_mono,VIOLAGOD7_mono_0182,IH,586,0.06000200000000433,47.614799,47.674801,N,NG,0,0,morning,197,47.4048,47.774799,weird,-
VIOLAGOD7_mono,VIOLAGOD7_mono_0183,AH,590,0.030003000000000668,48.079498,48.109501,B,T,0,1,but,199,48.0495,48.1395,-,honestly
VIOLAGOD7_mono,VIOLAGOD7_mono_0184,AA,592,0.1399990000000031,48.1395,48.279499,T,N,0,1,honestly,200,48.1395,48.619499,but,-
VIOLAGOD7_mono,--,AH,594,0.02999799999999908,48.309502,48.3395,N,S,1,0,honestly,200,48.1395,48.619499,but,-
VIOLAGOD7_mono,VIOLAGOD7_mono_0185,IY,598,0.10999999999999943,48.509499,48.619499,L,-,0,0,honestly,200,48.1395,48.619499,but,-
VIOLAGOD7_mono,VIOLAGOD7_mono_0186,AA,601,0.04999899999999968,49.081402,49.131401,N,T,0,1,not,202,49.031399,49.1814,-,the
VIOLAGOD7_mono,VIOLAGOD7_mono_0187,AH,604,0.030003000000000668,49.211399,49.241402,DH,W,0,0,the,203,49.1814,49.241402,not,worst
VIOLAGOD7_mono,VIOLAGOD7_mono_0188,ER,606,0.0899960000000064,49.331402,49.421398,W,S,0,1,worst,204,49.241402,49.621399,the,-
W8C94LK3M_mono,W8C94LK3M_mono_0001,OW,3,0.06000000000000005,2.1038,2.1638,S,DH,0,1,so,2,2.0038,2.1638,-,this
W8C94LK3M_mono,W8C94LK3M_mono_0002,IH,5,0.040000000000000036,2.2138,2.2538,DH,S,0,1,this,3,2.1638,2.3338,so,morning
W8C94LK3M_mono,W8C94LK3M_mono_0003,AO,8,0.03000000000000025,2.4038,2.4338,M,R,0,1,morning,4,2.3338,2.7538,this,-
W8C94LK3M_mono,W8C94LK3M_mono_0004,IH,11,0.1200000000000001,2.5338,2.6538,N,NG,0,0,morning,4,2.3338,2.7538,this,-
W8C94LK3M_mono,W8C94LK3M_mono_0005,AY,14,0.0900000000000003,2.8116,2.9016,-,W,0,1,i,6,2.8116,2.9016,-,woke
W8C94LK3M_mono,W8C94LK3M_mono_0006,OW,16,0.06000000000000005,2.9916,3.0516,W,K,0,1,woke,7,2.9016,3.1316,i,up
W8C94LK3M_mono,--,AH,18,0.029999999999999805,3.1316,3.1616,K,P,1,1,up,8,3.1316,3.2616,woke,and
W8C94LK3M_mono,W8C94LK3M_mono_0007,AH,20,0.33999999999999986,3.2616,3.6016,P,N,0,0,and,9,3.2616,3.6716,up,immediately
W8C94LK3M_mono,--,IH,23,0.029999999999999805,3.6716,3.7016,D,M,1,0,immediately,10,3.6716,4.1016,and,stubbed
W8C94LK3M_mono,W8C94LK3M_mono_0008,IY,25,0.07000000000000028,3.7916,3.8616,M,D,0,1,immediately,10,3.6716,4.1016,and,stubbed
W8C94LK3M_mono,W8C94LK3M_mono_0009,IY,27,0.040000000000000036,3.9116,3.9516,D,AH0,0,0,immediately,10,3.6716,4.1016,and,stubbed
W8C94LK3M_mono,W8C94LK3M_mono_0010,AH,28,0.040000000000000036,3.9516,3.9916,IY0,T,0,0,immediately,10,3.6716,4.1016,and,stubbed
W8C94LK3M_mono,W8C94LK3M_mono_0011,IY,31,0.040000000000000036,4.0616,4.1016,L,S,0,0,immediately,10,3.6716,4.1016,and,stubbed
W8C94LK3M_mono,W8C94LK3M_mono_0012,AH,34,0.05999999999999961,4.2416,4.3016,T,B,0,1,stubbed,11,4.1016,4.3616,immediately,my
W8C94LK3M_mono,W8C94LK3M_mono_0013,AY,38,0.07999999999999918,4.3916,4.4716,M,T,0,1,my,12,4.3616,4.4716,stubbed,toe
W8C94LK3M_mono,W8C94LK3M_mono_0014,OW,40,0.05999999999999961,4.6016,4.6616,T,AA1,0,1,toe,13,4.4716,4.6616,my,on
W8C94LK3M_mono,W8C94LK3M_mono_0015,AA,41,0.08999999999999986,4.6616,4.7516,OW1,N,0,1,on,14,4.6616,4.7816,toe,the
W8C94LK3M_mono,W8C94LK3M_mono_0016,AH,44,0.03000000000000025,4.8216,4.8516,DH,D,0,0,the,15,4.7816,4.8516,on,dresser
W8C94LK3M_mono,W8C94LK3M_mono_0017,EH,47,0.04999999999999982,4.9516,5.0016,R,S,0,1,dresser,16,4.8516,5.3216,the,-
W8C94LK3M_mono,W8C94LK3M_mono_0018,ER,49,0.1900000000000004,5.1316,5.3216,S,-,0,0,dresser,16,4.8516,5.3216,the,-
W8C94LK3M_mono,W8C94LK3M_mono_0019,EY,53,0.08999999999999986,5.74,5.83,R,T,0,1,great,18,5.58,5.9,-,start
W8C94LK3M_mono,W8C94LK3M_mono_0020,AA,57,0.04999999999999982,6.01,6.06,T,R,0,1,start,19,5.9,6.22,great,right
W8C94LK3M_mono,W8C94LK3M_mono_0021,AY,61,0.14000000000000057,6.3,6.44,R,T,0,1,right,20,6.22,6.4768,start,-
W8C94LK3M_mono,W8C94LK3M_mono_0022,AY,64,0.07000000000000028,7.1568,7.2268,-,G,0,1,i,22,7.1568,7.2268,-,grumbled
W8C94LK3M_mono,W8C94LK3M_mono_0023,AH,67,0.0600000000000005,7.3968,7.4568,R,M,0,1,grumbled,23,7.2268,7.6568,i,something
W8C94LK3M_mono,--,AH,70,0.009999999999999787,7.5368,7.5468,B,L,1,0,grumbled,23,7.2268,7.6568,i,something
W8C94LK3M_mono,W8C94LK3M_mono_0024,AH,74,0.05000000000000071,7.6968,7.7468,S,M,0,1,something,24,7.6568,7.9368,grumbled,half
W8C94LK3M_mono,W8C94LK3M_mono_0025,IH,77,0.04999999999999982,7.8368,7.8868,TH,NG,0,0,something,24,7.6568,7.9368,grumbled,half
W8C94LK3M_mono,W8C94LK3M_mono_0026,AE,80,0.09000000000000075,7.9768,8.0668,HH,F,0,1,half,25,7.9368,8.1468,something,conscious
W8C94LK3M_mono,W8C94LK3M_mono_0027,AA,83,0.08999999999999986,8.2268,8.3168,K,N,0,1,conscious,26,8.1468,8.6868,half,-
W8C94LK3M_mono,W8C94LK3M_mono_0028,AH,86,0.13000000000000078,8.4268,8.5568,SH,S,0,0,conscious,26,8.1468,8.6868,half,-
W8C94LK3M_mono,W8C94LK3M_mono_0029,AE,91,0.120000000000001,8.9218,9.0418,R,B,0,1,grabbed,28,8.7418,9.1118,-,whatever
W8C94LK3M_mono,W8C94LK3M_mono_0030,AH,95,0.030000000000001137,9.1518,9.1818,W,T,0,2,whatever,29,9.1118,9.3818,grabbed,shirt
W8C94LK3M_mono,W8C94LK3M_mono_0031,EH,97,0.049999999999998934,9.2118,9.2618,T,V,0,1,whatever,29,9.1118,9.3818,grabbed,shirt
W8C94LK3M_mono,W8C94LK3M_mono_0032,ER,99,0.05000000000000071,9.3318,9.3818,V,SH,0,0,whatever,29,9.1118,9.3818,grabbed,shirt
W8C94LK3M_mono,W8C94LK3M_mono_0033,ER,101,0.07000000000000028,9.4918,9.5618,SH,T,0,1,shirt,30,9.3818,9.5918,whatever,was
W8C94LK3M_mono,--,AH,104,0.02999999999999936,9.6218,9.6518,W,Z,1,0,was,31,9.5918,9.6918,shirt,clean
W8C94LK3M_mono,W8C94LK3M_mono_0034,IY,108,0.08999999999999986,9.8718,9.9618,L,N,0,1,clean,32,9.6918,10.0118,was,ish
W8C94LK3M_mono,W8C94LK3M_mono_0035,IH,110,0.19000000000000128,10.0118,10.2018,N,SH,0,1,ish,33,10.0118,10.3818,clean,-
W8C94LK3M_mono,--,AE,113,0.02999999999999936,10.5357,10.5657,-,N,1,1,and,35,10.5357,10.6457,-,headed
W8C94LK3M_mono,W8C94LK3M_mono_0036,EH,117,0.049999999999998934,10.7057,10.7557,HH,D,0,1,headed,36,10.6457,10.8557,and,out
W8C94LK3M_mono,--,AH,119,0.02999999999999936,10.7957,10.8257,D,D,1,0,headed,36,10.6457,10.8557,and,out
W8C94LK3M_mono,W8C94LK3M_mono_0037,AW,121,0.16999999999999993,10.8557,11.0257,D,T,0,1,out,37,10.8557,11.0602,headed,-
W8C94LK3M_mono,W8C94LK3M_mono_0038,AH,125,0.03999999999999915,11.8656,11.9056,DH,S,0,0,the,39,11.8156,11.9056,-,sky
W8C94LK3M_mono,W8C94LK3M_mono_0039,AY,128,0.09999999999999964,12.0556,12.1556,K,L,0,1,sky,40,11.9056,12.1556,the,looked
W8C94LK3M_mono,--,UH,130,0.02999999999999936,12.2356,12.2656,L,K,1,1,looked,41,12.1556,12.3656,sky,weird
W8C94LK3M_mono,W8C94LK3M_mono_0040,IH,134,0.09999999999999964,12.4356,12.5356,W,R,0,1,weird,42,12.3656,12.7356,looked,-
W8C94LK3M_mono,W8C94LK3M_mono_0041,AY,139,0.05000000000000071,12.8708,12.9208,L,K,0,1,like,44,12.7908,12.9808,-,that
W8C94LK3M_mono,W8C94LK3M_mono_0042,AE,142,0.05000000000000071,13.0208,13.0708,DH,T,0,1,that,45,12.9808,13.1308,like,shade
W8C94LK3M_mono,W8C94LK3M_mono_0043,EY,145,0.049999999999998934,13.2208,13.2708,SH,D,0,1,shade,46,13.1308,13.3108,that,of
W8C94LK3M_mono,W8C94LK3M_mono_0044,AH,147,0.049999999999998934,13.3108,13.3608,D,V,0,0,of,47,13.3108,13.4308,shade,blue
W8C94LK3M_mono,W8C94LK3M_mono_0045,UW,151,0.05999999999999872,13.5408,13.6008,L,G,0,1,blue,48,13.4308,13.6008,of,gray
W8C94LK3M_mono,W8C94LK3M_mono_0046,EY,154,0.10999999999999943,13.7308,13.8408,R,DH,0,1,gray,49,13.6008,13.8408,blue,that
W8C94LK3M_mono,W8C94LK3M_mono_0047,AE,156,0.039998999999999896,13.8908,13.930799,DH,T,0,1,that,50,13.8408,13.9808,gray,makes
W8C94LK3M_mono,W8C94LK3M_mono_0048,EY,159,0.05000000000000071,14.0308,14.0808,M,K,0,1,makes,51,13.9808,14.1908,that,you
W8C94LK3M_mono,--,UW,163,0.02999999999999936,14.2208,14.2508,Y,K,1,1,you,52,14.1908,14.2508,makes,question
W8C94LK3M_mono,--,EH,166,0.02999999999999936,14.3808,14.4108,W,S,1,1,question,53,14.2508,14.6508,you,if
W8C94LK3M_mono,W8C94LK3M_mono_0049,AH,169,0.03999999999999915,14.5508,14.5908,CH,N,0,0,question,53,14.2508,14.6508,you,if
W8C94LK3M_mono,--,IH,171,0.02999900000000011,14.6508,14.680799,N,F,1,1,if,54,14.6508,14.7408,question,it's
W8C94LK3M_mono,W8C94LK3M_mono_0050,IH,173,0.03999999999999915,14.7408,14.7808,F,T,0,0,it's,55,14.7408,14.8608,if,about
W8C94LK3M_mono,W8C94LK3M_mono_0051,AH,176,0.040000000000000924,14.8608,14.9008,S,B,0,0,about,56,14.8608,15.1008,it's,to
W8C94LK3M_mono,W8C94LK3M_mono_0052,AW,178,0.08000000000000007,14.9608,15.0408,B,T,0,1,about,56,14.8608,15.1008,it's,to
W8C94LK3M_mono,W8C94LK3M_mono_0053,AH,181,0.03999999999999915,15.1608,15.2008,T,R,0,0,to,57,15.1008,15.2008,about,rain
W8C94LK3M_mono,W8C94LK3M_mono_0054,EY,183,0.0799999999999983,15.2908,15.3708,R,N,0,1,rain,58,15.2008,15.4008,to,or
W8C94LK3M_mono,W8C94LK3M_mono_0055,ER,185,0.08999999999999986,15.4008,15.4908,N,N,0,0,or,59,15.4008,15.4908,rain,not
W8C94LK3M_mono,W8C94LK3M_mono_0056,AA,187,0.049999999999998934,15.5408,15.5908,N,T,0,1,not,60,15.4908,15.7408,or,-
W8C94LK3M_mono,W8C94LK3M_mono_0057,AY,190,0.06000099999999975,16.398199,16.4582,-,S,0,1,i,62,16.398199,16.4582,-,stopped
W8C94LK3M_mono,W8C94LK3M_mono_0058,AA,193,0.1000009999999989,16.6182,16.718201,T,P,0,1,stopped,63,16.4582,16.7882,i,by
W8C94LK3M_mono,W8C94LK3M_mono_0059,AY,197,0.08000000000000185,16.818199,16.898199,B,DH,0,1,by,64,16.7882,16.898199,stopped,the
W8C94LK3M_mono,--,AH,199,0.02999900000000011,16.9582,16.988199,DH,K,1,0,the,65,16.898199,16.988199,by,corner
W8C94LK3M_mono,W8C94LK3M_mono_0060,AO,201,0.040001000000000175,17.0882,17.128201,K,R,0,1,corner,66,16.988199,17.2782,the,store
W8C94LK3M_mono,W8C94LK3M_mono_0061,ER,204,0.06999999999999673,17.2082,17.2782,N,S,0,0,corner,66,16.988199,17.2782,the,store
W8C94LK3M_mono,W8C94LK3M_mono_0062,AO,207,0.08000000000000185,17.408199,17.488199,T,R,0,1,store,67,17.2782,17.638201,corner,-
W8C94LK3M_mono,W8C94LK3M_mono_0063,AH,211,0.040001000000000175,17.7069,17.746901,T,G,0,0,to,69,17.666901,17.746901,-,grab
W8C94LK3M_mono,W8C94LK3M_mono_0064,AE,214,0.059999000000001246,17.846901,17.9069,R,B,0,1,grab,70,17.746901,17.9569,to,a
W8C94LK3M_mono,W8C94LK3M_mono_0065,AH,216,0.050000999999998186,17.9569,18.006901,B,T,0,0,a,71,17.9569,18.006901,grab,toasted
W8C94LK3M_mono,W8C94LK3M_mono_0066,OW,218,0.059999000000001246,18.1269,18.186899,T,S,0,1,toasted,72,18.006901,18.416901,a,bagel
W8C94LK3M_mono,W8C94LK3M_mono_0067,IH,221,0.030001000000002165,18.3069,18.336901,T,D,0,0,toasted,72,18.006901,18.416901,a,bagel
W8C94LK3M_mono,W8C94LK3M_mono_0068,EY,224,0.10999999999999943,18.4569,18.5669,B,G,0,1,bagel,73,18.416901,18.866899,toasted,and
W8C94LK3M_mono,W8C94LK3M_mono_0069,AH,226,0.050001999999999214,18.616899,18.666901,G,L,0,0,bagel,73,18.416901,18.866899,toasted,and
W8C94LK3M_mono,W8C94LK3M_mono_0070,AH,228,0.0799999999999983,18.866899,18.946899,L,N,0,0,and,74,18.866899,19.016899,bagel,orange
W8C94LK3M_mono,W8C94LK3M_mono_0071,AO,231,0.11000100000000046,19.016899,19.1269,D,R,0,1,orange,75,19.016899,19.4069,and,juice
W8C94LK3M_mono,--,AH,233,0.02999900000000011,19.176901,19.2069,R,N,1,0,orange,75,19.016899,19.4069,and,juice
W8C94LK3M_mono,W8C94LK3M_mono_0072,UW,237,0.1499990000000011,19.4669,19.616899,JH,S,0,1,juice,76,19.4069,19.7369,orange,-
W8C94LK3M_mono,W8C94LK3M_mono_0073,AH,241,0.030000000000001137,20.0959,20.1259,B,T,0,1,but,78,20.065901,20.165899,-,they
W8C94LK3M_mono,W8C94LK3M_mono_0074,EY,244,0.04999899999999968,20.2059,20.255899,DH,W,0,1,they,79,20.165899,20.255899,but,were
W8C94LK3M_mono,W8C94LK3M_mono_0075,ER,246,0.11999899999999997,20.2959,20.415899,W,AW1,0,0,were,80,20.255899,20.415899,they,out
W8C94LK3M_mono,W8C94LK3M_mono_0076,AW,247,0.07000199999999879,20.415899,20.485901,ER0,T,0,1,out,81,20.415899,20.5159,were,of
W8C94LK3M_mono,W8C94LK3M_mono_0077,AH,249,0.030000000000001137,20.5159,20.5459,T,V,0,0,of,82,20.5159,20.6359,out,both
W8C94LK3M_mono,W8C94LK3M_mono_0078,OW,252,0.120000000000001,20.6759,20.7959,B,TH,0,1,both,83,20.6359,20.835899,of,-
W8C94LK3M_mono,W8C94LK3M_mono_0079,AH,256,0.040001000000000175,21.5695,21.609501,DH,K,0,0,the,85,21.539499,21.609501,-,cashier
W8C94LK3M_mono,W8C94LK3M_mono_0080,AE,258,0.07000000000000028,21.689501,21.759501,K,SH,0,0,cashier,86,21.609501,21.9995,the,joked
W8C94LK3M_mono,W8C94LK3M_mono_0081,IH,260,0.06000200000000078,21.879499,21.939501,SH,R,0,1,cashier,86,21.609501,21.9995,the,joked
W8C94LK3M_mono,W8C94LK3M_mono_0082,OW,263,0.1499990000000011,22.099501,22.2495,JH,K,0,1,joked,87,21.9995,22.349501,cashier,-
W8C94LK3M_mono,--,IH,267,0.02999900000000011,22.555401,22.5854,-,T,1,0,it's,89,22.555401,22.6954,-,monday
W8C94LK3M_mono,W8C94LK3M_mono_0083,AH,271,0.04999899999999968,22.7754,22.825399,M,N,0,1,monday,90,22.6954,23.0254,it's,energy
W8C94LK3M_mono,W8C94LK3M_mono_0084,EY,274,0.10000000000000142,22.9254,23.0254,D,EH1,0,2,monday,90,22.6954,23.0254,it's,energy
W8C94LK3M_mono,W8C94LK3M_mono_0085,EH,275,0.04999899999999968,23.0254,23.075399,EY2,N,0,1,energy,91,23.0254,23.465401,monday,-
W8C94LK3M_mono,W8C94LK3M_mono_0086,ER,277,0.07999900000000082,23.125401,23.2054,N,JH,0,0,energy,91,23.0254,23.465401,monday,-
W8C94LK3M_mono,W8C94LK3M_mono_0087,IY,279,0.1700000000000017,23.295401,23.465401,JH,-,0,0,energy,91,23.0254,23.465401,monday,-
W8C94LK3M_mono,--,AH,281,0.010000000000001563,23.690399,23.700399,-,N,1,0,and,93,23.690399,23.760401,-,i
W8C94LK3M_mono,W8C94LK3M_mono_0088,AY,284,0.03999899999999812,23.760401,23.8004,D,HH,0,1,i,94,23.760401,23.8004,and,half
W8C94LK3M_mono,W8C94LK3M_mono_0089,AE,286,0.09999800000000292,23.920401,24.020399,HH,F,0,1,half,95,23.8004,24.120399,i,laughed
W8C94LK3M_mono,W8C94LK3M_mono_0090,AE,289,0.09999799999999937,24.180401,24.280399,L,F,0,1,laughed,96,24.120399,24.3804,half,because
W8C94LK3M_mono,--,IH,293,0.029998000000002634,24.420401,24.450399,B,K,1,0,because,97,24.3804,24.840401,laughed,-
W8C94LK3M_mono,W8C94LK3M_mono_0091,AH,295,0.12000100000000202,24.530399,24.6504,K,Z,0,1,because,97,24.3804,24.840401,laughed,-
W8C94LK3M_mono,W8C94LK3M_mono_0092,AE,299,0.19000099999999875,25.0457,25.235701,Y,-,0,1,yeah,99,24.985701,25.235701,-,-
W8C94LK3M_mono,W8C94LK3M_mono_0093,UW,303,0.1900010000000023,25.592899,25.7829,R,-,0,1,true,101,25.4729,25.7829,-,-
W8C94LK3M_mono,W8C94LK3M_mono_0094,AY,305,0.030000999999998612,26.587999,26.618,-,T,0,1,i,103,26.587999,26.618,-,took
W8C94LK3M_mono,W8C94LK3M_mono_0095,UH,307,0.03999900000000167,26.718,26.757999,T,K,0,1,took,104,26.618,26.808001,i,a
W8C94LK3M_mono,W8C94LK3M_mono_0096,AH,309,0.05999899999999769,26.808001,26.868,K,S,0,0,a,105,26.808001,26.868,took,seat
W8C94LK3M_mono,W8C94LK3M_mono_0097,IY,311,0.0799999999999983,26.997999,27.077999,S,T,0,1,seat,106,26.868,27.138,a,near
W8C94LK3M_mono,W8C94LK3M_mono_0098,IH,314,0.030001000000002165,27.167999,27.198,N,R,0,1,near,107,27.138,27.257999,seat,the
W8C94LK3M_mono,W8C94LK3M_mono_0099,AH,317,0.03999900000000167,27.298,27.337999,DH,W,0,0,the,108,27.257999,27.337999,near,window
W8C94LK3M_mono,W8C94LK3M_mono_0100,IH,319,0.040001000000000175,27.417999,27.458,W,N,0,1,window,109,27.337999,27.788,the,-
W8C94LK3M_mono,W8C94LK3M_mono_0101,OW,322,0.2299989999999994,27.558001,27.788,D,-,0,0,window,109,27.337999,27.788,the,-
W8C94LK3M_mono,W8C94LK3M_mono_0102,OW,327,0.059999000000001246,28.0793,28.139299,R,L,0,1,scrolled,111,27.879299,28.219299,-,my
W8C94LK3M_mono,W8C94LK3M_mono_0103,AY,331,0.0799999999999983,28.2693,28.3493,M,F,0,1,my,112,28.219299,28.3493,scrolled,phone
W8C94LK3M_mono,W8C94LK3M_mono_0104,OW,333,0.04999899999999968,28.439301,28.4893,F,N,0,1,phone,113,28.3493,28.719299,my,-
W8C94LK3M_mono,W8C94LK3M_mono_0105,AH,336,0.040001000000000175,28.9324,28.972401,-,N,0,0,and,115,28.9324,29.0424,-,overheard
W8C94LK3M_mono,W8C94LK3M_mono_0106,OW,339,0.05000000000000071,29.0424,29.0924,D,V,0,1,overheard,116,29.0424,29.402399,and,someone
W8C94LK3M_mono,W8C94LK3M_mono_0107,ER,341,0.07000200000000234,29.152399,29.222401,V,HH,0,0,overheard,116,29.0424,29.402399,and,someone
W8C94LK3M_mono,W8C94LK3M_mono_0108,ER,343,0.05999899999999769,29.2724,29.332399,HH,D,0,1,overheard,116,29.0424,29.402399,and,someone
W8C94LK3M_mono,W8C94LK3M_mono_0109,AH,346,0.03999899999999812,29.4524,29.492399,S,M,0,1,someone,117,29.402399,29.632401,overheard,say
W8C94LK3M_mono,--,AH,349,0.02999799999999908,29.552401,29.582399,W,N,1,2,someone,117,29.402399,29.632401,overheard,say
W8C94LK3M_mono,W8C94LK3M_mono_0110,EY,352,0.2299989999999994,29.722401,29.9524,S,-,0,1,say,118,29.632401,29.9524,someone,-
W8C94LK3M_mono,--,AH,355,0.02999900000000011,30.349001,30.379,DH,JH,1,0,the,120,30.309,30.379,-,giraffe
W8C94LK3M_mono,W8C94LK3M_mono_0111,ER,357,0.10000100000000245,30.438999,30.539,JH,AE1,0,0,giraffe,121,30.379,30.698999,the,exhibit
W8C94LK3M_mono,W8C94LK3M_mono_0112,AE,358,0.07999899999999727,30.539,30.618999,ER0,F,0,1,giraffe,121,30.379,30.698999,the,exhibit
W8C94LK3M_mono,W8C94LK3M_mono_0113,IH,360,0.040001000000000175,30.698999,30.739,F,G,0,0,exhibit,122,30.698999,31.049,giraffe,opens
W8C94LK3M_mono,W8C94LK3M_mono_0114,IH,363,0.03999899999999812,30.849001,30.889,Z,B,0,1,exhibit,122,30.698999,31.049,giraffe,opens
W8C94LK3M_mono,W8C94LK3M_mono_0115,IH,365,0.06000200000000078,30.938999,30.999001,B,T,0,0,exhibit,122,30.698999,31.049,giraffe,opens
W8C94LK3M_mono,W8C94LK3M_mono_0116,OW,367,0.10999999999999943,31.049,31.159,T,P,0,1,opens,123,31.049,31.329,exhibit,at
W8C94LK3M_mono,W8C94LK3M_mono_0117,AH,369,0.030000999999998612,31.219,31.249001,P,N,0,0,opens,123,31.049,31.329,exhibit,at
W8C94LK3M_mono,--,AE,372,0.02999900000000011,31.329,31.358999,Z,T,1,1,at,124,31.329,31.438999,opens,noon
W8C94LK3M_mono,W8C94LK3M_mono_0118,UW,375,0.11999899999999997,31.479,31.598999,N,N,0,1,noon,125,31.438999,31.719,at,-
W8C94LK3M_mono,--,IH,379,0.02999900000000366,32.0252,32.055199,W,CH,1,1,which,127,32.015202,32.085201,-,felt
W8C94LK3M_mono,W8C94LK3M_mono_0119,EH,382,0.030002000000003193,32.145199,32.175201,F,L,0,1,felt,128,32.085201,32.285198,which,-
W8C94LK3M_mono,W8C94LK3M_mono_0120,AA,386,0.13000100000000003,32.325199,32.4552,-,D,0,1,oddly,130,32.325199,32.6152,-,profound
W8C94LK3M_mono,W8C94LK3M_mono_0121,IY,389,0.04999899999999968,32.565201,32.6152,L,P,0,0,oddly,130,32.325199,32.6152,-,profound
W8C94LK3M_mono,W8C94LK3M_mono_0122,OW,392,0.05999700000000274,32.725201,32.785198,R,F,0,0,profound,131,32.6152,33.035198,oddly,at
W8C94LK3M_mono,W8C94LK3M_mono_0123,AW,394,0.1100009999999969,32.8652,32.975201,F,N,0,1,profound,131,32.6152,33.035198,oddly,at
W8C94LK3M_mono,W8C94LK3M_mono_0124,AE,397,0.030003000000000668,33.035198,33.065201,D,T,0,1,at,132,33.035198,33.105202,profound,the
W8C94LK3M_mono,--,AH,400,0.02999900000000366,33.155201,33.1852,DH,T,1,0,the,133,33.105202,33.1852,at,time
W8C94LK3M_mono,W8C94LK3M_mono_0125,AY,402,0.14000000000000057,33.245201,33.385201,T,M,0,1,time,134,33.1852,33.515202,the,-
W8C94LK3M_mono,W8C94LK3M_mono_0126,AE,405,0.08000099999999577,34.216599,34.2966,-,F,0,1,after,136,34.216599,34.4366,-,a
W8C94LK3M_mono,W8C94LK3M_mono_0127,ER,408,0.04000099999999662,34.396599,34.4366,T,AH0,0,0,after,136,34.216599,34.4366,-,a
W8C94LK3M_mono,W8C94LK3M_mono_0128,AH,409,0.04999899999999968,34.4366,34.486599,ER0,F,0,0,a,137,34.4366,34.486599,after,few
W8C94LK3M_mono,W8C94LK3M_mono_0129,UW,412,0.04999899999999968,34.6166,34.666599,Y,B,0,1,few,138,34.486599,34.666599,a,bites
W8C94LK3M_mono,W8C94LK3M_mono_0130,AY,414,0.10000200000000348,34.736599,34.836601,B,T,0,1,bites,139,34.666599,34.926601,few,of
W8C94LK3M_mono,--,AH,417,0.02999900000000366,34.926601,34.9566,S,V,1,0,of,140,34.926601,35.006599,bites,something
W8C94LK3M_mono,W8C94LK3M_mono_0131,AH,420,0.04000100000000373,35.0466,35.086601,S,M,0,1,something,141,35.006599,35.2766,of,vaguely
W8C94LK3M_mono,W8C94LK3M_mono_0132,IH,423,0.04999899999999968,35.156601,35.2066,TH,NG,0,0,something,141,35.006599,35.2766,of,vaguely
W8C94LK3M_mono,W8C94LK3M_mono_0133,EY,426,0.11000100000000401,35.3666,35.476601,V,G,0,1,vaguely,142,35.2766,35.6866,something,egg
W8C94LK3M_mono,W8C94LK3M_mono_0134,IY,429,0.0899999999999963,35.5966,35.6866,L,EH1,0,0,vaguely,142,35.2766,35.6866,something,egg
W8C94LK3M_mono,W8C94LK3M_mono_0135,EH,430,0.08000200000000035,35.6866,35.766602,IY0,G,0,1,egg,143,35.6866,35.8466,vaguely,shaped
W8C94LK3M_mono,W8C94LK3M_mono_0136,EY,433,0.13000100000000003,35.9366,36.066601,SH,P,0,1,shaped,144,35.8466,36.196602,egg,-
W8C94LK3M_mono,W8C94LK3M_mono_0137,AY,437,0.10000300000000095,36.307899,36.407902,-,W,0,1,i,146,36.307899,36.407902,-,wandered
W8C94LK3M_mono,W8C94LK3M_mono_0138,AA,439,0.04999899999999968,36.527901,36.5779,W,N,0,1,wandered,147,36.407902,36.727901,i,to
W8C94LK3M_mono,W8C94LK3M_mono_0139,ER,442,0.039996999999999616,36.637901,36.677898,D,D,0,0,wandered,147,36.407902,36.727901,i,to
W8C94LK3M_mono,W8C94LK3M_mono_0140,AH,445,0.04999899999999968,36.7579,36.807899,T,DH,0,0,to,148,36.727901,36.807899,wandered,the
W8C94LK3M_mono,W8C94LK3M_mono_0141,AH,447,0.04000099999999662,36.837898,36.877899,DH,P,0,0,the,149,36.807899,36.877899,to,park
W8C94LK3M_mono,--,AA,449,0.029998999999996556,36.977901,37.0079,P,R,1,1,park,150,36.877899,37.197899,the,-
W8C94LK3M_mono,W8C94LK3M_mono_0142,AH,453,0.05000299999999669,37.902199,37.952202,-,K,0,0,a,152,37.902199,37.952202,-,kid
W8C94LK3M_mono,W8C94LK3M_mono_0143,IH,455,0.06000099999999975,38.1022,38.162201,K,D,0,1,kid,153,37.952202,38.222198,a,zoomed
W8C94LK3M_mono,W8C94LK3M_mono_0144,UW,458,0.10000200000000348,38.312199,38.412201,Z,M,0,1,zoomed,154,38.222198,38.482201,kid,by
W8C94LK3M_mono,W8C94LK3M_mono_0145,AY,462,0.2299989999999994,38.522202,38.752201,B,AA1,0,1,by,155,38.482201,38.752201,zoomed,on
W8C94LK3M_mono,--,AA,463,0.02999900000000366,38.752201,38.7822,AY1,N,1,1,on,156,38.752201,38.832199,by,a
W8C94LK3M_mono,W8C94LK3M_mono_0146,AH,465,0.04000099999999662,38.832199,38.8722,N,S,0,0,a,157,38.832199,38.8722,on,scooter
W8C94LK3M_mono,W8C94LK3M_mono_0147,UW,468,0.06000099999999975,39.0322,39.092201,K,T,0,1,scooter,158,38.8722,39.202202,a,yelling
W8C94LK3M_mono,W8C94LK3M_mono_0148,ER,470,0.07000399999999729,39.132198,39.202202,T,Y,0,0,scooter,158,38.8722,39.202202,a,yelling
W8C94LK3M_mono,W8C94LK3M_mono_0149,EH,472,0.04999899999999968,39.2822,39.332199,Y,L,0,1,yelling,159,39.202202,39.506001,scooter,zoom
W8C94LK3M_mono,W8C94LK3M_mono_0150,IH,474,0.04999999999999716,39.3922,39.4422,L,NG,0,0,yelling,159,39.202202,39.506001,scooter,zoom
W8C94LK3M_mono,W8C94LK3M_mono_0151,UW,477,0.09999900000000395,39.616001,39.716,Z,M,0,1,zoom,160,39.506001,39.785999,yelling,zoom
W8C94LK3M_mono,W8C94LK3M_mono_0152,UW,480,0.1399990000000031,39.855999,39.995998,Z,M,0,1,zoom,161,39.785999,40.116001,zoom,-
W8C94LK3M_mono,W8C94LK3M_mono_0153,AY,484,0.05000299999999669,40.269798,40.319801,L,K,0,1,like,163,40.149799,40.379799,-,it
W8C94LK3M_mono,W8C94LK3M_mono_0154,IH,486,0.04000100000000373,40.379799,40.4198,K,W,0,0,it,164,40.379799,40.4198,like,was
W8C94LK3M_mono,W8C94LK3M_mono_0155,AH,488,0.030003000000000668,40.469799,40.499802,W,Z,0,0,was,165,40.4198,40.539799,it,a
W8C94LK3M_mono,W8C94LK3M_mono_0156,AH,490,0.06000099999999975,40.539799,40.5998,Z,S,0,0,a,166,40.539799,40.5998,was,sound
W8C94LK3M_mono,W8C94LK3M_mono_0157,AW,492,0.07999800000000334,40.6898,40.769798,S,N,0,1,sound,167,40.5998,40.839802,a,effect
W8C94LK3M_mono,W8C94LK3M_mono_0158,AH,495,0.039996999999999616,40.839802,40.879799,D,F,0,0,effect,168,40.839802,41.109798,sound,that
W8C94LK3M_mono,W8C94LK3M_mono_0159,EH,497,0.08000200000000035,40.969799,41.049801,F,K,0,1,effect,168,40.839802,41.109798,sound,that
W8C94LK3M_mono,W8C94LK3M_mono_0160,AH,501,0.039996999999999616,41.139801,41.179798,DH,T,0,0,that,169,41.109798,41.249802,effect,summoned
W8C94LK3M_mono,W8C94LK3M_mono_0161,AH,504,0.06000200000000433,41.309799,41.369801,S,M,0,1,summoned,170,41.249802,41.549801,that,speed
W8C94LK3M_mono,--,AH,506,0.029998999999996556,41.409801,41.4398,M,N,1,0,summoned,170,41.249802,41.549801,that,speed
W8C94LK3M_mono,W8C94LK3M_mono_0162,IY,511,0.07000000000000028,41.719799,41.789799,P,D,0,1,speed,171,41.549801,41.969799,summoned,-
W8C94LK3M_mono,W8C94LK3M_mono_0163,AY,514,0.0899999999999963,42.6647,42.7547,-,S,0,1,i,173,42.6647,42.7547,-,sat
W8C94LK3M_mono,W8C94LK3M_mono_0164,AE,516,0.09999799999999937,42.884701,42.984699,S,T,0,1,sat,174,42.7547,43.0247,i,under
W8C94LK3M_mono,W8C94LK3M_mono_0165,AH,518,0.04000099999999662,43.0247,43.064701,T,N,0,1,under,175,43.0247,43.224701,sat,a
W8C94LK3M_mono,W8C94LK3M_mono_0166,ER,521,0.09000000000000341,43.134701,43.224701,D,AH0,0,0,under,175,43.0247,43.224701,sat,a
W8C94LK3M_mono,W8C94LK3M_mono_0167,AH,522,0.04999899999999968,43.224701,43.2747,ER0,T,0,0,a,176,43.224701,43.2747,under,tree
W8C94LK3M_mono,W8C94LK3M_mono_0168,IY,525,0.18999900000000025,43.474701,43.6647,R,-,0,1,tree,177,43.2747,43.6647,a,-
W8C94LK3M_mono,W8C94LK3M_mono_0169,IH,528,0.04000100000000373,44.087101,44.127102,L,S,0,1,listened,179,44.017101,44.2971,-,to
W8C94LK3M_mono,W8C94LK3M_mono_0170,AH,530,0.04000099999999662,44.187099,44.2271,S,N,0,0,listened,179,44.017101,44.2971,-,to
W8C94LK3M_mono,--,AH,534,0.02999900000000366,44.337101,44.3671,T,DH,1,0,to,180,44.2971,44.3671,listened,the
W8C94LK3M_mono,W8C94LK3M_mono_0171,AH,536,0.04000099999999662,44.417099,44.4571,DH,B,0,0,the,181,44.3671,44.4571,to,breeze
W8C94LK3M_mono,W8C94LK3M_mono_0172,IY,539,0.13000100000000003,44.657101,44.787102,R,Z,0,1,breeze,182,44.4571,44.8871,the,and
W8C94LK3M_mono,W8C94LK3M_mono_0173,AE,541,0.11999899999999997,44.8871,45.007099,Z,N,0,1,and,183,44.8871,45.147099,breeze,watched
W8C94LK3M_mono,W8C94LK3M_mono_0174,AA,545,0.05999699999999564,45.197102,45.257099,W,CH,0,1,watched,184,45.147099,45.397099,and,a
W8C94LK3M_mono,W8C94LK3M_mono_0175,AH,548,0.04000000000000625,45.397099,45.437099,T,Y,0,0,a,185,45.397099,45.437099,watched,yellow
W8C94LK3M_mono,W8C94LK3M_mono_0176,EH,550,0.04999899999999968,45.537102,45.587101,Y,L,0,1,yellow,186,45.437099,45.7271,a,balloon
W8C94LK3M_mono,W8C94LK3M_mono_0177,OW,552,0.06000099999999975,45.667099,45.7271,L,B,0,0,yellow,186,45.437099,45.7271,a,balloon
W8C94LK3M_mono,--,AH,554,0.009997999999995955,45.817101,45.827099,B,L,1,0,balloon,187,45.7271,46.167999,yellow,-
W8C94LK3M_mono,W8C94LK3M_mono_0178,UW,556,0.14999699999999905,45.947102,46.097099,L,N,0,1,balloon,187,45.7271,46.167999,yellow,-
W8C94LK3M_mono,W8C94LK3M_mono_0179,IH,560,0.039996999999999616,46.477402,46.517399,G,T,0,1,get,189,46.447399,46.597401,-,tangled
W8C94LK3M_mono,W8C94LK3M_mono_0180,AE,563,0.04999899999999968,46.687401,46.7374,T,NG,0,1,tangled,190,46.597401,46.937401,get,in
W8C94LK3M_mono,W8C94LK3M_mono_0181,AH,566,0.030002000000003193,46.837399,46.867401,G,L,0,0,tangled,190,46.597401,46.937401,get,in
W8C94LK3M_mono,--,IH,569,0.029998999999996556,46.937401,46.9674,D,N,1,0,in,191,46.937401,47.007401,tangled,a
W8C94LK3M_mono,W8C94LK3M_mono_0182,AH,571,0.04999899999999968,47.007401,47.0574,N,P,0,0,a,192,47.007401,47.0574,in,power
W8C94LK3M_mono,W8C94LK3M_mono_0183,AW,573,0.11999899999999997,47.137402,47.257401,P,ER0,0,1,power,193,47.0574,47.3274,a,line
W8C94LK3M_mono,W8C94LK3M_mono_0184,ER,574,0.0699989999999957,47.257401,47.3274,AW1,L,0,0,power,193,47.0574,47.3274,a,line
W8C94LK3M_mono,W8C94LK3M_mono_0185,AY,576,0.07000399999999729,47.407398,47.477402,L,N,0,1,line,194,47.3274,47.617401,power,-
W8C94LK3M_mono,W8C94LK3M_mono_0186,IH,580,0.06000200000000433,48.159698,48.2197,W,R,0,1,weird,196,48.099701,48.349701,-,morning
W8C94LK3M_mono,W8C94LK3M_mono_0187,AO,584,0.04000099999999662,48.3997,48.439701,M,R,0,1,morning,197,48.349701,48.749699,weird,-
W8C94LK3M_mono,--,IH,587,0.02999799999999908,48.549702,48.5797,N,NG,1,0,morning,197,48.349701,48.749699,weird,-
W8C94LK3M_mono,--,AH,591,0.02999799999999908,49.108601,49.138599,B,T,1,1,but,199,49.078602,49.168598,-,honestly
W8C94LK3M_mono,W8C94LK3M_mono_0188,AA,593,0.10000199999999637,49.168598,49.2686,T,N,0,1,honestly,200,49.168598,49.698601,but,-
W8C94LK3M_mono,W8C94LK3M_mono_0189,AH,595,0.04999999999999716,49.308601,49.358601,N,S,0,0,honestly,200,49.168598,49.698601,but,-
W8C94LK3M_mono,W8C94LK3M_mono_0190,IY,598,0.1599999999999966,49.538601,49.698601,L,-,0,0,honestly,200,49.168598,49.698601,but,-
W8C94LK3M_mono,W8C94LK3M_mono_0191,AA,601,0.07999799999999624,50.048901,50.128899,N,T,0,1,not,202,50.0089,50.198898,-,the
W8C94LK3M_mono,W8C94LK3M_mono_0192,AH,604,0.04000099999999662,50.228901,50.268902,DH,W,0,0,the,203,50.198898,50.268902,not,worst
W8C94LK3M_mono,W8C94LK3M_mono_0193,ER,606,0.1100009999999969,50.358898,50.468899,W,S,0,1,worst,204,50.268902,50.678902,the,-
WCHU77581_mono,WCHU77581_mono_0001,OW,3,0.10999999999999999,0.7554,0.8654,S,DH,0,1,so,2,0.6254,0.8654,-,this
WCHU77581_mono,WCHU77581_mono_0002,IH,5,0.06000000000000005,0.9154,0.9754,DH,S,0,1,this,3,0.8654,1.1054,so,morning
WCHU77581_mono,WCHU77581_mono_0003,AO,8,0.06000000000000005,1.1754,1.2354,M,R,0,1,morning,4,1.1054,1.5754,this,-
WCHU77581_mono,WCHU77581_mono_0004,IH,11,0.1200000000000001,1.3754,1.4954,N,NG,0,0,morning,4,1.1054,1.5754,this,-
WCHU77581_mono,WCHU77581_mono_0005,AY,14,0.05999999999999983,1.699,1.759,-,W,0,1,i,6,1.699,1.759,-,woke
WCHU77581_mono,WCHU77581_mono_0006,OW,16,0.07000000000000006,1.859,1.929,W,K,0,1,woke,7,1.759,2.009,i,up
WCHU77581_mono,WCHU77581_mono_0007,AH,18,0.06000000000000005,2.009,2.069,K,P,0,1,up,8,2.009,2.189,woke,late
WCHU77581_mono,WCHU77581_mono_0008,EY,21,0.14000000000000012,2.279,2.419,L,T,0,1,late,9,2.189,2.469,up,-
WCHU77581_mono,--,AE,24,0.029999999999999805,2.499,2.529,-,N,1,1,and,11,2.499,2.589,-,immediately
WCHU77581_mono,WCHU77581_mono_0009,IH,27,0.03000000000000025,2.589,2.619,D,M,0,0,immediately,12,2.589,3.069,and,stubbed
WCHU77581_mono,WCHU77581_mono_0010,IY,29,0.08000000000000007,2.729,2.809,M,D,0,1,immediately,12,2.589,3.069,and,stubbed
WCHU77581_mono,WCHU77581_mono_0011,IY,31,0.03000000000000025,2.839,2.869,D,AH0,0,0,immediately,12,2.589,3.069,and,stubbed
WCHU77581_mono,WCHU77581_mono_0012,AH,32,0.03999999999999959,2.869,2.909,IY0,T,0,0,immediately,12,2.589,3.069,and,stubbed
WCHU77581_mono,WCHU77581_mono_0013,IY,35,0.08000000000000007,2.989,3.069,L,S,0,0,immediately,12,2.589,3.069,and,stubbed
WCHU77581_mono,WCHU77581_mono_0014,AH,38,0.0900000000000003,3.279,3.369,T,B,0,1,stubbed,13,3.069,3.449,immediately,my
WCHU77581_mono,WCHU77581_mono_0015,AY,42,0.0900000000000003,3.529,3.619,M,T,0,1,my,14,3.449,3.619,stubbed,toe
WCHU77581_mono,WCHU77581_mono_0016,OW,44,0.1200000000000001,3.759,3.879,T,AA1,0,1,toe,15,3.619,3.879,my,on
WCHU77581_mono,--,AA,45,0.029999999999999805,3.879,3.909,OW1,N,1,1,on,16,3.879,3.969,toe,the
WCHU77581_mono,WCHU77581_mono_0017,AH,48,0.040000000000000036,4.009,4.049,DH,D,0,0,the,17,3.969,4.049,on,dresser
WCHU77581_mono,WCHU77581_mono_0018,EH,51,0.0600000000000005,4.159,4.219,R,S,0,1,dresser,18,4.049,4.479,the,-
WCHU77581_mono,WCHU77581_mono_0019,ER,53,0.1200000000000001,4.359,4.479,S,-,0,0,dresser,18,4.049,4.479,the,-
WCHU77581_mono,WCHU77581_mono_0020,EY,57,0.08999999999999986,4.8608,4.9508,R,T,0,1,great,20,4.7408,5.0208,-,start
WCHU77581_mono,WCHU77581_mono_0021,AA,61,0.08000000000000007,5.2108,5.2908,T,R,0,1,start,21,5.0208,5.4626,great,-
WCHU77581_mono,WCHU77581_mono_0022,AY,66,0.1900000000000004,5.5626,5.7526,R,T,0,1,right,23,5.4926,5.7888,-,-
WCHU77581_mono,WCHU77581_mono_0023,AY,69,0.08000000000000007,6.4295,6.5095,-,G,0,1,i,25,6.4295,6.5095,-,grumbled
WCHU77581_mono,WCHU77581_mono_0024,AH,72,0.040000000000000036,6.6395,6.6795,R,M,0,1,grumbled,26,6.5095,6.8595,i,something
WCHU77581_mono,--,AH,75,0.009999999999999787,6.7495,6.7595,B,L,1,0,grumbled,26,6.5095,6.8595,i,something
WCHU77581_mono,WCHU77581_mono_0025,AH,79,0.04999999999999982,6.9295,6.9795,S,M,0,1,something,27,6.8595,7.1595,grumbled,half
WCHU77581_mono,WCHU77581_mono_0026,IH,82,0.040000000000000036,7.0795,7.1195,TH,NG,0,0,something,27,6.8595,7.1595,grumbled,half
WCHU77581_mono,WCHU77581_mono_0027,AE,85,0.11000000000000032,7.2795,7.3895,HH,F,0,1,half,28,7.1595,7.4795,something,conscious
WCHU77581_mono,WCHU77581_mono_0028,AA,88,0.10000000000000053,7.6095,7.7095,K,N,0,1,conscious,29,7.4795,8.0795,half,-
WCHU77581_mono,WCHU77581_mono_0029,AH,91,0.11999999999999922,7.8695,7.9895,SH,S,0,0,conscious,29,7.4795,8.0795,half,-
WCHU77581_mono,WCHU77581_mono_0030,AE,96,0.13000000000000078,8.2561,8.3861,R,B,0,1,grabbed,31,8.1761,8.4661,-,whatever
WCHU77581_mono,WCHU77581_mono_0031,AH,100,0.0600000000000005,8.5461,8.6061,W,T,0,2,whatever,32,8.4661,8.8561,grabbed,shirt
WCHU77581_mono,WCHU77581_mono_0032,EH,102,0.07000000000000028,8.6461,8.7161,T,V,0,1,whatever,32,8.4661,8.8561,grabbed,shirt
WCHU77581_mono,WCHU77581_mono_0033,ER,104,0.08000000000000007,8.7761,8.8561,V,SH,0,0,whatever,32,8.4661,8.8561,grabbed,shirt
WCHU77581_mono,WCHU77581_mono_0034,ER,106,0.07000000000000028,9.0061,9.0761,SH,T,0,1,shirt,33,8.8561,9.1161,whatever,was
WCHU77581_mono,WCHU77581_mono_0035,AH,109,0.05000000000000071,9.1661,9.2161,W,Z,0,0,was,34,9.1161,9.2961,shirt,<unk>
WCHU77581_mono,WCHU77581_mono_0036,AE,113,0.0600000000000005,10.3735,10.4335,-,N,0,1,and,37,10.3735,10.4935,-,headed
WCHU77581_mono,WCHU77581_mono_0037,EH,117,0.030000000000001137,10.5535,10.5835,HH,D,0,1,headed,38,10.4935,10.7335,and,out
WCHU77581_mono,WCHU77581_mono_0038,IH,119,0.07000000000000028,10.6235,10.6935,D,D,0,0,headed,38,10.4935,10.7335,and,out
WCHU77581_mono,WCHU77581_mono_0039,AW,121,0.0600000000000005,10.7335,10.7935,D,T,0,1,out,39,10.7335,10.9235,headed,-
WCHU77581_mono,WCHU77581_mono_0040,AH,125,0.0600000000000005,11.4148,11.4748,DH,S,0,0,the,41,11.3848,11.4748,-,sky
WCHU77581_mono,WCHU77581_mono_0041,AY,128,0.120000000000001,11.6048,11.7248,K,L,0,1,sky,42,11.4748,11.7248,the,looked
WCHU77581_mono,WCHU77581_mono_0042,UH,130,0.0600000000000005,11.8048,11.8648,L,K,0,1,looked,43,11.7248,11.9648,sky,weird
WCHU77581_mono,WCHU77581_mono_0043,IH,134,0.14000000000000057,12.0948,12.2348,W,R,0,1,weird,44,11.9648,12.4448,looked,-
WCHU77581_mono,WCHU77581_mono_0044,AY,139,0.05000000000000071,12.7868,12.8368,L,K,0,1,like,46,12.7568,12.8768,-,that
WCHU77581_mono,WCHU77581_mono_0045,AE,142,0.08000000000000007,12.9168,12.9968,DH,T,0,1,that,47,12.8768,13.0468,like,shade
WCHU77581_mono,WCHU77581_mono_0046,EY,145,0.08000000000000007,13.1768,13.2568,SH,D,0,1,shade,48,13.0468,13.2968,that,of
WCHU77581_mono,WCHU77581_mono_0047,AH,147,0.040000000000000924,13.2968,13.3368,D,V,0,0,of,49,13.2968,13.4368,shade,blue
WCHU77581_mono,WCHU77581_mono_0048,UW,151,0.13000000000000078,13.5368,13.6668,L,G,0,1,blue,50,13.4368,13.6668,of,gray
WCHU77581_mono,WCHU77581_mono_0049,EY,154,0.10999999999999943,13.7668,13.8768,R,DH,0,1,gray,51,13.6668,13.8768,blue,that
WCHU77581_mono,WCHU77581_mono_0050,AH,156,0.07000000000000028,13.9468,14.0168,DH,M,0,0,that,52,13.8768,14.0168,gray,makes
WCHU77581_mono,WCHU77581_mono_0051,EY,158,0.07000000000000028,14.0868,14.1568,M,K,0,1,makes,53,14.0168,14.2568,that,you
WCHU77581_mono,WCHU77581_mono_0052,UW,162,0.030000000000001137,14.2868,14.3168,Y,K,0,1,you,54,14.2568,14.3168,makes,question
WCHU77581_mono,WCHU77581_mono_0053,EH,165,0.040000000000000924,14.4568,14.4968,W,SH,0,1,question,55,14.3168,14.7168,you,if
WCHU77581_mono,WCHU77581_mono_0054,AH,167,0.040000000000000924,14.6368,14.6768,SH,N,0,0,question,55,14.3168,14.7168,you,if
WCHU77581_mono,WCHU77581_mono_0055,IH,169,0.030000000000001137,14.7168,14.7468,N,F,0,1,if,56,14.7168,14.8168,question,it's
WCHU77581_mono,WCHU77581_mono_0056,IH,171,0.03999999999999915,14.8168,14.8568,F,T,0,0,it's,57,14.8168,14.9168,if,about
WCHU77581_mono,WCHU77581_mono_0057,AH,174,0.03999999999999915,14.9168,14.9568,S,B,0,0,about,58,14.9168,15.2068,it's,to
WCHU77581_mono,WCHU77581_mono_0058,AW,176,0.09999999999999964,15.0368,15.1368,B,T,0,1,about,58,14.9168,15.2068,it's,to
WCHU77581_mono,WCHU77581_mono_0059,AH,179,0.0600000000000005,15.2568,15.3168,T,R,0,0,to,59,15.2068,15.3168,about,rain
WCHU77581_mono,WCHU77581_mono_0060,EY,181,0.09999999999999964,15.4368,15.5368,R,N,0,1,rain,60,15.3168,15.5868,to,or
WCHU77581_mono,WCHU77581_mono_0061,ER,183,0.049999999999998934,15.5868,15.6368,N,N,0,0,or,61,15.5868,15.6368,rain,not
WCHU77581_mono,WCHU77581_mono_0062,AA,185,0.09000000000000163,15.7168,15.8068,N,T,0,1,not,62,15.6368,15.8668,or,-
WCHU77581_mono,WCHU77581_mono_0063,AY,188,0.05000100000000174,16.437599,16.4876,-,S,0,1,i,64,16.437599,16.4876,-,stopped
WCHU77581_mono,WCHU77581_mono_0064,AA,191,0.1000009999999989,16.6476,16.747601,T,P,0,1,stopped,65,16.4876,16.8276,i,by
WCHU77581_mono,WCHU77581_mono_0065,AY,195,0.08999999999999986,16.857599,16.947599,B,DH,0,1,by,66,16.8276,16.947599,stopped,the
WCHU77581_mono,WCHU77581_mono_0066,AH,197,0.04999899999999968,16.997601,17.0476,DH,K,0,0,the,67,16.947599,17.0476,by,corner
WCHU77581_mono,WCHU77581_mono_0067,AO,199,0.03999900000000167,17.177601,17.2176,K,R,0,1,corner,68,17.0476,17.3776,the,store
WCHU77581_mono,WCHU77581_mono_0068,ER,202,0.07000000000000028,17.3076,17.3776,N,S,0,0,corner,68,17.0476,17.3776,the,store
WCHU77581_mono,WCHU77581_mono_0069,AO,205,0.06000099999999975,17.5376,17.597601,T,R,0,1,store,69,17.3776,17.677601,corner,to
WCHU77581_mono,WCHU77581_mono_0070,IH,208,0.03999900000000167,17.747601,17.7876,T,B,0,0,to,70,17.677601,17.7876,store,buy
WCHU77581_mono,WCHU77581_mono_0071,AY,210,0.12000099999999847,17.8776,17.997601,B,-,0,1,buy,71,17.7876,17.997601,to,-
WCHU77581_mono,WCHU77581_mono_0072,AH,212,0.050000999999998186,18.0376,18.087601,-,T,0,0,a,73,18.0376,18.087601,-,toasted
WCHU77581_mono,WCHU77581_mono_0073,OW,214,0.09000100000000089,18.197599,18.2876,T,S,0,1,toasted,74,18.087601,18.5376,a,bagel
WCHU77581_mono,WCHU77581_mono_0074,IH,217,0.030001000000002165,18.437599,18.4676,T,D,0,0,toasted,74,18.087601,18.5376,a,bagel
WCHU77581_mono,WCHU77581_mono_0075,EY,220,0.16000000000000014,18.5776,18.7376,B,G,0,1,bagel,75,18.5376,19.000601,toasted,-
WCHU77581_mono,WCHU77581_mono_0076,AH,222,0.06000099999999975,18.7876,18.847601,G,L,0,0,bagel,75,18.5376,19.000601,toasted,-
WCHU77581_mono,WCHU77581_mono_0077,AE,225,0.040001000000000175,19.167299,19.2073,-,N,0,1,and,77,19.167299,19.2673,-,orange
WCHU77581_mono,WCHU77581_mono_0078,AO,228,0.08999999999999986,19.2673,19.3573,D,R,0,1,orange,78,19.2673,19.587299,and,juice
WCHU77581_mono,--,AH,230,0.029998000000002634,19.397301,19.427299,R,N,1,0,orange,78,19.2673,19.587299,and,juice
WCHU77581_mono,WCHU77581_mono_0079,UW,234,0.11999899999999997,19.6373,19.757299,JH,S,0,1,juice,79,19.587299,19.927299,orange,-
WCHU77581_mono,WCHU77581_mono_0080,AH,238,0.04000099999999662,20.1243,20.164301,B,T,0,1,but,81,20.094299,20.1943,-,they
WCHU77581_mono,WCHU77581_mono_0081,EY,241,0.060000000000002274,20.2243,20.2843,DH,W,0,1,they,82,20.1943,20.2843,but,were
WCHU77581_mono,WCHU77581_mono_0082,ER,243,0.17999999999999972,20.314301,20.494301,W,AW1,0,0,were,83,20.2843,20.494301,they,out
WCHU77581_mono,WCHU77581_mono_0083,AW,244,0.0799999999999983,20.494301,20.574301,ER0,T,0,1,out,84,20.494301,20.6143,were,of
WCHU77581_mono,WCHU77581_mono_0084,AH,246,0.050000999999998186,20.6143,20.664301,T,V,0,0,of,85,20.6143,20.8043,out,both
WCHU77581_mono,WCHU77581_mono_0085,OW,249,0.11000000000000298,20.8543,20.9643,B,TH,0,1,both,86,20.8043,21.184299,of,-
WCHU77581_mono,WCHU77581_mono_0086,AH,253,0.03999899999999812,21.6702,21.710199,DH,K,0,0,the,88,21.6402,21.710199,-,cashier
WCHU77581_mono,WCHU77581_mono_0087,AE,255,0.10999800000000093,21.760201,21.870199,K,SH,0,0,cashier,89,21.710199,22.110201,the,joked
WCHU77581_mono,WCHU77581_mono_0088,IH,257,0.03999900000000167,22.010201,22.0502,SH,R,0,1,cashier,89,21.710199,22.110201,the,joked
WCHU77581_mono,WCHU77581_mono_0089,OW,260,0.1700000000000017,22.260201,22.430201,JH,K,0,1,joked,90,22.110201,22.5902,cashier,-
WCHU77581_mono,WCHU77581_mono_0090,IH,264,0.060001999999997224,22.908899,22.968901,-,T,0,1,it's,92,22.908899,23.128901,-,monday
WCHU77581_mono,WCHU77581_mono_0091,AH,268,0.06000099999999975,23.1689,23.228901,M,N,0,1,monday,93,23.128901,23.4489,it's,energy
WCHU77581_mono,WCHU77581_mono_0092,EY,271,0.12000099999999847,23.328899,23.4489,D,EH1,0,2,monday,93,23.128901,23.4489,it's,energy
WCHU77581_mono,WCHU77581_mono_0093,EH,272,0.10000100000000245,23.4489,23.548901,EY2,N,0,1,energy,94,23.4489,23.9389,monday,-
WCHU77581_mono,WCHU77581_mono_0094,ER,274,0.10000000000000142,23.5889,23.6889,N,JH,0,0,energy,94,23.4489,23.9389,monday,-
WCHU77581_mono,WCHU77581_mono_0095,IY,276,0.16000000000000014,23.7789,23.9389,JH,-,0,0,energy,94,23.4489,23.9389,monday,-
WCHU77581_mono,WCHU77581_mono_0096,AE,278,0.030001000000002165,24.2822,24.312201,-,N,0,1,and,96,24.2822,24.3722,-,i
WCHU77581_mono,WCHU77581_mono_0097,AY,281,0.030001000000002165,24.3722,24.402201,D,HH,0,1,i,97,24.3722,24.402201,and,half
WCHU77581_mono,WCHU77581_mono_0098,AE,283,0.11999999999999744,24.5222,24.6422,HH,F,0,1,half,98,24.402201,24.762199,i,laughed
WCHU77581_mono,WCHU77581_mono_0099,AE,286,0.10999800000000093,24.822201,24.932199,L,F,0,1,laughed,99,24.762199,25.0422,half,because
WCHU77581_mono,WCHU77581_mono_0100,IH,290,0.030000999999998612,25.092199,25.1222,B,K,0,0,because,100,25.0422,25.4622,laughed,-
WCHU77581_mono,WCHU77581_mono_0101,AH,292,0.11000100000000046,25.182199,25.2922,K,Z,0,0,because,100,25.0422,25.4622,laughed,-
WCHU77581_mono,WCHU77581_mono_0102,AE,296,0.26000099999999904,25.835899,26.0959,Y,-,0,1,yeah,102,25.7859,26.0959,-,-
WCHU77581_mono,WCHU77581_mono_0103,UW,300,0.18999999999999773,26.5348,26.7248,R,-,0,1,true,104,26.414801,26.7248,-,-
WCHU77581_mono,WCHU77581_mono_0104,AY,302,0.08000000000000185,27.7181,27.7981,-,T,0,1,i,106,27.7181,27.7981,-,took
WCHU77581_mono,WCHU77581_mono_0105,UH,304,0.05000000000000071,27.9181,27.9681,T,K,0,1,took,107,27.7981,28.018101,i,a
WCHU77581_mono,WCHU77581_mono_0106,AH,306,0.0799999999999983,28.018101,28.098101,K,S,0,0,a,108,28.018101,28.098101,took,seat
WCHU77581_mono,WCHU77581_mono_0107,IY,308,0.13999899999999954,28.258101,28.3981,S,T,0,1,seat,109,28.098101,28.428101,a,near
WCHU77581_mono,WCHU77581_mono_0108,IH,311,0.05999999999999872,28.4981,28.5581,N,R,0,1,near,110,28.428101,28.608101,seat,the
WCHU77581_mono,WCHU77581_mono_0109,AH,314,0.059999000000001246,28.6481,28.708099,DH,W,0,0,the,111,28.608101,28.708099,near,window
WCHU77581_mono,WCHU77581_mono_0110,IH,316,0.03999900000000167,28.778101,28.8181,W,N,0,1,window,112,28.708099,29.128099,the,-
WCHU77581_mono,WCHU77581_mono_0111,OW,319,0.16999999999999815,28.958099,29.128099,D,-,0,0,window,112,28.708099,29.128099,the,-
WCHU77581_mono,WCHU77581_mono_0112,OW,324,0.08999999999999986,29.4091,29.4991,R,L,0,1,scrolled,114,29.1591,29.5791,-,my
WCHU77581_mono,WCHU77581_mono_0113,AY,328,0.09999999999999787,29.619101,29.719101,M,F,0,1,my,115,29.5791,29.719101,scrolled,phone
WCHU77581_mono,WCHU77581_mono_0114,OW,330,0.20000100000000032,29.8391,30.039101,F,N,0,1,phone,116,29.719101,30.1691,my,-
WCHU77581_mono,WCHU77581_mono_0115,AE,333,0.04999899999999968,30.551201,30.6012,-,N,0,1,and,118,30.551201,30.6612,-,overheard
WCHU77581_mono,WCHU77581_mono_0116,OW,336,0.06999899999999926,30.6612,30.731199,D,V,0,1,overheard,119,30.6612,31.0812,and,someone
WCHU77581_mono,WCHU77581_mono_0117,ER,338,0.07000000000000028,30.7812,30.8512,V,HH,0,0,overheard,119,30.6612,31.0812,and,someone
WCHU77581_mono,WCHU77581_mono_0118,ER,340,0.10999999999999943,30.9112,31.0212,HH,D,0,1,overheard,119,30.6612,31.0812,and,someone
WCHU77581_mono,WCHU77581_mono_0119,AH,343,0.04999899999999968,31.1812,31.231199,S,M,0,1,someone,120,31.0812,31.401199,overheard,say
WCHU77581_mono,WCHU77581_mono_0120,AH,346,0.030001000000002165,31.311199,31.3412,W,N,0,2,someone,120,31.0812,31.401199,overheard,say
WCHU77581_mono,WCHU77581_mono_0121,EY,349,0.25,31.5112,31.7612,S,-,0,1,say,121,31.401199,31.7612,someone,-
WCHU77581_mono,WCHU77581_mono_0122,AH,352,0.06000200000000433,32.093498,32.1535,DH,JH,0,0,the,123,32.063499,32.1535,-,giraffe
WCHU77581_mono,WCHU77581_mono_0123,ER,354,0.07999799999999624,32.2635,32.343498,JH,AE1,0,0,giraffe,124,32.1535,32.633499,the,-
WCHU77581_mono,WCHU77581_mono_0124,AE,355,0.1600040000000007,32.343498,32.503502,ER0,F,0,1,giraffe,124,32.1535,32.633499,the,-
WCHU77581_mono,WCHU77581_mono_0125,IH,358,0.05000000000000426,32.733501,32.783501,-,G,0,0,exhibit,126,32.733501,33.2635,-,-
WCHU77581_mono,WCHU77581_mono_0126,IH,361,0.07000399999999729,32.933498,33.003502,Z,B,0,1,exhibit,126,32.733501,33.2635,-,-
WCHU77581_mono,WCHU77581_mono_0127,IH,363,0.14000000000000057,33.053501,33.193501,B,T,0,0,exhibit,126,32.733501,33.2635,-,-
WCHU77581_mono,WCHU77581_mono_0128,OW,366,0.09000000000000341,33.343498,33.433498,-,P,0,1,opens,128,33.343498,33.6035,-,at
WCHU77581_mono,--,AH,368,0.02999900000000366,33.4935,33.523499,P,N,1,0,opens,128,33.343498,33.6035,-,at
WCHU77581_mono,WCHU77581_mono_0129,AE,371,0.09000100000000089,33.6035,33.693501,Z,T,0,1,at,129,33.6035,33.7435,opens,noon
WCHU77581_mono,WCHU77581_mono_0130,UW,374,0.09000100000000089,33.813499,33.9035,N,N,0,1,noon,130,33.7435,34.053501,at,-
WCHU77581_mono,WCHU77581_mono_0131,IH,378,0.030003000000000668,34.544899,34.574902,W,CH,0,1,which,132,34.5149,34.634899,-,felt
WCHU77581_mono,WCHU77581_mono_0132,EH,381,0.04000099999999662,34.6749,34.714901,F,L,0,1,felt,133,34.634899,34.8549,which,-
WCHU77581_mono,WCHU77581_mono_0133,AA,385,0.1600000000000037,34.894901,35.054901,-,D,0,1,oddly,135,34.894901,35.184898,-,profound
WCHU77581_mono,WCHU77581_mono_0134,IY,388,0.04999899999999968,35.134899,35.184898,L,P,0,0,oddly,135,34.894901,35.184898,-,profound
WCHU77581_mono,WCHU77581_mono_0135,OW,391,0.04000099999999662,35.294899,35.3349,R,F,0,0,profound,136,35.184898,35.6549,oddly,at
WCHU77581_mono,WCHU77581_mono_0136,AW,393,0.13000100000000003,35.444901,35.574902,F,N,0,1,profound,136,35.184898,35.6549,oddly,at
WCHU77581_mono,WCHU77581_mono_0137,AE,396,0.04000100000000373,35.6549,35.694901,D,T,0,1,at,137,35.6549,35.724899,profound,the
WCHU77581_mono,WCHU77581_mono_0138,AH,399,0.039996999999999616,35.754902,35.794899,DH,T,0,0,the,138,35.724899,35.794899,at,time
WCHU77581_mono,WCHU77581_mono_0139,AY,401,0.08000200000000035,35.864899,35.944901,T,M,0,1,time,139,35.794899,36.124901,the,-
WCHU77581_mono,WCHU77581_mono_0140,AE,404,0.10000200000000348,36.848999,36.949001,-,F,0,1,after,141,36.848999,37.109001,-,a
WCHU77581_mono,WCHU77581_mono_0141,ER,407,0.05000299999999669,37.058998,37.109001,T,AH0,0,0,after,141,36.848999,37.109001,-,a
WCHU77581_mono,WCHU77581_mono_0142,AH,408,0.05999800000000022,37.109001,37.168999,ER0,F,0,0,a,142,37.109001,37.168999,after,few
WCHU77581_mono,WCHU77581_mono_0143,UW,411,0.060001999999997224,37.319,37.379002,Y,B,0,1,few,143,37.168999,37.379002,a,bites
WCHU77581_mono,WCHU77581_mono_0144,AY,413,0.0899999999999963,37.449001,37.539001,B,T,0,1,bites,144,37.379002,37.629002,few,of
WCHU77581_mono,--,AH,416,0.02999799999999908,37.629002,37.659,S,V,1,0,of,145,37.629002,37.709,bites,something
WCHU77581_mono,--,AH,419,0.029998999999996556,37.819,37.848999,S,M,1,1,something,146,37.709,38.109001,of,vaguely
WCHU77581_mono,WCHU77581_mono_0145,IH,422,0.039996999999999616,37.969002,38.008999,TH,NG,0,0,something,146,37.709,38.109001,of,vaguely
WCHU77581_mono,WCHU77581_mono_0146,EY,425,0.1399990000000031,38.179001,38.319,V,G,0,1,vaguely,147,38.109001,38.719002,something,-
WCHU77581_mono,WCHU77581_mono_0147,IY,428,0.25,38.469002,38.719002,L,-,0,0,vaguely,147,38.109001,38.719002,something,-
WCHU77581_mono,WCHU77581_mono_0148,EH,430,0.1399990000000031,38.809002,38.949001,-,G,0,1,egg,149,38.809002,39.028999,-,shaped
WCHU77581_mono,WCHU77581_mono_0149,EY,433,0.17000200000000376,39.168999,39.339001,SH,P,0,1,shaped,150,39.028999,39.488998,egg,-
WCHU77581_mono,WCHU77581_mono_0150,AY,437,0.07999800000000334,39.616001,39.695999,-,W,0,1,i,152,39.616001,39.695999,-,wandered
WCHU77581_mono,WCHU77581_mono_0151,AA,439,0.10999999999999943,39.846001,39.956001,W,N,0,1,wandered,153,39.695999,40.195999,i,to
WCHU77581_mono,WCHU77581_mono_0152,ER,442,0.06999900000000281,40.056,40.125999,D,D,0,0,wandered,153,39.695999,40.195999,i,to
WCHU77581_mono,WCHU77581_mono_0153,AH,445,0.030001999999996087,40.265999,40.296001,T,DH,0,0,to,154,40.195999,40.296001,wandered,the
WCHU77581_mono,WCHU77581_mono_0154,AH,447,0.05999699999999564,40.346001,40.405998,DH,P,0,0,the,155,40.296001,40.405998,to,park
WCHU77581_mono,WCHU77581_mono_0155,AA,449,0.04000099999999662,40.495998,40.535999,P,R,0,1,park,156,40.405998,40.776001,the,-
WCHU77581_mono,WCHU77581_mono_0156,AH,453,0.0699989999999957,41.307999,41.377998,-,K,0,0,a,158,41.307999,41.377998,-,kid
WCHU77581_mono,WCHU77581_mono_0157,IH,455,0.1100009999999969,41.487999,41.598,K,D,0,1,kid,159,41.377998,41.667999,a,zoomed
WCHU77581_mono,WCHU77581_mono_0158,UW,458,0.17000200000000376,41.778,41.948002,Z,M,0,1,zoomed,160,41.667999,42.068001,kid,by
WCHU77581_mono,WCHU77581_mono_0159,AY,462,0.16999799999999965,42.118,42.287998,B,AA1,0,1,by,161,42.068001,42.287998,zoomed,on
WCHU77581_mono,WCHU77581_mono_0160,AA,463,0.05000299999999669,42.287998,42.338001,AY1,N,0,1,on,162,42.287998,42.368,by,his
WCHU77581_mono,WCHU77581_mono_0161,IH,466,0.030002000000003193,42.397999,42.428001,HH,Z,0,0,his,163,42.368,42.478001,on,scooter
WCHU77581_mono,WCHU77581_mono_0162,UW,470,0.07000000000000028,42.618,42.688,K,T,0,1,scooter,164,42.478001,42.757999,his,yelling
WCHU77581_mono,WCHU77581_mono_0163,ER,472,0.03999999999999915,42.717999,42.757999,T,Y,0,0,scooter,164,42.478001,42.757999,his,yelling
WCHU77581_mono,WCHU77581_mono_0164,EH,474,0.09000000000000341,42.858002,42.948002,Y,L,0,1,yelling,165,42.757999,43.198002,scooter,-
WCHU77581_mono,WCHU77581_mono_0165,IH,476,0.07999800000000334,42.978001,43.057999,L,NG,0,0,yelling,165,42.757999,43.198002,scooter,-
WCHU77581_mono,WCHU77581_mono_0166,UW,480,0.2700010000000006,43.336601,43.606602,Z,M,0,1,zoom,167,43.226601,43.726601,-,zoom
WCHU77581_mono,WCHU77581_mono_0167,UW,483,0.3700019999999995,43.806599,44.176601,Z,M,0,1,zoom,168,43.726601,44.326599,zoom,-
WCHU77581_mono,WCHU77581_mono_0168,AY,487,0.06000099999999975,44.515099,44.5751,L,K,0,1,like,170,44.4851,44.625099,-,it
WCHU77581_mono,WCHU77581_mono_0169,IH,489,0.06000200000000433,44.625099,44.685101,K,W,0,0,it,171,44.625099,44.685101,like,was
WCHU77581_mono,WCHU77581_mono_0170,AH,491,0.04999899999999968,44.7551,44.805099,W,Z,0,0,was,172,44.685101,44.835098,it,a
WCHU77581_mono,WCHU77581_mono_0171,AH,493,0.060001999999997224,44.835098,44.8951,Z,S,0,0,a,173,44.835098,44.8951,was,sound
WCHU77581_mono,WCHU77581_mono_0172,AW,495,0.11999899999999997,45.025101,45.1451,S,N,0,1,sound,174,44.8951,45.215099,a,effect
WCHU77581_mono,WCHU77581_mono_0173,AH,498,0.04000099999999662,45.215099,45.2551,D,F,0,0,effect,175,45.215099,45.5051,sound,that
WCHU77581_mono,WCHU77581_mono_0174,EH,500,0.07999799999999624,45.3451,45.425098,F,K,0,1,effect,175,45.215099,45.5051,sound,that
WCHU77581_mono,WCHU77581_mono_0175,AE,504,0.06000099999999975,45.535099,45.5951,DH,T,0,1,that,176,45.5051,45.675098,effect,summoned
WCHU77581_mono,WCHU77581_mono_0176,AH,507,0.03999999999999915,45.765099,45.805099,S,M,0,1,summoned,177,45.675098,46.0051,that,speed
WCHU77581_mono,WCHU77581_mono_0177,AH,509,0.04999999999999716,45.8451,45.8951,M,N,0,0,summoned,177,45.675098,46.0051,that,speed
WCHU77581_mono,WCHU77581_mono_0178,IY,514,0.22000100000000344,46.245098,46.465099,P,D,0,1,speed,178,46.0051,46.525101,summoned,-
WCHU77581_mono,WCHU77581_mono_0179,AY,517,0.05999700000000274,47.233601,47.293598,-,S,0,1,i,180,47.233601,47.293598,-,sat
WCHU77581_mono,WCHU77581_mono_0180,AE,519,0.13000100000000003,47.423599,47.5536,S,T,0,1,sat,181,47.293598,47.593601,i,-
WCHU77581_mono,WCHU77581_mono_0181,AH,522,0.0899999999999963,47.6236,47.7136,-,N,0,1,under,183,47.6236,47.8936,-,a
WCHU77581_mono,WCHU77581_mono_0182,ER,525,0.08000099999999577,47.813599,47.8936,D,AH0,0,0,under,183,47.6236,47.8936,-,a
WCHU77581_mono,WCHU77581_mono_0183,AH,526,0.07000000000000028,47.8936,47.9636,ER0,T,0,0,a,184,47.8936,47.9636,under,tree
WCHU77581_mono,WCHU77581_mono_0184,IY,529,0.23999799999999993,48.163601,48.403599,R,-,0,1,tree,185,47.9636,48.403599,a,-
WCHU77581_mono,WCHU77581_mono_0185,IH,532,0.03999999999999915,48.879601,48.919601,L,S,0,1,listened,187,48.849602,49.0896,-,to
WCHU77581_mono,--,AH,534,0.029998999999996556,48.999599,49.029598,S,N,1,0,listened,187,48.849602,49.0896,-,to
WCHU77581_mono,WCHU77581_mono_0186,AH,538,0.060001999999997224,49.119598,49.1796,T,DH,0,0,to,188,49.0896,49.1796,listened,the
WCHU77581_mono,WCHU77581_mono_0187,AH,540,0.06000099999999975,49.229599,49.2896,DH,spn,0,0,the,189,49.1796,49.2896,to,<unk>
WCHU77581_mono,WCHU77581_mono_0188,AH,543,0.030003000000000668,49.825199,49.855202,-,N,0,0,and,192,49.825199,49.965199,-,watch
WCHU77581_mono,WCHU77581_mono_0189,AA,547,0.08000200000000035,50.005199,50.085201,W,CH,0,1,watch,193,49.965199,50.175201,and,a
WCHU77581_mono,WCHU77581_mono_0190,AH,549,0.03999799999999709,50.175201,50.215199,CH,Y,0,0,a,194,50.175201,50.215199,watch,yellow
WCHU77581_mono,WCHU77581_mono_0191,EH,551,0.08000200000000035,50.325199,50.405201,Y,L,0,1,yellow,195,50.215199,50.625198,a,-
WCHU77581_mono,WCHU77581_mono_0192,OW,553,0.16999799999999965,50.4552,50.625198,L,-,0,0,yellow,195,50.215199,50.625198,a,-
WCHU77581_mono,--,AH,555,0.02999900000000366,50.749401,50.7794,-,N,1,0,and,197,50.749401,50.819401,-,watched
WCHU77581_mono,WCHU77581_mono_0193,AA,559,0.04999899999999968,50.8494,50.899399,W,CH,0,1,watched,198,50.819401,51.039398,and,a
WCHU77581_mono,WCHU77581_mono_0194,AH,562,0.030003000000000668,51.039398,51.069401,T,Y,0,0,a,199,51.039398,51.069401,watched,yellow
WCHU77581_mono,WCHU77581_mono_0195,EH,564,0.06000099999999975,51.149399,51.2094,Y,L,0,1,yellow,200,51.069401,51.359402,a,baboon
WCHU77581_mono,WCHU77581_mono_0196,OW,566,0.09000000000000341,51.269402,51.359402,L,B,0,0,yellow,200,51.069401,51.359402,a,baboon
WCHU77581_mono,WCHU77581_mono_0197,AH,568,0.06000200000000433,51.469398,51.5294,B,B,0,0,baboon,201,51.359402,51.919399,yellow,-
WCHU77581_mono,WCHU77581_mono_0198,UW,570,0.08000200000000035,51.6194,51.699402,B,N,0,1,baboon,201,51.359402,51.919399,yellow,-
WCHU77581_mono,--,AH,574,0.010002000000000066,52.573799,52.583801,B,L,1,0,balloon,203,52.5438,53.063801,-,-
WCHU77581_mono,WCHU77581_mono_0199,UW,576,0.19999999999999574,52.723801,52.923801,L,N,0,1,balloon,203,52.5438,53.063801,-,-
WCHU77581_mono,WCHU77581_mono_0200,EH,580,0.06999900000000281,53.163399,53.233398,G,T,0,1,get,205,53.123402,53.3134,-,tangled
WCHU77581_mono,WCHU77581_mono_0201,AE,583,0.07000000000000028,53.423401,53.493401,T,NG,0,1,tangled,206,53.3134,53.733398,get,in
WCHU77581_mono,WCHU77581_mono_0202,AH,586,0.04999899999999968,53.593399,53.643398,G,L,0,0,tangled,206,53.3134,53.733398,get,in
WCHU77581_mono,WCHU77581_mono_0203,IH,589,0.060001999999997224,53.733398,53.7934,D,N,0,0,in,207,53.733398,53.853401,tangled,a
WCHU77581_mono,WCHU77581_mono_0204,AH,591,0.039996999999999616,53.853401,53.893398,N,P,0,0,a,208,53.853401,53.893398,in,power
WCHU77581_mono,WCHU77581_mono_0205,AW,593,0.05000000000000426,54.023399,54.073399,P,ER0,0,1,power,209,53.893398,54.233398,a,-
WCHU77581_mono,WCHU77581_mono_0206,ER,594,0.15999899999999911,54.073399,54.233398,AW1,-,0,0,power,209,53.893398,54.233398,a,-
WCHU77581_mono,--,AY,597,0.029998999999996556,54.333401,54.3634,L,N,1,1,line,211,54.303398,54.493401,-,-
WCHU77581_mono,WCHU77581_mono_0207,IH,601,0.06000099999999975,55.0672,55.127201,W,R,0,1,weird,213,55.027199,55.2672,-,morning
WCHU77581_mono,WCHU77581_mono_0208,AO,605,0.07000000000000028,55.297199,55.367199,M,R,0,1,morning,214,55.2672,55.667198,weird,-
WCHU77581_mono,WCHU77581_mono_0209,IH,608,0.039996999999999616,55.487202,55.527199,N,NG,0,0,morning,214,55.2672,55.667198,weird,-
WCHU77581_mono,--,AH,612,0.02999900000000366,56.364101,56.3941,B,T,1,1,but,216,56.334099,56.424099,-,honestly
WCHU77581_mono,WCHU77581_mono_0210,AA,614,0.11000100000000401,56.424099,56.5341,T,N,0,1,honestly,217,56.424099,56.9841,but,-
WCHU77581_mono,WCHU77581_mono_0211,AH,616,0.04000099999999662,56.564098,56.604099,N,S,0,0,honestly,217,56.424099,56.9841,but,-
WCHU77581_mono,WCHU77581_mono_0212,IY,619,0.22000099999999634,56.764099,56.9841,L,-,0,0,honestly,217,56.424099,56.9841,but,-
WCHU77581_mono,WCHU77581_mono_0213,AA,622,0.0899999999999963,57.149799,57.239799,N,T,0,1,not,219,57.119801,57.309799,-,the
WCHU77581_mono,WCHU77581_mono_0214,AH,625,0.06000099999999975,57.3498,57.409801,DH,W,0,1,the,220,57.309799,57.409801,not,worst
WCHU77581_mono,WCHU77581_mono_0215,ER,627,0.1300020000000046,57.489799,57.619801,W,S,0,1,worst,221,57.409801,57.839802,the,-
WHU3354SD_mono,WHU3354SD_mono_0001,OW,3,0.039999999999999813,1.5738,1.6138,S,DH,0,1,so,2,1.4438,1.6138,-,this
WHU3354SD_mono,WHU3354SD_mono_0002,IH,5,0.06000000000000005,1.6738,1.7338,DH,S,0,1,this,3,1.6138,1.8538,so,morning
WHU3354SD_mono,WHU3354SD_mono_0003,AO,8,0.06000000000000005,1.9038,1.9638,M,R,0,1,morning,4,1.8538,2.2438,this,-
WHU3354SD_mono,WHU3354SD_mono_0004,IH,11,0.08999999999999986,2.0438,2.1338,N,NG,0,0,morning,4,1.8538,2.2438,this,-
WHU3354SD_mono,WHU3354SD_mono_0005,AY,14,0.1200000000000001,2.3345,2.4545,-,W,0,1,i,6,2.3345,2.4545,-,woke
WHU3354SD_mono,WHU3354SD_mono_0006,OW,16,0.06000000000000005,2.5645,2.6245,W,K,0,1,woke,7,2.4545,2.7245,i,up
WHU3354SD_mono,WHU3354SD_mono_0007,AH,18,0.050000000000000266,2.7245,2.7745,K,P,0,1,up,8,2.7245,2.8845,woke,late
WHU3354SD_mono,WHU3354SD_mono_0008,EY,21,0.1299999999999999,2.9445,3.0745,L,T,0,1,late,9,2.8845,3.1045,up,-
WHU3354SD_mono,WHU3354SD_mono_0009,AE,24,0.03000000000000025,3.1445,3.1745,-,N,0,1,and,11,3.1445,3.2345,-,immediately
WHU3354SD_mono,--,IH,27,0.029999999999999805,3.2345,3.2645,D,M,1,0,immediately,12,3.2345,3.7145,and,stubbed
WHU3354SD_mono,WHU3354SD_mono_0010,IY,29,0.0900000000000003,3.3745,3.4645,M,D,0,1,immediately,12,3.2345,3.7145,and,stubbed
WHU3354SD_mono,WHU3354SD_mono_0011,IY,31,0.03000000000000025,3.4945,3.5245,D,AH0,0,0,immediately,12,3.2345,3.7145,and,stubbed
WHU3354SD_mono,WHU3354SD_mono_0012,AH,32,0.04999999999999982,3.5245,3.5745,IY0,T,0,0,immediately,12,3.2345,3.7145,and,stubbed
WHU3354SD_mono,WHU3354SD_mono_0013,IY,35,0.050000000000000266,3.6645,3.7145,L,S,0,0,immediately,12,3.2345,3.7145,and,stubbed
WHU3354SD_mono,WHU3354SD_mono_0014,AH,38,0.07999999999999963,3.9945,4.0745,T,B,0,1,stubbed,13,3.7145,4.1645,immediately,my
WHU3354SD_mono,WHU3354SD_mono_0015,AY,42,0.09999999999999964,4.2045,4.3045,M,T,0,1,my,14,4.1645,4.3045,stubbed,toe
WHU3354SD_mono,WHU3354SD_mono_0016,OW,44,0.04999999999999982,4.4645,4.5145,T,AA1,0,1,toe,15,4.3045,4.5145,my,on
WHU3354SD_mono,WHU3354SD_mono_0017,AA,45,0.05999999999999961,4.5145,4.5745,OW1,N,0,1,on,16,4.5145,4.6445,toe,the
WHU3354SD_mono,WHU3354SD_mono_0018,AH,48,0.05999999999999961,4.6745,4.7345,DH,D,0,0,the,17,4.6445,4.7345,on,dresser
WHU3354SD_mono,WHU3354SD_mono_0019,EH,51,0.07000000000000028,4.8545,4.9245,R,S,0,1,dresser,18,4.7345,5.2345,the,-
WHU3354SD_mono,WHU3354SD_mono_0020,ER,53,0.17999999999999972,5.0545,5.2345,S,-,0,0,dresser,18,4.7345,5.2345,the,-
WHU3354SD_mono,WHU3354SD_mono_0021,EY,57,0.07000000000000028,5.5023,5.5723,R,T,0,1,great,20,5.3923,5.6523,-,start
WHU3354SD_mono,WHU3354SD_mono_0022,AA,61,0.05999999999999961,5.7723,5.8323,T,R,0,1,start,21,5.6523,5.9923,great,-
WHU3354SD_mono,WHU3354SD_mono_0023,AY,66,0.10000000000000053,6.1323,6.2323,R,T,0,1,right,23,6.0923,6.3223,-,-
WHU3354SD_mono,WHU3354SD_mono_0024,AY,69,0.09999999999999964,7.0182,7.1182,-,G,0,1,i,25,7.0182,7.1182,-,grumbled
WHU3354SD_mono,WHU3354SD_mono_0025,AH,72,0.04999999999999982,7.2582,7.3082,R,M,0,1,grumbled,26,7.1182,7.5082,i,something
WHU3354SD_mono,--,AH,75,0.009999999999999787,7.3982,7.4082,B,L,1,0,grumbled,26,7.1182,7.5082,i,something
WHU3354SD_mono,WHU3354SD_mono_0026,AH,79,0.040000000000000036,7.5882,7.6282,S,M,0,1,something,27,7.5082,7.8582,grumbled,half
WHU3354SD_mono,WHU3354SD_mono_0027,IH,82,0.040000000000000036,7.7682,7.8082,TH,NG,0,0,something,27,7.5082,7.8582,grumbled,half
WHU3354SD_mono,WHU3354SD_mono_0028,AE,85,0.07000000000000028,7.9582,8.0282,HH,F,0,1,half,28,7.8582,8.0982,something,conscious
WHU3354SD_mono,WHU3354SD_mono_0029,AA,88,0.0600000000000005,8.2182,8.2782,K,N,0,1,conscious,29,8.0982,8.6582,half,-
WHU3354SD_mono,WHU3354SD_mono_0030,AH,91,0.08000000000000007,8.4582,8.5382,SH,S,0,0,conscious,29,8.0982,8.6582,half,-
WHU3354SD_mono,WHU3354SD_mono_0031,AE,96,0.08999999999999986,8.8568,8.9468,R,B,0,1,grabbed,31,8.7568,9.0468,-,whatever
WHU3354SD_mono,WHU3354SD_mono_0032,AH,100,0.049999999999998934,9.0868,9.1368,W,T,0,2,whatever,32,9.0468,9.3868,grabbed,shirt
WHU3354SD_mono,WHU3354SD_mono_0033,EH,102,0.07000000000000028,9.1668,9.2368,T,V,0,1,whatever,32,9.0468,9.3868,grabbed,shirt
WHU3354SD_mono,WHU3354SD_mono_0034,ER,104,0.0799999999999983,9.3068,9.3868,V,SH,0,0,whatever,32,9.0468,9.3868,grabbed,shirt
WHU3354SD_mono,WHU3354SD_mono_0035,ER,106,0.07000000000000028,9.5368,9.6068,SH,T,0,1,shirt,33,9.3868,9.6768,whatever,was
WHU3354SD_mono,--,AH,109,0.02999999999999936,9.7268,9.7568,W,Z,1,0,was,34,9.6768,9.8168,shirt,cleanish
WHU3354SD_mono,WHU3354SD_mono_0036,AH,112,0.09999999999999964,10.3468,10.4468,spn,N,0,0,and,36,10.3468,10.5068,cleanish,headed
WHU3354SD_mono,WHU3354SD_mono_0037,EH,116,0.03999999999999915,10.5868,10.6268,HH,D,0,1,headed,37,10.5068,10.7968,and,out
WHU3354SD_mono,WHU3354SD_mono_0038,IH,118,0.07000000000000028,10.6668,10.7368,D,D,0,0,headed,37,10.5068,10.7968,and,out
WHU3354SD_mono,WHU3354SD_mono_0039,AW,120,0.07000000000000028,10.7968,10.8668,D,T,0,1,out,38,10.7968,10.9068,headed,-
WHU3354SD_mono,--,AH,124,0.02999999999999936,11.569,11.599,DH,S,1,0,the,40,11.519,11.599,-,sky
WHU3354SD_mono,WHU3354SD_mono_0040,AY,127,0.13000000000000078,11.789,11.919,K,L,0,1,sky,41,11.599,11.919,the,looked
WHU3354SD_mono,WHU3354SD_mono_0041,UH,129,0.05000000000000071,12.039,12.089,L,K,0,1,looked,42,11.919,12.229,sky,weird
WHU3354SD_mono,WHU3354SD_mono_0042,IH,133,0.07000000000000028,12.309,12.379,W,R,0,1,weird,43,12.229,12.589,looked,-
WHU3354SD_mono,WHU3354SD_mono_0043,AY,138,0.0600000000000005,12.748,12.808,L,K,0,1,like,45,12.698,12.858,-,that
WHU3354SD_mono,WHU3354SD_mono_0044,AE,141,0.07000000000000028,12.908,12.978,DH,T,0,1,that,46,12.858,13.018,like,shade
WHU3354SD_mono,WHU3354SD_mono_0045,EY,144,0.08000000000000007,13.148,13.228,SH,D,0,1,shade,47,13.018,13.278,that,of
WHU3354SD_mono,WHU3354SD_mono_0046,AH,146,0.03999999999999915,13.278,13.318,D,V,0,0,of,48,13.278,13.408,shade,blue
WHU3354SD_mono,WHU3354SD_mono_0047,UW,150,0.08999999999999986,13.518,13.608,L,G,0,1,blue,49,13.408,13.608,of,gray
WHU3354SD_mono,WHU3354SD_mono_0048,EY,153,0.10000000000000142,13.748,13.848,R,DH,0,1,gray,50,13.608,13.848,blue,that
WHU3354SD_mono,WHU3354SD_mono_0049,AE,155,0.0600000000000005,13.908,13.968,DH,T,0,1,that,51,13.848,14.018,gray,makes
WHU3354SD_mono,WHU3354SD_mono_0050,EY,158,0.07000000000000028,14.068,14.138,M,K,0,1,makes,52,14.018,14.268,that,you
WHU3354SD_mono,--,UW,162,0.02999999999999936,14.298,14.328,Y,K,1,1,you,53,14.268,14.328,makes,question
WHU3354SD_mono,WHU3354SD_mono_0051,EH,165,0.03999999999999915,14.468,14.508,W,SH,0,1,question,54,14.328,14.728,you,if
WHU3354SD_mono,WHU3354SD_mono_0052,AH,167,0.030000000000001137,14.658,14.688,SH,N,0,0,question,54,14.328,14.728,you,if
WHU3354SD_mono,WHU3354SD_mono_0053,IH,169,0.05000000000000071,14.728,14.778,N,F,0,1,if,55,14.728,14.858,question,it's
WHU3354SD_mono,WHU3354SD_mono_0054,IH,171,0.03999999999999915,14.858,14.898,F,T,0,0,it's,56,14.858,14.998,if,about
WHU3354SD_mono,WHU3354SD_mono_0055,AH,174,0.040000000000000924,14.998,15.038,S,B,0,0,about,57,14.998,15.158,it's,to
WHU3354SD_mono,WHU3354SD_mono_0056,AW,176,0.08000000000000007,15.078,15.158,B,T,0,1,about,57,14.998,15.158,it's,to
WHU3354SD_mono,WHU3354SD_mono_0057,AH,178,0.08999999999999986,15.198,15.288,T,R,0,0,to,58,15.158,15.288,about,rain
WHU3354SD_mono,WHU3354SD_mono_0058,EY,180,0.07999899999999904,15.348,15.427999,R,N,0,1,rain,59,15.288,15.498,to,or
WHU3354SD_mono,WHU3354SD_mono_0059,ER,182,0.08000000000000007,15.498,15.578,N,N,0,0,or,60,15.498,15.578,rain,not
WHU3354SD_mono,WHU3354SD_mono_0060,AA,184,0.03999999999999915,15.628,15.668,N,T,0,1,not,61,15.578,15.798,or,-
WHU3354SD_mono,WHU3354SD_mono_0061,AY,187,0.06999899999999926,16.443701,16.5137,-,S,0,1,i,63,16.443701,16.5137,-,stopped
WHU3354SD_mono,WHU3354SD_mono_0062,AA,190,0.1000009999999989,16.6737,16.773701,T,P,0,1,stopped,64,16.5137,16.8337,i,by
WHU3354SD_mono,WHU3354SD_mono_0063,AY,194,0.08000000000000185,16.863701,16.943701,B,DH,0,1,by,65,16.8337,16.943701,stopped,the
WHU3354SD_mono,WHU3354SD_mono_0064,AH,196,0.049999000000003235,17.0037,17.053699,DH,K,0,0,the,66,16.943701,17.053699,by,corner
WHU3354SD_mono,WHU3354SD_mono_0065,AO,198,0.030000999999998612,17.203699,17.2337,K,R,0,1,corner,67,17.053699,17.373699,the,store
WHU3354SD_mono,WHU3354SD_mono_0066,ER,201,0.0799999999999983,17.293699,17.373699,N,S,0,0,corner,67,17.053699,17.373699,the,store
WHU3354SD_mono,WHU3354SD_mono_0067,AO,204,0.07000000000000028,17.533701,17.603701,T,R,0,1,store,68,17.373699,17.703699,corner,to
WHU3354SD_mono,--,AH,207,0.029999999999997584,17.8137,17.8437,T,G,1,0,to,69,17.703699,17.8437,store,grab
WHU3354SD_mono,WHU3354SD_mono_0068,AE,210,0.06000099999999975,17.9737,18.033701,R,B,0,1,grab,70,17.8437,18.0937,to,a
WHU3354SD_mono,WHU3354SD_mono_0069,AH,212,0.060000000000002274,18.0937,18.1537,B,T,0,0,a,71,18.0937,18.1537,grab,toasted
WHU3354SD_mono,WHU3354SD_mono_0070,OW,214,0.05999899999999769,18.283701,18.3437,T,S,0,1,toasted,72,18.1537,18.5737,a,bagel
WHU3354SD_mono,WHU3354SD_mono_0071,IH,217,0.030000999999998612,18.4937,18.523701,T,D,0,0,toasted,72,18.1537,18.5737,a,bagel
WHU3354SD_mono,WHU3354SD_mono_0072,EY,220,0.13999899999999954,18.613701,18.7537,B,G,0,1,bagel,73,18.5737,18.943701,toasted,and
WHU3354SD_mono,WHU3354SD_mono_0073,AH,222,0.050000999999998186,18.8137,18.863701,G,L,0,0,bagel,73,18.5737,18.943701,toasted,and
WHU3354SD_mono,WHU3354SD_mono_0074,AH,224,0.0799999999999983,18.943701,19.023701,L,N,0,0,and,74,18.943701,19.0837,bagel,orange
WHU3354SD_mono,WHU3354SD_mono_0075,AO,227,0.14000000000000057,19.0837,19.2237,D,R,0,1,orange,75,19.0837,19.4137,and,juice
WHU3354SD_mono,--,AH,229,0.02999900000000011,19.2537,19.283699,R,N,1,0,orange,75,19.0837,19.4137,and,juice
WHU3354SD_mono,WHU3354SD_mono_0076,UW,233,0.03999900000000167,19.5937,19.633699,JH,S,0,1,juice,76,19.4137,19.7337,orange,-
WHU3354SD_mono,WHU3354SD_mono_0077,AH,237,0.03999900000000167,20.156401,20.1964,B,T,0,1,but,78,20.096399,20.236401,-,they
WHU3354SD_mono,WHU3354SD_mono_0078,EY,240,0.07000000000000028,20.2864,20.3564,DH,W,0,1,they,79,20.236401,20.3564,but,were
WHU3354SD_mono,WHU3354SD_mono_0079,ER,242,0.10000100000000245,20.3864,20.486401,W,AW1,0,0,were,80,20.3564,20.486401,they,out
WHU3354SD_mono,WHU3354SD_mono_0080,AW,243,0.13999899999999954,20.486401,20.6264,ER0,T,0,1,out,81,20.486401,20.666401,were,of
WHU3354SD_mono,WHU3354SD_mono_0081,AH,245,0.03999899999999812,20.666401,20.7064,T,V,0,0,of,82,20.666401,20.7764,out,both
WHU3354SD_mono,WHU3354SD_mono_0082,OW,248,0.09999799999999937,20.826401,20.926399,B,TH,0,1,both,83,20.7764,21.076401,of,-
WHU3354SD_mono,WHU3354SD_mono_0083,AH,252,0.040001000000000175,21.463499,21.5035,DH,K,0,0,the,85,21.4135,21.5035,-,cashier
WHU3354SD_mono,WHU3354SD_mono_0084,AE,254,0.07000000000000028,21.623501,21.693501,K,SH,0,0,cashier,86,21.5035,21.9135,the,joked
WHU3354SD_mono,WHU3354SD_mono_0085,IH,256,0.040001000000000175,21.8335,21.873501,SH,R,0,1,cashier,86,21.5035,21.9135,the,joked
WHU3354SD_mono,WHU3354SD_mono_0086,OW,259,0.11000100000000046,22.063499,22.1735,JH,K,0,1,joked,87,21.9135,22.293501,cashier,-
WHU3354SD_mono,WHU3354SD_mono_0087,IH,263,0.08000000000000185,22.7181,22.7981,-,T,0,1,it's,89,22.7181,22.938101,-,monday
WHU3354SD_mono,WHU3354SD_mono_0088,AH,267,0.059999000000001246,23.008101,23.0681,M,N,0,1,monday,90,22.938101,23.3281,it's,energy
WHU3354SD_mono,WHU3354SD_mono_0089,EY,270,0.13999899999999954,23.188101,23.3281,D,EH1,0,2,monday,90,22.938101,23.3281,it's,energy
WHU3354SD_mono,WHU3354SD_mono_0090,EH,271,0.07000000000000028,23.3281,23.3981,EY2,N,0,1,energy,91,23.3281,23.7981,monday,-
WHU3354SD_mono,--,ER,273,0.02999799999999908,23.508101,23.538099,N,JH,1,0,energy,91,23.3281,23.7981,monday,-
WHU3354SD_mono,WHU3354SD_mono_0091,IY,275,0.15000000000000213,23.6481,23.7981,JH,-,0,0,energy,91,23.3281,23.7981,monday,-
WHU3354SD_mono,WHU3354SD_mono_0092,AE,277,0.060001999999997224,23.971399,24.031401,-,N,0,1,and,93,23.971399,24.1014,-,i
WHU3354SD_mono,WHU3354SD_mono_0093,AY,280,0.04999999999999716,24.1014,24.1514,D,HH,0,1,i,94,24.1014,24.1514,and,half
WHU3354SD_mono,WHU3354SD_mono_0094,AE,282,0.07000000000000028,24.3314,24.4014,HH,F,0,1,half,95,24.1514,24.531401,i,laughed
WHU3354SD_mono,WHU3354SD_mono_0095,AE,285,0.11000100000000046,24.5814,24.691401,L,F,0,1,laughed,96,24.531401,24.8214,half,because
WHU3354SD_mono,WHU3354SD_mono_0096,IH,289,0.03999900000000167,24.871401,24.9114,B,K,0,0,because,97,24.8214,25.2314,laughed,-
WHU3354SD_mono,WHU3354SD_mono_0097,AH,291,0.10000000000000142,24.9914,25.0914,K,Z,0,0,because,97,24.8214,25.2314,laughed,-
WHU3354SD_mono,WHU3354SD_mono_0098,AE,295,0.13999999999999702,25.3514,25.4914,Y,-,0,1,yeah,99,25.2614,25.4914,-,-
WHU3354SD_mono,WHU3354SD_mono_0099,UW,299,0.09000100000000089,25.960199,26.0502,R,-,0,1,true,101,25.780199,26.0502,-,-
WHU3354SD_mono,WHU3354SD_mono_0100,AY,301,0.0799999999999983,26.7561,26.8361,-,T,0,1,i,103,26.7561,26.8361,-,took
WHU3354SD_mono,WHU3354SD_mono_0101,UH,303,0.0799999999999983,26.9261,27.0061,T,K,0,1,took,104,26.8361,27.046101,i,a
WHU3354SD_mono,WHU3354SD_mono_0102,AH,305,0.059999000000001246,27.046101,27.1061,K,S,0,0,a,105,27.046101,27.1061,took,seat
WHU3354SD_mono,WHU3354SD_mono_0103,IY,307,0.08999999999999986,27.2661,27.3561,S,T,0,1,seat,106,27.1061,27.386101,a,near
WHU3354SD_mono,WHU3354SD_mono_0104,IH,310,0.03999899999999812,27.4461,27.486099,N,R,0,1,near,107,27.386101,27.546101,seat,the
WHU3354SD_mono,WHU3354SD_mono_0105,AH,313,0.059999000000001246,27.5961,27.656099,DH,W,0,0,the,108,27.546101,27.656099,near,window
WHU3354SD_mono,WHU3354SD_mono_0106,IH,315,0.040001000000000175,27.7561,27.796101,W,N,0,1,window,109,27.656099,28.126101,the,-
WHU3354SD_mono,WHU3354SD_mono_0107,OW,318,0.21000099999999833,27.9161,28.126101,D,-,0,0,window,109,27.656099,28.126101,the,-
WHU3354SD_mono,WHU3354SD_mono_0108,OW,323,0.050000999999998186,28.406099,28.4561,R,L,0,1,scrolled,111,28.156099,28.5161,-,my
WHU3354SD_mono,WHU3354SD_mono_0109,AY,327,0.09000100000000089,28.576099,28.6661,M,F,0,1,my,112,28.5161,28.6661,scrolled,phone
WHU3354SD_mono,--,OW,329,0.02999799999999908,28.796101,28.826099,F,N,1,1,phone,113,28.6661,29.0061,my,-
WHU3354SD_mono,WHU3354SD_mono_0110,AE,332,0.03999999999999915,29.2925,29.3325,-,N,0,1,and,115,29.2925,29.4025,-,overheard
WHU3354SD_mono,WHU3354SD_mono_0111,OW,335,0.08000000000000185,29.4025,29.4825,D,V,0,1,overheard,116,29.4025,29.852501,and,someone
WHU3354SD_mono,WHU3354SD_mono_0112,ER,337,0.07999900000000082,29.5425,29.622499,V,HH,0,0,overheard,116,29.4025,29.852501,and,someone
WHU3354SD_mono,WHU3354SD_mono_0113,ER,339,0.06999900000000281,29.7125,29.782499,HH,D,0,1,overheard,116,29.4025,29.852501,and,someone
WHU3354SD_mono,--,AH,342,0.02999900000000011,29.932501,29.9625,S,M,1,1,someone,117,29.852501,30.122499,overheard,say
WHU3354SD_mono,WHU3354SD_mono_0114,AH,345,0.03999999999999915,30.0425,30.0825,W,N,0,2,someone,117,29.852501,30.122499,overheard,say
WHU3354SD_mono,WHU3354SD_mono_0115,EY,348,0.16000000000000014,30.262501,30.422501,S,-,0,1,say,118,30.122499,30.422501,someone,-
WHU3354SD_mono,WHU3354SD_mono_0116,AH,351,0.05999899999999769,30.8778,30.937799,DH,JH,0,0,the,120,30.837799,30.937799,-,giraffe
WHU3354SD_mono,WHU3354SD_mono_0117,ER,353,0.08999999999999986,31.0378,31.1278,JH,AE1,0,0,giraffe,121,30.937799,31.3678,the,exhibit
WHU3354SD_mono,WHU3354SD_mono_0118,AE,354,0.13999899999999954,31.1278,31.267799,ER0,F,0,1,giraffe,121,30.937799,31.3678,the,exhibit
WHU3354SD_mono,WHU3354SD_mono_0119,IH,356,0.040001000000000175,31.3678,31.407801,F,G,0,0,exhibit,122,31.3678,31.767799,giraffe,-
WHU3354SD_mono,WHU3354SD_mono_0120,IH,359,0.06999899999999926,31.5278,31.597799,Z,B,0,1,exhibit,122,31.3678,31.767799,giraffe,-
WHU3354SD_mono,WHU3354SD_mono_0121,IH,361,0.08999999999999986,31.6378,31.7278,B,T,0,0,exhibit,122,31.3678,31.767799,giraffe,-
WHU3354SD_mono,WHU3354SD_mono_0122,OW,364,0.08000000000000185,31.7978,31.8778,-,P,0,1,opens,124,31.7978,32.097801,-,at
WHU3354SD_mono,--,AH,366,0.029999999999997584,31.9478,31.9778,P,N,1,0,opens,124,31.7978,32.097801,-,at
WHU3354SD_mono,WHU3354SD_mono_0123,AE,369,0.09000000000000341,32.097801,32.187801,Z,T,0,1,at,125,32.097801,32.2178,opens,noon
WHU3354SD_mono,WHU3354SD_mono_0124,UW,372,0.10000199999999637,32.297798,32.3978,N,N,0,1,noon,126,32.2178,32.477798,at,-
WHU3354SD_mono,--,IH,377,0.029998999999996556,32.995201,33.0252,W,CH,1,1,which,128,32.915199,33.105202,-,felt
WHU3354SD_mono,WHU3354SD_mono_0125,EH,380,0.04999999999999716,33.165199,33.215199,F,L,0,1,felt,129,33.105202,33.325199,which,-
WHU3354SD_mono,WHU3354SD_mono_0126,AA,384,0.12999700000000303,33.355202,33.485199,-,D,0,1,oddly,131,33.355202,33.675201,-,profound
WHU3354SD_mono,WHU3354SD_mono_0127,IY,387,0.050003000000003794,33.625198,33.675201,L,P,0,0,oddly,131,33.355202,33.675201,-,profound
WHU3354SD_mono,WHU3354SD_mono_0128,OW,390,0.030001999999996087,33.805199,33.835201,R,F,0,0,profound,132,33.675201,34.165199,oddly,at
WHU3354SD_mono,WHU3354SD_mono_0129,AW,392,0.11999899999999997,33.9552,34.075199,F,N,0,1,profound,132,33.675201,34.165199,oddly,at
WHU3354SD_mono,WHU3354SD_mono_0130,AE,395,0.04000099999999662,34.165199,34.2052,D,T,0,1,at,133,34.165199,34.255199,profound,the
WHU3354SD_mono,--,AH,398,0.029998999999996556,34.2952,34.325199,DH,T,1,0,the,134,34.255199,34.325199,at,time
WHU3354SD_mono,WHU3354SD_mono_0131,AY,400,0.10999999999999943,34.465199,34.575199,T,M,0,1,time,135,34.325199,34.7052,the,-
WHU3354SD_mono,WHU3354SD_mono_0132,AE,403,0.04999899999999968,35.351101,35.4011,-,F,0,1,after,137,35.351101,35.5811,-,a
WHU3354SD_mono,WHU3354SD_mono_0133,ER,406,0.03999999999999915,35.5411,35.5811,T,AH0,0,0,after,137,35.351101,35.5811,-,a
WHU3354SD_mono,WHU3354SD_mono_0134,AH,407,0.04000100000000373,35.5811,35.621101,ER0,F,0,0,a,138,35.5811,35.621101,after,few
WHU3354SD_mono,WHU3354SD_mono_0135,UW,410,0.04999899999999968,35.8111,35.861099,Y,B,0,1,few,139,35.621101,35.861099,a,bites
WHU3354SD_mono,WHU3354SD_mono_0136,AY,412,0.1100009999999969,35.941101,36.051102,B,T,0,1,bites,140,35.861099,36.161098,few,of
WHU3354SD_mono,WHU3354SD_mono_0137,AH,415,0.030003000000000668,36.161098,36.191101,S,V,0,0,of,141,36.161098,36.2411,bites,something
WHU3354SD_mono,WHU3354SD_mono_0138,AH,418,0.04000100000000373,36.3311,36.371101,S,M,0,1,something,142,36.2411,36.641102,of,vaguely
WHU3354SD_mono,WHU3354SD_mono_0139,IH,421,0.030003000000000668,36.521099,36.551102,TH,NG,0,0,something,142,36.2411,36.641102,of,vaguely
WHU3354SD_mono,WHU3354SD_mono_0140,EY,424,0.15000200000000063,36.731098,36.8811,V,G,0,1,vaguely,143,36.641102,37.171101,something,egg
WHU3354SD_mono,WHU3354SD_mono_0141,IY,427,0.15000200000000063,37.021099,37.171101,L,EH1,0,0,vaguely,143,36.641102,37.171101,something,egg
WHU3354SD_mono,WHU3354SD_mono_0142,EH,428,0.11999899999999997,37.171101,37.2911,IY0,G,0,1,egg,144,37.171101,37.371101,vaguely,shaped
WHU3354SD_mono,WHU3354SD_mono_0143,EY,431,0.0699989999999957,37.501099,37.571098,SH,P,0,1,shaped,145,37.371101,37.731102,egg,-
WHU3354SD_mono,WHU3354SD_mono_0144,AY,435,0.09000000000000341,37.967701,38.057701,-,W,0,1,i,147,37.967701,38.057701,-,wandered
WHU3354SD_mono,WHU3354SD_mono_0145,AA,437,0.07999799999999624,38.197701,38.277699,W,N,0,1,wandered,148,38.057701,38.507702,i,to
WHU3354SD_mono,WHU3354SD_mono_0146,ER,440,0.07000000000000028,38.377701,38.447701,D,D,0,0,wandered,148,38.057701,38.507702,i,to
WHU3354SD_mono,--,AH,443,0.02999799999999908,38.577702,38.6077,T,DH,1,0,to,149,38.507702,38.6077,wandered,the
WHU3354SD_mono,WHU3354SD_mono_0147,AH,445,0.04999899999999968,38.6577,38.707699,DH,P,0,0,the,150,38.6077,38.707699,to,park
WHU3354SD_mono,--,AA,447,0.029998999999996556,38.8577,38.887699,P,R,1,1,park,151,38.707699,38.977699,the,-
WHU3354SD_mono,WHU3354SD_mono_0148,AH,451,0.0699989999999957,39.580601,39.6506,-,K,0,0,a,153,39.580601,39.6506,-,kid
WHU3354SD_mono,WHU3354SD_mono_0149,IH,453,0.05000000000000426,39.770599,39.820599,K,D,0,1,kid,154,39.6506,39.960602,a,zoomed
WHU3354SD_mono,WHU3354SD_mono_0150,UW,456,0.1200019999999995,40.070599,40.190601,Z,M,0,1,zoomed,155,39.960602,40.2906,kid,by
WHU3354SD_mono,WHU3354SD_mono_0151,AY,460,0.13000100000000003,40.320599,40.4506,B,AA1,0,1,by,156,40.2906,40.4506,zoomed,on
WHU3354SD_mono,WHU3354SD_mono_0152,AA,461,0.0699989999999957,40.4506,40.520599,AY1,N,0,1,on,157,40.4506,40.580601,by,a
WHU3354SD_mono,WHU3354SD_mono_0153,AH,463,0.04999899999999968,40.580601,40.6306,N,S,0,0,a,158,40.580601,40.6306,on,scooter
WHU3354SD_mono,WHU3354SD_mono_0154,UW,466,0.04999899999999968,40.840599,40.890598,K,T,0,1,scooter,159,40.6306,41.010601,a,yelling
WHU3354SD_mono,WHU3354SD_mono_0155,ER,468,0.08000200000000035,40.930599,41.010601,T,Y,0,0,scooter,159,40.6306,41.010601,a,yelling
WHU3354SD_mono,WHU3354SD_mono_0156,EH,470,0.04999899999999968,41.1106,41.160599,Y,L,0,1,yelling,160,41.010601,41.4006,scooter,zoom
WHU3354SD_mono,WHU3354SD_mono_0157,IH,472,0.07000000000000028,41.2206,41.2906,L,NG,0,0,yelling,160,41.010601,41.4006,scooter,zoom
WHU3354SD_mono,WHU3354SD_mono_0158,UW,475,0.1399990000000031,41.5406,41.680599,Z,M,0,1,zoom,161,41.4006,41.7906,yelling,zoom
WHU3354SD_mono,WHU3354SD_mono_0159,UW,478,0.11000100000000401,41.890598,42.000599,Z,M,0,1,zoom,162,41.7906,42.2206,zoom,-
WHU3354SD_mono,WHU3354SD_mono_0160,AY,482,0.039996999999999616,42.584702,42.624699,L,K,0,1,like,164,42.554699,42.694698,-,it
WHU3354SD_mono,WHU3354SD_mono_0161,IH,484,0.030003000000000668,42.694698,42.724701,K,W,0,0,it,165,42.694698,42.724701,like,was
WHU3354SD_mono,--,AH,486,0.02999799999999908,42.7547,42.784698,W,Z,1,0,was,166,42.724701,42.8447,it,a
WHU3354SD_mono,WHU3354SD_mono_0162,AH,488,0.06000099999999975,42.8447,42.904701,Z,S,0,0,a,167,42.8447,42.904701,was,sound
WHU3354SD_mono,WHU3354SD_mono_0163,AW,490,0.11999899999999997,43.074699,43.194698,S,N,0,1,sound,168,42.904701,43.2747,a,effect
WHU3354SD_mono,--,AH,493,0.029998999999996556,43.2747,43.304699,D,F,1,0,effect,169,43.2747,43.584702,sound,that
WHU3354SD_mono,WHU3354SD_mono_0164,EH,495,0.0699989999999957,43.4147,43.484699,F,K,0,1,effect,169,43.2747,43.584702,sound,that
WHU3354SD_mono,WHU3354SD_mono_0165,AE,499,0.04000100000000373,43.624699,43.6647,DH,T,0,1,that,170,43.584702,43.714699,effect,summoned
WHU3354SD_mono,WHU3354SD_mono_0166,AH,502,0.039996999999999616,43.834702,43.874699,S,M,0,1,summoned,171,43.714699,44.054699,that,speed
WHU3354SD_mono,--,AH,504,0.02999900000000366,43.9347,43.964699,M,N,1,0,summoned,171,43.714699,44.054699,that,speed
WHU3354SD_mono,WHU3354SD_mono_0167,IY,509,0.05999800000000022,44.244701,44.304699,P,D,0,1,speed,172,44.054699,44.494701,summoned,-
WHU3354SD_mono,WHU3354SD_mono_0168,AY,512,0.07999800000000334,45.176102,45.2561,-,S,0,1,i,174,45.176102,45.2561,-,sat
WHU3354SD_mono,WHU3354SD_mono_0169,AE,514,0.1399990000000031,45.396099,45.536098,S,T,0,1,sat,175,45.2561,45.576099,i,under
WHU3354SD_mono,WHU3354SD_mono_0170,AH,516,0.05000000000000426,45.576099,45.626099,T,N,0,1,under,176,45.576099,45.826099,sat,a
WHU3354SD_mono,WHU3354SD_mono_0171,ER,519,0.07999799999999624,45.746101,45.826099,D,AH0,0,0,under,176,45.576099,45.826099,sat,a
WHU3354SD_mono,WHU3354SD_mono_0172,AH,520,0.060001999999997224,45.826099,45.886101,ER0,T,0,0,a,177,45.826099,45.886101,under,tree
WHU3354SD_mono,WHU3354SD_mono_0173,IY,523,0.20999900000000338,46.0961,46.306099,R,-,0,1,tree,178,45.886101,46.306099,a,-
WHU3354SD_mono,WHU3354SD_mono_0174,IH,526,0.04000100000000373,46.5284,46.568401,L,S,0,1,listened,180,46.478401,46.768398,-,to
WHU3354SD_mono,WHU3354SD_mono_0175,AH,528,0.0399980000000042,46.658401,46.698399,S,N,0,0,listened,180,46.478401,46.768398,-,to
WHU3354SD_mono,WHU3354SD_mono_0176,AH,532,0.04999899999999968,46.808399,46.858398,T,DH,0,0,to,181,46.768398,46.858398,listened,the
WHU3354SD_mono,WHU3354SD_mono_0177,AH,534,0.06000099999999975,46.9184,46.978401,DH,B,0,0,the,182,46.858398,46.978401,to,breeze
WHU3354SD_mono,WHU3354SD_mono_0178,IY,537,0.15000200000000063,47.108398,47.2584,R,Z,0,1,breeze,183,46.978401,47.398399,the,-
WHU3354SD_mono,WHU3354SD_mono_0179,AH,540,0.039996999999999616,47.478401,47.518398,-,N,0,0,and,185,47.478401,47.628399,-,watched
WHU3354SD_mono,WHU3354SD_mono_0180,AA,544,0.0899999999999963,47.698399,47.788399,W,CH,0,1,watched,186,47.628399,47.948399,and,a
WHU3354SD_mono,WHU3354SD_mono_0181,AH,547,0.04000099999999662,47.948399,47.9884,T,Y,0,0,a,187,47.948399,47.9884,watched,yellow
WHU3354SD_mono,WHU3354SD_mono_0182,EH,549,0.06000099999999975,48.0984,48.158401,Y,L,0,1,yellow,188,47.9884,48.308399,a,balloon
WHU3354SD_mono,WHU3354SD_mono_0183,OW,551,0.06999900000000281,48.2384,48.308399,L,B,0,0,yellow,188,47.9884,48.308399,a,balloon
WHU3354SD_mono,--,AH,553,0.009997999999995955,48.388401,48.398399,B,L,1,0,balloon,189,48.308399,48.638401,yellow,get
WHU3354SD_mono,WHU3354SD_mono_0184,UW,555,0.07999800000000334,48.5284,48.608398,L,N,0,1,balloon,189,48.308399,48.638401,yellow,get
WHU3354SD_mono,WHU3354SD_mono_0185,EH,558,0.030003000000000668,48.768398,48.798401,G,T,0,1,get,190,48.638401,48.878399,balloon,tangled
WHU3354SD_mono,--,AE,561,0.02999900000000366,48.978401,49.0084,T,NG,1,1,tangled,191,48.878399,49.288399,get,in
WHU3354SD_mono,WHU3354SD_mono_0186,AH,564,0.04000099999999662,49.128399,49.1684,G,L,0,0,tangled,191,48.878399,49.288399,get,in
WHU3354SD_mono,WHU3354SD_mono_0187,IH,567,0.04000100000000373,49.288399,49.3284,D,N,0,0,in,192,49.288399,49.398399,tangled,a
WHU3354SD_mono,WHU3354SD_mono_0188,AH,569,0.05000000000000426,49.398399,49.448399,N,P,0,0,a,193,49.398399,49.448399,in,power
WHU3354SD_mono,--,AW,571,0.029998999999996556,49.568401,49.5984,P,ER0,1,1,power,194,49.448399,49.678398,a,-
WHU3354SD_mono,WHU3354SD_mono_0189,ER,572,0.07999800000000334,49.5984,49.678398,AW1,-,0,0,power,194,49.448399,49.678398,a,-
WHU3354SD_mono,--,AY,575,0.010002999999997542,49.858398,49.868401,L,N,1,1,line,196,49.8284,49.948399,-,-
WHU3354SD_mono,WHU3354SD_mono_0190,IH,579,0.06999900000000281,50.5672,50.637199,W,R,0,1,weird,198,50.4972,50.7472,-,morning
WHU3354SD_mono,WHU3354SD_mono_0191,AO,583,0.04999899999999968,50.827202,50.877201,M,R,0,1,morning,199,50.7472,51.1772,weird,-
WHU3354SD_mono,WHU3354SD_mono_0192,IH,586,0.030002000000003193,50.937199,50.967201,N,NG,0,0,morning,199,50.7472,51.1772,weird,-
WHU3354SD_mono,WHU3354SD_mono_0193,AH,590,0.04000100000000373,51.415001,51.455002,B,T,0,1,but,201,51.365002,51.485001,-,-
WHU3354SD_mono,WHU3354SD_mono_0194,AA,593,0.1100009999999969,51.514999,51.625,-,N,0,1,honestly,203,51.514999,52.005001,-,-
WHU3354SD_mono,WHU3354SD_mono_0195,AH,595,0.05999700000000274,51.665001,51.724998,N,S,0,0,honestly,203,51.514999,52.005001,-,-
WHU3354SD_mono,WHU3354SD_mono_0196,IY,598,0.10000200000000348,51.904999,52.005001,L,-,0,0,honestly,203,51.514999,52.005001,-,-
WHU3354SD_mono,WHU3354SD_mono_0197,AA,601,0.07999799999999624,52.428902,52.5089,N,T,0,1,not,205,52.398899,52.568901,-,the
WHU3354SD_mono,WHU3354SD_mono_0198,AH,604,0.06000099999999975,52.5989,52.658901,DH,W,0,0,the,206,52.568901,52.658901,not,worst
WHU3354SD_mono,WHU3354SD_mono_0199,ER,606,0.11999899999999997,52.768902,52.888901,W,S,0,1,worst,207,52.658901,53.108898,the,-
WTHELLYYY_mono,WTHELLYYY_mono_0001,OW,3,0.13000000000000012,1.2666,1.3966,S,DH,0,1,so,2,1.1966,1.3966,-,this
WTHELLYYY_mono,WTHELLYYY_mono_0002,IH,5,0.050000000000000044,1.4666,1.5166,DH,S,0,1,this,3,1.3966,1.6166,so,morning
WTHELLYYY_mono,WTHELLYYY_mono_0003,AO,8,0.030000000000000027,1.6666,1.6966,M,R,0,1,morning,4,1.6166,1.9666,this,i
WTHELLYYY_mono,WTHELLYYY_mono_0004,IH,11,0.050000000000000044,1.7966,1.8466,N,NG,0,0,morning,4,1.6166,1.9666,this,i
WTHELLYYY_mono,WTHELLYYY_mono_0005,AY,13,0.10000000000000031,1.9666,2.0666,NG,W,0,1,i,5,1.9666,2.0666,morning,woke
WTHELLYYY_mono,WTHELLYYY_mono_0006,OW,15,0.07000000000000028,2.1466,2.2166,W,K,0,1,woke,6,2.0666,2.2966,i,up
WTHELLYYY_mono,--,AH,17,0.029999999999999805,2.2966,2.3266,K,P,1,1,up,7,2.2966,2.3566,woke,-
WTHELLYYY_mono,WTHELLYYY_mono_0007,EY,21,0.08000000000000007,2.4866,2.5666,L,T,0,1,late,9,2.4566,2.6566,-,and
WTHELLYYY_mono,WTHELLYYY_mono_0008,AH,23,0.040000000000000036,2.6566,2.6966,T,N,0,0,and,10,2.6566,2.7566,late,immediately
WTHELLYYY_mono,--,IH,26,0.029999999999999805,2.7566,2.7866,D,M,1,0,immediately,11,2.7566,3.1566,and,stubbed
WTHELLYYY_mono,WTHELLYYY_mono_0009,IY,28,0.04999999999999982,2.8866,2.9366,M,D,0,1,immediately,11,2.7566,3.1566,and,stubbed
WTHELLYYY_mono,--,IY,30,0.029999999999999805,2.9666,2.9966,D,AH0,1,0,immediately,11,2.7566,3.1566,and,stubbed
WTHELLYYY_mono,WTHELLYYY_mono_0010,AH,31,0.050000000000000266,2.9966,3.0466,IY0,T,0,0,immediately,11,2.7566,3.1566,and,stubbed
WTHELLYYY_mono,WTHELLYYY_mono_0011,IY,34,0.050000000000000266,3.1066,3.1566,L,S,0,0,immediately,11,2.7566,3.1566,and,stubbed
WTHELLYYY_mono,WTHELLYYY_mono_0012,AH,37,0.03999999999999959,3.3166,3.3566,T,B,0,1,stubbed,12,3.1566,3.4166,immediately,my
WTHELLYYY_mono,WTHELLYYY_mono_0013,AY,41,0.06999999999999984,3.4466,3.5166,M,T,0,1,my,13,3.4166,3.5166,stubbed,toe
WTHELLYYY_mono,WTHELLYYY_mono_0014,OW,43,0.050000000000000266,3.6266,3.6766,T,AA1,0,1,toe,14,3.5166,3.6766,my,on
WTHELLYYY_mono,WTHELLYYY_mono_0015,AA,44,0.040000000000000036,3.6766,3.7166,OW1,N,0,1,on,15,3.6766,3.7766,toe,the
WTHELLYYY_mono,--,AH,47,0.029999999999999805,3.8066,3.8366,DH,D,1,0,the,16,3.7766,3.8366,on,dresser
WTHELLYYY_mono,WTHELLYYY_mono_0016,EH,50,0.040000000000000036,3.9566,3.9966,R,S,0,1,dresser,17,3.8366,4.2366,the,-
WTHELLYYY_mono,WTHELLYYY_mono_0017,ER,52,0.1299999999999999,4.1066,4.2366,S,-,0,0,dresser,17,3.8366,4.2366,the,-
WTHELLYYY_mono,WTHELLYYY_mono_0018,EY,56,0.08000000000000007,4.618,4.698,R,S,0,1,great,19,4.568,4.698,-,start
WTHELLYYY_mono,WTHELLYYY_mono_0019,AA,59,0.0600000000000005,4.858,4.918,T,R,0,1,start,20,4.698,5.028,great,right
WTHELLYYY_mono,WTHELLYYY_mono_0020,AY,63,0.15000000000000036,5.098,5.248,R,T,0,1,right,21,5.028,5.288,start,-
WTHELLYYY_mono,WTHELLYYY_mono_0021,AY,66,0.03000000000000025,5.912,5.942,-,G,0,1,i,23,5.912,5.942,-,grumbled
WTHELLYYY_mono,WTHELLYYY_mono_0022,AH,69,0.0600000000000005,6.042,6.102,R,M,0,1,grumbled,24,5.942,6.242,i,something
WTHELLYYY_mono,--,AH,72,0.009999999999999787,6.162,6.172,B,L,1,0,grumbled,24,5.942,6.242,i,something
WTHELLYYY_mono,WTHELLYYY_mono_0023,AH,76,0.04999999999999982,6.292,6.342,S,M,0,1,something,25,6.242,6.482,grumbled,half
WTHELLYYY_mono,WTHELLYYY_mono_0024,IH,79,0.040000000000000036,6.402,6.442,TH,NG,0,0,something,25,6.242,6.482,grumbled,half
WTHELLYYY_mono,WTHELLYYY_mono_0025,AE,82,0.08000000000000007,6.572,6.652,HH,F,0,1,half,26,6.482,6.712,something,conscious
WTHELLYYY_mono,WTHELLYYY_mono_0026,AA,85,0.040000000000000036,6.812,6.852,K,N,0,1,conscious,27,6.712,7.182,half,-
WTHELLYYY_mono,WTHELLYYY_mono_0027,AH,88,0.09999999999999964,7.032,7.132,SH,S,0,0,conscious,27,6.712,7.182,half,-
WTHELLYYY_mono,WTHELLYYY_mono_0028,AE,93,0.09999999999999964,7.3432,7.4432,R,B,0,1,grabbed,29,7.2932,7.5532,-,whatever
WTHELLYYY_mono,WTHELLYYY_mono_0029,AH,97,0.03000000000000025,7.5832,7.6132,W,T,0,2,whatever,30,7.5532,7.8032,grabbed,shirt
WTHELLYYY_mono,WTHELLYYY_mono_0030,EH,99,0.05999999999999961,7.6432,7.7032,T,V,0,1,whatever,30,7.5532,7.8032,grabbed,shirt
WTHELLYYY_mono,WTHELLYYY_mono_0031,ER,101,0.03000000000000025,7.7732,7.8032,V,SH,0,0,whatever,30,7.5532,7.8032,grabbed,shirt
WTHELLYYY_mono,WTHELLYYY_mono_0032,ER,103,0.0699999999999994,7.9332,8.0032,SH,T,0,1,shirt,31,7.8032,8.0832,whatever,was
WTHELLYYY_mono,WTHELLYYY_mono_0033,AH,106,0.07000000000000028,8.1432,8.2132,W,Z,0,0,was,32,8.0832,8.2832,shirt,clean
WTHELLYYY_mono,WTHELLYYY_mono_0034,IY,110,0.09999999999999964,8.4732,8.5732,L,N,0,1,clean,33,8.2832,8.7132,was,-
WTHELLYYY_mono,WTHELLYYY_mono_0035,IH,113,0.17999999999999972,8.7532,8.9332,-,SH,0,1,ish,35,8.7532,9.1632,-,and
WTHELLYYY_mono,WTHELLYYY_mono_0036,AH,115,0.08000000000000007,9.1632,9.2432,SH,N,0,0,and,36,9.1632,9.3832,ish,headed
WTHELLYYY_mono,WTHELLYYY_mono_0037,EH,119,0.030000999999998612,9.413199,9.4432,HH,D,0,1,headed,37,9.3832,9.5632,and,out
WTHELLYYY_mono,WTHELLYYY_mono_0038,IH,121,0.03999999999999915,9.4732,9.5132,D,D,0,0,headed,37,9.3832,9.5632,and,out
WTHELLYYY_mono,WTHELLYYY_mono_0039,AW,123,0.11999999999999922,9.5632,9.6832,D,T,0,1,out,38,9.5632,9.7332,headed,-
WTHELLYYY_mono,--,AH,127,0.02999999999999936,10.333,10.363,DH,S,1,0,the,40,10.313,10.363,-,sky
WTHELLYYY_mono,WTHELLYYY_mono_0040,AY,130,0.09000000000000163,10.463,10.553,K,L,0,1,sky,41,10.363,10.553,the,looked
WTHELLYYY_mono,WTHELLYYY_mono_0041,UH,132,0.040000000000000924,10.633,10.673,L,K,0,1,looked,42,10.553,10.793,sky,weird
WTHELLYYY_mono,WTHELLYYY_mono_0042,IH,136,0.09999999999999964,10.823,10.923,W,R,0,1,weird,43,10.793,11.073,looked,like
WTHELLYYY_mono,WTHELLYYY_mono_0043,AY,140,0.07000000000000028,11.103,11.173,L,K,0,1,like,44,11.073,11.223,weird,that
WTHELLYYY_mono,WTHELLYYY_mono_0044,AE,143,0.0600000000000005,11.253,11.313,DH,T,0,1,that,45,11.223,11.373,like,shade
WTHELLYYY_mono,WTHELLYYY_mono_0045,EY,146,0.08000000000000007,11.473,11.553,SH,D,0,1,shade,46,11.373,11.593,that,of
WTHELLYYY_mono,WTHELLYYY_mono_0046,AH,148,0.03999999999999915,11.593,11.633,D,V,0,0,of,47,11.593,11.663,shade,-
WTHELLYYY_mono,WTHELLYYY_mono_0047,UW,153,0.08000000000000007,11.893,11.973,L,G,0,1,blue,49,11.813,11.973,-,gray
WTHELLYYY_mono,WTHELLYYY_mono_0048,EY,156,0.09999999999999964,12.113,12.213,R,-,0,1,gray,50,11.973,12.213,blue,-
WTHELLYYY_mono,--,AE,159,0.02999999999999936,12.2699,12.2999,DH,T,1,1,that,52,12.2399,12.3399,-,made
WTHELLYYY_mono,WTHELLYYY_mono_0049,EY,162,0.08000000000000007,12.4099,12.4899,M,D,0,1,made,53,12.3399,12.5399,that,you
WTHELLYYY_mono,--,UW,165,0.02999999999999936,12.5699,12.5999,Y,-,1,1,you,54,12.5399,12.5999,made,-
WTHELLYYY_mono,--,EH,169,0.02999999999999936,12.7499,12.7799,W,S,1,1,question,56,12.6899,13.0199,-,if
WTHELLYYY_mono,WTHELLYYY_mono_0050,AH,172,0.030000000000001137,12.9399,12.9699,CH,N,0,0,question,56,12.6899,13.0199,-,if
WTHELLYYY_mono,WTHELLYYY_mono_0051,IH,174,0.040000000000000924,13.0199,13.0599,N,F,0,1,if,57,13.0199,13.1399,question,it's
WTHELLYYY_mono,--,IH,176,0.02999999999999936,13.1399,13.1699,F,T,1,0,it's,58,13.1399,13.2299,if,about
WTHELLYYY_mono,--,AH,179,0.02999999999999936,13.2299,13.2599,S,B,1,0,about,59,13.2299,13.3999,it's,to
WTHELLYYY_mono,WTHELLYYY_mono_0052,AW,181,0.07000000000000028,13.2899,13.3599,B,T,0,1,about,59,13.2299,13.3999,it's,to
WTHELLYYY_mono,WTHELLYYY_mono_0053,AH,184,0.05000000000000071,13.4499,13.4999,T,R,0,0,to,60,13.3999,13.4999,about,rain
WTHELLYYY_mono,WTHELLYYY_mono_0054,EY,186,0.09999999999999964,13.5599,13.6599,R,N,0,1,rain,61,13.4999,13.6999,to,or
WTHELLYYY_mono,WTHELLYYY_mono_0055,ER,188,0.07000000000000028,13.6999,13.7699,N,N,0,0,or,62,13.6999,13.7699,rain,not
WTHELLYYY_mono,--,AA,190,0.02999999999999936,13.8299,13.8599,N,T,1,1,not,63,13.7699,13.9699,or,-
WTHELLYYY_mono,--,AY,193,0.009999999999999787,14.5473,14.5573,-,S,1,1,i,65,14.5473,14.5573,-,stopped
WTHELLYYY_mono,WTHELLYYY_mono_0056,AA,196,0.07000000000000028,14.6573,14.7273,T,P,0,1,stopped,66,14.5573,14.7873,i,by
WTHELLYYY_mono,WTHELLYYY_mono_0057,AY,200,0.05000000000000071,14.8173,14.8673,B,DH,0,1,by,67,14.7873,14.8673,stopped,the
WTHELLYYY_mono,WTHELLYYY_mono_0058,AH,202,0.040000000000000924,14.8973,14.9373,DH,K,0,0,the,68,14.8673,14.9373,by,corner
WTHELLYYY_mono,WTHELLYYY_mono_0059,AO,204,0.030000000000001137,15.0573,15.0873,K,R,0,1,corner,69,14.9373,15.2173,the,store
WTHELLYYY_mono,WTHELLYYY_mono_0060,ER,207,0.07000000000000028,15.1473,15.2173,N,S,0,0,corner,69,14.9373,15.2173,the,store
WTHELLYYY_mono,WTHELLYYY_mono_0061,AO,210,0.05000000000000071,15.3273,15.3773,T,R,0,1,store,70,15.2173,15.4773,corner,-
WTHELLYYY_mono,WTHELLYYY_mono_0062,UW,214,0.03999999999999915,15.5678,15.6078,T,G,0,1,to,72,15.5078,15.6078,-,grab
WTHELLYYY_mono,WTHELLYYY_mono_0063,AE,217,0.06999999999999851,15.7078,15.7778,R,B,0,1,grab,73,15.6078,15.8078,to,the
WTHELLYYY_mono,WTHELLYYY_mono_0064,AH,220,0.030000000000001137,15.8378,15.8678,DH,T,0,0,the,74,15.8078,15.8678,grab,toasted
WTHELLYYY_mono,WTHELLYYY_mono_0065,OW,222,0.05000000000000071,15.9878,16.0378,T,S,0,1,toasted,75,15.8678,16.2078,the,-
WTHELLYYY_mono,--,IH,225,0.02999900000000011,16.1478,16.177799,T,D,1,0,toasted,75,15.8678,16.2078,the,-
WTHELLYYY_mono,WTHELLYYY_mono_0066,EY,229,0.13999899999999954,16.2878,16.427799,B,G,0,1,bagel,77,16.257799,16.587801,-,and
WTHELLYYY_mono,WTHELLYYY_mono_0067,AH,231,0.08000000000000185,16.4778,16.5578,G,L,0,0,bagel,77,16.257799,16.587801,-,and
WTHELLYYY_mono,WTHELLYYY_mono_0068,AH,233,0.08000000000000185,16.587801,16.667801,L,N,0,0,and,78,16.587801,16.747801,bagel,-
WTHELLYYY_mono,WTHELLYYY_mono_0069,AO,237,0.08999999999999986,16.847799,16.937799,-,R,0,1,orange,80,16.847799,17.1978,-,juice
WTHELLYYY_mono,WTHELLYYY_mono_0070,AH,239,0.030001000000002165,17.007799,17.0378,R,N,0,0,orange,80,16.847799,17.1978,-,juice
WTHELLYYY_mono,WTHELLYYY_mono_0071,UW,243,0.03999899999999812,17.237801,17.2778,JH,S,0,1,juice,81,17.1978,17.3078,orange,-
WTHELLYYY_mono,WTHELLYYY_mono_0072,AH,247,0.030001000000002165,17.5478,17.577801,B,T,0,1,but,83,17.487801,17.6178,-,they
WTHELLYYY_mono,WTHELLYYY_mono_0073,EY,250,0.03999899999999812,17.6478,17.687799,DH,W,0,1,they,84,17.6178,17.687799,but,were
WTHELLYYY_mono,WTHELLYYY_mono_0074,ER,252,0.04999899999999968,17.737801,17.7878,W,AW1,0,0,were,85,17.687799,17.7878,they,out
WTHELLYYY_mono,WTHELLYYY_mono_0075,AW,253,0.07000000000000028,17.7878,17.8578,ER0,T,0,1,out,86,17.7878,17.8878,were,of
WTHELLYYY_mono,WTHELLYYY_mono_0076,AH,255,0.030001000000002165,17.8878,17.917801,T,V,0,0,of,87,17.8878,17.9778,out,both
WTHELLYYY_mono,WTHELLYYY_mono_0077,OW,258,0.0799999999999983,18.017799,18.097799,B,TH,0,1,both,88,17.9778,18.1378,of,-
WTHELLYYY_mono,--,AH,262,0.02999900000000011,18.811001,18.841,DH,K,1,0,the,90,18.781,18.841,-,cashier
WTHELLYYY_mono,WTHELLYYY_mono_0078,AE,264,0.10000000000000142,18.921,19.021,K,SH,0,0,cashier,91,18.841,19.181,the,joked
WTHELLYYY_mono,WTHELLYYY_mono_0079,IH,266,0.030000999999998612,19.111,19.141001,SH,R,0,1,cashier,91,18.841,19.181,the,joked
WTHELLYYY_mono,WTHELLYYY_mono_0080,OW,269,0.1000009999999989,19.291,19.391001,JH,K,0,1,joked,92,19.181,19.631001,cashier,-
WTHELLYYY_mono,WTHELLYYY_mono_0081,IH,273,0.07000000000000028,19.688499,19.758499,-,T,0,0,it's,94,19.688499,19.8785,-,monday
WTHELLYYY_mono,WTHELLYYY_mono_0082,AH,277,0.059999000000001246,19.918501,19.9785,M,N,0,1,monday,95,19.8785,20.1285,it's,energy
WTHELLYYY_mono,WTHELLYYY_mono_0083,EY,280,0.0799999999999983,20.0485,20.1285,D,EH1,0,2,monday,95,19.8785,20.1285,it's,energy
WTHELLYYY_mono,WTHELLYYY_mono_0084,EH,281,0.08999999999999986,20.1285,20.2185,EY2,N,0,1,energy,96,20.1285,20.5485,monday,-
WTHELLYYY_mono,WTHELLYYY_mono_0085,ER,283,0.030001000000002165,20.268499,20.2985,N,JH,0,0,energy,96,20.1285,20.5485,monday,-
WTHELLYYY_mono,WTHELLYYY_mono_0086,IY,285,0.12999900000000153,20.418501,20.5485,JH,-,0,0,energy,96,20.1285,20.5485,monday,-
WTHELLYYY_mono,WTHELLYYY_mono_0087,AE,287,0.05000100000000174,20.742399,20.7924,-,N,0,1,and,98,20.742399,20.8724,-,i
WTHELLYYY_mono,--,AY,290,0.02999900000000011,20.8724,20.902399,D,HH,1,1,i,99,20.8724,20.902399,and,half
WTHELLYYY_mono,WTHELLYYY_mono_0088,AE,292,0.08000000000000185,21.052401,21.132401,HH,F,0,1,half,100,20.902399,21.2624,i,laughed
WTHELLYYY_mono,WTHELLYYY_mono_0089,AE,295,0.13000100000000003,21.332399,21.4624,L,F,0,1,laughed,101,21.2624,21.5224,half,-
WTHELLYYY_mono,--,IH,300,0.02999900000000011,21.785101,21.8151,B,K,1,0,because,103,21.7551,22.0051,-,yeah
WTHELLYYY_mono,--,AH,302,0.02999900000000011,21.8451,21.875099,K,Z,1,0,because,103,21.7551,22.0051,-,yeah
WTHELLYYY_mono,WTHELLYYY_mono_0090,AE,305,0.07000000000000028,22.055099,22.125099,Y,T,0,1,yeah,104,22.0051,22.125099,because,true
WTHELLYYY_mono,--,UW,308,0.02999900000000011,22.365101,22.3951,R,-,1,1,true,105,22.125099,22.3951,yeah,-
WTHELLYYY_mono,--,AY,310,0.02999900000000011,23.223301,23.2533,-,T,1,1,i,107,23.223301,23.2533,-,took
WTHELLYYY_mono,WTHELLYYY_mono_0091,UH,312,0.040001000000000175,23.313299,23.3533,T,K,0,1,took,108,23.2533,23.4233,i,a
WTHELLYYY_mono,--,AH,314,0.029999999999997584,23.4233,23.4533,K,S,1,0,a,109,23.4233,23.4533,took,seat
WTHELLYYY_mono,--,IY,316,0.02999900000000011,23.553301,23.5833,S,T,1,1,seat,110,23.4533,23.6133,a,near
WTHELLYYY_mono,WTHELLYYY_mono_0092,IH,319,0.040001000000000175,23.643299,23.6833,N,R,0,1,near,111,23.6133,23.733299,seat,the
WTHELLYYY_mono,WTHELLYYY_mono_0093,AH,322,0.04999899999999968,23.7733,23.823299,DH,W,0,0,the,112,23.733299,23.823299,near,window
WTHELLYYY_mono,WTHELLYYY_mono_0094,IH,324,0.050000999999998186,23.903299,23.9533,W,N,0,1,window,113,23.823299,24.2033,the,scrolled
WTHELLYYY_mono,WTHELLYYY_mono_0095,OW,327,0.17999999999999972,24.0233,24.2033,D,S,0,0,window,113,23.823299,24.2033,the,scrolled
WTHELLYYY_mono,WTHELLYYY_mono_0096,OW,331,0.04999899999999968,24.4233,24.473299,R,L,0,1,scrolled,114,24.2033,24.5333,window,my
WTHELLYYY_mono,WTHELLYYY_mono_0097,AY,335,0.08000000000000185,24.573299,24.653299,M,F,0,1,my,115,24.5333,24.653299,scrolled,phone
WTHELLYYY_mono,WTHELLYYY_mono_0098,OW,337,0.12999900000000153,24.7733,24.903299,F,N,0,1,phone,116,24.653299,24.9533,my,and
WTHELLYYY_mono,WTHELLYYY_mono_0099,AH,339,0.07000000000000028,24.9533,25.0233,N,N,0,0,and,117,24.9533,25.0933,phone,overheard
WTHELLYYY_mono,WTHELLYYY_mono_0100,OW,342,0.07000000000000028,25.0933,25.1633,D,V,0,1,overheard,118,25.0933,25.5033,and,someone
WTHELLYYY_mono,WTHELLYYY_mono_0101,ER,344,0.06000099999999975,25.223299,25.2833,V,HH,0,0,overheard,118,25.0933,25.5033,and,someone
WTHELLYYY_mono,WTHELLYYY_mono_0102,ER,346,0.04999899999999968,25.373301,25.4233,HH,D,0,1,overheard,118,25.0933,25.5033,and,someone
WTHELLYYY_mono,WTHELLYYY_mono_0103,AH,349,0.03999900000000167,25.543301,25.5833,S,M,0,1,someone,119,25.5033,25.723299,overheard,say
WTHELLYYY_mono,WTHELLYYY_mono_0104,AH,352,0.030001000000002165,25.643299,25.6733,W,N,0,2,someone,119,25.5033,25.723299,overheard,say
WTHELLYYY_mono,WTHELLYYY_mono_0105,EY,355,0.18999999999999773,25.8333,26.0233,S,-,0,1,say,120,25.723299,26.0233,someone,-
WTHELLYYY_mono,--,AH,358,0.02999900000000011,26.4286,26.458599,DH,JH,1,0,the,122,26.4186,26.458599,-,giraffe
WTHELLYYY_mono,WTHELLYYY_mono_0106,ER,360,0.08000000000000185,26.548599,26.628599,JH,AE1,0,0,giraffe,123,26.458599,26.8286,the,exhibit
WTHELLYYY_mono,WTHELLYYY_mono_0107,AE,361,0.1000009999999989,26.628599,26.7286,ER0,F,0,1,giraffe,123,26.458599,26.8286,the,exhibit
WTHELLYYY_mono,WTHELLYYY_mono_0108,IH,363,0.040001000000000175,26.8286,26.868601,F,G,0,0,exhibit,124,26.8286,27.1586,giraffe,opens
WTHELLYYY_mono,WTHELLYYY_mono_0109,IH,366,0.06000099999999975,26.9786,27.038601,Z,B,0,1,exhibit,124,26.8286,27.1586,giraffe,opens
WTHELLYYY_mono,WTHELLYYY_mono_0110,IH,368,0.04999899999999968,27.0786,27.128599,B,T,0,0,exhibit,124,26.8286,27.1586,giraffe,opens
WTHELLYYY_mono,WTHELLYYY_mono_0111,OW,370,0.10999999999999943,27.1586,27.2686,T,P,0,1,opens,125,27.1586,27.5086,exhibit,at
WTHELLYYY_mono,--,AH,372,0.029998999999996556,27.368601,27.3986,P,N,1,0,opens,125,27.1586,27.5086,exhibit,at
WTHELLYYY_mono,WTHELLYYY_mono_0112,AE,375,0.05999999999999872,27.5086,27.5686,Z,T,0,1,at,126,27.5086,27.5986,opens,-
WTHELLYYY_mono,WTHELLYYY_mono_0113,UW,379,0.0799999999999983,27.718599,27.798599,N,N,0,1,noon,128,27.628599,27.8286,-,-
WTHELLYYY_mono,--,IH,383,0.02999900000000011,28.162901,28.1929,W,CH,1,1,which,130,28.1329,28.2729,-,-
WTHELLYYY_mono,--,EH,387,0.02999900000000011,28.492901,28.5229,F,L,1,1,felt,132,28.402901,28.682899,-,-
WTHELLYYY_mono,WTHELLYYY_mono_0114,AA,391,0.1399990000000031,28.732901,28.8729,-,D,0,1,oddly,134,28.732901,28.9729,-,profound
WTHELLYYY_mono,WTHELLYYY_mono_0115,IY,394,0.040001000000000175,28.932899,28.9729,L,P,0,0,oddly,134,28.732901,28.9729,-,profound
WTHELLYYY_mono,WTHELLYYY_mono_0116,OW,397,0.030001000000002165,29.092899,29.1229,R,F,0,0,profound,135,28.9729,29.3829,oddly,at
WTHELLYYY_mono,WTHELLYYY_mono_0117,AW,399,0.11000100000000046,29.2129,29.322901,F,N,0,1,profound,135,28.9729,29.3829,oddly,at
WTHELLYYY_mono,WTHELLYYY_mono_0118,AE,402,0.030001000000002165,29.3829,29.412901,D,T,0,1,at,136,29.3829,29.4629,profound,the
WTHELLYYY_mono,WTHELLYYY_mono_0119,AH,405,0.03999900000000167,29.492901,29.5329,DH,T,0,0,the,137,29.4629,29.5329,at,time
WTHELLYYY_mono,WTHELLYYY_mono_0120,AY,407,0.13999899999999954,29.6229,29.762899,T,M,0,1,time,138,29.5329,29.7929,the,-
WTHELLYYY_mono,WTHELLYYY_mono_0121,AE,410,0.030000999999998612,30.6306,30.660601,-,F,0,1,after,140,30.6306,30.8106,-,a
WTHELLYYY_mono,WTHELLYYY_mono_0122,ER,413,0.030000000000001137,30.7806,30.8106,T,AH0,0,0,after,140,30.6306,30.8106,-,a
WTHELLYYY_mono,WTHELLYYY_mono_0123,AH,414,0.0799999999999983,30.8106,30.8906,ER0,-,0,0,a,141,30.8106,30.8906,after,-
WTHELLYYY_mono,WTHELLYYY_mono_0124,UW,418,0.060000000000002274,31.4652,31.5252,Y,B,0,1,few,143,31.315201,31.5252,-,bites
WTHELLYYY_mono,WTHELLYYY_mono_0125,AY,420,0.08999999999999986,31.6152,31.7052,B,T,0,1,bites,144,31.5252,31.7952,few,of
WTHELLYYY_mono,--,AH,423,0.02999900000000011,31.7952,31.825199,S,V,1,0,of,145,31.7952,31.8552,bites,something
WTHELLYYY_mono,WTHELLYYY_mono_0126,AH,426,0.030000000000001137,31.9252,31.9552,S,M,0,1,something,146,31.8552,32.145199,of,vaguely
WTHELLYYY_mono,--,IH,429,0.02999799999999908,32.015202,32.0452,TH,NG,1,0,something,146,31.8552,32.145199,of,vaguely
WTHELLYYY_mono,WTHELLYYY_mono_0127,EY,432,0.08000100000000288,32.215199,32.2952,V,G,0,1,vaguely,147,32.145199,32.495201,something,egg
WTHELLYYY_mono,WTHELLYYY_mono_0128,IY,435,0.09000000000000341,32.405201,32.495201,L,EH1,0,0,vaguely,147,32.145199,32.495201,something,egg
WTHELLYYY_mono,WTHELLYYY_mono_0129,EH,436,0.09999899999999684,32.495201,32.5952,IY0,G,0,1,egg,148,32.495201,32.665199,vaguely,shaped
WTHELLYYY_mono,WTHELLYYY_mono_0130,EY,439,0.04000099999999662,32.785198,32.825199,SH,P,0,1,shaped,149,32.665199,32.885201,egg,-
WTHELLYYY_mono,WTHELLYYY_mono_0131,AY,443,0.08000200000000035,33.075199,33.155201,-,W,0,1,i,151,33.075199,33.155201,-,wandered
WTHELLYYY_mono,WTHELLYYY_mono_0132,AA,445,0.04999899999999968,33.265202,33.315201,W,N,0,1,wandered,152,33.155201,33.465199,i,to
WTHELLYYY_mono,WTHELLYYY_mono_0133,ER,448,0.050003000000003794,33.375198,33.425201,D,D,0,0,wandered,152,33.155201,33.465199,i,to
WTHELLYYY_mono,WTHELLYYY_mono_0134,AH,451,0.039996999999999616,33.515202,33.555199,T,DH,0,0,to,153,33.465199,33.555199,wandered,the
WTHELLYYY_mono,WTHELLYYY_mono_0135,AH,453,0.05000000000000426,33.585201,33.635201,DH,P,0,0,the,154,33.555199,33.635201,to,park
WTHELLYYY_mono,WTHELLYYY_mono_0136,AA,455,0.030002000000003193,33.715199,33.745201,P,R,0,1,park,155,33.635201,33.855202,the,-
WTHELLYYY_mono,--,AH,459,0.02999799999999908,34.475201,34.505199,-,K,1,0,a,157,34.475201,34.505199,-,kid
WTHELLYYY_mono,WTHELLYYY_mono_0137,IH,461,0.10000300000000095,34.625198,34.725201,K,D,0,1,kid,158,34.505199,34.8452,a,zoomed
WTHELLYYY_mono,WTHELLYYY_mono_0138,UW,464,0.09999899999999684,34.925201,35.0252,Z,M,0,1,zoomed,159,34.8452,35.165199,kid,by
WTHELLYYY_mono,WTHELLYYY_mono_0139,AY,468,0.11000100000000401,35.2052,35.315201,B,AA1,0,1,by,160,35.165199,35.315201,zoomed,on
WTHELLYYY_mono,WTHELLYYY_mono_0140,AA,469,0.04000099999999662,35.315201,35.355202,AY1,N,0,1,on,161,35.315201,35.405201,by,a
WTHELLYYY_mono,WTHELLYYY_mono_0141,AH,471,0.04000100000000373,35.405201,35.445202,N,S,0,0,a,162,35.405201,35.445202,on,scooter
WTHELLYYY_mono,WTHELLYYY_mono_0142,UW,474,0.04000100000000373,35.5952,35.635201,K,T,0,1,scooter,163,35.445202,35.735199,a,yelling
WTHELLYYY_mono,WTHELLYYY_mono_0143,ER,476,0.07000000000000028,35.665199,35.735199,T,Y,0,0,scooter,163,35.445202,35.735199,a,yelling
WTHELLYYY_mono,WTHELLYYY_mono_0144,EH,478,0.0699989999999957,35.805199,35.875198,Y,L,0,1,yelling,164,35.735199,36.0952,scooter,-
WTHELLYYY_mono,WTHELLYYY_mono_0145,IH,480,0.08000200000000035,35.915199,35.995201,L,NG,0,0,yelling,164,35.735199,36.0952,scooter,-
WTHELLYYY_mono,WTHELLYYY_mono_0146,UW,484,0.1400030000000001,36.332298,36.472301,Z,M,0,1,zoom,166,36.212299,36.602299,-,zoom
WTHELLYYY_mono,WTHELLYYY_mono_0147,UW,487,0.11000100000000401,36.702301,36.812302,Z,M,0,1,zoom,167,36.602299,36.932301,zoom,-
WTHELLYYY_mono,WTHELLYYY_mono_0148,AY,491,0.0700040000000044,37.557598,37.627602,L,K,0,1,like,169,37.527599,37.6576,-,it
WTHELLYYY_mono,WTHELLYYY_mono_0149,IH,493,0.04000099999999662,37.6576,37.697601,K,T,0,1,it,170,37.6576,37.7276,like,was
WTHELLYYY_mono,WTHELLYYY_mono_0150,AH,496,0.04999999999999716,37.777599,37.827599,W,Z,0,0,was,171,37.7276,37.927601,it,a
WTHELLYYY_mono,WTHELLYYY_mono_0151,AH,498,0.04999899999999968,37.927601,37.9776,Z,S,0,0,a,172,37.927601,37.9776,was,sound
WTHELLYYY_mono,WTHELLYYY_mono_0152,AW,500,0.10000300000000095,38.147598,38.247601,S,N,0,1,sound,173,37.9776,38.3176,a,effect
WTHELLYYY_mono,WTHELLYYY_mono_0153,AH,503,0.04000100000000373,38.3176,38.357601,D,F,0,0,effect,174,38.3176,38.577599,sound,-
WTHELLYYY_mono,WTHELLYYY_mono_0154,EH,505,0.04000099999999662,38.4776,38.517601,F,K,0,1,effect,174,38.3176,38.577599,sound,-
WTHELLYYY_mono,WTHELLYYY_mono_0155,AH,510,0.030003000000000668,38.647598,38.677601,DH,T,0,0,that,176,38.617599,38.757599,-,summoned
WTHELLYYY_mono,WTHELLYYY_mono_0156,AH,513,0.04999899999999968,38.837601,38.8876,S,M,0,1,summoned,177,38.757599,39.0476,that,-
WTHELLYYY_mono,WTHELLYYY_mono_0157,AH,515,0.030003000000000668,38.937599,38.967602,M,N,0,0,summoned,177,38.757599,39.0476,that,-
WTHELLYYY_mono,WTHELLYYY_mono_0158,IY,521,0.27999899999999656,39.287601,39.5676,P,-,0,1,speed,179,39.087601,39.5676,-,-
WTHELLYYY_mono,WTHELLYYY_mono_0159,AY,523,0.08000200000000035,40.0849,40.164902,-,S,0,1,i,181,40.0849,40.164902,-,sat
WTHELLYYY_mono,WTHELLYYY_mono_0160,AE,525,0.07000000000000028,40.2649,40.3349,S,T,0,1,sat,182,40.164902,40.374901,i,under
WTHELLYYY_mono,WTHELLYYY_mono_0161,AH,527,0.07999799999999624,40.374901,40.454899,T,N,0,1,under,183,40.374901,40.614899,sat,a
WTHELLYYY_mono,WTHELLYYY_mono_0162,ER,530,0.07999800000000334,40.534901,40.614899,D,AH0,0,0,under,183,40.374901,40.614899,sat,a
WTHELLYYY_mono,WTHELLYYY_mono_0163,AH,531,0.06000099999999975,40.614899,40.6749,ER0,T,0,0,a,184,40.614899,40.6749,under,tree
WTHELLYYY_mono,WTHELLYYY_mono_0164,IY,534,0.060001999999997224,40.8549,40.914902,R,L,0,1,tree,185,40.6749,40.914902,a,listened
WTHELLYYY_mono,WTHELLYYY_mono_0165,IH,536,0.04999999999999716,40.984901,41.034901,L,S,0,1,listened,186,40.914902,41.1549,tree,to
WTHELLYYY_mono,--,AH,538,0.02999900000000366,41.064899,41.094898,S,N,1,0,listened,186,40.914902,41.1549,tree,to
WTHELLYYY_mono,WTHELLYYY_mono_0166,AH,542,0.030003000000000668,41.184898,41.214901,T,DH,0,0,to,187,41.1549,41.214901,listened,the
WTHELLYYY_mono,WTHELLYYY_mono_0167,AH,544,0.04999899999999968,41.254902,41.304901,DH,B,0,0,the,188,41.214901,41.304901,to,breeze
WTHELLYYY_mono,WTHELLYYY_mono_0168,IY,547,0.12999700000000303,41.414902,41.544899,R,Z,0,1,breeze,189,41.304901,41.5849,the,-
WTHELLYYY_mono,--,EH,551,0.02999900000000366,41.645401,41.6754,DH,N,1,1,then,191,41.615398,41.755402,-,watched
WTHELLYYY_mono,WTHELLYYY_mono_0169,AA,554,0.0899999999999963,41.805401,41.895401,W,CH,0,1,watched,192,41.755402,42.005402,then,a
WTHELLYYY_mono,WTHELLYYY_mono_0170,AH,557,0.05999700000000274,42.005402,42.065399,T,Y,0,0,a,193,42.005402,42.065399,watched,yellow
WTHELLYYY_mono,WTHELLYYY_mono_0171,EH,559,0.06999900000000281,42.125401,42.1954,Y,L,0,1,yellow,194,42.065399,42.295399,a,balloon
WTHELLYYY_mono,WTHELLYYY_mono_0172,OW,561,0.05999800000000022,42.235401,42.295399,L,B,0,0,yellow,194,42.065399,42.295399,a,balloon
WTHELLYYY_mono,--,AH,563,0.009997999999995955,42.3554,42.365398,B,L,1,0,balloon,195,42.295399,42.5854,yellow,get
WTHELLYYY_mono,--,UW,565,0.02999900000000366,42.4454,42.475399,L,N,1,1,balloon,195,42.295399,42.5854,yellow,get
WTHELLYYY_mono,WTHELLYYY_mono_0173,IH,568,0.050003000000003794,42.635399,42.685402,G,T,0,1,get,196,42.5854,42.745399,balloon,tangled
WTHELLYYY_mono,WTHELLYYY_mono_0174,AE,571,0.06000099999999975,42.8554,42.915401,T,NG,0,1,tangled,197,42.745399,43.125401,get,in
WTHELLYYY_mono,--,AH,574,0.02999900000000366,42.995399,43.025398,G,L,1,0,tangled,197,42.745399,43.125401,get,in
WTHELLYYY_mono,WTHELLYYY_mono_0175,IH,577,0.04000000000000625,43.125401,43.165401,D,N,0,0,in,198,43.125401,43.215401,tangled,a
WTHELLYYY_mono,WTHELLYYY_mono_0176,AH,579,0.04000099999999662,43.215401,43.255402,N,P,0,0,a,199,43.215401,43.255402,in,power
WTHELLYYY_mono,WTHELLYYY_mono_0177,AW,581,0.08000200000000035,43.385399,43.465401,P,ER0,0,1,power,200,43.255402,43.545399,a,line
WTHELLYYY_mono,WTHELLYYY_mono_0178,ER,582,0.07999800000000334,43.465401,43.545399,AW1,L,0,0,power,200,43.255402,43.545399,a,line
WTHELLYYY_mono,WTHELLYYY_mono_0179,AY,584,0.050003000000003794,43.615398,43.665401,L,N,0,1,line,201,43.545399,43.715401,power,-
WTHELLYYY_mono,WTHELLYYY_mono_0180,IH,588,0.05999700000000274,44.381901,44.441898,W,R,0,1,weird,203,44.3419,44.541901,-,morning
WTHELLYYY_mono,--,AO,592,0.029998999999996556,44.5919,44.621899,M,R,1,1,morning,204,44.541901,44.871899,weird,-
WTHELLYYY_mono,WTHELLYYY_mono_0181,IH,595,0.030003000000000668,44.731899,44.761902,N,NG,0,0,morning,204,44.541901,44.871899,weird,-
WTHELLYYY_mono,WTHELLYYY_mono_0182,AH,599,0.04999899999999968,45.244801,45.2948,B,T,0,1,but,206,45.214802,45.324799,-,honestly
WTHELLYYY_mono,WTHELLYYY_mono_0183,AA,601,0.1400030000000001,45.324799,45.464802,T,N,0,1,honestly,207,45.324799,45.844799,but,-
WTHELLYYY_mono,--,AH,603,0.02999900000000366,45.514801,45.5448,N,S,1,0,honestly,207,45.324799,45.844799,but,-
WTHELLYYY_mono,WTHELLYYY_mono_0184,IY,606,0.14999800000000363,45.694801,45.844799,L,-,0,0,honestly,207,45.324799,45.844799,but,-
WTHELLYYY_mono,WTHELLYYY_mono_0185,AA,609,0.08000200000000035,46.0448,46.124802,N,T,0,1,not,209,45.964802,46.1548,-,the
WTHELLYYY_mono,WTHELLYYY_mono_0186,AH,612,0.04999899999999968,46.184799,46.234798,DH,W,0,0,the,210,46.1548,46.234798,not,worst
WTHELLYYY_mono,WTHELLYYY_mono_0187,ER,614,0.10999999999999943,46.2948,46.4048,W,S,0,1,worst,211,46.234798,46.6348,the,-
X08544611_mono,X08544611_mono_0001,OW,3,0.07000000000000006,1.0955,1.1655,S,DH,0,1,so,2,1.0055,1.1655,-,this
X08544611_mono,X08544611_mono_0002,IH,5,0.040000000000000036,1.2155,1.2555,DH,S,0,1,this,3,1.1655,1.3355,so,morning
X08544611_mono,X08544611_mono_0003,AO,8,0.040000000000000036,1.3755,1.4155,M,R,0,1,morning,4,1.3355,1.5955,this,i
X08544611_mono,X08544611_mono_0004,IH,11,0.050000000000000044,1.4955,1.5455,N,NG,0,0,morning,4,1.3355,1.5955,this,i
X08544611_mono,X08544611_mono_0005,AY,13,0.07000000000000006,1.5955,1.6655,NG,W,0,1,i,5,1.5955,1.6655,morning,woke
X08544611_mono,X08544611_mono_0006,OW,15,0.06999999999999984,1.7455,1.8155,W,K,0,1,woke,6,1.6655,1.8655,i,up
X08544611_mono,X08544611_mono_0007,AH,17,0.030000000000000027,1.8655,1.8955,K,P,0,1,up,7,1.8655,1.9855,woke,late
X08544611_mono,X08544611_mono_0008,EY,20,0.08000000000000007,2.0455,2.1255,L,T,0,1,late,8,1.9855,2.1655,up,and
X08544611_mono,X08544611_mono_0009,AH,22,0.03999999999999959,2.1655,2.2055,T,N,0,0,and,9,2.1655,2.2655,late,immediately
X08544611_mono,X08544611_mono_0010,IH,25,0.03000000000000025,2.2655,2.2955,D,M,0,0,immediately,10,2.2655,2.7455,and,stubbed
X08544611_mono,X08544611_mono_0011,IY,27,0.06999999999999984,2.4355,2.5055,M,D,0,1,immediately,10,2.2655,2.7455,and,stubbed
X08544611_mono,X08544611_mono_0012,IY,29,0.04999999999999982,2.5455,2.5955,D,AH0,0,0,immediately,10,2.2655,2.7455,and,stubbed
X08544611_mono,X08544611_mono_0013,AH,30,0.040000000000000036,2.5955,2.6355,IY0,T,0,0,immediately,10,2.2655,2.7455,and,stubbed
X08544611_mono,--,IY,33,0.029999999999999805,2.7155,2.7455,L,S,1,0,immediately,10,2.2655,2.7455,and,stubbed
X08544611_mono,X08544611_mono_0014,AH,36,0.04999999999999982,2.8755,2.9255,T,B,0,1,stubbed,11,2.7455,2.9655,immediately,my
X08544611_mono,X08544611_mono_0015,AY,40,0.040000000000000036,3.0055,3.0455,M,T,0,1,my,12,2.9655,3.0455,stubbed,toe
X08544611_mono,--,OW,42,0.029999999999999805,3.1455,3.1755,T,AA1,1,1,toe,13,3.0455,3.1755,my,on
X08544611_mono,X08544611_mono_0016,AA,43,0.06000000000000005,3.1755,3.2355,OW1,N,0,1,on,14,3.1755,3.2755,toe,the
X08544611_mono,X08544611_mono_0017,AH,46,0.03000000000000025,3.3055,3.3355,DH,D,0,0,the,15,3.2755,3.3355,on,dresser
X08544611_mono,X08544611_mono_0018,EH,49,0.04999999999999982,3.4355,3.4855,R,S,0,1,dresser,16,3.3355,3.7155,the,-
X08544611_mono,X08544611_mono_0019,ER,51,0.10000000000000009,3.6155,3.7155,S,-,0,0,dresser,16,3.3355,3.7155,the,-
X08544611_mono,X08544611_mono_0020,EY,55,0.07000000000000028,3.9494,4.0194,R,T,0,1,great,18,3.8794,4.0794,-,start
X08544611_mono,X08544611_mono_0021,AA,59,0.04999999999999982,4.1994,4.2494,T,R,0,1,start,19,4.0794,4.3794,great,right
X08544611_mono,X08544611_mono_0022,AY,63,0.11000000000000032,4.4394,4.5494,R,T,0,1,right,20,4.3794,4.5794,start,-
X08544611_mono,X08544611_mono_0023,AY,66,0.040000000000000036,5.153,5.193,-,G,0,1,i,22,5.153,5.193,-,grumbled
X08544611_mono,--,AH,69,0.02999999999999936,5.283,5.313,R,M,1,1,grumbled,23,5.193,5.463,i,something
X08544611_mono,--,AH,72,0.009999999999999787,5.373,5.383,B,L,1,0,grumbled,23,5.193,5.463,i,something
X08544611_mono,X08544611_mono_0024,AH,76,0.040000000000000036,5.503,5.543,S,M,0,1,something,24,5.463,5.703,grumbled,half
X08544611_mono,X08544611_mono_0025,IH,79,0.040000000000000036,5.633,5.673,TH,NG,0,0,something,24,5.463,5.703,grumbled,half
X08544611_mono,X08544611_mono_0026,AE,82,0.09999999999999964,5.793,5.893,HH,F,0,1,half,25,5.703,5.983,something,conscious
X08544611_mono,X08544611_mono_0027,AA,85,0.11000000000000032,6.053,6.163,K,N,0,1,conscious,26,5.983,6.46,half,-
X08544611_mono,X08544611_mono_0028,AH,88,0.08999999999999986,6.303,6.393,SH,S,0,0,conscious,26,5.983,6.46,half,-
X08544611_mono,X08544611_mono_0029,AE,93,0.0699999999999994,6.5727,6.6427,R,B,0,1,grabbed,28,6.5027,6.7227,-,whatever
X08544611_mono,X08544611_mono_0030,AH,97,0.03000000000000025,6.7927,6.8227,W,T,0,2,whatever,29,6.7227,7.0227,grabbed,shirt
X08544611_mono,X08544611_mono_0031,EH,99,0.05999999999999961,6.8627,6.9227,T,V,0,1,whatever,29,6.7227,7.0227,grabbed,shirt
X08544611_mono,X08544611_mono_0032,ER,101,0.05000000000000071,6.9727,7.0227,V,SH,0,0,whatever,29,6.7227,7.0227,grabbed,shirt
X08544611_mono,X08544611_mono_0033,ER,103,0.0600000000000005,7.1327,7.1927,SH,T,0,1,shirt,30,7.0227,7.2227,whatever,was
X08544611_mono,X08544611_mono_0034,AH,106,0.03000000000000025,7.2627,7.2927,W,Z,0,0,was,31,7.2227,7.3608,shirt,-
X08544611_mono,X08544611_mono_0035,IY,111,0.05999999999999961,7.4897,7.5497,L,N,0,1,clean,33,7.3997,7.5897,-,ish
X08544611_mono,X08544611_mono_0036,IH,113,0.07000000000000028,7.5897,7.6597,N,SH,0,1,ish,34,7.5897,7.7697,clean,and
X08544611_mono,X08544611_mono_0037,AH,115,0.040000000000000036,7.7697,7.8097,SH,N,0,0,and,35,7.7697,7.8697,ish,headed
X08544611_mono,X08544611_mono_0038,EH,119,0.040000000000000036,7.9097,7.9497,HH,D,0,1,headed,36,7.8697,8.0797,and,out
X08544611_mono,X08544611_mono_0039,IH,121,0.040000000000000036,7.9997,8.0397,D,D,0,0,headed,36,7.8697,8.0797,and,out
X08544611_mono,X08544611_mono_0040,AW,123,0.09999999999999964,8.0797,8.1797,D,T,0,1,out,37,8.0797,8.2097,headed,-
X08544611_mono,X08544611_mono_0041,AH,127,0.040000000000000924,8.7587,8.7987,DH,S,0,0,the,39,8.7287,8.7987,-,sky
X08544611_mono,X08544611_mono_0042,AY,130,0.11000000000000121,8.9287,9.0387,K,L,0,1,sky,40,8.7987,9.0387,the,looked
X08544611_mono,X08544611_mono_0043,UH,132,0.05000000000000071,9.0987,9.1487,L,K,0,1,looked,41,9.0387,9.2287,sky,weird
X08544611_mono,X08544611_mono_0044,IH,136,0.09999999999999964,9.3087,9.4087,W,R,0,1,weird,42,9.2287,9.6087,looked,like
X08544611_mono,X08544611_mono_0045,AY,140,0.07000000000000028,9.6587,9.7287,L,K,0,1,like,43,9.6087,9.7717,weird,-
X08544611_mono,X08544611_mono_0046,AE,144,0.08999999999999986,9.8373,9.9273,DH,T,0,1,that,45,9.8073,9.9673,-,shade
X08544611_mono,X08544611_mono_0047,EY,147,0.0600000000000005,10.0673,10.1273,SH,D,0,1,shade,46,9.9673,10.1673,that,of
X08544611_mono,X08544611_mono_0048,AH,149,0.040000000000000924,10.1673,10.2073,D,V,0,0,of,47,10.1673,10.2673,shade,blue
X08544611_mono,X08544611_mono_0049,UW,153,0.07000000000000028,10.3573,10.4273,L,G,0,1,blue,48,10.2673,10.4273,of,gray
X08544611_mono,X08544611_mono_0050,EY,156,0.08000000000000007,10.5373,10.6173,R,DH,0,1,gray,49,10.4273,10.6173,blue,that
X08544611_mono,X08544611_mono_0051,AE,158,0.040000000000000924,10.6673,10.7073,DH,T,0,1,that,50,10.6173,10.7373,gray,makes
X08544611_mono,X08544611_mono_0052,EY,161,0.05000000000000071,10.7873,10.8373,M,K,0,1,makes,51,10.7373,10.9373,that,you
X08544611_mono,--,UW,165,0.02999999999999936,10.9673,10.9973,Y,K,1,1,you,52,10.9373,10.9973,makes,question
X08544611_mono,X08544611_mono_0053,EH,168,0.03999999999999915,11.1073,11.1473,W,S,0,1,question,53,10.9973,11.3273,you,if
X08544611_mono,--,AH,171,0.02999999999999936,11.2673,11.2973,CH,N,1,0,question,53,10.9973,11.3273,you,if
X08544611_mono,X08544611_mono_0054,IH,173,0.030000000000001137,11.3273,11.3573,N,F,0,1,if,54,11.3273,11.4173,question,it's
X08544611_mono,X08544611_mono_0055,IH,175,0.030000000000001137,11.4173,11.4473,F,T,0,0,it's,55,11.4173,11.5073,if,about
X08544611_mono,--,AH,178,0.009999999999999787,11.5073,11.5173,S,B,1,0,about,56,11.5073,11.6573,it's,to
X08544611_mono,X08544611_mono_0056,AW,180,0.07000000000000028,11.5473,11.6173,B,T,0,1,about,56,11.5073,11.6573,it's,to
X08544611_mono,X08544611_mono_0057,AH,183,0.040000000000000924,11.7173,11.7573,T,R,0,0,to,57,11.6573,11.7573,about,rain
X08544611_mono,X08544611_mono_0058,EY,185,0.0600000000000005,11.8173,11.8773,R,N,0,1,rain,58,11.7573,11.9173,to,or
X08544611_mono,X08544611_mono_0059,ER,187,0.07000000000000028,11.9173,11.9873,N,N,0,0,or,59,11.9173,11.9873,rain,not
X08544611_mono,--,AA,189,0.02999999999999936,12.0373,12.0673,N,T,1,1,not,60,11.9873,12.1473,or,-
X08544611_mono,X08544611_mono_0060,AY,192,0.07000000000000028,12.8506,12.9206,-,S,0,1,i,62,12.8506,12.9206,-,stopped
X08544611_mono,X08544611_mono_0061,AA,195,0.08000000000000007,13.0506,13.1306,T,P,0,1,stopped,63,12.9206,13.1906,i,by
X08544611_mono,X08544611_mono_0062,AY,199,0.07000000000000028,13.2206,13.2906,B,DH,0,1,by,64,13.1906,13.2906,stopped,the
X08544611_mono,X08544611_mono_0063,AH,201,0.049999999999998934,13.3206,13.3706,DH,K,0,0,the,65,13.2906,13.3706,by,corner
X08544611_mono,X08544611_mono_0064,AO,203,0.030000000000001137,13.4606,13.4906,K,R,0,1,corner,66,13.3706,13.6006,the,store
X08544611_mono,--,ER,206,0.02999999999999936,13.5706,13.6006,N,S,1,0,corner,66,13.3706,13.6006,the,store
X08544611_mono,X08544611_mono_0065,AO,209,0.030000000000001137,13.7106,13.7406,T,R,0,1,store,67,13.6006,13.7806,corner,to
X08544611_mono,X08544611_mono_0066,AH,212,0.03999999999999915,13.8206,13.8606,T,G,0,0,to,68,13.7806,13.8606,store,grab
X08544611_mono,X08544611_mono_0067,AE,215,0.07000000000000028,13.9506,14.0206,R,B,0,1,grab,69,13.8606,14.0606,to,a
X08544611_mono,X08544611_mono_0068,AH,217,0.049999999999998934,14.0606,14.1106,B,T,0,0,a,70,14.0606,14.1106,grab,toasted
X08544611_mono,X08544611_mono_0069,OW,219,0.0600000000000005,14.2506,14.3106,T,S,0,1,toasted,71,14.1106,14.5306,a,bagel
X08544611_mono,X08544611_mono_0070,IH,222,0.07000000000000028,14.4306,14.5006,T,D,0,0,toasted,71,14.1106,14.5306,a,bagel
X08544611_mono,X08544611_mono_0071,EY,225,0.08999999999999986,14.5606,14.6506,B,G,0,1,bagel,72,14.5306,14.8706,toasted,-
X08544611_mono,X08544611_mono_0072,AH,227,0.040000000000000924,14.6906,14.7306,G,L,0,0,bagel,72,14.5306,14.8706,toasted,-
X08544611_mono,X08544611_mono_0073,AE,230,0.03000100000000039,14.900599,14.9306,-,N,0,1,and,74,14.900599,14.9906,-,-
X08544611_mono,X08544611_mono_0074,AO,234,0.07000000000000028,15.0206,15.0906,-,R,0,1,orange,76,15.0206,15.2906,-,juice
X08544611_mono,X08544611_mono_0075,AH,236,0.030000000000001137,15.1306,15.1606,R,N,0,0,orange,76,15.0206,15.2906,-,juice
X08544611_mono,X08544611_mono_0076,UW,240,0.08999999999999986,15.3406,15.4306,JH,S,0,1,juice,77,15.2906,15.4906,orange,-
X08544611_mono,--,AH,244,0.02999999999999936,15.6059,15.6359,B,T,1,1,but,79,15.5759,15.6859,-,they
X08544611_mono,X08544611_mono_0077,EY,247,0.05999999999999872,15.7459,15.8059,DH,W,0,1,they,80,15.6859,15.8059,but,were
X08544611_mono,X08544611_mono_0078,ER,249,0.0600000000000005,15.8459,15.9059,W,B,0,0,were,81,15.8059,15.9059,they,both
X08544611_mono,X08544611_mono_0079,OW,251,0.11999999999999744,15.9859,16.1059,B,TH,0,1,both,82,15.9059,16.1959,were,-
X08544611_mono,X08544611_mono_0080,AW,254,0.14000099999999804,16.245899,16.3859,-,T,0,1,out,84,16.245899,16.415899,-,-
X08544611_mono,X08544611_mono_0081,AH,258,0.05000000000000071,16.8127,16.8627,DH,K,0,0,the,86,16.7827,16.8627,-,cashier
X08544611_mono,X08544611_mono_0082,AE,260,0.11000100000000046,16.942699,17.0527,K,SH,0,0,cashier,87,16.8627,17.3127,the,joked
X08544611_mono,X08544611_mono_0083,IH,262,0.050001999999999214,17.192699,17.242701,SH,R,0,1,cashier,87,16.8627,17.3127,the,joked
X08544611_mono,X08544611_mono_0084,OW,265,0.10999900000000196,17.4027,17.512699,JH,K,0,1,joked,88,17.3127,17.6227,cashier,-
X08544611_mono,X08544611_mono_0085,IH,269,0.07000000000000028,17.8766,17.9466,-,T,0,1,it's,90,17.8766,18.0366,-,monday
X08544611_mono,X08544611_mono_0086,AH,273,0.059999000000001246,18.1066,18.166599,M,N,0,1,monday,91,18.0366,18.326599,it's,energy
X08544611_mono,X08544611_mono_0087,EY,276,0.08999800000000135,18.236601,18.326599,D,EH1,0,2,monday,91,18.0366,18.326599,it's,energy
X08544611_mono,X08544611_mono_0088,EH,277,0.06000099999999975,18.326599,18.3866,EY2,N,0,1,energy,92,18.326599,18.656599,monday,and
X08544611_mono,X08544611_mono_0089,ER,279,0.040001000000000175,18.4466,18.486601,N,JH,0,0,energy,92,18.326599,18.656599,monday,and
X08544611_mono,X08544611_mono_0090,IY,281,0.08999800000000135,18.566601,18.656599,JH,AH0,0,0,energy,92,18.326599,18.656599,monday,and
X08544611_mono,X08544611_mono_0091,AH,282,0.030000999999998612,18.656599,18.6866,IY0,N,0,0,and,93,18.656599,18.756599,energy,i
X08544611_mono,X08544611_mono_0092,AY,285,0.050001999999999214,18.756599,18.806601,D,HH,0,1,i,94,18.756599,18.806601,and,half
X08544611_mono,X08544611_mono_0093,AE,287,0.13000100000000003,18.9266,19.056601,HH,F,0,1,half,95,18.806601,19.166599,i,laughed
X08544611_mono,X08544611_mono_0094,AE,290,0.1700000000000017,19.246599,19.416599,L,F,0,1,laughed,96,19.166599,19.586599,half,-
X08544611_mono,X08544611_mono_0095,AE,295,0.18999900000000025,20.2012,20.391199,Y,T,0,1,yeah,98,20.0912,20.391199,-,true
X08544611_mono,X08544611_mono_0096,UW,298,0.12000100000000202,20.6012,20.721201,R,-,0,1,true,99,20.391199,20.721201,yeah,-
X08544611_mono,X08544611_mono_0097,AY,300,0.38000100000000003,21.556299,21.9363,-,-,0,1,i,101,21.556299,21.9363,-,-
X08544611_mono,X08544611_mono_0098,UH,303,0.060000000000002274,22.0263,22.0863,T,K,0,1,took,103,21.966299,22.136299,-,a
X08544611_mono,X08544611_mono_0099,AH,305,0.050000999999998186,22.136299,22.1863,K,S,0,0,a,104,22.136299,22.1863,took,seat
X08544611_mono,X08544611_mono_0100,IY,307,0.10000000000000142,22.3263,22.4263,S,T,0,1,seat,105,22.1863,22.4863,a,near
X08544611_mono,X08544611_mono_0101,IH,310,0.04999899999999968,22.536301,22.5863,N,R,0,1,near,106,22.4863,22.636299,seat,the
X08544611_mono,X08544611_mono_0102,AH,313,0.040001000000000175,22.6663,22.706301,DH,W,0,0,the,107,22.636299,22.706301,near,window
X08544611_mono,X08544611_mono_0103,IH,315,0.040001000000000175,22.806299,22.8463,W,N,0,1,window,108,22.706301,23.1063,the,scrolled
X08544611_mono,X08544611_mono_0104,OW,318,0.13999899999999954,22.966301,23.1063,D,S,0,0,window,108,22.706301,23.1063,the,scrolled
X08544611_mono,--,OW,322,0.02999799999999908,23.286301,23.316299,R,L,1,1,scrolled,109,23.1063,23.376301,window,my
X08544611_mono,X08544611_mono_0105,AY,326,0.0799999999999983,23.4263,23.5063,M,F,0,1,my,110,23.376301,23.5063,scrolled,phone
X08544611_mono,X08544611_mono_0106,OW,328,0.18999799999999922,23.616301,23.806299,F,N,0,1,phone,111,23.5063,23.896299,my,-
X08544611_mono,X08544611_mono_0107,AE,331,0.18999799999999922,24.035601,24.225599,-,N,0,1,and,113,24.035601,24.3556,-,-
X08544611_mono,X08544611_mono_0108,OW,335,0.08000000000000185,24.385599,24.465599,-,V,0,1,overheard,115,24.385599,24.725599,-,someone
X08544611_mono,X08544611_mono_0109,ER,337,0.03999900000000167,24.5156,24.555599,V,HH,0,0,overheard,115,24.385599,24.725599,-,someone
X08544611_mono,X08544611_mono_0110,ER,339,0.07000000000000028,24.5856,24.6556,HH,D,0,1,overheard,115,24.385599,24.725599,-,someone
X08544611_mono,X08544611_mono_0111,AH,342,0.03999899999999812,24.7756,24.815599,S,M,0,1,someone,116,24.725599,24.955601,overheard,say
X08544611_mono,--,AH,345,0.02999900000000011,24.875601,24.9056,W,N,1,2,someone,116,24.725599,24.955601,overheard,say
X08544611_mono,X08544611_mono_0112,EY,348,0.20000100000000032,25.055599,25.2556,S,-,0,1,say,117,24.955601,25.2556,someone,-
X08544611_mono,X08544611_mono_0113,AH,351,0.030000000000001137,25.6724,25.7024,DH,JH,0,0,the,119,25.642401,25.7024,-,giraffe
X08544611_mono,X08544611_mono_0114,ER,353,0.08999999999999986,25.7824,25.8724,JH,AE1,0,0,giraffe,120,25.7024,26.082399,the,exhibit
X08544611_mono,X08544611_mono_0115,AE,354,0.11999899999999997,25.8724,25.992399,ER0,F,0,1,giraffe,120,25.7024,26.082399,the,exhibit
X08544611_mono,X08544611_mono_0116,IH,356,0.040001000000000175,26.082399,26.1224,F,G,0,0,exhibit,121,26.082399,26.412399,giraffe,-
X08544611_mono,X08544611_mono_0117,IH,359,0.040001000000000175,26.242399,26.2824,Z,B,0,1,exhibit,121,26.082399,26.412399,giraffe,-
X08544611_mono,X08544611_mono_0118,IH,361,0.040001000000000175,26.332399,26.3724,B,T,0,0,exhibit,121,26.082399,26.412399,giraffe,-
X08544611_mono,X08544611_mono_0119,OW,364,0.08999999999999986,26.4424,26.5324,-,P,0,1,opens,123,26.4424,26.732401,-,at
X08544611_mono,X08544611_mono_0120,AH,366,0.030001000000002165,26.6024,26.632401,P,N,0,0,opens,123,26.4424,26.732401,-,at
X08544611_mono,X08544611_mono_0121,AE,369,0.059999000000001246,26.732401,26.7924,Z,T,0,1,at,124,26.732401,26.8524,opens,noon
X08544611_mono,X08544611_mono_0122,UW,372,0.13000100000000003,26.9224,27.052401,N,N,0,1,noon,125,26.8524,27.1824,at,-
X08544611_mono,X08544611_mono_0123,IH,376,0.04999899999999968,27.3489,27.398899,W,CH,0,1,which,127,27.2789,27.5889,-,felt
X08544611_mono,X08544611_mono_0124,EH,379,0.05000100000000174,27.6789,27.728901,F,L,0,1,felt,128,27.5889,27.862101,which,-
X08544611_mono,X08544611_mono_0125,AA,383,0.16999999999999815,28.1518,28.3218,-,D,0,1,oddly,130,28.1518,28.501801,-,profound
X08544611_mono,X08544611_mono_0126,IY,386,0.06000200000000078,28.441799,28.501801,L,P,0,0,oddly,130,28.1518,28.501801,-,profound
X08544611_mono,X08544611_mono_0127,OW,389,0.030000999999998612,28.6418,28.671801,R,F,0,0,profound,131,28.501801,28.921801,oddly,at
X08544611_mono,X08544611_mono_0128,AW,391,0.10999800000000093,28.751801,28.861799,F,N,0,1,profound,131,28.501801,28.921801,oddly,at
X08544611_mono,--,AE,394,0.029998000000002634,28.921801,28.951799,D,T,1,1,at,132,28.921801,29.001801,profound,the
X08544611_mono,X08544611_mono_0129,AH,397,0.030000000000001137,29.0418,29.0718,DH,T,0,0,the,133,29.001801,29.0718,at,time
X08544611_mono,X08544611_mono_0130,AY,399,0.15000000000000213,29.1618,29.3118,T,M,0,1,time,134,29.0718,29.3818,the,-
X08544611_mono,X08544611_mono_0131,AE,402,0.06000200000000078,30.189899,30.249901,-,F,0,1,after,136,30.189899,30.3899,-,a
X08544611_mono,X08544611_mono_0132,ER,405,0.040001000000000175,30.349899,30.3899,T,AH0,0,0,after,136,30.189899,30.3899,-,a
X08544611_mono,X08544611_mono_0133,AH,406,0.03999899999999812,30.3899,30.429899,ER0,F,0,0,a,137,30.3899,30.429899,after,few
X08544611_mono,X08544611_mono_0134,UW,409,0.03999900000000167,30.5599,30.599899,Y,B,0,1,few,138,30.429899,30.599899,a,bites
X08544611_mono,X08544611_mono_0135,AY,411,0.09999799999999937,30.659901,30.759899,B,T,0,1,bites,139,30.599899,30.839899,few,of
X08544611_mono,X08544611_mono_0136,AH,414,0.030001000000002165,30.839899,30.8699,S,V,0,0,of,140,30.839899,30.8999,bites,something
X08544611_mono,X08544611_mono_0137,AH,417,0.030000999999998612,30.9599,30.989901,S,M,0,1,something,141,30.8999,31.1999,of,vaguely
X08544611_mono,X08544611_mono_0138,IH,420,0.030001000000002165,31.089899,31.1199,TH,NG,0,0,something,141,30.8999,31.1999,of,vaguely
X08544611_mono,X08544611_mono_0139,EY,423,0.10000100000000245,31.3099,31.409901,V,G,0,1,vaguely,142,31.1999,31.6299,something,egg
X08544611_mono,X08544611_mono_0140,IY,426,0.09999999999999787,31.5299,31.6299,L,EH1,0,0,vaguely,142,31.1999,31.6299,something,egg
X08544611_mono,X08544611_mono_0141,EH,427,0.10000000000000142,31.6299,31.7299,IY0,G,0,1,egg,143,31.6299,31.7899,vaguely,shaped
X08544611_mono,X08544611_mono_0142,EY,430,0.10000100000000245,31.8999,31.999901,SH,P,0,1,shaped,144,31.7899,32.1199,egg,i
X08544611_mono,X08544611_mono_0143,AY,433,0.0899999999999963,32.1199,32.2099,T,W,0,1,i,145,32.1199,32.2099,shaped,wandered
X08544611_mono,X08544611_mono_0144,AA,435,0.06000200000000433,32.309898,32.3699,W,N,0,1,wandered,146,32.2099,32.499901,i,to
X08544611_mono,--,ER,438,0.02999900000000366,32.439899,32.469898,D,D,1,0,wandered,146,32.2099,32.499901,i,to
X08544611_mono,--,AH,441,0.029998999999996556,32.5499,32.579899,T,DH,1,0,to,147,32.499901,32.579899,wandered,the
X08544611_mono,--,AH,443,0.029998999999996556,32.609901,32.6399,DH,P,1,0,the,148,32.579899,32.6399,to,park
X08544611_mono,X08544611_mono_0145,AA,445,0.030001999999996087,32.739899,32.769901,P,R,0,1,park,149,32.6399,32.879902,the,-
X08544611_mono,X08544611_mono_0146,AH,449,0.04000099999999662,33.422699,33.4627,-,K,0,0,a,151,33.422699,33.4627,-,kid
X08544611_mono,X08544611_mono_0147,IH,451,0.06000099999999975,33.5527,33.612701,K,D,0,1,kid,152,33.4627,33.662701,a,zoomed
X08544611_mono,X08544611_mono_0148,UW,454,0.07000399999999729,33.722698,33.792702,Z,M,0,1,zoomed,153,33.662701,33.942699,kid,by
X08544611_mono,X08544611_mono_0149,AY,458,0.16999899999999712,33.9827,34.152699,B,AA1,0,1,by,154,33.942699,34.152699,zoomed,on
X08544611_mono,X08544611_mono_0150,AA,459,0.030002000000003193,34.152699,34.182701,AY1,N,0,1,on,155,34.152699,34.2327,by,a
X08544611_mono,--,AH,461,0.029998999999996556,34.2327,34.262699,N,S,1,0,a,156,34.2327,34.262699,on,scooter
X08544611_mono,X08544611_mono_0151,UW,464,0.04999899999999968,34.412701,34.4627,K,T,0,1,scooter,157,34.262699,34.542702,a,yelling
X08544611_mono,X08544611_mono_0152,ER,466,0.030003000000000668,34.512699,34.542702,T,Y,0,0,scooter,157,34.262699,34.542702,a,yelling
X08544611_mono,X08544611_mono_0153,EH,468,0.05999800000000022,34.612701,34.672699,Y,L,0,1,yelling,158,34.542702,34.842701,scooter,zoom
X08544611_mono,X08544611_mono_0154,IH,470,0.05000299999999669,34.722698,34.772701,L,NG,0,0,yelling,158,34.542702,34.842701,scooter,zoom
X08544611_mono,X08544611_mono_0155,UW,473,0.2900009999999966,34.922699,35.2127,Z,M,0,1,zoom,159,34.842701,35.3027,yelling,zoom
X08544611_mono,X08544611_mono_0156,UW,476,0.1799959999999956,35.382702,35.562698,Z,M,0,1,zoom,160,35.3027,35.592701,zoom,like
X08544611_mono,X08544611_mono_0157,AY,479,0.04999899999999968,35.632702,35.682701,L,K,0,1,like,161,35.592701,35.710999,zoom,-
X08544611_mono,X08544611_mono_0158,IH,482,0.07000000000000028,35.715099,35.785099,-,W,0,1,it,163,35.715099,35.785099,-,was
X08544611_mono,X08544611_mono_0159,AH,484,0.04000099999999662,35.835098,35.875099,W,Z,0,0,was,164,35.785099,35.9151,it,a
X08544611_mono,X08544611_mono_0160,AH,486,0.04999899999999968,35.9151,35.965099,Z,S,0,0,a,165,35.9151,35.965099,was,sound
X08544611_mono,X08544611_mono_0161,AW,488,0.10000300000000095,36.055099,36.155102,S,N,0,1,sound,166,35.965099,36.2351,a,effect
X08544611_mono,--,AH,491,0.029998999999996556,36.2351,36.265099,D,F,1,0,effect,167,36.2351,36.555099,sound,that
X08544611_mono,X08544611_mono_0162,EH,493,0.08000200000000035,36.355099,36.435101,F,K,0,1,effect,167,36.2351,36.555099,sound,that
X08544611_mono,X08544611_mono_0163,AE,497,0.04000099999999662,36.5951,36.635101,DH,T,0,1,that,168,36.555099,36.715099,effect,summoned
X08544611_mono,X08544611_mono_0164,AH,500,0.04000100000000373,36.775101,36.815102,S,M,0,1,summoned,169,36.715099,36.955101,that,speed
X08544611_mono,X08544611_mono_0165,AH,502,0.030001999999996087,36.855099,36.885101,M,N,0,0,summoned,169,36.715099,36.955101,that,speed
X08544611_mono,X08544611_mono_0166,IY,507,0.1399990000000031,37.0751,37.215099,P,D,0,1,speed,170,36.955101,37.265099,summoned,-
X08544611_mono,X08544611_mono_0167,AY,510,0.07000000000000028,37.9813,38.0513,-,S,0,1,i,172,37.9813,38.0513,-,sat
X08544611_mono,X08544611_mono_0168,AE,512,0.12999700000000303,38.181301,38.311298,S,T,0,1,sat,173,38.0513,38.361301,i,under
X08544611_mono,--,AH,514,0.02999900000000366,38.361301,38.3913,T,N,1,1,under,174,38.361301,38.501301,sat,a
X08544611_mono,X08544611_mono_0169,ER,517,0.04000099999999662,38.4613,38.501301,D,AH0,0,0,under,174,38.361301,38.501301,sat,a
X08544611_mono,X08544611_mono_0170,AH,518,0.05999700000000274,38.501301,38.561298,ER0,T,0,0,a,175,38.501301,38.561298,under,tree
X08544611_mono,X08544611_mono_0171,IY,521,0.1399990000000031,38.751301,38.8913,R,-,0,1,tree,176,38.561298,38.8913,a,-
X08544611_mono,--,IH,524,0.02999900000000366,39.059101,39.0891,L,S,1,1,listened,178,39.029099,39.2491,-,to
X08544611_mono,--,AH,526,0.02999799999999908,39.1591,39.189098,S,N,1,0,listened,178,39.029099,39.2491,-,to
X08544611_mono,X08544611_mono_0172,AH,530,0.030001999999996087,39.279099,39.309101,T,DH,0,0,to,179,39.2491,39.309101,listened,the
X08544611_mono,X08544611_mono_0173,AH,532,0.030003000000000668,39.349098,39.379101,DH,B,0,0,the,180,39.309101,39.379101,to,breeze
X08544611_mono,X08544611_mono_0174,IY,535,0.13000100000000003,39.4991,39.629101,R,Z,0,1,breeze,181,39.379101,39.6991,the,-
X08544611_mono,--,AE,538,0.02999900000000366,40.123199,40.153198,-,N,1,1,and,183,40.123199,40.243198,-,watched
X08544611_mono,X08544611_mono_0175,AA,542,0.09999800000000647,40.3032,40.403198,W,CH,0,1,watched,184,40.243198,40.5532,and,a
X08544611_mono,X08544611_mono_0176,AH,545,0.04000100000000373,40.5532,40.593201,T,Y,0,0,a,185,40.5532,40.593201,watched,yellow
X08544611_mono,X08544611_mono_0177,EH,547,0.04999999999999716,40.6632,40.7132,Y,L,0,1,yellow,186,40.593201,40.8032,a,balloon
X08544611_mono,X08544611_mono_0178,OW,549,0.04000099999999662,40.763199,40.8032,L,B,0,0,yellow,186,40.593201,40.8032,a,balloon
X08544611_mono,--,AH,551,0.010002999999997542,40.873199,40.883202,B,L,1,0,balloon,187,40.8032,41.083199,yellow,get
X08544611_mono,X08544611_mono_0179,UW,553,0.08000100000000288,40.9632,41.043201,L,N,0,1,balloon,187,40.8032,41.083199,yellow,get
X08544611_mono,X08544611_mono_0180,IH,556,0.04000099999999662,41.1432,41.183201,G,T,0,1,get,188,41.083199,41.2332,balloon,tangled
X08544611_mono,X08544611_mono_0181,AE,559,0.04999899999999968,41.3032,41.353199,T,NG,0,1,tangled,189,41.2332,41.5732,get,in
X08544611_mono,--,AH,562,0.02999799999999908,41.4632,41.493198,G,L,1,0,tangled,189,41.2332,41.5732,get,in
X08544611_mono,--,IH,565,0.029998999999996556,41.5732,41.603199,D,N,1,0,in,190,41.5732,41.633202,tangled,a
X08544611_mono,X08544611_mono_0182,AH,567,0.04999899999999968,41.633202,41.683201,N,P,0,0,a,191,41.633202,41.683201,in,power
X08544611_mono,X08544611_mono_0183,AW,569,0.0899999999999963,41.773201,41.863201,P,ER0,0,1,power,192,41.683201,41.923199,a,line
X08544611_mono,X08544611_mono_0184,ER,570,0.05999800000000022,41.863201,41.923199,AW1,L,0,0,power,192,41.683201,41.923199,a,line
X08544611_mono,X08544611_mono_0185,AY,572,0.06999900000000281,42.003201,42.0732,L,N,0,1,line,193,41.923199,42.173199,power,-
X08544611_mono,X08544611_mono_0186,IH,576,0.08000200000000035,42.679699,42.759701,W,R,0,1,weird,195,42.619701,42.849701,-,morning
X08544611_mono,X08544611_mono_0187,AO,580,0.030003000000000668,42.909698,42.939701,M,R,0,1,morning,196,42.849701,43.119701,weird,-
X08544611_mono,X08544611_mono_0188,IH,583,0.04999899999999968,43.029701,43.0797,N,NG,0,0,morning,196,42.849701,43.119701,weird,-
X08544611_mono,X08544611_mono_0189,AH,587,0.04000099999999662,43.265999,43.306,B,T,0,1,but,198,43.236,43.346001,-,-
X08544611_mono,X08544611_mono_0190,AA,590,0.09999799999999937,43.386002,43.486,-,N,0,1,honestly,200,43.386002,43.886002,-,-
X08544611_mono,X08544611_mono_0191,AH,592,0.04999899999999968,43.526001,43.576,N,S,0,0,honestly,200,43.386002,43.886002,-,-
X08544611_mono,X08544611_mono_0192,IY,595,0.14000399999999757,43.745998,43.886002,L,-,0,0,honestly,200,43.386002,43.886002,-,-
X08544611_mono,X08544611_mono_0193,AA,598,0.07999800000000334,44.485001,44.564999,N,T,0,1,not,202,44.445,44.634998,-,the
X08544611_mono,X08544611_mono_0194,AH,601,0.04000100000000373,44.665001,44.705002,DH,W,0,1,the,203,44.634998,44.705002,not,worst
X08544611_mono,X08544611_mono_0195,ER,603,0.08000200000000035,44.785,44.865002,W,S,0,1,worst,204,44.705002,45.055,the,-
