file,winner,F1,F2,F3,edit
12345678M_mono_0001,4,4,4,4,0
12345678M_mono_0002,5,5,5,5,0
12345678M_mono_0003,4,4,4,4,0
12345678M_mono_0004,4,4,4,4,0
12345678M_mono_0005,2,2,2,2,0
12345678M_mono_0006,1,1,1,1,0
12345678M_mono_0007,3,3,3,3,0
12345678M_mono_0008,7,7,7,7,0
12345678M_mono_0009,5,5,5,5,0
12345678M_mono_0010,8,8,8,8,0
12345678M_mono_0011,3,3,3,3,0
12345678M_mono_0012,4,4,4,4,0
12345678M_mono_0013,7,7,7,7,0
12345678M_mono_0014,8,8,8,8,0
12345678M_mono_0015,4,4,4,4,0
12345678M_mono_0016,6,6,6,6,0
12345678M_mono_0017,2,2,2,2,0
12345678M_mono_0018,1,1,1,1,0
12345678M_mono_0019,5,5,5,5,0
12345678M_mono_0020,2,2,2,2,0
12345678M_mono_0021,7,7,7,7,0
12345678M_mono_0022,1,1,1,1,0
12345678M_mono_0023,4,4,4,4,0
12345678M_mono_0024,4,4,4,4,0
12345678M_mono_0025,5,5,5,5,0
12345678M_mono_0026,3,3,3,3,0
12345678M_mono_0027,5,5,5,5,0
12345678M_mono_0028,1,1,1,1,0
12345678M_mono_0029,3,3,3,3,0
12345678M_mono_0030,7,7,7,7,0
12345678M_mono_0031,2,2,2,2,0
12345678M_mono_0032,8,8,8,8,0
12345678M_mono_0033,1,1,1,1,0
12345678M_mono_0034,3,3,3,3,0
12345678M_mono_0035,8,8,8,8,0
12345678M_mono_0036,3,3,3,3,0
12345678M_mono_0037,3,3,3,3,0
12345678M_mono_0038,6,6,6,6,0
12345678M_mono_0039,4,4,4,4,0
12345678M_mono_0040,1,1,1,1,0
12345678M_mono_0041,1,1,1,1,0
12345678M_mono_0042,4,4,4,4,0
12345678M_mono_0043,1,1,1,1,0
12345678M_mono_0044,4,4,4,4,0
12345678M_mono_0045,1,1,1,1,0
12345678M_mono_0046,6,6,6,6,0
12345678M_mono_0047,3,3,3,3,0
12345678M_mono_0048,3,3,3,3,0
12345678M_mono_0049,3,3,3,3,0
12345678M_mono_0050,5,5,5,5,0
12345678M_mono_0051,5,5,5,5,0
12345678M_mono_0052,4,4,4,4,0
12345678M_mono_0053,7,7,7,7,0
12345678M_mono_0054,3,3,3,3,0
12345678M_mono_0055,5,5,5,5,0
12345678M_mono_0056,1,1,1,1,0
12345678M_mono_0057,7,7,7,7,0
12345678M_mono_0058,1,1,1,1,0
12345678M_mono_0059,1,1,1,1,0
12345678M_mono_0060,5,5,5,5,0
12345678M_mono_0061,1,1,1,1,0
12345678M_mono_0062,5,5,5,5,0
12345678M_mono_0063,5,5,5,5,0
12345678M_mono_0064,8,8,8,8,0
12345678M_mono_0065,2,2,2,2,0
12345678M_mono_0066,2,2,2,2,0
12345678M_mono_0067,1,1,1,1,0
12345678M_mono_0068,2,2,2,2,0
12345678M_mono_0069,2,2,2,2,0
12345678M_mono_0070,8,8,8,8,0
12345678M_mono_0071,7,7,7,7,0
12345678M_mono_0072,6,6,6,6,0
12345678M_mono_0073,3,3,3,3,0
12345678M_mono_0074,5,5,5,5,0
12345678M_mono_0075,3,3,3,3,0
12345678M_mono_0076,2,2,2,2,0
12345678M_mono_0077,6,6,6,6,0
12345678M_mono_0078,7,7,7,7,0
12345678M_mono_0079,2,2,2,2,0
12345678M_mono_0080,4,4,4,4,0
12345678M_mono_0081,2,2,2,2,0
12345678M_mono_0082,3,3,3,3,0
12345678M_mono_0083,5,5,5,5,0
12345678M_mono_0084,4,4,4,4,0
12345678M_mono_0085,4,4,4,4,0
12345678M_mono_0086,4,4,4,4,0
12345678M_mono_0087,7,7,7,7,0
12345678M_mono_0088,8,8,8,8,0
12345678M_mono_0089,6,6,6,6,0
12345678M_mono_0090,6,6,6,6,0
12345678M_mono_0091,7,7,7,7,0
12345678M_mono_0092,4,4,4,4,0
12345678M_mono_0093,1,1,1,1,0
12345678M_mono_0094,4,4,4,4,0
12345678M_mono_0095,4,4,4,4,0
12345678M_mono_0096,6,6,6,6,0
12345678M_mono_0097,5,5,5,5,0
12345678M_mono_0098,2,2,2,2,0
12345678M_mono_0099,8,8,8,8,0
12345678M_mono_0100,3,3,3,3,0
12345678M_mono_0101,6,6,6,6,0
12345678M_mono_0102,7,7,7,7,0
12345678M_mono_0103,4,4,4,4,0
12345678M_mono_0104,2,2,2,2,0
12345678M_mono_0105,7,7,7,7,0
12345678M_mono_0106,8,8,8,8,0
12345678M_mono_0107,3,3,3,3,0
12345678M_mono_0108,8,8,8,8,0
12345678M_mono_0109,5,5,5,5,0
12345678M_mono_0110,7,7,7,7,0
12345678M_mono_0111,3,3,3,3,0
12345678M_mono_0112,2,2,2,2,0
12345678M_mono_0113,1,1,1,1,0
12345678M_mono_0114,5,5,5,5,0
12345678M_mono_0115,7,7,7,7,0
12345678M_mono_0116,8,8,8,8,0
12345678M_mono_0117,1,1,1,1,0
12345678M_mono_0118,3,3,3,3,0
12345678M_mono_0119,7,7,7,7,0
12345678M_mono_0120,3,3,3,3,0
12345678M_mono_0121,3,3,3,3,0
12345678M_mono_0122,8,8,8,8,0
12345678M_mono_0123,6,6,6,6,0
12345678M_mono_0124,4,4,4,4,0
12345678M_mono_0125,6,6,6,6,0
12345678M_mono_0126,8,8,8,8,0
12345678M_mono_0127,5,5,5,5,0
12345678M_mono_0128,6,6,6,6,0
12345678M_mono_0129,5,5,5,5,0
12345678M_mono_0130,8,8,8,8,0
12345678M_mono_0131,6,6,6,6,0
12345678M_mono_0132,8,8,8,8,0
12345678M_mono_0133,5,5,5,5,0
12345678M_mono_0134,1,1,1,1,0
12345678M_mono_0135,8,8,8,8,0
12345678M_mono_0136,7,7,7,7,0
12345678M_mono_0137,7,7,7,7,0
12345678M_mono_0138,5,5,5,5,0
12345678M_mono_0139,7,7,7,7,0
12345678M_mono_0140,4,4,4,4,0
12345678M_mono_0141,6,6,6,6,0
12345678M_mono_0142,5,5,5,5,0
12345678M_mono_0143,3,3,3,3,0
12345678M_mono_0144,3,3,3,3,0
12345678M_mono_0145,5,5,5,5,0
12345678M_mono_0146,4,4,4,4,0
12345678M_mono_0147,2,2,2,2,0
12345678M_mono_0148,5,5,5,5,0
12345678M_mono_0149,4,4,4,4,0
12345678M_mono_0150,8,8,8,8,0
12345678M_mono_0151,7,7,7,7,0
12345678M_mono_0152,5,5,5,5,0
12345678M_mono_0153,5,5,5,5,0
12345678M_mono_0154,8,8,8,8,0
12345678M_mono_0155,4,4,4,4,0
12345678M_mono_0156,7,7,7,7,0
12345678M_mono_0157,4,4,4,4,0
12345678M_mono_0158,8,8,8,8,0
12345678M_mono_0159,5,5,5,5,0
12345678M_mono_0160,1,1,1,1,0
12345678M_mono_0161,8,8,8,8,0
12345678M_mono_0162,7,7,7,7,0
12345678M_mono_0163,1,1,1,1,0
12345678M_mono_0164,8,8,8,8,0
12345678M_mono_0165,6,6,6,6,0
12345678M_mono_0166,7,7,7,7,0
12345678M_mono_0167,5,5,5,5,0
12345678M_mono_0168,3,3,3,3,0
12345678M_mono_0169,5,5,5,5,0
12345678M_mono_0170,4,4,4,4,0
12345678M_mono_0171,7,7,7,7,0
12345678M_mono_0172,6,6,6,6,0
12345678M_mono_0173,5,5,5,5,0
12345678M_mono_0174,5,5,5,5,0
12345678M_mono_0175,8,8,8,8,0
12345678M_mono_0176,1,1,1,1,0
12345678M_mono_0177,4,4,4,4,0
12345678M_mono_0178,5,5,5,5,0
12345678M_mono_0179,7,7,7,7,0
12345678M_mono_0180,5,5,5,5,0
12345678M_mono_0181,3,3,3,3,0
12345678M_mono_0182,2,2,2,2,0
12345678M_mono_0183,4,4,4,4,0
12345678M_mono_0184,7,7,7,7,0
12345678M_mono_0185,1,1,1,1,0
12345678M_mono_0186,8,8,8,8,0
12345678M_mono_0187,7,7,7,7,0
12345678M_mono_0188,5,5,5,5,0
12345678M_mono_0189,6,6,6,6,0
12345678M_mono_0190,4,4,4,4,0
12345678M_mono_0191,2,2,2,2,0
12345678M_mono_0192,6,6,6,6,0
1JCR8D9J7_mono_0001,3,3,3,3,0
1JCR8D9J7_mono_0002,5,5,5,5,0
1JCR8D9J7_mono_0003,4,4,4,4,0
1JCR8D9J7_mono_0004,3,3,3,3,0
1JCR8D9J7_mono_0005,3,3,3,3,0
1JCR8D9J7_mono_0006,3,3,3,3,0
1JCR8D9J7_mono_0007,3,3,3,3,0
1JCR8D9J7_mono_0008,7,7,7,7,0
1JCR8D9J7_mono_0009,7,7,7,7,0
1JCR8D9J7_mono_0010,4,4,4,4,0
1JCR8D9J7_mono_0011,8,8,8,8,0
1JCR8D9J7_mono_0012,4,4,4,4,0
1JCR8D9J7_mono_0013,7,7,7,7,0
1JCR8D9J7_mono_0014,6,6,6,6,0
1JCR8D9J7_mono_0015,3,3,3,3,0
1JCR8D9J7_mono_0016,6,6,6,6,0
1JCR8D9J7_mono_0017,4,4,4,4,0
1JCR8D9J7_mono_0018,1,1,1,1,0
1JCR8D9J7_mono_0019,7,7,7,7,0
1JCR8D9J7_mono_0020,5,5,5,5,0
1JCR8D9J7_mono_0021,5,5,5,5,0
1JCR8D9J7_mono_0022,2,2,2,2,0
1JCR8D9J7_mono_0023,8,8,8,8,0
1JCR8D9J7_mono_0024,1,1,1,1,0
1JCR8D9J7_mono_0025,6,6,6,6,0
1JCR8D9J7_mono_0026,3,3,3,3,0
1JCR8D9J7_mono_0027,7,7,7,7,0
1JCR8D9J7_mono_0028,7,7,7,7,0
1JCR8D9J7_mono_0029,5,5,5,5,0
1JCR8D9J7_mono_0030,5,5,5,5,0
1JCR8D9J7_mono_0031,3,3,3,3,0
1JCR8D9J7_mono_0032,8,8,8,8,0
1JCR8D9J7_mono_0033,3,3,3,3,0
1JCR8D9J7_mono_0034,7,7,7,7,0
1JCR8D9J7_mono_0035,4,4,4,4,0
1JCR8D9J7_mono_0036,5,5,5,5,0
1JCR8D9J7_mono_0037,6,6,6,6,0
1JCR8D9J7_mono_0038,6,6,6,6,0
1JCR8D9J7_mono_0039,4,4,4,4,0
1JCR8D9J7_mono_0040,7,7,7,7,0
1JCR8D9J7_mono_0041,3,3,3,3,0
1JCR8D9J7_mono_0042,4,4,4,4,0
1JCR8D9J7_mono_0043,3,3,3,3,0
1JCR8D9J7_mono_0044,6,6,6,6,0
1JCR8D9J7_mono_0045,6,6,6,6,0
1JCR8D9J7_mono_0046,5,5,5,5,0
1JCR8D9J7_mono_0047,1,1,1,1,0
1JCR8D9J7_mono_0048,5,5,5,5,0
1JCR8D9J7_mono_0049,4,4,4,4,0
1JCR8D9J7_mono_0050,3,3,3,3,0
1JCR8D9J7_mono_0051,6,6,6,6,0
1JCR8D9J7_mono_0052,2,2,2,2,0
1JCR8D9J7_mono_0053,8,8,8,8,0
1JCR8D9J7_mono_0054,6,6,6,6,0
1JCR8D9J7_mono_0055,7,7,7,7,0
1JCR8D9J7_mono_0056,3,3,3,3,0
1JCR8D9J7_mono_0057,5,5,5,5,0
1JCR8D9J7_mono_0058,8,8,8,8,0
1JCR8D9J7_mono_0059,4,4,4,4,0
1JCR8D9J7_mono_0060,8,8,8,8,0
1JCR8D9J7_mono_0061,1,1,1,1,0
1JCR8D9J7_mono_0062,7,7,7,7,0
1JCR8D9J7_mono_0063,8,8,8,8,0
1JCR8D9J7_mono_0064,8,8,8,8,0
1JCR8D9J7_mono_0065,8,8,8,8,0
1JCR8D9J7_mono_0066,7,7,7,7,0
1JCR8D9J7_mono_0067,3,3,3,3,0
1JCR8D9J7_mono_0068,7,7,7,7,0
1JCR8D9J7_mono_0069,2,2,2,2,0
1JCR8D9J7_mono_0070,6,6,6,6,0
1JCR8D9J7_mono_0071,3,3,3,3,0
1JCR8D9J7_mono_0072,3,3,3,3,0
1JCR8D9J7_mono_0073,8,8,8,8,0
1JCR8D9J7_mono_0074,2,2,2,2,0
1JCR8D9J7_mono_0075,5,5,5,5,0
1JCR8D9J7_mono_0076,5,5,5,5,0
1JCR8D9J7_mono_0077,8,8,8,8,0
1JCR8D9J7_mono_0078,4,4,4,4,0
1JCR8D9J7_mono_0079,4,4,4,4,0
1JCR8D9J7_mono_0080,5,5,5,5,0
1JCR8D9J7_mono_0081,3,3,3,3,0
1JCR8D9J7_mono_0082,5,5,5,5,0
1JCR8D9J7_mono_0083,4,4,4,4,0
1JCR8D9J7_mono_0084,1,1,1,1,0
1JCR8D9J7_mono_0085,5,5,5,5,0
1JCR8D9J7_mono_0086,7,7,7,7,0
1JCR8D9J7_mono_0087,5,5,5,5,0
1JCR8D9J7_mono_0088,6,6,6,6,0
1JCR8D9J7_mono_0089,4,4,4,4,0
1JCR8D9J7_mono_0090,4,4,4,4,0
1JCR8D9J7_mono_0091,3,3,3,3,0
1JCR8D9J7_mono_0092,3,3,3,3,0
1JCR8D9J7_mono_0093,5,5,5,5,0
1JCR8D9J7_mono_0094,6,6,6,6,0
1JCR8D9J7_mono_0095,6,6,6,6,0
1JCR8D9J7_mono_0096,7,7,7,7,0
1JCR8D9J7_mono_0097,8,8,8,8,0
1JCR8D9J7_mono_0098,8,8,8,8,0
1JCR8D9J7_mono_0099,3,3,3,3,0
1JCR8D9J7_mono_0100,5,5,5,5,0
1JCR8D9J7_mono_0101,1,1,1,1,0
1JCR8D9J7_mono_0102,4,4,4,4,0
1JCR8D9J7_mono_0103,5,5,5,5,0
1JCR8D9J7_mono_0104,4,4,4,4,0
1JCR8D9J7_mono_0105,3,3,3,3,0
1JCR8D9J7_mono_0106,5,5,5,5,0
1JCR8D9J7_mono_0107,2,2,2,2,0
1JCR8D9J7_mono_0108,8,8,8,8,0
1JCR8D9J7_mono_0109,6,6,6,6,0
1JCR8D9J7_mono_0110,2,2,2,2,0
1JCR8D9J7_mono_0111,5,5,5,5,0
1JCR8D9J7_mono_0112,2,2,2,2,0
1JCR8D9J7_mono_0113,7,7,7,7,0
1JCR8D9J7_mono_0114,3,3,3,3,0
1JCR8D9J7_mono_0115,6,6,6,6,0
1JCR8D9J7_mono_0116,3,3,3,3,0
1JCR8D9J7_mono_0117,8,8,8,8,0
1JCR8D9J7_mono_0118,6,6,6,6,0
1JCR8D9J7_mono_0119,6,6,6,6,0
1JCR8D9J7_mono_0120,3,3,3,3,0
1JCR8D9J7_mono_0121,5,5,5,5,0
1JCR8D9J7_mono_0122,4,4,4,4,0
1JCR8D9J7_mono_0123,5,5,5,5,0
1JCR8D9J7_mono_0124,3,3,3,3,0
1JCR8D9J7_mono_0125,4,4,4,4,0
1JCR8D9J7_mono_0126,8,8,8,8,0
1JCR8D9J7_mono_0127,3,3,3,3,0
1JCR8D9J7_mono_0128,6,6,6,6,0
1JCR8D9J7_mono_0129,3,3,3,3,0
1JCR8D9J7_mono_0130,8,8,8,8,0
1JCR8D9J7_mono_0131,7,7,7,7,0
1JCR8D9J7_mono_0132,8,8,8,8,0
1JCR8D9J7_mono_0133,3,3,3,3,0
1JCR8D9J7_mono_0134,3,3,3,3,0
1JCR8D9J7_mono_0135,6,6,6,6,0
1JCR8D9J7_mono_0136,8,8,8,8,0
1JCR8D9J7_mono_0137,3,3,3,3,0
1JCR8D9J7_mono_0138,3,3,3,3,0
1JCR8D9J7_mono_0139,5,5,5,5,0
1JCR8D9J7_mono_0140,5,5,5,5,0
1JCR8D9J7_mono_0141,4,4,4,4,0
1JCR8D9J7_mono_0142,6,6,6,6,0
1JCR8D9J7_mono_0143,4,4,4,4,0
1JCR8D9J7_mono_0144,4,4,4,4,0
1JCR8D9J7_mono_0145,3,3,3,3,0
1JCR8D9J7_mono_0146,5,5,5,5,0
1JCR8D9J7_mono_0147,2,2,2,2,0
1JCR8D9J7_mono_0148,4,4,4,4,0
1JCR8D9J7_mono_0149,5,5,5,5,0
1JCR8D9J7_mono_0150,2,2,2,2,0
1JCR8D9J7_mono_0151,3,3,3,3,0
1JCR8D9J7_mono_0152,4,4,4,4,0
1JCR8D9J7_mono_0153,4,4,4,4,0
1JCR8D9J7_mono_0154,7,7,7,7,0
1JCR8D9J7_mono_0155,3,3,3,3,0
1JCR8D9J7_mono_0156,4,4,4,4,0
1JCR8D9J7_mono_0157,4,4,4,4,0
1JCR8D9J7_mono_0158,7,7,7,7,0
1JCR8D9J7_mono_0159,3,3,3,3,0
1JCR8D9J7_mono_0160,5,5,5,5,0
1JCR8D9J7_mono_0161,1,1,1,1,0
1JCR8D9J7_mono_0162,3,3,3,3,0
1JCR8D9J7_mono_0163,7,7,7,7,0
1JCR8D9J7_mono_0164,4,4,4,4,0
1JCR8D9J7_mono_0165,5,5,5,5,0
1JCR8D9J7_mono_0166,4,4,4,4,0
1JCR8D9J7_mono_0167,4,4,4,4,0
1JCR8D9J7_mono_0168,3,3,3,3,0
1JCR8D9J7_mono_0169,3,3,3,3,0
1JCR8D9J7_mono_0170,5,5,5,5,0
1JCR8D9J7_mono_0171,3,3,3,3,0
1JCR8D9J7_mono_0172,3,3,3,3,0
1JCR8D9J7_mono_0173,8,8,8,8,0
1JCR8D9J7_mono_0174,4,4,4,4,0
1JCR8D9J7_mono_0175,3,3,3,3,0
1JCR8D9J7_mono_0176,7,7,7,7,0
1JCR8D9J7_mono_0177,6,6,6,6,0
1JCR8D9J7_mono_0178,5,5,5,5,0
1JCR8D9J7_mono_0179,1,1,1,1,0
1JCR8D9J7_mono_0180,1,1,1,1,0
1JCR8D9J7_mono_0181,3,3,3,3,0
1JCR8D9J7_mono_0182,3,3,3,3,0
1JCR8D9J7_mono_0183,6,6,6,6,0
1JCR8D9J7_mono_0184,4,4,4,4,0
1JCR8D9J7_mono_0185,3,3,3,3,0
1JCR8D9J7_mono_0186,7,7,7,7,0
1JCR8D9J7_mono_0187,5,5,5,5,0
1JCR8D9J7_mono_0188,5,5,5,5,0
1JCR8D9J7_mono_0189,2,2,2,2,0
1JCR8D9J7_mono_0190,2,2,2,2,0
1JCR8D9J7_mono_0191,8,8,8,8,0
1JCR8D9J7_mono_0192,6,6,6,6,0
1JCR8D9J7_mono_0193,8,8,8,8,0
1JCR8D9J7_mono_0194,8,8,8,8,0
1JCR8D9J7_mono_0195,4,4,4,4,0
1JCR8D9J7_mono_0196,4,4,4,4,0
1JCR8D9J7_mono_0197,8,8,8,8,0
1JCR8D9J7_mono_0198,3,3,3,3,0
1JCR8D9J7_mono_0199,1,1,1,1,0
1JCR8D9J7_mono_0200,4,4,4,4,0
1JCR8D9J7_mono_0201,2,2,2,2,0
1JCR8D9J7_mono_0202,4,4,4,4,0
25DM30Y18_mono_0001,2,2,2,2,0
25DM30Y18_mono_0002,2,2,2,2,0
25DM30Y18_mono_0003,1,1,1,1,0
25DM30Y18_mono_0004,8,8,8,8,0
25DM30Y18_mono_0005,1,1,1,1,0
25DM30Y18_mono_0006,5,5,5,5,0
25DM30Y18_mono_0007,6,6,6,6,0
25DM30Y18_mono_0008,7,7,7,7,0
25DM30Y18_mono_0009,4,4,4,4,0
25DM30Y18_mono_0010,5,5,5,5,0
25DM30Y18_mono_0011,7,7,7,7,0
25DM30Y18_mono_0012,5,5,5,5,0
25DM30Y18_mono_0013,4,4,4,4,0
25DM30Y18_mono_0014,4,4,4,4,0
25DM30Y18_mono_0015,1,1,1,1,0
25DM30Y18_mono_0016,3,3,3,3,0
25DM30Y18_mono_0017,2,2,2,2,0
25DM30Y18_mono_0018,3,3,3,3,0
25DM30Y18_mono_0019,6,6,6,6,0
25DM30Y18_mono_0020,4,4,4,4,0
25DM30Y18_mono_0021,2,2,2,2,0
25DM30Y18_mono_0022,4,4,4,4,0
25DM30Y18_mono_0023,1,1,1,1,0
25DM30Y18_mono_0024,3,3,3,3,0
25DM30Y18_mono_0025,3,3,3,3,0
25DM30Y18_mono_0026,5,5,5,5,0
25DM30Y18_mono_0027,2,2,2,2,0
25DM30Y18_mono_0028,1,1,1,1,0
25DM30Y18_mono_0029,6,6,6,6,0
25DM30Y18_mono_0030,6,6,6,6,0
25DM30Y18_mono_0031,1,1,1,1,0
25DM30Y18_mono_0032,3,3,3,3,0
25DM30Y18_mono_0033,6,6,6,6,0
25DM30Y18_mono_0034,3,3,3,3,0
25DM30Y18_mono_0035,4,4,4,4,0
25DM30Y18_mono_0036,1,1,1,1,0
25DM30Y18_mono_0037,3,3,3,3,0
25DM30Y18_mono_0038,1,1,1,1,0
25DM30Y18_mono_0039,5,5,5,5,0
25DM30Y18_mono_0040,5,5,5,5,0
25DM30Y18_mono_0041,8,8,8,8,0
25DM30Y18_mono_0042,8,8,8,8,0
25DM30Y18_mono_0043,3,3,3,3,0
25DM30Y18_mono_0044,4,4,4,4,0
25DM30Y18_mono_0045,1,1,1,1,0
25DM30Y18_mono_0046,1,1,1,1,0
25DM30Y18_mono_0047,3,3,3,3,0
25DM30Y18_mono_0048,3,3,3,3,0
25DM30Y18_mono_0049,6,6,6,6,0
25DM30Y18_mono_0050,7,7,7,7,0
25DM30Y18_mono_0051,4,4,4,4,0
25DM30Y18_mono_0052,3,3,3,3,0
25DM30Y18_mono_0053,8,8,8,8,0
25DM30Y18_mono_0054,2,2,2,2,0
25DM30Y18_mono_0055,6,6,6,6,0
25DM30Y18_mono_0056,2,2,2,2,0
25DM30Y18_mono_0057,2,2,2,2,0
25DM30Y18_mono_0058,3,3,3,3,0
25DM30Y18_mono_0059,2,2,2,2,0
25DM30Y18_mono_0060,4,4,4,4,0
25DM30Y18_mono_0061,1,1,1,1,0
25DM30Y18_mono_0062,2,2,2,2,0
25DM30Y18_mono_0063,8,8,8,8,0
25DM30Y18_mono_0064,5,5,5,5,0
25DM30Y18_mono_0065,2,2,2,2,0
25DM30Y18_mono_0066,6,6,6,6,0
25DM30Y18_mono_0067,8,8,8,8,0
25DM30Y18_mono_0068,7,7,7,7,0
25DM30Y18_mono_0069,2,2,2,2,0
25DM30Y18_mono_0070,6,6,6,6,0
25DM30Y18_mono_0071,4,4,4,4,0
25DM30Y18_mono_0072,7,7,7,7,0
25DM30Y18_mono_0073,3,3,3,3,0
25DM30Y18_mono_0074,7,7,7,7,0
25DM30Y18_mono_0075,4,4,4,4,0
25DM30Y18_mono_0076,7,7,7,7,0
25DM30Y18_mono_0077,7,7,7,7,0
25DM30Y18_mono_0078,3,3,3,3,0
25DM30Y18_mono_0079,3,3,3,3,0
25DM30Y18_mono_0080,6,6,6,6,0
25DM30Y18_mono_0081,4,4,4,4,0
25DM30Y18_mono_0082,5,5,5,5,0
25DM30Y18_mono_0083,4,4,4,4,0
25DM30Y18_mono_0084,5,5,5,5,0
25DM30Y18_mono_0085,5,5,5,5,0
25DM30Y18_mono_0086,4,4,4,4,0
25DM30Y18_mono_0087,2,2,2,2,0
25DM30Y18_mono_0088,8,8,8,8,0
25DM30Y18_mono_0089,6,6,6,6,0
25DM30Y18_mono_0090,7,7,7,7,0
25DM30Y18_mono_0091,3,3,3,3,0
25DM30Y18_mono_0092,2,2,2,2,0
25DM30Y18_mono_0093,5,5,5,5,0
25DM30Y18_mono_0094,3,3,3,3,0
25DM30Y18_mono_0095,4,4,4,4,0
25DM30Y18_mono_0096,1,1,1,1,0
25DM30Y18_mono_0097,4,4,4,4,0
25DM30Y18_mono_0098,8,8,8,8,0
25DM30Y18_mono_0099,6,6,6,6,0
25DM30Y18_mono_0100,2,2,2,2,0
25DM30Y18_mono_0101,2,2,2,2,0
25DM30Y18_mono_0102,6,6,6,6,0
25DM30Y18_mono_0103,1,1,1,1,0
25DM30Y18_mono_0104,4,4,4,4,0
25DM30Y18_mono_0105,7,7,7,7,0
25DM30Y18_mono_0106,3,3,3,3,0
25DM30Y18_mono_0107,4,4,4,4,0
25DM30Y18_mono_0108,3,3,3,3,0
25DM30Y18_mono_0109,5,5,5,5,0
25DM30Y18_mono_0110,3,3,3,3,0
25DM30Y18_mono_0111,8,8,8,8,0
25DM30Y18_mono_0112,2,2,2,2,0
25DM30Y18_mono_0113,2,2,2,2,0
25DM30Y18_mono_0114,2,2,2,2,0
25DM30Y18_mono_0115,2,2,2,2,0
25DM30Y18_mono_0116,1,1,1,1,0
25DM30Y18_mono_0117,3,3,3,3,0
25DM30Y18_mono_0118,8,8,8,8,0
25DM30Y18_mono_0119,7,7,7,7,0
25DM30Y18_mono_0120,6,6,6,6,0
25DM30Y18_mono_0121,2,2,2,2,0
25DM30Y18_mono_0122,2,2,2,2,0
25DM30Y18_mono_0123,2,2,2,2,0
25DM30Y18_mono_0124,3,3,3,3,0
25DM30Y18_mono_0125,3,3,3,3,0
25DM30Y18_mono_0126,2,2,2,2,0
25DM30Y18_mono_0127,2,2,2,2,0
25DM30Y18_mono_0128,5,5,5,5,0
25DM30Y18_mono_0129,1,1,1,1,0
25DM30Y18_mono_0130,2,2,2,2,0
25DM30Y18_mono_0131,3,3,3,3,0
25DM30Y18_mono_0132,5,5,5,5,0
25DM30Y18_mono_0133,3,3,3,3,0
25DM30Y18_mono_0134,2,2,2,2,0
25DM30Y18_mono_0135,2,2,2,2,0
25DM30Y18_mono_0136,6,6,6,6,0
25DM30Y18_mono_0137,4,4,4,4,0
25DM30Y18_mono_0138,4,4,4,4,0
25DM30Y18_mono_0139,6,6,6,6,0
25DM30Y18_mono_0140,4,4,4,4,0
25DM30Y18_mono_0141,4,4,4,4,0
25DM30Y18_mono_0142,4,4,4,4,0
25DM30Y18_mono_0143,5,5,5,5,0
25DM30Y18_mono_0144,6,6,6,6,0
25DM30Y18_mono_0145,3,3,3,3,0
25DM30Y18_mono_0146,6,6,6,6,0
25DM30Y18_mono_0147,6,6,6,6,0
25DM30Y18_mono_0148,8,8,8,8,0
25DM30Y18_mono_0149,8,8,8,8,0
25DM30Y18_mono_0150,3,3,3,3,0
25DM30Y18_mono_0151,2,2,2,2,0
25DM30Y18_mono_0152,5,5,5,5,0
25DM30Y18_mono_0153,4,4,4,4,0
25DM30Y18_mono_0154,3,3,3,3,0
25DM30Y18_mono_0155,2,2,2,2,0
25DM30Y18_mono_0156,2,2,2,2,0
25DM30Y18_mono_0157,6,6,6,6,0
25DM30Y18_mono_0158,2,2,2,2,0
25DM30Y18_mono_0159,3,3,3,3,0
25DM30Y18_mono_0160,3,3,3,3,0
25DM30Y18_mono_0161,1,1,1,1,0
25DM30Y18_mono_0162,1,1,1,1,0
25DM30Y18_mono_0163,2,2,2,2,0
25DM30Y18_mono_0164,3,3,3,3,0
25DM30Y18_mono_0165,6,6,6,6,0
25DM30Y18_mono_0166,2,2,2,2,0
25DM30Y18_mono_0167,3,3,3,3,0
25DM30Y18_mono_0168,6,6,6,6,0
25DM30Y18_mono_0169,5,5,5,5,0
25DM30Y18_mono_0170,4,4,4,4,0
25DM30Y18_mono_0171,3,3,3,3,0
25DM30Y18_mono_0172,7,7,7,7,0
25DM30Y18_mono_0173,2,2,2,2,0
25DM30Y18_mono_0174,2,2,2,2,0
25DM30Y18_mono_0175,4,4,4,4,0
25DM30Y18_mono_0176,7,7,7,7,0
25DM30Y18_mono_0177,3,3,3,3,0
25DM30Y18_mono_0178,3,3,3,3,0
25DM30Y18_mono_0179,1,1,1,1,0
25DM30Y18_mono_0180,4,4,4,4,0
25DM30Y18_mono_0181,5,5,5,5,0
25DM30Y18_mono_0182,3,3,3,3,0
25DM30Y18_mono_0183,6,6,6,6,0
25DM30Y18_mono_0184,2,2,2,2,0
25DM30Y18_mono_0185,3,3,3,3,0
25DM30Y18_mono_0186,2,2,2,2,0
25DM30Y18_mono_0187,5,5,5,5,0
25DM30Y18_mono_0188,6,6,6,6,0
25DM30Y18_mono_0189,6,6,6,6,0
25DM30Y18_mono_0190,2,2,2,2,0
25DM30Y18_mono_0191,5,5,5,5,0
25DM30Y18_mono_0192,2,2,2,2,0
25DM30Y18_mono_0193,4,4,4,4,0
25DM30Y18_mono_0194,6,6,6,6,0
25DM30Y18_mono_0195,1,1,1,1,0
25DM30Y18_mono_0196,4,4,4,4,0
25DM30Y18_mono_0197,7,7,7,7,0
25DM30Y18_mono_0198,1,1,1,1,0
25DM30Y18_mono_0199,5,5,5,5,0
25DM30Y18_mono_0200,1,1,1,1,0
25DM30Y18_mono_0201,3,3,3,3,0
25DM30Y18_mono_0202,3,3,3,3,0
25DM30Y18_mono_0203,5,5,5,5,0
25DM30Y18_mono_0204,8,8,8,8,0
25DM30Y18_mono_0205,2,2,2,2,0
25DM30Y18_mono_0206,5,5,5,5,0
25DM30Y18_mono_0207,6,6,6,6,0
25DM30Y18_mono_0208,6,6,6,6,0
25DM30Y18_mono_0209,3,3,3,3,0
3737P3737_mono_0001,5,5,5,5,0
3737P3737_mono_0002,4,4,4,4,0
3737P3737_mono_0003,4,4,4,4,0
3737P3737_mono_0004,5,5,5,5,0
3737P3737_mono_0005,1,1,1,1,0
3737P3737_mono_0006,3,3,3,3,0
3737P3737_mono_0007,5,5,5,5,0
3737P3737_mono_0008,5,5,5,5,0
3737P3737_mono_0009,6,6,6,6,0
3737P3737_mono_0010,2,2,2,2,0
3737P3737_mono_0011,5,5,5,5,0
3737P3737_mono_0012,3,3,3,3,0
3737P3737_mono_0013,4,4,4,4,0
3737P3737_mono_0014,3,3,3,3,0
3737P3737_mono_0015,3,3,3,3,0
3737P3737_mono_0016,4,4,4,4,0
3737P3737_mono_0017,3,3,3,3,0
3737P3737_mono_0018,3,3,3,3,0
3737P3737_mono_0019,5,5,5,5,0
3737P3737_mono_0020,1,1,1,1,0
3737P3737_mono_0021,1,1,1,1,0
3737P3737_mono_0022,3,3,3,3,0
3737P3737_mono_0023,5,5,5,5,0
3737P3737_mono_0024,6,6,6,6,0
3737P3737_mono_0025,5,5,5,5,0
3737P3737_mono_0026,3,3,3,3,0
3737P3737_mono_0027,5,5,5,5,0
3737P3737_mono_0028,3,3,3,3,0
3737P3737_mono_0029,2,2,2,2,0
3737P3737_mono_0030,4,4,4,4,0
3737P3737_mono_0031,1,1,1,1,0
3737P3737_mono_0032,1,1,1,1,0
3737P3737_mono_0033,5,5,5,5,0
3737P3737_mono_0034,5,5,5,5,0
3737P3737_mono_0035,5,5,5,5,0
3737P3737_mono_0036,4,4,4,4,0
3737P3737_mono_0037,4,4,4,4,0
3737P3737_mono_0038,4,4,4,4,0
3737P3737_mono_0039,3,3,3,3,0
3737P3737_mono_0040,5,5,5,5,0
3737P3737_mono_0041,6,6,6,6,0
3737P3737_mono_0042,1,1,1,1,0
3737P3737_mono_0043,5,5,5,5,0
3737P3737_mono_0044,2,2,2,2,0
3737P3737_mono_0045,6,6,6,6,0
3737P3737_mono_0046,2,2,2,2,0
3737P3737_mono_0047,2,2,2,2,0
3737P3737_mono_0048,7,7,7,7,0
3737P3737_mono_0049,7,7,7,7,0
3737P3737_mono_0050,5,5,5,5,0
3737P3737_mono_0051,1,1,1,1,0
3737P3737_mono_0052,4,4,4,4,0
3737P3737_mono_0053,1,1,1,1,0
3737P3737_mono_0054,5,5,5,5,0
3737P3737_mono_0055,2,2,2,2,0
3737P3737_mono_0056,2,2,2,2,0
3737P3737_mono_0057,2,2,2,2,0
3737P3737_mono_0058,4,4,4,4,0
3737P3737_mono_0059,1,1,1,1,0
3737P3737_mono_0060,2,2,2,2,0
3737P3737_mono_0061,7,7,7,7,0
3737P3737_mono_0062,3,3,3,3,0
3737P3737_mono_0063,3,3,3,3,0
3737P3737_mono_0064,4,4,4,4,0
3737P3737_mono_0065,4,4,4,4,0
3737P3737_mono_0066,1,1,1,1,0
3737P3737_mono_0067,6,6,6,6,0
3737P3737_mono_0068,4,4,4,4,0
3737P3737_mono_0069,4,4,4,4,0
3737P3737_mono_0070,6,6,6,6,0
3737P3737_mono_0071,6,6,6,6,0
3737P3737_mono_0072,4,4,4,4,0
3737P3737_mono_0073,1,1,1,1,0
3737P3737_mono_0074,3,3,3,3,0
3737P3737_mono_0075,3,3,3,3,0
3737P3737_mono_0076,5,5,5,5,0
3737P3737_mono_0077,5,5,5,5,0
3737P3737_mono_0078,5,5,5,5,0
3737P3737_mono_0079,5,5,5,5,0
3737P3737_mono_0080,6,6,6,6,0
3737P3737_mono_0081,3,3,3,3,0
3737P3737_mono_0082,5,5,5,5,0
3737P3737_mono_0083,3,3,3,3,0
3737P3737_mono_0084,2,2,2,2,0
3737P3737_mono_0085,3,3,3,3,0
3737P3737_mono_0086,5,5,5,5,0
3737P3737_mono_0087,3,3,3,3,0
3737P3737_mono_0088,4,4,4,4,0
3737P3737_mono_0089,7,7,7,7,0
3737P3737_mono_0090,3,3,3,3,0
3737P3737_mono_0091,5,5,5,5,0
3737P3737_mono_0092,4,4,4,4,0
3737P3737_mono_0093,3,3,3,3,0
3737P3737_mono_0094,4,4,4,4,0
3737P3737_mono_0095,4,4,4,4,0
3737P3737_mono_0096,4,4,4,4,0
3737P3737_mono_0097,6,6,6,6,0
3737P3737_mono_0098,4,4,4,4,0
3737P3737_mono_0099,2,2,2,2,0
3737P3737_mono_0100,1,1,1,1,0
3737P3737_mono_0101,3,3,3,3,0
3737P3737_mono_0102,2,2,2,2,0
3737P3737_mono_0103,5,5,5,5,0
3737P3737_mono_0104,4,4,4,4,0
3737P3737_mono_0105,2,2,2,2,0
3737P3737_mono_0106,6,6,6,6,0
3737P3737_mono_0107,5,5,5,5,0
3737P3737_mono_0108,3,3,3,3,0
3737P3737_mono_0109,6,6,6,6,0
3737P3737_mono_0110,4,4,4,4,0
3737P3737_mono_0111,4,4,4,4,0
3737P3737_mono_0112,7,7,7,7,0
3737P3737_mono_0113,6,6,6,6,0
3737P3737_mono_0114,6,6,6,6,0
3737P3737_mono_0115,6,6,6,6,0
3737P3737_mono_0116,3,3,3,3,0
3737P3737_mono_0117,2,2,2,2,0
3737P3737_mono_0118,2,2,2,2,0
3737P3737_mono_0119,4,4,4,4,0
3737P3737_mono_0120,3,3,3,3,0
3737P3737_mono_0121,2,2,2,2,0
3737P3737_mono_0122,4,4,4,4,0
3737P3737_mono_0123,2,2,2,2,0
3737P3737_mono_0124,5,5,5,5,0
3737P3737_mono_0125,2,2,2,2,0
3737P3737_mono_0126,4,4,4,4,0
3737P3737_mono_0127,2,2,2,2,0
3737P3737_mono_0128,4,4,4,4,0
3737P3737_mono_0129,5,5,5,5,0
3737P3737_mono_0130,5,5,5,5,0
3737P3737_mono_0131,4,4,4,4,0
3737P3737_mono_0132,5,5,5,5,0
3737P3737_mono_0133,5,5,5,5,0
3737P3737_mono_0134,4,4,4,4,0
3737P3737_mono_0135,5,5,5,5,0
3737P3737_mono_0136,5,5,5,5,0
3737P3737_mono_0137,3,3,3,3,0
3737P3737_mono_0138,6,6,6,6,0
3737P3737_mono_0139,4,4,4,4,0
3737P3737_mono_0140,4,4,4,4,0
3737P3737_mono_0141,6,6,6,6,0
3737P3737_mono_0142,4,4,4,4,0
3737P3737_mono_0143,2,2,2,2,0
3737P3737_mono_0144,2,2,2,2,0
3737P3737_mono_0145,2,2,2,2,0
3737P3737_mono_0146,6,6,6,6,0
3737P3737_mono_0147,7,7,7,7,0
3737P3737_mono_0148,5,5,5,5,0
3737P3737_mono_0149,5,5,5,5,0
3737P3737_mono_0150,5,5,5,5,0
3737P3737_mono_0151,7,7,7,7,0
3737P3737_mono_0152,5,5,5,5,0
3737P3737_mono_0153,5,5,5,5,0
3737P3737_mono_0154,4,4,4,4,0
3737P3737_mono_0155,3,3,3,3,0
3737P3737_mono_0156,6,6,6,6,0
3737P3737_mono_0157,6,6,6,6,0
3737P3737_mono_0158,4,4,4,4,0
3737P3737_mono_0159,6,6,6,6,0
3737P3737_mono_0160,6,6,6,6,0
3737P3737_mono_0161,6,6,6,6,0
3737P3737_mono_0162,3,3,3,3,0
3737P3737_mono_0163,5,5,5,5,0
3737P3737_mono_0164,5,5,5,5,0
3737P3737_mono_0165,4,4,4,4,0
3737P3737_mono_0166,8,8,8,8,0
3737P3737_mono_0167,1,1,1,1,0
3737P3737_mono_0168,7,7,7,7,0
3737P3737_mono_0169,5,5,5,5,0
3737P3737_mono_0170,2,2,2,2,0
3737P3737_mono_0171,6,6,6,6,0
3737P3737_mono_0172,7,7,7,7,0
3737P3737_mono_0173,5,5,5,5,0
3737P3737_mono_0174,2,2,2,2,0
3737P3737_mono_0175,5,5,5,5,0
3737P3737_mono_0176,4,4,4,4,0
3737P3737_mono_0177,5,5,5,5,0
3737P3737_mono_0178,4,4,4,4,0
3737P3737_mono_0179,2,2,2,2,0
3737P3737_mono_0180,5,5,5,5,0
3737P3737_mono_0181,1,1,1,1,0
3737P3737_mono_0182,5,5,5,5,0
3737P3737_mono_0183,1,1,1,1,0
3737P3737_mono_0184,4,4,4,4,0
3737P3737_mono_0185,4,4,4,4,0
3737P3737_mono_0186,5,5,5,5,0
3737P3737_mono_0187,7,7,7,7,0
3737P3737_mono_0188,4,4,4,4,0
3737P3737_mono_0189,4,4,4,4,0
3737P3737_mono_0190,6,6,6,6,0
3737P3737_mono_0191,5,5,5,5,0
3737P3737_mono_0192,3,3,3,3,0
3737P3737_mono_0193,5,5,5,5,0
3737P3737_mono_0194,5,5,5,5,0
3737P3737_mono_0195,5,5,5,5,0
3737P3737_mono_0196,7,7,7,7,0
3737P3737_mono_0197,4,4,4,4,0
3737P3737_mono_0198,4,4,4,4,0
3737P3737_mono_0199,6,6,6,6,0
3737P3737_mono_0200,4,4,4,4,0
3737P3737_mono_0201,7,7,7,7,0
3737P3737_mono_0202,5,5,5,5,0
3737P3737_mono_0203,5,5,5,5,0
3737P3737_mono_0204,7,7,7,7,0
3737P3737_mono_0205,5,5,5,5,0
3737P3737_mono_0206,4,4,4,4,0
3737P3737_mono_0207,5,5,5,5,0
3737P3737_mono_0208,5,5,5,5,0
3737P3737_mono_0209,5,5,5,5,0
3737P3737_mono_0210,5,5,5,5,0
3737P3737_mono_0211,1,1,1,1,0
3737P3737_mono_0212,4,4,4,4,0
3737P3737_mono_0213,6,6,6,6,0
3737P3737_mono_0214,1,1,1,1,0
4G2A0GO67_mono_0001,2,2,2,2,0
4G2A0GO67_mono_0002,2,2,2,2,0
4G2A0GO67_mono_0003,4,4,4,4,0
4G2A0GO67_mono_0004,3,3,3,3,0
4G2A0GO67_mono_0005,2,2,2,2,0
4G2A0GO67_mono_0006,2,2,2,2,0
4G2A0GO67_mono_0007,2,2,2,2,0
4G2A0GO67_mono_0008,8,8,8,8,0
4G2A0GO67_mono_0009,2,2,2,2,0
4G2A0GO67_mono_0010,2,2,2,2,0
4G2A0GO67_mono_0011,3,3,3,3,0
4G2A0GO67_mono_0012,4,4,4,4,0
4G2A0GO67_mono_0013,4,4,4,4,0
4G2A0GO67_mono_0014,5,5,5,5,0
4G2A0GO67_mono_0015,8,8,8,8,0
4G2A0GO67_mono_0016,6,6,6,6,0
4G2A0GO67_mono_0017,3,3,3,3,0
4G2A0GO67_mono_0018,3,3,3,3,0
4G2A0GO67_mono_0019,4,4,4,4,0
4G2A0GO67_mono_0020,4,4,4,4,0
4G2A0GO67_mono_0021,4,4,4,4,0
4G2A0GO67_mono_0022,8,8,8,8,0
4G2A0GO67_mono_0023,5,5,5,5,0
4G2A0GO67_mono_0024,4,4,4,4,0
4G2A0GO67_mono_0025,8,8,8,8,0
4G2A0GO67_mono_0026,8,8,8,8,0
4G2A0GO67_mono_0027,5,5,5,5,0
4G2A0GO67_mono_0028,4,4,4,4,0
4G2A0GO67_mono_0029,6,6,6,6,0
4G2A0GO67_mono_0030,3,3,3,3,0
4G2A0GO67_mono_0031,7,7,7,7,0
4G2A0GO67_mono_0032,2,2,2,2,0
4G2A0GO67_mono_0033,6,6,6,6,0
4G2A0GO67_mono_0034,1,1,1,1,0
4G2A0GO67_mono_0035,3,3,3,3,0
4G2A0GO67_mono_0036,6,6,6,6,0
4G2A0GO67_mono_0037,6,6,6,6,0
4G2A0GO67_mono_0038,6,6,6,6,0
4G2A0GO67_mono_0039,6,6,6,6,0
4G2A0GO67_mono_0040,7,7,7,7,0
4G2A0GO67_mono_0041,6,6,6,6,0
4G2A0GO67_mono_0042,2,2,2,2,0
4G2A0GO67_mono_0043,5,5,5,5,0
4G2A0GO67_mono_0044,6,6,6,6,0
4G2A0GO67_mono_0045,7,7,7,7,0
4G2A0GO67_mono_0046,2,2,2,2,0
4G2A0GO67_mono_0047,4,4,4,4,0
4G2A0GO67_mono_0048,7,7,7,7,0
4G2A0GO67_mono_0049,5,5,5,5,0
4G2A0GO67_mono_0050,3,3,3,3,0
4G2A0GO67_mono_0051,6,6,6,6,0
4G2A0GO67_mono_0052,3,3,3,3,0
4G2A0GO67_mono_0053,1,1,1,1,0
4G2A0GO67_mono_0054,2,2,2,2,0
4G2A0GO67_mono_0055,4,4,4,4,0
4G2A0GO67_mono_0056,2,2,2,2,0
4G2A0GO67_mono_0057,4,4,4,4,0
4G2A0GO67_mono_0058,2,2,2,2,0
4G2A0GO67_mono_0059,4,4,4,4,0
4G2A0GO67_mono_0060,5,5,5,5,0
4G2A0GO67_mono_0061,6,6,6,6,0
4G2A0GO67_mono_0062,7,7,7,7,0
4G2A0GO67_mono_0063,8,8,8,8,0
4G2A0GO67_mono_0064,4,4,4,4,0
4G2A0GO67_mono_0065,1,1,1,1,0
4G2A0GO67_mono_0066,2,2,2,2,0
4G2A0GO67_mono_0067,7,7,7,7,0
4G2A0GO67_mono_0068,2,2,2,2,0
4G2A0GO67_mono_0069,2,2,2,2,0
4G2A0GO67_mono_0070,1,1,1,1,0
4G2A0GO67_mono_0071,3,3,3,3,0
4G2A0GO67_mono_0072,5,5,5,5,0
4G2A0GO67_mono_0073,2,2,2,2,0
4G2A0GO67_mono_0074,4,4,4,4,0
4G2A0GO67_mono_0075,2,2,2,2,0
4G2A0GO67_mono_0076,2,2,2,2,0
4G2A0GO67_mono_0077,8,8,8,8,0
4G2A0GO67_mono_0078,4,4,4,4,0
4G2A0GO67_mono_0079,5,5,5,5,0
4G2A0GO67_mono_0080,6,6,6,6,0
4G2A0GO67_mono_0081,4,4,4,4,0
4G2A0GO67_mono_0082,8,8,8,8,0
4G2A0GO67_mono_0083,3,3,3,3,0
4G2A0GO67_mono_0084,2,2,2,2,0
4G2A0GO67_mono_0085,7,7,7,7,0
4G2A0GO67_mono_0086,3,3,3,3,0
4G2A0GO67_mono_0087,8,8,8,8,0
4G2A0GO67_mono_0088,3,3,3,3,0
4G2A0GO67_mono_0089,8,8,8,8,0
4G2A0GO67_mono_0090,7,7,7,7,0
4G2A0GO67_mono_0091,4,4,4,4,0
4G2A0GO67_mono_0092,4,4,4,4,0
4G2A0GO67_mono_0093,5,5,5,5,0
4G2A0GO67_mono_0094,8,8,8,8,0
4G2A0GO67_mono_0095,2,2,2,2,0
4G2A0GO67_mono_0096,7,7,7,7,0
4G2A0GO67_mono_0097,6,6,6,6,0
4G2A0GO67_mono_0098,6,6,6,6,0
4G2A0GO67_mono_0099,8,8,8,8,0
4G2A0GO67_mono_0100,4,4,4,4,0
4G2A0GO67_mono_0101,6,6,6,6,0
4G2A0GO67_mono_0102,5,5,5,5,0
4G2A0GO67_mono_0103,4,4,4,4,0
4G2A0GO67_mono_0104,6,6,6,6,0
4G2A0GO67_mono_0105,6,6,6,6,0
4G2A0GO67_mono_0106,5,5,5,5,0
4G2A0GO67_mono_0107,2,2,2,2,0
4G2A0GO67_mono_0108,5,5,5,5,0
4G2A0GO67_mono_0109,5,5,5,5,0
4G2A0GO67_mono_0110,3,3,3,3,0
4G2A0GO67_mono_0111,2,2,2,2,0
4G2A0GO67_mono_0112,3,3,3,3,0
4G2A0GO67_mono_0113,3,3,3,3,0
4G2A0GO67_mono_0114,3,3,3,3,0
4G2A0GO67_mono_0115,2,2,2,2,0
4G2A0GO67_mono_0116,8,8,8,8,0
4G2A0GO67_mono_0117,4,4,4,4,0
4G2A0GO67_mono_0118,4,4,4,4,0
4G2A0GO67_mono_0119,1,1,1,1,0
4G2A0GO67_mono_0120,6,6,6,6,0
4G2A0GO67_mono_0121,4,4,4,4,0
4G2A0GO67_mono_0122,3,3,3,3,0
4G2A0GO67_mono_0123,3,3,3,3,0
4G2A0GO67_mono_0124,3,3,3,3,0
4G2A0GO67_mono_0125,4,4,4,4,0
4G2A0GO67_mono_0126,4,4,4,4,0
4G2A0GO67_mono_0127,8,8,8,8,0
4G2A0GO67_mono_0128,6,6,6,6,0
4G2A0GO67_mono_0129,3,3,3,3,0
4G2A0GO67_mono_0130,1,1,1,1,0
4G2A0GO67_mono_0131,3,3,3,3,0
4G2A0GO67_mono_0132,7,7,7,7,0
4G2A0GO67_mono_0133,2,2,2,2,0
4G2A0GO67_mono_0134,5,5,5,5,0
4G2A0GO67_mono_0135,8,8,8,8,0
4G2A0GO67_mono_0136,3,3,3,3,0
4G2A0GO67_mono_0137,3,3,3,3,0
4G2A0GO67_mono_0138,4,4,4,4,0
4G2A0GO67_mono_0139,7,7,7,7,0
4G2A0GO67_mono_0140,4,4,4,4,0
4G2A0GO67_mono_0141,6,6,6,6,0
4G2A0GO67_mono_0142,4,4,4,4,0
4G2A0GO67_mono_0143,4,4,4,4,0
4G2A0GO67_mono_0144,3,3,3,3,0
4G2A0GO67_mono_0145,7,7,7,7,0
4G2A0GO67_mono_0146,7,7,7,7,0
4G2A0GO67_mono_0147,7,7,7,7,0
4G2A0GO67_mono_0148,6,6,6,6,0
4G2A0GO67_mono_0149,2,2,2,2,0
4G2A0GO67_mono_0150,2,2,2,2,0
4G2A0GO67_mono_0151,5,5,5,5,0
4G2A0GO67_mono_0152,6,6,6,6,0
4G2A0GO67_mono_0153,6,6,6,6,0
4G2A0GO67_mono_0154,8,8,8,8,0
4G2A0GO67_mono_0155,8,8,8,8,0
4G2A0GO67_mono_0156,2,2,2,2,0
4G2A0GO67_mono_0157,3,3,3,3,0
4G2A0GO67_mono_0158,3,3,3,3,0
4G2A0GO67_mono_0159,5,5,5,5,0
4G2A0GO67_mono_0160,5,5,5,5,0
4G2A0GO67_mono_0161,8,8,8,8,0
4G2A0GO67_mono_0162,5,5,5,5,0
4G2A0GO67_mono_0163,6,6,6,6,0
4G2A0GO67_mono_0164,8,8,8,8,0
4G2A0GO67_mono_0165,5,5,5,5,0
4G2A0GO67_mono_0166,5,5,5,5,0
4G2A0GO67_mono_0167,2,2,2,2,0
4G2A0GO67_mono_0168,4,4,4,4,0
4G2A0GO67_mono_0169,5,5,5,5,0
4G2A0GO67_mono_0170,3,3,3,3,0
4G2A0GO67_mono_0171,8,8,8,8,0
4G2A0GO67_mono_0172,3,3,3,3,0
4G2A0GO67_mono_0173,2,2,2,2,0
4G2A0GO67_mono_0174,4,4,4,4,0
4G2A0GO67_mono_0175,6,6,6,6,0
4G2A0GO67_mono_0176,5,5,5,5,0
4G2A0GO67_mono_0177,7,7,7,7,0
4G2A0GO67_mono_0178,4,4,4,4,0
4G2A0GO67_mono_0179,6,6,6,6,0
4G2A0GO67_mono_0180,4,4,4,4,0
4G2A0GO67_mono_0181,7,7,7,7,0
4G2A0GO67_mono_0182,7,7,7,7,0
4G2A0GO67_mono_0183,8,8,8,8,0
4G2A0GO67_mono_0184,7,7,7,7,0
4G2A0GO67_mono_0185,3,3,3,3,0
4G2A0GO67_mono_0186,8,8,8,8,0
4G2A0GO67_mono_0187,8,8,8,8,0
4G2A0GO67_mono_0188,6,6,6,6,0
4G2A0GO67_mono_0189,6,6,6,6,0
4G2A0GO67_mono_0190,4,4,4,4,0
4G2A0GO67_mono_0191,4,4,4,4,0
4G2A0GO67_mono_0192,3,3,3,3,0
4HZ823KRH_mono_0001,2,2,2,2,0
4HZ823KRH_mono_0002,1,1,1,1,0
4HZ823KRH_mono_0003,3,3,3,3,0
4HZ823KRH_mono_0004,3,3,3,3,0
4HZ823KRH_mono_0005,2,2,2,2,0
4HZ823KRH_mono_0006,3,3,3,3,0
4HZ823KRH_mono_0007,1,1,1,1,0
4HZ823KRH_mono_0008,1,1,1,1,0
4HZ823KRH_mono_0009,3,3,3,3,0
4HZ823KRH_mono_0010,5,5,5,5,0
4HZ823KRH_mono_0011,7,7,7,7,0
4HZ823KRH_mono_0012,7,7,7,7,0
4HZ823KRH_mono_0013,6,6,6,6,0
4HZ823KRH_mono_0014,2,2,2,2,0
4HZ823KRH_mono_0015,7,7,7,7,0
4HZ823KRH_mono_0016,1,1,1,1,0
4HZ823KRH_mono_0017,1,1,1,1,0
4HZ823KRH_mono_0018,2,2,2,2,0
4HZ823KRH_mono_0019,2,2,2,2,0
4HZ823KRH_mono_0020,5,5,5,5,0
4HZ823KRH_mono_0021,2,2,2,2,0
4HZ823KRH_mono_0022,1,1,1,1,0
4HZ823KRH_mono_0023,1,1,1,1,0
4HZ823KRH_mono_0024,1,1,1,1,0
4HZ823KRH_mono_0025,1,1,1,1,0
4HZ823KRH_mono_0026,1,1,1,1,0
4HZ823KRH_mono_0027,1,1,1,1,0
4HZ823KRH_mono_0028,5,5,5,5,0
4HZ823KRH_mono_0029,1,1,1,1,0
4HZ823KRH_mono_0030,1,1,1,1,0
4HZ823KRH_mono_0031,1,1,1,1,0
4HZ823KRH_mono_0032,6,6,6,6,0
4HZ823KRH_mono_0033,2,2,2,2,0
4HZ823KRH_mono_0034,2,2,2,2,0
4HZ823KRH_mono_0035,3,3,3,3,0
4HZ823KRH_mono_0036,1,1,1,1,0
4HZ823KRH_mono_0037,1,1,1,1,0
4HZ823KRH_mono_0038,1,1,1,1,0
4HZ823KRH_mono_0039,6,6,6,6,0
4HZ823KRH_mono_0040,4,4,4,4,0
4HZ823KRH_mono_0041,3,3,3,3,0
4HZ823KRH_mono_0042,3,3,3,3,0
4HZ823KRH_mono_0043,3,3,3,3,0
4HZ823KRH_mono_0044,4,4,4,4,0
4HZ823KRH_mono_0045,2,2,2,2,0
4HZ823KRH_mono_0046,2,2,2,2,0
4HZ823KRH_mono_0047,1,1,1,1,0
4HZ823KRH_mono_0048,7,7,7,7,0
4HZ823KRH_mono_0049,3,3,3,3,0
4HZ823KRH_mono_0050,3,3,3,3,0
4HZ823KRH_mono_0051,5,5,5,5,0
4HZ823KRH_mono_0052,5,5,5,5,0
4HZ823KRH_mono_0053,1,1,1,1,0
4HZ823KRH_mono_0054,3,3,3,3,0
4HZ823KRH_mono_0055,1,1,1,1,0
4HZ823KRH_mono_0056,2,2,2,2,0
4HZ823KRH_mono_0057,1,1,1,1,0
4HZ823KRH_mono_0058,1,1,1,1,0
4HZ823KRH_mono_0059,2,2,2,2,0
4HZ823KRH_mono_0060,1,1,1,1,0
4HZ823KRH_mono_0061,1,1,1,1,0
4HZ823KRH_mono_0062,6,6,6,6,0
4HZ823KRH_mono_0063,6,6,6,6,0
4HZ823KRH_mono_0064,1,1,1,1,0
4HZ823KRH_mono_0065,4,4,4,4,0
4HZ823KRH_mono_0066,7,7,7,7,0
4HZ823KRH_mono_0067,2,2,2,2,0
4HZ823KRH_mono_0068,2,2,2,2,0
4HZ823KRH_mono_0069,7,7,7,7,0
4HZ823KRH_mono_0070,2,2,2,2,0
4HZ823KRH_mono_0071,6,6,6,6,0
4HZ823KRH_mono_0072,1,1,1,1,0
4HZ823KRH_mono_0073,2,2,2,2,0
4HZ823KRH_mono_0074,1,1,1,1,0
4HZ823KRH_mono_0075,4,4,4,4,0
4HZ823KRH_mono_0076,1,1,1,1,0
4HZ823KRH_mono_0077,4,4,4,4,0
4HZ823KRH_mono_0078,1,1,1,1,0
4HZ823KRH_mono_0079,1,1,1,1,0
4HZ823KRH_mono_0080,1,1,1,1,0
4HZ823KRH_mono_0081,2,2,2,2,0
4HZ823KRH_mono_0082,4,4,4,4,0
4HZ823KRH_mono_0083,1,1,1,1,0
4HZ823KRH_mono_0084,1,1,1,1,0
4HZ823KRH_mono_0085,1,1,1,1,0
4HZ823KRH_mono_0086,6,6,6,6,0
4HZ823KRH_mono_0087,2,2,2,2,0
4HZ823KRH_mono_0088,1,1,1,1,0
4HZ823KRH_mono_0089,4,4,4,4,0
4HZ823KRH_mono_0090,1,1,1,1,0
4HZ823KRH_mono_0091,3,3,3,3,0
4HZ823KRH_mono_0092,2,2,2,2,0
4HZ823KRH_mono_0093,3,3,3,3,0
4HZ823KRH_mono_0094,1,1,1,1,0
4HZ823KRH_mono_0095,4,4,4,4,0
4HZ823KRH_mono_0096,4,4,4,4,0
4HZ823KRH_mono_0097,3,3,3,3,0
4HZ823KRH_mono_0098,2,2,2,2,0
4HZ823KRH_mono_0099,6,6,6,6,0
4HZ823KRH_mono_0100,2,2,2,2,0
4HZ823KRH_mono_0101,1,1,1,1,0
4HZ823KRH_mono_0102,4,4,4,4,0
4HZ823KRH_mono_0103,2,2,2,2,0
4HZ823KRH_mono_0104,1,1,1,1,0
4HZ823KRH_mono_0105,5,5,5,5,0
4HZ823KRH_mono_0106,3,3,3,3,0
4HZ823KRH_mono_0107,6,6,6,6,0
4HZ823KRH_mono_0108,1,1,1,1,0
4HZ823KRH_mono_0109,1,1,1,1,0
4HZ823KRH_mono_0110,5,5,5,5,0
4HZ823KRH_mono_0111,2,2,2,2,0
4HZ823KRH_mono_0112,1,1,1,1,0
4HZ823KRH_mono_0113,5,5,5,5,0
4HZ823KRH_mono_0114,1,1,1,1,0
4HZ823KRH_mono_0115,4,4,4,4,0
4HZ823KRH_mono_0116,3,3,3,3,0
4HZ823KRH_mono_0117,5,5,5,5,0
4HZ823KRH_mono_0118,1,1,1,1,0
4HZ823KRH_mono_0119,5,5,5,5,0
4HZ823KRH_mono_0120,2,2,2,2,0
4HZ823KRH_mono_0121,1,1,1,1,0
4HZ823KRH_mono_0122,4,4,4,4,0
4HZ823KRH_mono_0123,2,2,2,2,0
4HZ823KRH_mono_0124,3,3,3,3,0
4HZ823KRH_mono_0125,1,1,1,1,0
4HZ823KRH_mono_0126,6,6,6,6,0
4HZ823KRH_mono_0127,1,1,1,1,0
4HZ823KRH_mono_0128,1,1,1,1,0
4HZ823KRH_mono_0129,2,2,2,2,0
4HZ823KRH_mono_0130,2,2,2,2,0
4HZ823KRH_mono_0131,1,1,1,1,0
4HZ823KRH_mono_0132,3,3,3,3,0
4HZ823KRH_mono_0133,2,2,2,2,0
4HZ823KRH_mono_0134,2,2,2,2,0
4HZ823KRH_mono_0135,5,5,5,5,0
4HZ823KRH_mono_0136,1,1,1,1,0
4HZ823KRH_mono_0137,1,1,1,1,0
4HZ823KRH_mono_0138,2,2,2,2,0
4HZ823KRH_mono_0139,4,4,4,4,0
4HZ823KRH_mono_0140,2,2,2,2,0
4HZ823KRH_mono_0141,3,3,3,3,0
4HZ823KRH_mono_0142,4,4,4,4,0
4HZ823KRH_mono_0143,1,1,1,1,0
4HZ823KRH_mono_0144,7,7,7,7,0
4HZ823KRH_mono_0145,1,1,1,1,0
4HZ823KRH_mono_0146,6,6,6,6,0
4HZ823KRH_mono_0147,4,4,4,4,0
4HZ823KRH_mono_0148,4,4,4,4,0
4HZ823KRH_mono_0149,1,1,1,1,0
4HZ823KRH_mono_0150,1,1,1,1,0
4HZ823KRH_mono_0151,1,1,1,1,0
4HZ823KRH_mono_0152,1,1,1,1,0
4HZ823KRH_mono_0153,1,1,1,1,0
4HZ823KRH_mono_0154,4,4,4,4,0
4HZ823KRH_mono_0155,2,2,2,2,0
4HZ823KRH_mono_0156,4,4,4,4,0
4HZ823KRH_mono_0157,1,1,1,1,0
4HZ823KRH_mono_0158,1,1,1,1,0
4HZ823KRH_mono_0159,2,2,2,2,0
4HZ823KRH_mono_0160,1,1,1,1,0
4HZ823KRH_mono_0161,6,6,6,6,0
4HZ823KRH_mono_0162,2,2,2,2,0
4HZ823KRH_mono_0163,1,1,1,1,0
4HZ823KRH_mono_0164,6,6,6,6,0
4HZ823KRH_mono_0165,1,1,1,1,0
4HZ823KRH_mono_0166,1,1,1,1,0
4HZ823KRH_mono_0167,1,1,1,1,0
4HZ823KRH_mono_0168,1,1,1,1,0
4HZ823KRH_mono_0169,2,2,2,2,0
4HZ823KRH_mono_0170,5,5,5,5,0
4HZ823KRH_mono_0171,3,3,3,3,0
4HZ823KRH_mono_0172,4,4,4,4,0
4HZ823KRH_mono_0173,1,1,1,1,0
4HZ823KRH_mono_0174,3,3,3,3,0
4HZ823KRH_mono_0175,1,1,1,1,0
4HZ823KRH_mono_0176,3,3,3,3,0
4HZ823KRH_mono_0177,1,1,1,1,0
4HZ823KRH_mono_0178,4,4,4,4,0
4HZ823KRH_mono_0179,1,1,1,1,0
4HZ823KRH_mono_0180,8,8,8,8,0
4HZ823KRH_mono_0181,1,1,1,1,0
4HZ823KRH_mono_0182,1,1,1,1,0
4HZ823KRH_mono_0183,2,2,2,2,0
4HZ823KRH_mono_0184,5,5,5,5,0
4HZ823KRH_mono_0185,1,1,1,1,0
4HZ823KRH_mono_0186,3,3,3,3,0
4HZ823KRH_mono_0187,1,1,1,1,0
4HZ823KRH_mono_0188,2,2,2,2,0
4HZ823KRH_mono_0189,2,2,2,2,0
4HZ823KRH_mono_0190,2,2,2,2,0
4HZ823KRH_mono_0191,5,5,5,5,0
4HZ823KRH_mono_0192,1,1,1,1,0
4HZ823KRH_mono_0193,2,2,2,2,0
4HZ823KRH_mono_0194,4,4,4,4,0
4HZ823KRH_mono_0195,2,2,2,2,0
4HZ823KRH_mono_0196,2,2,2,2,0
4HZ823KRH_mono_0197,5,5,5,5,0
4HZ823KRH_mono_0198,8,8,8,8,0
4HZ823KRH_mono_0199,1,1,1,1,0
4HZ823KRH_mono_0200,5,5,5,5,0
4HZ823KRH_mono_0201,2,2,2,2,0
4HZ823KRH_mono_0202,4,4,4,4,0
4HZ823KRH_mono_0203,3,3,3,3,0
4HZ823KRH_mono_0204,2,2,2,2,0
87LQ7H085_mono_0001,1,1,1,1,0
87LQ7H085_mono_0002,1,1,1,1,0
87LQ7H085_mono_0003,1,1,1,1,0
87LQ7H085_mono_0004,5,5,5,5,0
87LQ7H085_mono_0005,1,1,1,1,0
87LQ7H085_mono_0006,2,2,2,2,0
87LQ7H085_mono_0007,1,1,1,1,0
87LQ7H085_mono_0008,2,2,2,2,0
87LQ7H085_mono_0009,5,5,5,5,0
87LQ7H085_mono_0010,1,1,1,1,0
87LQ7H085_mono_0011,8,8,8,8,0
87LQ7H085_mono_0012,1,1,1,1,0
87LQ7H085_mono_0013,2,2,2,2,0
87LQ7H085_mono_0014,1,1,1,1,0
87LQ7H085_mono_0015,1,1,1,1,0
87LQ7H085_mono_0016,1,1,1,1,0
87LQ7H085_mono_0017,1,1,1,1,0
87LQ7H085_mono_0018,2,2,2,2,0
87LQ7H085_mono_0019,1,1,1,1,0
87LQ7H085_mono_0020,2,2,2,2,0
87LQ7H085_mono_0021,3,3,3,3,0
87LQ7H085_mono_0022,3,3,3,3,0
87LQ7H085_mono_0023,3,3,3,3,0
87LQ7H085_mono_0024,1,1,1,1,0
87LQ7H085_mono_0025,1,1,1,1,0
87LQ7H085_mono_0026,2,2,2,2,0
87LQ7H085_mono_0027,2,2,2,2,0
87LQ7H085_mono_0028,1,1,1,1,0
87LQ7H085_mono_0029,2,2,2,2,0
87LQ7H085_mono_0030,1,1,1,1,0
87LQ7H085_mono_0031,1,1,1,1,0
87LQ7H085_mono_0032,1,1,1,1,0
87LQ7H085_mono_0033,6,6,6,6,0
87LQ7H085_mono_0034,1,1,1,1,0
87LQ7H085_mono_0035,2,2,2,2,0
87LQ7H085_mono_0036,5,5,5,5,0
87LQ7H085_mono_0037,1,1,1,1,0
87LQ7H085_mono_0038,1,1,1,1,0
87LQ7H085_mono_0039,4,4,4,4,0
87LQ7H085_mono_0040,3,3,3,3,0
87LQ7H085_mono_0041,2,2,2,2,0
87LQ7H085_mono_0042,3,3,3,3,0
87LQ7H085_mono_0043,2,2,2,2,0
87LQ7H085_mono_0044,5,5,5,5,0
87LQ7H085_mono_0045,2,2,2,2,0
87LQ7H085_mono_0046,3,3,3,3,0
87LQ7H085_mono_0047,1,1,1,1,0
87LQ7H085_mono_0048,3,3,3,3,0
87LQ7H085_mono_0049,2,2,2,2,0
87LQ7H085_mono_0050,3,3,3,3,0
87LQ7H085_mono_0051,2,2,2,2,0
87LQ7H085_mono_0052,8,8,8,8,0
87LQ7H085_mono_0053,1,1,1,1,0
87LQ7H085_mono_0054,3,3,3,3,0
87LQ7H085_mono_0055,3,3,3,3,0
87LQ7H085_mono_0056,2,2,2,2,0
87LQ7H085_mono_0057,3,3,3,3,0
87LQ7H085_mono_0058,4,4,4,4,0
87LQ7H085_mono_0059,2,2,2,2,0
87LQ7H085_mono_0060,6,6,6,6,0
87LQ7H085_mono_0061,5,5,5,5,0
87LQ7H085_mono_0062,1,1,1,1,0
87LQ7H085_mono_0063,2,2,2,2,0
87LQ7H085_mono_0064,2,2,2,2,0
87LQ7H085_mono_0065,4,4,4,4,0
87LQ7H085_mono_0066,2,2,2,2,0
87LQ7H085_mono_0067,1,1,1,1,0
87LQ7H085_mono_0068,1,1,1,1,0
87LQ7H085_mono_0069,2,2,2,2,0
87LQ7H085_mono_0070,2,2,2,2,0
87LQ7H085_mono_0071,3,3,3,3,0
87LQ7H085_mono_0072,3,3,3,3,0
87LQ7H085_mono_0073,1,1,1,1,0
87LQ7H085_mono_0074,5,5,5,5,0
87LQ7H085_mono_0075,1,1,1,1,0
87LQ7H085_mono_0076,1,1,1,1,0
87LQ7H085_mono_0077,7,7,7,7,0
87LQ7H085_mono_0078,1,1,1,1,0
87LQ7H085_mono_0079,4,4,4,4,0
87LQ7H085_mono_0080,7,7,7,7,0
87LQ7H085_mono_0081,2,2,2,2,0
87LQ7H085_mono_0082,6,6,6,6,0
87LQ7H085_mono_0083,3,3,3,3,0
87LQ7H085_mono_0084,1,1,1,1,0
87LQ7H085_mono_0085,2,2,2,2,0
87LQ7H085_mono_0086,4,4,4,4,0
87LQ7H085_mono_0087,3,3,3,3,0
87LQ7H085_mono_0088,1,1,1,1,0
87LQ7H085_mono_0089,1,1,1,1,0
87LQ7H085_mono_0090,6,6,6,6,0
87LQ7H085_mono_0091,2,2,2,2,0
87LQ7H085_mono_0092,5,5,5,5,0
87LQ7H085_mono_0093,5,5,5,5,0
87LQ7H085_mono_0094,4,4,4,4,0
87LQ7H085_mono_0095,8,8,8,8,0
87LQ7H085_mono_0096,4,4,4,4,0
87LQ7H085_mono_0097,2,2,2,2,0
87LQ7H085_mono_0098,2,2,2,2,0
87LQ7H085_mono_0099,8,8,8,8,0
87LQ7H085_mono_0100,4,4,4,4,0
87LQ7H085_mono_0101,3,3,3,3,0
87LQ7H085_mono_0102,1,1,1,1,0
87LQ7H085_mono_0103,2,2,2,2,0
87LQ7H085_mono_0104,1,1,1,1,0
87LQ7H085_mono_0105,1,1,1,1,0
87LQ7H085_mono_0106,4,4,4,4,0
87LQ7H085_mono_0107,1,1,1,1,0
87LQ7H085_mono_0108,8,8,8,8,0
87LQ7H085_mono_0109,2,2,2,2,0
87LQ7H085_mono_0110,3,3,3,3,0
87LQ7H085_mono_0111,1,1,1,1,0
87LQ7H085_mono_0112,2,2,2,2,0
87LQ7H085_mono_0113,1,1,1,1,0
87LQ7H085_mono_0114,1,1,1,1,0
87LQ7H085_mono_0115,3,3,3,3,0
87LQ7H085_mono_0116,2,2,2,2,0
87LQ7H085_mono_0117,6,6,6,6,0
87LQ7H085_mono_0118,3,3,3,3,0
87LQ7H085_mono_0119,3,3,3,3,0
87LQ7H085_mono_0120,2,2,2,2,0
87LQ7H085_mono_0121,1,1,1,1,0
87LQ7H085_mono_0122,1,1,1,1,0
87LQ7H085_mono_0123,8,8,8,8,0
87LQ7H085_mono_0124,4,4,4,4,0
87LQ7H085_mono_0125,2,2,2,2,0
87LQ7H085_mono_0126,1,1,1,1,0
87LQ7H085_mono_0127,2,2,2,2,0
87LQ7H085_mono_0128,2,2,2,2,0
87LQ7H085_mono_0129,1,1,1,1,0
87LQ7H085_mono_0130,4,4,4,4,0
87LQ7H085_mono_0131,4,4,4,4,0
87LQ7H085_mono_0132,2,2,2,2,0
87LQ7H085_mono_0133,5,5,5,5,0
87LQ7H085_mono_0134,1,1,1,1,0
87LQ7H085_mono_0135,2,2,2,2,0
87LQ7H085_mono_0136,3,3,3,3,0
87LQ7H085_mono_0137,3,3,3,3,0
87LQ7H085_mono_0138,1,1,1,1,0
87LQ7H085_mono_0139,1,1,1,1,0
87LQ7H085_mono_0140,4,4,4,4,0
87LQ7H085_mono_0141,2,2,2,2,0
87LQ7H085_mono_0142,1,1,1,1,0
87LQ7H085_mono_0143,1,1,1,1,0
87LQ7H085_mono_0144,3,3,3,3,0
87LQ7H085_mono_0145,1,1,1,1,0
87LQ7H085_mono_0146,3,3,3,3,0
87LQ7H085_mono_0147,1,1,1,1,0
87LQ7H085_mono_0148,4,4,4,4,0
87LQ7H085_mono_0149,4,4,4,4,0
87LQ7H085_mono_0150,2,2,2,2,0
87LQ7H085_mono_0151,3,3,3,3,0
87LQ7H085_mono_0152,1,1,1,1,0
87LQ7H085_mono_0153,8,8,8,8,0
87LQ7H085_mono_0154,5,5,5,5,0
87LQ7H085_mono_0155,3,3,3,3,0
87LQ7H085_mono_0156,3,3,3,3,0
87LQ7H085_mono_0157,6,6,6,6,0
87LQ7H085_mono_0158,2,2,2,2,0
87LQ7H085_mono_0159,7,7,7,7,0
87LQ7H085_mono_0160,5,5,5,5,0
87LQ7H085_mono_0161,3,3,3,3,0
87LQ7H085_mono_0162,2,2,2,2,0
87LQ7H085_mono_0163,1,1,1,1,0
87LQ7H085_mono_0164,2,2,2,2,0
87LQ7H085_mono_0165,3,3,3,3,0
87LQ7H085_mono_0166,1,1,1,1,0
87LQ7H085_mono_0167,5,5,5,5,0
87LQ7H085_mono_0168,2,2,2,2,0
87LQ7H085_mono_0169,3,3,3,3,0
87LQ7H085_mono_0170,4,4,4,4,0
87LQ7H085_mono_0171,2,2,2,2,0
87LQ7H085_mono_0172,2,2,2,2,0
87LQ7H085_mono_0173,2,2,2,2,0
87LQ7H085_mono_0174,3,3,3,3,0
87LQ7H085_mono_0175,5,5,5,5,0
87LQ7H085_mono_0176,4,4,4,4,0
87LQ7H085_mono_0177,1,1,1,1,0
87LQ7H085_mono_0178,2,2,2,2,0
87LQ7H085_mono_0179,3,3,3,3,0
87LQ7H085_mono_0180,6,6,6,6,0
87LQ7H085_mono_0181,1,1,1,1,0
87LQ7H085_mono_0182,2,2,2,2,0
87LQ7H085_mono_0183,4,4,4,4,0
87LQ7H085_mono_0184,1,1,1,1,0
87LQ7H085_mono_0185,2,2,2,2,0
87LQ7H085_mono_0186,1,1,1,1,0
87LQ7H085_mono_0187,1,1,1,1,0
87LQ7H085_mono_0188,2,2,2,2,0
87LQ7H085_mono_0189,1,1,1,1,0
87LQ7H085_mono_0190,6,6,6,6,0
87LQ7H085_mono_0191,2,2,2,2,0
87LQ7H085_mono_0192,3,3,3,3,0
87LQ7H085_mono_0193,1,1,1,1,0
87LQ7H085_mono_0194,6,6,6,6,0
87LQ7H085_mono_0195,2,2,2,2,0
87LQ7H085_mono_0196,4,4,4,4,0
87LQ7H085_mono_0197,2,2,2,2,0
87LQ7H085_mono_0198,5,5,5,5,0
87LQ7H085_mono_0199,5,5,5,5,0
87LQ7H085_mono_0200,1,1,1,1,0
ABC893DEF_mono_0001,2,2,2,2,0
ABC893DEF_mono_0002,2,2,2,2,0
ABC893DEF_mono_0003,1,1,1,1,0
ABC893DEF_mono_0004,1,1,1,1,0
ABC893DEF_mono_0005,6,6,6,6,0
ABC893DEF_mono_0006,1,1,1,1,0
ABC893DEF_mono_0007,1,1,1,1,0
ABC893DEF_mono_0008,5,5,5,5,0
ABC893DEF_mono_0009,3,3,3,3,0
ABC893DEF_mono_0010,2,2,2,2,0
ABC893DEF_mono_0011,3,3,3,3,0
ABC893DEF_mono_0012,2,2,2,2,0
ABC893DEF_mono_0013,1,1,1,1,0
ABC893DEF_mono_0014,2,2,2,2,0
ABC893DEF_mono_0015,3,3,3,3,0
ABC893DEF_mono_0016,1,1,1,1,0
ABC893DEF_mono_0017,1,1,1,1,0
ABC893DEF_mono_0018,1,1,1,1,0
ABC893DEF_mono_0019,4,4,4,4,0
ABC893DEF_mono_0020,2,2,2,2,0
ABC893DEF_mono_0021,1,1,1,1,0
ABC893DEF_mono_0022,4,4,4,4,0
ABC893DEF_mono_0023,1,1,1,1,0
ABC893DEF_mono_0024,2,2,2,2,0
ABC893DEF_mono_0025,2,2,2,2,0
ABC893DEF_mono_0026,8,8,8,8,0
ABC893DEF_mono_0027,3,3,3,3,0
ABC893DEF_mono_0028,4,4,4,4,0
ABC893DEF_mono_0029,4,4,4,4,0
ABC893DEF_mono_0030,1,1,1,1,0
ABC893DEF_mono_0031,6,6,6,6,0
ABC893DEF_mono_0032,1,1,1,1,0
ABC893DEF_mono_0033,1,1,1,1,0
ABC893DEF_mono_0034,1,1,1,1,0
ABC893DEF_mono_0035,2,2,2,2,0
ABC893DEF_mono_0036,1,1,1,1,0
ABC893DEF_mono_0037,1,1,1,1,0
ABC893DEF_mono_0038,1,1,1,1,0
ABC893DEF_mono_0039,3,3,3,3,0
ABC893DEF_mono_0040,4,4,4,4,0
ABC893DEF_mono_0041,2,2,2,2,0
ABC893DEF_mono_0042,1,1,1,1,0
ABC893DEF_mono_0043,3,3,3,3,0
ABC893DEF_mono_0044,1,1,1,1,0
ABC893DEF_mono_0045,1,1,1,1,0
ABC893DEF_mono_0046,6,6,6,6,0
ABC893DEF_mono_0047,1,1,1,1,0
ABC893DEF_mono_0048,4,4,4,4,0
ABC893DEF_mono_0049,1,1,1,1,0
ABC893DEF_mono_0050,1,1,1,1,0
ABC893DEF_mono_0051,1,1,1,1,0
ABC893DEF_mono_0052,4,4,4,4,0
ABC893DEF_mono_0053,3,3,3,3,0
ABC893DEF_mono_0054,3,3,3,3,0
ABC893DEF_mono_0055,5,5,5,5,0
ABC893DEF_mono_0056,2,2,2,2,0
ABC893DEF_mono_0057,2,2,2,2,0
ABC893DEF_mono_0058,5,5,5,5,0
ABC893DEF_mono_0059,3,3,3,3,0
ABC893DEF_mono_0060,1,1,1,1,0
ABC893DEF_mono_0061,5,5,5,5,0
ABC893DEF_mono_0062,3,3,3,3,0
ABC893DEF_mono_0063,4,4,4,4,0
ABC893DEF_mono_0064,2,2,2,2,0
ABC893DEF_mono_0065,1,1,1,1,0
ABC893DEF_mono_0066,6,6,6,6,0
ABC893DEF_mono_0067,2,2,2,2,0
ABC893DEF_mono_0068,3,3,3,3,0
ABC893DEF_mono_0069,2,2,2,2,0
ABC893DEF_mono_0070,8,8,8,8,0
ABC893DEF_mono_0071,1,1,1,1,0
ABC893DEF_mono_0072,4,4,4,4,0
ABC893DEF_mono_0073,1,1,1,1,0
ABC893DEF_mono_0074,3,3,3,3,0
ABC893DEF_mono_0075,2,2,2,2,0
ABC893DEF_mono_0076,2,2,2,2,0
ABC893DEF_mono_0077,2,2,2,2,0
ABC893DEF_mono_0078,3,3,3,3,0
ABC893DEF_mono_0079,3,3,3,3,0
ABC893DEF_mono_0080,4,4,4,4,0
ABC893DEF_mono_0081,3,3,3,3,0
ABC893DEF_mono_0082,3,3,3,3,0
ABC893DEF_mono_0083,4,4,4,4,0
ABC893DEF_mono_0084,2,2,2,2,0
ABC893DEF_mono_0085,3,3,3,3,0
ABC893DEF_mono_0086,1,1,1,1,0
ABC893DEF_mono_0087,2,2,2,2,0
ABC893DEF_mono_0088,4,4,4,4,0
ABC893DEF_mono_0089,2,2,2,2,0
ABC893DEF_mono_0090,3,3,3,3,0
ABC893DEF_mono_0091,3,3,3,3,0
ABC893DEF_mono_0092,1,1,1,1,0
ABC893DEF_mono_0093,3,3,3,3,0
ABC893DEF_mono_0094,1,1,1,1,0
ABC893DEF_mono_0095,1,1,1,1,0
ABC893DEF_mono_0096,4,4,4,4,0
ABC893DEF_mono_0097,6,6,6,6,0
ABC893DEF_mono_0098,1,1,1,1,0
ABC893DEF_mono_0099,2,2,2,2,0
ABC893DEF_mono_0100,5,5,5,5,0
ABC893DEF_mono_0101,6,6,6,6,0
ABC893DEF_mono_0102,1,1,1,1,0
ABC893DEF_mono_0103,7,7,7,7,0
ABC893DEF_mono_0104,2,2,2,2,0
ABC893DEF_mono_0105,2,2,2,2,0
ABC893DEF_mono_0106,1,1,1,1,0
ABC893DEF_mono_0107,2,2,2,2,0
ABC893DEF_mono_0108,1,1,1,1,0
ABC893DEF_mono_0109,5,5,5,5,0
ABC893DEF_mono_0110,4,4,4,4,0
ABC893DEF_mono_0111,6,6,6,6,0
ABC893DEF_mono_0112,3,3,3,3,0
ABC893DEF_mono_0113,2,2,2,2,0
ABC893DEF_mono_0114,2,2,2,2,0
ABC893DEF_mono_0115,1,1,1,1,0
ABC893DEF_mono_0116,3,3,3,3,0
ABC893DEF_mono_0117,5,5,5,5,0
ABC893DEF_mono_0118,2,2,2,2,0
ABC893DEF_mono_0119,2,2,2,2,0
ABC893DEF_mono_0120,5,5,5,5,0
ABC893DEF_mono_0121,2,2,2,2,0
ABC893DEF_mono_0122,3,3,3,3,0
ABC893DEF_mono_0123,2,2,2,2,0
ABC893DEF_mono_0124,5,5,5,5,0
ABC893DEF_mono_0125,2,2,2,2,0
ABC893DEF_mono_0126,2,2,2,2,0
ABC893DEF_mono_0127,3,3,3,3,0
ABC893DEF_mono_0128,3,3,3,3,0
ABC893DEF_mono_0129,3,3,3,3,0
ABC893DEF_mono_0130,2,2,2,2,0
ABC893DEF_mono_0131,1,1,1,1,0
ABC893DEF_mono_0132,2,2,2,2,0
ABC893DEF_mono_0133,3,3,3,3,0
ABC893DEF_mono_0134,3,3,3,3,0
ABC893DEF_mono_0135,1,1,1,1,0
ABC893DEF_mono_0136,1,1,1,1,0
ABC893DEF_mono_0137,2,2,2,2,0
ABC893DEF_mono_0138,7,7,7,7,0
ABC893DEF_mono_0139,8,8,8,8,0
ABC893DEF_mono_0140,1,1,1,1,0
ABC893DEF_mono_0141,1,1,1,1,0
ABC893DEF_mono_0142,2,2,2,2,0
ABC893DEF_mono_0143,1,1,1,1,0
ABC893DEF_mono_0144,1,1,1,1,0
ABC893DEF_mono_0145,1,1,1,1,0
ABC893DEF_mono_0146,3,3,3,3,0
ABC893DEF_mono_0147,3,3,3,3,0
ABC893DEF_mono_0148,1,1,1,1,0
ABC893DEF_mono_0149,2,2,2,2,0
ABC893DEF_mono_0150,3,3,3,3,0
ABC893DEF_mono_0151,3,3,3,3,0
ABC893DEF_mono_0152,4,4,4,4,0
ABC893DEF_mono_0153,3,3,3,3,0
ABC893DEF_mono_0154,5,5,5,5,0
ABC893DEF_mono_0155,3,3,3,3,0
ABC893DEF_mono_0156,1,1,1,1,0
ABC893DEF_mono_0157,1,1,1,1,0
ABC893DEF_mono_0158,1,1,1,1,0
ABC893DEF_mono_0159,4,4,4,4,0
ABC893DEF_mono_0160,2,2,2,2,0
ABC893DEF_mono_0161,3,3,3,3,0
ABC893DEF_mono_0162,1,1,1,1,0
ABC893DEF_mono_0163,1,1,1,1,0
ABC893DEF_mono_0164,3,3,3,3,0
ABC893DEF_mono_0165,2,2,2,2,0
ABC893DEF_mono_0166,3,3,3,3,0
ABC893DEF_mono_0167,1,1,1,1,0
ABC893DEF_mono_0168,1,1,1,1,0
ABC893DEF_mono_0169,1,1,1,1,0
ABC893DEF_mono_0170,6,6,6,6,0
ABC893DEF_mono_0171,1,1,1,1,0
ABC893DEF_mono_0172,2,2,2,2,0
ABC893DEF_mono_0173,6,6,6,6,0
ABC893DEF_mono_0174,3,3,3,3,0
ABC893DEF_mono_0175,4,4,4,4,0
ABC893DEF_mono_0176,4,4,4,4,0
ABC893DEF_mono_0177,1,1,1,1,0
ABC893DEF_mono_0178,7,7,7,7,0
ABC893DEF_mono_0179,1,1,1,1,0
ABC893DEF_mono_0180,3,3,3,3,0
ABC893DEF_mono_0181,3,3,3,3,0
ABC893DEF_mono_0182,7,7,7,7,0
ABC893DEF_mono_0183,3,3,3,3,0
ABC893DEF_mono_0184,2,2,2,2,0
ABC893DEF_mono_0185,2,2,2,2,0
ABC893DEF_mono_0186,2,2,2,2,0
ABC893DEF_mono_0187,2,2,2,2,0
ABC893DEF_mono_0188,1,1,1,1,0
ABC893DEF_mono_0189,2,2,2,2,0
ABC893DEF_mono_0190,2,2,2,2,0
ABC893DEF_mono_0191,3,3,3,3,0
ABC893DEF_mono_0192,6,6,6,6,0
ABC893DEF_mono_0193,2,2,2,2,0
ABC893DEF_mono_0194,3,3,3,3,0
ABC893DEF_mono_0195,1,1,1,1,0
ABC893DEF_mono_0196,3,3,3,3,0
ABC893DEF_mono_0197,2,2,2,2,0
ABC893DEF_mono_0198,3,3,3,3,0
ABC893DEF_mono_0199,3,3,3,3,0
ABC893DEF_mono_0200,1,1,1,1,0
ABC893DEF_mono_0201,3,3,3,3,0
ABC893DEF_mono_0202,2,2,2,2,0
ABC893DEF_mono_0203,5,5,5,5,0
ABC893DEF_mono_0204,2,2,2,2,0
ABC893DEF_mono_0205,3,3,3,3,0
ABC893DEF_mono_0206,1,1,1,1,0
ABC893DEF_mono_0207,1,1,1,1,0
ABC893DEF_mono_0208,1,1,1,1,0
ABC893DEF_mono_0209,1,1,1,1,0
ABC893DEF_mono_0210,2,2,2,2,0
ABC893DEF_mono_0211,1,1,1,1,0
ABC893DEF_mono_0212,2,2,2,2,0
ABC893DEF_mono_0213,3,3,3,3,0
ABC893DEF_mono_0214,2,2,2,2,0
ABC893DEF_mono_0215,1,1,1,1,0
AIRFORCE1_mono_0001,1,1,1,1,0
AIRFORCE1_mono_0002,1,1,1,1,0
AIRFORCE1_mono_0003,1,1,1,1,0
AIRFORCE1_mono_0004,1,1,1,1,0
AIRFORCE1_mono_0005,1,1,1,1,0
AIRFORCE1_mono_0006,1,1,1,1,0
AIRFORCE1_mono_0007,2,2,2,2,0
AIRFORCE1_mono_0008,2,2,2,2,0
AIRFORCE1_mono_0009,3,3,3,3,0
AIRFORCE1_mono_0010,6,6,6,6,0
AIRFORCE1_mono_0011,6,6,6,6,0
AIRFORCE1_mono_0012,2,2,2,2,0
AIRFORCE1_mono_0013,3,3,3,3,0
AIRFORCE1_mono_0014,2,2,2,2,0
AIRFORCE1_mono_0015,7,7,7,7,0
AIRFORCE1_mono_0016,3,3,3,3,0
AIRFORCE1_mono_0017,2,2,2,2,0
AIRFORCE1_mono_0018,7,7,7,7,0
AIRFORCE1_mono_0019,4,4,4,4,0
AIRFORCE1_mono_0020,4,4,4,4,0
AIRFORCE1_mono_0021,1,1,1,1,0
AIRFORCE1_mono_0022,6,6,6,6,0
AIRFORCE1_mono_0023,6,6,6,6,0
AIRFORCE1_mono_0024,5,5,5,5,0
AIRFORCE1_mono_0025,1,1,1,1,0
AIRFORCE1_mono_0026,4,4,4,4,0
AIRFORCE1_mono_0027,4,4,4,4,0
AIRFORCE1_mono_0028,7,7,7,7,0
AIRFORCE1_mono_0029,5,5,5,5,0
AIRFORCE1_mono_0030,5,5,5,5,0
AIRFORCE1_mono_0031,3,3,3,3,0
AIRFORCE1_mono_0032,3,3,3,3,0
AIRFORCE1_mono_0033,3,3,3,3,0
AIRFORCE1_mono_0034,1,1,1,1,0
AIRFORCE1_mono_0035,1,1,1,1,0
AIRFORCE1_mono_0036,3,3,3,3,0
AIRFORCE1_mono_0037,2,2,2,2,0
AIRFORCE1_mono_0038,2,2,2,2,0
AIRFORCE1_mono_0039,6,6,6,6,0
AIRFORCE1_mono_0040,5,5,5,5,0
AIRFORCE1_mono_0041,5,5,5,5,0
AIRFORCE1_mono_0042,4,4,4,4,0
AIRFORCE1_mono_0043,2,2,2,2,0
AIRFORCE1_mono_0044,8,8,8,8,0
AIRFORCE1_mono_0045,3,3,3,3,0
AIRFORCE1_mono_0046,3,3,3,3,0
AIRFORCE1_mono_0047,6,6,6,6,0
AIRFORCE1_mono_0048,5,5,5,5,0
AIRFORCE1_mono_0049,1,1,1,1,0
AIRFORCE1_mono_0050,5,5,5,5,0
AIRFORCE1_mono_0051,4,4,4,4,0
AIRFORCE1_mono_0052,4,4,4,4,0
AIRFORCE1_mono_0053,2,2,2,2,0
AIRFORCE1_mono_0054,3,3,3,3,0
AIRFORCE1_mono_0055,3,3,3,3,0
AIRFORCE1_mono_0056,4,4,4,4,0
AIRFORCE1_mono_0057,5,5,5,5,0
AIRFORCE1_mono_0058,1,1,1,1,0
AIRFORCE1_mono_0059,5,5,5,5,0
AIRFORCE1_mono_0060,1,1,1,1,0
AIRFORCE1_mono_0061,3,3,3,3,0
AIRFORCE1_mono_0062,4,4,4,4,0
AIRFORCE1_mono_0063,5,5,5,5,0
AIRFORCE1_mono_0064,6,6,6,6,0
AIRFORCE1_mono_0065,2,2,2,2,0
AIRFORCE1_mono_0066,1,1,1,1,0
AIRFORCE1_mono_0067,7,7,7,7,0
AIRFORCE1_mono_0068,1,1,1,1,0
AIRFORCE1_mono_0069,3,3,3,3,0
AIRFORCE1_mono_0070,3,3,3,3,0
AIRFORCE1_mono_0071,6,6,6,6,0
AIRFORCE1_mono_0072,4,4,4,4,0
AIRFORCE1_mono_0073,3,3,3,3,0
AIRFORCE1_mono_0074,6,6,6,6,0
AIRFORCE1_mono_0075,3,3,3,3,0
AIRFORCE1_mono_0076,2,2,2,2,0
AIRFORCE1_mono_0077,1,1,1,1,0
AIRFORCE1_mono_0078,6,6,6,6,0
AIRFORCE1_mono_0079,2,2,2,2,0
AIRFORCE1_mono_0080,3,3,3,3,0
AIRFORCE1_mono_0081,5,5,5,5,0
AIRFORCE1_mono_0082,2,2,2,2,0
AIRFORCE1_mono_0083,2,2,2,2,0
AIRFORCE1_mono_0084,2,2,2,2,0
AIRFORCE1_mono_0085,1,1,1,1,0
AIRFORCE1_mono_0086,3,3,3,3,0
AIRFORCE1_mono_0087,4,4,4,4,0
AIRFORCE1_mono_0088,4,4,4,4,0
AIRFORCE1_mono_0089,4,4,4,4,0
AIRFORCE1_mono_0090,5,5,5,5,0
AIRFORCE1_mono_0091,1,1,1,1,0
AIRFORCE1_mono_0092,3,3,3,3,0
AIRFORCE1_mono_0093,4,4,4,4,0
AIRFORCE1_mono_0094,5,5,5,5,0
AIRFORCE1_mono_0095,6,6,6,6,0
AIRFORCE1_mono_0096,4,4,4,4,0
AIRFORCE1_mono_0097,3,3,3,3,0
AIRFORCE1_mono_0098,5,5,5,5,0
AIRFORCE1_mono_0099,4,4,4,4,0
AIRFORCE1_mono_0100,1,1,1,1,0
AIRFORCE1_mono_0101,5,5,5,5,0
AIRFORCE1_mono_0102,2,2,2,2,0
AIRFORCE1_mono_0103,3,3,3,3,0
AIRFORCE1_mono_0104,3,3,3,3,0
AIRFORCE1_mono_0105,2,2,2,2,0
AIRFORCE1_mono_0106,2,2,2,2,0
AIRFORCE1_mono_0107,6,6,6,6,0
AIRFORCE1_mono_0108,5,5,5,5,0
AIRFORCE1_mono_0109,2,2,2,2,0
AIRFORCE1_mono_0110,6,6,6,6,0
AIRFORCE1_mono_0111,4,4,4,4,0
AIRFORCE1_mono_0112,4,4,4,4,0
AIRFORCE1_mono_0113,2,2,2,2,0
AIRFORCE1_mono_0114,2,2,2,2,0
AIRFORCE1_mono_0115,3,3,3,3,0
AIRFORCE1_mono_0116,5,5,5,5,0
AIRFORCE1_mono_0117,3,3,3,3,0
AIRFORCE1_mono_0118,2,2,2,2,0
AIRFORCE1_mono_0119,1,1,1,1,0
AIRFORCE1_mono_0120,4,4,4,4,0
AIRFORCE1_mono_0121,3,3,3,3,0
AIRFORCE1_mono_0122,2,2,2,2,0
AIRFORCE1_mono_0123,5,5,5,5,0
AIRFORCE1_mono_0124,1,1,1,1,0
AIRFORCE1_mono_0125,4,4,4,4,0
AIRFORCE1_mono_0126,3,3,3,3,0
AIRFORCE1_mono_0127,2,2,2,2,0
AIRFORCE1_mono_0128,4,4,4,4,0
AIRFORCE1_mono_0129,4,4,4,4,0
AIRFORCE1_mono_0130,2,2,2,2,0
AIRFORCE1_mono_0131,1,1,1,1,0
AIRFORCE1_mono_0132,4,4,4,4,0
AIRFORCE1_mono_0133,2,2,2,2,0
AIRFORCE1_mono_0134,3,3,3,3,0
AIRFORCE1_mono_0135,4,4,4,4,0
AIRFORCE1_mono_0136,2,2,2,2,0
AIRFORCE1_mono_0137,1,1,1,1,0
AIRFORCE1_mono_0138,3,3,3,3,0
AIRFORCE1_mono_0139,6,6,6,6,0
AIRFORCE1_mono_0140,2,2,2,2,0
AIRFORCE1_mono_0141,1,1,1,1,0
AIRFORCE1_mono_0142,2,2,2,2,0
AIRFORCE1_mono_0143,7,7,7,7,0
AIRFORCE1_mono_0144,3,3,3,3,0
AIRFORCE1_mono_0145,7,7,7,7,0
AIRFORCE1_mono_0146,2,2,2,2,0
AIRFORCE1_mono_0147,2,2,2,2,0
AIRFORCE1_mono_0148,5,5,5,5,0
AIRFORCE1_mono_0149,3,3,3,3,0
AIRFORCE1_mono_0150,5,5,5,5,0
AIRFORCE1_mono_0151,2,2,2,2,0
AIRFORCE1_mono_0152,2,2,2,2,0
AIRFORCE1_mono_0153,2,2,2,2,0
AIRFORCE1_mono_0154,4,4,4,4,0
AIRFORCE1_mono_0155,4,4,4,4,0
AIRFORCE1_mono_0156,1,1,1,1,0
AIRFORCE1_mono_0157,1,1,1,1,0
AIRFORCE1_mono_0158,4,4,4,4,0
AIRFORCE1_mono_0159,3,3,3,3,0
AIRFORCE1_mono_0160,3,3,3,3,0
AIRFORCE1_mono_0161,3,3,3,3,0
AIRFORCE1_mono_0162,2,2,2,2,0
AIRFORCE1_mono_0163,2,2,2,2,0
AIRFORCE1_mono_0164,2,2,2,2,0
AIRFORCE1_mono_0165,3,3,3,3,0
AIRFORCE1_mono_0166,4,4,4,4,0
AIRFORCE1_mono_0167,3,3,3,3,0
AIRFORCE1_mono_0168,2,2,2,2,0
AIRFORCE1_mono_0169,5,5,5,5,0
AIRFORCE1_mono_0170,4,4,4,4,0
AIRFORCE1_mono_0171,5,5,5,5,0
AIRFORCE1_mono_0172,5,5,5,5,0
AIRFORCE1_mono_0173,4,4,4,4,0
AIRFORCE1_mono_0174,5,5,5,5,0
AIRFORCE1_mono_0175,3,3,3,3,0
AIRFORCE1_mono_0176,2,2,2,2,0
AIRFORCE1_mono_0177,2,2,2,2,0
AIRFORCE1_mono_0178,5,5,5,5,0
AIRFORCE1_mono_0179,6,6,6,6,0
AIRFORCE1_mono_0180,6,6,6,6,0
AIRFORCE1_mono_0181,4,4,4,4,0
AIRFORCE1_mono_0182,2,2,2,2,0
AIRFORCE1_mono_0183,2,2,2,2,0
AIRFORCE1_mono_0184,1,1,1,1,0
AIRFORCE1_mono_0185,3,3,3,3,0
AIRFORCE1_mono_0186,3,3,3,3,0
AIRFORCE1_mono_0187,8,8,8,8,0
AIRFORCE1_mono_0188,6,6,6,6,0
AIRFORCE1_mono_0189,6,6,6,6,0
AIRFORCE1_mono_0190,3,3,3,3,0
AIRFORCE1_mono_0191,7,7,7,7,0
AIRFORCE1_mono_0192,5,5,5,5,0
AIRFORCE1_mono_0193,7,7,7,7,0
AIRFORCE1_mono_0194,8,8,8,8,0
AIRFORCE1_mono_0195,3,3,3,3,0
AIRFORCE1_mono_0196,4,4,4,4,0
AIRFORCE1_mono_0197,2,2,2,2,0
AIRFORCE1_mono_0198,2,2,2,2,0
AIRFORCE1_mono_0199,3,3,3,3,0
AIRFORCE1_mono_0200,5,5,5,5,0
AIRFORCE1_mono_0201,2,2,2,2,0
AIRFORCE1_mono_0202,2,2,2,2,0
BOOB69420_mono_0001,1,1,1,1,0
BOOB69420_mono_0002,4,4,4,4,0
BOOB69420_mono_0003,5,5,5,5,0
BOOB69420_mono_0004,7,7,7,7,0
BOOB69420_mono_0005,6,6,6,6,0
BOOB69420_mono_0006,2,2,2,2,0
BOOB69420_mono_0007,2,2,2,2,0
BOOB69420_mono_0008,3,3,3,3,0
BOOB69420_mono_0009,5,5,5,5,0
BOOB69420_mono_0010,2,2,2,2,0
BOOB69420_mono_0011,3,3,3,3,0
BOOB69420_mono_0012,4,4,4,4,0
BOOB69420_mono_0013,1,1,1,1,0
BOOB69420_mono_0014,5,5,5,5,0
BOOB69420_mono_0015,3,3,3,3,0
BOOB69420_mono_0016,3,3,3,3,0
BOOB69420_mono_0017,4,4,4,4,0
BOOB69420_mono_0018,3,3,3,3,0
BOOB69420_mono_0019,5,5,5,5,0
BOOB69420_mono_0020,1,1,1,1,0
BOOB69420_mono_0021,3,3,3,3,0
BOOB69420_mono_0022,1,1,1,1,0
BOOB69420_mono_0023,1,1,1,1,0
BOOB69420_mono_0024,2,2,2,2,0
BOOB69420_mono_0025,5,5,5,5,0
BOOB69420_mono_0026,2,2,2,2,0
BOOB69420_mono_0027,1,1,1,1,0
BOOB69420_mono_0028,3,3,3,3,0
BOOB69420_mono_0029,5,5,5,5,0
BOOB69420_mono_0030,1,1,1,1,0
BOOB69420_mono_0031,1,1,1,1,0
BOOB69420_mono_0032,1,1,1,1,0
BOOB69420_mono_0033,2,2,2,2,0
BOOB69420_mono_0034,8,8,8,8,0
BOOB69420_mono_0035,6,6,6,6,0
BOOB69420_mono_0036,6,6,6,6,0
BOOB69420_mono_0037,4,4,4,4,0
BOOB69420_mono_0038,2,2,2,2,0
BOOB69420_mono_0039,6,6,6,6,0
BOOB69420_mono_0040,3,3,3,3,0
BOOB69420_mono_0041,3,3,3,3,0
BOOB69420_mono_0042,6,6,6,6,0
BOOB69420_mono_0043,4,4,4,4,0
BOOB69420_mono_0044,4,4,4,4,0
BOOB69420_mono_0045,4,4,4,4,0
BOOB69420_mono_0046,5,5,5,5,0
BOOB69420_mono_0047,5,5,5,5,0
BOOB69420_mono_0048,4,4,4,4,0
BOOB69420_mono_0049,3,3,3,3,0
BOOB69420_mono_0050,5,5,5,5,0
BOOB69420_mono_0051,5,5,5,5,0
BOOB69420_mono_0052,4,4,4,4,0
BOOB69420_mono_0053,3,3,3,3,0
BOOB69420_mono_0054,2,2,2,2,0
BOOB69420_mono_0055,3,3,3,3,0
BOOB69420_mono_0056,4,4,4,4,0
BOOB69420_mono_0057,6,6,6,6,0
BOOB69420_mono_0058,2,2,2,2,0
BOOB69420_mono_0059,4,4,4,4,0
BOOB69420_mono_0060,5,5,5,5,0
BOOB69420_mono_0061,5,5,5,5,0
BOOB69420_mono_0062,2,2,2,2,0
BOOB69420_mono_0063,2,2,2,2,0
BOOB69420_mono_0064,2,2,2,2,0
BOOB69420_mono_0065,1,1,1,1,0
BOOB69420_mono_0066,2,2,2,2,0
BOOB69420_mono_0067,4,4,4,4,0
BOOB69420_mono_0068,5,5,5,5,0
BOOB69420_mono_0069,3,3,3,3,0
BOOB69420_mono_0070,7,7,7,7,0
BOOB69420_mono_0071,2,2,2,2,0
BOOB69420_mono_0072,5,5,5,5,0
BOOB69420_mono_0073,4,4,4,4,0
BOOB69420_mono_0074,8,8,8,8,0
BOOB69420_mono_0075,2,2,2,2,0
BOOB69420_mono_0076,6,6,6,6,0
BOOB69420_mono_0077,5,5,5,5,0
BOOB69420_mono_0078,3,3,3,3,0
BOOB69420_mono_0079,2,2,2,2,0
BOOB69420_mono_0080,2,2,2,2,0
BOOB69420_mono_0081,2,2,2,2,0
BOOB69420_mono_0082,5,5,5,5,0
BOOB69420_mono_0083,3,3,3,3,0
BOOB69420_mono_0084,2,2,2,2,0
BOOB69420_mono_0085,3,3,3,3,0
BOOB69420_mono_0086,2,2,2,2,0
BOOB69420_mono_0087,5,5,5,5,0
BOOB69420_mono_0088,3,3,3,3,0
BOOB69420_mono_0089,3,3,3,3,0
BOOB69420_mono_0090,4,4,4,4,0
BOOB69420_mono_0091,5,5,5,5,0
BOOB69420_mono_0092,6,6,6,6,0
BOOB69420_mono_0093,3,3,3,3,0
BOOB69420_mono_0094,1,1,1,1,0
BOOB69420_mono_0095,5,5,5,5,0
BOOB69420_mono_0096,4,4,4,4,0
BOOB69420_mono_0097,4,4,4,4,0
BOOB69420_mono_0098,1,1,1,1,0
BOOB69420_mono_0099,5,5,5,5,0
BOOB69420_mono_0100,4,4,4,4,0
BOOB69420_mono_0101,5,5,5,5,0
BOOB69420_mono_0102,6,6,6,6,0
BOOB69420_mono_0103,7,7,7,7,0
BOOB69420_mono_0104,5,5,5,5,0
BOOB69420_mono_0105,3,3,3,3,0
BOOB69420_mono_0106,3,3,3,3,0
BOOB69420_mono_0107,3,3,3,3,0
BOOB69420_mono_0108,4,4,4,4,0
BOOB69420_mono_0109,2,2,2,2,0
BOOB69420_mono_0110,4,4,4,4,0
BOOB69420_mono_0111,2,2,2,2,0
BOOB69420_mono_0112,5,5,5,5,0
BOOB69420_mono_0113,4,4,4,4,0
BOOB69420_mono_0114,1,1,1,1,0
BOOB69420_mono_0115,1,1,1,1,0
BOOB69420_mono_0116,4,4,4,4,0
BOOB69420_mono_0117,4,4,4,4,0
BOOB69420_mono_0118,5,5,5,5,0
BOOB69420_mono_0119,4,4,4,4,0
BOOB69420_mono_0120,5,5,5,5,0
BOOB69420_mono_0121,5,5,5,5,0
BOOB69420_mono_0122,5,5,5,5,0
BOOB69420_mono_0123,2,2,2,2,0
BOOB69420_mono_0124,3,3,3,3,0
BOOB69420_mono_0125,2,2,2,2,0
BOOB69420_mono_0126,2,2,2,2,0
BOOB69420_mono_0127,6,6,6,6,0
BOOB69420_mono_0128,4,4,4,4,0
BOOB69420_mono_0129,5,5,5,5,0
BOOB69420_mono_0130,4,4,4,4,0
BOOB69420_mono_0131,3,3,3,3,0
BOOB69420_mono_0132,2,2,2,2,0
BOOB69420_mono_0133,5,5,5,5,0
BOOB69420_mono_0134,5,5,5,5,0
BOOB69420_mono_0135,5,5,5,5,0
BOOB69420_mono_0136,5,5,5,5,0
BOOB69420_mono_0137,5,5,5,5,0
BOOB69420_mono_0138,7,7,7,7,0
BOOB69420_mono_0139,3,3,3,3,0
BOOB69420_mono_0140,7,7,7,7,0
BOOB69420_mono_0141,4,4,4,4,0
BOOB69420_mono_0142,1,1,1,1,0
BOOB69420_mono_0143,3,3,3,3,0
BOOB69420_mono_0144,7,7,7,7,0
BOOB69420_mono_0145,3,3,3,3,0
BOOB69420_mono_0146,3,3,3,3,0
BOOB69420_mono_0147,2,2,2,2,0
BOOB69420_mono_0148,3,3,3,3,0
BOOB69420_mono_0149,3,3,3,3,0
BOOB69420_mono_0150,2,2,2,2,0
BOOB69420_mono_0151,1,1,1,1,0
BOOB69420_mono_0152,5,5,5,5,0
BOOB69420_mono_0153,4,4,4,4,0
BOOB69420_mono_0154,2,2,2,2,0
BOOB69420_mono_0155,3,3,3,3,0
BOOB69420_mono_0156,4,4,4,4,0
BOOB69420_mono_0157,5,5,5,5,0
BOOB69420_mono_0158,4,4,4,4,0
BOOB69420_mono_0159,2,2,2,2,0
BOOB69420_mono_0160,1,1,1,1,0
BOOB69420_mono_0161,2,2,2,2,0
BOOB69420_mono_0162,3,3,3,3,0
BOOB69420_mono_0163,5,5,5,5,0
BOOB69420_mono_0164,4,4,4,4,0
BOOB69420_mono_0165,4,4,4,4,0
BOOB69420_mono_0166,5,5,5,5,0
BOOB69420_mono_0167,7,7,7,7,0
BOOB69420_mono_0168,4,4,4,4,0
BOOB69420_mono_0169,1,1,1,1,0
BOOB69420_mono_0170,1,1,1,1,0
BOOB69420_mono_0171,4,4,4,4,0
BOOB69420_mono_0172,5,5,5,5,0
BOOB69420_mono_0173,5,5,5,5,0
BOOB69420_mono_0174,4,4,4,4,0
BOOB69420_mono_0175,5,5,5,5,0
BOOB69420_mono_0176,5,5,5,5,0
BOOB69420_mono_0177,2,2,2,2,0
BOOB69420_mono_0178,4,4,4,4,0
BOOB69420_mono_0179,8,8,8,8,0
BOOB69420_mono_0180,2,2,2,2,0
BOOB69420_mono_0181,1,1,1,1,0
BOOB69420_mono_0182,2,2,2,2,0
BOOB69420_mono_0183,4,4,4,4,0
BOOB69420_mono_0184,4,4,4,4,0
BOOB69420_mono_0185,8,8,8,8,0
BOOB69420_mono_0186,2,2,2,2,0
BOOB69420_mono_0187,5,5,5,5,0
BOOB69420_mono_0188,1,1,1,1,0
BOOB69420_mono_0189,3,3,3,3,0
BOOB69420_mono_0190,4,4,4,4,0
BOOB69420_mono_0191,7,7,7,7,0
BOOB69420_mono_0192,2,2,2,2,0
BOOB69420_mono_0193,3,3,3,3,0
BRG912QD5_mono_0001,1,1,1,1,0
BRG912QD5_mono_0002,7,7,7,7,0
BRG912QD5_mono_0003,8,8,8,8,0
BRG912QD5_mono_0004,2,2,2,2,0
BRG912QD5_mono_0005,2,2,2,2,0
BRG912QD5_mono_0006,1,1,1,1,0
BRG912QD5_mono_0007,2,2,2,2,0
BRG912QD5_mono_0008,7,7,7,7,0
BRG912QD5_mono_0009,1,1,1,1,0
BRG912QD5_mono_0010,6,6,6,6,0
BRG912QD5_mono_0011,5,5,5,5,0
BRG912QD5_mono_0012,1,1,1,1,0
BRG912QD5_mono_0013,3,3,3,3,0
BRG912QD5_mono_0014,6,6,6,6,0
BRG912QD5_mono_0015,8,8,8,8,0
BRG912QD5_mono_0016,8,8,8,8,0
BRG912QD5_mono_0017,2,2,2,2,0
BRG912QD5_mono_0018,4,4,4,4,0
BRG912QD5_mono_0019,6,6,6,6,0
BRG912QD5_mono_0020,8,8,8,8,0
BRG912QD5_mono_0021,5,5,5,5,0
BRG912QD5_mono_0022,6,6,6,6,0
BRG912QD5_mono_0023,7,7,7,7,0
BRG912QD5_mono_0024,7,7,7,7,0
BRG912QD5_mono_0025,2,2,2,2,0
BRG912QD5_mono_0026,6,6,6,6,0
BRG912QD5_mono_0027,5,5,5,5,0
BRG912QD5_mono_0028,2,2,2,2,0
BRG912QD5_mono_0029,3,3,3,3,0
BRG912QD5_mono_0030,6,6,6,6,0
BRG912QD5_mono_0031,2,2,2,2,0
BRG912QD5_mono_0032,1,1,1,1,0
BRG912QD5_mono_0033,2,2,2,2,0
BRG912QD5_mono_0034,1,1,1,1,0
BRG912QD5_mono_0035,5,5,5,5,0
BRG912QD5_mono_0036,1,1,1,1,0
BRG912QD5_mono_0037,3,3,3,3,0
BRG912QD5_mono_0038,5,5,5,5,0
BRG912QD5_mono_0039,5,5,5,5,0
BRG912QD5_mono_0040,4,4,4,4,0
BRG912QD5_mono_0041,2,2,2,2,0
BRG912QD5_mono_0042,4,4,4,4,0
BRG912QD5_mono_0043,5,5,5,5,0
BRG912QD5_mono_0044,3,3,3,3,0
BRG912QD5_mono_0045,3,3,3,3,0
BRG912QD5_mono_0046,4,4,4,4,0
BRG912QD5_mono_0047,2,2,2,2,0
BRG912QD5_mono_0048,3,3,3,3,0
BRG912QD5_mono_0049,3,3,3,3,0
BRG912QD5_mono_0050,7,7,7,7,0
BRG912QD5_mono_0051,6,6,6,6,0
BRG912QD5_mono_0052,6,6,6,6,0
BRG912QD5_mono_0053,3,3,3,3,0
BRG912QD5_mono_0054,4,4,4,4,0
BRG912QD5_mono_0055,6,6,6,6,0
BRG912QD5_mono_0056,8,8,8,8,0
BRG912QD5_mono_0057,6,6,6,6,0
BRG912QD5_mono_0058,3,3,3,3,0
BRG912QD5_mono_0059,5,5,5,5,0
BRG912QD5_mono_0060,5,5,5,5,0
BRG912QD5_mono_0061,5,5,5,5,0
BRG912QD5_mono_0062,3,3,3,3,0
BRG912QD5_mono_0063,2,2,2,2,0
BRG912QD5_mono_0064,6,6,6,6,0
BRG912QD5_mono_0065,6,6,6,6,0
BRG912QD5_mono_0066,3,3,3,3,0
BRG912QD5_mono_0067,7,7,7,7,0
BRG912QD5_mono_0068,2,2,2,2,0
BRG912QD5_mono_0069,2,2,2,2,0
BRG912QD5_mono_0070,4,4,4,4,0
BRG912QD5_mono_0071,3,3,3,3,0
BRG912QD5_mono_0072,2,2,2,2,0
BRG912QD5_mono_0073,8,8,8,8,0
BRG912QD5_mono_0074,8,8,8,8,0
BRG912QD5_mono_0075,8,8,8,8,0
BRG912QD5_mono_0076,4,4,4,4,0
BRG912QD5_mono_0077,3,3,3,3,0
BRG912QD5_mono_0078,3,3,3,3,0
BRG912QD5_mono_0079,2,2,2,2,0
BRG912QD5_mono_0080,2,2,2,2,0
BRG912QD5_mono_0081,5,5,5,5,0
BRG912QD5_mono_0082,5,5,5,5,0
BRG912QD5_mono_0083,8,8,8,8,0
BRG912QD5_mono_0084,7,7,7,7,0
BRG912QD5_mono_0085,3,3,3,3,0
BRG912QD5_mono_0086,1,1,1,1,0
BRG912QD5_mono_0087,5,5,5,5,0
BRG912QD5_mono_0088,3,3,3,3,0
BRG912QD5_mono_0089,2,2,2,2,0
BRG912QD5_mono_0090,5,5,5,5,0
BRG912QD5_mono_0091,3,3,3,3,0
BRG912QD5_mono_0092,8,8,8,8,0
BRG912QD5_mono_0093,2,2,2,2,0
BRG912QD5_mono_0094,5,5,5,5,0
BRG912QD5_mono_0095,5,5,5,5,0
BRG912QD5_mono_0096,1,1,1,1,0
BRG912QD5_mono_0097,3,3,3,3,0
BRG912QD5_mono_0098,3,3,3,3,0
BRG912QD5_mono_0099,1,1,1,1,0
BRG912QD5_mono_0100,4,4,4,4,0
BRG912QD5_mono_0101,6,6,6,6,0
BRG912QD5_mono_0102,5,5,5,5,0
BRG912QD5_mono_0103,4,4,4,4,0
BRG912QD5_mono_0104,2,2,2,2,0
BRG912QD5_mono_0105,6,6,6,6,0
BRG912QD5_mono_0106,7,7,7,7,0
BRG912QD5_mono_0107,6,6,6,6,0
BRG912QD5_mono_0108,4,4,4,4,0
BRG912QD5_mono_0109,6,6,6,6,0
BRG912QD5_mono_0110,8,8,8,8,0
BRG912QD5_mono_0111,2,2,2,2,0
BRG912QD5_mono_0112,5,5,5,5,0
BRG912QD5_mono_0113,8,8,8,8,0
BRG912QD5_mono_0114,1,1,1,1,0
BRG912QD5_mono_0115,8,8,8,8,0
BRG912QD5_mono_0116,4,4,4,4,0
BRG912QD5_mono_0117,3,3,3,3,0
BRG912QD5_mono_0118,4,4,4,4,0
BRG912QD5_mono_0119,8,8,8,8,0
BRG912QD5_mono_0120,6,6,6,6,0
BRG912QD5_mono_0121,6,6,6,6,0
BRG912QD5_mono_0122,7,7,7,7,0
BRG912QD5_mono_0123,5,5,5,5,0
BRG912QD5_mono_0124,5,5,5,5,0
BRG912QD5_mono_0125,8,8,8,8,0
BRG912QD5_mono_0126,3,3,3,3,0
BRG912QD5_mono_0127,4,4,4,4,0
BRG912QD5_mono_0128,3,3,3,3,0
BRG912QD5_mono_0129,5,5,5,5,0
BRG912QD5_mono_0130,7,7,7,7,0
BRG912QD5_mono_0131,3,3,3,3,0
BRG912QD5_mono_0132,4,4,4,4,0
BRG912QD5_mono_0133,4,4,4,4,0
BRG912QD5_mono_0134,4,4,4,4,0
BRG912QD5_mono_0135,1,1,1,1,0
BRG912QD5_mono_0136,1,1,1,1,0
BRG912QD5_mono_0137,4,4,4,4,0
BRG912QD5_mono_0138,3,3,3,3,0
BRG912QD5_mono_0139,3,3,3,3,0
BRG912QD5_mono_0140,4,4,4,4,0
BRG912QD5_mono_0141,6,6,6,6,0
BRG912QD5_mono_0142,3,3,3,3,0
BRG912QD5_mono_0143,3,3,3,3,0
BRG912QD5_mono_0144,8,8,8,8,0
BRG912QD5_mono_0145,3,3,3,3,0
BRG912QD5_mono_0146,6,6,6,6,0
BRG912QD5_mono_0147,2,2,2,2,0
BRG912QD5_mono_0148,4,4,4,4,0
BRG912QD5_mono_0149,7,7,7,7,0
BRG912QD5_mono_0150,2,2,2,2,0
BRG912QD5_mono_0151,2,2,2,2,0
BRG912QD5_mono_0152,1,1,1,1,0
BRG912QD5_mono_0153,7,7,7,7,0
BRG912QD5_mono_0154,2,2,2,2,0
BRG912QD5_mono_0155,1,1,1,1,0
BRG912QD5_mono_0156,1,1,1,1,0
BRG912QD5_mono_0157,3,3,3,3,0
BRG912QD5_mono_0158,8,8,8,8,0
BRG912QD5_mono_0159,1,1,1,1,0
BRG912QD5_mono_0160,1,1,1,1,0
BRG912QD5_mono_0161,7,7,7,7,0
BRG912QD5_mono_0162,1,1,1,1,0
BRG912QD5_mono_0163,4,4,4,4,0
BRG912QD5_mono_0164,6,6,6,6,0
BRG912QD5_mono_0165,5,5,5,5,0
BRG912QD5_mono_0166,7,7,7,7,0
BRG912QD5_mono_0167,4,4,4,4,0
BRG912QD5_mono_0168,4,4,4,4,0
BRG912QD5_mono_0169,3,3,3,3,0
BRG912QD5_mono_0170,7,7,7,7,0
BRG912QD5_mono_0171,8,8,8,8,0
BRG912QD5_mono_0172,1,1,1,1,0
BRG912QD5_mono_0173,8,8,8,8,0
BRG912QD5_mono_0174,5,5,5,5,0
BRG912QD5_mono_0175,5,5,5,5,0
BRG912QD5_mono_0176,2,2,2,2,0
BRG912QD5_mono_0177,6,6,6,6,0
BRG912QD5_mono_0178,5,5,5,5,0
BRG912QD5_mono_0179,3,3,3,3,0
BRG912QD5_mono_0180,7,7,7,7,0
BRG912QD5_mono_0181,6,6,6,6,0
BRG912QD5_mono_0182,7,7,7,7,0
BRG912QD5_mono_0183,3,3,3,3,0
BRG912QD5_mono_0184,3,3,3,3,0
BRG912QD5_mono_0185,5,5,5,5,0
BRG912QD5_mono_0186,3,3,3,3,0
BRG912QD5_mono_0187,8,8,8,8,0
BRG912QD5_mono_0188,8,8,8,8,0
BRG912QD5_mono_0189,4,4,4,4,0
BRG912QD5_mono_0190,5,5,5,5,0
BRG912QD5_mono_0191,6,6,6,6,0
BRG912QD5_mono_0192,7,7,7,7,0
BRG912QD5_mono_0193,8,8,8,8,0
BRG912QD5_mono_0194,7,7,7,7,0
BRG912QD5_mono_0195,2,2,2,2,0
BRG912QD5_mono_0196,2,2,2,2,0
BRG912QD5_mono_0197,2,2,2,2,0
CAMPUSRD1_mono_0001,1,1,1,1,0
CAMPUSRD1_mono_0002,1,1,1,1,0
CAMPUSRD1_mono_0003,2,2,2,2,0
CAMPUSRD1_mono_0004,2,2,2,2,0
CAMPUSRD1_mono_0005,2,2,2,2,0
CAMPUSRD1_mono_0006,2,2,2,2,0
CAMPUSRD1_mono_0007,3,3,3,3,0
CAMPUSRD1_mono_0008,8,8,8,8,0
CAMPUSRD1_mono_0009,4,4,4,4,0
CAMPUSRD1_mono_0010,8,8,8,8,0
CAMPUSRD1_mono_0011,4,4,4,4,0
CAMPUSRD1_mono_0012,3,3,3,3,0
CAMPUSRD1_mono_0013,4,4,4,4,0
CAMPUSRD1_mono_0014,3,3,3,3,0
CAMPUSRD1_mono_0015,6,6,6,6,0
CAMPUSRD1_mono_0016,3,3,3,3,0
CAMPUSRD1_mono_0017,4,4,4,4,0
CAMPUSRD1_mono_0018,1,1,1,1,0
CAMPUSRD1_mono_0019,2,2,2,2,0
CAMPUSRD1_mono_0020,4,4,4,4,0
CAMPUSRD1_mono_0021,2,2,2,2,0
CAMPUSRD1_mono_0022,4,4,4,4,0
CAMPUSRD1_mono_0023,3,3,3,3,0
CAMPUSRD1_mono_0024,3,3,3,3,0
CAMPUSRD1_mono_0025,3,3,3,3,0
CAMPUSRD1_mono_0026,4,4,4,4,0
CAMPUSRD1_mono_0027,2,2,2,2,0
CAMPUSRD1_mono_0028,1,1,1,1,0
CAMPUSRD1_mono_0029,2,2,2,2,0
CAMPUSRD1_mono_0030,3,3,3,3,0
CAMPUSRD1_mono_0031,8,8,8,8,0
CAMPUSRD1_mono_0032,1,1,1,1,0
CAMPUSRD1_mono_0033,2,2,2,2,0
CAMPUSRD1_mono_0034,4,4,4,4,0
CAMPUSRD1_mono_0035,3,3,3,3,0
CAMPUSRD1_mono_0036,3,3,3,3,0
CAMPUSRD1_mono_0037,3,3,3,3,0
CAMPUSRD1_mono_0038,7,7,7,7,0
CAMPUSRD1_mono_0039,2,2,2,2,0
CAMPUSRD1_mono_0040,2,2,2,2,0
CAMPUSRD1_mono_0041,5,5,5,5,0
CAMPUSRD1_mono_0042,3,3,3,3,0
CAMPUSRD1_mono_0043,5,5,5,5,0
CAMPUSRD1_mono_0044,2,2,2,2,0
CAMPUSRD1_mono_0045,3,3,3,3,0
CAMPUSRD1_mono_0046,3,3,3,3,0
CAMPUSRD1_mono_0047,1,1,1,1,0
CAMPUSRD1_mono_0048,3,3,3,3,0
CAMPUSRD1_mono_0049,1,1,1,1,0
CAMPUSRD1_mono_0050,6,6,6,6,0
CAMPUSRD1_mono_0051,4,4,4,4,0
CAMPUSRD1_mono_0052,3,3,3,3,0
CAMPUSRD1_mono_0053,3,3,3,3,0
CAMPUSRD1_mono_0054,8,8,8,8,0
CAMPUSRD1_mono_0055,5,5,5,5,0
CAMPUSRD1_mono_0056,8,8,8,8,0
CAMPUSRD1_mono_0057,2,2,2,2,0
CAMPUSRD1_mono_0058,8,8,8,8,0
CAMPUSRD1_mono_0059,4,4,4,4,0
CAMPUSRD1_mono_0060,7,7,7,7,0
CAMPUSRD1_mono_0061,2,2,2,2,0
CAMPUSRD1_mono_0062,1,1,1,1,0
CAMPUSRD1_mono_0063,2,2,2,2,0
CAMPUSRD1_mono_0064,3,3,3,3,0
CAMPUSRD1_mono_0065,3,3,3,3,0
CAMPUSRD1_mono_0066,6,6,6,6,0
CAMPUSRD1_mono_0067,3,3,3,3,0
CAMPUSRD1_mono_0068,6,6,6,6,0
CAMPUSRD1_mono_0069,1,1,1,1,0
CAMPUSRD1_mono_0070,4,4,4,4,0
CAMPUSRD1_mono_0071,2,2,2,2,0
CAMPUSRD1_mono_0072,3,3,3,3,0
CAMPUSRD1_mono_0073,7,7,7,7,0
CAMPUSRD1_mono_0074,3,3,3,3,0
CAMPUSRD1_mono_0075,2,2,2,2,0
CAMPUSRD1_mono_0076,4,4,4,4,0
CAMPUSRD1_mono_0077,2,2,2,2,0
CAMPUSRD1_mono_0078,1,1,1,1,0
CAMPUSRD1_mono_0079,3,3,3,3,0
CAMPUSRD1_mono_0080,1,1,1,1,0
CAMPUSRD1_mono_0081,4,4,4,4,0
CAMPUSRD1_mono_0082,4,4,4,4,0
CAMPUSRD1_mono_0083,7,7,7,7,0
CAMPUSRD1_mono_0084,3,3,3,3,0
CAMPUSRD1_mono_0085,3,3,3,3,0
CAMPUSRD1_mono_0086,5,5,5,5,0
CAMPUSRD1_mono_0087,4,4,4,4,0
CAMPUSRD1_mono_0088,3,3,3,3,0
CAMPUSRD1_mono_0089,4,4,4,4,0
CAMPUSRD1_mono_0090,4,4,4,4,0
CAMPUSRD1_mono_0091,3,3,3,3,0
CAMPUSRD1_mono_0092,2,2,2,2,0
CAMPUSRD1_mono_0093,1,1,1,1,0
CAMPUSRD1_mono_0094,3,3,3,3,0
CAMPUSRD1_mono_0095,4,4,4,4,0
CAMPUSRD1_mono_0096,7,7,7,7,0
CAMPUSRD1_mono_0097,2,2,2,2,0
CAMPUSRD1_mono_0098,7,7,7,7,0
CAMPUSRD1_mono_0099,2,2,2,2,0
CAMPUSRD1_mono_0100,8,8,8,8,0
CAMPUSRD1_mono_0101,5,5,5,5,0
CAMPUSRD1_mono_0102,2,2,2,2,0
CAMPUSRD1_mono_0103,4,4,4,4,0
CAMPUSRD1_mono_0104,2,2,2,2,0
CAMPUSRD1_mono_0105,2,2,2,2,0
CAMPUSRD1_mono_0106,3,3,3,3,0
CAMPUSRD1_mono_0107,3,3,3,3,0
CAMPUSRD1_mono_0108,2,2,2,2,0
CAMPUSRD1_mono_0109,3,3,3,3,0
CAMPUSRD1_mono_0110,3,3,3,3,0
CAMPUSRD1_mono_0111,4,4,4,4,0
CAMPUSRD1_mono_0112,4,4,4,4,0
CAMPUSRD1_mono_0113,2,2,2,2,0
CAMPUSRD1_mono_0114,3,3,3,3,0
CAMPUSRD1_mono_0115,2,2,2,2,0
CAMPUSRD1_mono_0116,3,3,3,3,0
CAMPUSRD1_mono_0117,3,3,3,3,0
CAMPUSRD1_mono_0118,3,3,3,3,0
CAMPUSRD1_mono_0119,3,3,3,3,0
CAMPUSRD1_mono_0120,3,3,3,3,0
CAMPUSRD1_mono_0121,4,4,4,4,0
CAMPUSRD1_mono_0122,2,2,2,2,0
CAMPUSRD1_mono_0123,6,6,6,6,0
CAMPUSRD1_mono_0124,3,3,3,3,0
CAMPUSRD1_mono_0125,4,4,4,4,0
CAMPUSRD1_mono_0126,4,4,4,4,0
CAMPUSRD1_mono_0127,4,4,4,4,0
CAMPUSRD1_mono_0128,4,4,4,4,0
CAMPUSRD1_mono_0129,2,2,2,2,0
CAMPUSRD1_mono_0130,4,4,4,4,0
CAMPUSRD1_mono_0131,3,3,3,3,0
CAMPUSRD1_mono_0132,4,4,4,4,0
CAMPUSRD1_mono_0133,3,3,3,3,0
CAMPUSRD1_mono_0134,4,4,4,4,0
CAMPUSRD1_mono_0135,3,3,3,3,0
CAMPUSRD1_mono_0136,3,3,3,3,0
CAMPUSRD1_mono_0137,3,3,3,3,0
CAMPUSRD1_mono_0138,2,2,2,2,0
CAMPUSRD1_mono_0139,4,4,4,4,0
CAMPUSRD1_mono_0140,2,2,2,2,0
CAMPUSRD1_mono_0141,8,8,8,8,0
CAMPUSRD1_mono_0142,4,4,4,4,0
CAMPUSRD1_mono_0143,3,3,3,3,0
CAMPUSRD1_mono_0144,3,3,3,3,0
CAMPUSRD1_mono_0145,4,4,4,4,0
CAMPUSRD1_mono_0146,2,2,2,2,0
CAMPUSRD1_mono_0147,2,2,2,2,0
CAMPUSRD1_mono_0148,1,1,1,1,0
CAMPUSRD1_mono_0149,6,6,6,6,0
CAMPUSRD1_mono_0150,1,1,1,1,0
CAMPUSRD1_mono_0151,3,3,3,3,0
CAMPUSRD1_mono_0152,3,3,3,3,0
CAMPUSRD1_mono_0153,2,2,2,2,0
CAMPUSRD1_mono_0154,6,6,6,6,0
CAMPUSRD1_mono_0155,3,3,3,3,0
CAMPUSRD1_mono_0156,5,5,5,5,0
CAMPUSRD1_mono_0157,8,8,8,8,0
CAMPUSRD1_mono_0158,2,2,2,2,0
CAMPUSRD1_mono_0159,2,2,2,2,0
CAMPUSRD1_mono_0160,2,2,2,2,0
CAMPUSRD1_mono_0161,4,4,4,4,0
CAMPUSRD1_mono_0162,4,4,4,4,0
CAMPUSRD1_mono_0163,3,3,3,3,0
CAMPUSRD1_mono_0164,3,3,3,3,0
CAMPUSRD1_mono_0165,3,3,3,3,0
CAMPUSRD1_mono_0166,4,4,4,4,0
CAMPUSRD1_mono_0167,3,3,3,3,0
CAMPUSRD1_mono_0168,2,2,2,2,0
CAMPUSRD1_mono_0169,8,8,8,8,0
CAMPUSRD1_mono_0170,4,4,4,4,0
CAMPUSRD1_mono_0171,2,2,2,2,0
CAMPUSRD1_mono_0172,4,4,4,4,0
CAMPUSRD1_mono_0173,5,5,5,5,0
CAMPUSRD1_mono_0174,5,5,5,5,0
CAMPUSRD1_mono_0175,8,8,8,8,0
CAMPUSRD1_mono_0176,4,4,4,4,0
CAMPUSRD1_mono_0177,3,3,3,3,0
CAMPUSRD1_mono_0178,1,1,1,1,0
CAMPUSRD1_mono_0179,6,6,6,6,0
CAMPUSRD1_mono_0180,2,2,2,2,0
CAMPUSRD1_mono_0181,8,8,8,8,0
CAMPUSRD1_mono_0182,4,4,4,4,0
CAMPUSRD1_mono_0183,7,7,7,7,0
CAMPUSRD1_mono_0184,2,2,2,2,0
CAMPUSRD1_mono_0185,8,8,8,8,0
CAMPUSRD1_mono_0186,3,3,3,3,0
CAMPUSRD1_mono_0187,4,4,4,4,0
DHAY38F2P_mono_0001,3,3,3,3,0
DHAY38F2P_mono_0002,2,2,2,2,0
DHAY38F2P_mono_0003,1,1,1,1,0
DHAY38F2P_mono_0004,3,3,3,3,0
DHAY38F2P_mono_0005,1,1,1,1,0
DHAY38F2P_mono_0006,3,3,3,3,0
DHAY38F2P_mono_0007,4,4,4,4,0
DHAY38F2P_mono_0008,5,5,5,5,0
DHAY38F2P_mono_0009,2,2,2,2,0
DHAY38F2P_mono_0010,1,1,1,1,0
DHAY38F2P_mono_0011,4,4,4,4,0
DHAY38F2P_mono_0012,2,2,2,2,0
DHAY38F2P_mono_0013,5,5,5,5,0
DHAY38F2P_mono_0014,4,4,4,4,0
DHAY38F2P_mono_0015,3,3,3,3,0
DHAY38F2P_mono_0016,1,1,1,1,0
DHAY38F2P_mono_0017,1,1,1,1,0
DHAY38F2P_mono_0018,1,1,1,1,0
DHAY38F2P_mono_0019,1,1,1,1,0
DHAY38F2P_mono_0020,1,1,1,1,0
DHAY38F2P_mono_0021,1,1,1,1,0
DHAY38F2P_mono_0022,4,4,4,4,0
DHAY38F2P_mono_0023,4,4,4,4,0
DHAY38F2P_mono_0024,3,3,3,3,0
DHAY38F2P_mono_0025,2,2,2,2,0
DHAY38F2P_mono_0026,2,2,2,2,0
DHAY38F2P_mono_0027,5,5,5,5,0
DHAY38F2P_mono_0028,2,2,2,2,0
DHAY38F2P_mono_0029,1,1,1,1,0
DHAY38F2P_mono_0030,1,1,1,1,0
DHAY38F2P_mono_0031,3,3,3,3,0
DHAY38F2P_mono_0032,2,2,2,2,0
DHAY38F2P_mono_0033,1,1,1,1,0
DHAY38F2P_mono_0034,2,2,2,2,0
DHAY38F2P_mono_0035,8,8,8,8,0
DHAY38F2P_mono_0036,6,6,6,6,0
DHAY38F2P_mono_0037,1,1,1,1,0
DHAY38F2P_mono_0038,2,2,2,2,0
DHAY38F2P_mono_0039,8,8,8,8,0
DHAY38F2P_mono_0040,2,2,2,2,0
DHAY38F2P_mono_0041,4,4,4,4,0
DHAY38F2P_mono_0042,2,2,2,2,0
DHAY38F2P_mono_0043,5,5,5,5,0
DHAY38F2P_mono_0044,8,8,8,8,0
DHAY38F2P_mono_0045,2,2,2,2,0
DHAY38F2P_mono_0046,1,1,1,1,0
DHAY38F2P_mono_0047,2,2,2,2,0
DHAY38F2P_mono_0048,3,3,3,3,0
DHAY38F2P_mono_0049,4,4,4,4,0
DHAY38F2P_mono_0050,2,2,2,2,0
DHAY38F2P_mono_0051,1,1,1,1,0
DHAY38F2P_mono_0052,2,2,2,2,0
DHAY38F2P_mono_0053,3,3,3,3,0
DHAY38F2P_mono_0054,1,1,1,1,0
DHAY38F2P_mono_0055,8,8,8,8,0
DHAY38F2P_mono_0056,6,6,6,6,0
DHAY38F2P_mono_0057,3,3,3,3,0
DHAY38F2P_mono_0058,1,1,1,1,0
DHAY38F2P_mono_0059,4,4,4,4,0
DHAY38F2P_mono_0060,3,3,3,3,0
DHAY38F2P_mono_0061,2,2,2,2,0
DHAY38F2P_mono_0062,6,6,6,6,0
DHAY38F2P_mono_0063,1,1,1,1,0
DHAY38F2P_mono_0064,8,8,8,8,0
DHAY38F2P_mono_0065,2,2,2,2,0
DHAY38F2P_mono_0066,3,3,3,3,0
DHAY38F2P_mono_0067,5,5,5,5,0
DHAY38F2P_mono_0068,4,4,4,4,0
DHAY38F2P_mono_0069,2,2,2,2,0
DHAY38F2P_mono_0070,1,1,1,1,0
DHAY38F2P_mono_0071,1,1,1,1,0
DHAY38F2P_mono_0072,1,1,1,1,0
DHAY38F2P_mono_0073,4,4,4,4,0
DHAY38F2P_mono_0074,1,1,1,1,0
DHAY38F2P_mono_0075,3,3,3,3,0
DHAY38F2P_mono_0076,3,3,3,3,0
DHAY38F2P_mono_0077,4,4,4,4,0
DHAY38F2P_mono_0078,2,2,2,2,0
DHAY38F2P_mono_0079,2,2,2,2,0
DHAY38F2P_mono_0080,5,5,5,5,0
DHAY38F2P_mono_0081,3,3,3,3,0
DHAY38F2P_mono_0082,1,1,1,1,0
DHAY38F2P_mono_0083,4,4,4,4,0
DHAY38F2P_mono_0084,4,4,4,4,0
DHAY38F2P_mono_0085,1,1,1,1,0
DHAY38F2P_mono_0086,1,1,1,1,0
DHAY38F2P_mono_0087,1,1,1,1,0
DHAY38F2P_mono_0088,7,7,7,7,0
DHAY38F2P_mono_0089,3,3,3,3,0
DHAY38F2P_mono_0090,4,4,4,4,0
DHAY38F2P_mono_0091,1,1,1,1,0
DHAY38F2P_mono_0092,3,3,3,3,0
DHAY38F2P_mono_0093,3,3,3,3,0
DHAY38F2P_mono_0094,3,3,3,3,0
DHAY38F2P_mono_0095,2,2,2,2,0
DHAY38F2P_mono_0096,2,2,2,2,0
DHAY38F2P_mono_0097,3,3,3,3,0
DHAY38F2P_mono_0098,3,3,3,3,0
DHAY38F2P_mono_0099,8,8,8,8,0
DHAY38F2P_mono_0100,4,4,4,4,0
DHAY38F2P_mono_0101,1,1,1,1,0
DHAY38F2P_mono_0102,2,2,2,2,0
DHAY38F2P_mono_0103,4,4,4,4,0
DHAY38F2P_mono_0104,4,4,4,4,0
DHAY38F2P_mono_0105,8,8,8,8,0
DHAY38F2P_mono_0106,4,4,4,4,0
DHAY38F2P_mono_0107,2,2,2,2,0
DHAY38F2P_mono_0108,2,2,2,2,0
DHAY38F2P_mono_0109,4,4,4,4,0
DHAY38F2P_mono_0110,4,4,4,4,0
DHAY38F2P_mono_0111,1,1,1,1,0
DHAY38F2P_mono_0112,3,3,3,3,0
DHAY38F2P_mono_0113,3,3,3,3,0
DHAY38F2P_mono_0114,3,3,3,3,0
DHAY38F2P_mono_0115,2,2,2,2,0
DHAY38F2P_mono_0116,2,2,2,2,0
DHAY38F2P_mono_0117,2,2,2,2,0
DHAY38F2P_mono_0118,1,1,1,1,0
DHAY38F2P_mono_0119,3,3,3,3,0
DHAY38F2P_mono_0120,1,1,1,1,0
DHAY38F2P_mono_0121,3,3,3,3,0
DHAY38F2P_mono_0122,1,1,1,1,0
DHAY38F2P_mono_0123,4,4,4,4,0
DHAY38F2P_mono_0124,3,3,3,3,0
DHAY38F2P_mono_0125,2,2,2,2,0
DHAY38F2P_mono_0126,2,2,2,2,0
DHAY38F2P_mono_0127,6,6,6,6,0
DHAY38F2P_mono_0128,4,4,4,4,0
DHAY38F2P_mono_0129,1,1,1,1,0
DHAY38F2P_mono_0130,8,8,8,8,0
DHAY38F2P_mono_0131,8,8,8,8,0
DHAY38F2P_mono_0132,3,3,3,3,0
DHAY38F2P_mono_0133,2,2,2,2,0
DHAY38F2P_mono_0134,8,8,8,8,0
DHAY38F2P_mono_0135,5,5,5,5,0
DHAY38F2P_mono_0136,7,7,7,7,0
DHAY38F2P_mono_0137,5,5,5,5,0
DHAY38F2P_mono_0138,8,8,8,8,0
DHAY38F2P_mono_0139,4,4,4,4,0
DHAY38F2P_mono_0140,6,6,6,6,0
DHAY38F2P_mono_0141,1,1,1,1,0
DHAY38F2P_mono_0142,1,1,1,1,0
DHAY38F2P_mono_0143,1,1,1,1,0
DHAY38F2P_mono_0144,2,2,2,2,0
DHAY38F2P_mono_0145,2,2,2,2,0
DHAY38F2P_mono_0146,3,3,3,3,0
DHAY38F2P_mono_0147,1,1,1,1,0
DHAY38F2P_mono_0148,3,3,3,3,0
DHAY38F2P_mono_0149,2,2,2,2,0
DHAY38F2P_mono_0150,3,3,3,3,0
DHAY38F2P_mono_0151,4,4,4,4,0
DHAY38F2P_mono_0152,3,3,3,3,0
DHAY38F2P_mono_0153,4,4,4,4,0
DHAY38F2P_mono_0154,4,4,4,4,0
DHAY38F2P_mono_0155,3,3,3,3,0
DHAY38F2P_mono_0156,2,2,2,2,0
DHAY38F2P_mono_0157,1,1,1,1,0
DHAY38F2P_mono_0158,4,4,4,4,0
DHAY38F2P_mono_0159,5,5,5,5,0
DHAY38F2P_mono_0160,2,2,2,2,0
DHAY38F2P_mono_0161,2,2,2,2,0
DHAY38F2P_mono_0162,2,2,2,2,0
DHAY38F2P_mono_0163,4,4,4,4,0
DHAY38F2P_mono_0164,8,8,8,8,0
DHAY38F2P_mono_0165,1,1,1,1,0
DHAY38F2P_mono_0166,4,4,4,4,0
DHAY38F2P_mono_0167,6,6,6,6,0
DHAY38F2P_mono_0168,2,2,2,2,0
DHAY38F2P_mono_0169,3,3,3,3,0
DHAY38F2P_mono_0170,5,5,5,5,0
DHAY38F2P_mono_0171,1,1,1,1,0
DHAY38F2P_mono_0172,1,1,1,1,0
DHAY38F2P_mono_0173,7,7,7,7,0
DHAY38F2P_mono_0174,4,4,4,4,0
DHAY38F2P_mono_0175,1,1,1,1,0
DHAY38F2P_mono_0176,4,4,4,4,0
DHAY38F2P_mono_0177,2,2,2,2,0
DHAY38F2P_mono_0178,4,4,4,4,0
DHAY38F2P_mono_0179,2,2,2,2,0
DHAY38F2P_mono_0180,8,8,8,8,0
DHAY38F2P_mono_0181,4,4,4,4,0
DHAY38F2P_mono_0182,2,2,2,2,0
DHAY38F2P_mono_0183,4,4,4,4,0
DHAY38F2P_mono_0184,1,1,1,1,0
DHAY38F2P_mono_0185,1,1,1,1,0
DHAY38F2P_mono_0186,8,8,8,8,0
DHAY38F2P_mono_0187,4,4,4,4,0
DHAY38F2P_mono_0188,3,3,3,3,0
DHAY38F2P_mono_0189,2,2,2,2,0
DHAY38F2P_mono_0190,4,4,4,4,0
DHAY38F2P_mono_0191,1,1,1,1,0
DHAY38F2P_mono_0192,2,2,2,2,0
DHAY38F2P_mono_0193,2,2,2,2,0
DHAY38F2P_mono_0194,1,1,1,1,0
DHAY38F2P_mono_0195,2,2,2,2,0
DHAY38F2P_mono_0196,1,1,1,1,0
EXP3918FP_mono_0001,5,5,5,5,0
EXP3918FP_mono_0002,5,5,5,5,0
EXP3918FP_mono_0003,4,4,4,4,0
EXP3918FP_mono_0004,3,3,3,3,0
EXP3918FP_mono_0005,2,2,2,2,0
EXP3918FP_mono_0006,2,2,2,2,0
EXP3918FP_mono_0007,5,5,5,5,0
EXP3918FP_mono_0008,3,3,3,3,0
EXP3918FP_mono_0009,5,5,5,5,0
EXP3918FP_mono_0010,5,5,5,5,0
EXP3918FP_mono_0011,6,6,6,6,0
EXP3918FP_mono_0012,6,6,6,6,0
EXP3918FP_mono_0013,3,3,3,3,0
EXP3918FP_mono_0014,3,3,3,3,0
EXP3918FP_mono_0015,2,2,2,2,0
EXP3918FP_mono_0016,2,2,2,2,0
EXP3918FP_mono_0017,8,8,8,8,0
EXP3918FP_mono_0018,8,8,8,8,0
EXP3918FP_mono_0019,4,4,4,4,0
EXP3918FP_mono_0020,3,3,3,3,0
EXP3918FP_mono_0021,8,8,8,8,0
EXP3918FP_mono_0022,4,4,4,4,0
EXP3918FP_mono_0023,5,5,5,5,0
EXP3918FP_mono_0024,6,6,6,6,0
EXP3918FP_mono_0025,4,4,4,4,0
EXP3918FP_mono_0026,6,6,6,6,0
EXP3918FP_mono_0027,2,2,2,2,0
EXP3918FP_mono_0028,3,3,3,3,0
EXP3918FP_mono_0029,6,6,6,6,0
EXP3918FP_mono_0030,1,1,1,1,0
EXP3918FP_mono_0031,1,1,1,1,0
EXP3918FP_mono_0032,1,1,1,1,0
EXP3918FP_mono_0033,7,7,7,7,0
EXP3918FP_mono_0034,6,6,6,6,0
EXP3918FP_mono_0035,6,6,6,6,0
EXP3918FP_mono_0036,5,5,5,5,0
EXP3918FP_mono_0037,5,5,5,5,0
EXP3918FP_mono_0038,7,7,7,7,0
EXP3918FP_mono_0039,8,8,8,8,0
EXP3918FP_mono_0040,3,3,3,3,0
EXP3918FP_mono_0041,3,3,3,3,0
EXP3918FP_mono_0042,3,3,3,3,0
EXP3918FP_mono_0043,1,1,1,1,0
EXP3918FP_mono_0044,1,1,1,1,0
EXP3918FP_mono_0045,2,2,2,2,0
EXP3918FP_mono_0046,8,8,8,8,0
EXP3918FP_mono_0047,1,1,1,1,0
EXP3918FP_mono_0048,1,1,1,1,0
EXP3918FP_mono_0049,3,3,3,3,0
EXP3918FP_mono_0050,1,1,1,1,0
EXP3918FP_mono_0051,8,8,8,8,0
EXP3918FP_mono_0052,6,6,6,6,0
EXP3918FP_mono_0053,8,8,8,8,0
EXP3918FP_mono_0054,2,2,2,2,0
EXP3918FP_mono_0055,3,3,3,3,0
EXP3918FP_mono_0056,4,4,4,4,0
EXP3918FP_mono_0057,2,2,2,2,0
EXP3918FP_mono_0058,6,6,6,6,0
EXP3918FP_mono_0059,5,5,5,5,0
EXP3918FP_mono_0060,4,4,4,4,0
EXP3918FP_mono_0061,3,3,3,3,0
EXP3918FP_mono_0062,5,5,5,5,0
EXP3918FP_mono_0063,6,6,6,6,0
EXP3918FP_mono_0064,1,1,1,1,0
EXP3918FP_mono_0065,2,2,2,2,0
EXP3918FP_mono_0066,1,1,1,1,0
EXP3918FP_mono_0067,3,3,3,3,0
EXP3918FP_mono_0068,2,2,2,2,0
EXP3918FP_mono_0069,5,5,5,5,0
EXP3918FP_mono_0070,2,2,2,2,0
EXP3918FP_mono_0071,4,4,4,4,0
EXP3918FP_mono_0072,4,4,4,4,0
EXP3918FP_mono_0073,6,6,6,6,0
EXP3918FP_mono_0074,6,6,6,6,0
EXP3918FP_mono_0075,6,6,6,6,0
EXP3918FP_mono_0076,7,7,7,7,0
EXP3918FP_mono_0077,1,1,1,1,0
EXP3918FP_mono_0078,3,3,3,3,0
EXP3918FP_mono_0079,3,3,3,3,0
EXP3918FP_mono_0080,7,7,7,7,0
EXP3918FP_mono_0081,6,6,6,6,0
EXP3918FP_mono_0082,4,4,4,4,0
EXP3918FP_mono_0083,3,3,3,3,0
EXP3918FP_mono_0084,6,6,6,6,0
EXP3918FP_mono_0085,1,1,1,1,0
EXP3918FP_mono_0086,7,7,7,7,0
EXP3918FP_mono_0087,3,3,3,3,0
EXP3918FP_mono_0088,2,2,2,2,0
EXP3918FP_mono_0089,5,5,5,5,0
EXP3918FP_mono_0090,2,2,2,2,0
EXP3918FP_mono_0091,5,5,5,5,0
EXP3918FP_mono_0092,2,2,2,2,0
EXP3918FP_mono_0093,3,3,3,3,0
EXP3918FP_mono_0094,3,3,3,3,0
EXP3918FP_mono_0095,3,3,3,3,0
EXP3918FP_mono_0096,6,6,6,6,0
EXP3918FP_mono_0097,1,1,1,1,0
EXP3918FP_mono_0098,2,2,2,2,0
EXP3918FP_mono_0099,7,7,7,7,0
EXP3918FP_mono_0100,4,4,4,4,0
EXP3918FP_mono_0101,1,1,1,1,0
EXP3918FP_mono_0102,5,5,5,5,0
EXP3918FP_mono_0103,5,5,5,5,0
EXP3918FP_mono_0104,1,1,1,1,0
EXP3918FP_mono_0105,6,6,6,6,0
EXP3918FP_mono_0106,3,3,3,3,0
EXP3918FP_mono_0107,3,3,3,3,0
EXP3918FP_mono_0108,2,2,2,2,0
EXP3918FP_mono_0109,7,7,7,7,0
EXP3918FP_mono_0110,3,3,3,3,0
EXP3918FP_mono_0111,5,5,5,5,0
EXP3918FP_mono_0112,7,7,7,7,0
EXP3918FP_mono_0113,7,7,7,7,0
EXP3918FP_mono_0114,5,5,5,5,0
EXP3918FP_mono_0115,3,3,3,3,0
EXP3918FP_mono_0116,2,2,2,2,0
EXP3918FP_mono_0117,3,3,3,3,0
EXP3918FP_mono_0118,2,2,2,2,0
EXP3918FP_mono_0119,2,2,2,2,0
EXP3918FP_mono_0120,4,4,4,4,0
EXP3918FP_mono_0121,5,5,5,5,0
EXP3918FP_mono_0122,7,7,7,7,0
EXP3918FP_mono_0123,3,3,3,3,0
EXP3918FP_mono_0124,3,3,3,3,0
EXP3918FP_mono_0125,3,3,3,3,0
EXP3918FP_mono_0126,6,6,6,6,0
EXP3918FP_mono_0127,7,7,7,7,0
EXP3918FP_mono_0128,2,2,2,2,0
EXP3918FP_mono_0129,5,5,5,5,0
EXP3918FP_mono_0130,6,6,6,6,0
EXP3918FP_mono_0131,3,3,3,3,0
EXP3918FP_mono_0132,4,4,4,4,0
EXP3918FP_mono_0133,3,3,3,3,0
EXP3918FP_mono_0134,2,2,2,2,0
EXP3918FP_mono_0135,3,3,3,3,0
EXP3918FP_mono_0136,4,4,4,4,0
EXP3918FP_mono_0137,4,4,4,4,0
EXP3918FP_mono_0138,1,1,1,1,0
EXP3918FP_mono_0139,2,2,2,2,0
EXP3918FP_mono_0140,3,3,3,3,0
EXP3918FP_mono_0141,5,5,5,5,0
EXP3918FP_mono_0142,2,2,2,2,0
EXP3918FP_mono_0143,4,4,4,4,0
EXP3918FP_mono_0144,6,6,6,6,0
EXP3918FP_mono_0145,2,2,2,2,0
EXP3918FP_mono_0146,6,6,6,6,0
EXP3918FP_mono_0147,5,5,5,5,0
EXP3918FP_mono_0148,4,4,4,4,0
EXP3918FP_mono_0149,4,4,4,4,0
EXP3918FP_mono_0150,2,2,2,2,0
EXP3918FP_mono_0151,6,6,6,6,0
EXP3918FP_mono_0152,4,4,4,4,0
EXP3918FP_mono_0153,3,3,3,3,0
EXP3918FP_mono_0154,7,7,7,7,0
EXP3918FP_mono_0155,2,2,2,2,0
EXP3918FP_mono_0156,5,5,5,5,0
EXP3918FP_mono_0157,8,8,8,8,0
EXP3918FP_mono_0158,2,2,2,2,0
EXP3918FP_mono_0159,1,1,1,1,0
EXP3918FP_mono_0160,7,7,7,7,0
EXP3918FP_mono_0161,5,5,5,5,0
EXP3918FP_mono_0162,5,5,5,5,0
EXP3918FP_mono_0163,1,1,1,1,0
EXP3918FP_mono_0164,7,7,7,7,0
EXP3918FP_mono_0165,4,4,4,4,0
EXP3918FP_mono_0166,4,4,4,4,0
EXP3918FP_mono_0167,3,3,3,3,0
EXP3918FP_mono_0168,2,2,2,2,0
EXP3918FP_mono_0169,7,7,7,7,0
EXP3918FP_mono_0170,6,6,6,6,0
EXP3918FP_mono_0171,2,2,2,2,0
EXP3918FP_mono_0172,4,4,4,4,0
EXP3918FP_mono_0173,7,7,7,7,0
EXP3918FP_mono_0174,2,2,2,2,0
EXP3918FP_mono_0175,3,3,3,3,0
GE638AJD7_mono_0001,4,4,4,4,0
GE638AJD7_mono_0002,3,3,3,3,0
GE638AJD7_mono_0003,3,3,3,3,0
GE638AJD7_mono_0004,7,7,7,7,0
GE638AJD7_mono_0005,2,2,2,2,0
GE638AJD7_mono_0006,1,1,1,1,0
GE638AJD7_mono_0007,2,2,2,2,0
GE638AJD7_mono_0008,3,3,3,3,0
GE638AJD7_mono_0009,4,4,4,4,0
GE638AJD7_mono_0010,6,6,6,6,0
GE638AJD7_mono_0011,4,4,4,4,0
GE638AJD7_mono_0012,5,5,5,5,0
GE638AJD7_mono_0013,2,2,2,2,0
GE638AJD7_mono_0014,5,5,5,5,0
GE638AJD7_mono_0015,8,8,8,8,0
GE638AJD7_mono_0016,1,1,1,1,0
GE638AJD7_mono_0017,1,1,1,1,0
GE638AJD7_mono_0018,4,4,4,4,0
GE638AJD7_mono_0019,4,4,4,4,0
GE638AJD7_mono_0020,3,3,3,3,0
GE638AJD7_mono_0021,3,3,3,3,0
GE638AJD7_mono_0022,3,3,3,3,0
GE638AJD7_mono_0023,2,2,2,2,0
GE638AJD7_mono_0024,5,5,5,5,0
GE638AJD7_mono_0025,7,7,7,7,0
GE638AJD7_mono_0026,7,7,7,7,0
GE638AJD7_mono_0027,7,7,7,7,0
GE638AJD7_mono_0028,3,3,3,3,0
GE638AJD7_mono_0029,5,5,5,5,0
GE638AJD7_mono_0030,5,5,5,5,0
GE638AJD7_mono_0031,2,2,2,2,0
GE638AJD7_mono_0032,5,5,5,5,0
GE638AJD7_mono_0033,3,3,3,3,0
GE638AJD7_mono_0034,8,8,8,8,0
GE638AJD7_mono_0035,8,8,8,8,0
GE638AJD7_mono_0036,7,7,7,7,0
GE638AJD7_mono_0037,4,4,4,4,0
GE638AJD7_mono_0038,2,2,2,2,0
GE638AJD7_mono_0039,2,2,2,2,0
GE638AJD7_mono_0040,5,5,5,5,0
GE638AJD7_mono_0041,7,7,7,7,0
GE638AJD7_mono_0042,3,3,3,3,0
GE638AJD7_mono_0043,4,4,4,4,0
GE638AJD7_mono_0044,8,8,8,8,0
GE638AJD7_mono_0045,2,2,2,2,0
GE638AJD7_mono_0046,6,6,6,6,0
GE638AJD7_mono_0047,3,3,3,3,0
GE638AJD7_mono_0048,3,3,3,3,0
GE638AJD7_mono_0049,8,8,8,8,0
GE638AJD7_mono_0050,3,3,3,3,0
GE638AJD7_mono_0051,4,4,4,4,0
GE638AJD7_mono_0052,2,2,2,2,0
GE638AJD7_mono_0053,2,2,2,2,0
GE638AJD7_mono_0054,2,2,2,2,0
GE638AJD7_mono_0055,6,6,6,6,0
GE638AJD7_mono_0056,3,3,3,3,0
GE638AJD7_mono_0057,5,5,5,5,0
GE638AJD7_mono_0058,2,2,2,2,0
GE638AJD7_mono_0059,8,8,8,8,0
GE638AJD7_mono_0060,6,6,6,6,0
GE638AJD7_mono_0061,3,3,3,3,0
GE638AJD7_mono_0062,3,3,3,3,0
GE638AJD7_mono_0063,8,8,8,8,0
GE638AJD7_mono_0064,8,8,8,8,0
GE638AJD7_mono_0065,1,1,1,1,0
GE638AJD7_mono_0066,1,1,1,1,0
GE638AJD7_mono_0067,2,2,2,2,0
GE638AJD7_mono_0068,2,2,2,2,0
GE638AJD7_mono_0069,3,3,3,3,0
GE638AJD7_mono_0070,2,2,2,2,0
GE638AJD7_mono_0071,3,3,3,3,0
GE638AJD7_mono_0072,1,1,1,1,0
GE638AJD7_mono_0073,1,1,1,1,0
GE638AJD7_mono_0074,2,2,2,2,0
GE638AJD7_mono_0075,7,7,7,7,0
GE638AJD7_mono_0076,4,4,4,4,0
GE638AJD7_mono_0077,1,1,1,1,0
GE638AJD7_mono_0078,3,3,3,3,0
GE638AJD7_mono_0079,4,4,4,4,0
GE638AJD7_mono_0080,4,4,4,4,0
GE638AJD7_mono_0081,1,1,1,1,0
GE638AJD7_mono_0082,2,2,2,2,0
GE638AJD7_mono_0083,6,6,6,6,0
GE638AJD7_mono_0084,4,4,4,4,0
GE638AJD7_mono_0085,6,6,6,6,0
GE638AJD7_mono_0086,3,3,3,3,0
GE638AJD7_mono_0087,4,4,4,4,0
GE638AJD7_mono_0088,3,3,3,3,0
GE638AJD7_mono_0089,4,4,4,4,0
GE638AJD7_mono_0090,4,4,4,4,0
GE638AJD7_mono_0091,7,7,7,7,0
GE638AJD7_mono_0092,3,3,3,3,0
GE638AJD7_mono_0093,2,2,2,2,0
GE638AJD7_mono_0094,4,4,4,4,0
GE638AJD7_mono_0095,2,2,2,2,0
GE638AJD7_mono_0096,8,8,8,8,0
GE638AJD7_mono_0097,2,2,2,2,0
GE638AJD7_mono_0098,2,2,2,2,0
GE638AJD7_mono_0099,3,3,3,3,0
GE638AJD7_mono_0100,2,2,2,2,0
GE638AJD7_mono_0101,1,1,1,1,0
GE638AJD7_mono_0102,3,3,3,3,0
GE638AJD7_mono_0103,3,3,3,3,0
GE638AJD7_mono_0104,4,4,4,4,0
GE638AJD7_mono_0105,3,3,3,3,0
GE638AJD7_mono_0106,3,3,3,3,0
GE638AJD7_mono_0107,8,8,8,8,0
GE638AJD7_mono_0108,2,2,2,2,0
GE638AJD7_mono_0109,1,1,1,1,0
GE638AJD7_mono_0110,1,1,1,1,0
GE638AJD7_mono_0111,3,3,3,3,0
GE638AJD7_mono_0112,4,4,4,4,0
GE638AJD7_mono_0113,7,7,7,7,0
GE638AJD7_mono_0114,6,6,6,6,0
GE638AJD7_mono_0115,2,2,2,2,0
GE638AJD7_mono_0116,3,3,3,3,0
GE638AJD7_mono_0117,5,5,5,5,0
GE638AJD7_mono_0118,2,2,2,2,0
GE638AJD7_mono_0119,3,3,3,3,0
GE638AJD7_mono_0120,3,3,3,3,0
GE638AJD7_mono_0121,3,3,3,3,0
GE638AJD7_mono_0122,2,2,2,2,0
GE638AJD7_mono_0123,4,4,4,4,0
GE638AJD7_mono_0124,5,5,5,5,0
GE638AJD7_mono_0125,2,2,2,2,0
GE638AJD7_mono_0126,3,3,3,3,0
GE638AJD7_mono_0127,2,2,2,2,0
GE638AJD7_mono_0128,3,3,3,3,0
GE638AJD7_mono_0129,7,7,7,7,0
GE638AJD7_mono_0130,3,3,3,3,0
GE638AJD7_mono_0131,4,4,4,4,0
GE638AJD7_mono_0132,3,3,3,3,0
GE638AJD7_mono_0133,7,7,7,7,0
GE638AJD7_mono_0134,3,3,3,3,0
GE638AJD7_mono_0135,5,5,5,5,0
GE638AJD7_mono_0136,4,4,4,4,0
GE638AJD7_mono_0137,3,3,3,3,0
GE638AJD7_mono_0138,2,2,2,2,0
GE638AJD7_mono_0139,7,7,7,7,0
GE638AJD7_mono_0140,3,3,3,3,0
GE638AJD7_mono_0141,3,3,3,3,0
GE638AJD7_mono_0142,8,8,8,8,0
GE638AJD7_mono_0143,2,2,2,2,0
GE638AJD7_mono_0144,2,2,2,2,0
GE638AJD7_mono_0145,2,2,2,2,0
GE638AJD7_mono_0146,1,1,1,1,0
GE638AJD7_mono_0147,4,4,4,4,0
GE638AJD7_mono_0148,5,5,5,5,0
GE638AJD7_mono_0149,4,4,4,4,0
GE638AJD7_mono_0150,5,5,5,5,0
GE638AJD7_mono_0151,8,8,8,8,0
GE638AJD7_mono_0152,6,6,6,6,0
GE638AJD7_mono_0153,3,3,3,3,0
GE638AJD7_mono_0154,2,2,2,2,0
GE638AJD7_mono_0155,2,2,2,2,0
GE638AJD7_mono_0156,8,8,8,8,0
GE638AJD7_mono_0157,2,2,2,2,0
GE638AJD7_mono_0158,3,3,3,3,0
GE638AJD7_mono_0159,8,8,8,8,0
GE638AJD7_mono_0160,4,4,4,4,0
GE638AJD7_mono_0161,2,2,2,2,0
GE638AJD7_mono_0162,7,7,7,7,0
GE638AJD7_mono_0163,6,6,6,6,0
GE638AJD7_mono_0164,3,3,3,3,0
GE638AJD7_mono_0165,3,3,3,3,0
GE638AJD7_mono_0166,3,3,3,3,0
GE638AJD7_mono_0167,5,5,5,5,0
GE638AJD7_mono_0168,8,8,8,8,0
GE638AJD7_mono_0169,1,1,1,1,0
GE638AJD7_mono_0170,2,2,2,2,0
GE638AJD7_mono_0171,3,3,3,3,0
GE638AJD7_mono_0172,2,2,2,2,0
GE638AJD7_mono_0173,4,4,4,4,0
GE638AJD7_mono_0174,6,6,6,6,0
GE638AJD7_mono_0175,4,4,4,4,0
GE638AJD7_mono_0176,5,5,5,5,0
GE638AJD7_mono_0177,3,3,3,3,0
GE638AJD7_mono_0178,7,7,7,7,0
GE638AJD7_mono_0179,3,3,3,3,0
GE638AJD7_mono_0180,1,1,1,1,0
GE638AJD7_mono_0181,3,3,3,3,0
GE638AJD7_mono_0182,3,3,3,3,0
GE638AJD7_mono_0183,6,6,6,6,0
GE638AJD7_mono_0184,2,2,2,2,0
GE638AJD7_mono_0185,3,3,3,3,0
GE638AJD7_mono_0186,4,4,4,4,0
GE638AJD7_mono_0187,8,8,8,8,0
GE638AJD7_mono_0188,8,8,8,8,0
GE638AJD7_mono_0189,2,2,2,2,0
GE638AJD7_mono_0190,3,3,3,3,0
GE638AJD7_mono_0191,8,8,8,8,0
GE638AJD7_mono_0192,7,7,7,7,0
GE638AJD7_mono_0193,7,7,7,7,0
GE638AJD7_mono_0194,3,3,3,3,0
GE638AJD7_mono_0195,4,4,4,4,0
GE638AJD7_mono_0196,7,7,7,7,0
GOLDSCARS_mono_0001,3,3,3,3,0
GOLDSCARS_mono_0002,5,5,5,5,0
GOLDSCARS_mono_0003,2,2,2,2,0
GOLDSCARS_mono_0004,7,7,7,7,0
GOLDSCARS_mono_0005,4,4,4,4,0
GOLDSCARS_mono_0006,2,2,2,2,0
GOLDSCARS_mono_0007,4,4,4,4,0
GOLDSCARS_mono_0008,7,7,7,7,0
GOLDSCARS_mono_0009,5,5,5,5,0
GOLDSCARS_mono_0010,7,7,7,7,0
GOLDSCARS_mono_0011,6,6,6,6,0
GOLDSCARS_mono_0012,3,3,3,3,0
GOLDSCARS_mono_0013,4,4,4,4,0
GOLDSCARS_mono_0014,4,4,4,4,0
GOLDSCARS_mono_0015,4,4,4,4,0
GOLDSCARS_mono_0016,4,4,4,4,0
GOLDSCARS_mono_0017,3,3,3,3,0
GOLDSCARS_mono_0018,4,4,4,4,0
GOLDSCARS_mono_0019,1,1,1,1,0
GOLDSCARS_mono_0020,4,4,4,4,0
GOLDSCARS_mono_0021,4,4,4,4,0
GOLDSCARS_mono_0022,3,3,3,3,0
GOLDSCARS_mono_0023,4,4,4,4,0
GOLDSCARS_mono_0024,5,5,5,5,0
GOLDSCARS_mono_0025,4,4,4,4,0
GOLDSCARS_mono_0026,7,7,7,7,0
GOLDSCARS_mono_0027,5,5,5,5,0
GOLDSCARS_mono_0028,2,2,2,2,0
GOLDSCARS_mono_0029,6,6,6,6,0
GOLDSCARS_mono_0030,4,4,4,4,0
GOLDSCARS_mono_0031,2,2,2,2,0
GOLDSCARS_mono_0032,1,1,1,1,0
GOLDSCARS_mono_0033,5,5,5,5,0
GOLDSCARS_mono_0034,7,7,7,7,0
GOLDSCARS_mono_0035,2,2,2,2,0
GOLDSCARS_mono_0036,1,1,1,1,0
GOLDSCARS_mono_0037,7,7,7,7,0
GOLDSCARS_mono_0038,3,3,3,3,0
GOLDSCARS_mono_0039,5,5,5,5,0
GOLDSCARS_mono_0040,3,3,3,3,0
GOLDSCARS_mono_0041,1,1,1,1,0
GOLDSCARS_mono_0042,5,5,5,5,0
GOLDSCARS_mono_0043,6,6,6,6,0
GOLDSCARS_mono_0044,5,5,5,5,0
GOLDSCARS_mono_0045,3,3,3,3,0
GOLDSCARS_mono_0046,4,4,4,4,0
GOLDSCARS_mono_0047,3,3,3,3,0
GOLDSCARS_mono_0048,5,5,5,5,0
GOLDSCARS_mono_0049,2,2,2,2,0
GOLDSCARS_mono_0050,5,5,5,5,0
GOLDSCARS_mono_0051,2,2,2,2,0
GOLDSCARS_mono_0052,5,5,5,5,0
GOLDSCARS_mono_0053,5,5,5,5,0
GOLDSCARS_mono_0054,4,4,4,4,0
GOLDSCARS_mono_0055,2,2,2,2,0
GOLDSCARS_mono_0056,2,2,2,2,0
GOLDSCARS_mono_0057,1,1,1,1,0
GOLDSCARS_mono_0058,3,3,3,3,0
GOLDSCARS_mono_0059,4,4,4,4,0
GOLDSCARS_mono_0060,3,3,3,3,0
GOLDSCARS_mono_0061,4,4,4,4,0
GOLDSCARS_mono_0062,5,5,5,5,0
GOLDSCARS_mono_0063,4,4,4,4,0
GOLDSCARS_mono_0064,4,4,4,4,0
GOLDSCARS_mono_0065,5,5,5,5,0
GOLDSCARS_mono_0066,7,7,7,7,0
GOLDSCARS_mono_0067,2,2,2,2,0
GOLDSCARS_mono_0068,5,5,5,5,0
GOLDSCARS_mono_0069,2,2,2,2,0
GOLDSCARS_mono_0070,5,5,5,5,0
GOLDSCARS_mono_0071,2,2,2,2,0
GOLDSCARS_mono_0072,4,4,4,4,0
GOLDSCARS_mono_0073,3,3,3,3,0
GOLDSCARS_mono_0074,4,4,4,4,0
GOLDSCARS_mono_0075,1,1,1,1,0
GOLDSCARS_mono_0076,1,1,1,1,0
GOLDSCARS_mono_0077,3,3,3,3,0
GOLDSCARS_mono_0078,6,6,6,6,0
GOLDSCARS_mono_0079,5,5,5,5,0
GOLDSCARS_mono_0080,4,4,4,4,0
GOLDSCARS_mono_0081,2,2,2,2,0
GOLDSCARS_mono_0082,1,1,1,1,0
GOLDSCARS_mono_0083,3,3,3,3,0
GOLDSCARS_mono_0084,6,6,6,6,0
GOLDSCARS_mono_0085,3,3,3,3,0
GOLDSCARS_mono_0086,6,6,6,6,0
GOLDSCARS_mono_0087,3,3,3,3,0
GOLDSCARS_mono_0088,3,3,3,3,0
GOLDSCARS_mono_0089,3,3,3,3,0
GOLDSCARS_mono_0090,3,3,3,3,0
GOLDSCARS_mono_0091,3,3,3,3,0
GOLDSCARS_mono_0092,2,2,2,2,0
GOLDSCARS_mono_0093,1,1,1,1,0
GOLDSCARS_mono_0094,1,1,1,1,0
GOLDSCARS_mono_0095,2,2,2,2,0
GOLDSCARS_mono_0096,6,6,6,6,0
GOLDSCARS_mono_0097,2,2,2,2,0
GOLDSCARS_mono_0098,3,3,3,3,0
GOLDSCARS_mono_0099,3,3,3,3,0
GOLDSCARS_mono_0100,4,4,4,4,0
GOLDSCARS_mono_0101,5,5,5,5,0
GOLDSCARS_mono_0102,4,4,4,4,0
GOLDSCARS_mono_0103,4,4,4,4,0
GOLDSCARS_mono_0104,5,5,5,5,0
GOLDSCARS_mono_0105,5,5,5,5,0
GOLDSCARS_mono_0106,2,2,2,2,0
GOLDSCARS_mono_0107,1,1,1,1,0
GOLDSCARS_mono_0108,4,4,4,4,0
GOLDSCARS_mono_0109,2,2,2,2,0
GOLDSCARS_mono_0110,1,1,1,1,0
GOLDSCARS_mono_0111,1,1,1,1,0
GOLDSCARS_mono_0112,2,2,2,2,0
GOLDSCARS_mono_0113,1,1,1,1,0
GOLDSCARS_mono_0114,2,2,2,2,0
GOLDSCARS_mono_0115,1,1,1,1,0
GOLDSCARS_mono_0116,1,1,1,1,0
GOLDSCARS_mono_0117,4,4,4,4,0
GOLDSCARS_mono_0118,5,5,5,5,0
GOLDSCARS_mono_0119,1,1,1,1,0
GOLDSCARS_mono_0120,7,7,7,7,0
GOLDSCARS_mono_0121,5,5,5,5,0
GOLDSCARS_mono_0122,7,7,7,7,0
GOLDSCARS_mono_0123,4,4,4,4,0
GOLDSCARS_mono_0124,5,5,5,5,0
GOLDSCARS_mono_0125,2,2,2,2,0
GOLDSCARS_mono_0126,1,1,1,1,0
GOLDSCARS_mono_0127,2,2,2,2,0
GOLDSCARS_mono_0128,2,2,2,2,0
GOLDSCARS_mono_0129,2,2,2,2,0
GOLDSCARS_mono_0130,3,3,3,3,0
GOLDSCARS_mono_0131,6,6,6,6,0
GOLDSCARS_mono_0132,4,4,4,4,0
GOLDSCARS_mono_0133,4,4,4,4,0
GOLDSCARS_mono_0134,5,5,5,5,0
GOLDSCARS_mono_0135,6,6,6,6,0
GOLDSCARS_mono_0136,5,5,5,5,0
GOLDSCARS_mono_0137,3,3,3,3,0
GOLDSCARS_mono_0138,2,2,2,2,0
GOLDSCARS_mono_0139,2,2,2,2,0
GOLDSCARS_mono_0140,4,4,4,4,0
GOLDSCARS_mono_0141,4,4,4,4,0
GOLDSCARS_mono_0142,5,5,5,5,0
GOLDSCARS_mono_0143,1,1,1,1,0
GOLDSCARS_mono_0144,3,3,3,3,0
GOLDSCARS_mono_0145,6,6,6,6,0
GOLDSCARS_mono_0146,1,1,1,1,0
GOLDSCARS_mono_0147,6,6,6,6,0
GOLDSCARS_mono_0148,4,4,4,4,0
GOLDSCARS_mono_0149,4,4,4,4,0
GOLDSCARS_mono_0150,1,1,1,1,0
GOLDSCARS_mono_0151,3,3,3,3,0
GOLDSCARS_mono_0152,2,2,2,2,0
GOLDSCARS_mono_0153,2,2,2,2,0
GOLDSCARS_mono_0154,2,2,2,2,0
GOLDSCARS_mono_0155,1,1,1,1,0
GOLDSCARS_mono_0156,3,3,3,3,0
GOLDSCARS_mono_0157,1,1,1,1,0
GOLDSCARS_mono_0158,1,1,1,1,0
GOLDSCARS_mono_0159,5,5,5,5,0
GOLDSCARS_mono_0160,1,1,1,1,0
GOLDSCARS_mono_0161,3,3,3,3,0
GOLDSCARS_mono_0162,3,3,3,3,0
GOLDSCARS_mono_0163,6,6,6,6,0
GOLDSCARS_mono_0164,5,5,5,5,0
GOLDSCARS_mono_0165,1,1,1,1,0
GOLDSCARS_mono_0166,1,1,1,1,0
GOLDSCARS_mono_0167,2,2,2,2,0
GOLDSCARS_mono_0168,8,8,8,8,0
GOLDSCARS_mono_0169,4,4,4,4,0
GOLDSCARS_mono_0170,1,1,1,1,0
GOLDSCARS_mono_0171,2,2,2,2,0
GOLDSCARS_mono_0172,1,1,1,1,0
GOLDSCARS_mono_0173,2,2,2,2,0
GOLDSCARS_mono_0174,4,4,4,4,0
GOLDSCARS_mono_0175,2,2,2,2,0
GOLDSCARS_mono_0176,6,6,6,6,0
GOLDSCARS_mono_0177,3,3,3,3,0
GOLDSCARS_mono_0178,2,2,2,2,0
GOLDSCARS_mono_0179,1,1,1,1,0
GOLDSCARS_mono_0180,5,5,5,5,0
GOLDSCARS_mono_0181,1,1,1,1,0
GOLDSCARS_mono_0182,3,3,3,3,0
GOLDSCARS_mono_0183,1,1,1,1,0
GOLDSCARS_mono_0184,7,7,7,7,0
GOLDSCARS_mono_0185,7,7,7,7,0
GOLDSCARS_mono_0186,4,4,4,4,0
GOLDSCARS_mono_0187,4,4,4,4,0
GOLDSCARS_mono_0188,6,6,6,6,0
GOLDSCARS_mono_0189,1,1,1,1,0
H015469YY_mono_0001,3,3,3,3,0
H015469YY_mono_0002,2,2,2,2,0
H015469YY_mono_0003,1,1,1,1,0
H015469YY_mono_0004,2,2,2,2,0
H015469YY_mono_0005,7,7,7,7,0
H015469YY_mono_0006,8,8,8,8,0
H015469YY_mono_0007,8,8,8,8,0
H015469YY_mono_0008,3,3,3,3,0
H015469YY_mono_0009,3,3,3,3,0
H015469YY_mono_0010,3,3,3,3,0
H015469YY_mono_0011,6,6,6,6,0
H015469YY_mono_0012,6,6,6,6,0
H015469YY_mono_0013,6,6,6,6,0
H015469YY_mono_0014,1,1,1,1,0
H015469YY_mono_0015,6,6,6,6,0
H015469YY_mono_0016,3,3,3,3,0
H015469YY_mono_0017,1,1,1,1,0
H015469YY_mono_0018,6,6,6,6,0
H015469YY_mono_0019,6,6,6,6,0
H015469YY_mono_0020,5,5,5,5,0
H015469YY_mono_0021,8,8,8,8,0
H015469YY_mono_0022,2,2,2,2,0
H015469YY_mono_0023,3,3,3,3,0
H015469YY_mono_0024,3,3,3,3,0
H015469YY_mono_0025,7,7,7,7,0
H015469YY_mono_0026,8,8,8,8,0
H015469YY_mono_0027,7,7,7,7,0
H015469YY_mono_0028,7,7,7,7,0
H015469YY_mono_0029,2,2,2,2,0
H015469YY_mono_0030,2,2,2,2,0
H015469YY_mono_0031,5,5,5,5,0
H015469YY_mono_0032,1,1,1,1,0
H015469YY_mono_0033,3,3,3,3,0
H015469YY_mono_0034,1,1,1,1,0
H015469YY_mono_0035,1,1,1,1,0
H015469YY_mono_0036,5,5,5,5,0
H015469YY_mono_0037,8,8,8,8,0
H015469YY_mono_0038,4,4,4,4,0
H015469YY_mono_0039,1,1,1,1,0
H015469YY_mono_0040,2,2,2,2,0
H015469YY_mono_0041,6,6,6,6,0
H015469YY_mono_0042,8,8,8,8,0
H015469YY_mono_0043,4,4,4,4,0
H015469YY_mono_0044,3,3,3,3,0
H015469YY_mono_0045,8,8,8,8,0
H015469YY_mono_0046,8,8,8,8,0
H015469YY_mono_0047,1,1,1,1,0
H015469YY_mono_0048,3,3,3,3,0
H015469YY_mono_0049,4,4,4,4,0
H015469YY_mono_0050,2,2,2,2,0
H015469YY_mono_0051,1,1,1,1,0
H015469YY_mono_0052,7,7,7,7,0
H015469YY_mono_0053,1,1,1,1,0
H015469YY_mono_0054,2,2,2,2,0
H015469YY_mono_0055,3,3,3,3,0
H015469YY_mono_0056,8,8,8,8,0
H015469YY_mono_0057,3,3,3,3,0
H015469YY_mono_0058,8,8,8,8,0
H015469YY_mono_0059,7,7,7,7,0
H015469YY_mono_0060,1,1,1,1,0
H015469YY_mono_0061,4,4,4,4,0
H015469YY_mono_0062,1,1,1,1,0
H015469YY_mono_0063,4,4,4,4,0
H015469YY_mono_0064,2,2,2,2,0
H015469YY_mono_0065,3,3,3,3,0
H015469YY_mono_0066,2,2,2,2,0
H015469YY_mono_0067,3,3,3,3,0
H015469YY_mono_0068,3,3,3,3,0
H015469YY_mono_0069,2,2,2,2,0
H015469YY_mono_0070,1,1,1,1,0
H015469YY_mono_0071,4,4,4,4,0
H015469YY_mono_0072,4,4,4,4,0
H015469YY_mono_0073,3,3,3,3,0
H015469YY_mono_0074,7,7,7,7,0
H015469YY_mono_0075,3,3,3,3,0
H015469YY_mono_0076,5,5,5,5,0
H015469YY_mono_0077,4,4,4,4,0
H015469YY_mono_0078,4,4,4,4,0
H015469YY_mono_0079,1,1,1,1,0
H015469YY_mono_0080,6,6,6,6,0
H015469YY_mono_0081,2,2,2,2,0
H015469YY_mono_0082,4,4,4,4,0
H015469YY_mono_0083,7,7,7,7,0
H015469YY_mono_0084,8,8,8,8,0
H015469YY_mono_0085,1,1,1,1,0
H015469YY_mono_0086,8,8,8,8,0
H015469YY_mono_0087,1,1,1,1,0
H015469YY_mono_0088,8,8,8,8,0
H015469YY_mono_0089,6,6,6,6,0
H015469YY_mono_0090,8,8,8,8,0
H015469YY_mono_0091,3,3,3,3,0
H015469YY_mono_0092,1,1,1,1,0
H015469YY_mono_0093,3,3,3,3,0
H015469YY_mono_0094,5,5,5,5,0
H015469YY_mono_0095,8,8,8,8,0
H015469YY_mono_0096,1,1,1,1,0
H015469YY_mono_0097,8,8,8,8,0
H015469YY_mono_0098,3,3,3,3,0
H015469YY_mono_0099,3,3,3,3,0
H015469YY_mono_0100,4,4,4,4,0
H015469YY_mono_0101,8,8,8,8,0
H015469YY_mono_0102,4,4,4,4,0
H015469YY_mono_0103,1,1,1,1,0
H015469YY_mono_0104,1,1,1,1,0
H015469YY_mono_0105,4,4,4,4,0
H015469YY_mono_0106,5,5,5,5,0
H015469YY_mono_0107,6,6,6,6,0
H015469YY_mono_0108,8,8,8,8,0
H015469YY_mono_0109,3,3,3,3,0
H015469YY_mono_0110,2,2,2,2,0
H015469YY_mono_0111,3,3,3,3,0
H015469YY_mono_0112,6,6,6,6,0
H015469YY_mono_0113,5,5,5,5,0
H015469YY_mono_0114,3,3,3,3,0
H015469YY_mono_0115,1,1,1,1,0
H015469YY_mono_0116,8,8,8,8,0
H015469YY_mono_0117,2,2,2,2,0
H015469YY_mono_0118,2,2,2,2,0
H015469YY_mono_0119,3,3,3,3,0
H015469YY_mono_0120,1,1,1,1,0
H015469YY_mono_0121,8,8,8,8,0
H015469YY_mono_0122,5,5,5,5,0
H015469YY_mono_0123,3,3,3,3,0
H015469YY_mono_0124,2,2,2,2,0
H015469YY_mono_0125,6,6,6,6,0
H015469YY_mono_0126,2,2,2,2,0
H015469YY_mono_0127,5,5,5,5,0
H015469YY_mono_0128,4,4,4,4,0
H015469YY_mono_0129,1,1,1,1,0
H015469YY_mono_0130,2,2,2,2,0
H015469YY_mono_0131,2,2,2,2,0
H015469YY_mono_0132,1,1,1,1,0
H015469YY_mono_0133,8,8,8,8,0
H015469YY_mono_0134,2,2,2,2,0
H015469YY_mono_0135,3,3,3,3,0
H015469YY_mono_0136,7,7,7,7,0
H015469YY_mono_0137,1,1,1,1,0
H015469YY_mono_0138,8,8,8,8,0
H015469YY_mono_0139,1,1,1,1,0
H015469YY_mono_0140,5,5,5,5,0
H015469YY_mono_0141,6,6,6,6,0
H015469YY_mono_0142,3,3,3,3,0
H015469YY_mono_0143,8,8,8,8,0
H015469YY_mono_0144,1,1,1,1,0
H015469YY_mono_0145,3,3,3,3,0
H015469YY_mono_0146,1,1,1,1,0
H015469YY_mono_0147,7,7,7,7,0
H015469YY_mono_0148,6,6,6,6,0
H015469YY_mono_0149,5,5,5,5,0
H015469YY_mono_0150,4,4,4,4,0
H015469YY_mono_0151,1,1,1,1,0
H015469YY_mono_0152,2,2,2,2,0
H015469YY_mono_0153,6,6,6,6,0
H015469YY_mono_0154,4,4,4,4,0
H015469YY_mono_0155,8,8,8,8,0
H015469YY_mono_0156,1,1,1,1,0
H015469YY_mono_0157,4,4,4,4,0
H015469YY_mono_0158,1,1,1,1,0
H015469YY_mono_0159,3,3,3,3,0
H015469YY_mono_0160,7,7,7,7,0
H015469YY_mono_0161,3,3,3,3,0
H015469YY_mono_0162,3,3,3,3,0
H015469YY_mono_0163,5,5,5,5,0
H015469YY_mono_0164,7,7,7,7,0
H015469YY_mono_0165,5,5,5,5,0
H015469YY_mono_0166,3,3,3,3,0
H015469YY_mono_0167,2,2,2,2,0
H015469YY_mono_0168,5,5,5,5,0
H015469YY_mono_0169,2,2,2,2,0
H015469YY_mono_0170,8,8,8,8,0
H015469YY_mono_0171,7,7,7,7,0
H015469YY_mono_0172,1,1,1,1,0
H015469YY_mono_0173,7,7,7,7,0
H015469YY_mono_0174,8,8,8,8,0
H015469YY_mono_0175,4,4,4,4,0
H015469YY_mono_0176,5,5,5,5,0
H015469YY_mono_0177,3,3,3,3,0
H015469YY_mono_0178,7,7,7,7,0
H015469YY_mono_0179,8,8,8,8,0
H015469YY_mono_0180,3,3,3,3,0
H015469YY_mono_0181,3,3,3,3,0
H015469YY_mono_0182,8,8,8,8,0
H015469YY_mono_0183,4,4,4,4,0
H015469YY_mono_0184,2,2,2,2,0
H015469YY_mono_0185,2,2,2,2,0
H015469YY_mono_0186,4,4,4,4,0
H015469YY_mono_0187,2,2,2,2,0
H015469YY_mono_0188,8,8,8,8,0
H015469YY_mono_0189,5,5,5,5,0
H015469YY_mono_0190,7,7,7,7,0
H015469YY_mono_0191,7,7,7,7,0
H015469YY_mono_0192,5,5,5,5,0
H015469YY_mono_0193,4,4,4,4,0
H015469YY_mono_0194,7,7,7,7,0
H015469YY_mono_0195,5,5,5,5,0
H015469YY_mono_0196,1,1,1,1,0
JF68DEP64_mono_0001,6,6,6,6,0
JF68DEP64_mono_0002,2,2,2,2,0
JF68DEP64_mono_0003,7,7,7,7,0
JF68DEP64_mono_0004,2,2,2,2,0
JF68DEP64_mono_0005,8,8,8,8,0
JF68DEP64_mono_0006,6,6,6,6,0
JF68DEP64_mono_0007,6,6,6,6,0
JF68DEP64_mono_0008,8,8,8,8,0
JF68DEP64_mono_0009,6,6,6,6,0
JF68DEP64_mono_0010,6,6,6,6,0
JF68DEP64_mono_0011,4,4,4,4,0
JF68DEP64_mono_0012,5,5,5,5,0
JF68DEP64_mono_0013,2,2,2,2,0
JF68DEP64_mono_0014,1,1,1,1,0
JF68DEP64_mono_0015,3,3,3,3,0
JF68DEP64_mono_0016,4,4,4,4,0
JF68DEP64_mono_0017,6,6,6,6,0
JF68DEP64_mono_0018,2,2,2,2,0
JF68DEP64_mono_0019,7,7,7,7,0
JF68DEP64_mono_0020,5,5,5,5,0
JF68DEP64_mono_0021,3,3,3,3,0
JF68DEP64_mono_0022,5,5,5,5,0
JF68DEP64_mono_0023,5,5,5,5,0
JF68DEP64_mono_0024,5,5,5,5,0
JF68DEP64_mono_0025,1,1,1,1,0
JF68DEP64_mono_0026,2,2,2,2,0
JF68DEP64_mono_0027,4,4,4,4,0
JF68DEP64_mono_0028,1,1,1,1,0
JF68DEP64_mono_0029,6,6,6,6,0
JF68DEP64_mono_0030,1,1,1,1,0
JF68DEP64_mono_0031,7,7,7,7,0
JF68DEP64_mono_0032,1,1,1,1,0
JF68DEP64_mono_0033,1,1,1,1,0
JF68DEP64_mono_0034,4,4,4,4,0
JF68DEP64_mono_0035,4,4,4,4,0
JF68DEP64_mono_0036,6,6,6,6,0
JF68DEP64_mono_0037,3,3,3,3,0
JF68DEP64_mono_0038,6,6,6,6,0
JF68DEP64_mono_0039,4,4,4,4,0
JF68DEP64_mono_0040,7,7,7,7,0
JF68DEP64_mono_0041,7,7,7,7,0
JF68DEP64_mono_0042,2,2,2,2,0
JF68DEP64_mono_0043,1,1,1,1,0
JF68DEP64_mono_0044,7,7,7,7,0
JF68DEP64_mono_0045,4,4,4,4,0
JF68DEP64_mono_0046,1,1,1,1,0
JF68DEP64_mono_0047,4,4,4,4,0
JF68DEP64_mono_0048,4,4,4,4,0
JF68DEP64_mono_0049,4,4,4,4,0
JF68DEP64_mono_0050,2,2,2,2,0
JF68DEP64_mono_0051,2,2,2,2,0
JF68DEP64_mono_0052,2,2,2,2,0
JF68DEP64_mono_0053,3,3,3,3,0
JF68DEP64_mono_0054,4,4,4,4,0
JF68DEP64_mono_0055,4,4,4,4,0
JF68DEP64_mono_0056,1,1,1,1,0
JF68DEP64_mono_0057,7,7,7,7,0
JF68DEP64_mono_0058,1,1,1,1,0
JF68DEP64_mono_0059,4,4,4,4,0
JF68DEP64_mono_0060,3,3,3,3,0
JF68DEP64_mono_0061,3,3,3,3,0
JF68DEP64_mono_0062,3,3,3,3,0
JF68DEP64_mono_0063,2,2,2,2,0
JF68DEP64_mono_0064,2,2,2,2,0
JF68DEP64_mono_0065,1,1,1,1,0
JF68DEP64_mono_0066,6,6,6,6,0
JF68DEP64_mono_0067,2,2,2,2,0
JF68DEP64_mono_0068,2,2,2,2,0
JF68DEP64_mono_0069,5,5,5,5,0
JF68DEP64_mono_0070,7,7,7,7,0
JF68DEP64_mono_0071,4,4,4,4,0
JF68DEP64_mono_0072,1,1,1,1,0
JF68DEP64_mono_0073,8,8,8,8,0
JF68DEP64_mono_0074,7,7,7,7,0
JF68DEP64_mono_0075,4,4,4,4,0
JF68DEP64_mono_0076,8,8,8,8,0
JF68DEP64_mono_0077,1,1,1,1,0
JF68DEP64_mono_0078,7,7,7,7,0
JF68DEP64_mono_0079,2,2,2,2,0
JF68DEP64_mono_0080,2,2,2,2,0
JF68DEP64_mono_0081,4,4,4,4,0
JF68DEP64_mono_0082,4,4,4,4,0
JF68DEP64_mono_0083,4,4,4,4,0
JF68DEP64_mono_0084,3,3,3,3,0
JF68DEP64_mono_0085,6,6,6,6,0
JF68DEP64_mono_0086,8,8,8,8,0
JF68DEP64_mono_0087,5,5,5,5,0
JF68DEP64_mono_0088,6,6,6,6,0
JF68DEP64_mono_0089,2,2,2,2,0
JF68DEP64_mono_0090,1,1,1,1,0
JF68DEP64_mono_0091,6,6,6,6,0
JF68DEP64_mono_0092,8,8,8,8,0
JF68DEP64_mono_0093,4,4,4,4,0
JF68DEP64_mono_0094,3,3,3,3,0
JF68DEP64_mono_0095,8,8,8,8,0
JF68DEP64_mono_0096,5,5,5,5,0
JF68DEP64_mono_0097,5,5,5,5,0
JF68DEP64_mono_0098,1,1,1,1,0
JF68DEP64_mono_0099,3,3,3,3,0
JF68DEP64_mono_0100,2,2,2,2,0
JF68DEP64_mono_0101,6,6,6,6,0
JF68DEP64_mono_0102,8,8,8,8,0
JF68DEP64_mono_0103,4,4,4,4,0
JF68DEP64_mono_0104,8,8,8,8,0
JF68DEP64_mono_0105,3,3,3,3,0
JF68DEP64_mono_0106,2,2,2,2,0
JF68DEP64_mono_0107,3,3,3,3,0
JF68DEP64_mono_0108,1,1,1,1,0
JF68DEP64_mono_0109,8,8,8,8,0
JF68DEP64_mono_0110,4,4,4,4,0
JF68DEP64_mono_0111,2,2,2,2,0
JF68DEP64_mono_0112,1,1,1,1,0
JF68DEP64_mono_0113,2,2,2,2,0
JF68DEP64_mono_0114,5,5,5,5,0
JF68DEP64_mono_0115,1,1,1,1,0
JF68DEP64_mono_0116,1,1,1,1,0
JF68DEP64_mono_0117,4,4,4,4,0
JF68DEP64_mono_0118,6,6,6,6,0
JF68DEP64_mono_0119,4,4,4,4,0
JF68DEP64_mono_0120,3,3,3,3,0
JF68DEP64_mono_0121,4,4,4,4,0
JF68DEP64_mono_0122,6,6,6,6,0
JF68DEP64_mono_0123,2,2,2,2,0
JF68DEP64_mono_0124,6,6,6,6,0
JF68DEP64_mono_0125,5,5,5,5,0
JF68DEP64_mono_0126,4,4,4,4,0
JF68DEP64_mono_0127,3,3,3,3,0
JF68DEP64_mono_0128,3,3,3,3,0
JF68DEP64_mono_0129,2,2,2,2,0
JF68DEP64_mono_0130,4,4,4,4,0
JF68DEP64_mono_0131,2,2,2,2,0
JF68DEP64_mono_0132,3,3,3,3,0
JF68DEP64_mono_0133,4,4,4,4,0
JF68DEP64_mono_0134,7,7,7,7,0
JF68DEP64_mono_0135,6,6,6,6,0
JF68DEP64_mono_0136,4,4,4,4,0
JF68DEP64_mono_0137,4,4,4,4,0
JF68DEP64_mono_0138,5,5,5,5,0
JF68DEP64_mono_0139,8,8,8,8,0
JF68DEP64_mono_0140,5,5,5,5,0
JF68DEP64_mono_0141,3,3,3,3,0
JF68DEP64_mono_0142,5,5,5,5,0
JF68DEP64_mono_0143,6,6,6,6,0
JF68DEP64_mono_0144,6,6,6,6,0
JF68DEP64_mono_0145,5,5,5,5,0
JF68DEP64_mono_0146,1,1,1,1,0
JF68DEP64_mono_0147,5,5,5,5,0
JF68DEP64_mono_0148,1,1,1,1,0
JF68DEP64_mono_0149,3,3,3,3,0
JF68DEP64_mono_0150,5,5,5,5,0
JF68DEP64_mono_0151,7,7,7,7,0
JF68DEP64_mono_0152,5,5,5,5,0
JF68DEP64_mono_0153,2,2,2,2,0
JF68DEP64_mono_0154,4,4,4,4,0
JF68DEP64_mono_0155,4,4,4,4,0
JF68DEP64_mono_0156,3,3,3,3,0
JF68DEP64_mono_0157,7,7,7,7,0
JF68DEP64_mono_0158,6,6,6,6,0
JF68DEP64_mono_0159,4,4,4,4,0
JF68DEP64_mono_0160,1,1,1,1,0
JF68DEP64_mono_0161,1,1,1,1,0
JF68DEP64_mono_0162,4,4,4,4,0
JF68DEP64_mono_0163,4,4,4,4,0
JF68DEP64_mono_0164,2,2,2,2,0
JF68DEP64_mono_0165,1,1,1,1,0
JF68DEP64_mono_0166,4,4,4,4,0
JF68DEP64_mono_0167,3,3,3,3,0
JF68DEP64_mono_0168,1,1,1,1,0
JF68DEP64_mono_0169,2,2,2,2,0
JF68DEP64_mono_0170,1,1,1,1,0
JF68DEP64_mono_0171,5,5,5,5,0
JF68DEP64_mono_0172,6,6,6,6,0
JF68DEP64_mono_0173,2,2,2,2,0
JF68DEP64_mono_0174,5,5,5,5,0
JF68DEP64_mono_0175,4,4,4,4,0
JF68DEP64_mono_0176,4,4,4,4,0
JF68DEP64_mono_0177,4,4,4,4,0
JF68DEP64_mono_0178,6,6,6,6,0
JF68DEP64_mono_0179,6,6,6,6,0
JF68DEP64_mono_0180,5,5,5,5,0
JF68DEP64_mono_0181,5,5,5,5,0
JF68DEP64_mono_0182,1,1,1,1,0
JF68DEP64_mono_0183,3,3,3,3,0
JF68DEP64_mono_0184,2,2,2,2,0
JF68DEP64_mono_0185,3,3,3,3,0
JF68DEP64_mono_0186,7,7,7,7,0
JF68DEP64_mono_0187,1,1,1,1,0
JF68DEP64_mono_0188,3,3,3,3,0
JF68DEP64_mono_0189,4,4,4,4,0
JF68DEP64_mono_0190,1,1,1,1,0
LADEEDOOD_mono_0001,5,5,5,5,0
LADEEDOOD_mono_0002,5,5,5,5,0
LADEEDOOD_mono_0003,4,4,4,4,0
LADEEDOOD_mono_0004,7,7,7,7,0
LADEEDOOD_mono_0005,3,3,3,3,0
LADEEDOOD_mono_0006,3,3,3,3,0
LADEEDOOD_mono_0007,1,1,1,1,0
LADEEDOOD_mono_0008,7,7,7,7,0
LADEEDOOD_mono_0009,5,5,5,5,0
LADEEDOOD_mono_0010,4,4,4,4,0
LADEEDOOD_mono_0011,4,4,4,4,0
LADEEDOOD_mono_0012,1,1,1,1,0
LADEEDOOD_mono_0013,4,4,4,4,0
LADEEDOOD_mono_0014,5,5,5,5,0
LADEEDOOD_mono_0015,1,1,1,1,0
LADEEDOOD_mono_0016,3,3,3,3,0
LADEEDOOD_mono_0017,4,4,4,4,0
LADEEDOOD_mono_0018,3,3,3,3,0
LADEEDOOD_mono_0019,1,1,1,1,0
LADEEDOOD_mono_0020,1,1,1,1,0
LADEEDOOD_mono_0021,7,7,7,7,0
LADEEDOOD_mono_0022,1,1,1,1,0
LADEEDOOD_mono_0023,6,6,6,6,0
LADEEDOOD_mono_0024,1,1,1,1,0
LADEEDOOD_mono_0025,4,4,4,4,0
LADEEDOOD_mono_0026,8,8,8,8,0
LADEEDOOD_mono_0027,1,1,1,1,0
LADEEDOOD_mono_0028,6,6,6,6,0
LADEEDOOD_mono_0029,7,7,7,7,0
LADEEDOOD_mono_0030,7,7,7,7,0
LADEEDOOD_mono_0031,8,8,8,8,0
LADEEDOOD_mono_0032,3,3,3,3,0
LADEEDOOD_mono_0033,5,5,5,5,0
LADEEDOOD_mono_0034,3,3,3,3,0
LADEEDOOD_mono_0035,2,2,2,2,0
LADEEDOOD_mono_0036,2,2,2,2,0
LADEEDOOD_mono_0037,4,4,4,4,0
LADEEDOOD_mono_0038,4,4,4,4,0
LADEEDOOD_mono_0039,4,4,4,4,0
LADEEDOOD_mono_0040,4,4,4,4,0
LADEEDOOD_mono_0041,2,2,2,2,0
LADEEDOOD_mono_0042,2,2,2,2,0
LADEEDOOD_mono_0043,4,4,4,4,0
LADEEDOOD_mono_0044,3,3,3,3,0
LADEEDOOD_mono_0045,2,2,2,2,0
LADEEDOOD_mono_0046,1,1,1,1,0
LADEEDOOD_mono_0047,4,4,4,4,0
LADEEDOOD_mono_0048,4,4,4,4,0
LADEEDOOD_mono_0049,2,2,2,2,0
LADEEDOOD_mono_0050,2,2,2,2,0
LADEEDOOD_mono_0051,3,3,3,3,0
LADEEDOOD_mono_0052,2,2,2,2,0
LADEEDOOD_mono_0053,7,7,7,7,0
LADEEDOOD_mono_0054,6,6,6,6,0
LADEEDOOD_mono_0055,6,6,6,6,0
LADEEDOOD_mono_0056,1,1,1,1,0
LADEEDOOD_mono_0057,3,3,3,3,0
LADEEDOOD_mono_0058,7,7,7,7,0
LADEEDOOD_mono_0059,4,4,4,4,0
LADEEDOOD_mono_0060,5,5,5,5,0
LADEEDOOD_mono_0061,8,8,8,8,0
LADEEDOOD_mono_0062,1,1,1,1,0
LADEEDOOD_mono_0063,2,2,2,2,0
LADEEDOOD_mono_0064,3,3,3,3,0
LADEEDOOD_mono_0065,7,7,7,7,0
LADEEDOOD_mono_0066,3,3,3,3,0
LADEEDOOD_mono_0067,3,3,3,3,0
LADEEDOOD_mono_0068,4,4,4,4,0
LADEEDOOD_mono_0069,3,3,3,3,0
LADEEDOOD_mono_0070,7,7,7,7,0
LADEEDOOD_mono_0071,7,7,7,7,0
LADEEDOOD_mono_0072,2,2,2,2,0
LADEEDOOD_mono_0073,4,4,4,4,0
LADEEDOOD_mono_0074,6,6,6,6,0
LADEEDOOD_mono_0075,4,4,4,4,0
LADEEDOOD_mono_0076,7,7,7,7,0
LADEEDOOD_mono_0077,3,3,3,3,0
LADEEDOOD_mono_0078,1,1,1,1,0
LADEEDOOD_mono_0079,6,6,6,6,0
LADEEDOOD_mono_0080,1,1,1,1,0
LADEEDOOD_mono_0081,5,5,5,5,0
LADEEDOOD_mono_0082,3,3,3,3,0
LADEEDOOD_mono_0083,5,5,5,5,0
LADEEDOOD_mono_0084,3,3,3,3,0
LADEEDOOD_mono_0085,8,8,8,8,0
LADEEDOOD_mono_0086,1,1,1,1,0
LADEEDOOD_mono_0087,3,3,3,3,0
LADEEDOOD_mono_0088,8,8,8,8,0
LADEEDOOD_mono_0089,7,7,7,7,0
LADEEDOOD_mono_0090,4,4,4,4,0
LADEEDOOD_mono_0091,2,2,2,2,0
LADEEDOOD_mono_0092,4,4,4,4,0
LADEEDOOD_mono_0093,2,2,2,2,0
LADEEDOOD_mono_0094,4,4,4,4,0
LADEEDOOD_mono_0095,4,4,4,4,0
LADEEDOOD_mono_0096,4,4,4,4,0
LADEEDOOD_mono_0097,8,8,8,8,0
LADEEDOOD_mono_0098,5,5,5,5,0
LADEEDOOD_mono_0099,2,2,2,2,0
LADEEDOOD_mono_0100,2,2,2,2,0
LADEEDOOD_mono_0101,2,2,2,2,0
LADEEDOOD_mono_0102,1,1,1,1,0
LADEEDOOD_mono_0103,2,2,2,2,0
LADEEDOOD_mono_0104,3,3,3,3,0
LADEEDOOD_mono_0105,3,3,3,3,0
LADEEDOOD_mono_0106,4,4,4,4,0
LADEEDOOD_mono_0107,1,1,1,1,0
LADEEDOOD_mono_0108,1,1,1,1,0
LADEEDOOD_mono_0109,3,3,3,3,0
LADEEDOOD_mono_0110,2,2,2,2,0
LADEEDOOD_mono_0111,2,2,2,2,0
LADEEDOOD_mono_0112,6,6,6,6,0
LADEEDOOD_mono_0113,4,4,4,4,0
LADEEDOOD_mono_0114,3,3,3,3,0
LADEEDOOD_mono_0115,5,5,5,5,0
LADEEDOOD_mono_0116,2,2,2,2,0
LADEEDOOD_mono_0117,4,4,4,4,0
LADEEDOOD_mono_0118,3,3,3,3,0
LADEEDOOD_mono_0119,3,3,3,3,0
LADEEDOOD_mono_0120,4,4,4,4,0
LADEEDOOD_mono_0121,4,4,4,4,0
LADEEDOOD_mono_0122,8,8,8,8,0
LADEEDOOD_mono_0123,1,1,1,1,0
LADEEDOOD_mono_0124,5,5,5,5,0
LADEEDOOD_mono_0125,2,2,2,2,0
LADEEDOOD_mono_0126,1,1,1,1,0
LADEEDOOD_mono_0127,2,2,2,2,0
LADEEDOOD_mono_0128,2,2,2,2,0
LADEEDOOD_mono_0129,2,2,2,2,0
LADEEDOOD_mono_0130,4,4,4,4,0
LADEEDOOD_mono_0131,4,4,4,4,0
LADEEDOOD_mono_0132,7,7,7,7,0
LADEEDOOD_mono_0133,2,2,2,2,0
LADEEDOOD_mono_0134,4,4,4,4,0
LADEEDOOD_mono_0135,4,4,4,4,0
LADEEDOOD_mono_0136,2,2,2,2,0
LADEEDOOD_mono_0137,6,6,6,6,0
LADEEDOOD_mono_0138,3,3,3,3,0
LADEEDOOD_mono_0139,2,2,2,2,0
LADEEDOOD_mono_0140,2,2,2,2,0
LADEEDOOD_mono_0141,2,2,2,2,0
LADEEDOOD_mono_0142,3,3,3,3,0
LADEEDOOD_mono_0143,2,2,2,2,0
LADEEDOOD_mono_0144,4,4,4,4,0
LADEEDOOD_mono_0145,4,4,4,4,0
LADEEDOOD_mono_0146,1,1,1,1,0
LADEEDOOD_mono_0147,5,5,5,5,0
LADEEDOOD_mono_0148,5,5,5,5,0
LADEEDOOD_mono_0149,4,4,4,4,0
LADEEDOOD_mono_0150,1,1,1,1,0
LADEEDOOD_mono_0151,1,1,1,1,0
LADEEDOOD_mono_0152,3,3,3,3,0
LADEEDOOD_mono_0153,2,2,2,2,0
LADEEDOOD_mono_0154,4,4,4,4,0
LADEEDOOD_mono_0155,4,4,4,4,0
LADEEDOOD_mono_0156,3,3,3,3,0
LADEEDOOD_mono_0157,1,1,1,1,0
LADEEDOOD_mono_0158,1,1,1,1,0
LADEEDOOD_mono_0159,4,4,4,4,0
LADEEDOOD_mono_0160,6,6,6,6,0
LADEEDOOD_mono_0161,5,5,5,5,0
LADEEDOOD_mono_0162,3,3,3,3,0
LADEEDOOD_mono_0163,7,7,7,7,0
LADEEDOOD_mono_0164,5,5,5,5,0
LADEEDOOD_mono_0165,1,1,1,1,0
LADEEDOOD_mono_0166,7,7,7,7,0
LADEEDOOD_mono_0167,3,3,3,3,0
LADEEDOOD_mono_0168,1,1,1,1,0
LADEEDOOD_mono_0169,3,3,3,3,0
LADEEDOOD_mono_0170,2,2,2,2,0
LADEEDOOD_mono_0171,4,4,4,4,0
LADEEDOOD_mono_0172,3,3,3,3,0
LADEEDOOD_mono_0173,3,3,3,3,0
LADEEDOOD_mono_0174,3,3,3,3,0
LADEEDOOD_mono_0175,4,4,4,4,0
LADEEDOOD_mono_0176,7,7,7,7,0
LADEEDOOD_mono_0177,5,5,5,5,0
LADEEDOOD_mono_0178,4,4,4,4,0
LADEEDOOD_mono_0179,5,5,5,5,0
LADEEDOOD_mono_0180,2,2,2,2,0
LADEEDOOD_mono_0181,3,3,3,3,0
LADEEDOOD_mono_0182,4,4,4,4,0
LADEEDOOD_mono_0183,7,7,7,7,0
LADEEDOOD_mono_0184,7,7,7,7,0
LADEEDOOD_mono_0185,3,3,3,3,0
LADEEDOOD_mono_0186,5,5,5,5,0
LADEEDOOD_mono_0187,2,2,2,2,0
LADEEDOOD_mono_0188,4,4,4,4,0
LSKDJOZKD_mono_0001,1,1,1,1,0
LSKDJOZKD_mono_0002,6,6,6,6,0
LSKDJOZKD_mono_0003,3,3,3,3,0
LSKDJOZKD_mono_0004,2,2,2,2,0
LSKDJOZKD_mono_0005,1,1,1,1,0
LSKDJOZKD_mono_0006,6,6,6,6,0
LSKDJOZKD_mono_0007,4,4,4,4,0
LSKDJOZKD_mono_0008,5,5,5,5,0
LSKDJOZKD_mono_0009,1,1,1,1,0
LSKDJOZKD_mono_0010,7,7,7,7,0
LSKDJOZKD_mono_0011,6,6,6,6,0
LSKDJOZKD_mono_0012,2,2,2,2,0
LSKDJOZKD_mono_0013,7,7,7,7,0
LSKDJOZKD_mono_0014,1,1,1,1,0
LSKDJOZKD_mono_0015,7,7,7,7,0
LSKDJOZKD_mono_0016,7,7,7,7,0
LSKDJOZKD_mono_0017,3,3,3,3,0
LSKDJOZKD_mono_0018,2,2,2,2,0
LSKDJOZKD_mono_0019,1,1,1,1,0
LSKDJOZKD_mono_0020,8,8,8,8,0
LSKDJOZKD_mono_0021,1,1,1,1,0
LSKDJOZKD_mono_0022,7,7,7,7,0
LSKDJOZKD_mono_0023,7,7,7,7,0
LSKDJOZKD_mono_0024,3,3,3,3,0
LSKDJOZKD_mono_0025,3,3,3,3,0
LSKDJOZKD_mono_0026,8,8,8,8,0
LSKDJOZKD_mono_0027,4,4,4,4,0
LSKDJOZKD_mono_0028,4,4,4,4,0
LSKDJOZKD_mono_0029,5,5,5,5,0
LSKDJOZKD_mono_0030,2,2,2,2,0
LSKDJOZKD_mono_0031,1,1,1,1,0
LSKDJOZKD_mono_0032,2,2,2,2,0
LSKDJOZKD_mono_0033,2,2,2,2,0
LSKDJOZKD_mono_0034,6,6,6,6,0
LSKDJOZKD_mono_0035,6,6,6,6,0
LSKDJOZKD_mono_0036,1,1,1,1,0
LSKDJOZKD_mono_0037,3,3,3,3,0
LSKDJOZKD_mono_0038,2,2,2,2,0
LSKDJOZKD_mono_0039,7,7,7,7,0
LSKDJOZKD_mono_0040,5,5,5,5,0
LSKDJOZKD_mono_0041,4,4,4,4,0
LSKDJOZKD_mono_0042,6,6,6,6,0
LSKDJOZKD_mono_0043,7,7,7,7,0
LSKDJOZKD_mono_0044,8,8,8,8,0
LSKDJOZKD_mono_0045,7,7,7,7,0
LSKDJOZKD_mono_0046,7,7,7,7,0
LSKDJOZKD_mono_0047,6,6,6,6,0
LSKDJOZKD_mono_0048,1,1,1,1,0
LSKDJOZKD_mono_0049,2,2,2,2,0
LSKDJOZKD_mono_0050,3,3,3,3,0
LSKDJOZKD_mono_0051,8,8,8,8,0
LSKDJOZKD_mono_0052,2,2,2,2,0
LSKDJOZKD_mono_0053,3,3,3,3,0
LSKDJOZKD_mono_0054,8,8,8,8,0
LSKDJOZKD_mono_0055,4,4,4,4,0
LSKDJOZKD_mono_0056,2,2,2,2,0
LSKDJOZKD_mono_0057,8,8,8,8,0
LSKDJOZKD_mono_0058,2,2,2,2,0
LSKDJOZKD_mono_0059,8,8,8,8,0
LSKDJOZKD_mono_0060,6,6,6,6,0
LSKDJOZKD_mono_0061,1,1,1,1,0
LSKDJOZKD_mono_0062,3,3,3,3,0
LSKDJOZKD_mono_0063,4,4,4,4,0
LSKDJOZKD_mono_0064,2,2,2,2,0
LSKDJOZKD_mono_0065,5,5,5,5,0
LSKDJOZKD_mono_0066,2,2,2,2,0
LSKDJOZKD_mono_0067,1,1,1,1,0
LSKDJOZKD_mono_0068,2,2,2,2,0
LSKDJOZKD_mono_0069,1,1,1,1,0
LSKDJOZKD_mono_0070,2,2,2,2,0
LSKDJOZKD_mono_0071,6,6,6,6,0
LSKDJOZKD_mono_0072,2,2,2,2,0
LSKDJOZKD_mono_0073,2,2,2,2,0
LSKDJOZKD_mono_0074,5,5,5,5,0
LSKDJOZKD_mono_0075,1,1,1,1,0
LSKDJOZKD_mono_0076,2,2,2,2,0
LSKDJOZKD_mono_0077,3,3,3,3,0
LSKDJOZKD_mono_0078,3,3,3,3,0
LSKDJOZKD_mono_0079,1,1,1,1,0
LSKDJOZKD_mono_0080,5,5,5,5,0
LSKDJOZKD_mono_0081,1,1,1,1,0
LSKDJOZKD_mono_0082,6,6,6,6,0
LSKDJOZKD_mono_0083,6,6,6,6,0
LSKDJOZKD_mono_0084,2,2,2,2,0
LSKDJOZKD_mono_0085,2,2,2,2,0
LSKDJOZKD_mono_0086,1,1,1,1,0
LSKDJOZKD_mono_0087,2,2,2,2,0
LSKDJOZKD_mono_0088,6,6,6,6,0
LSKDJOZKD_mono_0089,2,2,2,2,0
LSKDJOZKD_mono_0090,3,3,3,3,0
LSKDJOZKD_mono_0091,1,1,1,1,0
LSKDJOZKD_mono_0092,7,7,7,7,0
LSKDJOZKD_mono_0093,6,6,6,6,0
LSKDJOZKD_mono_0094,4,4,4,4,0
LSKDJOZKD_mono_0095,7,7,7,7,0
LSKDJOZKD_mono_0096,7,7,7,7,0
LSKDJOZKD_mono_0097,5,5,5,5,0
LSKDJOZKD_mono_0098,3,3,3,3,0
LSKDJOZKD_mono_0099,3,3,3,3,0
LSKDJOZKD_mono_0100,3,3,3,3,0
LSKDJOZKD_mono_0101,3,3,3,3,0
LSKDJOZKD_mono_0102,2,2,2,2,0
LSKDJOZKD_mono_0103,4,4,4,4,0
LSKDJOZKD_mono_0104,4,4,4,4,0
LSKDJOZKD_mono_0105,2,2,2,2,0
LSKDJOZKD_mono_0106,4,4,4,4,0
LSKDJOZKD_mono_0107,1,1,1,1,0
LSKDJOZKD_mono_0108,1,1,1,1,0
LSKDJOZKD_mono_0109,6,6,6,6,0
LSKDJOZKD_mono_0110,2,2,2,2,0
LSKDJOZKD_mono_0111,6,6,6,6,0
LSKDJOZKD_mono_0112,3,3,3,3,0
LSKDJOZKD_mono_0113,3,3,3,3,0
LSKDJOZKD_mono_0114,2,2,2,2,0
LSKDJOZKD_mono_0115,7,7,7,7,0
LSKDJOZKD_mono_0116,5,5,5,5,0
LSKDJOZKD_mono_0117,3,3,3,3,0
LSKDJOZKD_mono_0118,4,4,4,4,0
LSKDJOZKD_mono_0119,7,7,7,7,0
LSKDJOZKD_mono_0120,7,7,7,7,0
LSKDJOZKD_mono_0121,2,2,2,2,0
LSKDJOZKD_mono_0122,4,4,4,4,0
LSKDJOZKD_mono_0123,6,6,6,6,0
LSKDJOZKD_mono_0124,3,3,3,3,0
LSKDJOZKD_mono_0125,2,2,2,2,0
LSKDJOZKD_mono_0126,3,3,3,3,0
LSKDJOZKD_mono_0127,4,4,4,4,0
LSKDJOZKD_mono_0128,5,5,5,5,0
LSKDJOZKD_mono_0129,8,8,8,8,0
LSKDJOZKD_mono_0130,3,3,3,3,0
LSKDJOZKD_mono_0131,8,8,8,8,0
LSKDJOZKD_mono_0132,3,3,3,3,0
LSKDJOZKD_mono_0133,3,3,3,3,0
LSKDJOZKD_mono_0134,3,3,3,3,0
LSKDJOZKD_mono_0135,8,8,8,8,0
LSKDJOZKD_mono_0136,5,5,5,5,0
LSKDJOZKD_mono_0137,7,7,7,7,0
LSKDJOZKD_mono_0138,6,6,6,6,0
LSKDJOZKD_mono_0139,5,5,5,5,0
LSKDJOZKD_mono_0140,8,8,8,8,0
LSKDJOZKD_mono_0141,7,7,7,7,0
LSKDJOZKD_mono_0142,1,1,1,1,0
LSKDJOZKD_mono_0143,2,2,2,2,0
LSKDJOZKD_mono_0144,4,4,4,4,0
LSKDJOZKD_mono_0145,6,6,6,6,0
LSKDJOZKD_mono_0146,2,2,2,2,0
LSKDJOZKD_mono_0147,5,5,5,5,0
LSKDJOZKD_mono_0148,3,3,3,3,0
LSKDJOZKD_mono_0149,6,6,6,6,0
LSKDJOZKD_mono_0150,3,3,3,3,0
LSKDJOZKD_mono_0151,4,4,4,4,0
LSKDJOZKD_mono_0152,2,2,2,2,0
LSKDJOZKD_mono_0153,6,6,6,6,0
LSKDJOZKD_mono_0154,3,3,3,3,0
LSKDJOZKD_mono_0155,2,2,2,2,0
LSKDJOZKD_mono_0156,1,1,1,1,0
LSKDJOZKD_mono_0157,8,8,8,8,0
LSKDJOZKD_mono_0158,8,8,8,8,0
LSKDJOZKD_mono_0159,4,4,4,4,0
LSKDJOZKD_mono_0160,2,2,2,2,0
LSKDJOZKD_mono_0161,5,5,5,5,0
LSKDJOZKD_mono_0162,2,2,2,2,0
LSKDJOZKD_mono_0163,4,4,4,4,0
LSKDJOZKD_mono_0164,5,5,5,5,0
LSKDJOZKD_mono_0165,7,7,7,7,0
LSKDJOZKD_mono_0166,3,3,3,3,0
LSKDJOZKD_mono_0167,6,6,6,6,0
LSKDJOZKD_mono_0168,3,3,3,3,0
LSKDJOZKD_mono_0169,7,7,7,7,0
LSKDJOZKD_mono_0170,1,1,1,1,0
LSKDJOZKD_mono_0171,8,8,8,8,0
LSKDJOZKD_mono_0172,6,6,6,6,0
LSKDJOZKD_mono_0173,2,2,2,2,0
LSKDJOZKD_mono_0174,4,4,4,4,0
LSKDJOZKD_mono_0175,6,6,6,6,0
LSKDJOZKD_mono_0176,2,2,2,2,0
LSKDJOZKD_mono_0177,6,6,6,6,0
LSKDJOZKD_mono_0178,3,3,3,3,0
LSKDJOZKD_mono_0179,5,5,5,5,0
LSKDJOZKD_mono_0180,1,1,1,1,0
LSKDJOZKD_mono_0181,6,6,6,6,0
LSKDJOZKD_mono_0182,4,4,4,4,0
LSKDJOZKD_mono_0183,6,6,6,6,0
LSKDJOZKD_mono_0184,7,7,7,7,0
LSKDJOZKD_mono_0185,7,7,7,7,0
LSKDJOZKD_mono_0186,5,5,5,5,0
LSKDJOZKD_mono_0187,2,2,2,2,0
LSKDJOZKD_mono_0188,2,2,2,2,0
LSKDJOZKD_mono_0189,6,6,6,6,0
LSKDJOZKD_mono_0190,8,8,8,8,0
LSKDJOZKD_mono_0191,4,4,4,4,0
LSKDJOZKD_mono_0192,3,3,3,3,0
LSKDJOZKD_mono_0193,8,8,8,8,0
LSKDJOZKD_mono_0194,5,5,5,5,0
LSKDJOZKD_mono_0195,2,2,2,2,0
LSKDJOZKD_mono_0196,1,1,1,1,0
LSKDJOZKD_mono_0197,2,2,2,2,0
LSKDJOZKD_mono_0198,1,1,1,1,0
NOISY6969_mono_0001,5,5,5,5,0
NOISY6969_mono_0002,5,5,5,5,0
NOISY6969_mono_0003,5,5,5,5,0
NOISY6969_mono_0004,5,5,5,5,0
NOISY6969_mono_0005,7,7,7,7,0
NOISY6969_mono_0006,4,4,4,4,0
NOISY6969_mono_0007,3,3,3,3,0
NOISY6969_mono_0008,5,5,5,5,0
NOISY6969_mono_0009,4,4,4,4,0
NOISY6969_mono_0010,6,6,6,6,0
NOISY6969_mono_0011,4,4,4,4,0
NOISY6969_mono_0012,5,5,5,5,0
NOISY6969_mono_0013,4,4,4,4,0
NOISY6969_mono_0014,6,6,6,6,0
NOISY6969_mono_0015,5,5,5,5,0
NOISY6969_mono_0016,4,4,4,4,0
NOISY6969_mono_0017,3,3,3,3,0
NOISY6969_mono_0018,5,5,5,5,0
NOISY6969_mono_0019,1,1,1,1,0
NOISY6969_mono_0020,5,5,5,5,0
NOISY6969_mono_0021,2,2,2,2,0
NOISY6969_mono_0022,7,7,7,7,0
NOISY6969_mono_0023,4,4,4,4,0
NOISY6969_mono_0024,4,4,4,4,0
NOISY6969_mono_0025,8,8,8,8,0
NOISY6969_mono_0026,5,5,5,5,0
NOISY6969_mono_0027,8,8,8,8,0
NOISY6969_mono_0028,7,7,7,7,0
NOISY6969_mono_0029,3,3,3,3,0
NOISY6969_mono_0030,5,5,5,5,0
NOISY6969_mono_0031,3,3,3,3,0
NOISY6969_mono_0032,6,6,6,6,0
NOISY6969_mono_0033,4,4,4,4,0
NOISY6969_mono_0034,1,1,1,1,0
NOISY6969_mono_0035,4,4,4,4,0
NOISY6969_mono_0036,7,7,7,7,0
NOISY6969_mono_0037,5,5,5,5,0
NOISY6969_mono_0038,6,6,6,6,0
NOISY6969_mono_0039,6,6,6,6,0
NOISY6969_mono_0040,6,6,6,6,0
NOISY6969_mono_0041,5,5,5,5,0
NOISY6969_mono_0042,5,5,5,5,0
NOISY6969_mono_0043,4,4,4,4,0
NOISY6969_mono_0044,6,6,6,6,0
NOISY6969_mono_0045,7,7,7,7,0
NOISY6969_mono_0046,8,8,8,8,0
NOISY6969_mono_0047,4,4,4,4,0
NOISY6969_mono_0048,3,3,3,3,0
NOISY6969_mono_0049,4,4,4,4,0
NOISY6969_mono_0050,3,3,3,3,0
NOISY6969_mono_0051,2,2,2,2,0
NOISY6969_mono_0052,4,4,4,4,0
NOISY6969_mono_0053,3,3,3,3,0
NOISY6969_mono_0054,1,1,1,1,0
NOISY6969_mono_0055,7,7,7,7,0
NOISY6969_mono_0056,2,2,2,2,0
NOISY6969_mono_0057,4,4,4,4,0
NOISY6969_mono_0058,4,4,4,4,0
NOISY6969_mono_0059,6,6,6,6,0
NOISY6969_mono_0060,5,5,5,5,0
NOISY6969_mono_0061,6,6,6,6,0
NOISY6969_mono_0062,7,7,7,7,0
NOISY6969_mono_0063,4,4,4,4,0
NOISY6969_mono_0064,7,7,7,7,0
NOISY6969_mono_0065,1,1,1,1,0
NOISY6969_mono_0066,3,3,3,3,0
NOISY6969_mono_0067,5,5,5,5,0
NOISY6969_mono_0068,5,5,5,5,0
NOISY6969_mono_0069,6,6,6,6,0
NOISY6969_mono_0070,4,4,4,4,0
NOISY6969_mono_0071,3,3,3,3,0
NOISY6969_mono_0072,3,3,3,3,0
NOISY6969_mono_0073,3,3,3,3,0
NOISY6969_mono_0074,2,2,2,2,0
NOISY6969_mono_0075,4,4,4,4,0
NOISY6969_mono_0076,4,4,4,4,0
NOISY6969_mono_0077,3,3,3,3,0
NOISY6969_mono_0078,5,5,5,5,0
NOISY6969_mono_0079,7,7,7,7,0
NOISY6969_mono_0080,5,5,5,5,0
NOISY6969_mono_0081,2,2,2,2,0
NOISY6969_mono_0082,2,2,2,2,0
NOISY6969_mono_0083,7,7,7,7,0
NOISY6969_mono_0084,7,7,7,7,0
NOISY6969_mono_0085,4,4,4,4,0
NOISY6969_mono_0086,5,5,5,5,0
NOISY6969_mono_0087,4,4,4,4,0
NOISY6969_mono_0088,3,3,3,3,0
NOISY6969_mono_0089,6,6,6,6,0
NOISY6969_mono_0090,6,6,6,6,0
NOISY6969_mono_0091,4,4,4,4,0
NOISY6969_mono_0092,3,3,3,3,0
NOISY6969_mono_0093,7,7,7,7,0
NOISY6969_mono_0094,5,5,5,5,0
NOISY6969_mono_0095,7,7,7,7,0
NOISY6969_mono_0096,5,5,5,5,0
NOISY6969_mono_0097,8,8,8,8,0
NOISY6969_mono_0098,5,5,5,5,0
NOISY6969_mono_0099,8,8,8,8,0
NOISY6969_mono_0100,1,1,1,1,0
NOISY6969_mono_0101,5,5,5,5,0
NOISY6969_mono_0102,5,5,5,5,0
NOISY6969_mono_0103,4,4,4,4,0
NOISY6969_mono_0104,5,5,5,5,0
NOISY6969_mono_0105,5,5,5,5,0
NOISY6969_mono_0106,4,4,4,4,0
NOISY6969_mono_0107,3,3,3,3,0
NOISY6969_mono_0108,6,6,6,6,0
NOISY6969_mono_0109,6,6,6,6,0
NOISY6969_mono_0110,7,7,7,7,0
NOISY6969_mono_0111,6,6,6,6,0
NOISY6969_mono_0112,7,7,7,7,0
NOISY6969_mono_0113,4,4,4,4,0
NOISY6969_mono_0114,5,5,5,5,0
NOISY6969_mono_0115,1,1,1,1,0
NOISY6969_mono_0116,5,5,5,5,0
NOISY6969_mono_0117,5,5,5,5,0
NOISY6969_mono_0118,5,5,5,5,0
NOISY6969_mono_0119,7,7,7,7,0
NOISY6969_mono_0120,4,4,4,4,0
NOISY6969_mono_0121,4,4,4,4,0
NOISY6969_mono_0122,3,3,3,3,0
NOISY6969_mono_0123,5,5,5,5,0
NOISY6969_mono_0124,6,6,6,6,0
NOISY6969_mono_0125,1,1,1,1,0
NOISY6969_mono_0126,8,8,8,8,0
NOISY6969_mono_0127,1,1,1,1,0
NOISY6969_mono_0128,6,6,6,6,0
NOISY6969_mono_0129,6,6,6,6,0
NOISY6969_mono_0130,8,8,8,8,0
NOISY6969_mono_0131,6,6,6,6,0
NOISY6969_mono_0132,4,4,4,4,0
NOISY6969_mono_0133,6,6,6,6,0
NOISY6969_mono_0134,8,8,8,8,0
NOISY6969_mono_0135,4,4,4,4,0
NOISY6969_mono_0136,6,6,6,6,0
NOISY6969_mono_0137,1,1,1,1,0
NOISY6969_mono_0138,7,7,7,7,0
NOISY6969_mono_0139,1,1,1,1,0
NOISY6969_mono_0140,2,2,2,2,0
NOISY6969_mono_0141,1,1,1,1,0
NOISY6969_mono_0142,5,5,5,5,0
NOISY6969_mono_0143,6,6,6,6,0
NOISY6969_mono_0144,5,5,5,5,0
NOISY6969_mono_0145,3,3,3,3,0
NOISY6969_mono_0146,3,3,3,3,0
NOISY6969_mono_0147,4,4,4,4,0
NOISY6969_mono_0148,5,5,5,5,0
NOISY6969_mono_0149,3,3,3,3,0
NOISY6969_mono_0150,3,3,3,3,0
NOISY6969_mono_0151,4,4,4,4,0
NOISY6969_mono_0152,7,7,7,7,0
NOISY6969_mono_0153,1,1,1,1,0
NOISY6969_mono_0154,7,7,7,7,0
NOISY6969_mono_0155,6,6,6,6,0
NOISY6969_mono_0156,5,5,5,5,0
NOISY6969_mono_0157,4,4,4,4,0
NOISY6969_mono_0158,4,4,4,4,0
NOISY6969_mono_0159,5,5,5,5,0
NOISY6969_mono_0160,1,1,1,1,0
NOISY6969_mono_0161,4,4,4,4,0
NOISY6969_mono_0162,7,7,7,7,0
NOISY6969_mono_0163,5,5,5,5,0
NOISY6969_mono_0164,4,4,4,4,0
NOISY6969_mono_0165,5,5,5,5,0
NOISY6969_mono_0166,5,5,5,5,0
NOISY6969_mono_0167,4,4,4,4,0
NOISY6969_mono_0168,4,4,4,4,0
NOISY6969_mono_0169,3,3,3,3,0
NOISY6969_mono_0170,3,3,3,3,0
NOISY6969_mono_0171,6,6,6,6,0
NOISY6969_mono_0172,5,5,5,5,0
NOISY6969_mono_0173,5,5,5,5,0
NOISY6969_mono_0174,5,5,5,5,0
NOISY6969_mono_0175,6,6,6,6,0
NOISY6969_mono_0176,8,8,8,8,0
NOISY6969_mono_0177,3,3,3,3,0
NOISY6969_mono_0178,7,7,7,7,0
NOISY6969_mono_0179,6,6,6,6,0
NOISY6969_mono_0180,4,4,4,4,0
NOISY6969_mono_0181,8,8,8,8,0
NOISY6969_mono_0182,4,4,4,4,0
NOISY6969_mono_0183,7,7,7,7,0
NOISY6969_mono_0184,7,7,7,7,0
NOISY6969_mono_0185,4,4,4,4,0
NOISY6969_mono_0186,3,3,3,3,0
NOISY6969_mono_0187,1,1,1,1,0
NOISY6969_mono_0188,5,5,5,5,0
NOISY6969_mono_0189,7,7,7,7,0
NOISY6969_mono_0190,4,4,4,4,0
NOISY6969_mono_0191,4,4,4,4,0
NOISY6969_mono_0192,6,6,6,6,0
NOISY6969_mono_0193,3,3,3,3,0
NOISY6969_mono_0194,3,3,3,3,0
NOISY6969_mono_0195,8,8,8,8,0
NOISY6969_mono_0196,4,4,4,4,0
NOISY6969_mono_0197,7,7,7,7,0
NOISY6969_mono_0198,3,3,3,3,0
NOISY6969_mono_0199,3,3,3,3,0
NOISY6969_mono_0200,4,4,4,4,0
NOISY6969_mono_0201,3,3,3,3,0
NOISY6969_mono_0202,1,1,1,1,0
NOISY6969_mono_0203,2,2,2,2,0
NOISY6969_mono_0204,6,6,6,6,0
NOISY6969_mono_0205,4,4,4,4,0
NOISY6969_mono_0206,5,5,5,5,0
NOISY6969_mono_0207,4,4,4,4,0
NOISY6969_mono_0208,3,3,3,3,0
NOISY6969_mono_0209,6,6,6,6,0
NOISY6969_mono_0210,7,7,7,7,0
NOISY6969_mono_0211,5,5,5,5,0
NOISY6969_mono_0212,7,7,7,7,0
NOISY6969_mono_0213,6,6,6,6,0
NOISY6969_mono_0214,2,2,2,2,0
NOISY6969_mono_0215,2,2,2,2,0
PEEPOOPEE_mono_0001,1,1,1,1,0
PEEPOOPEE_mono_0002,2,2,2,2,0
PEEPOOPEE_mono_0003,6,6,6,6,0
PEEPOOPEE_mono_0004,3,3,3,3,0
PEEPOOPEE_mono_0005,4,4,4,4,0
PEEPOOPEE_mono_0006,2,2,2,2,0
PEEPOOPEE_mono_0007,2,2,2,2,0
PEEPOOPEE_mono_0008,2,2,2,2,0
PEEPOOPEE_mono_0009,2,2,2,2,0
PEEPOOPEE_mono_0010,2,2,2,2,0
PEEPOOPEE_mono_0011,8,8,8,8,0
PEEPOOPEE_mono_0012,2,2,2,2,0
PEEPOOPEE_mono_0013,7,7,7,7,0
PEEPOOPEE_mono_0014,2,2,2,2,0
PEEPOOPEE_mono_0015,2,2,2,2,0
PEEPOOPEE_mono_0016,3,3,3,3,0
PEEPOOPEE_mono_0017,1,1,1,1,0
PEEPOOPEE_mono_0018,8,8,8,8,0
PEEPOOPEE_mono_0019,2,2,2,2,0
PEEPOOPEE_mono_0020,8,8,8,8,0
PEEPOOPEE_mono_0021,8,8,8,8,0
PEEPOOPEE_mono_0022,3,3,3,3,0
PEEPOOPEE_mono_0023,1,1,1,1,0
PEEPOOPEE_mono_0024,3,3,3,3,0
PEEPOOPEE_mono_0025,3,3,3,3,0
PEEPOOPEE_mono_0026,1,1,1,1,0
PEEPOOPEE_mono_0027,4,4,4,4,0
PEEPOOPEE_mono_0028,4,4,4,4,0
PEEPOOPEE_mono_0029,8,8,8,8,0
PEEPOOPEE_mono_0030,3,3,3,3,0
PEEPOOPEE_mono_0031,3,3,3,3,0
PEEPOOPEE_mono_0032,1,1,1,1,0
PEEPOOPEE_mono_0033,3,3,3,3,0
PEEPOOPEE_mono_0034,8,8,8,8,0
PEEPOOPEE_mono_0035,3,3,3,3,0
PEEPOOPEE_mono_0036,3,3,3,3,0
PEEPOOPEE_mono_0037,4,4,4,4,0
PEEPOOPEE_mono_0038,3,3,3,3,0
PEEPOOPEE_mono_0039,3,3,3,3,0
PEEPOOPEE_mono_0040,4,4,4,4,0
PEEPOOPEE_mono_0041,4,4,4,4,0
PEEPOOPEE_mono_0042,3,3,3,3,0
PEEPOOPEE_mono_0043,4,4,4,4,0
PEEPOOPEE_mono_0044,4,4,4,4,0
PEEPOOPEE_mono_0045,2,2,2,2,0
PEEPOOPEE_mono_0046,8,8,8,8,0
PEEPOOPEE_mono_0047,4,4,4,4,0
PEEPOOPEE_mono_0048,3,3,3,3,0
PEEPOOPEE_mono_0049,2,2,2,2,0
PEEPOOPEE_mono_0050,3,3,3,3,0
PEEPOOPEE_mono_0051,8,8,8,8,0
PEEPOOPEE_mono_0052,2,2,2,2,0
PEEPOOPEE_mono_0053,4,4,4,4,0
PEEPOOPEE_mono_0054,3,3,3,3,0
PEEPOOPEE_mono_0055,4,4,4,4,0
PEEPOOPEE_mono_0056,2,2,2,2,0
PEEPOOPEE_mono_0057,2,2,2,2,0
PEEPOOPEE_mono_0058,8,8,8,8,0
PEEPOOPEE_mono_0059,8,8,8,8,0
PEEPOOPEE_mono_0060,4,4,4,4,0
PEEPOOPEE_mono_0061,3,3,3,3,0
PEEPOOPEE_mono_0062,2,2,2,2,0
PEEPOOPEE_mono_0063,3,3,3,3,0
PEEPOOPEE_mono_0064,2,2,2,2,0
PEEPOOPEE_mono_0065,7,7,7,7,0
PEEPOOPEE_mono_0066,1,1,1,1,0
PEEPOOPEE_mono_0067,1,1,1,1,0
PEEPOOPEE_mono_0068,4,4,4,4,0
PEEPOOPEE_mono_0069,2,2,2,2,0
PEEPOOPEE_mono_0070,3,3,3,3,0
PEEPOOPEE_mono_0071,8,8,8,8,0
PEEPOOPEE_mono_0072,8,8,8,8,0
PEEPOOPEE_mono_0073,2,2,2,2,0
PEEPOOPEE_mono_0074,7,7,7,7,0
PEEPOOPEE_mono_0075,7,7,7,7,0
PEEPOOPEE_mono_0076,8,8,8,8,0
PEEPOOPEE_mono_0077,8,8,8,8,0
PEEPOOPEE_mono_0078,2,2,2,2,0
PEEPOOPEE_mono_0079,3,3,3,3,0
PEEPOOPEE_mono_0080,5,5,5,5,0
PEEPOOPEE_mono_0081,5,5,5,5,0
PEEPOOPEE_mono_0082,3,3,3,3,0
PEEPOOPEE_mono_0083,2,2,2,2,0
PEEPOOPEE_mono_0084,8,8,8,8,0
PEEPOOPEE_mono_0085,3,3,3,3,0
PEEPOOPEE_mono_0086,3,3,3,3,0
PEEPOOPEE_mono_0087,6,6,6,6,0
PEEPOOPEE_mono_0088,6,6,6,6,0
PEEPOOPEE_mono_0089,4,4,4,4,0
PEEPOOPEE_mono_0090,2,2,2,2,0
PEEPOOPEE_mono_0091,4,4,4,4,0
PEEPOOPEE_mono_0092,4,4,4,4,0
PEEPOOPEE_mono_0093,3,3,3,3,0
PEEPOOPEE_mono_0094,3,3,3,3,0
PEEPOOPEE_mono_0095,3,3,3,3,0
PEEPOOPEE_mono_0096,1,1,1,1,0
PEEPOOPEE_mono_0097,3,3,3,3,0
PEEPOOPEE_mono_0098,8,8,8,8,0
PEEPOOPEE_mono_0099,8,8,8,8,0
PEEPOOPEE_mono_0100,7,7,7,7,0
PEEPOOPEE_mono_0101,8,8,8,8,0
PEEPOOPEE_mono_0102,2,2,2,2,0
PEEPOOPEE_mono_0103,7,7,7,7,0
PEEPOOPEE_mono_0104,7,7,7,7,0
PEEPOOPEE_mono_0105,1,1,1,1,0
PEEPOOPEE_mono_0106,4,4,4,4,0
PEEPOOPEE_mono_0107,2,2,2,2,0
PEEPOOPEE_mono_0108,2,2,2,2,0
PEEPOOPEE_mono_0109,6,6,6,6,0
PEEPOOPEE_mono_0110,3,3,3,3,0
PEEPOOPEE_mono_0111,1,1,1,1,0
PEEPOOPEE_mono_0112,1,1,1,1,0
PEEPOOPEE_mono_0113,3,3,3,3,0
PEEPOOPEE_mono_0114,2,2,2,2,0
PEEPOOPEE_mono_0115,3,3,3,3,0
PEEPOOPEE_mono_0116,4,4,4,4,0
PEEPOOPEE_mono_0117,4,4,4,4,0
PEEPOOPEE_mono_0118,2,2,2,2,0
PEEPOOPEE_mono_0119,2,2,2,2,0
PEEPOOPEE_mono_0120,8,8,8,8,0
PEEPOOPEE_mono_0121,8,8,8,8,0
PEEPOOPEE_mono_0122,2,2,2,2,0
PEEPOOPEE_mono_0123,2,2,2,2,0
PEEPOOPEE_mono_0124,2,2,2,2,0
PEEPOOPEE_mono_0125,3,3,3,3,0
PEEPOOPEE_mono_0126,2,2,2,2,0
PEEPOOPEE_mono_0127,8,8,8,8,0
PEEPOOPEE_mono_0128,7,7,7,7,0
PEEPOOPEE_mono_0129,4,4,4,4,0
PEEPOOPEE_mono_0130,4,4,4,4,0
PEEPOOPEE_mono_0131,2,2,2,2,0
PEEPOOPEE_mono_0132,8,8,8,8,0
PEEPOOPEE_mono_0133,1,1,1,1,0
PEEPOOPEE_mono_0134,3,3,3,3,0
PEEPOOPEE_mono_0135,1,1,1,1,0
PEEPOOPEE_mono_0136,2,2,2,2,0
PEEPOOPEE_mono_0137,4,4,4,4,0
PEEPOOPEE_mono_0138,3,3,3,3,0
PEEPOOPEE_mono_0139,8,8,8,8,0
PEEPOOPEE_mono_0140,8,8,8,8,0
PEEPOOPEE_mono_0141,2,2,2,2,0
PEEPOOPEE_mono_0142,8,8,8,8,0
PEEPOOPEE_mono_0143,6,6,6,6,0
PEEPOOPEE_mono_0144,2,2,2,2,0
PEEPOOPEE_mono_0145,2,2,2,2,0
PEEPOOPEE_mono_0146,2,2,2,2,0
PEEPOOPEE_mono_0147,3,3,3,3,0
PEEPOOPEE_mono_0148,1,1,1,1,0
PEEPOOPEE_mono_0149,3,3,3,3,0
PEEPOOPEE_mono_0150,5,5,5,5,0
PEEPOOPEE_mono_0151,2,2,2,2,0
PEEPOOPEE_mono_0152,8,8,8,8,0
PEEPOOPEE_mono_0153,1,1,1,1,0
PEEPOOPEE_mono_0154,2,2,2,2,0
PEEPOOPEE_mono_0155,2,2,2,2,0
PEEPOOPEE_mono_0156,1,1,1,1,0
PEEPOOPEE_mono_0157,2,2,2,2,0
PEEPOOPEE_mono_0158,6,6,6,6,0
PEEPOOPEE_mono_0159,8,8,8,8,0
PEEPOOPEE_mono_0160,6,6,6,6,0
PEEPOOPEE_mono_0161,8,8,8,8,0
PEEPOOPEE_mono_0162,4,4,4,4,0
PEEPOOPEE_mono_0163,8,8,8,8,0
PEEPOOPEE_mono_0164,7,7,7,7,0
PEEPOOPEE_mono_0165,1,1,1,1,0
PEEPOOPEE_mono_0166,3,3,3,3,0
PEEPOOPEE_mono_0167,7,7,7,7,0
PEEPOOPEE_mono_0168,3,3,3,3,0
PEEPOOPEE_mono_0169,2,2,2,2,0
PEEPOOPEE_mono_0170,7,7,7,7,0
PEEPOOPEE_mono_0171,2,2,2,2,0
PEEPOOPEE_mono_0172,2,2,2,2,0
PEEPOOPEE_mono_0173,3,3,3,3,0
PEEPOOPEE_mono_0174,2,2,2,2,0
PEEPOOPEE_mono_0175,1,1,1,1,0
PEEPOOPEE_mono_0176,3,3,3,3,0
PEEPOOPEE_mono_0177,3,3,3,3,0
PEEPOOPEE_mono_0178,3,3,3,3,0
PEEPOOPEE_mono_0179,8,8,8,8,0
PEEPOOPEE_mono_0180,1,1,1,1,0
PEEPOOPEE_mono_0181,6,6,6,6,0
PEEPOOPEE_mono_0182,3,3,3,3,0
PEEPOOPEE_mono_0183,4,4,4,4,0
PEEPOOPEE_mono_0184,8,8,8,8,0
PEEPOOPEE_mono_0185,3,3,3,3,0
PEEPOOPEE_mono_0186,1,1,1,1,0
PEEPOOPEE_mono_0187,3,3,3,3,0
PEEPOOPEE_mono_0188,8,8,8,8,0
PEEPOOPEE_mono_0189,8,8,8,8,0
PEEPOOPEE_mono_0190,2,2,2,2,0
PEEPOOPEE_mono_0191,2,2,2,2,0
PEEPOOPEE_mono_0192,3,3,3,3,0
PEEPOOPEE_mono_0193,2,2,2,2,0
PEEPOOPEE_mono_0194,3,3,3,3,0
PEEPOOPEE_mono_0195,7,7,7,7,0
PEEPOOPEE_mono_0196,8,8,8,8,0
PEEPOOPEE_mono_0197,5,5,5,5,0
PEEPOOPEE_mono_0198,2,2,2,2,0
PEEPOOPEE_mono_0199,3,3,3,3,0
PEEPOOPEE_mono_0200,6,6,6,6,0
PEEPOOPEE_mono_0201,5,5,5,5,0
PEEPOOPEE_mono_0202,4,4,4,4,0
PEEPOOPEE_mono_0203,8,8,8,8,0
PEEPOOPEE_mono_0204,1,1,1,1,0
PEEPOOPEE_mono_0205,3,3,3,3,0
PLM47TO8W_mono_0001,2,2,2,2,0
PLM47TO8W_mono_0002,1,1,1,1,0
PLM47TO8W_mono_0003,6,6,6,6,0
PLM47TO8W_mono_0004,1,1,1,1,0
PLM47TO8W_mono_0005,4,4,4,4,0
PLM47TO8W_mono_0006,1,1,1,1,0
PLM47TO8W_mono_0007,3,3,3,3,0
PLM47TO8W_mono_0008,2,2,2,2,0
PLM47TO8W_mono_0009,1,1,1,1,0
PLM47TO8W_mono_0010,2,2,2,2,0
PLM47TO8W_mono_0011,5,5,5,5,0
PLM47TO8W_mono_0012,3,3,3,3,0
PLM47TO8W_mono_0013,3,3,3,3,0
PLM47TO8W_mono_0014,2,2,2,2,0
PLM47TO8W_mono_0015,2,2,2,2,0
PLM47TO8W_mono_0016,3,3,3,3,0
PLM47TO8W_mono_0017,5,5,5,5,0
PLM47TO8W_mono_0018,2,2,2,2,0
PLM47TO8W_mono_0019,1,1,1,1,0
PLM47TO8W_mono_0020,1,1,1,1,0
PLM47TO8W_mono_0021,2,2,2,2,0
PLM47TO8W_mono_0022,6,6,6,6,0
PLM47TO8W_mono_0023,1,1,1,1,0
PLM47TO8W_mono_0024,3,3,3,3,0
PLM47TO8W_mono_0025,5,5,5,5,0
PLM47TO8W_mono_0026,3,3,3,3,0
PLM47TO8W_mono_0027,3,3,3,3,0
PLM47TO8W_mono_0028,2,2,2,2,0
PLM47TO8W_mono_0029,4,4,4,4,0
PLM47TO8W_mono_0030,2,2,2,2,0
PLM47TO8W_mono_0031,5,5,5,5,0
PLM47TO8W_mono_0032,3,3,3,3,0
PLM47TO8W_mono_0033,2,2,2,2,0
PLM47TO8W_mono_0034,3,3,3,3,0
PLM47TO8W_mono_0035,5,5,5,5,0
PLM47TO8W_mono_0036,3,3,3,3,0
PLM47TO8W_mono_0037,2,2,2,2,0
PLM47TO8W_mono_0038,2,2,2,2,0
PLM47TO8W_mono_0039,2,2,2,2,0
PLM47TO8W_mono_0040,3,3,3,3,0
PLM47TO8W_mono_0041,4,4,4,4,0
PLM47TO8W_mono_0042,3,3,3,3,0
PLM47TO8W_mono_0043,2,2,2,2,0
PLM47TO8W_mono_0044,6,6,6,6,0
PLM47TO8W_mono_0045,3,3,3,3,0
PLM47TO8W_mono_0046,2,2,2,2,0
PLM47TO8W_mono_0047,4,4,4,4,0
PLM47TO8W_mono_0048,3,3,3,3,0
PLM47TO8W_mono_0049,2,2,2,2,0
PLM47TO8W_mono_0050,2,2,2,2,0
PLM47TO8W_mono_0051,2,2,2,2,0
PLM47TO8W_mono_0052,1,1,1,1,0
PLM47TO8W_mono_0053,2,2,2,2,0
PLM47TO8W_mono_0054,2,2,2,2,0
PLM47TO8W_mono_0055,3,3,3,3,0
PLM47TO8W_mono_0056,1,1,1,1,0
PLM47TO8W_mono_0057,2,2,2,2,0
PLM47TO8W_mono_0058,2,2,2,2,0
PLM47TO8W_mono_0059,1,1,1,1,0
PLM47TO8W_mono_0060,2,2,2,2,0
PLM47TO8W_mono_0061,4,4,4,4,0
PLM47TO8W_mono_0062,2,2,2,2,0
PLM47TO8W_mono_0063,1,1,1,1,0
PLM47TO8W_mono_0064,1,1,1,1,0
PLM47TO8W_mono_0065,8,8,8,8,0
PLM47TO8W_mono_0066,2,2,2,2,0
PLM47TO8W_mono_0067,3,3,3,3,0
PLM47TO8W_mono_0068,6,6,6,6,0
PLM47TO8W_mono_0069,3,3,3,3,0
PLM47TO8W_mono_0070,2,2,2,2,0
PLM47TO8W_mono_0071,5,5,5,5,0
PLM47TO8W_mono_0072,8,8,8,8,0
PLM47TO8W_mono_0073,4,4,4,4,0
PLM47TO8W_mono_0074,1,1,1,1,0
PLM47TO8W_mono_0075,2,2,2,2,0
PLM47TO8W_mono_0076,2,2,2,2,0
PLM47TO8W_mono_0077,2,2,2,2,0
PLM47TO8W_mono_0078,2,2,2,2,0
PLM47TO8W_mono_0079,8,8,8,8,0
PLM47TO8W_mono_0080,1,1,1,1,0
PLM47TO8W_mono_0081,4,4,4,4,0
PLM47TO8W_mono_0082,5,5,5,5,0
PLM47TO8W_mono_0083,6,6,6,6,0
PLM47TO8W_mono_0084,1,1,1,1,0
PLM47TO8W_mono_0085,5,5,5,5,0
PLM47TO8W_mono_0086,8,8,8,8,0
PLM47TO8W_mono_0087,3,3,3,3,0
PLM47TO8W_mono_0088,2,2,2,2,0
PLM47TO8W_mono_0089,1,1,1,1,0
PLM47TO8W_mono_0090,4,4,4,4,0
PLM47TO8W_mono_0091,2,2,2,2,0
PLM47TO8W_mono_0092,4,4,4,4,0
PLM47TO8W_mono_0093,2,2,2,2,0
PLM47TO8W_mono_0094,1,1,1,1,0
PLM47TO8W_mono_0095,2,2,2,2,0
PLM47TO8W_mono_0096,4,4,4,4,0
PLM47TO8W_mono_0097,2,2,2,2,0
PLM47TO8W_mono_0098,2,2,2,2,0
PLM47TO8W_mono_0099,7,7,7,7,0
PLM47TO8W_mono_0100,2,2,2,2,0
PLM47TO8W_mono_0101,3,3,3,3,0
PLM47TO8W_mono_0102,2,2,2,2,0
PLM47TO8W_mono_0103,2,2,2,2,0
PLM47TO8W_mono_0104,1,1,1,1,0
PLM47TO8W_mono_0105,7,7,7,7,0
PLM47TO8W_mono_0106,2,2,2,2,0
PLM47TO8W_mono_0107,2,2,2,2,0
PLM47TO8W_mono_0108,3,3,3,3,0
PLM47TO8W_mono_0109,1,1,1,1,0
PLM47TO8W_mono_0110,1,1,1,1,0
PLM47TO8W_mono_0111,5,5,5,5,0
PLM47TO8W_mono_0112,4,4,4,4,0
PLM47TO8W_mono_0113,6,6,6,6,0
PLM47TO8W_mono_0114,2,2,2,2,0
PLM47TO8W_mono_0115,2,2,2,2,0
PLM47TO8W_mono_0116,1,1,1,1,0
PLM47TO8W_mono_0117,2,2,2,2,0
PLM47TO8W_mono_0118,3,3,3,3,0
PLM47TO8W_mono_0119,2,2,2,2,0
PLM47TO8W_mono_0120,4,4,4,4,0
PLM47TO8W_mono_0121,1,1,1,1,0
PLM47TO8W_mono_0122,4,4,4,4,0
PLM47TO8W_mono_0123,3,3,3,3,0
PLM47TO8W_mono_0124,8,8,8,8,0
PLM47TO8W_mono_0125,3,3,3,3,0
PLM47TO8W_mono_0126,5,5,5,5,0
PLM47TO8W_mono_0127,1,1,1,1,0
PLM47TO8W_mono_0128,3,3,3,3,0
PLM47TO8W_mono_0129,2,2,2,2,0
PLM47TO8W_mono_0130,3,3,3,3,0
PLM47TO8W_mono_0131,3,3,3,3,0
PLM47TO8W_mono_0132,2,2,2,2,0
PLM47TO8W_mono_0133,2,2,2,2,0
PLM47TO8W_mono_0134,6,6,6,6,0
PLM47TO8W_mono_0135,3,3,3,3,0
PLM47TO8W_mono_0136,2,2,2,2,0
PLM47TO8W_mono_0137,2,2,2,2,0
PLM47TO8W_mono_0138,3,3,3,3,0
PLM47TO8W_mono_0139,8,8,8,8,0
PLM47TO8W_mono_0140,1,1,1,1,0
PLM47TO8W_mono_0141,8,8,8,8,0
PLM47TO8W_mono_0142,2,2,2,2,0
PLM47TO8W_mono_0143,5,5,5,5,0
PLM47TO8W_mono_0144,2,2,2,2,0
PLM47TO8W_mono_0145,2,2,2,2,0
PLM47TO8W_mono_0146,1,1,1,1,0
PLM47TO8W_mono_0147,1,1,1,1,0
PLM47TO8W_mono_0148,1,1,1,1,0
PLM47TO8W_mono_0149,4,4,4,4,0
PLM47TO8W_mono_0150,5,5,5,5,0
PLM47TO8W_mono_0151,7,7,7,7,0
PLM47TO8W_mono_0152,5,5,5,5,0
PLM47TO8W_mono_0153,4,4,4,4,0
PLM47TO8W_mono_0154,8,8,8,8,0
PLM47TO8W_mono_0155,3,3,3,3,0
PLM47TO8W_mono_0156,2,2,2,2,0
PLM47TO8W_mono_0157,4,4,4,4,0
PLM47TO8W_mono_0158,8,8,8,8,0
PLM47TO8W_mono_0159,1,1,1,1,0
PLM47TO8W_mono_0160,4,4,4,4,0
PLM47TO8W_mono_0161,2,2,2,2,0
PLM47TO8W_mono_0162,1,1,1,1,0
PLM47TO8W_mono_0163,4,4,4,4,0
PLM47TO8W_mono_0164,3,3,3,3,0
PLM47TO8W_mono_0165,1,1,1,1,0
PLM47TO8W_mono_0166,4,4,4,4,0
PLM47TO8W_mono_0167,3,3,3,3,0
PLM47TO8W_mono_0168,2,2,2,2,0
PLM47TO8W_mono_0169,3,3,3,3,0
PLM47TO8W_mono_0170,2,2,2,2,0
PLM47TO8W_mono_0171,3,3,3,3,0
PLM47TO8W_mono_0172,1,1,1,1,0
PLM47TO8W_mono_0173,5,5,5,5,0
PLM47TO8W_mono_0174,3,3,3,3,0
PLM47TO8W_mono_0175,1,1,1,1,0
PLM47TO8W_mono_0176,5,5,5,5,0
PLM47TO8W_mono_0177,1,1,1,1,0
PLM47TO8W_mono_0178,2,2,2,2,0
PLM47TO8W_mono_0179,1,1,1,1,0
PLM47TO8W_mono_0180,7,7,7,7,0
PLM47TO8W_mono_0181,3,3,3,3,0
PLM47TO8W_mono_0182,7,7,7,7,0
PLM47TO8W_mono_0183,2,2,2,2,0
PLM47TO8W_mono_0184,3,3,3,3,0
PLM47TO8W_mono_0185,3,3,3,3,0
PLM47TO8W_mono_0186,1,1,1,1,0
PLM47TO8W_mono_0187,3,3,3,3,0
PLM47TO8W_mono_0188,2,2,2,2,0
PLM47TO8W_mono_0189,4,4,4,4,0
PLM47TO8W_mono_0190,3,3,3,3,0
PLM47TO8W_mono_0191,7,7,7,7,0
PLM47TO8W_mono_0192,8,8,8,8,0
PLM47TO8W_mono_0193,1,1,1,1,0
PLM47TO8W_mono_0194,6,6,6,6,0
PLM47TO8W_mono_0195,2,2,2,2,0
PLM47TO8W_mono_0196,3,3,3,3,0
PLM47TO8W_mono_0197,2,2,2,2,0
PLM47TO8W_mono_0198,2,2,2,2,0
PLM47TO8W_mono_0199,4,4,4,4,0
PLM47TO8W_mono_0200,2,2,2,2,0
PLM47TO8W_mono_0201,2,2,2,2,0
PLM47TO8W_mono_0202,2,2,2,2,0
PLM47TO8W_mono_0203,5,5,5,5,0
PLM47TO8W_mono_0204,2,2,2,2,0
PLM47TO8W_mono_0205,2,2,2,2,0
PLM47TO8W_mono_0206,8,8,8,8,0
PLM47TO8W_mono_0207,8,8,8,8,0
PLM47TO8W_mono_0208,3,3,3,3,0
PLM47TO8W_mono_0209,2,2,2,2,0
PLM47TO8W_mono_0210,6,6,6,6,0
PLM47TO8W_mono_0211,2,2,2,2,0
PLM47TO8W_mono_0212,3,3,3,3,0
PLM47TO8W_mono_0213,2,2,2,2,0
PLM47TO8W_mono_0214,2,2,2,2,0
PLM47TO8W_mono_0215,4,4,4,4,0
PRT9XWARA_mono_0001,8,8,8,8,0
PRT9XWARA_mono_0002,5,5,5,5,0
PRT9XWARA_mono_0003,8,8,8,8,0
PRT9XWARA_mono_0004,1,1,1,1,0
PRT9XWARA_mono_0005,8,8,8,8,0
PRT9XWARA_mono_0006,5,5,5,5,0
PRT9XWARA_mono_0007,8,8,8,8,0
PRT9XWARA_mono_0008,1,1,1,1,0
PRT9XWARA_mono_0009,8,8,8,8,0
PRT9XWARA_mono_0010,1,1,1,1,0
PRT9XWARA_mono_0011,7,7,7,7,0
PRT9XWARA_mono_0012,4,4,4,4,0
PRT9XWARA_mono_0013,8,8,8,8,0
PRT9XWARA_mono_0014,5,5,5,5,0
PRT9XWARA_mono_0015,8,8,8,8,0
PRT9XWARA_mono_0016,3,3,3,3,0
PRT9XWARA_mono_0017,1,1,1,1,0
PRT9XWARA_mono_0018,1,1,1,1,0
PRT9XWARA_mono_0019,3,3,3,3,0
PRT9XWARA_mono_0020,6,6,6,6,0
PRT9XWARA_mono_0021,6,6,6,6,0
PRT9XWARA_mono_0022,2,2,2,2,0
PRT9XWARA_mono_0023,1,1,1,1,0
PRT9XWARA_mono_0024,5,5,5,5,0
PRT9XWARA_mono_0025,6,6,6,6,0
PRT9XWARA_mono_0026,8,8,8,8,0
PRT9XWARA_mono_0027,4,4,4,4,0
PRT9XWARA_mono_0028,6,6,6,6,0
PRT9XWARA_mono_0029,1,1,1,1,0
PRT9XWARA_mono_0030,1,1,1,1,0
PRT9XWARA_mono_0031,6,6,6,6,0
PRT9XWARA_mono_0032,8,8,8,8,0
PRT9XWARA_mono_0033,6,6,6,6,0
PRT9XWARA_mono_0034,5,5,5,5,0
PRT9XWARA_mono_0035,6,6,6,6,0
PRT9XWARA_mono_0036,6,6,6,6,0
PRT9XWARA_mono_0037,1,1,1,1,0
PRT9XWARA_mono_0038,7,7,7,7,0
PRT9XWARA_mono_0039,6,6,6,6,0
PRT9XWARA_mono_0040,7,7,7,7,0
PRT9XWARA_mono_0041,5,5,5,5,0
PRT9XWARA_mono_0042,7,7,7,7,0
PRT9XWARA_mono_0043,4,4,4,4,0
PRT9XWARA_mono_0044,4,4,4,4,0
PRT9XWARA_mono_0045,8,8,8,8,0
PRT9XWARA_mono_0046,3,3,3,3,0
PRT9XWARA_mono_0047,2,2,2,2,0
PRT9XWARA_mono_0048,5,5,5,5,0
PRT9XWARA_mono_0049,4,4,4,4,0
PRT9XWARA_mono_0050,2,2,2,2,0
PRT9XWARA_mono_0051,1,1,1,1,0
PRT9XWARA_mono_0052,2,2,2,2,0
PRT9XWARA_mono_0053,1,1,1,1,0
PRT9XWARA_mono_0054,3,3,3,3,0
PRT9XWARA_mono_0055,6,6,6,6,0
PRT9XWARA_mono_0056,3,3,3,3,0
PRT9XWARA_mono_0057,3,3,3,3,0
PRT9XWARA_mono_0058,4,4,4,4,0
PRT9XWARA_mono_0059,1,1,1,1,0
PRT9XWARA_mono_0060,1,1,1,1,0
PRT9XWARA_mono_0061,3,3,3,3,0
PRT9XWARA_mono_0062,2,2,2,2,0
PRT9XWARA_mono_0063,3,3,3,3,0
PRT9XWARA_mono_0064,2,2,2,2,0
PRT9XWARA_mono_0065,4,4,4,4,0
PRT9XWARA_mono_0066,4,4,4,4,0
PRT9XWARA_mono_0067,2,2,2,2,0
PRT9XWARA_mono_0068,4,4,4,4,0
PRT9XWARA_mono_0069,3,3,3,3,0
PRT9XWARA_mono_0070,8,8,8,8,0
PRT9XWARA_mono_0071,5,5,5,5,0
PRT9XWARA_mono_0072,3,3,3,3,0
PRT9XWARA_mono_0073,3,3,3,3,0
PRT9XWARA_mono_0074,3,3,3,3,0
PRT9XWARA_mono_0075,7,7,7,7,0
PRT9XWARA_mono_0076,7,7,7,7,0
PRT9XWARA_mono_0077,3,3,3,3,0
PRT9XWARA_mono_0078,1,1,1,1,0
PRT9XWARA_mono_0079,2,2,2,2,0
PRT9XWARA_mono_0080,1,1,1,1,0
PRT9XWARA_mono_0081,8,8,8,8,0
PRT9XWARA_mono_0082,7,7,7,7,0
PRT9XWARA_mono_0083,6,6,6,6,0
PRT9XWARA_mono_0084,8,8,8,8,0
PRT9XWARA_mono_0085,4,4,4,4,0
PRT9XWARA_mono_0086,3,3,3,3,0
PRT9XWARA_mono_0087,2,2,2,2,0
PRT9XWARA_mono_0088,6,6,6,6,0
PRT9XWARA_mono_0089,5,5,5,5,0
PRT9XWARA_mono_0090,6,6,6,6,0
PRT9XWARA_mono_0091,6,6,6,6,0
PRT9XWARA_mono_0092,2,2,2,2,0
PRT9XWARA_mono_0093,1,1,1,1,0
PRT9XWARA_mono_0094,8,8,8,8,0
PRT9XWARA_mono_0095,1,1,1,1,0
PRT9XWARA_mono_0096,7,7,7,7,0
PRT9XWARA_mono_0097,2,2,2,2,0
PRT9XWARA_mono_0098,7,7,7,7,0
PRT9XWARA_mono_0099,2,2,2,2,0
PRT9XWARA_mono_0100,5,5,5,5,0
PRT9XWARA_mono_0101,2,2,2,2,0
PRT9XWARA_mono_0102,8,8,8,8,0
PRT9XWARA_mono_0103,1,1,1,1,0
PRT9XWARA_mono_0104,3,3,3,3,0
PRT9XWARA_mono_0105,3,3,3,3,0
PRT9XWARA_mono_0106,2,2,2,2,0
PRT9XWARA_mono_0107,5,5,5,5,0
PRT9XWARA_mono_0108,2,2,2,2,0
PRT9XWARA_mono_0109,3,3,3,3,0
PRT9XWARA_mono_0110,2,2,2,2,0
PRT9XWARA_mono_0111,5,5,5,5,0
PRT9XWARA_mono_0112,7,7,7,7,0
PRT9XWARA_mono_0113,6,6,6,6,0
PRT9XWARA_mono_0114,5,5,5,5,0
PRT9XWARA_mono_0115,4,4,4,4,0
PRT9XWARA_mono_0116,4,4,4,4,0
PRT9XWARA_mono_0117,2,2,2,2,0
PRT9XWARA_mono_0118,1,1,1,1,0
PRT9XWARA_mono_0119,5,5,5,5,0
PRT9XWARA_mono_0120,2,2,2,2,0
PRT9XWARA_mono_0121,6,6,6,6,0
PRT9XWARA_mono_0122,7,7,7,7,0
PRT9XWARA_mono_0123,6,6,6,6,0
PRT9XWARA_mono_0124,1,1,1,1,0
PRT9XWARA_mono_0125,2,2,2,2,0
PRT9XWARA_mono_0126,2,2,2,2,0
PRT9XWARA_mono_0127,3,3,3,3,0
PRT9XWARA_mono_0128,3,3,3,3,0
PRT9XWARA_mono_0129,8,8,8,8,0
PRT9XWARA_mono_0130,3,3,3,3,0
PRT9XWARA_mono_0131,4,4,4,4,0
PRT9XWARA_mono_0132,2,2,2,2,0
PRT9XWARA_mono_0133,3,3,3,3,0
PRT9XWARA_mono_0134,3,3,3,3,0
PRT9XWARA_mono_0135,6,6,6,6,0
PRT9XWARA_mono_0136,8,8,8,8,0
PRT9XWARA_mono_0137,2,2,2,2,0
PRT9XWARA_mono_0138,2,2,2,2,0
PRT9XWARA_mono_0139,2,2,2,2,0
PRT9XWARA_mono_0140,6,6,6,6,0
PRT9XWARA_mono_0141,6,6,6,6,0
PRT9XWARA_mono_0142,5,5,5,5,0
PRT9XWARA_mono_0143,2,2,2,2,0
PRT9XWARA_mono_0144,1,1,1,1,0
PRT9XWARA_mono_0145,3,3,3,3,0
PRT9XWARA_mono_0146,6,6,6,6,0
PRT9XWARA_mono_0147,6,6,6,6,0
PRT9XWARA_mono_0148,2,2,2,2,0
PRT9XWARA_mono_0149,6,6,6,6,0
PRT9XWARA_mono_0150,3,3,3,3,0
PRT9XWARA_mono_0151,2,2,2,2,0
PRT9XWARA_mono_0152,7,7,7,7,0
PRT9XWARA_mono_0153,4,4,4,4,0
PRT9XWARA_mono_0154,6,6,6,6,0
PRT9XWARA_mono_0155,7,7,7,7,0
PRT9XWARA_mono_0156,1,1,1,1,0
PRT9XWARA_mono_0157,3,3,3,3,0
PRT9XWARA_mono_0158,3,3,3,3,0
PRT9XWARA_mono_0159,4,4,4,4,0
PRT9XWARA_mono_0160,2,2,2,2,0
PRT9XWARA_mono_0161,2,2,2,2,0
PRT9XWARA_mono_0162,7,7,7,7,0
PRT9XWARA_mono_0163,2,2,2,2,0
PRT9XWARA_mono_0164,5,5,5,5,0
PRT9XWARA_mono_0165,2,2,2,2,0
PRT9XWARA_mono_0166,6,6,6,6,0
PRT9XWARA_mono_0167,2,2,2,2,0
PRT9XWARA_mono_0168,2,2,2,2,0
PRT9XWARA_mono_0169,6,6,6,6,0
PRT9XWARA_mono_0170,8,8,8,8,0
PRT9XWARA_mono_0171,3,3,3,3,0
PRT9XWARA_mono_0172,6,6,6,6,0
PRT9XWARA_mono_0173,6,6,6,6,0
PRT9XWARA_mono_0174,7,7,7,7,0
PRT9XWARA_mono_0175,2,2,2,2,0
PRT9XWARA_mono_0176,4,4,4,4,0
PRT9XWARA_mono_0177,2,2,2,2,0
PRT9XWARA_mono_0178,2,2,2,2,0
PRT9XWARA_mono_0179,7,7,7,7,0
PRT9XWARA_mono_0180,4,4,4,4,0
PRT9XWARA_mono_0181,2,2,2,2,0
PRT9XWARA_mono_0182,7,7,7,7,0
PRT9XWARA_mono_0183,7,7,7,7,0
PRT9XWARA_mono_0184,4,4,4,4,0
PRT9XWARA_mono_0185,2,2,2,2,0
PRT9XWARA_mono_0186,3,3,3,3,0
PS92JDABC_mono_0001,1,1,1,1,0
PS92JDABC_mono_0002,1,1,1,1,0
PS92JDABC_mono_0003,6,6,6,6,0
PS92JDABC_mono_0004,6,6,6,6,0
PS92JDABC_mono_0005,7,7,7,7,0
PS92JDABC_mono_0006,2,2,2,2,0
PS92JDABC_mono_0007,6,6,6,6,0
PS92JDABC_mono_0008,6,6,6,6,0
PS92JDABC_mono_0009,1,1,1,1,0
PS92JDABC_mono_0010,2,2,2,2,0
PS92JDABC_mono_0011,2,2,2,2,0
PS92JDABC_mono_0012,2,2,2,2,0
PS92JDABC_mono_0013,1,1,1,1,0
PS92JDABC_mono_0014,2,2,2,2,0
PS92JDABC_mono_0015,5,5,5,5,0
PS92JDABC_mono_0016,1,1,1,1,0
PS92JDABC_mono_0017,2,2,2,2,0
PS92JDABC_mono_0018,5,5,5,5,0
PS92JDABC_mono_0019,8,8,8,8,0
PS92JDABC_mono_0020,4,4,4,4,0
PS92JDABC_mono_0021,3,3,3,3,0
PS92JDABC_mono_0022,8,8,8,8,0
PS92JDABC_mono_0023,8,8,8,8,0
PS92JDABC_mono_0024,7,7,7,7,0
PS92JDABC_mono_0025,3,3,3,3,0
PS92JDABC_mono_0026,5,5,5,5,0
PS92JDABC_mono_0027,5,5,5,5,0
PS92JDABC_mono_0028,8,8,8,8,0
PS92JDABC_mono_0029,5,5,5,5,0
PS92JDABC_mono_0030,2,2,2,2,0
PS92JDABC_mono_0031,5,5,5,5,0
PS92JDABC_mono_0032,6,6,6,6,0
PS92JDABC_mono_0033,7,7,7,7,0
PS92JDABC_mono_0034,4,4,4,4,0
PS92JDABC_mono_0035,1,1,1,1,0
PS92JDABC_mono_0036,1,1,1,1,0
PS92JDABC_mono_0037,8,8,8,8,0
PS92JDABC_mono_0038,7,7,7,7,0
PS92JDABC_mono_0039,6,6,6,6,0
PS92JDABC_mono_0040,6,6,6,6,0
PS92JDABC_mono_0041,7,7,7,7,0
PS92JDABC_mono_0042,8,8,8,8,0
PS92JDABC_mono_0043,5,5,5,5,0
PS92JDABC_mono_0044,1,1,1,1,0
PS92JDABC_mono_0045,6,6,6,6,0
PS92JDABC_mono_0046,5,5,5,5,0
PS92JDABC_mono_0047,7,7,7,7,0
PS92JDABC_mono_0048,8,8,8,8,0
PS92JDABC_mono_0049,6,6,6,6,0
PS92JDABC_mono_0050,4,4,4,4,0
PS92JDABC_mono_0051,5,5,5,5,0
PS92JDABC_mono_0052,6,6,6,6,0
PS92JDABC_mono_0053,7,7,7,7,0
PS92JDABC_mono_0054,2,2,2,2,0
PS92JDABC_mono_0055,1,1,1,1,0
PS92JDABC_mono_0056,3,3,3,3,0
PS92JDABC_mono_0057,7,7,7,7,0
PS92JDABC_mono_0058,2,2,2,2,0
PS92JDABC_mono_0059,2,2,2,2,0
PS92JDABC_mono_0060,1,1,1,1,0
PS92JDABC_mono_0061,2,2,2,2,0
PS92JDABC_mono_0062,2,2,2,2,0
PS92JDABC_mono_0063,5,5,5,5,0
PS92JDABC_mono_0064,1,1,1,1,0
PS92JDABC_mono_0065,1,1,1,1,0
PS92JDABC_mono_0066,5,5,5,5,0
PS92JDABC_mono_0067,7,7,7,7,0
PS92JDABC_mono_0068,7,7,7,7,0
PS92JDABC_mono_0069,5,5,5,5,0
PS92JDABC_mono_0070,2,2,2,2,0
PS92JDABC_mono_0071,1,1,1,1,0
PS92JDABC_mono_0072,7,7,7,7,0
PS92JDABC_mono_0073,1,1,1,1,0
PS92JDABC_mono_0074,2,2,2,2,0
PS92JDABC_mono_0075,8,8,8,8,0
PS92JDABC_mono_0076,3,3,3,3,0
PS92JDABC_mono_0077,5,5,5,5,0
PS92JDABC_mono_0078,2,2,2,2,0
PS92JDABC_mono_0079,8,8,8,8,0
PS92JDABC_mono_0080,1,1,1,1,0
PS92JDABC_mono_0081,6,6,6,6,0
PS92JDABC_mono_0082,4,4,4,4,0
PS92JDABC_mono_0083,1,1,1,1,0
PS92JDABC_mono_0084,1,1,1,1,0
PS92JDABC_mono_0085,8,8,8,8,0
PS92JDABC_mono_0086,4,4,4,4,0
PS92JDABC_mono_0087,2,2,2,2,0
PS92JDABC_mono_0088,6,6,6,6,0
PS92JDABC_mono_0089,2,2,2,2,0
PS92JDABC_mono_0090,8,8,8,8,0
PS92JDABC_mono_0091,5,5,5,5,0
PS92JDABC_mono_0092,4,4,4,4,0
PS92JDABC_mono_0093,6,6,6,6,0
PS92JDABC_mono_0094,7,7,7,7,0
PS92JDABC_mono_0095,5,5,5,5,0
PS92JDABC_mono_0096,4,4,4,4,0
PS92JDABC_mono_0097,2,2,2,2,0
PS92JDABC_mono_0098,6,6,6,6,0
PS92JDABC_mono_0099,8,8,8,8,0
PS92JDABC_mono_0100,6,6,6,6,0
PS92JDABC_mono_0101,8,8,8,8,0
PS92JDABC_mono_0102,2,2,2,2,0
PS92JDABC_mono_0103,6,6,6,6,0
PS92JDABC_mono_0104,8,8,8,8,0
PS92JDABC_mono_0105,1,1,1,1,0
PS92JDABC_mono_0106,3,3,3,3,0
PS92JDABC_mono_0107,6,6,6,6,0
PS92JDABC_mono_0108,1,1,1,1,0
PS92JDABC_mono_0109,6,6,6,6,0
PS92JDABC_mono_0110,2,2,2,2,0
PS92JDABC_mono_0111,3,3,3,3,0
PS92JDABC_mono_0112,1,1,1,1,0
PS92JDABC_mono_0113,5,5,5,5,0
PS92JDABC_mono_0114,5,5,5,5,0
PS92JDABC_mono_0115,1,1,1,1,0
PS92JDABC_mono_0116,8,8,8,8,0
PS92JDABC_mono_0117,7,7,7,7,0
PS92JDABC_mono_0118,5,5,5,5,0
PS92JDABC_mono_0119,2,2,2,2,0
PS92JDABC_mono_0120,4,4,4,4,0
PS92JDABC_mono_0121,3,3,3,3,0
PS92JDABC_mono_0122,5,5,5,5,0
PS92JDABC_mono_0123,1,1,1,1,0
PS92JDABC_mono_0124,3,3,3,3,0
PS92JDABC_mono_0125,8,8,8,8,0
PS92JDABC_mono_0126,2,2,2,2,0
PS92JDABC_mono_0127,5,5,5,5,0
PS92JDABC_mono_0128,1,1,1,1,0
PS92JDABC_mono_0129,3,3,3,3,0
PS92JDABC_mono_0130,1,1,1,1,0
PS92JDABC_mono_0131,5,5,5,5,0
PS92JDABC_mono_0132,5,5,5,5,0
PS92JDABC_mono_0133,7,7,7,7,0
PS92JDABC_mono_0134,7,7,7,7,0
PS92JDABC_mono_0135,7,7,7,7,0
PS92JDABC_mono_0136,7,7,7,7,0
PS92JDABC_mono_0137,8,8,8,8,0
PS92JDABC_mono_0138,2,2,2,2,0
PS92JDABC_mono_0139,2,2,2,2,0
PS92JDABC_mono_0140,5,5,5,5,0
PS92JDABC_mono_0141,4,4,4,4,0
PS92JDABC_mono_0142,2,2,2,2,0
PS92JDABC_mono_0143,2,2,2,2,0
PS92JDABC_mono_0144,6,6,6,6,0
PS92JDABC_mono_0145,5,5,5,5,0
PS92JDABC_mono_0146,7,7,7,7,0
PS92JDABC_mono_0147,8,8,8,8,0
PS92JDABC_mono_0148,7,7,7,7,0
PS92JDABC_mono_0149,8,8,8,8,0
PS92JDABC_mono_0150,8,8,8,8,0
PS92JDABC_mono_0151,2,2,2,2,0
PS92JDABC_mono_0152,6,6,6,6,0
PS92JDABC_mono_0153,7,7,7,7,0
PS92JDABC_mono_0154,8,8,8,8,0
PS92JDABC_mono_0155,6,6,6,6,0
PS92JDABC_mono_0156,5,5,5,5,0
PS92JDABC_mono_0157,4,4,4,4,0
PS92JDABC_mono_0158,8,8,8,8,0
PS92JDABC_mono_0159,8,8,8,8,0
PS92JDABC_mono_0160,1,1,1,1,0
PS92JDABC_mono_0161,3,3,3,3,0
PS92JDABC_mono_0162,2,2,2,2,0
PS92JDABC_mono_0163,6,6,6,6,0
PS92JDABC_mono_0164,5,5,5,5,0
PS92JDABC_mono_0165,5,5,5,5,0
PS92JDABC_mono_0166,4,4,4,4,0
PS92JDABC_mono_0167,5,5,5,5,0
PS92JDABC_mono_0168,1,1,1,1,0
PS92JDABC_mono_0169,4,4,4,4,0
PS92JDABC_mono_0170,6,6,6,6,0
PS92JDABC_mono_0171,1,1,1,1,0
PS92JDABC_mono_0172,3,3,3,3,0
PS92JDABC_mono_0173,7,7,7,7,0
PS92JDABC_mono_0174,6,6,6,6,0
PS92JDABC_mono_0175,4,4,4,4,0
PS92JDABC_mono_0176,8,8,8,8,0
PS92JDABC_mono_0177,7,7,7,7,0
PS92JDABC_mono_0178,8,8,8,8,0
PS92JDABC_mono_0179,5,5,5,5,0
PS92JDABC_mono_0180,2,2,2,2,0
PS92JDABC_mono_0181,8,8,8,8,0
PS92JDABC_mono_0182,5,5,5,5,0
PS92JDABC_mono_0183,7,7,7,7,0
PS92JDABC_mono_0184,2,2,2,2,0
PS92JDABC_mono_0185,8,8,8,8,0
PS92JDABC_mono_0186,6,6,6,6,0
PS92JDABC_mono_0187,6,6,6,6,0
PS92JDABC_mono_0188,6,6,6,6,0
PS92JDABC_mono_0189,7,7,7,7,0
PS92JDABC_mono_0190,8,8,8,8,0
PS92JDABC_mono_0191,8,8,8,8,0
PS92JDABC_mono_0192,5,5,5,5,0
PS92JDABC_mono_0193,6,6,6,6,0
PS92JDABC_mono_0194,7,7,7,7,0
PS92JDABC_mono_0195,5,5,5,5,0
PS92JDABC_mono_0196,6,6,6,6,0
PS92JDABC_mono_0197,8,8,8,8,0
PS92JDABC_mono_0198,7,7,7,7,0
PS92JDABC_mono_0199,4,4,4,4,0
PS92JDABC_mono_0200,8,8,8,8,0
PS92JDABC_mono_0201,5,5,5,5,0
PS92JDABC_mono_0202,4,4,4,4,0
PS92JDABC_mono_0203,7,7,7,7,0
PS92JDABC_mono_0204,2,2,2,2,0
PS92JDABC_mono_0205,4,4,4,4,0
PS92JDABC_mono_0206,7,7,7,7,0
PS92JDABC_mono_0207,6,6,6,6,0
PS92JDABC_mono_0208,1,1,1,1,0
SCAMMEPLZ_mono_0001,4,4,4,4,0
SCAMMEPLZ_mono_0002,4,4,4,4,0
SCAMMEPLZ_mono_0003,4,4,4,4,0
SCAMMEPLZ_mono_0004,4,4,4,4,0
SCAMMEPLZ_mono_0005,3,3,3,3,0
SCAMMEPLZ_mono_0006,2,2,2,2,0
SCAMMEPLZ_mono_0007,4,4,4,4,0
SCAMMEPLZ_mono_0008,7,7,7,7,0
SCAMMEPLZ_mono_0009,7,7,7,7,0
SCAMMEPLZ_mono_0010,6,6,6,6,0
SCAMMEPLZ_mono_0011,3,3,3,3,0
SCAMMEPLZ_mono_0012,3,3,3,3,0
SCAMMEPLZ_mono_0013,7,7,7,7,0
SCAMMEPLZ_mono_0014,5,5,5,5,0
SCAMMEPLZ_mono_0015,4,4,4,4,0
SCAMMEPLZ_mono_0016,6,6,6,6,0
SCAMMEPLZ_mono_0017,5,5,5,5,0
SCAMMEPLZ_mono_0018,2,2,2,2,0
SCAMMEPLZ_mono_0019,5,5,5,5,0
SCAMMEPLZ_mono_0020,2,2,2,2,0
SCAMMEPLZ_mono_0021,3,3,3,3,0
SCAMMEPLZ_mono_0022,7,7,7,7,0
SCAMMEPLZ_mono_0023,6,6,6,6,0
SCAMMEPLZ_mono_0024,3,3,3,3,0
SCAMMEPLZ_mono_0025,5,5,5,5,0
SCAMMEPLZ_mono_0026,4,4,4,4,0
SCAMMEPLZ_mono_0027,2,2,2,2,0
SCAMMEPLZ_mono_0028,6,6,6,6,0
SCAMMEPLZ_mono_0029,3,3,3,3,0
SCAMMEPLZ_mono_0030,3,3,3,3,0
SCAMMEPLZ_mono_0031,5,5,5,5,0
SCAMMEPLZ_mono_0032,2,2,2,2,0
SCAMMEPLZ_mono_0033,3,3,3,3,0
SCAMMEPLZ_mono_0034,4,4,4,4,0
SCAMMEPLZ_mono_0035,6,6,6,6,0
SCAMMEPLZ_mono_0036,5,5,5,5,0
SCAMMEPLZ_mono_0037,6,6,6,6,0
SCAMMEPLZ_mono_0038,4,4,4,4,0
SCAMMEPLZ_mono_0039,2,2,2,2,0
SCAMMEPLZ_mono_0040,7,7,7,7,0
SCAMMEPLZ_mono_0041,4,4,4,4,0
SCAMMEPLZ_mono_0042,5,5,5,5,0
SCAMMEPLZ_mono_0043,1,1,1,1,0
SCAMMEPLZ_mono_0044,4,4,4,4,0
SCAMMEPLZ_mono_0045,6,6,6,6,0
SCAMMEPLZ_mono_0046,7,7,7,7,0
SCAMMEPLZ_mono_0047,3,3,3,3,0
SCAMMEPLZ_mono_0048,5,5,5,5,0
SCAMMEPLZ_mono_0049,4,4,4,4,0
SCAMMEPLZ_mono_0050,3,3,3,3,0
SCAMMEPLZ_mono_0051,4,4,4,4,0
SCAMMEPLZ_mono_0052,3,3,3,3,0
SCAMMEPLZ_mono_0053,2,2,2,2,0
SCAMMEPLZ_mono_0054,3,3,3,3,0
SCAMMEPLZ_mono_0055,8,8,8,8,0
SCAMMEPLZ_mono_0056,5,5,5,5,0
SCAMMEPLZ_mono_0057,7,7,7,7,0
SCAMMEPLZ_mono_0058,5,5,5,5,0
SCAMMEPLZ_mono_0059,2,2,2,2,0
SCAMMEPLZ_mono_0060,3,3,3,3,0
SCAMMEPLZ_mono_0061,3,3,3,3,0
SCAMMEPLZ_mono_0062,5,5,5,5,0
SCAMMEPLZ_mono_0063,1,1,1,1,0
SCAMMEPLZ_mono_0064,4,4,4,4,0
SCAMMEPLZ_mono_0065,3,3,3,3,0
SCAMMEPLZ_mono_0066,8,8,8,8,0
SCAMMEPLZ_mono_0067,2,2,2,2,0
SCAMMEPLZ_mono_0068,2,2,2,2,0
SCAMMEPLZ_mono_0069,3,3,3,3,0
SCAMMEPLZ_mono_0070,3,3,3,3,0
SCAMMEPLZ_mono_0071,1,1,1,1,0
SCAMMEPLZ_mono_0072,3,3,3,3,0
SCAMMEPLZ_mono_0073,3,3,3,3,0
SCAMMEPLZ_mono_0074,5,5,5,5,0
SCAMMEPLZ_mono_0075,8,8,8,8,0
SCAMMEPLZ_mono_0076,2,2,2,2,0
SCAMMEPLZ_mono_0077,3,3,3,3,0
SCAMMEPLZ_mono_0078,3,3,3,3,0
SCAMMEPLZ_mono_0079,5,5,5,5,0
SCAMMEPLZ_mono_0080,4,4,4,4,0
SCAMMEPLZ_mono_0081,8,8,8,8,0
SCAMMEPLZ_mono_0082,4,4,4,4,0
SCAMMEPLZ_mono_0083,7,7,7,7,0
SCAMMEPLZ_mono_0084,5,5,5,5,0
SCAMMEPLZ_mono_0085,5,5,5,5,0
SCAMMEPLZ_mono_0086,2,2,2,2,0
SCAMMEPLZ_mono_0087,6,6,6,6,0
SCAMMEPLZ_mono_0088,6,6,6,6,0
SCAMMEPLZ_mono_0089,4,4,4,4,0
SCAMMEPLZ_mono_0090,4,4,4,4,0
SCAMMEPLZ_mono_0091,3,3,3,3,0
SCAMMEPLZ_mono_0092,3,3,3,3,0
SCAMMEPLZ_mono_0093,4,4,4,4,0
SCAMMEPLZ_mono_0094,5,5,5,5,0
SCAMMEPLZ_mono_0095,6,6,6,6,0
SCAMMEPLZ_mono_0096,6,6,6,6,0
SCAMMEPLZ_mono_0097,4,4,4,4,0
SCAMMEPLZ_mono_0098,4,4,4,4,0
SCAMMEPLZ_mono_0099,4,4,4,4,0
SCAMMEPLZ_mono_0100,4,4,4,4,0
SCAMMEPLZ_mono_0101,5,5,5,5,0
SCAMMEPLZ_mono_0102,4,4,4,4,0
SCAMMEPLZ_mono_0103,5,5,5,5,0
SCAMMEPLZ_mono_0104,4,4,4,4,0
SCAMMEPLZ_mono_0105,2,2,2,2,0
SCAMMEPLZ_mono_0106,4,4,4,4,0
SCAMMEPLZ_mono_0107,5,5,5,5,0
SCAMMEPLZ_mono_0108,3,3,3,3,0
SCAMMEPLZ_mono_0109,5,5,5,5,0
SCAMMEPLZ_mono_0110,1,1,1,1,0
SCAMMEPLZ_mono_0111,5,5,5,5,0
SCAMMEPLZ_mono_0112,3,3,3,3,0
SCAMMEPLZ_mono_0113,1,1,1,1,0
SCAMMEPLZ_mono_0114,7,7,7,7,0
SCAMMEPLZ_mono_0115,5,5,5,5,0
SCAMMEPLZ_mono_0116,7,7,7,7,0
SCAMMEPLZ_mono_0117,4,4,4,4,0
SCAMMEPLZ_mono_0118,5,5,5,5,0
SCAMMEPLZ_mono_0119,5,5,5,5,0
SCAMMEPLZ_mono_0120,4,4,4,4,0
SCAMMEPLZ_mono_0121,3,3,3,3,0
SCAMMEPLZ_mono_0122,6,6,6,6,0
SCAMMEPLZ_mono_0123,6,6,6,6,0
SCAMMEPLZ_mono_0124,3,3,3,3,0
SCAMMEPLZ_mono_0125,6,6,6,6,0
SCAMMEPLZ_mono_0126,6,6,6,6,0
SCAMMEPLZ_mono_0127,8,8,8,8,0
SCAMMEPLZ_mono_0128,1,1,1,1,0
SCAMMEPLZ_mono_0129,2,2,2,2,0
SCAMMEPLZ_mono_0130,6,6,6,6,0
SCAMMEPLZ_mono_0131,6,6,6,6,0
SCAMMEPLZ_mono_0132,5,5,5,5,0
SCAMMEPLZ_mono_0133,6,6,6,6,0
SCAMMEPLZ_mono_0134,7,7,7,7,0
SCAMMEPLZ_mono_0135,7,7,7,7,0
SCAMMEPLZ_mono_0136,3,3,3,3,0
SCAMMEPLZ_mono_0137,4,4,4,4,0
SCAMMEPLZ_mono_0138,7,7,7,7,0
SCAMMEPLZ_mono_0139,4,4,4,4,0
SCAMMEPLZ_mono_0140,4,4,4,4,0
SCAMMEPLZ_mono_0141,5,5,5,5,0
SCAMMEPLZ_mono_0142,3,3,3,3,0
SCAMMEPLZ_mono_0143,5,5,5,5,0
SCAMMEPLZ_mono_0144,2,2,2,2,0
SCAMMEPLZ_mono_0145,4,4,4,4,0
SCAMMEPLZ_mono_0146,2,2,2,2,0
SCAMMEPLZ_mono_0147,4,4,4,4,0
SCAMMEPLZ_mono_0148,4,4,4,4,0
SCAMMEPLZ_mono_0149,4,4,4,4,0
SCAMMEPLZ_mono_0150,4,4,4,4,0
SCAMMEPLZ_mono_0151,2,2,2,2,0
SCAMMEPLZ_mono_0152,2,2,2,2,0
SCAMMEPLZ_mono_0153,5,5,5,5,0
SCAMMEPLZ_mono_0154,1,1,1,1,0
SCAMMEPLZ_mono_0155,3,3,3,3,0
SCAMMEPLZ_mono_0156,5,5,5,5,0
SCAMMEPLZ_mono_0157,5,5,5,5,0
SCAMMEPLZ_mono_0158,4,4,4,4,0
SCAMMEPLZ_mono_0159,4,4,4,4,0
SCAMMEPLZ_mono_0160,4,4,4,4,0
SCAMMEPLZ_mono_0161,4,4,4,4,0
SCAMMEPLZ_mono_0162,6,6,6,6,0
SCAMMEPLZ_mono_0163,5,5,5,5,0
SCAMMEPLZ_mono_0164,5,5,5,5,0
SCAMMEPLZ_mono_0165,4,4,4,4,0
SCAMMEPLZ_mono_0166,2,2,2,2,0
SCAMMEPLZ_mono_0167,2,2,2,2,0
SCAMMEPLZ_mono_0168,5,5,5,5,0
SCAMMEPLZ_mono_0169,4,4,4,4,0
SCAMMEPLZ_mono_0170,6,6,6,6,0
SCAMMEPLZ_mono_0171,3,3,3,3,0
SCAMMEPLZ_mono_0172,5,5,5,5,0
SCAMMEPLZ_mono_0173,6,6,6,6,0
SCAMMEPLZ_mono_0174,7,7,7,7,0
SCAMMEPLZ_mono_0175,2,2,2,2,0
SCAMMEPLZ_mono_0176,4,4,4,4,0
SCAMMEPLZ_mono_0177,3,3,3,3,0
SCAMMEPLZ_mono_0178,7,7,7,7,0
SCAMMEPLZ_mono_0179,1,1,1,1,0
SCAMMEPLZ_mono_0180,4,4,4,4,0
SCAMMEPLZ_mono_0181,4,4,4,4,0
SCAMMEPLZ_mono_0182,3,3,3,3,0
SCAMMEPLZ_mono_0183,4,4,4,4,0
SCAMMEPLZ_mono_0184,4,4,4,4,0
SCAMMEPLZ_mono_0185,2,2,2,2,0
SCAMMEPLZ_mono_0186,5,5,5,5,0
SCAMMEPLZ_mono_0187,4,4,4,4,0
SCAMMEPLZ_mono_0188,2,2,2,2,0
SCAMMEPLZ_mono_0189,5,5,5,5,0
SCAMMEPLZ_mono_0190,5,5,5,5,0
SCAMMEPLZ_mono_0191,2,2,2,2,0
SCAMMEPLZ_mono_0192,3,3,3,3,0
SCAMMEPLZ_mono_0193,5,5,5,5,0
SIGMABOY1_mono_0001,5,5,5,5,0
SIGMABOY1_mono_0002,4,4,4,4,0
SIGMABOY1_mono_0003,8,8,8,8,0
SIGMABOY1_mono_0004,4,4,4,4,0
SIGMABOY1_mono_0005,2,2,2,2,0
SIGMABOY1_mono_0006,2,2,2,2,0
SIGMABOY1_mono_0007,7,7,7,7,0
SIGMABOY1_mono_0008,3,3,3,3,0
SIGMABOY1_mono_0009,6,6,6,6,0
SIGMABOY1_mono_0010,3,3,3,3,0
SIGMABOY1_mono_0011,6,6,6,6,0
SIGMABOY1_mono_0012,5,5,5,5,0
SIGMABOY1_mono_0013,2,2,2,2,0
SIGMABOY1_mono_0014,6,6,6,6,0
SIGMABOY1_mono_0015,2,2,2,2,0
SIGMABOY1_mono_0016,4,4,4,4,0
SIGMABOY1_mono_0017,2,2,2,2,0
SIGMABOY1_mono_0018,1,1,1,1,0
SIGMABOY1_mono_0019,4,4,4,4,0
SIGMABOY1_mono_0020,2,2,2,2,0
SIGMABOY1_mono_0021,4,4,4,4,0
SIGMABOY1_mono_0022,6,6,6,6,0
SIGMABOY1_mono_0023,2,2,2,2,0
SIGMABOY1_mono_0024,8,8,8,8,0
SIGMABOY1_mono_0025,1,1,1,1,0
SIGMABOY1_mono_0026,3,3,3,3,0
SIGMABOY1_mono_0027,5,5,5,5,0
SIGMABOY1_mono_0028,2,2,2,2,0
SIGMABOY1_mono_0029,2,2,2,2,0
SIGMABOY1_mono_0030,1,1,1,1,0
SIGMABOY1_mono_0031,2,2,2,2,0
SIGMABOY1_mono_0032,1,1,1,1,0
SIGMABOY1_mono_0033,7,7,7,7,0
SIGMABOY1_mono_0034,3,3,3,3,0
SIGMABOY1_mono_0035,6,6,6,6,0
SIGMABOY1_mono_0036,2,2,2,2,0
SIGMABOY1_mono_0037,5,5,5,5,0
SIGMABOY1_mono_0038,2,2,2,2,0
SIGMABOY1_mono_0039,2,2,2,2,0
SIGMABOY1_mono_0040,7,7,7,7,0
SIGMABOY1_mono_0041,1,1,1,1,0
SIGMABOY1_mono_0042,6,6,6,6,0
SIGMABOY1_mono_0043,8,8,8,8,0
SIGMABOY1_mono_0044,7,7,7,7,0
SIGMABOY1_mono_0045,2,2,2,2,0
SIGMABOY1_mono_0046,4,4,4,4,0
SIGMABOY1_mono_0047,8,8,8,8,0
SIGMABOY1_mono_0048,6,6,6,6,0
SIGMABOY1_mono_0049,2,2,2,2,0
SIGMABOY1_mono_0050,1,1,1,1,0
SIGMABOY1_mono_0051,3,3,3,3,0
SIGMABOY1_mono_0052,7,7,7,7,0
SIGMABOY1_mono_0053,1,1,1,1,0
SIGMABOY1_mono_0054,7,7,7,7,0
SIGMABOY1_mono_0055,2,2,2,2,0
SIGMABOY1_mono_0056,3,3,3,3,0
SIGMABOY1_mono_0057,2,2,2,2,0
SIGMABOY1_mono_0058,2,2,2,2,0
SIGMABOY1_mono_0059,4,4,4,4,0
SIGMABOY1_mono_0060,2,2,2,2,0
SIGMABOY1_mono_0061,8,8,8,8,0
SIGMABOY1_mono_0062,2,2,2,2,0
SIGMABOY1_mono_0063,1,1,1,1,0
SIGMABOY1_mono_0064,4,4,4,4,0
SIGMABOY1_mono_0065,1,1,1,1,0
SIGMABOY1_mono_0066,3,3,3,3,0
SIGMABOY1_mono_0067,5,5,5,5,0
SIGMABOY1_mono_0068,2,2,2,2,0
SIGMABOY1_mono_0069,4,4,4,4,0
SIGMABOY1_mono_0070,2,2,2,2,0
SIGMABOY1_mono_0071,3,3,3,3,0
SIGMABOY1_mono_0072,1,1,1,1,0
SIGMABOY1_mono_0073,4,4,4,4,0
SIGMABOY1_mono_0074,2,2,2,2,0
SIGMABOY1_mono_0075,1,1,1,1,0
SIGMABOY1_mono_0076,2,2,2,2,0
SIGMABOY1_mono_0077,5,5,5,5,0
SIGMABOY1_mono_0078,3,3,3,3,0
SIGMABOY1_mono_0079,1,1,1,1,0
SIGMABOY1_mono_0080,2,2,2,2,0
SIGMABOY1_mono_0081,4,4,4,4,0
SIGMABOY1_mono_0082,4,4,4,4,0
SIGMABOY1_mono_0083,2,2,2,2,0
SIGMABOY1_mono_0084,3,3,3,3,0
SIGMABOY1_mono_0085,1,1,1,1,0
SIGMABOY1_mono_0086,2,2,2,2,0
SIGMABOY1_mono_0087,8,8,8,8,0
SIGMABOY1_mono_0088,4,4,4,4,0
SIGMABOY1_mono_0089,4,4,4,4,0
SIGMABOY1_mono_0090,5,5,5,5,0
SIGMABOY1_mono_0091,5,5,5,5,0
SIGMABOY1_mono_0092,7,7,7,7,0
SIGMABOY1_mono_0093,3,3,3,3,0
SIGMABOY1_mono_0094,4,4,4,4,0
SIGMABOY1_mono_0095,2,2,2,2,0
SIGMABOY1_mono_0096,4,4,4,4,0
SIGMABOY1_mono_0097,6,6,6,6,0
SIGMABOY1_mono_0098,3,3,3,3,0
SIGMABOY1_mono_0099,4,4,4,4,0
SIGMABOY1_mono_0100,8,8,8,8,0
SIGMABOY1_mono_0101,4,4,4,4,0
SIGMABOY1_mono_0102,1,1,1,1,0
SIGMABOY1_mono_0103,3,3,3,3,0
SIGMABOY1_mono_0104,7,7,7,7,0
SIGMABOY1_mono_0105,3,3,3,3,0
SIGMABOY1_mono_0106,3,3,3,3,0
SIGMABOY1_mono_0107,4,4,4,4,0
SIGMABOY1_mono_0108,1,1,1,1,0
SIGMABOY1_mono_0109,4,4,4,4,0
SIGMABOY1_mono_0110,1,1,1,1,0
SIGMABOY1_mono_0111,5,5,5,5,0
SIGMABOY1_mono_0112,1,1,1,1,0
SIGMABOY1_mono_0113,2,2,2,2,0
SIGMABOY1_mono_0114,3,3,3,3,0
SIGMABOY1_mono_0115,2,2,2,2,0
SIGMABOY1_mono_0116,2,2,2,2,0
SIGMABOY1_mono_0117,3,3,3,3,0
SIGMABOY1_mono_0118,3,3,3,3,0
SIGMABOY1_mono_0119,2,2,2,2,0
SIGMABOY1_mono_0120,1,1,1,1,0
SIGMABOY1_mono_0121,4,4,4,4,0
SIGMABOY1_mono_0122,1,1,1,1,0
SIGMABOY1_mono_0123,5,5,5,5,0
SIGMABOY1_mono_0124,3,3,3,3,0
SIGMABOY1_mono_0125,1,1,1,1,0
SIGMABOY1_mono_0126,2,2,2,2,0
SIGMABOY1_mono_0127,1,1,1,1,0
SIGMABOY1_mono_0128,6,6,6,6,0
SIGMABOY1_mono_0129,4,4,4,4,0
SIGMABOY1_mono_0130,3,3,3,3,0
SIGMABOY1_mono_0131,6,6,6,6,0
SIGMABOY1_mono_0132,2,2,2,2,0
SIGMABOY1_mono_0133,4,4,4,4,0
SIGMABOY1_mono_0134,2,2,2,2,0
SIGMABOY1_mono_0135,3,3,3,3,0
SIGMABOY1_mono_0136,3,3,3,3,0
SIGMABOY1_mono_0137,2,2,2,2,0
SIGMABOY1_mono_0138,1,1,1,1,0
SIGMABOY1_mono_0139,8,8,8,8,0
SIGMABOY1_mono_0140,5,5,5,5,0
SIGMABOY1_mono_0141,1,1,1,1,0
SIGMABOY1_mono_0142,2,2,2,2,0
SIGMABOY1_mono_0143,3,3,3,3,0
SIGMABOY1_mono_0144,2,2,2,2,0
SIGMABOY1_mono_0145,2,2,2,2,0
SIGMABOY1_mono_0146,3,3,3,3,0
SIGMABOY1_mono_0147,3,3,3,3,0
SIGMABOY1_mono_0148,2,2,2,2,0
SIGMABOY1_mono_0149,3,3,3,3,0
SIGMABOY1_mono_0150,2,2,2,2,0
SIGMABOY1_mono_0151,3,3,3,3,0
SIGMABOY1_mono_0152,3,3,3,3,0
SIGMABOY1_mono_0153,3,3,3,3,0
SIGMABOY1_mono_0154,3,3,3,3,0
SIGMABOY1_mono_0155,4,4,4,4,0
SIGMABOY1_mono_0156,3,3,3,3,0
SIGMABOY1_mono_0157,6,6,6,6,0
SIGMABOY1_mono_0158,3,3,3,3,0
SIGMABOY1_mono_0159,7,7,7,7,0
SIGMABOY1_mono_0160,4,4,4,4,0
SIGMABOY1_mono_0161,5,5,5,5,0
SIGMABOY1_mono_0162,6,6,6,6,0
SIGMABOY1_mono_0163,4,4,4,4,0
SIGMABOY1_mono_0164,3,3,3,3,0
SIGMABOY1_mono_0165,2,2,2,2,0
SIGMABOY1_mono_0166,3,3,3,3,0
SIGMABOY1_mono_0167,3,3,3,3,0
SIGMABOY1_mono_0168,5,5,5,5,0
SIGMABOY1_mono_0169,1,1,1,1,0
SIGMABOY1_mono_0170,3,3,3,3,0
SIGMABOY1_mono_0171,2,2,2,2,0
SIGMABOY1_mono_0172,6,6,6,6,0
SIGMABOY1_mono_0173,7,7,7,7,0
SIGMABOY1_mono_0174,4,4,4,4,0
SIGMABOY1_mono_0175,3,3,3,3,0
SIGMABOY1_mono_0176,6,6,6,6,0
SIGMABOY1_mono_0177,7,7,7,7,0
SIGMABOY1_mono_0178,5,5,5,5,0
SIGMABOY1_mono_0179,2,2,2,2,0
SIGMABOY1_mono_0180,4,4,4,4,0
SIGMABOY1_mono_0181,3,3,3,3,0
SIGMABOY1_mono_0182,6,6,6,6,0
SIGMABOY1_mono_0183,2,2,2,2,0
SIGMABOY1_mono_0184,7,7,7,7,0
SIGMABOY1_mono_0185,6,6,6,6,0
SIGMABOY1_mono_0186,6,6,6,6,0
SIGMABOY1_mono_0187,8,8,8,8,0
SIGMABOY1_mono_0188,1,1,1,1,0
TUTUTANGO_mono_0001,4,4,4,4,0
TUTUTANGO_mono_0002,2,2,2,2,0
TUTUTANGO_mono_0003,8,8,8,8,0
TUTUTANGO_mono_0004,2,2,2,2,0
TUTUTANGO_mono_0005,5,5,5,5,0
TUTUTANGO_mono_0006,5,5,5,5,0
TUTUTANGO_mono_0007,5,5,5,5,0
TUTUTANGO_mono_0008,3,3,3,3,0
TUTUTANGO_mono_0009,8,8,8,8,0
TUTUTANGO_mono_0010,3,3,3,3,0
TUTUTANGO_mono_0011,6,6,6,6,0
TUTUTANGO_mono_0012,3,3,3,3,0
TUTUTANGO_mono_0013,7,7,7,7,0
TUTUTANGO_mono_0014,7,7,7,7,0
TUTUTANGO_mono_0015,8,8,8,8,0
TUTUTANGO_mono_0016,4,4,4,4,0
TUTUTANGO_mono_0017,5,5,5,5,0
TUTUTANGO_mono_0018,1,1,1,1,0
TUTUTANGO_mono_0019,7,7,7,7,0
TUTUTANGO_mono_0020,7,7,7,7,0
TUTUTANGO_mono_0021,7,7,7,7,0
TUTUTANGO_mono_0022,4,4,4,4,0
TUTUTANGO_mono_0023,8,8,8,8,0
TUTUTANGO_mono_0024,3,3,3,3,0
TUTUTANGO_mono_0025,4,4,4,4,0
TUTUTANGO_mono_0026,5,5,5,5,0
TUTUTANGO_mono_0027,1,1,1,1,0
TUTUTANGO_mono_0028,2,2,2,2,0
TUTUTANGO_mono_0029,5,5,5,5,0
TUTUTANGO_mono_0030,1,1,1,1,0
TUTUTANGO_mono_0031,4,4,4,4,0
TUTUTANGO_mono_0032,4,4,4,4,0
TUTUTANGO_mono_0033,1,1,1,1,0
TUTUTANGO_mono_0034,1,1,1,1,0
TUTUTANGO_mono_0035,3,3,3,3,0
TUTUTANGO_mono_0036,7,7,7,7,0
TUTUTANGO_mono_0037,1,1,1,1,0
TUTUTANGO_mono_0038,3,3,3,3,0
TUTUTANGO_mono_0039,4,4,4,4,0
TUTUTANGO_mono_0040,2,2,2,2,0
TUTUTANGO_mono_0041,3,3,3,3,0
TUTUTANGO_mono_0042,3,3,3,3,0
TUTUTANGO_mono_0043,7,7,7,7,0
TUTUTANGO_mono_0044,7,7,7,7,0
TUTUTANGO_mono_0045,8,8,8,8,0
TUTUTANGO_mono_0046,1,1,1,1,0
TUTUTANGO_mono_0047,2,2,2,2,0
TUTUTANGO_mono_0048,2,2,2,2,0
TUTUTANGO_mono_0049,2,2,2,2,0
TUTUTANGO_mono_0050,3,3,3,3,0
TUTUTANGO_mono_0051,2,2,2,2,0
TUTUTANGO_mono_0052,2,2,2,2,0
TUTUTANGO_mono_0053,6,6,6,6,0
TUTUTANGO_mono_0054,1,1,1,1,0
TUTUTANGO_mono_0055,3,3,3,3,0
TUTUTANGO_mono_0056,4,4,4,4,0
TUTUTANGO_mono_0057,4,4,4,4,0
TUTUTANGO_mono_0058,3,3,3,3,0
TUTUTANGO_mono_0059,1,1,1,1,0
TUTUTANGO_mono_0060,3,3,3,3,0
TUTUTANGO_mono_0061,4,4,4,4,0
TUTUTANGO_mono_0062,4,4,4,4,0
TUTUTANGO_mono_0063,5,5,5,5,0
TUTUTANGO_mono_0064,4,4,4,4,0
TUTUTANGO_mono_0065,4,4,4,4,0
TUTUTANGO_mono_0066,6,6,6,6,0
TUTUTANGO_mono_0067,8,8,8,8,0
TUTUTANGO_mono_0068,5,5,5,5,0
TUTUTANGO_mono_0069,7,7,7,7,0
TUTUTANGO_mono_0070,7,7,7,7,0
TUTUTANGO_mono_0071,4,4,4,4,0
TUTUTANGO_mono_0072,2,2,2,2,0
TUTUTANGO_mono_0073,1,1,1,1,0
TUTUTANGO_mono_0074,2,2,2,2,0
TUTUTANGO_mono_0075,2,2,2,2,0
TUTUTANGO_mono_0076,7,7,7,7,0
TUTUTANGO_mono_0077,2,2,2,2,0
TUTUTANGO_mono_0078,1,1,1,1,0
TUTUTANGO_mono_0079,5,5,5,5,0
TUTUTANGO_mono_0080,2,2,2,2,0
TUTUTANGO_mono_0081,1,1,1,1,0
TUTUTANGO_mono_0082,4,4,4,4,0
TUTUTANGO_mono_0083,5,5,5,5,0
TUTUTANGO_mono_0084,2,2,2,2,0
TUTUTANGO_mono_0085,6,6,6,6,0
TUTUTANGO_mono_0086,5,5,5,5,0
TUTUTANGO_mono_0087,8,8,8,8,0
TUTUTANGO_mono_0088,1,1,1,1,0
TUTUTANGO_mono_0089,3,3,3,3,0
TUTUTANGO_mono_0090,1,1,1,1,0
TUTUTANGO_mono_0091,2,2,2,2,0
TUTUTANGO_mono_0092,2,2,2,2,0
TUTUTANGO_mono_0093,1,1,1,1,0
TUTUTANGO_mono_0094,3,3,3,3,0
TUTUTANGO_mono_0095,7,7,7,7,0
TUTUTANGO_mono_0096,5,5,5,5,0
TUTUTANGO_mono_0097,4,4,4,4,0
TUTUTANGO_mono_0098,1,1,1,1,0
TUTUTANGO_mono_0099,3,3,3,3,0
TUTUTANGO_mono_0100,4,4,4,4,0
TUTUTANGO_mono_0101,1,1,1,1,0
TUTUTANGO_mono_0102,3,3,3,3,0
TUTUTANGO_mono_0103,3,3,3,3,0
TUTUTANGO_mono_0104,2,2,2,2,0
TUTUTANGO_mono_0105,1,1,1,1,0
TUTUTANGO_mono_0106,2,2,2,2,0
TUTUTANGO_mono_0107,4,4,4,4,0
TUTUTANGO_mono_0108,1,1,1,1,0
TUTUTANGO_mono_0109,1,1,1,1,0
TUTUTANGO_mono_0110,1,1,1,1,0
TUTUTANGO_mono_0111,5,5,5,5,0
TUTUTANGO_mono_0112,1,1,1,1,0
TUTUTANGO_mono_0113,8,8,8,8,0
TUTUTANGO_mono_0114,5,5,5,5,0
TUTUTANGO_mono_0115,2,2,2,2,0
TUTUTANGO_mono_0116,4,4,4,4,0
TUTUTANGO_mono_0117,1,1,1,1,0
TUTUTANGO_mono_0118,1,1,1,1,0
TUTUTANGO_mono_0119,2,2,2,2,0
TUTUTANGO_mono_0120,4,4,4,4,0
TUTUTANGO_mono_0121,3,3,3,3,0
TUTUTANGO_mono_0122,2,2,2,2,0
TUTUTANGO_mono_0123,1,1,1,1,0
TUTUTANGO_mono_0124,1,1,1,1,0
TUTUTANGO_mono_0125,1,1,1,1,0
TUTUTANGO_mono_0126,3,3,3,3,0
TUTUTANGO_mono_0127,4,4,4,4,0
TUTUTANGO_mono_0128,2,2,2,2,0
TUTUTANGO_mono_0129,2,2,2,2,0
TUTUTANGO_mono_0130,8,8,8,8,0
TUTUTANGO_mono_0131,5,5,5,5,0
TUTUTANGO_mono_0132,4,4,4,4,0
TUTUTANGO_mono_0133,6,6,6,6,0
TUTUTANGO_mono_0134,2,2,2,2,0
TUTUTANGO_mono_0135,3,3,3,3,0
TUTUTANGO_mono_0136,3,3,3,3,0
TUTUTANGO_mono_0137,2,2,2,2,0
TUTUTANGO_mono_0138,1,1,1,1,0
TUTUTANGO_mono_0139,1,1,1,1,0
TUTUTANGO_mono_0140,4,4,4,4,0
TUTUTANGO_mono_0141,3,3,3,3,0
TUTUTANGO_mono_0142,1,1,1,1,0
TUTUTANGO_mono_0143,3,3,3,3,0
TUTUTANGO_mono_0144,2,2,2,2,0
TUTUTANGO_mono_0145,7,7,7,7,0
TUTUTANGO_mono_0146,2,2,2,2,0
TUTUTANGO_mono_0147,2,2,2,2,0
TUTUTANGO_mono_0148,6,6,6,6,0
TUTUTANGO_mono_0149,7,7,7,7,0
TUTUTANGO_mono_0150,2,2,2,2,0
TUTUTANGO_mono_0151,6,6,6,6,0
TUTUTANGO_mono_0152,2,2,2,2,0
TUTUTANGO_mono_0153,4,4,4,4,0
TUTUTANGO_mono_0154,5,5,5,5,0
TUTUTANGO_mono_0155,6,6,6,6,0
TUTUTANGO_mono_0156,2,2,2,2,0
TUTUTANGO_mono_0157,2,2,2,2,0
TUTUTANGO_mono_0158,1,1,1,1,0
TUTUTANGO_mono_0159,1,1,1,1,0
TUTUTANGO_mono_0160,1,1,1,1,0
TUTUTANGO_mono_0161,2,2,2,2,0
TUTUTANGO_mono_0162,1,1,1,1,0
TUTUTANGO_mono_0163,6,6,6,6,0
TUTUTANGO_mono_0164,2,2,2,2,0
TUTUTANGO_mono_0165,5,5,5,5,0
TUTUTANGO_mono_0166,6,6,6,6,0
TUTUTANGO_mono_0167,2,2,2,2,0
TUTUTANGO_mono_0168,3,3,3,3,0
TUTUTANGO_mono_0169,2,2,2,2,0
TUTUTANGO_mono_0170,2,2,2,2,0
TUTUTANGO_mono_0171,5,5,5,5,0
TUTUTANGO_mono_0172,8,8,8,8,0
TUTUTANGO_mono_0173,3,3,3,3,0
TUTUTANGO_mono_0174,7,7,7,7,0
TUTUTANGO_mono_0175,6,6,6,6,0
TUTUTANGO_mono_0176,4,4,4,4,0
TUTUTANGO_mono_0177,4,4,4,4,0
TUTUTANGO_mono_0178,1,1,1,1,0
TUTUTANGO_mono_0179,6,6,6,6,0
TUTUTANGO_mono_0180,1,1,1,1,0
TUTUTANGO_mono_0181,3,3,3,3,0
TUTUTANGO_mono_0182,2,2,2,2,0
TUTUTANGO_mono_0183,8,8,8,8,0
TUTUTANGO_mono_0184,3,3,3,3,0
TUTUTANGO_mono_0185,2,2,2,2,0
TUTUTANGO_mono_0186,2,2,2,2,0
TUTUTANGO_mono_0187,5,5,5,5,0
TUTUTANGO_mono_0188,5,5,5,5,0
TUTUTANGO_mono_0189,1,1,1,1,0
TUTUTANGO_mono_0190,3,3,3,3,0
TUTUTANGO_mono_0191,2,2,2,2,0
TUTUTANGO_mono_0192,5,5,5,5,0
TUTUTANGO_mono_0193,4,4,4,4,0
TUTUTANGO_mono_0194,7,7,7,7,0
TUTUTANGO_mono_0195,6,6,6,6,0
TUTUTANGO_mono_0196,8,8,8,8,0
TUTUTANGO_mono_0197,1,1,1,1,0
TUTUTANGO_mono_0198,1,1,1,1,0
TUTUTANGO_mono_0199,1,1,1,1,0
TUTUTANGO_mono_0200,6,6,6,6,0
TUTUTANGO_mono_0201,4,4,4,4,0
TUTUTANGO_mono_0202,1,1,1,1,0
TUTUTANGO_mono_0203,5,5,5,5,0
TUTUTANGO_mono_0204,6,6,6,6,0
TUTUTANGO_mono_0205,1,1,1,1,0
TYSJ69FW5_mono_0001,3,3,3,3,0
TYSJ69FW5_mono_0002,3,3,3,3,0
TYSJ69FW5_mono_0003,6,6,6,6,0
TYSJ69FW5_mono_0004,4,4,4,4,0
TYSJ69FW5_mono_0005,3,3,3,3,0
TYSJ69FW5_mono_0006,1,1,1,1,0
TYSJ69FW5_mono_0007,2,2,2,2,0
TYSJ69FW5_mono_0008,5,5,5,5,0
TYSJ69FW5_mono_0009,2,2,2,2,0
TYSJ69FW5_mono_0010,6,6,6,6,0
TYSJ69FW5_mono_0011,7,7,7,7,0
TYSJ69FW5_mono_0012,3,3,3,3,0
TYSJ69FW5_mono_0013,6,6,6,6,0
TYSJ69FW5_mono_0014,4,4,4,4,0
TYSJ69FW5_mono_0015,5,5,5,5,0
TYSJ69FW5_mono_0016,3,3,3,3,0
TYSJ69FW5_mono_0017,3,3,3,3,0
TYSJ69FW5_mono_0018,1,1,1,1,0
TYSJ69FW5_mono_0019,1,1,1,1,0
TYSJ69FW5_mono_0020,4,4,4,4,0
TYSJ69FW5_mono_0021,4,4,4,4,0
TYSJ69FW5_mono_0022,3,3,3,3,0
TYSJ69FW5_mono_0023,3,3,3,3,0
TYSJ69FW5_mono_0024,1,1,1,1,0
TYSJ69FW5_mono_0025,5,5,5,5,0
TYSJ69FW5_mono_0026,5,5,5,5,0
TYSJ69FW5_mono_0027,1,1,1,1,0
TYSJ69FW5_mono_0028,5,5,5,5,0
TYSJ69FW5_mono_0029,1,1,1,1,0
TYSJ69FW5_mono_0030,3,3,3,3,0
TYSJ69FW5_mono_0031,2,2,2,2,0
TYSJ69FW5_mono_0032,3,3,3,3,0
TYSJ69FW5_mono_0033,1,1,1,1,0
TYSJ69FW5_mono_0034,4,4,4,4,0
TYSJ69FW5_mono_0035,1,1,1,1,0
TYSJ69FW5_mono_0036,4,4,4,4,0
TYSJ69FW5_mono_0037,3,3,3,3,0
TYSJ69FW5_mono_0038,2,2,2,2,0
TYSJ69FW5_mono_0039,3,3,3,3,0
TYSJ69FW5_mono_0040,3,3,3,3,0
TYSJ69FW5_mono_0041,4,4,4,4,0
TYSJ69FW5_mono_0042,4,4,4,4,0
TYSJ69FW5_mono_0043,4,4,4,4,0
TYSJ69FW5_mono_0044,1,1,1,1,0
TYSJ69FW5_mono_0045,5,5,5,5,0
TYSJ69FW5_mono_0046,3,3,3,3,0
TYSJ69FW5_mono_0047,2,2,2,2,0
TYSJ69FW5_mono_0048,3,3,3,3,0
TYSJ69FW5_mono_0049,2,2,2,2,0
TYSJ69FW5_mono_0050,5,5,5,5,0
TYSJ69FW5_mono_0051,2,2,2,2,0
TYSJ69FW5_mono_0052,3,3,3,3,0
TYSJ69FW5_mono_0053,4,4,4,4,0
TYSJ69FW5_mono_0054,1,1,1,1,0
TYSJ69FW5_mono_0055,3,3,3,3,0
TYSJ69FW5_mono_0056,3,3,3,3,0
TYSJ69FW5_mono_0057,1,1,1,1,0
TYSJ69FW5_mono_0058,2,2,2,2,0
TYSJ69FW5_mono_0059,3,3,3,3,0
TYSJ69FW5_mono_0060,3,3,3,3,0
TYSJ69FW5_mono_0061,5,5,5,5,0
TYSJ69FW5_mono_0062,4,4,4,4,0
TYSJ69FW5_mono_0063,1,1,1,1,0
TYSJ69FW5_mono_0064,3,3,3,3,0
TYSJ69FW5_mono_0065,1,1,1,1,0
TYSJ69FW5_mono_0066,1,1,1,1,0
TYSJ69FW5_mono_0067,1,1,1,1,0
TYSJ69FW5_mono_0068,1,1,1,1,0
TYSJ69FW5_mono_0069,1,1,1,1,0
TYSJ69FW5_mono_0070,4,4,4,4,0
TYSJ69FW5_mono_0071,2,2,2,2,0
TYSJ69FW5_mono_0072,2,2,2,2,0
TYSJ69FW5_mono_0073,3,3,3,3,0
TYSJ69FW5_mono_0074,4,4,4,4,0
TYSJ69FW5_mono_0075,2,2,2,2,0
TYSJ69FW5_mono_0076,2,2,2,2,0
TYSJ69FW5_mono_0077,3,3,3,3,0
TYSJ69FW5_mono_0078,2,2,2,2,0
TYSJ69FW5_mono_0079,1,1,1,1,0
TYSJ69FW5_mono_0080,1,1,1,1,0
TYSJ69FW5_mono_0081,1,1,1,1,0
TYSJ69FW5_mono_0082,4,4,4,4,0
TYSJ69FW5_mono_0083,4,4,4,4,0
TYSJ69FW5_mono_0084,4,4,4,4,0
TYSJ69FW5_mono_0085,6,6,6,6,0
TYSJ69FW5_mono_0086,1,1,1,1,0
TYSJ69FW5_mono_0087,4,4,4,4,0
TYSJ69FW5_mono_0088,6,6,6,6,0
TYSJ69FW5_mono_0089,2,2,2,2,0
TYSJ69FW5_mono_0090,4,4,4,4,0
TYSJ69FW5_mono_0091,3,3,3,3,0
TYSJ69FW5_mono_0092,4,4,4,4,0
TYSJ69FW5_mono_0093,2,2,2,2,0
TYSJ69FW5_mono_0094,1,1,1,1,0
TYSJ69FW5_mono_0095,2,2,2,2,0
TYSJ69FW5_mono_0096,3,3,3,3,0
TYSJ69FW5_mono_0097,1,1,1,1,0
TYSJ69FW5_mono_0098,4,4,4,4,0
TYSJ69FW5_mono_0099,1,1,1,1,0
TYSJ69FW5_mono_0100,2,2,2,2,0
TYSJ69FW5_mono_0101,1,1,1,1,0
TYSJ69FW5_mono_0102,2,2,2,2,0
TYSJ69FW5_mono_0103,2,2,2,2,0
TYSJ69FW5_mono_0104,2,2,2,2,0
TYSJ69FW5_mono_0105,1,1,1,1,0
TYSJ69FW5_mono_0106,3,3,3,3,0
TYSJ69FW5_mono_0107,2,2,2,2,0
TYSJ69FW5_mono_0108,2,2,2,2,0
TYSJ69FW5_mono_0109,1,1,1,1,0
TYSJ69FW5_mono_0110,3,3,3,3,0
TYSJ69FW5_mono_0111,1,1,1,1,0
TYSJ69FW5_mono_0112,3,3,3,3,0
TYSJ69FW5_mono_0113,1,1,1,1,0
TYSJ69FW5_mono_0114,5,5,5,5,0
TYSJ69FW5_mono_0115,3,3,3,3,0
TYSJ69FW5_mono_0116,5,5,5,5,0
TYSJ69FW5_mono_0117,3,3,3,3,0
TYSJ69FW5_mono_0118,3,3,3,3,0
TYSJ69FW5_mono_0119,1,1,1,1,0
TYSJ69FW5_mono_0120,3,3,3,3,0
TYSJ69FW5_mono_0121,3,3,3,3,0
TYSJ69FW5_mono_0122,6,6,6,6,0
TYSJ69FW5_mono_0123,3,3,3,3,0
TYSJ69FW5_mono_0124,3,3,3,3,0
TYSJ69FW5_mono_0125,1,1,1,1,0
TYSJ69FW5_mono_0126,3,3,3,3,0
TYSJ69FW5_mono_0127,3,3,3,3,0
TYSJ69FW5_mono_0128,7,7,7,7,0
TYSJ69FW5_mono_0129,1,1,1,1,0
TYSJ69FW5_mono_0130,2,2,2,2,0
TYSJ69FW5_mono_0131,3,3,3,3,0
TYSJ69FW5_mono_0132,4,4,4,4,0
TYSJ69FW5_mono_0133,2,2,2,2,0
TYSJ69FW5_mono_0134,7,7,7,7,0
TYSJ69FW5_mono_0135,3,3,3,3,0
TYSJ69FW5_mono_0136,5,5,5,5,0
TYSJ69FW5_mono_0137,3,3,3,3,0
TYSJ69FW5_mono_0138,1,1,1,1,0
TYSJ69FW5_mono_0139,1,1,1,1,0
TYSJ69FW5_mono_0140,3,3,3,3,0
TYSJ69FW5_mono_0141,1,1,1,1,0
TYSJ69FW5_mono_0142,5,5,5,5,0
TYSJ69FW5_mono_0143,4,4,4,4,0
TYSJ69FW5_mono_0144,2,2,2,2,0
TYSJ69FW5_mono_0145,2,2,2,2,0
TYSJ69FW5_mono_0146,2,2,2,2,0
TYSJ69FW5_mono_0147,2,2,2,2,0
TYSJ69FW5_mono_0148,3,3,3,3,0
TYSJ69FW5_mono_0149,1,1,1,1,0
TYSJ69FW5_mono_0150,1,1,1,1,0
TYSJ69FW5_mono_0151,1,1,1,1,0
TYSJ69FW5_mono_0152,2,2,2,2,0
TYSJ69FW5_mono_0153,2,2,2,2,0
TYSJ69FW5_mono_0154,5,5,5,5,0
TYSJ69FW5_mono_0155,4,4,4,4,0
TYSJ69FW5_mono_0156,7,7,7,7,0
TYSJ69FW5_mono_0157,1,1,1,1,0
TYSJ69FW5_mono_0158,2,2,2,2,0
TYSJ69FW5_mono_0159,6,6,6,6,0
TYSJ69FW5_mono_0160,3,3,3,3,0
TYSJ69FW5_mono_0161,5,5,5,5,0
TYSJ69FW5_mono_0162,3,3,3,3,0
TYSJ69FW5_mono_0163,5,5,5,5,0
TYSJ69FW5_mono_0164,5,5,5,5,0
TYSJ69FW5_mono_0165,2,2,2,2,0
TYSJ69FW5_mono_0166,4,4,4,4,0
TYSJ69FW5_mono_0167,4,4,4,4,0
TYSJ69FW5_mono_0168,4,4,4,4,0
TYSJ69FW5_mono_0169,3,3,3,3,0
TYSJ69FW5_mono_0170,7,7,7,7,0
TYSJ69FW5_mono_0171,5,5,5,5,0
TYSJ69FW5_mono_0172,2,2,2,2,0
TYSJ69FW5_mono_0173,3,3,3,3,0
TYSJ69FW5_mono_0174,4,4,4,4,0
TYSJ69FW5_mono_0175,1,1,1,1,0
TYSJ69FW5_mono_0176,1,1,1,1,0
TYSJ69FW5_mono_0177,2,2,2,2,0
TYSJ69FW5_mono_0178,4,4,4,4,0
TYSJ69FW5_mono_0179,4,4,4,4,0
TYSJ69FW5_mono_0180,3,3,3,3,0
TYSJ69FW5_mono_0181,1,1,1,1,0
TYSJ69FW5_mono_0182,2,2,2,2,0
TYSJ69FW5_mono_0183,5,5,5,5,0
TYSJ69FW5_mono_0184,2,2,2,2,0
TYSJ69FW5_mono_0185,3,3,3,3,0
TYSJ69FW5_mono_0186,2,2,2,2,0
TYSJ69FW5_mono_0187,7,7,7,7,0
TYSJ69FW5_mono_0188,4,4,4,4,0
TYSJ69FW5_mono_0189,1,1,1,1,0
VIOLAGOD7_mono_0001,5,5,5,5,0
VIOLAGOD7_mono_0002,4,4,4,4,0
VIOLAGOD7_mono_0003,7,7,7,7,0
VIOLAGOD7_mono_0004,3,3,3,3,0
VIOLAGOD7_mono_0005,1,1,1,1,0
VIOLAGOD7_mono_0006,3,3,3,3,0
VIOLAGOD7_mono_0007,4,4,4,4,0
VIOLAGOD7_mono_0008,1,1,1,1,0
VIOLAGOD7_mono_0009,2,2,2,2,0
VIOLAGOD7_mono_0010,8,8,8,8,0
VIOLAGOD7_mono_0011,2,2,2,2,0
VIOLAGOD7_mono_0012,4,4,4,4,0
VIOLAGOD7_mono_0013,5,5,5,5,0
VIOLAGOD7_mono_0014,4,4,4,4,0
VIOLAGOD7_mono_0015,2,2,2,2,0
VIOLAGOD7_mono_0016,4,4,4,4,0
VIOLAGOD7_mono_0017,4,4,4,4,0
VIOLAGOD7_mono_0018,5,5,5,5,0
VIOLAGOD7_mono_0019,3,3,3,3,0
VIOLAGOD7_mono_0020,2,2,2,2,0
VIOLAGOD7_mono_0021,5,5,5,5,0
VIOLAGOD7_mono_0022,2,2,2,2,0
VIOLAGOD7_mono_0023,6,6,6,6,0
VIOLAGOD7_mono_0024,3,3,3,3,0
VIOLAGOD7_mono_0025,3,3,3,3,0
VIOLAGOD7_mono_0026,5,5,5,5,0
VIOLAGOD7_mono_0027,5,5,5,5,0
VIOLAGOD7_mono_0028,8,8,8,8,0
VIOLAGOD7_mono_0029,3,3,3,3,0
VIOLAGOD7_mono_0030,3,3,3,3,0
VIOLAGOD7_mono_0031,6,6,6,6,0
VIOLAGOD7_mono_0032,5,5,5,5,0
VIOLAGOD7_mono_0033,3,3,3,3,0
VIOLAGOD7_mono_0034,1,1,1,1,0
VIOLAGOD7_mono_0035,3,3,3,3,0
VIOLAGOD7_mono_0036,4,4,4,4,0
VIOLAGOD7_mono_0037,3,3,3,3,0
VIOLAGOD7_mono_0038,5,5,5,5,0
VIOLAGOD7_mono_0039,2,2,2,2,0
VIOLAGOD7_mono_0040,4,4,4,4,0
VIOLAGOD7_mono_0041,4,4,4,4,0
VIOLAGOD7_mono_0042,8,8,8,8,0
VIOLAGOD7_mono_0043,6,6,6,6,0
VIOLAGOD7_mono_0044,4,4,4,4,0
VIOLAGOD7_mono_0045,5,5,5,5,0
VIOLAGOD7_mono_0046,3,3,3,3,0
VIOLAGOD7_mono_0047,1,1,1,1,0
VIOLAGOD7_mono_0048,3,3,3,3,0
VIOLAGOD7_mono_0049,6,6,6,6,0
VIOLAGOD7_mono_0050,6,6,6,6,0
VIOLAGOD7_mono_0051,5,5,5,5,0
VIOLAGOD7_mono_0052,2,2,2,2,0
VIOLAGOD7_mono_0053,5,5,5,5,0
VIOLAGOD7_mono_0054,5,5,5,5,0
VIOLAGOD7_mono_0055,4,4,4,4,0
VIOLAGOD7_mono_0056,4,4,4,4,0
VIOLAGOD7_mono_0057,2,2,2,2,0
VIOLAGOD7_mono_0058,3,3,3,3,0
VIOLAGOD7_mono_0059,2,2,2,2,0
VIOLAGOD7_mono_0060,3,3,3,3,0
VIOLAGOD7_mono_0061,6,6,6,6,0
VIOLAGOD7_mono_0062,6,6,6,6,0
VIOLAGOD7_mono_0063,6,6,6,6,0
VIOLAGOD7_mono_0064,2,2,2,2,0
VIOLAGOD7_mono_0065,3,3,3,3,0
VIOLAGOD7_mono_0066,3,3,3,3,0
VIOLAGOD7_mono_0067,2,2,2,2,0
VIOLAGOD7_mono_0068,5,5,5,5,0
VIOLAGOD7_mono_0069,2,2,2,2,0
VIOLAGOD7_mono_0070,5,5,5,5,0
VIOLAGOD7_mono_0071,5,5,5,5,0
VIOLAGOD7_mono_0072,7,7,7,7,0
VIOLAGOD7_mono_0073,6,6,6,6,0
VIOLAGOD7_mono_0074,2,2,2,2,0
VIOLAGOD7_mono_0075,6,6,6,6,0
VIOLAGOD7_mono_0076,3,3,3,3,0
VIOLAGOD7_mono_0077,2,2,2,2,0
VIOLAGOD7_mono_0078,2,2,2,2,0
VIOLAGOD7_mono_0079,3,3,3,3,0
VIOLAGOD7_mono_0080,4,4,4,4,0
VIOLAGOD7_mono_0081,1,1,1,1,0
VIOLAGOD7_mono_0082,3,3,3,3,0
VIOLAGOD7_mono_0083,4,4,4,4,0
VIOLAGOD7_mono_0084,5,5,5,5,0
VIOLAGOD7_mono_0085,2,2,2,2,0
VIOLAGOD7_mono_0086,7,7,7,7,0
VIOLAGOD7_mono_0087,1,1,1,1,0
VIOLAGOD7_mono_0088,3,3,3,3,0
VIOLAGOD7_mono_0089,5,5,5,5,0
VIOLAGOD7_mono_0090,4,4,4,4,0
VIOLAGOD7_mono_0091,2,2,2,2,0
VIOLAGOD7_mono_0092,1,1,1,1,0
VIOLAGOD7_mono_0093,5,5,5,5,0
VIOLAGOD7_mono_0094,2,2,2,2,0
VIOLAGOD7_mono_0095,5,5,5,5,0
VIOLAGOD7_mono_0096,5,5,5,5,0
VIOLAGOD7_mono_0097,2,2,2,2,0
VIOLAGOD7_mono_0098,5,5,5,5,0
VIOLAGOD7_mono_0099,5,5,5,5,0
VIOLAGOD7_mono_0100,2,2,2,2,0
VIOLAGOD7_mono_0101,6,6,6,6,0
VIOLAGOD7_mono_0102,3,3,3,3,0
VIOLAGOD7_mono_0103,3,3,3,3,0
VIOLAGOD7_mono_0104,2,2,2,2,0
VIOLAGOD7_mono_0105,4,4,4,4,0
VIOLAGOD7_mono_0106,5,5,5,5,0
VIOLAGOD7_mono_0107,2,2,2,2,0
VIOLAGOD7_mono_0108,1,1,1,1,0
VIOLAGOD7_mono_0109,2,2,2,2,0
VIOLAGOD7_mono_0110,3,3,3,3,0
VIOLAGOD7_mono_0111,1,1,1,1,0
VIOLAGOD7_mono_0112,5,5,5,5,0
VIOLAGOD7_mono_0113,5,5,5,5,0
VIOLAGOD7_mono_0114,3,3,3,3,0
VIOLAGOD7_mono_0115,5,5,5,5,0
VIOLAGOD7_mono_0116,2,2,2,2,0
VIOLAGOD7_mono_0117,1,1,1,1,0
VIOLAGOD7_mono_0118,3,3,3,3,0
VIOLAGOD7_mono_0119,5,5,5,5,0
VIOLAGOD7_mono_0120,2,2,2,2,0
VIOLAGOD7_mono_0121,3,3,3,3,0
VIOLAGOD7_mono_0122,4,4,4,4,0
VIOLAGOD7_mono_0123,2,2,2,2,0
VIOLAGOD7_mono_0124,4,4,4,4,0
VIOLAGOD7_mono_0125,3,3,3,3,0
VIOLAGOD7_mono_0126,4,4,4,4,0
VIOLAGOD7_mono_0127,3,3,3,3,0
VIOLAGOD7_mono_0128,3,3,3,3,0
VIOLAGOD7_mono_0129,2,2,2,2,0
VIOLAGOD7_mono_0130,3,3,3,3,0
VIOLAGOD7_mono_0131,4,4,4,4,0
VIOLAGOD7_mono_0132,4,4,4,4,0
VIOLAGOD7_mono_0133,3,3,3,3,0
VIOLAGOD7_mono_0134,4,4,4,4,0
VIOLAGOD7_mono_0135,3,3,3,3,0
VIOLAGOD7_mono_0136,2,2,2,2,0
VIOLAGOD7_mono_0137,4,4,4,4,0
VIOLAGOD7_mono_0138,5,5,5,5,0
VIOLAGOD7_mono_0139,2,2,2,2,0
VIOLAGOD7_mono_0140,5,5,5,5,0
VIOLAGOD7_mono_0141,4,4,4,4,0
VIOLAGOD7_mono_0142,6,6,6,6,0
VIOLAGOD7_mono_0143,3,3,3,3,0
VIOLAGOD7_mono_0144,3,3,3,3,0
VIOLAGOD7_mono_0145,2,2,2,2,0
VIOLAGOD7_mono_0146,6,6,6,6,0
VIOLAGOD7_mono_0147,5,5,5,5,0
VIOLAGOD7_mono_0148,3,3,3,3,0
VIOLAGOD7_mono_0149,3,3,3,3,0
VIOLAGOD7_mono_0150,2,2,2,2,0
VIOLAGOD7_mono_0151,5,5,5,5,0
VIOLAGOD7_mono_0152,4,4,4,4,0
VIOLAGOD7_mono_0153,5,5,5,5,0
VIOLAGOD7_mono_0154,6,6,6,6,0
VIOLAGOD7_mono_0155,4,4,4,4,0
VIOLAGOD7_mono_0156,5,5,5,5,0
VIOLAGOD7_mono_0157,1,1,1,1,0
VIOLAGOD7_mono_0158,6,6,6,6,0
VIOLAGOD7_mono_0159,6,6,6,6,0
VIOLAGOD7_mono_0160,7,7,7,7,0
VIOLAGOD7_mono_0161,1,1,1,1,0
VIOLAGOD7_mono_0162,1,1,1,1,0
VIOLAGOD7_mono_0163,7,7,7,7,0
VIOLAGOD7_mono_0164,5,5,5,5,0
VIOLAGOD7_mono_0165,6,6,6,6,0
VIOLAGOD7_mono_0166,3,3,3,3,0
VIOLAGOD7_mono_0167,2,2,2,2,0
VIOLAGOD7_mono_0168,3,3,3,3,0
VIOLAGOD7_mono_0169,6,6,6,6,0
VIOLAGOD7_mono_0170,5,5,5,5,0
VIOLAGOD7_mono_0171,1,1,1,1,0
VIOLAGOD7_mono_0172,4,4,4,4,0
VIOLAGOD7_mono_0173,4,4,4,4,0
VIOLAGOD7_mono_0174,4,4,4,4,0
VIOLAGOD7_mono_0175,4,4,4,4,0
VIOLAGOD7_mono_0176,3,3,3,3,0
VIOLAGOD7_mono_0177,4,4,4,4,0
VIOLAGOD7_mono_0178,1,1,1,1,0
VIOLAGOD7_mono_0179,3,3,3,3,0
VIOLAGOD7_mono_0180,1,1,1,1,0
VIOLAGOD7_mono_0181,2,2,2,2,0
VIOLAGOD7_mono_0182,5,5,5,5,0
VIOLAGOD7_mono_0183,2,2,2,2,0
VIOLAGOD7_mono_0184,4,4,4,4,0
VIOLAGOD7_mono_0185,2,2,2,2,0
VIOLAGOD7_mono_0186,3,3,3,3,0
VIOLAGOD7_mono_0187,1,1,1,1,0
VIOLAGOD7_mono_0188,1,1,1,1,0
W8C94LK3M_mono_0001,2,2,2,2,0
W8C94LK3M_mono_0002,3,3,3,3,0
W8C94LK3M_mono_0003,6,6,6,6,0
W8C94LK3M_mono_0004,8,8,8,8,0
W8C94LK3M_mono_0005,3,3,3,3,0
W8C94LK3M_mono_0006,2,2,2,2,0
W8C94LK3M_mono_0007,3,3,3,3,0
W8C94LK3M_mono_0008,8,8,8,8,0
W8C94LK3M_mono_0009,8,8,8,8,0
W8C94LK3M_mono_0010,4,4,4,4,0
W8C94LK3M_mono_0011,8,8,8,8,0
W8C94LK3M_mono_0012,2,2,2,2,0
W8C94LK3M_mono_0013,2,2,2,2,0
W8C94LK3M_mono_0014,1,1,1,1,0
W8C94LK3M_mono_0015,4,4,4,4,0
W8C94LK3M_mono_0016,2,2,2,2,0
W8C94LK3M_mono_0017,2,2,2,2,0
W8C94LK3M_mono_0018,1,1,1,1,0
W8C94LK3M_mono_0019,1,1,1,1,0
W8C94LK3M_mono_0020,4,4,4,4,0
W8C94LK3M_mono_0021,2,2,2,2,0
W8C94LK3M_mono_0022,2,2,2,2,0
W8C94LK3M_mono_0023,2,2,2,2,0
W8C94LK3M_mono_0024,2,2,2,2,0
W8C94LK3M_mono_0025,8,8,8,8,0
W8C94LK3M_mono_0026,3,3,3,3,0
W8C94LK3M_mono_0027,2,2,2,2,0
W8C94LK3M_mono_0028,2,2,2,2,0
W8C94LK3M_mono_0029,2,2,2,2,0
W8C94LK3M_mono_0030,2,2,2,2,0
W8C94LK3M_mono_0031,2,2,2,2,0
W8C94LK3M_mono_0032,1,1,1,1,0
W8C94LK3M_mono_0033,4,4,4,4,0
W8C94LK3M_mono_0034,2,2,2,2,0
W8C94LK3M_mono_0035,2,2,2,2,0
W8C94LK3M_mono_0036,3,3,3,3,0
W8C94LK3M_mono_0037,3,3,3,3,0
W8C94LK3M_mono_0038,3,3,3,3,0
W8C94LK3M_mono_0039,3,3,3,3,0
W8C94LK3M_mono_0040,2,2,2,2,0
W8C94LK3M_mono_0041,6,6,6,6,0
W8C94LK3M_mono_0042,3,3,3,3,0
W8C94LK3M_mono_0043,2,2,2,2,0
W8C94LK3M_mono_0044,6,6,6,6,0
W8C94LK3M_mono_0045,1,1,1,1,0
W8C94LK3M_mono_0046,2,2,2,2,0
W8C94LK3M_mono_0047,2,2,2,2,0
W8C94LK3M_mono_0048,2,2,2,2,0
W8C94LK3M_mono_0049,2,2,2,2,0
W8C94LK3M_mono_0050,2,2,2,2,0
W8C94LK3M_mono_0051,2,2,2,2,0
W8C94LK3M_mono_0052,2,2,2,2,0
W8C94LK3M_mono_0053,2,2,2,2,0
W8C94LK3M_mono_0054,3,3,3,3,0
W8C94LK3M_mono_0055,1,1,1,1,0
W8C94LK3M_mono_0056,2,2,2,2,0
W8C94LK3M_mono_0057,2,2,2,2,0
W8C94LK3M_mono_0058,2,2,2,2,0
W8C94LK3M_mono_0059,3,3,3,3,0
W8C94LK3M_mono_0060,3,3,3,3,0
W8C94LK3M_mono_0061,1,1,1,1,0
W8C94LK3M_mono_0062,4,4,4,4,0
W8C94LK3M_mono_0063,3,3,3,3,0
W8C94LK3M_mono_0064,2,2,2,2,0
W8C94LK3M_mono_0065,2,2,2,2,0
W8C94LK3M_mono_0066,1,1,1,1,0
W8C94LK3M_mono_0067,3,3,3,3,0
W8C94LK3M_mono_0068,2,2,2,2,0
W8C94LK3M_mono_0069,4,4,4,4,0
W8C94LK3M_mono_0070,2,2,2,2,0
W8C94LK3M_mono_0071,8,8,8,8,0
W8C94LK3M_mono_0072,1,1,1,1,0
W8C94LK3M_mono_0073,4,4,4,4,0
W8C94LK3M_mono_0074,4,4,4,4,0
W8C94LK3M_mono_0075,3,3,3,3,0
W8C94LK3M_mono_0076,4,4,4,4,0
W8C94LK3M_mono_0077,4,4,4,4,0
W8C94LK3M_mono_0078,2,2,2,2,0
W8C94LK3M_mono_0079,2,2,2,2,0
W8C94LK3M_mono_0080,2,2,2,2,0
W8C94LK3M_mono_0081,2,2,2,2,0
W8C94LK3M_mono_0082,4,4,4,4,0
W8C94LK3M_mono_0083,6,6,6,6,0
W8C94LK3M_mono_0084,2,2,2,2,0
W8C94LK3M_mono_0085,2,2,2,2,0
W8C94LK3M_mono_0086,1,1,1,1,0
W8C94LK3M_mono_0087,5,5,5,5,0
W8C94LK3M_mono_0088,3,3,3,3,0
W8C94LK3M_mono_0089,2,2,2,2,0
W8C94LK3M_mono_0090,2,2,2,2,0
W8C94LK3M_mono_0091,2,2,2,2,0
W8C94LK3M_mono_0092,2,2,2,2,0
W8C94LK3M_mono_0093,2,2,2,2,0
W8C94LK3M_mono_0094,1,1,1,1,0
W8C94LK3M_mono_0095,1,1,1,1,0
W8C94LK3M_mono_0096,3,3,3,3,0
W8C94LK3M_mono_0097,8,8,8,8,0
W8C94LK3M_mono_0098,6,6,6,6,0
W8C94LK3M_mono_0099,3,3,3,3,0
W8C94LK3M_mono_0100,2,2,2,2,0
W8C94LK3M_mono_0101,1,1,1,1,0
W8C94LK3M_mono_0102,4,4,4,4,0
W8C94LK3M_mono_0103,2,2,2,2,0
W8C94LK3M_mono_0104,1,1,1,1,0
W8C94LK3M_mono_0105,2,2,2,2,0
W8C94LK3M_mono_0106,4,4,4,4,0
W8C94LK3M_mono_0107,1,1,1,1,0
W8C94LK3M_mono_0108,1,1,1,1,0
W8C94LK3M_mono_0109,3,3,3,3,0
W8C94LK3M_mono_0110,2,2,2,2,0
W8C94LK3M_mono_0111,1,1,1,1,0
W8C94LK3M_mono_0112,2,2,2,2,0
W8C94LK3M_mono_0113,2,2,2,2,0
W8C94LK3M_mono_0114,2,2,2,2,0
W8C94LK3M_mono_0115,2,2,2,2,0
W8C94LK3M_mono_0116,3,3,3,3,0
W8C94LK3M_mono_0117,4,4,4,4,0
W8C94LK3M_mono_0118,1,1,1,1,0
W8C94LK3M_mono_0119,4,4,4,4,0
W8C94LK3M_mono_0120,3,3,3,3,0
W8C94LK3M_mono_0121,5,5,5,5,0
W8C94LK3M_mono_0122,1,1,1,1,0
W8C94LK3M_mono_0123,2,2,2,2,0
W8C94LK3M_mono_0124,4,4,4,4,0
W8C94LK3M_mono_0125,2,2,2,2,0
W8C94LK3M_mono_0126,2,2,2,2,0
W8C94LK3M_mono_0127,2,2,2,2,0
W8C94LK3M_mono_0128,3,3,3,3,0
W8C94LK3M_mono_0129,2,2,2,2,0
W8C94LK3M_mono_0130,4,4,4,4,0
W8C94LK3M_mono_0131,2,2,2,2,0
W8C94LK3M_mono_0132,3,3,3,3,0
W8C94LK3M_mono_0133,1,1,1,1,0
W8C94LK3M_mono_0134,4,4,4,4,0
W8C94LK3M_mono_0135,2,2,2,2,0
W8C94LK3M_mono_0136,2,2,2,2,0
W8C94LK3M_mono_0137,2,2,2,2,0
W8C94LK3M_mono_0138,4,4,4,4,0
W8C94LK3M_mono_0139,2,2,2,2,0
W8C94LK3M_mono_0140,2,2,2,2,0
W8C94LK3M_mono_0141,5,5,5,5,0
W8C94LK3M_mono_0142,4,4,4,4,0
W8C94LK3M_mono_0143,3,3,3,3,0
W8C94LK3M_mono_0144,3,3,3,3,0
W8C94LK3M_mono_0145,2,2,2,2,0
W8C94LK3M_mono_0146,2,2,2,2,0
W8C94LK3M_mono_0147,1,1,1,1,0
W8C94LK3M_mono_0148,2,2,2,2,0
W8C94LK3M_mono_0149,2,2,2,2,0
W8C94LK3M_mono_0150,5,5,5,5,0
W8C94LK3M_mono_0151,5,5,5,5,0
W8C94LK3M_mono_0152,1,1,1,1,0
W8C94LK3M_mono_0153,1,1,1,1,0
W8C94LK3M_mono_0154,1,1,1,1,0
W8C94LK3M_mono_0155,7,7,7,7,0
W8C94LK3M_mono_0156,1,1,1,1,0
W8C94LK3M_mono_0157,2,2,2,2,0
W8C94LK3M_mono_0158,1,1,1,1,0
W8C94LK3M_mono_0159,1,1,1,1,0
W8C94LK3M_mono_0160,2,2,2,2,0
W8C94LK3M_mono_0161,3,3,3,3,0
W8C94LK3M_mono_0162,7,7,7,7,0
W8C94LK3M_mono_0163,2,2,2,2,0
W8C94LK3M_mono_0164,2,2,2,2,0
W8C94LK3M_mono_0165,2,2,2,2,0
W8C94LK3M_mono_0166,3,3,3,3,0
W8C94LK3M_mono_0167,1,1,1,1,0
W8C94LK3M_mono_0168,1,1,1,1,0
W8C94LK3M_mono_0169,2,2,2,2,0
W8C94LK3M_mono_0170,3,3,3,3,0
W8C94LK3M_mono_0171,3,3,3,3,0
W8C94LK3M_mono_0172,1,1,1,1,0
W8C94LK3M_mono_0173,1,1,1,1,0
W8C94LK3M_mono_0174,2,2,2,2,0
W8C94LK3M_mono_0175,8,8,8,8,0
W8C94LK3M_mono_0176,4,4,4,4,0
W8C94LK3M_mono_0177,1,1,1,1,0
W8C94LK3M_mono_0178,2,2,2,2,0
W8C94LK3M_mono_0179,2,2,2,2,0
W8C94LK3M_mono_0180,3,3,3,3,0
W8C94LK3M_mono_0181,4,4,4,4,0
W8C94LK3M_mono_0182,2,2,2,2,0
W8C94LK3M_mono_0183,8,8,8,8,0
W8C94LK3M_mono_0184,1,1,1,1,0
W8C94LK3M_mono_0185,3,3,3,3,0
W8C94LK3M_mono_0186,2,2,2,2,0
W8C94LK3M_mono_0187,4,4,4,4,0
W8C94LK3M_mono_0188,1,1,1,1,0
W8C94LK3M_mono_0189,2,2,2,2,0
W8C94LK3M_mono_0190,8,8,8,8,0
W8C94LK3M_mono_0191,2,2,2,2,0
W8C94LK3M_mono_0192,3,3,3,3,0
W8C94LK3M_mono_0193,2,2,2,2,0
WCHU77581_mono_0001,1,1,1,1,0
WCHU77581_mono_0002,4,4,4,4,0
WCHU77581_mono_0003,2,2,2,2,0
WCHU77581_mono_0004,1,1,1,1,0
WCHU77581_mono_0005,2,2,2,2,0
WCHU77581_mono_0006,7,7,7,7,0
WCHU77581_mono_0007,1,1,1,1,0
WCHU77581_mono_0008,5,5,5,5,0
WCHU77581_mono_0009,2,2,2,2,0
WCHU77581_mono_0010,2,2,2,2,0
WCHU77581_mono_0011,6,6,6,6,0
WCHU77581_mono_0012,2,2,2,2,0
WCHU77581_mono_0013,6,6,6,6,0
WCHU77581_mono_0014,6,6,6,6,0
WCHU77581_mono_0015,3,3,3,3,0
WCHU77581_mono_0016,4,4,4,4,0
WCHU77581_mono_0017,5,5,5,5,0
WCHU77581_mono_0018,3,3,3,3,0
WCHU77581_mono_0019,3,3,3,3,0
WCHU77581_mono_0020,7,7,7,7,0
WCHU77581_mono_0021,6,6,6,6,0
WCHU77581_mono_0022,6,6,6,6,0
WCHU77581_mono_0023,2,2,2,2,0
WCHU77581_mono_0024,3,3,3,3,0
WCHU77581_mono_0025,2,2,2,2,0
WCHU77581_mono_0026,6,6,6,6,0
WCHU77581_mono_0027,4,4,4,4,0
WCHU77581_mono_0028,2,2,2,2,0
WCHU77581_mono_0029,2,2,2,2,0
WCHU77581_mono_0030,7,7,7,7,0
WCHU77581_mono_0031,3,3,3,3,0
WCHU77581_mono_0032,6,6,6,6,0
WCHU77581_mono_0033,1,1,1,1,0
WCHU77581_mono_0034,3,3,3,3,0
WCHU77581_mono_0035,4,4,4,4,0
WCHU77581_mono_0036,3,3,3,3,0
WCHU77581_mono_0037,4,4,4,4,0
WCHU77581_mono_0038,6,6,6,6,0
WCHU77581_mono_0039,3,3,3,3,0
WCHU77581_mono_0040,3,3,3,3,0
WCHU77581_mono_0041,5,5,5,5,0
WCHU77581_mono_0042,3,3,3,3,0
WCHU77581_mono_0043,7,7,7,7,0
WCHU77581_mono_0044,6,6,6,6,0
WCHU77581_mono_0045,6,6,6,6,0
WCHU77581_mono_0046,8,8,8,8,0
WCHU77581_mono_0047,3,3,3,3,0
WCHU77581_mono_0048,2,2,2,2,0
WCHU77581_mono_0049,5,5,5,5,0
WCHU77581_mono_0050,4,4,4,4,0
WCHU77581_mono_0051,2,2,2,2,0
WCHU77581_mono_0052,3,3,3,3,0
WCHU77581_mono_0053,5,5,5,5,0
WCHU77581_mono_0054,2,2,2,2,0
WCHU77581_mono_0055,4,4,4,4,0
WCHU77581_mono_0056,2,2,2,2,0
WCHU77581_mono_0057,4,4,4,4,0
WCHU77581_mono_0058,3,3,3,3,0
WCHU77581_mono_0059,3,3,3,3,0
WCHU77581_mono_0060,3,3,3,3,0
WCHU77581_mono_0061,1,1,1,1,0
WCHU77581_mono_0062,3,3,3,3,0
WCHU77581_mono_0063,1,1,1,1,0
WCHU77581_mono_0064,4,4,4,4,0
WCHU77581_mono_0065,7,7,7,7,0
WCHU77581_mono_0066,3,3,3,3,0
WCHU77581_mono_0067,8,8,8,8,0
WCHU77581_mono_0068,7,7,7,7,0
WCHU77581_mono_0069,3,3,3,3,0
WCHU77581_mono_0070,5,5,5,5,0
WCHU77581_mono_0071,1,1,1,1,0
WCHU77581_mono_0072,3,3,3,3,0
WCHU77581_mono_0073,5,5,5,5,0
WCHU77581_mono_0074,1,1,1,1,0
WCHU77581_mono_0075,8,8,8,8,0
WCHU77581_mono_0076,2,2,2,2,0
WCHU77581_mono_0077,2,2,2,2,0
WCHU77581_mono_0078,4,4,4,4,0
WCHU77581_mono_0079,1,1,1,1,0
WCHU77581_mono_0080,6,6,6,6,0
WCHU77581_mono_0081,6,6,6,6,0
WCHU77581_mono_0082,1,1,1,1,0
WCHU77581_mono_0083,4,4,4,4,0
WCHU77581_mono_0084,2,2,2,2,0
WCHU77581_mono_0085,3,3,3,3,0
WCHU77581_mono_0086,3,3,3,3,0
WCHU77581_mono_0087,5,5,5,5,0
WCHU77581_mono_0088,5,5,5,5,0
WCHU77581_mono_0089,3,3,3,3,0
WCHU77581_mono_0090,4,4,4,4,0
WCHU77581_mono_0091,7,7,7,7,0
WCHU77581_mono_0092,3,3,3,3,0
WCHU77581_mono_0093,3,3,3,3,0
WCHU77581_mono_0094,4,4,4,4,0
WCHU77581_mono_0095,5,5,5,5,0
WCHU77581_mono_0096,2,2,2,2,0
WCHU77581_mono_0097,5,5,5,5,0
WCHU77581_mono_0098,2,2,2,2,0
WCHU77581_mono_0099,3,3,3,3,0
WCHU77581_mono_0100,7,7,7,7,0
WCHU77581_mono_0101,2,2,2,2,0
WCHU77581_mono_0102,3,3,3,3,0
WCHU77581_mono_0103,1,1,1,1,0
WCHU77581_mono_0104,1,1,1,1,0
WCHU77581_mono_0105,4,4,4,4,0
WCHU77581_mono_0106,3,3,3,3,0
WCHU77581_mono_0107,7,7,7,7,0
WCHU77581_mono_0108,5,5,5,5,0
WCHU77581_mono_0109,3,3,3,3,0
WCHU77581_mono_0110,2,2,2,2,0
WCHU77581_mono_0111,2,2,2,2,0
WCHU77581_mono_0112,1,1,1,1,0
WCHU77581_mono_0113,6,6,6,6,0
WCHU77581_mono_0114,3,3,3,3,0
WCHU77581_mono_0115,2,2,2,2,0
WCHU77581_mono_0116,5,5,5,5,0
WCHU77581_mono_0117,1,1,1,1,0
WCHU77581_mono_0118,1,1,1,1,0
WCHU77581_mono_0119,4,4,4,4,0
WCHU77581_mono_0120,3,3,3,3,0
WCHU77581_mono_0121,5,5,5,5,0
WCHU77581_mono_0122,1,1,1,1,0
WCHU77581_mono_0123,1,1,1,1,0
WCHU77581_mono_0124,1,1,1,1,0
WCHU77581_mono_0125,2,2,2,2,0
WCHU77581_mono_0126,5,5,5,5,0
WCHU77581_mono_0127,5,5,5,5,0
WCHU77581_mono_0128,2,2,2,2,0
WCHU77581_mono_0129,3,3,3,3,0
WCHU77581_mono_0130,2,2,2,2,0
WCHU77581_mono_0131,1,1,1,1,0
WCHU77581_mono_0132,2,2,2,2,0
WCHU77581_mono_0133,4,4,4,4,0
WCHU77581_mono_0134,8,8,8,8,0
WCHU77581_mono_0135,1,1,1,1,0
WCHU77581_mono_0136,4,4,4,4,0
WCHU77581_mono_0137,5,5,5,5,0
WCHU77581_mono_0138,3,3,3,3,0
WCHU77581_mono_0139,1,1,1,1,0
WCHU77581_mono_0140,2,2,2,2,0
WCHU77581_mono_0141,2,2,2,2,0
WCHU77581_mono_0142,1,1,1,1,0
WCHU77581_mono_0143,4,4,4,4,0
WCHU77581_mono_0144,2,2,2,2,0
WCHU77581_mono_0145,4,4,4,4,0
WCHU77581_mono_0146,6,6,6,6,0
WCHU77581_mono_0147,3,3,3,3,0
WCHU77581_mono_0148,5,5,5,5,0
WCHU77581_mono_0149,2,2,2,2,0
WCHU77581_mono_0150,4,4,4,4,0
WCHU77581_mono_0151,4,4,4,4,0
WCHU77581_mono_0152,7,7,7,7,0
WCHU77581_mono_0153,4,4,4,4,0
WCHU77581_mono_0154,3,3,3,3,0
WCHU77581_mono_0155,3,3,3,3,0
WCHU77581_mono_0156,3,3,3,3,0
WCHU77581_mono_0157,5,5,5,5,0
WCHU77581_mono_0158,4,4,4,4,0
WCHU77581_mono_0159,1,1,1,1,0
WCHU77581_mono_0160,1,1,1,1,0
WCHU77581_mono_0161,4,4,4,4,0
WCHU77581_mono_0162,2,2,2,2,0
WCHU77581_mono_0163,3,3,3,3,0
WCHU77581_mono_0164,4,4,4,4,0
WCHU77581_mono_0165,4,4,4,4,0
WCHU77581_mono_0166,4,4,4,4,0
WCHU77581_mono_0167,1,1,1,1,0
WCHU77581_mono_0168,7,7,7,7,0
WCHU77581_mono_0169,1,1,1,1,0
WCHU77581_mono_0170,4,4,4,4,0
WCHU77581_mono_0171,3,3,3,3,0
WCHU77581_mono_0172,1,1,1,1,0
WCHU77581_mono_0173,1,1,1,1,0
WCHU77581_mono_0174,3,3,3,3,0
WCHU77581_mono_0175,1,1,1,1,0
WCHU77581_mono_0176,2,2,2,2,0
WCHU77581_mono_0177,7,7,7,7,0
WCHU77581_mono_0178,6,6,6,6,0
WCHU77581_mono_0179,5,5,5,5,0
WCHU77581_mono_0180,8,8,8,8,0
WCHU77581_mono_0181,4,4,4,4,0
WCHU77581_mono_0182,1,1,1,1,0
WCHU77581_mono_0183,3,3,3,3,0
WCHU77581_mono_0184,2,2,2,2,0
WCHU77581_mono_0185,5,5,5,5,0
WCHU77581_mono_0186,3,3,3,3,0
WCHU77581_mono_0187,5,5,5,5,0
WCHU77581_mono_0188,3,3,3,3,0
WCHU77581_mono_0189,2,2,2,2,0
WCHU77581_mono_0190,2,2,2,2,0
WCHU77581_mono_0191,6,6,6,6,0
WCHU77581_mono_0192,4,4,4,4,0
WCHU77581_mono_0193,2,2,2,2,0
WCHU77581_mono_0194,2,2,2,2,0
WCHU77581_mono_0195,3,3,3,3,0
WCHU77581_mono_0196,5,5,5,5,0
WCHU77581_mono_0197,7,7,7,7,0
WCHU77581_mono_0198,1,1,1,1,0
WCHU77581_mono_0199,1,1,1,1,0
WCHU77581_mono_0200,3,3,3,3,0
WCHU77581_mono_0201,2,2,2,2,0
WCHU77581_mono_0202,4,4,4,4,0
WCHU77581_mono_0203,3,3,3,3,0
WCHU77581_mono_0204,5,5,5,5,0
WCHU77581_mono_0205,3,3,3,3,0
WCHU77581_mono_0206,2,2,2,2,0
WCHU77581_mono_0207,2,2,2,2,0
WCHU77581_mono_0208,4,4,4,4,0
WCHU77581_mono_0209,1,1,1,1,0
WCHU77581_mono_0210,1,1,1,1,0
WCHU77581_mono_0211,1,1,1,1,0
WCHU77581_mono_0212,5,5,5,5,0
WCHU77581_mono_0213,5,5,5,5,0
WCHU77581_mono_0214,3,3,3,3,0
WCHU77581_mono_0215,1,1,1,1,0
WHU3354SD_mono_0001,1,1,1,1,0
WHU3354SD_mono_0002,2,2,2,2,0
WHU3354SD_mono_0003,2,2,2,2,0
WHU3354SD_mono_0004,5,5,5,5,0
WHU3354SD_mono_0005,3,3,3,3,0
WHU3354SD_mono_0006,2,2,2,2,0
WHU3354SD_mono_0007,5,5,5,5,0
WHU3354SD_mono_0008,4,4,4,4,0
WHU3354SD_mono_0009,4,4,4,4,0
WHU3354SD_mono_0010,5,5,5,5,0
WHU3354SD_mono_0011,3,3,3,3,0
WHU3354SD_mono_0012,3,3,3,3,0
WHU3354SD_mono_0013,1,1,1,1,0
WHU3354SD_mono_0014,2,2,2,2,0
WHU3354SD_mono_0015,4,4,4,4,0
WHU3354SD_mono_0016,2,2,2,2,0
WHU3354SD_mono_0017,3,3,3,3,0
WHU3354SD_mono_0018,3,3,3,3,0
WHU3354SD_mono_0019,3,3,3,3,0
WHU3354SD_mono_0020,1,1,1,1,0
WHU3354SD_mono_0021,3,3,3,3,0
WHU3354SD_mono_0022,2,2,2,2,0
WHU3354SD_mono_0023,2,2,2,2,0
WHU3354SD_mono_0024,3,3,3,3,0
WHU3354SD_mono_0025,2,2,2,2,0
WHU3354SD_mono_0026,6,6,6,6,0
WHU3354SD_mono_0027,3,3,3,3,0
WHU3354SD_mono_0028,3,3,3,3,0
WHU3354SD_mono_0029,5,5,5,5,0
WHU3354SD_mono_0030,1,1,1,1,0
WHU3354SD_mono_0031,3,3,3,3,0
WHU3354SD_mono_0032,1,1,1,1,0
WHU3354SD_mono_0033,3,3,3,3,0
WHU3354SD_mono_0034,1,1,1,1,0
WHU3354SD_mono_0035,1,1,1,1,0
WHU3354SD_mono_0036,4,4,4,4,0
WHU3354SD_mono_0037,2,2,2,2,0
WHU3354SD_mono_0038,3,3,3,3,0
WHU3354SD_mono_0039,4,4,4,4,0
WHU3354SD_mono_0040,3,3,3,3,0
WHU3354SD_mono_0041,2,2,2,2,0
WHU3354SD_mono_0042,2,2,2,2,0
WHU3354SD_mono_0043,3,3,3,3,0
WHU3354SD_mono_0044,6,6,6,6,0
WHU3354SD_mono_0045,2,2,2,2,0
WHU3354SD_mono_0046,2,2,2,2,0
WHU3354SD_mono_0047,1,1,1,1,0
WHU3354SD_mono_0048,3,3,3,3,0
WHU3354SD_mono_0049,3,3,3,3,0
WHU3354SD_mono_0050,3,3,3,3,0
WHU3354SD_mono_0051,2,2,2,2,0
WHU3354SD_mono_0052,1,1,1,1,0
WHU3354SD_mono_0053,2,2,2,2,0
WHU3354SD_mono_0054,2,2,2,2,0
WHU3354SD_mono_0055,2,2,2,2,0
WHU3354SD_mono_0056,3,3,3,3,0
WHU3354SD_mono_0057,2,2,2,2,0
WHU3354SD_mono_0058,1,1,1,1,0
WHU3354SD_mono_0059,1,1,1,1,0
WHU3354SD_mono_0060,3,3,3,3,0
WHU3354SD_mono_0061,4,4,4,4,0
WHU3354SD_mono_0062,4,4,4,4,0
WHU3354SD_mono_0063,3,3,3,3,0
WHU3354SD_mono_0064,1,1,1,1,0
WHU3354SD_mono_0065,2,2,2,2,0
WHU3354SD_mono_0066,1,1,1,1,0
WHU3354SD_mono_0067,2,2,2,2,0
WHU3354SD_mono_0068,3,3,3,3,0
WHU3354SD_mono_0069,1,1,1,1,0
WHU3354SD_mono_0070,3,3,3,3,0
WHU3354SD_mono_0071,7,7,7,7,0
WHU3354SD_mono_0072,3,3,3,3,0
WHU3354SD_mono_0073,3,3,3,3,0
WHU3354SD_mono_0074,5,5,5,5,0
WHU3354SD_mono_0075,2,2,2,2,0
WHU3354SD_mono_0076,1,1,1,1,0
WHU3354SD_mono_0077,3,3,3,3,0
WHU3354SD_mono_0078,3,3,3,3,0
WHU3354SD_mono_0079,3,3,3,3,0
WHU3354SD_mono_0080,5,5,5,5,0
WHU3354SD_mono_0081,5,5,5,5,0
WHU3354SD_mono_0082,4,4,4,4,0
WHU3354SD_mono_0083,1,1,1,1,0
WHU3354SD_mono_0084,3,3,3,3,0
WHU3354SD_mono_0085,1,1,1,1,0
WHU3354SD_mono_0086,2,2,2,2,0
WHU3354SD_mono_0087,6,6,6,6,0
WHU3354SD_mono_0088,1,1,1,1,0
WHU3354SD_mono_0089,2,2,2,2,0
WHU3354SD_mono_0090,4,4,4,4,0
WHU3354SD_mono_0091,3,3,3,3,0
WHU3354SD_mono_0092,4,4,4,4,0
WHU3354SD_mono_0093,3,3,3,3,0
WHU3354SD_mono_0094,5,5,5,5,0
WHU3354SD_mono_0095,3,3,3,3,0
WHU3354SD_mono_0096,1,1,1,1,0
WHU3354SD_mono_0097,2,2,2,2,0
WHU3354SD_mono_0098,7,7,7,7,0
WHU3354SD_mono_0099,1,1,1,1,0
WHU3354SD_mono_0100,3,3,3,3,0
WHU3354SD_mono_0101,2,2,2,2,0
WHU3354SD_mono_0102,3,3,3,3,0
WHU3354SD_mono_0103,5,5,5,5,0
WHU3354SD_mono_0104,2,2,2,2,0
WHU3354SD_mono_0105,5,5,5,5,0
WHU3354SD_mono_0106,2,2,2,2,0
WHU3354SD_mono_0107,2,2,2,2,0
WHU3354SD_mono_0108,4,4,4,4,0
WHU3354SD_mono_0109,3,3,3,3,0
WHU3354SD_mono_0110,4,4,4,4,0
WHU3354SD_mono_0111,5,5,5,5,0
WHU3354SD_mono_0112,4,4,4,4,0
WHU3354SD_mono_0113,1,1,1,1,0
WHU3354SD_mono_0114,2,2,2,2,0
WHU3354SD_mono_0115,3,3,3,3,0
WHU3354SD_mono_0116,1,1,1,1,0
WHU3354SD_mono_0117,1,1,1,1,0
WHU3354SD_mono_0118,2,2,2,2,0
WHU3354SD_mono_0119,1,1,1,1,0
WHU3354SD_mono_0120,1,1,1,1,0
WHU3354SD_mono_0121,6,6,6,6,0
WHU3354SD_mono_0122,1,1,1,1,0
WHU3354SD_mono_0123,3,3,3,3,0
WHU3354SD_mono_0124,2,2,2,2,0
WHU3354SD_mono_0125,2,2,2,2,0
WHU3354SD_mono_0126,3,3,3,3,0
WHU3354SD_mono_0127,6,6,6,6,0
WHU3354SD_mono_0128,1,1,1,1,0
WHU3354SD_mono_0129,2,2,2,2,0
WHU3354SD_mono_0130,5,5,5,5,0
WHU3354SD_mono_0131,7,7,7,7,0
WHU3354SD_mono_0132,3,3,3,3,0
WHU3354SD_mono_0133,2,2,2,2,0
WHU3354SD_mono_0134,1,1,1,1,0
WHU3354SD_mono_0135,3,3,3,3,0
WHU3354SD_mono_0136,3,3,3,3,0
WHU3354SD_mono_0137,3,3,3,3,0
WHU3354SD_mono_0138,5,5,5,5,0
WHU3354SD_mono_0139,3,3,3,3,0
WHU3354SD_mono_0140,2,2,2,2,0
WHU3354SD_mono_0141,6,6,6,6,0
WHU3354SD_mono_0142,4,4,4,4,0
WHU3354SD_mono_0143,2,2,2,2,0
WHU3354SD_mono_0144,2,2,2,2,0
WHU3354SD_mono_0145,5,5,5,5,0
WHU3354SD_mono_0146,7,7,7,7,0
WHU3354SD_mono_0147,3,3,3,3,0
WHU3354SD_mono_0148,2,2,2,2,0
WHU3354SD_mono_0149,4,4,4,4,0
WHU3354SD_mono_0150,2,2,2,2,0
WHU3354SD_mono_0151,7,7,7,7,0
WHU3354SD_mono_0152,8,8,8,8,0
WHU3354SD_mono_0153,2,2,2,2,0
WHU3354SD_mono_0154,2,2,2,2,0
WHU3354SD_mono_0155,1,1,1,1,0
WHU3354SD_mono_0156,4,4,4,4,0
WHU3354SD_mono_0157,4,4,4,4,0
WHU3354SD_mono_0158,2,2,2,2,0
WHU3354SD_mono_0159,1,1,1,1,0
WHU3354SD_mono_0160,1,1,1,1,0
WHU3354SD_mono_0161,2,2,2,2,0
WHU3354SD_mono_0162,3,3,3,3,0
WHU3354SD_mono_0163,4,4,4,4,0
WHU3354SD_mono_0164,3,3,3,3,0
WHU3354SD_mono_0165,2,2,2,2,0
WHU3354SD_mono_0166,6,6,6,6,0
WHU3354SD_mono_0167,3,3,3,3,0
WHU3354SD_mono_0168,4,4,4,4,0
WHU3354SD_mono_0169,7,7,7,7,0
WHU3354SD_mono_0170,4,4,4,4,0
WHU3354SD_mono_0171,1,1,1,1,0
WHU3354SD_mono_0172,2,2,2,2,0
WHU3354SD_mono_0173,3,3,3,3,0
WHU3354SD_mono_0174,4,4,4,4,0
WHU3354SD_mono_0175,3,3,3,3,0
WHU3354SD_mono_0176,2,2,2,2,0
WHU3354SD_mono_0177,3,3,3,3,0
WHU3354SD_mono_0178,2,2,2,2,0
WHU3354SD_mono_0179,5,5,5,5,0
WHU3354SD_mono_0180,3,3,3,3,0
WHU3354SD_mono_0181,3,3,3,3,0
WHU3354SD_mono_0182,3,3,3,3,0
WHU3354SD_mono_0183,5,5,5,5,0
WHU3354SD_mono_0184,3,3,3,3,0
WHU3354SD_mono_0185,2,2,2,2,0
WHU3354SD_mono_0186,2,2,2,2,0
WHU3354SD_mono_0187,6,6,6,6,0
WHU3354SD_mono_0188,1,1,1,1,0
WHU3354SD_mono_0189,2,2,2,2,0
WHU3354SD_mono_0190,6,6,6,6,0
WHU3354SD_mono_0191,2,2,2,2,0
WHU3354SD_mono_0192,5,5,5,5,0
WHU3354SD_mono_0193,6,6,6,6,0
WHU3354SD_mono_0194,4,4,4,4,0
WHU3354SD_mono_0195,7,7,7,7,0
WHU3354SD_mono_0196,3,3,3,3,0
WHU3354SD_mono_0197,1,1,1,1,0
WHU3354SD_mono_0198,5,5,5,5,0
WHU3354SD_mono_0199,2,2,2,2,0
WTHELLYYY_mono_0001,4,4,4,4,0
WTHELLYYY_mono_0002,4,4,4,4,0
WTHELLYYY_mono_0003,4,4,4,4,0
WTHELLYYY_mono_0004,2,2,2,2,0
WTHELLYYY_mono_0005,5,5,5,5,0
WTHELLYYY_mono_0006,1,1,1,1,0
WTHELLYYY_mono_0007,3,3,3,3,0
WTHELLYYY_mono_0008,5,5,5,5,0
WTHELLYYY_mono_0009,2,2,2,2,0
WTHELLYYY_mono_0010,4,4,4,4,0
WTHELLYYY_mono_0011,4,4,4,4,0
WTHELLYYY_mono_0012,6,6,6,6,0
WTHELLYYY_mono_0013,4,4,4,4,0
WTHELLYYY_mono_0014,4,4,4,4,0
WTHELLYYY_mono_0015,5,5,5,5,0
WTHELLYYY_mono_0016,2,2,2,2,0
WTHELLYYY_mono_0017,3,3,3,3,0
WTHELLYYY_mono_0018,6,6,6,6,0
WTHELLYYY_mono_0019,6,6,6,6,0
WTHELLYYY_mono_0020,6,6,6,6,0
WTHELLYYY_mono_0021,2,2,2,2,0
WTHELLYYY_mono_0022,5,5,5,5,0
WTHELLYYY_mono_0023,3,3,3,3,0
WTHELLYYY_mono_0024,6,6,6,6,0
WTHELLYYY_mono_0025,6,6,6,6,0
WTHELLYYY_mono_0026,4,4,4,4,0
WTHELLYYY_mono_0027,4,4,4,4,0
WTHELLYYY_mono_0028,1,1,1,1,0
WTHELLYYY_mono_0029,2,2,2,2,0
WTHELLYYY_mono_0030,7,7,7,7,0
WTHELLYYY_mono_0031,3,3,3,3,0
WTHELLYYY_mono_0032,1,1,1,1,0
WTHELLYYY_mono_0033,4,4,4,4,0
WTHELLYYY_mono_0034,6,6,6,6,0
WTHELLYYY_mono_0035,5,5,5,5,0
WTHELLYYY_mono_0036,2,2,2,2,0
WTHELLYYY_mono_0037,2,2,2,2,0
WTHELLYYY_mono_0038,4,4,4,4,0
WTHELLYYY_mono_0039,6,6,6,6,0
WTHELLYYY_mono_0040,5,5,5,5,0
WTHELLYYY_mono_0041,3,3,3,3,0
WTHELLYYY_mono_0042,2,2,2,2,0
WTHELLYYY_mono_0043,4,4,4,4,0
WTHELLYYY_mono_0044,6,6,6,6,0
WTHELLYYY_mono_0045,4,4,4,4,0
WTHELLYYY_mono_0046,3,3,3,3,0
WTHELLYYY_mono_0047,6,6,6,6,0
WTHELLYYY_mono_0048,4,4,4,4,0
WTHELLYYY_mono_0049,4,4,4,4,0
WTHELLYYY_mono_0050,3,3,3,3,0
WTHELLYYY_mono_0051,2,2,2,2,0
WTHELLYYY_mono_0052,4,4,4,4,0
WTHELLYYY_mono_0053,4,4,4,4,0
WTHELLYYY_mono_0054,4,4,4,4,0
WTHELLYYY_mono_0055,3,3,3,3,0
WTHELLYYY_mono_0056,3,3,3,3,0
WTHELLYYY_mono_0057,4,4,4,4,0
WTHELLYYY_mono_0058,5,5,5,5,0
WTHELLYYY_mono_0059,4,4,4,4,0
WTHELLYYY_mono_0060,3,3,3,3,0
WTHELLYYY_mono_0061,4,4,4,4,0
WTHELLYYY_mono_0062,2,2,2,2,0
WTHELLYYY_mono_0063,6,6,6,6,0
WTHELLYYY_mono_0064,3,3,3,3,0
WTHELLYYY_mono_0065,3,3,3,3,0
WTHELLYYY_mono_0066,5,5,5,5,0
WTHELLYYY_mono_0067,5,5,5,5,0
WTHELLYYY_mono_0068,4,4,4,4,0
WTHELLYYY_mono_0069,1,1,1,1,0
WTHELLYYY_mono_0070,8,8,8,8,0
WTHELLYYY_mono_0071,1,1,1,1,0
WTHELLYYY_mono_0072,6,6,6,6,0
WTHELLYYY_mono_0073,4,4,4,4,0
WTHELLYYY_mono_0074,2,2,2,2,0
WTHELLYYY_mono_0075,3,3,3,3,0
WTHELLYYY_mono_0076,5,5,5,5,0
WTHELLYYY_mono_0077,2,2,2,2,0
WTHELLYYY_mono_0078,4,4,4,4,0
WTHELLYYY_mono_0079,4,4,4,4,0
WTHELLYYY_mono_0080,4,4,4,4,0
WTHELLYYY_mono_0081,6,6,6,6,0
WTHELLYYY_mono_0082,6,6,6,6,0
WTHELLYYY_mono_0083,5,5,5,5,0
WTHELLYYY_mono_0084,5,5,5,5,0
WTHELLYYY_mono_0085,1,1,1,1,0
WTHELLYYY_mono_0086,3,3,3,3,0
WTHELLYYY_mono_0087,4,4,4,4,0
WTHELLYYY_mono_0088,4,4,4,4,0
WTHELLYYY_mono_0089,6,6,6,6,0
WTHELLYYY_mono_0090,7,7,7,7,0
WTHELLYYY_mono_0091,5,5,5,5,0
WTHELLYYY_mono_0092,3,3,3,3,0
WTHELLYYY_mono_0093,3,3,3,3,0
WTHELLYYY_mono_0094,4,4,4,4,0
WTHELLYYY_mono_0095,5,5,5,5,0
WTHELLYYY_mono_0096,2,2,2,2,0
WTHELLYYY_mono_0097,4,4,4,4,0
WTHELLYYY_mono_0098,2,2,2,2,0
WTHELLYYY_mono_0099,4,4,4,4,0
WTHELLYYY_mono_0100,5,5,5,5,0
WTHELLYYY_mono_0101,1,1,1,1,0
WTHELLYYY_mono_0102,2,2,2,2,0
WTHELLYYY_mono_0103,5,5,5,5,0
WTHELLYYY_mono_0104,6,6,6,6,0
WTHELLYYY_mono_0105,4,4,4,4,0
WTHELLYYY_mono_0106,1,1,1,1,0
WTHELLYYY_mono_0107,4,4,4,4,0
WTHELLYYY_mono_0108,4,4,4,4,0
WTHELLYYY_mono_0109,5,5,5,5,0
WTHELLYYY_mono_0110,5,5,5,5,0
WTHELLYYY_mono_0111,4,4,4,4,0
WTHELLYYY_mono_0112,4,4,4,4,0
WTHELLYYY_mono_0113,2,2,2,2,0
WTHELLYYY_mono_0114,3,3,3,3,0
WTHELLYYY_mono_0115,5,5,5,5,0
WTHELLYYY_mono_0116,2,2,2,2,0
WTHELLYYY_mono_0117,6,6,6,6,0
WTHELLYYY_mono_0118,2,2,2,2,0
WTHELLYYY_mono_0119,6,6,6,6,0
WTHELLYYY_mono_0120,5,5,5,5,0
WTHELLYYY_mono_0121,6,6,6,6,0
WTHELLYYY_mono_0122,3,3,3,3,0
WTHELLYYY_mono_0123,7,7,7,7,0
WTHELLYYY_mono_0124,5,5,5,5,0
WTHELLYYY_mono_0125,5,5,5,5,0
WTHELLYYY_mono_0126,5,5,5,5,0
WTHELLYYY_mono_0127,4,4,4,4,0
WTHELLYYY_mono_0128,5,5,5,5,0
WTHELLYYY_mono_0129,4,4,4,4,0
WTHELLYYY_mono_0130,3,3,3,3,0
WTHELLYYY_mono_0131,7,7,7,7,0
WTHELLYYY_mono_0132,5,5,5,5,0
WTHELLYYY_mono_0133,6,6,6,6,0
WTHELLYYY_mono_0134,3,3,3,3,0
WTHELLYYY_mono_0135,6,6,6,6,0
WTHELLYYY_mono_0136,6,6,6,6,0
WTHELLYYY_mono_0137,3,3,3,3,0
WTHELLYYY_mono_0138,4,4,4,4,0
WTHELLYYY_mono_0139,5,5,5,5,0
WTHELLYYY_mono_0140,4,4,4,4,0
WTHELLYYY_mono_0141,4,4,4,4,0
WTHELLYYY_mono_0142,4,4,4,4,0
WTHELLYYY_mono_0143,1,1,1,1,0
WTHELLYYY_mono_0144,6,6,6,6,0
WTHELLYYY_mono_0145,4,4,4,4,0
WTHELLYYY_mono_0146,3,3,3,3,0
WTHELLYYY_mono_0147,3,3,3,3,0
WTHELLYYY_mono_0148,5,5,5,5,0
WTHELLYYY_mono_0149,6,6,6,6,0
WTHELLYYY_mono_0150,5,5,5,5,0
WTHELLYYY_mono_0151,4,4,4,4,0
WTHELLYYY_mono_0152,5,5,5,5,0
WTHELLYYY_mono_0153,2,2,2,2,0
WTHELLYYY_mono_0154,2,2,2,2,0
WTHELLYYY_mono_0155,3,3,3,3,0
WTHELLYYY_mono_0156,4,4,4,4,0
WTHELLYYY_mono_0157,6,6,6,6,0
WTHELLYYY_mono_0158,5,5,5,5,0
WTHELLYYY_mono_0159,5,5,5,5,0
WTHELLYYY_mono_0160,7,7,7,7,0
WTHELLYYY_mono_0161,6,6,6,6,0
WTHELLYYY_mono_0162,4,4,4,4,0
WTHELLYYY_mono_0163,5,5,5,5,0
WTHELLYYY_mono_0164,4,4,4,4,0
WTHELLYYY_mono_0165,5,5,5,5,0
WTHELLYYY_mono_0166,3,3,3,3,0
WTHELLYYY_mono_0167,2,2,2,2,0
WTHELLYYY_mono_0168,4,4,4,4,0
WTHELLYYY_mono_0169,3,3,3,3,0
WTHELLYYY_mono_0170,2,2,2,2,0
WTHELLYYY_mono_0171,5,5,5,5,0
WTHELLYYY_mono_0172,7,7,7,7,0
WTHELLYYY_mono_0173,5,5,5,5,0
WTHELLYYY_mono_0174,2,2,2,2,0
WTHELLYYY_mono_0175,7,7,7,7,0
WTHELLYYY_mono_0176,6,6,6,6,0
WTHELLYYY_mono_0177,6,6,6,6,0
WTHELLYYY_mono_0178,6,6,6,6,0
WTHELLYYY_mono_0179,1,1,1,1,0
WTHELLYYY_mono_0180,4,4,4,4,0
WTHELLYYY_mono_0181,2,2,2,2,0
WTHELLYYY_mono_0182,4,4,4,4,0
WTHELLYYY_mono_0183,5,5,5,5,0
WTHELLYYY_mono_0184,4,4,4,4,0
WTHELLYYY_mono_0185,6,6,6,6,0
WTHELLYYY_mono_0186,4,4,4,4,0
WTHELLYYY_mono_0187,2,2,2,2,0
X08544611_mono_0001,3,3,3,3,0
X08544611_mono_0002,3,3,3,3,0
X08544611_mono_0003,2,2,2,2,0
X08544611_mono_0004,1,1,1,1,0
X08544611_mono_0005,4,4,4,4,0
X08544611_mono_0006,1,1,1,1,0
X08544611_mono_0007,1,1,1,1,0
X08544611_mono_0008,2,2,2,2,0
X08544611_mono_0009,4,4,4,4,0
X08544611_mono_0010,4,4,4,4,0
X08544611_mono_0011,3,3,3,3,0
X08544611_mono_0012,1,1,1,1,0
X08544611_mono_0013,3,3,3,3,0
X08544611_mono_0014,2,2,2,2,0
X08544611_mono_0015,5,5,5,5,0
X08544611_mono_0016,4,4,4,4,0
X08544611_mono_0017,2,2,2,2,0
X08544611_mono_0018,6,6,6,6,0
X08544611_mono_0019,3,3,3,3,0
X08544611_mono_0020,4,4,4,4,0
X08544611_mono_0021,1,1,1,1,0
X08544611_mono_0022,3,3,3,3,0
X08544611_mono_0023,1,1,1,1,0
X08544611_mono_0024,5,5,5,5,0
X08544611_mono_0025,6,6,6,6,0
X08544611_mono_0026,2,2,2,2,0
X08544611_mono_0027,5,5,5,5,0
X08544611_mono_0028,2,2,2,2,0
X08544611_mono_0029,2,2,2,2,0
X08544611_mono_0030,4,4,4,4,0
X08544611_mono_0031,2,2,2,2,0
X08544611_mono_0032,2,2,2,2,0
X08544611_mono_0033,2,2,2,2,0
X08544611_mono_0034,3,3,3,3,0
X08544611_mono_0035,3,3,3,3,0
X08544611_mono_0036,1,1,1,1,0
X08544611_mono_0037,2,2,2,2,0
X08544611_mono_0038,2,2,2,2,0
X08544611_mono_0039,2,2,2,2,0
X08544611_mono_0040,3,3,3,3,0
X08544611_mono_0041,2,2,2,2,0
X08544611_mono_0042,2,2,2,2,0
X08544611_mono_0043,6,6,6,6,0
X08544611_mono_0044,4,4,4,4,0
X08544611_mono_0045,6,6,6,6,0
X08544611_mono_0046,2,2,2,2,0
X08544611_mono_0047,5,5,5,5,0
X08544611_mono_0048,5,5,5,5,0
X08544611_mono_0049,2,2,2,2,0
X08544611_mono_0050,5,5,5,5,0
X08544611_mono_0051,6,6,6,6,0
X08544611_mono_0052,3,3,3,3,0
X08544611_mono_0053,2,2,2,2,0
X08544611_mono_0054,1,1,1,1,0
X08544611_mono_0055,6,6,6,6,0
X08544611_mono_0056,4,4,4,4,0
X08544611_mono_0057,2,2,2,2,0
X08544611_mono_0058,3,3,3,3,0
X08544611_mono_0059,8,8,8,8,0
X08544611_mono_0060,2,2,2,2,0
X08544611_mono_0061,1,1,1,1,0
X08544611_mono_0062,7,7,7,7,0
X08544611_mono_0063,5,5,5,5,0
X08544611_mono_0064,2,2,2,2,0
X08544611_mono_0065,4,4,4,4,0
X08544611_mono_0066,7,7,7,7,0
X08544611_mono_0067,1,1,1,1,0
X08544611_mono_0068,5,5,5,5,0
X08544611_mono_0069,2,2,2,2,0
X08544611_mono_0070,3,3,3,3,0
X08544611_mono_0071,4,4,4,4,0
X08544611_mono_0072,2,2,2,2,0
X08544611_mono_0073,3,3,3,3,0
X08544611_mono_0074,1,1,1,1,0
X08544611_mono_0075,7,7,7,7,0
X08544611_mono_0076,3,3,3,3,0
X08544611_mono_0077,5,5,5,5,0
X08544611_mono_0078,1,1,1,1,0
X08544611_mono_0079,2,2,2,2,0
X08544611_mono_0080,3,3,3,3,0
X08544611_mono_0081,3,3,3,3,0
X08544611_mono_0082,2,2,2,2,0
X08544611_mono_0083,4,4,4,4,0
X08544611_mono_0084,4,4,4,4,0
X08544611_mono_0085,3,3,3,3,0
X08544611_mono_0086,6,6,6,6,0
X08544611_mono_0087,6,6,6,6,0
X08544611_mono_0088,5,5,5,5,0
X08544611_mono_0089,4,4,4,4,0
X08544611_mono_0090,4,4,4,4,0
X08544611_mono_0091,2,2,2,2,0
X08544611_mono_0092,6,6,6,6,0
X08544611_mono_0093,3,3,3,3,0
X08544611_mono_0094,3,3,3,3,0
X08544611_mono_0095,6,6,6,6,0
X08544611_mono_0096,2,2,2,2,0
X08544611_mono_0097,5,5,5,5,0
X08544611_mono_0098,2,2,2,2,0
X08544611_mono_0099,2,2,2,2,0
X08544611_mono_0100,2,2,2,2,0
X08544611_mono_0101,5,5,5,5,0
X08544611_mono_0102,2,2,2,2,0
X08544611_mono_0103,2,2,2,2,0
X08544611_mono_0104,5,5,5,5,0
X08544611_mono_0105,2,2,2,2,0
X08544611_mono_0106,1,1,1,1,0
X08544611_mono_0107,3,3,3,3,0
X08544611_mono_0108,2,2,2,2,0
X08544611_mono_0109,1,1,1,1,0
X08544611_mono_0110,6,6,6,6,0
X08544611_mono_0111,2,2,2,2,0
X08544611_mono_0112,2,2,2,2,0
X08544611_mono_0113,3,3,3,3,0
X08544611_mono_0114,1,1,1,1,0
X08544611_mono_0115,2,2,2,2,0
X08544611_mono_0116,3,3,3,3,0
X08544611_mono_0117,3,3,3,3,0
X08544611_mono_0118,6,6,6,6,0
X08544611_mono_0119,5,5,5,5,0
X08544611_mono_0120,1,1,1,1,0
X08544611_mono_0121,2,2,2,2,0
X08544611_mono_0122,6,6,6,6,0
X08544611_mono_0123,3,3,3,3,0
X08544611_mono_0124,3,3,3,3,0
X08544611_mono_0125,1,1,1,1,0
X08544611_mono_0126,3,3,3,3,0
X08544611_mono_0127,1,1,1,1,0
X08544611_mono_0128,3,3,3,3,0
X08544611_mono_0129,2,2,2,2,0
X08544611_mono_0130,2,2,2,2,0
X08544611_mono_0131,2,2,2,2,0
X08544611_mono_0132,6,6,6,6,0
X08544611_mono_0133,2,2,2,2,0
X08544611_mono_0134,2,2,2,2,0
X08544611_mono_0135,8,8,8,8,0
X08544611_mono_0136,3,3,3,3,0
X08544611_mono_0137,2,2,2,2,0
X08544611_mono_0138,4,4,4,4,0
X08544611_mono_0139,2,2,2,2,0
X08544611_mono_0140,2,2,2,2,0
X08544611_mono_0141,2,2,2,2,0
X08544611_mono_0142,2,2,2,2,0
X08544611_mono_0143,2,2,2,2,0
X08544611_mono_0144,3,3,3,3,0
X08544611_mono_0145,2,2,2,2,0
X08544611_mono_0146,8,8,8,8,0
X08544611_mono_0147,2,2,2,2,0
X08544611_mono_0148,4,4,4,4,0
X08544611_mono_0149,3,3,3,3,0
X08544611_mono_0150,7,7,7,7,0
X08544611_mono_0151,2,2,2,2,0
X08544611_mono_0152,1,1,1,1,0
X08544611_mono_0153,3,3,3,3,0
X08544611_mono_0154,6,6,6,6,0
X08544611_mono_0155,2,2,2,2,0
X08544611_mono_0156,2,2,2,2,0
X08544611_mono_0157,6,6,6,6,0
X08544611_mono_0158,1,1,1,1,0
X08544611_mono_0159,3,3,3,3,0
X08544611_mono_0160,2,2,2,2,0
X08544611_mono_0161,2,2,2,2,0
X08544611_mono_0162,6,6,6,6,0
X08544611_mono_0163,5,5,5,5,0
X08544611_mono_0164,3,3,3,3,0
X08544611_mono_0165,3,3,3,3,0
X08544611_mono_0166,2,2,2,2,0
X08544611_mono_0167,4,4,4,4,0
X08544611_mono_0168,3,3,3,3,0
X08544611_mono_0169,7,7,7,7,0
X08544611_mono_0170,5,5,5,5,0
X08544611_mono_0171,3,3,3,3,0
X08544611_mono_0172,1,1,1,1,0
X08544611_mono_0173,5,5,5,5,0
X08544611_mono_0174,2,2,2,2,0
X08544611_mono_0175,2,2,2,2,0
X08544611_mono_0176,2,2,2,2,0
X08544611_mono_0177,5,5,5,5,0
X08544611_mono_0178,2,2,2,2,0
X08544611_mono_0179,5,5,5,5,0
X08544611_mono_0180,2,2,2,2,0
X08544611_mono_0181,2,2,2,2,0
X08544611_mono_0182,2,2,2,2,0
X08544611_mono_0183,2,2,2,2,0
X08544611_mono_0184,4,4,4,4,0
X08544611_mono_0185,4,4,4,4,0
X08544611_mono_0186,8,8,8,8,0
X08544611_mono_0187,3,3,3,3,0
X08544611_mono_0188,2,2,2,2,0
X08544611_mono_0189,2,2,2,2,0
X08544611_mono_0190,3,3,3,3,0
X08544611_mono_0191,1,1,1,1,0
X08544611_mono_0192,4,4,4,4,0
X08544611_mono_0193,2,2,2,2,0
X08544611_mono_0194,2,2,2,2,0
X08544611_mono_0195,2,2,2,2,0
