file_id,head,alpha,g_alpha
Aaron_Paul_Ingham,ridge,0.0,4.086796283721924
Aaron_Paul_Ingham,ridge,0.00390625,4.085406303405762
Aaron_Paul_Ingham,ridge,0.01171875,4.082369804382324
Aaron_Paul_Ingham,ridge,0.01953125,4.079024791717529
Aaron_Paul_Ingham,ridge,0.02734375,4.075405120849609
Aaron_Paul_Ingham,ridge,0.03515625,4.071578025817871
Aaron_Paul_Ingham,ridge,0.04296875,4.067610740661621
Aaron_Paul_Ingham,ridge,0.05078125,4.063628196716309
Aaron_Paul_Ingham,ridge,0.05859375,4.059784889221191
Aaron_Paul_Ingham,ridge,0.06640625,4.056276321411133
Aaron_Paul_Ingham,ridge,0.07421875,4.053315162658691
Aaron_Paul_Ingham,ridge,0.08203125,4.051114559173584
Aaron_Paul_Ingham,ridge,0.08984375,4.0498433113098145
Aaron_Paul_Ingham,ridge,0.09765625,4.049404144287109
Aaron_Paul_Ingham,ridge,0.10546875,4.049314498901367
Aaron_Paul_Ingham,ridge,0.11328125,4.0490264892578125
Aaron_Paul_Ingham,ridge,0.12109375,4.048069000244141
Aaron_Paul_Ingham,ridge,0.12890625,4.046041011810303
Aaron_Paul_Ingham,ridge,0.13671875,4.042649745941162
Aaron_Paul_Ingham,ridge,0.14453125,4.037718296051025
Aaron_Paul_Ingham,ridge,0.15234375,4.031076908111572
Aaron_Paul_Ingham,ridge,0.16015625,4.022645950317383
Aaron_Paul_Ingham,ridge,0.16796875,4.012516498565674
Aaron_Paul_Ingham,ridge,0.17578125,4.0007643699646
Aaron_Paul_Ingham,ridge,0.18359375,3.98740291595459
Aaron_Paul_Ingham,ridge,0.19140625,3.972425937652588
Aaron_Paul_Ingham,ridge,0.19921875,3.955733060836792
Aaron_Paul_Ingham,ridge,0.20703125,3.9371702671051025
Aaron_Paul_Ingham,ridge,0.21484375,3.9166672229766846
Aaron_Paul_Ingham,ridge,0.22265625,3.8940377235412598
Aaron_Paul_Ingham,ridge,0.23046875,3.869047164916992
Aaron_Paul_Ingham,ridge,0.23828125,3.841433525085449
Aaron_Paul_Ingham,ridge,0.24609375,3.8109066486358643
Aaron_Paul_Ingham,ridge,0.25390625,3.7772412300109863
Aaron_Paul_Ingham,ridge,0.26171875,3.7403340339660645
Aaron_Paul_Ingham,ridge,0.26953125,3.7002296447753906
Aaron_Paul_Ingham,ridge,0.27734375,3.6572043895721436
Aaron_Paul_Ingham,ridge,0.28515625,3.611661195755005
Aaron_Paul_Ingham,ridge,0.29296875,3.5640289783477783
Aaron_Paul_Ingham,ridge,0.30078125,3.5147247314453125
Aaron_Paul_Ingham,ridge,0.30859375,3.464211940765381
Aaron_Paul_Ingham,ridge,0.31640625,3.412972927093506
Aaron_Paul_Ingham,ridge,0.32421875,3.3615076541900635
Aaron_Paul_Ingham,ridge,0.33203125,3.310304641723633
Aaron_Paul_Ingham,ridge,0.33984375,3.2598555088043213
Aaron_Paul_Ingham,ridge,0.34765625,3.210639476776123
Aaron_Paul_Ingham,ridge,0.35546875,3.163069725036621
Aaron_Paul_Ingham,ridge,0.36328125,3.1174495220184326
Aaron_Paul_Ingham,ridge,0.37109375,3.073751926422119
Aaron_Paul_Ingham,ridge,0.37890625,3.031463384628296
Aaron_Paul_Ingham,ridge,0.38671875,2.989652156829834
Aaron_Paul_Ingham,ridge,0.39453125,2.9471206665039062
Aaron_Paul_Ingham,ridge,0.40234375,2.902653217315674
Aaron_Paul_Ingham,ridge,0.41015625,2.8551077842712402
Aaron_Paul_Ingham,ridge,0.41796875,2.80350399017334
Aaron_Paul_Ingham,ridge,0.42578125,2.74712872505188
Aaron_Paul_Ingham,ridge,0.43359375,2.6856322288513184
Aaron_Paul_Ingham,ridge,0.44140625,2.6189794540405273
Aaron_Paul_Ingham,ridge,0.44921875,2.5471396446228027
Aaron_Paul_Ingham,ridge,0.45703125,2.4697508811950684
Aaron_Paul_Ingham,ridge,0.46484375,2.385930061340332
Aaron_Paul_Ingham,ridge,0.47265625,2.294313907623291
Aaron_Paul_Ingham,ridge,0.48046875,2.193174123764038
Aaron_Paul_Ingham,ridge,0.48828125,2.080691337585449
Aaron_Paul_Ingham,ridge,0.49609375,1.9560073614120483
Aaron_Paul_Ingham,ridge,0.50390625,1.8203641176223755
Aaron_Paul_Ingham,ridge,0.51171875,1.676880121231079
Aaron_Paul_Ingham,ridge,0.51953125,1.5294581651687622
Aaron_Paul_Ingham,ridge,0.52734375,1.3814297914505005
Aaron_Paul_Ingham,ridge,0.53515625,1.2347586154937744
Aaron_Paul_Ingham,ridge,0.54296875,1.0906926393508911
Aaron_Paul_Ingham,ridge,0.55078125,0.9508804082870483
Aaron_Paul_Ingham,ridge,0.55859375,0.8175355195999146
Aaron_Paul_Ingham,ridge,0.56640625,0.6927369832992554
Aaron_Paul_Ingham,ridge,0.57421875,0.5777035355567932
Aaron_Paul_Ingham,ridge,0.58203125,0.47265684604644775
Aaron_Paul_Ingham,ridge,0.58984375,0.37716931104660034
Aaron_Paul_Ingham,ridge,0.59765625,0.2906103730201721
Aaron_Paul_Ingham,ridge,0.60546875,0.21223774552345276
Aaron_Paul_Ingham,ridge,0.61328125,0.14099347591400146
Aaron_Paul_Ingham,ridge,0.62109375,0.07547473907470703
Aaron_Paul_Ingham,ridge,0.62890625,0.01425158977508545
Aaron_Paul_Ingham,ridge,0.63671875,-0.04374334216117859
Aaron_Paul_Ingham,ridge,0.64453125,-0.09904828667640686
Aaron_Paul_Ingham,ridge,0.65234375,-0.15178430080413818
Aaron_Paul_Ingham,ridge,0.66015625,-0.2018129527568817
Aaron_Paul_Ingham,ridge,0.66796875,-0.24886727333068848
Aaron_Paul_Ingham,ridge,0.67578125,-0.29270970821380615
Aaron_Paul_Ingham,ridge,0.68359375,-0.333310604095459
Aaron_Paul_Ingham,ridge,0.69140625,-0.3709127902984619
Aaron_Paul_Ingham,ridge,0.69921875,-0.40595757961273193
Aaron_Paul_Ingham,ridge,0.70703125,-0.4389778971672058
Aaron_Paul_Ingham,ridge,0.71484375,-0.47058168053627014
Aaron_Paul_Ingham,ridge,0.72265625,-0.5014429688453674
Aaron_Paul_Ingham,ridge,0.73046875,-0.532234251499176
Aaron_Paul_Ingham,ridge,0.73828125,-0.5635308027267456
Aaron_Paul_Ingham,ridge,0.74609375,-0.595757246017456
Aaron_Paul_Ingham,ridge,0.75390625,-0.6291938424110413
Aaron_Paul_Ingham,ridge,0.76171875,-0.6640177965164185
Aaron_Paul_Ingham,ridge,0.76953125,-0.7002854347229004
Aaron_Paul_Ingham,ridge,0.77734375,-0.7378356456756592
Aaron_Paul_Ingham,ridge,0.78515625,-0.7761422395706177
Aaron_Paul_Ingham,ridge,0.79296875,-0.814163088798523
Aaron_Paul_Ingham,ridge,0.80078125,-0.8507999181747437
Aaron_Paul_Ingham,ridge,0.80859375,-0.8859542608261108
Aaron_Paul_Ingham,ridge,0.81640625,-0.9191237688064575
Aaron_Paul_Ingham,ridge,0.82421875,-0.9485766291618347
Aaron_Paul_Ingham,ridge,0.83203125,-0.9729081988334656
Aaron_Paul_Ingham,ridge,0.83984375,-0.992048978805542
Aaron_Paul_Ingham,ridge,0.84765625,-1.007690668106079
Aaron_Paul_Ingham,ridge,0.85546875,-1.0238876342773438
Aaron_Paul_Ingham,ridge,0.86328125,-1.0458574295043945
Aaron_Paul_Ingham,ridge,0.87109375,-1.0736215114593506
Aaron_Paul_Ingham,ridge,0.87890625,-1.1026602983474731
Aaron_Paul_Ingham,ridge,0.88671875,-1.1280696392059326
Aaron_Paul_Ingham,ridge,0.89453125,-1.1481642723083496
Aaron_Paul_Ingham,ridge,0.90234375,-1.1636487245559692
Aaron_Paul_Ingham,ridge,0.91015625,-1.1770380735397339
Aaron_Paul_Ingham,ridge,0.91796875,-1.1914936304092407
Aaron_Paul_Ingham,ridge,0.92578125,-1.1994950771331787
Aaron_Paul_Ingham,ridge,0.93359375,-1.1994640827178955
Aaron_Paul_Ingham,ridge,0.94140625,-1.1967229843139648
Aaron_Paul_Ingham,ridge,0.94921875,-1.1830143928527832
Aaron_Paul_Ingham,ridge,0.95703125,-1.1583473682403564
Aaron_Paul_Ingham,ridge,0.96484375,-1.1304947137832642
Aaron_Paul_Ingham,ridge,0.97265625,-1.1399339437484741
Aaron_Paul_Ingham,ridge,0.98046875,-1.1948522329330444
Aaron_Paul_Ingham,ridge,0.98828125,-1.2623088359832764
Aaron_Paul_Ingham,ridge,0.99609375,-1.2987284660339355
Aaron_Paul_Ingham,ridge,1.0,-1.2828078269958496
Aaron_Paul_Ingham,enet,0.0,-0.5265682935714722
Aaron_Paul_Ingham,enet,0.00390625,-0.5280874967575073
Aaron_Paul_Ingham,enet,0.01171875,-0.531111478805542
Aaron_Paul_Ingham,enet,0.01953125,-0.5340816974639893
Aaron_Paul_Ingham,enet,0.02734375,-0.5368800759315491
Aaron_Paul_Ingham,enet,0.03515625,-0.5394772291183472
Aaron_Paul_Ingham,enet,0.04296875,-0.5418373942375183
Aaron_Paul_Ingham,enet,0.05078125,-0.5437319278717041
Aaron_Paul_Ingham,enet,0.05859375,-0.5449407696723938
Aaron_Paul_Ingham,enet,0.06640625,-0.5452057719230652
Aaron_Paul_Ingham,enet,0.07421875,-0.5440659523010254
Aaron_Paul_Ingham,enet,0.08203125,-0.5408275127410889
Aaron_Paul_Ingham,enet,0.08984375,-0.5346450805664062
Aaron_Paul_Ingham,enet,0.09765625,-0.5251067876815796
Aaron_Paul_Ingham,enet,0.10546875,-0.5125038623809814
Aaron_Paul_Ingham,enet,0.11328125,-0.49733662605285645
Aaron_Paul_Ingham,enet,0.12109375,-0.48026081919670105
Aaron_Paul_Ingham,enet,0.12890625,-0.46189162135124207
Aaron_Paul_Ingham,enet,0.13671875,-0.44281160831451416
Aaron_Paul_Ingham,enet,0.14453125,-0.42376482486724854
Aaron_Paul_Ingham,enet,0.15234375,-0.405633807182312
Aaron_Paul_Ingham,enet,0.16015625,-0.3892296254634857
Aaron_Paul_Ingham,enet,0.16796875,-0.37505921721458435
Aaron_Paul_Ingham,enet,0.17578125,-0.3634061813354492
Aaron_Paul_Ingham,enet,0.18359375,-0.3544817566871643
Aaron_Paul_Ingham,enet,0.19140625,-0.34847044944763184
Aaron_Paul_Ingham,enet,0.19921875,-0.3454788327217102
Aaron_Paul_Ingham,enet,0.20703125,-0.3455614149570465
Aaron_Paul_Ingham,enet,0.21484375,-0.34880056977272034
Aaron_Paul_Ingham,enet,0.22265625,-0.3554341793060303
Aaron_Paul_Ingham,enet,0.23046875,-0.365742951631546
Aaron_Paul_Ingham,enet,0.23828125,-0.37999460101127625
Aaron_Paul_Ingham,enet,0.24609375,-0.3984528183937073
Aaron_Paul_Ingham,enet,0.25390625,-0.42130181193351746
Aaron_Paul_Ingham,enet,0.26171875,-0.4485152065753937
Aaron_Paul_Ingham,enet,0.26953125,-0.4799153804779053
Aaron_Paul_Ingham,enet,0.27734375,-0.5150845050811768
Aaron_Paul_Ingham,enet,0.28515625,-0.5532994866371155
Aaron_Paul_Ingham,enet,0.29296875,-0.5936041474342346
Aaron_Paul_Ingham,enet,0.30078125,-0.6349190473556519
Aaron_Paul_Ingham,enet,0.30859375,-0.6760026216506958
Aaron_Paul_Ingham,enet,0.31640625,-0.7154210209846497
Aaron_Paul_Ingham,enet,0.32421875,-0.7516396045684814
Aaron_Paul_Ingham,enet,0.33203125,-0.7831740379333496
Aaron_Paul_Ingham,enet,0.33984375,-0.8086873292922974
Aaron_Paul_Ingham,enet,0.34765625,-0.827122688293457
Aaron_Paul_Ingham,enet,0.35546875,-0.8377612829208374
Aaron_Paul_Ingham,enet,0.36328125,-0.8401322364807129
Aaron_Paul_Ingham,enet,0.37109375,-0.834087073802948
Aaron_Paul_Ingham,enet,0.37890625,-0.819875955581665
Aaron_Paul_Ingham,enet,0.38671875,-0.7981464266777039
Aaron_Paul_Ingham,enet,0.39453125,-0.769794225692749
Aaron_Paul_Ingham,enet,0.40234375,-0.7357337474822998
Aaron_Paul_Ingham,enet,0.41015625,-0.6967937350273132
Aaron_Paul_Ingham,enet,0.41796875,-0.6534890532493591
Aaron_Paul_Ingham,enet,0.42578125,-0.6057113409042358
Aaron_Paul_Ingham,enet,0.43359375,-0.5526852011680603
Aaron_Paul_Ingham,enet,0.44140625,-0.4934142827987671
Aaron_Paul_Ingham,enet,0.44921875,-0.42757225036621094
Aaron_Paul_Ingham,enet,0.45703125,-0.35629701614379883
Aaron_Paul_Ingham,enet,0.46484375,-0.2825547456741333
Aaron_Paul_Ingham,enet,0.47265625,-0.21099448204040527
Aaron_Paul_Ingham,enet,0.48046875,-0.14786668121814728
Aaron_Paul_Ingham,enet,0.48828125,-0.10071435570716858
Aaron_Paul_Ingham,enet,0.49609375,-0.0757656842470169
Aaron_Paul_Ingham,enet,0.50390625,-0.07454940676689148
Aaron_Paul_Ingham,enet,0.51171875,-0.09341588616371155
Aaron_Paul_Ingham,enet,0.51953125,-0.12567181885242462
Aaron_Paul_Ingham,enet,0.52734375,-0.164577454328537
Aaron_Paul_Ingham,enet,0.53515625,-0.2056117057800293
Aaron_Paul_Ingham,enet,0.54296875,-0.24700692296028137
Aaron_Paul_Ingham,enet,0.55078125,-0.2887926399707794
Aaron_Paul_Ingham,enet,0.55859375,-0.3316285312175751
Aaron_Paul_Ingham,enet,0.56640625,-0.3759361207485199
Aaron_Paul_Ingham,enet,0.57421875,-0.42159736156463623
Aaron_Paul_Ingham,enet,0.58203125,-0.4681722819805145
Aaron_Paul_Ingham,enet,0.58984375,-0.5152703523635864
Aaron_Paul_Ingham,enet,0.59765625,-0.5626322627067566
Aaron_Paul_Ingham,enet,0.60546875,-0.6100372672080994
Aaron_Paul_Ingham,enet,0.61328125,-0.657143771648407
Aaron_Paul_Ingham,enet,0.62109375,-0.7033818364143372
Aaron_Paul_Ingham,enet,0.62890625,-0.7480798959732056
Aaron_Paul_Ingham,enet,0.63671875,-0.7906720638275146
Aaron_Paul_Ingham,enet,0.64453125,-0.8306836485862732
Aaron_Paul_Ingham,enet,0.65234375,-0.8675763607025146
Aaron_Paul_Ingham,enet,0.66015625,-0.9006246328353882
Aaron_Paul_Ingham,enet,0.66796875,-0.9290045499801636
Aaron_Paul_Ingham,enet,0.67578125,-0.9520557522773743
Aaron_Paul_Ingham,enet,0.68359375,-0.9695122838020325
Aaron_Paul_Ingham,enet,0.69140625,-0.9815396070480347
Aaron_Paul_Ingham,enet,0.69921875,-0.9886574149131775
Aaron_Paul_Ingham,enet,0.70703125,-0.9916682243347168
Aaron_Paul_Ingham,enet,0.71484375,-0.9915651082992554
Aaron_Paul_Ingham,enet,0.72265625,-0.9893679618835449
Aaron_Paul_Ingham,enet,0.73046875,-0.9860182404518127
Aaron_Paul_Ingham,enet,0.73828125,-0.9823696613311768
Aaron_Paul_Ingham,enet,0.74609375,-0.9791893362998962
Aaron_Paul_Ingham,enet,0.75390625,-0.9771557450294495
Aaron_Paul_Ingham,enet,0.76171875,-0.9768397808074951
Aaron_Paul_Ingham,enet,0.76953125,-0.9786445498466492
Aaron_Paul_Ingham,enet,0.77734375,-0.9827383160591125
Aaron_Paul_Ingham,enet,0.78515625,-0.9891178011894226
Aaron_Paul_Ingham,enet,0.79296875,-0.9978787302970886
Aaron_Paul_Ingham,enet,0.80078125,-1.0096286535263062
Aaron_Paul_Ingham,enet,0.80859375,-1.0247479677200317
Aaron_Paul_Ingham,enet,0.81640625,-1.042056679725647
Aaron_Paul_Ingham,enet,0.82421875,-1.0589725971221924
Aaron_Paul_Ingham,enet,0.83203125,-1.0728840827941895
Aaron_Paul_Ingham,enet,0.83984375,-1.0828168392181396
Aaron_Paul_Ingham,enet,0.84765625,-1.0896384716033936
Aaron_Paul_Ingham,enet,0.85546875,-1.0962785482406616
Aaron_Paul_Ingham,enet,0.86328125,-1.1085824966430664
Aaron_Paul_Ingham,enet,0.87109375,-1.1242653131484985
Aaron_Paul_Ingham,enet,0.87890625,-1.137463927268982
Aaron_Paul_Ingham,enet,0.88671875,-1.14521062374115
Aaron_Paul_Ingham,enet,0.89453125,-1.1473392248153687
Aaron_Paul_Ingham,enet,0.90234375,-1.146486759185791
Aaron_Paul_Ingham,enet,0.91015625,-1.1478309631347656
Aaron_Paul_Ingham,enet,0.91796875,-1.1541868448257446
Aaron_Paul_Ingham,enet,0.92578125,-1.1589466333389282
Aaron_Paul_Ingham,enet,0.93359375,-1.167183756828308
Aaron_Paul_Ingham,enet,0.94140625,-1.1734930276870728
Aaron_Paul_Ingham,enet,0.94921875,-1.1706053018569946
Aaron_Paul_Ingham,enet,0.95703125,-1.166385293006897
Aaron_Paul_Ingham,enet,0.96484375,-1.161812424659729
Aaron_Paul_Ingham,enet,0.97265625,-1.1744709014892578
Aaron_Paul_Ingham,enet,0.98046875,-1.2478861808776855
Aaron_Paul_Ingham,enet,0.98828125,-1.3684115409851074
Aaron_Paul_Ingham,enet,0.99609375,-1.4685648679733276
Aaron_Paul_Ingham,enet,1.0,-1.493636965751648
Abe_Ian_Kim,ridge,0.0,4.454802513122559
Abe_Ian_Kim,ridge,0.00390625,4.451898574829102
Abe_Ian_Kim,ridge,0.01171875,4.446158409118652
Abe_Ian_Kim,ridge,0.01953125,4.4407243728637695
Abe_Ian_Kim,ridge,0.02734375,4.435581684112549
Abe_Ian_Kim,ridge,0.03515625,4.430610656738281
Abe_Ian_Kim,ridge,0.04296875,4.425650119781494
Abe_Ian_Kim,ridge,0.05078125,4.420636177062988
Abe_Ian_Kim,ridge,0.05859375,4.415656089782715
Abe_Ian_Kim,ridge,0.06640625,4.410806179046631
Abe_Ian_Kim,ridge,0.07421875,4.4061102867126465
Abe_Ian_Kim,ridge,0.08203125,4.4016571044921875
Abe_Ian_Kim,ridge,0.08984375,4.397542953491211
Abe_Ian_Kim,ridge,0.09765625,4.393749237060547
Abe_Ian_Kim,ridge,0.10546875,4.390161514282227
Abe_Ian_Kim,ridge,0.11328125,4.386609077453613
Abe_Ian_Kim,ridge,0.12109375,4.382970333099365
Abe_Ian_Kim,ridge,0.12890625,4.379122257232666
Abe_Ian_Kim,ridge,0.13671875,4.374836444854736
Abe_Ian_Kim,ridge,0.14453125,4.369830131530762
Abe_Ian_Kim,ridge,0.15234375,4.363834381103516
Abe_Ian_Kim,ridge,0.16015625,4.356765270233154
Abe_Ian_Kim,ridge,0.16796875,4.3484954833984375
Abe_Ian_Kim,ridge,0.17578125,4.3388261795043945
Abe_Ian_Kim,ridge,0.18359375,4.327608585357666
Abe_Ian_Kim,ridge,0.19140625,4.31470251083374
Abe_Ian_Kim,ridge,0.19921875,4.299941539764404
Abe_Ian_Kim,ridge,0.20703125,4.283189296722412
Abe_Ian_Kim,ridge,0.21484375,4.264402866363525
Abe_Ian_Kim,ridge,0.22265625,4.243558406829834
Abe_Ian_Kim,ridge,0.23046875,4.220595359802246
Abe_Ian_Kim,ridge,0.23828125,4.195570468902588
Abe_Ian_Kim,ridge,0.24609375,4.168562889099121
Abe_Ian_Kim,ridge,0.25390625,4.139612197875977
Abe_Ian_Kim,ridge,0.26171875,4.108767032623291
Abe_Ian_Kim,ridge,0.26953125,4.076110363006592
Abe_Ian_Kim,ridge,0.27734375,4.041645526885986
Abe_Ian_Kim,ridge,0.28515625,4.005268096923828
Abe_Ian_Kim,ridge,0.29296875,3.966771364212036
Abe_Ian_Kim,ridge,0.30078125,3.9259369373321533
Abe_Ian_Kim,ridge,0.30859375,3.8827128410339355
Abe_Ian_Kim,ridge,0.31640625,3.837129831314087
Abe_Ian_Kim,ridge,0.32421875,3.7892003059387207
Abe_Ian_Kim,ridge,0.33203125,3.739041328430176
Abe_Ian_Kim,ridge,0.33984375,3.6868629455566406
Abe_Ian_Kim,ridge,0.34765625,3.6328272819519043
Abe_Ian_Kim,ridge,0.35546875,3.5768489837646484
Abe_Ian_Kim,ridge,0.36328125,3.518458366394043
Abe_Ian_Kim,ridge,0.37109375,3.4567458629608154
Abe_Ian_Kim,ridge,0.37890625,3.3904051780700684
Abe_Ian_Kim,ridge,0.38671875,3.3178253173828125
Abe_Ian_Kim,ridge,0.39453125,3.237164258956909
Abe_Ian_Kim,ridge,0.40234375,3.1462550163269043
Abe_Ian_Kim,ridge,0.41015625,3.042623996734619
Abe_Ian_Kim,ridge,0.41796875,2.924020290374756
Abe_Ian_Kim,ridge,0.42578125,2.7893340587615967
Abe_Ian_Kim,ridge,0.43359375,2.6392905712127686
Abe_Ian_Kim,ridge,0.44140625,2.476574420928955
Abe_Ian_Kim,ridge,0.44921875,2.3051867485046387
Abe_Ian_Kim,ridge,0.45703125,2.1293468475341797
Abe_Ian_Kim,ridge,0.46484375,1.952667236328125
Abe_Ian_Kim,ridge,0.47265625,1.777801513671875
Abe_Ian_Kim,ridge,0.48046875,1.6066490411758423
Abe_Ian_Kim,ridge,0.48828125,1.4406890869140625
Abe_Ian_Kim,ridge,0.49609375,1.2811580896377563
Abe_Ian_Kim,ridge,0.50390625,1.1288059949874878
Abe_Ian_Kim,ridge,0.51171875,0.9836041331291199
Abe_Ian_Kim,ridge,0.51953125,0.8450227975845337
Abe_Ian_Kim,ridge,0.52734375,0.7126144170761108
Abe_Ian_Kim,ridge,0.53515625,0.5862745046615601
Abe_Ian_Kim,ridge,0.54296875,0.46619048714637756
Abe_Ian_Kim,ridge,0.55078125,0.3527805209159851
Abe_Ian_Kim,ridge,0.55859375,0.24657723307609558
Abe_Ian_Kim,ridge,0.56640625,0.14796113967895508
Abe_Ian_Kim,ridge,0.57421875,0.0569683313369751
Abe_Ian_Kim,ridge,0.58203125,-0.026661187410354614
Abe_Ian_Kim,ridge,0.58984375,-0.10320782661437988
Abe_Ian_Kim,ridge,0.59765625,-0.1728914976119995
Abe_Ian_Kim,ridge,0.60546875,-0.2360689640045166
Abe_Ian_Kim,ridge,0.61328125,-0.29333487153053284
Abe_Ian_Kim,ridge,0.62109375,-0.345345139503479
Abe_Ian_Kim,ridge,0.62890625,-0.3926168382167816
Abe_Ian_Kim,ridge,0.63671875,-0.43550926446914673
Abe_Ian_Kim,ridge,0.64453125,-0.4742978513240814
Abe_Ian_Kim,ridge,0.65234375,-0.5092947483062744
Abe_Ian_Kim,ridge,0.66015625,-0.540826678276062
Abe_Ian_Kim,ridge,0.66796875,-0.5691369771957397
Abe_Ian_Kim,ridge,0.67578125,-0.5943992733955383
Abe_Ian_Kim,ridge,0.68359375,-0.6167945265769958
Abe_Ian_Kim,ridge,0.69140625,-0.6365429162979126
Abe_Ian_Kim,ridge,0.69921875,-0.6539134979248047
Abe_Ian_Kim,ridge,0.70703125,-0.6692149639129639
Abe_Ian_Kim,ridge,0.71484375,-0.6827565431594849
Abe_Ian_Kim,ridge,0.72265625,-0.6948161125183105
Abe_Ian_Kim,ridge,0.73046875,-0.7056628465652466
Abe_Ian_Kim,ridge,0.73828125,-0.715705931186676
Abe_Ian_Kim,ridge,0.74609375,-0.7255634069442749
Abe_Ian_Kim,ridge,0.75390625,-0.7357857823371887
Abe_Ian_Kim,ridge,0.76171875,-0.7463861107826233
Abe_Ian_Kim,ridge,0.76953125,-0.7570849657058716
Abe_Ian_Kim,ridge,0.77734375,-0.7677098512649536
Abe_Ian_Kim,ridge,0.78515625,-0.7781383395195007
Abe_Ian_Kim,ridge,0.79296875,-0.7882550358772278
Abe_Ian_Kim,ridge,0.80078125,-0.7980223894119263
Abe_Ian_Kim,ridge,0.80859375,-0.8075253367424011
Abe_Ian_Kim,ridge,0.81640625,-0.816913366317749
Abe_Ian_Kim,ridge,0.82421875,-0.8263225555419922
Abe_Ian_Kim,ridge,0.83203125,-0.8359619379043579
Abe_Ian_Kim,ridge,0.83984375,-0.846038818359375
Abe_Ian_Kim,ridge,0.84765625,-0.8566163778305054
Abe_Ian_Kim,ridge,0.85546875,-0.8678233027458191
Abe_Ian_Kim,ridge,0.86328125,-0.8800487518310547
Abe_Ian_Kim,ridge,0.87109375,-0.8938011527061462
Abe_Ian_Kim,ridge,0.87890625,-0.9094527959823608
Abe_Ian_Kim,ridge,0.88671875,-0.9271411895751953
Abe_Ian_Kim,ridge,0.89453125,-0.946520984172821
Abe_Ian_Kim,ridge,0.90234375,-0.9665767550468445
Abe_Ian_Kim,ridge,0.91015625,-0.9857043027877808
Abe_Ian_Kim,ridge,0.91796875,-1.0026952028274536
Abe_Ian_Kim,ridge,0.92578125,-1.017246961593628
Abe_Ian_Kim,ridge,0.93359375,-1.0285632610321045
Abe_Ian_Kim,ridge,0.94140625,-1.0380635261535645
Abe_Ian_Kim,ridge,0.94921875,-1.0476551055908203
Abe_Ian_Kim,ridge,0.95703125,-1.0565404891967773
Abe_Ian_Kim,ridge,0.96484375,-1.0629215240478516
Abe_Ian_Kim,ridge,0.97265625,-1.0664771795272827
Abe_Ian_Kim,ridge,0.98046875,-1.0685054063796997
Abe_Ian_Kim,ridge,0.98828125,-1.0685269832611084
Abe_Ian_Kim,ridge,0.99609375,-1.0667927265167236
Abe_Ian_Kim,ridge,1.0,-1.0655227899551392
Abe_Ian_Kim,enet,0.0,1.2235286235809326
Abe_Ian_Kim,enet,0.00390625,1.2225300073623657
Abe_Ian_Kim,enet,0.01171875,1.220491647720337
Abe_Ian_Kim,enet,0.01953125,1.2186797857284546
Abe_Ian_Kim,enet,0.02734375,1.2172234058380127
Abe_Ian_Kim,enet,0.03515625,1.216172695159912
Abe_Ian_Kim,enet,0.04296875,1.2155252695083618
Abe_Ian_Kim,enet,0.05078125,1.215155839920044
Abe_Ian_Kim,enet,0.05859375,1.2150696516036987
Abe_Ian_Kim,enet,0.06640625,1.2155299186706543
Abe_Ian_Kim,enet,0.07421875,1.2167606353759766
Abe_Ian_Kim,enet,0.08203125,1.2189011573791504
Abe_Ian_Kim,enet,0.08984375,1.222057580947876
Abe_Ian_Kim,enet,0.09765625,1.2262849807739258
Abe_Ian_Kim,enet,0.10546875,1.231619954109192
Abe_Ian_Kim,enet,0.11328125,1.237903356552124
Abe_Ian_Kim,enet,0.12109375,1.2449885606765747
Abe_Ian_Kim,enet,0.12890625,1.2527949810028076
Abe_Ian_Kim,enet,0.13671875,1.261122703552246
Abe_Ian_Kim,enet,0.14453125,1.2697120904922485
Abe_Ian_Kim,enet,0.15234375,1.2782578468322754
Abe_Ian_Kim,enet,0.16015625,1.2865078449249268
Abe_Ian_Kim,enet,0.16796875,1.294184923171997
Abe_Ian_Kim,enet,0.17578125,1.3010423183441162
Abe_Ian_Kim,enet,0.18359375,1.306942343711853
Abe_Ian_Kim,enet,0.19140625,1.3117420673370361
Abe_Ian_Kim,enet,0.19921875,1.3152579069137573
Abe_Ian_Kim,enet,0.20703125,1.3173468112945557
Abe_Ian_Kim,enet,0.21484375,1.3179931640625
Abe_Ian_Kim,enet,0.22265625,1.317246675491333
Abe_Ian_Kim,enet,0.23046875,1.315072774887085
Abe_Ian_Kim,enet,0.23828125,1.3114323616027832
Abe_Ian_Kim,enet,0.24609375,1.3062142133712769
Abe_Ian_Kim,enet,0.25390625,1.2992116212844849
Abe_Ian_Kim,enet,0.26171875,1.2901756763458252
Abe_Ian_Kim,enet,0.26953125,1.2788240909576416
Abe_Ian_Kim,enet,0.27734375,1.2648056745529175
Abe_Ian_Kim,enet,0.28515625,1.247751235961914
Abe_Ian_Kim,enet,0.29296875,1.2272467613220215
Abe_Ian_Kim,enet,0.30078125,1.2029943466186523
Abe_Ian_Kim,enet,0.30859375,1.1751134395599365
Abe_Ian_Kim,enet,0.31640625,1.1442033052444458
Abe_Ian_Kim,enet,0.32421875,1.1113276481628418
Abe_Ian_Kim,enet,0.33203125,1.078135371208191
Abe_Ian_Kim,enet,0.33984375,1.0468838214874268
Abe_Ian_Kim,enet,0.34765625,1.0201857089996338
Abe_Ian_Kim,enet,0.35546875,1.000646948814392
Abe_Ian_Kim,enet,0.36328125,0.9904443025588989
Abe_Ian_Kim,enet,0.37109375,0.9909156560897827
Abe_Ian_Kim,enet,0.37890625,1.0023292303085327
Abe_Ian_Kim,enet,0.38671875,1.0238715410232544
Abe_Ian_Kim,enet,0.39453125,1.0537633895874023
Abe_Ian_Kim,enet,0.40234375,1.089271068572998
Abe_Ian_Kim,enet,0.41015625,1.1268465518951416
Abe_Ian_Kim,enet,0.41796875,1.1626989841461182
Abe_Ian_Kim,enet,0.42578125,1.1935595273971558
Abe_Ian_Kim,enet,0.43359375,1.217118263244629
Abe_Ian_Kim,enet,0.44140625,1.2317136526107788
Abe_Ian_Kim,enet,0.44921875,1.2358500957489014
Abe_Ian_Kim,enet,0.45703125,1.2283436059951782
Abe_Ian_Kim,enet,0.46484375,1.2087082862854004
Abe_Ian_Kim,enet,0.47265625,1.1770548820495605
Abe_Ian_Kim,enet,0.48046875,1.1339207887649536
Abe_Ian_Kim,enet,0.48828125,1.0803524255752563
Abe_Ian_Kim,enet,0.49609375,1.0179970264434814
Abe_Ian_Kim,enet,0.50390625,0.9486693739891052
Abe_Ian_Kim,enet,0.51171875,0.8738421201705933
Abe_Ian_Kim,enet,0.51953125,0.7947275638580322
Abe_Ian_Kim,enet,0.52734375,0.7124508619308472
Abe_Ian_Kim,enet,0.53515625,0.6279867887496948
Abe_Ian_Kim,enet,0.54296875,0.542141854763031
Abe_Ian_Kim,enet,0.55078125,0.4556897282600403
Abe_Ian_Kim,enet,0.55859375,0.36953169107437134
Abe_Ian_Kim,enet,0.56640625,0.28478437662124634
Abe_Ian_Kim,enet,0.57421875,0.20276302099227905
Abe_Ian_Kim,enet,0.58203125,0.12467043846845627
Abe_Ian_Kim,enet,0.58984375,0.05136530101299286
Abe_Ian_Kim,enet,0.59765625,-0.016603335738182068
Abe_Ian_Kim,enet,0.60546875,-0.07900939881801605
Abe_Ian_Kim,enet,0.61328125,-0.13594281673431396
Abe_Ian_Kim,enet,0.62109375,-0.18760116398334503
Abe_Ian_Kim,enet,0.62890625,-0.23426854610443115
Abe_Ian_Kim,enet,0.63671875,-0.2765451669692993
Abe_Ian_Kim,enet,0.64453125,-0.3153107762336731
Abe_Ian_Kim,enet,0.65234375,-0.35149306058883667
Abe_Ian_Kim,enet,0.66015625,-0.38586634397506714
Abe_Ian_Kim,enet,0.66796875,-0.4188308119773865
Abe_Ian_Kim,enet,0.67578125,-0.4504541754722595
Abe_Ian_Kim,enet,0.68359375,-0.4807353615760803
Abe_Ian_Kim,enet,0.69140625,-0.5097227692604065
Abe_Ian_Kim,enet,0.69921875,-0.5374580025672913
Abe_Ian_Kim,enet,0.70703125,-0.5639259219169617
Abe_Ian_Kim,enet,0.71484375,-0.5890929698944092
Abe_Ian_Kim,enet,0.72265625,-0.6130324602127075
Abe_Ian_Kim,enet,0.73046875,-0.6359982490539551
Abe_Ian_Kim,enet,0.73828125,-0.6584807634353638
Abe_Ian_Kim,enet,0.74609375,-0.6812744736671448
Abe_Ian_Kim,enet,0.75390625,-0.7051647901535034
Abe_Ian_Kim,enet,0.76171875,-0.7300557494163513
Abe_Ian_Kim,enet,0.76953125,-0.7549883127212524
Abe_Ian_Kim,enet,0.77734375,-0.7788742780685425
Abe_Ian_Kim,enet,0.78515625,-0.8007616400718689
Abe_Ian_Kim,enet,0.79296875,-0.8198504447937012
Abe_Ian_Kim,enet,0.80078125,-0.8355074524879456
Abe_Ian_Kim,enet,0.80859375,-0.8472288250923157
Abe_Ian_Kim,enet,0.81640625,-0.8546929955482483
Abe_Ian_Kim,enet,0.82421875,-0.8581427335739136
Abe_Ian_Kim,enet,0.83203125,-0.8586111664772034
Abe_Ian_Kim,enet,0.83984375,-0.8573222756385803
Abe_Ian_Kim,enet,0.84765625,-0.8551073670387268
Abe_Ian_Kim,enet,0.85546875,-0.8525232076644897
Abe_Ian_Kim,enet,0.86328125,-0.8501362204551697
Abe_Ian_Kim,enet,0.87109375,-0.8484706282615662
Abe_Ian_Kim,enet,0.87890625,-0.8477837443351746
Abe_Ian_Kim,enet,0.88671875,-0.8479808568954468
Abe_Ian_Kim,enet,0.89453125,-0.8486539721488953
Abe_Ian_Kim,enet,0.90234375,-0.8492565155029297
Abe_Ian_Kim,enet,0.91015625,-0.8491643667221069
Abe_Ian_Kim,enet,0.91796875,-0.8478540778160095
Abe_Ian_Kim,enet,0.92578125,-0.8462085723876953
Abe_Ian_Kim,enet,0.93359375,-0.8463531136512756
Abe_Ian_Kim,enet,0.94140625,-0.8520289063453674
Abe_Ian_Kim,enet,0.94921875,-0.8628848791122437
Abe_Ian_Kim,enet,0.95703125,-0.8755114078521729
Abe_Ian_Kim,enet,0.96484375,-0.8875560760498047
Abe_Ian_Kim,enet,0.97265625,-0.8977140784263611
Abe_Ian_Kim,enet,0.98046875,-0.9041317701339722
Abe_Ian_Kim,enet,0.98828125,-0.9103838205337524
Abe_Ian_Kim,enet,0.99609375,-0.9106192588806152
Abe_Ian_Kim,enet,1.0,-0.9095413684844971
Abner_Valentine_Lo,ridge,0.0,3.5481338500976562
Abner_Valentine_Lo,ridge,0.00390625,3.5448741912841797
Abner_Valentine_Lo,ridge,0.01171875,3.538055658340454
Abner_Valentine_Lo,ridge,0.01953125,3.5310781002044678
Abner_Valentine_Lo,ridge,0.02734375,3.5237886905670166
Abner_Valentine_Lo,ridge,0.03515625,3.515693187713623
Abner_Valentine_Lo,ridge,0.04296875,3.506760597229004
Abner_Valentine_Lo,ridge,0.05078125,3.497163772583008
Abner_Valentine_Lo,ridge,0.05859375,3.4872634410858154
Abner_Valentine_Lo,ridge,0.06640625,3.4771971702575684
Abner_Valentine_Lo,ridge,0.07421875,3.4671225547790527
Abner_Valentine_Lo,ridge,0.08203125,3.457322359085083
Abner_Valentine_Lo,ridge,0.08984375,3.4479212760925293
Abner_Valentine_Lo,ridge,0.09765625,3.4389519691467285
Abner_Valentine_Lo,ridge,0.10546875,3.4298229217529297
Abner_Valentine_Lo,ridge,0.11328125,3.419788360595703
Abner_Valentine_Lo,ridge,0.12109375,3.408430576324463
Abner_Valentine_Lo,ridge,0.12890625,3.395075798034668
Abner_Valentine_Lo,ridge,0.13671875,3.3789870738983154
Abner_Valentine_Lo,ridge,0.14453125,3.3596835136413574
Abner_Valentine_Lo,ridge,0.15234375,3.337045907974243
Abner_Valentine_Lo,ridge,0.16015625,3.3113603591918945
Abner_Valentine_Lo,ridge,0.16796875,3.2829980850219727
Abner_Valentine_Lo,ridge,0.17578125,3.252267599105835
Abner_Valentine_Lo,ridge,0.18359375,3.219437599182129
Abner_Valentine_Lo,ridge,0.19140625,3.184664249420166
Abner_Valentine_Lo,ridge,0.19921875,3.14817476272583
Abner_Valentine_Lo,ridge,0.20703125,3.1103363037109375
Abner_Valentine_Lo,ridge,0.21484375,3.0716614723205566
Abner_Valentine_Lo,ridge,0.22265625,3.0328378677368164
Abner_Valentine_Lo,ridge,0.23046875,2.9945812225341797
Abner_Valentine_Lo,ridge,0.23828125,2.9574708938598633
Abner_Valentine_Lo,ridge,0.24609375,2.921909809112549
Abner_Valentine_Lo,ridge,0.25390625,2.888104200363159
Abner_Valentine_Lo,ridge,0.26171875,2.856092691421509
Abner_Valentine_Lo,ridge,0.26953125,2.825908899307251
Abner_Valentine_Lo,ridge,0.27734375,2.797769546508789
Abner_Valentine_Lo,ridge,0.28515625,2.7721052169799805
Abner_Valentine_Lo,ridge,0.29296875,2.7494168281555176
Abner_Valentine_Lo,ridge,0.30078125,2.7301926612854004
Abner_Valentine_Lo,ridge,0.30859375,2.714768886566162
Abner_Valentine_Lo,ridge,0.31640625,2.703174591064453
Abner_Valentine_Lo,ridge,0.32421875,2.695067882537842
Abner_Valentine_Lo,ridge,0.33203125,2.689760208129883
Abner_Valentine_Lo,ridge,0.33984375,2.6863584518432617
Abner_Valentine_Lo,ridge,0.34765625,2.683877944946289
Abner_Valentine_Lo,ridge,0.35546875,2.6813626289367676
Abner_Valentine_Lo,ridge,0.36328125,2.678025245666504
Abner_Valentine_Lo,ridge,0.37109375,2.6733345985412598
Abner_Valentine_Lo,ridge,0.37890625,2.6667845249176025
Abner_Valentine_Lo,ridge,0.38671875,2.65736722946167
Abner_Valentine_Lo,ridge,0.39453125,2.643369674682617
Abner_Valentine_Lo,ridge,0.40234375,2.6230568885803223
Abner_Valentine_Lo,ridge,0.41015625,2.595561981201172
Abner_Valentine_Lo,ridge,0.41796875,2.5610198974609375
Abner_Valentine_Lo,ridge,0.42578125,2.519970655441284
Abner_Valentine_Lo,ridge,0.43359375,2.4728426933288574
Abner_Valentine_Lo,ridge,0.44140625,2.420461654663086
Abner_Valentine_Lo,ridge,0.44921875,2.364626884460449
Abner_Valentine_Lo,ridge,0.45703125,2.307950973510742
Abner_Valentine_Lo,ridge,0.46484375,2.253612756729126
Abner_Valentine_Lo,ridge,0.47265625,2.204951286315918
Abner_Valentine_Lo,ridge,0.48046875,2.1641383171081543
Abner_Valentine_Lo,ridge,0.48828125,2.1311838626861572
Abner_Valentine_Lo,ridge,0.49609375,2.1044936180114746
Abner_Valentine_Lo,ridge,0.50390625,2.0818963050842285
Abner_Valentine_Lo,ridge,0.51171875,2.061204433441162
Abner_Valentine_Lo,ridge,0.51953125,2.0406720638275146
Abner_Valentine_Lo,ridge,0.52734375,2.0194249153137207
Abner_Valentine_Lo,ridge,0.53515625,1.997473120689392
Abner_Valentine_Lo,ridge,0.54296875,1.9753694534301758
Abner_Valentine_Lo,ridge,0.55078125,1.9537684917449951
Abner_Valentine_Lo,ridge,0.55859375,1.9331077337265015
Abner_Valentine_Lo,ridge,0.56640625,1.9134876728057861
Abner_Valentine_Lo,ridge,0.57421875,1.8945865631103516
Abner_Valentine_Lo,ridge,0.58203125,1.8754701614379883
Abner_Valentine_Lo,ridge,0.58984375,1.8547159433364868
Abner_Valentine_Lo,ridge,0.59765625,1.8311409950256348
Abner_Valentine_Lo,ridge,0.60546875,1.8043546676635742
Abner_Valentine_Lo,ridge,0.61328125,1.7745361328125
Abner_Valentine_Lo,ridge,0.62109375,1.7419416904449463
Abner_Valentine_Lo,ridge,0.62890625,1.706739902496338
Abner_Valentine_Lo,ridge,0.63671875,1.669266700744629
Abner_Valentine_Lo,ridge,0.64453125,1.6302883625030518
Abner_Valentine_Lo,ridge,0.65234375,1.5908102989196777
Abner_Valentine_Lo,ridge,0.66015625,1.5516635179519653
Abner_Valentine_Lo,ridge,0.66796875,1.5132648944854736
Abner_Valentine_Lo,ridge,0.67578125,1.4756253957748413
Abner_Valentine_Lo,ridge,0.68359375,1.4383947849273682
Abner_Valentine_Lo,ridge,0.69140625,1.4010021686553955
Abner_Valentine_Lo,ridge,0.69921875,1.3629517555236816
Abner_Valentine_Lo,ridge,0.70703125,1.3241993188858032
Abner_Valentine_Lo,ridge,0.71484375,1.2852683067321777
Abner_Valentine_Lo,ridge,0.72265625,1.2469723224639893
Abner_Valentine_Lo,ridge,0.73046875,1.2100712060928345
Abner_Valentine_Lo,ridge,0.73828125,1.1750991344451904
Abner_Valentine_Lo,ridge,0.74609375,1.142285704612732
Abner_Valentine_Lo,ridge,0.75390625,1.1116492748260498
Abner_Valentine_Lo,ridge,0.76171875,1.0832533836364746
Abner_Valentine_Lo,ridge,0.76953125,1.0574970245361328
Abner_Valentine_Lo,ridge,0.77734375,1.035003662109375
Abner_Valentine_Lo,ridge,0.78515625,1.0162173509597778
Abner_Valentine_Lo,ridge,0.79296875,1.001367449760437
Abner_Valentine_Lo,ridge,0.80078125,0.990810751914978
Abner_Valentine_Lo,ridge,0.80859375,0.9850376844406128
Abner_Valentine_Lo,ridge,0.81640625,0.9842283725738525
Abner_Valentine_Lo,ridge,0.82421875,0.9882639646530151
Abner_Valentine_Lo,ridge,0.83203125,0.995614767074585
Abner_Valentine_Lo,ridge,0.83984375,1.0041152238845825
Abner_Valentine_Lo,ridge,0.84765625,1.0141444206237793
Abner_Valentine_Lo,ridge,0.85546875,1.0272105932235718
Abner_Valentine_Lo,ridge,0.86328125,1.0452343225479126
Abner_Valentine_Lo,ridge,0.87109375,1.0695832967758179
Abner_Valentine_Lo,ridge,0.87890625,1.1003303527832031
Abner_Valentine_Lo,ridge,0.88671875,1.136393666267395
Abner_Valentine_Lo,ridge,0.89453125,1.177788257598877
Abner_Valentine_Lo,ridge,0.90234375,1.2263917922973633
Abner_Valentine_Lo,ridge,0.91015625,1.2832987308502197
Abner_Valentine_Lo,ridge,0.91796875,1.3469228744506836
Abner_Valentine_Lo,ridge,0.92578125,1.4152801036834717
Abner_Valentine_Lo,ridge,0.93359375,1.485308051109314
Abner_Valentine_Lo,ridge,0.94140625,1.5478256940841675
Abner_Valentine_Lo,ridge,0.94921875,1.5946285724639893
Abner_Valentine_Lo,ridge,0.95703125,1.627416729927063
Abner_Valentine_Lo,ridge,0.96484375,1.6477611064910889
Abner_Valentine_Lo,ridge,0.97265625,1.65962815284729
Abner_Valentine_Lo,ridge,0.98046875,1.6553380489349365
Abner_Valentine_Lo,ridge,0.98828125,1.6334168910980225
Abner_Valentine_Lo,ridge,0.99609375,1.6244386434555054
Abner_Valentine_Lo,ridge,1.0,1.615816354751587
Abner_Valentine_Lo,enet,0.0,-1.364127278327942
Abner_Valentine_Lo,enet,0.00390625,-1.3645820617675781
Abner_Valentine_Lo,enet,0.01171875,-1.3654874563217163
Abner_Valentine_Lo,enet,0.01953125,-1.366353988647461
Abner_Valentine_Lo,enet,0.02734375,-1.3667418956756592
Abner_Valentine_Lo,enet,0.03515625,-1.3674083948135376
Abner_Valentine_Lo,enet,0.04296875,-1.3675616979599
Abner_Valentine_Lo,enet,0.05078125,-1.366568922996521
Abner_Valentine_Lo,enet,0.05859375,-1.364499568939209
Abner_Valentine_Lo,enet,0.06640625,-1.3613336086273193
Abner_Valentine_Lo,enet,0.07421875,-1.3567856550216675
Abner_Valentine_Lo,enet,0.08203125,-1.35051429271698
Abner_Valentine_Lo,enet,0.08984375,-1.3425575494766235
Abner_Valentine_Lo,enet,0.09765625,-1.3329570293426514
Abner_Valentine_Lo,enet,0.10546875,-1.3218382596969604
Abner_Valentine_Lo,enet,0.11328125,-1.3097853660583496
Abner_Valentine_Lo,enet,0.12109375,-1.2973002195358276
Abner_Valentine_Lo,enet,0.12890625,-1.2850550413131714
Abner_Valentine_Lo,enet,0.13671875,-1.2738943099975586
Abner_Valentine_Lo,enet,0.14453125,-1.2645983695983887
Abner_Valentine_Lo,enet,0.15234375,-1.2577855587005615
Abner_Valentine_Lo,enet,0.16015625,-1.2537275552749634
Abner_Valentine_Lo,enet,0.16796875,-1.2524018287658691
Abner_Valentine_Lo,enet,0.17578125,-1.2534886598587036
Abner_Valentine_Lo,enet,0.18359375,-1.2565126419067383
Abner_Valentine_Lo,enet,0.19140625,-1.2611852884292603
Abner_Valentine_Lo,enet,0.19921875,-1.2672899961471558
Abner_Valentine_Lo,enet,0.20703125,-1.2746236324310303
Abner_Valentine_Lo,enet,0.21484375,-1.2830283641815186
Abner_Valentine_Lo,enet,0.22265625,-1.2923203706741333
Abner_Valentine_Lo,enet,0.23046875,-1.30228853225708
Abner_Valentine_Lo,enet,0.23828125,-1.3128033876419067
Abner_Valentine_Lo,enet,0.24609375,-1.3238356113433838
Abner_Valentine_Lo,enet,0.25390625,-1.3353958129882812
Abner_Valentine_Lo,enet,0.26171875,-1.3474669456481934
Abner_Valentine_Lo,enet,0.26953125,-1.3598623275756836
Abner_Valentine_Lo,enet,0.27734375,-1.3720183372497559
Abner_Valentine_Lo,enet,0.28515625,-1.382906198501587
Abner_Valentine_Lo,enet,0.29296875,-1.3912403583526611
Abner_Valentine_Lo,enet,0.30078125,-1.395593285560608
Abner_Valentine_Lo,enet,0.30859375,-1.3945472240447998
Abner_Valentine_Lo,enet,0.31640625,-1.3868986368179321
Abner_Valentine_Lo,enet,0.32421875,-1.3718032836914062
Abner_Valentine_Lo,enet,0.33203125,-1.3487977981567383
Abner_Valentine_Lo,enet,0.33984375,-1.3177037239074707
Abner_Valentine_Lo,enet,0.34765625,-1.2784976959228516
Abner_Valentine_Lo,enet,0.35546875,-1.2310199737548828
Abner_Valentine_Lo,enet,0.36328125,-1.1746994256973267
Abner_Valentine_Lo,enet,0.37109375,-1.1084331274032593
Abner_Valentine_Lo,enet,0.37890625,-1.031141996383667
Abner_Valentine_Lo,enet,0.38671875,-0.9428616166114807
Abner_Valentine_Lo,enet,0.39453125,-0.8453009724617004
Abner_Valentine_Lo,enet,0.40234375,-0.7411126494407654
Abner_Valentine_Lo,enet,0.41015625,-0.6326361298561096
Abner_Valentine_Lo,enet,0.41796875,-0.5215425491333008
Abner_Valentine_Lo,enet,0.42578125,-0.40962666273117065
Abner_Valentine_Lo,enet,0.43359375,-0.2996410131454468
Abner_Valentine_Lo,enet,0.44140625,-0.19485321640968323
Abner_Valentine_Lo,enet,0.44921875,-0.09756732732057571
Abner_Valentine_Lo,enet,0.45703125,-0.008443053811788559
Abner_Valentine_Lo,enet,0.46484375,0.0736420676112175
Abner_Valentine_Lo,enet,0.47265625,0.1510457694530487
Abner_Valentine_Lo,enet,0.48046875,0.22600775957107544
Abner_Valentine_Lo,enet,0.48828125,0.299625039100647
Abner_Valentine_Lo,enet,0.49609375,0.37185370922088623
Abner_Valentine_Lo,enet,0.50390625,0.44195032119750977
Abner_Valentine_Lo,enet,0.51171875,0.5086746215820312
Abner_Valentine_Lo,enet,0.51953125,0.5705342292785645
Abner_Valentine_Lo,enet,0.52734375,0.626181423664093
Abner_Valentine_Lo,enet,0.53515625,0.6747128963470459
Abner_Valentine_Lo,enet,0.54296875,0.7158228158950806
Abner_Valentine_Lo,enet,0.55078125,0.7498556971549988
Abner_Valentine_Lo,enet,0.55859375,0.7775428295135498
Abner_Valentine_Lo,enet,0.56640625,0.7994868755340576
Abner_Valentine_Lo,enet,0.57421875,0.8158848285675049
Abner_Valentine_Lo,enet,0.58203125,0.8264981508255005
Abner_Valentine_Lo,enet,0.58984375,0.8307665586471558
Abner_Valentine_Lo,enet,0.59765625,0.8283405303955078
Abner_Valentine_Lo,enet,0.60546875,0.8196807503700256
Abner_Valentine_Lo,enet,0.61328125,0.8059239983558655
Abner_Valentine_Lo,enet,0.62109375,0.7881258726119995
Abner_Valentine_Lo,enet,0.62890625,0.7667665481567383
Abner_Valentine_Lo,enet,0.63671875,0.7420955300331116
Abner_Valentine_Lo,enet,0.64453125,0.7148132920265198
Abner_Valentine_Lo,enet,0.65234375,0.6862430572509766
Abner_Valentine_Lo,enet,0.66015625,0.657906174659729
Abner_Valentine_Lo,enet,0.66796875,0.6309300661087036
Abner_Valentine_Lo,enet,0.67578125,0.6058148741722107
Abner_Valentine_Lo,enet,0.68359375,0.5825310349464417
Abner_Valentine_Lo,enet,0.69140625,0.5606859922409058
Abner_Valentine_Lo,enet,0.69921875,0.539680540561676
Abner_Valentine_Lo,enet,0.70703125,0.5190237760543823
Abner_Valentine_Lo,enet,0.71484375,0.4987466335296631
Abner_Valentine_Lo,enet,0.72265625,0.47953689098358154
Abner_Valentine_Lo,enet,0.73046875,0.46246302127838135
Abner_Valentine_Lo,enet,0.73828125,0.4484802186489105
Abner_Valentine_Lo,enet,0.74609375,0.4379119873046875
Abner_Valentine_Lo,enet,0.75390625,0.4303283989429474
Abner_Valentine_Lo,enet,0.76171875,0.4251392185688019
Abner_Valentine_Lo,enet,0.76953125,0.4221442937850952
Abner_Valentine_Lo,enet,0.77734375,0.4216602146625519
Abner_Valentine_Lo,enet,0.78515625,0.42429494857788086
Abner_Valentine_Lo,enet,0.79296875,0.43056535720825195
Abner_Valentine_Lo,enet,0.80078125,0.4411391317844391
Abner_Valentine_Lo,enet,0.80859375,0.4570966362953186
Abner_Valentine_Lo,enet,0.81640625,0.479697048664093
Abner_Valentine_Lo,enet,0.82421875,0.5094280242919922
Abner_Valentine_Lo,enet,0.83203125,0.5414689183235168
Abner_Valentine_Lo,enet,0.83984375,0.5710391998291016
Abner_Valentine_Lo,enet,0.84765625,0.5991710424423218
Abner_Valentine_Lo,enet,0.85546875,0.6283203363418579
Abner_Valentine_Lo,enet,0.86328125,0.6609463691711426
Abner_Valentine_Lo,enet,0.87109375,0.6984226703643799
Abner_Valentine_Lo,enet,0.87890625,0.7404468655586243
Abner_Valentine_Lo,enet,0.88671875,0.7855844497680664
Abner_Valentine_Lo,enet,0.89453125,0.8339736461639404
Abner_Valentine_Lo,enet,0.90234375,0.8881539702415466
Abner_Valentine_Lo,enet,0.91015625,0.9502995610237122
Abner_Valentine_Lo,enet,0.91796875,1.020579218864441
Abner_Valentine_Lo,enet,0.92578125,1.0947444438934326
Abner_Valentine_Lo,enet,0.93359375,1.1663388013839722
Abner_Valentine_Lo,enet,0.94140625,1.2301154136657715
Abner_Valentine_Lo,enet,0.94921875,1.2818466424942017
Abner_Valentine_Lo,enet,0.95703125,1.3139411211013794
Abner_Valentine_Lo,enet,0.96484375,1.328866958618164
Abner_Valentine_Lo,enet,0.97265625,1.3385282754898071
Abner_Valentine_Lo,enet,0.98046875,1.3400585651397705
Abner_Valentine_Lo,enet,0.98828125,1.3294181823730469
Abner_Valentine_Lo,enet,0.99609375,1.3183082342147827
Abner_Valentine_Lo,enet,1.0,1.2942206859588623
Andrew_Yingchen_Gu,ridge,0.0,4.2189741134643555
Andrew_Yingchen_Gu,ridge,0.00390625,4.219149589538574
Andrew_Yingchen_Gu,ridge,0.01171875,4.2196455001831055
Andrew_Yingchen_Gu,ridge,0.01953125,4.220418930053711
Andrew_Yingchen_Gu,ridge,0.02734375,4.221374034881592
Andrew_Yingchen_Gu,ridge,0.03515625,4.222414970397949
Andrew_Yingchen_Gu,ridge,0.04296875,4.223517894744873
Andrew_Yingchen_Gu,ridge,0.05078125,4.224726676940918
Andrew_Yingchen_Gu,ridge,0.05859375,4.2260284423828125
Andrew_Yingchen_Gu,ridge,0.06640625,4.227447509765625
Andrew_Yingchen_Gu,ridge,0.07421875,4.2290167808532715
Andrew_Yingchen_Gu,ridge,0.08203125,4.230731010437012
Andrew_Yingchen_Gu,ridge,0.08984375,4.232576370239258
Andrew_Yingchen_Gu,ridge,0.09765625,4.234582424163818
Andrew_Yingchen_Gu,ridge,0.10546875,4.23681640625
Andrew_Yingchen_Gu,ridge,0.11328125,4.23933219909668
Andrew_Yingchen_Gu,ridge,0.12109375,4.242134094238281
Andrew_Yingchen_Gu,ridge,0.12890625,4.245197772979736
Andrew_Yingchen_Gu,ridge,0.13671875,4.248522758483887
Andrew_Yingchen_Gu,ridge,0.14453125,4.252101898193359
Andrew_Yingchen_Gu,ridge,0.15234375,4.255871295928955
Andrew_Yingchen_Gu,ridge,0.16015625,4.259702205657959
Andrew_Yingchen_Gu,ridge,0.16796875,4.263466835021973
Andrew_Yingchen_Gu,ridge,0.17578125,4.267052173614502
Andrew_Yingchen_Gu,ridge,0.18359375,4.27034330368042
Andrew_Yingchen_Gu,ridge,0.19140625,4.273294448852539
Andrew_Yingchen_Gu,ridge,0.19921875,4.275839805603027
Andrew_Yingchen_Gu,ridge,0.20703125,4.277785301208496
Andrew_Yingchen_Gu,ridge,0.21484375,4.278853893280029
Andrew_Yingchen_Gu,ridge,0.22265625,4.278791427612305
Andrew_Yingchen_Gu,ridge,0.23046875,4.277460098266602
Andrew_Yingchen_Gu,ridge,0.23828125,4.274706840515137
Andrew_Yingchen_Gu,ridge,0.24609375,4.270376205444336
Andrew_Yingchen_Gu,ridge,0.25390625,4.264236927032471
Andrew_Yingchen_Gu,ridge,0.26171875,4.255976676940918
Andrew_Yingchen_Gu,ridge,0.26953125,4.245254039764404
Andrew_Yingchen_Gu,ridge,0.27734375,4.231665134429932
Andrew_Yingchen_Gu,ridge,0.28515625,4.214685916900635
Andrew_Yingchen_Gu,ridge,0.29296875,4.193641185760498
Andrew_Yingchen_Gu,ridge,0.30078125,4.167726039886475
Andrew_Yingchen_Gu,ridge,0.30859375,4.135946273803711
Andrew_Yingchen_Gu,ridge,0.31640625,4.097081184387207
Andrew_Yingchen_Gu,ridge,0.32421875,4.049640655517578
Andrew_Yingchen_Gu,ridge,0.33203125,3.9918665885925293
Andrew_Yingchen_Gu,ridge,0.33984375,3.921785593032837
Andrew_Yingchen_Gu,ridge,0.34765625,3.837383985519409
Andrew_Yingchen_Gu,ridge,0.35546875,3.7367162704467773
Andrew_Yingchen_Gu,ridge,0.36328125,3.61816143989563
Andrew_Yingchen_Gu,ridge,0.37109375,3.4810397624969482
Andrew_Yingchen_Gu,ridge,0.37890625,3.326279640197754
Andrew_Yingchen_Gu,ridge,0.38671875,3.156865119934082
Andrew_Yingchen_Gu,ridge,0.39453125,2.9777283668518066
Andrew_Yingchen_Gu,ridge,0.40234375,2.7948710918426514
Andrew_Yingchen_Gu,ridge,0.41015625,2.6141624450683594
Andrew_Yingchen_Gu,ridge,0.41796875,2.4400131702423096
Andrew_Yingchen_Gu,ridge,0.42578125,2.273987293243408
Andrew_Yingchen_Gu,ridge,0.43359375,2.113903522491455
Andrew_Yingchen_Gu,ridge,0.44140625,1.9547725915908813
Andrew_Yingchen_Gu,ridge,0.44921875,1.791864275932312
Andrew_Yingchen_Gu,ridge,0.45703125,1.6216850280761719
Andrew_Yingchen_Gu,ridge,0.46484375,1.4409584999084473
Andrew_Yingchen_Gu,ridge,0.47265625,1.2485053539276123
Andrew_Yingchen_Gu,ridge,0.48046875,1.0499926805496216
Andrew_Yingchen_Gu,ridge,0.48828125,0.857415497303009
Andrew_Yingchen_Gu,ridge,0.49609375,0.681959867477417
Andrew_Yingchen_Gu,ridge,0.50390625,0.5297044515609741
Andrew_Yingchen_Gu,ridge,0.51171875,0.40188807249069214
Andrew_Yingchen_Gu,ridge,0.51953125,0.29644227027893066
Andrew_Yingchen_Gu,ridge,0.52734375,0.20940959453582764
Andrew_Yingchen_Gu,ridge,0.53515625,0.13611897826194763
Andrew_Yingchen_Gu,ridge,0.54296875,0.0720253586769104
Andrew_Yingchen_Gu,ridge,0.55078125,0.01348009705543518
Andrew_Yingchen_Gu,ridge,0.55859375,-0.04158458113670349
Andrew_Yingchen_Gu,ridge,0.56640625,-0.09357321262359619
Andrew_Yingchen_Gu,ridge,0.57421875,-0.14191803336143494
Andrew_Yingchen_Gu,ridge,0.58203125,-0.18603819608688354
Andrew_Yingchen_Gu,ridge,0.58984375,-0.2257230579853058
Andrew_Yingchen_Gu,ridge,0.59765625,-0.26116856932640076
Andrew_Yingchen_Gu,ridge,0.60546875,-0.29311418533325195
Andrew_Yingchen_Gu,ridge,0.61328125,-0.3227466642856598
Andrew_Yingchen_Gu,ridge,0.62109375,-0.3513436019420624
Andrew_Yingchen_Gu,ridge,0.62890625,-0.37996846437454224
Andrew_Yingchen_Gu,ridge,0.63671875,-0.409305214881897
Andrew_Yingchen_Gu,ridge,0.64453125,-0.4396545886993408
Andrew_Yingchen_Gu,ridge,0.65234375,-0.47099876403808594
Andrew_Yingchen_Gu,ridge,0.66015625,-0.503149151802063
Andrew_Yingchen_Gu,ridge,0.66796875,-0.5358723402023315
Andrew_Yingchen_Gu,ridge,0.67578125,-0.5688934326171875
Andrew_Yingchen_Gu,ridge,0.68359375,-0.6019558906555176
Andrew_Yingchen_Gu,ridge,0.69140625,-0.6348584294319153
Andrew_Yingchen_Gu,ridge,0.69921875,-0.667412519454956
Andrew_Yingchen_Gu,ridge,0.70703125,-0.6994142532348633
Andrew_Yingchen_Gu,ridge,0.71484375,-0.7305712699890137
Andrew_Yingchen_Gu,ridge,0.72265625,-0.7604175806045532
Andrew_Yingchen_Gu,ridge,0.73046875,-0.7882832884788513
Andrew_Yingchen_Gu,ridge,0.73828125,-0.8134228587150574
Andrew_Yingchen_Gu,ridge,0.74609375,-0.835302472114563
Andrew_Yingchen_Gu,ridge,0.75390625,-0.8536760807037354
Andrew_Yingchen_Gu,ridge,0.76171875,-0.8683724999427795
Andrew_Yingchen_Gu,ridge,0.76953125,-0.8794159889221191
Andrew_Yingchen_Gu,ridge,0.77734375,-0.8871172070503235
Andrew_Yingchen_Gu,ridge,0.78515625,-0.8919126987457275
Andrew_Yingchen_Gu,ridge,0.79296875,-0.8943493366241455
Andrew_Yingchen_Gu,ridge,0.80078125,-0.8951946496963501
Andrew_Yingchen_Gu,ridge,0.80859375,-0.8953471183776855
Andrew_Yingchen_Gu,ridge,0.81640625,-0.8954609036445618
Andrew_Yingchen_Gu,ridge,0.82421875,-0.8955309391021729
Andrew_Yingchen_Gu,ridge,0.83203125,-0.8947871923446655
Andrew_Yingchen_Gu,ridge,0.83984375,-0.892326831817627
Andrew_Yingchen_Gu,ridge,0.84765625,-0.8880985379219055
Andrew_Yingchen_Gu,ridge,0.85546875,-0.8829993605613708
Andrew_Yingchen_Gu,ridge,0.86328125,-0.8781247735023499
Andrew_Yingchen_Gu,ridge,0.87109375,-0.8741718530654907
Andrew_Yingchen_Gu,ridge,0.87890625,-0.8716309070587158
Andrew_Yingchen_Gu,ridge,0.88671875,-0.8709433078765869
Andrew_Yingchen_Gu,ridge,0.89453125,-0.8717660903930664
Andrew_Yingchen_Gu,ridge,0.90234375,-0.8739058375358582
Andrew_Yingchen_Gu,ridge,0.91015625,-0.8782773017883301
Andrew_Yingchen_Gu,ridge,0.91796875,-0.887223482131958
Andrew_Yingchen_Gu,ridge,0.92578125,-0.9003840088844299
Andrew_Yingchen_Gu,ridge,0.93359375,-0.9166715145111084
Andrew_Yingchen_Gu,ridge,0.94140625,-0.9371335506439209
Andrew_Yingchen_Gu,ridge,0.94921875,-0.9568883180618286
Andrew_Yingchen_Gu,ridge,0.95703125,-0.972198486328125
Andrew_Yingchen_Gu,ridge,0.96484375,-0.9797897934913635
Andrew_Yingchen_Gu,ridge,0.97265625,-0.9919353723526001
Andrew_Yingchen_Gu,ridge,0.98046875,-1.0339454412460327
Andrew_Yingchen_Gu,ridge,0.98828125,-1.1243503093719482
Andrew_Yingchen_Gu,ridge,0.99609375,-1.1470551490783691
Andrew_Yingchen_Gu,ridge,1.0,-1.167954921722412
Andrew_Yingchen_Gu,enet,0.0,-0.49130117893218994
Andrew_Yingchen_Gu,enet,0.00390625,-0.4912274479866028
Andrew_Yingchen_Gu,enet,0.01171875,-0.4909340739250183
Andrew_Yingchen_Gu,enet,0.01953125,-0.4903523325920105
Andrew_Yingchen_Gu,enet,0.02734375,-0.48950597643852234
Andrew_Yingchen_Gu,enet,0.03515625,-0.48835545778274536
Andrew_Yingchen_Gu,enet,0.04296875,-0.4868236780166626
Andrew_Yingchen_Gu,enet,0.05078125,-0.48477450013160706
Andrew_Yingchen_Gu,enet,0.05859375,-0.482107937335968
Andrew_Yingchen_Gu,enet,0.06640625,-0.47873803973197937
Andrew_Yingchen_Gu,enet,0.07421875,-0.47460469603538513
Andrew_Yingchen_Gu,enet,0.08203125,-0.46962887048721313
Andrew_Yingchen_Gu,enet,0.08984375,-0.46375179290771484
Andrew_Yingchen_Gu,enet,0.09765625,-0.4568975567817688
Andrew_Yingchen_Gu,enet,0.10546875,-0.44892120361328125
Andrew_Yingchen_Gu,enet,0.11328125,-0.43966802954673767
Andrew_Yingchen_Gu,enet,0.12109375,-0.4290139079093933
Andrew_Yingchen_Gu,enet,0.12890625,-0.41681480407714844
Andrew_Yingchen_Gu,enet,0.13671875,-0.402919739484787
Andrew_Yingchen_Gu,enet,0.14453125,-0.3872247338294983
Andrew_Yingchen_Gu,enet,0.15234375,-0.3697950839996338
Andrew_Yingchen_Gu,enet,0.16015625,-0.3508211672306061
Andrew_Yingchen_Gu,enet,0.16796875,-0.33051562309265137
Andrew_Yingchen_Gu,enet,0.17578125,-0.3090924024581909
Andrew_Yingchen_Gu,enet,0.18359375,-0.28674978017807007
Andrew_Yingchen_Gu,enet,0.19140625,-0.26357027888298035
Andrew_Yingchen_Gu,enet,0.19921875,-0.23961636424064636
Andrew_Yingchen_Gu,enet,0.20703125,-0.2150675356388092
Andrew_Yingchen_Gu,enet,0.21484375,-0.19019576907157898
Andrew_Yingchen_Gu,enet,0.22265625,-0.16516661643981934
Andrew_Yingchen_Gu,enet,0.23046875,-0.1399371325969696
Andrew_Yingchen_Gu,enet,0.23828125,-0.1145980954170227
Andrew_Yingchen_Gu,enet,0.24609375,-0.08933830261230469
Andrew_Yingchen_Gu,enet,0.25390625,-0.06444832682609558
Andrew_Yingchen_Gu,enet,0.26171875,-0.04030147194862366
Andrew_Yingchen_Gu,enet,0.26953125,-0.01725199818611145
Andrew_Yingchen_Gu,enet,0.27734375,0.004315853118896484
Andrew_Yingchen_Gu,enet,0.28515625,0.023909419775009155
Andrew_Yingchen_Gu,enet,0.29296875,0.04093995690345764
Andrew_Yingchen_Gu,enet,0.30078125,0.05472424626350403
Andrew_Yingchen_Gu,enet,0.30859375,0.06446418166160583
Andrew_Yingchen_Gu,enet,0.31640625,0.0692082941532135
Andrew_Yingchen_Gu,enet,0.32421875,0.06775563955307007
Andrew_Yingchen_Gu,enet,0.33203125,0.05863180756568909
Andrew_Yingchen_Gu,enet,0.33984375,0.04012390971183777
Andrew_Yingchen_Gu,enet,0.34765625,0.010432600975036621
Andrew_Yingchen_Gu,enet,0.35546875,-0.032026469707489014
Andrew_Yingchen_Gu,enet,0.36328125,-0.08800318837165833
Andrew_Yingchen_Gu,enet,0.37109375,-0.15650546550750732
Andrew_Yingchen_Gu,enet,0.37890625,-0.23403804004192352
Andrew_Yingchen_Gu,enet,0.38671875,-0.31438231468200684
Andrew_Yingchen_Gu,enet,0.39453125,-0.38901692628860474
Andrew_Yingchen_Gu,enet,0.40234375,-0.4484330713748932
Andrew_Yingchen_Gu,enet,0.41015625,-0.4838903844356537
Andrew_Yingchen_Gu,enet,0.41796875,-0.4889848828315735
Andrew_Yingchen_Gu,enet,0.42578125,-0.46101224422454834
Andrew_Yingchen_Gu,enet,0.43359375,-0.40181291103363037
Andrew_Yingchen_Gu,enet,0.44140625,-0.31786516308784485
Andrew_Yingchen_Gu,enet,0.44921875,-0.21957984566688538
Andrew_Yingchen_Gu,enet,0.45703125,-0.12148617208003998
Andrew_Yingchen_Gu,enet,0.46484375,-0.042095862329006195
Andrew_Yingchen_Gu,enet,0.47265625,0.0024361982941627502
Andrew_Yingchen_Gu,enet,0.48046875,0.009834803640842438
Andrew_Yingchen_Gu,enet,0.48828125,-0.0069442614912986755
Andrew_Yingchen_Gu,enet,0.49609375,-0.03197932243347168
Andrew_Yingchen_Gu,enet,0.50390625,-0.055294282734394073
Andrew_Yingchen_Gu,enet,0.51171875,-0.07357634603977203
Andrew_Yingchen_Gu,enet,0.51953125,-0.08745372295379639
Andrew_Yingchen_Gu,enet,0.52734375,-0.09888938069343567
Andrew_Yingchen_Gu,enet,0.53515625,-0.10980351269245148
Andrew_Yingchen_Gu,enet,0.54296875,-0.12188750505447388
Andrew_Yingchen_Gu,enet,0.55078125,-0.13675859570503235
Andrew_Yingchen_Gu,enet,0.55859375,-0.15558551251888275
Andrew_Yingchen_Gu,enet,0.56640625,-0.17858554422855377
Andrew_Yingchen_Gu,enet,0.57421875,-0.20495279133319855
Andrew_Yingchen_Gu,enet,0.58203125,-0.23303276300430298
Andrew_Yingchen_Gu,enet,0.58984375,-0.26068180799484253
Andrew_Yingchen_Gu,enet,0.59765625,-0.2861263155937195
Andrew_Yingchen_Gu,enet,0.60546875,-0.30873438715934753
Andrew_Yingchen_Gu,enet,0.61328125,-0.32893893122673035
Andrew_Yingchen_Gu,enet,0.62109375,-0.34759700298309326
Andrew_Yingchen_Gu,enet,0.62890625,-0.3654560446739197
Andrew_Yingchen_Gu,enet,0.63671875,-0.38299059867858887
Andrew_Yingchen_Gu,enet,0.64453125,-0.4003979563713074
Andrew_Yingchen_Gu,enet,0.65234375,-0.4176080524921417
Andrew_Yingchen_Gu,enet,0.66015625,-0.43438923358917236
Andrew_Yingchen_Gu,enet,0.66796875,-0.4504956603050232
Andrew_Yingchen_Gu,enet,0.67578125,-0.46571850776672363
Andrew_Yingchen_Gu,enet,0.68359375,-0.47997015714645386
Andrew_Yingchen_Gu,enet,0.69140625,-0.49331429600715637
Andrew_Yingchen_Gu,enet,0.69921875,-0.5058998465538025
Andrew_Yingchen_Gu,enet,0.70703125,-0.5179092288017273
Andrew_Yingchen_Gu,enet,0.71484375,-0.5294994115829468
Andrew_Yingchen_Gu,enet,0.72265625,-0.5406734943389893
Andrew_Yingchen_Gu,enet,0.73046875,-0.5511780381202698
Andrew_Yingchen_Gu,enet,0.73828125,-0.5605620741844177
Andrew_Yingchen_Gu,enet,0.74609375,-0.5685258507728577
Andrew_Yingchen_Gu,enet,0.75390625,-0.5749884247779846
Andrew_Yingchen_Gu,enet,0.76171875,-0.5795880556106567
Andrew_Yingchen_Gu,enet,0.76953125,-0.5819656848907471
Andrew_Yingchen_Gu,enet,0.77734375,-0.5822954773902893
Andrew_Yingchen_Gu,enet,0.78515625,-0.5810094475746155
Andrew_Yingchen_Gu,enet,0.79296875,-0.578427255153656
Andrew_Yingchen_Gu,enet,0.80078125,-0.5747597217559814
Andrew_Yingchen_Gu,enet,0.80859375,-0.5702449083328247
Andrew_Yingchen_Gu,enet,0.81640625,-0.5651306509971619
Andrew_Yingchen_Gu,enet,0.82421875,-0.5595473647117615
Andrew_Yingchen_Gu,enet,0.83203125,-0.5534522533416748
Andrew_Yingchen_Gu,enet,0.83984375,-0.5468543767929077
Andrew_Yingchen_Gu,enet,0.84765625,-0.5399715900421143
Andrew_Yingchen_Gu,enet,0.85546875,-0.5331460237503052
Andrew_Yingchen_Gu,enet,0.86328125,-0.5265609622001648
Andrew_Yingchen_Gu,enet,0.87109375,-0.5200663805007935
Andrew_Yingchen_Gu,enet,0.87890625,-0.5138947367668152
Andrew_Yingchen_Gu,enet,0.88671875,-0.5088428854942322
Andrew_Yingchen_Gu,enet,0.89453125,-0.5049755573272705
Andrew_Yingchen_Gu,enet,0.90234375,-0.5037025809288025
Andrew_Yingchen_Gu,enet,0.91015625,-0.5084742307662964
Andrew_Yingchen_Gu,enet,0.91796875,-0.519896388053894
Andrew_Yingchen_Gu,enet,0.92578125,-0.5321310758590698
Andrew_Yingchen_Gu,enet,0.93359375,-0.5407549142837524
Andrew_Yingchen_Gu,enet,0.94140625,-0.5481842756271362
Andrew_Yingchen_Gu,enet,0.94921875,-0.5609895586967468
Andrew_Yingchen_Gu,enet,0.95703125,-0.5748617053031921
Andrew_Yingchen_Gu,enet,0.96484375,-0.5821195244789124
Andrew_Yingchen_Gu,enet,0.97265625,-0.601091206073761
Andrew_Yingchen_Gu,enet,0.98046875,-0.6340289115905762
Andrew_Yingchen_Gu,enet,0.98828125,-0.7048719525337219
Andrew_Yingchen_Gu,enet,0.99609375,-0.7998255491256714
Andrew_Yingchen_Gu,enet,1.0,-0.8395408391952515
Asher_Kibble_Ibria,ridge,0.0,5.264781475067139
Asher_Kibble_Ibria,ridge,0.00390625,5.264096260070801
Asher_Kibble_Ibria,ridge,0.01171875,5.262825965881348
Asher_Kibble_Ibria,ridge,0.01953125,5.261590957641602
Asher_Kibble_Ibria,ridge,0.02734375,5.2603440284729
Asher_Kibble_Ibria,ridge,0.03515625,5.259125709533691
Asher_Kibble_Ibria,ridge,0.04296875,5.257904052734375
Asher_Kibble_Ibria,ridge,0.05078125,5.256618499755859
Asher_Kibble_Ibria,ridge,0.05859375,5.255178451538086
Asher_Kibble_Ibria,ridge,0.06640625,5.253466606140137
Asher_Kibble_Ibria,ridge,0.07421875,5.251486301422119
Asher_Kibble_Ibria,ridge,0.08203125,5.249321460723877
Asher_Kibble_Ibria,ridge,0.08984375,5.247012138366699
Asher_Kibble_Ibria,ridge,0.09765625,5.244580268859863
Asher_Kibble_Ibria,ridge,0.10546875,5.241981506347656
Asher_Kibble_Ibria,ridge,0.11328125,5.239142417907715
Asher_Kibble_Ibria,ridge,0.12109375,5.236080169677734
Asher_Kibble_Ibria,ridge,0.12890625,5.232812881469727
Asher_Kibble_Ibria,ridge,0.13671875,5.229364395141602
Asher_Kibble_Ibria,ridge,0.14453125,5.2256388664245605
Asher_Kibble_Ibria,ridge,0.15234375,5.221388339996338
Asher_Kibble_Ibria,ridge,0.16015625,5.216421127319336
Asher_Kibble_Ibria,ridge,0.16796875,5.210626125335693
Asher_Kibble_Ibria,ridge,0.17578125,5.2037835121154785
Asher_Kibble_Ibria,ridge,0.18359375,5.195722579956055
Asher_Kibble_Ibria,ridge,0.19140625,5.186359405517578
Asher_Kibble_Ibria,ridge,0.19921875,5.175602912902832
Asher_Kibble_Ibria,ridge,0.20703125,5.163291931152344
Asher_Kibble_Ibria,ridge,0.21484375,5.1492719650268555
Asher_Kibble_Ibria,ridge,0.22265625,5.1334147453308105
Asher_Kibble_Ibria,ridge,0.23046875,5.115572452545166
Asher_Kibble_Ibria,ridge,0.23828125,5.0954694747924805
Asher_Kibble_Ibria,ridge,0.24609375,5.0726776123046875
Asher_Kibble_Ibria,ridge,0.25390625,5.046618938446045
Asher_Kibble_Ibria,ridge,0.26171875,5.016679763793945
Asher_Kibble_Ibria,ridge,0.26953125,4.982340335845947
Asher_Kibble_Ibria,ridge,0.27734375,4.943141460418701
Asher_Kibble_Ibria,ridge,0.28515625,4.898716926574707
Asher_Kibble_Ibria,ridge,0.29296875,4.848822593688965
Asher_Kibble_Ibria,ridge,0.30078125,4.793336391448975
Asher_Kibble_Ibria,ridge,0.30859375,4.732274055480957
Asher_Kibble_Ibria,ridge,0.31640625,4.665829658508301
Asher_Kibble_Ibria,ridge,0.32421875,4.594405174255371
Asher_Kibble_Ibria,ridge,0.33203125,4.518738746643066
Asher_Kibble_Ibria,ridge,0.33984375,4.440031051635742
Asher_Kibble_Ibria,ridge,0.34765625,4.359953880310059
Asher_Kibble_Ibria,ridge,0.35546875,4.280399322509766
Asher_Kibble_Ibria,ridge,0.36328125,4.2030439376831055
Asher_Kibble_Ibria,ridge,0.37109375,4.128809928894043
Asher_Kibble_Ibria,ridge,0.37890625,4.05745267868042
Asher_Kibble_Ibria,ridge,0.38671875,3.9873034954071045
Asher_Kibble_Ibria,ridge,0.39453125,3.915391445159912
Asher_Kibble_Ibria,ridge,0.40234375,3.8380355834960938
Asher_Kibble_Ibria,ridge,0.41015625,3.7516613006591797
Asher_Kibble_Ibria,ridge,0.41796875,3.653594493865967
Asher_Kibble_Ibria,ridge,0.42578125,3.5426318645477295
Asher_Kibble_Ibria,ridge,0.43359375,3.4192397594451904
Asher_Kibble_Ibria,ridge,0.44140625,3.2854785919189453
Asher_Kibble_Ibria,ridge,0.44921875,3.144641399383545
Asher_Kibble_Ibria,ridge,0.45703125,3.0006155967712402
Asher_Kibble_Ibria,ridge,0.46484375,2.8569862842559814
Asher_Kibble_Ibria,ridge,0.47265625,2.7161521911621094
Asher_Kibble_Ibria,ridge,0.48046875,2.5790576934814453
Asher_Kibble_Ibria,ridge,0.48828125,2.4456305503845215
Asher_Kibble_Ibria,ridge,0.49609375,2.3156089782714844
Asher_Kibble_Ibria,ridge,0.50390625,2.189274311065674
Asher_Kibble_Ibria,ridge,0.51171875,2.0677847862243652
Asher_Kibble_Ibria,ridge,0.51953125,1.9529390335083008
Asher_Kibble_Ibria,ridge,0.52734375,1.846647024154663
Asher_Kibble_Ibria,ridge,0.53515625,1.7504079341888428
Asher_Kibble_Ibria,ridge,0.54296875,1.6650135517120361
Asher_Kibble_Ibria,ridge,0.55078125,1.5904821157455444
Asher_Kibble_Ibria,ridge,0.55859375,1.5262718200683594
Asher_Kibble_Ibria,ridge,0.56640625,1.4716815948486328
Asher_Kibble_Ibria,ridge,0.57421875,1.4260762929916382
Asher_Kibble_Ibria,ridge,0.58203125,1.388741374015808
Asher_Kibble_Ibria,ridge,0.58984375,1.3586714267730713
Asher_Kibble_Ibria,ridge,0.59765625,1.3346096277236938
Asher_Kibble_Ibria,ridge,0.60546875,1.3152289390563965
Asher_Kibble_Ibria,ridge,0.61328125,1.2992773056030273
Asher_Kibble_Ibria,ridge,0.62109375,1.2856457233428955
Asher_Kibble_Ibria,ridge,0.62890625,1.2733755111694336
Asher_Kibble_Ibria,ridge,0.63671875,1.2615694999694824
Asher_Kibble_Ibria,ridge,0.64453125,1.2492539882659912
Asher_Kibble_Ibria,ridge,0.65234375,1.2357197999954224
Asher_Kibble_Ibria,ridge,0.66015625,1.2216193675994873
Asher_Kibble_Ibria,ridge,0.66796875,1.2089543342590332
Asher_Kibble_Ibria,ridge,0.67578125,1.199496865272522
Asher_Kibble_Ibria,ridge,0.68359375,1.1941277980804443
Asher_Kibble_Ibria,ridge,0.69140625,1.1931644678115845
Asher_Kibble_Ibria,ridge,0.69921875,1.1965467929840088
Asher_Kibble_Ibria,ridge,0.70703125,1.2037919759750366
Asher_Kibble_Ibria,ridge,0.71484375,1.2141045331954956
Asher_Kibble_Ibria,ridge,0.72265625,1.226630449295044
Asher_Kibble_Ibria,ridge,0.73046875,1.2406253814697266
Asher_Kibble_Ibria,ridge,0.73828125,1.2554980516433716
Asher_Kibble_Ibria,ridge,0.74609375,1.270803689956665
Asher_Kibble_Ibria,ridge,0.75390625,1.2861862182617188
Asher_Kibble_Ibria,ridge,0.76171875,1.3013746738433838
Asher_Kibble_Ibria,ridge,0.76953125,1.316299319267273
Asher_Kibble_Ibria,ridge,0.77734375,1.3310835361480713
Asher_Kibble_Ibria,ridge,0.78515625,1.345693826675415
Asher_Kibble_Ibria,ridge,0.79296875,1.3610308170318604
Asher_Kibble_Ibria,ridge,0.80078125,1.3780986070632935
Asher_Kibble_Ibria,ridge,0.80859375,1.3972818851470947
Asher_Kibble_Ibria,ridge,0.81640625,1.4184834957122803
Asher_Kibble_Ibria,ridge,0.82421875,1.4412802457809448
Asher_Kibble_Ibria,ridge,0.83203125,1.4649755954742432
Asher_Kibble_Ibria,ridge,0.83984375,1.4888311624526978
Asher_Kibble_Ibria,ridge,0.84765625,1.5125539302825928
Asher_Kibble_Ibria,ridge,0.85546875,1.5355782508850098
Asher_Kibble_Ibria,ridge,0.86328125,1.5579248666763306
Asher_Kibble_Ibria,ridge,0.87109375,1.5800411701202393
Asher_Kibble_Ibria,ridge,0.87890625,1.6026586294174194
Asher_Kibble_Ibria,ridge,0.88671875,1.626547932624817
Asher_Kibble_Ibria,ridge,0.89453125,1.6513686180114746
Asher_Kibble_Ibria,ridge,0.90234375,1.6766477823257446
Asher_Kibble_Ibria,ridge,0.91015625,1.7018804550170898
Asher_Kibble_Ibria,ridge,0.91796875,1.7268383502960205
Asher_Kibble_Ibria,ridge,0.92578125,1.7513225078582764
Asher_Kibble_Ibria,ridge,0.93359375,1.7725162506103516
Asher_Kibble_Ibria,ridge,0.94140625,1.7906279563903809
Asher_Kibble_Ibria,ridge,0.94921875,1.8060081005096436
Asher_Kibble_Ibria,ridge,0.95703125,1.8163312673568726
Asher_Kibble_Ibria,ridge,0.96484375,1.821898102760315
Asher_Kibble_Ibria,ridge,0.97265625,1.816224217414856
Asher_Kibble_Ibria,ridge,0.98046875,1.7958929538726807
Asher_Kibble_Ibria,ridge,0.98828125,1.7691153287887573
Asher_Kibble_Ibria,ridge,0.99609375,1.7486475706100464
Asher_Kibble_Ibria,ridge,1.0,1.7414036989212036
Asher_Kibble_Ibria,enet,0.0,0.8554614782333374
Asher_Kibble_Ibria,enet,0.00390625,0.8544012308120728
Asher_Kibble_Ibria,enet,0.01171875,0.8523129224777222
Asher_Kibble_Ibria,enet,0.01953125,0.8502930998802185
Asher_Kibble_Ibria,enet,0.02734375,0.8484424352645874
Asher_Kibble_Ibria,enet,0.03515625,0.8469504117965698
Asher_Kibble_Ibria,enet,0.04296875,0.8458802700042725
Asher_Kibble_Ibria,enet,0.05078125,0.8451805114746094
Asher_Kibble_Ibria,enet,0.05859375,0.8448584675788879
Asher_Kibble_Ibria,enet,0.06640625,0.845009446144104
Asher_Kibble_Ibria,enet,0.07421875,0.8458602428436279
Asher_Kibble_Ibria,enet,0.08203125,0.8476636409759521
Asher_Kibble_Ibria,enet,0.08984375,0.850616455078125
Asher_Kibble_Ibria,enet,0.09765625,0.8548067808151245
Asher_Kibble_Ibria,enet,0.10546875,0.8602597713470459
Asher_Kibble_Ibria,enet,0.11328125,0.8670780062675476
Asher_Kibble_Ibria,enet,0.12109375,0.8753849864006042
Asher_Kibble_Ibria,enet,0.12890625,0.8852815628051758
Asher_Kibble_Ibria,enet,0.13671875,0.8969175219535828
Asher_Kibble_Ibria,enet,0.14453125,0.9103655815124512
Asher_Kibble_Ibria,enet,0.15234375,0.9256000518798828
Asher_Kibble_Ibria,enet,0.16015625,0.9425463080406189
Asher_Kibble_Ibria,enet,0.16796875,0.9610927700996399
Asher_Kibble_Ibria,enet,0.17578125,0.9810413122177124
Asher_Kibble_Ibria,enet,0.18359375,1.0021885633468628
Asher_Kibble_Ibria,enet,0.19140625,1.024509072303772
Asher_Kibble_Ibria,enet,0.19921875,1.0480071306228638
Asher_Kibble_Ibria,enet,0.20703125,1.072641134262085
Asher_Kibble_Ibria,enet,0.21484375,1.0984268188476562
Asher_Kibble_Ibria,enet,0.22265625,1.1254222393035889
Asher_Kibble_Ibria,enet,0.23046875,1.1536492109298706
Asher_Kibble_Ibria,enet,0.23828125,1.182891845703125
Asher_Kibble_Ibria,enet,0.24609375,1.2126202583312988
Asher_Kibble_Ibria,enet,0.25390625,1.2420308589935303
Asher_Kibble_Ibria,enet,0.26171875,1.270174503326416
Asher_Kibble_Ibria,enet,0.26953125,1.296177864074707
Asher_Kibble_Ibria,enet,0.27734375,1.3191895484924316
Asher_Kibble_Ibria,enet,0.28515625,1.3383402824401855
Asher_Kibble_Ibria,enet,0.29296875,1.3527500629425049
Asher_Kibble_Ibria,enet,0.30078125,1.3616154193878174
Asher_Kibble_Ibria,enet,0.30859375,1.3642985820770264
Asher_Kibble_Ibria,enet,0.31640625,1.360611081123352
Asher_Kibble_Ibria,enet,0.32421875,1.3509138822555542
Asher_Kibble_Ibria,enet,0.33203125,1.3361217975616455
Asher_Kibble_Ibria,enet,0.33984375,1.3178696632385254
Asher_Kibble_Ibria,enet,0.34765625,1.2985115051269531
Asher_Kibble_Ibria,enet,0.35546875,1.2809507846832275
Asher_Kibble_Ibria,enet,0.36328125,1.268305778503418
Asher_Kibble_Ibria,enet,0.37109375,1.2634434700012207
Asher_Kibble_Ibria,enet,0.37890625,1.2685401439666748
Asher_Kibble_Ibria,enet,0.38671875,1.2846707105636597
Asher_Kibble_Ibria,enet,0.39453125,1.3114421367645264
Asher_Kibble_Ibria,enet,0.40234375,1.3470680713653564
Asher_Kibble_Ibria,enet,0.41015625,1.3888059854507446
Asher_Kibble_Ibria,enet,0.41796875,1.4334555864334106
Asher_Kibble_Ibria,enet,0.42578125,1.4777647256851196
Asher_Kibble_Ibria,enet,0.43359375,1.518795371055603
Asher_Kibble_Ibria,enet,0.44140625,1.554447889328003
Asher_Kibble_Ibria,enet,0.44921875,1.583820104598999
Asher_Kibble_Ibria,enet,0.45703125,1.6068763732910156
Asher_Kibble_Ibria,enet,0.46484375,1.6235318183898926
Asher_Kibble_Ibria,enet,0.47265625,1.6329853534698486
Asher_Kibble_Ibria,enet,0.48046875,1.6339884996414185
Asher_Kibble_Ibria,enet,0.48828125,1.6258156299591064
Asher_Kibble_Ibria,enet,0.49609375,1.6087054014205933
Asher_Kibble_Ibria,enet,0.50390625,1.5834572315216064
Asher_Kibble_Ibria,enet,0.51171875,1.5509220361709595
Asher_Kibble_Ibria,enet,0.51953125,1.5117322206497192
Asher_Kibble_Ibria,enet,0.52734375,1.4663923978805542
Asher_Kibble_Ibria,enet,0.53515625,1.4155528545379639
Asher_Kibble_Ibria,enet,0.54296875,1.3602163791656494
Asher_Kibble_Ibria,enet,0.55078125,1.301576018333435
Asher_Kibble_Ibria,enet,0.55859375,1.2408936023712158
Asher_Kibble_Ibria,enet,0.56640625,1.1795240640640259
Asher_Kibble_Ibria,enet,0.57421875,1.1188114881515503
Asher_Kibble_Ibria,enet,0.58203125,1.0598101615905762
Asher_Kibble_Ibria,enet,0.58984375,1.0031267404556274
Asher_Kibble_Ibria,enet,0.59765625,0.9490410089492798
Asher_Kibble_Ibria,enet,0.60546875,0.8977404832839966
Asher_Kibble_Ibria,enet,0.61328125,0.8494441509246826
Asher_Kibble_Ibria,enet,0.62109375,0.8042981624603271
Asher_Kibble_Ibria,enet,0.62890625,0.7621363401412964
Asher_Kibble_Ibria,enet,0.63671875,0.7223089337348938
Asher_Kibble_Ibria,enet,0.64453125,0.6837433576583862
Asher_Kibble_Ibria,enet,0.65234375,0.6454950571060181
Asher_Kibble_Ibria,enet,0.66015625,0.6079822778701782
Asher_Kibble_Ibria,enet,0.66796875,0.5736199021339417
Asher_Kibble_Ibria,enet,0.67578125,0.5450633764266968
Asher_Kibble_Ibria,enet,0.68359375,0.523749589920044
Asher_Kibble_Ibria,enet,0.69140625,0.5099313259124756
Asher_Kibble_Ibria,enet,0.69921875,0.5030344724655151
Asher_Kibble_Ibria,enet,0.70703125,0.5019806623458862
Asher_Kibble_Ibria,enet,0.71484375,0.5055632591247559
Asher_Kibble_Ibria,enet,0.72265625,0.5127329230308533
Asher_Kibble_Ibria,enet,0.73046875,0.5226994752883911
Asher_Kibble_Ibria,enet,0.73828125,0.5349383354187012
Asher_Kibble_Ibria,enet,0.74609375,0.5491961240768433
Asher_Kibble_Ibria,enet,0.75390625,0.5653625726699829
Asher_Kibble_Ibria,enet,0.76171875,0.5831941962242126
Asher_Kibble_Ibria,enet,0.76953125,0.6021247506141663
Asher_Kibble_Ibria,enet,0.77734375,0.6212642192840576
Asher_Kibble_Ibria,enet,0.78515625,0.6392399072647095
Asher_Kibble_Ibria,enet,0.79296875,0.6562979221343994
Asher_Kibble_Ibria,enet,0.80078125,0.6737179756164551
Asher_Kibble_Ibria,enet,0.80859375,0.6922168135643005
Asher_Kibble_Ibria,enet,0.81640625,0.7117623686790466
Asher_Kibble_Ibria,enet,0.82421875,0.7318751215934753
Asher_Kibble_Ibria,enet,0.83203125,0.7517538666725159
Asher_Kibble_Ibria,enet,0.83984375,0.7707316279411316
Asher_Kibble_Ibria,enet,0.84765625,0.7890369296073914
Asher_Kibble_Ibria,enet,0.85546875,0.8065384030342102
Asher_Kibble_Ibria,enet,0.86328125,0.8232451677322388
Asher_Kibble_Ibria,enet,0.87109375,0.8389790058135986
Asher_Kibble_Ibria,enet,0.87890625,0.8545197248458862
Asher_Kibble_Ibria,enet,0.88671875,0.8718696236610413
Asher_Kibble_Ibria,enet,0.89453125,0.891353964805603
Asher_Kibble_Ibria,enet,0.90234375,0.9131081104278564
Asher_Kibble_Ibria,enet,0.91015625,0.9371803998947144
Asher_Kibble_Ibria,enet,0.91796875,0.9627871513366699
Asher_Kibble_Ibria,enet,0.92578125,0.9889661073684692
Asher_Kibble_Ibria,enet,0.93359375,1.011838674545288
Asher_Kibble_Ibria,enet,0.94140625,1.03074049949646
Asher_Kibble_Ibria,enet,0.94921875,1.0448405742645264
Asher_Kibble_Ibria,enet,0.95703125,1.0526885986328125
Asher_Kibble_Ibria,enet,0.96484375,1.0550816059112549
Asher_Kibble_Ibria,enet,0.97265625,1.0471278429031372
Asher_Kibble_Ibria,enet,0.98046875,1.0328134298324585
Asher_Kibble_Ibria,enet,0.98828125,1.0197559595108032
Asher_Kibble_Ibria,enet,0.99609375,1.0071766376495361
Asher_Kibble_Ibria,enet,1.0,0.9983395934104919
Azad_Pars_Salaam,ridge,0.0,5.28837776184082
Azad_Pars_Salaam,ridge,0.00390625,5.288883686065674
Azad_Pars_Salaam,ridge,0.01171875,5.289854049682617
Azad_Pars_Salaam,ridge,0.01953125,5.290729522705078
Azad_Pars_Salaam,ridge,0.02734375,5.29142951965332
Azad_Pars_Salaam,ridge,0.03515625,5.291855812072754
Azad_Pars_Salaam,ridge,0.04296875,5.292123794555664
Azad_Pars_Salaam,ridge,0.05078125,5.2923479080200195
Azad_Pars_Salaam,ridge,0.05859375,5.292529106140137
Azad_Pars_Salaam,ridge,0.06640625,5.292542457580566
Azad_Pars_Salaam,ridge,0.07421875,5.292189598083496
Azad_Pars_Salaam,ridge,0.08203125,5.291502952575684
Azad_Pars_Salaam,ridge,0.08984375,5.2907938957214355
Azad_Pars_Salaam,ridge,0.09765625,5.290303707122803
Azad_Pars_Salaam,ridge,0.10546875,5.2900800704956055
Azad_Pars_Salaam,ridge,0.11328125,5.290114402770996
Azad_Pars_Salaam,ridge,0.12109375,5.290354251861572
Azad_Pars_Salaam,ridge,0.12890625,5.29060697555542
Azad_Pars_Salaam,ridge,0.13671875,5.29079008102417
Azad_Pars_Salaam,ridge,0.14453125,5.29106330871582
Azad_Pars_Salaam,ridge,0.15234375,5.2916259765625
Azad_Pars_Salaam,ridge,0.16015625,5.292524814605713
Azad_Pars_Salaam,ridge,0.16796875,5.293694019317627
Azad_Pars_Salaam,ridge,0.17578125,5.294666767120361
Azad_Pars_Salaam,ridge,0.18359375,5.294703960418701
Azad_Pars_Salaam,ridge,0.19140625,5.29296875
Azad_Pars_Salaam,ridge,0.19921875,5.288644790649414
Azad_Pars_Salaam,ridge,0.20703125,5.281166076660156
Azad_Pars_Salaam,ridge,0.21484375,5.270337104797363
Azad_Pars_Salaam,ridge,0.22265625,5.2555999755859375
Azad_Pars_Salaam,ridge,0.23046875,5.236042022705078
Azad_Pars_Salaam,ridge,0.23828125,5.211073875427246
Azad_Pars_Salaam,ridge,0.24609375,5.180216312408447
Azad_Pars_Salaam,ridge,0.25390625,5.1426472663879395
Azad_Pars_Salaam,ridge,0.26171875,5.097548484802246
Azad_Pars_Salaam,ridge,0.26953125,5.044504165649414
Azad_Pars_Salaam,ridge,0.27734375,4.983901500701904
Azad_Pars_Salaam,ridge,0.28515625,4.916952610015869
Azad_Pars_Salaam,ridge,0.29296875,4.844857692718506
Azad_Pars_Salaam,ridge,0.30078125,4.768635272979736
Azad_Pars_Salaam,ridge,0.30859375,4.6894426345825195
Azad_Pars_Salaam,ridge,0.31640625,4.6081719398498535
Azad_Pars_Salaam,ridge,0.32421875,4.524985313415527
Azad_Pars_Salaam,ridge,0.33203125,4.439213752746582
Azad_Pars_Salaam,ridge,0.33984375,4.349340438842773
Azad_Pars_Salaam,ridge,0.34765625,4.253118515014648
Azad_Pars_Salaam,ridge,0.35546875,4.148350715637207
Azad_Pars_Salaam,ridge,0.36328125,4.033419609069824
Azad_Pars_Salaam,ridge,0.37109375,3.9076759815216064
Azad_Pars_Salaam,ridge,0.37890625,3.7717504501342773
Azad_Pars_Salaam,ridge,0.38671875,3.6272153854370117
Azad_Pars_Salaam,ridge,0.39453125,3.475921869277954
Azad_Pars_Salaam,ridge,0.40234375,3.3199238777160645
Azad_Pars_Salaam,ridge,0.41015625,3.161667823791504
Azad_Pars_Salaam,ridge,0.41796875,3.0038251876831055
Azad_Pars_Salaam,ridge,0.42578125,2.8489267826080322
Azad_Pars_Salaam,ridge,0.43359375,2.6990349292755127
Azad_Pars_Salaam,ridge,0.44140625,2.555196762084961
Azad_Pars_Salaam,ridge,0.44921875,2.417262554168701
Azad_Pars_Salaam,ridge,0.45703125,2.284273624420166
Azad_Pars_Salaam,ridge,0.46484375,2.155277729034424
Azad_Pars_Salaam,ridge,0.47265625,2.0299878120422363
Azad_Pars_Salaam,ridge,0.48046875,1.9087804555892944
Azad_Pars_Salaam,ridge,0.48828125,1.7923924922943115
Azad_Pars_Salaam,ridge,0.49609375,1.6815338134765625
Azad_Pars_Salaam,ridge,0.50390625,1.5767745971679688
Azad_Pars_Salaam,ridge,0.51171875,1.4787092208862305
Azad_Pars_Salaam,ridge,0.51953125,1.387826919555664
Azad_Pars_Salaam,ridge,0.52734375,1.3042486906051636
Azad_Pars_Salaam,ridge,0.53515625,1.22750985622406
Azad_Pars_Salaam,ridge,0.54296875,1.1566702127456665
Azad_Pars_Salaam,ridge,0.55078125,1.0905416011810303
Azad_Pars_Salaam,ridge,0.55859375,1.0277893543243408
Azad_Pars_Salaam,ridge,0.56640625,0.967227041721344
Azad_Pars_Salaam,ridge,0.57421875,0.9080449342727661
Azad_Pars_Salaam,ridge,0.58203125,0.8497836589813232
Azad_Pars_Salaam,ridge,0.58984375,0.7921539545059204
Azad_Pars_Salaam,ridge,0.59765625,0.7350873947143555
Azad_Pars_Salaam,ridge,0.60546875,0.6788246631622314
Azad_Pars_Salaam,ridge,0.61328125,0.6237136721611023
Azad_Pars_Salaam,ridge,0.62109375,0.5700610876083374
Azad_Pars_Salaam,ridge,0.62890625,0.5182458162307739
Azad_Pars_Salaam,ridge,0.63671875,0.4686903953552246
Azad_Pars_Salaam,ridge,0.64453125,0.42170700430870056
Azad_Pars_Salaam,ridge,0.65234375,0.3775358498096466
Azad_Pars_Salaam,ridge,0.66015625,0.33625924587249756
Azad_Pars_Salaam,ridge,0.66796875,0.2977629601955414
Azad_Pars_Salaam,ridge,0.67578125,0.2620375454425812
Azad_Pars_Salaam,ridge,0.68359375,0.2291189432144165
Azad_Pars_Salaam,ridge,0.69140625,0.19882842898368835
Azad_Pars_Salaam,ridge,0.69921875,0.1710146963596344
Azad_Pars_Salaam,ridge,0.70703125,0.14549914002418518
Azad_Pars_Salaam,ridge,0.71484375,0.12228913605213165
Azad_Pars_Salaam,ridge,0.72265625,0.10151851177215576
Azad_Pars_Salaam,ridge,0.73046875,0.08331546187400818
Azad_Pars_Salaam,ridge,0.73828125,0.06742183864116669
Azad_Pars_Salaam,ridge,0.74609375,0.05346648395061493
Azad_Pars_Salaam,ridge,0.75390625,0.04119478538632393
Azad_Pars_Salaam,ridge,0.76171875,0.03029796853661537
Azad_Pars_Salaam,ridge,0.76953125,0.02024408057332039
Azad_Pars_Salaam,ridge,0.77734375,0.010492861270904541
Azad_Pars_Salaam,ridge,0.78515625,0.0006251856684684753
Azad_Pars_Salaam,ridge,0.79296875,-0.009729370474815369
Azad_Pars_Salaam,ridge,0.80078125,-0.020518925040960312
Azad_Pars_Salaam,ridge,0.80859375,-0.030896611511707306
Azad_Pars_Salaam,ridge,0.81640625,-0.04010704904794693
Azad_Pars_Salaam,ridge,0.82421875,-0.04836838319897652
Azad_Pars_Salaam,ridge,0.83203125,-0.05664435029029846
Azad_Pars_Salaam,ridge,0.83984375,-0.06633120030164719
Azad_Pars_Salaam,ridge,0.84765625,-0.07832599431276321
Azad_Pars_Salaam,ridge,0.85546875,-0.09152614325284958
Azad_Pars_Salaam,ridge,0.86328125,-0.10403473675251007
Azad_Pars_Salaam,ridge,0.87109375,-0.11561784148216248
Azad_Pars_Salaam,ridge,0.87890625,-0.12422618269920349
Azad_Pars_Salaam,ridge,0.88671875,-0.12930697202682495
Azad_Pars_Salaam,ridge,0.89453125,-0.13180533051490784
Azad_Pars_Salaam,ridge,0.90234375,-0.13347306847572327
Azad_Pars_Salaam,ridge,0.91015625,-0.1352085918188095
Azad_Pars_Salaam,ridge,0.91796875,-0.13468576967716217
Azad_Pars_Salaam,ridge,0.92578125,-0.13034263253211975
Azad_Pars_Salaam,ridge,0.93359375,-0.1229715570807457
Azad_Pars_Salaam,ridge,0.94140625,-0.11383383721113205
Azad_Pars_Salaam,ridge,0.94921875,-0.10368750989437103
Azad_Pars_Salaam,ridge,0.95703125,-0.09012236446142197
Azad_Pars_Salaam,ridge,0.96484375,-0.07236100733280182
Azad_Pars_Salaam,ridge,0.97265625,-0.060866836458444595
Azad_Pars_Salaam,ridge,0.98046875,-0.05760158598423004
Azad_Pars_Salaam,ridge,0.98828125,-0.05564951151609421
Azad_Pars_Salaam,ridge,0.99609375,-0.06414645910263062
Azad_Pars_Salaam,ridge,1.0,-0.06211355701088905
Azad_Pars_Salaam,enet,0.0,0.09123939275741577
Azad_Pars_Salaam,enet,0.00390625,0.0901375412940979
Azad_Pars_Salaam,enet,0.01171875,0.0876808762550354
Azad_Pars_Salaam,enet,0.01953125,0.08481839299201965
Azad_Pars_Salaam,enet,0.02734375,0.08152881264686584
Azad_Pars_Salaam,enet,0.03515625,0.07807081937789917
Azad_Pars_Salaam,enet,0.04296875,0.07475531101226807
Azad_Pars_Salaam,enet,0.05078125,0.07171207666397095
Azad_Pars_Salaam,enet,0.05859375,0.06900167465209961
Azad_Pars_Salaam,enet,0.06640625,0.06651878356933594
Azad_Pars_Salaam,enet,0.07421875,0.06413713097572327
Azad_Pars_Salaam,enet,0.08203125,0.06205528974533081
Azad_Pars_Salaam,enet,0.08984375,0.060761451721191406
Azad_Pars_Salaam,enet,0.09765625,0.06061834096908569
Azad_Pars_Salaam,enet,0.10546875,0.061893999576568604
Azad_Pars_Salaam,enet,0.11328125,0.06488731503486633
Azad_Pars_Salaam,enet,0.12109375,0.06984084844589233
Azad_Pars_Salaam,enet,0.12890625,0.0769478976726532
Azad_Pars_Salaam,enet,0.13671875,0.0864877998828888
Azad_Pars_Salaam,enet,0.14453125,0.09886598587036133
Azad_Pars_Salaam,enet,0.15234375,0.11448733508586884
Azad_Pars_Salaam,enet,0.16015625,0.13345927000045776
Azad_Pars_Salaam,enet,0.16796875,0.15572236478328705
Azad_Pars_Salaam,enet,0.17578125,0.18087966740131378
Azad_Pars_Salaam,enet,0.18359375,0.20817288756370544
Azad_Pars_Salaam,enet,0.19140625,0.23685117065906525
Azad_Pars_Salaam,enet,0.19921875,0.26643314957618713
Azad_Pars_Salaam,enet,0.20703125,0.296701580286026
Azad_Pars_Salaam,enet,0.21484375,0.3275620639324188
Azad_Pars_Salaam,enet,0.22265625,0.35844138264656067
Azad_Pars_Salaam,enet,0.23046875,0.3882969319820404
Azad_Pars_Salaam,enet,0.23828125,0.41626864671707153
Azad_Pars_Salaam,enet,0.24609375,0.44182395935058594
Azad_Pars_Salaam,enet,0.25390625,0.46470940113067627
Azad_Pars_Salaam,enet,0.26171875,0.4848594665527344
Azad_Pars_Salaam,enet,0.26953125,0.5022263526916504
Azad_Pars_Salaam,enet,0.27734375,0.5173611640930176
Azad_Pars_Salaam,enet,0.28515625,0.5318794846534729
Azad_Pars_Salaam,enet,0.29296875,0.5480879545211792
Azad_Pars_Salaam,enet,0.30078125,0.5685075521469116
Azad_Pars_Salaam,enet,0.30859375,0.5957003831863403
Azad_Pars_Salaam,enet,0.31640625,0.6319831609725952
Azad_Pars_Salaam,enet,0.32421875,0.6790046691894531
Azad_Pars_Salaam,enet,0.33203125,0.7374327182769775
Azad_Pars_Salaam,enet,0.33984375,0.8069512844085693
Azad_Pars_Salaam,enet,0.34765625,0.88619065284729
Azad_Pars_Salaam,enet,0.35546875,0.9726440906524658
Azad_Pars_Salaam,enet,0.36328125,1.0633639097213745
Azad_Pars_Salaam,enet,0.37109375,1.1556791067123413
Azad_Pars_Salaam,enet,0.37890625,1.2472217082977295
Azad_Pars_Salaam,enet,0.38671875,1.3353954553604126
Azad_Pars_Salaam,enet,0.39453125,1.4169951677322388
Azad_Pars_Salaam,enet,0.40234375,1.488594889640808
Azad_Pars_Salaam,enet,0.41015625,1.5475082397460938
Azad_Pars_Salaam,enet,0.41796875,1.592449426651001
Azad_Pars_Salaam,enet,0.42578125,1.623382806777954
Azad_Pars_Salaam,enet,0.43359375,1.6408164501190186
Azad_Pars_Salaam,enet,0.44140625,1.645496129989624
Azad_Pars_Salaam,enet,0.44921875,1.6388604640960693
Azad_Pars_Salaam,enet,0.45703125,1.6230095624923706
Azad_Pars_Salaam,enet,0.46484375,1.599965214729309
Azad_Pars_Salaam,enet,0.47265625,1.5714378356933594
Azad_Pars_Salaam,enet,0.48046875,1.5390657186508179
Azad_Pars_Salaam,enet,0.48828125,1.504401683807373
Azad_Pars_Salaam,enet,0.49609375,1.4685931205749512
Azad_Pars_Salaam,enet,0.50390625,1.4324171543121338
Azad_Pars_Salaam,enet,0.51171875,1.3963308334350586
Azad_Pars_Salaam,enet,0.51953125,1.3602542877197266
Azad_Pars_Salaam,enet,0.52734375,1.3237149715423584
Azad_Pars_Salaam,enet,0.53515625,1.286002516746521
Azad_Pars_Salaam,enet,0.54296875,1.2462199926376343
Azad_Pars_Salaam,enet,0.55078125,1.2032256126403809
Azad_Pars_Salaam,enet,0.55859375,1.155795693397522
Azad_Pars_Salaam,enet,0.56640625,1.1034080982208252
Azad_Pars_Salaam,enet,0.57421875,1.0467848777770996
Azad_Pars_Salaam,enet,0.58203125,0.9874755144119263
Azad_Pars_Salaam,enet,0.58984375,0.9269816279411316
Azad_Pars_Salaam,enet,0.59765625,0.866422176361084
Azad_Pars_Salaam,enet,0.60546875,0.8066432476043701
Azad_Pars_Salaam,enet,0.61328125,0.7483056783676147
Azad_Pars_Salaam,enet,0.62109375,0.6918730735778809
Azad_Pars_Salaam,enet,0.62890625,0.6376750469207764
Azad_Pars_Salaam,enet,0.63671875,0.5860468149185181
Azad_Pars_Salaam,enet,0.64453125,0.5373767614364624
Azad_Pars_Salaam,enet,0.65234375,0.4920541048049927
Azad_Pars_Salaam,enet,0.66015625,0.4503558278083801
Azad_Pars_Salaam,enet,0.66796875,0.4126691222190857
Azad_Pars_Salaam,enet,0.67578125,0.3796457052230835
Azad_Pars_Salaam,enet,0.68359375,0.3517037630081177
Azad_Pars_Salaam,enet,0.69140625,0.3285795748233795
Azad_Pars_Salaam,enet,0.69921875,0.3095722198486328
Azad_Pars_Salaam,enet,0.70703125,0.2938394546508789
Azad_Pars_Salaam,enet,0.71484375,0.28046655654907227
Azad_Pars_Salaam,enet,0.72265625,0.2685387134552002
Azad_Pars_Salaam,enet,0.73046875,0.2576155662536621
Azad_Pars_Salaam,enet,0.73828125,0.24717757105827332
Azad_Pars_Salaam,enet,0.74609375,0.23675531148910522
Azad_Pars_Salaam,enet,0.75390625,0.22595012187957764
Azad_Pars_Salaam,enet,0.76171875,0.21432018280029297
Azad_Pars_Salaam,enet,0.76953125,0.20130842924118042
Azad_Pars_Salaam,enet,0.77734375,0.18636277318000793
Azad_Pars_Salaam,enet,0.78515625,0.16910290718078613
Azad_Pars_Salaam,enet,0.79296875,0.14955608546733856
Azad_Pars_Salaam,enet,0.80078125,0.12841641902923584
Azad_Pars_Salaam,enet,0.80859375,0.10629689693450928
Azad_Pars_Salaam,enet,0.81640625,0.08266745507717133
Azad_Pars_Salaam,enet,0.82421875,0.05601803958415985
Azad_Pars_Salaam,enet,0.83203125,0.025011487305164337
Azad_Pars_Salaam,enet,0.83984375,-0.01042095571756363
Azad_Pars_Salaam,enet,0.84765625,-0.04849714785814285
Azad_Pars_Salaam,enet,0.85546875,-0.08564646542072296
Azad_Pars_Salaam,enet,0.86328125,-0.11915279924869537
Azad_Pars_Salaam,enet,0.87109375,-0.14920075237751007
Azad_Pars_Salaam,enet,0.87890625,-0.1734437644481659
Azad_Pars_Salaam,enet,0.88671875,-0.19270935654640198
Azad_Pars_Salaam,enet,0.89453125,-0.208436518907547
Azad_Pars_Salaam,enet,0.90234375,-0.2209991067647934
Azad_Pars_Salaam,enet,0.91015625,-0.23045840859413147
Azad_Pars_Salaam,enet,0.91796875,-0.23739883303642273
Azad_Pars_Salaam,enet,0.92578125,-0.24378234148025513
Azad_Pars_Salaam,enet,0.93359375,-0.25237178802490234
Azad_Pars_Salaam,enet,0.94140625,-0.26195088028907776
Azad_Pars_Salaam,enet,0.94921875,-0.2708255350589752
Azad_Pars_Salaam,enet,0.95703125,-0.2802574336528778
Azad_Pars_Salaam,enet,0.96484375,-0.29360124468803406
Azad_Pars_Salaam,enet,0.97265625,-0.3204023838043213
Azad_Pars_Salaam,enet,0.98046875,-0.35062891244888306
Azad_Pars_Salaam,enet,0.98828125,-0.3721615672111511
Azad_Pars_Salaam,enet,0.99609375,-0.39078742265701294
Azad_Pars_Salaam,enet,1.0,-0.38303714990615845
Big_Ey_Cai,ridge,0.0,4.421283721923828
Big_Ey_Cai,ridge,0.00390625,4.419883728027344
Big_Ey_Cai,ridge,0.01171875,4.417165279388428
Big_Ey_Cai,ridge,0.01953125,4.414607048034668
Big_Ey_Cai,ridge,0.02734375,4.412099838256836
Big_Ey_Cai,ridge,0.03515625,4.409554481506348
Big_Ey_Cai,ridge,0.04296875,4.407008171081543
Big_Ey_Cai,ridge,0.05078125,4.404503345489502
Big_Ey_Cai,ridge,0.05859375,4.402111530303955
Big_Ey_Cai,ridge,0.06640625,4.39990234375
Big_Ey_Cai,ridge,0.07421875,4.39774227142334
Big_Ey_Cai,ridge,0.08203125,4.395497798919678
Big_Ey_Cai,ridge,0.08984375,4.392976760864258
Big_Ey_Cai,ridge,0.09765625,4.390007019042969
Big_Ey_Cai,ridge,0.10546875,4.386563301086426
Big_Ey_Cai,ridge,0.11328125,4.382713317871094
Big_Ey_Cai,ridge,0.12109375,4.378546237945557
Big_Ey_Cai,ridge,0.12890625,4.374101638793945
Big_Ey_Cai,ridge,0.13671875,4.369479179382324
Big_Ey_Cai,ridge,0.14453125,4.364790916442871
Big_Ey_Cai,ridge,0.15234375,4.360077381134033
Big_Ey_Cai,ridge,0.16015625,4.355350494384766
Big_Ey_Cai,ridge,0.16796875,4.350568771362305
Big_Ey_Cai,ridge,0.17578125,4.345646381378174
Big_Ey_Cai,ridge,0.18359375,4.340472221374512
Big_Ey_Cai,ridge,0.19140625,4.334964752197266
Big_Ey_Cai,ridge,0.19921875,4.329039573669434
Big_Ey_Cai,ridge,0.20703125,4.322573661804199
Big_Ey_Cai,ridge,0.21484375,4.315291404724121
Big_Ey_Cai,ridge,0.22265625,4.306789398193359
Big_Ey_Cai,ridge,0.23046875,4.296502113342285
Big_Ey_Cai,ridge,0.23828125,4.283734321594238
Big_Ey_Cai,ridge,0.24609375,4.267763614654541
Big_Ey_Cai,ridge,0.25390625,4.247896194458008
Big_Ey_Cai,ridge,0.26171875,4.223569869995117
Big_Ey_Cai,ridge,0.26953125,4.194482803344727
Big_Ey_Cai,ridge,0.27734375,4.1606574058532715
Big_Ey_Cai,ridge,0.28515625,4.122596740722656
Big_Ey_Cai,ridge,0.29296875,4.081294059753418
Big_Ey_Cai,ridge,0.30078125,4.038014888763428
Big_Ey_Cai,ridge,0.30859375,3.994049310684204
Big_Ey_Cai,ridge,0.31640625,3.9503650665283203
Big_Ey_Cai,ridge,0.32421875,3.907320022583008
Big_Ey_Cai,ridge,0.33203125,3.8647074699401855
Big_Ey_Cai,ridge,0.33984375,3.8218865394592285
Big_Ey_Cai,ridge,0.34765625,3.7777953147888184
Big_Ey_Cai,ridge,0.35546875,3.7309324741363525
Big_Ey_Cai,ridge,0.36328125,3.6793665885925293
Big_Ey_Cai,ridge,0.37109375,3.6208109855651855
Big_Ey_Cai,ridge,0.37890625,3.5528879165649414
Big_Ey_Cai,ridge,0.38671875,3.4735469818115234
Big_Ey_Cai,ridge,0.39453125,3.3812968730926514
Big_Ey_Cai,ridge,0.40234375,3.2752671241760254
Big_Ey_Cai,ridge,0.41015625,3.155386209487915
Big_Ey_Cai,ridge,0.41796875,3.022766590118408
Big_Ey_Cai,ridge,0.42578125,2.879763603210449
Big_Ey_Cai,ridge,0.43359375,2.7294981479644775
Big_Ey_Cai,ridge,0.44140625,2.5750513076782227
Big_Ey_Cai,ridge,0.44921875,2.418897867202759
Big_Ey_Cai,ridge,0.45703125,2.2621541023254395
Big_Ey_Cai,ridge,0.46484375,2.103959083557129
Big_Ey_Cai,ridge,0.47265625,1.9420311450958252
Big_Ey_Cai,ridge,0.48046875,1.7741179466247559
Big_Ey_Cai,ridge,0.48828125,1.5999391078948975
Big_Ey_Cai,ridge,0.49609375,1.4225053787231445
Big_Ey_Cai,ridge,0.50390625,1.2470852136611938
Big_Ey_Cai,ridge,0.51171875,1.079293966293335
Big_Ey_Cai,ridge,0.51953125,0.9236577153205872
Big_Ey_Cai,ridge,0.52734375,0.7827630043029785
Big_Ey_Cai,ridge,0.53515625,0.6573169231414795
Big_Ey_Cai,ridge,0.54296875,0.547009289264679
Big_Ey_Cai,ridge,0.55078125,0.4510934352874756
Big_Ey_Cai,ridge,0.55859375,0.36832961440086365
Big_Ey_Cai,ridge,0.56640625,0.29695460200309753
Big_Ey_Cai,ridge,0.57421875,0.23494839668273926
Big_Ey_Cai,ridge,0.58203125,0.18029725551605225
Big_Ey_Cai,ridge,0.58984375,0.13109435141086578
Big_Ey_Cai,ridge,0.59765625,0.08563962578773499
Big_Ey_Cai,ridge,0.60546875,0.04250389337539673
Big_Ey_Cai,ridge,0.61328125,0.0004932582378387451
Big_Ey_Cai,ridge,0.62109375,-0.04127684235572815
Big_Ey_Cai,ridge,0.62890625,-0.08321771025657654
Big_Ey_Cai,ridge,0.63671875,-0.12516453862190247
Big_Ey_Cai,ridge,0.64453125,-0.16640052199363708
Big_Ey_Cai,ridge,0.65234375,-0.2057739496231079
Big_Ey_Cai,ridge,0.66015625,-0.24202680587768555
Big_Ey_Cai,ridge,0.66796875,-0.27422335743904114
Big_Ey_Cai,ridge,0.67578125,-0.3019395172595978
Big_Ey_Cai,ridge,0.68359375,-0.3251345753669739
Big_Ey_Cai,ridge,0.69140625,-0.3439021408557892
Big_Ey_Cai,ridge,0.69921875,-0.35836198925971985
Big_Ey_Cai,ridge,0.70703125,-0.3686777949333191
Big_Ey_Cai,ridge,0.71484375,-0.37500104308128357
Big_Ey_Cai,ridge,0.72265625,-0.3774054944515228
Big_Ey_Cai,ridge,0.73046875,-0.3761488199234009
Big_Ey_Cai,ridge,0.73828125,-0.3719995319843292
Big_Ey_Cai,ridge,0.74609375,-0.365276038646698
Big_Ey_Cai,ridge,0.75390625,-0.355469673871994
Big_Ey_Cai,ridge,0.76171875,-0.34253597259521484
Big_Ey_Cai,ridge,0.76953125,-0.32836946845054626
Big_Ey_Cai,ridge,0.77734375,-0.31613001227378845
Big_Ey_Cai,ridge,0.78515625,-0.30577918887138367
Big_Ey_Cai,ridge,0.79296875,-0.29652056097984314
Big_Ey_Cai,ridge,0.80078125,-0.28818920254707336
Big_Ey_Cai,ridge,0.80859375,-0.2811099588871002
Big_Ey_Cai,ridge,0.81640625,-0.2760789394378662
Big_Ey_Cai,ridge,0.82421875,-0.27368637919425964
Big_Ey_Cai,ridge,0.83203125,-0.27372223138809204
Big_Ey_Cai,ridge,0.83984375,-0.2757408022880554
Big_Ey_Cai,ridge,0.84765625,-0.279244065284729
Big_Ey_Cai,ridge,0.85546875,-0.2837325930595398
Big_Ey_Cai,ridge,0.86328125,-0.2882344126701355
Big_Ey_Cai,ridge,0.87109375,-0.293116956949234
Big_Ey_Cai,ridge,0.87890625,-0.2991665005683899
Big_Ey_Cai,ridge,0.88671875,-0.3074263334274292
Big_Ey_Cai,ridge,0.89453125,-0.3192369043827057
Big_Ey_Cai,ridge,0.90234375,-0.3356313705444336
Big_Ey_Cai,ridge,0.91015625,-0.3572310507297516
Big_Ey_Cai,ridge,0.91796875,-0.38550493121147156
Big_Ey_Cai,ridge,0.92578125,-0.42087629437446594
Big_Ey_Cai,ridge,0.93359375,-0.4579390287399292
Big_Ey_Cai,ridge,0.94140625,-0.49149981141090393
Big_Ey_Cai,ridge,0.94921875,-0.5215190052986145
Big_Ey_Cai,ridge,0.95703125,-0.5501195192337036
Big_Ey_Cai,ridge,0.96484375,-0.5793299078941345
Big_Ey_Cai,ridge,0.97265625,-0.6054436564445496
Big_Ey_Cai,ridge,0.98046875,-0.6237267255783081
Big_Ey_Cai,ridge,0.98828125,-0.6373486518859863
Big_Ey_Cai,ridge,0.99609375,-0.6523333191871643
Big_Ey_Cai,ridge,1.0,-0.6596577763557434
Big_Ey_Cai,enet,0.0,-0.9838368892669678
Big_Ey_Cai,enet,0.00390625,-0.9840003252029419
Big_Ey_Cai,enet,0.01171875,-0.9842073917388916
Big_Ey_Cai,enet,0.01953125,-0.9841786623001099
Big_Ey_Cai,enet,0.02734375,-0.9839658737182617
Big_Ey_Cai,enet,0.03515625,-0.9835026264190674
Big_Ey_Cai,enet,0.04296875,-0.9825088381767273
Big_Ey_Cai,enet,0.05078125,-0.980795681476593
Big_Ey_Cai,enet,0.05859375,-0.978190004825592
Big_Ey_Cai,enet,0.06640625,-0.9745200872421265
Big_Ey_Cai,enet,0.07421875,-0.9697481393814087
Big_Ey_Cai,enet,0.08203125,-0.9638288021087646
Big_Ey_Cai,enet,0.08984375,-0.9567439556121826
Big_Ey_Cai,enet,0.09765625,-0.9485728144645691
Big_Ey_Cai,enet,0.10546875,-0.9394112825393677
Big_Ey_Cai,enet,0.11328125,-0.9290682673454285
Big_Ey_Cai,enet,0.12109375,-0.9173247814178467
Big_Ey_Cai,enet,0.12890625,-0.9040642976760864
Big_Ey_Cai,enet,0.13671875,-0.8890344500541687
Big_Ey_Cai,enet,0.14453125,-0.8719547986984253
Big_Ey_Cai,enet,0.15234375,-0.8526158928871155
Big_Ey_Cai,enet,0.16015625,-0.8309193849563599
Big_Ey_Cai,enet,0.16796875,-0.8068081736564636
Big_Ey_Cai,enet,0.17578125,-0.7803336977958679
Big_Ey_Cai,enet,0.18359375,-0.7515723705291748
Big_Ey_Cai,enet,0.19140625,-0.720649242401123
Big_Ey_Cai,enet,0.19921875,-0.6877226829528809
Big_Ey_Cai,enet,0.20703125,-0.652985155582428
Big_Ey_Cai,enet,0.21484375,-0.6167332530021667
Big_Ey_Cai,enet,0.22265625,-0.579366147518158
Big_Ey_Cai,enet,0.23046875,-0.5413964986801147
Big_Ey_Cai,enet,0.23828125,-0.503440797328949
Big_Ey_Cai,enet,0.24609375,-0.46616214513778687
Big_Ey_Cai,enet,0.25390625,-0.430330753326416
Big_Ey_Cai,enet,0.26171875,-0.39676958322525024
Big_Ey_Cai,enet,0.26953125,-0.3662363886833191
Big_Ey_Cai,enet,0.27734375,-0.33943864703178406
Big_Ey_Cai,enet,0.28515625,-0.3168543577194214
Big_Ey_Cai,enet,0.29296875,-0.298537939786911
Big_Ey_Cai,enet,0.30078125,-0.283987432718277
Big_Ey_Cai,enet,0.30859375,-0.2721433639526367
Big_Ey_Cai,enet,0.31640625,-0.2617405652999878
Big_Ey_Cai,enet,0.32421875,-0.25184670090675354
Big_Ey_Cai,enet,0.33203125,-0.24219124019145966
Big_Ey_Cai,enet,0.33984375,-0.23329587280750275
Big_Ey_Cai,enet,0.34765625,-0.22641794383525848
Big_Ey_Cai,enet,0.35546875,-0.2232305258512497
Big_Ey_Cai,enet,0.36328125,-0.2253415882587433
Big_Ey_Cai,enet,0.37109375,-0.23383504152297974
Big_Ey_Cai,enet,0.37890625,-0.2487867921590805
Big_Ey_Cai,enet,0.38671875,-0.268789678812027
Big_Ey_Cai,enet,0.39453125,-0.2908516228199005
Big_Ey_Cai,enet,0.40234375,-0.31071019172668457
Big_Ey_Cai,enet,0.41015625,-0.3234930634498596
Big_Ey_Cai,enet,0.41796875,-0.324515700340271
Big_Ey_Cai,enet,0.42578125,-0.3100331127643585
Big_Ey_Cai,enet,0.43359375,-0.27768969535827637
Big_Ey_Cai,enet,0.44140625,-0.22696124017238617
Big_Ey_Cai,enet,0.44921875,-0.15954214334487915
Big_Ey_Cai,enet,0.45703125,-0.07967914640903473
Big_Ey_Cai,enet,0.46484375,0.005729906260967255
Big_Ey_Cai,enet,0.47265625,0.08759916573762894
Big_Ey_Cai,enet,0.48046875,0.15586942434310913
Big_Ey_Cai,enet,0.48828125,0.20179405808448792
Big_Ey_Cai,enet,0.49609375,0.2202695608139038
Big_Ey_Cai,enet,0.50390625,0.21062339842319489
Big_Ey_Cai,enet,0.51171875,0.1762583702802658
Big_Ey_Cai,enet,0.51953125,0.12332312017679214
Big_Ey_Cai,enet,0.52734375,0.058485906571149826
Big_Ey_Cai,enet,0.53515625,-0.012353718280792236
Big_Ey_Cai,enet,0.54296875,-0.08422456681728363
Big_Ey_Cai,enet,0.55078125,-0.15327230095863342
Big_Ey_Cai,enet,0.55859375,-0.21703864634037018
Big_Ey_Cai,enet,0.56640625,-0.2742384672164917
Big_Ey_Cai,enet,0.57421875,-0.3242509961128235
Big_Ey_Cai,enet,0.58203125,-0.366946816444397
Big_Ey_Cai,enet,0.58984375,-0.4028172791004181
Big_Ey_Cai,enet,0.59765625,-0.4330487847328186
Big_Ey_Cai,enet,0.60546875,-0.45933616161346436
Big_Ey_Cai,enet,0.61328125,-0.4834865629673004
Big_Ey_Cai,enet,0.62109375,-0.5068804621696472
Big_Ey_Cai,enet,0.62890625,-0.5302060842514038
Big_Ey_Cai,enet,0.63671875,-0.5535919070243835
Big_Ey_Cai,enet,0.64453125,-0.5768357515335083
Big_Ey_Cai,enet,0.65234375,-0.5994954705238342
Big_Ey_Cai,enet,0.66015625,-0.6209429502487183
Big_Ey_Cai,enet,0.66796875,-0.6404920816421509
Big_Ey_Cai,enet,0.67578125,-0.6575092673301697
Big_Ey_Cai,enet,0.68359375,-0.6714702844619751
Big_Ey_Cai,enet,0.69140625,-0.6819847226142883
Big_Ey_Cai,enet,0.69921875,-0.6888712644577026
Big_Ey_Cai,enet,0.70703125,-0.6923215389251709
Big_Ey_Cai,enet,0.71484375,-0.6930243968963623
Big_Ey_Cai,enet,0.72265625,-0.6917310953140259
Big_Ey_Cai,enet,0.73046875,-0.68895423412323
Big_Ey_Cai,enet,0.73828125,-0.6856639981269836
Big_Ey_Cai,enet,0.74609375,-0.6825475692749023
Big_Ey_Cai,enet,0.75390625,-0.678575336933136
Big_Ey_Cai,enet,0.76171875,-0.671920657157898
Big_Ey_Cai,enet,0.76953125,-0.6643267273902893
Big_Ey_Cai,enet,0.77734375,-0.6606850028038025
Big_Ey_Cai,enet,0.78515625,-0.6604622006416321
Big_Ey_Cai,enet,0.79296875,-0.6620033383369446
Big_Ey_Cai,enet,0.80078125,-0.6639257073402405
Big_Ey_Cai,enet,0.80859375,-0.6655172109603882
Big_Ey_Cai,enet,0.81640625,-0.6674516797065735
Big_Ey_Cai,enet,0.82421875,-0.6705737113952637
Big_Ey_Cai,enet,0.83203125,-0.6748231649398804
Big_Ey_Cai,enet,0.83984375,-0.6803268790245056
Big_Ey_Cai,enet,0.84765625,-0.6874245405197144
Big_Ey_Cai,enet,0.85546875,-0.6956610679626465
Big_Ey_Cai,enet,0.86328125,-0.7025209665298462
Big_Ey_Cai,enet,0.87109375,-0.7082085013389587
Big_Ey_Cai,enet,0.87890625,-0.7130122184753418
Big_Ey_Cai,enet,0.88671875,-0.7171570658683777
Big_Ey_Cai,enet,0.89453125,-0.721285879611969
Big_Ey_Cai,enet,0.90234375,-0.7259256839752197
Big_Ey_Cai,enet,0.91015625,-0.7317735552787781
Big_Ey_Cai,enet,0.91796875,-0.7411335110664368
Big_Ey_Cai,enet,0.92578125,-0.7545204758644104
Big_Ey_Cai,enet,0.93359375,-0.7695961594581604
Big_Ey_Cai,enet,0.94140625,-0.7862467169761658
Big_Ey_Cai,enet,0.94921875,-0.8036357760429382
Big_Ey_Cai,enet,0.95703125,-0.8218477964401245
Big_Ey_Cai,enet,0.96484375,-0.8400502800941467
Big_Ey_Cai,enet,0.97265625,-0.8590638041496277
Big_Ey_Cai,enet,0.98046875,-0.8718509078025818
Big_Ey_Cai,enet,0.98828125,-0.882560670375824
Big_Ey_Cai,enet,0.99609375,-0.8954406976699829
Big_Ey_Cai,enet,1.0,-0.9012082815170288
Billiam_Traincar_Zhu,ridge,0.0,4.323032379150391
Billiam_Traincar_Zhu,ridge,0.00390625,4.3214111328125
Billiam_Traincar_Zhu,ridge,0.01171875,4.318051338195801
Billiam_Traincar_Zhu,ridge,0.01953125,4.314504623413086
Billiam_Traincar_Zhu,ridge,0.02734375,4.310746192932129
Billiam_Traincar_Zhu,ridge,0.03515625,4.306779861450195
Billiam_Traincar_Zhu,ridge,0.04296875,4.302650451660156
Billiam_Traincar_Zhu,ridge,0.05078125,4.298470973968506
Billiam_Traincar_Zhu,ridge,0.05859375,4.294345378875732
Billiam_Traincar_Zhu,ridge,0.06640625,4.290223121643066
Billiam_Traincar_Zhu,ridge,0.07421875,4.286136627197266
Billiam_Traincar_Zhu,ridge,0.08203125,4.28219747543335
Billiam_Traincar_Zhu,ridge,0.08984375,4.278515815734863
Billiam_Traincar_Zhu,ridge,0.09765625,4.2751970291137695
Billiam_Traincar_Zhu,ridge,0.10546875,4.272436141967773
Billiam_Traincar_Zhu,ridge,0.11328125,4.270439624786377
Billiam_Traincar_Zhu,ridge,0.12109375,4.269338607788086
Billiam_Traincar_Zhu,ridge,0.12890625,4.269220352172852
Billiam_Traincar_Zhu,ridge,0.13671875,4.270192623138428
Billiam_Traincar_Zhu,ridge,0.14453125,4.272341728210449
Billiam_Traincar_Zhu,ridge,0.15234375,4.275666236877441
Billiam_Traincar_Zhu,ridge,0.16015625,4.280078887939453
Billiam_Traincar_Zhu,ridge,0.16796875,4.285428524017334
Billiam_Traincar_Zhu,ridge,0.17578125,4.291487216949463
Billiam_Traincar_Zhu,ridge,0.18359375,4.2979278564453125
Billiam_Traincar_Zhu,ridge,0.19140625,4.304352760314941
Billiam_Traincar_Zhu,ridge,0.19921875,4.310427665710449
Billiam_Traincar_Zhu,ridge,0.20703125,4.315769672393799
Billiam_Traincar_Zhu,ridge,0.21484375,4.319819927215576
Billiam_Traincar_Zhu,ridge,0.22265625,4.321842193603516
Billiam_Traincar_Zhu,ridge,0.23046875,4.320887565612793
Billiam_Traincar_Zhu,ridge,0.23828125,4.315779685974121
Billiam_Traincar_Zhu,ridge,0.24609375,4.30509090423584
Billiam_Traincar_Zhu,ridge,0.25390625,4.2871809005737305
Billiam_Traincar_Zhu,ridge,0.26171875,4.260397434234619
Billiam_Traincar_Zhu,ridge,0.26953125,4.223628044128418
Billiam_Traincar_Zhu,ridge,0.27734375,4.177156448364258
Billiam_Traincar_Zhu,ridge,0.28515625,4.1231369972229
Billiam_Traincar_Zhu,ridge,0.29296875,4.06506872177124
Billiam_Traincar_Zhu,ridge,0.30078125,4.0065789222717285
Billiam_Traincar_Zhu,ridge,0.30859375,3.9505443572998047
Billiam_Traincar_Zhu,ridge,0.31640625,3.8987607955932617
Billiam_Traincar_Zhu,ridge,0.32421875,3.8519554138183594
Billiam_Traincar_Zhu,ridge,0.33203125,3.810049533843994
Billiam_Traincar_Zhu,ridge,0.33984375,3.7724649906158447
Billiam_Traincar_Zhu,ridge,0.34765625,3.738340139389038
Billiam_Traincar_Zhu,ridge,0.35546875,3.7066285610198975
Billiam_Traincar_Zhu,ridge,0.36328125,3.6760005950927734
Billiam_Traincar_Zhu,ridge,0.37109375,3.6448278427124023
Billiam_Traincar_Zhu,ridge,0.37890625,3.6111974716186523
Billiam_Traincar_Zhu,ridge,0.38671875,3.572932243347168
Billiam_Traincar_Zhu,ridge,0.39453125,3.5276479721069336
Billiam_Traincar_Zhu,ridge,0.40234375,3.472799777984619
Billiam_Traincar_Zhu,ridge,0.41015625,3.4058423042297363
Billiam_Traincar_Zhu,ridge,0.41796875,3.324611186981201
Billiam_Traincar_Zhu,ridge,0.42578125,3.2279114723205566
Billiam_Traincar_Zhu,ridge,0.43359375,3.116456985473633
Billiam_Traincar_Zhu,ridge,0.44140625,2.9934306144714355
Billiam_Traincar_Zhu,ridge,0.44921875,2.8636484146118164
Billiam_Traincar_Zhu,ridge,0.45703125,2.7318906784057617
Billiam_Traincar_Zhu,ridge,0.46484375,2.601912498474121
Billiam_Traincar_Zhu,ridge,0.47265625,2.476743698120117
Billiam_Traincar_Zhu,ridge,0.48046875,2.3591527938842773
Billiam_Traincar_Zhu,ridge,0.48828125,2.251131534576416
Billiam_Traincar_Zhu,ridge,0.49609375,2.1533918380737305
Billiam_Traincar_Zhu,ridge,0.50390625,2.0653491020202637
Billiam_Traincar_Zhu,ridge,0.51171875,1.9854494333267212
Billiam_Traincar_Zhu,ridge,0.51953125,1.9116291999816895
Billiam_Traincar_Zhu,ridge,0.52734375,1.841843843460083
Billiam_Traincar_Zhu,ridge,0.53515625,1.7745143175125122
Billiam_Traincar_Zhu,ridge,0.54296875,1.7087254524230957
Billiam_Traincar_Zhu,ridge,0.55078125,1.64424729347229
Billiam_Traincar_Zhu,ridge,0.55859375,1.581522822380066
Billiam_Traincar_Zhu,ridge,0.56640625,1.5215283632278442
Billiam_Traincar_Zhu,ridge,0.57421875,1.4653832912445068
Billiam_Traincar_Zhu,ridge,0.58203125,1.4138420820236206
Billiam_Traincar_Zhu,ridge,0.58984375,1.3670766353607178
Billiam_Traincar_Zhu,ridge,0.59765625,1.324798345565796
Billiam_Traincar_Zhu,ridge,0.60546875,1.2864559888839722
Billiam_Traincar_Zhu,ridge,0.61328125,1.2513811588287354
Billiam_Traincar_Zhu,ridge,0.62109375,1.218827486038208
Billiam_Traincar_Zhu,ridge,0.62890625,1.187957525253296
Billiam_Traincar_Zhu,ridge,0.63671875,1.1579666137695312
Billiam_Traincar_Zhu,ridge,0.64453125,1.1283434629440308
Billiam_Traincar_Zhu,ridge,0.65234375,1.0990815162658691
Billiam_Traincar_Zhu,ridge,0.66015625,1.0705418586730957
Billiam_Traincar_Zhu,ridge,0.66796875,1.0430357456207275
Billiam_Traincar_Zhu,ridge,0.67578125,1.0164527893066406
Billiam_Traincar_Zhu,ridge,0.68359375,0.9900829195976257
Billiam_Traincar_Zhu,ridge,0.69140625,0.9628722667694092
Billiam_Traincar_Zhu,ridge,0.69921875,0.9339838624000549
Billiam_Traincar_Zhu,ridge,0.70703125,0.9033164978027344
Billiam_Traincar_Zhu,ridge,0.71484375,0.8714727759361267
Billiam_Traincar_Zhu,ridge,0.72265625,0.839266300201416
Billiam_Traincar_Zhu,ridge,0.73046875,0.8073465824127197
Billiam_Traincar_Zhu,ridge,0.73828125,0.7761733531951904
Billiam_Traincar_Zhu,ridge,0.74609375,0.7460821270942688
Billiam_Traincar_Zhu,ridge,0.75390625,0.717300534248352
Billiam_Traincar_Zhu,ridge,0.76171875,0.6899120807647705
Billiam_Traincar_Zhu,ridge,0.76953125,0.6638038158416748
Billiam_Traincar_Zhu,ridge,0.77734375,0.6387607455253601
Billiam_Traincar_Zhu,ridge,0.78515625,0.6146919131278992
Billiam_Traincar_Zhu,ridge,0.79296875,0.5916380286216736
Billiam_Traincar_Zhu,ridge,0.80078125,0.5695910453796387
Billiam_Traincar_Zhu,ridge,0.80859375,0.5485661029815674
Billiam_Traincar_Zhu,ridge,0.81640625,0.5283393859863281
Billiam_Traincar_Zhu,ridge,0.82421875,0.5088840126991272
Billiam_Traincar_Zhu,ridge,0.83203125,0.49061235785484314
Billiam_Traincar_Zhu,ridge,0.83984375,0.4737408757209778
Billiam_Traincar_Zhu,ridge,0.84765625,0.45817387104034424
Billiam_Traincar_Zhu,ridge,0.85546875,0.4437651038169861
Billiam_Traincar_Zhu,ridge,0.86328125,0.43040192127227783
Billiam_Traincar_Zhu,ridge,0.87109375,0.4182552993297577
Billiam_Traincar_Zhu,ridge,0.87890625,0.40819650888442993
Billiam_Traincar_Zhu,ridge,0.88671875,0.40206676721572876
Billiam_Traincar_Zhu,ridge,0.89453125,0.4028626084327698
Billiam_Traincar_Zhu,ridge,0.90234375,0.4139062166213989
Billiam_Traincar_Zhu,ridge,0.91015625,0.4366743564605713
Billiam_Traincar_Zhu,ridge,0.91796875,0.4697948694229126
Billiam_Traincar_Zhu,ridge,0.92578125,0.5082414746284485
Billiam_Traincar_Zhu,ridge,0.93359375,0.5443875789642334
Billiam_Traincar_Zhu,ridge,0.94140625,0.5707604885101318
Billiam_Traincar_Zhu,ridge,0.94921875,0.5916691422462463
Billiam_Traincar_Zhu,ridge,0.95703125,0.609846830368042
Billiam_Traincar_Zhu,ridge,0.96484375,0.6205251216888428
Billiam_Traincar_Zhu,ridge,0.97265625,0.6339961886405945
Billiam_Traincar_Zhu,ridge,0.98046875,0.6435580253601074
Billiam_Traincar_Zhu,ridge,0.98828125,0.6531934142112732
Billiam_Traincar_Zhu,ridge,0.99609375,0.6772053241729736
Billiam_Traincar_Zhu,ridge,1.0,0.6769875884056091
Billiam_Traincar_Zhu,enet,0.0,0.4432671070098877
Billiam_Traincar_Zhu,enet,0.00390625,0.4404686689376831
Billiam_Traincar_Zhu,enet,0.01171875,0.43507352471351624
Billiam_Traincar_Zhu,enet,0.01953125,0.4299599528312683
Billiam_Traincar_Zhu,enet,0.02734375,0.42516887187957764
Billiam_Traincar_Zhu,enet,0.03515625,0.42075538635253906
Billiam_Traincar_Zhu,enet,0.04296875,0.4166576862335205
Billiam_Traincar_Zhu,enet,0.05078125,0.41310611367225647
Billiam_Traincar_Zhu,enet,0.05859375,0.41040655970573425
Billiam_Traincar_Zhu,enet,0.06640625,0.4084956645965576
Billiam_Traincar_Zhu,enet,0.07421875,0.40739545226097107
Billiam_Traincar_Zhu,enet,0.08203125,0.4073095917701721
Billiam_Traincar_Zhu,enet,0.08984375,0.4086136519908905
Billiam_Traincar_Zhu,enet,0.09765625,0.41175511479377747
Billiam_Traincar_Zhu,enet,0.10546875,0.417223185300827
Billiam_Traincar_Zhu,enet,0.11328125,0.4255446791648865
Billiam_Traincar_Zhu,enet,0.12109375,0.4372449815273285
Billiam_Traincar_Zhu,enet,0.12890625,0.4528103470802307
Billiam_Traincar_Zhu,enet,0.13671875,0.4726790189743042
Billiam_Traincar_Zhu,enet,0.14453125,0.4971652925014496
Billiam_Traincar_Zhu,enet,0.15234375,0.5264073014259338
Billiam_Traincar_Zhu,enet,0.16015625,0.56036376953125
Billiam_Traincar_Zhu,enet,0.16796875,0.5987182855606079
Billiam_Traincar_Zhu,enet,0.17578125,0.6409823894500732
Billiam_Traincar_Zhu,enet,0.18359375,0.6865289211273193
Billiam_Traincar_Zhu,enet,0.19140625,0.7346351146697998
Billiam_Traincar_Zhu,enet,0.19921875,0.7846823930740356
Billiam_Traincar_Zhu,enet,0.20703125,0.835983395576477
Billiam_Traincar_Zhu,enet,0.21484375,0.8876571655273438
Billiam_Traincar_Zhu,enet,0.22265625,0.9386404156684875
Billiam_Traincar_Zhu,enet,0.23046875,0.9875794649124146
Billiam_Traincar_Zhu,enet,0.23828125,1.0327430963516235
Billiam_Traincar_Zhu,enet,0.24609375,1.0720051527023315
Billiam_Traincar_Zhu,enet,0.25390625,1.1028294563293457
Billiam_Traincar_Zhu,enet,0.26171875,1.1225385665893555
Billiam_Traincar_Zhu,enet,0.26953125,1.1289337873458862
Billiam_Traincar_Zhu,enet,0.27734375,1.1212091445922852
Billiam_Traincar_Zhu,enet,0.28515625,1.100685954093933
Billiam_Traincar_Zhu,enet,0.29296875,1.0705562829971313
Billiam_Traincar_Zhu,enet,0.30078125,1.0345954895019531
Billiam_Traincar_Zhu,enet,0.30859375,0.996120810508728
Billiam_Traincar_Zhu,enet,0.31640625,0.957809329032898
Billiam_Traincar_Zhu,enet,0.32421875,0.9220873117446899
Billiam_Traincar_Zhu,enet,0.33203125,0.8915949463844299
Billiam_Traincar_Zhu,enet,0.33984375,0.8693549633026123
Billiam_Traincar_Zhu,enet,0.34765625,0.8586512804031372
Billiam_Traincar_Zhu,enet,0.35546875,0.8626033067703247
Billiam_Traincar_Zhu,enet,0.36328125,0.8834210634231567
Billiam_Traincar_Zhu,enet,0.37109375,0.9218056201934814
Billiam_Traincar_Zhu,enet,0.37890625,0.976629376411438
Billiam_Traincar_Zhu,enet,0.38671875,1.0452064275741577
Billiam_Traincar_Zhu,enet,0.39453125,1.1237586736679077
Billiam_Traincar_Zhu,enet,0.40234375,1.2074308395385742
Billiam_Traincar_Zhu,enet,0.41015625,1.2902697324752808
Billiam_Traincar_Zhu,enet,0.41796875,1.3656718730926514
Billiam_Traincar_Zhu,enet,0.42578125,1.4277114868164062
Billiam_Traincar_Zhu,enet,0.43359375,1.4729993343353271
Billiam_Traincar_Zhu,enet,0.44140625,1.501535177230835
Billiam_Traincar_Zhu,enet,0.44921875,1.515457034111023
Billiam_Traincar_Zhu,enet,0.45703125,1.5172457695007324
Billiam_Traincar_Zhu,enet,0.46484375,1.5090895891189575
Billiam_Traincar_Zhu,enet,0.47265625,1.4929412603378296
Billiam_Traincar_Zhu,enet,0.48046875,1.4709022045135498
Billiam_Traincar_Zhu,enet,0.48828125,1.445125699043274
Billiam_Traincar_Zhu,enet,0.49609375,1.417410135269165
Billiam_Traincar_Zhu,enet,0.50390625,1.3891940116882324
Billiam_Traincar_Zhu,enet,0.51171875,1.3618022203445435
Billiam_Traincar_Zhu,enet,0.51953125,1.336456537246704
Billiam_Traincar_Zhu,enet,0.52734375,1.313928246498108
Billiam_Traincar_Zhu,enet,0.53515625,1.2941721677780151
Billiam_Traincar_Zhu,enet,0.54296875,1.2763755321502686
Billiam_Traincar_Zhu,enet,0.55078125,1.2593913078308105
Billiam_Traincar_Zhu,enet,0.55859375,1.2422618865966797
Billiam_Traincar_Zhu,enet,0.56640625,1.2245625257492065
Billiam_Traincar_Zhu,enet,0.57421875,1.20639967918396
Billiam_Traincar_Zhu,enet,0.58203125,1.1881263256072998
Billiam_Traincar_Zhu,enet,0.58984375,1.1701631546020508
Billiam_Traincar_Zhu,enet,0.59765625,1.1529855728149414
Billiam_Traincar_Zhu,enet,0.60546875,1.1371033191680908
Billiam_Traincar_Zhu,enet,0.61328125,1.1229379177093506
Billiam_Traincar_Zhu,enet,0.62109375,1.1106412410736084
Billiam_Traincar_Zhu,enet,0.62890625,1.099901556968689
Billiam_Traincar_Zhu,enet,0.63671875,1.0899341106414795
Billiam_Traincar_Zhu,enet,0.64453125,1.0798131227493286
Billiam_Traincar_Zhu,enet,0.65234375,1.068986415863037
Billiam_Traincar_Zhu,enet,0.66015625,1.057232141494751
Billiam_Traincar_Zhu,enet,0.66796875,1.04422926902771
Billiam_Traincar_Zhu,enet,0.67578125,1.0291640758514404
Billiam_Traincar_Zhu,enet,0.68359375,1.0106514692306519
Billiam_Traincar_Zhu,enet,0.69140625,0.9872665405273438
Billiam_Traincar_Zhu,enet,0.69921875,0.9584466814994812
Billiam_Traincar_Zhu,enet,0.70703125,0.9248690605163574
Billiam_Traincar_Zhu,enet,0.71484375,0.887977123260498
Billiam_Traincar_Zhu,enet,0.72265625,0.8492021560668945
Billiam_Traincar_Zhu,enet,0.73046875,0.8096088171005249
Billiam_Traincar_Zhu,enet,0.73828125,0.7699649333953857
Billiam_Traincar_Zhu,enet,0.74609375,0.7309409379959106
Billiam_Traincar_Zhu,enet,0.75390625,0.6931875944137573
Billiam_Traincar_Zhu,enet,0.76171875,0.6572632789611816
Billiam_Traincar_Zhu,enet,0.76953125,0.6235696077346802
Billiam_Traincar_Zhu,enet,0.77734375,0.5923975110054016
Billiam_Traincar_Zhu,enet,0.78515625,0.5638538599014282
Billiam_Traincar_Zhu,enet,0.79296875,0.5376743078231812
Billiam_Traincar_Zhu,enet,0.80078125,0.5136606693267822
Billiam_Traincar_Zhu,enet,0.80859375,0.4925813674926758
Billiam_Traincar_Zhu,enet,0.81640625,0.4752832055091858
Billiam_Traincar_Zhu,enet,0.82421875,0.461672306060791
Billiam_Traincar_Zhu,enet,0.83203125,0.45128536224365234
Billiam_Traincar_Zhu,enet,0.83984375,0.44344910979270935
Billiam_Traincar_Zhu,enet,0.84765625,0.43705180287361145
Billiam_Traincar_Zhu,enet,0.85546875,0.43036144971847534
Billiam_Traincar_Zhu,enet,0.86328125,0.4212765097618103
Billiam_Traincar_Zhu,enet,0.87109375,0.408249169588089
Billiam_Traincar_Zhu,enet,0.87890625,0.39108502864837646
Billiam_Traincar_Zhu,enet,0.88671875,0.3709856867790222
Billiam_Traincar_Zhu,enet,0.89453125,0.3502357602119446
Billiam_Traincar_Zhu,enet,0.90234375,0.3321607708930969
Billiam_Traincar_Zhu,enet,0.91015625,0.31913238763809204
Billiam_Traincar_Zhu,enet,0.91796875,0.3107112646102905
Billiam_Traincar_Zhu,enet,0.92578125,0.30437755584716797
Billiam_Traincar_Zhu,enet,0.93359375,0.30556151270866394
Billiam_Traincar_Zhu,enet,0.94140625,0.31169670820236206
Billiam_Traincar_Zhu,enet,0.94921875,0.32932621240615845
Billiam_Traincar_Zhu,enet,0.95703125,0.3597683906555176
Billiam_Traincar_Zhu,enet,0.96484375,0.4009920358657837
Billiam_Traincar_Zhu,enet,0.97265625,0.43994852900505066
Billiam_Traincar_Zhu,enet,0.98046875,0.45752188563346863
Billiam_Traincar_Zhu,enet,0.98828125,0.46558305621147156
Billiam_Traincar_Zhu,enet,0.99609375,0.4681950807571411
Billiam_Traincar_Zhu,enet,1.0,0.4538273215293884
Bob_Nicolas_Gonzalo,ridge,0.0,5.39021110534668
Bob_Nicolas_Gonzalo,ridge,0.00390625,5.388958930969238
Bob_Nicolas_Gonzalo,ridge,0.01171875,5.386359214782715
Bob_Nicolas_Gonzalo,ridge,0.01953125,5.383630752563477
Bob_Nicolas_Gonzalo,ridge,0.02734375,5.380846977233887
Bob_Nicolas_Gonzalo,ridge,0.03515625,5.378119468688965
Bob_Nicolas_Gonzalo,ridge,0.04296875,5.375546455383301
Bob_Nicolas_Gonzalo,ridge,0.05078125,5.373269081115723
Bob_Nicolas_Gonzalo,ridge,0.05859375,5.3714375495910645
Bob_Nicolas_Gonzalo,ridge,0.06640625,5.370076656341553
Bob_Nicolas_Gonzalo,ridge,0.07421875,5.369128227233887
Bob_Nicolas_Gonzalo,ridge,0.08203125,5.368592739105225
Bob_Nicolas_Gonzalo,ridge,0.08984375,5.368439674377441
Bob_Nicolas_Gonzalo,ridge,0.09765625,5.368603229522705
Bob_Nicolas_Gonzalo,ridge,0.10546875,5.369083404541016
Bob_Nicolas_Gonzalo,ridge,0.11328125,5.369929313659668
Bob_Nicolas_Gonzalo,ridge,0.12109375,5.371253967285156
Bob_Nicolas_Gonzalo,ridge,0.12890625,5.373141765594482
Bob_Nicolas_Gonzalo,ridge,0.13671875,5.375603675842285
Bob_Nicolas_Gonzalo,ridge,0.14453125,5.378678798675537
Bob_Nicolas_Gonzalo,ridge,0.15234375,5.382375240325928
Bob_Nicolas_Gonzalo,ridge,0.16015625,5.38655424118042
Bob_Nicolas_Gonzalo,ridge,0.16796875,5.391146183013916
Bob_Nicolas_Gonzalo,ridge,0.17578125,5.3961873054504395
Bob_Nicolas_Gonzalo,ridge,0.18359375,5.401647567749023
Bob_Nicolas_Gonzalo,ridge,0.19140625,5.40743350982666
Bob_Nicolas_Gonzalo,ridge,0.19921875,5.413419246673584
Bob_Nicolas_Gonzalo,ridge,0.20703125,5.419569969177246
Bob_Nicolas_Gonzalo,ridge,0.21484375,5.4260149002075195
Bob_Nicolas_Gonzalo,ridge,0.22265625,5.432993412017822
Bob_Nicolas_Gonzalo,ridge,0.23046875,5.440859794616699
Bob_Nicolas_Gonzalo,ridge,0.23828125,5.450052261352539
Bob_Nicolas_Gonzalo,ridge,0.24609375,5.460963726043701
Bob_Nicolas_Gonzalo,ridge,0.25390625,5.47383975982666
Bob_Nicolas_Gonzalo,ridge,0.26171875,5.488889217376709
Bob_Nicolas_Gonzalo,ridge,0.26953125,5.506363391876221
Bob_Nicolas_Gonzalo,ridge,0.27734375,5.526515483856201
Bob_Nicolas_Gonzalo,ridge,0.28515625,5.5495452880859375
Bob_Nicolas_Gonzalo,ridge,0.29296875,5.575577259063721
Bob_Nicolas_Gonzalo,ridge,0.30078125,5.60460901260376
Bob_Nicolas_Gonzalo,ridge,0.30859375,5.6364850997924805
Bob_Nicolas_Gonzalo,ridge,0.31640625,5.6708221435546875
Bob_Nicolas_Gonzalo,ridge,0.32421875,5.706980228424072
Bob_Nicolas_Gonzalo,ridge,0.33203125,5.743937969207764
Bob_Nicolas_Gonzalo,ridge,0.33984375,5.780203342437744
Bob_Nicolas_Gonzalo,ridge,0.34765625,5.813831329345703
Bob_Nicolas_Gonzalo,ridge,0.35546875,5.842402458190918
Bob_Nicolas_Gonzalo,ridge,0.36328125,5.863104343414307
Bob_Nicolas_Gonzalo,ridge,0.37109375,5.872874736785889
Bob_Nicolas_Gonzalo,ridge,0.37890625,5.868553161621094
Bob_Nicolas_Gonzalo,ridge,0.38671875,5.847105026245117
Bob_Nicolas_Gonzalo,ridge,0.39453125,5.805926322937012
Bob_Nicolas_Gonzalo,ridge,0.40234375,5.7430806159973145
Bob_Nicolas_Gonzalo,ridge,0.41015625,5.657561302185059
Bob_Nicolas_Gonzalo,ridge,0.41796875,5.549633502960205
Bob_Nicolas_Gonzalo,ridge,0.42578125,5.421083450317383
Bob_Nicolas_Gonzalo,ridge,0.43359375,5.275295257568359
Bob_Nicolas_Gonzalo,ridge,0.44140625,5.116909503936768
Bob_Nicolas_Gonzalo,ridge,0.44921875,4.951160430908203
Bob_Nicolas_Gonzalo,ridge,0.45703125,4.783080101013184
Bob_Nicolas_Gonzalo,ridge,0.46484375,4.616568088531494
Bob_Nicolas_Gonzalo,ridge,0.47265625,4.453901290893555
Bob_Nicolas_Gonzalo,ridge,0.48046875,4.295940399169922
Bob_Nicolas_Gonzalo,ridge,0.48828125,4.142705917358398
Bob_Nicolas_Gonzalo,ridge,0.49609375,3.993990898132324
Bob_Nicolas_Gonzalo,ridge,0.50390625,3.8495912551879883
Bob_Nicolas_Gonzalo,ridge,0.51171875,3.7091903686523438
Bob_Nicolas_Gonzalo,ridge,0.51953125,3.5723013877868652
Bob_Nicolas_Gonzalo,ridge,0.52734375,3.4383859634399414
Bob_Nicolas_Gonzalo,ridge,0.53515625,3.306966781616211
Bob_Nicolas_Gonzalo,ridge,0.54296875,3.177690029144287
Bob_Nicolas_Gonzalo,ridge,0.55078125,3.050309896469116
Bob_Nicolas_Gonzalo,ridge,0.55859375,2.9247236251831055
Bob_Nicolas_Gonzalo,ridge,0.56640625,2.801030397415161
Bob_Nicolas_Gonzalo,ridge,0.57421875,2.679593563079834
Bob_Nicolas_Gonzalo,ridge,0.58203125,2.5608553886413574
Bob_Nicolas_Gonzalo,ridge,0.58984375,2.4449896812438965
Bob_Nicolas_Gonzalo,ridge,0.59765625,2.331879138946533
Bob_Nicolas_Gonzalo,ridge,0.60546875,2.2213313579559326
Bob_Nicolas_Gonzalo,ridge,0.61328125,2.113178253173828
Bob_Nicolas_Gonzalo,ridge,0.62109375,2.007232904434204
Bob_Nicolas_Gonzalo,ridge,0.62890625,1.903296947479248
Bob_Nicolas_Gonzalo,ridge,0.63671875,1.8011841773986816
Bob_Nicolas_Gonzalo,ridge,0.64453125,1.7007726430892944
Bob_Nicolas_Gonzalo,ridge,0.65234375,1.6019848585128784
Bob_Nicolas_Gonzalo,ridge,0.66015625,1.5047682523727417
Bob_Nicolas_Gonzalo,ridge,0.66796875,1.409085988998413
Bob_Nicolas_Gonzalo,ridge,0.67578125,1.3149892091751099
Bob_Nicolas_Gonzalo,ridge,0.68359375,1.2226359844207764
Bob_Nicolas_Gonzalo,ridge,0.69140625,1.1321994066238403
Bob_Nicolas_Gonzalo,ridge,0.69921875,1.043830394744873
Bob_Nicolas_Gonzalo,ridge,0.70703125,0.9578508734703064
Bob_Nicolas_Gonzalo,ridge,0.71484375,0.8748607635498047
Bob_Nicolas_Gonzalo,ridge,0.72265625,0.7953828573226929
Bob_Nicolas_Gonzalo,ridge,0.73046875,0.7196953892707825
Bob_Nicolas_Gonzalo,ridge,0.73828125,0.6479922533035278
Bob_Nicolas_Gonzalo,ridge,0.74609375,0.580412745475769
Bob_Nicolas_Gonzalo,ridge,0.75390625,0.5169821381568909
Bob_Nicolas_Gonzalo,ridge,0.76171875,0.45760077238082886
Bob_Nicolas_Gonzalo,ridge,0.76953125,0.4020424485206604
Bob_Nicolas_Gonzalo,ridge,0.77734375,0.3499904274940491
Bob_Nicolas_Gonzalo,ridge,0.78515625,0.3011072874069214
Bob_Nicolas_Gonzalo,ridge,0.79296875,0.2547166049480438
Bob_Nicolas_Gonzalo,ridge,0.80078125,0.20930470526218414
Bob_Nicolas_Gonzalo,ridge,0.80859375,0.16407863795757294
Bob_Nicolas_Gonzalo,ridge,0.81640625,0.12004224956035614
Bob_Nicolas_Gonzalo,ridge,0.82421875,0.07847172021865845
Bob_Nicolas_Gonzalo,ridge,0.83203125,0.04024593532085419
Bob_Nicolas_Gonzalo,ridge,0.83984375,0.006021857261657715
Bob_Nicolas_Gonzalo,ridge,0.84765625,-0.023619145154953003
Bob_Nicolas_Gonzalo,ridge,0.85546875,-0.04823271930217743
Bob_Nicolas_Gonzalo,ridge,0.86328125,-0.06758198142051697
Bob_Nicolas_Gonzalo,ridge,0.87109375,-0.08146780729293823
Bob_Nicolas_Gonzalo,ridge,0.87890625,-0.09018359333276749
Bob_Nicolas_Gonzalo,ridge,0.88671875,-0.09556122869253159
Bob_Nicolas_Gonzalo,ridge,0.89453125,-0.10062289983034134
Bob_Nicolas_Gonzalo,ridge,0.90234375,-0.10708903521299362
Bob_Nicolas_Gonzalo,ridge,0.91015625,-0.11517612636089325
Bob_Nicolas_Gonzalo,ridge,0.91796875,-0.12577171623706818
Bob_Nicolas_Gonzalo,ridge,0.92578125,-0.13913382589817047
Bob_Nicolas_Gonzalo,ridge,0.93359375,-0.15467706322669983
Bob_Nicolas_Gonzalo,ridge,0.94140625,-0.17188256978988647
Bob_Nicolas_Gonzalo,ridge,0.94921875,-0.1963813453912735
Bob_Nicolas_Gonzalo,ridge,0.95703125,-0.2216254472732544
Bob_Nicolas_Gonzalo,ridge,0.96484375,-0.24569055438041687
Bob_Nicolas_Gonzalo,ridge,0.97265625,-0.2575220465660095
Bob_Nicolas_Gonzalo,ridge,0.98046875,-0.25477102398872375
Bob_Nicolas_Gonzalo,ridge,0.98828125,-0.2562556564807892
Bob_Nicolas_Gonzalo,ridge,0.99609375,-0.2639351487159729
Bob_Nicolas_Gonzalo,ridge,1.0,-0.26644736528396606
Bob_Nicolas_Gonzalo,enet,0.0,0.11617349088191986
Bob_Nicolas_Gonzalo,enet,0.00390625,0.11323456466197968
Bob_Nicolas_Gonzalo,enet,0.01171875,0.10717976093292236
Bob_Nicolas_Gonzalo,enet,0.01953125,0.10097929835319519
Bob_Nicolas_Gonzalo,enet,0.02734375,0.0947994589805603
Bob_Nicolas_Gonzalo,enet,0.03515625,0.08878789842128754
Bob_Nicolas_Gonzalo,enet,0.04296875,0.08309656381607056
Bob_Nicolas_Gonzalo,enet,0.05078125,0.07794880867004395
Bob_Nicolas_Gonzalo,enet,0.05859375,0.0735594630241394
Bob_Nicolas_Gonzalo,enet,0.06640625,0.07003915309906006
Bob_Nicolas_Gonzalo,enet,0.07421875,0.06743240356445312
Bob_Nicolas_Gonzalo,enet,0.08203125,0.06587639451026917
Bob_Nicolas_Gonzalo,enet,0.08984375,0.06552550196647644
Bob_Nicolas_Gonzalo,enet,0.09765625,0.06652012467384338
Bob_Nicolas_Gonzalo,enet,0.10546875,0.0690106749534607
Bob_Nicolas_Gonzalo,enet,0.11328125,0.0731649249792099
Bob_Nicolas_Gonzalo,enet,0.12109375,0.07919634878635406
Bob_Nicolas_Gonzalo,enet,0.12890625,0.08725792169570923
Bob_Nicolas_Gonzalo,enet,0.13671875,0.09751632809638977
Bob_Nicolas_Gonzalo,enet,0.14453125,0.11027434468269348
Bob_Nicolas_Gonzalo,enet,0.15234375,0.12581263482570648
Bob_Nicolas_Gonzalo,enet,0.16015625,0.14422295987606049
Bob_Nicolas_Gonzalo,enet,0.16796875,0.16568292677402496
Bob_Nicolas_Gonzalo,enet,0.17578125,0.1904219537973404
Bob_Nicolas_Gonzalo,enet,0.18359375,0.21852388978004456
Bob_Nicolas_Gonzalo,enet,0.19140625,0.25000280141830444
Bob_Nicolas_Gonzalo,enet,0.19921875,0.2848031520843506
Bob_Nicolas_Gonzalo,enet,0.20703125,0.3228886127471924
Bob_Nicolas_Gonzalo,enet,0.21484375,0.3643336892127991
Bob_Nicolas_Gonzalo,enet,0.22265625,0.40927940607070923
Bob_Nicolas_Gonzalo,enet,0.23046875,0.4579008221626282
Bob_Nicolas_Gonzalo,enet,0.23828125,0.5103317499160767
Bob_Nicolas_Gonzalo,enet,0.24609375,0.5666518807411194
Bob_Nicolas_Gonzalo,enet,0.25390625,0.6269001960754395
Bob_Nicolas_Gonzalo,enet,0.26171875,0.6911302804946899
Bob_Nicolas_Gonzalo,enet,0.26953125,0.7595164775848389
Bob_Nicolas_Gonzalo,enet,0.27734375,0.83233642578125
Bob_Nicolas_Gonzalo,enet,0.28515625,0.9099271297454834
Bob_Nicolas_Gonzalo,enet,0.29296875,0.9927471280097961
Bob_Nicolas_Gonzalo,enet,0.30078125,1.0814094543457031
Bob_Nicolas_Gonzalo,enet,0.30859375,1.1765704154968262
Bob_Nicolas_Gonzalo,enet,0.31640625,1.2787582874298096
Bob_Nicolas_Gonzalo,enet,0.32421875,1.3882250785827637
Bob_Nicolas_Gonzalo,enet,0.33203125,1.5048575401306152
Bob_Nicolas_Gonzalo,enet,0.33984375,1.6281249523162842
Bob_Nicolas_Gonzalo,enet,0.34765625,1.757056713104248
Bob_Nicolas_Gonzalo,enet,0.35546875,1.8902323246002197
Bob_Nicolas_Gonzalo,enet,0.36328125,2.0258729457855225
Bob_Nicolas_Gonzalo,enet,0.37109375,2.1619300842285156
Bob_Nicolas_Gonzalo,enet,0.37890625,2.296116828918457
Bob_Nicolas_Gonzalo,enet,0.38671875,2.425863265991211
Bob_Nicolas_Gonzalo,enet,0.39453125,2.548332929611206
Bob_Nicolas_Gonzalo,enet,0.40234375,2.660640001296997
Bob_Nicolas_Gonzalo,enet,0.41015625,2.7600059509277344
Bob_Nicolas_Gonzalo,enet,0.41796875,2.843553066253662
Bob_Nicolas_Gonzalo,enet,0.42578125,2.9083240032196045
Bob_Nicolas_Gonzalo,enet,0.43359375,2.9515554904937744
Bob_Nicolas_Gonzalo,enet,0.44140625,2.9713432788848877
Bob_Nicolas_Gonzalo,enet,0.44921875,2.9674999713897705
Bob_Nicolas_Gonzalo,enet,0.45703125,2.9419007301330566
Bob_Nicolas_Gonzalo,enet,0.46484375,2.8977317810058594
Bob_Nicolas_Gonzalo,enet,0.47265625,2.838139057159424
Bob_Nicolas_Gonzalo,enet,0.48046875,2.7654244899749756
Bob_Nicolas_Gonzalo,enet,0.48828125,2.68137526512146
Bob_Nicolas_Gonzalo,enet,0.49609375,2.588313341140747
Bob_Nicolas_Gonzalo,enet,0.50390625,2.489415168762207
Bob_Nicolas_Gonzalo,enet,0.51171875,2.3880417346954346
Bob_Nicolas_Gonzalo,enet,0.51953125,2.2868285179138184
Bob_Nicolas_Gonzalo,enet,0.52734375,2.187333345413208
Bob_Nicolas_Gonzalo,enet,0.53515625,2.090146780014038
Bob_Nicolas_Gonzalo,enet,0.54296875,1.9951024055480957
Bob_Nicolas_Gonzalo,enet,0.55078125,1.9015955924987793
Bob_Nicolas_Gonzalo,enet,0.55859375,1.8090133666992188
Bob_Nicolas_Gonzalo,enet,0.56640625,1.7171027660369873
Bob_Nicolas_Gonzalo,enet,0.57421875,1.6261682510375977
Bob_Nicolas_Gonzalo,enet,0.58203125,1.5368812084197998
Bob_Nicolas_Gonzalo,enet,0.58984375,1.449814796447754
Bob_Nicolas_Gonzalo,enet,0.59765625,1.365315556526184
Bob_Nicolas_Gonzalo,enet,0.60546875,1.2835807800292969
Bob_Nicolas_Gonzalo,enet,0.61328125,1.2046524286270142
Bob_Nicolas_Gonzalo,enet,0.62109375,1.1283549070358276
Bob_Nicolas_Gonzalo,enet,0.62890625,1.0543063879013062
Bob_Nicolas_Gonzalo,enet,0.63671875,0.9820127487182617
Bob_Nicolas_Gonzalo,enet,0.64453125,0.911005973815918
Bob_Nicolas_Gonzalo,enet,0.65234375,0.8409358263015747
Bob_Nicolas_Gonzalo,enet,0.66015625,0.7716282606124878
Bob_Nicolas_Gonzalo,enet,0.66796875,0.7031041979789734
Bob_Nicolas_Gonzalo,enet,0.67578125,0.6355534791946411
Bob_Nicolas_Gonzalo,enet,0.68359375,0.5692670345306396
Bob_Nicolas_Gonzalo,enet,0.69140625,0.504563570022583
Bob_Nicolas_Gonzalo,enet,0.69921875,0.44181370735168457
Bob_Nicolas_Gonzalo,enet,0.70703125,0.38167083263397217
Bob_Nicolas_Gonzalo,enet,0.71484375,0.3250871002674103
Bob_Nicolas_Gonzalo,enet,0.72265625,0.272807776927948
Bob_Nicolas_Gonzalo,enet,0.73046875,0.2251589000225067
Bob_Nicolas_Gonzalo,enet,0.73828125,0.1821376383304596
Bob_Nicolas_Gonzalo,enet,0.74609375,0.14350160956382751
Bob_Nicolas_Gonzalo,enet,0.75390625,0.10890115052461624
Bob_Nicolas_Gonzalo,enet,0.76171875,0.07794584333896637
Bob_Nicolas_Gonzalo,enet,0.76953125,0.05023452639579773
Bob_Nicolas_Gonzalo,enet,0.77734375,0.025576576590538025
Bob_Nicolas_Gonzalo,enet,0.78515625,0.0041480958461761475
Bob_Nicolas_Gonzalo,enet,0.79296875,-0.014145612716674805
Bob_Nicolas_Gonzalo,enet,0.80078125,-0.030621379613876343
Bob_Nicolas_Gonzalo,enet,0.80859375,-0.046395763754844666
Bob_Nicolas_Gonzalo,enet,0.81640625,-0.06108711659908295
Bob_Nicolas_Gonzalo,enet,0.82421875,-0.07437044382095337
Bob_Nicolas_Gonzalo,enet,0.83203125,-0.08615678548812866
Bob_Nicolas_Gonzalo,enet,0.83984375,-0.09609729051589966
Bob_Nicolas_Gonzalo,enet,0.84765625,-0.10367688536643982
Bob_Nicolas_Gonzalo,enet,0.85546875,-0.10858553647994995
Bob_Nicolas_Gonzalo,enet,0.86328125,-0.1106739342212677
Bob_Nicolas_Gonzalo,enet,0.87109375,-0.1093224436044693
Bob_Nicolas_Gonzalo,enet,0.87890625,-0.10385993123054504
Bob_Nicolas_Gonzalo,enet,0.88671875,-0.0954023003578186
Bob_Nicolas_Gonzalo,enet,0.89453125,-0.0874737948179245
Bob_Nicolas_Gonzalo,enet,0.90234375,-0.08369714021682739
Bob_Nicolas_Gonzalo,enet,0.91015625,-0.08580869436264038
Bob_Nicolas_Gonzalo,enet,0.91796875,-0.09395982325077057
Bob_Nicolas_Gonzalo,enet,0.92578125,-0.1084381490945816
Bob_Nicolas_Gonzalo,enet,0.93359375,-0.12899655103683472
Bob_Nicolas_Gonzalo,enet,0.94140625,-0.15058498084545135
Bob_Nicolas_Gonzalo,enet,0.94921875,-0.17542357742786407
Bob_Nicolas_Gonzalo,enet,0.95703125,-0.20260027050971985
Bob_Nicolas_Gonzalo,enet,0.96484375,-0.22721245884895325
Bob_Nicolas_Gonzalo,enet,0.97265625,-0.2373366504907608
Bob_Nicolas_Gonzalo,enet,0.98046875,-0.2241349220275879
Bob_Nicolas_Gonzalo,enet,0.98828125,-0.21152988076210022
Bob_Nicolas_Gonzalo,enet,0.99609375,-0.20054379105567932
Bob_Nicolas_Gonzalo,enet,1.0,-0.1944015473127365
Chris_Chandler_King,ridge,0.0,4.121227741241455
Chris_Chandler_King,ridge,0.00390625,4.122400283813477
Chris_Chandler_King,ridge,0.01171875,4.125049114227295
Chris_Chandler_King,ridge,0.01953125,4.128037452697754
Chris_Chandler_King,ridge,0.02734375,4.131037712097168
Chris_Chandler_King,ridge,0.03515625,4.1331682205200195
Chris_Chandler_King,ridge,0.04296875,4.135175704956055
Chris_Chandler_King,ridge,0.05078125,4.135335922241211
Chris_Chandler_King,ridge,0.05859375,4.133202075958252
Chris_Chandler_King,ridge,0.06640625,4.130735874176025
Chris_Chandler_King,ridge,0.07421875,4.128810882568359
Chris_Chandler_King,ridge,0.08203125,4.127433776855469
Chris_Chandler_King,ridge,0.08984375,4.12621545791626
Chris_Chandler_King,ridge,0.09765625,4.124835014343262
Chris_Chandler_King,ridge,0.10546875,4.123110771179199
Chris_Chandler_King,ridge,0.11328125,4.120864391326904
Chris_Chandler_King,ridge,0.12109375,4.118040084838867
Chris_Chandler_King,ridge,0.12890625,4.1147966384887695
Chris_Chandler_King,ridge,0.13671875,4.111351013183594
Chris_Chandler_King,ridge,0.14453125,4.107951641082764
Chris_Chandler_King,ridge,0.15234375,4.104762077331543
Chris_Chandler_King,ridge,0.16015625,4.101846694946289
Chris_Chandler_King,ridge,0.16796875,4.099165916442871
Chris_Chandler_King,ridge,0.17578125,4.09658145904541
Chris_Chandler_King,ridge,0.18359375,4.093932151794434
Chris_Chandler_King,ridge,0.19140625,4.0910491943359375
Chris_Chandler_King,ridge,0.19921875,4.087761878967285
Chris_Chandler_King,ridge,0.20703125,4.083874702453613
Chris_Chandler_King,ridge,0.21484375,4.079151153564453
Chris_Chandler_King,ridge,0.22265625,4.073302745819092
Chris_Chandler_King,ridge,0.23046875,4.0659379959106445
Chris_Chandler_King,ridge,0.23828125,4.056656360626221
Chris_Chandler_King,ridge,0.24609375,4.045074462890625
Chris_Chandler_King,ridge,0.25390625,4.030791759490967
Chris_Chandler_King,ridge,0.26171875,4.013469696044922
Chris_Chandler_King,ridge,0.26953125,3.99271297454834
Chris_Chandler_King,ridge,0.27734375,3.968158721923828
Chris_Chandler_King,ridge,0.28515625,3.939420700073242
Chris_Chandler_King,ridge,0.29296875,3.9064383506774902
Chris_Chandler_King,ridge,0.30078125,3.8694803714752197
Chris_Chandler_King,ridge,0.30859375,3.8290441036224365
Chris_Chandler_King,ridge,0.31640625,3.7857909202575684
Chris_Chandler_King,ridge,0.32421875,3.7403523921966553
Chris_Chandler_King,ridge,0.33203125,3.6931302547454834
Chris_Chandler_King,ridge,0.33984375,3.64416766166687
Chris_Chandler_King,ridge,0.34765625,3.5930471420288086
Chris_Chandler_King,ridge,0.35546875,3.538881540298462
Chris_Chandler_King,ridge,0.36328125,3.480328321456909
Chris_Chandler_King,ridge,0.37109375,3.4156975746154785
Chris_Chandler_King,ridge,0.37890625,3.3433260917663574
Chris_Chandler_King,ridge,0.38671875,3.262129545211792
Chris_Chandler_King,ridge,0.39453125,3.1721630096435547
Chris_Chandler_King,ridge,0.40234375,3.0744218826293945
Chris_Chandler_King,ridge,0.41015625,2.97007417678833
Chris_Chandler_King,ridge,0.41796875,2.8600831031799316
Chris_Chandler_King,ridge,0.42578125,2.7453527450561523
Chris_Chandler_King,ridge,0.43359375,2.6270508766174316
Chris_Chandler_King,ridge,0.44140625,2.506209373474121
Chris_Chandler_King,ridge,0.44921875,2.383362293243408
Chris_Chandler_King,ridge,0.45703125,2.2585558891296387
Chris_Chandler_King,ridge,0.46484375,2.131351947784424
Chris_Chandler_King,ridge,0.47265625,2.0008771419525146
Chris_Chandler_King,ridge,0.48046875,1.8665063381195068
Chris_Chandler_King,ridge,0.48828125,1.72895348072052
Chris_Chandler_King,ridge,0.49609375,1.5904533863067627
Chris_Chandler_King,ridge,0.50390625,1.453551173210144
Chris_Chandler_King,ridge,0.51171875,1.3196203708648682
Chris_Chandler_King,ridge,0.51953125,1.188896894454956
Chris_Chandler_King,ridge,0.52734375,1.0616405010223389
Chris_Chandler_King,ridge,0.53515625,0.9387588500976562
Chris_Chandler_King,ridge,0.54296875,0.821671724319458
Chris_Chandler_King,ridge,0.55078125,0.7119981050491333
Chris_Chandler_King,ridge,0.55859375,0.6112075448036194
Chris_Chandler_King,ridge,0.56640625,0.5202696919441223
Chris_Chandler_King,ridge,0.57421875,0.43947023153305054
Chris_Chandler_King,ridge,0.58203125,0.36840617656707764
Chris_Chandler_King,ridge,0.58984375,0.30611228942871094
Chris_Chandler_King,ridge,0.59765625,0.2511692941188812
Chris_Chandler_King,ridge,0.60546875,0.20193231105804443
Chris_Chandler_King,ridge,0.61328125,0.15678396821022034
Chris_Chandler_King,ridge,0.62109375,0.11442062258720398
Chris_Chandler_King,ridge,0.62890625,0.07392191886901855
Chris_Chandler_King,ridge,0.63671875,0.034633174538612366
Chris_Chandler_King,ridge,0.64453125,-0.003952547907829285
Chris_Chandler_King,ridge,0.65234375,-0.042182937264442444
Chris_Chandler_King,ridge,0.66015625,-0.08019691705703735
Chris_Chandler_King,ridge,0.66796875,-0.11796481907367706
Chris_Chandler_King,ridge,0.67578125,-0.1553809642791748
Chris_Chandler_King,ridge,0.68359375,-0.1922900676727295
Chris_Chandler_King,ridge,0.69140625,-0.2284216582775116
Chris_Chandler_King,ridge,0.69921875,-0.2634114921092987
Chris_Chandler_King,ridge,0.70703125,-0.2969842553138733
Chris_Chandler_King,ridge,0.71484375,-0.32904306054115295
Chris_Chandler_King,ridge,0.72265625,-0.3595145046710968
Chris_Chandler_King,ridge,0.73046875,-0.38825103640556335
Chris_Chandler_King,ridge,0.73828125,-0.4151134490966797
Chris_Chandler_King,ridge,0.74609375,-0.4400227665901184
Chris_Chandler_King,ridge,0.75390625,-0.462900310754776
Chris_Chandler_King,ridge,0.76171875,-0.48356497287750244
Chris_Chandler_King,ridge,0.76953125,-0.5017270445823669
Chris_Chandler_King,ridge,0.77734375,-0.5171794295310974
Chris_Chandler_King,ridge,0.78515625,-0.5298756957054138
Chris_Chandler_King,ridge,0.79296875,-0.5399411916732788
Chris_Chandler_King,ridge,0.80078125,-0.5476070046424866
Chris_Chandler_King,ridge,0.80859375,-0.5530858635902405
Chris_Chandler_King,ridge,0.81640625,-0.5566637516021729
Chris_Chandler_King,ridge,0.82421875,-0.5587772130966187
Chris_Chandler_King,ridge,0.83203125,-0.5599271059036255
Chris_Chandler_King,ridge,0.83984375,-0.5607250332832336
Chris_Chandler_King,ridge,0.84765625,-0.5618290305137634
Chris_Chandler_King,ridge,0.85546875,-0.563287615776062
Chris_Chandler_King,ridge,0.86328125,-0.5653270483016968
Chris_Chandler_King,ridge,0.87109375,-0.56954026222229
Chris_Chandler_King,ridge,0.87890625,-0.5769053101539612
Chris_Chandler_King,ridge,0.88671875,-0.5870921015739441
Chris_Chandler_King,ridge,0.89453125,-0.5986396074295044
Chris_Chandler_King,ridge,0.90234375,-0.6108417510986328
Chris_Chandler_King,ridge,0.91015625,-0.6226550340652466
Chris_Chandler_King,ridge,0.91796875,-0.6329131126403809
Chris_Chandler_King,ridge,0.92578125,-0.6495102047920227
Chris_Chandler_King,ridge,0.93359375,-0.6786584854125977
Chris_Chandler_King,ridge,0.94140625,-0.7175560593605042
Chris_Chandler_King,ridge,0.94921875,-0.7647131085395813
Chris_Chandler_King,ridge,0.95703125,-0.8075671792030334
Chris_Chandler_King,ridge,0.96484375,-0.8376823663711548
Chris_Chandler_King,ridge,0.97265625,-0.8738914728164673
Chris_Chandler_King,ridge,0.98046875,-0.9120181798934937
Chris_Chandler_King,ridge,0.98828125,-0.94130939245224
Chris_Chandler_King,ridge,0.99609375,-0.9508872032165527
Chris_Chandler_King,ridge,1.0,-0.9532956480979919
Chris_Chandler_King,enet,0.0,-0.29676830768585205
Chris_Chandler_King,enet,0.00390625,-0.29566890001296997
Chris_Chandler_King,enet,0.01171875,-0.29371681809425354
Chris_Chandler_King,enet,0.01953125,-0.2923874258995056
Chris_Chandler_King,enet,0.02734375,-0.2917344868183136
Chris_Chandler_King,enet,0.03515625,-0.29201361536979675
Chris_Chandler_King,enet,0.04296875,-0.2924468219280243
Chris_Chandler_King,enet,0.05078125,-0.2947424650192261
Chris_Chandler_King,enet,0.05859375,-0.2983074188232422
Chris_Chandler_King,enet,0.06640625,-0.3009592294692993
Chris_Chandler_King,enet,0.07421875,-0.3018004894256592
Chris_Chandler_King,enet,0.08203125,-0.3008839190006256
Chris_Chandler_King,enet,0.08984375,-0.2985835075378418
Chris_Chandler_King,enet,0.09765625,-0.2950593829154968
Chris_Chandler_King,enet,0.10546875,-0.2900070548057556
Chris_Chandler_King,enet,0.11328125,-0.2834583520889282
Chris_Chandler_King,enet,0.12109375,-0.27545610070228577
Chris_Chandler_King,enet,0.12890625,-0.2658076882362366
Chris_Chandler_King,enet,0.13671875,-0.25414222478866577
Chris_Chandler_King,enet,0.14453125,-0.24002328515052795
Chris_Chandler_King,enet,0.15234375,-0.22316241264343262
Chris_Chandler_King,enet,0.16015625,-0.20343810319900513
Chris_Chandler_King,enet,0.16796875,-0.18078407645225525
Chris_Chandler_King,enet,0.17578125,-0.15519028902053833
Chris_Chandler_King,enet,0.18359375,-0.12667661905288696
Chris_Chandler_King,enet,0.19140625,-0.09528243541717529
Chris_Chandler_King,enet,0.19921875,-0.06116604804992676
Chris_Chandler_King,enet,0.20703125,-0.0245821475982666
Chris_Chandler_King,enet,0.21484375,0.01426917314529419
Chris_Chandler_King,enet,0.22265625,0.05521008372306824
Chris_Chandler_King,enet,0.23046875,0.09781479835510254
Chris_Chandler_King,enet,0.23828125,0.14149239659309387
Chris_Chandler_King,enet,0.24609375,0.18573851883411407
Chris_Chandler_King,enet,0.25390625,0.23004840314388275
Chris_Chandler_King,enet,0.26171875,0.2739514112472534
Chris_Chandler_King,enet,0.26953125,0.31703808903694153
Chris_Chandler_King,enet,0.27734375,0.35890698432922363
Chris_Chandler_King,enet,0.28515625,0.3990213871002197
Chris_Chandler_King,enet,0.29296875,0.4371492862701416
Chris_Chandler_King,enet,0.30078125,0.47332239151000977
Chris_Chandler_King,enet,0.30859375,0.5077701807022095
Chris_Chandler_King,enet,0.31640625,0.5409883260726929
Chris_Chandler_King,enet,0.32421875,0.5737321972846985
Chris_Chandler_King,enet,0.33203125,0.6068410873413086
Chris_Chandler_King,enet,0.33984375,0.6410946249961853
Chris_Chandler_King,enet,0.34765625,0.6770415902137756
Chris_Chandler_King,enet,0.35546875,0.7149389982223511
Chris_Chandler_King,enet,0.36328125,0.7547878623008728
Chris_Chandler_King,enet,0.37109375,0.7962498068809509
Chris_Chandler_King,enet,0.37890625,0.8385728001594543
Chris_Chandler_King,enet,0.38671875,0.8806619048118591
Chris_Chandler_King,enet,0.39453125,0.9213809370994568
Chris_Chandler_King,enet,0.40234375,0.9597015380859375
Chris_Chandler_King,enet,0.41015625,0.9944593906402588
Chris_Chandler_King,enet,0.41796875,1.024073839187622
Chris_Chandler_King,enet,0.42578125,1.0468111038208008
Chris_Chandler_King,enet,0.43359375,1.0613367557525635
Chris_Chandler_King,enet,0.44140625,1.0665544271469116
Chris_Chandler_King,enet,0.44921875,1.0615566968917847
Chris_Chandler_King,enet,0.45703125,1.045905590057373
Chris_Chandler_King,enet,0.46484375,1.0197978019714355
Chris_Chandler_King,enet,0.47265625,0.9838805198669434
Chris_Chandler_King,enet,0.48046875,0.9391630291938782
Chris_Chandler_King,enet,0.48828125,0.8871942758560181
Chris_Chandler_King,enet,0.49609375,0.830024242401123
Chris_Chandler_King,enet,0.50390625,0.7694628238677979
Chris_Chandler_King,enet,0.51171875,0.7059822082519531
Chris_Chandler_King,enet,0.51953125,0.6387972235679626
Chris_Chandler_King,enet,0.52734375,0.5672476291656494
Chris_Chandler_King,enet,0.53515625,0.49188846349716187
Chris_Chandler_King,enet,0.54296875,0.4143642783164978
Chris_Chandler_King,enet,0.55078125,0.33681923151016235
Chris_Chandler_King,enet,0.55859375,0.2613484263420105
Chris_Chandler_King,enet,0.56640625,0.18955986201763153
Chris_Chandler_King,enet,0.57421875,0.12240990996360779
Chris_Chandler_King,enet,0.58203125,0.06032779812812805
Chris_Chandler_King,enet,0.58984375,0.0034648627042770386
Chris_Chandler_King,enet,0.59765625,-0.048179641366004944
Chris_Chandler_King,enet,0.60546875,-0.09474034607410431
Chris_Chandler_King,enet,0.61328125,-0.1365077793598175
Chris_Chandler_King,enet,0.62109375,-0.17385680973529816
Chris_Chandler_King,enet,0.62890625,-0.20714199542999268
Chris_Chandler_King,enet,0.63671875,-0.23664015531539917
Chris_Chandler_King,enet,0.64453125,-0.262638658285141
Chris_Chandler_King,enet,0.65234375,-0.28551506996154785
Chris_Chandler_King,enet,0.66015625,-0.30569231510162354
Chris_Chandler_King,enet,0.66796875,-0.3235805928707123
Chris_Chandler_King,enet,0.67578125,-0.3395605981349945
Chris_Chandler_King,enet,0.68359375,-0.3539562225341797
Chris_Chandler_King,enet,0.69140625,-0.3669876456260681
Chris_Chandler_King,enet,0.69921875,-0.37877508997917175
Chris_Chandler_King,enet,0.70703125,-0.3893219828605652
Chris_Chandler_King,enet,0.71484375,-0.39852580428123474
Chris_Chandler_King,enet,0.72265625,-0.40621113777160645
Chris_Chandler_King,enet,0.73046875,-0.4122806787490845
Chris_Chandler_King,enet,0.73828125,-0.41695499420166016
Chris_Chandler_King,enet,0.74609375,-0.4207877516746521
Chris_Chandler_King,enet,0.75390625,-0.42428794503211975
Chris_Chandler_King,enet,0.76171875,-0.42770862579345703
Chris_Chandler_King,enet,0.76953125,-0.43123894929885864
Chris_Chandler_King,enet,0.77734375,-0.43520084023475647
Chris_Chandler_King,enet,0.78515625,-0.4399591088294983
Chris_Chandler_King,enet,0.79296875,-0.44578784704208374
Chris_Chandler_King,enet,0.80078125,-0.45276010036468506
Chris_Chandler_King,enet,0.80859375,-0.46062251925468445
Chris_Chandler_King,enet,0.81640625,-0.46896034479141235
Chris_Chandler_King,enet,0.82421875,-0.4774508476257324
Chris_Chandler_King,enet,0.83203125,-0.4858429431915283
Chris_Chandler_King,enet,0.83984375,-0.493925541639328
Chris_Chandler_King,enet,0.84765625,-0.5013193488121033
Chris_Chandler_King,enet,0.85546875,-0.5071684122085571
Chris_Chandler_King,enet,0.86328125,-0.5120947360992432
Chris_Chandler_King,enet,0.87109375,-0.5181429982185364
Chris_Chandler_King,enet,0.87890625,-0.525963306427002
Chris_Chandler_King,enet,0.88671875,-0.535848081111908
Chris_Chandler_King,enet,0.89453125,-0.5479244589805603
Chris_Chandler_King,enet,0.90234375,-0.5591098666191101
Chris_Chandler_King,enet,0.91015625,-0.5676689743995667
Chris_Chandler_King,enet,0.91796875,-0.5721815228462219
Chris_Chandler_King,enet,0.92578125,-0.5778394341468811
Chris_Chandler_King,enet,0.93359375,-0.5895791053771973
Chris_Chandler_King,enet,0.94140625,-0.6069991588592529
Chris_Chandler_King,enet,0.94921875,-0.6252115964889526
Chris_Chandler_King,enet,0.95703125,-0.6395022869110107
Chris_Chandler_King,enet,0.96484375,-0.6565411686897278
Chris_Chandler_King,enet,0.97265625,-0.6727095246315002
Chris_Chandler_King,enet,0.98046875,-0.6970794796943665
Chris_Chandler_King,enet,0.98828125,-0.7268697619438171
Chris_Chandler_King,enet,0.99609375,-0.7617493867874146
Chris_Chandler_King,enet,1.0,-0.7762144804000854
Chris_Jason_Paulson,ridge,0.0,4.197296142578125
Chris_Jason_Paulson,ridge,0.00390625,4.194095134735107
Chris_Jason_Paulson,ridge,0.01171875,4.18754768371582
Chris_Jason_Paulson,ridge,0.01953125,4.180710315704346
Chris_Jason_Paulson,ridge,0.02734375,4.173558235168457
Chris_Jason_Paulson,ridge,0.03515625,4.16605281829834
Chris_Jason_Paulson,ridge,0.04296875,4.15824556350708
Chris_Jason_Paulson,ridge,0.05078125,4.150304794311523
Chris_Jason_Paulson,ridge,0.05859375,4.142288684844971
Chris_Jason_Paulson,ridge,0.06640625,4.134181976318359
Chris_Jason_Paulson,ridge,0.07421875,4.126083850860596
Chris_Jason_Paulson,ridge,0.08203125,4.118248462677002
Chris_Jason_Paulson,ridge,0.08984375,4.110918998718262
Chris_Jason_Paulson,ridge,0.09765625,4.104216575622559
Chris_Jason_Paulson,ridge,0.10546875,4.098106384277344
Chris_Jason_Paulson,ridge,0.11328125,4.092595100402832
Chris_Jason_Paulson,ridge,0.12109375,4.087698936462402
Chris_Jason_Paulson,ridge,0.12890625,4.083345890045166
Chris_Jason_Paulson,ridge,0.13671875,4.079468250274658
Chris_Jason_Paulson,ridge,0.14453125,4.076041221618652
Chris_Jason_Paulson,ridge,0.15234375,4.073057651519775
Chris_Jason_Paulson,ridge,0.16015625,4.070563316345215
Chris_Jason_Paulson,ridge,0.16796875,4.068586826324463
Chris_Jason_Paulson,ridge,0.17578125,4.067060470581055
Chris_Jason_Paulson,ridge,0.18359375,4.065876007080078
Chris_Jason_Paulson,ridge,0.19140625,4.064729690551758
Chris_Jason_Paulson,ridge,0.19921875,4.063294887542725
Chris_Jason_Paulson,ridge,0.20703125,4.061176300048828
Chris_Jason_Paulson,ridge,0.21484375,4.057957649230957
Chris_Jason_Paulson,ridge,0.22265625,4.053145885467529
Chris_Jason_Paulson,ridge,0.23046875,4.045812606811523
Chris_Jason_Paulson,ridge,0.23828125,4.035088062286377
Chris_Jason_Paulson,ridge,0.24609375,4.020260334014893
Chris_Jason_Paulson,ridge,0.25390625,4.000936985015869
Chris_Jason_Paulson,ridge,0.26171875,3.9774012565612793
Chris_Jason_Paulson,ridge,0.26953125,3.9504806995391846
Chris_Jason_Paulson,ridge,0.27734375,3.9213218688964844
Chris_Jason_Paulson,ridge,0.28515625,3.891116142272949
Chris_Jason_Paulson,ridge,0.29296875,3.8610353469848633
Chris_Jason_Paulson,ridge,0.30078125,3.8322503566741943
Chris_Jason_Paulson,ridge,0.30859375,3.8058128356933594
Chris_Jason_Paulson,ridge,0.31640625,3.782560348510742
Chris_Jason_Paulson,ridge,0.32421875,3.7629003524780273
Chris_Jason_Paulson,ridge,0.33203125,3.746612787246704
Chris_Jason_Paulson,ridge,0.33984375,3.7327635288238525
Chris_Jason_Paulson,ridge,0.34765625,3.7192184925079346
Chris_Jason_Paulson,ridge,0.35546875,3.702291488647461
Chris_Jason_Paulson,ridge,0.36328125,3.6776485443115234
Chris_Jason_Paulson,ridge,0.37109375,3.641876220703125
Chris_Jason_Paulson,ridge,0.37890625,3.592944383621216
Chris_Jason_Paulson,ridge,0.38671875,3.5299465656280518
Chris_Jason_Paulson,ridge,0.39453125,3.453035831451416
Chris_Jason_Paulson,ridge,0.40234375,3.3632326126098633
Chris_Jason_Paulson,ridge,0.41015625,3.2621288299560547
Chris_Jason_Paulson,ridge,0.41796875,3.1519570350646973
Chris_Jason_Paulson,ridge,0.42578125,3.035468101501465
Chris_Jason_Paulson,ridge,0.43359375,2.916299819946289
Chris_Jason_Paulson,ridge,0.44140625,2.7986550331115723
Chris_Jason_Paulson,ridge,0.44921875,2.6857376098632812
Chris_Jason_Paulson,ridge,0.45703125,2.5788958072662354
Chris_Jason_Paulson,ridge,0.46484375,2.4780466556549072
Chris_Jason_Paulson,ridge,0.47265625,2.3827500343322754
Chris_Jason_Paulson,ridge,0.48046875,2.2929394245147705
Chris_Jason_Paulson,ridge,0.48828125,2.2089877128601074
Chris_Jason_Paulson,ridge,0.49609375,2.131866216659546
Chris_Jason_Paulson,ridge,0.50390625,2.062681198120117
Chris_Jason_Paulson,ridge,0.51171875,2.001770496368408
Chris_Jason_Paulson,ridge,0.51953125,1.9484617710113525
Chris_Jason_Paulson,ridge,0.52734375,1.9013514518737793
Chris_Jason_Paulson,ridge,0.53515625,1.8587665557861328
Chris_Jason_Paulson,ridge,0.54296875,1.8191739320755005
Chris_Jason_Paulson,ridge,0.55078125,1.7813538312911987
Chris_Jason_Paulson,ridge,0.55859375,1.7441518306732178
Chris_Jason_Paulson,ridge,0.56640625,1.7062028646469116
Chris_Jason_Paulson,ridge,0.57421875,1.6660680770874023
Chris_Jason_Paulson,ridge,0.58203125,1.6226468086242676
Chris_Jason_Paulson,ridge,0.58984375,1.5754413604736328
Chris_Jason_Paulson,ridge,0.59765625,1.5245826244354248
Chris_Jason_Paulson,ridge,0.60546875,1.4706594944000244
Chris_Jason_Paulson,ridge,0.61328125,1.414435863494873
Chris_Jason_Paulson,ridge,0.62109375,1.3566644191741943
Chris_Jason_Paulson,ridge,0.62890625,1.297990083694458
Chris_Jason_Paulson,ridge,0.63671875,1.2390086650848389
Chris_Jason_Paulson,ridge,0.64453125,1.1804115772247314
Chris_Jason_Paulson,ridge,0.65234375,1.1230230331420898
Chris_Jason_Paulson,ridge,0.66015625,1.0676977634429932
Chris_Jason_Paulson,ridge,0.66796875,1.0150327682495117
Chris_Jason_Paulson,ridge,0.67578125,0.9651414155960083
Chris_Jason_Paulson,ridge,0.68359375,0.9175742268562317
Chris_Jason_Paulson,ridge,0.69140625,0.871536374092102
Chris_Jason_Paulson,ridge,0.69921875,0.8260880708694458
Chris_Jason_Paulson,ridge,0.70703125,0.7803924083709717
Chris_Jason_Paulson,ridge,0.71484375,0.7341423630714417
Chris_Jason_Paulson,ridge,0.72265625,0.6875913143157959
Chris_Jason_Paulson,ridge,0.73046875,0.6410940289497375
Chris_Jason_Paulson,ridge,0.73828125,0.5948075652122498
Chris_Jason_Paulson,ridge,0.74609375,0.5487830638885498
Chris_Jason_Paulson,ridge,0.75390625,0.5031691193580627
Chris_Jason_Paulson,ridge,0.76171875,0.4583234190940857
Chris_Jason_Paulson,ridge,0.76953125,0.41467607021331787
Chris_Jason_Paulson,ridge,0.77734375,0.37248316407203674
Chris_Jason_Paulson,ridge,0.78515625,0.3319122791290283
Chris_Jason_Paulson,ridge,0.79296875,0.29343435168266296
Chris_Jason_Paulson,ridge,0.80078125,0.25780734419822693
Chris_Jason_Paulson,ridge,0.80859375,0.22567099332809448
Chris_Jason_Paulson,ridge,0.81640625,0.19755296409130096
Chris_Jason_Paulson,ridge,0.82421875,0.1733170747756958
Chris_Jason_Paulson,ridge,0.83203125,0.15182647109031677
Chris_Jason_Paulson,ridge,0.83984375,0.13182616233825684
Chris_Jason_Paulson,ridge,0.84765625,0.11264647543430328
Chris_Jason_Paulson,ridge,0.85546875,0.09433691203594208
Chris_Jason_Paulson,ridge,0.86328125,0.07735952734947205
Chris_Jason_Paulson,ridge,0.87109375,0.062190815806388855
Chris_Jason_Paulson,ridge,0.87890625,0.049037009477615356
Chris_Jason_Paulson,ridge,0.88671875,0.03778611123561859
Chris_Jason_Paulson,ridge,0.89453125,0.027987435460090637
Chris_Jason_Paulson,ridge,0.90234375,0.02008993923664093
Chris_Jason_Paulson,ridge,0.91015625,0.014082401990890503
Chris_Jason_Paulson,ridge,0.91796875,0.008856132626533508
Chris_Jason_Paulson,ridge,0.92578125,0.006487399339675903
Chris_Jason_Paulson,ridge,0.93359375,0.006978914141654968
Chris_Jason_Paulson,ridge,0.94140625,0.007956050336360931
Chris_Jason_Paulson,ridge,0.94921875,0.006508104503154755
Chris_Jason_Paulson,ridge,0.95703125,-0.0003251805901527405
Chris_Jason_Paulson,ridge,0.96484375,-0.016280420124530792
Chris_Jason_Paulson,ridge,0.97265625,-0.03197605907917023
Chris_Jason_Paulson,ridge,0.98046875,-0.03989528864622116
Chris_Jason_Paulson,ridge,0.98828125,-0.05225103348493576
Chris_Jason_Paulson,ridge,0.99609375,-0.04998074471950531
Chris_Jason_Paulson,ridge,1.0,-0.041009798645973206
Chris_Jason_Paulson,enet,0.0,-0.12405622005462646
Chris_Jason_Paulson,enet,0.00390625,-0.12621855735778809
Chris_Jason_Paulson,enet,0.01171875,-0.1307457685470581
Chris_Jason_Paulson,enet,0.01953125,-0.13559424877166748
Chris_Jason_Paulson,enet,0.02734375,-0.14078670740127563
Chris_Jason_Paulson,enet,0.03515625,-0.1463354229927063
Chris_Jason_Paulson,enet,0.04296875,-0.15217778086662292
Chris_Jason_Paulson,enet,0.05078125,-0.1581074297428131
Chris_Jason_Paulson,enet,0.05859375,-0.16396519541740417
Chris_Jason_Paulson,enet,0.06640625,-0.16971051692962646
Chris_Jason_Paulson,enet,0.07421875,-0.17511537671089172
Chris_Jason_Paulson,enet,0.08203125,-0.1798725426197052
Chris_Jason_Paulson,enet,0.08984375,-0.18367332220077515
Chris_Jason_Paulson,enet,0.09765625,-0.18623346090316772
Chris_Jason_Paulson,enet,0.10546875,-0.18735572695732117
Chris_Jason_Paulson,enet,0.11328125,-0.18684601783752441
Chris_Jason_Paulson,enet,0.12109375,-0.18444177508354187
Chris_Jason_Paulson,enet,0.12890625,-0.1799105405807495
Chris_Jason_Paulson,enet,0.13671875,-0.17297810316085815
Chris_Jason_Paulson,enet,0.14453125,-0.1633344292640686
Chris_Jason_Paulson,enet,0.15234375,-0.15075895190238953
Chris_Jason_Paulson,enet,0.16015625,-0.1350775957107544
Chris_Jason_Paulson,enet,0.16796875,-0.11618664860725403
Chris_Jason_Paulson,enet,0.17578125,-0.09416013956069946
Chris_Jason_Paulson,enet,0.18359375,-0.06913557648658752
Chris_Jason_Paulson,enet,0.19140625,-0.04136607050895691
Chris_Jason_Paulson,enet,0.19921875,-0.011043131351470947
Chris_Jason_Paulson,enet,0.20703125,0.02163165807723999
Chris_Jason_Paulson,enet,0.21484375,0.056589752435684204
Chris_Jason_Paulson,enet,0.22265625,0.09376272559165955
Chris_Jason_Paulson,enet,0.23046875,0.13261644542217255
Chris_Jason_Paulson,enet,0.23828125,0.1725008487701416
Chris_Jason_Paulson,enet,0.24609375,0.21251678466796875
Chris_Jason_Paulson,enet,0.25390625,0.25187045335769653
Chris_Jason_Paulson,enet,0.26171875,0.29037731885910034
Chris_Jason_Paulson,enet,0.26953125,0.3283015489578247
Chris_Jason_Paulson,enet,0.27734375,0.366214394569397
Chris_Jason_Paulson,enet,0.28515625,0.40495115518569946
Chris_Jason_Paulson,enet,0.29296875,0.44565069675445557
Chris_Jason_Paulson,enet,0.30078125,0.489728718996048
Chris_Jason_Paulson,enet,0.30859375,0.5387626886367798
Chris_Jason_Paulson,enet,0.31640625,0.5942953824996948
Chris_Jason_Paulson,enet,0.32421875,0.6571893692016602
Chris_Jason_Paulson,enet,0.33203125,0.7268096804618835
Chris_Jason_Paulson,enet,0.33984375,0.8008909821510315
Chris_Jason_Paulson,enet,0.34765625,0.8763707280158997
Chris_Jason_Paulson,enet,0.35546875,0.9508273601531982
Chris_Jason_Paulson,enet,0.36328125,1.023643970489502
Chris_Jason_Paulson,enet,0.37109375,1.095658540725708
Chris_Jason_Paulson,enet,0.37890625,1.1672325134277344
Chris_Jason_Paulson,enet,0.38671875,1.2376140356063843
Chris_Jason_Paulson,enet,0.39453125,1.3056609630584717
Chris_Jason_Paulson,enet,0.40234375,1.369460940361023
Chris_Jason_Paulson,enet,0.41015625,1.42618989944458
Chris_Jason_Paulson,enet,0.41796875,1.4731194972991943
Chris_Jason_Paulson,enet,0.42578125,1.5079131126403809
Chris_Jason_Paulson,enet,0.43359375,1.5296474695205688
Chris_Jason_Paulson,enet,0.44140625,1.5398199558258057
Chris_Jason_Paulson,enet,0.44921875,1.5410481691360474
Chris_Jason_Paulson,enet,0.45703125,1.5351163148880005
Chris_Jason_Paulson,enet,0.46484375,1.5224541425704956
Chris_Jason_Paulson,enet,0.47265625,1.5036323070526123
Chris_Jason_Paulson,enet,0.48046875,1.4803813695907593
Chris_Jason_Paulson,enet,0.48828125,1.4546043872833252
Chris_Jason_Paulson,enet,0.49609375,1.427331566810608
Chris_Jason_Paulson,enet,0.50390625,1.3986705541610718
Chris_Jason_Paulson,enet,0.51171875,1.3686108589172363
Chris_Jason_Paulson,enet,0.51953125,1.33780837059021
Chris_Jason_Paulson,enet,0.52734375,1.3074287176132202
Chris_Jason_Paulson,enet,0.53515625,1.27840256690979
Chris_Jason_Paulson,enet,0.54296875,1.2509486675262451
Chris_Jason_Paulson,enet,0.55078125,1.2247624397277832
Chris_Jason_Paulson,enet,0.55859375,1.1992262601852417
Chris_Jason_Paulson,enet,0.56640625,1.1733598709106445
Chris_Jason_Paulson,enet,0.57421875,1.1459964513778687
Chris_Jason_Paulson,enet,0.58203125,1.1162803173065186
Chris_Jason_Paulson,enet,0.58984375,1.0840028524398804
Chris_Jason_Paulson,enet,0.59765625,1.0495667457580566
Chris_Jason_Paulson,enet,0.60546875,1.0137240886688232
Chris_Jason_Paulson,enet,0.61328125,0.9773026704788208
Chris_Jason_Paulson,enet,0.62109375,0.9410598278045654
Chris_Jason_Paulson,enet,0.62890625,0.9056124091148376
Chris_Jason_Paulson,enet,0.63671875,0.8714815378189087
Chris_Jason_Paulson,enet,0.64453125,0.8392009139060974
Chris_Jason_Paulson,enet,0.65234375,0.8092668056488037
Chris_Jason_Paulson,enet,0.66015625,0.7820637226104736
Chris_Jason_Paulson,enet,0.66796875,0.7577661275863647
Chris_Jason_Paulson,enet,0.67578125,0.7358488440513611
Chris_Jason_Paulson,enet,0.68359375,0.7145946025848389
Chris_Jason_Paulson,enet,0.69140625,0.6921358108520508
Chris_Jason_Paulson,enet,0.69921875,0.6675002574920654
Chris_Jason_Paulson,enet,0.70703125,0.6407138109207153
Chris_Jason_Paulson,enet,0.71484375,0.6127088069915771
Chris_Jason_Paulson,enet,0.72265625,0.5849598050117493
Chris_Jason_Paulson,enet,0.73046875,0.5586720108985901
Chris_Jason_Paulson,enet,0.73828125,0.5344080924987793
Chris_Jason_Paulson,enet,0.74609375,0.5123817920684814
Chris_Jason_Paulson,enet,0.75390625,0.49288487434387207
Chris_Jason_Paulson,enet,0.76171875,0.4764616787433624
Chris_Jason_Paulson,enet,0.76953125,0.4636303782463074
Chris_Jason_Paulson,enet,0.77734375,0.45447829365730286
Chris_Jason_Paulson,enet,0.78515625,0.44882506132125854
Chris_Jason_Paulson,enet,0.79296875,0.4467200040817261
Chris_Jason_Paulson,enet,0.80078125,0.4482135772705078
Chris_Jason_Paulson,enet,0.80859375,0.4524381756782532
Chris_Jason_Paulson,enet,0.81640625,0.45813482999801636
Chris_Jason_Paulson,enet,0.82421875,0.46433791518211365
Chris_Jason_Paulson,enet,0.83203125,0.470369815826416
Chris_Jason_Paulson,enet,0.83984375,0.4758044481277466
Chris_Jason_Paulson,enet,0.84765625,0.4802156090736389
Chris_Jason_Paulson,enet,0.85546875,0.4833129644393921
Chris_Jason_Paulson,enet,0.86328125,0.48515304923057556
Chris_Jason_Paulson,enet,0.87109375,0.4861411452293396
Chris_Jason_Paulson,enet,0.87890625,0.48702678084373474
Chris_Jason_Paulson,enet,0.88671875,0.48856842517852783
Chris_Jason_Paulson,enet,0.89453125,0.49044084548950195
Chris_Jason_Paulson,enet,0.90234375,0.49207499623298645
Chris_Jason_Paulson,enet,0.91015625,0.4927479922771454
Chris_Jason_Paulson,enet,0.91796875,0.49034175276756287
Chris_Jason_Paulson,enet,0.92578125,0.4858376085758209
Chris_Jason_Paulson,enet,0.93359375,0.4775163531303406
Chris_Jason_Paulson,enet,0.94140625,0.4628623425960541
Chris_Jason_Paulson,enet,0.94921875,0.442009299993515
Chris_Jason_Paulson,enet,0.95703125,0.41369885206222534
Chris_Jason_Paulson,enet,0.96484375,0.37623298168182373
Chris_Jason_Paulson,enet,0.97265625,0.3310525715351105
Chris_Jason_Paulson,enet,0.98046875,0.2947482764720917
Chris_Jason_Paulson,enet,0.98828125,0.27039486169815063
Chris_Jason_Paulson,enet,0.99609375,0.25676029920578003
Chris_Jason_Paulson,enet,1.0,0.2581881582736969
Chris_Topher_Hu,ridge,0.0,3.6190032958984375
Chris_Topher_Hu,ridge,0.00390625,3.617204189300537
Chris_Topher_Hu,ridge,0.01171875,3.613574504852295
Chris_Topher_Hu,ridge,0.01953125,3.6099815368652344
Chris_Topher_Hu,ridge,0.02734375,3.6064562797546387
Chris_Topher_Hu,ridge,0.03515625,3.602982521057129
Chris_Topher_Hu,ridge,0.04296875,3.5995819568634033
Chris_Topher_Hu,ridge,0.05078125,3.596309185028076
Chris_Topher_Hu,ridge,0.05859375,3.5932323932647705
Chris_Topher_Hu,ridge,0.06640625,3.5904197692871094
Chris_Topher_Hu,ridge,0.07421875,3.587878704071045
Chris_Topher_Hu,ridge,0.08203125,3.585552453994751
Chris_Topher_Hu,ridge,0.08984375,3.5834293365478516
Chris_Topher_Hu,ridge,0.09765625,3.5815792083740234
Chris_Topher_Hu,ridge,0.10546875,3.579989433288574
Chris_Topher_Hu,ridge,0.11328125,3.5785460472106934
Chris_Topher_Hu,ridge,0.12109375,3.5771536827087402
Chris_Topher_Hu,ridge,0.12890625,3.575749635696411
Chris_Topher_Hu,ridge,0.13671875,3.5742745399475098
Chris_Topher_Hu,ridge,0.14453125,3.572650194168091
Chris_Topher_Hu,ridge,0.15234375,3.570796489715576
Chris_Topher_Hu,ridge,0.16015625,3.5686471462249756
Chris_Topher_Hu,ridge,0.16796875,3.5661461353302
Chris_Topher_Hu,ridge,0.17578125,3.5632457733154297
Chris_Topher_Hu,ridge,0.18359375,3.559896945953369
Chris_Topher_Hu,ridge,0.19140625,3.5560548305511475
Chris_Topher_Hu,ridge,0.19921875,3.5516738891601562
Chris_Topher_Hu,ridge,0.20703125,3.546658992767334
Chris_Topher_Hu,ridge,0.21484375,3.5408577919006348
Chris_Topher_Hu,ridge,0.22265625,3.534078598022461
Chris_Topher_Hu,ridge,0.23046875,3.526094436645508
Chris_Topher_Hu,ridge,0.23828125,3.5167059898376465
Chris_Topher_Hu,ridge,0.24609375,3.505749464035034
Chris_Topher_Hu,ridge,0.25390625,3.4930949211120605
Chris_Topher_Hu,ridge,0.26171875,3.4786624908447266
Chris_Topher_Hu,ridge,0.26953125,3.4624133110046387
Chris_Topher_Hu,ridge,0.27734375,3.4443416595458984
Chris_Topher_Hu,ridge,0.28515625,3.4244465827941895
Chris_Topher_Hu,ridge,0.29296875,3.4027678966522217
Chris_Topher_Hu,ridge,0.30078125,3.3793253898620605
Chris_Topher_Hu,ridge,0.30859375,3.354036808013916
Chris_Topher_Hu,ridge,0.31640625,3.326735496520996
Chris_Topher_Hu,ridge,0.32421875,3.2972865104675293
Chris_Topher_Hu,ridge,0.33203125,3.2656283378601074
Chris_Topher_Hu,ridge,0.33984375,3.231696367263794
Chris_Topher_Hu,ridge,0.34765625,3.1954097747802734
Chris_Topher_Hu,ridge,0.35546875,3.156672477722168
Chris_Topher_Hu,ridge,0.36328125,3.115361213684082
Chris_Topher_Hu,ridge,0.37109375,3.0712947845458984
Chris_Topher_Hu,ridge,0.37890625,3.024169445037842
Chris_Topher_Hu,ridge,0.38671875,2.973430871963501
Chris_Topher_Hu,ridge,0.39453125,2.91823148727417
Chris_Topher_Hu,ridge,0.40234375,2.8574154376983643
Chris_Topher_Hu,ridge,0.41015625,2.789641857147217
Chris_Topher_Hu,ridge,0.41796875,2.71356201171875
Chris_Topher_Hu,ridge,0.42578125,2.6280298233032227
Chris_Topher_Hu,ridge,0.43359375,2.532301425933838
Chris_Topher_Hu,ridge,0.44140625,2.426234006881714
Chris_Topher_Hu,ridge,0.44921875,2.3103864192962646
Chris_Topher_Hu,ridge,0.45703125,2.185938596725464
Chris_Topher_Hu,ridge,0.46484375,2.054407835006714
Chris_Topher_Hu,ridge,0.47265625,1.9173331260681152
Chris_Topher_Hu,ridge,0.48046875,1.7760612964630127
Chris_Topher_Hu,ridge,0.48828125,1.6315934658050537
Chris_Topher_Hu,ridge,0.49609375,1.4847338199615479
Chris_Topher_Hu,ridge,0.50390625,1.336398959159851
Chris_Topher_Hu,ridge,0.51171875,1.1878376007080078
Chris_Topher_Hu,ridge,0.51953125,1.0406814813613892
Chris_Topher_Hu,ridge,0.52734375,0.8968617916107178
Chris_Topher_Hu,ridge,0.53515625,0.7584240436553955
Chris_Topher_Hu,ridge,0.54296875,0.6272262334823608
Chris_Topher_Hu,ridge,0.55078125,0.5046948790550232
Chris_Topher_Hu,ridge,0.55859375,0.3917132019996643
Chris_Topher_Hu,ridge,0.56640625,0.2886277437210083
Chris_Topher_Hu,ridge,0.57421875,0.19531556963920593
Chris_Topher_Hu,ridge,0.58203125,0.11123886704444885
Chris_Topher_Hu,ridge,0.58984375,0.03558701276779175
Chris_Topher_Hu,ridge,0.59765625,-0.032670825719833374
Chris_Topher_Hu,ridge,0.60546875,-0.09469079971313477
Chris_Topher_Hu,ridge,0.61328125,-0.15169823169708252
Chris_Topher_Hu,ridge,0.62109375,-0.20487171411514282
Chris_Topher_Hu,ridge,0.62890625,-0.25523683428764343
Chris_Topher_Hu,ridge,0.63671875,-0.30353274941444397
Chris_Topher_Hu,ridge,0.64453125,-0.35008832812309265
Chris_Topher_Hu,ridge,0.65234375,-0.3948840796947479
Chris_Topher_Hu,ridge,0.66015625,-0.4377176761627197
Chris_Topher_Hu,ridge,0.66796875,-0.4783242642879486
Chris_Topher_Hu,ridge,0.67578125,-0.5164461731910706
Chris_Topher_Hu,ridge,0.68359375,-0.5519404411315918
Chris_Topher_Hu,ridge,0.69140625,-0.585098922252655
Chris_Topher_Hu,ridge,0.69921875,-0.616897702217102
Chris_Topher_Hu,ridge,0.70703125,-0.648043155670166
Chris_Topher_Hu,ridge,0.71484375,-0.6784257292747498
Chris_Topher_Hu,ridge,0.72265625,-0.7076019048690796
Chris_Topher_Hu,ridge,0.73046875,-0.7351758480072021
Chris_Topher_Hu,ridge,0.73828125,-0.760908842086792
Chris_Topher_Hu,ridge,0.74609375,-0.7844954133033752
Chris_Topher_Hu,ridge,0.75390625,-0.805321455001831
Chris_Topher_Hu,ridge,0.76171875,-0.8229429721832275
Chris_Topher_Hu,ridge,0.76953125,-0.8375306129455566
Chris_Topher_Hu,ridge,0.77734375,-0.8499038815498352
Chris_Topher_Hu,ridge,0.78515625,-0.8611590266227722
Chris_Topher_Hu,ridge,0.79296875,-0.8722435832023621
Chris_Topher_Hu,ridge,0.80078125,-0.8838350772857666
Chris_Topher_Hu,ridge,0.80859375,-0.8962769508361816
Chris_Topher_Hu,ridge,0.81640625,-0.9095286726951599
Chris_Topher_Hu,ridge,0.82421875,-0.9233025908470154
Chris_Topher_Hu,ridge,0.83203125,-0.9372347593307495
Chris_Topher_Hu,ridge,0.83984375,-0.9511547088623047
Chris_Topher_Hu,ridge,0.84765625,-0.9651303887367249
Chris_Topher_Hu,ridge,0.85546875,-0.9794334769248962
Chris_Topher_Hu,ridge,0.86328125,-0.9945279359817505
Chris_Topher_Hu,ridge,0.87109375,-1.009770154953003
Chris_Topher_Hu,ridge,0.87890625,-1.0239198207855225
Chris_Topher_Hu,ridge,0.88671875,-1.0368809700012207
Chris_Topher_Hu,ridge,0.89453125,-1.04880952835083
Chris_Topher_Hu,ridge,0.90234375,-1.0600886344909668
Chris_Topher_Hu,ridge,0.91015625,-1.0710231065750122
Chris_Topher_Hu,ridge,0.91796875,-1.0818119049072266
Chris_Topher_Hu,ridge,0.92578125,-1.0928436517715454
Chris_Topher_Hu,ridge,0.93359375,-1.1042572259902954
Chris_Topher_Hu,ridge,0.94140625,-1.1157610416412354
Chris_Topher_Hu,ridge,0.94921875,-1.1269029378890991
Chris_Topher_Hu,ridge,0.95703125,-1.1363826990127563
Chris_Topher_Hu,ridge,0.96484375,-1.145226240158081
Chris_Topher_Hu,ridge,0.97265625,-1.1579453945159912
Chris_Topher_Hu,ridge,0.98046875,-1.1751278638839722
Chris_Topher_Hu,ridge,0.98828125,-1.178764820098877
Chris_Topher_Hu,ridge,0.99609375,-1.1745742559432983
Chris_Topher_Hu,ridge,1.0,-1.171900749206543
Chris_Topher_Hu,enet,0.0,-1.2716662883758545
Chris_Topher_Hu,enet,0.00390625,-1.2730985879898071
Chris_Topher_Hu,enet,0.01171875,-1.27590012550354
Chris_Topher_Hu,enet,0.01953125,-1.2786200046539307
Chris_Topher_Hu,enet,0.02734375,-1.2812793254852295
Chris_Topher_Hu,enet,0.03515625,-1.283858060836792
Chris_Topher_Hu,enet,0.04296875,-1.2862814664840698
Chris_Topher_Hu,enet,0.05078125,-1.2884173393249512
Chris_Topher_Hu,enet,0.05859375,-1.2901321649551392
Chris_Topher_Hu,enet,0.06640625,-1.2913113832473755
Chris_Topher_Hu,enet,0.07421875,-1.291813850402832
Chris_Topher_Hu,enet,0.08203125,-1.2914721965789795
Chris_Topher_Hu,enet,0.08984375,-1.29011869430542
Chris_Topher_Hu,enet,0.09765625,-1.2876050472259521
Chris_Topher_Hu,enet,0.10546875,-1.283839225769043
Chris_Topher_Hu,enet,0.11328125,-1.278735637664795
Chris_Topher_Hu,enet,0.12109375,-1.2721627950668335
Chris_Topher_Hu,enet,0.12890625,-1.2639551162719727
Chris_Topher_Hu,enet,0.13671875,-1.2539560794830322
Chris_Topher_Hu,enet,0.14453125,-1.2420268058776855
Chris_Topher_Hu,enet,0.15234375,-1.2280278205871582
Chris_Topher_Hu,enet,0.16015625,-1.2118282318115234
Chris_Topher_Hu,enet,0.16796875,-1.193352460861206
Chris_Topher_Hu,enet,0.17578125,-1.172541618347168
Chris_Topher_Hu,enet,0.18359375,-1.1494618654251099
Chris_Topher_Hu,enet,0.19140625,-1.1242297887802124
Chris_Topher_Hu,enet,0.19921875,-1.0969773530960083
Chris_Topher_Hu,enet,0.20703125,-1.0679309368133545
Chris_Topher_Hu,enet,0.21484375,-1.0373725891113281
Chris_Topher_Hu,enet,0.22265625,-1.0055665969848633
Chris_Topher_Hu,enet,0.23046875,-0.9728406667709351
Chris_Topher_Hu,enet,0.23828125,-0.9396039247512817
Chris_Topher_Hu,enet,0.24609375,-0.9063016176223755
Chris_Topher_Hu,enet,0.25390625,-0.8733468651771545
Chris_Topher_Hu,enet,0.26171875,-0.8410780429840088
Chris_Topher_Hu,enet,0.26953125,-0.8097737431526184
Chris_Topher_Hu,enet,0.27734375,-0.7796585559844971
Chris_Topher_Hu,enet,0.28515625,-0.7509163022041321
Chris_Topher_Hu,enet,0.29296875,-0.7236363291740417
Chris_Topher_Hu,enet,0.30078125,-0.6979144811630249
Chris_Topher_Hu,enet,0.30859375,-0.6739983558654785
Chris_Topher_Hu,enet,0.31640625,-0.6522332429885864
Chris_Topher_Hu,enet,0.32421875,-0.6329495906829834
Chris_Topher_Hu,enet,0.33203125,-0.6163316965103149
Chris_Topher_Hu,enet,0.33984375,-0.602433443069458
Chris_Topher_Hu,enet,0.34765625,-0.591203510761261
Chris_Topher_Hu,enet,0.35546875,-0.5824737548828125
Chris_Topher_Hu,enet,0.36328125,-0.575924813747406
Chris_Topher_Hu,enet,0.37109375,-0.5710289478302002
Chris_Topher_Hu,enet,0.37890625,-0.5670063495635986
Chris_Topher_Hu,enet,0.38671875,-0.5628613233566284
Chris_Topher_Hu,enet,0.39453125,-0.5574621558189392
Chris_Topher_Hu,enet,0.40234375,-0.5497491359710693
Chris_Topher_Hu,enet,0.41015625,-0.5388543605804443
Chris_Topher_Hu,enet,0.41796875,-0.5241556167602539
Chris_Topher_Hu,enet,0.42578125,-0.5053354501724243
Chris_Topher_Hu,enet,0.43359375,-0.48234421014785767
Chris_Topher_Hu,enet,0.44140625,-0.45533281564712524
Chris_Topher_Hu,enet,0.44921875,-0.42464590072631836
Chris_Topher_Hu,enet,0.45703125,-0.3909572660923004
Chris_Topher_Hu,enet,0.46484375,-0.35553276538848877
Chris_Topher_Hu,enet,0.47265625,-0.32042229175567627
Chris_Topher_Hu,enet,0.48046875,-0.2884809970855713
Chris_Topher_Hu,enet,0.48828125,-0.2632511258125305
Chris_Topher_Hu,enet,0.49609375,-0.2483290433883667
Chris_Topher_Hu,enet,0.50390625,-0.24638554453849792
Chris_Topher_Hu,enet,0.51171875,-0.2583460807800293
Chris_Topher_Hu,enet,0.51953125,-0.2832757830619812
Chris_Topher_Hu,enet,0.52734375,-0.3189348578453064
Chris_Topher_Hu,enet,0.53515625,-0.36248067021369934
Chris_Topher_Hu,enet,0.54296875,-0.41087502241134644
Chris_Topher_Hu,enet,0.55078125,-0.46104079484939575
Chris_Topher_Hu,enet,0.55859375,-0.5100563168525696
Chris_Topher_Hu,enet,0.56640625,-0.5554349422454834
Chris_Topher_Hu,enet,0.57421875,-0.5953482389450073
Chris_Topher_Hu,enet,0.58203125,-0.628718912601471
Chris_Topher_Hu,enet,0.58984375,-0.655177652835846
Chris_Topher_Hu,enet,0.59765625,-0.6750444173812866
Chris_Topher_Hu,enet,0.60546875,-0.6892218589782715
Chris_Topher_Hu,enet,0.61328125,-0.6989575624465942
Chris_Topher_Hu,enet,0.62109375,-0.7055163383483887
Chris_Topher_Hu,enet,0.62890625,-0.7099559307098389
Chris_Topher_Hu,enet,0.63671875,-0.7130180597305298
Chris_Topher_Hu,enet,0.64453125,-0.7151862382888794
Chris_Topher_Hu,enet,0.65234375,-0.7168858051300049
Chris_Topher_Hu,enet,0.66015625,-0.7186279296875
Chris_Topher_Hu,enet,0.66796875,-0.7209904789924622
Chris_Topher_Hu,enet,0.67578125,-0.7246239185333252
Chris_Topher_Hu,enet,0.68359375,-0.7302083969116211
Chris_Topher_Hu,enet,0.69140625,-0.7381113767623901
Chris_Topher_Hu,enet,0.69921875,-0.7478076219558716
Chris_Topher_Hu,enet,0.70703125,-0.7579567432403564
Chris_Topher_Hu,enet,0.71484375,-0.7674405574798584
Chris_Topher_Hu,enet,0.72265625,-0.7756872177124023
Chris_Topher_Hu,enet,0.73046875,-0.7823947668075562
Chris_Topher_Hu,enet,0.73828125,-0.7873352766036987
Chris_Topher_Hu,enet,0.74609375,-0.7901938557624817
Chris_Topher_Hu,enet,0.75390625,-0.790274441242218
Chris_Topher_Hu,enet,0.76171875,-0.7868709564208984
Chris_Topher_Hu,enet,0.76953125,-0.7802961468696594
Chris_Topher_Hu,enet,0.77734375,-0.771873950958252
Chris_Topher_Hu,enet,0.78515625,-0.7631877660751343
Chris_Topher_Hu,enet,0.79296875,-0.755355715751648
Chris_Topher_Hu,enet,0.80078125,-0.7488799095153809
Chris_Topher_Hu,enet,0.80859375,-0.7438641786575317
Chris_Topher_Hu,enet,0.81640625,-0.7402685880661011
Chris_Topher_Hu,enet,0.82421875,-0.7379913330078125
Chris_Topher_Hu,enet,0.83203125,-0.737028181552887
Chris_Topher_Hu,enet,0.83984375,-0.7378982305526733
Chris_Topher_Hu,enet,0.84765625,-0.7416365146636963
Chris_Topher_Hu,enet,0.85546875,-0.7490423917770386
Chris_Topher_Hu,enet,0.86328125,-0.7603760361671448
Chris_Topher_Hu,enet,0.87109375,-0.7745496034622192
Chris_Topher_Hu,enet,0.87890625,-0.7898839712142944
Chris_Topher_Hu,enet,0.88671875,-0.8064184188842773
Chris_Topher_Hu,enet,0.89453125,-0.8245407938957214
Chris_Topher_Hu,enet,0.90234375,-0.8449263572692871
Chris_Topher_Hu,enet,0.91015625,-0.8681352138519287
Chris_Topher_Hu,enet,0.91796875,-0.893846869468689
Chris_Topher_Hu,enet,0.92578125,-0.920783281326294
Chris_Topher_Hu,enet,0.93359375,-0.9475937485694885
Chris_Topher_Hu,enet,0.94140625,-0.9732618927955627
Chris_Topher_Hu,enet,0.94921875,-0.9970783591270447
Chris_Topher_Hu,enet,0.95703125,-1.0175271034240723
Chris_Topher_Hu,enet,0.96484375,-1.0346949100494385
Chris_Topher_Hu,enet,0.97265625,-1.0490212440490723
Chris_Topher_Hu,enet,0.98046875,-1.0627586841583252
Chris_Topher_Hu,enet,0.98828125,-1.0787404775619507
Chris_Topher_Hu,enet,0.99609375,-1.0868672132492065
Chris_Topher_Hu,enet,1.0,-1.0898466110229492
Damian_Ubiel_Torcuato,ridge,0.0,3.3402271270751953
Damian_Ubiel_Torcuato,ridge,0.00390625,3.3373613357543945
Damian_Ubiel_Torcuato,ridge,0.01171875,3.3320016860961914
Damian_Ubiel_Torcuato,ridge,0.01953125,3.3271656036376953
Damian_Ubiel_Torcuato,ridge,0.02734375,3.322812557220459
Damian_Ubiel_Torcuato,ridge,0.03515625,3.318796157836914
Damian_Ubiel_Torcuato,ridge,0.04296875,3.31502628326416
Damian_Ubiel_Torcuato,ridge,0.05078125,3.311387062072754
Damian_Ubiel_Torcuato,ridge,0.05859375,3.3079886436462402
Damian_Ubiel_Torcuato,ridge,0.06640625,3.3050241470336914
Damian_Ubiel_Torcuato,ridge,0.07421875,3.3025219440460205
Damian_Ubiel_Torcuato,ridge,0.08203125,3.3004417419433594
Damian_Ubiel_Torcuato,ridge,0.08984375,3.298768997192383
Damian_Ubiel_Torcuato,ridge,0.09765625,3.2974965572357178
Damian_Ubiel_Torcuato,ridge,0.10546875,3.2965939044952393
Damian_Ubiel_Torcuato,ridge,0.11328125,3.296022891998291
Damian_Ubiel_Torcuato,ridge,0.12109375,3.295801877975464
Damian_Ubiel_Torcuato,ridge,0.12890625,3.295905113220215
Damian_Ubiel_Torcuato,ridge,0.13671875,3.296283006668091
Damian_Ubiel_Torcuato,ridge,0.14453125,3.296867847442627
Damian_Ubiel_Torcuato,ridge,0.15234375,3.297605037689209
Damian_Ubiel_Torcuato,ridge,0.16015625,3.298463821411133
Damian_Ubiel_Torcuato,ridge,0.16796875,3.2993640899658203
Damian_Ubiel_Torcuato,ridge,0.17578125,3.3001279830932617
Damian_Ubiel_Torcuato,ridge,0.18359375,3.300534963607788
Damian_Ubiel_Torcuato,ridge,0.19140625,3.300356864929199
Damian_Ubiel_Torcuato,ridge,0.19921875,3.2993788719177246
Damian_Ubiel_Torcuato,ridge,0.20703125,3.297497272491455
Damian_Ubiel_Torcuato,ridge,0.21484375,3.2945098876953125
Damian_Ubiel_Torcuato,ridge,0.22265625,3.290079116821289
Damian_Ubiel_Torcuato,ridge,0.23046875,3.2838644981384277
Damian_Ubiel_Torcuato,ridge,0.23828125,3.2756361961364746
Damian_Ubiel_Torcuato,ridge,0.24609375,3.2653870582580566
Damian_Ubiel_Torcuato,ridge,0.25390625,3.2532835006713867
Damian_Ubiel_Torcuato,ridge,0.26171875,3.2396817207336426
Damian_Ubiel_Torcuato,ridge,0.26953125,3.2251334190368652
Damian_Ubiel_Torcuato,ridge,0.27734375,3.210296154022217
Damian_Ubiel_Torcuato,ridge,0.28515625,3.1958494186401367
Damian_Ubiel_Torcuato,ridge,0.29296875,3.1824963092803955
Damian_Ubiel_Torcuato,ridge,0.30078125,3.1709067821502686
Damian_Ubiel_Torcuato,ridge,0.30859375,3.1616086959838867
Damian_Ubiel_Torcuato,ridge,0.31640625,3.1550097465515137
Damian_Ubiel_Torcuato,ridge,0.32421875,3.1514549255371094
Damian_Ubiel_Torcuato,ridge,0.33203125,3.1512935161590576
Damian_Ubiel_Torcuato,ridge,0.33984375,3.155008316040039
Damian_Ubiel_Torcuato,ridge,0.34765625,3.1631765365600586
Damian_Ubiel_Torcuato,ridge,0.35546875,3.17618465423584
Damian_Ubiel_Torcuato,ridge,0.36328125,3.1936028003692627
Damian_Ubiel_Torcuato,ridge,0.37109375,3.213355541229248
Damian_Ubiel_Torcuato,ridge,0.37890625,3.2312827110290527
Damian_Ubiel_Torcuato,ridge,0.38671875,3.2413573265075684
Damian_Ubiel_Torcuato,ridge,0.39453125,3.236569404602051
Damian_Ubiel_Torcuato,ridge,0.40234375,3.210202932357788
Damian_Ubiel_Torcuato,ridge,0.41015625,3.1572606563568115
Damian_Ubiel_Torcuato,ridge,0.41796875,3.0757107734680176
Damian_Ubiel_Torcuato,ridge,0.42578125,2.9668643474578857
Damian_Ubiel_Torcuato,ridge,0.43359375,2.8347926139831543
Damian_Ubiel_Torcuato,ridge,0.44140625,2.6855340003967285
Damian_Ubiel_Torcuato,ridge,0.44921875,2.525984048843384
Damian_Ubiel_Torcuato,ridge,0.45703125,2.362156867980957
Damian_Ubiel_Torcuato,ridge,0.46484375,2.1981587409973145
Damian_Ubiel_Torcuato,ridge,0.47265625,2.036619186401367
Damian_Ubiel_Torcuato,ridge,0.48046875,1.8795195817947388
Damian_Ubiel_Torcuato,ridge,0.48828125,1.7286338806152344
Damian_Ubiel_Torcuato,ridge,0.49609375,1.585496187210083
Damian_Ubiel_Torcuato,ridge,0.50390625,1.4510343074798584
Damian_Ubiel_Torcuato,ridge,0.51171875,1.325559139251709
Damian_Ubiel_Torcuato,ridge,0.51953125,1.2092212438583374
Damian_Ubiel_Torcuato,ridge,0.52734375,1.1023906469345093
Damian_Ubiel_Torcuato,ridge,0.53515625,1.0056743621826172
Damian_Ubiel_Torcuato,ridge,0.54296875,0.919600784778595
Damian_Ubiel_Torcuato,ridge,0.55078125,0.8442055583000183
Damian_Ubiel_Torcuato,ridge,0.55859375,0.7788300514221191
Damian_Ubiel_Torcuato,ridge,0.56640625,0.7222358584403992
Damian_Ubiel_Torcuato,ridge,0.57421875,0.6728658080101013
Damian_Ubiel_Torcuato,ridge,0.58203125,0.6290114521980286
Damian_Ubiel_Torcuato,ridge,0.58984375,0.5888537168502808
Damian_Ubiel_Torcuato,ridge,0.59765625,0.5505426526069641
Damian_Ubiel_Torcuato,ridge,0.60546875,0.5125863552093506
Damian_Ubiel_Torcuato,ridge,0.61328125,0.4742785394191742
Damian_Ubiel_Torcuato,ridge,0.62109375,0.435730516910553
Damian_Ubiel_Torcuato,ridge,0.62890625,0.3975885212421417
Damian_Ubiel_Torcuato,ridge,0.63671875,0.36058712005615234
Damian_Ubiel_Torcuato,ridge,0.64453125,0.32525068521499634
Damian_Ubiel_Torcuato,ridge,0.65234375,0.29186609387397766
Damian_Ubiel_Torcuato,ridge,0.66015625,0.26060089468955994
Damian_Ubiel_Torcuato,ridge,0.66796875,0.23155975341796875
Damian_Ubiel_Torcuato,ridge,0.67578125,0.20481327176094055
Damian_Ubiel_Torcuato,ridge,0.68359375,0.18042804300785065
Damian_Ubiel_Torcuato,ridge,0.69140625,0.15842367708683014
Damian_Ubiel_Torcuato,ridge,0.69921875,0.13879182934761047
Damian_Ubiel_Torcuato,ridge,0.70703125,0.12141363322734833
Damian_Ubiel_Torcuato,ridge,0.71484375,0.10593289136886597
Damian_Ubiel_Torcuato,ridge,0.72265625,0.09170237183570862
Damian_Ubiel_Torcuato,ridge,0.73046875,0.07796147465705872
Damian_Ubiel_Torcuato,ridge,0.73828125,0.06406931579113007
Damian_Ubiel_Torcuato,ridge,0.74609375,0.049642413854599
Damian_Ubiel_Torcuato,ridge,0.75390625,0.034633755683898926
Damian_Ubiel_Torcuato,ridge,0.76171875,0.019366398453712463
Damian_Ubiel_Torcuato,ridge,0.76953125,0.004436969757080078
Damian_Ubiel_Torcuato,ridge,0.77734375,-0.009514033794403076
Damian_Ubiel_Torcuato,ridge,0.78515625,-0.022021442651748657
Damian_Ubiel_Torcuato,ridge,0.79296875,-0.032867431640625
Damian_Ubiel_Torcuato,ridge,0.80078125,-0.04213695973157883
Damian_Ubiel_Torcuato,ridge,0.80859375,-0.05015464872121811
Damian_Ubiel_Torcuato,ridge,0.81640625,-0.05727873742580414
Damian_Ubiel_Torcuato,ridge,0.82421875,-0.06360086798667908
Damian_Ubiel_Torcuato,ridge,0.83203125,-0.0686706006526947
Damian_Ubiel_Torcuato,ridge,0.83984375,-0.07182015478610992
Damian_Ubiel_Torcuato,ridge,0.84765625,-0.07308065891265869
Damian_Ubiel_Torcuato,ridge,0.85546875,-0.07359394431114197
Damian_Ubiel_Torcuato,ridge,0.86328125,-0.07529354095458984
Damian_Ubiel_Torcuato,ridge,0.87109375,-0.07987962663173676
Damian_Ubiel_Torcuato,ridge,0.87890625,-0.08709019422531128
Damian_Ubiel_Torcuato,ridge,0.88671875,-0.09447838366031647
Damian_Ubiel_Torcuato,ridge,0.89453125,-0.09962448477745056
Damian_Ubiel_Torcuato,ridge,0.90234375,-0.10157085955142975
Damian_Ubiel_Torcuato,ridge,0.91015625,-0.0986427292227745
Damian_Ubiel_Torcuato,ridge,0.91796875,-0.08863143622875214
Damian_Ubiel_Torcuato,ridge,0.92578125,-0.07199165225028992
Damian_Ubiel_Torcuato,ridge,0.93359375,-0.05515041947364807
Damian_Ubiel_Torcuato,ridge,0.94140625,-0.04304412752389908
Damian_Ubiel_Torcuato,ridge,0.94921875,-0.038743115961551666
Damian_Ubiel_Torcuato,ridge,0.95703125,-0.040303245186805725
Damian_Ubiel_Torcuato,ridge,0.96484375,-0.04781258851289749
Damian_Ubiel_Torcuato,ridge,0.97265625,-0.07114255428314209
Damian_Ubiel_Torcuato,ridge,0.98046875,-0.10716915875673294
Damian_Ubiel_Torcuato,ridge,0.98828125,-0.13173720240592957
Damian_Ubiel_Torcuato,ridge,0.99609375,-0.13299137353897095
Damian_Ubiel_Torcuato,ridge,1.0,-0.142353817820549
Damian_Ubiel_Torcuato,enet,0.0,-1.4516538381576538
Damian_Ubiel_Torcuato,enet,0.00390625,-1.452721357345581
Damian_Ubiel_Torcuato,enet,0.01171875,-1.4546009302139282
Damian_Ubiel_Torcuato,enet,0.01953125,-1.4562183618545532
Damian_Ubiel_Torcuato,enet,0.02734375,-1.457561731338501
Damian_Ubiel_Torcuato,enet,0.03515625,-1.4584124088287354
Damian_Ubiel_Torcuato,enet,0.04296875,-1.4587056636810303
Damian_Ubiel_Torcuato,enet,0.05078125,-1.458770990371704
Damian_Ubiel_Torcuato,enet,0.05859375,-1.458739995956421
Damian_Ubiel_Torcuato,enet,0.06640625,-1.4582850933074951
Damian_Ubiel_Torcuato,enet,0.07421875,-1.4569966793060303
Damian_Ubiel_Torcuato,enet,0.08203125,-1.4545451402664185
Damian_Ubiel_Torcuato,enet,0.08984375,-1.4506504535675049
Damian_Ubiel_Torcuato,enet,0.09765625,-1.4451143741607666
Damian_Ubiel_Torcuato,enet,0.10546875,-1.4377561807632446
Damian_Ubiel_Torcuato,enet,0.11328125,-1.428362488746643
Damian_Ubiel_Torcuato,enet,0.12109375,-1.4166836738586426
Damian_Ubiel_Torcuato,enet,0.12890625,-1.402470350265503
Damian_Ubiel_Torcuato,enet,0.13671875,-1.3855526447296143
Damian_Ubiel_Torcuato,enet,0.14453125,-1.3658764362335205
Damian_Ubiel_Torcuato,enet,0.15234375,-1.343425989151001
Damian_Ubiel_Torcuato,enet,0.16015625,-1.3181805610656738
Damian_Ubiel_Torcuato,enet,0.16796875,-1.2902169227600098
Damian_Ubiel_Torcuato,enet,0.17578125,-1.259699821472168
Damian_Ubiel_Torcuato,enet,0.18359375,-1.2268803119659424
Damian_Ubiel_Torcuato,enet,0.19140625,-1.192143201828003
Damian_Ubiel_Torcuato,enet,0.19921875,-1.1559090614318848
Damian_Ubiel_Torcuato,enet,0.20703125,-1.1184662580490112
Damian_Ubiel_Torcuato,enet,0.21484375,-1.0801143646240234
Damian_Ubiel_Torcuato,enet,0.22265625,-1.041234016418457
Damian_Ubiel_Torcuato,enet,0.23046875,-1.0021737813949585
Damian_Ubiel_Torcuato,enet,0.23828125,-0.9631021022796631
Damian_Ubiel_Torcuato,enet,0.24609375,-0.9239933490753174
Damian_Ubiel_Torcuato,enet,0.25390625,-0.8846495151519775
Damian_Ubiel_Torcuato,enet,0.26171875,-0.8446916341781616
Damian_Ubiel_Torcuato,enet,0.26953125,-0.8035399317741394
Damian_Ubiel_Torcuato,enet,0.27734375,-0.7603578567504883
Damian_Ubiel_Torcuato,enet,0.28515625,-0.7140438556671143
Damian_Ubiel_Torcuato,enet,0.29296875,-0.6632534265518188
Damian_Ubiel_Torcuato,enet,0.30078125,-0.6064773797988892
Damian_Ubiel_Torcuato,enet,0.30859375,-0.5421873927116394
Damian_Ubiel_Torcuato,enet,0.31640625,-0.46896055340766907
Damian_Ubiel_Torcuato,enet,0.32421875,-0.385605126619339
Damian_Ubiel_Torcuato,enet,0.33203125,-0.29127663373947144
Damian_Ubiel_Torcuato,enet,0.33984375,-0.18545901775360107
Damian_Ubiel_Torcuato,enet,0.34765625,-0.06776069104671478
Damian_Ubiel_Torcuato,enet,0.35546875,0.06210952252149582
Damian_Ubiel_Torcuato,enet,0.36328125,0.20371803641319275
Damian_Ubiel_Torcuato,enet,0.37109375,0.3549472689628601
Damian_Ubiel_Torcuato,enet,0.37890625,0.5110739469528198
Damian_Ubiel_Torcuato,enet,0.38671875,0.6644569635391235
Damian_Ubiel_Torcuato,enet,0.39453125,0.8059359192848206
Damian_Ubiel_Torcuato,enet,0.40234375,0.9268890619277954
Damian_Ubiel_Torcuato,enet,0.41015625,1.0203571319580078
Damian_Ubiel_Torcuato,enet,0.41796875,1.0818954706192017
Damian_Ubiel_Torcuato,enet,0.42578125,1.110469937324524
Damian_Ubiel_Torcuato,enet,0.43359375,1.1083911657333374
Damian_Ubiel_Torcuato,enet,0.44140625,1.080385446548462
Damian_Ubiel_Torcuato,enet,0.44921875,1.0323967933654785
Damian_Ubiel_Torcuato,enet,0.45703125,0.9701881408691406
Damian_Ubiel_Torcuato,enet,0.46484375,0.8982160091400146
Damian_Ubiel_Torcuato,enet,0.47265625,0.8199837803840637
Damian_Ubiel_Torcuato,enet,0.48046875,0.7388213872909546
Damian_Ubiel_Torcuato,enet,0.48828125,0.6576495170593262
Damian_Ubiel_Torcuato,enet,0.49609375,0.5782317519187927
Damian_Ubiel_Torcuato,enet,0.50390625,0.5008748769760132
Damian_Ubiel_Torcuato,enet,0.51171875,0.4249916970729828
Damian_Ubiel_Torcuato,enet,0.51953125,0.35007959604263306
Damian_Ubiel_Torcuato,enet,0.52734375,0.27639302611351013
Damian_Ubiel_Torcuato,enet,0.53515625,0.20500363409519196
Damian_Ubiel_Torcuato,enet,0.54296875,0.13734115660190582
Damian_Ubiel_Torcuato,enet,0.55078125,0.07452534139156342
Damian_Ubiel_Torcuato,enet,0.55859375,0.016985051333904266
Damian_Ubiel_Torcuato,enet,0.56640625,-0.0354943722486496
Damian_Ubiel_Torcuato,enet,0.57421875,-0.08365099132061005
Damian_Ubiel_Torcuato,enet,0.58203125,-0.12859994173049927
Damian_Ubiel_Torcuato,enet,0.58984375,-0.1715027242898941
Damian_Ubiel_Torcuato,enet,0.59765625,-0.21311791241168976
Damian_Ubiel_Torcuato,enet,0.60546875,-0.2536173462867737
Damian_Ubiel_Torcuato,enet,0.61328125,-0.2927849292755127
Damian_Ubiel_Torcuato,enet,0.62109375,-0.33019912242889404
Damian_Ubiel_Torcuato,enet,0.62890625,-0.3652934730052948
Damian_Ubiel_Torcuato,enet,0.63671875,-0.3975679874420166
Damian_Ubiel_Torcuato,enet,0.64453125,-0.4267556071281433
Damian_Ubiel_Torcuato,enet,0.65234375,-0.45285648107528687
Damian_Ubiel_Torcuato,enet,0.66015625,-0.4760880470275879
Damian_Ubiel_Torcuato,enet,0.66796875,-0.49680694937705994
Damian_Ubiel_Torcuato,enet,0.67578125,-0.515283465385437
Damian_Ubiel_Torcuato,enet,0.68359375,-0.5316245555877686
Damian_Ubiel_Torcuato,enet,0.69140625,-0.5459373593330383
Damian_Ubiel_Torcuato,enet,0.69921875,-0.5583394169807434
Damian_Ubiel_Torcuato,enet,0.70703125,-0.5689612627029419
Damian_Ubiel_Torcuato,enet,0.71484375,-0.5779233574867249
Damian_Ubiel_Torcuato,enet,0.72265625,-0.5853520035743713
Damian_Ubiel_Torcuato,enet,0.73046875,-0.591376543045044
Damian_Ubiel_Torcuato,enet,0.73828125,-0.596136748790741
Damian_Ubiel_Torcuato,enet,0.74609375,-0.599757730960846
Damian_Ubiel_Torcuato,enet,0.75390625,-0.602292001247406
Damian_Ubiel_Torcuato,enet,0.76171875,-0.6036607027053833
Damian_Ubiel_Torcuato,enet,0.76953125,-0.6036690473556519
Damian_Ubiel_Torcuato,enet,0.77734375,-0.6020321249961853
Damian_Ubiel_Torcuato,enet,0.78515625,-0.5984187126159668
Damian_Ubiel_Torcuato,enet,0.79296875,-0.5925204753875732
Damian_Ubiel_Torcuato,enet,0.80078125,-0.5841984152793884
Damian_Ubiel_Torcuato,enet,0.80859375,-0.5735331773757935
Damian_Ubiel_Torcuato,enet,0.81640625,-0.5606447458267212
Damian_Ubiel_Torcuato,enet,0.82421875,-0.5455120801925659
Damian_Ubiel_Torcuato,enet,0.83203125,-0.52845299243927
Damian_Ubiel_Torcuato,enet,0.83984375,-0.5104537606239319
Damian_Ubiel_Torcuato,enet,0.84765625,-0.4929962158203125
Damian_Ubiel_Torcuato,enet,0.85546875,-0.47814175486564636
Damian_Ubiel_Torcuato,enet,0.86328125,-0.46839240193367004
Damian_Ubiel_Torcuato,enet,0.87109375,-0.4652554988861084
Damian_Ubiel_Torcuato,enet,0.87890625,-0.46758168935775757
Damian_Ubiel_Torcuato,enet,0.88671875,-0.47272002696990967
Damian_Ubiel_Torcuato,enet,0.89453125,-0.4781995415687561
Damian_Ubiel_Torcuato,enet,0.90234375,-0.4830296039581299
Damian_Ubiel_Torcuato,enet,0.91015625,-0.48807501792907715
Damian_Ubiel_Torcuato,enet,0.91796875,-0.493346631526947
Damian_Ubiel_Torcuato,enet,0.92578125,-0.49903327226638794
Damian_Ubiel_Torcuato,enet,0.93359375,-0.5083320140838623
Damian_Ubiel_Torcuato,enet,0.94140625,-0.5176367163658142
Damian_Ubiel_Torcuato,enet,0.94921875,-0.5257325768470764
Damian_Ubiel_Torcuato,enet,0.95703125,-0.5317606329917908
Damian_Ubiel_Torcuato,enet,0.96484375,-0.5375915765762329
Damian_Ubiel_Torcuato,enet,0.97265625,-0.5612035989761353
Damian_Ubiel_Torcuato,enet,0.98046875,-0.6180848479270935
Damian_Ubiel_Torcuato,enet,0.98828125,-0.6889079809188843
Damian_Ubiel_Torcuato,enet,0.99609375,-0.7317013740539551
Damian_Ubiel_Torcuato,enet,1.0,-0.7328765988349915
Darryl_David_Miller,ridge,0.0,4.43255615234375
Darryl_David_Miller,ridge,0.00390625,4.430879592895508
Darryl_David_Miller,ridge,0.01171875,4.42754602432251
Darryl_David_Miller,ridge,0.01953125,4.424253463745117
Darryl_David_Miller,ridge,0.02734375,4.42103385925293
Darryl_David_Miller,ridge,0.03515625,4.417905330657959
Darryl_David_Miller,ridge,0.04296875,4.414848804473877
Darryl_David_Miller,ridge,0.05078125,4.411832809448242
Darryl_David_Miller,ridge,0.05859375,4.408813953399658
Darryl_David_Miller,ridge,0.06640625,4.405763626098633
Darryl_David_Miller,ridge,0.07421875,4.402766227722168
Darryl_David_Miller,ridge,0.08203125,4.399964332580566
Darryl_David_Miller,ridge,0.08984375,4.397463798522949
Darryl_David_Miller,ridge,0.09765625,4.395303726196289
Darryl_David_Miller,ridge,0.10546875,4.393548488616943
Darryl_David_Miller,ridge,0.11328125,4.392259120941162
Darryl_David_Miller,ridge,0.12109375,4.391452312469482
Darryl_David_Miller,ridge,0.12890625,4.391079425811768
Darryl_David_Miller,ridge,0.13671875,4.391064643859863
Darryl_David_Miller,ridge,0.14453125,4.391348838806152
Darryl_David_Miller,ridge,0.15234375,4.39188814163208
Darryl_David_Miller,ridge,0.16015625,4.392610549926758
Darryl_David_Miller,ridge,0.16796875,4.393402576446533
Darryl_David_Miller,ridge,0.17578125,4.394118785858154
Darryl_David_Miller,ridge,0.18359375,4.3945465087890625
Darryl_David_Miller,ridge,0.19140625,4.394423484802246
Darryl_David_Miller,ridge,0.19921875,4.393576622009277
Darryl_David_Miller,ridge,0.20703125,4.391925811767578
Darryl_David_Miller,ridge,0.21484375,4.38934850692749
Darryl_David_Miller,ridge,0.22265625,4.385629177093506
Darryl_David_Miller,ridge,0.23046875,4.380409240722656
Darryl_David_Miller,ridge,0.23828125,4.3732805252075195
Darryl_David_Miller,ridge,0.24609375,4.363886833190918
Darryl_David_Miller,ridge,0.25390625,4.351895332336426
Darryl_David_Miller,ridge,0.26171875,4.337003707885742
Darryl_David_Miller,ridge,0.26953125,4.3189287185668945
Darryl_David_Miller,ridge,0.27734375,4.297396659851074
Darryl_David_Miller,ridge,0.28515625,4.272117614746094
Darryl_David_Miller,ridge,0.29296875,4.242873191833496
Darryl_David_Miller,ridge,0.30078125,4.2096452713012695
Darryl_David_Miller,ridge,0.30859375,4.172661304473877
Darryl_David_Miller,ridge,0.31640625,4.132403373718262
Darryl_David_Miller,ridge,0.32421875,4.089514255523682
Darryl_David_Miller,ridge,0.33203125,4.0446553230285645
Darryl_David_Miller,ridge,0.33984375,3.9984195232391357
Darryl_David_Miller,ridge,0.34765625,3.951220989227295
Darryl_David_Miller,ridge,0.35546875,3.903079032897949
Darryl_David_Miller,ridge,0.36328125,3.8534412384033203
Darryl_David_Miller,ridge,0.37109375,3.8013100624084473
Darryl_David_Miller,ridge,0.37890625,3.745361328125
Darryl_David_Miller,ridge,0.38671875,3.683870792388916
Darryl_David_Miller,ridge,0.39453125,3.614772081375122
Darryl_David_Miller,ridge,0.40234375,3.535902976989746
Darryl_David_Miller,ridge,0.41015625,3.4453535079956055
Darryl_David_Miller,ridge,0.41796875,3.3417773246765137
Darryl_David_Miller,ridge,0.42578125,3.2245965003967285
Darryl_David_Miller,ridge,0.43359375,3.0940887928009033
Darryl_David_Miller,ridge,0.44140625,2.9515011310577393
Darryl_David_Miller,ridge,0.44921875,2.7989206314086914
Darryl_David_Miller,ridge,0.45703125,2.6386983394622803
Darryl_David_Miller,ridge,0.46484375,2.4728195667266846
Darryl_David_Miller,ridge,0.47265625,2.303131580352783
Darryl_David_Miller,ridge,0.48046875,2.132479190826416
Darryl_David_Miller,ridge,0.48828125,1.9648922681808472
Darryl_David_Miller,ridge,0.49609375,1.8044790029525757
Darryl_David_Miller,ridge,0.50390625,1.654404640197754
Darryl_David_Miller,ridge,0.51171875,1.5164306163787842
Darryl_David_Miller,ridge,0.51953125,1.390857219696045
Darryl_David_Miller,ridge,0.52734375,1.2770092487335205
Darryl_David_Miller,ridge,0.53515625,1.1736568212509155
Darryl_David_Miller,ridge,0.54296875,1.0792062282562256
Darryl_David_Miller,ridge,0.55078125,0.9919882416725159
Darryl_David_Miller,ridge,0.55859375,0.9104835987091064
Darryl_David_Miller,ridge,0.56640625,0.8333467245101929
Darryl_David_Miller,ridge,0.57421875,0.7593320608139038
Darryl_David_Miller,ridge,0.58203125,0.6874313354492188
Darryl_David_Miller,ridge,0.58984375,0.6170878410339355
Darryl_David_Miller,ridge,0.59765625,0.5481258034706116
Darryl_David_Miller,ridge,0.60546875,0.480490505695343
Darryl_David_Miller,ridge,0.61328125,0.4140867590904236
Darryl_David_Miller,ridge,0.62109375,0.3488858938217163
Darryl_David_Miller,ridge,0.62890625,0.2850208580493927
Darryl_David_Miller,ridge,0.63671875,0.2228086292743683
Darryl_David_Miller,ridge,0.64453125,0.16275812685489655
Darryl_David_Miller,ridge,0.65234375,0.1054428219795227
Darryl_David_Miller,ridge,0.66015625,0.05122801661491394
Darryl_David_Miller,ridge,0.66796875,0.00012825429439544678
Darryl_David_Miller,ridge,0.67578125,-0.04798711836338043
Darryl_David_Miller,ridge,0.68359375,-0.09315865486860275
Darryl_David_Miller,ridge,0.69140625,-0.135299414396286
Darryl_David_Miller,ridge,0.69921875,-0.17428886890411377
Darryl_David_Miller,ridge,0.70703125,-0.21007229387760162
Darryl_David_Miller,ridge,0.71484375,-0.24267908930778503
Darryl_David_Miller,ridge,0.72265625,-0.2722111642360687
Darryl_David_Miller,ridge,0.73046875,-0.29889151453971863
Darryl_David_Miller,ridge,0.73828125,-0.32312339544296265
Darryl_David_Miller,ridge,0.74609375,-0.3454468846321106
Darryl_David_Miller,ridge,0.75390625,-0.3663892149925232
Darryl_David_Miller,ridge,0.76171875,-0.3862904906272888
Darryl_David_Miller,ridge,0.76953125,-0.4052017331123352
Darryl_David_Miller,ridge,0.77734375,-0.42292964458465576
Darryl_David_Miller,ridge,0.78515625,-0.43919578194618225
Darryl_David_Miller,ridge,0.79296875,-0.45384481549263
Darryl_David_Miller,ridge,0.80078125,-0.4668141007423401
Darryl_David_Miller,ridge,0.80859375,-0.47792479395866394
Darryl_David_Miller,ridge,0.81640625,-0.487121045589447
Darryl_David_Miller,ridge,0.82421875,-0.4947156608104706
Darryl_David_Miller,ridge,0.83203125,-0.5012765526771545
Darryl_David_Miller,ridge,0.83984375,-0.5071988105773926
Darryl_David_Miller,ridge,0.84765625,-0.5122843384742737
Darryl_David_Miller,ridge,0.85546875,-0.516140878200531
Darryl_David_Miller,ridge,0.86328125,-0.5188828706741333
Darryl_David_Miller,ridge,0.87109375,-0.5215499997138977
Darryl_David_Miller,ridge,0.87890625,-0.5251134634017944
Darryl_David_Miller,ridge,0.88671875,-0.5298205614089966
Darryl_David_Miller,ridge,0.89453125,-0.5355080366134644
Darryl_David_Miller,ridge,0.90234375,-0.5415160655975342
Darryl_David_Miller,ridge,0.91015625,-0.5467528104782104
Darryl_David_Miller,ridge,0.91796875,-0.551037609577179
Darryl_David_Miller,ridge,0.92578125,-0.555391788482666
Darryl_David_Miller,ridge,0.93359375,-0.5605583190917969
Darryl_David_Miller,ridge,0.94140625,-0.5659542679786682
Darryl_David_Miller,ridge,0.94921875,-0.5689194202423096
Darryl_David_Miller,ridge,0.95703125,-0.5647538304328918
Darryl_David_Miller,ridge,0.96484375,-0.5598161816596985
Darryl_David_Miller,ridge,0.97265625,-0.5524071455001831
Darryl_David_Miller,ridge,0.98046875,-0.5412922501564026
Darryl_David_Miller,ridge,0.98828125,-0.5288159847259521
Darryl_David_Miller,ridge,0.99609375,-0.5170390605926514
Darryl_David_Miller,ridge,1.0,-0.512060284614563
Darryl_David_Miller,enet,0.0,-0.23772358894348145
Darryl_David_Miller,enet,0.00390625,-0.2385813593864441
Darryl_David_Miller,enet,0.01171875,-0.2403697669506073
Darryl_David_Miller,enet,0.01953125,-0.24221687018871307
Darryl_David_Miller,enet,0.02734375,-0.24402466416358948
Darryl_David_Miller,enet,0.03515625,-0.24566803872585297
Darryl_David_Miller,enet,0.04296875,-0.2470231056213379
Darryl_David_Miller,enet,0.05078125,-0.2480269968509674
Darryl_David_Miller,enet,0.05859375,-0.24869170784950256
Darryl_David_Miller,enet,0.06640625,-0.24904721975326538
Darryl_David_Miller,enet,0.07421875,-0.24901163578033447
Darryl_David_Miller,enet,0.08203125,-0.24840384721755981
Darryl_David_Miller,enet,0.08984375,-0.2470628321170807
Darryl_David_Miller,enet,0.09765625,-0.24486705660820007
Darryl_David_Miller,enet,0.10546875,-0.24161282181739807
Darryl_David_Miller,enet,0.11328125,-0.23705683648586273
Darryl_David_Miller,enet,0.12109375,-0.23101767897605896
Darryl_David_Miller,enet,0.12890625,-0.22340479493141174
Darryl_David_Miller,enet,0.13671875,-0.2141840010881424
Darryl_David_Miller,enet,0.14453125,-0.20334693789482117
Darryl_David_Miller,enet,0.15234375,-0.1909121572971344
Darryl_David_Miller,enet,0.16015625,-0.17693142592906952
Darryl_David_Miller,enet,0.16796875,-0.16145142912864685
Darryl_David_Miller,enet,0.17578125,-0.1444644331932068
Darryl_David_Miller,enet,0.18359375,-0.12596383690834045
Darryl_David_Miller,enet,0.19140625,-0.10601131618022919
Darryl_David_Miller,enet,0.19921875,-0.08462652564048767
Darryl_David_Miller,enet,0.20703125,-0.06177893280982971
Darryl_David_Miller,enet,0.21484375,-0.03747323155403137
Darryl_David_Miller,enet,0.22265625,-0.011778056621551514
Darryl_David_Miller,enet,0.23046875,0.015153065323829651
Darryl_David_Miller,enet,0.23828125,0.043123871088027954
Darryl_David_Miller,enet,0.24609375,0.07194986939430237
Darryl_David_Miller,enet,0.25390625,0.10139444470405579
Darryl_David_Miller,enet,0.26171875,0.13118168711662292
Darryl_David_Miller,enet,0.26953125,0.16103310883045197
Darryl_David_Miller,enet,0.27734375,0.1906360685825348
Darryl_David_Miller,enet,0.28515625,0.21964111924171448
Darryl_David_Miller,enet,0.29296875,0.24771475791931152
Darryl_David_Miller,enet,0.30078125,0.27470314502716064
Darryl_David_Miller,enet,0.30859375,0.30072128772735596
Darryl_David_Miller,enet,0.31640625,0.32622501254081726
Darryl_David_Miller,enet,0.32421875,0.35199683904647827
Darryl_David_Miller,enet,0.33203125,0.37909063696861267
Darryl_David_Miller,enet,0.33984375,0.40877652168273926
Darryl_David_Miller,enet,0.34765625,0.44243305921554565
Darryl_David_Miller,enet,0.35546875,0.48132967948913574
Darryl_David_Miller,enet,0.36328125,0.5263794660568237
Darryl_David_Miller,enet,0.37109375,0.5780879259109497
Darryl_David_Miller,enet,0.37890625,0.6366087198257446
Darryl_David_Miller,enet,0.38671875,0.7016526460647583
Darryl_David_Miller,enet,0.39453125,0.7722978591918945
Darryl_David_Miller,enet,0.40234375,0.8469841480255127
Darryl_David_Miller,enet,0.41015625,0.9236438274383545
Darryl_David_Miller,enet,0.41796875,0.9997212886810303
Darryl_David_Miller,enet,0.42578125,1.0722553730010986
Darryl_David_Miller,enet,0.43359375,1.1381328105926514
Darryl_David_Miller,enet,0.44140625,1.194275140762329
Darryl_David_Miller,enet,0.44921875,1.2375187873840332
Darryl_David_Miller,enet,0.45703125,1.2644047737121582
Darryl_David_Miller,enet,0.46484375,1.2716094255447388
Darryl_David_Miller,enet,0.47265625,1.2572345733642578
Darryl_David_Miller,enet,0.48046875,1.2220432758331299
Darryl_David_Miller,enet,0.48828125,1.1694085597991943
Darryl_David_Miller,enet,0.49609375,1.1041605472564697
Darryl_David_Miller,enet,0.50390625,1.0311444997787476
Darryl_David_Miller,enet,0.51171875,0.9541807770729065
Darryl_David_Miller,enet,0.51953125,0.8756148815155029
Darryl_David_Miller,enet,0.52734375,0.7965195178985596
Darryl_David_Miller,enet,0.53515625,0.7172057032585144
Darryl_David_Miller,enet,0.54296875,0.6378926634788513
Darryl_David_Miller,enet,0.55078125,0.5593146681785583
Darryl_David_Miller,enet,0.55859375,0.4828082025051117
Darryl_David_Miller,enet,0.56640625,0.4098427891731262
Darryl_David_Miller,enet,0.57421875,0.34127944707870483
Darryl_David_Miller,enet,0.58203125,0.2770742177963257
Darryl_David_Miller,enet,0.58984375,0.21664240956306458
Darryl_David_Miller,enet,0.59765625,0.15940485894680023
Darryl_David_Miller,enet,0.60546875,0.10501052439212799
Darryl_David_Miller,enet,0.61328125,0.05326635390520096
Darryl_David_Miller,enet,0.62109375,0.004091128706932068
Darryl_David_Miller,enet,0.62890625,-0.0425499826669693
Darryl_David_Miller,enet,0.63671875,-0.08672032505273819
Darryl_David_Miller,enet,0.64453125,-0.12848077714443207
Darryl_David_Miller,enet,0.65234375,-0.16782739758491516
Darryl_David_Miller,enet,0.66015625,-0.20473343133926392
Darryl_David_Miller,enet,0.66796875,-0.23927845060825348
Darryl_David_Miller,enet,0.67578125,-0.27163946628570557
Darryl_David_Miller,enet,0.68359375,-0.3020245432853699
Darryl_David_Miller,enet,0.69140625,-0.3306407034397125
Darryl_David_Miller,enet,0.69921875,-0.3576810657978058
Darryl_David_Miller,enet,0.70703125,-0.3833065629005432
Darryl_David_Miller,enet,0.71484375,-0.4076201319694519
Darryl_David_Miller,enet,0.72265625,-0.43067771196365356
Darryl_David_Miller,enet,0.73046875,-0.4524984657764435
Darryl_David_Miller,enet,0.73828125,-0.47308051586151123
Darryl_David_Miller,enet,0.74609375,-0.4924156367778778
Darryl_David_Miller,enet,0.75390625,-0.5104950070381165
Darryl_David_Miller,enet,0.76171875,-0.5272813439369202
Darryl_David_Miller,enet,0.76953125,-0.5426746010780334
Darryl_David_Miller,enet,0.77734375,-0.5565184950828552
Darryl_David_Miller,enet,0.78515625,-0.5687195062637329
Darryl_David_Miller,enet,0.79296875,-0.5794113874435425
Darryl_David_Miller,enet,0.80078125,-0.5888096690177917
Darryl_David_Miller,enet,0.80859375,-0.5967956185340881
Darryl_David_Miller,enet,0.81640625,-0.6032366156578064
Darryl_David_Miller,enet,0.82421875,-0.608386754989624
Darryl_David_Miller,enet,0.83203125,-0.6127864122390747
Darryl_David_Miller,enet,0.83984375,-0.6168723702430725
Darryl_David_Miller,enet,0.84765625,-0.6205596327781677
Darryl_David_Miller,enet,0.85546875,-0.6235989928245544
Darryl_David_Miller,enet,0.86328125,-0.6267270445823669
Darryl_David_Miller,enet,0.87109375,-0.6320475935935974
Darryl_David_Miller,enet,0.87890625,-0.6412726044654846
Darryl_David_Miller,enet,0.88671875,-0.6547449231147766
Darryl_David_Miller,enet,0.89453125,-0.6717238426208496
Darryl_David_Miller,enet,0.90234375,-0.6906780004501343
Darryl_David_Miller,enet,0.91015625,-0.709947407245636
Darryl_David_Miller,enet,0.91796875,-0.7289154529571533
Darryl_David_Miller,enet,0.92578125,-0.7481927275657654
Darryl_David_Miller,enet,0.93359375,-0.7682029008865356
Darryl_David_Miller,enet,0.94140625,-0.7877469658851624
Darryl_David_Miller,enet,0.94921875,-0.8011327385902405
Darryl_David_Miller,enet,0.95703125,-0.8103666305541992
Darryl_David_Miller,enet,0.96484375,-0.8198885321617126
Darryl_David_Miller,enet,0.97265625,-0.8259216547012329
Darryl_David_Miller,enet,0.98046875,-0.8277467489242554
Darryl_David_Miller,enet,0.98828125,-0.8192539215087891
Darryl_David_Miller,enet,0.99609375,-0.808647096157074
Darryl_David_Miller,enet,1.0,-0.8062635660171509
David_Aaron_Beauregard,ridge,0.0,3.238027811050415
David_Aaron_Beauregard,ridge,0.00390625,3.2348732948303223
David_Aaron_Beauregard,ridge,0.01171875,3.228414535522461
David_Aaron_Beauregard,ridge,0.01953125,3.221747398376465
David_Aaron_Beauregard,ridge,0.02734375,3.214876174926758
David_Aaron_Beauregard,ridge,0.03515625,3.20780086517334
David_Aaron_Beauregard,ridge,0.04296875,3.200505018234253
David_Aaron_Beauregard,ridge,0.05078125,3.1929872035980225
David_Aaron_Beauregard,ridge,0.05859375,3.1852197647094727
David_Aaron_Beauregard,ridge,0.06640625,3.1771464347839355
David_Aaron_Beauregard,ridge,0.07421875,3.1686911582946777
David_Aaron_Beauregard,ridge,0.08203125,3.1597795486450195
David_Aaron_Beauregard,ridge,0.08984375,3.150338888168335
David_Aaron_Beauregard,ridge,0.09765625,3.140270948410034
David_Aaron_Beauregard,ridge,0.10546875,3.1294798851013184
David_Aaron_Beauregard,ridge,0.11328125,3.1179065704345703
David_Aaron_Beauregard,ridge,0.12109375,3.1054978370666504
David_Aaron_Beauregard,ridge,0.12890625,3.0921685695648193
David_Aaron_Beauregard,ridge,0.13671875,3.0778143405914307
David_Aaron_Beauregard,ridge,0.14453125,3.062325954437256
David_Aaron_Beauregard,ridge,0.15234375,3.0455782413482666
David_Aaron_Beauregard,ridge,0.16015625,3.027416944503784
David_Aaron_Beauregard,ridge,0.16796875,3.0076680183410645
David_Aaron_Beauregard,ridge,0.17578125,2.986143112182617
David_Aaron_Beauregard,ridge,0.18359375,2.962646007537842
David_Aaron_Beauregard,ridge,0.19140625,2.9370126724243164
David_Aaron_Beauregard,ridge,0.19921875,2.9091267585754395
David_Aaron_Beauregard,ridge,0.20703125,2.8788833618164062
David_Aaron_Beauregard,ridge,0.21484375,2.8461813926696777
David_Aaron_Beauregard,ridge,0.22265625,2.810955762863159
David_Aaron_Beauregard,ridge,0.23046875,2.773193359375
David_Aaron_Beauregard,ridge,0.23828125,2.7329516410827637
David_Aaron_Beauregard,ridge,0.24609375,2.6903772354125977
David_Aaron_Beauregard,ridge,0.25390625,2.6457324028015137
David_Aaron_Beauregard,ridge,0.26171875,2.5993728637695312
David_Aaron_Beauregard,ridge,0.26953125,2.5517067909240723
David_Aaron_Beauregard,ridge,0.27734375,2.503119707107544
David_Aaron_Beauregard,ridge,0.28515625,2.4539618492126465
David_Aaron_Beauregard,ridge,0.29296875,2.4044971466064453
David_Aaron_Beauregard,ridge,0.30078125,2.3548331260681152
David_Aaron_Beauregard,ridge,0.30859375,2.3047983646392822
David_Aaron_Beauregard,ridge,0.31640625,2.253851890563965
David_Aaron_Beauregard,ridge,0.32421875,2.200868606567383
David_Aaron_Beauregard,ridge,0.33203125,2.144094467163086
David_Aaron_Beauregard,ridge,0.33984375,2.0814876556396484
David_Aaron_Beauregard,ridge,0.34765625,2.0108253955841064
David_Aaron_Beauregard,ridge,0.35546875,1.929922342300415
David_Aaron_Beauregard,ridge,0.36328125,1.8370440006256104
David_Aaron_Beauregard,ridge,0.37109375,1.731337070465088
David_Aaron_Beauregard,ridge,0.37890625,1.6132869720458984
David_Aaron_Beauregard,ridge,0.38671875,1.4848747253417969
David_Aaron_Beauregard,ridge,0.39453125,1.3491814136505127
David_Aaron_Beauregard,ridge,0.40234375,1.2097599506378174
David_Aaron_Beauregard,ridge,0.41015625,1.0703095197677612
David_Aaron_Beauregard,ridge,0.41796875,0.9344807863235474
David_Aaron_Beauregard,ridge,0.42578125,0.8057661056518555
David_Aaron_Beauregard,ridge,0.43359375,0.6871369481086731
David_Aaron_Beauregard,ridge,0.44140625,0.5805739164352417
David_Aaron_Beauregard,ridge,0.44921875,0.48663169145584106
David_Aaron_Beauregard,ridge,0.45703125,0.40449732542037964
David_Aaron_Beauregard,ridge,0.46484375,0.3326815068721771
David_Aaron_Beauregard,ridge,0.47265625,0.26973956823349
David_Aaron_Beauregard,ridge,0.48046875,0.21447288990020752
David_Aaron_Beauregard,ridge,0.48828125,0.16564910113811493
David_Aaron_Beauregard,ridge,0.49609375,0.1216549277305603
David_Aaron_Beauregard,ridge,0.50390625,0.08049216866493225
David_Aaron_Beauregard,ridge,0.51171875,0.04022452235221863
David_Aaron_Beauregard,ridge,0.51953125,-0.0006608664989471436
David_Aaron_Beauregard,ridge,0.52734375,-0.04319661855697632
David_Aaron_Beauregard,ridge,0.53515625,-0.08802235126495361
David_Aaron_Beauregard,ridge,0.54296875,-0.13538506627082825
David_Aaron_Beauregard,ridge,0.55078125,-0.18515852093696594
David_Aaron_Beauregard,ridge,0.55859375,-0.23683153092861176
David_Aaron_Beauregard,ridge,0.56640625,-0.289513498544693
David_Aaron_Beauregard,ridge,0.57421875,-0.3420426845550537
David_Aaron_Beauregard,ridge,0.58203125,-0.39351314306259155
David_Aaron_Beauregard,ridge,0.58984375,-0.4437794089317322
David_Aaron_Beauregard,ridge,0.59765625,-0.4931865930557251
David_Aaron_Beauregard,ridge,0.60546875,-0.5419166088104248
David_Aaron_Beauregard,ridge,0.61328125,-0.5897051692008972
David_Aaron_Beauregard,ridge,0.62109375,-0.6358552575111389
David_Aaron_Beauregard,ridge,0.62890625,-0.6794590353965759
David_Aaron_Beauregard,ridge,0.63671875,-0.7197023630142212
David_Aaron_Beauregard,ridge,0.64453125,-0.756007730960846
David_Aaron_Beauregard,ridge,0.65234375,-0.7881527543067932
David_Aaron_Beauregard,ridge,0.66015625,-0.8163926601409912
David_Aaron_Beauregard,ridge,0.66796875,-0.8414037227630615
David_Aaron_Beauregard,ridge,0.67578125,-0.8639712333679199
David_Aaron_Beauregard,ridge,0.68359375,-0.8846455812454224
David_Aaron_Beauregard,ridge,0.69140625,-0.9036486148834229
David_Aaron_Beauregard,ridge,0.69921875,-0.9210082292556763
David_Aaron_Beauregard,ridge,0.70703125,-0.936703085899353
David_Aaron_Beauregard,ridge,0.71484375,-0.9506635069847107
David_Aaron_Beauregard,ridge,0.72265625,-0.9627861380577087
David_Aaron_Beauregard,ridge,0.73046875,-0.9730364680290222
David_Aaron_Beauregard,ridge,0.73828125,-0.9816877245903015
David_Aaron_Beauregard,ridge,0.74609375,-0.9893391132354736
David_Aaron_Beauregard,ridge,0.75390625,-0.9958089590072632
David_Aaron_Beauregard,ridge,0.76171875,-1.0007716417312622
David_Aaron_Beauregard,ridge,0.76953125,-1.0041465759277344
David_Aaron_Beauregard,ridge,0.77734375,-1.0057779550552368
David_Aaron_Beauregard,ridge,0.78515625,-1.0057698488235474
David_Aaron_Beauregard,ridge,0.79296875,-1.0044002532958984
David_Aaron_Beauregard,ridge,0.80078125,-1.0019268989562988
David_Aaron_Beauregard,ridge,0.80859375,-0.9988381862640381
David_Aaron_Beauregard,ridge,0.81640625,-0.9966146349906921
David_Aaron_Beauregard,ridge,0.82421875,-0.9977239370346069
David_Aaron_Beauregard,ridge,0.83203125,-1.0010498762130737
David_Aaron_Beauregard,ridge,0.83984375,-1.0048120021820068
David_Aaron_Beauregard,ridge,0.84765625,-1.0099018812179565
David_Aaron_Beauregard,ridge,0.85546875,-1.0175336599349976
David_Aaron_Beauregard,ridge,0.86328125,-1.0275088548660278
David_Aaron_Beauregard,ridge,0.87109375,-1.0399017333984375
David_Aaron_Beauregard,ridge,0.87890625,-1.0546373128890991
David_Aaron_Beauregard,ridge,0.88671875,-1.0715813636779785
David_Aaron_Beauregard,ridge,0.89453125,-1.0905511379241943
David_Aaron_Beauregard,ridge,0.90234375,-1.111100196838379
David_Aaron_Beauregard,ridge,0.91015625,-1.1328556537628174
David_Aaron_Beauregard,ridge,0.91796875,-1.1572351455688477
David_Aaron_Beauregard,ridge,0.92578125,-1.186810851097107
David_Aaron_Beauregard,ridge,0.93359375,-1.221439242362976
David_Aaron_Beauregard,ridge,0.94140625,-1.2550456523895264
David_Aaron_Beauregard,ridge,0.94921875,-1.283153772354126
David_Aaron_Beauregard,ridge,0.95703125,-1.3139539957046509
David_Aaron_Beauregard,ridge,0.96484375,-1.3395520448684692
David_Aaron_Beauregard,ridge,0.97265625,-1.3573009967803955
David_Aaron_Beauregard,ridge,0.98046875,-1.3680975437164307
David_Aaron_Beauregard,ridge,0.98828125,-1.3754067420959473
David_Aaron_Beauregard,ridge,0.99609375,-1.3789868354797363
David_Aaron_Beauregard,ridge,1.0,-1.3799128532409668
David_Aaron_Beauregard,enet,0.0,-1.6540333032608032
David_Aaron_Beauregard,enet,0.00390625,-1.658676266670227
David_Aaron_Beauregard,enet,0.01171875,-1.6681056022644043
David_Aaron_Beauregard,enet,0.01953125,-1.6777851581573486
David_Aaron_Beauregard,enet,0.02734375,-1.687764048576355
David_Aaron_Beauregard,enet,0.03515625,-1.698053002357483
David_Aaron_Beauregard,enet,0.04296875,-1.708564043045044
David_Aaron_Beauregard,enet,0.05078125,-1.7191529273986816
David_Aaron_Beauregard,enet,0.05859375,-1.7296946048736572
David_Aaron_Beauregard,enet,0.06640625,-1.7400916814804077
David_Aaron_Beauregard,enet,0.07421875,-1.750275731086731
David_Aaron_Beauregard,enet,0.08203125,-1.760204792022705
David_Aaron_Beauregard,enet,0.08984375,-1.769860863685608
David_Aaron_Beauregard,enet,0.09765625,-1.779235601425171
David_Aaron_Beauregard,enet,0.10546875,-1.7883020639419556
David_Aaron_Beauregard,enet,0.11328125,-1.7970210313796997
David_Aaron_Beauregard,enet,0.12109375,-1.805373191833496
David_Aaron_Beauregard,enet,0.12890625,-1.8133697509765625
David_Aaron_Beauregard,enet,0.13671875,-1.8210277557373047
David_Aaron_Beauregard,enet,0.14453125,-1.8283462524414062
David_Aaron_Beauregard,enet,0.15234375,-1.8353179693222046
David_Aaron_Beauregard,enet,0.16015625,-1.8419443368911743
David_Aaron_Beauregard,enet,0.16796875,-1.8482532501220703
David_Aaron_Beauregard,enet,0.17578125,-1.8543000221252441
David_Aaron_Beauregard,enet,0.18359375,-1.8601362705230713
David_Aaron_Beauregard,enet,0.19140625,-1.8657910823822021
David_Aaron_Beauregard,enet,0.19921875,-1.871260404586792
David_Aaron_Beauregard,enet,0.20703125,-1.8765300512313843
David_Aaron_Beauregard,enet,0.21484375,-1.88157057762146
David_Aaron_Beauregard,enet,0.22265625,-1.8863348960876465
David_Aaron_Beauregard,enet,0.23046875,-1.8907735347747803
David_Aaron_Beauregard,enet,0.23828125,-1.8947908878326416
David_Aaron_Beauregard,enet,0.24609375,-1.8981544971466064
David_Aaron_Beauregard,enet,0.25390625,-1.9003667831420898
David_Aaron_Beauregard,enet,0.26171875,-1.9006487131118774
David_Aaron_Beauregard,enet,0.26953125,-1.8980778455734253
David_Aaron_Beauregard,enet,0.27734375,-1.891749382019043
David_Aaron_Beauregard,enet,0.28515625,-1.8807388544082642
David_Aaron_Beauregard,enet,0.29296875,-1.8639650344848633
David_Aaron_Beauregard,enet,0.30078125,-1.840139627456665
David_Aaron_Beauregard,enet,0.30859375,-1.8078510761260986
David_Aaron_Beauregard,enet,0.31640625,-1.765380859375
David_Aaron_Beauregard,enet,0.32421875,-1.7107208967208862
David_Aaron_Beauregard,enet,0.33203125,-1.6419222354888916
David_Aaron_Beauregard,enet,0.33984375,-1.5570268630981445
David_Aaron_Beauregard,enet,0.34765625,-1.4542936086654663
David_Aaron_Beauregard,enet,0.35546875,-1.3328301906585693
David_Aaron_Beauregard,enet,0.36328125,-1.1934537887573242
David_Aaron_Beauregard,enet,0.37109375,-1.039313554763794
David_Aaron_Beauregard,enet,0.37890625,-0.8757007122039795
David_Aaron_Beauregard,enet,0.38671875,-0.7091181874275208
David_Aaron_Beauregard,enet,0.39453125,-0.5461450219154358
David_Aaron_Beauregard,enet,0.40234375,-0.3925747275352478
David_Aaron_Beauregard,enet,0.41015625,-0.25282615423202515
David_Aaron_Beauregard,enet,0.41796875,-0.12949655950069427
David_Aaron_Beauregard,enet,0.42578125,-0.02332262694835663
David_Aaron_Beauregard,enet,0.43359375,0.06610150635242462
David_Aaron_Beauregard,enet,0.44140625,0.1397567242383957
David_Aaron_Beauregard,enet,0.44921875,0.19907288253307343
David_Aaron_Beauregard,enet,0.45703125,0.2458583265542984
David_Aaron_Beauregard,enet,0.46484375,0.28213655948638916
David_Aaron_Beauregard,enet,0.47265625,0.3097125291824341
David_Aaron_Beauregard,enet,0.48046875,0.3296353220939636
David_Aaron_Beauregard,enet,0.48828125,0.3421805500984192
David_Aaron_Beauregard,enet,0.49609375,0.34728872776031494
David_Aaron_Beauregard,enet,0.50390625,0.3448772430419922
David_Aaron_Beauregard,enet,0.51171875,0.3350540101528168
David_Aaron_Beauregard,enet,0.51953125,0.3181450366973877
David_Aaron_Beauregard,enet,0.52734375,0.29457131028175354
David_Aaron_Beauregard,enet,0.53515625,0.26469191908836365
David_Aaron_Beauregard,enet,0.54296875,0.2289673238992691
David_Aaron_Beauregard,enet,0.55078125,0.1882086843252182
David_Aaron_Beauregard,enet,0.55859375,0.14364546537399292
David_Aaron_Beauregard,enet,0.56640625,0.09676526486873627
David_Aaron_Beauregard,enet,0.57421875,0.049043938517570496
David_Aaron_Beauregard,enet,0.58203125,0.0015230551362037659
David_Aaron_Beauregard,enet,0.58984375,-0.045355137437582016
David_Aaron_Beauregard,enet,0.59765625,-0.09145931899547577
David_Aaron_Beauregard,enet,0.60546875,-0.13670501112937927
David_Aaron_Beauregard,enet,0.61328125,-0.1810629665851593
David_Aaron_Beauregard,enet,0.62109375,-0.2245747148990631
David_Aaron_Beauregard,enet,0.62890625,-0.26714056730270386
David_Aaron_Beauregard,enet,0.63671875,-0.3083139657974243
David_Aaron_Beauregard,enet,0.64453125,-0.34746506810188293
David_Aaron_Beauregard,enet,0.65234375,-0.38407638669013977
David_Aaron_Beauregard,enet,0.66015625,-0.4180050492286682
David_Aaron_Beauregard,enet,0.66796875,-0.4494815170764923
David_Aaron_Beauregard,enet,0.67578125,-0.47883227467536926
David_Aaron_Beauregard,enet,0.68359375,-0.5061448812484741
David_Aaron_Beauregard,enet,0.69140625,-0.5312180519104004
David_Aaron_Beauregard,enet,0.69921875,-0.5536896586418152
David_Aaron_Beauregard,enet,0.70703125,-0.573143720626831
David_Aaron_Beauregard,enet,0.71484375,-0.5892367959022522
David_Aaron_Beauregard,enet,0.72265625,-0.6017951369285583
David_Aaron_Beauregard,enet,0.73046875,-0.6109190583229065
David_Aaron_Beauregard,enet,0.73828125,-0.6174936890602112
David_Aaron_Beauregard,enet,0.74609375,-0.6233077645301819
David_Aaron_Beauregard,enet,0.75390625,-0.6292850971221924
David_Aaron_Beauregard,enet,0.76171875,-0.6358281970024109
David_Aaron_Beauregard,enet,0.76953125,-0.6433572769165039
David_Aaron_Beauregard,enet,0.77734375,-0.6521749496459961
David_Aaron_Beauregard,enet,0.78515625,-0.662678599357605
David_Aaron_Beauregard,enet,0.79296875,-0.6749531030654907
David_Aaron_Beauregard,enet,0.80078125,-0.6885786652565002
David_Aaron_Beauregard,enet,0.80859375,-0.7026280164718628
David_Aaron_Beauregard,enet,0.81640625,-0.7160111665725708
David_Aaron_Beauregard,enet,0.82421875,-0.731706976890564
David_Aaron_Beauregard,enet,0.83203125,-0.752747654914856
David_Aaron_Beauregard,enet,0.83984375,-0.7766326069831848
David_Aaron_Beauregard,enet,0.84765625,-0.8019993901252747
David_Aaron_Beauregard,enet,0.85546875,-0.8283417820930481
David_Aaron_Beauregard,enet,0.86328125,-0.8543083667755127
David_Aaron_Beauregard,enet,0.87109375,-0.8794175386428833
David_Aaron_Beauregard,enet,0.87890625,-0.9034643173217773
David_Aaron_Beauregard,enet,0.88671875,-0.9265736937522888
David_Aaron_Beauregard,enet,0.89453125,-0.9491517543792725
David_Aaron_Beauregard,enet,0.90234375,-0.9713027477264404
David_Aaron_Beauregard,enet,0.91015625,-0.9924931526184082
David_Aaron_Beauregard,enet,0.91796875,-1.0128828287124634
David_Aaron_Beauregard,enet,0.92578125,-1.0349743366241455
David_Aaron_Beauregard,enet,0.93359375,-1.0602070093154907
David_Aaron_Beauregard,enet,0.94140625,-1.0893704891204834
David_Aaron_Beauregard,enet,0.94921875,-1.1172367334365845
David_Aaron_Beauregard,enet,0.95703125,-1.1427072286605835
David_Aaron_Beauregard,enet,0.96484375,-1.16390860080719
David_Aaron_Beauregard,enet,0.97265625,-1.18096125125885
David_Aaron_Beauregard,enet,0.98046875,-1.1938923597335815
David_Aaron_Beauregard,enet,0.98828125,-1.2034482955932617
David_Aaron_Beauregard,enet,0.99609375,-1.2076597213745117
David_Aaron_Beauregard,enet,1.0,-1.2072471380233765
Edward_Scissorhands_Salamander,ridge,0.0,4.2879533767700195
Edward_Scissorhands_Salamander,ridge,0.00390625,4.28593635559082
Edward_Scissorhands_Salamander,ridge,0.01171875,4.2820539474487305
Edward_Scissorhands_Salamander,ridge,0.01953125,4.2782697677612305
Edward_Scissorhands_Salamander,ridge,0.02734375,4.274481773376465
Edward_Scissorhands_Salamander,ridge,0.03515625,4.2706499099731445
Edward_Scissorhands_Salamander,ridge,0.04296875,4.26678466796875
Edward_Scissorhands_Salamander,ridge,0.05078125,4.2629265785217285
Edward_Scissorhands_Salamander,ridge,0.05859375,4.259095191955566
Edward_Scissorhands_Salamander,ridge,0.06640625,4.255278587341309
Edward_Scissorhands_Salamander,ridge,0.07421875,4.251466274261475
Edward_Scissorhands_Salamander,ridge,0.08203125,4.247729301452637
Edward_Scissorhands_Salamander,ridge,0.08984375,4.244139194488525
Edward_Scissorhands_Salamander,ridge,0.09765625,4.240756988525391
Edward_Scissorhands_Salamander,ridge,0.10546875,4.237635612487793
Edward_Scissorhands_Salamander,ridge,0.11328125,4.234734058380127
Edward_Scissorhands_Salamander,ridge,0.12109375,4.231998443603516
Edward_Scissorhands_Salamander,ridge,0.12890625,4.229417324066162
Edward_Scissorhands_Salamander,ridge,0.13671875,4.226977825164795
Edward_Scissorhands_Salamander,ridge,0.14453125,4.224663734436035
Edward_Scissorhands_Salamander,ridge,0.15234375,4.22244930267334
Edward_Scissorhands_Salamander,ridge,0.16015625,4.220271110534668
Edward_Scissorhands_Salamander,ridge,0.16796875,4.2180070877075195
Edward_Scissorhands_Salamander,ridge,0.17578125,4.215550422668457
Edward_Scissorhands_Salamander,ridge,0.18359375,4.212777614593506
Edward_Scissorhands_Salamander,ridge,0.19140625,4.2095232009887695
Edward_Scissorhands_Salamander,ridge,0.19921875,4.205645561218262
Edward_Scissorhands_Salamander,ridge,0.20703125,4.201091289520264
Edward_Scissorhands_Salamander,ridge,0.21484375,4.1958231925964355
Edward_Scissorhands_Salamander,ridge,0.22265625,4.189744472503662
Edward_Scissorhands_Salamander,ridge,0.23046875,4.182735443115234
Edward_Scissorhands_Salamander,ridge,0.23828125,4.174716949462891
Edward_Scissorhands_Salamander,ridge,0.24609375,4.165582656860352
Edward_Scissorhands_Salamander,ridge,0.25390625,4.155267238616943
Edward_Scissorhands_Salamander,ridge,0.26171875,4.143777370452881
Edward_Scissorhands_Salamander,ridge,0.26953125,4.131075382232666
Edward_Scissorhands_Salamander,ridge,0.27734375,4.11707878112793
Edward_Scissorhands_Salamander,ridge,0.28515625,4.101734161376953
Edward_Scissorhands_Salamander,ridge,0.29296875,4.085076332092285
Edward_Scissorhands_Salamander,ridge,0.30078125,4.067206382751465
Edward_Scissorhands_Salamander,ridge,0.30859375,4.048194885253906
Edward_Scissorhands_Salamander,ridge,0.31640625,4.028040885925293
Edward_Scissorhands_Salamander,ridge,0.32421875,4.006629943847656
Edward_Scissorhands_Salamander,ridge,0.33203125,3.983668804168701
Edward_Scissorhands_Salamander,ridge,0.33984375,3.958735466003418
Edward_Scissorhands_Salamander,ridge,0.34765625,3.931365489959717
Edward_Scissorhands_Salamander,ridge,0.35546875,3.901124954223633
Edward_Scissorhands_Salamander,ridge,0.36328125,3.867586851119995
Edward_Scissorhands_Salamander,ridge,0.37109375,3.830172300338745
Edward_Scissorhands_Salamander,ridge,0.37890625,3.788205146789551
Edward_Scissorhands_Salamander,ridge,0.38671875,3.7407801151275635
Edward_Scissorhands_Salamander,ridge,0.39453125,3.6865310668945312
Edward_Scissorhands_Salamander,ridge,0.40234375,3.6237599849700928
Edward_Scissorhands_Salamander,ridge,0.41015625,3.550567626953125
Edward_Scissorhands_Salamander,ridge,0.41796875,3.4647762775421143
Edward_Scissorhands_Salamander,ridge,0.42578125,3.363983154296875
Edward_Scissorhands_Salamander,ridge,0.43359375,3.2459137439727783
Edward_Scissorhands_Salamander,ridge,0.44140625,3.1091294288635254
Edward_Scissorhands_Salamander,ridge,0.44921875,2.9537861347198486
Edward_Scissorhands_Salamander,ridge,0.45703125,2.7819509506225586
Edward_Scissorhands_Salamander,ridge,0.46484375,2.5974371433258057
Edward_Scissorhands_Salamander,ridge,0.47265625,2.4057204723358154
Edward_Scissorhands_Salamander,ridge,0.48046875,2.21362042427063
Edward_Scissorhands_Salamander,ridge,0.48828125,2.02827525138855
Edward_Scissorhands_Salamander,ridge,0.49609375,1.855720043182373
Edward_Scissorhands_Salamander,ridge,0.50390625,1.6998251676559448
Edward_Scissorhands_Salamander,ridge,0.51171875,1.5617239475250244
Edward_Scissorhands_Salamander,ridge,0.51953125,1.439927577972412
Edward_Scissorhands_Salamander,ridge,0.52734375,1.331586241722107
Edward_Scissorhands_Salamander,ridge,0.53515625,1.2339611053466797
Edward_Scissorhands_Salamander,ridge,0.54296875,1.1448850631713867
Edward_Scissorhands_Salamander,ridge,0.55078125,1.0625911951065063
Edward_Scissorhands_Salamander,ridge,0.55859375,0.9855688810348511
Edward_Scissorhands_Salamander,ridge,0.56640625,0.9126597046852112
Edward_Scissorhands_Salamander,ridge,0.57421875,0.8432590961456299
Edward_Scissorhands_Salamander,ridge,0.58203125,0.7773339748382568
Edward_Scissorhands_Salamander,ridge,0.58984375,0.7151298522949219
Edward_Scissorhands_Salamander,ridge,0.59765625,0.6569026112556458
Edward_Scissorhands_Salamander,ridge,0.60546875,0.6028353571891785
Edward_Scissorhands_Salamander,ridge,0.61328125,0.5530796647071838
Edward_Scissorhands_Salamander,ridge,0.62109375,0.507771372795105
Edward_Scissorhands_Salamander,ridge,0.62890625,0.4668682813644409
Edward_Scissorhands_Salamander,ridge,0.63671875,0.4301474690437317
Edward_Scissorhands_Salamander,ridge,0.64453125,0.3972724676132202
Edward_Scissorhands_Salamander,ridge,0.65234375,0.36781296133995056
Edward_Scissorhands_Salamander,ridge,0.66015625,0.34122908115386963
Edward_Scissorhands_Salamander,ridge,0.66796875,0.31687504053115845
Edward_Scissorhands_Salamander,ridge,0.67578125,0.29420262575149536
Edward_Scissorhands_Salamander,ridge,0.68359375,0.27306461334228516
Edward_Scissorhands_Salamander,ridge,0.69140625,0.25364023447036743
Edward_Scissorhands_Salamander,ridge,0.69921875,0.23623189330101013
Edward_Scissorhands_Salamander,ridge,0.70703125,0.2211974859237671
Edward_Scissorhands_Salamander,ridge,0.71484375,0.20873956382274628
Edward_Scissorhands_Salamander,ridge,0.72265625,0.19854292273521423
Edward_Scissorhands_Salamander,ridge,0.73046875,0.1900038719177246
Edward_Scissorhands_Salamander,ridge,0.73828125,0.1830253303050995
Edward_Scissorhands_Salamander,ridge,0.74609375,0.1778387427330017
Edward_Scissorhands_Salamander,ridge,0.75390625,0.17416980862617493
Edward_Scissorhands_Salamander,ridge,0.76171875,0.17131701111793518
Edward_Scissorhands_Salamander,ridge,0.76953125,0.16866683959960938
Edward_Scissorhands_Salamander,ridge,0.77734375,0.16577839851379395
Edward_Scissorhands_Salamander,ridge,0.78515625,0.1623118370771408
Edward_Scissorhands_Salamander,ridge,0.79296875,0.1579190194606781
Edward_Scissorhands_Salamander,ridge,0.80078125,0.15208470821380615
Edward_Scissorhands_Salamander,ridge,0.80859375,0.14413604140281677
Edward_Scissorhands_Salamander,ridge,0.81640625,0.13393127918243408
Edward_Scissorhands_Salamander,ridge,0.82421875,0.12277242541313171
Edward_Scissorhands_Salamander,ridge,0.83203125,0.1132553294301033
Edward_Scissorhands_Salamander,ridge,0.83984375,0.10771546512842178
Edward_Scissorhands_Salamander,ridge,0.84765625,0.10679112374782562
Edward_Scissorhands_Salamander,ridge,0.85546875,0.10950972139835358
Edward_Scissorhands_Salamander,ridge,0.86328125,0.11419497430324554
Edward_Scissorhands_Salamander,ridge,0.87109375,0.11936911195516586
Edward_Scissorhands_Salamander,ridge,0.87890625,0.12424372136592865
Edward_Scissorhands_Salamander,ridge,0.88671875,0.12741878628730774
Edward_Scissorhands_Salamander,ridge,0.89453125,0.12800221145153046
Edward_Scissorhands_Salamander,ridge,0.90234375,0.12658989429473877
Edward_Scissorhands_Salamander,ridge,0.91015625,0.12382406741380692
Edward_Scissorhands_Salamander,ridge,0.91796875,0.12055003643035889
Edward_Scissorhands_Salamander,ridge,0.92578125,0.11829179525375366
Edward_Scissorhands_Salamander,ridge,0.93359375,0.11867506802082062
Edward_Scissorhands_Salamander,ridge,0.94140625,0.12039879709482193
Edward_Scissorhands_Salamander,ridge,0.94921875,0.12282468378543854
Edward_Scissorhands_Salamander,ridge,0.95703125,0.12678909301757812
Edward_Scissorhands_Salamander,ridge,0.96484375,0.13156962394714355
Edward_Scissorhands_Salamander,ridge,0.97265625,0.13620616495609283
Edward_Scissorhands_Salamander,ridge,0.98046875,0.14190857112407684
Edward_Scissorhands_Salamander,ridge,0.98828125,0.14735949039459229
Edward_Scissorhands_Salamander,ridge,0.99609375,0.152973473072052
Edward_Scissorhands_Salamander,ridge,1.0,0.15506725013256073
Edward_Scissorhands_Salamander,enet,0.0,-0.5787116885185242
Edward_Scissorhands_Salamander,enet,0.00390625,-0.5801688432693481
Edward_Scissorhands_Salamander,enet,0.01171875,-0.583077073097229
Edward_Scissorhands_Salamander,enet,0.01953125,-0.5860779285430908
Edward_Scissorhands_Salamander,enet,0.02734375,-0.5892224311828613
Edward_Scissorhands_Salamander,enet,0.03515625,-0.5924882292747498
Edward_Scissorhands_Salamander,enet,0.04296875,-0.5958603620529175
Edward_Scissorhands_Salamander,enet,0.05078125,-0.5992273688316345
Edward_Scissorhands_Salamander,enet,0.05859375,-0.6024633646011353
Edward_Scissorhands_Salamander,enet,0.06640625,-0.6054664254188538
Edward_Scissorhands_Salamander,enet,0.07421875,-0.6080700159072876
Edward_Scissorhands_Salamander,enet,0.08203125,-0.6100021600723267
Edward_Scissorhands_Salamander,enet,0.08984375,-0.6111272573471069
Edward_Scissorhands_Salamander,enet,0.09765625,-0.6113742589950562
Edward_Scissorhands_Salamander,enet,0.10546875,-0.6106387376785278
Edward_Scissorhands_Salamander,enet,0.11328125,-0.608795702457428
Edward_Scissorhands_Salamander,enet,0.12109375,-0.6057674288749695
Edward_Scissorhands_Salamander,enet,0.12890625,-0.6015141606330872
Edward_Scissorhands_Salamander,enet,0.13671875,-0.5959892272949219
Edward_Scissorhands_Salamander,enet,0.14453125,-0.5890810489654541
Edward_Scissorhands_Salamander,enet,0.15234375,-0.5806943774223328
Edward_Scissorhands_Salamander,enet,0.16015625,-0.5707892775535583
Edward_Scissorhands_Salamander,enet,0.16796875,-0.5594061017036438
Edward_Scissorhands_Salamander,enet,0.17578125,-0.5465806126594543
Edward_Scissorhands_Salamander,enet,0.18359375,-0.5322773456573486
Edward_Scissorhands_Salamander,enet,0.19140625,-0.5164674520492554
Edward_Scissorhands_Salamander,enet,0.19921875,-0.4991932809352875
Edward_Scissorhands_Salamander,enet,0.20703125,-0.48044490814208984
Edward_Scissorhands_Salamander,enet,0.21484375,-0.4601609706878662
Edward_Scissorhands_Salamander,enet,0.22265625,-0.4383919835090637
Edward_Scissorhands_Salamander,enet,0.23046875,-0.4152575135231018
Edward_Scissorhands_Salamander,enet,0.23828125,-0.39089030027389526
Edward_Scissorhands_Salamander,enet,0.24609375,-0.36551082134246826
Edward_Scissorhands_Salamander,enet,0.25390625,-0.33931878209114075
Edward_Scissorhands_Salamander,enet,0.26171875,-0.3124387264251709
Edward_Scissorhands_Salamander,enet,0.26953125,-0.28493285179138184
Edward_Scissorhands_Salamander,enet,0.27734375,-0.25686419010162354
Edward_Scissorhands_Salamander,enet,0.28515625,-0.22824543714523315
Edward_Scissorhands_Salamander,enet,0.29296875,-0.1989728808403015
Edward_Scissorhands_Salamander,enet,0.30078125,-0.16885733604431152
Edward_Scissorhands_Salamander,enet,0.30859375,-0.1377338171005249
Edward_Scissorhands_Salamander,enet,0.31640625,-0.10546152293682098
Edward_Scissorhands_Salamander,enet,0.32421875,-0.0718565285205841
Edward_Scissorhands_Salamander,enet,0.33203125,-0.03676646947860718
Edward_Scissorhands_Salamander,enet,0.33984375,-1.7881393432617188e-07
Edward_Scissorhands_Salamander,enet,0.34765625,0.03877133131027222
Edward_Scissorhands_Salamander,enet,0.35546875,0.08005478978157043
Edward_Scissorhands_Salamander,enet,0.36328125,0.12458516657352448
Edward_Scissorhands_Salamander,enet,0.37109375,0.1733037382364273
Edward_Scissorhands_Salamander,enet,0.37890625,0.22747723758220673
Edward_Scissorhands_Salamander,enet,0.38671875,0.2886163890361786
Edward_Scissorhands_Salamander,enet,0.39453125,0.3583405017852783
Edward_Scissorhands_Salamander,enet,0.40234375,0.4385395646095276
Edward_Scissorhands_Salamander,enet,0.41015625,0.5311529040336609
Edward_Scissorhands_Salamander,enet,0.41796875,0.637243390083313
Edward_Scissorhands_Salamander,enet,0.42578125,0.7555887699127197
Edward_Scissorhands_Salamander,enet,0.43359375,0.8819161653518677
Edward_Scissorhands_Salamander,enet,0.44140625,1.0093941688537598
Edward_Scissorhands_Salamander,enet,0.44921875,1.1300736665725708
Edward_Scissorhands_Salamander,enet,0.45703125,1.2364550828933716
Edward_Scissorhands_Salamander,enet,0.46484375,1.3227424621582031
Edward_Scissorhands_Salamander,enet,0.47265625,1.3861827850341797
Edward_Scissorhands_Salamander,enet,0.48046875,1.4279505014419556
Edward_Scissorhands_Salamander,enet,0.48828125,1.4522385597229004
Edward_Scissorhands_Salamander,enet,0.49609375,1.4637703895568848
Edward_Scissorhands_Salamander,enet,0.50390625,1.4655606746673584
Edward_Scissorhands_Salamander,enet,0.51171875,1.4580440521240234
Edward_Scissorhands_Salamander,enet,0.51953125,1.4398927688598633
Edward_Scissorhands_Salamander,enet,0.52734375,1.410112977027893
Edward_Scissorhands_Salamander,enet,0.53515625,1.3694597482681274
Edward_Scissorhands_Salamander,enet,0.54296875,1.3198015689849854
Edward_Scissorhands_Salamander,enet,0.55078125,1.2631523609161377
Edward_Scissorhands_Salamander,enet,0.55859375,1.2013881206512451
Edward_Scissorhands_Salamander,enet,0.56640625,1.1363520622253418
Edward_Scissorhands_Salamander,enet,0.57421875,1.0700510740280151
Edward_Scissorhands_Salamander,enet,0.58203125,1.0047366619110107
Edward_Scissorhands_Salamander,enet,0.58984375,0.9425756931304932
Edward_Scissorhands_Salamander,enet,0.59765625,0.8851868510246277
Edward_Scissorhands_Salamander,enet,0.60546875,0.8329318761825562
Edward_Scissorhands_Salamander,enet,0.61328125,0.7847354412078857
Edward_Scissorhands_Salamander,enet,0.62109375,0.7397782802581787
Edward_Scissorhands_Salamander,enet,0.62890625,0.6978226900100708
Edward_Scissorhands_Salamander,enet,0.63671875,0.6585115790367126
Edward_Scissorhands_Salamander,enet,0.64453125,0.6213860511779785
Edward_Scissorhands_Salamander,enet,0.65234375,0.5860302448272705
Edward_Scissorhands_Salamander,enet,0.66015625,0.5520811080932617
Edward_Scissorhands_Salamander,enet,0.66796875,0.5192039608955383
Edward_Scissorhands_Salamander,enet,0.67578125,0.4872777462005615
Edward_Scissorhands_Salamander,enet,0.68359375,0.45659661293029785
Edward_Scissorhands_Salamander,enet,0.69140625,0.4276875853538513
Edward_Scissorhands_Salamander,enet,0.69921875,0.4011620283126831
Edward_Scissorhands_Salamander,enet,0.70703125,0.3776703476905823
Edward_Scissorhands_Salamander,enet,0.71484375,0.3576239347457886
Edward_Scissorhands_Salamander,enet,0.72265625,0.3407478332519531
Edward_Scissorhands_Salamander,enet,0.73046875,0.32630372047424316
Edward_Scissorhands_Salamander,enet,0.73828125,0.3141542971134186
Edward_Scissorhands_Salamander,enet,0.74609375,0.3048193156719208
Edward_Scissorhands_Salamander,enet,0.75390625,0.2984243929386139
Edward_Scissorhands_Salamander,enet,0.76171875,0.29441705346107483
Edward_Scissorhands_Salamander,enet,0.76953125,0.29202911257743835
Edward_Scissorhands_Salamander,enet,0.77734375,0.2904922366142273
Edward_Scissorhands_Salamander,enet,0.78515625,0.28890109062194824
Edward_Scissorhands_Salamander,enet,0.79296875,0.28610455989837646
Edward_Scissorhands_Salamander,enet,0.80078125,0.28075432777404785
Edward_Scissorhands_Salamander,enet,0.80859375,0.27167248725891113
Edward_Scissorhands_Salamander,enet,0.81640625,0.2590087652206421
Edward_Scissorhands_Salamander,enet,0.82421875,0.24500435590744019
Edward_Scissorhands_Salamander,enet,0.83203125,0.23293831944465637
Edward_Scissorhands_Salamander,enet,0.83984375,0.22519659996032715
Edward_Scissorhands_Salamander,enet,0.84765625,0.22208040952682495
Edward_Scissorhands_Salamander,enet,0.85546875,0.22250473499298096
Edward_Scissorhands_Salamander,enet,0.86328125,0.22574970126152039
Edward_Scissorhands_Salamander,enet,0.87109375,0.23101094365119934
Edward_Scissorhands_Salamander,enet,0.87890625,0.23639684915542603
Edward_Scissorhands_Salamander,enet,0.88671875,0.2404610961675644
Edward_Scissorhands_Salamander,enet,0.89453125,0.24250158667564392
Edward_Scissorhands_Salamander,enet,0.90234375,0.24294514954090118
Edward_Scissorhands_Salamander,enet,0.91015625,0.24206660687923431
Edward_Scissorhands_Salamander,enet,0.91796875,0.24002331495285034
Edward_Scissorhands_Salamander,enet,0.92578125,0.23771262168884277
Edward_Scissorhands_Salamander,enet,0.93359375,0.23498313128948212
Edward_Scissorhands_Salamander,enet,0.94140625,0.22905951738357544
Edward_Scissorhands_Salamander,enet,0.94921875,0.22239187359809875
Edward_Scissorhands_Salamander,enet,0.95703125,0.21608424186706543
Edward_Scissorhands_Salamander,enet,0.96484375,0.20699286460876465
Edward_Scissorhands_Salamander,enet,0.97265625,0.19575102627277374
Edward_Scissorhands_Salamander,enet,0.98046875,0.18788932263851166
Edward_Scissorhands_Salamander,enet,0.98828125,0.18555566668510437
Edward_Scissorhands_Salamander,enet,0.99609375,0.19154129922389984
Edward_Scissorhands_Salamander,enet,1.0,0.1960667073726654
Ethan_Nguyen_Nguyen,ridge,0.0,3.8572044372558594
Ethan_Nguyen_Nguyen,ridge,0.00390625,3.853407859802246
Ethan_Nguyen_Nguyen,ridge,0.01171875,3.845757246017456
Ethan_Nguyen_Nguyen,ridge,0.01953125,3.8380274772644043
Ethan_Nguyen_Nguyen,ridge,0.02734375,3.830293655395508
Ethan_Nguyen_Nguyen,ridge,0.03515625,3.8226568698883057
Ethan_Nguyen_Nguyen,ridge,0.04296875,3.8152010440826416
Ethan_Nguyen_Nguyen,ridge,0.05078125,3.807971477508545
Ethan_Nguyen_Nguyen,ridge,0.05859375,3.8010408878326416
Ethan_Nguyen_Nguyen,ridge,0.06640625,3.7943878173828125
Ethan_Nguyen_Nguyen,ridge,0.07421875,3.7880373001098633
Ethan_Nguyen_Nguyen,ridge,0.08203125,3.7819724082946777
Ethan_Nguyen_Nguyen,ridge,0.08984375,3.776275873184204
Ethan_Nguyen_Nguyen,ridge,0.09765625,3.7710208892822266
Ethan_Nguyen_Nguyen,ridge,0.10546875,3.766226291656494
Ethan_Nguyen_Nguyen,ridge,0.11328125,3.761882781982422
Ethan_Nguyen_Nguyen,ridge,0.12109375,3.7579140663146973
Ethan_Nguyen_Nguyen,ridge,0.12890625,3.754216194152832
Ethan_Nguyen_Nguyen,ridge,0.13671875,3.7507407665252686
Ethan_Nguyen_Nguyen,ridge,0.14453125,3.7474629878997803
Ethan_Nguyen_Nguyen,ridge,0.15234375,3.7443277835845947
Ethan_Nguyen_Nguyen,ridge,0.16015625,3.7412195205688477
Ethan_Nguyen_Nguyen,ridge,0.16796875,3.737949848175049
Ethan_Nguyen_Nguyen,ridge,0.17578125,3.7343528270721436
Ethan_Nguyen_Nguyen,ridge,0.18359375,3.730231761932373
Ethan_Nguyen_Nguyen,ridge,0.19140625,3.7253029346466064
Ethan_Nguyen_Nguyen,ridge,0.19921875,3.7192654609680176
Ethan_Nguyen_Nguyen,ridge,0.20703125,3.7118728160858154
Ethan_Nguyen_Nguyen,ridge,0.21484375,3.702989339828491
Ethan_Nguyen_Nguyen,ridge,0.22265625,3.692577838897705
Ethan_Nguyen_Nguyen,ridge,0.23046875,3.68061900138855
Ethan_Nguyen_Nguyen,ridge,0.23828125,3.6671109199523926
Ethan_Nguyen_Nguyen,ridge,0.24609375,3.652066469192505
Ethan_Nguyen_Nguyen,ridge,0.25390625,3.635465383529663
Ethan_Nguyen_Nguyen,ridge,0.26171875,3.6173033714294434
Ethan_Nguyen_Nguyen,ridge,0.26953125,3.5975069999694824
Ethan_Nguyen_Nguyen,ridge,0.27734375,3.5759243965148926
Ethan_Nguyen_Nguyen,ridge,0.28515625,3.5523600578308105
Ethan_Nguyen_Nguyen,ridge,0.29296875,3.5265603065490723
Ethan_Nguyen_Nguyen,ridge,0.30078125,3.498138189315796
Ethan_Nguyen_Nguyen,ridge,0.30859375,3.466527223587036
Ethan_Nguyen_Nguyen,ridge,0.31640625,3.4310147762298584
Ethan_Nguyen_Nguyen,ridge,0.32421875,3.3908400535583496
Ethan_Nguyen_Nguyen,ridge,0.33203125,3.345263719558716
Ethan_Nguyen_Nguyen,ridge,0.33984375,3.2935972213745117
Ethan_Nguyen_Nguyen,ridge,0.34765625,3.235126495361328
Ethan_Nguyen_Nguyen,ridge,0.35546875,3.1690659523010254
Ethan_Nguyen_Nguyen,ridge,0.36328125,3.0946106910705566
Ethan_Nguyen_Nguyen,ridge,0.37109375,3.0110459327697754
Ethan_Nguyen_Nguyen,ridge,0.37890625,2.9178662300109863
Ethan_Nguyen_Nguyen,ridge,0.38671875,2.8149123191833496
Ethan_Nguyen_Nguyen,ridge,0.39453125,2.7024683952331543
Ethan_Nguyen_Nguyen,ridge,0.40234375,2.5813002586364746
Ethan_Nguyen_Nguyen,ridge,0.41015625,2.4526946544647217
Ethan_Nguyen_Nguyen,ridge,0.41796875,2.3183670043945312
Ethan_Nguyen_Nguyen,ridge,0.42578125,2.180241823196411
Ethan_Nguyen_Nguyen,ridge,0.43359375,2.040144681930542
Ethan_Nguyen_Nguyen,ridge,0.44140625,1.8995177745819092
Ethan_Nguyen_Nguyen,ridge,0.44921875,1.7592281103134155
Ethan_Nguyen_Nguyen,ridge,0.45703125,1.6195507049560547
Ethan_Nguyen_Nguyen,ridge,0.46484375,1.4802830219268799
Ethan_Nguyen_Nguyen,ridge,0.47265625,1.3409903049468994
Ethan_Nguyen_Nguyen,ridge,0.48046875,1.2014379501342773
Ethan_Nguyen_Nguyen,ridge,0.48828125,1.06204354763031
Ethan_Nguyen_Nguyen,ridge,0.49609375,0.9240161776542664
Ethan_Nguyen_Nguyen,ridge,0.50390625,0.7889148592948914
Ethan_Nguyen_Nguyen,ridge,0.51171875,0.6579731702804565
Ethan_Nguyen_Nguyen,ridge,0.51953125,0.531910240650177
Ethan_Nguyen_Nguyen,ridge,0.52734375,0.41103142499923706
Ethan_Nguyen_Nguyen,ridge,0.53515625,0.2954460382461548
Ethan_Nguyen_Nguyen,ridge,0.54296875,0.18513941764831543
Ethan_Nguyen_Nguyen,ridge,0.55078125,0.07990172505378723
Ethan_Nguyen_Nguyen,ridge,0.55859375,-0.020495891571044922
Ethan_Nguyen_Nguyen,ridge,0.56640625,-0.11603927612304688
Ethan_Nguyen_Nguyen,ridge,0.57421875,-0.20625850558280945
Ethan_Nguyen_Nguyen,ridge,0.58203125,-0.2901083827018738
Ethan_Nguyen_Nguyen,ridge,0.58984375,-0.366290420293808
Ethan_Nguyen_Nguyen,ridge,0.59765625,-0.43404239416122437
Ethan_Nguyen_Nguyen,ridge,0.60546875,-0.4934006333351135
Ethan_Nguyen_Nguyen,ridge,0.61328125,-0.5448657870292664
Ethan_Nguyen_Nguyen,ridge,0.62109375,-0.5890974402427673
Ethan_Nguyen_Nguyen,ridge,0.62890625,-0.6267601251602173
Ethan_Nguyen_Nguyen,ridge,0.63671875,-0.6583504676818848
Ethan_Nguyen_Nguyen,ridge,0.64453125,-0.6842078566551208
Ethan_Nguyen_Nguyen,ridge,0.65234375,-0.704797089099884
Ethan_Nguyen_Nguyen,ridge,0.66015625,-0.7208596467971802
Ethan_Nguyen_Nguyen,ridge,0.66796875,-0.7333252429962158
Ethan_Nguyen_Nguyen,ridge,0.67578125,-0.7432100772857666
Ethan_Nguyen_Nguyen,ridge,0.68359375,-0.7515166997909546
Ethan_Nguyen_Nguyen,ridge,0.69140625,-0.7590446472167969
Ethan_Nguyen_Nguyen,ridge,0.69921875,-0.7662525773048401
Ethan_Nguyen_Nguyen,ridge,0.70703125,-0.7732890844345093
Ethan_Nguyen_Nguyen,ridge,0.71484375,-0.7801355719566345
Ethan_Nguyen_Nguyen,ridge,0.72265625,-0.7867920994758606
Ethan_Nguyen_Nguyen,ridge,0.73046875,-0.7934555411338806
Ethan_Nguyen_Nguyen,ridge,0.73828125,-0.80064857006073
Ethan_Nguyen_Nguyen,ridge,0.74609375,-0.8090621829032898
Ethan_Nguyen_Nguyen,ridge,0.75390625,-0.8189027905464172
Ethan_Nguyen_Nguyen,ridge,0.76171875,-0.8297542929649353
Ethan_Nguyen_Nguyen,ridge,0.76953125,-0.8415062427520752
Ethan_Nguyen_Nguyen,ridge,0.77734375,-0.8543290495872498
Ethan_Nguyen_Nguyen,ridge,0.78515625,-0.8681440353393555
Ethan_Nguyen_Nguyen,ridge,0.79296875,-0.88271564245224
Ethan_Nguyen_Nguyen,ridge,0.80078125,-0.897856593132019
Ethan_Nguyen_Nguyen,ridge,0.80859375,-0.9134173393249512
Ethan_Nguyen_Nguyen,ridge,0.81640625,-0.9291576743125916
Ethan_Nguyen_Nguyen,ridge,0.82421875,-0.9445673823356628
Ethan_Nguyen_Nguyen,ridge,0.83203125,-0.9591709971427917
Ethan_Nguyen_Nguyen,ridge,0.83984375,-0.9733274579048157
Ethan_Nguyen_Nguyen,ridge,0.84765625,-0.9876923561096191
Ethan_Nguyen_Nguyen,ridge,0.85546875,-1.0019903182983398
Ethan_Nguyen_Nguyen,ridge,0.86328125,-1.0154660940170288
Ethan_Nguyen_Nguyen,ridge,0.87109375,-1.0275379419326782
Ethan_Nguyen_Nguyen,ridge,0.87890625,-1.037813663482666
Ethan_Nguyen_Nguyen,ridge,0.88671875,-1.0458887815475464
Ethan_Nguyen_Nguyen,ridge,0.89453125,-1.0512570142745972
Ethan_Nguyen_Nguyen,ridge,0.90234375,-1.0534045696258545
Ethan_Nguyen_Nguyen,ridge,0.91015625,-1.0519351959228516
Ethan_Nguyen_Nguyen,ridge,0.91796875,-1.0464422702789307
Ethan_Nguyen_Nguyen,ridge,0.92578125,-1.0358840227127075
Ethan_Nguyen_Nguyen,ridge,0.93359375,-1.0179696083068848
Ethan_Nguyen_Nguyen,ridge,0.94140625,-0.9925184845924377
Ethan_Nguyen_Nguyen,ridge,0.94921875,-0.9601011276245117
Ethan_Nguyen_Nguyen,ridge,0.95703125,-0.9236389398574829
Ethan_Nguyen_Nguyen,ridge,0.96484375,-0.8911930322647095
Ethan_Nguyen_Nguyen,ridge,0.97265625,-0.8672161102294922
Ethan_Nguyen_Nguyen,ridge,0.98046875,-0.860302209854126
Ethan_Nguyen_Nguyen,ridge,0.98828125,-0.8646663427352905
Ethan_Nguyen_Nguyen,ridge,0.99609375,-0.8805674314498901
Ethan_Nguyen_Nguyen,ridge,1.0,-0.8860840201377869
Ethan_Nguyen_Nguyen,enet,0.0,-0.40733611583709717
Ethan_Nguyen_Nguyen,enet,0.00390625,-0.410023033618927
Ethan_Nguyen_Nguyen,enet,0.01171875,-0.41547441482543945
Ethan_Nguyen_Nguyen,enet,0.01953125,-0.4210706949234009
Ethan_Nguyen_Nguyen,enet,0.02734375,-0.42676645517349243
Ethan_Nguyen_Nguyen,enet,0.03515625,-0.43242135643959045
Ethan_Nguyen_Nguyen,enet,0.04296875,-0.4378439784049988
Ethan_Nguyen_Nguyen,enet,0.05078125,-0.4429129362106323
Ethan_Nguyen_Nguyen,enet,0.05859375,-0.44747376441955566
Ethan_Nguyen_Nguyen,enet,0.06640625,-0.45138612389564514
Ethan_Nguyen_Nguyen,enet,0.07421875,-0.4544670581817627
Ethan_Nguyen_Nguyen,enet,0.08203125,-0.45660698413848877
Ethan_Nguyen_Nguyen,enet,0.08984375,-0.45767655968666077
Ethan_Nguyen_Nguyen,enet,0.09765625,-0.4574844241142273
Ethan_Nguyen_Nguyen,enet,0.10546875,-0.4558197855949402
Ethan_Nguyen_Nguyen,enet,0.11328125,-0.45252734422683716
Ethan_Nguyen_Nguyen,enet,0.12109375,-0.44752371311187744
Ethan_Nguyen_Nguyen,enet,0.12890625,-0.4408145546913147
Ethan_Nguyen_Nguyen,enet,0.13671875,-0.43239277601242065
Ethan_Nguyen_Nguyen,enet,0.14453125,-0.4221724271774292
Ethan_Nguyen_Nguyen,enet,0.15234375,-0.410087525844574
Ethan_Nguyen_Nguyen,enet,0.16015625,-0.3962203562259674
Ethan_Nguyen_Nguyen,enet,0.16796875,-0.3807491660118103
Ethan_Nguyen_Nguyen,enet,0.17578125,-0.36386510729789734
Ethan_Nguyen_Nguyen,enet,0.18359375,-0.3458866477012634
Ethan_Nguyen_Nguyen,enet,0.19140625,-0.3272421658039093
Ethan_Nguyen_Nguyen,enet,0.19921875,-0.30837976932525635
Ethan_Nguyen_Nguyen,enet,0.20703125,-0.2896510064601898
Ethan_Nguyen_Nguyen,enet,0.21484375,-0.27133074402809143
Ethan_Nguyen_Nguyen,enet,0.22265625,-0.2536464035511017
Ethan_Nguyen_Nguyen,enet,0.23046875,-0.2368321418762207
Ethan_Nguyen_Nguyen,enet,0.23828125,-0.221113920211792
Ethan_Nguyen_Nguyen,enet,0.24609375,-0.20675283670425415
Ethan_Nguyen_Nguyen,enet,0.25390625,-0.19410035014152527
Ethan_Nguyen_Nguyen,enet,0.26171875,-0.1835174560546875
Ethan_Nguyen_Nguyen,enet,0.26953125,-0.17538699507713318
Ethan_Nguyen_Nguyen,enet,0.27734375,-0.1700875461101532
Ethan_Nguyen_Nguyen,enet,0.28515625,-0.1679677963256836
Ethan_Nguyen_Nguyen,enet,0.29296875,-0.16937404870986938
Ethan_Nguyen_Nguyen,enet,0.30078125,-0.17470896244049072
Ethan_Nguyen_Nguyen,enet,0.30859375,-0.18441706895828247
Ethan_Nguyen_Nguyen,enet,0.31640625,-0.198932945728302
Ethan_Nguyen_Nguyen,enet,0.32421875,-0.21856257319450378
Ethan_Nguyen_Nguyen,enet,0.33203125,-0.2433290183544159
Ethan_Nguyen_Nguyen,enet,0.33984375,-0.2728828489780426
Ethan_Nguyen_Nguyen,enet,0.34765625,-0.306568443775177
Ethan_Nguyen_Nguyen,enet,0.35546875,-0.34354785084724426
Ethan_Nguyen_Nguyen,enet,0.36328125,-0.38282185792922974
Ethan_Nguyen_Nguyen,enet,0.37109375,-0.4231323301792145
Ethan_Nguyen_Nguyen,enet,0.37890625,-0.462894082069397
Ethan_Nguyen_Nguyen,enet,0.38671875,-0.5001552700996399
Ethan_Nguyen_Nguyen,enet,0.39453125,-0.532645046710968
Ethan_Nguyen_Nguyen,enet,0.40234375,-0.5578764081001282
Ethan_Nguyen_Nguyen,enet,0.41015625,-0.5732622146606445
Ethan_Nguyen_Nguyen,enet,0.41796875,-0.5763482451438904
Ethan_Nguyen_Nguyen,enet,0.42578125,-0.5651274919509888
Ethan_Nguyen_Nguyen,enet,0.43359375,-0.5383862853050232
Ethan_Nguyen_Nguyen,enet,0.44140625,-0.4960566759109497
Ethan_Nguyen_Nguyen,enet,0.44921875,-0.4394567012786865
Ethan_Nguyen_Nguyen,enet,0.45703125,-0.37129607796669006
Ethan_Nguyen_Nguyen,enet,0.46484375,-0.29542213678359985
Ethan_Nguyen_Nguyen,enet,0.47265625,-0.21608856320381165
Ethan_Nguyen_Nguyen,enet,0.48046875,-0.13700664043426514
Ethan_Nguyen_Nguyen,enet,0.48828125,-0.06053982675075531
Ethan_Nguyen_Nguyen,enet,0.49609375,0.012439630925655365
Ethan_Nguyen_Nguyen,enet,0.50390625,0.08188702166080475
Ethan_Nguyen_Nguyen,enet,0.51171875,0.14769533276557922
Ethan_Nguyen_Nguyen,enet,0.51953125,0.2091815322637558
Ethan_Nguyen_Nguyen,enet,0.52734375,0.26500430703163147
Ethan_Nguyen_Nguyen,enet,0.53515625,0.3134865164756775
Ethan_Nguyen_Nguyen,enet,0.54296875,0.3530410826206207
Ethan_Nguyen_Nguyen,enet,0.55078125,0.38249215483665466
Ethan_Nguyen_Nguyen,enet,0.55859375,0.40123850107192993
Ethan_Nguyen_Nguyen,enet,0.56640625,0.4091685712337494
Ethan_Nguyen_Nguyen,enet,0.57421875,0.40692269802093506
Ethan_Nguyen_Nguyen,enet,0.58203125,0.396360844373703
Ethan_Nguyen_Nguyen,enet,0.58984375,0.3802032470703125
Ethan_Nguyen_Nguyen,enet,0.59765625,0.36052462458610535
Ethan_Nguyen_Nguyen,enet,0.60546875,0.33774876594543457
Ethan_Nguyen_Nguyen,enet,0.61328125,0.3110928535461426
Ethan_Nguyen_Nguyen,enet,0.62109375,0.2797739505767822
Ethan_Nguyen_Nguyen,enet,0.62890625,0.24389897286891937
Ethan_Nguyen_Nguyen,enet,0.63671875,0.20457562804222107
Ethan_Nguyen_Nguyen,enet,0.64453125,0.16329345107078552
Ethan_Nguyen_Nguyen,enet,0.65234375,0.12118962407112122
Ethan_Nguyen_Nguyen,enet,0.66015625,0.0788644403219223
Ethan_Nguyen_Nguyen,enet,0.66796875,0.03657187893986702
Ethan_Nguyen_Nguyen,enet,0.67578125,-0.005492202937602997
Ethan_Nguyen_Nguyen,enet,0.68359375,-0.04703882336616516
Ethan_Nguyen_Nguyen,enet,0.69140625,-0.08760569244623184
Ethan_Nguyen_Nguyen,enet,0.69921875,-0.12656037509441376
Ethan_Nguyen_Nguyen,enet,0.70703125,-0.1632125973701477
Ethan_Nguyen_Nguyen,enet,0.71484375,-0.19700852036476135
Ethan_Nguyen_Nguyen,enet,0.72265625,-0.22766228020191193
Ethan_Nguyen_Nguyen,enet,0.73046875,-0.25514817237854004
Ethan_Nguyen_Nguyen,enet,0.73828125,-0.2798351049423218
Ethan_Nguyen_Nguyen,enet,0.74609375,-0.3025009334087372
Ethan_Nguyen_Nguyen,enet,0.75390625,-0.3238130807876587
Ethan_Nguyen_Nguyen,enet,0.76171875,-0.3438548445701599
Ethan_Nguyen_Nguyen,enet,0.76953125,-0.36224010586738586
Ethan_Nguyen_Nguyen,enet,0.77734375,-0.37930870056152344
Ethan_Nguyen_Nguyen,enet,0.78515625,-0.39617282152175903
Ethan_Nguyen_Nguyen,enet,0.79296875,-0.4138137400150299
Ethan_Nguyen_Nguyen,enet,0.80078125,-0.43267279863357544
Ethan_Nguyen_Nguyen,enet,0.80859375,-0.4526195526123047
Ethan_Nguyen_Nguyen,enet,0.81640625,-0.47321656346321106
Ethan_Nguyen_Nguyen,enet,0.82421875,-0.4939385950565338
Ethan_Nguyen_Nguyen,enet,0.83203125,-0.514309287071228
Ethan_Nguyen_Nguyen,enet,0.83984375,-0.534034788608551
Ethan_Nguyen_Nguyen,enet,0.84765625,-0.5529253482818604
Ethan_Nguyen_Nguyen,enet,0.85546875,-0.5709947943687439
Ethan_Nguyen_Nguyen,enet,0.86328125,-0.5884699821472168
Ethan_Nguyen_Nguyen,enet,0.87109375,-0.6055080890655518
Ethan_Nguyen_Nguyen,enet,0.87890625,-0.6219519376754761
Ethan_Nguyen_Nguyen,enet,0.88671875,-0.6373910307884216
Ethan_Nguyen_Nguyen,enet,0.89453125,-0.651428759098053
Ethan_Nguyen_Nguyen,enet,0.90234375,-0.6640161871910095
Ethan_Nguyen_Nguyen,enet,0.91015625,-0.675615131855011
Ethan_Nguyen_Nguyen,enet,0.91796875,-0.6874797940254211
Ethan_Nguyen_Nguyen,enet,0.92578125,-0.7010225653648376
Ethan_Nguyen_Nguyen,enet,0.93359375,-0.7141838073730469
Ethan_Nguyen_Nguyen,enet,0.94140625,-0.7206369638442993
Ethan_Nguyen_Nguyen,enet,0.94921875,-0.7169538736343384
Ethan_Nguyen_Nguyen,enet,0.95703125,-0.7142413854598999
Ethan_Nguyen_Nguyen,enet,0.96484375,-0.7129669189453125
Ethan_Nguyen_Nguyen,enet,0.97265625,-0.7090558409690857
Ethan_Nguyen_Nguyen,enet,0.98046875,-0.7107431292533875
Ethan_Nguyen_Nguyen,enet,0.98828125,-0.7248198986053467
Ethan_Nguyen_Nguyen,enet,0.99609375,-0.7358876466751099
Ethan_Nguyen_Nguyen,enet,1.0,-0.7389588356018066
Franklin_Kampbell_Freeman,ridge,0.0,4.355228424072266
Franklin_Kampbell_Freeman,ridge,0.00390625,4.352839469909668
Franklin_Kampbell_Freeman,ridge,0.01171875,4.34798002243042
Franklin_Kampbell_Freeman,ridge,0.01953125,4.343039035797119
Franklin_Kampbell_Freeman,ridge,0.02734375,4.338034152984619
Franklin_Kampbell_Freeman,ridge,0.03515625,4.332971096038818
Franklin_Kampbell_Freeman,ridge,0.04296875,4.327762603759766
Franklin_Kampbell_Freeman,ridge,0.05078125,4.322208881378174
Franklin_Kampbell_Freeman,ridge,0.05859375,4.316165924072266
Franklin_Kampbell_Freeman,ridge,0.06640625,4.309671878814697
Franklin_Kampbell_Freeman,ridge,0.07421875,4.302829742431641
Franklin_Kampbell_Freeman,ridge,0.08203125,4.295724868774414
Franklin_Kampbell_Freeman,ridge,0.08984375,4.288420677185059
Franklin_Kampbell_Freeman,ridge,0.09765625,4.280992031097412
Franklin_Kampbell_Freeman,ridge,0.10546875,4.273525238037109
Franklin_Kampbell_Freeman,ridge,0.11328125,4.266107082366943
Franklin_Kampbell_Freeman,ridge,0.12109375,4.258777618408203
Franklin_Kampbell_Freeman,ridge,0.12890625,4.251595497131348
Franklin_Kampbell_Freeman,ridge,0.13671875,4.244718551635742
Franklin_Kampbell_Freeman,ridge,0.14453125,4.23829984664917
Franklin_Kampbell_Freeman,ridge,0.15234375,4.232457637786865
Franklin_Kampbell_Freeman,ridge,0.16015625,4.2273359298706055
Franklin_Kampbell_Freeman,ridge,0.16796875,4.223051071166992
Franklin_Kampbell_Freeman,ridge,0.17578125,4.21965217590332
Franklin_Kampbell_Freeman,ridge,0.18359375,4.217113494873047
Franklin_Kampbell_Freeman,ridge,0.19140625,4.2153639793396
Franklin_Kampbell_Freeman,ridge,0.19921875,4.214293479919434
Franklin_Kampbell_Freeman,ridge,0.20703125,4.213757514953613
Franklin_Kampbell_Freeman,ridge,0.21484375,4.213597774505615
Franklin_Kampbell_Freeman,ridge,0.22265625,4.213637828826904
Franklin_Kampbell_Freeman,ridge,0.23046875,4.213688850402832
Franklin_Kampbell_Freeman,ridge,0.23828125,4.213447570800781
Franklin_Kampbell_Freeman,ridge,0.24609375,4.212447643280029
Franklin_Kampbell_Freeman,ridge,0.25390625,4.210415840148926
Franklin_Kampbell_Freeman,ridge,0.26171875,4.207218170166016
Franklin_Kampbell_Freeman,ridge,0.26953125,4.202552795410156
Franklin_Kampbell_Freeman,ridge,0.27734375,4.195991516113281
Franklin_Kampbell_Freeman,ridge,0.28515625,4.187135696411133
Franklin_Kampbell_Freeman,ridge,0.29296875,4.175742149353027
Franklin_Kampbell_Freeman,ridge,0.30078125,4.161496639251709
Franklin_Kampbell_Freeman,ridge,0.30859375,4.143970966339111
Franklin_Kampbell_Freeman,ridge,0.31640625,4.122629642486572
Franklin_Kampbell_Freeman,ridge,0.32421875,4.096717834472656
Franklin_Kampbell_Freeman,ridge,0.33203125,4.065487861633301
Franklin_Kampbell_Freeman,ridge,0.33984375,4.0282087326049805
Franklin_Kampbell_Freeman,ridge,0.34765625,3.9842190742492676
Franklin_Kampbell_Freeman,ridge,0.35546875,3.9329209327697754
Franklin_Kampbell_Freeman,ridge,0.36328125,3.8736655712127686
Franklin_Kampbell_Freeman,ridge,0.37109375,3.805718421936035
Franklin_Kampbell_Freeman,ridge,0.37890625,3.728292465209961
Franklin_Kampbell_Freeman,ridge,0.38671875,3.640644073486328
Franklin_Kampbell_Freeman,ridge,0.39453125,3.5421290397644043
Franklin_Kampbell_Freeman,ridge,0.40234375,3.4322566986083984
Franklin_Kampbell_Freeman,ridge,0.41015625,3.3107879161834717
Franklin_Kampbell_Freeman,ridge,0.41796875,3.177793264389038
Franklin_Kampbell_Freeman,ridge,0.42578125,3.0336451530456543
Franklin_Kampbell_Freeman,ridge,0.43359375,2.879016876220703
Franklin_Kampbell_Freeman,ridge,0.44140625,2.714792490005493
Franklin_Kampbell_Freeman,ridge,0.44921875,2.541811466217041
Franklin_Kampbell_Freeman,ridge,0.45703125,2.360652208328247
Franklin_Kampbell_Freeman,ridge,0.46484375,2.1719167232513428
Franklin_Kampbell_Freeman,ridge,0.47265625,1.976802945137024
Franklin_Kampbell_Freeman,ridge,0.48046875,1.7775063514709473
Franklin_Kampbell_Freeman,ridge,0.48828125,1.5772408246994019
Franklin_Kampbell_Freeman,ridge,0.49609375,1.3801774978637695
Franklin_Kampbell_Freeman,ridge,0.50390625,1.1912897825241089
Franklin_Kampbell_Freeman,ridge,0.51171875,1.0156558752059937
Franklin_Kampbell_Freeman,ridge,0.51953125,0.857158899307251
Franklin_Kampbell_Freeman,ridge,0.52734375,0.7177349328994751
Franklin_Kampbell_Freeman,ridge,0.53515625,0.5978463888168335
Franklin_Kampbell_Freeman,ridge,0.54296875,0.49726641178131104
Franklin_Kampbell_Freeman,ridge,0.55078125,0.41522660851478577
Franklin_Kampbell_Freeman,ridge,0.55859375,0.35024964809417725
Franklin_Kampbell_Freeman,ridge,0.56640625,0.3003641664981842
Franklin_Kampbell_Freeman,ridge,0.57421875,0.2635115683078766
Franklin_Kampbell_Freeman,ridge,0.58203125,0.23787906765937805
Franklin_Kampbell_Freeman,ridge,0.58984375,0.22185024619102478
Franklin_Kampbell_Freeman,ridge,0.59765625,0.21384018659591675
Franklin_Kampbell_Freeman,ridge,0.60546875,0.21218633651733398
Franklin_Kampbell_Freeman,ridge,0.61328125,0.21528246998786926
Franklin_Kampbell_Freeman,ridge,0.62109375,0.22173413634300232
Franklin_Kampbell_Freeman,ridge,0.62890625,0.23031306266784668
Franklin_Kampbell_Freeman,ridge,0.63671875,0.2398911714553833
Franklin_Kampbell_Freeman,ridge,0.64453125,0.24946832656860352
Franklin_Kampbell_Freeman,ridge,0.65234375,0.2582370936870575
Franklin_Kampbell_Freeman,ridge,0.66015625,0.2655887007713318
Franklin_Kampbell_Freeman,ridge,0.66796875,0.2710481882095337
Franklin_Kampbell_Freeman,ridge,0.67578125,0.27417394518852234
Franklin_Kampbell_Freeman,ridge,0.68359375,0.2745527923107147
Franklin_Kampbell_Freeman,ridge,0.69140625,0.2718704640865326
Franklin_Kampbell_Freeman,ridge,0.69921875,0.26592540740966797
Franklin_Kampbell_Freeman,ridge,0.70703125,0.2566675543785095
Franklin_Kampbell_Freeman,ridge,0.71484375,0.24422401189804077
Franklin_Kampbell_Freeman,ridge,0.72265625,0.2288644015789032
Franklin_Kampbell_Freeman,ridge,0.73046875,0.21098586916923523
Franklin_Kampbell_Freeman,ridge,0.73828125,0.19108867645263672
Franklin_Kampbell_Freeman,ridge,0.74609375,0.16969993710517883
Franklin_Kampbell_Freeman,ridge,0.75390625,0.14729204773902893
Franklin_Kampbell_Freeman,ridge,0.76171875,0.12446057796478271
Franklin_Kampbell_Freeman,ridge,0.76953125,0.10205626487731934
Franklin_Kampbell_Freeman,ridge,0.77734375,0.08080300688743591
Franklin_Kampbell_Freeman,ridge,0.78515625,0.06107410788536072
Franklin_Kampbell_Freeman,ridge,0.79296875,0.042987316846847534
Franklin_Kampbell_Freeman,ridge,0.80078125,0.02644529938697815
Franklin_Kampbell_Freeman,ridge,0.80859375,0.011098906397819519
Franklin_Kampbell_Freeman,ridge,0.81640625,-0.00353848934173584
Franklin_Kampbell_Freeman,ridge,0.82421875,-0.017704159021377563
Franklin_Kampbell_Freeman,ridge,0.83203125,-0.030934393405914307
Franklin_Kampbell_Freeman,ridge,0.83984375,-0.04204298555850983
Franklin_Kampbell_Freeman,ridge,0.84765625,-0.05005745589733124
Franklin_Kampbell_Freeman,ridge,0.85546875,-0.05428624153137207
Franklin_Kampbell_Freeman,ridge,0.86328125,-0.05416524410247803
Franklin_Kampbell_Freeman,ridge,0.87109375,-0.05042877793312073
Franklin_Kampbell_Freeman,ridge,0.87890625,-0.04399725794792175
Franklin_Kampbell_Freeman,ridge,0.88671875,-0.03587938845157623
Franklin_Kampbell_Freeman,ridge,0.89453125,-0.027627870440483093
Franklin_Kampbell_Freeman,ridge,0.90234375,-0.020629361271858215
Franklin_Kampbell_Freeman,ridge,0.91015625,-0.016107678413391113
Franklin_Kampbell_Freeman,ridge,0.91796875,-0.01452648639678955
Franklin_Kampbell_Freeman,ridge,0.92578125,-0.015658915042877197
Franklin_Kampbell_Freeman,ridge,0.93359375,-0.02012646198272705
Franklin_Kampbell_Freeman,ridge,0.94140625,-0.029270440340042114
Franklin_Kampbell_Freeman,ridge,0.94921875,-0.04421970248222351
Franklin_Kampbell_Freeman,ridge,0.95703125,-0.06442777812480927
Franklin_Kampbell_Freeman,ridge,0.96484375,-0.08452089130878448
Franklin_Kampbell_Freeman,ridge,0.97265625,-0.09819157421588898
Franklin_Kampbell_Freeman,ridge,0.98046875,-0.10412797331809998
Franklin_Kampbell_Freeman,ridge,0.98828125,-0.1020365059375763
Franklin_Kampbell_Freeman,ridge,0.99609375,-0.09383881092071533
Franklin_Kampbell_Freeman,ridge,1.0,-0.08987554907798767
Franklin_Kampbell_Freeman,enet,0.0,-0.8776543140411377
Franklin_Kampbell_Freeman,enet,0.00390625,-0.8797805905342102
Franklin_Kampbell_Freeman,enet,0.01171875,-0.8842236995697021
Franklin_Kampbell_Freeman,enet,0.01953125,-0.8888656497001648
Franklin_Kampbell_Freeman,enet,0.02734375,-0.893622636795044
Franklin_Kampbell_Freeman,enet,0.03515625,-0.8983968496322632
Franklin_Kampbell_Freeman,enet,0.04296875,-0.903117299079895
Franklin_Kampbell_Freeman,enet,0.05078125,-0.9077683687210083
Franklin_Kampbell_Freeman,enet,0.05859375,-0.9123115539550781
Franklin_Kampbell_Freeman,enet,0.06640625,-0.9166092872619629
Franklin_Kampbell_Freeman,enet,0.07421875,-0.9205119609832764
Franklin_Kampbell_Freeman,enet,0.08203125,-0.9238792061805725
Franklin_Kampbell_Freeman,enet,0.08984375,-0.9265744090080261
Franklin_Kampbell_Freeman,enet,0.09765625,-0.9284685850143433
Franklin_Kampbell_Freeman,enet,0.10546875,-0.9294345378875732
Franklin_Kampbell_Freeman,enet,0.11328125,-0.9293466806411743
Franklin_Kampbell_Freeman,enet,0.12109375,-0.9280632138252258
Franklin_Kampbell_Freeman,enet,0.12890625,-0.9254008531570435
Franklin_Kampbell_Freeman,enet,0.13671875,-0.9211588501930237
Franklin_Kampbell_Freeman,enet,0.14453125,-0.9151843786239624
Franklin_Kampbell_Freeman,enet,0.15234375,-0.9073461294174194
Franklin_Kampbell_Freeman,enet,0.16015625,-0.8974858522415161
Franklin_Kampbell_Freeman,enet,0.16796875,-0.8854154944419861
Franklin_Kampbell_Freeman,enet,0.17578125,-0.8709644675254822
Franklin_Kampbell_Freeman,enet,0.18359375,-0.8540061712265015
Franklin_Kampbell_Freeman,enet,0.19140625,-0.8344427347183228
Franklin_Kampbell_Freeman,enet,0.19921875,-0.8121744990348816
Franklin_Kampbell_Freeman,enet,0.20703125,-0.7870957851409912
Franklin_Kampbell_Freeman,enet,0.21484375,-0.7591125965118408
Franklin_Kampbell_Freeman,enet,0.22265625,-0.7281197309494019
Franklin_Kampbell_Freeman,enet,0.23046875,-0.6940310001373291
Franklin_Kampbell_Freeman,enet,0.23828125,-0.6568955183029175
Franklin_Kampbell_Freeman,enet,0.24609375,-0.616945743560791
Franklin_Kampbell_Freeman,enet,0.25390625,-0.5742546319961548
Franklin_Kampbell_Freeman,enet,0.26171875,-0.5287518501281738
Franklin_Kampbell_Freeman,enet,0.26953125,-0.4805249571800232
Franklin_Kampbell_Freeman,enet,0.27734375,-0.4298582375049591
Franklin_Kampbell_Freeman,enet,0.28515625,-0.37713390588760376
Franklin_Kampbell_Freeman,enet,0.29296875,-0.3225809931755066
Franklin_Kampbell_Freeman,enet,0.30078125,-0.26639220118522644
Franklin_Kampbell_Freeman,enet,0.30859375,-0.20886564254760742
Franklin_Kampbell_Freeman,enet,0.31640625,-0.15037080645561218
Franklin_Kampbell_Freeman,enet,0.32421875,-0.09156519174575806
Franklin_Kampbell_Freeman,enet,0.33203125,-0.03301370143890381
Franklin_Kampbell_Freeman,enet,0.33984375,0.02491992712020874
Franklin_Kampbell_Freeman,enet,0.34765625,0.08212176710367203
Franklin_Kampbell_Freeman,enet,0.35546875,0.13871681690216064
Franklin_Kampbell_Freeman,enet,0.36328125,0.1950300931930542
Franklin_Kampbell_Freeman,enet,0.37109375,0.2515687942504883
Franklin_Kampbell_Freeman,enet,0.37890625,0.30902478098869324
Franklin_Kampbell_Freeman,enet,0.38671875,0.3682745397090912
Franklin_Kampbell_Freeman,enet,0.39453125,0.4302993714809418
Franklin_Kampbell_Freeman,enet,0.40234375,0.49606940150260925
Franklin_Kampbell_Freeman,enet,0.41015625,0.5663555264472961
Franklin_Kampbell_Freeman,enet,0.41796875,0.6414912939071655
Franklin_Kampbell_Freeman,enet,0.42578125,0.721180260181427
Franklin_Kampbell_Freeman,enet,0.43359375,0.8043398857116699
Franklin_Kampbell_Freeman,enet,0.44140625,0.8890658617019653
Franklin_Kampbell_Freeman,enet,0.44921875,0.9726470708847046
Franklin_Kampbell_Freeman,enet,0.45703125,1.0516380071640015
Franklin_Kampbell_Freeman,enet,0.46484375,1.122335433959961
Franklin_Kampbell_Freeman,enet,0.47265625,1.1814664602279663
Franklin_Kampbell_Freeman,enet,0.48046875,1.2264553308486938
Franklin_Kampbell_Freeman,enet,0.48828125,1.255325436592102
Franklin_Kampbell_Freeman,enet,0.49609375,1.2668864727020264
Franklin_Kampbell_Freeman,enet,0.50390625,1.2617483139038086
Franklin_Kampbell_Freeman,enet,0.51171875,1.2430322170257568
Franklin_Kampbell_Freeman,enet,0.51953125,1.2147737741470337
Franklin_Kampbell_Freeman,enet,0.52734375,1.1796544790267944
Franklin_Kampbell_Freeman,enet,0.53515625,1.1384761333465576
Franklin_Kampbell_Freeman,enet,0.54296875,1.0911264419555664
Franklin_Kampbell_Freeman,enet,0.55078125,1.037729024887085
Franklin_Kampbell_Freeman,enet,0.55859375,0.9791269898414612
Franklin_Kampbell_Freeman,enet,0.56640625,0.9167423248291016
Franklin_Kampbell_Freeman,enet,0.57421875,0.8523010015487671
Franklin_Kampbell_Freeman,enet,0.58203125,0.7877089977264404
Franklin_Kampbell_Freeman,enet,0.58984375,0.7246863842010498
Franklin_Kampbell_Freeman,enet,0.59765625,0.6643704175949097
Franklin_Kampbell_Freeman,enet,0.60546875,0.6071919798851013
Franklin_Kampbell_Freeman,enet,0.61328125,0.5531535148620605
Franklin_Kampbell_Freeman,enet,0.62109375,0.502204418182373
Franklin_Kampbell_Freeman,enet,0.62890625,0.45437127351760864
Franklin_Kampbell_Freeman,enet,0.63671875,0.4097587466239929
Franklin_Kampbell_Freeman,enet,0.64453125,0.3685269355773926
Franklin_Kampbell_Freeman,enet,0.65234375,0.3308359682559967
Franklin_Kampbell_Freeman,enet,0.66015625,0.29675549268722534
Franklin_Kampbell_Freeman,enet,0.66796875,0.26609665155410767
Franklin_Kampbell_Freeman,enet,0.67578125,0.2383786141872406
Franklin_Kampbell_Freeman,enet,0.68359375,0.21296557784080505
Franklin_Kampbell_Freeman,enet,0.69140625,0.18920454382896423
Franklin_Kampbell_Freeman,enet,0.69921875,0.16640207171440125
Franklin_Kampbell_Freeman,enet,0.70703125,0.14388501644134521
Franklin_Kampbell_Freeman,enet,0.71484375,0.1211666464805603
Franklin_Kampbell_Freeman,enet,0.72265625,0.09801601618528366
Franklin_Kampbell_Freeman,enet,0.73046875,0.07451742887496948
Franklin_Kampbell_Freeman,enet,0.73828125,0.05081861466169357
Franklin_Kampbell_Freeman,enet,0.74609375,0.026695184409618378
Franklin_Kampbell_Freeman,enet,0.75390625,0.0019122138619422913
Franklin_Kampbell_Freeman,enet,0.76171875,-0.023237600922584534
Franklin_Kampbell_Freeman,enet,0.76953125,-0.04800932854413986
Franklin_Kampbell_Freeman,enet,0.77734375,-0.07167653739452362
Franklin_Kampbell_Freeman,enet,0.78515625,-0.09372618794441223
Franklin_Kampbell_Freeman,enet,0.79296875,-0.11385288834571838
Franklin_Kampbell_Freeman,enet,0.80078125,-0.1320212334394455
Franklin_Kampbell_Freeman,enet,0.80859375,-0.14848409593105316
Franklin_Kampbell_Freeman,enet,0.81640625,-0.16365720331668854
Franklin_Kampbell_Freeman,enet,0.82421875,-0.17776411771774292
Franklin_Kampbell_Freeman,enet,0.83203125,-0.19042277336120605
Franklin_Kampbell_Freeman,enet,0.83984375,-0.20080703496932983
Franklin_Kampbell_Freeman,enet,0.84765625,-0.20872312784194946
Franklin_Kampbell_Freeman,enet,0.85546875,-0.2138528674840927
Franklin_Kampbell_Freeman,enet,0.86328125,-0.21523112058639526
Franklin_Kampbell_Freeman,enet,0.87109375,-0.21368001401424408
Franklin_Kampbell_Freeman,enet,0.87890625,-0.21109957993030548
Franklin_Kampbell_Freeman,enet,0.88671875,-0.20869167149066925
Franklin_Kampbell_Freeman,enet,0.89453125,-0.20631186664104462
Franklin_Kampbell_Freeman,enet,0.90234375,-0.204448401927948
Franklin_Kampbell_Freeman,enet,0.91015625,-0.2048451006412506
Franklin_Kampbell_Freeman,enet,0.91796875,-0.2087789624929428
Franklin_Kampbell_Freeman,enet,0.92578125,-0.21593040227890015
Franklin_Kampbell_Freeman,enet,0.93359375,-0.22619086503982544
Franklin_Kampbell_Freeman,enet,0.94140625,-0.24131979048252106
Franklin_Kampbell_Freeman,enet,0.94921875,-0.2640359401702881
Franklin_Kampbell_Freeman,enet,0.95703125,-0.294593870639801
Franklin_Kampbell_Freeman,enet,0.96484375,-0.3284637928009033
Franklin_Kampbell_Freeman,enet,0.97265625,-0.35828953981399536
Franklin_Kampbell_Freeman,enet,0.98046875,-0.37367701530456543
Franklin_Kampbell_Freeman,enet,0.98828125,-0.3738629221916199
Franklin_Kampbell_Freeman,enet,0.99609375,-0.37232187390327454
Franklin_Kampbell_Freeman,enet,1.0,-0.37464651465415955
Ishaan_Arav_Arun,ridge,0.0,4.128818511962891
Ishaan_Arav_Arun,ridge,0.00390625,4.1257476806640625
Ishaan_Arav_Arun,ridge,0.01171875,4.1194658279418945
Ishaan_Arav_Arun,ridge,0.01953125,4.112977027893066
Ishaan_Arav_Arun,ridge,0.02734375,4.106213092803955
Ishaan_Arav_Arun,ridge,0.03515625,4.09915828704834
Ishaan_Arav_Arun,ridge,0.04296875,4.091885089874268
Ishaan_Arav_Arun,ridge,0.05078125,4.084506034851074
Ishaan_Arav_Arun,ridge,0.05859375,4.077122688293457
Ishaan_Arav_Arun,ridge,0.06640625,4.069815158843994
Ishaan_Arav_Arun,ridge,0.07421875,4.062688827514648
Ishaan_Arav_Arun,ridge,0.08203125,4.055927276611328
Ishaan_Arav_Arun,ridge,0.08984375,4.049661636352539
Ishaan_Arav_Arun,ridge,0.09765625,4.043968200683594
Ishaan_Arav_Arun,ridge,0.10546875,4.038858413696289
Ishaan_Arav_Arun,ridge,0.11328125,4.034267902374268
Ishaan_Arav_Arun,ridge,0.12109375,4.030121803283691
Ishaan_Arav_Arun,ridge,0.12890625,4.026366233825684
Ishaan_Arav_Arun,ridge,0.13671875,4.0229668617248535
Ishaan_Arav_Arun,ridge,0.14453125,4.019887924194336
Ishaan_Arav_Arun,ridge,0.15234375,4.017024040222168
Ishaan_Arav_Arun,ridge,0.16015625,4.014265060424805
Ishaan_Arav_Arun,ridge,0.16796875,4.011486053466797
Ishaan_Arav_Arun,ridge,0.17578125,4.008629322052002
Ishaan_Arav_Arun,ridge,0.18359375,4.005632400512695
Ishaan_Arav_Arun,ridge,0.19140625,4.00235652923584
Ishaan_Arav_Arun,ridge,0.19921875,3.9986162185668945
Ishaan_Arav_Arun,ridge,0.20703125,3.9942073822021484
Ishaan_Arav_Arun,ridge,0.21484375,3.988952159881592
Ishaan_Arav_Arun,ridge,0.22265625,3.9826440811157227
Ishaan_Arav_Arun,ridge,0.23046875,3.9750378131866455
Ishaan_Arav_Arun,ridge,0.23828125,3.9658846855163574
Ishaan_Arav_Arun,ridge,0.24609375,3.9548730850219727
Ishaan_Arav_Arun,ridge,0.25390625,3.9416728019714355
Ishaan_Arav_Arun,ridge,0.26171875,3.926011562347412
Ishaan_Arav_Arun,ridge,0.26953125,3.907686710357666
Ishaan_Arav_Arun,ridge,0.27734375,3.8866353034973145
Ishaan_Arav_Arun,ridge,0.28515625,3.863053321838379
Ishaan_Arav_Arun,ridge,0.29296875,3.8374454975128174
Ishaan_Arav_Arun,ridge,0.30078125,3.81068754196167
Ishaan_Arav_Arun,ridge,0.30859375,3.784024715423584
Ishaan_Arav_Arun,ridge,0.31640625,3.7589597702026367
Ishaan_Arav_Arun,ridge,0.32421875,3.7368850708007812
Ishaan_Arav_Arun,ridge,0.33203125,3.7186813354492188
Ishaan_Arav_Arun,ridge,0.33984375,3.7043232917785645
Ishaan_Arav_Arun,ridge,0.34765625,3.6926488876342773
Ishaan_Arav_Arun,ridge,0.35546875,3.6815099716186523
Ishaan_Arav_Arun,ridge,0.36328125,3.668271541595459
Ishaan_Arav_Arun,ridge,0.37109375,3.650195360183716
Ishaan_Arav_Arun,ridge,0.37890625,3.6249117851257324
Ishaan_Arav_Arun,ridge,0.38671875,3.590726852416992
Ishaan_Arav_Arun,ridge,0.39453125,3.5464928150177
Ishaan_Arav_Arun,ridge,0.40234375,3.4912447929382324
Ishaan_Arav_Arun,ridge,0.41015625,3.424194097518921
Ishaan_Arav_Arun,ridge,0.41796875,3.345165491104126
Ishaan_Arav_Arun,ridge,0.42578125,3.25520396232605
Ishaan_Arav_Arun,ridge,0.43359375,3.1566858291625977
Ishaan_Arav_Arun,ridge,0.44140625,3.0526437759399414
Ishaan_Arav_Arun,ridge,0.44921875,2.946183204650879
Ishaan_Arav_Arun,ridge,0.45703125,2.840175151824951
Ishaan_Arav_Arun,ridge,0.46484375,2.7369132041931152
Ishaan_Arav_Arun,ridge,0.47265625,2.6379499435424805
Ishaan_Arav_Arun,ridge,0.48046875,2.544360399246216
Ishaan_Arav_Arun,ridge,0.48828125,2.456887722015381
Ishaan_Arav_Arun,ridge,0.49609375,2.375657558441162
Ishaan_Arav_Arun,ridge,0.50390625,2.2999942302703857
Ishaan_Arav_Arun,ridge,0.51171875,2.2287189960479736
Ishaan_Arav_Arun,ridge,0.51953125,2.1607439517974854
Ishaan_Arav_Arun,ridge,0.52734375,2.095571756362915
Ishaan_Arav_Arun,ridge,0.53515625,2.0332815647125244
Ishaan_Arav_Arun,ridge,0.54296875,1.9741181135177612
Ishaan_Arav_Arun,ridge,0.55078125,1.9180974960327148
Ishaan_Arav_Arun,ridge,0.55859375,1.8648931980133057
Ishaan_Arav_Arun,ridge,0.56640625,1.813992977142334
Ishaan_Arav_Arun,ridge,0.57421875,1.7649226188659668
Ishaan_Arav_Arun,ridge,0.58203125,1.7173740863800049
Ishaan_Arav_Arun,ridge,0.58984375,1.6711183786392212
Ishaan_Arav_Arun,ridge,0.59765625,1.6259081363677979
Ishaan_Arav_Arun,ridge,0.60546875,1.5814619064331055
Ishaan_Arav_Arun,ridge,0.61328125,1.5374771356582642
Ishaan_Arav_Arun,ridge,0.62109375,1.4936108589172363
Ishaan_Arav_Arun,ridge,0.62890625,1.4494916200637817
Ishaan_Arav_Arun,ridge,0.63671875,1.404750943183899
Ishaan_Arav_Arun,ridge,0.64453125,1.3591041564941406
Ishaan_Arav_Arun,ridge,0.65234375,1.3125249147415161
Ishaan_Arav_Arun,ridge,0.66015625,1.2653541564941406
Ishaan_Arav_Arun,ridge,0.66796875,1.2182116508483887
Ishaan_Arav_Arun,ridge,0.67578125,1.171776533126831
Ishaan_Arav_Arun,ridge,0.68359375,1.1266372203826904
Ishaan_Arav_Arun,ridge,0.69140625,1.0832788944244385
Ishaan_Arav_Arun,ridge,0.69921875,1.0421055555343628
Ishaan_Arav_Arun,ridge,0.70703125,1.0034191608428955
Ishaan_Arav_Arun,ridge,0.71484375,0.9674160480499268
Ishaan_Arav_Arun,ridge,0.72265625,0.9342707395553589
Ishaan_Arav_Arun,ridge,0.73046875,0.9042105078697205
Ishaan_Arav_Arun,ridge,0.73828125,0.8774385452270508
Ishaan_Arav_Arun,ridge,0.74609375,0.853978157043457
Ishaan_Arav_Arun,ridge,0.75390625,0.8336391448974609
Ishaan_Arav_Arun,ridge,0.76171875,0.8160452842712402
Ishaan_Arav_Arun,ridge,0.76953125,0.8007358908653259
Ishaan_Arav_Arun,ridge,0.77734375,0.7872982025146484
Ishaan_Arav_Arun,ridge,0.78515625,0.7754623889923096
Ishaan_Arav_Arun,ridge,0.79296875,0.7650036811828613
Ishaan_Arav_Arun,ridge,0.80078125,0.7555269002914429
Ishaan_Arav_Arun,ridge,0.80859375,0.746403157711029
Ishaan_Arav_Arun,ridge,0.81640625,0.7370014786720276
Ishaan_Arav_Arun,ridge,0.82421875,0.7269560694694519
Ishaan_Arav_Arun,ridge,0.83203125,0.7163380980491638
Ishaan_Arav_Arun,ridge,0.83984375,0.7053861021995544
Ishaan_Arav_Arun,ridge,0.84765625,0.6940610408782959
Ishaan_Arav_Arun,ridge,0.85546875,0.6828488707542419
Ishaan_Arav_Arun,ridge,0.86328125,0.6734793186187744
Ishaan_Arav_Arun,ridge,0.87109375,0.6673656105995178
Ishaan_Arav_Arun,ridge,0.87890625,0.6648085117340088
Ishaan_Arav_Arun,ridge,0.88671875,0.6652718782424927
Ishaan_Arav_Arun,ridge,0.89453125,0.6682121753692627
Ishaan_Arav_Arun,ridge,0.90234375,0.670708179473877
Ishaan_Arav_Arun,ridge,0.91015625,0.6716189384460449
Ishaan_Arav_Arun,ridge,0.91796875,0.6693512201309204
Ishaan_Arav_Arun,ridge,0.92578125,0.6633532643318176
Ishaan_Arav_Arun,ridge,0.93359375,0.6598080396652222
Ishaan_Arav_Arun,ridge,0.94140625,0.6670448780059814
Ishaan_Arav_Arun,ridge,0.94921875,0.6855865120887756
Ishaan_Arav_Arun,ridge,0.95703125,0.7075983881950378
Ishaan_Arav_Arun,ridge,0.96484375,0.7322303056716919
Ishaan_Arav_Arun,ridge,0.97265625,0.7600100636482239
Ishaan_Arav_Arun,ridge,0.98046875,0.7428673505783081
Ishaan_Arav_Arun,ridge,0.98828125,0.6668798327445984
Ishaan_Arav_Arun,ridge,0.99609375,0.5891505479812622
Ishaan_Arav_Arun,ridge,1.0,0.5629285573959351
Ishaan_Arav_Arun,enet,0.0,-0.6217191219329834
Ishaan_Arav_Arun,enet,0.00390625,-0.6247357726097107
Ishaan_Arav_Arun,enet,0.01171875,-0.6307547092437744
Ishaan_Arav_Arun,enet,0.01953125,-0.6367462873458862
Ishaan_Arav_Arun,enet,0.02734375,-0.6427147388458252
Ishaan_Arav_Arun,enet,0.03515625,-0.6486190557479858
Ishaan_Arav_Arun,enet,0.04296875,-0.6543183326721191
Ishaan_Arav_Arun,enet,0.05078125,-0.6595810651779175
Ishaan_Arav_Arun,enet,0.05859375,-0.6641583442687988
Ishaan_Arav_Arun,enet,0.06640625,-0.6678433418273926
Ishaan_Arav_Arun,enet,0.07421875,-0.6704174876213074
Ishaan_Arav_Arun,enet,0.08203125,-0.6715937852859497
Ishaan_Arav_Arun,enet,0.08984375,-0.6711786985397339
Ishaan_Arav_Arun,enet,0.09765625,-0.6690337657928467
Ishaan_Arav_Arun,enet,0.10546875,-0.6650537848472595
Ishaan_Arav_Arun,enet,0.11328125,-0.6591721773147583
Ishaan_Arav_Arun,enet,0.12109375,-0.6513001322746277
Ishaan_Arav_Arun,enet,0.12890625,-0.6413136720657349
Ishaan_Arav_Arun,enet,0.13671875,-0.6290607452392578
Ishaan_Arav_Arun,enet,0.14453125,-0.6143432855606079
Ishaan_Arav_Arun,enet,0.15234375,-0.5969378352165222
Ishaan_Arav_Arun,enet,0.16015625,-0.5766682624816895
Ishaan_Arav_Arun,enet,0.16796875,-0.5534828901290894
Ishaan_Arav_Arun,enet,0.17578125,-0.5273276567459106
Ishaan_Arav_Arun,enet,0.18359375,-0.4983198642730713
Ishaan_Arav_Arun,enet,0.19140625,-0.4667719602584839
Ishaan_Arav_Arun,enet,0.19921875,-0.43311890959739685
Ishaan_Arav_Arun,enet,0.20703125,-0.3977360129356384
Ishaan_Arav_Arun,enet,0.21484375,-0.3608511686325073
Ishaan_Arav_Arun,enet,0.22265625,-0.32270288467407227
Ishaan_Arav_Arun,enet,0.23046875,-0.2835158109664917
Ishaan_Arav_Arun,enet,0.23828125,-0.24347838759422302
Ishaan_Arav_Arun,enet,0.24609375,-0.20278722047805786
Ishaan_Arav_Arun,enet,0.25390625,-0.16162192821502686
Ishaan_Arav_Arun,enet,0.26171875,-0.12003937363624573
Ishaan_Arav_Arun,enet,0.26953125,-0.07790940999984741
Ishaan_Arav_Arun,enet,0.27734375,-0.034833550453186035
Ishaan_Arav_Arun,enet,0.28515625,0.009964227676391602
Ishaan_Arav_Arun,enet,0.29296875,0.05774679780006409
Ishaan_Arav_Arun,enet,0.30078125,0.11025375127792358
Ishaan_Arav_Arun,enet,0.30859375,0.16944310069084167
Ishaan_Arav_Arun,enet,0.31640625,0.23702391982078552
Ishaan_Arav_Arun,enet,0.32421875,0.3136744499206543
Ishaan_Arav_Arun,enet,0.33203125,0.39845186471939087
Ishaan_Arav_Arun,enet,0.33984375,0.48887383937835693
Ishaan_Arav_Arun,enet,0.34765625,0.5816018581390381
Ishaan_Arav_Arun,enet,0.35546875,0.6734054088592529
Ishaan_Arav_Arun,enet,0.36328125,0.7620699405670166
Ishaan_Arav_Arun,enet,0.37109375,0.8468669056892395
Ishaan_Arav_Arun,enet,0.37890625,0.9285115003585815
Ishaan_Arav_Arun,enet,0.38671875,1.0083129405975342
Ishaan_Arav_Arun,enet,0.39453125,1.0867668390274048
Ishaan_Arav_Arun,enet,0.40234375,1.1623625755310059
Ishaan_Arav_Arun,enet,0.41015625,1.231751561164856
Ishaan_Arav_Arun,enet,0.41796875,1.2912813425064087
Ishaan_Arav_Arun,enet,0.42578125,1.338827133178711
Ishaan_Arav_Arun,enet,0.43359375,1.3745083808898926
Ishaan_Arav_Arun,enet,0.44140625,1.3998185396194458
Ishaan_Arav_Arun,enet,0.44921875,1.4162324666976929
Ishaan_Arav_Arun,enet,0.45703125,1.4242968559265137
Ishaan_Arav_Arun,enet,0.46484375,1.4237529039382935
Ishaan_Arav_Arun,enet,0.47265625,1.4143527746200562
Ishaan_Arav_Arun,enet,0.48046875,1.3965247869491577
Ishaan_Arav_Arun,enet,0.48828125,1.3715437650680542
Ishaan_Arav_Arun,enet,0.49609375,1.3412154912948608
Ishaan_Arav_Arun,enet,0.50390625,1.3073986768722534
Ishaan_Arav_Arun,enet,0.51171875,1.2717483043670654
Ishaan_Arav_Arun,enet,0.51953125,1.2357864379882812
Ishaan_Arav_Arun,enet,0.52734375,1.2008590698242188
Ishaan_Arav_Arun,enet,0.53515625,1.1677289009094238
Ishaan_Arav_Arun,enet,0.54296875,1.1363295316696167
Ishaan_Arav_Arun,enet,0.55078125,1.1060460805892944
Ishaan_Arav_Arun,enet,0.55859375,1.0762178897857666
Ishaan_Arav_Arun,enet,0.56640625,1.0464173555374146
Ishaan_Arav_Arun,enet,0.57421875,1.0164721012115479
Ishaan_Arav_Arun,enet,0.58203125,0.986400306224823
Ishaan_Arav_Arun,enet,0.58984375,0.956234335899353
Ishaan_Arav_Arun,enet,0.59765625,0.9258416295051575
Ishaan_Arav_Arun,enet,0.60546875,0.8949643969535828
Ishaan_Arav_Arun,enet,0.61328125,0.8633858561515808
Ishaan_Arav_Arun,enet,0.62109375,0.8310127258300781
Ishaan_Arav_Arun,enet,0.62890625,0.7978328466415405
Ishaan_Arav_Arun,enet,0.63671875,0.7638647556304932
Ishaan_Arav_Arun,enet,0.64453125,0.7291456460952759
Ishaan_Arav_Arun,enet,0.65234375,0.6938078999519348
Ishaan_Arav_Arun,enet,0.66015625,0.6582320928573608
Ishaan_Arav_Arun,enet,0.66796875,0.6231539249420166
Ishaan_Arav_Arun,enet,0.67578125,0.5895546674728394
Ishaan_Arav_Arun,enet,0.68359375,0.5584322214126587
Ishaan_Arav_Arun,enet,0.69140625,0.5306175947189331
Ishaan_Arav_Arun,enet,0.69921875,0.5066529512405396
Ishaan_Arav_Arun,enet,0.70703125,0.4866373538970947
Ishaan_Arav_Arun,enet,0.71484375,0.47010838985443115
Ishaan_Arav_Arun,enet,0.72265625,0.456188827753067
Ishaan_Arav_Arun,enet,0.73046875,0.44404059648513794
Ishaan_Arav_Arun,enet,0.73828125,0.43330302834510803
Ishaan_Arav_Arun,enet,0.74609375,0.424121618270874
Ishaan_Arav_Arun,enet,0.75390625,0.41672635078430176
Ishaan_Arav_Arun,enet,0.76171875,0.41097116470336914
Ishaan_Arav_Arun,enet,0.76953125,0.40620893239974976
Ishaan_Arav_Arun,enet,0.77734375,0.401530921459198
Ishaan_Arav_Arun,enet,0.78515625,0.39619916677474976
Ishaan_Arav_Arun,enet,0.79296875,0.38996756076812744
Ishaan_Arav_Arun,enet,0.80078125,0.3830593228340149
Ishaan_Arav_Arun,enet,0.80859375,0.37579667568206787
Ishaan_Arav_Arun,enet,0.81640625,0.3683954179286957
Ishaan_Arav_Arun,enet,0.82421875,0.3611365556716919
Ishaan_Arav_Arun,enet,0.83203125,0.3547242283821106
Ishaan_Arav_Arun,enet,0.83984375,0.35002559423446655
Ishaan_Arav_Arun,enet,0.84765625,0.3476963937282562
Ishaan_Arav_Arun,enet,0.85546875,0.34870415925979614
Ishaan_Arav_Arun,enet,0.86328125,0.3541642725467682
Ishaan_Arav_Arun,enet,0.87109375,0.3647990822792053
Ishaan_Arav_Arun,enet,0.87890625,0.3804616332054138
Ishaan_Arav_Arun,enet,0.88671875,0.39912939071655273
Ishaan_Arav_Arun,enet,0.89453125,0.41762101650238037
Ishaan_Arav_Arun,enet,0.90234375,0.4345055818557739
Ishaan_Arav_Arun,enet,0.91015625,0.4434356093406677
Ishaan_Arav_Arun,enet,0.91796875,0.4378649592399597
Ishaan_Arav_Arun,enet,0.92578125,0.4188435673713684
Ishaan_Arav_Arun,enet,0.93359375,0.40213310718536377
Ishaan_Arav_Arun,enet,0.94140625,0.3976963758468628
Ishaan_Arav_Arun,enet,0.94921875,0.40132492780685425
Ishaan_Arav_Arun,enet,0.95703125,0.4044426679611206
Ishaan_Arav_Arun,enet,0.96484375,0.4169720709323883
Ishaan_Arav_Arun,enet,0.97265625,0.4295613765716553
Ishaan_Arav_Arun,enet,0.98046875,0.42750418186187744
Ishaan_Arav_Arun,enet,0.98828125,0.3945585787296295
Ishaan_Arav_Arun,enet,0.99609375,0.37695810198783875
Ishaan_Arav_Arun,enet,1.0,0.36701586842536926
Ishmael_Michael_Cabrera,ridge,0.0,2.514130115509033
Ishmael_Michael_Cabrera,ridge,0.00390625,2.5091352462768555
Ishmael_Michael_Cabrera,ridge,0.01171875,2.499056816101074
Ishmael_Michael_Cabrera,ridge,0.01953125,2.488863706588745
Ishmael_Michael_Cabrera,ridge,0.02734375,2.4785373210906982
Ishmael_Michael_Cabrera,ridge,0.03515625,2.4680702686309814
Ishmael_Michael_Cabrera,ridge,0.04296875,2.4574739933013916
Ishmael_Michael_Cabrera,ridge,0.05078125,2.4467525482177734
Ishmael_Michael_Cabrera,ridge,0.05859375,2.4359030723571777
Ishmael_Michael_Cabrera,ridge,0.06640625,2.4249777793884277
Ishmael_Michael_Cabrera,ridge,0.07421875,2.414067029953003
Ishmael_Michael_Cabrera,ridge,0.08203125,2.4032135009765625
Ishmael_Michael_Cabrera,ridge,0.08984375,2.3924002647399902
Ishmael_Michael_Cabrera,ridge,0.09765625,2.3816256523132324
Ishmael_Michael_Cabrera,ridge,0.10546875,2.37094783782959
Ishmael_Michael_Cabrera,ridge,0.11328125,2.3604729175567627
Ishmael_Michael_Cabrera,ridge,0.12109375,2.3502774238586426
Ishmael_Michael_Cabrera,ridge,0.12890625,2.3404083251953125
Ishmael_Michael_Cabrera,ridge,0.13671875,2.3308963775634766
Ishmael_Michael_Cabrera,ridge,0.14453125,2.3217196464538574
Ishmael_Michael_Cabrera,ridge,0.15234375,2.3128373622894287
Ishmael_Michael_Cabrera,ridge,0.16015625,2.3042619228363037
Ishmael_Michael_Cabrera,ridge,0.16796875,2.2960281372070312
Ishmael_Michael_Cabrera,ridge,0.17578125,2.28814697265625
Ishmael_Michael_Cabrera,ridge,0.18359375,2.280564308166504
Ishmael_Michael_Cabrera,ridge,0.19140625,2.2731640338897705
Ishmael_Michael_Cabrera,ridge,0.19921875,2.2657973766326904
Ishmael_Michael_Cabrera,ridge,0.20703125,2.2582497596740723
Ishmael_Michael_Cabrera,ridge,0.21484375,2.250288486480713
Ishmael_Michael_Cabrera,ridge,0.22265625,2.241701364517212
Ishmael_Michael_Cabrera,ridge,0.23046875,2.2322874069213867
Ishmael_Michael_Cabrera,ridge,0.23828125,2.221839189529419
Ishmael_Michael_Cabrera,ridge,0.24609375,2.2101833820343018
Ishmael_Michael_Cabrera,ridge,0.25390625,2.1972768306732178
Ishmael_Michael_Cabrera,ridge,0.26171875,2.1831512451171875
Ishmael_Michael_Cabrera,ridge,0.26953125,2.1679625511169434
Ishmael_Michael_Cabrera,ridge,0.27734375,2.151965856552124
Ishmael_Michael_Cabrera,ridge,0.28515625,2.1354665756225586
Ishmael_Michael_Cabrera,ridge,0.29296875,2.1188578605651855
Ishmael_Michael_Cabrera,ridge,0.30078125,2.102569103240967
Ishmael_Michael_Cabrera,ridge,0.30859375,2.086871862411499
Ishmael_Michael_Cabrera,ridge,0.31640625,2.0718166828155518
Ishmael_Michael_Cabrera,ridge,0.32421875,2.0572738647460938
Ishmael_Michael_Cabrera,ridge,0.33203125,2.0429232120513916
Ishmael_Michael_Cabrera,ridge,0.33984375,2.028228521347046
Ishmael_Michael_Cabrera,ridge,0.34765625,2.012343406677246
Ishmael_Michael_Cabrera,ridge,0.35546875,1.9942212104797363
Ishmael_Michael_Cabrera,ridge,0.36328125,1.9729208946228027
Ishmael_Michael_Cabrera,ridge,0.37109375,1.94775390625
Ishmael_Michael_Cabrera,ridge,0.37890625,1.918215274810791
Ishmael_Michael_Cabrera,ridge,0.38671875,1.883986473083496
Ishmael_Michael_Cabrera,ridge,0.39453125,1.8449068069458008
Ishmael_Michael_Cabrera,ridge,0.40234375,1.801192045211792
Ishmael_Michael_Cabrera,ridge,0.41015625,1.753617286682129
Ishmael_Michael_Cabrera,ridge,0.41796875,1.7032010555267334
Ishmael_Michael_Cabrera,ridge,0.42578125,1.6507294178009033
Ishmael_Michael_Cabrera,ridge,0.43359375,1.5965009927749634
Ishmael_Michael_Cabrera,ridge,0.44140625,1.5403717756271362
Ishmael_Michael_Cabrera,ridge,0.44921875,1.4819624423980713
Ishmael_Michael_Cabrera,ridge,0.45703125,1.4206475019454956
Ishmael_Michael_Cabrera,ridge,0.46484375,1.3555619716644287
Ishmael_Michael_Cabrera,ridge,0.47265625,1.285921573638916
Ishmael_Michael_Cabrera,ridge,0.48046875,1.2114522457122803
Ishmael_Michael_Cabrera,ridge,0.48828125,1.133000373840332
Ishmael_Michael_Cabrera,ridge,0.49609375,1.0528008937835693
Ishmael_Michael_Cabrera,ridge,0.50390625,0.9736855626106262
Ishmael_Michael_Cabrera,ridge,0.51171875,0.8979507684707642
Ishmael_Michael_Cabrera,ridge,0.51953125,0.8268648386001587
Ishmael_Michael_Cabrera,ridge,0.52734375,0.7607817649841309
Ishmael_Michael_Cabrera,ridge,0.53515625,0.6994660496711731
Ishmael_Michael_Cabrera,ridge,0.54296875,0.642448365688324
Ishmael_Michael_Cabrera,ridge,0.55078125,0.5892302989959717
Ishmael_Michael_Cabrera,ridge,0.55859375,0.5393015742301941
Ishmael_Michael_Cabrera,ridge,0.56640625,0.49206215143203735
Ishmael_Michael_Cabrera,ridge,0.57421875,0.44663161039352417
Ishmael_Michael_Cabrera,ridge,0.58203125,0.4018060564994812
Ishmael_Michael_Cabrera,ridge,0.58984375,0.35622507333755493
Ishmael_Michael_Cabrera,ridge,0.59765625,0.30872437357902527
Ishmael_Michael_Cabrera,ridge,0.60546875,0.25881025195121765
Ishmael_Michael_Cabrera,ridge,0.61328125,0.20675450563430786
Ishmael_Michael_Cabrera,ridge,0.62109375,0.1534147560596466
Ishmael_Michael_Cabrera,ridge,0.62890625,0.1000014990568161
Ishmael_Michael_Cabrera,ridge,0.63671875,0.0477176271378994
Ishmael_Michael_Cabrera,ridge,0.64453125,-0.0026008114218711853
Ishmael_Michael_Cabrera,ridge,0.65234375,-0.050667304545640945
Ishmael_Michael_Cabrera,ridge,0.66015625,-0.09667161852121353
Ishmael_Michael_Cabrera,ridge,0.66796875,-0.14104172587394714
Ishmael_Michael_Cabrera,ridge,0.67578125,-0.18418624997138977
Ishmael_Michael_Cabrera,ridge,0.68359375,-0.22622698545455933
Ishmael_Michael_Cabrera,ridge,0.69140625,-0.266950398683548
Ishmael_Michael_Cabrera,ridge,0.69921875,-0.3059537708759308
Ishmael_Michael_Cabrera,ridge,0.70703125,-0.3428347706794739
Ishmael_Michael_Cabrera,ridge,0.71484375,-0.37738779187202454
Ishmael_Michael_Cabrera,ridge,0.72265625,-0.40977850556373596
Ishmael_Michael_Cabrera,ridge,0.73046875,-0.44046127796173096
Ishmael_Michael_Cabrera,ridge,0.73828125,-0.4699089825153351
Ishmael_Michael_Cabrera,ridge,0.74609375,-0.49854403734207153
Ishmael_Michael_Cabrera,ridge,0.75390625,-0.5267957448959351
Ishmael_Michael_Cabrera,ridge,0.76171875,-0.5550186634063721
Ishmael_Michael_Cabrera,ridge,0.76953125,-0.5835117697715759
Ishmael_Michael_Cabrera,ridge,0.77734375,-0.6125807762145996
Ishmael_Michael_Cabrera,ridge,0.78515625,-0.6425235271453857
Ishmael_Michael_Cabrera,ridge,0.79296875,-0.673521876335144
Ishmael_Michael_Cabrera,ridge,0.80078125,-0.7055699825286865
Ishmael_Michael_Cabrera,ridge,0.80859375,-0.7386067509651184
Ishmael_Michael_Cabrera,ridge,0.81640625,-0.7727469205856323
Ishmael_Michael_Cabrera,ridge,0.82421875,-0.8080562353134155
Ishmael_Michael_Cabrera,ridge,0.83203125,-0.8443771600723267
Ishmael_Michael_Cabrera,ridge,0.83984375,-0.881786584854126
Ishmael_Michael_Cabrera,ridge,0.84765625,-0.9193606972694397
Ishmael_Michael_Cabrera,ridge,0.85546875,-0.9545510411262512
Ishmael_Michael_Cabrera,ridge,0.86328125,-0.9853186011314392
Ishmael_Michael_Cabrera,ridge,0.87109375,-1.0104824304580688
Ishmael_Michael_Cabrera,ridge,0.87890625,-1.0294562578201294
Ishmael_Michael_Cabrera,ridge,0.88671875,-1.0422135591506958
Ishmael_Michael_Cabrera,ridge,0.89453125,-1.0495609045028687
Ishmael_Michael_Cabrera,ridge,0.90234375,-1.0531002283096313
Ishmael_Michael_Cabrera,ridge,0.91015625,-1.0544297695159912
Ishmael_Michael_Cabrera,ridge,0.91796875,-1.0551574230194092
Ishmael_Michael_Cabrera,ridge,0.92578125,-1.0568279027938843
Ishmael_Michael_Cabrera,ridge,0.93359375,-1.0600918531417847
Ishmael_Michael_Cabrera,ridge,0.94140625,-1.0651308298110962
Ishmael_Michael_Cabrera,ridge,0.94921875,-1.073065996170044
Ishmael_Michael_Cabrera,ridge,0.95703125,-1.0837292671203613
Ishmael_Michael_Cabrera,ridge,0.96484375,-1.092628836631775
Ishmael_Michael_Cabrera,ridge,0.97265625,-1.098118543624878
Ishmael_Michael_Cabrera,ridge,0.98046875,-1.1005072593688965
Ishmael_Michael_Cabrera,ridge,0.98828125,-1.0997475385665894
Ishmael_Michael_Cabrera,ridge,0.99609375,-1.099184513092041
Ishmael_Michael_Cabrera,ridge,1.0,-1.0982457399368286
Ishmael_Michael_Cabrera,enet,0.0,-2.1805524826049805
Ishmael_Michael_Cabrera,enet,0.00390625,-2.1870648860931396
Ishmael_Michael_Cabrera,enet,0.01171875,-2.2003233432769775
Ishmael_Michael_Cabrera,enet,0.01953125,-2.2138819694519043
Ishmael_Michael_Cabrera,enet,0.02734375,-2.227752685546875
Ishmael_Michael_Cabrera,enet,0.03515625,-2.2419345378875732
Ishmael_Michael_Cabrera,enet,0.04296875,-2.256382703781128
Ishmael_Michael_Cabrera,enet,0.05078125,-2.2710142135620117
Ishmael_Michael_Cabrera,enet,0.05859375,-2.2857213020324707
Ishmael_Michael_Cabrera,enet,0.06640625,-2.300323247909546
Ishmael_Michael_Cabrera,enet,0.07421875,-2.3145627975463867
Ishmael_Michael_Cabrera,enet,0.08203125,-2.328181505203247
Ishmael_Michael_Cabrera,enet,0.08984375,-2.340959072113037
Ishmael_Michael_Cabrera,enet,0.09765625,-2.3526694774627686
Ishmael_Michael_Cabrera,enet,0.10546875,-2.3630526065826416
Ishmael_Michael_Cabrera,enet,0.11328125,-2.371825695037842
Ishmael_Michael_Cabrera,enet,0.12109375,-2.3787429332733154
Ishmael_Michael_Cabrera,enet,0.12890625,-2.383580207824707
Ishmael_Michael_Cabrera,enet,0.13671875,-2.3861281871795654
Ishmael_Michael_Cabrera,enet,0.14453125,-2.3862414360046387
Ishmael_Michael_Cabrera,enet,0.15234375,-2.3837857246398926
Ishmael_Michael_Cabrera,enet,0.16015625,-2.3785958290100098
Ishmael_Michael_Cabrera,enet,0.16796875,-2.3704965114593506
Ishmael_Michael_Cabrera,enet,0.17578125,-2.3593668937683105
Ishmael_Michael_Cabrera,enet,0.18359375,-2.345160722732544
Ishmael_Michael_Cabrera,enet,0.19140625,-2.327892780303955
Ishmael_Michael_Cabrera,enet,0.19921875,-2.3076066970825195
Ishmael_Michael_Cabrera,enet,0.20703125,-2.284379243850708
Ishmael_Michael_Cabrera,enet,0.21484375,-2.258291482925415
Ishmael_Michael_Cabrera,enet,0.22265625,-2.2294023036956787
Ishmael_Michael_Cabrera,enet,0.23046875,-2.1977906227111816
Ishmael_Michael_Cabrera,enet,0.23828125,-2.163544178009033
Ishmael_Michael_Cabrera,enet,0.24609375,-2.126772403717041
Ishmael_Michael_Cabrera,enet,0.25390625,-2.0875535011291504
Ishmael_Michael_Cabrera,enet,0.26171875,-2.0459282398223877
Ishmael_Michael_Cabrera,enet,0.26953125,-2.001858711242676
Ishmael_Michael_Cabrera,enet,0.27734375,-1.9552558660507202
Ishmael_Michael_Cabrera,enet,0.28515625,-1.9060004949569702
Ishmael_Michael_Cabrera,enet,0.29296875,-1.853920340538025
Ishmael_Michael_Cabrera,enet,0.30078125,-1.7988364696502686
Ishmael_Michael_Cabrera,enet,0.30859375,-1.7406656742095947
Ishmael_Michael_Cabrera,enet,0.31640625,-1.6793767213821411
Ishmael_Michael_Cabrera,enet,0.32421875,-1.614953875541687
Ishmael_Michael_Cabrera,enet,0.33203125,-1.547365665435791
Ishmael_Michael_Cabrera,enet,0.33984375,-1.4764634370803833
Ishmael_Michael_Cabrera,enet,0.34765625,-1.4021347761154175
Ishmael_Michael_Cabrera,enet,0.35546875,-1.3243598937988281
Ishmael_Michael_Cabrera,enet,0.36328125,-1.243190050125122
Ishmael_Michael_Cabrera,enet,0.37109375,-1.158998966217041
Ishmael_Michael_Cabrera,enet,0.37890625,-1.0727014541625977
Ishmael_Michael_Cabrera,enet,0.38671875,-0.9857785701751709
Ishmael_Michael_Cabrera,enet,0.39453125,-0.9001778960227966
Ishmael_Michael_Cabrera,enet,0.40234375,-0.8176048398017883
Ishmael_Michael_Cabrera,enet,0.41015625,-0.7386442422866821
Ishmael_Michael_Cabrera,enet,0.41796875,-0.662771463394165
Ishmael_Michael_Cabrera,enet,0.42578125,-0.5890891551971436
Ishmael_Michael_Cabrera,enet,0.43359375,-0.5168418288230896
Ishmael_Michael_Cabrera,enet,0.44140625,-0.4453865587711334
Ishmael_Michael_Cabrera,enet,0.44921875,-0.3743935823440552
Ishmael_Michael_Cabrera,enet,0.45703125,-0.3048834502696991
Ishmael_Michael_Cabrera,enet,0.46484375,-0.23953033983707428
Ishmael_Michael_Cabrera,enet,0.47265625,-0.18149465322494507
Ishmael_Michael_Cabrera,enet,0.48046875,-0.13301438093185425
Ishmael_Michael_Cabrera,enet,0.48828125,-0.09461123496294022
Ishmael_Michael_Cabrera,enet,0.49609375,-0.06539620459079742
Ishmael_Michael_Cabrera,enet,0.50390625,-0.04418235272169113
Ishmael_Michael_Cabrera,enet,0.51171875,-0.02994856983423233
Ishmael_Michael_Cabrera,enet,0.51953125,-0.021667562425136566
Ishmael_Michael_Cabrera,enet,0.52734375,-0.01847260072827339
Ishmael_Michael_Cabrera,enet,0.53515625,-0.019925765693187714
Ishmael_Michael_Cabrera,enet,0.54296875,-0.02587563544511795
Ishmael_Michael_Cabrera,enet,0.55078125,-0.036186859011650085
Ishmael_Michael_Cabrera,enet,0.55859375,-0.0505688413977623
Ishmael_Michael_Cabrera,enet,0.56640625,-0.06864999234676361
Ishmael_Michael_Cabrera,enet,0.57421875,-0.09014397859573364
Ishmael_Michael_Cabrera,enet,0.58203125,-0.11496862769126892
Ishmael_Michael_Cabrera,enet,0.58984375,-0.1432492583990097
Ishmael_Michael_Cabrera,enet,0.59765625,-0.17506898939609528
Ishmael_Michael_Cabrera,enet,0.60546875,-0.2101418823003769
Ishmael_Michael_Cabrera,enet,0.61328125,-0.24779511988162994
Ishmael_Michael_Cabrera,enet,0.62109375,-0.28709876537323
Ishmael_Michael_Cabrera,enet,0.62890625,-0.3270418047904968
Ishmael_Michael_Cabrera,enet,0.63671875,-0.3667411208152771
Ishmael_Michael_Cabrera,enet,0.64453125,-0.4055614471435547
Ishmael_Michael_Cabrera,enet,0.65234375,-0.4430583715438843
Ishmael_Michael_Cabrera,enet,0.66015625,-0.47885486483573914
Ishmael_Michael_Cabrera,enet,0.66796875,-0.5125435590744019
Ishmael_Michael_Cabrera,enet,0.67578125,-0.5436559915542603
Ishmael_Michael_Cabrera,enet,0.68359375,-0.5716573596000671
Ishmael_Michael_Cabrera,enet,0.69140625,-0.5961196422576904
Ishmael_Michael_Cabrera,enet,0.69921875,-0.6168297529220581
Ishmael_Michael_Cabrera,enet,0.70703125,-0.6337129473686218
Ishmael_Michael_Cabrera,enet,0.71484375,-0.6468461751937866
Ishmael_Michael_Cabrera,enet,0.72265625,-0.6566731929779053
Ishmael_Michael_Cabrera,enet,0.73046875,-0.6640350222587585
Ishmael_Michael_Cabrera,enet,0.73828125,-0.6697435975074768
Ishmael_Michael_Cabrera,enet,0.74609375,-0.674264669418335
Ishmael_Michael_Cabrera,enet,0.75390625,-0.6778278350830078
Ishmael_Michael_Cabrera,enet,0.76171875,-0.6805037260055542
Ishmael_Michael_Cabrera,enet,0.76953125,-0.6823346018791199
Ishmael_Michael_Cabrera,enet,0.77734375,-0.6834734678268433
Ishmael_Michael_Cabrera,enet,0.78515625,-0.6841882467269897
Ishmael_Michael_Cabrera,enet,0.79296875,-0.6847062110900879
Ishmael_Michael_Cabrera,enet,0.80078125,-0.6851163506507874
Ishmael_Michael_Cabrera,enet,0.80859375,-0.6855217814445496
Ishmael_Michael_Cabrera,enet,0.81640625,-0.6864396333694458
Ishmael_Michael_Cabrera,enet,0.82421875,-0.6890462636947632
Ishmael_Michael_Cabrera,enet,0.83203125,-0.694743275642395
Ishmael_Michael_Cabrera,enet,0.83984375,-0.7042330503463745
Ishmael_Michael_Cabrera,enet,0.84765625,-0.7166052460670471
Ishmael_Michael_Cabrera,enet,0.85546875,-0.7310441136360168
Ishmael_Michael_Cabrera,enet,0.86328125,-0.7444742321968079
Ishmael_Michael_Cabrera,enet,0.87109375,-0.7546074986457825
Ishmael_Michael_Cabrera,enet,0.87890625,-0.7610580921173096
Ishmael_Michael_Cabrera,enet,0.88671875,-0.762872576713562
Ishmael_Michael_Cabrera,enet,0.89453125,-0.7594558596611023
Ishmael_Michael_Cabrera,enet,0.90234375,-0.7514126300811768
Ishmael_Michael_Cabrera,enet,0.91015625,-0.7400071620941162
Ishmael_Michael_Cabrera,enet,0.91796875,-0.7272200584411621
Ishmael_Michael_Cabrera,enet,0.92578125,-0.7152060270309448
Ishmael_Michael_Cabrera,enet,0.93359375,-0.7044084668159485
Ishmael_Michael_Cabrera,enet,0.94140625,-0.6964501142501831
Ishmael_Michael_Cabrera,enet,0.94921875,-0.6962636709213257
Ishmael_Michael_Cabrera,enet,0.95703125,-0.7047357559204102
Ishmael_Michael_Cabrera,enet,0.96484375,-0.7135500311851501
Ishmael_Michael_Cabrera,enet,0.97265625,-0.7200412154197693
Ishmael_Michael_Cabrera,enet,0.98046875,-0.7264354228973389
Ishmael_Michael_Cabrera,enet,0.98828125,-0.7305344343185425
Ishmael_Michael_Cabrera,enet,0.99609375,-0.7317541837692261
Ishmael_Michael_Cabrera,enet,1.0,-0.7333966493606567
James_Edward_Granton,ridge,0.0,4.499364852905273
James_Edward_Granton,ridge,0.00390625,4.498262405395508
James_Edward_Granton,ridge,0.01171875,4.4961137771606445
James_Edward_Granton,ridge,0.01953125,4.494227409362793
James_Edward_Granton,ridge,0.02734375,4.49250602722168
James_Edward_Granton,ridge,0.03515625,4.490777015686035
James_Edward_Granton,ridge,0.04296875,4.488986968994141
James_Edward_Granton,ridge,0.05078125,4.487123012542725
James_Edward_Granton,ridge,0.05859375,4.485198020935059
James_Edward_Granton,ridge,0.06640625,4.483282089233398
James_Edward_Granton,ridge,0.07421875,4.481391906738281
James_Edward_Granton,ridge,0.08203125,4.479477882385254
James_Edward_Granton,ridge,0.08984375,4.477488040924072
James_Edward_Granton,ridge,0.09765625,4.475384712219238
James_Edward_Granton,ridge,0.10546875,4.473103046417236
James_Edward_Granton,ridge,0.11328125,4.470534324645996
James_Edward_Granton,ridge,0.12109375,4.4675188064575195
James_Edward_Granton,ridge,0.12890625,4.463913440704346
James_Edward_Granton,ridge,0.13671875,4.4596123695373535
James_Edward_Granton,ridge,0.14453125,4.454441070556641
James_Edward_Granton,ridge,0.15234375,4.448054313659668
James_Edward_Granton,ridge,0.16015625,4.4401021003723145
James_Edward_Granton,ridge,0.16796875,4.4304680824279785
James_Edward_Granton,ridge,0.17578125,4.419146537780762
James_Edward_Granton,ridge,0.18359375,4.406008243560791
James_Edward_Granton,ridge,0.19140625,4.390851020812988
James_Edward_Granton,ridge,0.19921875,4.373455047607422
James_Edward_Granton,ridge,0.20703125,4.3537092208862305
James_Edward_Granton,ridge,0.21484375,4.331640720367432
James_Edward_Granton,ridge,0.22265625,4.307360649108887
James_Edward_Granton,ridge,0.23046875,4.280973434448242
James_Edward_Granton,ridge,0.23828125,4.252442359924316
James_Edward_Granton,ridge,0.24609375,4.221734046936035
James_Edward_Granton,ridge,0.25390625,4.189122200012207
James_Edward_Granton,ridge,0.26171875,4.15488338470459
James_Edward_Granton,ridge,0.26953125,4.119175910949707
James_Edward_Granton,ridge,0.27734375,4.082176208496094
James_Edward_Granton,ridge,0.28515625,4.044063568115234
James_Edward_Granton,ridge,0.29296875,4.00494384765625
James_Edward_Granton,ridge,0.30078125,3.9648032188415527
James_Edward_Granton,ridge,0.30859375,3.9236202239990234
James_Edward_Granton,ridge,0.31640625,3.881373882293701
James_Edward_Granton,ridge,0.32421875,3.837980270385742
James_Edward_Granton,ridge,0.33203125,3.793422222137451
James_Edward_Granton,ridge,0.33984375,3.747648000717163
James_Edward_Granton,ridge,0.34765625,3.7005434036254883
James_Edward_Granton,ridge,0.35546875,3.651794910430908
James_Edward_Granton,ridge,0.36328125,3.600961208343506
James_Edward_Granton,ridge,0.37109375,3.5478146076202393
James_Edward_Granton,ridge,0.37890625,3.49202823638916
James_Edward_Granton,ridge,0.38671875,3.433228015899658
James_Edward_Granton,ridge,0.39453125,3.371020793914795
James_Edward_Granton,ridge,0.40234375,3.3050460815429688
James_Edward_Granton,ridge,0.41015625,3.234708070755005
James_Edward_Granton,ridge,0.41796875,3.158991575241089
James_Edward_Granton,ridge,0.42578125,3.076406240463257
James_Edward_Granton,ridge,0.43359375,2.984415054321289
James_Edward_Granton,ridge,0.44140625,2.8785295486450195
James_Edward_Granton,ridge,0.44921875,2.751741886138916
James_Edward_Granton,ridge,0.45703125,2.595813035964966
James_Edward_Granton,ridge,0.46484375,2.4080893993377686
James_Edward_Granton,ridge,0.47265625,2.1976375579833984
James_Edward_Granton,ridge,0.48046875,1.9798781871795654
James_Edward_Granton,ridge,0.48828125,1.7677910327911377
James_Edward_Granton,ridge,0.49609375,1.568854570388794
James_Edward_Granton,ridge,0.50390625,1.3851523399353027
James_Edward_Granton,ridge,0.51171875,1.2156727313995361
James_Edward_Granton,ridge,0.51953125,1.059124231338501
James_Edward_Granton,ridge,0.52734375,0.9150727987289429
James_Edward_Granton,ridge,0.53515625,0.7835745215415955
James_Edward_Granton,ridge,0.54296875,0.6643595099449158
James_Edward_Granton,ridge,0.55078125,0.5571110844612122
James_Edward_Granton,ridge,0.55859375,0.46250754594802856
James_Edward_Granton,ridge,0.56640625,0.3813164532184601
James_Edward_Granton,ridge,0.57421875,0.312014102935791
James_Edward_Granton,ridge,0.58203125,0.250937283039093
James_Edward_Granton,ridge,0.58984375,0.19458821415901184
James_Edward_Granton,ridge,0.59765625,0.14082738757133484
James_Edward_Granton,ridge,0.60546875,0.08872967958450317
James_Edward_Granton,ridge,0.61328125,0.03816214203834534
James_Edward_Granton,ridge,0.62109375,-0.010399013757705688
James_Edward_Granton,ridge,0.62890625,-0.056216493248939514
James_Edward_Granton,ridge,0.63671875,-0.09872555732727051
James_Edward_Granton,ridge,0.64453125,-0.13769829273223877
James_Edward_Granton,ridge,0.65234375,-0.1733032763004303
James_Edward_Granton,ridge,0.66015625,-0.20610332489013672
James_Edward_Granton,ridge,0.66796875,-0.2367885708808899
James_Edward_Granton,ridge,0.67578125,-0.26576316356658936
James_Edward_Granton,ridge,0.68359375,-0.2931426465511322
James_Edward_Granton,ridge,0.69140625,-0.3190021514892578
James_Edward_Granton,ridge,0.69921875,-0.34353047609329224
James_Edward_Granton,ridge,0.70703125,-0.36702650785446167
James_Edward_Granton,ridge,0.71484375,-0.389856219291687
James_Edward_Granton,ridge,0.72265625,-0.41240158677101135
James_Edward_Granton,ridge,0.73046875,-0.43499964475631714
James_Edward_Granton,ridge,0.73828125,-0.45784851908683777
James_Edward_Granton,ridge,0.74609375,-0.48099610209465027
James_Edward_Granton,ridge,0.75390625,-0.5044617652893066
James_Edward_Granton,ridge,0.76171875,-0.5283679366111755
James_Edward_Granton,ridge,0.76953125,-0.5529095530509949
James_Edward_Granton,ridge,0.77734375,-0.5782217383384705
James_Edward_Granton,ridge,0.78515625,-0.6042869091033936
James_Edward_Granton,ridge,0.79296875,-0.6309671998023987
James_Edward_Granton,ridge,0.80078125,-0.6580454111099243
James_Edward_Granton,ridge,0.80859375,-0.6852277517318726
James_Edward_Granton,ridge,0.81640625,-0.7122029066085815
James_Edward_Granton,ridge,0.82421875,-0.7386252880096436
James_Edward_Granton,ridge,0.83203125,-0.7639397382736206
James_Edward_Granton,ridge,0.83984375,-0.7871171832084656
James_Edward_Granton,ridge,0.84765625,-0.8067619800567627
James_Edward_Granton,ridge,0.85546875,-0.822163462638855
James_Edward_Granton,ridge,0.86328125,-0.8347406387329102
James_Edward_Granton,ridge,0.87109375,-0.8475750088691711
James_Edward_Granton,ridge,0.87890625,-0.8628984093666077
James_Edward_Granton,ridge,0.88671875,-0.8810811042785645
James_Edward_Granton,ridge,0.89453125,-0.9002379775047302
James_Edward_Granton,ridge,0.90234375,-0.9200435876846313
James_Edward_Granton,ridge,0.91015625,-0.9439589977264404
James_Edward_Granton,ridge,0.91796875,-0.972376823425293
James_Edward_Granton,ridge,0.92578125,-1.0018224716186523
James_Edward_Granton,ridge,0.93359375,-1.0256469249725342
James_Edward_Granton,ridge,0.94140625,-1.039866328239441
James_Edward_Granton,ridge,0.94921875,-1.0427753925323486
James_Edward_Granton,ridge,0.95703125,-1.0338842868804932
James_Edward_Granton,ridge,0.96484375,-1.0276283025741577
James_Edward_Granton,ridge,0.97265625,-1.034289836883545
James_Edward_Granton,ridge,0.98046875,-1.050317645072937
James_Edward_Granton,ridge,0.98828125,-1.0754728317260742
James_Edward_Granton,ridge,0.99609375,-1.0901614427566528
James_Edward_Granton,ridge,1.0,-1.0908774137496948
James_Edward_Granton,enet,0.0,-1.0965445041656494
James_Edward_Granton,enet,0.00390625,-1.098818302154541
James_Edward_Granton,enet,0.01171875,-1.1034250259399414
James_Edward_Granton,enet,0.01953125,-1.1079106330871582
James_Edward_Granton,enet,0.02734375,-1.112365961074829
James_Edward_Granton,enet,0.03515625,-1.1170365810394287
James_Edward_Granton,enet,0.04296875,-1.1219000816345215
James_Edward_Granton,enet,0.05078125,-1.1267462968826294
James_Edward_Granton,enet,0.05859375,-1.1313703060150146
James_Edward_Granton,enet,0.06640625,-1.1355834007263184
James_Edward_Granton,enet,0.07421875,-1.13922119140625
James_Edward_Granton,enet,0.08203125,-1.1421427726745605
James_Edward_Granton,enet,0.08984375,-1.1442391872406006
James_Edward_Granton,enet,0.09765625,-1.1453919410705566
James_Edward_Granton,enet,0.10546875,-1.1454615592956543
James_Edward_Granton,enet,0.11328125,-1.1443583965301514
James_Edward_Granton,enet,0.12109375,-1.142076015472412
James_Edward_Granton,enet,0.12890625,-1.1386020183563232
James_Edward_Granton,enet,0.13671875,-1.1338496208190918
James_Edward_Granton,enet,0.14453125,-1.127748966217041
James_Edward_Granton,enet,0.15234375,-1.1204142570495605
James_Edward_Granton,enet,0.16015625,-1.1120407581329346
James_Edward_Granton,enet,0.16796875,-1.1027617454528809
James_Edward_Granton,enet,0.17578125,-1.0927120447158813
James_Edward_Granton,enet,0.18359375,-1.082088828086853
James_Edward_Granton,enet,0.19140625,-1.0711467266082764
James_Edward_Granton,enet,0.19921875,-1.0601755380630493
James_Edward_Granton,enet,0.20703125,-1.0493718385696411
James_Edward_Granton,enet,0.21484375,-1.038771390914917
James_Edward_Granton,enet,0.22265625,-1.0283138751983643
James_Edward_Granton,enet,0.23046875,-1.017975091934204
James_Edward_Granton,enet,0.23828125,-1.0078604221343994
James_Edward_Granton,enet,0.24609375,-0.9980600476264954
James_Edward_Granton,enet,0.25390625,-0.9885494112968445
James_Edward_Granton,enet,0.26171875,-0.9792670011520386
James_Edward_Granton,enet,0.26953125,-0.9701558947563171
James_Edward_Granton,enet,0.27734375,-0.9610312581062317
James_Edward_Granton,enet,0.28515625,-0.9516094326972961
James_Edward_Granton,enet,0.29296875,-0.9415777325630188
James_Edward_Granton,enet,0.30078125,-0.930607795715332
James_Edward_Granton,enet,0.30859375,-0.9182415008544922
James_Edward_Granton,enet,0.31640625,-0.9038861393928528
James_Edward_Granton,enet,0.32421875,-0.8868963122367859
James_Edward_Granton,enet,0.33203125,-0.8664091229438782
James_Edward_Granton,enet,0.33984375,-0.8414725065231323
James_Edward_Granton,enet,0.34765625,-0.8111594915390015
James_Edward_Granton,enet,0.35546875,-0.7747834324836731
James_Edward_Granton,enet,0.36328125,-0.7316900491714478
James_Edward_Granton,enet,0.37109375,-0.6805714964866638
James_Edward_Granton,enet,0.37890625,-0.6197953224182129
James_Edward_Granton,enet,0.38671875,-0.5473392009735107
James_Edward_Granton,enet,0.39453125,-0.46079206466674805
James_Edward_Granton,enet,0.40234375,-0.3575786352157593
James_Edward_Granton,enet,0.41015625,-0.23575319349765778
James_Edward_Granton,enet,0.41796875,-0.09465929865837097
James_Edward_Granton,enet,0.42578125,0.06420882046222687
James_Edward_Granton,enet,0.43359375,0.23616382479667664
James_Edward_Granton,enet,0.44140625,0.4121659994125366
James_Edward_Granton,enet,0.44921875,0.5771145820617676
James_Edward_Granton,enet,0.45703125,0.7105031609535217
James_Edward_Granton,enet,0.46484375,0.7966261506080627
James_Edward_Granton,enet,0.47265625,0.8365796804428101
James_Edward_Granton,enet,0.48046875,0.843829333782196
James_Edward_Granton,enet,0.48828125,0.8323705196380615
James_Edward_Granton,enet,0.49609375,0.8112374544143677
James_Edward_Granton,enet,0.50390625,0.7847046256065369
James_Edward_Granton,enet,0.51171875,0.7550931572914124
James_Edward_Granton,enet,0.51953125,0.7246361970901489
James_Edward_Granton,enet,0.52734375,0.6951862573623657
James_Edward_Granton,enet,0.53515625,0.6672648787498474
James_Edward_Granton,enet,0.54296875,0.6399263739585876
James_Edward_Granton,enet,0.55078125,0.6122304201126099
James_Edward_Granton,enet,0.55859375,0.5842584371566772
James_Edward_Granton,enet,0.56640625,0.5554685592651367
James_Edward_Granton,enet,0.57421875,0.5241999626159668
James_Edward_Granton,enet,0.58203125,0.48833686113357544
James_Edward_Granton,enet,0.58984375,0.44634515047073364
James_Edward_Granton,enet,0.59765625,0.39822807908058167
James_Edward_Granton,enet,0.60546875,0.34551331400871277
James_Edward_Granton,enet,0.61328125,0.2904260754585266
James_Edward_Granton,enet,0.62109375,0.23515717685222626
James_Edward_Granton,enet,0.62890625,0.18152451515197754
James_Edward_Granton,enet,0.63671875,0.1307540237903595
James_Edward_Granton,enet,0.64453125,0.08344736695289612
James_Edward_Granton,enet,0.65234375,0.03968576714396477
James_Edward_Granton,enet,0.66015625,-0.0009120553731918335
James_Edward_Granton,enet,0.66796875,-0.039123281836509705
James_Edward_Granton,enet,0.67578125,-0.07590711116790771
James_Edward_Granton,enet,0.68359375,-0.11189471185207367
James_Edward_Granton,enet,0.69140625,-0.1471184939146042
James_Edward_Granton,enet,0.69921875,-0.18137851357460022
James_Edward_Granton,enet,0.70703125,-0.21462656557559967
James_Edward_Granton,enet,0.71484375,-0.24713386595249176
James_Edward_Granton,enet,0.72265625,-0.2794615924358368
James_Edward_Granton,enet,0.73046875,-0.31228071451187134
James_Edward_Granton,enet,0.73828125,-0.34603065252304077
James_Edward_Granton,enet,0.74609375,-0.3806864023208618
James_Edward_Granton,enet,0.75390625,-0.41585731506347656
James_Edward_Granton,enet,0.76171875,-0.4510854482650757
James_Edward_Granton,enet,0.76953125,-0.4859884977340698
James_Edward_Granton,enet,0.77734375,-0.5201297998428345
James_Edward_Granton,enet,0.78515625,-0.5528206825256348
James_Edward_Granton,enet,0.79296875,-0.5831923484802246
James_Edward_Granton,enet,0.80078125,-0.6104813814163208
James_Edward_Granton,enet,0.80859375,-0.6342335939407349
James_Edward_Granton,enet,0.81640625,-0.6543230414390564
James_Edward_Granton,enet,0.82421875,-0.6707713603973389
James_Edward_Granton,enet,0.83203125,-0.6835451722145081
James_Edward_Granton,enet,0.83984375,-0.692577064037323
James_Edward_Granton,enet,0.84765625,-0.6982293128967285
James_Edward_Granton,enet,0.85546875,-0.7018716335296631
James_Edward_Granton,enet,0.86328125,-0.7053695917129517
James_Edward_Granton,enet,0.87109375,-0.709264874458313
James_Edward_Granton,enet,0.87890625,-0.7128816246986389
James_Edward_Granton,enet,0.88671875,-0.7147583365440369
James_Edward_Granton,enet,0.89453125,-0.7140265107154846
James_Edward_Granton,enet,0.90234375,-0.712614119052887
James_Edward_Granton,enet,0.91015625,-0.7153628468513489
James_Edward_Granton,enet,0.91796875,-0.723799467086792
James_Edward_Granton,enet,0.92578125,-0.7343865633010864
James_Edward_Granton,enet,0.93359375,-0.7390414476394653
James_Edward_Granton,enet,0.94140625,-0.732367753982544
James_Edward_Granton,enet,0.94921875,-0.7204300165176392
James_Edward_Granton,enet,0.95703125,-0.7109728455543518
James_Edward_Granton,enet,0.96484375,-0.7174084186553955
James_Edward_Granton,enet,0.97265625,-0.7398918271064758
James_Edward_Granton,enet,0.98046875,-0.7883719801902771
James_Edward_Granton,enet,0.98828125,-0.8441111445426941
James_Edward_Granton,enet,0.99609375,-0.8712990880012512
James_Edward_Granton,enet,1.0,-0.8768724799156189
James_Landon_Galway,ridge,0.0,4.710513114929199
James_Landon_Galway,ridge,0.00390625,4.70762300491333
James_Landon_Galway,ridge,0.01171875,4.701572418212891
James_Landon_Galway,ridge,0.01953125,4.695342063903809
James_Landon_Galway,ridge,0.02734375,4.688875198364258
James_Landon_Galway,ridge,0.03515625,4.682395935058594
James_Landon_Galway,ridge,0.04296875,4.676143169403076
James_Landon_Galway,ridge,0.05078125,4.670204162597656
James_Landon_Galway,ridge,0.05859375,4.6646647453308105
James_Landon_Galway,ridge,0.06640625,4.65968132019043
James_Landon_Galway,ridge,0.07421875,4.655185699462891
James_Landon_Galway,ridge,0.08203125,4.651057720184326
James_Landon_Galway,ridge,0.08984375,4.647357940673828
James_Landon_Galway,ridge,0.09765625,4.644189357757568
James_Landon_Galway,ridge,0.10546875,4.641596794128418
James_Landon_Galway,ridge,0.11328125,4.639562606811523
James_Landon_Galway,ridge,0.12109375,4.638042449951172
James_Landon_Galway,ridge,0.12890625,4.636998176574707
James_Landon_Galway,ridge,0.13671875,4.6365461349487305
James_Landon_Galway,ridge,0.14453125,4.636747360229492
James_Landon_Galway,ridge,0.15234375,4.63737154006958
James_Landon_Galway,ridge,0.16015625,4.638211727142334
James_Landon_Galway,ridge,0.16796875,4.6391706466674805
James_Landon_Galway,ridge,0.17578125,4.640080451965332
James_Landon_Galway,ridge,0.18359375,4.640651226043701
James_Landon_Galway,ridge,0.19140625,4.6406073570251465
James_Landon_Galway,ridge,0.19921875,4.63977575302124
James_Landon_Galway,ridge,0.20703125,4.637988567352295
James_Landon_Galway,ridge,0.21484375,4.635053634643555
James_Landon_Galway,ridge,0.22265625,4.630725860595703
James_Landon_Galway,ridge,0.23046875,4.62476110458374
James_Landon_Galway,ridge,0.23828125,4.617053031921387
James_Landon_Galway,ridge,0.24609375,4.607666969299316
James_Landon_Galway,ridge,0.25390625,4.5969038009643555
James_Landon_Galway,ridge,0.26171875,4.58521842956543
James_Landon_Galway,ridge,0.26953125,4.573294639587402
James_Landon_Galway,ridge,0.27734375,4.562033653259277
James_Landon_Galway,ridge,0.28515625,4.552329063415527
James_Landon_Galway,ridge,0.29296875,4.5448503494262695
James_Landon_Galway,ridge,0.30078125,4.540020942687988
James_Landon_Galway,ridge,0.30859375,4.538005828857422
James_Landon_Galway,ridge,0.31640625,4.53859806060791
James_Landon_Galway,ridge,0.32421875,4.540975570678711
James_Landon_Galway,ridge,0.33203125,4.5436482429504395
James_Landon_Galway,ridge,0.33984375,4.544803619384766
James_Landon_Galway,ridge,0.34765625,4.542715072631836
James_Landon_Galway,ridge,0.35546875,4.535515308380127
James_Landon_Galway,ridge,0.36328125,4.521088600158691
James_Landon_Galway,ridge,0.37109375,4.4972968101501465
James_Landon_Galway,ridge,0.37890625,4.4616923332214355
James_Landon_Galway,ridge,0.38671875,4.411081314086914
James_Landon_Galway,ridge,0.39453125,4.342464923858643
James_Landon_Galway,ridge,0.40234375,4.254918098449707
James_Landon_Galway,ridge,0.41015625,4.150557518005371
James_Landon_Galway,ridge,0.41796875,4.0338969230651855
James_Landon_Galway,ridge,0.42578125,3.9105701446533203
James_Landon_Galway,ridge,0.43359375,3.785907030105591
James_Landon_Galway,ridge,0.44140625,3.663963794708252
James_Landon_Galway,ridge,0.44921875,3.5471420288085938
James_Landon_Galway,ridge,0.45703125,3.436262607574463
James_Landon_Galway,ridge,0.46484375,3.3311080932617188
James_Landon_Galway,ridge,0.47265625,3.231046199798584
James_Landon_Galway,ridge,0.48046875,3.135554075241089
James_Landon_Galway,ridge,0.48828125,3.044369697570801
James_Landon_Galway,ridge,0.49609375,2.9573121070861816
James_Landon_Galway,ridge,0.50390625,2.8740134239196777
James_Landon_Galway,ridge,0.51171875,2.793872356414795
James_Landon_Galway,ridge,0.51953125,2.7160940170288086
James_Landon_Galway,ridge,0.52734375,2.639806032180786
James_Landon_Galway,ridge,0.53515625,2.5642786026000977
James_Landon_Galway,ridge,0.54296875,2.489150047302246
James_Landon_Galway,ridge,0.55078125,2.4149117469787598
James_Landon_Galway,ridge,0.55859375,2.3429856300354004
James_Landon_Galway,ridge,0.56640625,2.2749998569488525
James_Landon_Galway,ridge,0.57421875,2.212244987487793
James_Landon_Galway,ridge,0.58203125,2.1555447578430176
James_Landon_Galway,ridge,0.58984375,2.104997158050537
James_Landon_Galway,ridge,0.59765625,2.059677839279175
James_Landon_Galway,ridge,0.60546875,2.017751932144165
James_Landon_Galway,ridge,0.61328125,1.977074384689331
James_Landon_Galway,ridge,0.62109375,1.9358936548233032
James_Landon_Galway,ridge,0.62890625,1.8933072090148926
James_Landon_Galway,ridge,0.63671875,1.8492968082427979
James_Landon_Galway,ridge,0.64453125,1.8046598434448242
James_Landon_Galway,ridge,0.65234375,1.7607779502868652
James_Landon_Galway,ridge,0.66015625,1.7191805839538574
James_Landon_Galway,ridge,0.66796875,1.6810433864593506
James_Landon_Galway,ridge,0.67578125,1.6469299793243408
James_Landon_Galway,ridge,0.68359375,1.6167969703674316
James_Landon_Galway,ridge,0.69140625,1.5901097059249878
James_Landon_Galway,ridge,0.69921875,1.5660696029663086
James_Landon_Galway,ridge,0.70703125,1.5439151525497437
James_Landon_Galway,ridge,0.71484375,1.5229861736297607
James_Landon_Galway,ridge,0.72265625,1.5028533935546875
James_Landon_Galway,ridge,0.73046875,1.483532428741455
James_Landon_Galway,ridge,0.73828125,1.4653164148330688
James_Landon_Galway,ridge,0.74609375,1.4485111236572266
James_Landon_Galway,ridge,0.75390625,1.4332809448242188
James_Landon_Galway,ridge,0.76171875,1.4194307327270508
James_Landon_Galway,ridge,0.76953125,1.4063738584518433
James_Landon_Galway,ridge,0.77734375,1.3937053680419922
James_Landon_Galway,ridge,0.78515625,1.3814723491668701
James_Landon_Galway,ridge,0.79296875,1.3698188066482544
James_Landon_Galway,ridge,0.80078125,1.35870361328125
James_Landon_Galway,ridge,0.80859375,1.3478652238845825
James_Landon_Galway,ridge,0.81640625,1.3392760753631592
James_Landon_Galway,ridge,0.82421875,1.3344227075576782
James_Landon_Galway,ridge,0.83203125,1.3333369493484497
James_Landon_Galway,ridge,0.83984375,1.3359274864196777
James_Landon_Galway,ridge,0.84765625,1.3418623208999634
James_Landon_Galway,ridge,0.85546875,1.3506743907928467
James_Landon_Galway,ridge,0.86328125,1.3618078231811523
James_Landon_Galway,ridge,0.87109375,1.3745893239974976
James_Landon_Galway,ridge,0.87890625,1.388502836227417
James_Landon_Galway,ridge,0.88671875,1.4038872718811035
James_Landon_Galway,ridge,0.89453125,1.422112226486206
James_Landon_Galway,ridge,0.90234375,1.4434860944747925
James_Landon_Galway,ridge,0.91015625,1.4636268615722656
James_Landon_Galway,ridge,0.91796875,1.4783884286880493
James_Landon_Galway,ridge,0.92578125,1.4847712516784668
James_Landon_Galway,ridge,0.93359375,1.4818425178527832
James_Landon_Galway,ridge,0.94140625,1.4705533981323242
James_Landon_Galway,ridge,0.94921875,1.4567869901657104
James_Landon_Galway,ridge,0.95703125,1.4417535066604614
James_Landon_Galway,ridge,0.96484375,1.4240707159042358
James_Landon_Galway,ridge,0.97265625,1.40525221824646
James_Landon_Galway,ridge,0.98046875,1.3848892450332642
James_Landon_Galway,ridge,0.98828125,1.3611884117126465
James_Landon_Galway,ridge,0.99609375,1.3350919485092163
James_Landon_Galway,ridge,1.0,1.32869553565979
James_Landon_Galway,enet,0.0,-0.7129949331283569
James_Landon_Galway,enet,0.00390625,-0.7165139317512512
James_Landon_Galway,enet,0.01171875,-0.723905622959137
James_Landon_Galway,enet,0.01953125,-0.7315677404403687
James_Landon_Galway,enet,0.02734375,-0.7395486235618591
James_Landon_Galway,enet,0.03515625,-0.7474607229232788
James_Landon_Galway,enet,0.04296875,-0.7549958229064941
James_Landon_Galway,enet,0.05078125,-0.761956512928009
James_Landon_Galway,enet,0.05859375,-0.768123984336853
James_Landon_Galway,enet,0.06640625,-0.7732426524162292
James_Landon_Galway,enet,0.07421875,-0.7772694826126099
James_Landon_Galway,enet,0.08203125,-0.780178427696228
James_Landon_Galway,enet,0.08984375,-0.7817237377166748
James_Landon_Galway,enet,0.09765625,-0.781610369682312
James_Landon_Galway,enet,0.10546875,-0.7795889973640442
James_Landon_Galway,enet,0.11328125,-0.7754499912261963
James_Landon_Galway,enet,0.12109375,-0.768971860408783
James_Landon_Galway,enet,0.12890625,-0.7599090337753296
James_Landon_Galway,enet,0.13671875,-0.7478993535041809
James_Landon_Galway,enet,0.14453125,-0.7327194809913635
James_Landon_Galway,enet,0.15234375,-0.7144975066184998
James_Landon_Galway,enet,0.16015625,-0.6934237480163574
James_Landon_Galway,enet,0.16796875,-0.6695927381515503
James_Landon_Galway,enet,0.17578125,-0.643178403377533
James_Landon_Galway,enet,0.18359375,-0.6144436597824097
James_Landon_Galway,enet,0.19140625,-0.5835775136947632
James_Landon_Galway,enet,0.19921875,-0.5506173372268677
James_Landon_Galway,enet,0.20703125,-0.5156649947166443
James_Landon_Galway,enet,0.21484375,-0.47893986105918884
James_Landon_Galway,enet,0.22265625,-0.4407252073287964
James_Landon_Galway,enet,0.23046875,-0.4012865424156189
James_Landon_Galway,enet,0.23828125,-0.36075669527053833
James_Landon_Galway,enet,0.24609375,-0.31915614008903503
James_Landon_Galway,enet,0.25390625,-0.27643662691116333
James_Landon_Galway,enet,0.26171875,-0.232466459274292
James_Landon_Galway,enet,0.26953125,-0.1868109107017517
James_Landon_Galway,enet,0.27734375,-0.1385962963104248
James_Landon_Galway,enet,0.28515625,-0.08655190467834473
James_Landon_Galway,enet,0.29296875,-0.029138237237930298
James_Landon_Galway,enet,0.30078125,0.035345375537872314
James_Landon_Galway,enet,0.30859375,0.10858641564846039
James_Landon_Galway,enet,0.31640625,0.19191667437553406
James_Landon_Galway,enet,0.32421875,0.2859655022621155
James_Landon_Galway,enet,0.33203125,0.3907594382762909
James_Landon_Galway,enet,0.33984375,0.5061856508255005
James_Landon_Galway,enet,0.34765625,0.632015585899353
James_Landon_Galway,enet,0.35546875,0.7670559883117676
James_Landon_Galway,enet,0.36328125,0.9081417322158813
James_Landon_Galway,enet,0.37109375,1.0496736764907837
James_Landon_Galway,enet,0.37890625,1.1840014457702637
James_Landon_Galway,enet,0.38671875,1.3030133247375488
James_Landon_Galway,enet,0.39453125,1.400679111480713
James_Landon_Galway,enet,0.40234375,1.4749141931533813
James_Landon_Galway,enet,0.41015625,1.5272389650344849
James_Landon_Galway,enet,0.41796875,1.5608760118484497
James_Landon_Galway,enet,0.42578125,1.5794023275375366
James_Landon_Galway,enet,0.43359375,1.5860543251037598
James_Landon_Galway,enet,0.44140625,1.5833117961883545
James_Landon_Galway,enet,0.44921875,1.5729725360870361
James_Landon_Galway,enet,0.45703125,1.5566295385360718
James_Landon_Galway,enet,0.46484375,1.536268949508667
James_Landon_Galway,enet,0.47265625,1.5141406059265137
James_Landon_Galway,enet,0.48046875,1.4916332960128784
James_Landon_Galway,enet,0.48828125,1.4686076641082764
James_Landon_Galway,enet,0.49609375,1.4439231157302856
James_Landon_Galway,enet,0.50390625,1.4161365032196045
James_Landon_Galway,enet,0.51171875,1.3838216066360474
James_Landon_Galway,enet,0.51953125,1.34590744972229
James_Landon_Galway,enet,0.52734375,1.3018499612808228
James_Landon_Galway,enet,0.53515625,1.2516227960586548
James_Landon_Galway,enet,0.54296875,1.1962924003601074
James_Landon_Galway,enet,0.55078125,1.1388375759124756
James_Landon_Galway,enet,0.55859375,1.0829373598098755
James_Landon_Galway,enet,0.56640625,1.030801773071289
James_Landon_Galway,enet,0.57421875,0.9830480217933655
James_Landon_Galway,enet,0.58203125,0.939766526222229
James_Landon_Galway,enet,0.58984375,0.9010930061340332
James_Landon_Galway,enet,0.59765625,0.8671213984489441
James_Landon_Galway,enet,0.60546875,0.8374936580657959
James_Landon_Galway,enet,0.61328125,0.8112742900848389
James_Landon_Galway,enet,0.62109375,0.787106454372406
James_Landon_Galway,enet,0.62890625,0.7636114954948425
James_Landon_Galway,enet,0.63671875,0.7399413585662842
James_Landon_Galway,enet,0.64453125,0.7161862850189209
James_Landon_Galway,enet,0.65234375,0.6933009624481201
James_Landon_Galway,enet,0.66015625,0.6725040078163147
James_Landon_Galway,enet,0.66796875,0.6546534299850464
James_Landon_Galway,enet,0.67578125,0.63997882604599
James_Landon_Galway,enet,0.68359375,0.6282589435577393
James_Landon_Galway,enet,0.69140625,0.6192137002944946
James_Landon_Galway,enet,0.69921875,0.6127358675003052
James_Landon_Galway,enet,0.70703125,0.6087545156478882
James_Landon_Galway,enet,0.71484375,0.6068218350410461
James_Landon_Galway,enet,0.72265625,0.6061822772026062
James_Landon_Galway,enet,0.73046875,0.606372058391571
James_Landon_Galway,enet,0.73828125,0.6073091626167297
James_Landon_Galway,enet,0.74609375,0.6089215874671936
James_Landon_Galway,enet,0.75390625,0.6109581589698792
James_Landon_Galway,enet,0.76171875,0.6128426194190979
James_Landon_Galway,enet,0.76953125,0.6136772036552429
James_Landon_Galway,enet,0.77734375,0.6129581928253174
James_Landon_Galway,enet,0.78515625,0.6108356714248657
James_Landon_Galway,enet,0.79296875,0.6074560284614563
James_Landon_Galway,enet,0.80078125,0.6025390028953552
James_Landon_Galway,enet,0.80859375,0.5958030223846436
James_Landon_Galway,enet,0.81640625,0.5897488594055176
James_Landon_Galway,enet,0.82421875,0.5854998230934143
James_Landon_Galway,enet,0.83203125,0.5825597047805786
James_Landon_Galway,enet,0.83984375,0.5802604556083679
James_Landon_Galway,enet,0.84765625,0.5779545903205872
James_Landon_Galway,enet,0.85546875,0.5751203894615173
James_Landon_Galway,enet,0.86328125,0.5714354515075684
James_Landon_Galway,enet,0.87109375,0.566831648349762
James_Landon_Galway,enet,0.87890625,0.5618396997451782
James_Landon_Galway,enet,0.88671875,0.5581188797950745
James_Landon_Galway,enet,0.89453125,0.5576752424240112
James_Landon_Galway,enet,0.90234375,0.5601394176483154
James_Landon_Galway,enet,0.91015625,0.5612508654594421
James_Landon_Galway,enet,0.91796875,0.5590955018997192
James_Landon_Galway,enet,0.92578125,0.5525234341621399
James_Landon_Galway,enet,0.93359375,0.5434126257896423
James_Landon_Galway,enet,0.94140625,0.5333828926086426
James_Landon_Galway,enet,0.94921875,0.5294240713119507
James_Landon_Galway,enet,0.95703125,0.5325230360031128
James_Landon_Galway,enet,0.96484375,0.5375577807426453
James_Landon_Galway,enet,0.97265625,0.5406140089035034
James_Landon_Galway,enet,0.98046875,0.540192723274231
James_Landon_Galway,enet,0.98828125,0.5339128971099854
James_Landon_Galway,enet,0.99609375,0.5288259387016296
James_Landon_Galway,enet,1.0,0.5309526324272156
Jason_Fan_Yew,ridge,0.0,6.8960862159729
Jason_Fan_Yew,ridge,0.00390625,6.896561145782471
Jason_Fan_Yew,ridge,0.01171875,6.897302627563477
Jason_Fan_Yew,ridge,0.01953125,6.897963523864746
Jason_Fan_Yew,ridge,0.02734375,6.898804187774658
Jason_Fan_Yew,ridge,0.03515625,6.899964332580566
Jason_Fan_Yew,ridge,0.04296875,6.901446342468262
Jason_Fan_Yew,ridge,0.05078125,6.903199672698975
Jason_Fan_Yew,ridge,0.05859375,6.90513277053833
Jason_Fan_Yew,ridge,0.06640625,6.907061576843262
Jason_Fan_Yew,ridge,0.07421875,6.908817291259766
Jason_Fan_Yew,ridge,0.08203125,6.910364151000977
Jason_Fan_Yew,ridge,0.08984375,6.9118733406066895
Jason_Fan_Yew,ridge,0.09765625,6.913565635681152
Jason_Fan_Yew,ridge,0.10546875,6.915469169616699
Jason_Fan_Yew,ridge,0.11328125,6.917448043823242
Jason_Fan_Yew,ridge,0.12109375,6.919161796569824
Jason_Fan_Yew,ridge,0.12890625,6.920210361480713
Jason_Fan_Yew,ridge,0.13671875,6.920257568359375
Jason_Fan_Yew,ridge,0.14453125,6.919224262237549
Jason_Fan_Yew,ridge,0.15234375,6.917268753051758
Jason_Fan_Yew,ridge,0.16015625,6.9142656326293945
Jason_Fan_Yew,ridge,0.16796875,6.909933567047119
Jason_Fan_Yew,ridge,0.17578125,6.9043803215026855
Jason_Fan_Yew,ridge,0.18359375,6.897683143615723
Jason_Fan_Yew,ridge,0.19140625,6.890084743499756
Jason_Fan_Yew,ridge,0.19921875,6.881649971008301
Jason_Fan_Yew,ridge,0.20703125,6.872477054595947
Jason_Fan_Yew,ridge,0.21484375,6.862209796905518
Jason_Fan_Yew,ridge,0.22265625,6.850200653076172
Jason_Fan_Yew,ridge,0.23046875,6.835926055908203
Jason_Fan_Yew,ridge,0.23828125,6.818943023681641
Jason_Fan_Yew,ridge,0.24609375,6.798612117767334
Jason_Fan_Yew,ridge,0.25390625,6.774656295776367
Jason_Fan_Yew,ridge,0.26171875,6.747649192810059
Jason_Fan_Yew,ridge,0.26953125,6.717220783233643
Jason_Fan_Yew,ridge,0.27734375,6.6819305419921875
Jason_Fan_Yew,ridge,0.28515625,6.6402058601379395
Jason_Fan_Yew,ridge,0.29296875,6.590616226196289
Jason_Fan_Yew,ridge,0.30078125,6.531871795654297
Jason_Fan_Yew,ridge,0.30859375,6.462772846221924
Jason_Fan_Yew,ridge,0.31640625,6.382248878479004
Jason_Fan_Yew,ridge,0.32421875,6.2896623611450195
Jason_Fan_Yew,ridge,0.33203125,6.184959411621094
Jason_Fan_Yew,ridge,0.33984375,6.068868637084961
Jason_Fan_Yew,ridge,0.34765625,5.9416961669921875
Jason_Fan_Yew,ridge,0.35546875,5.802732467651367
Jason_Fan_Yew,ridge,0.36328125,5.651680946350098
Jason_Fan_Yew,ridge,0.37109375,5.487584590911865
Jason_Fan_Yew,ridge,0.37890625,5.309321403503418
Jason_Fan_Yew,ridge,0.38671875,5.1163434982299805
Jason_Fan_Yew,ridge,0.39453125,4.906341075897217
Jason_Fan_Yew,ridge,0.40234375,4.6770477294921875
Jason_Fan_Yew,ridge,0.41015625,4.42790412902832
Jason_Fan_Yew,ridge,0.41796875,4.160565376281738
Jason_Fan_Yew,ridge,0.42578125,3.8794138431549072
Jason_Fan_Yew,ridge,0.43359375,3.591731548309326
Jason_Fan_Yew,ridge,0.44140625,3.306473731994629
Jason_Fan_Yew,ridge,0.44921875,3.0318121910095215
Jason_Fan_Yew,ridge,0.45703125,2.772599697113037
Jason_Fan_Yew,ridge,0.46484375,2.5300397872924805
Jason_Fan_Yew,ridge,0.47265625,2.303438186645508
Jason_Fan_Yew,ridge,0.48046875,2.0917444229125977
Jason_Fan_Yew,ridge,0.48828125,1.894225835800171
Jason_Fan_Yew,ridge,0.49609375,1.7108497619628906
Jason_Fan_Yew,ridge,0.50390625,1.5420758724212646
Jason_Fan_Yew,ridge,0.51171875,1.3872673511505127
Jason_Fan_Yew,ridge,0.51953125,1.245349407196045
Jason_Fan_Yew,ridge,0.52734375,1.1168782711029053
Jason_Fan_Yew,ridge,0.53515625,1.0014053583145142
Jason_Fan_Yew,ridge,0.54296875,0.8974382877349854
Jason_Fan_Yew,ridge,0.55078125,0.8040461540222168
Jason_Fan_Yew,ridge,0.55859375,0.7207156419754028
Jason_Fan_Yew,ridge,0.56640625,0.6465946435928345
Jason_Fan_Yew,ridge,0.57421875,0.5803704261779785
Jason_Fan_Yew,ridge,0.58203125,0.5202910900115967
Jason_Fan_Yew,ridge,0.58984375,0.4649193584918976
Jason_Fan_Yew,ridge,0.59765625,0.4127380847930908
Jason_Fan_Yew,ridge,0.60546875,0.36275243759155273
Jason_Fan_Yew,ridge,0.61328125,0.31554126739501953
Jason_Fan_Yew,ridge,0.62109375,0.2724863886833191
Jason_Fan_Yew,ridge,0.62890625,0.23457258939743042
Jason_Fan_Yew,ridge,0.63671875,0.20181676745414734
Jason_Fan_Yew,ridge,0.64453125,0.1751166582107544
Jason_Fan_Yew,ridge,0.65234375,0.15399004518985748
Jason_Fan_Yew,ridge,0.66015625,0.13762736320495605
Jason_Fan_Yew,ridge,0.66796875,0.125723198056221
Jason_Fan_Yew,ridge,0.67578125,0.11907106637954712
Jason_Fan_Yew,ridge,0.68359375,0.11662306636571884
Jason_Fan_Yew,ridge,0.69140625,0.11709391325712204
Jason_Fan_Yew,ridge,0.69921875,0.12038218975067139
Jason_Fan_Yew,ridge,0.70703125,0.1261172592639923
Jason_Fan_Yew,ridge,0.71484375,0.13359186053276062
Jason_Fan_Yew,ridge,0.72265625,0.1423076093196869
Jason_Fan_Yew,ridge,0.73046875,0.15185946226119995
Jason_Fan_Yew,ridge,0.73828125,0.16129815578460693
Jason_Fan_Yew,ridge,0.74609375,0.1699984073638916
Jason_Fan_Yew,ridge,0.75390625,0.17771537601947784
Jason_Fan_Yew,ridge,0.76171875,0.18406915664672852
Jason_Fan_Yew,ridge,0.76953125,0.1886495053768158
Jason_Fan_Yew,ridge,0.77734375,0.19147352874279022
Jason_Fan_Yew,ridge,0.78515625,0.1934247761964798
Jason_Fan_Yew,ridge,0.79296875,0.1944255232810974
Jason_Fan_Yew,ridge,0.80078125,0.19308549165725708
Jason_Fan_Yew,ridge,0.80859375,0.1907031089067459
Jason_Fan_Yew,ridge,0.81640625,0.1872255802154541
Jason_Fan_Yew,ridge,0.82421875,0.1816103160381317
Jason_Fan_Yew,ridge,0.83203125,0.17399181425571442
Jason_Fan_Yew,ridge,0.83984375,0.16534081101417542
Jason_Fan_Yew,ridge,0.84765625,0.1557253748178482
Jason_Fan_Yew,ridge,0.85546875,0.1453850418329239
Jason_Fan_Yew,ridge,0.86328125,0.13521727919578552
Jason_Fan_Yew,ridge,0.87109375,0.12538206577301025
Jason_Fan_Yew,ridge,0.87890625,0.11600291728973389
Jason_Fan_Yew,ridge,0.88671875,0.10837527364492416
Jason_Fan_Yew,ridge,0.89453125,0.10201986879110336
Jason_Fan_Yew,ridge,0.90234375,0.09504768997430801
Jason_Fan_Yew,ridge,0.91015625,0.0869913399219513
Jason_Fan_Yew,ridge,0.91796875,0.07767985016107559
Jason_Fan_Yew,ridge,0.92578125,0.06843551993370056
Jason_Fan_Yew,ridge,0.93359375,0.06336354464292526
Jason_Fan_Yew,ridge,0.94140625,0.06082414090633392
Jason_Fan_Yew,ridge,0.94921875,0.05773475766181946
Jason_Fan_Yew,ridge,0.95703125,0.05322423204779625
Jason_Fan_Yew,ridge,0.96484375,0.047628000378608704
Jason_Fan_Yew,ridge,0.97265625,0.041314974427223206
Jason_Fan_Yew,ridge,0.98046875,0.03442728891968727
Jason_Fan_Yew,ridge,0.98828125,0.028360920026898384
Jason_Fan_Yew,ridge,0.99609375,0.024986615404486656
Jason_Fan_Yew,ridge,1.0,0.023762257769703865
Jason_Fan_Yew,enet,0.0,0.7911670804023743
Jason_Fan_Yew,enet,0.00390625,0.7888592481613159
Jason_Fan_Yew,enet,0.01171875,0.784080982208252
Jason_Fan_Yew,enet,0.01953125,0.7793823480606079
Jason_Fan_Yew,enet,0.02734375,0.7750768661499023
Jason_Fan_Yew,enet,0.03515625,0.7713254690170288
Jason_Fan_Yew,enet,0.04296875,0.7681596279144287
Jason_Fan_Yew,enet,0.05078125,0.765568733215332
Jason_Fan_Yew,enet,0.05859375,0.7635476589202881
Jason_Fan_Yew,enet,0.06640625,0.7620657086372375
Jason_Fan_Yew,enet,0.07421875,0.7610965967178345
Jason_Fan_Yew,enet,0.08203125,0.760733962059021
Jason_Fan_Yew,enet,0.08984375,0.7612797021865845
Jason_Fan_Yew,enet,0.09765625,0.7630705833435059
Jason_Fan_Yew,enet,0.10546875,0.7662382125854492
Jason_Fan_Yew,enet,0.11328125,0.7706931829452515
Jason_Fan_Yew,enet,0.12109375,0.7760368585586548
Jason_Fan_Yew,enet,0.12890625,0.7820094227790833
Jason_Fan_Yew,enet,0.13671875,0.7884537577629089
Jason_Fan_Yew,enet,0.14453125,0.7954562902450562
Jason_Fan_Yew,enet,0.15234375,0.8034157752990723
Jason_Fan_Yew,enet,0.16015625,0.8124121427536011
Jason_Fan_Yew,enet,0.16796875,0.8223555088043213
Jason_Fan_Yew,enet,0.17578125,0.8331669569015503
Jason_Fan_Yew,enet,0.18359375,0.844964861869812
Jason_Fan_Yew,enet,0.19140625,0.8582284450531006
Jason_Fan_Yew,enet,0.19921875,0.8732686042785645
Jason_Fan_Yew,enet,0.20703125,0.8902868032455444
Jason_Fan_Yew,enet,0.21484375,0.9090274572372437
Jason_Fan_Yew,enet,0.22265625,0.9290727376937866
Jason_Fan_Yew,enet,0.23046875,0.9502546787261963
Jason_Fan_Yew,enet,0.23828125,0.9728201031684875
Jason_Fan_Yew,enet,0.24609375,0.9971503615379333
Jason_Fan_Yew,enet,0.25390625,1.0234979391098022
Jason_Fan_Yew,enet,0.26171875,1.0513484477996826
Jason_Fan_Yew,enet,0.26953125,1.0797088146209717
Jason_Fan_Yew,enet,0.27734375,1.1085095405578613
Jason_Fan_Yew,enet,0.28515625,1.1378021240234375
Jason_Fan_Yew,enet,0.29296875,1.1674891710281372
Jason_Fan_Yew,enet,0.30078125,1.1974695920944214
Jason_Fan_Yew,enet,0.30859375,1.227701187133789
Jason_Fan_Yew,enet,0.31640625,1.258096694946289
Jason_Fan_Yew,enet,0.32421875,1.2887767553329468
Jason_Fan_Yew,enet,0.33203125,1.3204751014709473
Jason_Fan_Yew,enet,0.33984375,1.354185938835144
Jason_Fan_Yew,enet,0.34765625,1.3903294801712036
Jason_Fan_Yew,enet,0.35546875,1.429176688194275
Jason_Fan_Yew,enet,0.36328125,1.471432089805603
Jason_Fan_Yew,enet,0.37109375,1.518136978149414
Jason_Fan_Yew,enet,0.37890625,1.5710419416427612
Jason_Fan_Yew,enet,0.38671875,1.6317381858825684
Jason_Fan_Yew,enet,0.39453125,1.700090765953064
Jason_Fan_Yew,enet,0.40234375,1.7741221189498901
Jason_Fan_Yew,enet,0.41015625,1.849395990371704
Jason_Fan_Yew,enet,0.41796875,1.9195642471313477
Jason_Fan_Yew,enet,0.42578125,1.9773621559143066
Jason_Fan_Yew,enet,0.43359375,2.015653371810913
Jason_Fan_Yew,enet,0.44140625,2.0305089950561523
Jason_Fan_Yew,enet,0.44921875,2.0236918926239014
Jason_Fan_Yew,enet,0.45703125,2.0000863075256348
Jason_Fan_Yew,enet,0.46484375,1.9631755352020264
Jason_Fan_Yew,enet,0.47265625,1.9139318466186523
Jason_Fan_Yew,enet,0.48046875,1.8516905307769775
Jason_Fan_Yew,enet,0.48828125,1.77529776096344
Jason_Fan_Yew,enet,0.49609375,1.6837743520736694
Jason_Fan_Yew,enet,0.50390625,1.577075719833374
Jason_Fan_Yew,enet,0.51171875,1.4559228420257568
Jason_Fan_Yew,enet,0.51953125,1.3225247859954834
Jason_Fan_Yew,enet,0.52734375,1.1822184324264526
Jason_Fan_Yew,enet,0.53515625,1.0405136346817017
Jason_Fan_Yew,enet,0.54296875,0.901861310005188
Jason_Fan_Yew,enet,0.55078125,0.7707440853118896
Jason_Fan_Yew,enet,0.55859375,0.6515302062034607
Jason_Fan_Yew,enet,0.56640625,0.5473993420600891
Jason_Fan_Yew,enet,0.57421875,0.45950037240982056
Jason_Fan_Yew,enet,0.58203125,0.3863895833492279
Jason_Fan_Yew,enet,0.58984375,0.32546257972717285
Jason_Fan_Yew,enet,0.59765625,0.2738289535045624
Jason_Fan_Yew,enet,0.60546875,0.22914454340934753
Jason_Fan_Yew,enet,0.61328125,0.19042253494262695
Jason_Fan_Yew,enet,0.62109375,0.15710890293121338
Jason_Fan_Yew,enet,0.62890625,0.12887965142726898
Jason_Fan_Yew,enet,0.63671875,0.10523399710655212
Jason_Fan_Yew,enet,0.64453125,0.08605065941810608
Jason_Fan_Yew,enet,0.65234375,0.07163991034030914
Jason_Fan_Yew,enet,0.66015625,0.06197971850633621
Jason_Fan_Yew,enet,0.66796875,0.05684690177440643
Jason_Fan_Yew,enet,0.67578125,0.05683889985084534
Jason_Fan_Yew,enet,0.68359375,0.06213861703872681
Jason_Fan_Yew,enet,0.69140625,0.0718996524810791
Jason_Fan_Yew,enet,0.69921875,0.08516573905944824
Jason_Fan_Yew,enet,0.70703125,0.10119374096393585
Jason_Fan_Yew,enet,0.71484375,0.11946585774421692
Jason_Fan_Yew,enet,0.72265625,0.13946354389190674
Jason_Fan_Yew,enet,0.73046875,0.16039766371250153
Jason_Fan_Yew,enet,0.73828125,0.18139833211898804
Jason_Fan_Yew,enet,0.74609375,0.20154215395450592
Jason_Fan_Yew,enet,0.75390625,0.21945294737815857
Jason_Fan_Yew,enet,0.76171875,0.23408743739128113
Jason_Fan_Yew,enet,0.76953125,0.2444899082183838
Jason_Fan_Yew,enet,0.77734375,0.25033968687057495
Jason_Fan_Yew,enet,0.78515625,0.2525278627872467
Jason_Fan_Yew,enet,0.79296875,0.2511886954307556
Jason_Fan_Yew,enet,0.80078125,0.24510256946086884
Jason_Fan_Yew,enet,0.80859375,0.23509934544563293
Jason_Fan_Yew,enet,0.81640625,0.2215905487537384
Jason_Fan_Yew,enet,0.82421875,0.20406541228294373
Jason_Fan_Yew,enet,0.83203125,0.18262800574302673
Jason_Fan_Yew,enet,0.83984375,0.15823498368263245
Jason_Fan_Yew,enet,0.84765625,0.13166478276252747
Jason_Fan_Yew,enet,0.85546875,0.10338449478149414
Jason_Fan_Yew,enet,0.86328125,0.07398688793182373
Jason_Fan_Yew,enet,0.87109375,0.04363991320133209
Jason_Fan_Yew,enet,0.87890625,0.01239711046218872
Jason_Fan_Yew,enet,0.88671875,-0.019841469824314117
Jason_Fan_Yew,enet,0.89453125,-0.053553275763988495
Jason_Fan_Yew,enet,0.90234375,-0.08778306841850281
Jason_Fan_Yew,enet,0.91015625,-0.11997202038764954
Jason_Fan_Yew,enet,0.91796875,-0.14876684546470642
Jason_Fan_Yew,enet,0.92578125,-0.1753445863723755
Jason_Fan_Yew,enet,0.93359375,-0.19661879539489746
Jason_Fan_Yew,enet,0.94140625,-0.20830343663692474
Jason_Fan_Yew,enet,0.94921875,-0.21635381877422333
Jason_Fan_Yew,enet,0.95703125,-0.22353443503379822
Jason_Fan_Yew,enet,0.96484375,-0.23034730553627014
Jason_Fan_Yew,enet,0.97265625,-0.23663507401943207
Jason_Fan_Yew,enet,0.98046875,-0.24178171157836914
Jason_Fan_Yew,enet,0.98828125,-0.24391892552375793
Jason_Fan_Yew,enet,0.99609375,-0.24052946269512177
Jason_Fan_Yew,enet,1.0,-0.23781946301460266
Jason_Jerome_Cao,ridge,0.0,5.126235485076904
Jason_Jerome_Cao,ridge,0.00390625,5.1248369216918945
Jason_Jerome_Cao,ridge,0.01171875,5.122227191925049
Jason_Jerome_Cao,ridge,0.01953125,5.1197075843811035
Jason_Jerome_Cao,ridge,0.02734375,5.117090702056885
Jason_Jerome_Cao,ridge,0.03515625,5.114274978637695
Jason_Jerome_Cao,ridge,0.04296875,5.111361026763916
Jason_Jerome_Cao,ridge,0.05078125,5.108556747436523
Jason_Jerome_Cao,ridge,0.05859375,5.1059370040893555
Jason_Jerome_Cao,ridge,0.06640625,5.103536605834961
Jason_Jerome_Cao,ridge,0.07421875,5.101480007171631
Jason_Jerome_Cao,ridge,0.08203125,5.099817752838135
Jason_Jerome_Cao,ridge,0.08984375,5.098499298095703
Jason_Jerome_Cao,ridge,0.09765625,5.097536087036133
Jason_Jerome_Cao,ridge,0.10546875,5.09691047668457
Jason_Jerome_Cao,ridge,0.11328125,5.096611022949219
Jason_Jerome_Cao,ridge,0.12109375,5.096680641174316
Jason_Jerome_Cao,ridge,0.12890625,5.097146987915039
Jason_Jerome_Cao,ridge,0.13671875,5.098016738891602
Jason_Jerome_Cao,ridge,0.14453125,5.099355220794678
Jason_Jerome_Cao,ridge,0.15234375,5.101179122924805
Jason_Jerome_Cao,ridge,0.16015625,5.103461742401123
Jason_Jerome_Cao,ridge,0.16796875,5.106158256530762
Jason_Jerome_Cao,ridge,0.17578125,5.109200477600098
Jason_Jerome_Cao,ridge,0.18359375,5.112507343292236
Jason_Jerome_Cao,ridge,0.19140625,5.115967273712158
Jason_Jerome_Cao,ridge,0.19921875,5.119443893432617
Jason_Jerome_Cao,ridge,0.20703125,5.122830867767334
Jason_Jerome_Cao,ridge,0.21484375,5.126007080078125
Jason_Jerome_Cao,ridge,0.22265625,5.128747463226318
Jason_Jerome_Cao,ridge,0.23046875,5.130709648132324
Jason_Jerome_Cao,ridge,0.23828125,5.1314697265625
Jason_Jerome_Cao,ridge,0.24609375,5.130474090576172
Jason_Jerome_Cao,ridge,0.25390625,5.127041816711426
Jason_Jerome_Cao,ridge,0.26171875,5.120452880859375
Jason_Jerome_Cao,ridge,0.26953125,5.109962463378906
Jason_Jerome_Cao,ridge,0.27734375,5.094892501831055
Jason_Jerome_Cao,ridge,0.28515625,5.074783802032471
Jason_Jerome_Cao,ridge,0.29296875,5.049476146697998
Jason_Jerome_Cao,ridge,0.30078125,5.019158363342285
Jason_Jerome_Cao,ridge,0.30859375,4.984504699707031
Jason_Jerome_Cao,ridge,0.31640625,4.946722030639648
Jason_Jerome_Cao,ridge,0.32421875,4.907354831695557
Jason_Jerome_Cao,ridge,0.33203125,4.868099212646484
Jason_Jerome_Cao,ridge,0.33984375,4.830570697784424
Jason_Jerome_Cao,ridge,0.34765625,4.7959699630737305
Jason_Jerome_Cao,ridge,0.35546875,4.764812469482422
Jason_Jerome_Cao,ridge,0.36328125,4.736686706542969
Jason_Jerome_Cao,ridge,0.37109375,4.709994316101074
Jason_Jerome_Cao,ridge,0.37890625,4.681818008422852
Jason_Jerome_Cao,ridge,0.38671875,4.648107528686523
Jason_Jerome_Cao,ridge,0.39453125,4.6042327880859375
Jason_Jerome_Cao,ridge,0.40234375,4.545731067657471
Jason_Jerome_Cao,ridge,0.41015625,4.469265937805176
Jason_Jerome_Cao,ridge,0.41796875,4.373351097106934
Jason_Jerome_Cao,ridge,0.42578125,4.258340835571289
Jason_Jerome_Cao,ridge,0.43359375,4.126108169555664
Jason_Jerome_Cao,ridge,0.44140625,3.9802021980285645
Jason_Jerome_Cao,ridge,0.44921875,3.8254387378692627
Jason_Jerome_Cao,ridge,0.45703125,3.6663706302642822
Jason_Jerome_Cao,ridge,0.46484375,3.5064375400543213
Jason_Jerome_Cao,ridge,0.47265625,3.3481924533843994
Jason_Jerome_Cao,ridge,0.48046875,3.19346022605896
Jason_Jerome_Cao,ridge,0.48828125,3.0435032844543457
Jason_Jerome_Cao,ridge,0.49609375,2.8996126651763916
Jason_Jerome_Cao,ridge,0.50390625,2.7634153366088867
Jason_Jerome_Cao,ridge,0.51171875,2.6363821029663086
Jason_Jerome_Cao,ridge,0.51953125,2.5191104412078857
Jason_Jerome_Cao,ridge,0.52734375,2.4113664627075195
Jason_Jerome_Cao,ridge,0.53515625,2.312589168548584
Jason_Jerome_Cao,ridge,0.54296875,2.222278594970703
Jason_Jerome_Cao,ridge,0.55078125,2.1400465965270996
Jason_Jerome_Cao,ridge,0.55859375,2.065432548522949
Jason_Jerome_Cao,ridge,0.56640625,1.997903823852539
Jason_Jerome_Cao,ridge,0.57421875,1.9369144439697266
Jason_Jerome_Cao,ridge,0.58203125,1.8817706108093262
Jason_Jerome_Cao,ridge,0.58984375,1.831475019454956
Jason_Jerome_Cao,ridge,0.59765625,1.7848666906356812
Jason_Jerome_Cao,ridge,0.60546875,1.7408256530761719
Jason_Jerome_Cao,ridge,0.61328125,1.698409080505371
Jason_Jerome_Cao,ridge,0.62109375,1.656990885734558
Jason_Jerome_Cao,ridge,0.62890625,1.616328477859497
Jason_Jerome_Cao,ridge,0.63671875,1.5763483047485352
Jason_Jerome_Cao,ridge,0.64453125,1.5368949174880981
Jason_Jerome_Cao,ridge,0.65234375,1.497767686843872
Jason_Jerome_Cao,ridge,0.66015625,1.458929181098938
Jason_Jerome_Cao,ridge,0.66796875,1.4205297231674194
Jason_Jerome_Cao,ridge,0.67578125,1.382818341255188
Jason_Jerome_Cao,ridge,0.68359375,1.3459739685058594
Jason_Jerome_Cao,ridge,0.69140625,1.309945821762085
Jason_Jerome_Cao,ridge,0.69921875,1.2743562459945679
Jason_Jerome_Cao,ridge,0.70703125,1.2386767864227295
Jason_Jerome_Cao,ridge,0.71484375,1.2026134729385376
Jason_Jerome_Cao,ridge,0.72265625,1.1662439107894897
Jason_Jerome_Cao,ridge,0.73046875,1.1298317909240723
Jason_Jerome_Cao,ridge,0.73828125,1.093705177307129
Jason_Jerome_Cao,ridge,0.74609375,1.058312177658081
Jason_Jerome_Cao,ridge,0.75390625,1.0242161750793457
Jason_Jerome_Cao,ridge,0.76171875,0.9919019937515259
Jason_Jerome_Cao,ridge,0.76953125,0.9617233276367188
Jason_Jerome_Cao,ridge,0.77734375,0.9341624975204468
Jason_Jerome_Cao,ridge,0.78515625,0.9093962907791138
Jason_Jerome_Cao,ridge,0.79296875,0.8872889280319214
Jason_Jerome_Cao,ridge,0.80078125,0.8678255677223206
Jason_Jerome_Cao,ridge,0.80859375,0.8508036136627197
Jason_Jerome_Cao,ridge,0.81640625,0.8357745409011841
Jason_Jerome_Cao,ridge,0.82421875,0.8220499157905579
Jason_Jerome_Cao,ridge,0.83203125,0.8086538314819336
Jason_Jerome_Cao,ridge,0.83984375,0.795332670211792
Jason_Jerome_Cao,ridge,0.84765625,0.7824568748474121
Jason_Jerome_Cao,ridge,0.85546875,0.7705808877944946
Jason_Jerome_Cao,ridge,0.86328125,0.7605209350585938
Jason_Jerome_Cao,ridge,0.87109375,0.7527644038200378
Jason_Jerome_Cao,ridge,0.87890625,0.7473052144050598
Jason_Jerome_Cao,ridge,0.88671875,0.7436410188674927
Jason_Jerome_Cao,ridge,0.89453125,0.74075847864151
Jason_Jerome_Cao,ridge,0.90234375,0.7388884425163269
Jason_Jerome_Cao,ridge,0.91015625,0.737707257270813
Jason_Jerome_Cao,ridge,0.91796875,0.7353792190551758
Jason_Jerome_Cao,ridge,0.92578125,0.7308504581451416
Jason_Jerome_Cao,ridge,0.93359375,0.725084662437439
Jason_Jerome_Cao,ridge,0.94140625,0.7164825201034546
Jason_Jerome_Cao,ridge,0.94921875,0.7034816741943359
Jason_Jerome_Cao,ridge,0.95703125,0.6978931427001953
Jason_Jerome_Cao,ridge,0.96484375,0.6978100538253784
Jason_Jerome_Cao,ridge,0.97265625,0.7026860117912292
Jason_Jerome_Cao,ridge,0.98046875,0.7154099345207214
Jason_Jerome_Cao,ridge,0.98828125,0.7342677116394043
Jason_Jerome_Cao,ridge,0.99609375,0.7460875511169434
Jason_Jerome_Cao,ridge,1.0,0.7512173652648926
Jason_Jerome_Cao,enet,0.0,0.17477843165397644
Jason_Jerome_Cao,enet,0.00390625,0.17405381798744202
Jason_Jerome_Cao,enet,0.01171875,0.1727522313594818
Jason_Jerome_Cao,enet,0.01953125,0.17149397730827332
Jason_Jerome_Cao,enet,0.02734375,0.17021536827087402
Jason_Jerome_Cao,enet,0.03515625,0.1688607633113861
Jason_Jerome_Cao,enet,0.04296875,0.1675439178943634
Jason_Jerome_Cao,enet,0.05078125,0.16650745272636414
Jason_Jerome_Cao,enet,0.05859375,0.1659168303012848
Jason_Jerome_Cao,enet,0.06640625,0.165971577167511
Jason_Jerome_Cao,enet,0.07421875,0.1669948697090149
Jason_Jerome_Cao,enet,0.08203125,0.16928178071975708
Jason_Jerome_Cao,enet,0.08984375,0.17292657494544983
Jason_Jerome_Cao,enet,0.09765625,0.17808383703231812
Jason_Jerome_Cao,enet,0.10546875,0.184889018535614
Jason_Jerome_Cao,enet,0.11328125,0.1934579312801361
Jason_Jerome_Cao,enet,0.12109375,0.2039337456226349
Jason_Jerome_Cao,enet,0.12890625,0.21646693348884583
Jason_Jerome_Cao,enet,0.13671875,0.23115098476409912
Jason_Jerome_Cao,enet,0.14453125,0.24809639155864716
Jason_Jerome_Cao,enet,0.15234375,0.2673928439617157
Jason_Jerome_Cao,enet,0.16015625,0.28908735513687134
Jason_Jerome_Cao,enet,0.16796875,0.31317514181137085
Jason_Jerome_Cao,enet,0.17578125,0.33956924080848694
Jason_Jerome_Cao,enet,0.18359375,0.368136465549469
Jason_Jerome_Cao,enet,0.19140625,0.3987302780151367
Jason_Jerome_Cao,enet,0.19921875,0.4311791658401489
Jason_Jerome_Cao,enet,0.20703125,0.4652836322784424
Jason_Jerome_Cao,enet,0.21484375,0.5008176565170288
Jason_Jerome_Cao,enet,0.22265625,0.5375089645385742
Jason_Jerome_Cao,enet,0.23046875,0.5750650763511658
Jason_Jerome_Cao,enet,0.23828125,0.6132131814956665
Jason_Jerome_Cao,enet,0.24609375,0.6516889929771423
Jason_Jerome_Cao,enet,0.25390625,0.6902670860290527
Jason_Jerome_Cao,enet,0.26171875,0.7287140488624573
Jason_Jerome_Cao,enet,0.26953125,0.7667540311813354
Jason_Jerome_Cao,enet,0.27734375,0.8041099905967712
Jason_Jerome_Cao,enet,0.28515625,0.8406687378883362
Jason_Jerome_Cao,enet,0.29296875,0.876663863658905
Jason_Jerome_Cao,enet,0.30078125,0.9127341508865356
Jason_Jerome_Cao,enet,0.30859375,0.9499589204788208
Jason_Jerome_Cao,enet,0.31640625,0.9899005889892578
Jason_Jerome_Cao,enet,0.32421875,1.0344250202178955
Jason_Jerome_Cao,enet,0.33203125,1.0855236053466797
Jason_Jerome_Cao,enet,0.33984375,1.1450672149658203
Jason_Jerome_Cao,enet,0.34765625,1.214447259902954
Jason_Jerome_Cao,enet,0.35546875,1.294323205947876
Jason_Jerome_Cao,enet,0.36328125,1.3843657970428467
Jason_Jerome_Cao,enet,0.37109375,1.483016014099121
Jason_Jerome_Cao,enet,0.37890625,1.587523102760315
Jason_Jerome_Cao,enet,0.38671875,1.6944708824157715
Jason_Jerome_Cao,enet,0.39453125,1.800390362739563
Jason_Jerome_Cao,enet,0.40234375,1.9022548198699951
Jason_Jerome_Cao,enet,0.41015625,1.997329831123352
Jason_Jerome_Cao,enet,0.41796875,2.0819036960601807
Jason_Jerome_Cao,enet,0.42578125,2.150056838989258
Jason_Jerome_Cao,enet,0.43359375,2.1954734325408936
Jason_Jerome_Cao,enet,0.44140625,2.2151999473571777
Jason_Jerome_Cao,enet,0.44921875,2.2104504108428955
Jason_Jerome_Cao,enet,0.45703125,2.1846554279327393
Jason_Jerome_Cao,enet,0.46484375,2.14137864112854
Jason_Jerome_Cao,enet,0.47265625,2.0835399627685547
Jason_Jerome_Cao,enet,0.48046875,2.013559103012085
Jason_Jerome_Cao,enet,0.48828125,1.9340956211090088
Jason_Jerome_Cao,enet,0.49609375,1.8487985134124756
Jason_Jerome_Cao,enet,0.50390625,1.7620632648468018
Jason_Jerome_Cao,enet,0.51171875,1.6777608394622803
Jason_Jerome_Cao,enet,0.51953125,1.5982567071914673
Jason_Jerome_Cao,enet,0.52734375,1.524658203125
Jason_Jerome_Cao,enet,0.53515625,1.4574551582336426
Jason_Jerome_Cao,enet,0.54296875,1.3967751264572144
Jason_Jerome_Cao,enet,0.55078125,1.342381238937378
Jason_Jerome_Cao,enet,0.55859375,1.293747067451477
Jason_Jerome_Cao,enet,0.56640625,1.2502734661102295
Jason_Jerome_Cao,enet,0.57421875,1.211363434791565
Jason_Jerome_Cao,enet,0.58203125,1.1762667894363403
Jason_Jerome_Cao,enet,0.58984375,1.1439108848571777
Jason_Jerome_Cao,enet,0.59765625,1.113028645515442
Jason_Jerome_Cao,enet,0.60546875,1.0823560953140259
Jason_Jerome_Cao,enet,0.61328125,1.0508475303649902
Jason_Jerome_Cao,enet,0.62109375,1.0180816650390625
Jason_Jerome_Cao,enet,0.62890625,0.9844400882720947
Jason_Jerome_Cao,enet,0.63671875,0.9505605101585388
Jason_Jerome_Cao,enet,0.64453125,0.9166741371154785
Jason_Jerome_Cao,enet,0.65234375,0.882531464099884
Jason_Jerome_Cao,enet,0.66015625,0.8478084802627563
Jason_Jerome_Cao,enet,0.66796875,0.8123719096183777
Jason_Jerome_Cao,enet,0.67578125,0.7762674689292908
Jason_Jerome_Cao,enet,0.68359375,0.7395600080490112
Jason_Jerome_Cao,enet,0.69140625,0.7022115588188171
Jason_Jerome_Cao,enet,0.69921875,0.6640493869781494
Jason_Jerome_Cao,enet,0.70703125,0.6249021887779236
Jason_Jerome_Cao,enet,0.71484375,0.584862232208252
Jason_Jerome_Cao,enet,0.72265625,0.5444226861000061
Jason_Jerome_Cao,enet,0.73046875,0.5043525695800781
Jason_Jerome_Cao,enet,0.73828125,0.4654383063316345
Jason_Jerome_Cao,enet,0.74609375,0.42825958132743835
Jason_Jerome_Cao,enet,0.75390625,0.3930165767669678
Jason_Jerome_Cao,enet,0.76171875,0.35948899388313293
Jason_Jerome_Cao,enet,0.76953125,0.3274739980697632
Jason_Jerome_Cao,enet,0.77734375,0.2973466217517853
Jason_Jerome_Cao,enet,0.78515625,0.2695768177509308
Jason_Jerome_Cao,enet,0.79296875,0.24438351392745972
Jason_Jerome_Cao,enet,0.80078125,0.22161924839019775
Jason_Jerome_Cao,enet,0.80859375,0.20101913809776306
Jason_Jerome_Cao,enet,0.81640625,0.18285031616687775
Jason_Jerome_Cao,enet,0.82421875,0.16742445528507233
Jason_Jerome_Cao,enet,0.83203125,0.15383782982826233
Jason_Jerome_Cao,enet,0.83984375,0.14145557582378387
Jason_Jerome_Cao,enet,0.84765625,0.13049054145812988
Jason_Jerome_Cao,enet,0.85546875,0.12124335765838623
Jason_Jerome_Cao,enet,0.86328125,0.1143573671579361
Jason_Jerome_Cao,enet,0.87109375,0.11006733775138855
Jason_Jerome_Cao,enet,0.87890625,0.10722820460796356
Jason_Jerome_Cao,enet,0.88671875,0.10452889651060104
Jason_Jerome_Cao,enet,0.89453125,0.10212640464305878
Jason_Jerome_Cao,enet,0.90234375,0.10161719471216202
Jason_Jerome_Cao,enet,0.91015625,0.10358565300703049
Jason_Jerome_Cao,enet,0.91796875,0.10775583982467651
Jason_Jerome_Cao,enet,0.92578125,0.11161617934703827
Jason_Jerome_Cao,enet,0.93359375,0.11471709609031677
Jason_Jerome_Cao,enet,0.94140625,0.11596643924713135
Jason_Jerome_Cao,enet,0.94921875,0.11191979050636292
Jason_Jerome_Cao,enet,0.95703125,0.11435858905315399
Jason_Jerome_Cao,enet,0.96484375,0.11740843206644058
Jason_Jerome_Cao,enet,0.97265625,0.12240252643823624
Jason_Jerome_Cao,enet,0.98046875,0.13674822449684143
Jason_Jerome_Cao,enet,0.98828125,0.1631273329257965
Jason_Jerome_Cao,enet,0.99609375,0.19061386585235596
Jason_Jerome_Cao,enet,1.0,0.19646096229553223
Johnny_Gabe_Young,ridge,0.0,5.192821502685547
Johnny_Gabe_Young,ridge,0.00390625,5.191924095153809
Johnny_Gabe_Young,ridge,0.01171875,5.190150737762451
Johnny_Gabe_Young,ridge,0.01953125,5.188320159912109
Johnny_Gabe_Young,ridge,0.02734375,5.186377048492432
Johnny_Gabe_Young,ridge,0.03515625,5.184399604797363
Johnny_Gabe_Young,ridge,0.04296875,5.1824235916137695
Johnny_Gabe_Young,ridge,0.05078125,5.180444240570068
Johnny_Gabe_Young,ridge,0.05859375,5.178524017333984
Johnny_Gabe_Young,ridge,0.06640625,5.176743984222412
Johnny_Gabe_Young,ridge,0.07421875,5.175174236297607
Johnny_Gabe_Young,ridge,0.08203125,5.173882961273193
Johnny_Gabe_Young,ridge,0.08984375,5.172896385192871
Johnny_Gabe_Young,ridge,0.09765625,5.172150135040283
Johnny_Gabe_Young,ridge,0.10546875,5.171535015106201
Johnny_Gabe_Young,ridge,0.11328125,5.171013355255127
Johnny_Gabe_Young,ridge,0.12109375,5.170597076416016
Johnny_Gabe_Young,ridge,0.12890625,5.170328140258789
Johnny_Gabe_Young,ridge,0.13671875,5.170283794403076
Johnny_Gabe_Young,ridge,0.14453125,5.170548439025879
Johnny_Gabe_Young,ridge,0.15234375,5.171144485473633
Johnny_Gabe_Young,ridge,0.16015625,5.172022819519043
Johnny_Gabe_Young,ridge,0.16796875,5.173119068145752
Johnny_Gabe_Young,ridge,0.17578125,5.1744232177734375
Johnny_Gabe_Young,ridge,0.18359375,5.175937652587891
Johnny_Gabe_Young,ridge,0.19140625,5.177670001983643
Johnny_Gabe_Young,ridge,0.19921875,5.17958402633667
Johnny_Gabe_Young,ridge,0.20703125,5.181641578674316
Johnny_Gabe_Young,ridge,0.21484375,5.183770179748535
Johnny_Gabe_Young,ridge,0.22265625,5.185812950134277
Johnny_Gabe_Young,ridge,0.23046875,5.187539100646973
Johnny_Gabe_Young,ridge,0.23828125,5.1887640953063965
Johnny_Gabe_Young,ridge,0.24609375,5.189378261566162
Johnny_Gabe_Young,ridge,0.25390625,5.189199447631836
Johnny_Gabe_Young,ridge,0.26171875,5.1878557205200195
Johnny_Gabe_Young,ridge,0.26953125,5.184875011444092
Johnny_Gabe_Young,ridge,0.27734375,5.179851531982422
Johnny_Gabe_Young,ridge,0.28515625,5.172443866729736
Johnny_Gabe_Young,ridge,0.29296875,5.1623945236206055
Johnny_Gabe_Young,ridge,0.30078125,5.149547576904297
Johnny_Gabe_Young,ridge,0.30859375,5.133852005004883
Johnny_Gabe_Young,ridge,0.31640625,5.115306377410889
Johnny_Gabe_Young,ridge,0.32421875,5.0938720703125
Johnny_Gabe_Young,ridge,0.33203125,5.0694169998168945
Johnny_Gabe_Young,ridge,0.33984375,5.041652679443359
Johnny_Gabe_Young,ridge,0.34765625,5.010076522827148
Johnny_Gabe_Young,ridge,0.35546875,4.973759651184082
Johnny_Gabe_Young,ridge,0.36328125,4.93125057220459
Johnny_Gabe_Young,ridge,0.37109375,4.880702018737793
Johnny_Gabe_Young,ridge,0.37890625,4.820023059844971
Johnny_Gabe_Young,ridge,0.38671875,4.74703311920166
Johnny_Gabe_Young,ridge,0.39453125,4.659796714782715
Johnny_Gabe_Young,ridge,0.40234375,4.556735038757324
Johnny_Gabe_Young,ridge,0.41015625,4.436586380004883
Johnny_Gabe_Young,ridge,0.41796875,4.298316478729248
Johnny_Gabe_Young,ridge,0.42578125,4.141487121582031
Johnny_Gabe_Young,ridge,0.43359375,3.9663400650024414
Johnny_Gabe_Young,ridge,0.44140625,3.7736356258392334
Johnny_Gabe_Young,ridge,0.44921875,3.5647449493408203
Johnny_Gabe_Young,ridge,0.45703125,3.3421077728271484
Johnny_Gabe_Young,ridge,0.46484375,3.109241008758545
Johnny_Gabe_Young,ridge,0.47265625,2.870051145553589
Johnny_Gabe_Young,ridge,0.48046875,2.6283676624298096
Johnny_Gabe_Young,ridge,0.48828125,2.3878865242004395
Johnny_Gabe_Young,ridge,0.49609375,2.1518430709838867
Johnny_Gabe_Young,ridge,0.50390625,1.9228832721710205
Johnny_Gabe_Young,ridge,0.51171875,1.7035752534866333
Johnny_Gabe_Young,ridge,0.51953125,1.4960286617279053
Johnny_Gabe_Young,ridge,0.52734375,1.3013877868652344
Johnny_Gabe_Young,ridge,0.53515625,1.1200776100158691
Johnny_Gabe_Young,ridge,0.54296875,0.9518528580665588
Johnny_Gabe_Young,ridge,0.55078125,0.7955403923988342
Johnny_Gabe_Young,ridge,0.55859375,0.6497799158096313
Johnny_Gabe_Young,ridge,0.56640625,0.514387845993042
Johnny_Gabe_Young,ridge,0.57421875,0.38989701867103577
Johnny_Gabe_Young,ridge,0.58203125,0.2769533395767212
Johnny_Gabe_Young,ridge,0.58984375,0.17619794607162476
Johnny_Gabe_Young,ridge,0.59765625,0.08784273266792297
Johnny_Gabe_Young,ridge,0.60546875,0.011294245719909668
Johnny_Gabe_Young,ridge,0.61328125,-0.054762959480285645
Johnny_Gabe_Young,ridge,0.62109375,-0.11204978823661804
Johnny_Gabe_Young,ridge,0.62890625,-0.16235321760177612
Johnny_Gabe_Young,ridge,0.63671875,-0.20727019011974335
Johnny_Gabe_Young,ridge,0.64453125,-0.2481202781200409
Johnny_Gabe_Young,ridge,0.65234375,-0.28607499599456787
Johnny_Gabe_Young,ridge,0.66015625,-0.3223128318786621
Johnny_Gabe_Young,ridge,0.66796875,-0.3578207492828369
Johnny_Gabe_Young,ridge,0.67578125,-0.3931533098220825
Johnny_Gabe_Young,ridge,0.68359375,-0.4284273386001587
Johnny_Gabe_Young,ridge,0.69140625,-0.46353355050086975
Johnny_Gabe_Young,ridge,0.69921875,-0.49828389286994934
Johnny_Gabe_Young,ridge,0.70703125,-0.5324915051460266
Johnny_Gabe_Young,ridge,0.71484375,-0.5660741329193115
Johnny_Gabe_Young,ridge,0.72265625,-0.5991215705871582
Johnny_Gabe_Young,ridge,0.73046875,-0.6318256855010986
Johnny_Gabe_Young,ridge,0.73828125,-0.6642061471939087
Johnny_Gabe_Young,ridge,0.74609375,-0.6959757208824158
Johnny_Gabe_Young,ridge,0.75390625,-0.7268375158309937
Johnny_Gabe_Young,ridge,0.76171875,-0.756783127784729
Johnny_Gabe_Young,ridge,0.76953125,-0.7855644822120667
Johnny_Gabe_Young,ridge,0.77734375,-0.8116004467010498
Johnny_Gabe_Young,ridge,0.78515625,-0.8340784907341003
Johnny_Gabe_Young,ridge,0.79296875,-0.8531578779220581
Johnny_Gabe_Young,ridge,0.80078125,-0.8696207404136658
Johnny_Gabe_Young,ridge,0.80859375,-0.8844001889228821
Johnny_Gabe_Young,ridge,0.81640625,-0.898125171661377
Johnny_Gabe_Young,ridge,0.82421875,-0.9109490513801575
Johnny_Gabe_Young,ridge,0.83203125,-0.9229005575180054
Johnny_Gabe_Young,ridge,0.83984375,-0.934095561504364
Johnny_Gabe_Young,ridge,0.84765625,-0.944662868976593
Johnny_Gabe_Young,ridge,0.85546875,-0.9545958042144775
Johnny_Gabe_Young,ridge,0.86328125,-0.9641889333724976
Johnny_Gabe_Young,ridge,0.87109375,-0.9743149280548096
Johnny_Gabe_Young,ridge,0.87890625,-0.98580402135849
Johnny_Gabe_Young,ridge,0.88671875,-0.9987343549728394
Johnny_Gabe_Young,ridge,0.89453125,-1.0138598680496216
Johnny_Gabe_Young,ridge,0.90234375,-1.0336416959762573
Johnny_Gabe_Young,ridge,0.91015625,-1.0592924356460571
Johnny_Gabe_Young,ridge,0.91796875,-1.0878084897994995
Johnny_Gabe_Young,ridge,0.92578125,-1.120776891708374
Johnny_Gabe_Young,ridge,0.93359375,-1.1591410636901855
Johnny_Gabe_Young,ridge,0.94140625,-1.202877163887024
Johnny_Gabe_Young,ridge,0.94921875,-1.247869849205017
Johnny_Gabe_Young,ridge,0.95703125,-1.2808994054794312
Johnny_Gabe_Young,ridge,0.96484375,-1.3047751188278198
Johnny_Gabe_Young,ridge,0.97265625,-1.326719045639038
Johnny_Gabe_Young,ridge,0.98046875,-1.3522554636001587
Johnny_Gabe_Young,ridge,0.98828125,-1.3854079246520996
Johnny_Gabe_Young,ridge,0.99609375,-1.4168453216552734
Johnny_Gabe_Young,ridge,1.0,-1.4246113300323486
Johnny_Gabe_Young,enet,0.0,-0.2041170597076416
Johnny_Gabe_Young,enet,0.00390625,-0.20403361320495605
Johnny_Gabe_Young,enet,0.01171875,-0.20370453596115112
Johnny_Gabe_Young,enet,0.01953125,-0.20336401462554932
Johnny_Gabe_Young,enet,0.02734375,-0.20318055152893066
Johnny_Gabe_Young,enet,0.03515625,-0.20312434434890747
Johnny_Gabe_Young,enet,0.04296875,-0.2031790316104889
Johnny_Gabe_Young,enet,0.05078125,-0.20336344838142395
Johnny_Gabe_Young,enet,0.05859375,-0.20357540249824524
Johnny_Gabe_Young,enet,0.06640625,-0.20356875658035278
Johnny_Gabe_Young,enet,0.07421875,-0.20310479402542114
Johnny_Gabe_Young,enet,0.08203125,-0.2019493579864502
Johnny_Gabe_Young,enet,0.08984375,-0.1999657154083252
Johnny_Gabe_Young,enet,0.09765625,-0.1971999704837799
Johnny_Gabe_Young,enet,0.10546875,-0.1937323808670044
Johnny_Gabe_Young,enet,0.11328125,-0.1894749402999878
Johnny_Gabe_Young,enet,0.12109375,-0.1842382550239563
Johnny_Gabe_Young,enet,0.12890625,-0.17776498198509216
Johnny_Gabe_Young,enet,0.13671875,-0.16976875066757202
Johnny_Gabe_Young,enet,0.14453125,-0.15998220443725586
Johnny_Gabe_Young,enet,0.15234375,-0.14818227291107178
Johnny_Gabe_Young,enet,0.16015625,-0.13422593474388123
Johnny_Gabe_Young,enet,0.16796875,-0.11799231171607971
Johnny_Gabe_Young,enet,0.17578125,-0.0992368757724762
Johnny_Gabe_Young,enet,0.18359375,-0.07770717144012451
Johnny_Gabe_Young,enet,0.19140625,-0.05308380722999573
Johnny_Gabe_Young,enet,0.19921875,-0.02506503462791443
Johnny_Gabe_Young,enet,0.20703125,0.006596744060516357
Johnny_Gabe_Young,enet,0.21484375,0.04207521677017212
Johnny_Gabe_Young,enet,0.22265625,0.08143183588981628
Johnny_Gabe_Young,enet,0.23046875,0.12464892864227295
Johnny_Gabe_Young,enet,0.23828125,0.17175032198429108
Johnny_Gabe_Young,enet,0.24609375,0.22281788289546967
Johnny_Gabe_Young,enet,0.25390625,0.2778160870075226
Johnny_Gabe_Young,enet,0.26171875,0.33649885654449463
Johnny_Gabe_Young,enet,0.26953125,0.3984513580799103
Johnny_Gabe_Young,enet,0.27734375,0.4632108807563782
Johnny_Gabe_Young,enet,0.28515625,0.5302975177764893
Johnny_Gabe_Young,enet,0.29296875,0.5993022918701172
Johnny_Gabe_Young,enet,0.30078125,0.6699858903884888
Johnny_Gabe_Young,enet,0.30859375,0.7423210144042969
Johnny_Gabe_Young,enet,0.31640625,0.8164682984352112
Johnny_Gabe_Young,enet,0.32421875,0.8926876783370972
Johnny_Gabe_Young,enet,0.33203125,0.9712769389152527
Johnny_Gabe_Young,enet,0.33984375,1.052617073059082
Johnny_Gabe_Young,enet,0.34765625,1.1370627880096436
Johnny_Gabe_Young,enet,0.35546875,1.2247486114501953
Johnny_Gabe_Young,enet,0.36328125,1.3155062198638916
Johnny_Gabe_Young,enet,0.37109375,1.4087822437286377
Johnny_Gabe_Young,enet,0.37890625,1.5033774375915527
Johnny_Gabe_Young,enet,0.38671875,1.5972431898117065
Johnny_Gabe_Young,enet,0.39453125,1.6877377033233643
Johnny_Gabe_Young,enet,0.40234375,1.7720692157745361
Johnny_Gabe_Young,enet,0.41015625,1.8476195335388184
Johnny_Gabe_Young,enet,0.41796875,1.9119086265563965
Johnny_Gabe_Young,enet,0.42578125,1.9626599550247192
Johnny_Gabe_Young,enet,0.43359375,1.9975999593734741
Johnny_Gabe_Young,enet,0.44140625,2.0140886306762695
Johnny_Gabe_Young,enet,0.44921875,2.008977174758911
Johnny_Gabe_Young,enet,0.45703125,1.9792423248291016
Johnny_Gabe_Young,enet,0.46484375,1.923292636871338
Johnny_Gabe_Young,enet,0.47265625,1.8419759273529053
Johnny_Gabe_Young,enet,0.48046875,1.7387030124664307
Johnny_Gabe_Young,enet,0.48828125,1.6184853315353394
Johnny_Gabe_Young,enet,0.49609375,1.4864474534988403
Johnny_Gabe_Young,enet,0.50390625,1.3473808765411377
Johnny_Gabe_Young,enet,0.51171875,1.2059661149978638
Johnny_Gabe_Young,enet,0.51953125,1.0659490823745728
Johnny_Gabe_Young,enet,0.52734375,0.929424524307251
Johnny_Gabe_Young,enet,0.53515625,0.7974015474319458
Johnny_Gabe_Young,enet,0.54296875,0.6705106496810913
Johnny_Gabe_Young,enet,0.55078125,0.5489751100540161
Johnny_Gabe_Young,enet,0.55859375,0.43309909105300903
Johnny_Gabe_Young,enet,0.56640625,0.32398390769958496
Johnny_Gabe_Young,enet,0.57421875,0.22236205637454987
Johnny_Gabe_Young,enet,0.58203125,0.12840530276298523
Johnny_Gabe_Young,enet,0.58984375,0.042199112474918365
Johnny_Gabe_Young,enet,0.59765625,-0.03622986376285553
Johnny_Gabe_Young,enet,0.60546875,-0.10707738995552063
Johnny_Gabe_Young,enet,0.61328125,-0.170762300491333
Johnny_Gabe_Young,enet,0.62109375,-0.22783462703227997
Johnny_Gabe_Young,enet,0.62890625,-0.2788519263267517
Johnny_Gabe_Young,enet,0.63671875,-0.32422199845314026
Johnny_Gabe_Young,enet,0.64453125,-0.36408236622810364
Johnny_Gabe_Young,enet,0.65234375,-0.39838483929634094
Johnny_Gabe_Young,enet,0.66015625,-0.42724892497062683
Johnny_Gabe_Young,enet,0.66796875,-0.4513006806373596
Johnny_Gabe_Young,enet,0.67578125,-0.47154927253723145
Johnny_Gabe_Young,enet,0.68359375,-0.48890891671180725
Johnny_Gabe_Young,enet,0.69140625,-0.5040675401687622
Johnny_Gabe_Young,enet,0.69921875,-0.5175415873527527
Johnny_Gabe_Young,enet,0.70703125,-0.5297145843505859
Johnny_Gabe_Young,enet,0.71484375,-0.5408604741096497
Johnny_Gabe_Young,enet,0.72265625,-0.5512121915817261
Johnny_Gabe_Young,enet,0.73046875,-0.5611493587493896
Johnny_Gabe_Young,enet,0.73828125,-0.5712382793426514
Johnny_Gabe_Young,enet,0.74609375,-0.5818337798118591
Johnny_Gabe_Young,enet,0.75390625,-0.5931204557418823
Johnny_Gabe_Young,enet,0.76171875,-0.605642557144165
Johnny_Gabe_Young,enet,0.76953125,-0.6197032332420349
Johnny_Gabe_Young,enet,0.77734375,-0.6327160596847534
Johnny_Gabe_Young,enet,0.78515625,-0.6430955529212952
Johnny_Gabe_Young,enet,0.79296875,-0.6513502597808838
Johnny_Gabe_Young,enet,0.80078125,-0.6583424806594849
Johnny_Gabe_Young,enet,0.80859375,-0.6647084355354309
Johnny_Gabe_Young,enet,0.81640625,-0.6707494258880615
Johnny_Gabe_Young,enet,0.82421875,-0.6763451099395752
Johnny_Gabe_Young,enet,0.83203125,-0.6810594201087952
Johnny_Gabe_Young,enet,0.83984375,-0.6844311356544495
Johnny_Gabe_Young,enet,0.84765625,-0.6864089965820312
Johnny_Gabe_Young,enet,0.85546875,-0.6873568296432495
Johnny_Gabe_Young,enet,0.86328125,-0.6878781318664551
Johnny_Gabe_Young,enet,0.87109375,-0.6885113716125488
Johnny_Gabe_Young,enet,0.87890625,-0.6896159648895264
Johnny_Gabe_Young,enet,0.88671875,-0.6916055679321289
Johnny_Gabe_Young,enet,0.89453125,-0.6955301761627197
Johnny_Gabe_Young,enet,0.90234375,-0.7015993595123291
Johnny_Gabe_Young,enet,0.91015625,-0.7099350094795227
Johnny_Gabe_Young,enet,0.91796875,-0.7174036502838135
Johnny_Gabe_Young,enet,0.92578125,-0.7268308401107788
Johnny_Gabe_Young,enet,0.93359375,-0.7390307188034058
Johnny_Gabe_Young,enet,0.94140625,-0.7521726489067078
Johnny_Gabe_Young,enet,0.94921875,-0.7652623057365417
Johnny_Gabe_Young,enet,0.95703125,-0.7776557207107544
Johnny_Gabe_Young,enet,0.96484375,-0.7778615355491638
Johnny_Gabe_Young,enet,0.97265625,-0.7696559429168701
Johnny_Gabe_Young,enet,0.98046875,-0.7682080864906311
Johnny_Gabe_Young,enet,0.98828125,-0.7842084169387817
Johnny_Gabe_Young,enet,0.99609375,-0.8015326261520386
Johnny_Gabe_Young,enet,1.0,-0.7987480163574219
Joss_Andrew_Section,ridge,0.0,4.090893745422363
Joss_Andrew_Section,ridge,0.00390625,4.0896382331848145
Joss_Andrew_Section,ridge,0.01171875,4.087216854095459
Joss_Andrew_Section,ridge,0.01953125,4.0849289894104
Joss_Andrew_Section,ridge,0.02734375,4.082774639129639
Joss_Andrew_Section,ridge,0.03515625,4.080763816833496
Joss_Andrew_Section,ridge,0.04296875,4.078871726989746
Joss_Andrew_Section,ridge,0.05078125,4.077065944671631
Joss_Andrew_Section,ridge,0.05859375,4.075362682342529
Joss_Andrew_Section,ridge,0.06640625,4.073761940002441
Joss_Andrew_Section,ridge,0.07421875,4.072210311889648
Joss_Andrew_Section,ridge,0.08203125,4.070647716522217
Joss_Andrew_Section,ridge,0.08984375,4.069060325622559
Joss_Andrew_Section,ridge,0.09765625,4.067464828491211
Joss_Andrew_Section,ridge,0.10546875,4.065861701965332
Joss_Andrew_Section,ridge,0.11328125,4.06424617767334
Joss_Andrew_Section,ridge,0.12109375,4.062627792358398
Joss_Andrew_Section,ridge,0.12890625,4.061031341552734
Joss_Andrew_Section,ridge,0.13671875,4.059491157531738
Joss_Andrew_Section,ridge,0.14453125,4.058051586151123
Joss_Andrew_Section,ridge,0.15234375,4.056809425354004
Joss_Andrew_Section,ridge,0.16015625,4.055853843688965
Joss_Andrew_Section,ridge,0.16796875,4.055246353149414
Joss_Andrew_Section,ridge,0.17578125,4.055093765258789
Joss_Andrew_Section,ridge,0.18359375,4.055473804473877
Joss_Andrew_Section,ridge,0.19140625,4.056401252746582
Joss_Andrew_Section,ridge,0.19921875,4.057808876037598
Joss_Andrew_Section,ridge,0.20703125,4.059668064117432
Joss_Andrew_Section,ridge,0.21484375,4.061938285827637
Joss_Andrew_Section,ridge,0.22265625,4.06455135345459
Joss_Andrew_Section,ridge,0.23046875,4.067419528961182
Joss_Andrew_Section,ridge,0.23828125,4.070391654968262
Joss_Andrew_Section,ridge,0.24609375,4.073256969451904
Joss_Andrew_Section,ridge,0.25390625,4.075784206390381
Joss_Andrew_Section,ridge,0.26171875,4.077730655670166
Joss_Andrew_Section,ridge,0.26953125,4.0787858963012695
Joss_Andrew_Section,ridge,0.27734375,4.078595161437988
Joss_Andrew_Section,ridge,0.28515625,4.076831817626953
Joss_Andrew_Section,ridge,0.29296875,4.073062896728516
Joss_Andrew_Section,ridge,0.30078125,4.066874027252197
Joss_Andrew_Section,ridge,0.30859375,4.057884216308594
Joss_Andrew_Section,ridge,0.31640625,4.045635223388672
Joss_Andrew_Section,ridge,0.32421875,4.029690742492676
Joss_Andrew_Section,ridge,0.33203125,4.00980806350708
Joss_Andrew_Section,ridge,0.33984375,3.985898017883301
Joss_Andrew_Section,ridge,0.34765625,3.9579379558563232
Joss_Andrew_Section,ridge,0.35546875,3.9259021282196045
Joss_Andrew_Section,ridge,0.36328125,3.889730930328369
Joss_Andrew_Section,ridge,0.37109375,3.8492045402526855
Joss_Andrew_Section,ridge,0.37890625,3.8037266731262207
Joss_Andrew_Section,ridge,0.38671875,3.7521023750305176
Joss_Andrew_Section,ridge,0.39453125,3.692337989807129
Joss_Andrew_Section,ridge,0.40234375,3.6216142177581787
Joss_Andrew_Section,ridge,0.41015625,3.5366334915161133
Joss_Andrew_Section,ridge,0.41796875,3.434267997741699
Joss_Andrew_Section,ridge,0.42578125,3.3122200965881348
Joss_Andrew_Section,ridge,0.43359375,3.1693930625915527
Joss_Andrew_Section,ridge,0.44140625,3.0062332153320312
Joss_Andrew_Section,ridge,0.44921875,2.8251090049743652
Joss_Andrew_Section,ridge,0.45703125,2.629807472229004
Joss_Andrew_Section,ridge,0.46484375,2.4248299598693848
Joss_Andrew_Section,ridge,0.47265625,2.215287685394287
Joss_Andrew_Section,ridge,0.48046875,2.0068299770355225
Joss_Andrew_Section,ridge,0.48828125,1.8051211833953857
Joss_Andrew_Section,ridge,0.49609375,1.6151134967803955
Joss_Andrew_Section,ridge,0.50390625,1.440561294555664
Joss_Andrew_Section,ridge,0.51171875,1.284004807472229
Joss_Andrew_Section,ridge,0.51953125,1.146848440170288
Joss_Andrew_Section,ridge,0.52734375,1.0294322967529297
Joss_Andrew_Section,ridge,0.53515625,0.9312252998352051
Joss_Andrew_Section,ridge,0.54296875,0.8510611653327942
Joss_Andrew_Section,ridge,0.55078125,0.7873018980026245
Joss_Andrew_Section,ridge,0.55859375,0.738075852394104
Joss_Andrew_Section,ridge,0.56640625,0.7014733552932739
Joss_Andrew_Section,ridge,0.57421875,0.6756324768066406
Joss_Andrew_Section,ridge,0.58203125,0.6587213277816772
Joss_Andrew_Section,ridge,0.58984375,0.6490304470062256
Joss_Andrew_Section,ridge,0.59765625,0.6450514197349548
Joss_Andrew_Section,ridge,0.60546875,0.6454846262931824
Joss_Andrew_Section,ridge,0.61328125,0.6491836309432983
Joss_Andrew_Section,ridge,0.62109375,0.6550547480583191
Joss_Andrew_Section,ridge,0.62890625,0.662021815776825
Joss_Andrew_Section,ridge,0.63671875,0.6690714359283447
Joss_Andrew_Section,ridge,0.64453125,0.6753873229026794
Joss_Andrew_Section,ridge,0.65234375,0.6804523468017578
Joss_Andrew_Section,ridge,0.66015625,0.6840579509735107
Joss_Andrew_Section,ridge,0.66796875,0.6862351894378662
Joss_Andrew_Section,ridge,0.67578125,0.6871868371963501
Joss_Andrew_Section,ridge,0.68359375,0.6871930360794067
Joss_Andrew_Section,ridge,0.69140625,0.6865409016609192
Joss_Andrew_Section,ridge,0.69921875,0.6854181289672852
Joss_Andrew_Section,ridge,0.70703125,0.6839312314987183
Joss_Andrew_Section,ridge,0.71484375,0.682172417640686
Joss_Andrew_Section,ridge,0.72265625,0.6802167892456055
Joss_Andrew_Section,ridge,0.73046875,0.6781744360923767
Joss_Andrew_Section,ridge,0.73828125,0.6761599779129028
Joss_Andrew_Section,ridge,0.74609375,0.674257755279541
Joss_Andrew_Section,ridge,0.75390625,0.6724975109100342
Joss_Andrew_Section,ridge,0.76171875,0.6708247661590576
Joss_Andrew_Section,ridge,0.76953125,0.669121503829956
Joss_Andrew_Section,ridge,0.77734375,0.6672598123550415
Joss_Andrew_Section,ridge,0.78515625,0.6651673316955566
Joss_Andrew_Section,ridge,0.79296875,0.6628785133361816
Joss_Andrew_Section,ridge,0.80078125,0.6605691313743591
Joss_Andrew_Section,ridge,0.80859375,0.6585221886634827
Joss_Andrew_Section,ridge,0.81640625,0.6570013761520386
Joss_Andrew_Section,ridge,0.82421875,0.6561636328697205
Joss_Andrew_Section,ridge,0.83203125,0.6561068892478943
Joss_Andrew_Section,ridge,0.83984375,0.6569908857345581
Joss_Andrew_Section,ridge,0.84765625,0.6591014862060547
Joss_Andrew_Section,ridge,0.85546875,0.6627383232116699
Joss_Andrew_Section,ridge,0.86328125,0.6679642200469971
Joss_Andrew_Section,ridge,0.87109375,0.674545168876648
Joss_Andrew_Section,ridge,0.87890625,0.6822731494903564
Joss_Andrew_Section,ridge,0.88671875,0.690573513507843
Joss_Andrew_Section,ridge,0.89453125,0.6986904144287109
Joss_Andrew_Section,ridge,0.90234375,0.7087225914001465
Joss_Andrew_Section,ridge,0.91015625,0.7214131355285645
Joss_Andrew_Section,ridge,0.91796875,0.7370782494544983
Joss_Andrew_Section,ridge,0.92578125,0.7548797130584717
Joss_Andrew_Section,ridge,0.93359375,0.7722288370132446
Joss_Andrew_Section,ridge,0.94140625,0.7853907346725464
Joss_Andrew_Section,ridge,0.94921875,0.7903756499290466
Joss_Andrew_Section,ridge,0.95703125,0.7938870191574097
Joss_Andrew_Section,ridge,0.96484375,0.7971402406692505
Joss_Andrew_Section,ridge,0.97265625,0.8049495220184326
Joss_Andrew_Section,ridge,0.98046875,0.8133552074432373
Joss_Andrew_Section,ridge,0.98828125,0.7866355180740356
Joss_Andrew_Section,ridge,0.99609375,0.7499734163284302
Joss_Andrew_Section,ridge,1.0,0.7443339824676514
Joss_Andrew_Section,enet,0.0,-0.737120509147644
Joss_Andrew_Section,enet,0.00390625,-0.7369632124900818
Joss_Andrew_Section,enet,0.01171875,-0.7363042831420898
Joss_Andrew_Section,enet,0.01953125,-0.73524010181427
Joss_Andrew_Section,enet,0.02734375,-0.7337782382965088
Joss_Andrew_Section,enet,0.03515625,-0.7319066524505615
Joss_Andrew_Section,enet,0.04296875,-0.7296967506408691
Joss_Andrew_Section,enet,0.05078125,-0.7270923852920532
Joss_Andrew_Section,enet,0.05859375,-0.7239770889282227
Joss_Andrew_Section,enet,0.06640625,-0.7203043103218079
Joss_Andrew_Section,enet,0.07421875,-0.7160961031913757
Joss_Andrew_Section,enet,0.08203125,-0.7113807201385498
Joss_Andrew_Section,enet,0.08984375,-0.706092357635498
Joss_Andrew_Section,enet,0.09765625,-0.7000426054000854
Joss_Andrew_Section,enet,0.10546875,-0.6929999589920044
Joss_Andrew_Section,enet,0.11328125,-0.6847772002220154
Joss_Andrew_Section,enet,0.12109375,-0.6751770377159119
Joss_Andrew_Section,enet,0.12890625,-0.6640291213989258
Joss_Andrew_Section,enet,0.13671875,-0.6511837840080261
Joss_Andrew_Section,enet,0.14453125,-0.6364444494247437
Joss_Andrew_Section,enet,0.15234375,-0.6195757985115051
Joss_Andrew_Section,enet,0.16015625,-0.6003672480583191
Joss_Andrew_Section,enet,0.16796875,-0.5786485075950623
Joss_Andrew_Section,enet,0.17578125,-0.5542455911636353
Joss_Andrew_Section,enet,0.18359375,-0.5269990563392639
Joss_Andrew_Section,enet,0.19140625,-0.49687469005584717
Joss_Andrew_Section,enet,0.19921875,-0.4639486074447632
Joss_Andrew_Section,enet,0.20703125,-0.42827606201171875
Joss_Andrew_Section,enet,0.21484375,-0.38988345861434937
Joss_Andrew_Section,enet,0.22265625,-0.3488508462905884
Joss_Andrew_Section,enet,0.23046875,-0.30528587102890015
Joss_Andrew_Section,enet,0.23828125,-0.2593417167663574
Joss_Andrew_Section,enet,0.24609375,-0.211282879114151
Joss_Andrew_Section,enet,0.25390625,-0.1614440679550171
Joss_Andrew_Section,enet,0.26171875,-0.11010172963142395
Joss_Andrew_Section,enet,0.26953125,-0.057435542345047
Joss_Andrew_Section,enet,0.27734375,-0.003693819046020508
Joss_Andrew_Section,enet,0.28515625,0.05083185434341431
Joss_Andrew_Section,enet,0.29296875,0.10580781102180481
Joss_Andrew_Section,enet,0.30078125,0.1609174609184265
Joss_Andrew_Section,enet,0.30859375,0.2158772051334381
Joss_Andrew_Section,enet,0.31640625,0.2704855501651764
Joss_Andrew_Section,enet,0.32421875,0.3246963322162628
Joss_Andrew_Section,enet,0.33203125,0.37864255905151367
Joss_Andrew_Section,enet,0.33984375,0.43278127908706665
Joss_Andrew_Section,enet,0.34765625,0.48805367946624756
Joss_Andrew_Section,enet,0.35546875,0.5458541512489319
Joss_Andrew_Section,enet,0.36328125,0.6078035831451416
Joss_Andrew_Section,enet,0.37109375,0.6753942966461182
Joss_Andrew_Section,enet,0.37890625,0.749552309513092
Joss_Andrew_Section,enet,0.38671875,0.8301255702972412
Joss_Andrew_Section,enet,0.39453125,0.9154369235038757
Joss_Andrew_Section,enet,0.40234375,1.0022300481796265
Joss_Andrew_Section,enet,0.41015625,1.0859837532043457
Joss_Andrew_Section,enet,0.41796875,1.1613510847091675
Joss_Andrew_Section,enet,0.42578125,1.222461462020874
Joss_Andrew_Section,enet,0.43359375,1.2633514404296875
Joss_Andrew_Section,enet,0.44140625,1.2794846296310425
Joss_Andrew_Section,enet,0.44921875,1.269558310508728
Joss_Andrew_Section,enet,0.45703125,1.2354835271835327
Joss_Andrew_Section,enet,0.46484375,1.1809496879577637
Joss_Andrew_Section,enet,0.47265625,1.1102690696716309
Joss_Andrew_Section,enet,0.48046875,1.0279972553253174
Joss_Andrew_Section,enet,0.48828125,0.9387013912200928
Joss_Andrew_Section,enet,0.49609375,0.8465790748596191
Joss_Andrew_Section,enet,0.50390625,0.7551600933074951
Joss_Andrew_Section,enet,0.51171875,0.6671552658081055
Joss_Andrew_Section,enet,0.51953125,0.5843368768692017
Joss_Andrew_Section,enet,0.52734375,0.5076342821121216
Joss_Andrew_Section,enet,0.53515625,0.43745511770248413
Joss_Andrew_Section,enet,0.54296875,0.37393689155578613
Joss_Andrew_Section,enet,0.55078125,0.31701865792274475
Joss_Andrew_Section,enet,0.55859375,0.266493022441864
Joss_Andrew_Section,enet,0.56640625,0.22206342220306396
Joss_Andrew_Section,enet,0.57421875,0.1833697259426117
Joss_Andrew_Section,enet,0.58203125,0.15000168979167938
Joss_Andrew_Section,enet,0.58984375,0.12153224647045135
Joss_Andrew_Section,enet,0.59765625,0.09755415469408035
Joss_Andrew_Section,enet,0.60546875,0.07770918309688568
Joss_Andrew_Section,enet,0.61328125,0.061652425676584244
Joss_Andrew_Section,enet,0.62109375,0.048933662474155426
Joss_Andrew_Section,enet,0.62890625,0.0389135405421257
Joss_Andrew_Section,enet,0.63671875,0.03082013875246048
Joss_Andrew_Section,enet,0.64453125,0.023937173187732697
Joss_Andrew_Section,enet,0.65234375,0.017737045884132385
Joss_Andrew_Section,enet,0.66015625,0.011906705796718597
Joss_Andrew_Section,enet,0.66796875,0.006323724985122681
Joss_Andrew_Section,enet,0.67578125,0.001009240746498108
Joss_Andrew_Section,enet,0.68359375,-0.003951922059059143
Joss_Andrew_Section,enet,0.69140625,-0.008498594164848328
Joss_Andrew_Section,enet,0.69921875,-0.012671217322349548
Joss_Andrew_Section,enet,0.70703125,-0.016559921205043793
Joss_Andrew_Section,enet,0.71484375,-0.020256824791431427
Joss_Andrew_Section,enet,0.72265625,-0.02377334237098694
Joss_Andrew_Section,enet,0.73046875,-0.027025431394577026
Joss_Andrew_Section,enet,0.73828125,-0.02986174076795578
Joss_Andrew_Section,enet,0.74609375,-0.03212330490350723
Joss_Andrew_Section,enet,0.75390625,-0.033717550337314606
Joss_Andrew_Section,enet,0.76171875,-0.034645117819309235
Joss_Andrew_Section,enet,0.76953125,-0.03494621068239212
Joss_Andrew_Section,enet,0.77734375,-0.0346369668841362
Joss_Andrew_Section,enet,0.78515625,-0.033703021705150604
Joss_Andrew_Section,enet,0.79296875,-0.03214506804943085
Joss_Andrew_Section,enet,0.80078125,-0.030041873455047607
Joss_Andrew_Section,enet,0.80859375,-0.027622736990451813
Joss_Andrew_Section,enet,0.81640625,-0.025226913392543793
Joss_Andrew_Section,enet,0.82421875,-0.023143567144870758
Joss_Andrew_Section,enet,0.83203125,-0.021475844085216522
Joss_Andrew_Section,enet,0.83984375,-0.020226120948791504
Joss_Andrew_Section,enet,0.84765625,-0.019602671265602112
Joss_Andrew_Section,enet,0.85546875,-0.02012287825345993
Joss_Andrew_Section,enet,0.86328125,-0.022419758141040802
Joss_Andrew_Section,enet,0.87109375,-0.02693689614534378
Joss_Andrew_Section,enet,0.87890625,-0.0340246707201004
Joss_Andrew_Section,enet,0.88671875,-0.044755809009075165
Joss_Andrew_Section,enet,0.89453125,-0.06038852035999298
Joss_Andrew_Section,enet,0.90234375,-0.07708828151226044
Joss_Andrew_Section,enet,0.91015625,-0.09385482221841812
Joss_Andrew_Section,enet,0.91796875,-0.1102416142821312
Joss_Andrew_Section,enet,0.92578125,-0.12233474105596542
Joss_Andrew_Section,enet,0.93359375,-0.13146960735321045
Joss_Andrew_Section,enet,0.94140625,-0.14060106873512268
Joss_Andrew_Section,enet,0.94921875,-0.15208569169044495
Joss_Andrew_Section,enet,0.95703125,-0.16542838513851166
Joss_Andrew_Section,enet,0.96484375,-0.17367525398731232
Joss_Andrew_Section,enet,0.97265625,-0.17107334733009338
Joss_Andrew_Section,enet,0.98046875,-0.16036462783813477
Joss_Andrew_Section,enet,0.98828125,-0.1719151735305786
Joss_Andrew_Section,enet,0.99609375,-0.19681064784526825
Joss_Andrew_Section,enet,1.0,-0.20640867948532104
Josue_Benedicto_Marti,ridge,0.0,4.555211067199707
Josue_Benedicto_Marti,ridge,0.00390625,4.5547099113464355
Josue_Benedicto_Marti,ridge,0.01171875,4.553709983825684
Josue_Benedicto_Marti,ridge,0.01953125,4.552709579467773
Josue_Benedicto_Marti,ridge,0.02734375,4.551718711853027
Josue_Benedicto_Marti,ridge,0.03515625,4.550925254821777
Josue_Benedicto_Marti,ridge,0.04296875,4.5502610206604
Josue_Benedicto_Marti,ridge,0.05078125,4.549448013305664
Josue_Benedicto_Marti,ridge,0.05859375,4.548222541809082
Josue_Benedicto_Marti,ridge,0.06640625,4.546241760253906
Josue_Benedicto_Marti,ridge,0.07421875,4.543658256530762
Josue_Benedicto_Marti,ridge,0.08203125,4.541020393371582
Josue_Benedicto_Marti,ridge,0.08984375,4.538386344909668
Josue_Benedicto_Marti,ridge,0.09765625,4.535362243652344
Josue_Benedicto_Marti,ridge,0.10546875,4.531737327575684
Josue_Benedicto_Marti,ridge,0.11328125,4.527347564697266
Josue_Benedicto_Marti,ridge,0.12109375,4.521883964538574
Josue_Benedicto_Marti,ridge,0.12890625,4.5156097412109375
Josue_Benedicto_Marti,ridge,0.13671875,4.509099960327148
Josue_Benedicto_Marti,ridge,0.14453125,4.502260684967041
Josue_Benedicto_Marti,ridge,0.15234375,4.4947404861450195
Josue_Benedicto_Marti,ridge,0.16015625,4.4862542152404785
Josue_Benedicto_Marti,ridge,0.16796875,4.476428031921387
Josue_Benedicto_Marti,ridge,0.17578125,4.465117931365967
Josue_Benedicto_Marti,ridge,0.18359375,4.4524078369140625
Josue_Benedicto_Marti,ridge,0.19140625,4.438343048095703
Josue_Benedicto_Marti,ridge,0.19921875,4.422878265380859
Josue_Benedicto_Marti,ridge,0.20703125,4.405971527099609
Josue_Benedicto_Marti,ridge,0.21484375,4.387594699859619
Josue_Benedicto_Marti,ridge,0.22265625,4.367780685424805
Josue_Benedicto_Marti,ridge,0.23046875,4.346651077270508
Josue_Benedicto_Marti,ridge,0.23828125,4.324306488037109
Josue_Benedicto_Marti,ridge,0.24609375,4.300677299499512
Josue_Benedicto_Marti,ridge,0.25390625,4.275537014007568
Josue_Benedicto_Marti,ridge,0.26171875,4.248539924621582
Josue_Benedicto_Marti,ridge,0.26953125,4.219274997711182
Josue_Benedicto_Marti,ridge,0.27734375,4.187297344207764
Josue_Benedicto_Marti,ridge,0.28515625,4.15214729309082
Josue_Benedicto_Marti,ridge,0.29296875,4.113325119018555
Josue_Benedicto_Marti,ridge,0.30078125,4.070363521575928
Josue_Benedicto_Marti,ridge,0.30859375,4.022866249084473
Josue_Benedicto_Marti,ridge,0.31640625,3.9704434871673584
Josue_Benedicto_Marti,ridge,0.32421875,3.912708044052124
Josue_Benedicto_Marti,ridge,0.33203125,3.8492839336395264
Josue_Benedicto_Marti,ridge,0.33984375,3.7796096801757812
Josue_Benedicto_Marti,ridge,0.34765625,3.7028324604034424
Josue_Benedicto_Marti,ridge,0.35546875,3.61808443069458
Josue_Benedicto_Marti,ridge,0.36328125,3.52488374710083
Josue_Benedicto_Marti,ridge,0.37109375,3.423501491546631
Josue_Benedicto_Marti,ridge,0.37890625,3.315207004547119
Josue_Benedicto_Marti,ridge,0.38671875,3.2021994590759277
Josue_Benedicto_Marti,ridge,0.39453125,3.0871386528015137
Josue_Benedicto_Marti,ridge,0.40234375,2.9724783897399902
Josue_Benedicto_Marti,ridge,0.41015625,2.85982608795166
Josue_Benedicto_Marti,ridge,0.41796875,2.7495851516723633
Josue_Benedicto_Marti,ridge,0.42578125,2.641068696975708
Josue_Benedicto_Marti,ridge,0.43359375,2.532850980758667
Josue_Benedicto_Marti,ridge,0.44140625,2.4230570793151855
Josue_Benedicto_Marti,ridge,0.44921875,2.309643268585205
Josue_Benedicto_Marti,ridge,0.45703125,2.1910648345947266
Josue_Benedicto_Marti,ridge,0.46484375,2.066923141479492
Josue_Benedicto_Marti,ridge,0.47265625,1.9378304481506348
Josue_Benedicto_Marti,ridge,0.48046875,1.8047431707382202
Josue_Benedicto_Marti,ridge,0.48828125,1.6684143543243408
Josue_Benedicto_Marti,ridge,0.49609375,1.5291205644607544
Josue_Benedicto_Marti,ridge,0.50390625,1.3863714933395386
Josue_Benedicto_Marti,ridge,0.51171875,1.238755226135254
Josue_Benedicto_Marti,ridge,0.51953125,1.0845719575881958
Josue_Benedicto_Marti,ridge,0.52734375,0.9235633611679077
Josue_Benedicto_Marti,ridge,0.53515625,0.7595703601837158
Josue_Benedicto_Marti,ridge,0.54296875,0.6007983684539795
Josue_Benedicto_Marti,ridge,0.55078125,0.4556981921195984
Josue_Benedicto_Marti,ridge,0.55859375,0.3290366530418396
Josue_Benedicto_Marti,ridge,0.56640625,0.22188863158226013
Josue_Benedicto_Marti,ridge,0.57421875,0.13332748413085938
Josue_Benedicto_Marti,ridge,0.58203125,0.058727800846099854
Josue_Benedicto_Marti,ridge,0.58984375,-0.0070715248584747314
Josue_Benedicto_Marti,ridge,0.59765625,-0.06549224257469177
Josue_Benedicto_Marti,ridge,0.60546875,-0.11855176091194153
Josue_Benedicto_Marti,ridge,0.61328125,-0.16867181658744812
Josue_Benedicto_Marti,ridge,0.62109375,-0.21797609329223633
Josue_Benedicto_Marti,ridge,0.62890625,-0.2680712640285492
Josue_Benedicto_Marti,ridge,0.63671875,-0.32001984119415283
Josue_Benedicto_Marti,ridge,0.64453125,-0.37447115778923035
Josue_Benedicto_Marti,ridge,0.65234375,-0.4319440722465515
Josue_Benedicto_Marti,ridge,0.66015625,-0.4932248890399933
Josue_Benedicto_Marti,ridge,0.66796875,-0.5596534013748169
Josue_Benedicto_Marti,ridge,0.67578125,-0.632678210735321
Josue_Benedicto_Marti,ridge,0.68359375,-0.7125483155250549
Josue_Benedicto_Marti,ridge,0.69140625,-0.7972716093063354
Josue_Benedicto_Marti,ridge,0.69921875,-0.8829666972160339
Josue_Benedicto_Marti,ridge,0.70703125,-0.9654914140701294
Josue_Benedicto_Marti,ridge,0.71484375,-1.0416500568389893
Josue_Benedicto_Marti,ridge,0.72265625,-1.1094521284103394
Josue_Benedicto_Marti,ridge,0.73046875,-1.1681028604507446
Josue_Benedicto_Marti,ridge,0.73828125,-1.217934250831604
Josue_Benedicto_Marti,ridge,0.74609375,-1.2598226070404053
Josue_Benedicto_Marti,ridge,0.75390625,-1.294189214706421
Josue_Benedicto_Marti,ridge,0.76171875,-1.3211393356323242
Josue_Benedicto_Marti,ridge,0.76953125,-1.341760277748108
Josue_Benedicto_Marti,ridge,0.77734375,-1.3574364185333252
Josue_Benedicto_Marti,ridge,0.78515625,-1.3693476915359497
Josue_Benedicto_Marti,ridge,0.79296875,-1.3787981271743774
Josue_Benedicto_Marti,ridge,0.80078125,-1.3861088752746582
Josue_Benedicto_Marti,ridge,0.80859375,-1.3900740146636963
Josue_Benedicto_Marti,ridge,0.81640625,-1.3890204429626465
Josue_Benedicto_Marti,ridge,0.82421875,-1.3828389644622803
Josue_Benedicto_Marti,ridge,0.83203125,-1.3732815980911255
Josue_Benedicto_Marti,ridge,0.83984375,-1.3619449138641357
Josue_Benedicto_Marti,ridge,0.84765625,-1.3509292602539062
Josue_Benedicto_Marti,ridge,0.85546875,-1.3409878015518188
Josue_Benedicto_Marti,ridge,0.86328125,-1.3310881853103638
Josue_Benedicto_Marti,ridge,0.87109375,-1.3199522495269775
Josue_Benedicto_Marti,ridge,0.87890625,-1.3070734739303589
Josue_Benedicto_Marti,ridge,0.88671875,-1.2958627939224243
Josue_Benedicto_Marti,ridge,0.89453125,-1.2865175008773804
Josue_Benedicto_Marti,ridge,0.90234375,-1.277750849723816
Josue_Benedicto_Marti,ridge,0.91015625,-1.2664865255355835
Josue_Benedicto_Marti,ridge,0.91796875,-1.251926064491272
Josue_Benedicto_Marti,ridge,0.92578125,-1.2334271669387817
Josue_Benedicto_Marti,ridge,0.93359375,-1.2140146493911743
Josue_Benedicto_Marti,ridge,0.94140625,-1.2027122974395752
Josue_Benedicto_Marti,ridge,0.94921875,-1.1941858530044556
Josue_Benedicto_Marti,ridge,0.95703125,-1.20152747631073
Josue_Benedicto_Marti,ridge,0.96484375,-1.2096843719482422
Josue_Benedicto_Marti,ridge,0.97265625,-1.22867751121521
Josue_Benedicto_Marti,ridge,0.98046875,-1.2635002136230469
Josue_Benedicto_Marti,ridge,0.98828125,-1.2959953546524048
Josue_Benedicto_Marti,ridge,0.99609375,-1.3087157011032104
Josue_Benedicto_Marti,ridge,1.0,-1.3067582845687866
Josue_Benedicto_Marti,enet,0.0,-0.377413809299469
Josue_Benedicto_Marti,enet,0.00390625,-0.3774212896823883
Josue_Benedicto_Marti,enet,0.01171875,-0.37749719619750977
Josue_Benedicto_Marti,enet,0.01953125,-0.37729334831237793
Josue_Benedicto_Marti,enet,0.02734375,-0.3762931823730469
Josue_Benedicto_Marti,enet,0.03515625,-0.37433192133903503
Josue_Benedicto_Marti,enet,0.04296875,-0.3715519607067108
Josue_Benedicto_Marti,enet,0.05078125,-0.3684031665325165
Josue_Benedicto_Marti,enet,0.05859375,-0.3654143214225769
Josue_Benedicto_Marti,enet,0.06640625,-0.3622955083847046
Josue_Benedicto_Marti,enet,0.07421875,-0.35820847749710083
Josue_Benedicto_Marti,enet,0.08203125,-0.35325419902801514
Josue_Benedicto_Marti,enet,0.08984375,-0.3477742671966553
Josue_Benedicto_Marti,enet,0.09765625,-0.3418086767196655
Josue_Benedicto_Marti,enet,0.10546875,-0.3352699875831604
Josue_Benedicto_Marti,enet,0.11328125,-0.32801058888435364
Josue_Benedicto_Marti,enet,0.12109375,-0.3196510672569275
Josue_Benedicto_Marti,enet,0.12890625,-0.31028348207473755
Josue_Benedicto_Marti,enet,0.13671875,-0.2994824945926666
Josue_Benedicto_Marti,enet,0.14453125,-0.28693443536758423
Josue_Benedicto_Marti,enet,0.15234375,-0.2732146382331848
Josue_Benedicto_Marti,enet,0.16015625,-0.25868505239486694
Josue_Benedicto_Marti,enet,0.16796875,-0.24362227320671082
Josue_Benedicto_Marti,enet,0.17578125,-0.22814732789993286
Josue_Benedicto_Marti,enet,0.18359375,-0.21259206533432007
Josue_Benedicto_Marti,enet,0.19140625,-0.1974809765815735
Josue_Benedicto_Marti,enet,0.19921875,-0.18302607536315918
Josue_Benedicto_Marti,enet,0.20703125,-0.16920074820518494
Josue_Benedicto_Marti,enet,0.21484375,-0.15590760111808777
Josue_Benedicto_Marti,enet,0.22265625,-0.14301058650016785
Josue_Benedicto_Marti,enet,0.23046875,-0.13038098812103271
Josue_Benedicto_Marti,enet,0.23828125,-0.11783251166343689
Josue_Benedicto_Marti,enet,0.24609375,-0.10520520806312561
Josue_Benedicto_Marti,enet,0.25390625,-0.09249690175056458
Josue_Benedicto_Marti,enet,0.26171875,-0.0799594521522522
Josue_Benedicto_Marti,enet,0.26953125,-0.06800788640975952
Josue_Benedicto_Marti,enet,0.27734375,-0.05698910355567932
Josue_Benedicto_Marti,enet,0.28515625,-0.04722338914871216
Josue_Benedicto_Marti,enet,0.29296875,-0.039080023765563965
Josue_Benedicto_Marti,enet,0.30078125,-0.0329338014125824
Josue_Benedicto_Marti,enet,0.30859375,-0.029083162546157837
Josue_Benedicto_Marti,enet,0.31640625,-0.027795255184173584
Josue_Benedicto_Marti,enet,0.32421875,-0.029307663440704346
Josue_Benedicto_Marti,enet,0.33203125,-0.03386011719703674
Josue_Benedicto_Marti,enet,0.33984375,-0.04192975163459778
Josue_Benedicto_Marti,enet,0.34765625,-0.05435219407081604
Josue_Benedicto_Marti,enet,0.35546875,-0.07213559746742249
Josue_Benedicto_Marti,enet,0.36328125,-0.09606647491455078
Josue_Benedicto_Marti,enet,0.37109375,-0.12616756558418274
Josue_Benedicto_Marti,enet,0.37890625,-0.16126631200313568
Josue_Benedicto_Marti,enet,0.38671875,-0.19896537065505981
Josue_Benedicto_Marti,enet,0.39453125,-0.23616209626197815
Josue_Benedicto_Marti,enet,0.40234375,-0.2697822153568268
Josue_Benedicto_Marti,enet,0.41015625,-0.29739099740982056
Josue_Benedicto_Marti,enet,0.41796875,-0.31749510765075684
Josue_Benedicto_Marti,enet,0.42578125,-0.3294633626937866
Josue_Benedicto_Marti,enet,0.43359375,-0.3332999646663666
Josue_Benedicto_Marti,enet,0.44140625,-0.32970672845840454
Josue_Benedicto_Marti,enet,0.44921875,-0.32015830278396606
Josue_Benedicto_Marti,enet,0.45703125,-0.3063091039657593
Josue_Benedicto_Marti,enet,0.46484375,-0.2890409231185913
Josue_Benedicto_Marti,enet,0.47265625,-0.2681843936443329
Josue_Benedicto_Marti,enet,0.48046875,-0.24290701746940613
Josue_Benedicto_Marti,enet,0.48828125,-0.21227097511291504
Josue_Benedicto_Marti,enet,0.49609375,-0.17591971158981323
Josue_Benedicto_Marti,enet,0.50390625,-0.13540782034397125
Josue_Benedicto_Marti,enet,0.51171875,-0.09524566680192947
Josue_Benedicto_Marti,enet,0.51953125,-0.06241229921579361
Josue_Benedicto_Marti,enet,0.52734375,-0.04369344562292099
Josue_Benedicto_Marti,enet,0.53515625,-0.040965914726257324
Josue_Benedicto_Marti,enet,0.54296875,-0.04902861267328262
Josue_Benedicto_Marti,enet,0.55078125,-0.05980980396270752
Josue_Benedicto_Marti,enet,0.55859375,-0.06759601086378098
Josue_Benedicto_Marti,enet,0.56640625,-0.07024137675762177
Josue_Benedicto_Marti,enet,0.57421875,-0.0668947696685791
Josue_Benedicto_Marti,enet,0.58203125,-0.05837574601173401
Josue_Benedicto_Marti,enet,0.58984375,-0.04998517036437988
Josue_Benedicto_Marti,enet,0.59765625,-0.04266422241926193
Josue_Benedicto_Marti,enet,0.60546875,-0.036955684423446655
Josue_Benedicto_Marti,enet,0.61328125,-0.03419561684131622
Josue_Benedicto_Marti,enet,0.62109375,-0.03587280213832855
Josue_Benedicto_Marti,enet,0.62890625,-0.043341994285583496
Josue_Benedicto_Marti,enet,0.63671875,-0.057605087757110596
Josue_Benedicto_Marti,enet,0.64453125,-0.07912023365497589
Josue_Benedicto_Marti,enet,0.65234375,-0.10784664750099182
Josue_Benedicto_Marti,enet,0.66015625,-0.14356020092964172
Josue_Benedicto_Marti,enet,0.66796875,-0.1861819177865982
Josue_Benedicto_Marti,enet,0.67578125,-0.23549127578735352
Josue_Benedicto_Marti,enet,0.68359375,-0.29030120372772217
Josue_Benedicto_Marti,enet,0.69140625,-0.34826159477233887
Josue_Benedicto_Marti,enet,0.69921875,-0.40663620829582214
Josue_Benedicto_Marti,enet,0.70703125,-0.46327072381973267
Josue_Benedicto_Marti,enet,0.71484375,-0.5170851945877075
Josue_Benedicto_Marti,enet,0.72265625,-0.5682182908058167
Josue_Benedicto_Marti,enet,0.73046875,-0.6177350282669067
Josue_Benedicto_Marti,enet,0.73828125,-0.6671108603477478
Josue_Benedicto_Marti,enet,0.74609375,-0.7173448801040649
Josue_Benedicto_Marti,enet,0.75390625,-0.7663434147834778
Josue_Benedicto_Marti,enet,0.76171875,-0.810009241104126
Josue_Benedicto_Marti,enet,0.76953125,-0.8474719524383545
Josue_Benedicto_Marti,enet,0.77734375,-0.8794392943382263
Josue_Benedicto_Marti,enet,0.78515625,-0.906843364238739
Josue_Benedicto_Marti,enet,0.79296875,-0.9314002990722656
Josue_Benedicto_Marti,enet,0.80078125,-0.9535703659057617
Josue_Benedicto_Marti,enet,0.80859375,-0.9722368717193604
Josue_Benedicto_Marti,enet,0.81640625,-0.9860123991966248
Josue_Benedicto_Marti,enet,0.82421875,-0.9960249662399292
Josue_Benedicto_Marti,enet,0.83203125,-1.0059783458709717
Josue_Benedicto_Marti,enet,0.83984375,-1.0175029039382935
Josue_Benedicto_Marti,enet,0.84765625,-1.0311378240585327
Josue_Benedicto_Marti,enet,0.85546875,-1.0455266237258911
Josue_Benedicto_Marti,enet,0.86328125,-1.0582197904586792
Josue_Benedicto_Marti,enet,0.87109375,-1.0669726133346558
Josue_Benedicto_Marti,enet,0.87890625,-1.0715131759643555
Josue_Benedicto_Marti,enet,0.88671875,-1.0724475383758545
Josue_Benedicto_Marti,enet,0.89453125,-1.073169231414795
Josue_Benedicto_Marti,enet,0.90234375,-1.0766534805297852
Josue_Benedicto_Marti,enet,0.91015625,-1.0809776782989502
Josue_Benedicto_Marti,enet,0.91796875,-1.0823180675506592
Josue_Benedicto_Marti,enet,0.92578125,-1.0835161209106445
Josue_Benedicto_Marti,enet,0.93359375,-1.0856565237045288
Josue_Benedicto_Marti,enet,0.94140625,-1.0876901149749756
Josue_Benedicto_Marti,enet,0.94921875,-1.1003504991531372
Josue_Benedicto_Marti,enet,0.95703125,-1.1174207925796509
Josue_Benedicto_Marti,enet,0.96484375,-1.1193711757659912
Josue_Benedicto_Marti,enet,0.97265625,-1.1387455463409424
Josue_Benedicto_Marti,enet,0.98046875,-1.1691142320632935
Josue_Benedicto_Marti,enet,0.98828125,-1.199002742767334
Josue_Benedicto_Marti,enet,0.99609375,-1.210808277130127
Josue_Benedicto_Marti,enet,1.0,-1.214911699295044
Juniper_Jim_Sha,ridge,0.0,4.709982395172119
Juniper_Jim_Sha,ridge,0.00390625,4.710070610046387
Juniper_Jim_Sha,ridge,0.01171875,4.710142135620117
Juniper_Jim_Sha,ridge,0.01953125,4.710046768188477
Juniper_Jim_Sha,ridge,0.02734375,4.709806442260742
Juniper_Jim_Sha,ridge,0.03515625,4.709540843963623
Juniper_Jim_Sha,ridge,0.04296875,4.709287166595459
Juniper_Jim_Sha,ridge,0.05078125,4.7091169357299805
Juniper_Jim_Sha,ridge,0.05859375,4.70917272567749
Juniper_Jim_Sha,ridge,0.06640625,4.709447860717773
Juniper_Jim_Sha,ridge,0.07421875,4.709912300109863
Juniper_Jim_Sha,ridge,0.08203125,4.7105207443237305
Juniper_Jim_Sha,ridge,0.08984375,4.711259365081787
Juniper_Jim_Sha,ridge,0.09765625,4.7120747566223145
Juniper_Jim_Sha,ridge,0.10546875,4.712994575500488
Juniper_Jim_Sha,ridge,0.11328125,4.714179039001465
Juniper_Jim_Sha,ridge,0.12109375,4.715794563293457
Juniper_Jim_Sha,ridge,0.12890625,4.717983722686768
Juniper_Jim_Sha,ridge,0.13671875,4.720858097076416
Juniper_Jim_Sha,ridge,0.14453125,4.724517822265625
Juniper_Jim_Sha,ridge,0.15234375,4.729036331176758
Juniper_Jim_Sha,ridge,0.16015625,4.734455108642578
Juniper_Jim_Sha,ridge,0.16796875,4.740806579589844
Juniper_Jim_Sha,ridge,0.17578125,4.7480669021606445
Juniper_Jim_Sha,ridge,0.18359375,4.756102085113525
Juniper_Jim_Sha,ridge,0.19140625,4.764642715454102
Juniper_Jim_Sha,ridge,0.19921875,4.773420333862305
Juniper_Jim_Sha,ridge,0.20703125,4.782217502593994
Juniper_Jim_Sha,ridge,0.21484375,4.7906999588012695
Juniper_Jim_Sha,ridge,0.22265625,4.798449516296387
Juniper_Jim_Sha,ridge,0.23046875,4.805094242095947
Juniper_Jim_Sha,ridge,0.23828125,4.81030797958374
Juniper_Jim_Sha,ridge,0.24609375,4.813798904418945
Juniper_Jim_Sha,ridge,0.25390625,4.815318584442139
Juniper_Jim_Sha,ridge,0.26171875,4.814690113067627
Juniper_Jim_Sha,ridge,0.26953125,4.811777114868164
Juniper_Jim_Sha,ridge,0.27734375,4.806466102600098
Juniper_Jim_Sha,ridge,0.28515625,4.798688888549805
Juniper_Jim_Sha,ridge,0.29296875,4.788509368896484
Juniper_Jim_Sha,ridge,0.30078125,4.776142120361328
Juniper_Jim_Sha,ridge,0.30859375,4.761869430541992
Juniper_Jim_Sha,ridge,0.31640625,4.746098518371582
Juniper_Jim_Sha,ridge,0.32421875,4.7295050621032715
Juniper_Jim_Sha,ridge,0.33203125,4.712860107421875
Juniper_Jim_Sha,ridge,0.33984375,4.696903228759766
Juniper_Jim_Sha,ridge,0.34765625,4.682188034057617
Juniper_Jim_Sha,ridge,0.35546875,4.668888092041016
Juniper_Jim_Sha,ridge,0.36328125,4.656660556793213
Juniper_Jim_Sha,ridge,0.37109375,4.644436836242676
Juniper_Jim_Sha,ridge,0.37890625,4.630306243896484
Juniper_Jim_Sha,ridge,0.38671875,4.611745357513428
Juniper_Jim_Sha,ridge,0.39453125,4.586021423339844
Juniper_Jim_Sha,ridge,0.40234375,4.550526142120361
Juniper_Jim_Sha,ridge,0.41015625,4.502928733825684
Juniper_Jim_Sha,ridge,0.41796875,4.441136360168457
Juniper_Jim_Sha,ridge,0.42578125,4.363008499145508
Juniper_Jim_Sha,ridge,0.43359375,4.2660040855407715
Juniper_Jim_Sha,ridge,0.44140625,4.1479692459106445
Juniper_Jim_Sha,ridge,0.44921875,4.009215354919434
Juniper_Jim_Sha,ridge,0.45703125,3.853869915008545
Juniper_Jim_Sha,ridge,0.46484375,3.688856840133667
Juniper_Jim_Sha,ridge,0.47265625,3.521894931793213
Juniper_Jim_Sha,ridge,0.48046875,3.3595504760742188
Juniper_Jim_Sha,ridge,0.48828125,3.205672025680542
Juniper_Jim_Sha,ridge,0.49609375,3.061422824859619
Juniper_Jim_Sha,ridge,0.50390625,2.9266321659088135
Juniper_Jim_Sha,ridge,0.51171875,2.8006415367126465
Juniper_Jim_Sha,ridge,0.51953125,2.6824283599853516
Juniper_Jim_Sha,ridge,0.52734375,2.5709359645843506
Juniper_Jim_Sha,ridge,0.53515625,2.4655227661132812
Juniper_Jim_Sha,ridge,0.54296875,2.3658370971679688
Juniper_Jim_Sha,ridge,0.55078125,2.2718300819396973
Juniper_Jim_Sha,ridge,0.55859375,2.183532476425171
Juniper_Jim_Sha,ridge,0.56640625,2.101059913635254
Juniper_Jim_Sha,ridge,0.57421875,2.024510145187378
Juniper_Jim_Sha,ridge,0.58203125,1.9536123275756836
Juniper_Jim_Sha,ridge,0.58984375,1.8877768516540527
Juniper_Jim_Sha,ridge,0.59765625,1.8263518810272217
Juniper_Jim_Sha,ridge,0.60546875,1.768859624862671
Juniper_Jim_Sha,ridge,0.61328125,1.7151362895965576
Juniper_Jim_Sha,ridge,0.62109375,1.6653146743774414
Juniper_Jim_Sha,ridge,0.62890625,1.6195874214172363
Juniper_Jim_Sha,ridge,0.63671875,1.5779060125350952
Juniper_Jim_Sha,ridge,0.64453125,1.5398194789886475
Juniper_Jim_Sha,ridge,0.65234375,1.504533052444458
Juniper_Jim_Sha,ridge,0.66015625,1.4711406230926514
Juniper_Jim_Sha,ridge,0.66796875,1.4388463497161865
Juniper_Jim_Sha,ridge,0.67578125,1.4070953130722046
Juniper_Jim_Sha,ridge,0.68359375,1.375535249710083
Juniper_Jim_Sha,ridge,0.69140625,1.3439115285873413
Juniper_Jim_Sha,ridge,0.69921875,1.3119754791259766
Juniper_Jim_Sha,ridge,0.70703125,1.2794554233551025
Juniper_Jim_Sha,ridge,0.71484375,1.246231198310852
Juniper_Jim_Sha,ridge,0.72265625,1.2127939462661743
Juniper_Jim_Sha,ridge,0.73046875,1.1796549558639526
Juniper_Jim_Sha,ridge,0.73828125,1.1459832191467285
Juniper_Jim_Sha,ridge,0.74609375,1.110874891281128
Juniper_Jim_Sha,ridge,0.75390625,1.0744059085845947
Juniper_Jim_Sha,ridge,0.76171875,1.0374304056167603
Juniper_Jim_Sha,ridge,0.76953125,1.001254916191101
Juniper_Jim_Sha,ridge,0.77734375,0.9670374393463135
Juniper_Jim_Sha,ridge,0.78515625,0.935348391532898
Juniper_Jim_Sha,ridge,0.79296875,0.9062442779541016
Juniper_Jim_Sha,ridge,0.80078125,0.879662811756134
Juniper_Jim_Sha,ridge,0.80859375,0.8556228876113892
Juniper_Jim_Sha,ridge,0.81640625,0.8341513872146606
Juniper_Jim_Sha,ridge,0.82421875,0.8151784539222717
Juniper_Jim_Sha,ridge,0.83203125,0.7984952926635742
Juniper_Jim_Sha,ridge,0.83984375,0.7837247848510742
Juniper_Jim_Sha,ridge,0.84765625,0.7704721689224243
Juniper_Jim_Sha,ridge,0.85546875,0.7585124969482422
Juniper_Jim_Sha,ridge,0.86328125,0.7477272748947144
Juniper_Jim_Sha,ridge,0.87109375,0.7376179099082947
Juniper_Jim_Sha,ridge,0.87890625,0.7262765765190125
Juniper_Jim_Sha,ridge,0.88671875,0.7133028507232666
Juniper_Jim_Sha,ridge,0.89453125,0.7002134323120117
Juniper_Jim_Sha,ridge,0.90234375,0.6888006329536438
Juniper_Jim_Sha,ridge,0.91015625,0.6800737380981445
Juniper_Jim_Sha,ridge,0.91796875,0.6734640002250671
Juniper_Jim_Sha,ridge,0.92578125,0.6679862141609192
Juniper_Jim_Sha,ridge,0.93359375,0.6609964370727539
Juniper_Jim_Sha,ridge,0.94140625,0.6535741686820984
Juniper_Jim_Sha,ridge,0.94921875,0.639259934425354
Juniper_Jim_Sha,ridge,0.95703125,0.615176260471344
Juniper_Jim_Sha,ridge,0.96484375,0.5982450842857361
Juniper_Jim_Sha,ridge,0.97265625,0.6046434044837952
Juniper_Jim_Sha,ridge,0.98046875,0.607478678226471
Juniper_Jim_Sha,ridge,0.98828125,0.6014235615730286
Juniper_Jim_Sha,ridge,0.99609375,0.6036267876625061
Juniper_Jim_Sha,ridge,1.0,0.6051061153411865
Juniper_Jim_Sha,enet,0.0,0.10713878273963928
Juniper_Jim_Sha,enet,0.00390625,0.1085515022277832
Juniper_Jim_Sha,enet,0.01171875,0.11114886403083801
Juniper_Jim_Sha,enet,0.01953125,0.11344039440155029
Juniper_Jim_Sha,enet,0.02734375,0.11551302671432495
Juniper_Jim_Sha,enet,0.03515625,0.11745983362197876
Juniper_Jim_Sha,enet,0.04296875,0.11929982900619507
Juniper_Jim_Sha,enet,0.05078125,0.12114089727401733
Juniper_Jim_Sha,enet,0.05859375,0.12322351336479187
Juniper_Jim_Sha,enet,0.06640625,0.1255459487438202
Juniper_Jim_Sha,enet,0.07421875,0.12824732065200806
Juniper_Jim_Sha,enet,0.08203125,0.13163933157920837
Juniper_Jim_Sha,enet,0.08984375,0.136010080575943
Juniper_Jim_Sha,enet,0.09765625,0.14162060618400574
Juniper_Jim_Sha,enet,0.10546875,0.1487361490726471
Juniper_Jim_Sha,enet,0.11328125,0.157823383808136
Juniper_Jim_Sha,enet,0.12109375,0.16937002539634705
Juniper_Jim_Sha,enet,0.12890625,0.18377530574798584
Juniper_Jim_Sha,enet,0.13671875,0.20131933689117432
Juniper_Jim_Sha,enet,0.14453125,0.2221449464559555
Juniper_Jim_Sha,enet,0.15234375,0.24630501866340637
Juniper_Jim_Sha,enet,0.16015625,0.2737275958061218
Juniper_Jim_Sha,enet,0.16796875,0.3043263554573059
Juniper_Jim_Sha,enet,0.17578125,0.33807337284088135
Juniper_Jim_Sha,enet,0.18359375,0.37492817640304565
Juniper_Jim_Sha,enet,0.19140625,0.4147155284881592
Juniper_Jim_Sha,enet,0.19921875,0.45727112889289856
Juniper_Jim_Sha,enet,0.20703125,0.5025998950004578
Juniper_Jim_Sha,enet,0.21484375,0.5505713224411011
Juniper_Jim_Sha,enet,0.22265625,0.6007803678512573
Juniper_Jim_Sha,enet,0.23046875,0.652803897857666
Juniper_Jim_Sha,enet,0.23828125,0.7062045335769653
Juniper_Jim_Sha,enet,0.24609375,0.7605791091918945
Juniper_Jim_Sha,enet,0.25390625,0.8155810236930847
Juniper_Jim_Sha,enet,0.26171875,0.8709596395492554
Juniper_Jim_Sha,enet,0.26953125,0.9265519976615906
Juniper_Jim_Sha,enet,0.27734375,0.9822500944137573
Juniper_Jim_Sha,enet,0.28515625,1.0380146503448486
Juniper_Jim_Sha,enet,0.29296875,1.0938377380371094
Juniper_Jim_Sha,enet,0.30078125,1.1496920585632324
Juniper_Jim_Sha,enet,0.30859375,1.2055160999298096
Juniper_Jim_Sha,enet,0.31640625,1.2613145112991333
Juniper_Jim_Sha,enet,0.32421875,1.3173327445983887
Juniper_Jim_Sha,enet,0.33203125,1.37388277053833
Juniper_Jim_Sha,enet,0.33984375,1.431183934211731
Juniper_Jim_Sha,enet,0.34765625,1.4892349243164062
Juniper_Jim_Sha,enet,0.35546875,1.547796368598938
Juniper_Jim_Sha,enet,0.36328125,1.6065384149551392
Juniper_Jim_Sha,enet,0.37109375,1.665216088294983
Juniper_Jim_Sha,enet,0.37890625,1.7237966060638428
Juniper_Jim_Sha,enet,0.38671875,1.7823591232299805
Juniper_Jim_Sha,enet,0.39453125,1.840537190437317
Juniper_Jim_Sha,enet,0.40234375,1.8966435194015503
Juniper_Jim_Sha,enet,0.41015625,1.9472962617874146
Juniper_Jim_Sha,enet,0.41796875,1.988451361656189
Juniper_Jim_Sha,enet,0.42578125,2.0170681476593018
Juniper_Jim_Sha,enet,0.43359375,2.031595468521118
Juniper_Jim_Sha,enet,0.44140625,2.031660556793213
Juniper_Jim_Sha,enet,0.44921875,2.018716812133789
Juniper_Jim_Sha,enet,0.45703125,1.9966843128204346
Juniper_Jim_Sha,enet,0.46484375,1.9700767993927002
Juniper_Jim_Sha,enet,0.47265625,1.9421411752700806
Juniper_Jim_Sha,enet,0.48046875,1.9139398336410522
Juniper_Jim_Sha,enet,0.48828125,1.8840196132659912
Juniper_Jim_Sha,enet,0.49609375,1.8496050834655762
Juniper_Jim_Sha,enet,0.50390625,1.8089945316314697
Juniper_Jim_Sha,enet,0.51171875,1.7626985311508179
Juniper_Jim_Sha,enet,0.51953125,1.7124669551849365
Juniper_Jim_Sha,enet,0.52734375,1.6600555181503296
Juniper_Jim_Sha,enet,0.53515625,1.6067192554473877
Juniper_Jim_Sha,enet,0.54296875,1.5529916286468506
Juniper_Jim_Sha,enet,0.55078125,1.4993935823440552
Juniper_Jim_Sha,enet,0.55859375,1.447187066078186
Juniper_Jim_Sha,enet,0.56640625,1.3976879119873047
Juniper_Jim_Sha,enet,0.57421875,1.3517554998397827
Juniper_Jim_Sha,enet,0.58203125,1.3096842765808105
Juniper_Jim_Sha,enet,0.58984375,1.2714078426361084
Juniper_Jim_Sha,enet,0.59765625,1.23665189743042
Juniper_Jim_Sha,enet,0.60546875,1.2050291299819946
Juniper_Jim_Sha,enet,0.61328125,1.1760904788970947
Juniper_Jim_Sha,enet,0.62109375,1.1493877172470093
Juniper_Jim_Sha,enet,0.62890625,1.1244546175003052
Juniper_Jim_Sha,enet,0.63671875,1.1007739305496216
Juniper_Jim_Sha,enet,0.64453125,1.0777055025100708
Juniper_Jim_Sha,enet,0.65234375,1.0544967651367188
Juniper_Jim_Sha,enet,0.66015625,1.0304553508758545
Juniper_Jim_Sha,enet,0.66796875,1.0051488876342773
Juniper_Jim_Sha,enet,0.67578125,0.9784766435623169
Juniper_Jim_Sha,enet,0.68359375,0.9505594968795776
Juniper_Jim_Sha,enet,0.69140625,0.9215583801269531
Juniper_Jim_Sha,enet,0.69921875,0.8915262818336487
Juniper_Jim_Sha,enet,0.70703125,0.8602633476257324
Juniper_Jim_Sha,enet,0.71484375,0.8273941278457642
Juniper_Jim_Sha,enet,0.72265625,0.7931181788444519
Juniper_Jim_Sha,enet,0.73046875,0.75853431224823
Juniper_Jim_Sha,enet,0.73828125,0.7241976261138916
Juniper_Jim_Sha,enet,0.74609375,0.6892344951629639
Juniper_Jim_Sha,enet,0.75390625,0.6525441408157349
Juniper_Jim_Sha,enet,0.76171875,0.6135244369506836
Juniper_Jim_Sha,enet,0.76953125,0.5723077654838562
Juniper_Jim_Sha,enet,0.77734375,0.5294649600982666
Juniper_Jim_Sha,enet,0.78515625,0.48559337854385376
Juniper_Jim_Sha,enet,0.79296875,0.44126206636428833
Juniper_Jim_Sha,enet,0.80078125,0.3970702588558197
Juniper_Jim_Sha,enet,0.80859375,0.35361582040786743
Juniper_Jim_Sha,enet,0.81640625,0.3114769458770752
Juniper_Jim_Sha,enet,0.82421875,0.2711976170539856
Juniper_Jim_Sha,enet,0.83203125,0.23324483633041382
Juniper_Jim_Sha,enet,0.83984375,0.19812849164009094
Juniper_Jim_Sha,enet,0.84765625,0.16661867499351501
Juniper_Jim_Sha,enet,0.85546875,0.13988183438777924
Juniper_Jim_Sha,enet,0.86328125,0.11902962625026703
Juniper_Jim_Sha,enet,0.87109375,0.10282155126333237
Juniper_Jim_Sha,enet,0.87890625,0.08823157101869583
Juniper_Jim_Sha,enet,0.88671875,0.07419998198747635
Juniper_Jim_Sha,enet,0.89453125,0.061197809875011444
Juniper_Jim_Sha,enet,0.90234375,0.0501667857170105
Juniper_Jim_Sha,enet,0.91015625,0.04226565361022949
Juniper_Jim_Sha,enet,0.91796875,0.037219077348709106
Juniper_Jim_Sha,enet,0.92578125,0.03305262327194214
Juniper_Jim_Sha,enet,0.93359375,0.024691715836524963
Juniper_Jim_Sha,enet,0.94140625,0.0030029863119125366
Juniper_Jim_Sha,enet,0.94921875,-0.03311978280544281
Juniper_Jim_Sha,enet,0.95703125,-0.07675963640213013
Juniper_Jim_Sha,enet,0.96484375,-0.099721759557724
Juniper_Jim_Sha,enet,0.97265625,-0.08714790642261505
Juniper_Jim_Sha,enet,0.98046875,-0.08095858991146088
Juniper_Jim_Sha,enet,0.98828125,-0.10654833912849426
Juniper_Jim_Sha,enet,0.99609375,-0.1290263682603836
Juniper_Jim_Sha,enet,1.0,-0.12710464000701904
Kamal_Chandani_Obterre,ridge,0.0,4.0379838943481445
Kamal_Chandani_Obterre,ridge,0.00390625,4.036575794219971
Kamal_Chandani_Obterre,ridge,0.01171875,4.033745765686035
Kamal_Chandani_Obterre,ridge,0.01953125,4.030864238739014
Kamal_Chandani_Obterre,ridge,0.02734375,4.027931213378906
Kamal_Chandani_Obterre,ridge,0.03515625,4.025019645690918
Kamal_Chandani_Obterre,ridge,0.04296875,4.022212028503418
Kamal_Chandani_Obterre,ridge,0.05078125,4.0195231437683105
Kamal_Chandani_Obterre,ridge,0.05859375,4.016847610473633
Kamal_Chandani_Obterre,ridge,0.06640625,4.0139265060424805
Kamal_Chandani_Obterre,ridge,0.07421875,4.010682106018066
Kamal_Chandani_Obterre,ridge,0.08203125,4.007355690002441
Kamal_Chandani_Obterre,ridge,0.08984375,4.004092216491699
Kamal_Chandani_Obterre,ridge,0.09765625,4.000887870788574
Kamal_Chandani_Obterre,ridge,0.10546875,3.9977102279663086
Kamal_Chandani_Obterre,ridge,0.11328125,3.994525909423828
Kamal_Chandani_Obterre,ridge,0.12109375,3.9912567138671875
Kamal_Chandani_Obterre,ridge,0.12890625,3.9878194332122803
Kamal_Chandani_Obterre,ridge,0.13671875,3.9842514991760254
Kamal_Chandani_Obterre,ridge,0.14453125,3.9806699752807617
Kamal_Chandani_Obterre,ridge,0.15234375,3.9770851135253906
Kamal_Chandani_Obterre,ridge,0.16015625,3.973377227783203
Kamal_Chandani_Obterre,ridge,0.16796875,3.9693665504455566
Kamal_Chandani_Obterre,ridge,0.17578125,3.964895725250244
Kamal_Chandani_Obterre,ridge,0.18359375,3.959864616394043
Kamal_Chandani_Obterre,ridge,0.19140625,3.9542179107666016
Kamal_Chandani_Obterre,ridge,0.19921875,3.947904109954834
Kamal_Chandani_Obterre,ridge,0.20703125,3.940814733505249
Kamal_Chandani_Obterre,ridge,0.21484375,3.932828664779663
Kamal_Chandani_Obterre,ridge,0.22265625,3.9238805770874023
Kamal_Chandani_Obterre,ridge,0.23046875,3.913896083831787
Kamal_Chandani_Obterre,ridge,0.23828125,3.9026942253112793
Kamal_Chandani_Obterre,ridge,0.24609375,3.889981269836426
Kamal_Chandani_Obterre,ridge,0.25390625,3.8754029273986816
Kamal_Chandani_Obterre,ridge,0.26171875,3.8586277961730957
Kamal_Chandani_Obterre,ridge,0.26953125,3.8394293785095215
Kamal_Chandani_Obterre,ridge,0.27734375,3.817671298980713
Kamal_Chandani_Obterre,ridge,0.28515625,3.793283224105835
Kamal_Chandani_Obterre,ridge,0.29296875,3.766315460205078
Kamal_Chandani_Obterre,ridge,0.30078125,3.736961603164673
Kamal_Chandani_Obterre,ridge,0.30859375,3.7056212425231934
Kamal_Chandani_Obterre,ridge,0.31640625,3.672802448272705
Kamal_Chandani_Obterre,ridge,0.32421875,3.638974189758301
Kamal_Chandani_Obterre,ridge,0.33203125,3.6043736934661865
Kamal_Chandani_Obterre,ridge,0.33984375,3.5688271522521973
Kamal_Chandani_Obterre,ridge,0.34765625,3.5318593978881836
Kamal_Chandani_Obterre,ridge,0.35546875,3.49284029006958
Kamal_Chandani_Obterre,ridge,0.36328125,3.4511027336120605
Kamal_Chandani_Obterre,ridge,0.37109375,3.405965805053711
Kamal_Chandani_Obterre,ridge,0.37890625,3.3567698001861572
Kamal_Chandani_Obterre,ridge,0.38671875,3.302886724472046
Kamal_Chandani_Obterre,ridge,0.39453125,3.243699073791504
Kamal_Chandani_Obterre,ridge,0.40234375,3.1788229942321777
Kamal_Chandani_Obterre,ridge,0.41015625,3.1077213287353516
Kamal_Chandani_Obterre,ridge,0.41796875,3.028773307800293
Kamal_Chandani_Obterre,ridge,0.42578125,2.939330816268921
Kamal_Chandani_Obterre,ridge,0.43359375,2.836874008178711
Kamal_Chandani_Obterre,ridge,0.44140625,2.720442771911621
Kamal_Chandani_Obterre,ridge,0.44921875,2.5912938117980957
Kamal_Chandani_Obterre,ridge,0.45703125,2.4521703720092773
Kamal_Chandani_Obterre,ridge,0.46484375,2.3057847023010254
Kamal_Chandani_Obterre,ridge,0.47265625,2.154179573059082
Kamal_Chandani_Obterre,ridge,0.48046875,1.9995331764221191
Kamal_Chandani_Obterre,ridge,0.48828125,1.8447871208190918
Kamal_Chandani_Obterre,ridge,0.49609375,1.6930437088012695
Kamal_Chandani_Obterre,ridge,0.50390625,1.5465161800384521
Kamal_Chandani_Obterre,ridge,0.51171875,1.406194806098938
Kamal_Chandani_Obterre,ridge,0.51953125,1.2723904848098755
Kamal_Chandani_Obterre,ridge,0.52734375,1.1454706192016602
Kamal_Chandani_Obterre,ridge,0.53515625,1.0259202718734741
Kamal_Chandani_Obterre,ridge,0.54296875,0.9138738512992859
Kamal_Chandani_Obterre,ridge,0.55078125,0.8096915483474731
Kamal_Chandani_Obterre,ridge,0.55859375,0.7142312526702881
Kamal_Chandani_Obterre,ridge,0.56640625,0.628320574760437
Kamal_Chandani_Obterre,ridge,0.57421875,0.5519095659255981
Kamal_Chandani_Obterre,ridge,0.58203125,0.48349714279174805
Kamal_Chandani_Obterre,ridge,0.58984375,0.4209321141242981
Kamal_Chandani_Obterre,ridge,0.59765625,0.3623359501361847
Kamal_Chandani_Obterre,ridge,0.60546875,0.3060811460018158
Kamal_Chandani_Obterre,ridge,0.61328125,0.25099846720695496
Kamal_Chandani_Obterre,ridge,0.62109375,0.1965377926826477
Kamal_Chandani_Obterre,ridge,0.62890625,0.1426391303539276
Kamal_Chandani_Obterre,ridge,0.63671875,0.08954024314880371
Kamal_Chandani_Obterre,ridge,0.64453125,0.03759200870990753
Kamal_Chandani_Obterre,ridge,0.65234375,-0.012935727834701538
Kamal_Chandani_Obterre,ridge,0.66015625,-0.06192319095134735
Kamal_Chandani_Obterre,ridge,0.66796875,-0.10932430624961853
Kamal_Chandani_Obterre,ridge,0.67578125,-0.15508081018924713
Kamal_Chandani_Obterre,ridge,0.68359375,-0.1991109549999237
Kamal_Chandani_Obterre,ridge,0.69140625,-0.2412569671869278
Kamal_Chandani_Obterre,ridge,0.69921875,-0.28140056133270264
Kamal_Chandani_Obterre,ridge,0.70703125,-0.3195573389530182
Kamal_Chandani_Obterre,ridge,0.71484375,-0.35574302077293396
Kamal_Chandani_Obterre,ridge,0.72265625,-0.38982146978378296
Kamal_Chandani_Obterre,ridge,0.73046875,-0.42141926288604736
Kamal_Chandani_Obterre,ridge,0.73828125,-0.4502222239971161
Kamal_Chandani_Obterre,ridge,0.74609375,-0.47624197602272034
Kamal_Chandani_Obterre,ridge,0.75390625,-0.49953389167785645
Kamal_Chandani_Obterre,ridge,0.76171875,-0.5200810432434082
Kamal_Chandani_Obterre,ridge,0.76953125,-0.5378738641738892
Kamal_Chandani_Obterre,ridge,0.77734375,-0.5529896020889282
Kamal_Chandani_Obterre,ridge,0.78515625,-0.5656914710998535
Kamal_Chandani_Obterre,ridge,0.79296875,-0.5764570236206055
Kamal_Chandani_Obterre,ridge,0.80078125,-0.5857915878295898
Kamal_Chandani_Obterre,ridge,0.80859375,-0.593923032283783
Kamal_Chandani_Obterre,ridge,0.81640625,-0.6006863713264465
Kamal_Chandani_Obterre,ridge,0.82421875,-0.6056387424468994
Kamal_Chandani_Obterre,ridge,0.83203125,-0.6083577871322632
Kamal_Chandani_Obterre,ridge,0.83984375,-0.6086185574531555
Kamal_Chandani_Obterre,ridge,0.84765625,-0.6063892841339111
Kamal_Chandani_Obterre,ridge,0.85546875,-0.60172039270401
Kamal_Chandani_Obterre,ridge,0.86328125,-0.5946784019470215
Kamal_Chandani_Obterre,ridge,0.87109375,-0.5853543877601624
Kamal_Chandani_Obterre,ridge,0.87890625,-0.573900580406189
Kamal_Chandani_Obterre,ridge,0.88671875,-0.5606542229652405
Kamal_Chandani_Obterre,ridge,0.89453125,-0.5462334156036377
Kamal_Chandani_Obterre,ridge,0.90234375,-0.5313740372657776
Kamal_Chandani_Obterre,ridge,0.91015625,-0.5164549946784973
Kamal_Chandani_Obterre,ridge,0.91796875,-0.5013230443000793
Kamal_Chandani_Obterre,ridge,0.92578125,-0.48571524024009705
Kamal_Chandani_Obterre,ridge,0.93359375,-0.46981754899024963
Kamal_Chandani_Obterre,ridge,0.94140625,-0.4548967182636261
Kamal_Chandani_Obterre,ridge,0.94921875,-0.4430452883243561
Kamal_Chandani_Obterre,ridge,0.95703125,-0.43654024600982666
Kamal_Chandani_Obterre,ridge,0.96484375,-0.4352574050426483
Kamal_Chandani_Obterre,ridge,0.97265625,-0.4393937587738037
Kamal_Chandani_Obterre,ridge,0.98046875,-0.4469679892063141
Kamal_Chandani_Obterre,ridge,0.98828125,-0.45668864250183105
Kamal_Chandani_Obterre,ridge,0.99609375,-0.4676702320575714
Kamal_Chandani_Obterre,ridge,1.0,-0.4725104570388794
Kamal_Chandani_Obterre,enet,0.0,-1.1798527240753174
Kamal_Chandani_Obterre,enet,0.00390625,-1.180708408355713
Kamal_Chandani_Obterre,enet,0.01171875,-1.1822576522827148
Kamal_Chandani_Obterre,enet,0.01953125,-1.183638572692871
Kamal_Chandani_Obterre,enet,0.02734375,-1.184874415397644
Kamal_Chandani_Obterre,enet,0.03515625,-1.1859052181243896
Kamal_Chandani_Obterre,enet,0.04296875,-1.1866600513458252
Kamal_Chandani_Obterre,enet,0.05078125,-1.1871637105941772
Kamal_Chandani_Obterre,enet,0.05859375,-1.1874510049819946
Kamal_Chandani_Obterre,enet,0.06640625,-1.1874682903289795
Kamal_Chandani_Obterre,enet,0.07421875,-1.187149167060852
Kamal_Chandani_Obterre,enet,0.08203125,-1.1864490509033203
Kamal_Chandani_Obterre,enet,0.08984375,-1.1852400302886963
Kamal_Chandani_Obterre,enet,0.09765625,-1.1833196878433228
Kamal_Chandani_Obterre,enet,0.10546875,-1.1804826259613037
Kamal_Chandani_Obterre,enet,0.11328125,-1.1765172481536865
Kamal_Chandani_Obterre,enet,0.12109375,-1.1711615324020386
Kamal_Chandani_Obterre,enet,0.12890625,-1.1640918254852295
Kamal_Chandani_Obterre,enet,0.13671875,-1.1548519134521484
Kamal_Chandani_Obterre,enet,0.14453125,-1.143122911453247
Kamal_Chandani_Obterre,enet,0.15234375,-1.1287775039672852
Kamal_Chandani_Obterre,enet,0.16015625,-1.1117630004882812
Kamal_Chandani_Obterre,enet,0.16796875,-1.092112421989441
Kamal_Chandani_Obterre,enet,0.17578125,-1.0699000358581543
Kamal_Chandani_Obterre,enet,0.18359375,-1.0452224016189575
Kamal_Chandani_Obterre,enet,0.19140625,-1.0181634426116943
Kamal_Chandani_Obterre,enet,0.19921875,-0.9888235330581665
Kamal_Chandani_Obterre,enet,0.20703125,-0.9573560953140259
Kamal_Chandani_Obterre,enet,0.21484375,-0.923910915851593
Kamal_Chandani_Obterre,enet,0.22265625,-0.8885862827301025
Kamal_Chandani_Obterre,enet,0.23046875,-0.851505696773529
Kamal_Chandani_Obterre,enet,0.23828125,-0.812871515750885
Kamal_Chandani_Obterre,enet,0.24609375,-0.7729865312576294
Kamal_Chandani_Obterre,enet,0.25390625,-0.7321804761886597
Kamal_Chandani_Obterre,enet,0.26171875,-0.6907811164855957
Kamal_Chandani_Obterre,enet,0.26953125,-0.6490808725357056
Kamal_Chandani_Obterre,enet,0.27734375,-0.6073424220085144
Kamal_Chandani_Obterre,enet,0.28515625,-0.5658299326896667
Kamal_Chandani_Obterre,enet,0.29296875,-0.5246183276176453
Kamal_Chandani_Obterre,enet,0.30078125,-0.48356854915618896
Kamal_Chandani_Obterre,enet,0.30859375,-0.44232553243637085
Kamal_Chandani_Obterre,enet,0.31640625,-0.4003695845603943
Kamal_Chandani_Obterre,enet,0.32421875,-0.35699462890625
Kamal_Chandani_Obterre,enet,0.33203125,-0.31130027770996094
Kamal_Chandani_Obterre,enet,0.33984375,-0.26238542795181274
Kamal_Chandani_Obterre,enet,0.34765625,-0.2092570960521698
Kamal_Chandani_Obterre,enet,0.35546875,-0.15070059895515442
Kamal_Chandani_Obterre,enet,0.36328125,-0.08509522676467896
Kamal_Chandani_Obterre,enet,0.37109375,-0.010583564639091492
Kamal_Chandani_Obterre,enet,0.37890625,0.0745217427611351
Kamal_Chandani_Obterre,enet,0.38671875,0.17162072658538818
Kamal_Chandani_Obterre,enet,0.39453125,0.2815837860107422
Kamal_Chandani_Obterre,enet,0.40234375,0.40409064292907715
Kamal_Chandani_Obterre,enet,0.41015625,0.5365915298461914
Kamal_Chandani_Obterre,enet,0.41796875,0.673675000667572
Kamal_Chandani_Obterre,enet,0.42578125,0.8077185153961182
Kamal_Chandani_Obterre,enet,0.43359375,0.930719256401062
Kamal_Chandani_Obterre,enet,0.44140625,1.0365824699401855
Kamal_Chandani_Obterre,enet,0.44921875,1.1227760314941406
Kamal_Chandani_Obterre,enet,0.45703125,1.1899574995040894
Kamal_Chandani_Obterre,enet,0.46484375,1.2397501468658447
Kamal_Chandani_Obterre,enet,0.47265625,1.2728725671768188
Kamal_Chandani_Obterre,enet,0.48046875,1.2893913984298706
Kamal_Chandani_Obterre,enet,0.48828125,1.2903988361358643
Kamal_Chandani_Obterre,enet,0.49609375,1.2787699699401855
Kamal_Chandani_Obterre,enet,0.50390625,1.257964015007019
Kamal_Chandani_Obterre,enet,0.51171875,1.2304630279541016
Kamal_Chandani_Obterre,enet,0.51953125,1.19771146774292
Kamal_Chandani_Obterre,enet,0.52734375,1.161279559135437
Kamal_Chandani_Obterre,enet,0.53515625,1.1230415105819702
Kamal_Chandani_Obterre,enet,0.54296875,1.083547592163086
Kamal_Chandani_Obterre,enet,0.55078125,1.0421240329742432
Kamal_Chandani_Obterre,enet,0.55859375,0.9987342953681946
Kamal_Chandani_Obterre,enet,0.56640625,0.9545013904571533
Kamal_Chandani_Obterre,enet,0.57421875,0.9105030298233032
Kamal_Chandani_Obterre,enet,0.58203125,0.8667346239089966
Kamal_Chandani_Obterre,enet,0.58984375,0.823167085647583
Kamal_Chandani_Obterre,enet,0.59765625,0.7805349230766296
Kamal_Chandani_Obterre,enet,0.60546875,0.7394724488258362
Kamal_Chandani_Obterre,enet,0.61328125,0.7002290487289429
Kamal_Chandani_Obterre,enet,0.62109375,0.6628319025039673
Kamal_Chandani_Obterre,enet,0.62890625,0.6272290945053101
Kamal_Chandani_Obterre,enet,0.63671875,0.5933419466018677
Kamal_Chandani_Obterre,enet,0.64453125,0.5609723925590515
Kamal_Chandani_Obterre,enet,0.65234375,0.5297512412071228
Kamal_Chandani_Obterre,enet,0.66015625,0.4992472231388092
Kamal_Chandani_Obterre,enet,0.66796875,0.4691341817378998
Kamal_Chandani_Obterre,enet,0.67578125,0.439249724149704
Kamal_Chandani_Obterre,enet,0.68359375,0.4095667898654938
Kamal_Chandani_Obterre,enet,0.69140625,0.3801581859588623
Kamal_Chandani_Obterre,enet,0.69921875,0.3510899543762207
Kamal_Chandani_Obterre,enet,0.70703125,0.32245737314224243
Kamal_Chandani_Obterre,enet,0.71484375,0.29456984996795654
Kamal_Chandani_Obterre,enet,0.72265625,0.2679506242275238
Kamal_Chandani_Obterre,enet,0.73046875,0.24341857433319092
Kamal_Chandani_Obterre,enet,0.73828125,0.22163532674312592
Kamal_Chandani_Obterre,enet,0.74609375,0.2025277465581894
Kamal_Chandani_Obterre,enet,0.75390625,0.18556907773017883
Kamal_Chandani_Obterre,enet,0.76171875,0.1702021211385727
Kamal_Chandani_Obterre,enet,0.76953125,0.15600037574768066
Kamal_Chandani_Obterre,enet,0.77734375,0.14260220527648926
Kamal_Chandani_Obterre,enet,0.78515625,0.12946632504463196
Kamal_Chandani_Obterre,enet,0.79296875,0.11580374836921692
Kamal_Chandani_Obterre,enet,0.80078125,0.10094061493873596
Kamal_Chandani_Obterre,enet,0.80859375,0.0848049521446228
Kamal_Chandani_Obterre,enet,0.81640625,0.06794315576553345
Kamal_Chandani_Obterre,enet,0.82421875,0.051186639815568924
Kamal_Chandani_Obterre,enet,0.83203125,0.03528324514627457
Kamal_Chandani_Obterre,enet,0.83984375,0.020721236243844032
Kamal_Chandani_Obterre,enet,0.84765625,0.007780913263559341
Kamal_Chandani_Obterre,enet,0.85546875,-0.0032547488808631897
Kamal_Chandani_Obterre,enet,0.86328125,-0.011995084583759308
Kamal_Chandani_Obterre,enet,0.87109375,-0.018037714064121246
Kamal_Chandani_Obterre,enet,0.87890625,-0.021138794720172882
Kamal_Chandani_Obterre,enet,0.88671875,-0.021625295281410217
Kamal_Chandani_Obterre,enet,0.89453125,-0.02046941965818405
Kamal_Chandani_Obterre,enet,0.90234375,-0.01877443492412567
Kamal_Chandani_Obterre,enet,0.91015625,-0.017007600516080856
Kamal_Chandani_Obterre,enet,0.91796875,-0.014626219868659973
Kamal_Chandani_Obterre,enet,0.92578125,-0.01061403751373291
Kamal_Chandani_Obterre,enet,0.93359375,-0.004694193601608276
Kamal_Chandani_Obterre,enet,0.94140625,0.000990934669971466
Kamal_Chandani_Obterre,enet,0.94921875,0.0030732247978448868
Kamal_Chandani_Obterre,enet,0.95703125,-0.000177040696144104
Kamal_Chandani_Obterre,enet,0.96484375,-0.0054102614521980286
Kamal_Chandani_Obterre,enet,0.97265625,-0.011650018393993378
Kamal_Chandani_Obterre,enet,0.98046875,-0.01592639833688736
Kamal_Chandani_Obterre,enet,0.98828125,-0.018710389733314514
Kamal_Chandani_Obterre,enet,0.99609375,-0.023263465613126755
Kamal_Chandani_Obterre,enet,1.0,-0.026273947209119797
Keith_Tadeo_Muna,ridge,0.0,4.725840091705322
Keith_Tadeo_Muna,ridge,0.00390625,4.726903915405273
Keith_Tadeo_Muna,ridge,0.01171875,4.729149341583252
Keith_Tadeo_Muna,ridge,0.01953125,4.73153829574585
Keith_Tadeo_Muna,ridge,0.02734375,4.734002113342285
Keith_Tadeo_Muna,ridge,0.03515625,4.736421585083008
Keith_Tadeo_Muna,ridge,0.04296875,4.738685607910156
Keith_Tadeo_Muna,ridge,0.05078125,4.740767478942871
Keith_Tadeo_Muna,ridge,0.05859375,4.742794990539551
Keith_Tadeo_Muna,ridge,0.06640625,4.744969367980957
Keith_Tadeo_Muna,ridge,0.07421875,4.747394561767578
Keith_Tadeo_Muna,ridge,0.08203125,4.749913692474365
Keith_Tadeo_Muna,ridge,0.08984375,4.752226829528809
Keith_Tadeo_Muna,ridge,0.09765625,4.754199028015137
Keith_Tadeo_Muna,ridge,0.10546875,4.7559003829956055
Keith_Tadeo_Muna,ridge,0.11328125,4.757497787475586
Keith_Tadeo_Muna,ridge,0.12109375,4.759103775024414
Keith_Tadeo_Muna,ridge,0.12890625,4.760749816894531
Keith_Tadeo_Muna,ridge,0.13671875,4.7624359130859375
Keith_Tadeo_Muna,ridge,0.14453125,4.764204502105713
Keith_Tadeo_Muna,ridge,0.15234375,4.766197204589844
Keith_Tadeo_Muna,ridge,0.16015625,4.768528938293457
Keith_Tadeo_Muna,ridge,0.16796875,4.771228313446045
Keith_Tadeo_Muna,ridge,0.17578125,4.774374008178711
Keith_Tadeo_Muna,ridge,0.18359375,4.778039932250977
Keith_Tadeo_Muna,ridge,0.19140625,4.782201766967773
Keith_Tadeo_Muna,ridge,0.19921875,4.786808013916016
Keith_Tadeo_Muna,ridge,0.20703125,4.791784286499023
Keith_Tadeo_Muna,ridge,0.21484375,4.797056198120117
Keith_Tadeo_Muna,ridge,0.22265625,4.802492141723633
Keith_Tadeo_Muna,ridge,0.23046875,4.808007717132568
Keith_Tadeo_Muna,ridge,0.23828125,4.813558578491211
Keith_Tadeo_Muna,ridge,0.24609375,4.819060802459717
Keith_Tadeo_Muna,ridge,0.25390625,4.824418544769287
Keith_Tadeo_Muna,ridge,0.26171875,4.82960844039917
Keith_Tadeo_Muna,ridge,0.26953125,4.834753513336182
Keith_Tadeo_Muna,ridge,0.27734375,4.840066909790039
Keith_Tadeo_Muna,ridge,0.28515625,4.84566593170166
Keith_Tadeo_Muna,ridge,0.29296875,4.851617336273193
Keith_Tadeo_Muna,ridge,0.30078125,4.857905864715576
Keith_Tadeo_Muna,ridge,0.30859375,4.864439964294434
Keith_Tadeo_Muna,ridge,0.31640625,4.871088027954102
Keith_Tadeo_Muna,ridge,0.32421875,4.877462387084961
Keith_Tadeo_Muna,ridge,0.33203125,4.882707118988037
Keith_Tadeo_Muna,ridge,0.33984375,4.885669708251953
Keith_Tadeo_Muna,ridge,0.34765625,4.885160446166992
Keith_Tadeo_Muna,ridge,0.35546875,4.879935264587402
Keith_Tadeo_Muna,ridge,0.36328125,4.868507385253906
Keith_Tadeo_Muna,ridge,0.37109375,4.848936080932617
Keith_Tadeo_Muna,ridge,0.37890625,4.8188886642456055
Keith_Tadeo_Muna,ridge,0.38671875,4.775943756103516
Keith_Tadeo_Muna,ridge,0.39453125,4.717771530151367
Keith_Tadeo_Muna,ridge,0.40234375,4.642255783081055
Keith_Tadeo_Muna,ridge,0.41015625,4.5479912757873535
Keith_Tadeo_Muna,ridge,0.41796875,4.43498420715332
Keith_Tadeo_Muna,ridge,0.42578125,4.305088996887207
Keith_Tadeo_Muna,ridge,0.43359375,4.161625385284424
Keith_Tadeo_Muna,ridge,0.44140625,4.008472919464111
Keith_Tadeo_Muna,ridge,0.44921875,3.848902702331543
Keith_Tadeo_Muna,ridge,0.45703125,3.6847167015075684
Keith_Tadeo_Muna,ridge,0.46484375,3.516754627227783
Keith_Tadeo_Muna,ridge,0.47265625,3.346633195877075
Keith_Tadeo_Muna,ridge,0.48046875,3.1772563457489014
Keith_Tadeo_Muna,ridge,0.48828125,3.012054443359375
Keith_Tadeo_Muna,ridge,0.49609375,2.854022741317749
Keith_Tadeo_Muna,ridge,0.50390625,2.705451250076294
Keith_Tadeo_Muna,ridge,0.51171875,2.5680551528930664
Keith_Tadeo_Muna,ridge,0.51953125,2.4428515434265137
Keith_Tadeo_Muna,ridge,0.52734375,2.3298983573913574
Keith_Tadeo_Muna,ridge,0.53515625,2.2282958030700684
Keith_Tadeo_Muna,ridge,0.54296875,2.1365437507629395
Keith_Tadeo_Muna,ridge,0.55078125,2.05293869972229
Keith_Tadeo_Muna,ridge,0.55859375,1.9759118556976318
Keith_Tadeo_Muna,ridge,0.56640625,1.9041180610656738
Keith_Tadeo_Muna,ridge,0.57421875,1.8364218473434448
Keith_Tadeo_Muna,ridge,0.58203125,1.7718316316604614
Keith_Tadeo_Muna,ridge,0.58984375,1.709366798400879
Keith_Tadeo_Muna,ridge,0.59765625,1.6480681896209717
Keith_Tadeo_Muna,ridge,0.60546875,1.5871217250823975
Keith_Tadeo_Muna,ridge,0.61328125,1.5259742736816406
Keith_Tadeo_Muna,ridge,0.62109375,1.4644461870193481
Keith_Tadeo_Muna,ridge,0.62890625,1.4026689529418945
Keith_Tadeo_Muna,ridge,0.63671875,1.340873122215271
Keith_Tadeo_Muna,ridge,0.64453125,1.2792749404907227
Keith_Tadeo_Muna,ridge,0.65234375,1.2180649042129517
Keith_Tadeo_Muna,ridge,0.66015625,1.157381534576416
Keith_Tadeo_Muna,ridge,0.66796875,1.0973351001739502
Keith_Tadeo_Muna,ridge,0.67578125,1.0380752086639404
Keith_Tadeo_Muna,ridge,0.68359375,0.9798504114151001
Keith_Tadeo_Muna,ridge,0.69140625,0.9229787588119507
Keith_Tadeo_Muna,ridge,0.69921875,0.8677412271499634
Keith_Tadeo_Muna,ridge,0.70703125,0.8142983913421631
Keith_Tadeo_Muna,ridge,0.71484375,0.7626810073852539
Keith_Tadeo_Muna,ridge,0.72265625,0.7128109335899353
Keith_Tadeo_Muna,ridge,0.73046875,0.664620041847229
Keith_Tadeo_Muna,ridge,0.73828125,0.6183775663375854
Keith_Tadeo_Muna,ridge,0.74609375,0.5746706128120422
Keith_Tadeo_Muna,ridge,0.75390625,0.5340737104415894
Keith_Tadeo_Muna,ridge,0.76171875,0.49697744846343994
Keith_Tadeo_Muna,ridge,0.76953125,0.46366065740585327
Keith_Tadeo_Muna,ridge,0.77734375,0.43435871601104736
Keith_Tadeo_Muna,ridge,0.78515625,0.4092939794063568
Keith_Tadeo_Muna,ridge,0.79296875,0.3886215090751648
Keith_Tadeo_Muna,ridge,0.80078125,0.372249037027359
Keith_Tadeo_Muna,ridge,0.80859375,0.35976600646972656
Keith_Tadeo_Muna,ridge,0.81640625,0.3505454361438751
Keith_Tadeo_Muna,ridge,0.82421875,0.34377431869506836
Keith_Tadeo_Muna,ridge,0.83203125,0.33862125873565674
Keith_Tadeo_Muna,ridge,0.83984375,0.33429187536239624
Keith_Tadeo_Muna,ridge,0.84765625,0.32981109619140625
Keith_Tadeo_Muna,ridge,0.85546875,0.3241329789161682
Keith_Tadeo_Muna,ridge,0.86328125,0.31631016731262207
Keith_Tadeo_Muna,ridge,0.87109375,0.30568158626556396
Keith_Tadeo_Muna,ridge,0.87890625,0.2922094762325287
Keith_Tadeo_Muna,ridge,0.88671875,0.2770873010158539
Keith_Tadeo_Muna,ridge,0.89453125,0.26120448112487793
Keith_Tadeo_Muna,ridge,0.90234375,0.2445005476474762
Keith_Tadeo_Muna,ridge,0.91015625,0.22743287682533264
Keith_Tadeo_Muna,ridge,0.91796875,0.21699179708957672
Keith_Tadeo_Muna,ridge,0.92578125,0.21422360837459564
Keith_Tadeo_Muna,ridge,0.93359375,0.1947045624256134
Keith_Tadeo_Muna,ridge,0.94140625,0.1594451367855072
Keith_Tadeo_Muna,ridge,0.94921875,0.11078472435474396
Keith_Tadeo_Muna,ridge,0.95703125,0.055915407836437225
Keith_Tadeo_Muna,ridge,0.96484375,-0.0037553571164608
Keith_Tadeo_Muna,ridge,0.97265625,-0.05169936269521713
Keith_Tadeo_Muna,ridge,0.98046875,-0.0906587466597557
Keith_Tadeo_Muna,ridge,0.98828125,-0.14241674542427063
Keith_Tadeo_Muna,ridge,0.99609375,-0.18497596681118011
Keith_Tadeo_Muna,ridge,1.0,-0.18325527012348175
Keith_Tadeo_Muna,enet,0.0,-0.8775667548179626
Keith_Tadeo_Muna,enet,0.00390625,-0.878269612789154
Keith_Tadeo_Muna,enet,0.01171875,-0.8796128630638123
Keith_Tadeo_Muna,enet,0.01953125,-0.8808035254478455
Keith_Tadeo_Muna,enet,0.02734375,-0.8818281888961792
Keith_Tadeo_Muna,enet,0.03515625,-0.8827437162399292
Keith_Tadeo_Muna,enet,0.04296875,-0.8836562633514404
Keith_Tadeo_Muna,enet,0.05078125,-0.8846135139465332
Keith_Tadeo_Muna,enet,0.05859375,-0.8854852914810181
Keith_Tadeo_Muna,enet,0.06640625,-0.8860023021697998
Keith_Tadeo_Muna,enet,0.07421875,-0.8859519362449646
Keith_Tadeo_Muna,enet,0.08203125,-0.8853211998939514
Keith_Tadeo_Muna,enet,0.08984375,-0.8841983079910278
Keith_Tadeo_Muna,enet,0.09765625,-0.8826318979263306
Keith_Tadeo_Muna,enet,0.10546875,-0.8805549144744873
Keith_Tadeo_Muna,enet,0.11328125,-0.8777722120285034
Keith_Tadeo_Muna,enet,0.12109375,-0.8740733861923218
Keith_Tadeo_Muna,enet,0.12890625,-0.8693138360977173
Keith_Tadeo_Muna,enet,0.13671875,-0.8633536100387573
Keith_Tadeo_Muna,enet,0.14453125,-0.8560663461685181
Keith_Tadeo_Muna,enet,0.15234375,-0.8472518920898438
Keith_Tadeo_Muna,enet,0.16015625,-0.836675763130188
Keith_Tadeo_Muna,enet,0.16796875,-0.8241246342658997
Keith_Tadeo_Muna,enet,0.17578125,-0.809364378452301
Keith_Tadeo_Muna,enet,0.18359375,-0.7922544479370117
Keith_Tadeo_Muna,enet,0.19140625,-0.7727442979812622
Keith_Tadeo_Muna,enet,0.19921875,-0.7507709264755249
Keith_Tadeo_Muna,enet,0.20703125,-0.7262912392616272
Keith_Tadeo_Muna,enet,0.21484375,-0.699234127998352
Keith_Tadeo_Muna,enet,0.22265625,-0.6695690155029297
Keith_Tadeo_Muna,enet,0.23046875,-0.6372408866882324
Keith_Tadeo_Muna,enet,0.23828125,-0.6021931171417236
Keith_Tadeo_Muna,enet,0.24609375,-0.5644187927246094
Keith_Tadeo_Muna,enet,0.25390625,-0.523823618888855
Keith_Tadeo_Muna,enet,0.26171875,-0.4802684187889099
Keith_Tadeo_Muna,enet,0.26953125,-0.43346089124679565
Keith_Tadeo_Muna,enet,0.27734375,-0.3830260634422302
Keith_Tadeo_Muna,enet,0.28515625,-0.3286363482475281
Keith_Tadeo_Muna,enet,0.29296875,-0.27001261711120605
Keith_Tadeo_Muna,enet,0.30078125,-0.2069225311279297
Keith_Tadeo_Muna,enet,0.30859375,-0.13917884230613708
Keith_Tadeo_Muna,enet,0.31640625,-0.06661641597747803
Keith_Tadeo_Muna,enet,0.32421875,0.010822325944900513
Keith_Tadeo_Muna,enet,0.33203125,0.09300946444272995
Keith_Tadeo_Muna,enet,0.33984375,0.1796582043170929
Keith_Tadeo_Muna,enet,0.34765625,0.27039438486099243
Keith_Tadeo_Muna,enet,0.35546875,0.3647455871105194
Keith_Tadeo_Muna,enet,0.36328125,0.4620717465877533
Keith_Tadeo_Muna,enet,0.37109375,0.5613956451416016
Keith_Tadeo_Muna,enet,0.37890625,0.6612672805786133
Keith_Tadeo_Muna,enet,0.38671875,0.7599397897720337
Keith_Tadeo_Muna,enet,0.39453125,0.8555669188499451
Keith_Tadeo_Muna,enet,0.40234375,0.9461499452590942
Keith_Tadeo_Muna,enet,0.41015625,1.0295915603637695
Keith_Tadeo_Muna,enet,0.41796875,1.1037609577178955
Keith_Tadeo_Muna,enet,0.42578125,1.1665912866592407
Keith_Tadeo_Muna,enet,0.43359375,1.2160158157348633
Keith_Tadeo_Muna,enet,0.44140625,1.2500659227371216
Keith_Tadeo_Muna,enet,0.44921875,1.267455816268921
Keith_Tadeo_Muna,enet,0.45703125,1.2676844596862793
Keith_Tadeo_Muna,enet,0.46484375,1.2511961460113525
Keith_Tadeo_Muna,enet,0.47265625,1.2193889617919922
Keith_Tadeo_Muna,enet,0.48046875,1.173656702041626
Keith_Tadeo_Muna,enet,0.48828125,1.1148927211761475
Keith_Tadeo_Muna,enet,0.49609375,1.0444369316101074
Keith_Tadeo_Muna,enet,0.50390625,0.964902400970459
Keith_Tadeo_Muna,enet,0.51171875,0.8798331618309021
Keith_Tadeo_Muna,enet,0.51953125,0.793003261089325
Keith_Tadeo_Muna,enet,0.52734375,0.7078046798706055
Keith_Tadeo_Muna,enet,0.53515625,0.6268235445022583
Keith_Tadeo_Muna,enet,0.54296875,0.5516782402992249
Keith_Tadeo_Muna,enet,0.55078125,0.4830341339111328
Keith_Tadeo_Muna,enet,0.55859375,0.4208693504333496
Keith_Tadeo_Muna,enet,0.56640625,0.3647586703300476
Keith_Tadeo_Muna,enet,0.57421875,0.314117968082428
Keith_Tadeo_Muna,enet,0.58203125,0.2683974504470825
Keith_Tadeo_Muna,enet,0.58984375,0.22713086009025574
Keith_Tadeo_Muna,enet,0.59765625,0.18992114067077637
Keith_Tadeo_Muna,enet,0.60546875,0.15646174550056458
Keith_Tadeo_Muna,enet,0.61328125,0.12649694085121155
Keith_Tadeo_Muna,enet,0.62109375,0.09976890683174133
Keith_Tadeo_Muna,enet,0.62890625,0.07602067291736603
Keith_Tadeo_Muna,enet,0.63671875,0.05498950183391571
Keith_Tadeo_Muna,enet,0.64453125,0.03637959063053131
Keith_Tadeo_Muna,enet,0.65234375,0.01986144483089447
Keith_Tadeo_Muna,enet,0.66015625,0.005046367645263672
Keith_Tadeo_Muna,enet,0.66796875,-0.008476793766021729
Keith_Tadeo_Muna,enet,0.67578125,-0.02102784812450409
Keith_Tadeo_Muna,enet,0.68359375,-0.03276419639587402
Keith_Tadeo_Muna,enet,0.69140625,-0.04372820258140564
Keith_Tadeo_Muna,enet,0.69921875,-0.05397482216358185
Keith_Tadeo_Muna,enet,0.70703125,-0.0636763721704483
Keith_Tadeo_Muna,enet,0.71484375,-0.073104128241539
Keith_Tadeo_Muna,enet,0.72265625,-0.08252903819084167
Keith_Tadeo_Muna,enet,0.73046875,-0.09210602939128876
Keith_Tadeo_Muna,enet,0.73828125,-0.101621612906456
Keith_Tadeo_Muna,enet,0.74609375,-0.11055348813533783
Keith_Tadeo_Muna,enet,0.75390625,-0.11842942237854004
Keith_Tadeo_Muna,enet,0.76171875,-0.12497605383396149
Keith_Tadeo_Muna,enet,0.76953125,-0.1299533247947693
Keith_Tadeo_Muna,enet,0.77734375,-0.133022278547287
Keith_Tadeo_Muna,enet,0.78515625,-0.13369989395141602
Keith_Tadeo_Muna,enet,0.79296875,-0.13149040937423706
Keith_Tadeo_Muna,enet,0.80078125,-0.12622269988059998
Keith_Tadeo_Muna,enet,0.80859375,-0.11827802658081055
Keith_Tadeo_Muna,enet,0.81640625,-0.10831043124198914
Keith_Tadeo_Muna,enet,0.82421875,-0.09652581810951233
Keith_Tadeo_Muna,enet,0.83203125,-0.0831121951341629
Keith_Tadeo_Muna,enet,0.83984375,-0.06908272206783295
Keith_Tadeo_Muna,enet,0.84765625,-0.055987924337387085
Keith_Tadeo_Muna,enet,0.85546875,-0.0455024391412735
Keith_Tadeo_Muna,enet,0.86328125,-0.03861008584499359
Keith_Tadeo_Muna,enet,0.87109375,-0.035580143332481384
Keith_Tadeo_Muna,enet,0.87890625,-0.03714388608932495
Keith_Tadeo_Muna,enet,0.88671875,-0.042564958333969116
Keith_Tadeo_Muna,enet,0.89453125,-0.05124787986278534
Keith_Tadeo_Muna,enet,0.90234375,-0.06336314976215363
Keith_Tadeo_Muna,enet,0.91015625,-0.0746321827173233
Keith_Tadeo_Muna,enet,0.91796875,-0.09088173508644104
Keith_Tadeo_Muna,enet,0.92578125,-0.10813835263252258
Keith_Tadeo_Muna,enet,0.93359375,-0.13138388097286224
Keith_Tadeo_Muna,enet,0.94140625,-0.16482742130756378
Keith_Tadeo_Muna,enet,0.94921875,-0.20942147076129913
Keith_Tadeo_Muna,enet,0.95703125,-0.2494770735502243
Keith_Tadeo_Muna,enet,0.96484375,-0.277140736579895
Keith_Tadeo_Muna,enet,0.97265625,-0.276470422744751
Keith_Tadeo_Muna,enet,0.98046875,-0.2925716042518616
Keith_Tadeo_Muna,enet,0.98828125,-0.3202979266643524
Keith_Tadeo_Muna,enet,0.99609375,-0.3607468008995056
Keith_Tadeo_Muna,enet,1.0,-0.3615795969963074
Leandro_Rado_Sanchez,ridge,0.0,3.592529296875
Leandro_Rado_Sanchez,ridge,0.00390625,3.5907058715820312
Leandro_Rado_Sanchez,ridge,0.01171875,3.587310314178467
Leandro_Rado_Sanchez,ridge,0.01953125,3.5842182636260986
Leandro_Rado_Sanchez,ridge,0.02734375,3.5813989639282227
Leandro_Rado_Sanchez,ridge,0.03515625,3.5788192749023438
Leandro_Rado_Sanchez,ridge,0.04296875,3.576490879058838
Leandro_Rado_Sanchez,ridge,0.05078125,3.5744471549987793
Leandro_Rado_Sanchez,ridge,0.05859375,3.5727200508117676
Leandro_Rado_Sanchez,ridge,0.06640625,3.5713372230529785
Leandro_Rado_Sanchez,ridge,0.07421875,3.570255756378174
Leandro_Rado_Sanchez,ridge,0.08203125,3.5694141387939453
Leandro_Rado_Sanchez,ridge,0.08984375,3.568793296813965
Leandro_Rado_Sanchez,ridge,0.09765625,3.5685243606567383
Leandro_Rado_Sanchez,ridge,0.10546875,3.5687849521636963
Leandro_Rado_Sanchez,ridge,0.11328125,3.569657325744629
Leandro_Rado_Sanchez,ridge,0.12109375,3.571105480194092
Leandro_Rado_Sanchez,ridge,0.12890625,3.573025703430176
Leandro_Rado_Sanchez,ridge,0.13671875,3.575289726257324
Leandro_Rado_Sanchez,ridge,0.14453125,3.577726125717163
Leandro_Rado_Sanchez,ridge,0.15234375,3.580109119415283
Leandro_Rado_Sanchez,ridge,0.16015625,3.582118034362793
Leandro_Rado_Sanchez,ridge,0.16796875,3.5833475589752197
Leandro_Rado_Sanchez,ridge,0.17578125,3.583446502685547
Leandro_Rado_Sanchez,ridge,0.18359375,3.5821657180786133
Leandro_Rado_Sanchez,ridge,0.19140625,3.5794100761413574
Leandro_Rado_Sanchez,ridge,0.19921875,3.575131893157959
Leandro_Rado_Sanchez,ridge,0.20703125,3.5692830085754395
Leandro_Rado_Sanchez,ridge,0.21484375,3.5619020462036133
Leandro_Rado_Sanchez,ridge,0.22265625,3.553190231323242
Leandro_Rado_Sanchez,ridge,0.23046875,3.5433053970336914
Leandro_Rado_Sanchez,ridge,0.23828125,3.5323801040649414
Leandro_Rado_Sanchez,ridge,0.24609375,3.5204997062683105
Leandro_Rado_Sanchez,ridge,0.25390625,3.5076379776000977
Leandro_Rado_Sanchez,ridge,0.26171875,3.4936881065368652
Leandro_Rado_Sanchez,ridge,0.26953125,3.478537082672119
Leandro_Rado_Sanchez,ridge,0.27734375,3.4620842933654785
Leandro_Rado_Sanchez,ridge,0.28515625,3.444277763366699
Leandro_Rado_Sanchez,ridge,0.29296875,3.425088882446289
Leandro_Rado_Sanchez,ridge,0.30078125,3.4046106338500977
Leandro_Rado_Sanchez,ridge,0.30859375,3.3830323219299316
Leandro_Rado_Sanchez,ridge,0.31640625,3.360513210296631
Leandro_Rado_Sanchez,ridge,0.32421875,3.337184429168701
Leandro_Rado_Sanchez,ridge,0.33203125,3.313206672668457
Leandro_Rado_Sanchez,ridge,0.33984375,3.288853406906128
Leandro_Rado_Sanchez,ridge,0.34765625,3.2644951343536377
Leandro_Rado_Sanchez,ridge,0.35546875,3.2406387329101562
Leandro_Rado_Sanchez,ridge,0.36328125,3.2177085876464844
Leandro_Rado_Sanchez,ridge,0.37109375,3.1955952644348145
Leandro_Rado_Sanchez,ridge,0.37890625,3.173088312149048
Leandro_Rado_Sanchez,ridge,0.38671875,3.1473069190979004
Leandro_Rado_Sanchez,ridge,0.39453125,3.113646984100342
Leandro_Rado_Sanchez,ridge,0.40234375,3.0669984817504883
Leandro_Rado_Sanchez,ridge,0.41015625,3.00347638130188
Leandro_Rado_Sanchez,ridge,0.41796875,2.920628547668457
Leandro_Rado_Sanchez,ridge,0.42578125,2.816791296005249
Leandro_Rado_Sanchez,ridge,0.43359375,2.691532611846924
Leandro_Rado_Sanchez,ridge,0.44140625,2.546220302581787
Leandro_Rado_Sanchez,ridge,0.44921875,2.383835554122925
Leandro_Rado_Sanchez,ridge,0.45703125,2.2083511352539062
Leandro_Rado_Sanchez,ridge,0.46484375,2.024106025695801
Leandro_Rado_Sanchez,ridge,0.47265625,1.8353031873703003
Leandro_Rado_Sanchez,ridge,0.48046875,1.6457693576812744
Leandro_Rado_Sanchez,ridge,0.48828125,1.4589214324951172
Leandro_Rado_Sanchez,ridge,0.49609375,1.277407169342041
Leandro_Rado_Sanchez,ridge,0.50390625,1.1029119491577148
Leandro_Rado_Sanchez,ridge,0.51171875,0.9363585114479065
Leandro_Rado_Sanchez,ridge,0.51953125,0.7782625555992126
Leandro_Rado_Sanchez,ridge,0.52734375,0.6289248466491699
Leandro_Rado_Sanchez,ridge,0.53515625,0.48849964141845703
Leandro_Rado_Sanchez,ridge,0.54296875,0.3569144010543823
Leandro_Rado_Sanchez,ridge,0.55078125,0.23373794555664062
Leandro_Rado_Sanchez,ridge,0.55859375,0.11828932166099548
Leandro_Rado_Sanchez,ridge,0.56640625,0.00989466905593872
Leandro_Rado_Sanchez,ridge,0.57421875,-0.09186166524887085
Leandro_Rado_Sanchez,ridge,0.58203125,-0.18695035576820374
Leandro_Rado_Sanchez,ridge,0.58984375,-0.27504706382751465
Leandro_Rado_Sanchez,ridge,0.59765625,-0.35596415400505066
Leandro_Rado_Sanchez,ridge,0.60546875,-0.43001818656921387
Leandro_Rado_Sanchez,ridge,0.61328125,-0.49819689989089966
Leandro_Rado_Sanchez,ridge,0.62109375,-0.5619546175003052
Leandro_Rado_Sanchez,ridge,0.62890625,-0.6227908730506897
Leandro_Rado_Sanchez,ridge,0.63671875,-0.6819311380386353
Leandro_Rado_Sanchez,ridge,0.64453125,-0.7402763366699219
Leandro_Rado_Sanchez,ridge,0.65234375,-0.798517107963562
Leandro_Rado_Sanchez,ridge,0.66015625,-0.8572099208831787
Leandro_Rado_Sanchez,ridge,0.66796875,-0.9168023467063904
Leandro_Rado_Sanchez,ridge,0.67578125,-0.9776330590248108
Leandro_Rado_Sanchez,ridge,0.68359375,-1.0399035215377808
Leandro_Rado_Sanchez,ridge,0.69140625,-1.103494644165039
Leandro_Rado_Sanchez,ridge,0.69921875,-1.167863368988037
Leandro_Rado_Sanchez,ridge,0.70703125,-1.2322243452072144
Leandro_Rado_Sanchez,ridge,0.71484375,-1.2960641384124756
Leandro_Rado_Sanchez,ridge,0.72265625,-1.3597095012664795
Leandro_Rado_Sanchez,ridge,0.73046875,-1.423874855041504
Leandro_Rado_Sanchez,ridge,0.73828125,-1.4885540008544922
Leandro_Rado_Sanchez,ridge,0.74609375,-1.552761435508728
Leandro_Rado_Sanchez,ridge,0.75390625,-1.6151283979415894
Leandro_Rado_Sanchez,ridge,0.76171875,-1.6743247509002686
Leandro_Rado_Sanchez,ridge,0.76953125,-1.7293297052383423
Leandro_Rado_Sanchez,ridge,0.77734375,-1.7793463468551636
Leandro_Rado_Sanchez,ridge,0.78515625,-1.8230016231536865
Leandro_Rado_Sanchez,ridge,0.79296875,-1.858931303024292
Leandro_Rado_Sanchez,ridge,0.80078125,-1.8874884843826294
Leandro_Rado_Sanchez,ridge,0.80859375,-1.9096171855926514
Leandro_Rado_Sanchez,ridge,0.81640625,-1.92591392993927
Leandro_Rado_Sanchez,ridge,0.82421875,-1.937111496925354
Leandro_Rado_Sanchez,ridge,0.83203125,-1.9442614316940308
Leandro_Rado_Sanchez,ridge,0.83984375,-1.9487096071243286
Leandro_Rado_Sanchez,ridge,0.84765625,-1.950403094291687
Leandro_Rado_Sanchez,ridge,0.85546875,-1.950950026512146
Leandro_Rado_Sanchez,ridge,0.86328125,-1.9507880210876465
Leandro_Rado_Sanchez,ridge,0.87109375,-1.9458234310150146
Leandro_Rado_Sanchez,ridge,0.87890625,-1.9377686977386475
Leandro_Rado_Sanchez,ridge,0.88671875,-1.93116295337677
Leandro_Rado_Sanchez,ridge,0.89453125,-1.9280248880386353
Leandro_Rado_Sanchez,ridge,0.90234375,-1.9276113510131836
Leandro_Rado_Sanchez,ridge,0.91015625,-1.9289908409118652
Leandro_Rado_Sanchez,ridge,0.91796875,-1.9289510250091553
Leandro_Rado_Sanchez,ridge,0.92578125,-1.922101616859436
Leandro_Rado_Sanchez,ridge,0.93359375,-1.9042576551437378
Leandro_Rado_Sanchez,ridge,0.94140625,-1.8763282299041748
Leandro_Rado_Sanchez,ridge,0.94921875,-1.838034987449646
Leandro_Rado_Sanchez,ridge,0.95703125,-1.7822213172912598
Leandro_Rado_Sanchez,ridge,0.96484375,-1.7142376899719238
Leandro_Rado_Sanchez,ridge,0.97265625,-1.6663286685943604
Leandro_Rado_Sanchez,ridge,0.98046875,-1.6430989503860474
Leandro_Rado_Sanchez,ridge,0.98828125,-1.658152461051941
Leandro_Rado_Sanchez,ridge,0.99609375,-1.6751846075057983
Leandro_Rado_Sanchez,ridge,1.0,-1.6740634441375732
Leandro_Rado_Sanchez,enet,0.0,-0.7643352746963501
Leandro_Rado_Sanchez,enet,0.00390625,-0.766115665435791
Leandro_Rado_Sanchez,enet,0.01171875,-0.7692156434059143
Leandro_Rado_Sanchez,enet,0.01953125,-0.7716999650001526
Leandro_Rado_Sanchez,enet,0.02734375,-0.773576021194458
Leandro_Rado_Sanchez,enet,0.03515625,-0.774871289730072
Leandro_Rado_Sanchez,enet,0.04296875,-0.7755458950996399
Leandro_Rado_Sanchez,enet,0.05078125,-0.7754590511322021
Leandro_Rado_Sanchez,enet,0.05859375,-0.7743822336196899
Leandro_Rado_Sanchez,enet,0.06640625,-0.7720164060592651
Leandro_Rado_Sanchez,enet,0.07421875,-0.768176794052124
Leandro_Rado_Sanchez,enet,0.08203125,-0.7628316879272461
Leandro_Rado_Sanchez,enet,0.08984375,-0.7560286521911621
Leandro_Rado_Sanchez,enet,0.09765625,-0.7476718425750732
Leandro_Rado_Sanchez,enet,0.10546875,-0.7376147508621216
Leandro_Rado_Sanchez,enet,0.11328125,-0.7257052063941956
Leandro_Rado_Sanchez,enet,0.12109375,-0.7117568254470825
Leandro_Rado_Sanchez,enet,0.12890625,-0.6955925822257996
Leandro_Rado_Sanchez,enet,0.13671875,-0.6771327257156372
Leandro_Rado_Sanchez,enet,0.14453125,-0.6565209627151489
Leandro_Rado_Sanchez,enet,0.15234375,-0.6341594457626343
Leandro_Rado_Sanchez,enet,0.16015625,-0.610622763633728
Leandro_Rado_Sanchez,enet,0.16796875,-0.5864955186843872
Leandro_Rado_Sanchez,enet,0.17578125,-0.5622128844261169
Leandro_Rado_Sanchez,enet,0.18359375,-0.5380603671073914
Leandro_Rado_Sanchez,enet,0.19140625,-0.5141758918762207
Leandro_Rado_Sanchez,enet,0.19921875,-0.4906322658061981
Leandro_Rado_Sanchez,enet,0.20703125,-0.46749451756477356
Leandro_Rado_Sanchez,enet,0.21484375,-0.4447740912437439
Leandro_Rado_Sanchez,enet,0.22265625,-0.4223707318305969
Leandro_Rado_Sanchez,enet,0.23046875,-0.4003182649612427
Leandro_Rado_Sanchez,enet,0.23828125,-0.3787018060684204
Leandro_Rado_Sanchez,enet,0.24609375,-0.357593297958374
Leandro_Rado_Sanchez,enet,0.25390625,-0.33711934089660645
Leandro_Rado_Sanchez,enet,0.26171875,-0.31745922565460205
Leandro_Rado_Sanchez,enet,0.26953125,-0.29875609278678894
Leandro_Rado_Sanchez,enet,0.27734375,-0.2810094356536865
Leandro_Rado_Sanchez,enet,0.28515625,-0.26398783922195435
Leandro_Rado_Sanchez,enet,0.29296875,-0.2471655309200287
Leandro_Rado_Sanchez,enet,0.30078125,-0.22959449887275696
Leandro_Rado_Sanchez,enet,0.30859375,-0.20994165539741516
Leandro_Rado_Sanchez,enet,0.31640625,-0.18674738705158234
Leandro_Rado_Sanchez,enet,0.32421875,-0.15854570269584656
Leandro_Rado_Sanchez,enet,0.33203125,-0.12391111254692078
Leandro_Rado_Sanchez,enet,0.33984375,-0.0814584493637085
Leandro_Rado_Sanchez,enet,0.34765625,-0.029814869165420532
Leandro_Rado_Sanchez,enet,0.35546875,0.032358162105083466
Leandro_Rado_Sanchez,enet,0.36328125,0.10616037249565125
Leandro_Rado_Sanchez,enet,0.37109375,0.19195637106895447
Leandro_Rado_Sanchez,enet,0.37890625,0.28863614797592163
Leandro_Rado_Sanchez,enet,0.38671875,0.392827570438385
Leandro_Rado_Sanchez,enet,0.39453125,0.49872705340385437
Leandro_Rado_Sanchez,enet,0.40234375,0.5995579957962036
Leandro_Rado_Sanchez,enet,0.41015625,0.6894485354423523
Leandro_Rado_Sanchez,enet,0.41796875,0.7634019255638123
Leandro_Rado_Sanchez,enet,0.42578125,0.8174060583114624
Leandro_Rado_Sanchez,enet,0.43359375,0.8498907089233398
Leandro_Rado_Sanchez,enet,0.44140625,0.8618835210800171
Leandro_Rado_Sanchez,enet,0.44921875,0.8559904098510742
Leandro_Rado_Sanchez,enet,0.45703125,0.8352708220481873
Leandro_Rado_Sanchez,enet,0.46484375,0.8026530742645264
Leandro_Rado_Sanchez,enet,0.47265625,0.7611154317855835
Leandro_Rado_Sanchez,enet,0.48046875,0.7137981653213501
Leandro_Rado_Sanchez,enet,0.48828125,0.663577675819397
Leandro_Rado_Sanchez,enet,0.49609375,0.6123387217521667
Leandro_Rado_Sanchez,enet,0.50390625,0.5607463121414185
Leandro_Rado_Sanchez,enet,0.51171875,0.5086420774459839
Leandro_Rado_Sanchez,enet,0.51953125,0.455641508102417
Leandro_Rado_Sanchez,enet,0.52734375,0.4015536606311798
Leandro_Rado_Sanchez,enet,0.53515625,0.34657806158065796
Leandro_Rado_Sanchez,enet,0.54296875,0.2911386489868164
Leandro_Rado_Sanchez,enet,0.55078125,0.23552823066711426
Leandro_Rado_Sanchez,enet,0.55859375,0.17987610399723053
Leandro_Rado_Sanchez,enet,0.56640625,0.12443683296442032
Leandro_Rado_Sanchez,enet,0.57421875,0.06982635706663132
Leandro_Rado_Sanchez,enet,0.58203125,0.01698300801217556
Leandro_Rado_Sanchez,enet,0.58984375,-0.033262886106967926
Leandro_Rado_Sanchez,enet,0.59765625,-0.08067034929990768
Leandro_Rado_Sanchez,enet,0.60546875,-0.1258239448070526
Leandro_Rado_Sanchez,enet,0.61328125,-0.17001275718212128
Leandro_Rado_Sanchez,enet,0.62109375,-0.21470732986927032
Leandro_Rado_Sanchez,enet,0.62890625,-0.260916531085968
Leandro_Rado_Sanchez,enet,0.63671875,-0.3089924454689026
Leandro_Rado_Sanchez,enet,0.64453125,-0.35890114307403564
Leandro_Rado_Sanchez,enet,0.65234375,-0.4104267656803131
Leandro_Rado_Sanchez,enet,0.66015625,-0.4632207751274109
Leandro_Rado_Sanchez,enet,0.66796875,-0.5169103145599365
Leandro_Rado_Sanchez,enet,0.67578125,-0.5712193250656128
Leandro_Rado_Sanchez,enet,0.68359375,-0.6260307431221008
Leandro_Rado_Sanchez,enet,0.69140625,-0.6811091303825378
Leandro_Rado_Sanchez,enet,0.69921875,-0.7358181476593018
Leandro_Rado_Sanchez,enet,0.70703125,-0.7892131805419922
Leandro_Rado_Sanchez,enet,0.71484375,-0.8406859636306763
Leandro_Rado_Sanchez,enet,0.72265625,-0.8901048302650452
Leandro_Rado_Sanchez,enet,0.73046875,-0.9376890659332275
Leandro_Rado_Sanchez,enet,0.73828125,-0.9840044975280762
Leandro_Rado_Sanchez,enet,0.74609375,-1.029525637626648
Leandro_Rado_Sanchez,enet,0.75390625,-1.0744901895523071
Leandro_Rado_Sanchez,enet,0.76171875,-1.1187949180603027
Leandro_Rado_Sanchez,enet,0.76953125,-1.1618616580963135
Leandro_Rado_Sanchez,enet,0.77734375,-1.2023088932037354
Leandro_Rado_Sanchez,enet,0.78515625,-1.2380751371383667
Leandro_Rado_Sanchez,enet,0.79296875,-1.2683279514312744
Leandro_Rado_Sanchez,enet,0.80078125,-1.2938469648361206
Leandro_Rado_Sanchez,enet,0.80859375,-1.3148709535598755
Leandro_Rado_Sanchez,enet,0.81640625,-1.3311774730682373
Leandro_Rado_Sanchez,enet,0.82421875,-1.3430125713348389
Leandro_Rado_Sanchez,enet,0.83203125,-1.350848913192749
Leandro_Rado_Sanchez,enet,0.83984375,-1.3547948598861694
Leandro_Rado_Sanchez,enet,0.84765625,-1.3565700054168701
Leandro_Rado_Sanchez,enet,0.85546875,-1.3600478172302246
Leandro_Rado_Sanchez,enet,0.86328125,-1.3653737306594849
Leandro_Rado_Sanchez,enet,0.87109375,-1.3722413778305054
Leandro_Rado_Sanchez,enet,0.87890625,-1.381127119064331
Leandro_Rado_Sanchez,enet,0.88671875,-1.3903335332870483
Leandro_Rado_Sanchez,enet,0.89453125,-1.3972915410995483
Leandro_Rado_Sanchez,enet,0.90234375,-1.4028191566467285
Leandro_Rado_Sanchez,enet,0.91015625,-1.4097628593444824
Leandro_Rado_Sanchez,enet,0.91796875,-1.4190013408660889
Leandro_Rado_Sanchez,enet,0.92578125,-1.4290771484375
Leandro_Rado_Sanchez,enet,0.93359375,-1.4368059635162354
Leandro_Rado_Sanchez,enet,0.94140625,-1.4388656616210938
Leandro_Rado_Sanchez,enet,0.94921875,-1.4343898296356201
Leandro_Rado_Sanchez,enet,0.95703125,-1.4216803312301636
Leandro_Rado_Sanchez,enet,0.96484375,-1.4024578332901
Leandro_Rado_Sanchez,enet,0.97265625,-1.3842933177947998
Leandro_Rado_Sanchez,enet,0.98046875,-1.3429898023605347
Leandro_Rado_Sanchez,enet,0.98828125,-1.315169095993042
Leandro_Rado_Sanchez,enet,0.99609375,-1.3229073286056519
Leandro_Rado_Sanchez,enet,1.0,-1.3219654560089111
Matthew_Easton_Paulson,ridge,0.0,6.724339962005615
Matthew_Easton_Paulson,ridge,0.00390625,6.723342418670654
Matthew_Easton_Paulson,ridge,0.01171875,6.721096038818359
Matthew_Easton_Paulson,ridge,0.01953125,6.718518257141113
Matthew_Easton_Paulson,ridge,0.02734375,6.715636730194092
Matthew_Easton_Paulson,ridge,0.03515625,6.7125139236450195
Matthew_Easton_Paulson,ridge,0.04296875,6.709133625030518
Matthew_Easton_Paulson,ridge,0.05078125,6.705374717712402
Matthew_Easton_Paulson,ridge,0.05859375,6.7012939453125
Matthew_Easton_Paulson,ridge,0.06640625,6.697049617767334
Matthew_Easton_Paulson,ridge,0.07421875,6.6926374435424805
Matthew_Easton_Paulson,ridge,0.08203125,6.688044548034668
Matthew_Easton_Paulson,ridge,0.08984375,6.683266639709473
Matthew_Easton_Paulson,ridge,0.09765625,6.677948474884033
Matthew_Easton_Paulson,ridge,0.10546875,6.671767234802246
Matthew_Easton_Paulson,ridge,0.11328125,6.6648149490356445
Matthew_Easton_Paulson,ridge,0.12109375,6.657106876373291
Matthew_Easton_Paulson,ridge,0.12890625,6.648366451263428
Matthew_Easton_Paulson,ridge,0.13671875,6.638160705566406
Matthew_Easton_Paulson,ridge,0.14453125,6.626317977905273
Matthew_Easton_Paulson,ridge,0.15234375,6.612473964691162
Matthew_Easton_Paulson,ridge,0.16015625,6.5964460372924805
Matthew_Easton_Paulson,ridge,0.16796875,6.578373432159424
Matthew_Easton_Paulson,ridge,0.17578125,6.55817985534668
Matthew_Easton_Paulson,ridge,0.18359375,6.5355448722839355
Matthew_Easton_Paulson,ridge,0.19140625,6.510110378265381
Matthew_Easton_Paulson,ridge,0.19921875,6.481208801269531
Matthew_Easton_Paulson,ridge,0.20703125,6.448246479034424
Matthew_Easton_Paulson,ridge,0.21484375,6.410768985748291
Matthew_Easton_Paulson,ridge,0.22265625,6.368266582489014
Matthew_Easton_Paulson,ridge,0.23046875,6.3201704025268555
Matthew_Easton_Paulson,ridge,0.23828125,6.266146659851074
Matthew_Easton_Paulson,ridge,0.24609375,6.2062764167785645
Matthew_Easton_Paulson,ridge,0.25390625,6.1411309242248535
Matthew_Easton_Paulson,ridge,0.26171875,6.071436882019043
Matthew_Easton_Paulson,ridge,0.26953125,5.998355388641357
Matthew_Easton_Paulson,ridge,0.27734375,5.92259407043457
Matthew_Easton_Paulson,ridge,0.28515625,5.844156265258789
Matthew_Easton_Paulson,ridge,0.29296875,5.762831687927246
Matthew_Easton_Paulson,ridge,0.30078125,5.678548336029053
Matthew_Easton_Paulson,ridge,0.30859375,5.591594219207764
Matthew_Easton_Paulson,ridge,0.31640625,5.5013227462768555
Matthew_Easton_Paulson,ridge,0.32421875,5.405235290527344
Matthew_Easton_Paulson,ridge,0.33203125,5.299544811248779
Matthew_Easton_Paulson,ridge,0.33984375,5.181303977966309
Matthew_Easton_Paulson,ridge,0.34765625,5.049239158630371
Matthew_Easton_Paulson,ridge,0.35546875,4.90303897857666
Matthew_Easton_Paulson,ridge,0.36328125,4.743082523345947
Matthew_Easton_Paulson,ridge,0.37109375,4.571599960327148
Matthew_Easton_Paulson,ridge,0.37890625,4.392870903015137
Matthew_Easton_Paulson,ridge,0.38671875,4.212815284729004
Matthew_Easton_Paulson,ridge,0.39453125,4.035018444061279
Matthew_Easton_Paulson,ridge,0.40234375,3.8620123863220215
Matthew_Easton_Paulson,ridge,0.41015625,3.694563865661621
Matthew_Easton_Paulson,ridge,0.41796875,3.5318145751953125
Matthew_Easton_Paulson,ridge,0.42578125,3.371931552886963
Matthew_Easton_Paulson,ridge,0.43359375,3.213181257247925
Matthew_Easton_Paulson,ridge,0.44140625,3.0544309616088867
Matthew_Easton_Paulson,ridge,0.44921875,2.8957409858703613
Matthew_Easton_Paulson,ridge,0.45703125,2.7382254600524902
Matthew_Easton_Paulson,ridge,0.46484375,2.5835328102111816
Matthew_Easton_Paulson,ridge,0.47265625,2.433176040649414
Matthew_Easton_Paulson,ridge,0.48046875,2.2895727157592773
Matthew_Easton_Paulson,ridge,0.48828125,2.1560840606689453
Matthew_Easton_Paulson,ridge,0.49609375,2.0338361263275146
Matthew_Easton_Paulson,ridge,0.50390625,1.9229345321655273
Matthew_Easton_Paulson,ridge,0.51171875,1.8230311870574951
Matthew_Easton_Paulson,ridge,0.51953125,1.7333848476409912
Matthew_Easton_Paulson,ridge,0.52734375,1.6525187492370605
Matthew_Easton_Paulson,ridge,0.53515625,1.5786854028701782
Matthew_Easton_Paulson,ridge,0.54296875,1.5108771324157715
Matthew_Easton_Paulson,ridge,0.55078125,1.4490491151809692
Matthew_Easton_Paulson,ridge,0.55859375,1.3942909240722656
Matthew_Easton_Paulson,ridge,0.56640625,1.3484365940093994
Matthew_Easton_Paulson,ridge,0.57421875,1.3126983642578125
Matthew_Easton_Paulson,ridge,0.58203125,1.28626549243927
Matthew_Easton_Paulson,ridge,0.58984375,1.2671527862548828
Matthew_Easton_Paulson,ridge,0.59765625,1.2532156705856323
Matthew_Easton_Paulson,ridge,0.60546875,1.2424561977386475
Matthew_Easton_Paulson,ridge,0.61328125,1.233710765838623
Matthew_Easton_Paulson,ridge,0.62109375,1.2261788845062256
Matthew_Easton_Paulson,ridge,0.62890625,1.2189950942993164
Matthew_Easton_Paulson,ridge,0.63671875,1.211422324180603
Matthew_Easton_Paulson,ridge,0.64453125,1.2026448249816895
Matthew_Easton_Paulson,ridge,0.65234375,1.1919476985931396
Matthew_Easton_Paulson,ridge,0.66015625,1.1790988445281982
Matthew_Easton_Paulson,ridge,0.66796875,1.1637905836105347
Matthew_Easton_Paulson,ridge,0.67578125,1.1456384658813477
Matthew_Easton_Paulson,ridge,0.68359375,1.1247103214263916
Matthew_Easton_Paulson,ridge,0.69140625,1.1017382144927979
Matthew_Easton_Paulson,ridge,0.69921875,1.0780308246612549
Matthew_Easton_Paulson,ridge,0.70703125,1.054542064666748
Matthew_Easton_Paulson,ridge,0.71484375,1.0314021110534668
Matthew_Easton_Paulson,ridge,0.72265625,1.0083259344100952
Matthew_Easton_Paulson,ridge,0.73046875,0.9851856231689453
Matthew_Easton_Paulson,ridge,0.73828125,0.9622586965560913
Matthew_Easton_Paulson,ridge,0.74609375,0.9399412870407104
Matthew_Easton_Paulson,ridge,0.75390625,0.9186258912086487
Matthew_Easton_Paulson,ridge,0.76171875,0.8989038467407227
Matthew_Easton_Paulson,ridge,0.76953125,0.8813835382461548
Matthew_Easton_Paulson,ridge,0.77734375,0.8658174276351929
Matthew_Easton_Paulson,ridge,0.78515625,0.8513650298118591
Matthew_Easton_Paulson,ridge,0.79296875,0.837836742401123
Matthew_Easton_Paulson,ridge,0.80078125,0.8252427577972412
Matthew_Easton_Paulson,ridge,0.80859375,0.8131230473518372
Matthew_Easton_Paulson,ridge,0.81640625,0.801001787185669
Matthew_Easton_Paulson,ridge,0.82421875,0.7888103723526001
Matthew_Easton_Paulson,ridge,0.83203125,0.7764499187469482
Matthew_Easton_Paulson,ridge,0.83984375,0.764168381690979
Matthew_Easton_Paulson,ridge,0.84765625,0.7521147131919861
Matthew_Easton_Paulson,ridge,0.85546875,0.7397395372390747
Matthew_Easton_Paulson,ridge,0.86328125,0.727651834487915
Matthew_Easton_Paulson,ridge,0.87109375,0.7161741256713867
Matthew_Easton_Paulson,ridge,0.87890625,0.7054003477096558
Matthew_Easton_Paulson,ridge,0.88671875,0.6944646835327148
Matthew_Easton_Paulson,ridge,0.89453125,0.6822296380996704
Matthew_Easton_Paulson,ridge,0.90234375,0.6684539914131165
Matthew_Easton_Paulson,ridge,0.91015625,0.6541234254837036
Matthew_Easton_Paulson,ridge,0.91796875,0.6411188840866089
Matthew_Easton_Paulson,ridge,0.92578125,0.6304630041122437
Matthew_Easton_Paulson,ridge,0.93359375,0.6202419996261597
Matthew_Easton_Paulson,ridge,0.94140625,0.6098271608352661
Matthew_Easton_Paulson,ridge,0.94921875,0.5963155627250671
Matthew_Easton_Paulson,ridge,0.95703125,0.5859066247940063
Matthew_Easton_Paulson,ridge,0.96484375,0.5824451446533203
Matthew_Easton_Paulson,ridge,0.97265625,0.5811853408813477
Matthew_Easton_Paulson,ridge,0.98046875,0.5995919704437256
Matthew_Easton_Paulson,ridge,0.98828125,0.6153534650802612
Matthew_Easton_Paulson,ridge,0.99609375,0.6585901975631714
Matthew_Easton_Paulson,ridge,1.0,0.6693506836891174
Matthew_Easton_Paulson,enet,0.0,0.591890811920166
Matthew_Easton_Paulson,enet,0.00390625,0.5928124189376831
Matthew_Easton_Paulson,enet,0.01171875,0.5946241617202759
Matthew_Easton_Paulson,enet,0.01953125,0.5963740348815918
Matthew_Easton_Paulson,enet,0.02734375,0.5980254411697388
Matthew_Easton_Paulson,enet,0.03515625,0.599582314491272
Matthew_Easton_Paulson,enet,0.04296875,0.6010480523109436
Matthew_Easton_Paulson,enet,0.05078125,0.6024134159088135
Matthew_Easton_Paulson,enet,0.05859375,0.6037832498550415
Matthew_Easton_Paulson,enet,0.06640625,0.6053287386894226
Matthew_Easton_Paulson,enet,0.07421875,0.6071761250495911
Matthew_Easton_Paulson,enet,0.08203125,0.6094096302986145
Matthew_Easton_Paulson,enet,0.08984375,0.6121212244033813
Matthew_Easton_Paulson,enet,0.09765625,0.6151571273803711
Matthew_Easton_Paulson,enet,0.10546875,0.6184424161911011
Matthew_Easton_Paulson,enet,0.11328125,0.6220788359642029
Matthew_Easton_Paulson,enet,0.12109375,0.6258940696716309
Matthew_Easton_Paulson,enet,0.12890625,0.6295111775398254
Matthew_Easton_Paulson,enet,0.13671875,0.6324830651283264
Matthew_Easton_Paulson,enet,0.14453125,0.6347574591636658
Matthew_Easton_Paulson,enet,0.15234375,0.636222243309021
Matthew_Easton_Paulson,enet,0.16015625,0.6369488835334778
Matthew_Easton_Paulson,enet,0.16796875,0.6373328566551208
Matthew_Easton_Paulson,enet,0.17578125,0.6376267671585083
Matthew_Easton_Paulson,enet,0.18359375,0.6378086805343628
Matthew_Easton_Paulson,enet,0.19140625,0.6377322673797607
Matthew_Easton_Paulson,enet,0.19921875,0.6369470357894897
Matthew_Easton_Paulson,enet,0.20703125,0.6351690292358398
Matthew_Easton_Paulson,enet,0.21484375,0.6321629881858826
Matthew_Easton_Paulson,enet,0.22265625,0.6274830102920532
Matthew_Easton_Paulson,enet,0.23046875,0.6206796169281006
Matthew_Easton_Paulson,enet,0.23828125,0.6116145253181458
Matthew_Easton_Paulson,enet,0.24609375,0.6005552411079407
Matthew_Easton_Paulson,enet,0.25390625,0.5878243446350098
Matthew_Easton_Paulson,enet,0.26171875,0.5740998983383179
Matthew_Easton_Paulson,enet,0.26953125,0.5609472990036011
Matthew_Easton_Paulson,enet,0.27734375,0.5497018694877625
Matthew_Easton_Paulson,enet,0.28515625,0.5413758158683777
Matthew_Easton_Paulson,enet,0.29296875,0.537554919719696
Matthew_Easton_Paulson,enet,0.30078125,0.5407308340072632
Matthew_Easton_Paulson,enet,0.30859375,0.5542380809783936
Matthew_Easton_Paulson,enet,0.31640625,0.5810452699661255
Matthew_Easton_Paulson,enet,0.32421875,0.6224346160888672
Matthew_Easton_Paulson,enet,0.33203125,0.6777310371398926
Matthew_Easton_Paulson,enet,0.33984375,0.7468350529670715
Matthew_Easton_Paulson,enet,0.34765625,0.8298954367637634
Matthew_Easton_Paulson,enet,0.35546875,0.9252923130989075
Matthew_Easton_Paulson,enet,0.36328125,1.0306973457336426
Matthew_Easton_Paulson,enet,0.37109375,1.1424825191497803
Matthew_Easton_Paulson,enet,0.37890625,1.2568001747131348
Matthew_Easton_Paulson,enet,0.38671875,1.3704884052276611
Matthew_Easton_Paulson,enet,0.39453125,1.4785066843032837
Matthew_Easton_Paulson,enet,0.40234375,1.5763373374938965
Matthew_Easton_Paulson,enet,0.41015625,1.6581693887710571
Matthew_Easton_Paulson,enet,0.41796875,1.7197787761688232
Matthew_Easton_Paulson,enet,0.42578125,1.7584420442581177
Matthew_Easton_Paulson,enet,0.43359375,1.773569941520691
Matthew_Easton_Paulson,enet,0.44140625,1.766244649887085
Matthew_Easton_Paulson,enet,0.44921875,1.738581895828247
Matthew_Easton_Paulson,enet,0.45703125,1.6940195560455322
Matthew_Easton_Paulson,enet,0.46484375,1.637369990348816
Matthew_Easton_Paulson,enet,0.47265625,1.5731070041656494
Matthew_Easton_Paulson,enet,0.48046875,1.5053104162216187
Matthew_Easton_Paulson,enet,0.48828125,1.437422752380371
Matthew_Easton_Paulson,enet,0.49609375,1.370303750038147
Matthew_Easton_Paulson,enet,0.50390625,1.3045469522476196
Matthew_Easton_Paulson,enet,0.51171875,1.239959478378296
Matthew_Easton_Paulson,enet,0.51953125,1.1759024858474731
Matthew_Easton_Paulson,enet,0.52734375,1.1118098497390747
Matthew_Easton_Paulson,enet,0.53515625,1.0473238229751587
Matthew_Easton_Paulson,enet,0.54296875,0.9823675155639648
Matthew_Easton_Paulson,enet,0.55078125,0.9174485802650452
Matthew_Easton_Paulson,enet,0.55859375,0.8540932536125183
Matthew_Easton_Paulson,enet,0.56640625,0.79542475938797
Matthew_Easton_Paulson,enet,0.57421875,0.7450193166732788
Matthew_Easton_Paulson,enet,0.58203125,0.7045692205429077
Matthew_Easton_Paulson,enet,0.58984375,0.673374593257904
Matthew_Easton_Paulson,enet,0.59765625,0.649196982383728
Matthew_Easton_Paulson,enet,0.60546875,0.6296703219413757
Matthew_Easton_Paulson,enet,0.61328125,0.6134033799171448
Matthew_Easton_Paulson,enet,0.62109375,0.5997070670127869
Matthew_Easton_Paulson,enet,0.62890625,0.5877830982208252
Matthew_Easton_Paulson,enet,0.63671875,0.5770111083984375
Matthew_Easton_Paulson,enet,0.64453125,0.5670030117034912
Matthew_Easton_Paulson,enet,0.65234375,0.5573917031288147
Matthew_Easton_Paulson,enet,0.66015625,0.547864556312561
Matthew_Easton_Paulson,enet,0.66796875,0.5379908084869385
Matthew_Easton_Paulson,enet,0.67578125,0.5274777412414551
Matthew_Easton_Paulson,enet,0.68359375,0.5167270302772522
Matthew_Easton_Paulson,enet,0.69140625,0.5062107443809509
Matthew_Easton_Paulson,enet,0.69921875,0.4969811737537384
Matthew_Easton_Paulson,enet,0.70703125,0.4897978901863098
Matthew_Easton_Paulson,enet,0.71484375,0.4846709370613098
Matthew_Easton_Paulson,enet,0.72265625,0.481026828289032
Matthew_Easton_Paulson,enet,0.73046875,0.4783267378807068
Matthew_Easton_Paulson,enet,0.73828125,0.4765324592590332
Matthew_Easton_Paulson,enet,0.74609375,0.47574788331985474
Matthew_Easton_Paulson,enet,0.75390625,0.4758627414703369
Matthew_Easton_Paulson,enet,0.76171875,0.47644245624542236
Matthew_Easton_Paulson,enet,0.76953125,0.47741255164146423
Matthew_Easton_Paulson,enet,0.77734375,0.4788651466369629
Matthew_Easton_Paulson,enet,0.78515625,0.48021066188812256
Matthew_Easton_Paulson,enet,0.79296875,0.48141157627105713
Matthew_Easton_Paulson,enet,0.80078125,0.4831666946411133
Matthew_Easton_Paulson,enet,0.80859375,0.4855792224407196
Matthew_Easton_Paulson,enet,0.81640625,0.48844021558761597
Matthew_Easton_Paulson,enet,0.82421875,0.4916139841079712
Matthew_Easton_Paulson,enet,0.83203125,0.4948091506958008
Matthew_Easton_Paulson,enet,0.83984375,0.49795737862586975
Matthew_Easton_Paulson,enet,0.84765625,0.5011264681816101
Matthew_Easton_Paulson,enet,0.85546875,0.5046060085296631
Matthew_Easton_Paulson,enet,0.86328125,0.509416401386261
Matthew_Easton_Paulson,enet,0.87109375,0.5152327418327332
Matthew_Easton_Paulson,enet,0.87890625,0.5217425227165222
Matthew_Easton_Paulson,enet,0.88671875,0.5281394720077515
Matthew_Easton_Paulson,enet,0.89453125,0.5327898859977722
Matthew_Easton_Paulson,enet,0.90234375,0.5348861217498779
Matthew_Easton_Paulson,enet,0.91015625,0.5348275899887085
Matthew_Easton_Paulson,enet,0.91796875,0.5335887670516968
Matthew_Easton_Paulson,enet,0.92578125,0.5308175683021545
Matthew_Easton_Paulson,enet,0.93359375,0.5238391160964966
Matthew_Easton_Paulson,enet,0.94140625,0.5145456790924072
Matthew_Easton_Paulson,enet,0.94921875,0.49876081943511963
Matthew_Easton_Paulson,enet,0.95703125,0.48058533668518066
Matthew_Easton_Paulson,enet,0.96484375,0.46001914143562317
Matthew_Easton_Paulson,enet,0.97265625,0.4361931383609772
Matthew_Easton_Paulson,enet,0.98046875,0.4068721830844879
Matthew_Easton_Paulson,enet,0.98828125,0.39266374707221985
Matthew_Easton_Paulson,enet,0.99609375,0.42004260420799255
Matthew_Easton_Paulson,enet,1.0,0.4297332763671875
Matthew_Enlai_Zhang,ridge,0.0,4.524981498718262
Matthew_Enlai_Zhang,ridge,0.00390625,4.524291515350342
Matthew_Enlai_Zhang,ridge,0.01171875,4.52297306060791
Matthew_Enlai_Zhang,ridge,0.01953125,4.521759986877441
Matthew_Enlai_Zhang,ridge,0.02734375,4.520689010620117
Matthew_Enlai_Zhang,ridge,0.03515625,4.519791603088379
Matthew_Enlai_Zhang,ridge,0.04296875,4.519114971160889
Matthew_Enlai_Zhang,ridge,0.05078125,4.51869535446167
Matthew_Enlai_Zhang,ridge,0.05859375,4.518550872802734
Matthew_Enlai_Zhang,ridge,0.06640625,4.51876974105835
Matthew_Enlai_Zhang,ridge,0.07421875,4.51943302154541
Matthew_Enlai_Zhang,ridge,0.08203125,4.520691871643066
Matthew_Enlai_Zhang,ridge,0.08984375,4.5228047370910645
Matthew_Enlai_Zhang,ridge,0.09765625,4.525979995727539
Matthew_Enlai_Zhang,ridge,0.10546875,4.530306816101074
Matthew_Enlai_Zhang,ridge,0.11328125,4.535769462585449
Matthew_Enlai_Zhang,ridge,0.12109375,4.54249382019043
Matthew_Enlai_Zhang,ridge,0.12890625,4.550516128540039
Matthew_Enlai_Zhang,ridge,0.13671875,4.559927940368652
Matthew_Enlai_Zhang,ridge,0.14453125,4.570785999298096
Matthew_Enlai_Zhang,ridge,0.15234375,4.582985877990723
Matthew_Enlai_Zhang,ridge,0.16015625,4.596401691436768
Matthew_Enlai_Zhang,ridge,0.16796875,4.610867023468018
Matthew_Enlai_Zhang,ridge,0.17578125,4.626247882843018
Matthew_Enlai_Zhang,ridge,0.18359375,4.642394542694092
Matthew_Enlai_Zhang,ridge,0.19140625,4.659296989440918
Matthew_Enlai_Zhang,ridge,0.19921875,4.6768999099731445
Matthew_Enlai_Zhang,ridge,0.20703125,4.6950531005859375
Matthew_Enlai_Zhang,ridge,0.21484375,4.713623523712158
Matthew_Enlai_Zhang,ridge,0.22265625,4.732490062713623
Matthew_Enlai_Zhang,ridge,0.23046875,4.751509666442871
Matthew_Enlai_Zhang,ridge,0.23828125,4.770471572875977
Matthew_Enlai_Zhang,ridge,0.24609375,4.789092063903809
Matthew_Enlai_Zhang,ridge,0.25390625,4.807177543640137
Matthew_Enlai_Zhang,ridge,0.26171875,4.824589729309082
Matthew_Enlai_Zhang,ridge,0.26953125,4.841201305389404
Matthew_Enlai_Zhang,ridge,0.27734375,4.856916427612305
Matthew_Enlai_Zhang,ridge,0.28515625,4.87156343460083
Matthew_Enlai_Zhang,ridge,0.29296875,4.884968280792236
Matthew_Enlai_Zhang,ridge,0.30078125,4.896975517272949
Matthew_Enlai_Zhang,ridge,0.30859375,4.907375335693359
Matthew_Enlai_Zhang,ridge,0.31640625,4.9158935546875
Matthew_Enlai_Zhang,ridge,0.32421875,4.92225980758667
Matthew_Enlai_Zhang,ridge,0.33203125,4.926131248474121
Matthew_Enlai_Zhang,ridge,0.33984375,4.9268693923950195
Matthew_Enlai_Zhang,ridge,0.34765625,4.923598289489746
Matthew_Enlai_Zhang,ridge,0.35546875,4.915135383605957
Matthew_Enlai_Zhang,ridge,0.36328125,4.899802207946777
Matthew_Enlai_Zhang,ridge,0.37109375,4.875433444976807
Matthew_Enlai_Zhang,ridge,0.37890625,4.8394856452941895
Matthew_Enlai_Zhang,ridge,0.38671875,4.7892231941223145
Matthew_Enlai_Zhang,ridge,0.39453125,4.721909523010254
Matthew_Enlai_Zhang,ridge,0.40234375,4.635304927825928
Matthew_Enlai_Zhang,ridge,0.41015625,4.527771949768066
Matthew_Enlai_Zhang,ridge,0.41796875,4.398396015167236
Matthew_Enlai_Zhang,ridge,0.42578125,4.247488021850586
Matthew_Enlai_Zhang,ridge,0.43359375,4.076869487762451
Matthew_Enlai_Zhang,ridge,0.44140625,3.8898065090179443
Matthew_Enlai_Zhang,ridge,0.44921875,3.6905648708343506
Matthew_Enlai_Zhang,ridge,0.45703125,3.483541965484619
Matthew_Enlai_Zhang,ridge,0.46484375,3.2722387313842773
Matthew_Enlai_Zhang,ridge,0.47265625,3.058737277984619
Matthew_Enlai_Zhang,ridge,0.48046875,2.843991756439209
Matthew_Enlai_Zhang,ridge,0.48828125,2.628788471221924
Matthew_Enlai_Zhang,ridge,0.49609375,2.414637804031372
Matthew_Enlai_Zhang,ridge,0.50390625,2.2039268016815186
Matthew_Enlai_Zhang,ridge,0.51171875,1.9993195533752441
Matthew_Enlai_Zhang,ridge,0.51953125,1.8032150268554688
Matthew_Enlai_Zhang,ridge,0.52734375,1.6174613237380981
Matthew_Enlai_Zhang,ridge,0.53515625,1.4433996677398682
Matthew_Enlai_Zhang,ridge,0.54296875,1.282220482826233
Matthew_Enlai_Zhang,ridge,0.55078125,1.1351661682128906
Matthew_Enlai_Zhang,ridge,0.55859375,1.002652645111084
Matthew_Enlai_Zhang,ridge,0.56640625,0.8833993673324585
Matthew_Enlai_Zhang,ridge,0.57421875,0.7750510573387146
Matthew_Enlai_Zhang,ridge,0.58203125,0.6752151846885681
Matthew_Enlai_Zhang,ridge,0.58984375,0.5820002555847168
Matthew_Enlai_Zhang,ridge,0.59765625,0.4942941665649414
Matthew_Enlai_Zhang,ridge,0.60546875,0.41175857186317444
Matthew_Enlai_Zhang,ridge,0.61328125,0.3345184922218323
Matthew_Enlai_Zhang,ridge,0.62109375,0.26285189390182495
Matthew_Enlai_Zhang,ridge,0.62890625,0.19693714380264282
Matthew_Enlai_Zhang,ridge,0.63671875,0.13668403029441833
Matthew_Enlai_Zhang,ridge,0.64453125,0.08189165592193604
Matthew_Enlai_Zhang,ridge,0.65234375,0.03233666718006134
Matthew_Enlai_Zhang,ridge,0.66015625,-0.012220486998558044
Matthew_Enlai_Zhang,ridge,0.66796875,-0.05204978585243225
Matthew_Enlai_Zhang,ridge,0.67578125,-0.08751150965690613
Matthew_Enlai_Zhang,ridge,0.68359375,-0.11906257271766663
Matthew_Enlai_Zhang,ridge,0.69140625,-0.14717747271060944
Matthew_Enlai_Zhang,ridge,0.69921875,-0.17224213480949402
Matthew_Enlai_Zhang,ridge,0.70703125,-0.1945791244506836
Matthew_Enlai_Zhang,ridge,0.71484375,-0.21449102461338043
Matthew_Enlai_Zhang,ridge,0.72265625,-0.2322554737329483
Matthew_Enlai_Zhang,ridge,0.73046875,-0.2480585128068924
Matthew_Enlai_Zhang,ridge,0.73828125,-0.26194897294044495
Matthew_Enlai_Zhang,ridge,0.74609375,-0.273903489112854
Matthew_Enlai_Zhang,ridge,0.75390625,-0.28401875495910645
Matthew_Enlai_Zhang,ridge,0.76171875,-0.29267677664756775
Matthew_Enlai_Zhang,ridge,0.76953125,-0.3003729581832886
Matthew_Enlai_Zhang,ridge,0.77734375,-0.3071652948856354
Matthew_Enlai_Zhang,ridge,0.78515625,-0.3126620650291443
Matthew_Enlai_Zhang,ridge,0.79296875,-0.31675124168395996
Matthew_Enlai_Zhang,ridge,0.80078125,-0.31968069076538086
Matthew_Enlai_Zhang,ridge,0.80859375,-0.32191431522369385
Matthew_Enlai_Zhang,ridge,0.81640625,-0.324278324842453
Matthew_Enlai_Zhang,ridge,0.82421875,-0.32786816358566284
Matthew_Enlai_Zhang,ridge,0.83203125,-0.33323317766189575
Matthew_Enlai_Zhang,ridge,0.83984375,-0.3400501012802124
Matthew_Enlai_Zhang,ridge,0.84765625,-0.3488723635673523
Matthew_Enlai_Zhang,ridge,0.85546875,-0.3606634736061096
Matthew_Enlai_Zhang,ridge,0.86328125,-0.3766735792160034
Matthew_Enlai_Zhang,ridge,0.87109375,-0.39848101139068604
Matthew_Enlai_Zhang,ridge,0.87890625,-0.4271746277809143
Matthew_Enlai_Zhang,ridge,0.88671875,-0.4627050459384918
Matthew_Enlai_Zhang,ridge,0.89453125,-0.504097580909729
Matthew_Enlai_Zhang,ridge,0.90234375,-0.5499832034111023
Matthew_Enlai_Zhang,ridge,0.91015625,-0.5990124940872192
Matthew_Enlai_Zhang,ridge,0.91796875,-0.6496284604072571
Matthew_Enlai_Zhang,ridge,0.92578125,-0.7020004987716675
Matthew_Enlai_Zhang,ridge,0.93359375,-0.7530249357223511
Matthew_Enlai_Zhang,ridge,0.94140625,-0.7947554588317871
Matthew_Enlai_Zhang,ridge,0.94921875,-0.824159562587738
Matthew_Enlai_Zhang,ridge,0.95703125,-0.8382208943367004
Matthew_Enlai_Zhang,ridge,0.96484375,-0.8368512988090515
Matthew_Enlai_Zhang,ridge,0.97265625,-0.8212265372276306
Matthew_Enlai_Zhang,ridge,0.98046875,-0.7940897345542908
Matthew_Enlai_Zhang,ridge,0.98828125,-0.7765485644340515
Matthew_Enlai_Zhang,ridge,0.99609375,-0.7785301208496094
Matthew_Enlai_Zhang,ridge,1.0,-0.7832081913948059
Matthew_Enlai_Zhang,enet,0.0,-0.24807435274124146
Matthew_Enlai_Zhang,enet,0.00390625,-0.2485170066356659
Matthew_Enlai_Zhang,enet,0.01171875,-0.24931350350379944
Matthew_Enlai_Zhang,enet,0.01953125,-0.24998065829277039
Matthew_Enlai_Zhang,enet,0.02734375,-0.25040632486343384
Matthew_Enlai_Zhang,enet,0.03515625,-0.25053998827934265
Matthew_Enlai_Zhang,enet,0.04296875,-0.25040143728256226
Matthew_Enlai_Zhang,enet,0.05078125,-0.24991130828857422
Matthew_Enlai_Zhang,enet,0.05859375,-0.24881979823112488
Matthew_Enlai_Zhang,enet,0.06640625,-0.24683994054794312
Matthew_Enlai_Zhang,enet,0.07421875,-0.243759423494339
Matthew_Enlai_Zhang,enet,0.08203125,-0.2393229901790619
Matthew_Enlai_Zhang,enet,0.08984375,-0.23326513171195984
Matthew_Enlai_Zhang,enet,0.09765625,-0.2252313196659088
Matthew_Enlai_Zhang,enet,0.10546875,-0.21492242813110352
Matthew_Enlai_Zhang,enet,0.11328125,-0.20214226841926575
Matthew_Enlai_Zhang,enet,0.12109375,-0.186860591173172
Matthew_Enlai_Zhang,enet,0.12890625,-0.16896596550941467
Matthew_Enlai_Zhang,enet,0.13671875,-0.14826256036758423
Matthew_Enlai_Zhang,enet,0.14453125,-0.12463074922561646
Matthew_Enlai_Zhang,enet,0.15234375,-0.09812992811203003
Matthew_Enlai_Zhang,enet,0.16015625,-0.06882736086845398
Matthew_Enlai_Zhang,enet,0.16796875,-0.03681376576423645
Matthew_Enlai_Zhang,enet,0.17578125,-0.0020882487297058105
Matthew_Enlai_Zhang,enet,0.18359375,0.035332828760147095
Matthew_Enlai_Zhang,enet,0.19140625,0.07556712627410889
Matthew_Enlai_Zhang,enet,0.19921875,0.11869093775749207
Matthew_Enlai_Zhang,enet,0.20703125,0.16465669870376587
Matthew_Enlai_Zhang,enet,0.21484375,0.21333569288253784
Matthew_Enlai_Zhang,enet,0.22265625,0.26455894112586975
Matthew_Enlai_Zhang,enet,0.23046875,0.3181533217430115
Matthew_Enlai_Zhang,enet,0.23828125,0.3738725781440735
Matthew_Enlai_Zhang,enet,0.24609375,0.4314607083797455
Matthew_Enlai_Zhang,enet,0.25390625,0.4907366931438446
Matthew_Enlai_Zhang,enet,0.26171875,0.5515701174736023
Matthew_Enlai_Zhang,enet,0.26953125,0.6139059066772461
Matthew_Enlai_Zhang,enet,0.27734375,0.6776225566864014
Matthew_Enlai_Zhang,enet,0.28515625,0.7423863410949707
Matthew_Enlai_Zhang,enet,0.29296875,0.807799220085144
Matthew_Enlai_Zhang,enet,0.30078125,0.8735569715499878
Matthew_Enlai_Zhang,enet,0.30859375,0.9393463134765625
Matthew_Enlai_Zhang,enet,0.31640625,1.004805564880371
Matthew_Enlai_Zhang,enet,0.32421875,1.069591999053955
Matthew_Enlai_Zhang,enet,0.33203125,1.1333147287368774
Matthew_Enlai_Zhang,enet,0.33984375,1.1954460144042969
Matthew_Enlai_Zhang,enet,0.34765625,1.2554686069488525
Matthew_Enlai_Zhang,enet,0.35546875,1.3128693103790283
Matthew_Enlai_Zhang,enet,0.36328125,1.3670568466186523
Matthew_Enlai_Zhang,enet,0.37109375,1.4173393249511719
Matthew_Enlai_Zhang,enet,0.37890625,1.4629366397857666
Matthew_Enlai_Zhang,enet,0.38671875,1.50309419631958
Matthew_Enlai_Zhang,enet,0.39453125,1.5372300148010254
Matthew_Enlai_Zhang,enet,0.40234375,1.5651755332946777
Matthew_Enlai_Zhang,enet,0.41015625,1.5870423316955566
Matthew_Enlai_Zhang,enet,0.41796875,1.602948784828186
Matthew_Enlai_Zhang,enet,0.42578125,1.6129937171936035
Matthew_Enlai_Zhang,enet,0.43359375,1.617247462272644
Matthew_Enlai_Zhang,enet,0.44140625,1.615584373474121
Matthew_Enlai_Zhang,enet,0.44921875,1.6074696779251099
Matthew_Enlai_Zhang,enet,0.45703125,1.5920867919921875
Matthew_Enlai_Zhang,enet,0.46484375,1.5689629316329956
Matthew_Enlai_Zhang,enet,0.47265625,1.5386205911636353
Matthew_Enlai_Zhang,enet,0.48046875,1.5024349689483643
Matthew_Enlai_Zhang,enet,0.48828125,1.4618089199066162
Matthew_Enlai_Zhang,enet,0.49609375,1.4176645278930664
Matthew_Enlai_Zhang,enet,0.50390625,1.3707414865493774
Matthew_Enlai_Zhang,enet,0.51171875,1.3217852115631104
Matthew_Enlai_Zhang,enet,0.51953125,1.2709956169128418
Matthew_Enlai_Zhang,enet,0.52734375,1.2174946069717407
Matthew_Enlai_Zhang,enet,0.53515625,1.1597965955734253
Matthew_Enlai_Zhang,enet,0.54296875,1.097007393836975
Matthew_Enlai_Zhang,enet,0.55078125,1.0294843912124634
Matthew_Enlai_Zhang,enet,0.55859375,0.9585575461387634
Matthew_Enlai_Zhang,enet,0.56640625,0.8857498168945312
Matthew_Enlai_Zhang,enet,0.57421875,0.8123219013214111
Matthew_Enlai_Zhang,enet,0.58203125,0.7392863631248474
Matthew_Enlai_Zhang,enet,0.58984375,0.6676275730133057
Matthew_Enlai_Zhang,enet,0.59765625,0.5984300374984741
Matthew_Enlai_Zhang,enet,0.60546875,0.5326942801475525
Matthew_Enlai_Zhang,enet,0.61328125,0.47101396322250366
Matthew_Enlai_Zhang,enet,0.62109375,0.41358134150505066
Matthew_Enlai_Zhang,enet,0.62890625,0.3603103458881378
Matthew_Enlai_Zhang,enet,0.63671875,0.3108505606651306
Matthew_Enlai_Zhang,enet,0.64453125,0.264848917722702
Matthew_Enlai_Zhang,enet,0.65234375,0.22213047742843628
Matthew_Enlai_Zhang,enet,0.66015625,0.18264682590961456
Matthew_Enlai_Zhang,enet,0.66796875,0.14631620049476624
Matthew_Enlai_Zhang,enet,0.67578125,0.11291028559207916
Matthew_Enlai_Zhang,enet,0.68359375,0.08214245736598969
Matthew_Enlai_Zhang,enet,0.69140625,0.05386072397232056
Matthew_Enlai_Zhang,enet,0.69921875,0.028049685060977936
Matthew_Enlai_Zhang,enet,0.70703125,0.004641622304916382
Matthew_Enlai_Zhang,enet,0.71484375,-0.016563717275857925
Matthew_Enlai_Zhang,enet,0.72265625,-0.03581336885690689
Matthew_Enlai_Zhang,enet,0.73046875,-0.05327174812555313
Matthew_Enlai_Zhang,enet,0.73828125,-0.06900832056999207
Matthew_Enlai_Zhang,enet,0.74609375,-0.08313411474227905
Matthew_Enlai_Zhang,enet,0.75390625,-0.09595388174057007
Matthew_Enlai_Zhang,enet,0.76171875,-0.10799002647399902
Matthew_Enlai_Zhang,enet,0.76953125,-0.11977992206811905
Matthew_Enlai_Zhang,enet,0.77734375,-0.13148029148578644
Matthew_Enlai_Zhang,enet,0.78515625,-0.14282020926475525
Matthew_Enlai_Zhang,enet,0.79296875,-0.15380211174488068
Matthew_Enlai_Zhang,enet,0.80078125,-0.164872407913208
Matthew_Enlai_Zhang,enet,0.80859375,-0.1765190064907074
Matthew_Enlai_Zhang,enet,0.81640625,-0.18912261724472046
Matthew_Enlai_Zhang,enet,0.82421875,-0.2030916064977646
Matthew_Enlai_Zhang,enet,0.83203125,-0.21796894073486328
Matthew_Enlai_Zhang,enet,0.83984375,-0.23235882818698883
Matthew_Enlai_Zhang,enet,0.84765625,-0.24639366567134857
Matthew_Enlai_Zhang,enet,0.85546875,-0.261502206325531
Matthew_Enlai_Zhang,enet,0.86328125,-0.278805673122406
Matthew_Enlai_Zhang,enet,0.87109375,-0.2994137406349182
Matthew_Enlai_Zhang,enet,0.87890625,-0.3238174617290497
Matthew_Enlai_Zhang,enet,0.88671875,-0.3514707684516907
Matthew_Enlai_Zhang,enet,0.89453125,-0.38150060176849365
Matthew_Enlai_Zhang,enet,0.90234375,-0.4131985902786255
Matthew_Enlai_Zhang,enet,0.91015625,-0.44616007804870605
Matthew_Enlai_Zhang,enet,0.91796875,-0.4802817106246948
Matthew_Enlai_Zhang,enet,0.92578125,-0.5171437859535217
Matthew_Enlai_Zhang,enet,0.93359375,-0.5552451610565186
Matthew_Enlai_Zhang,enet,0.94140625,-0.5889917612075806
Matthew_Enlai_Zhang,enet,0.94921875,-0.6181572079658508
Matthew_Enlai_Zhang,enet,0.95703125,-0.6408576965332031
Matthew_Enlai_Zhang,enet,0.96484375,-0.6566794514656067
Matthew_Enlai_Zhang,enet,0.97265625,-0.6628357768058777
Matthew_Enlai_Zhang,enet,0.98046875,-0.6556230187416077
Matthew_Enlai_Zhang,enet,0.98828125,-0.6594518423080444
Matthew_Enlai_Zhang,enet,0.99609375,-0.6782593131065369
Matthew_Enlai_Zhang,enet,1.0,-0.6828754544258118
Micheal_Kawoori_Obterra,ridge,0.0,4.791038990020752
Micheal_Kawoori_Obterra,ridge,0.00390625,4.790891647338867
Micheal_Kawoori_Obterra,ridge,0.01171875,4.790717124938965
Micheal_Kawoori_Obterra,ridge,0.01953125,4.790680885314941
Micheal_Kawoori_Obterra,ridge,0.02734375,4.790740013122559
Micheal_Kawoori_Obterra,ridge,0.03515625,4.790951728820801
Micheal_Kawoori_Obterra,ridge,0.04296875,4.791231155395508
Micheal_Kawoori_Obterra,ridge,0.05078125,4.791317939758301
Micheal_Kawoori_Obterra,ridge,0.05859375,4.791146755218506
Micheal_Kawoori_Obterra,ridge,0.06640625,4.7908406257629395
Micheal_Kawoori_Obterra,ridge,0.07421875,4.790534019470215
Micheal_Kawoori_Obterra,ridge,0.08203125,4.7902302742004395
Micheal_Kawoori_Obterra,ridge,0.08984375,4.789874076843262
Micheal_Kawoori_Obterra,ridge,0.09765625,4.789491176605225
Micheal_Kawoori_Obterra,ridge,0.10546875,4.7890625
Micheal_Kawoori_Obterra,ridge,0.11328125,4.788506031036377
Micheal_Kawoori_Obterra,ridge,0.12109375,4.7877655029296875
Micheal_Kawoori_Obterra,ridge,0.12890625,4.786767959594727
Micheal_Kawoori_Obterra,ridge,0.13671875,4.785525321960449
Micheal_Kawoori_Obterra,ridge,0.14453125,4.784076690673828
Micheal_Kawoori_Obterra,ridge,0.15234375,4.782317638397217
Micheal_Kawoori_Obterra,ridge,0.16015625,4.780059814453125
Micheal_Kawoori_Obterra,ridge,0.16796875,4.777142524719238
Micheal_Kawoori_Obterra,ridge,0.17578125,4.773457050323486
Micheal_Kawoori_Obterra,ridge,0.18359375,4.7688703536987305
Micheal_Kawoori_Obterra,ridge,0.19140625,4.76340389251709
Micheal_Kawoori_Obterra,ridge,0.19921875,4.756926536560059
Micheal_Kawoori_Obterra,ridge,0.20703125,4.7493157386779785
Micheal_Kawoori_Obterra,ridge,0.21484375,4.740489959716797
Micheal_Kawoori_Obterra,ridge,0.22265625,4.730388641357422
Micheal_Kawoori_Obterra,ridge,0.23046875,4.718903541564941
Micheal_Kawoori_Obterra,ridge,0.23828125,4.705888748168945
Micheal_Kawoori_Obterra,ridge,0.24609375,4.691287040710449
Micheal_Kawoori_Obterra,ridge,0.25390625,4.675168037414551
Micheal_Kawoori_Obterra,ridge,0.26171875,4.657538414001465
Micheal_Kawoori_Obterra,ridge,0.26953125,4.638362407684326
Micheal_Kawoori_Obterra,ridge,0.27734375,4.617652893066406
Micheal_Kawoori_Obterra,ridge,0.28515625,4.595710754394531
Micheal_Kawoori_Obterra,ridge,0.29296875,4.573009490966797
Micheal_Kawoori_Obterra,ridge,0.30078125,4.550156593322754
Micheal_Kawoori_Obterra,ridge,0.30859375,4.527886867523193
Micheal_Kawoori_Obterra,ridge,0.31640625,4.506984233856201
Micheal_Kawoori_Obterra,ridge,0.32421875,4.48817253112793
Micheal_Kawoori_Obterra,ridge,0.33203125,4.472051620483398
Micheal_Kawoori_Obterra,ridge,0.33984375,4.458896636962891
Micheal_Kawoori_Obterra,ridge,0.34765625,4.448342323303223
Micheal_Kawoori_Obterra,ridge,0.35546875,4.439085483551025
Micheal_Kawoori_Obterra,ridge,0.36328125,4.428610801696777
Micheal_Kawoori_Obterra,ridge,0.37109375,4.413323402404785
Micheal_Kawoori_Obterra,ridge,0.37890625,4.389158725738525
Micheal_Kawoori_Obterra,ridge,0.38671875,4.35247278213501
Micheal_Kawoori_Obterra,ridge,0.39453125,4.300621509552002
Micheal_Kawoori_Obterra,ridge,0.40234375,4.232084274291992
Micheal_Kawoori_Obterra,ridge,0.41015625,4.146530628204346
Micheal_Kawoori_Obterra,ridge,0.41796875,4.044604301452637
Micheal_Kawoori_Obterra,ridge,0.42578125,3.92763090133667
Micheal_Kawoori_Obterra,ridge,0.43359375,3.797457695007324
Micheal_Kawoori_Obterra,ridge,0.44140625,3.6565113067626953
Micheal_Kawoori_Obterra,ridge,0.44921875,3.5077435970306396
Micheal_Kawoori_Obterra,ridge,0.45703125,3.3546993732452393
Micheal_Kawoori_Obterra,ridge,0.46484375,3.2013418674468994
Micheal_Kawoori_Obterra,ridge,0.47265625,3.05029296875
Micheal_Kawoori_Obterra,ridge,0.48046875,2.901536226272583
Micheal_Kawoori_Obterra,ridge,0.48828125,2.7536702156066895
Micheal_Kawoori_Obterra,ridge,0.49609375,2.60579514503479
Micheal_Kawoori_Obterra,ridge,0.50390625,2.4583637714385986
Micheal_Kawoori_Obterra,ridge,0.51171875,2.3131465911865234
Micheal_Kawoori_Obterra,ridge,0.51953125,2.172278642654419
Micheal_Kawoori_Obterra,ridge,0.52734375,2.03739595413208
Micheal_Kawoori_Obterra,ridge,0.53515625,1.9094963073730469
Micheal_Kawoori_Obterra,ridge,0.54296875,1.7895443439483643
Micheal_Kawoori_Obterra,ridge,0.55078125,1.6787396669387817
Micheal_Kawoori_Obterra,ridge,0.55859375,1.5778908729553223
Micheal_Kawoori_Obterra,ridge,0.56640625,1.486891746520996
Micheal_Kawoori_Obterra,ridge,0.57421875,1.4048492908477783
Micheal_Kawoori_Obterra,ridge,0.58203125,1.3305938243865967
Micheal_Kawoori_Obterra,ridge,0.58984375,1.262951135635376
Micheal_Kawoori_Obterra,ridge,0.59765625,1.2007582187652588
Micheal_Kawoori_Obterra,ridge,0.60546875,1.1429225206375122
Micheal_Kawoori_Obterra,ridge,0.61328125,1.0886046886444092
Micheal_Kawoori_Obterra,ridge,0.62109375,1.0373059511184692
Micheal_Kawoori_Obterra,ridge,0.62890625,0.9887288808822632
Micheal_Kawoori_Obterra,ridge,0.63671875,0.9426230788230896
Micheal_Kawoori_Obterra,ridge,0.64453125,0.8988988399505615
Micheal_Kawoori_Obterra,ridge,0.65234375,0.8576442003250122
Micheal_Kawoori_Obterra,ridge,0.66015625,0.8190225958824158
Micheal_Kawoori_Obterra,ridge,0.66796875,0.783096194267273
Micheal_Kawoori_Obterra,ridge,0.67578125,0.749784529209137
Micheal_Kawoori_Obterra,ridge,0.68359375,0.7189950942993164
Micheal_Kawoori_Obterra,ridge,0.69140625,0.6907658576965332
Micheal_Kawoori_Obterra,ridge,0.69921875,0.6652582883834839
Micheal_Kawoori_Obterra,ridge,0.70703125,0.6424537301063538
Micheal_Kawoori_Obterra,ridge,0.71484375,0.6218652725219727
Micheal_Kawoori_Obterra,ridge,0.72265625,0.6028423309326172
Micheal_Kawoori_Obterra,ridge,0.73046875,0.5848292708396912
Micheal_Kawoori_Obterra,ridge,0.73828125,0.5674487948417664
Micheal_Kawoori_Obterra,ridge,0.74609375,0.550588846206665
Micheal_Kawoori_Obterra,ridge,0.75390625,0.534339189529419
Micheal_Kawoori_Obterra,ridge,0.76171875,0.518958330154419
Micheal_Kawoori_Obterra,ridge,0.76953125,0.5047574043273926
Micheal_Kawoori_Obterra,ridge,0.77734375,0.49166339635849
Micheal_Kawoori_Obterra,ridge,0.78515625,0.47948744893074036
Micheal_Kawoori_Obterra,ridge,0.79296875,0.46844813227653503
Micheal_Kawoori_Obterra,ridge,0.80078125,0.4588070809841156
Micheal_Kawoori_Obterra,ridge,0.80859375,0.45070818066596985
Micheal_Kawoori_Obterra,ridge,0.81640625,0.44429683685302734
Micheal_Kawoori_Obterra,ridge,0.82421875,0.4397788643836975
Micheal_Kawoori_Obterra,ridge,0.83203125,0.43671783804893494
Micheal_Kawoori_Obterra,ridge,0.83984375,0.43326354026794434
Micheal_Kawoori_Obterra,ridge,0.84765625,0.42889147996902466
Micheal_Kawoori_Obterra,ridge,0.85546875,0.42442500591278076
Micheal_Kawoori_Obterra,ridge,0.86328125,0.4208328127861023
Micheal_Kawoori_Obterra,ridge,0.87109375,0.41864246129989624
Micheal_Kawoori_Obterra,ridge,0.87890625,0.4178850054740906
Micheal_Kawoori_Obterra,ridge,0.88671875,0.41879087686538696
Micheal_Kawoori_Obterra,ridge,0.89453125,0.42125368118286133
Micheal_Kawoori_Obterra,ridge,0.90234375,0.42538195848464966
Micheal_Kawoori_Obterra,ridge,0.91015625,0.4315186142921448
Micheal_Kawoori_Obterra,ridge,0.91796875,0.44008317589759827
Micheal_Kawoori_Obterra,ridge,0.92578125,0.45213794708251953
Micheal_Kawoori_Obterra,ridge,0.93359375,0.4675469398498535
Micheal_Kawoori_Obterra,ridge,0.94140625,0.4847627878189087
Micheal_Kawoori_Obterra,ridge,0.94921875,0.5047265291213989
Micheal_Kawoori_Obterra,ridge,0.95703125,0.528554379940033
Micheal_Kawoori_Obterra,ridge,0.96484375,0.5505321621894836
Micheal_Kawoori_Obterra,ridge,0.97265625,0.5662885904312134
Micheal_Kawoori_Obterra,ridge,0.98046875,0.5752311944961548
Micheal_Kawoori_Obterra,ridge,0.98828125,0.5781165957450867
Micheal_Kawoori_Obterra,ridge,0.99609375,0.5790356397628784
Micheal_Kawoori_Obterra,ridge,1.0,0.5796335935592651
Micheal_Kawoori_Obterra,enet,0.0,-0.16453367471694946
Micheal_Kawoori_Obterra,enet,0.00390625,-0.1645929217338562
Micheal_Kawoori_Obterra,enet,0.01171875,-0.1645575761795044
Micheal_Kawoori_Obterra,enet,0.01953125,-0.16430959105491638
Micheal_Kawoori_Obterra,enet,0.02734375,-0.16383644938468933
Micheal_Kawoori_Obterra,enet,0.03515625,-0.16320553421974182
Micheal_Kawoori_Obterra,enet,0.04296875,-0.16236600279808044
Micheal_Kawoori_Obterra,enet,0.05078125,-0.1615292727947235
Micheal_Kawoori_Obterra,enet,0.05859375,-0.16068732738494873
Micheal_Kawoori_Obterra,enet,0.06640625,-0.15945622324943542
Micheal_Kawoori_Obterra,enet,0.07421875,-0.15753686428070068
Micheal_Kawoori_Obterra,enet,0.08203125,-0.1549212634563446
Micheal_Kawoori_Obterra,enet,0.08984375,-0.15162822604179382
Micheal_Kawoori_Obterra,enet,0.09765625,-0.1474400758743286
Micheal_Kawoori_Obterra,enet,0.10546875,-0.14222630858421326
Micheal_Kawoori_Obterra,enet,0.11328125,-0.1358432173728943
Micheal_Kawoori_Obterra,enet,0.12109375,-0.12807491421699524
Micheal_Kawoori_Obterra,enet,0.12890625,-0.11873036623001099
Micheal_Kawoori_Obterra,enet,0.13671875,-0.10761702060699463
Micheal_Kawoori_Obterra,enet,0.14453125,-0.09447970986366272
Micheal_Kawoori_Obterra,enet,0.15234375,-0.07918804883956909
Micheal_Kawoori_Obterra,enet,0.16015625,-0.06173264980316162
Micheal_Kawoori_Obterra,enet,0.16796875,-0.04208818078041077
Micheal_Kawoori_Obterra,enet,0.17578125,-0.020280778408050537
Micheal_Kawoori_Obterra,enet,0.18359375,0.003564774990081787
Micheal_Kawoori_Obterra,enet,0.19140625,0.0293729305267334
Micheal_Kawoori_Obterra,enet,0.19921875,0.056827157735824585
Micheal_Kawoori_Obterra,enet,0.20703125,0.08569091558456421
Micheal_Kawoori_Obterra,enet,0.21484375,0.11575669050216675
Micheal_Kawoori_Obterra,enet,0.22265625,0.14686253666877747
Micheal_Kawoori_Obterra,enet,0.23046875,0.17872396111488342
Micheal_Kawoori_Obterra,enet,0.23828125,0.21085870265960693
Micheal_Kawoori_Obterra,enet,0.24609375,0.24286842346191406
Micheal_Kawoori_Obterra,enet,0.25390625,0.27437251806259155
Micheal_Kawoori_Obterra,enet,0.26171875,0.3047274053096771
Micheal_Kawoori_Obterra,enet,0.26953125,0.33320143818855286
Micheal_Kawoori_Obterra,enet,0.27734375,0.3591327965259552
Micheal_Kawoori_Obterra,enet,0.28515625,0.3819672763347626
Micheal_Kawoori_Obterra,enet,0.29296875,0.4013010859489441
Micheal_Kawoori_Obterra,enet,0.30078125,0.4169725775718689
Micheal_Kawoori_Obterra,enet,0.30859375,0.4293358325958252
Micheal_Kawoori_Obterra,enet,0.31640625,0.43949776887893677
Micheal_Kawoori_Obterra,enet,0.32421875,0.4494667053222656
Micheal_Kawoori_Obterra,enet,0.33203125,0.4622339606285095
Micheal_Kawoori_Obterra,enet,0.33984375,0.4817247688770294
Micheal_Kawoori_Obterra,enet,0.34765625,0.5125128030776978
Micheal_Kawoori_Obterra,enet,0.35546875,0.5591374039649963
Micheal_Kawoori_Obterra,enet,0.36328125,0.6249294281005859
Micheal_Kawoori_Obterra,enet,0.37109375,0.7109897136688232
Micheal_Kawoori_Obterra,enet,0.37890625,0.8156723976135254
Micheal_Kawoori_Obterra,enet,0.38671875,0.9346322417259216
Micheal_Kawoori_Obterra,enet,0.39453125,1.061447024345398
Micheal_Kawoori_Obterra,enet,0.40234375,1.1886346340179443
Micheal_Kawoori_Obterra,enet,0.41015625,1.3088178634643555
Micheal_Kawoori_Obterra,enet,0.41796875,1.4156721830368042
Micheal_Kawoori_Obterra,enet,0.42578125,1.5046932697296143
Micheal_Kawoori_Obterra,enet,0.43359375,1.573869228363037
Micheal_Kawoori_Obterra,enet,0.44140625,1.6238912343978882
Micheal_Kawoori_Obterra,enet,0.44921875,1.6573957204818726
Micheal_Kawoori_Obterra,enet,0.45703125,1.6777477264404297
Micheal_Kawoori_Obterra,enet,0.46484375,1.6880226135253906
Micheal_Kawoori_Obterra,enet,0.47265625,1.6898001432418823
Micheal_Kawoori_Obterra,enet,0.48046875,1.682660460472107
Micheal_Kawoori_Obterra,enet,0.48828125,1.6648989915847778
Micheal_Kawoori_Obterra,enet,0.49609375,1.6341767311096191
Micheal_Kawoori_Obterra,enet,0.50390625,1.5883976221084595
Micheal_Kawoori_Obterra,enet,0.51171875,1.5276648998260498
Micheal_Kawoori_Obterra,enet,0.51953125,1.4549893140792847
Micheal_Kawoori_Obterra,enet,0.52734375,1.3748916387557983
Micheal_Kawoori_Obterra,enet,0.53515625,1.2915748357772827
Micheal_Kawoori_Obterra,enet,0.54296875,1.2083561420440674
Micheal_Kawoori_Obterra,enet,0.55078125,1.1278831958770752
Micheal_Kawoori_Obterra,enet,0.55859375,1.0519866943359375
Micheal_Kawoori_Obterra,enet,0.56640625,0.9814442992210388
Micheal_Kawoori_Obterra,enet,0.57421875,0.9161763787269592
Micheal_Kawoori_Obterra,enet,0.58203125,0.855755090713501
Micheal_Kawoori_Obterra,enet,0.58984375,0.799662709236145
Micheal_Kawoori_Obterra,enet,0.59765625,0.7473616600036621
Micheal_Kawoori_Obterra,enet,0.60546875,0.6983547210693359
Micheal_Kawoori_Obterra,enet,0.61328125,0.6523246765136719
Micheal_Kawoori_Obterra,enet,0.62109375,0.609094500541687
Micheal_Kawoori_Obterra,enet,0.62890625,0.5683833956718445
Micheal_Kawoori_Obterra,enet,0.63671875,0.5296521186828613
Micheal_Kawoori_Obterra,enet,0.64453125,0.4922005832195282
Micheal_Kawoori_Obterra,enet,0.65234375,0.4553055763244629
Micheal_Kawoori_Obterra,enet,0.66015625,0.4182489514350891
Micheal_Kawoori_Obterra,enet,0.66796875,0.38031521439552307
Micheal_Kawoori_Obterra,enet,0.67578125,0.34090152382850647
Micheal_Kawoori_Obterra,enet,0.68359375,0.2997618615627289
Micheal_Kawoori_Obterra,enet,0.69140625,0.25722116231918335
Micheal_Kawoori_Obterra,enet,0.69921875,0.21414461731910706
Micheal_Kawoori_Obterra,enet,0.70703125,0.17149636149406433
Micheal_Kawoori_Obterra,enet,0.71484375,0.12983494997024536
Micheal_Kawoori_Obterra,enet,0.72265625,0.08941729366779327
Micheal_Kawoori_Obterra,enet,0.73046875,0.050409071147441864
Micheal_Kawoori_Obterra,enet,0.73828125,0.012930981814861298
Micheal_Kawoori_Obterra,enet,0.74609375,-0.02285069227218628
Micheal_Kawoori_Obterra,enet,0.75390625,-0.056743405759334564
Micheal_Kawoori_Obterra,enet,0.76171875,-0.08857928216457367
Micheal_Kawoori_Obterra,enet,0.76953125,-0.11828643083572388
Micheal_Kawoori_Obterra,enet,0.77734375,-0.1460438072681427
Micheal_Kawoori_Obterra,enet,0.78515625,-0.1718428134918213
Micheal_Kawoori_Obterra,enet,0.79296875,-0.19475430250167847
Micheal_Kawoori_Obterra,enet,0.80078125,-0.21380609273910522
Micheal_Kawoori_Obterra,enet,0.80859375,-0.22854983806610107
Micheal_Kawoori_Obterra,enet,0.81640625,-0.23883387446403503
Micheal_Kawoori_Obterra,enet,0.82421875,-0.24512797594070435
Micheal_Kawoori_Obterra,enet,0.83203125,-0.24956266582012177
Micheal_Kawoori_Obterra,enet,0.83984375,-0.2543520927429199
Micheal_Kawoori_Obterra,enet,0.84765625,-0.25873515009880066
Micheal_Kawoori_Obterra,enet,0.85546875,-0.26155322790145874
Micheal_Kawoori_Obterra,enet,0.86328125,-0.2623617947101593
Micheal_Kawoori_Obterra,enet,0.87109375,-0.26195335388183594
Micheal_Kawoori_Obterra,enet,0.87890625,-0.26169273257255554
Micheal_Kawoori_Obterra,enet,0.88671875,-0.2614574432373047
Micheal_Kawoori_Obterra,enet,0.89453125,-0.2606082558631897
Micheal_Kawoori_Obterra,enet,0.90234375,-0.2585494816303253
Micheal_Kawoori_Obterra,enet,0.91015625,-0.25528228282928467
Micheal_Kawoori_Obterra,enet,0.91796875,-0.2510274648666382
Micheal_Kawoori_Obterra,enet,0.92578125,-0.24453109502792358
Micheal_Kawoori_Obterra,enet,0.93359375,-0.2354949414730072
Micheal_Kawoori_Obterra,enet,0.94140625,-0.2265845537185669
Micheal_Kawoori_Obterra,enet,0.94921875,-0.21523892879486084
Micheal_Kawoori_Obterra,enet,0.95703125,-0.19210568070411682
Micheal_Kawoori_Obterra,enet,0.96484375,-0.16160546243190765
Micheal_Kawoori_Obterra,enet,0.97265625,-0.13205191493034363
Micheal_Kawoori_Obterra,enet,0.98046875,-0.10790468007326126
Micheal_Kawoori_Obterra,enet,0.98828125,-0.09421968460083008
Micheal_Kawoori_Obterra,enet,0.99609375,-0.09102998673915863
Micheal_Kawoori_Obterra,enet,1.0,-0.09211787581443787
Nicholas_Andrew_Falhosh,ridge,0.0,5.086030960083008
Nicholas_Andrew_Falhosh,ridge,0.00390625,5.083961486816406
Nicholas_Andrew_Falhosh,ridge,0.01171875,5.079841136932373
Nicholas_Andrew_Falhosh,ridge,0.01953125,5.075682640075684
Nicholas_Andrew_Falhosh,ridge,0.02734375,5.071366786956787
Nicholas_Andrew_Falhosh,ridge,0.03515625,5.066839218139648
Nicholas_Andrew_Falhosh,ridge,0.04296875,5.062137603759766
Nicholas_Andrew_Falhosh,ridge,0.05078125,5.05735445022583
Nicholas_Andrew_Falhosh,ridge,0.05859375,5.052606582641602
Nicholas_Andrew_Falhosh,ridge,0.06640625,5.047986030578613
Nicholas_Andrew_Falhosh,ridge,0.07421875,5.043593883514404
Nicholas_Andrew_Falhosh,ridge,0.08203125,5.039649963378906
Nicholas_Andrew_Falhosh,ridge,0.08984375,5.036242485046387
Nicholas_Andrew_Falhosh,ridge,0.09765625,5.033296585083008
Nicholas_Andrew_Falhosh,ridge,0.10546875,5.030667781829834
Nicholas_Andrew_Falhosh,ridge,0.11328125,5.0281877517700195
Nicholas_Andrew_Falhosh,ridge,0.12109375,5.025635719299316
Nicholas_Andrew_Falhosh,ridge,0.12890625,5.022836208343506
Nicholas_Andrew_Falhosh,ridge,0.13671875,5.019698143005371
Nicholas_Andrew_Falhosh,ridge,0.14453125,5.016199111938477
Nicholas_Andrew_Falhosh,ridge,0.15234375,5.0123724937438965
Nicholas_Andrew_Falhosh,ridge,0.16015625,5.008211135864258
Nicholas_Andrew_Falhosh,ridge,0.16796875,5.00363826751709
Nicholas_Andrew_Falhosh,ridge,0.17578125,4.998556137084961
Nicholas_Andrew_Falhosh,ridge,0.18359375,4.992833137512207
Nicholas_Andrew_Falhosh,ridge,0.19140625,4.986324310302734
Nicholas_Andrew_Falhosh,ridge,0.19921875,4.97887659072876
Nicholas_Andrew_Falhosh,ridge,0.20703125,4.970355987548828
Nicholas_Andrew_Falhosh,ridge,0.21484375,4.960639476776123
Nicholas_Andrew_Falhosh,ridge,0.22265625,4.949646472930908
Nicholas_Andrew_Falhosh,ridge,0.23046875,4.937297344207764
Nicholas_Andrew_Falhosh,ridge,0.23828125,4.923467636108398
Nicholas_Andrew_Falhosh,ridge,0.24609375,4.908007621765137
Nicholas_Andrew_Falhosh,ridge,0.25390625,4.890761375427246
Nicholas_Andrew_Falhosh,ridge,0.26171875,4.871576309204102
Nicholas_Andrew_Falhosh,ridge,0.26953125,4.850245952606201
Nicholas_Andrew_Falhosh,ridge,0.27734375,4.826560020446777
Nicholas_Andrew_Falhosh,ridge,0.28515625,4.800350189208984
Nicholas_Andrew_Falhosh,ridge,0.29296875,4.7714433670043945
Nicholas_Andrew_Falhosh,ridge,0.30078125,4.739666938781738
Nicholas_Andrew_Falhosh,ridge,0.30859375,4.704902172088623
Nicholas_Andrew_Falhosh,ridge,0.31640625,4.667120933532715
Nicholas_Andrew_Falhosh,ridge,0.32421875,4.6263556480407715
Nicholas_Andrew_Falhosh,ridge,0.33203125,4.582615852355957
Nicholas_Andrew_Falhosh,ridge,0.33984375,4.535860061645508
Nicholas_Andrew_Falhosh,ridge,0.34765625,4.485990524291992
Nicholas_Andrew_Falhosh,ridge,0.35546875,4.4328107833862305
Nicholas_Andrew_Falhosh,ridge,0.36328125,4.375992298126221
Nicholas_Andrew_Falhosh,ridge,0.37109375,4.315012454986572
Nicholas_Andrew_Falhosh,ridge,0.37890625,4.249215126037598
Nicholas_Andrew_Falhosh,ridge,0.38671875,4.178006172180176
Nicholas_Andrew_Falhosh,ridge,0.39453125,4.100991249084473
Nicholas_Andrew_Falhosh,ridge,0.40234375,4.017943382263184
Nicholas_Andrew_Falhosh,ridge,0.41015625,3.9286820888519287
Nicholas_Andrew_Falhosh,ridge,0.41796875,3.833012819290161
Nicholas_Andrew_Falhosh,ridge,0.42578125,3.7308075428009033
Nicholas_Andrew_Falhosh,ridge,0.43359375,3.6220622062683105
Nicholas_Andrew_Falhosh,ridge,0.44140625,3.506838321685791
Nicholas_Andrew_Falhosh,ridge,0.44921875,3.3854050636291504
Nicholas_Andrew_Falhosh,ridge,0.45703125,3.258241653442383
Nicholas_Andrew_Falhosh,ridge,0.46484375,3.1261143684387207
Nicholas_Andrew_Falhosh,ridge,0.47265625,2.990102767944336
Nicholas_Andrew_Falhosh,ridge,0.48046875,2.851335048675537
Nicholas_Andrew_Falhosh,ridge,0.48828125,2.7106945514678955
Nicholas_Andrew_Falhosh,ridge,0.49609375,2.568859100341797
Nicholas_Andrew_Falhosh,ridge,0.50390625,2.426445960998535
Nicholas_Andrew_Falhosh,ridge,0.51171875,2.284160614013672
Nicholas_Andrew_Falhosh,ridge,0.51953125,2.142805814743042
Nicholas_Andrew_Falhosh,ridge,0.52734375,2.003267288208008
Nicholas_Andrew_Falhosh,ridge,0.53515625,1.8664429187774658
Nicholas_Andrew_Falhosh,ridge,0.54296875,1.7330687046051025
Nicholas_Andrew_Falhosh,ridge,0.55078125,1.6036850214004517
Nicholas_Andrew_Falhosh,ridge,0.55859375,1.4788333177566528
Nicholas_Andrew_Falhosh,ridge,0.56640625,1.3592321872711182
Nicholas_Andrew_Falhosh,ridge,0.57421875,1.2456800937652588
Nicholas_Andrew_Falhosh,ridge,0.58203125,1.1387877464294434
Nicholas_Andrew_Falhosh,ridge,0.58984375,1.038992166519165
Nicholas_Andrew_Falhosh,ridge,0.59765625,0.9468501210212708
Nicholas_Andrew_Falhosh,ridge,0.60546875,0.8630207777023315
Nicholas_Andrew_Falhosh,ridge,0.61328125,0.7877824306488037
Nicholas_Andrew_Falhosh,ridge,0.62109375,0.7208407521247864
Nicholas_Andrew_Falhosh,ridge,0.62890625,0.6616473197937012
Nicholas_Andrew_Falhosh,ridge,0.63671875,0.6093612909317017
Nicholas_Andrew_Falhosh,ridge,0.64453125,0.5626301169395447
Nicholas_Andrew_Falhosh,ridge,0.65234375,0.5197286605834961
Nicholas_Andrew_Falhosh,ridge,0.66015625,0.4790376126766205
Nicholas_Andrew_Falhosh,ridge,0.66796875,0.4394746422767639
Nicholas_Andrew_Falhosh,ridge,0.67578125,0.4004979431629181
Nicholas_Andrew_Falhosh,ridge,0.68359375,0.36187130212783813
Nicholas_Andrew_Falhosh,ridge,0.69140625,0.32339364290237427
Nicholas_Andrew_Falhosh,ridge,0.69921875,0.2847825586795807
Nicholas_Andrew_Falhosh,ridge,0.70703125,0.24565652012825012
Nicholas_Andrew_Falhosh,ridge,0.71484375,0.20551174879074097
Nicholas_Andrew_Falhosh,ridge,0.72265625,0.16368542611598969
Nicholas_Andrew_Falhosh,ridge,0.73046875,0.11958292126655579
Nicholas_Andrew_Falhosh,ridge,0.73828125,0.07327458262443542
Nicholas_Andrew_Falhosh,ridge,0.74609375,0.025385886430740356
Nicholas_Andrew_Falhosh,ridge,0.75390625,-0.023902595043182373
Nicholas_Andrew_Falhosh,ridge,0.76171875,-0.0743328183889389
Nicholas_Andrew_Falhosh,ridge,0.76953125,-0.12506143748760223
Nicholas_Andrew_Falhosh,ridge,0.77734375,-0.17492613196372986
Nicholas_Andrew_Falhosh,ridge,0.78515625,-0.22296035289764404
Nicholas_Andrew_Falhosh,ridge,0.79296875,-0.26872050762176514
Nicholas_Andrew_Falhosh,ridge,0.80078125,-0.31240445375442505
Nicholas_Andrew_Falhosh,ridge,0.80859375,-0.3546305298805237
Nicholas_Andrew_Falhosh,ridge,0.81640625,-0.3959919810295105
Nicholas_Andrew_Falhosh,ridge,0.82421875,-0.4369567632675171
Nicholas_Andrew_Falhosh,ridge,0.83203125,-0.4778076708316803
Nicholas_Andrew_Falhosh,ridge,0.83984375,-0.5178622007369995
Nicholas_Andrew_Falhosh,ridge,0.84765625,-0.5558918714523315
Nicholas_Andrew_Falhosh,ridge,0.85546875,-0.5909005999565125
Nicholas_Andrew_Falhosh,ridge,0.86328125,-0.6213802695274353
Nicholas_Andrew_Falhosh,ridge,0.87109375,-0.6461276412010193
Nicholas_Andrew_Falhosh,ridge,0.87890625,-0.664971649646759
Nicholas_Andrew_Falhosh,ridge,0.88671875,-0.6788622736930847
Nicholas_Andrew_Falhosh,ridge,0.89453125,-0.6894964575767517
Nicholas_Andrew_Falhosh,ridge,0.90234375,-0.6998345851898193
Nicholas_Andrew_Falhosh,ridge,0.91015625,-0.7130011320114136
Nicholas_Andrew_Falhosh,ridge,0.91796875,-0.7290829420089722
Nicholas_Andrew_Falhosh,ridge,0.92578125,-0.7435414791107178
Nicholas_Andrew_Falhosh,ridge,0.93359375,-0.7519755959510803
Nicholas_Andrew_Falhosh,ridge,0.94140625,-0.7520896792411804
Nicholas_Andrew_Falhosh,ridge,0.94921875,-0.7493444681167603
Nicholas_Andrew_Falhosh,ridge,0.95703125,-0.7427780628204346
Nicholas_Andrew_Falhosh,ridge,0.96484375,-0.7387948632240295
Nicholas_Andrew_Falhosh,ridge,0.97265625,-0.754531979560852
Nicholas_Andrew_Falhosh,ridge,0.98046875,-0.8020665645599365
Nicholas_Andrew_Falhosh,ridge,0.98828125,-0.9033758640289307
Nicholas_Andrew_Falhosh,ridge,0.99609375,-0.938207745552063
Nicholas_Andrew_Falhosh,ridge,1.0,-0.9372718930244446
Nicholas_Andrew_Falhosh,enet,0.0,-0.19549399614334106
Nicholas_Andrew_Falhosh,enet,0.00390625,-0.19669416546821594
Nicholas_Andrew_Falhosh,enet,0.01171875,-0.1990143060684204
Nicholas_Andrew_Falhosh,enet,0.01953125,-0.201271653175354
Nicholas_Andrew_Falhosh,enet,0.02734375,-0.2035607099533081
Nicholas_Andrew_Falhosh,enet,0.03515625,-0.20594492554664612
Nicholas_Andrew_Falhosh,enet,0.04296875,-0.2083217203617096
Nicholas_Andrew_Falhosh,enet,0.05078125,-0.2104322910308838
Nicholas_Andrew_Falhosh,enet,0.05859375,-0.21201559901237488
Nicholas_Andrew_Falhosh,enet,0.06640625,-0.2128504514694214
Nicholas_Andrew_Falhosh,enet,0.07421875,-0.21275976300239563
Nicholas_Andrew_Falhosh,enet,0.08203125,-0.21148347854614258
Nicholas_Andrew_Falhosh,enet,0.08984375,-0.2088213860988617
Nicholas_Andrew_Falhosh,enet,0.09765625,-0.20469290018081665
Nicholas_Andrew_Falhosh,enet,0.10546875,-0.19911974668502808
Nicholas_Andrew_Falhosh,enet,0.11328125,-0.19219481945037842
Nicholas_Andrew_Falhosh,enet,0.12109375,-0.18410515785217285
Nicholas_Andrew_Falhosh,enet,0.12890625,-0.17499452829360962
Nicholas_Andrew_Falhosh,enet,0.13671875,-0.16492030024528503
Nicholas_Andrew_Falhosh,enet,0.14453125,-0.15388494729995728
Nicholas_Andrew_Falhosh,enet,0.15234375,-0.1418795883655548
Nicholas_Andrew_Falhosh,enet,0.16015625,-0.12892496585845947
Nicholas_Andrew_Falhosh,enet,0.16796875,-0.1150892972946167
Nicholas_Andrew_Falhosh,enet,0.17578125,-0.10039177536964417
Nicholas_Andrew_Falhosh,enet,0.18359375,-0.08486524224281311
Nicholas_Andrew_Falhosh,enet,0.19140625,-0.06855767965316772
Nicholas_Andrew_Falhosh,enet,0.19921875,-0.0514121949672699
Nicholas_Andrew_Falhosh,enet,0.20703125,-0.03334462642669678
Nicholas_Andrew_Falhosh,enet,0.21484375,-0.014365673065185547
Nicholas_Andrew_Falhosh,enet,0.22265625,0.005489379167556763
Nicholas_Andrew_Falhosh,enet,0.23046875,0.026217609643936157
Nicholas_Andrew_Falhosh,enet,0.23828125,0.047784119844436646
Nicholas_Andrew_Falhosh,enet,0.24609375,0.07007893919944763
Nicholas_Andrew_Falhosh,enet,0.25390625,0.09300294518470764
Nicholas_Andrew_Falhosh,enet,0.26171875,0.11647415161132812
Nicholas_Andrew_Falhosh,enet,0.26953125,0.14034907519817352
Nicholas_Andrew_Falhosh,enet,0.27734375,0.16445010900497437
Nicholas_Andrew_Falhosh,enet,0.28515625,0.18859723210334778
Nicholas_Andrew_Falhosh,enet,0.29296875,0.21257108449935913
Nicholas_Andrew_Falhosh,enet,0.30078125,0.23612499237060547
Nicholas_Andrew_Falhosh,enet,0.30859375,0.25905609130859375
Nicholas_Andrew_Falhosh,enet,0.31640625,0.28125160932540894
Nicholas_Andrew_Falhosh,enet,0.32421875,0.30268317461013794
Nicholas_Andrew_Falhosh,enet,0.33203125,0.32335159182548523
Nicholas_Andrew_Falhosh,enet,0.33984375,0.34332385659217834
Nicholas_Andrew_Falhosh,enet,0.34765625,0.3627830743789673
Nicholas_Andrew_Falhosh,enet,0.35546875,0.3820105791091919
Nicholas_Andrew_Falhosh,enet,0.36328125,0.40136921405792236
Nicholas_Andrew_Falhosh,enet,0.37109375,0.4212663769721985
Nicholas_Andrew_Falhosh,enet,0.37890625,0.44211941957473755
Nicholas_Andrew_Falhosh,enet,0.38671875,0.4643561542034149
Nicholas_Andrew_Falhosh,enet,0.39453125,0.48837044835090637
Nicholas_Andrew_Falhosh,enet,0.40234375,0.5144422054290771
Nicholas_Andrew_Falhosh,enet,0.41015625,0.5424807071685791
Nicholas_Andrew_Falhosh,enet,0.41796875,0.5717395544052124
Nicholas_Andrew_Falhosh,enet,0.42578125,0.6010457873344421
Nicholas_Andrew_Falhosh,enet,0.43359375,0.6288447380065918
Nicholas_Andrew_Falhosh,enet,0.44140625,0.6530752182006836
Nicholas_Andrew_Falhosh,enet,0.44921875,0.6714462041854858
Nicholas_Andrew_Falhosh,enet,0.45703125,0.6817177534103394
Nicholas_Andrew_Falhosh,enet,0.46484375,0.6820290088653564
Nicholas_Andrew_Falhosh,enet,0.47265625,0.6712589263916016
Nicholas_Andrew_Falhosh,enet,0.48046875,0.6492435932159424
Nicholas_Andrew_Falhosh,enet,0.48828125,0.6166988611221313
Nicholas_Andrew_Falhosh,enet,0.49609375,0.5749689936637878
Nicholas_Andrew_Falhosh,enet,0.50390625,0.5257819890975952
Nicholas_Andrew_Falhosh,enet,0.51171875,0.4711191654205322
Nicholas_Andrew_Falhosh,enet,0.51953125,0.413110613822937
Nicholas_Andrew_Falhosh,enet,0.52734375,0.35392600297927856
Nicholas_Andrew_Falhosh,enet,0.53515625,0.2955988049507141
Nicholas_Andrew_Falhosh,enet,0.54296875,0.23970945179462433
Nicholas_Andrew_Falhosh,enet,0.55078125,0.18714889883995056
Nicholas_Andrew_Falhosh,enet,0.55859375,0.13821199536323547
Nicholas_Andrew_Falhosh,enet,0.56640625,0.09280388057231903
Nicholas_Andrew_Falhosh,enet,0.57421875,0.050596266984939575
Nicholas_Andrew_Falhosh,enet,0.58203125,0.011201947927474976
Nicholas_Andrew_Falhosh,enet,0.58984375,-0.02541203796863556
Nicholas_Andrew_Falhosh,enet,0.59765625,-0.05855877697467804
Nicholas_Andrew_Falhosh,enet,0.60546875,-0.0871644914150238
Nicholas_Andrew_Falhosh,enet,0.61328125,-0.11046826839447021
Nicholas_Andrew_Falhosh,enet,0.62109375,-0.12835624814033508
Nicholas_Andrew_Falhosh,enet,0.62890625,-0.14110854268074036
Nicholas_Andrew_Falhosh,enet,0.63671875,-0.14926061034202576
Nicholas_Andrew_Falhosh,enet,0.64453125,-0.15371286869049072
Nicholas_Andrew_Falhosh,enet,0.65234375,-0.15578284859657288
Nicholas_Andrew_Falhosh,enet,0.66015625,-0.15693095326423645
Nicholas_Andrew_Falhosh,enet,0.66796875,-0.15836429595947266
Nicholas_Andrew_Falhosh,enet,0.67578125,-0.1609308272600174
Nicholas_Andrew_Falhosh,enet,0.68359375,-0.16520965099334717
Nicholas_Andrew_Falhosh,enet,0.69140625,-0.17153728008270264
Nicholas_Andrew_Falhosh,enet,0.69921875,-0.18009290099143982
Nicholas_Andrew_Falhosh,enet,0.70703125,-0.19106173515319824
Nicholas_Andrew_Falhosh,enet,0.71484375,-0.20470377802848816
Nicholas_Andrew_Falhosh,enet,0.72265625,-0.22136887907981873
Nicholas_Andrew_Falhosh,enet,0.73046875,-0.24154439568519592
Nicholas_Andrew_Falhosh,enet,0.73828125,-0.26535874605178833
Nicholas_Andrew_Falhosh,enet,0.74609375,-0.2915429472923279
Nicholas_Andrew_Falhosh,enet,0.75390625,-0.3188100755214691
Nicholas_Andrew_Falhosh,enet,0.76171875,-0.34631145000457764
Nicholas_Andrew_Falhosh,enet,0.76953125,-0.37314343452453613
Nicholas_Andrew_Falhosh,enet,0.77734375,-0.398415207862854
Nicholas_Andrew_Falhosh,enet,0.78515625,-0.42143872380256653
Nicholas_Andrew_Falhosh,enet,0.79296875,-0.4417591392993927
Nicholas_Andrew_Falhosh,enet,0.80078125,-0.4592198133468628
Nicholas_Andrew_Falhosh,enet,0.80859375,-0.4739113450050354
Nicholas_Andrew_Falhosh,enet,0.81640625,-0.485728919506073
Nicholas_Andrew_Falhosh,enet,0.82421875,-0.49434787034988403
Nicholas_Andrew_Falhosh,enet,0.83203125,-0.49973705410957336
Nicholas_Andrew_Falhosh,enet,0.83984375,-0.5019800662994385
Nicholas_Andrew_Falhosh,enet,0.84765625,-0.5016429424285889
Nicholas_Andrew_Falhosh,enet,0.85546875,-0.5000673532485962
Nicholas_Andrew_Falhosh,enet,0.86328125,-0.4980517029762268
Nicholas_Andrew_Falhosh,enet,0.87109375,-0.49580469727516174
Nicholas_Andrew_Falhosh,enet,0.87890625,-0.4937962293624878
Nicholas_Andrew_Falhosh,enet,0.88671875,-0.4928223490715027
Nicholas_Andrew_Falhosh,enet,0.89453125,-0.49402278661727905
Nicholas_Andrew_Falhosh,enet,0.90234375,-0.498199462890625
Nicholas_Andrew_Falhosh,enet,0.91015625,-0.5067801475524902
Nicholas_Andrew_Falhosh,enet,0.91796875,-0.5219735503196716
Nicholas_Andrew_Falhosh,enet,0.92578125,-0.5427337884902954
Nicholas_Andrew_Falhosh,enet,0.93359375,-0.5685763359069824
Nicholas_Andrew_Falhosh,enet,0.94140625,-0.5905532240867615
Nicholas_Andrew_Falhosh,enet,0.94921875,-0.5966759920120239
Nicholas_Andrew_Falhosh,enet,0.95703125,-0.5942192673683167
Nicholas_Andrew_Falhosh,enet,0.96484375,-0.59528648853302
Nicholas_Andrew_Falhosh,enet,0.97265625,-0.5853285193443298
Nicholas_Andrew_Falhosh,enet,0.98046875,-0.5952796936035156
Nicholas_Andrew_Falhosh,enet,0.98828125,-0.6665723919868469
Nicholas_Andrew_Falhosh,enet,0.99609375,-0.713907778263092
Nicholas_Andrew_Falhosh,enet,1.0,-0.6970475912094116
Preed_Odathi_Ghandi,ridge,0.0,3.8714890480041504
Preed_Odathi_Ghandi,ridge,0.00390625,3.870476007461548
Preed_Odathi_Ghandi,ridge,0.01171875,3.867894172668457
Preed_Odathi_Ghandi,ridge,0.01953125,3.8644957542419434
Preed_Odathi_Ghandi,ridge,0.02734375,3.8602986335754395
Preed_Odathi_Ghandi,ridge,0.03515625,3.8554019927978516
Preed_Odathi_Ghandi,ridge,0.04296875,3.849846124649048
Preed_Odathi_Ghandi,ridge,0.05078125,3.843634605407715
Preed_Odathi_Ghandi,ridge,0.05859375,3.836893320083618
Preed_Odathi_Ghandi,ridge,0.06640625,3.8299496173858643
Preed_Odathi_Ghandi,ridge,0.07421875,3.8230881690979004
Preed_Odathi_Ghandi,ridge,0.08203125,3.8163881301879883
Preed_Odathi_Ghandi,ridge,0.08984375,3.8097360134124756
Preed_Odathi_Ghandi,ridge,0.09765625,3.803229808807373
Preed_Odathi_Ghandi,ridge,0.10546875,3.7971866130828857
Preed_Odathi_Ghandi,ridge,0.11328125,3.7917213439941406
Preed_Odathi_Ghandi,ridge,0.12109375,3.7869081497192383
Preed_Odathi_Ghandi,ridge,0.12890625,3.782780647277832
Preed_Odathi_Ghandi,ridge,0.13671875,3.7794458866119385
Preed_Odathi_Ghandi,ridge,0.14453125,3.7769227027893066
Preed_Odathi_Ghandi,ridge,0.15234375,3.7750773429870605
Preed_Odathi_Ghandi,ridge,0.16015625,3.7736709117889404
Preed_Odathi_Ghandi,ridge,0.16796875,3.7724127769470215
Preed_Odathi_Ghandi,ridge,0.17578125,3.7709169387817383
Preed_Odathi_Ghandi,ridge,0.18359375,3.768714189529419
Preed_Odathi_Ghandi,ridge,0.19140625,3.7653045654296875
Preed_Odathi_Ghandi,ridge,0.19921875,3.760228395462036
Preed_Odathi_Ghandi,ridge,0.20703125,3.7531003952026367
Preed_Odathi_Ghandi,ridge,0.21484375,3.743614673614502
Preed_Odathi_Ghandi,ridge,0.22265625,3.7315659523010254
Preed_Odathi_Ghandi,ridge,0.23046875,3.7168073654174805
Preed_Odathi_Ghandi,ridge,0.23828125,3.6992874145507812
Preed_Odathi_Ghandi,ridge,0.24609375,3.6790919303894043
Preed_Odathi_Ghandi,ridge,0.25390625,3.656529426574707
Preed_Odathi_Ghandi,ridge,0.26171875,3.6320977210998535
Preed_Odathi_Ghandi,ridge,0.26953125,3.6063647270202637
Preed_Odathi_Ghandi,ridge,0.27734375,3.579854726791382
Preed_Odathi_Ghandi,ridge,0.28515625,3.5528647899627686
Preed_Odathi_Ghandi,ridge,0.29296875,3.5254433155059814
Preed_Odathi_Ghandi,ridge,0.30078125,3.4974429607391357
Preed_Odathi_Ghandi,ridge,0.30859375,3.4685049057006836
Preed_Odathi_Ghandi,ridge,0.31640625,3.438143491744995
Preed_Odathi_Ghandi,ridge,0.32421875,3.405954360961914
Preed_Odathi_Ghandi,ridge,0.33203125,3.371650218963623
Preed_Odathi_Ghandi,ridge,0.33984375,3.335069179534912
Preed_Odathi_Ghandi,ridge,0.34765625,3.2962236404418945
Preed_Odathi_Ghandi,ridge,0.35546875,3.2553725242614746
Preed_Odathi_Ghandi,ridge,0.36328125,3.213021755218506
Preed_Odathi_Ghandi,ridge,0.37109375,3.169471025466919
Preed_Odathi_Ghandi,ridge,0.37890625,3.124082565307617
Preed_Odathi_Ghandi,ridge,0.38671875,3.075108289718628
Preed_Odathi_Ghandi,ridge,0.39453125,3.0200743675231934
Preed_Odathi_Ghandi,ridge,0.40234375,2.9562582969665527
Preed_Odathi_Ghandi,ridge,0.41015625,2.8810536861419678
Preed_Odathi_Ghandi,ridge,0.41796875,2.7924633026123047
Preed_Odathi_Ghandi,ridge,0.42578125,2.6897568702697754
Preed_Odathi_Ghandi,ridge,0.43359375,2.5738673210144043
Preed_Odathi_Ghandi,ridge,0.44140625,2.4471702575683594
Preed_Odathi_Ghandi,ridge,0.44921875,2.3126060962677
Preed_Odathi_Ghandi,ridge,0.45703125,2.1729490756988525
Preed_Odathi_Ghandi,ridge,0.46484375,2.0304105281829834
Preed_Odathi_Ghandi,ridge,0.47265625,1.8866539001464844
Preed_Odathi_Ghandi,ridge,0.48046875,1.7430331707000732
Preed_Odathi_Ghandi,ridge,0.48828125,1.600799798965454
Preed_Odathi_Ghandi,ridge,0.49609375,1.4611471891403198
Preed_Odathi_Ghandi,ridge,0.50390625,1.325120210647583
Preed_Odathi_Ghandi,ridge,0.51171875,1.1936707496643066
Preed_Odathi_Ghandi,ridge,0.51953125,1.0678809881210327
Preed_Odathi_Ghandi,ridge,0.52734375,0.9488650560379028
Preed_Odathi_Ghandi,ridge,0.53515625,0.837274432182312
Preed_Odathi_Ghandi,ridge,0.54296875,0.7329505085945129
Preed_Odathi_Ghandi,ridge,0.55078125,0.6349884271621704
Preed_Odathi_Ghandi,ridge,0.55859375,0.5421034693717957
Preed_Odathi_Ghandi,ridge,0.56640625,0.45324862003326416
Preed_Odathi_Ghandi,ridge,0.57421875,0.36802175641059875
Preed_Odathi_Ghandi,ridge,0.58203125,0.286541223526001
Preed_Odathi_Ghandi,ridge,0.58984375,0.20912134647369385
Preed_Odathi_Ghandi,ridge,0.59765625,0.13598477840423584
Preed_Odathi_Ghandi,ridge,0.60546875,0.06705135107040405
Preed_Odathi_Ghandi,ridge,0.61328125,0.0019200146198272705
Preed_Odathi_Ghandi,ridge,0.62109375,-0.06000697612762451
Preed_Odathi_Ghandi,ridge,0.62890625,-0.11939078569412231
Preed_Odathi_Ghandi,ridge,0.63671875,-0.17678070068359375
Preed_Odathi_Ghandi,ridge,0.64453125,-0.2324194312095642
Preed_Odathi_Ghandi,ridge,0.65234375,-0.28623655438423157
Preed_Odathi_Ghandi,ridge,0.66015625,-0.33800968527793884
Preed_Odathi_Ghandi,ridge,0.66796875,-0.38742595911026
Preed_Odathi_Ghandi,ridge,0.67578125,-0.43407052755355835
Preed_Odathi_Ghandi,ridge,0.68359375,-0.47743546962738037
Preed_Odathi_Ghandi,ridge,0.69140625,-0.5170540809631348
Preed_Odathi_Ghandi,ridge,0.69921875,-0.5526788830757141
Preed_Odathi_Ghandi,ridge,0.70703125,-0.584343671798706
Preed_Odathi_Ghandi,ridge,0.71484375,-0.6123230457305908
Preed_Odathi_Ghandi,ridge,0.72265625,-0.6370010375976562
Preed_Odathi_Ghandi,ridge,0.73046875,-0.6587623357772827
Preed_Odathi_Ghandi,ridge,0.73828125,-0.6779166460037231
Preed_Odathi_Ghandi,ridge,0.74609375,-0.694676399230957
Preed_Odathi_Ghandi,ridge,0.75390625,-0.709227979183197
Preed_Odathi_Ghandi,ridge,0.76171875,-0.7218567728996277
Preed_Odathi_Ghandi,ridge,0.76953125,-0.7328287363052368
Preed_Odathi_Ghandi,ridge,0.77734375,-0.742020845413208
Preed_Odathi_Ghandi,ridge,0.78515625,-0.7489974498748779
Preed_Odathi_Ghandi,ridge,0.79296875,-0.7533611059188843
Preed_Odathi_Ghandi,ridge,0.80078125,-0.7549293041229248
Preed_Odathi_Ghandi,ridge,0.80859375,-0.753788411617279
Preed_Odathi_Ghandi,ridge,0.81640625,-0.7502672672271729
Preed_Odathi_Ghandi,ridge,0.82421875,-0.7449249029159546
Preed_Odathi_Ghandi,ridge,0.83203125,-0.7384403944015503
Preed_Odathi_Ghandi,ridge,0.83984375,-0.731419563293457
Preed_Odathi_Ghandi,ridge,0.84765625,-0.7243155837059021
Preed_Odathi_Ghandi,ridge,0.85546875,-0.7177774310112
Preed_Odathi_Ghandi,ridge,0.86328125,-0.7130812406539917
Preed_Odathi_Ghandi,ridge,0.87109375,-0.7119784355163574
Preed_Odathi_Ghandi,ridge,0.87890625,-0.7155172824859619
Preed_Odathi_Ghandi,ridge,0.88671875,-0.7231329679489136
Preed_Odathi_Ghandi,ridge,0.89453125,-0.7338895201683044
Preed_Odathi_Ghandi,ridge,0.90234375,-0.7478109002113342
Preed_Odathi_Ghandi,ridge,0.91015625,-0.7658296227455139
Preed_Odathi_Ghandi,ridge,0.91796875,-0.7884128093719482
Preed_Odathi_Ghandi,ridge,0.92578125,-0.8154842257499695
Preed_Odathi_Ghandi,ridge,0.93359375,-0.847598671913147
Preed_Odathi_Ghandi,ridge,0.94140625,-0.8821784257888794
Preed_Odathi_Ghandi,ridge,0.94921875,-0.9110820889472961
Preed_Odathi_Ghandi,ridge,0.95703125,-0.9320275187492371
Preed_Odathi_Ghandi,ridge,0.96484375,-0.9528469443321228
Preed_Odathi_Ghandi,ridge,0.97265625,-0.9738608598709106
Preed_Odathi_Ghandi,ridge,0.98046875,-0.9925078749656677
Preed_Odathi_Ghandi,ridge,0.98828125,-1.0007261037826538
Preed_Odathi_Ghandi,ridge,0.99609375,-1.0217554569244385
Preed_Odathi_Ghandi,ridge,1.0,-1.0258859395980835
Preed_Odathi_Ghandi,enet,0.0,-0.9408425092697144
Preed_Odathi_Ghandi,enet,0.00390625,-0.9435716271400452
Preed_Odathi_Ghandi,enet,0.01171875,-0.9493504166603088
Preed_Odathi_Ghandi,enet,0.01953125,-0.9555803537368774
Preed_Odathi_Ghandi,enet,0.02734375,-0.9621973037719727
Preed_Odathi_Ghandi,enet,0.03515625,-0.9690372943878174
Preed_Odathi_Ghandi,enet,0.04296875,-0.9758942127227783
Preed_Odathi_Ghandi,enet,0.05078125,-0.98260498046875
Preed_Odathi_Ghandi,enet,0.05859375,-0.9889980554580688
Preed_Odathi_Ghandi,enet,0.06640625,-0.9947564005851746
Preed_Odathi_Ghandi,enet,0.07421875,-0.999573826789856
Preed_Odathi_Ghandi,enet,0.08203125,-1.003288745880127
Preed_Odathi_Ghandi,enet,0.08984375,-1.0058000087738037
Preed_Odathi_Ghandi,enet,0.09765625,-1.0067362785339355
Preed_Odathi_Ghandi,enet,0.10546875,-1.0056735277175903
Preed_Odathi_Ghandi,enet,0.11328125,-1.0023274421691895
Preed_Odathi_Ghandi,enet,0.12109375,-0.996385395526886
Preed_Odathi_Ghandi,enet,0.12890625,-0.9876110553741455
Preed_Odathi_Ghandi,enet,0.13671875,-0.9757517576217651
Preed_Odathi_Ghandi,enet,0.14453125,-0.960698127746582
Preed_Odathi_Ghandi,enet,0.15234375,-0.9423186779022217
Preed_Odathi_Ghandi,enet,0.16015625,-0.9204843044281006
Preed_Odathi_Ghandi,enet,0.16796875,-0.8953270316123962
Preed_Odathi_Ghandi,enet,0.17578125,-0.8671623468399048
Preed_Odathi_Ghandi,enet,0.18359375,-0.8363941311836243
Preed_Odathi_Ghandi,enet,0.19140625,-0.8034734725952148
Preed_Odathi_Ghandi,enet,0.19921875,-0.7688262462615967
Preed_Odathi_Ghandi,enet,0.20703125,-0.7327976822853088
Preed_Odathi_Ghandi,enet,0.21484375,-0.6956682205200195
Preed_Odathi_Ghandi,enet,0.22265625,-0.6577261090278625
Preed_Odathi_Ghandi,enet,0.23046875,-0.6193242073059082
Preed_Odathi_Ghandi,enet,0.23828125,-0.5808719396591187
Preed_Odathi_Ghandi,enet,0.24609375,-0.54274982213974
Preed_Odathi_Ghandi,enet,0.25390625,-0.5051762461662292
Preed_Odathi_Ghandi,enet,0.26171875,-0.4681684374809265
Preed_Odathi_Ghandi,enet,0.26953125,-0.43159037828445435
Preed_Odathi_Ghandi,enet,0.27734375,-0.39520198106765747
Preed_Odathi_Ghandi,enet,0.28515625,-0.3587413728237152
Preed_Odathi_Ghandi,enet,0.29296875,-0.3220503032207489
Preed_Odathi_Ghandi,enet,0.30078125,-0.2849467098712921
Preed_Odathi_Ghandi,enet,0.30859375,-0.2471577227115631
Preed_Odathi_Ghandi,enet,0.31640625,-0.20810452103614807
Preed_Odathi_Ghandi,enet,0.32421875,-0.16663441061973572
Preed_Odathi_Ghandi,enet,0.33203125,-0.1212511956691742
Preed_Odathi_Ghandi,enet,0.33984375,-0.07003475725650787
Preed_Odathi_Ghandi,enet,0.34765625,-0.010936945676803589
Preed_Odathi_Ghandi,enet,0.35546875,0.05769161880016327
Preed_Odathi_Ghandi,enet,0.36328125,0.13664363324642181
Preed_Odathi_Ghandi,enet,0.37109375,0.2254108041524887
Preed_Odathi_Ghandi,enet,0.37890625,0.3220413625240326
Preed_Odathi_Ghandi,enet,0.38671875,0.42338964343070984
Preed_Odathi_Ghandi,enet,0.39453125,0.5254298448562622
Preed_Odathi_Ghandi,enet,0.40234375,0.62360680103302
Preed_Odathi_Ghandi,enet,0.41015625,0.7133078575134277
Preed_Odathi_Ghandi,enet,0.41796875,0.7901151776313782
Preed_Odathi_Ghandi,enet,0.42578125,0.8502304553985596
Preed_Odathi_Ghandi,enet,0.43359375,0.8916347026824951
Preed_Odathi_Ghandi,enet,0.44140625,0.9150039553642273
Preed_Odathi_Ghandi,enet,0.44921875,0.9230870008468628
Preed_Odathi_Ghandi,enet,0.45703125,0.9187670350074768
Preed_Odathi_Ghandi,enet,0.46484375,0.903580367565155
Preed_Odathi_Ghandi,enet,0.47265625,0.877996563911438
Preed_Odathi_Ghandi,enet,0.48046875,0.8425148725509644
Preed_Odathi_Ghandi,enet,0.48828125,0.7985458970069885
Preed_Odathi_Ghandi,enet,0.49609375,0.748526930809021
Preed_Odathi_Ghandi,enet,0.50390625,0.695231020450592
Preed_Odathi_Ghandi,enet,0.51171875,0.6411362290382385
Preed_Odathi_Ghandi,enet,0.51953125,0.5881782174110413
Preed_Odathi_Ghandi,enet,0.52734375,0.5375304222106934
Preed_Odathi_Ghandi,enet,0.53515625,0.48937302827835083
Preed_Odathi_Ghandi,enet,0.54296875,0.44306227564811707
Preed_Odathi_Ghandi,enet,0.55078125,0.3976894021034241
Preed_Odathi_Ghandi,enet,0.55859375,0.35248857736587524
Preed_Odathi_Ghandi,enet,0.56640625,0.3070613741874695
Preed_Odathi_Ghandi,enet,0.57421875,0.2613377869129181
Preed_Odathi_Ghandi,enet,0.58203125,0.21530523896217346
Preed_Odathi_Ghandi,enet,0.58984375,0.16881772875785828
Preed_Odathi_Ghandi,enet,0.59765625,0.12161090970039368
Preed_Odathi_Ghandi,enet,0.60546875,0.07344850897789001
Preed_Odathi_Ghandi,enet,0.61328125,0.02430141717195511
Preed_Odathi_Ghandi,enet,0.62109375,-0.025628000497817993
Preed_Odathi_Ghandi,enet,0.62890625,-0.07601447403430939
Preed_Odathi_Ghandi,enet,0.63671875,-0.1264469176530838
Preed_Odathi_Ghandi,enet,0.64453125,-0.17635715007781982
Preed_Odathi_Ghandi,enet,0.65234375,-0.2250022292137146
Preed_Odathi_Ghandi,enet,0.66015625,-0.27158114314079285
Preed_Odathi_Ghandi,enet,0.66796875,-0.31534409523010254
Preed_Odathi_Ghandi,enet,0.67578125,-0.3556751608848572
Preed_Odathi_Ghandi,enet,0.68359375,-0.392103910446167
Preed_Odathi_Ghandi,enet,0.69140625,-0.4243820905685425
Preed_Odathi_Ghandi,enet,0.69921875,-0.4525632858276367
Preed_Odathi_Ghandi,enet,0.70703125,-0.4769793748855591
Preed_Odathi_Ghandi,enet,0.71484375,-0.49809175729751587
Preed_Odathi_Ghandi,enet,0.72265625,-0.5162253975868225
Preed_Odathi_Ghandi,enet,0.73046875,-0.5314005613327026
Preed_Odathi_Ghandi,enet,0.73828125,-0.5433908700942993
Preed_Odathi_Ghandi,enet,0.74609375,-0.5522443652153015
Preed_Odathi_Ghandi,enet,0.75390625,-0.5588221549987793
Preed_Odathi_Ghandi,enet,0.76171875,-0.5643571615219116
Preed_Odathi_Ghandi,enet,0.76953125,-0.5696119070053101
Preed_Odathi_Ghandi,enet,0.77734375,-0.574371874332428
Preed_Odathi_Ghandi,enet,0.78515625,-0.5778324007987976
Preed_Odathi_Ghandi,enet,0.79296875,-0.5792796611785889
Preed_Odathi_Ghandi,enet,0.80078125,-0.5783863663673401
Preed_Odathi_Ghandi,enet,0.80859375,-0.5752530694007874
Preed_Odathi_Ghandi,enet,0.81640625,-0.5703665018081665
Preed_Odathi_Ghandi,enet,0.82421875,-0.564541220664978
Preed_Odathi_Ghandi,enet,0.83203125,-0.5585765242576599
Preed_Odathi_Ghandi,enet,0.83984375,-0.5528357028961182
Preed_Odathi_Ghandi,enet,0.84765625,-0.5474909543991089
Preed_Odathi_Ghandi,enet,0.85546875,-0.5434898138046265
Preed_Odathi_Ghandi,enet,0.86328125,-0.542741060256958
Preed_Odathi_Ghandi,enet,0.87109375,-0.5471819043159485
Preed_Odathi_Ghandi,enet,0.87890625,-0.5567566156387329
Preed_Odathi_Ghandi,enet,0.88671875,-0.5693486332893372
Preed_Odathi_Ghandi,enet,0.89453125,-0.5842229127883911
Preed_Odathi_Ghandi,enet,0.90234375,-0.6022360920906067
Preed_Odathi_Ghandi,enet,0.91015625,-0.6249287128448486
Preed_Odathi_Ghandi,enet,0.91796875,-0.6521821022033691
Preed_Odathi_Ghandi,enet,0.92578125,-0.6816249489784241
Preed_Odathi_Ghandi,enet,0.93359375,-0.7108370661735535
Preed_Odathi_Ghandi,enet,0.94140625,-0.7362367510795593
Preed_Odathi_Ghandi,enet,0.94921875,-0.7533806562423706
Preed_Odathi_Ghandi,enet,0.95703125,-0.7714294195175171
Preed_Odathi_Ghandi,enet,0.96484375,-0.790542483329773
Preed_Odathi_Ghandi,enet,0.97265625,-0.812280535697937
Preed_Odathi_Ghandi,enet,0.98046875,-0.8367301225662231
Preed_Odathi_Ghandi,enet,0.98828125,-0.846869707107544
Preed_Odathi_Ghandi,enet,0.99609375,-0.8669796586036682
Preed_Odathi_Ghandi,enet,1.0,-0.8731415271759033
Rahul_Ibhan_Ramiz,ridge,0.0,5.133897304534912
Rahul_Ibhan_Ramiz,ridge,0.00390625,5.134601593017578
Rahul_Ibhan_Ramiz,ridge,0.01171875,5.136000633239746
Rahul_Ibhan_Ramiz,ridge,0.01953125,5.137404918670654
Rahul_Ibhan_Ramiz,ridge,0.02734375,5.138876438140869
Rahul_Ibhan_Ramiz,ridge,0.03515625,5.140448570251465
Rahul_Ibhan_Ramiz,ridge,0.04296875,5.142100811004639
Rahul_Ibhan_Ramiz,ridge,0.05078125,5.143795967102051
Rahul_Ibhan_Ramiz,ridge,0.05859375,5.145478248596191
Rahul_Ibhan_Ramiz,ridge,0.06640625,5.147031784057617
Rahul_Ibhan_Ramiz,ridge,0.07421875,5.1483893394470215
Rahul_Ibhan_Ramiz,ridge,0.08203125,5.149542808532715
Rahul_Ibhan_Ramiz,ridge,0.08984375,5.150442600250244
Rahul_Ibhan_Ramiz,ridge,0.09765625,5.15107536315918
Rahul_Ibhan_Ramiz,ridge,0.10546875,5.15150260925293
Rahul_Ibhan_Ramiz,ridge,0.11328125,5.151782035827637
Rahul_Ibhan_Ramiz,ridge,0.12109375,5.151938438415527
Rahul_Ibhan_Ramiz,ridge,0.12890625,5.151988983154297
Rahul_Ibhan_Ramiz,ridge,0.13671875,5.151972770690918
Rahul_Ibhan_Ramiz,ridge,0.14453125,5.15198278427124
Rahul_Ibhan_Ramiz,ridge,0.15234375,5.152152061462402
Rahul_Ibhan_Ramiz,ridge,0.16015625,5.15254545211792
Rahul_Ibhan_Ramiz,ridge,0.16796875,5.153238296508789
Rahul_Ibhan_Ramiz,ridge,0.17578125,5.15442419052124
Rahul_Ibhan_Ramiz,ridge,0.18359375,5.156328201293945
Rahul_Ibhan_Ramiz,ridge,0.19140625,5.159045219421387
Rahul_Ibhan_Ramiz,ridge,0.19921875,5.162525653839111
Rahul_Ibhan_Ramiz,ridge,0.20703125,5.166752815246582
Rahul_Ibhan_Ramiz,ridge,0.21484375,5.171639919281006
Rahul_Ibhan_Ramiz,ridge,0.22265625,5.177024841308594
Rahul_Ibhan_Ramiz,ridge,0.23046875,5.182631492614746
Rahul_Ibhan_Ramiz,ridge,0.23828125,5.188104152679443
Rahul_Ibhan_Ramiz,ridge,0.24609375,5.192997455596924
Rahul_Ibhan_Ramiz,ridge,0.25390625,5.196654796600342
Rahul_Ibhan_Ramiz,ridge,0.26171875,5.198347091674805
Rahul_Ibhan_Ramiz,ridge,0.26953125,5.197366714477539
Rahul_Ibhan_Ramiz,ridge,0.27734375,5.192965507507324
Rahul_Ibhan_Ramiz,ridge,0.28515625,5.184378623962402
Rahul_Ibhan_Ramiz,ridge,0.29296875,5.1708455085754395
Rahul_Ibhan_Ramiz,ridge,0.30078125,5.151662826538086
Rahul_Ibhan_Ramiz,ridge,0.30859375,5.126288414001465
Rahul_Ibhan_Ramiz,ridge,0.31640625,5.094452381134033
Rahul_Ibhan_Ramiz,ridge,0.32421875,5.056158065795898
Rahul_Ibhan_Ramiz,ridge,0.33203125,5.011623382568359
Rahul_Ibhan_Ramiz,ridge,0.33984375,4.961335182189941
Rahul_Ibhan_Ramiz,ridge,0.34765625,4.906148910522461
Rahul_Ibhan_Ramiz,ridge,0.35546875,4.847132682800293
Rahul_Ibhan_Ramiz,ridge,0.36328125,4.785343647003174
Rahul_Ibhan_Ramiz,ridge,0.37109375,4.721734046936035
Rahul_Ibhan_Ramiz,ridge,0.37890625,4.656997203826904
Rahul_Ibhan_Ramiz,ridge,0.38671875,4.5913004875183105
Rahul_Ibhan_Ramiz,ridge,0.39453125,4.524008750915527
Rahul_Ibhan_Ramiz,ridge,0.40234375,4.453498840332031
Rahul_Ibhan_Ramiz,ridge,0.41015625,4.377330780029297
Rahul_Ibhan_Ramiz,ridge,0.41796875,4.292664051055908
Rahul_Ibhan_Ramiz,ridge,0.42578125,4.19677734375
Rahul_Ibhan_Ramiz,ridge,0.43359375,4.087768077850342
Rahul_Ibhan_Ramiz,ridge,0.44140625,3.965083122253418
Rahul_Ibhan_Ramiz,ridge,0.44921875,3.829404830932617
Rahul_Ibhan_Ramiz,ridge,0.45703125,3.6821842193603516
Rahul_Ibhan_Ramiz,ridge,0.46484375,3.5252256393432617
Rahul_Ibhan_Ramiz,ridge,0.47265625,3.3606104850769043
Rahul_Ibhan_Ramiz,ridge,0.48046875,3.1907615661621094
Rahul_Ibhan_Ramiz,ridge,0.48828125,3.018411636352539
Rahul_Ibhan_Ramiz,ridge,0.49609375,2.846081256866455
Rahul_Ibhan_Ramiz,ridge,0.50390625,2.6753458976745605
Rahul_Ibhan_Ramiz,ridge,0.51171875,2.5067176818847656
Rahul_Ibhan_Ramiz,ridge,0.51953125,2.3403851985931396
Rahul_Ibhan_Ramiz,ridge,0.52734375,2.1771621704101562
Rahul_Ibhan_Ramiz,ridge,0.53515625,2.0185303688049316
Rahul_Ibhan_Ramiz,ridge,0.54296875,1.8658477067947388
Rahul_Ibhan_Ramiz,ridge,0.55078125,1.7198128700256348
Rahul_Ibhan_Ramiz,ridge,0.55859375,1.5806769132614136
Rahul_Ibhan_Ramiz,ridge,0.56640625,1.448632001876831
Rahul_Ibhan_Ramiz,ridge,0.57421875,1.3236130475997925
Rahul_Ibhan_Ramiz,ridge,0.58203125,1.2049897909164429
Rahul_Ibhan_Ramiz,ridge,0.58984375,1.091737985610962
Rahul_Ibhan_Ramiz,ridge,0.59765625,0.9828996658325195
Rahul_Ibhan_Ramiz,ridge,0.60546875,0.8778684735298157
Rahul_Ibhan_Ramiz,ridge,0.61328125,0.7763739824295044
Rahul_Ibhan_Ramiz,ridge,0.62109375,0.6783021688461304
Rahul_Ibhan_Ramiz,ridge,0.62890625,0.5836312174797058
Rahul_Ibhan_Ramiz,ridge,0.63671875,0.4924531579017639
Rahul_Ibhan_Ramiz,ridge,0.64453125,0.40503811836242676
Rahul_Ibhan_Ramiz,ridge,0.65234375,0.32156258821487427
Rahul_Ibhan_Ramiz,ridge,0.66015625,0.2418142706155777
Rahul_Ibhan_Ramiz,ridge,0.66796875,0.16540980339050293
Rahul_Ibhan_Ramiz,ridge,0.67578125,0.09214536845684052
Rahul_Ibhan_Ramiz,ridge,0.68359375,0.021953031420707703
Rahul_Ibhan_Ramiz,ridge,0.69140625,-0.04503791034221649
Rahul_Ibhan_Ramiz,ridge,0.69921875,-0.10840524733066559
Rahul_Ibhan_Ramiz,ridge,0.70703125,-0.16783732175827026
Rahul_Ibhan_Ramiz,ridge,0.71484375,-0.22341056168079376
Rahul_Ibhan_Ramiz,ridge,0.72265625,-0.27549561858177185
Rahul_Ibhan_Ramiz,ridge,0.73046875,-0.32459205389022827
Rahul_Ibhan_Ramiz,ridge,0.73828125,-0.3713160753250122
Rahul_Ibhan_Ramiz,ridge,0.74609375,-0.41640520095825195
Rahul_Ibhan_Ramiz,ridge,0.75390625,-0.46054860949516296
Rahul_Ibhan_Ramiz,ridge,0.76171875,-0.5041053891181946
Rahul_Ibhan_Ramiz,ridge,0.76953125,-0.5470337867736816
Rahul_Ibhan_Ramiz,ridge,0.77734375,-0.5890755653381348
Rahul_Ibhan_Ramiz,ridge,0.78515625,-0.6300510168075562
Rahul_Ibhan_Ramiz,ridge,0.79296875,-0.6699749827384949
Rahul_Ibhan_Ramiz,ridge,0.80078125,-0.7089380025863647
Rahul_Ibhan_Ramiz,ridge,0.80859375,-0.7469796538352966
Rahul_Ibhan_Ramiz,ridge,0.81640625,-0.783997654914856
Rahul_Ibhan_Ramiz,ridge,0.82421875,-0.8198513984680176
Rahul_Ibhan_Ramiz,ridge,0.83203125,-0.8546461462974548
Rahul_Ibhan_Ramiz,ridge,0.83984375,-0.8886300921440125
Rahul_Ibhan_Ramiz,ridge,0.84765625,-0.9220882654190063
Rahul_Ibhan_Ramiz,ridge,0.85546875,-0.9553391933441162
Rahul_Ibhan_Ramiz,ridge,0.86328125,-0.9884597659111023
Rahul_Ibhan_Ramiz,ridge,0.87109375,-1.0208722352981567
Rahul_Ibhan_Ramiz,ridge,0.87890625,-1.0516718626022339
Rahul_Ibhan_Ramiz,ridge,0.88671875,-1.0816148519515991
Rahul_Ibhan_Ramiz,ridge,0.89453125,-1.1123467683792114
Rahul_Ibhan_Ramiz,ridge,0.90234375,-1.1443573236465454
Rahul_Ibhan_Ramiz,ridge,0.91015625,-1.177240252494812
Rahul_Ibhan_Ramiz,ridge,0.91796875,-1.2108572721481323
Rahul_Ibhan_Ramiz,ridge,0.92578125,-1.2449040412902832
Rahul_Ibhan_Ramiz,ridge,0.93359375,-1.2748099565505981
Rahul_Ibhan_Ramiz,ridge,0.94140625,-1.2989615201950073
Rahul_Ibhan_Ramiz,ridge,0.94921875,-1.3229674100875854
Rahul_Ibhan_Ramiz,ridge,0.95703125,-1.3441863059997559
Rahul_Ibhan_Ramiz,ridge,0.96484375,-1.3611021041870117
Rahul_Ibhan_Ramiz,ridge,0.97265625,-1.3765900135040283
Rahul_Ibhan_Ramiz,ridge,0.98046875,-1.3885653018951416
Rahul_Ibhan_Ramiz,ridge,0.98828125,-1.3980071544647217
Rahul_Ibhan_Ramiz,ridge,0.99609375,-1.3980112075805664
Rahul_Ibhan_Ramiz,ridge,1.0,-1.3975635766983032
Rahul_Ibhan_Ramiz,enet,0.0,0.7062214612960815
Rahul_Ibhan_Ramiz,enet,0.00390625,0.7051684856414795
Rahul_Ibhan_Ramiz,enet,0.01171875,0.703129231929779
Rahul_Ibhan_Ramiz,enet,0.01953125,0.7011524438858032
Rahul_Ibhan_Ramiz,enet,0.02734375,0.6992467641830444
Rahul_Ibhan_Ramiz,enet,0.03515625,0.6974674463272095
Rahul_Ibhan_Ramiz,enet,0.04296875,0.6959383487701416
Rahul_Ibhan_Ramiz,enet,0.05078125,0.6946842670440674
Rahul_Ibhan_Ramiz,enet,0.05859375,0.693749189376831
Rahul_Ibhan_Ramiz,enet,0.06640625,0.6931754350662231
Rahul_Ibhan_Ramiz,enet,0.07421875,0.6930021643638611
Rahul_Ibhan_Ramiz,enet,0.08203125,0.6933661699295044
Rahul_Ibhan_Ramiz,enet,0.08984375,0.6943114995956421
Rahul_Ibhan_Ramiz,enet,0.09765625,0.6959387063980103
Rahul_Ibhan_Ramiz,enet,0.10546875,0.6984760761260986
Rahul_Ibhan_Ramiz,enet,0.11328125,0.7021138668060303
Rahul_Ibhan_Ramiz,enet,0.12109375,0.7069797515869141
Rahul_Ibhan_Ramiz,enet,0.12890625,0.7132105827331543
Rahul_Ibhan_Ramiz,enet,0.13671875,0.7209659814834595
Rahul_Ibhan_Ramiz,enet,0.14453125,0.7304507493972778
Rahul_Ibhan_Ramiz,enet,0.15234375,0.741921067237854
Rahul_Ibhan_Ramiz,enet,0.16015625,0.7555500268936157
Rahul_Ibhan_Ramiz,enet,0.16796875,0.771548330783844
Rahul_Ibhan_Ramiz,enet,0.17578125,0.7901889085769653
Rahul_Ibhan_Ramiz,enet,0.18359375,0.811724841594696
Rahul_Ibhan_Ramiz,enet,0.19140625,0.8362900018692017
Rahul_Ibhan_Ramiz,enet,0.19921875,0.8639792203903198
Rahul_Ibhan_Ramiz,enet,0.20703125,0.8949143290519714
Rahul_Ibhan_Ramiz,enet,0.21484375,0.9290608167648315
Rahul_Ibhan_Ramiz,enet,0.22265625,0.9662208557128906
Rahul_Ibhan_Ramiz,enet,0.23046875,1.0059674978256226
Rahul_Ibhan_Ramiz,enet,0.23828125,1.0477449893951416
Rahul_Ibhan_Ramiz,enet,0.24609375,1.0908223390579224
Rahul_Ibhan_Ramiz,enet,0.25390625,1.1342601776123047
Rahul_Ibhan_Ramiz,enet,0.26171875,1.1770541667938232
Rahul_Ibhan_Ramiz,enet,0.26953125,1.2181416749954224
Rahul_Ibhan_Ramiz,enet,0.27734375,1.2562854290008545
Rahul_Ibhan_Ramiz,enet,0.28515625,1.2901835441589355
Rahul_Ibhan_Ramiz,enet,0.29296875,1.3186253309249878
Rahul_Ibhan_Ramiz,enet,0.30078125,1.3406219482421875
Rahul_Ibhan_Ramiz,enet,0.30859375,1.355494499206543
Rahul_Ibhan_Ramiz,enet,0.31640625,1.363083004951477
Rahul_Ibhan_Ramiz,enet,0.32421875,1.363915205001831
Rahul_Ibhan_Ramiz,enet,0.33203125,1.3592159748077393
Rahul_Ibhan_Ramiz,enet,0.33984375,1.3508142232894897
Rahul_Ibhan_Ramiz,enet,0.34765625,1.341067910194397
Rahul_Ibhan_Ramiz,enet,0.35546875,1.3327209949493408
Rahul_Ibhan_Ramiz,enet,0.36328125,1.3284441232681274
Rahul_Ibhan_Ramiz,enet,0.37109375,1.3305364847183228
Rahul_Ibhan_Ramiz,enet,0.37890625,1.3406661748886108
Rahul_Ibhan_Ramiz,enet,0.38671875,1.3594567775726318
Rahul_Ibhan_Ramiz,enet,0.39453125,1.386041283607483
Rahul_Ibhan_Ramiz,enet,0.40234375,1.4179537296295166
Rahul_Ibhan_Ramiz,enet,0.41015625,1.4516241550445557
Rahul_Ibhan_Ramiz,enet,0.41796875,1.48330819606781
Rahul_Ibhan_Ramiz,enet,0.42578125,1.5101983547210693
Rahul_Ibhan_Ramiz,enet,0.43359375,1.5310719013214111
Rahul_Ibhan_Ramiz,enet,0.44140625,1.5459494590759277
Rahul_Ibhan_Ramiz,enet,0.44921875,1.5553077459335327
Rahul_Ibhan_Ramiz,enet,0.45703125,1.5593900680541992
Rahul_Ibhan_Ramiz,enet,0.46484375,1.5574793815612793
Rahul_Ibhan_Ramiz,enet,0.47265625,1.5474801063537598
Rahul_Ibhan_Ramiz,enet,0.48046875,1.5264203548431396
Rahul_Ibhan_Ramiz,enet,0.48828125,1.4917014837265015
Rahul_Ibhan_Ramiz,enet,0.49609375,1.4421073198318481
Rahul_Ibhan_Ramiz,enet,0.50390625,1.3781588077545166
Rahul_Ibhan_Ramiz,enet,0.51171875,1.301729440689087
Rahul_Ibhan_Ramiz,enet,0.51953125,1.2153499126434326
Rahul_Ibhan_Ramiz,enet,0.52734375,1.121915340423584
Rahul_Ibhan_Ramiz,enet,0.53515625,1.0242855548858643
Rahul_Ibhan_Ramiz,enet,0.54296875,0.9244958162307739
Rahul_Ibhan_Ramiz,enet,0.55078125,0.8236780166625977
Rahul_Ibhan_Ramiz,enet,0.55859375,0.7227044105529785
Rahul_Ibhan_Ramiz,enet,0.56640625,0.6226508617401123
Rahul_Ibhan_Ramiz,enet,0.57421875,0.5245206356048584
Rahul_Ibhan_Ramiz,enet,0.58203125,0.42890626192092896
Rahul_Ibhan_Ramiz,enet,0.58984375,0.3360218107700348
Rahul_Ibhan_Ramiz,enet,0.59765625,0.24588599801063538
Rahul_Ibhan_Ramiz,enet,0.60546875,0.15844693779945374
Rahul_Ibhan_Ramiz,enet,0.61328125,0.07372969388961792
Rahul_Ibhan_Ramiz,enet,0.62109375,-0.008068010210990906
Rahul_Ibhan_Ramiz,enet,0.62890625,-0.08657015860080719
Rahul_Ibhan_Ramiz,enet,0.63671875,-0.16123589873313904
Rahul_Ibhan_Ramiz,enet,0.64453125,-0.23134827613830566
Rahul_Ibhan_Ramiz,enet,0.65234375,-0.2962881326675415
Rahul_Ibhan_Ramiz,enet,0.66015625,-0.3560445010662079
Rahul_Ibhan_Ramiz,enet,0.66796875,-0.41119182109832764
Rahul_Ibhan_Ramiz,enet,0.67578125,-0.46246618032455444
Rahul_Ibhan_Ramiz,enet,0.68359375,-0.5107216238975525
Rahul_Ibhan_Ramiz,enet,0.69140625,-0.5569344758987427
Rahul_Ibhan_Ramiz,enet,0.69921875,-0.6015637516975403
Rahul_Ibhan_Ramiz,enet,0.70703125,-0.6443317532539368
Rahul_Ibhan_Ramiz,enet,0.71484375,-0.6847338676452637
Rahul_Ibhan_Ramiz,enet,0.72265625,-0.722432017326355
Rahul_Ibhan_Ramiz,enet,0.73046875,-0.7573678493499756
Rahul_Ibhan_Ramiz,enet,0.73828125,-0.78973388671875
Rahul_Ibhan_Ramiz,enet,0.74609375,-0.8198404312133789
Rahul_Ibhan_Ramiz,enet,0.75390625,-0.8479017019271851
Rahul_Ibhan_Ramiz,enet,0.76171875,-0.8739493489265442
Rahul_Ibhan_Ramiz,enet,0.76953125,-0.8980562686920166
Rahul_Ibhan_Ramiz,enet,0.77734375,-0.9205702543258667
Rahul_Ibhan_Ramiz,enet,0.78515625,-0.9420136213302612
Rahul_Ibhan_Ramiz,enet,0.79296875,-0.9625574350357056
Rahul_Ibhan_Ramiz,enet,0.80078125,-0.9817383289337158
Rahul_Ibhan_Ramiz,enet,0.80859375,-0.9987417459487915
Rahul_Ibhan_Ramiz,enet,0.81640625,-1.0125768184661865
Rahul_Ibhan_Ramiz,enet,0.82421875,-1.0224897861480713
Rahul_Ibhan_Ramiz,enet,0.83203125,-1.028560996055603
Rahul_Ibhan_Ramiz,enet,0.83984375,-1.0312186479568481
Rahul_Ibhan_Ramiz,enet,0.84765625,-1.0307214260101318
Rahul_Ibhan_Ramiz,enet,0.85546875,-1.0272139310836792
Rahul_Ibhan_Ramiz,enet,0.86328125,-1.0210515260696411
Rahul_Ibhan_Ramiz,enet,0.87109375,-1.0129551887512207
Rahul_Ibhan_Ramiz,enet,0.87890625,-1.0034778118133545
Rahul_Ibhan_Ramiz,enet,0.88671875,-0.9940212965011597
Rahul_Ibhan_Ramiz,enet,0.89453125,-0.9855832457542419
Rahul_Ibhan_Ramiz,enet,0.90234375,-0.9768578410148621
Rahul_Ibhan_Ramiz,enet,0.91015625,-0.9671192169189453
Rahul_Ibhan_Ramiz,enet,0.91796875,-0.9574933648109436
Rahul_Ibhan_Ramiz,enet,0.92578125,-0.9494499564170837
Rahul_Ibhan_Ramiz,enet,0.93359375,-0.942786693572998
Rahul_Ibhan_Ramiz,enet,0.94140625,-0.9402643442153931
Rahul_Ibhan_Ramiz,enet,0.94921875,-0.9410316944122314
Rahul_Ibhan_Ramiz,enet,0.95703125,-0.939542829990387
Rahul_Ibhan_Ramiz,enet,0.96484375,-0.9305012822151184
Rahul_Ibhan_Ramiz,enet,0.97265625,-0.9270076751708984
Rahul_Ibhan_Ramiz,enet,0.98046875,-0.9320468306541443
Rahul_Ibhan_Ramiz,enet,0.98828125,-0.9446638226509094
Rahul_Ibhan_Ramiz,enet,0.99609375,-0.9528462886810303
Rahul_Ibhan_Ramiz,enet,1.0,-0.9594526886940002
Randall_Larry_McGaren,ridge,0.0,3.9005985260009766
Randall_Larry_McGaren,ridge,0.00390625,3.8983590602874756
Randall_Larry_McGaren,ridge,0.01171875,3.8939266204833984
Randall_Larry_McGaren,ridge,0.01953125,3.8895506858825684
Randall_Larry_McGaren,ridge,0.02734375,3.885305404663086
Randall_Larry_McGaren,ridge,0.03515625,3.8812825679779053
Randall_Larry_McGaren,ridge,0.04296875,3.877653121948242
Randall_Larry_McGaren,ridge,0.05078125,3.8746337890625
Randall_Larry_McGaren,ridge,0.05859375,3.8722167015075684
Randall_Larry_McGaren,ridge,0.06640625,3.870004653930664
Randall_Larry_McGaren,ridge,0.07421875,3.8676676750183105
Randall_Larry_McGaren,ridge,0.08203125,3.8651866912841797
Randall_Larry_McGaren,ridge,0.08984375,3.862572431564331
Randall_Larry_McGaren,ridge,0.09765625,3.859795093536377
Randall_Larry_McGaren,ridge,0.10546875,3.856909990310669
Randall_Larry_McGaren,ridge,0.11328125,3.8539915084838867
Randall_Larry_McGaren,ridge,0.12109375,3.8510663509368896
Randall_Larry_McGaren,ridge,0.12890625,3.848149538040161
Randall_Larry_McGaren,ridge,0.13671875,3.845184087753296
Randall_Larry_McGaren,ridge,0.14453125,3.8422350883483887
Randall_Larry_McGaren,ridge,0.15234375,3.8394713401794434
Randall_Larry_McGaren,ridge,0.16015625,3.836984634399414
Randall_Larry_McGaren,ridge,0.16796875,3.8348007202148438
Randall_Larry_McGaren,ridge,0.17578125,3.8327372074127197
Randall_Larry_McGaren,ridge,0.18359375,3.830508232116699
Randall_Larry_McGaren,ridge,0.19140625,3.827927589416504
Randall_Larry_McGaren,ridge,0.19921875,3.82489013671875
Randall_Larry_McGaren,ridge,0.20703125,3.8213376998901367
Randall_Larry_McGaren,ridge,0.21484375,3.8172011375427246
Randall_Larry_McGaren,ridge,0.22265625,3.8123645782470703
Randall_Larry_McGaren,ridge,0.23046875,3.8066842555999756
Randall_Larry_McGaren,ridge,0.23828125,3.8000245094299316
Randall_Larry_McGaren,ridge,0.24609375,3.79227876663208
Randall_Larry_McGaren,ridge,0.25390625,3.7833685874938965
Randall_Larry_McGaren,ridge,0.26171875,3.7732584476470947
Randall_Larry_McGaren,ridge,0.26953125,3.761960983276367
Randall_Larry_McGaren,ridge,0.27734375,3.7494239807128906
Randall_Larry_McGaren,ridge,0.28515625,3.735339641571045
Randall_Larry_McGaren,ridge,0.29296875,3.7192933559417725
Randall_Larry_McGaren,ridge,0.30078125,3.700887441635132
Randall_Larry_McGaren,ridge,0.30859375,3.679861068725586
Randall_Larry_McGaren,ridge,0.31640625,3.655848741531372
Randall_Larry_McGaren,ridge,0.32421875,3.628373622894287
Randall_Larry_McGaren,ridge,0.33203125,3.596890926361084
Randall_Larry_McGaren,ridge,0.33984375,3.5608267784118652
Randall_Larry_McGaren,ridge,0.34765625,3.519564628601074
Randall_Larry_McGaren,ridge,0.35546875,3.47253155708313
Randall_Larry_McGaren,ridge,0.36328125,3.419339656829834
Randall_Larry_McGaren,ridge,0.37109375,3.3597710132598877
Randall_Larry_McGaren,ridge,0.37890625,3.293736219406128
Randall_Larry_McGaren,ridge,0.38671875,3.221229076385498
Randall_Larry_McGaren,ridge,0.39453125,3.142364025115967
Randall_Larry_McGaren,ridge,0.40234375,3.057394027709961
Randall_Larry_McGaren,ridge,0.41015625,2.9667911529541016
Randall_Larry_McGaren,ridge,0.41796875,2.8712518215179443
Randall_Larry_McGaren,ridge,0.42578125,2.771688461303711
Randall_Larry_McGaren,ridge,0.43359375,2.66916561126709
Randall_Larry_McGaren,ridge,0.44140625,2.5647244453430176
Randall_Larry_McGaren,ridge,0.44921875,2.4591851234436035
Randall_Larry_McGaren,ridge,0.45703125,2.353133201599121
Randall_Larry_McGaren,ridge,0.46484375,2.247011184692383
Randall_Larry_McGaren,ridge,0.47265625,2.1409778594970703
Randall_Larry_McGaren,ridge,0.48046875,2.0346524715423584
Randall_Larry_McGaren,ridge,0.48828125,1.9274499416351318
Randall_Larry_McGaren,ridge,0.49609375,1.8194425106048584
Randall_Larry_McGaren,ridge,0.50390625,1.7119412422180176
Randall_Larry_McGaren,ridge,0.51171875,1.6071722507476807
Randall_Larry_McGaren,ridge,0.51953125,1.5078444480895996
Randall_Larry_McGaren,ridge,0.52734375,1.4166479110717773
Randall_Larry_McGaren,ridge,0.53515625,1.3358049392700195
Randall_Larry_McGaren,ridge,0.54296875,1.266852855682373
Randall_Larry_McGaren,ridge,0.55078125,1.210481882095337
Randall_Larry_McGaren,ridge,0.55859375,1.1663199663162231
Randall_Larry_McGaren,ridge,0.56640625,1.1329445838928223
Randall_Larry_McGaren,ridge,0.57421875,1.1082907915115356
Randall_Larry_McGaren,ridge,0.58203125,1.090221643447876
Randall_Larry_McGaren,ridge,0.58984375,1.0767314434051514
Randall_Larry_McGaren,ridge,0.59765625,1.065828800201416
Randall_Larry_McGaren,ridge,0.60546875,1.0555757284164429
Randall_Larry_McGaren,ridge,0.61328125,1.0443954467773438
Randall_Larry_McGaren,ridge,0.62109375,1.0313516855239868
Randall_Larry_McGaren,ridge,0.62890625,1.0160868167877197
Randall_Larry_McGaren,ridge,0.63671875,0.9984970092773438
Randall_Larry_McGaren,ridge,0.64453125,0.9785681962966919
Randall_Larry_McGaren,ridge,0.65234375,0.9564244151115417
Randall_Larry_McGaren,ridge,0.66015625,0.9323097467422485
Randall_Larry_McGaren,ridge,0.66796875,0.9065127372741699
Randall_Larry_McGaren,ridge,0.67578125,0.8794773817062378
Randall_Larry_McGaren,ridge,0.68359375,0.8521239757537842
Randall_Larry_McGaren,ridge,0.69140625,0.8258554935455322
Randall_Larry_McGaren,ridge,0.69921875,0.8020299077033997
Randall_Larry_McGaren,ridge,0.70703125,0.7814287543296814
Randall_Larry_McGaren,ridge,0.71484375,0.7642026543617249
Randall_Larry_McGaren,ridge,0.72265625,0.750084638595581
Randall_Larry_McGaren,ridge,0.73046875,0.7385311722755432
Randall_Larry_McGaren,ridge,0.73828125,0.7288171052932739
Randall_Larry_McGaren,ridge,0.74609375,0.7202022075653076
Randall_Larry_McGaren,ridge,0.75390625,0.7120909094810486
Randall_Larry_McGaren,ridge,0.76171875,0.7041407227516174
Randall_Larry_McGaren,ridge,0.76953125,0.6962747573852539
Randall_Larry_McGaren,ridge,0.77734375,0.6886469125747681
Randall_Larry_McGaren,ridge,0.78515625,0.6814882755279541
Randall_Larry_McGaren,ridge,0.79296875,0.6750261783599854
Randall_Larry_McGaren,ridge,0.80078125,0.6694422960281372
Randall_Larry_McGaren,ridge,0.80859375,0.6648576259613037
Randall_Larry_McGaren,ridge,0.81640625,0.661344587802887
Randall_Larry_McGaren,ridge,0.82421875,0.658959150314331
Randall_Larry_McGaren,ridge,0.83203125,0.6577375531196594
Randall_Larry_McGaren,ridge,0.83984375,0.6577022075653076
Randall_Larry_McGaren,ridge,0.84765625,0.6590234637260437
Randall_Larry_McGaren,ridge,0.85546875,0.661488950252533
Randall_Larry_McGaren,ridge,0.86328125,0.6637266874313354
Randall_Larry_McGaren,ridge,0.87109375,0.6656121015548706
Randall_Larry_McGaren,ridge,0.87890625,0.6657595038414001
Randall_Larry_McGaren,ridge,0.88671875,0.6605105400085449
Randall_Larry_McGaren,ridge,0.89453125,0.6469453573226929
Randall_Larry_McGaren,ridge,0.90234375,0.6243239045143127
Randall_Larry_McGaren,ridge,0.91015625,0.5952625870704651
Randall_Larry_McGaren,ridge,0.91796875,0.5679394006729126
Randall_Larry_McGaren,ridge,0.92578125,0.5549864768981934
Randall_Larry_McGaren,ridge,0.93359375,0.5517969131469727
Randall_Larry_McGaren,ridge,0.94140625,0.5509722828865051
Randall_Larry_McGaren,ridge,0.94921875,0.555343747138977
Randall_Larry_McGaren,ridge,0.95703125,0.567172110080719
Randall_Larry_McGaren,ridge,0.96484375,0.5762733817100525
Randall_Larry_McGaren,ridge,0.97265625,0.5871948599815369
Randall_Larry_McGaren,ridge,0.98046875,0.5946460962295532
Randall_Larry_McGaren,ridge,0.98828125,0.6200120449066162
Randall_Larry_McGaren,ridge,0.99609375,0.6326431035995483
Randall_Larry_McGaren,ridge,1.0,0.6334193348884583
Randall_Larry_McGaren,enet,0.0,0.20968055725097656
Randall_Larry_McGaren,enet,0.00390625,0.20995473861694336
Randall_Larry_McGaren,enet,0.01171875,0.21071457862854004
Randall_Larry_McGaren,enet,0.01953125,0.21191230416297913
Randall_Larry_McGaren,enet,0.02734375,0.21357953548431396
Randall_Larry_McGaren,enet,0.03515625,0.2156856209039688
Randall_Larry_McGaren,enet,0.04296875,0.21842187643051147
Randall_Larry_McGaren,enet,0.05078125,0.22193264961242676
Randall_Larry_McGaren,enet,0.05859375,0.22614768147468567
Randall_Larry_McGaren,enet,0.06640625,0.23072828352451324
Randall_Larry_McGaren,enet,0.07421875,0.23538094758987427
Randall_Larry_McGaren,enet,0.08203125,0.23999527096748352
Randall_Larry_McGaren,enet,0.08984375,0.24456453323364258
Randall_Larry_McGaren,enet,0.09765625,0.24913790822029114
Randall_Larry_McGaren,enet,0.10546875,0.25380879640579224
Randall_Larry_McGaren,enet,0.11328125,0.25872695446014404
Randall_Larry_McGaren,enet,0.12109375,0.26407119631767273
Randall_Larry_McGaren,enet,0.12890625,0.27006030082702637
Randall_Larry_McGaren,enet,0.13671875,0.2768547832965851
Randall_Larry_McGaren,enet,0.14453125,0.2846974730491638
Randall_Larry_McGaren,enet,0.15234375,0.29395976662635803
Randall_Larry_McGaren,enet,0.16015625,0.3049826920032501
Randall_Larry_McGaren,enet,0.16796875,0.317929208278656
Randall_Larry_McGaren,enet,0.17578125,0.3327360153198242
Randall_Larry_McGaren,enet,0.18359375,0.3492090106010437
Randall_Larry_McGaren,enet,0.19140625,0.3671790063381195
Randall_Larry_McGaren,enet,0.19921875,0.3864600658416748
Randall_Larry_McGaren,enet,0.20703125,0.4067460894584656
Randall_Larry_McGaren,enet,0.21484375,0.42765507102012634
Randall_Larry_McGaren,enet,0.22265625,0.4488261044025421
Randall_Larry_McGaren,enet,0.23046875,0.46996042132377625
Randall_Larry_McGaren,enet,0.23828125,0.49075955152511597
Randall_Larry_McGaren,enet,0.24609375,0.5109118223190308
Randall_Larry_McGaren,enet,0.25390625,0.5301759243011475
Randall_Larry_McGaren,enet,0.26171875,0.5484225153923035
Randall_Larry_McGaren,enet,0.26953125,0.5656118392944336
Randall_Larry_McGaren,enet,0.27734375,0.581569492816925
Randall_Larry_McGaren,enet,0.28515625,0.5958710312843323
Randall_Larry_McGaren,enet,0.29296875,0.6078991889953613
Randall_Larry_McGaren,enet,0.30078125,0.6168837547302246
Randall_Larry_McGaren,enet,0.30859375,0.6220235228538513
Randall_Larry_McGaren,enet,0.31640625,0.6225488185882568
Randall_Larry_McGaren,enet,0.32421875,0.6178638935089111
Randall_Larry_McGaren,enet,0.33203125,0.607725977897644
Randall_Larry_McGaren,enet,0.33984375,0.5923677086830139
Randall_Larry_McGaren,enet,0.34765625,0.5726029276847839
Randall_Larry_McGaren,enet,0.35546875,0.5499899387359619
Randall_Larry_McGaren,enet,0.36328125,0.5269587635993958
Randall_Larry_McGaren,enet,0.37109375,0.5066719055175781
Randall_Larry_McGaren,enet,0.37890625,0.49269169569015503
Randall_Larry_McGaren,enet,0.38671875,0.4884527325630188
Randall_Larry_McGaren,enet,0.39453125,0.49679020047187805
Randall_Larry_McGaren,enet,0.40234375,0.519711971282959
Randall_Larry_McGaren,enet,0.41015625,0.5584269762039185
Randall_Larry_McGaren,enet,0.41796875,0.6131201982498169
Randall_Larry_McGaren,enet,0.42578125,0.6827539801597595
Randall_Larry_McGaren,enet,0.43359375,0.7649871110916138
Randall_Larry_McGaren,enet,0.44140625,0.8560811877250671
Randall_Larry_McGaren,enet,0.44921875,0.9509426355361938
Randall_Larry_McGaren,enet,0.45703125,1.0437557697296143
Randall_Larry_McGaren,enet,0.46484375,1.129076600074768
Randall_Larry_McGaren,enet,0.47265625,1.202707052230835
Randall_Larry_McGaren,enet,0.48046875,1.2620577812194824
Randall_Larry_McGaren,enet,0.48828125,1.306169867515564
Randall_Larry_McGaren,enet,0.49609375,1.3352477550506592
Randall_Larry_McGaren,enet,0.50390625,1.3500893115997314
Randall_Larry_McGaren,enet,0.51171875,1.3517593145370483
Randall_Larry_McGaren,enet,0.51953125,1.3414908647537231
Randall_Larry_McGaren,enet,0.52734375,1.320703387260437
Randall_Larry_McGaren,enet,0.53515625,1.2912700176239014
Randall_Larry_McGaren,enet,0.54296875,1.2556639909744263
Randall_Larry_McGaren,enet,0.55078125,1.2165217399597168
Randall_Larry_McGaren,enet,0.55859375,1.1758899688720703
Randall_Larry_McGaren,enet,0.56640625,1.1346971988677979
Randall_Larry_McGaren,enet,0.57421875,1.0928599834442139
Randall_Larry_McGaren,enet,0.58203125,1.0499223470687866
Randall_Larry_McGaren,enet,0.58984375,1.0055451393127441
Randall_Larry_McGaren,enet,0.59765625,0.959526002407074
Randall_Larry_McGaren,enet,0.60546875,0.911765456199646
Randall_Larry_McGaren,enet,0.61328125,0.8625247478485107
Randall_Larry_McGaren,enet,0.62109375,0.8126615881919861
Randall_Larry_McGaren,enet,0.62890625,0.7632793188095093
Randall_Larry_McGaren,enet,0.63671875,0.7150834798812866
Randall_Larry_McGaren,enet,0.64453125,0.6682116985321045
Randall_Larry_McGaren,enet,0.65234375,0.6224563121795654
Randall_Larry_McGaren,enet,0.66015625,0.5775524973869324
Randall_Larry_McGaren,enet,0.66796875,0.5334352254867554
Randall_Larry_McGaren,enet,0.67578125,0.49053955078125
Randall_Larry_McGaren,enet,0.68359375,0.4499000608921051
Randall_Larry_McGaren,enet,0.69140625,0.41276270151138306
Randall_Larry_McGaren,enet,0.69921875,0.38005608320236206
Randall_Larry_McGaren,enet,0.70703125,0.35210543870925903
Randall_Larry_McGaren,enet,0.71484375,0.32874131202697754
Randall_Larry_McGaren,enet,0.72265625,0.309510201215744
Randall_Larry_McGaren,enet,0.73046875,0.29380324482917786
Randall_Larry_McGaren,enet,0.73828125,0.28098374605178833
Randall_Larry_McGaren,enet,0.74609375,0.27053016424179077
Randall_Larry_McGaren,enet,0.75390625,0.2620864808559418
Randall_Larry_McGaren,enet,0.76171875,0.25539571046829224
Randall_Larry_McGaren,enet,0.76953125,0.25023192167282104
Randall_Larry_McGaren,enet,0.77734375,0.24643120169639587
Randall_Larry_McGaren,enet,0.78515625,0.2439233511686325
Randall_Larry_McGaren,enet,0.79296875,0.24278263747692108
Randall_Larry_McGaren,enet,0.80078125,0.24320700764656067
Randall_Larry_McGaren,enet,0.80859375,0.2454555332660675
Randall_Larry_McGaren,enet,0.81640625,0.24981173872947693
Randall_Larry_McGaren,enet,0.82421875,0.25649943947792053
Randall_Larry_McGaren,enet,0.83203125,0.265542209148407
Randall_Larry_McGaren,enet,0.83984375,0.2768458425998688
Randall_Larry_McGaren,enet,0.84765625,0.2905557155609131
Randall_Larry_McGaren,enet,0.85546875,0.3052881360054016
Randall_Larry_McGaren,enet,0.86328125,0.3173633813858032
Randall_Larry_McGaren,enet,0.87109375,0.32822635769844055
Randall_Larry_McGaren,enet,0.87890625,0.3362554609775543
Randall_Larry_McGaren,enet,0.88671875,0.3331851363182068
Randall_Larry_McGaren,enet,0.89453125,0.31582632660865784
Randall_Larry_McGaren,enet,0.90234375,0.28584304451942444
Randall_Larry_McGaren,enet,0.91015625,0.24490728974342346
Randall_Larry_McGaren,enet,0.91796875,0.19743415713310242
Randall_Larry_McGaren,enet,0.92578125,0.1536979079246521
Randall_Larry_McGaren,enet,0.93359375,0.11893074214458466
Randall_Larry_McGaren,enet,0.94140625,0.10521239042282104
Randall_Larry_McGaren,enet,0.94921875,0.11803283542394638
Randall_Larry_McGaren,enet,0.95703125,0.15183231234550476
Randall_Larry_McGaren,enet,0.96484375,0.19259193539619446
Randall_Larry_McGaren,enet,0.97265625,0.21266299486160278
Randall_Larry_McGaren,enet,0.98046875,0.2147025465965271
Randall_Larry_McGaren,enet,0.98828125,0.21957474946975708
Randall_Larry_McGaren,enet,0.99609375,0.21577325463294983
Randall_Larry_McGaren,enet,1.0,0.2046564370393753
Ryouma_Naru_Kouya,ridge,0.0,4.161899566650391
Ryouma_Naru_Kouya,ridge,0.00390625,4.15937614440918
Ryouma_Naru_Kouya,ridge,0.01171875,4.1541876792907715
Ryouma_Naru_Kouya,ridge,0.01953125,4.148779392242432
Ryouma_Naru_Kouya,ridge,0.02734375,4.143102169036865
Ryouma_Naru_Kouya,ridge,0.03515625,4.137183666229248
Ryouma_Naru_Kouya,ridge,0.04296875,4.130967140197754
Ryouma_Naru_Kouya,ridge,0.05078125,4.124356269836426
Ryouma_Naru_Kouya,ridge,0.05859375,4.117494583129883
Ryouma_Naru_Kouya,ridge,0.06640625,4.110578536987305
Ryouma_Naru_Kouya,ridge,0.07421875,4.103708267211914
Ryouma_Naru_Kouya,ridge,0.08203125,4.096860885620117
Ryouma_Naru_Kouya,ridge,0.08984375,4.090208530426025
Ryouma_Naru_Kouya,ridge,0.09765625,4.083819389343262
Ryouma_Naru_Kouya,ridge,0.10546875,4.0777587890625
Ryouma_Naru_Kouya,ridge,0.11328125,4.072022438049316
Ryouma_Naru_Kouya,ridge,0.12109375,4.066547870635986
Ryouma_Naru_Kouya,ridge,0.12890625,4.061385631561279
Ryouma_Naru_Kouya,ridge,0.13671875,4.056608200073242
Ryouma_Naru_Kouya,ridge,0.14453125,4.052181243896484
Ryouma_Naru_Kouya,ridge,0.15234375,4.048040390014648
Ryouma_Naru_Kouya,ridge,0.16015625,4.044180870056152
Ryouma_Naru_Kouya,ridge,0.16796875,4.040475368499756
Ryouma_Naru_Kouya,ridge,0.17578125,4.036741256713867
Ryouma_Naru_Kouya,ridge,0.18359375,4.032734394073486
Ryouma_Naru_Kouya,ridge,0.19140625,4.028130531311035
Ryouma_Naru_Kouya,ridge,0.19921875,4.022553443908691
Ryouma_Naru_Kouya,ridge,0.20703125,4.015583515167236
Ryouma_Naru_Kouya,ridge,0.21484375,4.006747245788574
Ryouma_Naru_Kouya,ridge,0.22265625,3.9954488277435303
Ryouma_Naru_Kouya,ridge,0.23046875,3.9809494018554688
Ryouma_Naru_Kouya,ridge,0.23828125,3.962456703186035
Ryouma_Naru_Kouya,ridge,0.24609375,3.9393367767333984
Ryouma_Naru_Kouya,ridge,0.25390625,3.911320686340332
Ryouma_Naru_Kouya,ridge,0.26171875,3.8786299228668213
Ryouma_Naru_Kouya,ridge,0.26953125,3.842149496078491
Ryouma_Naru_Kouya,ridge,0.27734375,3.803295373916626
Ryouma_Naru_Kouya,ridge,0.28515625,3.763692855834961
Ryouma_Naru_Kouya,ridge,0.29296875,3.7249350547790527
Ryouma_Naru_Kouya,ridge,0.30078125,3.688595771789551
Ryouma_Naru_Kouya,ridge,0.30859375,3.6562819480895996
Ryouma_Naru_Kouya,ridge,0.31640625,3.6293816566467285
Ryouma_Naru_Kouya,ridge,0.32421875,3.609128952026367
Ryouma_Naru_Kouya,ridge,0.33203125,3.596724510192871
Ryouma_Naru_Kouya,ridge,0.33984375,3.592979907989502
Ryouma_Naru_Kouya,ridge,0.34765625,3.598057746887207
Ryouma_Naru_Kouya,ridge,0.35546875,3.611246109008789
Ryouma_Naru_Kouya,ridge,0.36328125,3.6309123039245605
Ryouma_Naru_Kouya,ridge,0.37109375,3.654642343521118
Ryouma_Naru_Kouya,ridge,0.37890625,3.679475784301758
Ryouma_Naru_Kouya,ridge,0.38671875,3.7021584510803223
Ryouma_Naru_Kouya,ridge,0.39453125,3.719552993774414
Ryouma_Naru_Kouya,ridge,0.40234375,3.729153871536255
Ryouma_Naru_Kouya,ridge,0.41015625,3.7292490005493164
Ryouma_Naru_Kouya,ridge,0.41796875,3.718860149383545
Ryouma_Naru_Kouya,ridge,0.42578125,3.6975865364074707
Ryouma_Naru_Kouya,ridge,0.43359375,3.665309429168701
Ryouma_Naru_Kouya,ridge,0.44140625,3.621777057647705
Ryouma_Naru_Kouya,ridge,0.44921875,3.5664703845977783
Ryouma_Naru_Kouya,ridge,0.45703125,3.499034881591797
Ryouma_Naru_Kouya,ridge,0.46484375,3.4197027683258057
Ryouma_Naru_Kouya,ridge,0.47265625,3.3294923305511475
Ryouma_Naru_Kouya,ridge,0.48046875,3.2304210662841797
Ryouma_Naru_Kouya,ridge,0.48828125,3.1254804134368896
Ryouma_Naru_Kouya,ridge,0.49609375,3.017983913421631
Ryouma_Naru_Kouya,ridge,0.50390625,2.910672187805176
Ryouma_Naru_Kouya,ridge,0.51171875,2.8052120208740234
Ryouma_Naru_Kouya,ridge,0.51953125,2.702249526977539
Ryouma_Naru_Kouya,ridge,0.52734375,2.6017301082611084
Ryouma_Naru_Kouya,ridge,0.53515625,2.5032958984375
Ryouma_Naru_Kouya,ridge,0.54296875,2.4065074920654297
Ryouma_Naru_Kouya,ridge,0.55078125,2.310901641845703
Ryouma_Naru_Kouya,ridge,0.55859375,2.2162246704101562
Ryouma_Naru_Kouya,ridge,0.56640625,2.122788906097412
Ryouma_Naru_Kouya,ridge,0.57421875,2.0316357612609863
Ryouma_Naru_Kouya,ridge,0.58203125,1.9441602230072021
Ryouma_Naru_Kouya,ridge,0.58984375,1.8614336252212524
Ryouma_Naru_Kouya,ridge,0.59765625,1.7839410305023193
Ryouma_Naru_Kouya,ridge,0.60546875,1.711724042892456
Ryouma_Naru_Kouya,ridge,0.61328125,1.6446272134780884
Ryouma_Naru_Kouya,ridge,0.62109375,1.5823980569839478
Ryouma_Naru_Kouya,ridge,0.62890625,1.5247657299041748
Ryouma_Naru_Kouya,ridge,0.63671875,1.4714750051498413
Ryouma_Naru_Kouya,ridge,0.64453125,1.4221911430358887
Ryouma_Naru_Kouya,ridge,0.65234375,1.3764050006866455
Ryouma_Naru_Kouya,ridge,0.66015625,1.3334354162216187
Ryouma_Naru_Kouya,ridge,0.66796875,1.292529582977295
Ryouma_Naru_Kouya,ridge,0.67578125,1.2530360221862793
Ryouma_Naru_Kouya,ridge,0.68359375,1.2145066261291504
Ryouma_Naru_Kouya,ridge,0.69140625,1.176638126373291
Ryouma_Naru_Kouya,ridge,0.69921875,1.1392048597335815
Ryouma_Naru_Kouya,ridge,0.70703125,1.1020162105560303
Ryouma_Naru_Kouya,ridge,0.71484375,1.0648781061172485
Ryouma_Naru_Kouya,ridge,0.72265625,1.0275990962982178
Ryouma_Naru_Kouya,ridge,0.73046875,0.9901637434959412
Ryouma_Naru_Kouya,ridge,0.73828125,0.9527658224105835
Ryouma_Naru_Kouya,ridge,0.74609375,0.9156866073608398
Ryouma_Naru_Kouya,ridge,0.75390625,0.8791490793228149
Ryouma_Naru_Kouya,ridge,0.76171875,0.8433012962341309
Ryouma_Naru_Kouya,ridge,0.76953125,0.8082544207572937
Ryouma_Naru_Kouya,ridge,0.77734375,0.7740941643714905
Ryouma_Naru_Kouya,ridge,0.78515625,0.7408238649368286
Ryouma_Naru_Kouya,ridge,0.79296875,0.7083423733711243
Ryouma_Naru_Kouya,ridge,0.80078125,0.6765117049217224
Ryouma_Naru_Kouya,ridge,0.80859375,0.6451385021209717
Ryouma_Naru_Kouya,ridge,0.81640625,0.6139830350875854
Ryouma_Naru_Kouya,ridge,0.82421875,0.5830035209655762
Ryouma_Naru_Kouya,ridge,0.83203125,0.551842451095581
Ryouma_Naru_Kouya,ridge,0.83984375,0.519957959651947
Ryouma_Naru_Kouya,ridge,0.84765625,0.4869680404663086
Ryouma_Naru_Kouya,ridge,0.85546875,0.4523897171020508
Ryouma_Naru_Kouya,ridge,0.86328125,0.41667789220809937
Ryouma_Naru_Kouya,ridge,0.87109375,0.38250648975372314
Ryouma_Naru_Kouya,ridge,0.87890625,0.3523513376712799
Ryouma_Naru_Kouya,ridge,0.88671875,0.3259522616863251
Ryouma_Naru_Kouya,ridge,0.89453125,0.30252310633659363
Ryouma_Naru_Kouya,ridge,0.90234375,0.2814404368400574
Ryouma_Naru_Kouya,ridge,0.91015625,0.26296770572662354
Ryouma_Naru_Kouya,ridge,0.91796875,0.24885743856430054
Ryouma_Naru_Kouya,ridge,0.92578125,0.23980861902236938
Ryouma_Naru_Kouya,ridge,0.93359375,0.2362382411956787
Ryouma_Naru_Kouya,ridge,0.94140625,0.23685190081596375
Ryouma_Naru_Kouya,ridge,0.94921875,0.2388388216495514
Ryouma_Naru_Kouya,ridge,0.95703125,0.2415066510438919
Ryouma_Naru_Kouya,ridge,0.96484375,0.2511005997657776
Ryouma_Naru_Kouya,ridge,0.97265625,0.25749731063842773
Ryouma_Naru_Kouya,ridge,0.98046875,0.24728575348854065
Ryouma_Naru_Kouya,ridge,0.98828125,0.22315746545791626
Ryouma_Naru_Kouya,ridge,0.99609375,0.2062990516424179
Ryouma_Naru_Kouya,ridge,1.0,0.21712340414524078
Ryouma_Naru_Kouya,enet,0.0,-0.634961724281311
Ryouma_Naru_Kouya,enet,0.00390625,-0.6373142004013062
Ryouma_Naru_Kouya,enet,0.01171875,-0.6422518491744995
Ryouma_Naru_Kouya,enet,0.01953125,-0.6474724411964417
Ryouma_Naru_Kouya,enet,0.02734375,-0.6529403328895569
Ryouma_Naru_Kouya,enet,0.03515625,-0.6584873795509338
Ryouma_Naru_Kouya,enet,0.04296875,-0.6639723777770996
Ryouma_Naru_Kouya,enet,0.05078125,-0.6693398356437683
Ryouma_Naru_Kouya,enet,0.05859375,-0.6743111610412598
Ryouma_Naru_Kouya,enet,0.06640625,-0.6785317659378052
Ryouma_Naru_Kouya,enet,0.07421875,-0.6817249655723572
Ryouma_Naru_Kouya,enet,0.08203125,-0.6837823987007141
Ryouma_Naru_Kouya,enet,0.08984375,-0.6844150424003601
Ryouma_Naru_Kouya,enet,0.09765625,-0.6834448575973511
Ryouma_Naru_Kouya,enet,0.10546875,-0.6807403564453125
Ryouma_Naru_Kouya,enet,0.11328125,-0.6762866973876953
Ryouma_Naru_Kouya,enet,0.12109375,-0.6701424717903137
Ryouma_Naru_Kouya,enet,0.12890625,-0.6622969508171082
Ryouma_Naru_Kouya,enet,0.13671875,-0.6527173519134521
Ryouma_Naru_Kouya,enet,0.14453125,-0.6414251923561096
Ryouma_Naru_Kouya,enet,0.15234375,-0.6283687353134155
Ryouma_Naru_Kouya,enet,0.16015625,-0.6133785247802734
Ryouma_Naru_Kouya,enet,0.16796875,-0.5963935852050781
Ryouma_Naru_Kouya,enet,0.17578125,-0.5773840546607971
Ryouma_Naru_Kouya,enet,0.18359375,-0.5563747882843018
Ryouma_Naru_Kouya,enet,0.19140625,-0.53339684009552
Ryouma_Naru_Kouya,enet,0.19921875,-0.5086008310317993
Ryouma_Naru_Kouya,enet,0.20703125,-0.4822356402873993
Ryouma_Naru_Kouya,enet,0.21484375,-0.45460009574890137
Ryouma_Naru_Kouya,enet,0.22265625,-0.42604121565818787
Ryouma_Naru_Kouya,enet,0.23046875,-0.396832138299942
Ryouma_Naru_Kouya,enet,0.23828125,-0.36717405915260315
Ryouma_Naru_Kouya,enet,0.24609375,-0.3371473550796509
Ryouma_Naru_Kouya,enet,0.25390625,-0.306623637676239
Ryouma_Naru_Kouya,enet,0.26171875,-0.2753148674964905
Ryouma_Naru_Kouya,enet,0.26953125,-0.24255740642547607
Ryouma_Naru_Kouya,enet,0.27734375,-0.2072584331035614
Ryouma_Naru_Kouya,enet,0.28515625,-0.16808374226093292
Ryouma_Naru_Kouya,enet,0.29296875,-0.12362338602542877
Ryouma_Naru_Kouya,enet,0.30078125,-0.07240700721740723
Ryouma_Naru_Kouya,enet,0.30859375,-0.01296493411064148
Ryouma_Naru_Kouya,enet,0.31640625,0.05587157607078552
Ryouma_Naru_Kouya,enet,0.32421875,0.13496671617031097
Ryouma_Naru_Kouya,enet,0.33203125,0.22493086755275726
Ryouma_Naru_Kouya,enet,0.33984375,0.3258759379386902
Ryouma_Naru_Kouya,enet,0.34765625,0.4373547434806824
Ryouma_Naru_Kouya,enet,0.35546875,0.5582529306411743
Ryouma_Naru_Kouya,enet,0.36328125,0.6867499351501465
Ryouma_Naru_Kouya,enet,0.37109375,0.8202900290489197
Ryouma_Naru_Kouya,enet,0.37890625,0.9556904435157776
Ryouma_Naru_Kouya,enet,0.38671875,1.0892890691757202
Ryouma_Naru_Kouya,enet,0.39453125,1.2173545360565186
Ryouma_Naru_Kouya,enet,0.40234375,1.3366461992263794
Ryouma_Naru_Kouya,enet,0.41015625,1.4448416233062744
Ryouma_Naru_Kouya,enet,0.41796875,1.540683388710022
Ryouma_Naru_Kouya,enet,0.42578125,1.6237624883651733
Ryouma_Naru_Kouya,enet,0.43359375,1.694053292274475
Ryouma_Naru_Kouya,enet,0.44140625,1.751308798789978
Ryouma_Naru_Kouya,enet,0.44921875,1.7949467897415161
Ryouma_Naru_Kouya,enet,0.45703125,1.8243098258972168
Ryouma_Naru_Kouya,enet,0.46484375,1.8386359214782715
Ryouma_Naru_Kouya,enet,0.47265625,1.8372200727462769
Ryouma_Naru_Kouya,enet,0.48046875,1.8201571702957153
Ryouma_Naru_Kouya,enet,0.48828125,1.7887550592422485
Ryouma_Naru_Kouya,enet,0.49609375,1.745265245437622
Ryouma_Naru_Kouya,enet,0.50390625,1.6921626329421997
Ryouma_Naru_Kouya,enet,0.51171875,1.631610631942749
Ryouma_Naru_Kouya,enet,0.51953125,1.565384864807129
Ryouma_Naru_Kouya,enet,0.52734375,1.4949475526809692
Ryouma_Naru_Kouya,enet,0.53515625,1.4214458465576172
Ryouma_Naru_Kouya,enet,0.54296875,1.3457005023956299
Ryouma_Naru_Kouya,enet,0.55078125,1.2683565616607666
Ryouma_Naru_Kouya,enet,0.55859375,1.190166711807251
Ryouma_Naru_Kouya,enet,0.56640625,1.1122705936431885
Ryouma_Naru_Kouya,enet,0.57421875,1.0361571311950684
Ryouma_Naru_Kouya,enet,0.58203125,0.9631890058517456
Ryouma_Naru_Kouya,enet,0.58984375,0.8943508863449097
Ryouma_Naru_Kouya,enet,0.59765625,0.8303290605545044
Ryouma_Naru_Kouya,enet,0.60546875,0.7715229392051697
Ryouma_Naru_Kouya,enet,0.61328125,0.7179394364356995
Ryouma_Naru_Kouya,enet,0.62109375,0.6692898273468018
Ryouma_Naru_Kouya,enet,0.62890625,0.6252961158752441
Ryouma_Naru_Kouya,enet,0.63671875,0.5858141183853149
Ryouma_Naru_Kouya,enet,0.64453125,0.550673246383667
Ryouma_Naru_Kouya,enet,0.65234375,0.5195331573486328
Ryouma_Naru_Kouya,enet,0.66015625,0.4918898940086365
Ryouma_Naru_Kouya,enet,0.66796875,0.46718013286590576
Ryouma_Naru_Kouya,enet,0.67578125,0.444822758436203
Ryouma_Naru_Kouya,enet,0.68359375,0.4242285490036011
Ryouma_Naru_Kouya,enet,0.69140625,0.40478673577308655
Ryouma_Naru_Kouya,enet,0.69921875,0.38585931062698364
Ryouma_Naru_Kouya,enet,0.70703125,0.36677679419517517
Ryouma_Naru_Kouya,enet,0.71484375,0.34692883491516113
Ryouma_Naru_Kouya,enet,0.72265625,0.3258300721645355
Ryouma_Naru_Kouya,enet,0.73046875,0.3032739758491516
Ryouma_Naru_Kouya,enet,0.73828125,0.2794284224510193
Ryouma_Naru_Kouya,enet,0.74609375,0.2548104524612427
Ryouma_Naru_Kouya,enet,0.75390625,0.23013614118099213
Ryouma_Naru_Kouya,enet,0.76171875,0.20619966089725494
Ryouma_Naru_Kouya,enet,0.76953125,0.18374943733215332
Ryouma_Naru_Kouya,enet,0.77734375,0.1633492410182953
Ryouma_Naru_Kouya,enet,0.78515625,0.14520537853240967
Ryouma_Naru_Kouya,enet,0.79296875,0.12906211614608765
Ryouma_Naru_Kouya,enet,0.80078125,0.11432155966758728
Ryouma_Naru_Kouya,enet,0.80859375,0.10016810894012451
Ryouma_Naru_Kouya,enet,0.81640625,0.08587481081485748
Ryouma_Naru_Kouya,enet,0.82421875,0.07192113250494003
Ryouma_Naru_Kouya,enet,0.83203125,0.05793365463614464
Ryouma_Naru_Kouya,enet,0.83984375,0.04201478511095047
Ryouma_Naru_Kouya,enet,0.84765625,0.023330509662628174
Ryouma_Naru_Kouya,enet,0.85546875,0.0035142675042152405
Ryouma_Naru_Kouya,enet,0.86328125,-0.014704674482345581
Ryouma_Naru_Kouya,enet,0.87109375,-0.02835555374622345
Ryouma_Naru_Kouya,enet,0.87890625,-0.03675360977649689
Ryouma_Naru_Kouya,enet,0.88671875,-0.04228762537240982
Ryouma_Naru_Kouya,enet,0.89453125,-0.04666207730770111
Ryouma_Naru_Kouya,enet,0.90234375,-0.0531119778752327
Ryouma_Naru_Kouya,enet,0.91015625,-0.06366260349750519
Ryouma_Naru_Kouya,enet,0.91796875,-0.07717376202344894
Ryouma_Naru_Kouya,enet,0.92578125,-0.09061632305383682
Ryouma_Naru_Kouya,enet,0.93359375,-0.1004454642534256
Ryouma_Naru_Kouya,enet,0.94140625,-0.1063205748796463
Ryouma_Naru_Kouya,enet,0.94921875,-0.11178658902645111
Ryouma_Naru_Kouya,enet,0.95703125,-0.11961731314659119
Ryouma_Naru_Kouya,enet,0.96484375,-0.11482049524784088
Ryouma_Naru_Kouya,enet,0.97265625,-0.1082964539527893
Ryouma_Naru_Kouya,enet,0.98046875,-0.11580328643321991
Ryouma_Naru_Kouya,enet,0.98828125,-0.15026044845581055
Ryouma_Naru_Kouya,enet,0.99609375,-0.18279391527175903
Ryouma_Naru_Kouya,enet,1.0,-0.18367743492126465
Sahil_Krishna_Bhat,ridge,0.0,4.073539733886719
Sahil_Krishna_Bhat,ridge,0.00390625,4.071338653564453
Sahil_Krishna_Bhat,ridge,0.01171875,4.066985130310059
Sahil_Krishna_Bhat,ridge,0.01953125,4.062623023986816
Sahil_Krishna_Bhat,ridge,0.02734375,4.058239936828613
Sahil_Krishna_Bhat,ridge,0.03515625,4.053871154785156
Sahil_Krishna_Bhat,ridge,0.04296875,4.04951286315918
Sahil_Krishna_Bhat,ridge,0.05078125,4.0452189445495605
Sahil_Krishna_Bhat,ridge,0.05859375,4.0410637855529785
Sahil_Krishna_Bhat,ridge,0.06640625,4.037081241607666
Sahil_Krishna_Bhat,ridge,0.07421875,4.033331871032715
Sahil_Krishna_Bhat,ridge,0.08203125,4.029841899871826
Sahil_Krishna_Bhat,ridge,0.08984375,4.026611328125
Sahil_Krishna_Bhat,ridge,0.09765625,4.023701190948486
Sahil_Krishna_Bhat,ridge,0.10546875,4.021212100982666
Sahil_Krishna_Bhat,ridge,0.11328125,4.019251823425293
Sahil_Krishna_Bhat,ridge,0.12109375,4.017909526824951
Sahil_Krishna_Bhat,ridge,0.12890625,4.017254829406738
Sahil_Krishna_Bhat,ridge,0.13671875,4.017330169677734
Sahil_Krishna_Bhat,ridge,0.14453125,4.018161773681641
Sahil_Krishna_Bhat,ridge,0.15234375,4.019720554351807
Sahil_Krishna_Bhat,ridge,0.16015625,4.021918773651123
Sahil_Krishna_Bhat,ridge,0.16796875,4.024661064147949
Sahil_Krishna_Bhat,ridge,0.17578125,4.027792930603027
Sahil_Krishna_Bhat,ridge,0.18359375,4.031179428100586
Sahil_Krishna_Bhat,ridge,0.19140625,4.034736156463623
Sahil_Krishna_Bhat,ridge,0.19921875,4.038395881652832
Sahil_Krishna_Bhat,ridge,0.20703125,4.042072296142578
Sahil_Krishna_Bhat,ridge,0.21484375,4.045717716217041
Sahil_Krishna_Bhat,ridge,0.22265625,4.049342155456543
Sahil_Krishna_Bhat,ridge,0.23046875,4.053081512451172
Sahil_Krishna_Bhat,ridge,0.23828125,4.057234287261963
Sahil_Krishna_Bhat,ridge,0.24609375,4.062074661254883
Sahil_Krishna_Bhat,ridge,0.25390625,4.067881107330322
Sahil_Krishna_Bhat,ridge,0.26171875,4.074911594390869
Sahil_Krishna_Bhat,ridge,0.26953125,4.083275318145752
Sahil_Krishna_Bhat,ridge,0.27734375,4.092968463897705
Sahil_Krishna_Bhat,ridge,0.28515625,4.104074954986572
Sahil_Krishna_Bhat,ridge,0.29296875,4.1166534423828125
Sahil_Krishna_Bhat,ridge,0.30078125,4.130703449249268
Sahil_Krishna_Bhat,ridge,0.30859375,4.146181583404541
Sahil_Krishna_Bhat,ridge,0.31640625,4.163033485412598
Sahil_Krishna_Bhat,ridge,0.32421875,4.181112289428711
Sahil_Krishna_Bhat,ridge,0.33203125,4.200045585632324
Sahil_Krishna_Bhat,ridge,0.33984375,4.2194013595581055
Sahil_Krishna_Bhat,ridge,0.34765625,4.23848819732666
Sahil_Krishna_Bhat,ridge,0.35546875,4.25605583190918
Sahil_Krishna_Bhat,ridge,0.36328125,4.270686149597168
Sahil_Krishna_Bhat,ridge,0.37109375,4.280411720275879
Sahil_Krishna_Bhat,ridge,0.37890625,4.282648086547852
Sahil_Krishna_Bhat,ridge,0.38671875,4.274324893951416
Sahil_Krishna_Bhat,ridge,0.39453125,4.25197172164917
Sahil_Krishna_Bhat,ridge,0.40234375,4.212072849273682
Sahil_Krishna_Bhat,ridge,0.41015625,4.151862144470215
Sahil_Krishna_Bhat,ridge,0.41796875,4.070194244384766
Sahil_Krishna_Bhat,ridge,0.42578125,3.967725992202759
Sahil_Krishna_Bhat,ridge,0.43359375,3.846303939819336
Sahil_Krishna_Bhat,ridge,0.44140625,3.7084786891937256
Sahil_Krishna_Bhat,ridge,0.44921875,3.5575850009918213
Sahil_Krishna_Bhat,ridge,0.45703125,3.3979127407073975
Sahil_Krishna_Bhat,ridge,0.46484375,3.2343664169311523
Sahil_Krishna_Bhat,ridge,0.47265625,3.0714941024780273
Sahil_Krishna_Bhat,ridge,0.48046875,2.9129891395568848
Sahil_Krishna_Bhat,ridge,0.48828125,2.7621588706970215
Sahil_Krishna_Bhat,ridge,0.49609375,2.622180461883545
Sahil_Krishna_Bhat,ridge,0.50390625,2.4956624507904053
Sahil_Krishna_Bhat,ridge,0.51171875,2.384171724319458
Sahil_Krishna_Bhat,ridge,0.51953125,2.288107395172119
Sahil_Krishna_Bhat,ridge,0.52734375,2.206796169281006
Sahil_Krishna_Bhat,ridge,0.53515625,2.13858699798584
Sahil_Krishna_Bhat,ridge,0.54296875,2.0809621810913086
Sahil_Krishna_Bhat,ridge,0.55078125,2.0308837890625
Sahil_Krishna_Bhat,ridge,0.55859375,1.985452651977539
Sahil_Krishna_Bhat,ridge,0.56640625,1.9423909187316895
Sahil_Krishna_Bhat,ridge,0.57421875,1.9000483751296997
Sahil_Krishna_Bhat,ridge,0.58203125,1.8573721647262573
Sahil_Krishna_Bhat,ridge,0.58984375,1.8141498565673828
Sahil_Krishna_Bhat,ridge,0.59765625,1.771012306213379
Sahil_Krishna_Bhat,ridge,0.60546875,1.7286005020141602
Sahil_Krishna_Bhat,ridge,0.61328125,1.6863667964935303
Sahil_Krishna_Bhat,ridge,0.62109375,1.6429307460784912
Sahil_Krishna_Bhat,ridge,0.62890625,1.5978150367736816
Sahil_Krishna_Bhat,ridge,0.63671875,1.5508108139038086
Sahil_Krishna_Bhat,ridge,0.64453125,1.5017492771148682
Sahil_Krishna_Bhat,ridge,0.65234375,1.4508178234100342
Sahil_Krishna_Bhat,ridge,0.66015625,1.398513913154602
Sahil_Krishna_Bhat,ridge,0.66796875,1.34605073928833
Sahil_Krishna_Bhat,ridge,0.67578125,1.2950153350830078
Sahil_Krishna_Bhat,ridge,0.68359375,1.2463102340698242
Sahil_Krishna_Bhat,ridge,0.69140625,1.2002164125442505
Sahil_Krishna_Bhat,ridge,0.69921875,1.156761884689331
Sahil_Krishna_Bhat,ridge,0.70703125,1.1158406734466553
Sahil_Krishna_Bhat,ridge,0.71484375,1.0772711038589478
Sahil_Krishna_Bhat,ridge,0.72265625,1.0408742427825928
Sahil_Krishna_Bhat,ridge,0.73046875,1.0065269470214844
Sahil_Krishna_Bhat,ridge,0.73828125,0.9741723537445068
Sahil_Krishna_Bhat,ridge,0.74609375,0.9438526034355164
Sahil_Krishna_Bhat,ridge,0.75390625,0.9158281683921814
Sahil_Krishna_Bhat,ridge,0.76171875,0.8906428217887878
Sahil_Krishna_Bhat,ridge,0.76953125,0.8689697980880737
Sahil_Krishna_Bhat,ridge,0.77734375,0.8513038754463196
Sahil_Krishna_Bhat,ridge,0.78515625,0.8378168344497681
Sahil_Krishna_Bhat,ridge,0.79296875,0.8284416198730469
Sahil_Krishna_Bhat,ridge,0.80078125,0.8230566382408142
Sahil_Krishna_Bhat,ridge,0.80859375,0.8215494155883789
Sahil_Krishna_Bhat,ridge,0.81640625,0.8237104415893555
Sahil_Krishna_Bhat,ridge,0.82421875,0.8291200995445251
Sahil_Krishna_Bhat,ridge,0.83203125,0.8371579647064209
Sahil_Krishna_Bhat,ridge,0.83984375,0.8471825122833252
Sahil_Krishna_Bhat,ridge,0.84765625,0.8587591648101807
Sahil_Krishna_Bhat,ridge,0.85546875,0.871369481086731
Sahil_Krishna_Bhat,ridge,0.86328125,0.8839176893234253
Sahil_Krishna_Bhat,ridge,0.87109375,0.8953654766082764
Sahil_Krishna_Bhat,ridge,0.87890625,0.9059388637542725
Sahil_Krishna_Bhat,ridge,0.88671875,0.9172233939170837
Sahil_Krishna_Bhat,ridge,0.89453125,0.9300607442855835
Sahil_Krishna_Bhat,ridge,0.90234375,0.9446534514427185
Sahil_Krishna_Bhat,ridge,0.91015625,0.9616236686706543
Sahil_Krishna_Bhat,ridge,0.91796875,0.981311023235321
Sahil_Krishna_Bhat,ridge,0.92578125,1.002755880355835
Sahil_Krishna_Bhat,ridge,0.93359375,1.0240398645401
Sahil_Krishna_Bhat,ridge,0.94140625,1.0428470373153687
Sahil_Krishna_Bhat,ridge,0.94921875,1.0600101947784424
Sahil_Krishna_Bhat,ridge,0.95703125,1.0779083967208862
Sahil_Krishna_Bhat,ridge,0.96484375,1.0967741012573242
Sahil_Krishna_Bhat,ridge,0.97265625,1.115437626838684
Sahil_Krishna_Bhat,ridge,0.98046875,1.1348168849945068
Sahil_Krishna_Bhat,ridge,0.98828125,1.1445773839950562
Sahil_Krishna_Bhat,ridge,0.99609375,1.1432782411575317
Sahil_Krishna_Bhat,ridge,1.0,1.1397446393966675
Sahil_Krishna_Bhat,enet,0.0,-0.35580581426620483
Sahil_Krishna_Bhat,enet,0.00390625,-0.35620206594467163
Sahil_Krishna_Bhat,enet,0.01171875,-0.3572598993778229
Sahil_Krishna_Bhat,enet,0.01953125,-0.35851311683654785
Sahil_Krishna_Bhat,enet,0.02734375,-0.3597104251384735
Sahil_Krishna_Bhat,enet,0.03515625,-0.3607306480407715
Sahil_Krishna_Bhat,enet,0.04296875,-0.3615554869174957
Sahil_Krishna_Bhat,enet,0.05078125,-0.36224937438964844
Sahil_Krishna_Bhat,enet,0.05859375,-0.36278268694877625
Sahil_Krishna_Bhat,enet,0.06640625,-0.36303040385246277
Sahil_Krishna_Bhat,enet,0.07421875,-0.36283186078071594
Sahil_Krishna_Bhat,enet,0.08203125,-0.36200907826423645
Sahil_Krishna_Bhat,enet,0.08984375,-0.3603955805301666
Sahil_Krishna_Bhat,enet,0.09765625,-0.3577842712402344
Sahil_Krishna_Bhat,enet,0.10546875,-0.35396063327789307
Sahil_Krishna_Bhat,enet,0.11328125,-0.34872010350227356
Sahil_Krishna_Bhat,enet,0.12109375,-0.34191176295280457
Sahil_Krishna_Bhat,enet,0.12890625,-0.333401620388031
Sahil_Krishna_Bhat,enet,0.13671875,-0.3230588138103485
Sahil_Krishna_Bhat,enet,0.14453125,-0.3107910454273224
Sahil_Krishna_Bhat,enet,0.15234375,-0.2965846657752991
Sahil_Krishna_Bhat,enet,0.16015625,-0.28051063418388367
Sahil_Krishna_Bhat,enet,0.16796875,-0.26265963912010193
Sahil_Krishna_Bhat,enet,0.17578125,-0.2431790828704834
Sahil_Krishna_Bhat,enet,0.18359375,-0.22220787405967712
Sahil_Krishna_Bhat,enet,0.19140625,-0.19982510805130005
Sahil_Krishna_Bhat,enet,0.19921875,-0.17608609795570374
Sahil_Krishna_Bhat,enet,0.20703125,-0.15100803971290588
Sahil_Krishna_Bhat,enet,0.21484375,-0.12454307079315186
Sahil_Krishna_Bhat,enet,0.22265625,-0.09665945172309875
Sahil_Krishna_Bhat,enet,0.23046875,-0.06729364395141602
Sahil_Krishna_Bhat,enet,0.23828125,-0.036150187253952026
Sahil_Krishna_Bhat,enet,0.24609375,-0.002930879592895508
Sahil_Krishna_Bhat,enet,0.25390625,0.03250826895236969
Sahil_Krishna_Bhat,enet,0.26171875,0.07024610042572021
Sahil_Krishna_Bhat,enet,0.26953125,0.11029783636331558
Sahil_Krishna_Bhat,enet,0.27734375,0.15269604325294495
Sahil_Krishna_Bhat,enet,0.28515625,0.19771993160247803
Sahil_Krishna_Bhat,enet,0.29296875,0.24568969011306763
Sahil_Krishna_Bhat,enet,0.30078125,0.2969711124897003
Sahil_Krishna_Bhat,enet,0.30859375,0.3520634174346924
Sahil_Krishna_Bhat,enet,0.31640625,0.4116329550743103
Sahil_Krishna_Bhat,enet,0.32421875,0.4763760268688202
Sahil_Krishna_Bhat,enet,0.33203125,0.54691082239151
Sahil_Krishna_Bhat,enet,0.33984375,0.6238369941711426
Sahil_Krishna_Bhat,enet,0.34765625,0.7076021432876587
Sahil_Krishna_Bhat,enet,0.35546875,0.7982326745986938
Sahil_Krishna_Bhat,enet,0.36328125,0.8955303430557251
Sahil_Krishna_Bhat,enet,0.37109375,0.9990865588188171
Sahil_Krishna_Bhat,enet,0.37890625,1.108169674873352
Sahil_Krishna_Bhat,enet,0.38671875,1.2214910984039307
Sahil_Krishna_Bhat,enet,0.39453125,1.33669114112854
Sahil_Krishna_Bhat,enet,0.40234375,1.449921727180481
Sahil_Krishna_Bhat,enet,0.41015625,1.556331992149353
Sahil_Krishna_Bhat,enet,0.41796875,1.6515229940414429
Sahil_Krishna_Bhat,enet,0.42578125,1.7324638366699219
Sahil_Krishna_Bhat,enet,0.43359375,1.7971172332763672
Sahil_Krishna_Bhat,enet,0.44140625,1.8436672687530518
Sahil_Krishna_Bhat,enet,0.44921875,1.8701850175857544
Sahil_Krishna_Bhat,enet,0.45703125,1.8754494190216064
Sahil_Krishna_Bhat,enet,0.46484375,1.8605846166610718
Sahil_Krishna_Bhat,enet,0.47265625,1.8291866779327393
Sahil_Krishna_Bhat,enet,0.48046875,1.7859165668487549
Sahil_Krishna_Bhat,enet,0.48828125,1.735072135925293
Sahil_Krishna_Bhat,enet,0.49609375,1.6799440383911133
Sahil_Krishna_Bhat,enet,0.50390625,1.6231504678726196
Sahil_Krishna_Bhat,enet,0.51171875,1.5670993328094482
Sahil_Krishna_Bhat,enet,0.51953125,1.513926386833191
Sahil_Krishna_Bhat,enet,0.52734375,1.4652920961380005
Sahil_Krishna_Bhat,enet,0.53515625,1.4221603870391846
Sahil_Krishna_Bhat,enet,0.54296875,1.3846021890640259
Sahil_Krishna_Bhat,enet,0.55078125,1.3518861532211304
Sahil_Krishna_Bhat,enet,0.55859375,1.3229515552520752
Sahil_Krishna_Bhat,enet,0.56640625,1.2968292236328125
Sahil_Krishna_Bhat,enet,0.57421875,1.2728004455566406
Sahil_Krishna_Bhat,enet,0.58203125,1.2504178285598755
Sahil_Krishna_Bhat,enet,0.58984375,1.2295007705688477
Sahil_Krishna_Bhat,enet,0.59765625,1.2099090814590454
Sahil_Krishna_Bhat,enet,0.60546875,1.1909985542297363
Sahil_Krishna_Bhat,enet,0.61328125,1.1710678339004517
Sahil_Krishna_Bhat,enet,0.62109375,1.1476470232009888
Sahil_Krishna_Bhat,enet,0.62890625,1.1194045543670654
Sahil_Krishna_Bhat,enet,0.63671875,1.0856267213821411
Sahil_Krishna_Bhat,enet,0.64453125,1.0466432571411133
Sahil_Krishna_Bhat,enet,0.65234375,1.0040802955627441
Sahil_Krishna_Bhat,enet,0.66015625,0.9595330357551575
Sahil_Krishna_Bhat,enet,0.66796875,0.9146865010261536
Sahil_Krishna_Bhat,enet,0.67578125,0.8711395859718323
Sahil_Krishna_Bhat,enet,0.68359375,0.8297539353370667
Sahil_Krishna_Bhat,enet,0.69140625,0.7908949255943298
Sahil_Krishna_Bhat,enet,0.69921875,0.7548485994338989
Sahil_Krishna_Bhat,enet,0.70703125,0.7217860221862793
Sahil_Krishna_Bhat,enet,0.71484375,0.6916147470474243
Sahil_Krishna_Bhat,enet,0.72265625,0.6639761924743652
Sahil_Krishna_Bhat,enet,0.73046875,0.6384104490280151
Sahil_Krishna_Bhat,enet,0.73828125,0.6145486831665039
Sahil_Krishna_Bhat,enet,0.74609375,0.592262864112854
Sahil_Krishna_Bhat,enet,0.75390625,0.5717893242835999
Sahil_Krishna_Bhat,enet,0.76171875,0.5537909865379333
Sahil_Krishna_Bhat,enet,0.76953125,0.5392157435417175
Sahil_Krishna_Bhat,enet,0.77734375,0.5289221405982971
Sahil_Krishna_Bhat,enet,0.78515625,0.5233688354492188
Sahil_Krishna_Bhat,enet,0.79296875,0.5225449800491333
Sahil_Krishna_Bhat,enet,0.80078125,0.5260586738586426
Sahil_Krishna_Bhat,enet,0.80859375,0.5332140326499939
Sahil_Krishna_Bhat,enet,0.81640625,0.5430982112884521
Sahil_Krishna_Bhat,enet,0.82421875,0.5547386407852173
Sahil_Krishna_Bhat,enet,0.83203125,0.5672115683555603
Sahil_Krishna_Bhat,enet,0.83984375,0.5796397924423218
Sahil_Krishna_Bhat,enet,0.84765625,0.5912301540374756
Sahil_Krishna_Bhat,enet,0.85546875,0.6016376614570618
Sahil_Krishna_Bhat,enet,0.86328125,0.6112585663795471
Sahil_Krishna_Bhat,enet,0.87109375,0.6202806830406189
Sahil_Krishna_Bhat,enet,0.87890625,0.6281237602233887
Sahil_Krishna_Bhat,enet,0.88671875,0.6344203352928162
Sahil_Krishna_Bhat,enet,0.89453125,0.6394604444503784
Sahil_Krishna_Bhat,enet,0.90234375,0.6438708901405334
Sahil_Krishna_Bhat,enet,0.91015625,0.648493766784668
Sahil_Krishna_Bhat,enet,0.91796875,0.6539127826690674
Sahil_Krishna_Bhat,enet,0.92578125,0.6599860191345215
Sahil_Krishna_Bhat,enet,0.93359375,0.6655175685882568
Sahil_Krishna_Bhat,enet,0.94140625,0.6684681177139282
Sahil_Krishna_Bhat,enet,0.94921875,0.6693393588066101
Sahil_Krishna_Bhat,enet,0.95703125,0.669891893863678
Sahil_Krishna_Bhat,enet,0.96484375,0.6693475246429443
Sahil_Krishna_Bhat,enet,0.97265625,0.6690060496330261
Sahil_Krishna_Bhat,enet,0.98046875,0.6769891977310181
Sahil_Krishna_Bhat,enet,0.98828125,0.6921694874763489
Sahil_Krishna_Bhat,enet,0.99609375,0.7056381702423096
Sahil_Krishna_Bhat,enet,1.0,0.7119796872138977
Shangdong_Bill_Kang,ridge,0.0,3.9600980281829834
Shangdong_Bill_Kang,ridge,0.00390625,3.9588441848754883
Shangdong_Bill_Kang,ridge,0.01171875,3.9564552307128906
Shangdong_Bill_Kang,ridge,0.01953125,3.9542388916015625
Shangdong_Bill_Kang,ridge,0.02734375,3.9521942138671875
Shangdong_Bill_Kang,ridge,0.03515625,3.950201988220215
Shangdong_Bill_Kang,ridge,0.04296875,3.9482593536376953
Shangdong_Bill_Kang,ridge,0.05078125,3.9464609622955322
Shangdong_Bill_Kang,ridge,0.05859375,3.9449119567871094
Shangdong_Bill_Kang,ridge,0.06640625,3.94376277923584
Shangdong_Bill_Kang,ridge,0.07421875,3.943117618560791
Shangdong_Bill_Kang,ridge,0.08203125,3.94307804107666
Shangdong_Bill_Kang,ridge,0.08984375,3.9436845779418945
Shangdong_Bill_Kang,ridge,0.09765625,3.94490647315979
Shangdong_Bill_Kang,ridge,0.10546875,3.9466800689697266
Shangdong_Bill_Kang,ridge,0.11328125,3.948749542236328
Shangdong_Bill_Kang,ridge,0.12109375,3.9508581161499023
Shangdong_Bill_Kang,ridge,0.12890625,3.953094005584717
Shangdong_Bill_Kang,ridge,0.13671875,3.9552626609802246
Shangdong_Bill_Kang,ridge,0.14453125,3.9568305015563965
Shangdong_Bill_Kang,ridge,0.15234375,3.957213878631592
Shangdong_Bill_Kang,ridge,0.16015625,3.9558327198028564
Shangdong_Bill_Kang,ridge,0.16796875,3.9521846771240234
Shangdong_Bill_Kang,ridge,0.17578125,3.9459071159362793
Shangdong_Bill_Kang,ridge,0.18359375,3.9367454051971436
Shangdong_Bill_Kang,ridge,0.19140625,3.924442768096924
Shangdong_Bill_Kang,ridge,0.19921875,3.908977746963501
Shangdong_Bill_Kang,ridge,0.20703125,3.8904922008514404
Shangdong_Bill_Kang,ridge,0.21484375,3.8690052032470703
Shangdong_Bill_Kang,ridge,0.22265625,3.84458327293396
Shangdong_Bill_Kang,ridge,0.23046875,3.8173909187316895
Shangdong_Bill_Kang,ridge,0.23828125,3.787599563598633
Shangdong_Bill_Kang,ridge,0.24609375,3.7554209232330322
Shangdong_Bill_Kang,ridge,0.25390625,3.72116756439209
Shangdong_Bill_Kang,ridge,0.26171875,3.685234308242798
Shangdong_Bill_Kang,ridge,0.26953125,3.648106098175049
Shangdong_Bill_Kang,ridge,0.27734375,3.610402822494507
Shangdong_Bill_Kang,ridge,0.28515625,3.5728392601013184
Shangdong_Bill_Kang,ridge,0.29296875,3.5358986854553223
Shangdong_Bill_Kang,ridge,0.30078125,3.4997715950012207
Shangdong_Bill_Kang,ridge,0.30859375,3.4643211364746094
Shangdong_Bill_Kang,ridge,0.31640625,3.429044723510742
Shangdong_Bill_Kang,ridge,0.32421875,3.3932700157165527
Shangdong_Bill_Kang,ridge,0.33203125,3.356367588043213
Shangdong_Bill_Kang,ridge,0.33984375,3.3177146911621094
Shangdong_Bill_Kang,ridge,0.34765625,3.2764182090759277
Shangdong_Bill_Kang,ridge,0.35546875,3.2311527729034424
Shangdong_Bill_Kang,ridge,0.36328125,3.1802849769592285
Shangdong_Bill_Kang,ridge,0.37109375,3.1220293045043945
Shangdong_Bill_Kang,ridge,0.37890625,3.0547375679016113
Shangdong_Bill_Kang,ridge,0.38671875,2.977079391479492
Shangdong_Bill_Kang,ridge,0.39453125,2.8883461952209473
Shangdong_Bill_Kang,ridge,0.40234375,2.7886791229248047
Shangdong_Bill_Kang,ridge,0.41015625,2.67895770072937
Shangdong_Bill_Kang,ridge,0.41796875,2.5604095458984375
Shangdong_Bill_Kang,ridge,0.42578125,2.434126853942871
Shangdong_Bill_Kang,ridge,0.43359375,2.300502061843872
Shangdong_Bill_Kang,ridge,0.44140625,2.1596808433532715
Shangdong_Bill_Kang,ridge,0.44921875,2.013056516647339
Shangdong_Bill_Kang,ridge,0.45703125,1.8643994331359863
Shangdong_Bill_Kang,ridge,0.46484375,1.7189364433288574
Shangdong_Bill_Kang,ridge,0.47265625,1.5802714824676514
Shangdong_Bill_Kang,ridge,0.48046875,1.4490745067596436
Shangdong_Bill_Kang,ridge,0.48828125,1.3259459733963013
Shangdong_Bill_Kang,ridge,0.49609375,1.2109284400939941
Shangdong_Bill_Kang,ridge,0.50390625,1.1032060384750366
Shangdong_Bill_Kang,ridge,0.51171875,1.0019605159759521
Shangdong_Bill_Kang,ridge,0.51953125,0.9068381786346436
Shangdong_Bill_Kang,ridge,0.52734375,0.8179949522018433
Shangdong_Bill_Kang,ridge,0.53515625,0.7359431982040405
Shangdong_Bill_Kang,ridge,0.54296875,0.6612230539321899
Shangdong_Bill_Kang,ridge,0.55078125,0.5940713882446289
Shangdong_Bill_Kang,ridge,0.55859375,0.5342556834220886
Shangdong_Bill_Kang,ridge,0.56640625,0.4811493754386902
Shangdong_Bill_Kang,ridge,0.57421875,0.4340127110481262
Shangdong_Bill_Kang,ridge,0.58203125,0.39177078008651733
Shangdong_Bill_Kang,ridge,0.58984375,0.3529317378997803
Shangdong_Bill_Kang,ridge,0.59765625,0.3161934018135071
Shangdong_Bill_Kang,ridge,0.60546875,0.2809756398200989
Shangdong_Bill_Kang,ridge,0.61328125,0.24730533361434937
Shangdong_Bill_Kang,ridge,0.62109375,0.2154267579317093
Shangdong_Bill_Kang,ridge,0.62890625,0.18568572402000427
Shangdong_Bill_Kang,ridge,0.63671875,0.15859830379486084
Shangdong_Bill_Kang,ridge,0.64453125,0.13467298448085785
Shangdong_Bill_Kang,ridge,0.65234375,0.11418341100215912
Shangdong_Bill_Kang,ridge,0.66015625,0.09709803760051727
Shangdong_Bill_Kang,ridge,0.66796875,0.08319330215454102
Shangdong_Bill_Kang,ridge,0.67578125,0.07225336134433746
Shangdong_Bill_Kang,ridge,0.68359375,0.06390871107578278
Shangdong_Bill_Kang,ridge,0.69140625,0.05742795765399933
Shangdong_Bill_Kang,ridge,0.69921875,0.05244313180446625
Shangdong_Bill_Kang,ridge,0.70703125,0.04864874482154846
Shangdong_Bill_Kang,ridge,0.71484375,0.04625615477561951
Shangdong_Bill_Kang,ridge,0.72265625,0.04567745327949524
Shangdong_Bill_Kang,ridge,0.73046875,0.04674971103668213
Shangdong_Bill_Kang,ridge,0.73828125,0.048588305711746216
Shangdong_Bill_Kang,ridge,0.74609375,0.04992784559726715
Shangdong_Bill_Kang,ridge,0.75390625,0.049565836787223816
Shangdong_Bill_Kang,ridge,0.76171875,0.04668578505516052
Shangdong_Bill_Kang,ridge,0.76953125,0.04098367691040039
Shangdong_Bill_Kang,ridge,0.77734375,0.032636985182762146
Shangdong_Bill_Kang,ridge,0.78515625,0.022073611617088318
Shangdong_Bill_Kang,ridge,0.79296875,0.009703099727630615
Shangdong_Bill_Kang,ridge,0.80078125,-0.004117004573345184
Shangdong_Bill_Kang,ridge,0.80859375,-0.019297339022159576
Shangdong_Bill_Kang,ridge,0.81640625,-0.03625708073377609
Shangdong_Bill_Kang,ridge,0.82421875,-0.05550248920917511
Shangdong_Bill_Kang,ridge,0.83203125,-0.0773247480392456
Shangdong_Bill_Kang,ridge,0.83984375,-0.10180917382240295
Shangdong_Bill_Kang,ridge,0.84765625,-0.1287025809288025
Shangdong_Bill_Kang,ridge,0.85546875,-0.15743443369865417
Shangdong_Bill_Kang,ridge,0.86328125,-0.18770942091941833
Shangdong_Bill_Kang,ridge,0.87109375,-0.21996048092842102
Shangdong_Bill_Kang,ridge,0.87890625,-0.2528187334537506
Shangdong_Bill_Kang,ridge,0.88671875,-0.2840645909309387
Shangdong_Bill_Kang,ridge,0.89453125,-0.31445416808128357
Shangdong_Bill_Kang,ridge,0.90234375,-0.3451767861843109
Shangdong_Bill_Kang,ridge,0.91015625,-0.37628334760665894
Shangdong_Bill_Kang,ridge,0.91796875,-0.4068264365196228
Shangdong_Bill_Kang,ridge,0.92578125,-0.4361848831176758
Shangdong_Bill_Kang,ridge,0.93359375,-0.461330384016037
Shangdong_Bill_Kang,ridge,0.94140625,-0.478309690952301
Shangdong_Bill_Kang,ridge,0.94921875,-0.48487043380737305
Shangdong_Bill_Kang,ridge,0.95703125,-0.4804345965385437
Shangdong_Bill_Kang,ridge,0.96484375,-0.4683029353618622
Shangdong_Bill_Kang,ridge,0.97265625,-0.4530942440032959
Shangdong_Bill_Kang,ridge,0.98046875,-0.4397650957107544
Shangdong_Bill_Kang,ridge,0.98828125,-0.43329134583473206
Shangdong_Bill_Kang,ridge,0.99609375,-0.4330347776412964
Shangdong_Bill_Kang,ridge,1.0,-0.4332941770553589
Shangdong_Bill_Kang,enet,0.0,-1.4091724157333374
Shangdong_Bill_Kang,enet,0.00390625,-1.4098867177963257
Shangdong_Bill_Kang,enet,0.01171875,-1.4112554788589478
Shangdong_Bill_Kang,enet,0.01953125,-1.4124796390533447
Shangdong_Bill_Kang,enet,0.02734375,-1.4135864973068237
Shangdong_Bill_Kang,enet,0.03515625,-1.4147095680236816
Shangdong_Bill_Kang,enet,0.04296875,-1.4158779382705688
Shangdong_Bill_Kang,enet,0.05078125,-1.4169167280197144
Shangdong_Bill_Kang,enet,0.05859375,-1.4175589084625244
Shangdong_Bill_Kang,enet,0.06640625,-1.417504072189331
Shangdong_Bill_Kang,enet,0.07421875,-1.4164477586746216
Shangdong_Bill_Kang,enet,0.08203125,-1.4140456914901733
Shangdong_Bill_Kang,enet,0.08984375,-1.4099678993225098
Shangdong_Bill_Kang,enet,0.09765625,-1.4040218591690063
Shangdong_Bill_Kang,enet,0.10546875,-1.396232008934021
Shangdong_Bill_Kang,enet,0.11328125,-1.3868014812469482
Shangdong_Bill_Kang,enet,0.12109375,-1.376259684562683
Shangdong_Bill_Kang,enet,0.12890625,-1.3648624420166016
Shangdong_Bill_Kang,enet,0.13671875,-1.3527940511703491
Shangdong_Bill_Kang,enet,0.14453125,-1.3404734134674072
Shangdong_Bill_Kang,enet,0.15234375,-1.3282710313796997
Shangdong_Bill_Kang,enet,0.16015625,-1.316510558128357
Shangdong_Bill_Kang,enet,0.16796875,-1.3054841756820679
Shangdong_Bill_Kang,enet,0.17578125,-1.2954442501068115
Shangdong_Bill_Kang,enet,0.18359375,-1.28665292263031
Shangdong_Bill_Kang,enet,0.19140625,-1.279309868812561
Shangdong_Bill_Kang,enet,0.19921875,-1.2736124992370605
Shangdong_Bill_Kang,enet,0.20703125,-1.2698383331298828
Shangdong_Bill_Kang,enet,0.21484375,-1.2683582305908203
Shangdong_Bill_Kang,enet,0.22265625,-1.2694907188415527
Shangdong_Bill_Kang,enet,0.23046875,-1.2733854055404663
Shangdong_Bill_Kang,enet,0.23828125,-1.2800266742706299
Shangdong_Bill_Kang,enet,0.24609375,-1.2894623279571533
Shangdong_Bill_Kang,enet,0.25390625,-1.3016797304153442
Shangdong_Bill_Kang,enet,0.26171875,-1.3164145946502686
Shangdong_Bill_Kang,enet,0.26953125,-1.3330377340316772
Shangdong_Bill_Kang,enet,0.27734375,-1.350372314453125
Shangdong_Bill_Kang,enet,0.28515625,-1.366673469543457
Shangdong_Bill_Kang,enet,0.29296875,-1.379762053489685
Shangdong_Bill_Kang,enet,0.30078125,-1.386964201927185
Shangdong_Bill_Kang,enet,0.30859375,-1.3851715326309204
Shangdong_Bill_Kang,enet,0.31640625,-1.3710715770721436
Shangdong_Bill_Kang,enet,0.32421875,-1.3414947986602783
Shangdong_Bill_Kang,enet,0.33203125,-1.2940621376037598
Shangdong_Bill_Kang,enet,0.33984375,-1.2279212474822998
Shangdong_Bill_Kang,enet,0.34765625,-1.1442662477493286
Shangdong_Bill_Kang,enet,0.35546875,-1.0461626052856445
Shangdong_Bill_Kang,enet,0.36328125,-0.9377497434616089
Shangdong_Bill_Kang,enet,0.37109375,-0.8234246373176575
Shangdong_Bill_Kang,enet,0.37890625,-0.707105278968811
Shangdong_Bill_Kang,enet,0.38671875,-0.5918264389038086
Shangdong_Bill_Kang,enet,0.39453125,-0.4794725775718689
Shangdong_Bill_Kang,enet,0.40234375,-0.37077653408050537
Shangdong_Bill_Kang,enet,0.41015625,-0.26555073261260986
Shangdong_Bill_Kang,enet,0.41796875,-0.1631080061197281
Shangdong_Bill_Kang,enet,0.42578125,-0.06294390559196472
Shangdong_Bill_Kang,enet,0.43359375,0.03465528413653374
Shangdong_Bill_Kang,enet,0.44140625,0.1290045827627182
Shangdong_Bill_Kang,enet,0.44921875,0.22022034227848053
Shangdong_Bill_Kang,enet,0.45703125,0.30985450744628906
Shangdong_Bill_Kang,enet,0.46484375,0.39994972944259644
Shangdong_Bill_Kang,enet,0.47265625,0.49034467339515686
Shangdong_Bill_Kang,enet,0.48046875,0.5771917104721069
Shangdong_Bill_Kang,enet,0.48828125,0.6562135219573975
Shangdong_Bill_Kang,enet,0.49609375,0.7237910032272339
Shangdong_Bill_Kang,enet,0.50390625,0.7771673798561096
Shangdong_Bill_Kang,enet,0.51171875,0.8151407241821289
Shangdong_Bill_Kang,enet,0.51953125,0.8381434679031372
Shangdong_Bill_Kang,enet,0.52734375,0.8473389148712158
Shangdong_Bill_Kang,enet,0.53515625,0.8440800905227661
Shangdong_Bill_Kang,enet,0.54296875,0.8301734924316406
Shangdong_Bill_Kang,enet,0.55078125,0.8082283735275269
Shangdong_Bill_Kang,enet,0.55859375,0.7808933258056641
Shangdong_Bill_Kang,enet,0.56640625,0.7499833703041077
Shangdong_Bill_Kang,enet,0.57421875,0.7169357538223267
Shangdong_Bill_Kang,enet,0.58203125,0.6829676628112793
Shangdong_Bill_Kang,enet,0.58984375,0.6487001180648804
Shangdong_Bill_Kang,enet,0.59765625,0.61436927318573
Shangdong_Bill_Kang,enet,0.60546875,0.5802676677703857
Shangdong_Bill_Kang,enet,0.61328125,0.5466189980506897
Shangdong_Bill_Kang,enet,0.62109375,0.5132555961608887
Shangdong_Bill_Kang,enet,0.62890625,0.47983479499816895
Shangdong_Bill_Kang,enet,0.63671875,0.4462650418281555
Shangdong_Bill_Kang,enet,0.64453125,0.41260063648223877
Shangdong_Bill_Kang,enet,0.65234375,0.37884196639060974
Shangdong_Bill_Kang,enet,0.66015625,0.3450218439102173
Shangdong_Bill_Kang,enet,0.66796875,0.31147468090057373
Shangdong_Bill_Kang,enet,0.67578125,0.2789679169654846
Shangdong_Bill_Kang,enet,0.68359375,0.24841398000717163
Shangdong_Bill_Kang,enet,0.69140625,0.21985088288784027
Shangdong_Bill_Kang,enet,0.69921875,0.19277743995189667
Shangdong_Bill_Kang,enet,0.70703125,0.16671180725097656
Shangdong_Bill_Kang,enet,0.71484375,0.14186164736747742
Shangdong_Bill_Kang,enet,0.72265625,0.1189945787191391
Shangdong_Bill_Kang,enet,0.73046875,0.09866882115602493
Shangdong_Bill_Kang,enet,0.73828125,0.08061335980892181
Shangdong_Bill_Kang,enet,0.74609375,0.06401675939559937
Shangdong_Bill_Kang,enet,0.75390625,0.048250917345285416
Shangdong_Bill_Kang,enet,0.76171875,0.03304460272192955
Shangdong_Bill_Kang,enet,0.76953125,0.018242182210087776
Shangdong_Bill_Kang,enet,0.77734375,0.0034590400755405426
Shangdong_Bill_Kang,enet,0.78515625,-0.01180674135684967
Shangdong_Bill_Kang,enet,0.79296875,-0.027609825134277344
Shangdong_Bill_Kang,enet,0.80078125,-0.04370324686169624
Shangdong_Bill_Kang,enet,0.80859375,-0.060232438147068024
Shangdong_Bill_Kang,enet,0.81640625,-0.07746946811676025
Shangdong_Bill_Kang,enet,0.82421875,-0.09592768549919128
Shangdong_Bill_Kang,enet,0.83203125,-0.11649946868419647
Shangdong_Bill_Kang,enet,0.83984375,-0.14068730175495148
Shangdong_Bill_Kang,enet,0.84765625,-0.1693808138370514
Shangdong_Bill_Kang,enet,0.85546875,-0.20120102167129517
Shangdong_Bill_Kang,enet,0.86328125,-0.23604553937911987
Shangdong_Bill_Kang,enet,0.87109375,-0.27388548851013184
Shangdong_Bill_Kang,enet,0.87890625,-0.31149065494537354
Shangdong_Bill_Kang,enet,0.88671875,-0.3457717299461365
Shangdong_Bill_Kang,enet,0.89453125,-0.3781363070011139
Shangdong_Bill_Kang,enet,0.90234375,-0.4085036814212799
Shangdong_Bill_Kang,enet,0.91015625,-0.4358936548233032
Shangdong_Bill_Kang,enet,0.91796875,-0.4597071409225464
Shangdong_Bill_Kang,enet,0.92578125,-0.47964221239089966
Shangdong_Bill_Kang,enet,0.93359375,-0.4956740736961365
Shangdong_Bill_Kang,enet,0.94140625,-0.5066534876823425
Shangdong_Bill_Kang,enet,0.94921875,-0.5060676336288452
Shangdong_Bill_Kang,enet,0.95703125,-0.49479928612709045
Shangdong_Bill_Kang,enet,0.96484375,-0.47828835248947144
Shangdong_Bill_Kang,enet,0.97265625,-0.4609987139701843
Shangdong_Bill_Kang,enet,0.98046875,-0.4452652335166931
Shangdong_Bill_Kang,enet,0.98828125,-0.43263518810272217
Shangdong_Bill_Kang,enet,0.99609375,-0.42741596698760986
Shangdong_Bill_Kang,enet,1.0,-0.4268658757209778
Shannon_Samuel_Palley,ridge,0.0,4.213335037231445
Shannon_Samuel_Palley,ridge,0.00390625,4.211640357971191
Shannon_Samuel_Palley,ridge,0.01171875,4.208127975463867
Shannon_Samuel_Palley,ridge,0.01953125,4.204378604888916
Shannon_Samuel_Palley,ridge,0.02734375,4.200738906860352
Shannon_Samuel_Palley,ridge,0.03515625,4.197195529937744
Shannon_Samuel_Palley,ridge,0.04296875,4.193563461303711
Shannon_Samuel_Palley,ridge,0.05078125,4.189708709716797
Shannon_Samuel_Palley,ridge,0.05859375,4.185359477996826
Shannon_Samuel_Palley,ridge,0.06640625,4.180295944213867
Shannon_Samuel_Palley,ridge,0.07421875,4.174525260925293
Shannon_Samuel_Palley,ridge,0.08203125,4.168108940124512
Shannon_Samuel_Palley,ridge,0.08984375,4.1610798835754395
Shannon_Samuel_Palley,ridge,0.09765625,4.153382301330566
Shannon_Samuel_Palley,ridge,0.10546875,4.1449127197265625
Shannon_Samuel_Palley,ridge,0.11328125,4.1356377601623535
Shannon_Samuel_Palley,ridge,0.12109375,4.125546932220459
Shannon_Samuel_Palley,ridge,0.12890625,4.114640712738037
Shannon_Samuel_Palley,ridge,0.13671875,4.10292911529541
Shannon_Samuel_Palley,ridge,0.14453125,4.090439319610596
Shannon_Samuel_Palley,ridge,0.15234375,4.077215671539307
Shannon_Samuel_Palley,ridge,0.16015625,4.063299655914307
Shannon_Samuel_Palley,ridge,0.16796875,4.048711776733398
Shannon_Samuel_Palley,ridge,0.17578125,4.033456802368164
Shannon_Samuel_Palley,ridge,0.18359375,4.017458915710449
Shannon_Samuel_Palley,ridge,0.19140625,4.000597953796387
Shannon_Samuel_Palley,ridge,0.19921875,3.9827895164489746
Shannon_Samuel_Palley,ridge,0.20703125,3.963982582092285
Shannon_Samuel_Palley,ridge,0.21484375,3.9441311359405518
Shannon_Samuel_Palley,ridge,0.22265625,3.9232044219970703
Shannon_Samuel_Palley,ridge,0.23046875,3.901179075241089
Shannon_Samuel_Palley,ridge,0.23828125,3.878002405166626
Shannon_Samuel_Palley,ridge,0.24609375,3.8534915447235107
Shannon_Samuel_Palley,ridge,0.25390625,3.827415943145752
Shannon_Samuel_Palley,ridge,0.26171875,3.799659490585327
Shannon_Samuel_Palley,ridge,0.26953125,3.7702627182006836
Shannon_Samuel_Palley,ridge,0.27734375,3.7392971515655518
Shannon_Samuel_Palley,ridge,0.28515625,3.706800937652588
Shannon_Samuel_Palley,ridge,0.29296875,3.6728897094726562
Shannon_Samuel_Palley,ridge,0.30078125,3.6377997398376465
Shannon_Samuel_Palley,ridge,0.30859375,3.6017775535583496
Shannon_Samuel_Palley,ridge,0.31640625,3.5649852752685547
Shannon_Samuel_Palley,ridge,0.32421875,3.5274956226348877
Shannon_Samuel_Palley,ridge,0.33203125,3.4892702102661133
Shannon_Samuel_Palley,ridge,0.33984375,3.4500925540924072
Shannon_Samuel_Palley,ridge,0.34765625,3.4094667434692383
Shannon_Samuel_Palley,ridge,0.35546875,3.3665575981140137
Shannon_Samuel_Palley,ridge,0.36328125,3.320282459259033
Shannon_Samuel_Palley,ridge,0.37109375,3.2693710327148438
Shannon_Samuel_Palley,ridge,0.37890625,3.212358236312866
Shannon_Samuel_Palley,ridge,0.38671875,3.1476125717163086
Shannon_Samuel_Palley,ridge,0.39453125,3.073486804962158
Shannon_Samuel_Palley,ridge,0.40234375,2.988405227661133
Shannon_Samuel_Palley,ridge,0.41015625,2.890794277191162
Shannon_Samuel_Palley,ridge,0.41796875,2.779289484024048
Shannon_Samuel_Palley,ridge,0.42578125,2.65334153175354
Shannon_Samuel_Palley,ridge,0.43359375,2.5137879848480225
Shannon_Samuel_Palley,ridge,0.44140625,2.363161563873291
Shannon_Samuel_Palley,ridge,0.44921875,2.2053303718566895
Shannon_Samuel_Palley,ridge,0.45703125,2.0444908142089844
Shannon_Samuel_Palley,ridge,0.46484375,1.8843339681625366
Shannon_Samuel_Palley,ridge,0.47265625,1.727860927581787
Shannon_Samuel_Palley,ridge,0.48046875,1.5774884223937988
Shannon_Samuel_Palley,ridge,0.48828125,1.434946060180664
Shannon_Samuel_Palley,ridge,0.49609375,1.3010737895965576
Shannon_Samuel_Palley,ridge,0.50390625,1.1760282516479492
Shannon_Samuel_Palley,ridge,0.51171875,1.059877872467041
Shannon_Samuel_Palley,ridge,0.51953125,0.9531576037406921
Shannon_Samuel_Palley,ridge,0.52734375,0.8555909395217896
Shannon_Samuel_Palley,ridge,0.53515625,0.7640330195426941
Shannon_Samuel_Palley,ridge,0.54296875,0.6766746044158936
Shannon_Samuel_Palley,ridge,0.55078125,0.5937385559082031
Shannon_Samuel_Palley,ridge,0.55859375,0.5151393413543701
Shannon_Samuel_Palley,ridge,0.56640625,0.44064319133758545
Shannon_Samuel_Palley,ridge,0.57421875,0.37077057361602783
Shannon_Samuel_Palley,ridge,0.58203125,0.306743860244751
Shannon_Samuel_Palley,ridge,0.58984375,0.24940305948257446
Shannon_Samuel_Palley,ridge,0.59765625,0.1988709270954132
Shannon_Samuel_Palley,ridge,0.60546875,0.15471774339675903
Shannon_Samuel_Palley,ridge,0.61328125,0.11611096560955048
Shannon_Samuel_Palley,ridge,0.62109375,0.08194967359304428
Shannon_Samuel_Palley,ridge,0.62890625,0.05097070336341858
Shannon_Samuel_Palley,ridge,0.63671875,0.021824955940246582
Shannon_Samuel_Palley,ridge,0.64453125,-0.00680454820394516
Shannon_Samuel_Palley,ridge,0.65234375,-0.0359845906496048
Shannon_Samuel_Palley,ridge,0.66015625,-0.06644148379564285
Shannon_Samuel_Palley,ridge,0.66796875,-0.0985877513885498
Shannon_Samuel_Palley,ridge,0.67578125,-0.13235032558441162
Shannon_Samuel_Palley,ridge,0.68359375,-0.16693276166915894
Shannon_Samuel_Palley,ridge,0.69140625,-0.20083484053611755
Shannon_Samuel_Palley,ridge,0.69921875,-0.23210875689983368
Shannon_Samuel_Palley,ridge,0.70703125,-0.2587261199951172
Shannon_Samuel_Palley,ridge,0.71484375,-0.2790324091911316
Shannon_Samuel_Palley,ridge,0.72265625,-0.2921087145805359
Shannon_Samuel_Palley,ridge,0.73046875,-0.29798629879951477
Shannon_Samuel_Palley,ridge,0.73828125,-0.29774418473243713
Shannon_Samuel_Palley,ridge,0.74609375,-0.2929874062538147
Shannon_Samuel_Palley,ridge,0.75390625,-0.28502970933914185
Shannon_Samuel_Palley,ridge,0.76171875,-0.27516964077949524
Shannon_Samuel_Palley,ridge,0.76953125,-0.2647024393081665
Shannon_Samuel_Palley,ridge,0.77734375,-0.25414976477622986
Shannon_Samuel_Palley,ridge,0.78515625,-0.2439282387495041
Shannon_Samuel_Palley,ridge,0.79296875,-0.23446011543273926
Shannon_Samuel_Palley,ridge,0.80078125,-0.22549378871917725
Shannon_Samuel_Palley,ridge,0.80859375,-0.2157328724861145
Shannon_Samuel_Palley,ridge,0.81640625,-0.2042904645204544
Shannon_Samuel_Palley,ridge,0.82421875,-0.1914447546005249
Shannon_Samuel_Palley,ridge,0.83203125,-0.177813321352005
Shannon_Samuel_Palley,ridge,0.83984375,-0.16384842991828918
Shannon_Samuel_Palley,ridge,0.84765625,-0.14993718266487122
Shannon_Samuel_Palley,ridge,0.85546875,-0.1365833580493927
Shannon_Samuel_Palley,ridge,0.86328125,-0.12443803995847702
Shannon_Samuel_Palley,ridge,0.87109375,-0.1143251433968544
Shannon_Samuel_Palley,ridge,0.87890625,-0.10726652294397354
Shannon_Samuel_Palley,ridge,0.88671875,-0.103861503303051
Shannon_Samuel_Palley,ridge,0.89453125,-0.10270057618618011
Shannon_Samuel_Palley,ridge,0.90234375,-0.10262058675289154
Shannon_Samuel_Palley,ridge,0.91015625,-0.10357816517353058
Shannon_Samuel_Palley,ridge,0.91796875,-0.10365374386310577
Shannon_Samuel_Palley,ridge,0.92578125,-0.10019250214099884
Shannon_Samuel_Palley,ridge,0.93359375,-0.09406130015850067
Shannon_Samuel_Palley,ridge,0.94140625,-0.08840063214302063
Shannon_Samuel_Palley,ridge,0.94921875,-0.08475558459758759
Shannon_Samuel_Palley,ridge,0.95703125,-0.08324973285198212
Shannon_Samuel_Palley,ridge,0.96484375,-0.08273135870695114
Shannon_Samuel_Palley,ridge,0.97265625,-0.08211471140384674
Shannon_Samuel_Palley,ridge,0.98046875,-0.08187417685985565
Shannon_Samuel_Palley,ridge,0.98828125,-0.08304202556610107
Shannon_Samuel_Palley,ridge,0.99609375,-0.08642202615737915
Shannon_Samuel_Palley,ridge,1.0,-0.0890040323138237
Shannon_Samuel_Palley,enet,0.0,-0.842185378074646
Shannon_Samuel_Palley,enet,0.00390625,-0.8458292484283447
Shannon_Samuel_Palley,enet,0.01171875,-0.8537282943725586
Shannon_Samuel_Palley,enet,0.01953125,-0.8622726798057556
Shannon_Samuel_Palley,enet,0.02734375,-0.8706920146942139
Shannon_Samuel_Palley,enet,0.03515625,-0.8785964250564575
Shannon_Samuel_Palley,enet,0.04296875,-0.8860023021697998
Shannon_Samuel_Palley,enet,0.05078125,-0.8933703899383545
Shannon_Samuel_Palley,enet,0.05859375,-0.9011216163635254
Shannon_Samuel_Palley,enet,0.06640625,-0.9091178774833679
Shannon_Samuel_Palley,enet,0.07421875,-0.9169707298278809
Shannon_Samuel_Palley,enet,0.08203125,-0.9245054721832275
Shannon_Samuel_Palley,enet,0.08984375,-0.9317340850830078
Shannon_Samuel_Palley,enet,0.09765625,-0.9387292265892029
Shannon_Samuel_Palley,enet,0.10546875,-0.9455163478851318
Shannon_Samuel_Palley,enet,0.11328125,-0.9519830346107483
Shannon_Samuel_Palley,enet,0.12109375,-0.9579597115516663
Shannon_Samuel_Palley,enet,0.12890625,-0.9632738828659058
Shannon_Samuel_Palley,enet,0.13671875,-0.9677675366401672
Shannon_Samuel_Palley,enet,0.14453125,-0.9712682962417603
Shannon_Samuel_Palley,enet,0.15234375,-0.973587155342102
Shannon_Samuel_Palley,enet,0.16015625,-0.9745969772338867
Shannon_Samuel_Palley,enet,0.16796875,-0.9742476940155029
Shannon_Samuel_Palley,enet,0.17578125,-0.972572922706604
Shannon_Samuel_Palley,enet,0.18359375,-0.9697028398513794
Shannon_Samuel_Palley,enet,0.19140625,-0.9658505916595459
Shannon_Samuel_Palley,enet,0.19921875,-0.9612705707550049
Shannon_Samuel_Palley,enet,0.20703125,-0.9562187194824219
Shannon_Samuel_Palley,enet,0.21484375,-0.9509438276290894
Shannon_Samuel_Palley,enet,0.22265625,-0.9456534385681152
Shannon_Samuel_Palley,enet,0.23046875,-0.9405592679977417
Shannon_Samuel_Palley,enet,0.23828125,-0.9359203577041626
Shannon_Samuel_Palley,enet,0.24609375,-0.9320899248123169
Shannon_Samuel_Palley,enet,0.25390625,-0.9294180274009705
Shannon_Samuel_Palley,enet,0.26171875,-0.928168773651123
Shannon_Samuel_Palley,enet,0.26953125,-0.928490936756134
Shannon_Samuel_Palley,enet,0.27734375,-0.9304672479629517
Shannon_Samuel_Palley,enet,0.28515625,-0.9341400861740112
Shannon_Samuel_Palley,enet,0.29296875,-0.9394081234931946
Shannon_Samuel_Palley,enet,0.30078125,-0.945935845375061
Shannon_Samuel_Palley,enet,0.30859375,-0.9531997442245483
Shannon_Samuel_Palley,enet,0.31640625,-0.9606128931045532
Shannon_Samuel_Palley,enet,0.32421875,-0.9676132202148438
Shannon_Samuel_Palley,enet,0.33203125,-0.973656952381134
Shannon_Samuel_Palley,enet,0.33984375,-0.9781979918479919
Shannon_Samuel_Palley,enet,0.34765625,-0.9807235598564148
Shannon_Samuel_Palley,enet,0.35546875,-0.9807058572769165
Shannon_Samuel_Palley,enet,0.36328125,-0.9774495959281921
Shannon_Samuel_Palley,enet,0.37109375,-0.9699697494506836
Shannon_Samuel_Palley,enet,0.37890625,-0.9569797515869141
Shannon_Samuel_Palley,enet,0.38671875,-0.9370331764221191
Shannon_Samuel_Palley,enet,0.39453125,-0.9087684154510498
Shannon_Samuel_Palley,enet,0.40234375,-0.8712894916534424
Shannon_Samuel_Palley,enet,0.41015625,-0.8246937990188599
Shannon_Samuel_Palley,enet,0.41796875,-0.7702282071113586
Shannon_Samuel_Palley,enet,0.42578125,-0.7098331451416016
Shannon_Samuel_Palley,enet,0.43359375,-0.6456917524337769
Shannon_Samuel_Palley,enet,0.44140625,-0.579814076423645
Shannon_Samuel_Palley,enet,0.44921875,-0.5137913227081299
Shannon_Samuel_Palley,enet,0.45703125,-0.44886302947998047
Shannon_Samuel_Palley,enet,0.46484375,-0.3858770728111267
Shannon_Samuel_Palley,enet,0.47265625,-0.32519346475601196
Shannon_Samuel_Palley,enet,0.48046875,-0.26693275570869446
Shannon_Samuel_Palley,enet,0.48828125,-0.21138210594654083
Shannon_Samuel_Palley,enet,0.49609375,-0.15918731689453125
Shannon_Samuel_Palley,enet,0.50390625,-0.11107464134693146
Shannon_Samuel_Palley,enet,0.51171875,-0.06747281551361084
Shannon_Samuel_Palley,enet,0.51953125,-0.028568975627422333
Shannon_Samuel_Palley,enet,0.52734375,0.004260830581188202
Shannon_Samuel_Palley,enet,0.53515625,0.02684023603796959
Shannon_Samuel_Palley,enet,0.54296875,0.03652176260948181
Shannon_Samuel_Palley,enet,0.55078125,0.033194106072187424
Shannon_Samuel_Palley,enet,0.55859375,0.017406538128852844
Shannon_Samuel_Palley,enet,0.56640625,-0.009558722376823425
Shannon_Samuel_Palley,enet,0.57421875,-0.04500935971736908
Shannon_Samuel_Palley,enet,0.58203125,-0.08554251492023468
Shannon_Samuel_Palley,enet,0.58984375,-0.12800286710262299
Shannon_Samuel_Palley,enet,0.59765625,-0.16989834606647491
Shannon_Samuel_Palley,enet,0.60546875,-0.20938818156719208
Shannon_Samuel_Palley,enet,0.61328125,-0.24512164294719696
Shannon_Samuel_Palley,enet,0.62109375,-0.2762562930583954
Shannon_Samuel_Palley,enet,0.62890625,-0.3025657832622528
Shannon_Samuel_Palley,enet,0.63671875,-0.32433339953422546
Shannon_Samuel_Palley,enet,0.64453125,-0.34214499592781067
Shannon_Samuel_Palley,enet,0.65234375,-0.3568476736545563
Shannon_Samuel_Palley,enet,0.66015625,-0.3696947991847992
Shannon_Samuel_Palley,enet,0.66796875,-0.3823246359825134
Shannon_Samuel_Palley,enet,0.67578125,-0.3963194489479065
Shannon_Samuel_Palley,enet,0.68359375,-0.4126144051551819
Shannon_Samuel_Palley,enet,0.69140625,-0.431080162525177
Shannon_Samuel_Palley,enet,0.69921875,-0.45039987564086914
Shannon_Samuel_Palley,enet,0.70703125,-0.46852439641952515
Shannon_Samuel_Palley,enet,0.71484375,-0.48336711525917053
Shannon_Samuel_Palley,enet,0.72265625,-0.4934718906879425
Shannon_Samuel_Palley,enet,0.73046875,-0.49834975600242615
Shannon_Samuel_Palley,enet,0.73828125,-0.49841970205307007
Shannon_Samuel_Palley,enet,0.74609375,-0.4943031370639801
Shannon_Samuel_Palley,enet,0.75390625,-0.48657169938087463
Shannon_Samuel_Palley,enet,0.76171875,-0.4768853187561035
Shannon_Samuel_Palley,enet,0.76953125,-0.46739694476127625
Shannon_Samuel_Palley,enet,0.77734375,-0.4589821398258209
Shannon_Samuel_Palley,enet,0.78515625,-0.45196229219436646
Shannon_Samuel_Palley,enet,0.79296875,-0.44616931676864624
Shannon_Samuel_Palley,enet,0.80078125,-0.440738320350647
Shannon_Samuel_Palley,enet,0.80859375,-0.43483075499534607
Shannon_Samuel_Palley,enet,0.81640625,-0.4279784560203552
Shannon_Samuel_Palley,enet,0.82421875,-0.42017602920532227
Shannon_Samuel_Palley,enet,0.83203125,-0.4118099808692932
Shannon_Samuel_Palley,enet,0.83984375,-0.40336117148399353
Shannon_Samuel_Palley,enet,0.84765625,-0.3953281044960022
Shannon_Samuel_Palley,enet,0.85546875,-0.3884147107601166
Shannon_Samuel_Palley,enet,0.86328125,-0.3836626410484314
Shannon_Samuel_Palley,enet,0.87109375,-0.38226404786109924
Shannon_Samuel_Palley,enet,0.87890625,-0.3849157691001892
Shannon_Samuel_Palley,enet,0.88671875,-0.3914133906364441
Shannon_Samuel_Palley,enet,0.89453125,-0.4012182950973511
Shannon_Samuel_Palley,enet,0.90234375,-0.4118480980396271
Shannon_Samuel_Palley,enet,0.91015625,-0.42193061113357544
Shannon_Samuel_Palley,enet,0.91796875,-0.43013545870780945
Shannon_Samuel_Palley,enet,0.92578125,-0.43503546714782715
Shannon_Samuel_Palley,enet,0.93359375,-0.4373111128807068
Shannon_Samuel_Palley,enet,0.94140625,-0.43846628069877625
Shannon_Samuel_Palley,enet,0.94921875,-0.43945470452308655
Shannon_Samuel_Palley,enet,0.95703125,-0.44031691551208496
Shannon_Samuel_Palley,enet,0.96484375,-0.4407236874103546
Shannon_Samuel_Palley,enet,0.97265625,-0.4409792721271515
Shannon_Samuel_Palley,enet,0.98046875,-0.4419482350349426
Shannon_Samuel_Palley,enet,0.98828125,-0.4441230893135071
Shannon_Samuel_Palley,enet,0.99609375,-0.44784700870513916
Shannon_Samuel_Palley,enet,1.0,-0.45074206590652466
Sipoon_Lance_Kim,ridge,0.0,3.625354051589966
Sipoon_Lance_Kim,ridge,0.00390625,3.6246395111083984
Sipoon_Lance_Kim,ridge,0.01171875,3.623414993286133
Sipoon_Lance_Kim,ridge,0.01953125,3.622086763381958
Sipoon_Lance_Kim,ridge,0.02734375,3.620436191558838
Sipoon_Lance_Kim,ridge,0.03515625,3.618579864501953
Sipoon_Lance_Kim,ridge,0.04296875,3.6171460151672363
Sipoon_Lance_Kim,ridge,0.05078125,3.6163692474365234
Sipoon_Lance_Kim,ridge,0.05859375,3.6157054901123047
Sipoon_Lance_Kim,ridge,0.06640625,3.615046501159668
Sipoon_Lance_Kim,ridge,0.07421875,3.6143150329589844
Sipoon_Lance_Kim,ridge,0.08203125,3.6135072708129883
Sipoon_Lance_Kim,ridge,0.08984375,3.6126222610473633
Sipoon_Lance_Kim,ridge,0.09765625,3.6114883422851562
Sipoon_Lance_Kim,ridge,0.10546875,3.610107421875
Sipoon_Lance_Kim,ridge,0.11328125,3.6083528995513916
Sipoon_Lance_Kim,ridge,0.12109375,3.606119155883789
Sipoon_Lance_Kim,ridge,0.12890625,3.603435516357422
Sipoon_Lance_Kim,ridge,0.13671875,3.600443124771118
Sipoon_Lance_Kim,ridge,0.14453125,3.597337007522583
Sipoon_Lance_Kim,ridge,0.15234375,3.594101905822754
Sipoon_Lance_Kim,ridge,0.16015625,3.5906729698181152
Sipoon_Lance_Kim,ridge,0.16796875,3.5870747566223145
Sipoon_Lance_Kim,ridge,0.17578125,3.5832865238189697
Sipoon_Lance_Kim,ridge,0.18359375,3.5792267322540283
Sipoon_Lance_Kim,ridge,0.19140625,3.5747461318969727
Sipoon_Lance_Kim,ridge,0.19921875,3.5695910453796387
Sipoon_Lance_Kim,ridge,0.20703125,3.5634260177612305
Sipoon_Lance_Kim,ridge,0.21484375,3.5559287071228027
Sipoon_Lance_Kim,ridge,0.22265625,3.5467092990875244
Sipoon_Lance_Kim,ridge,0.23046875,3.535386562347412
Sipoon_Lance_Kim,ridge,0.23828125,3.521629810333252
Sipoon_Lance_Kim,ridge,0.24609375,3.505152702331543
Sipoon_Lance_Kim,ridge,0.25390625,3.48590350151062
Sipoon_Lance_Kim,ridge,0.26171875,3.464038372039795
Sipoon_Lance_Kim,ridge,0.26953125,3.439776659011841
Sipoon_Lance_Kim,ridge,0.27734375,3.41336727142334
Sipoon_Lance_Kim,ridge,0.28515625,3.3850529193878174
Sipoon_Lance_Kim,ridge,0.29296875,3.3550186157226562
Sipoon_Lance_Kim,ridge,0.30078125,3.3233871459960938
Sipoon_Lance_Kim,ridge,0.30859375,3.2901253700256348
Sipoon_Lance_Kim,ridge,0.31640625,3.2548818588256836
Sipoon_Lance_Kim,ridge,0.32421875,3.216899871826172
Sipoon_Lance_Kim,ridge,0.33203125,3.1750264167785645
Sipoon_Lance_Kim,ridge,0.33984375,3.127777576446533
Sipoon_Lance_Kim,ridge,0.34765625,3.0735034942626953
Sipoon_Lance_Kim,ridge,0.35546875,3.010676383972168
Sipoon_Lance_Kim,ridge,0.36328125,2.9383530616760254
Sipoon_Lance_Kim,ridge,0.37109375,2.856759548187256
Sipoon_Lance_Kim,ridge,0.37890625,2.7676360607147217
Sipoon_Lance_Kim,ridge,0.38671875,2.673901081085205
Sipoon_Lance_Kim,ridge,0.39453125,2.578645706176758
Sipoon_Lance_Kim,ridge,0.40234375,2.483992099761963
Sipoon_Lance_Kim,ridge,0.41015625,2.3900978565216064
Sipoon_Lance_Kim,ridge,0.41796875,2.294173240661621
Sipoon_Lance_Kim,ridge,0.42578125,2.190117597579956
Sipoon_Lance_Kim,ridge,0.43359375,2.070964813232422
Sipoon_Lance_Kim,ridge,0.44140625,1.934835433959961
Sipoon_Lance_Kim,ridge,0.44921875,1.7881786823272705
Sipoon_Lance_Kim,ridge,0.45703125,1.641103744506836
Sipoon_Lance_Kim,ridge,0.46484375,1.5014846324920654
Sipoon_Lance_Kim,ridge,0.47265625,1.3730828762054443
Sipoon_Lance_Kim,ridge,0.48046875,1.2564022541046143
Sipoon_Lance_Kim,ridge,0.48828125,1.1503379344940186
Sipoon_Lance_Kim,ridge,0.49609375,1.053411841392517
Sipoon_Lance_Kim,ridge,0.50390625,0.9642960429191589
Sipoon_Lance_Kim,ridge,0.51171875,0.8817989826202393
Sipoon_Lance_Kim,ridge,0.51953125,0.8047546148300171
Sipoon_Lance_Kim,ridge,0.52734375,0.7320548295974731
Sipoon_Lance_Kim,ridge,0.53515625,0.6628700494766235
Sipoon_Lance_Kim,ridge,0.54296875,0.5968416929244995
Sipoon_Lance_Kim,ridge,0.55078125,0.5340560674667358
Sipoon_Lance_Kim,ridge,0.55859375,0.47480812668800354
Sipoon_Lance_Kim,ridge,0.56640625,0.4193395972251892
Sipoon_Lance_Kim,ridge,0.57421875,0.36768803000450134
Sipoon_Lance_Kim,ridge,0.58203125,0.31959670782089233
Sipoon_Lance_Kim,ridge,0.58984375,0.2745792865753174
Sipoon_Lance_Kim,ridge,0.59765625,0.2320483773946762
Sipoon_Lance_Kim,ridge,0.60546875,0.19140036404132843
Sipoon_Lance_Kim,ridge,0.61328125,0.1519789695739746
Sipoon_Lance_Kim,ridge,0.62109375,0.11298952996730804
Sipoon_Lance_Kim,ridge,0.62890625,0.07359772175550461
Sipoon_Lance_Kim,ridge,0.63671875,0.03317265212535858
Sipoon_Lance_Kim,ridge,0.64453125,-0.008499152958393097
Sipoon_Lance_Kim,ridge,0.65234375,-0.05105631798505783
Sipoon_Lance_Kim,ridge,0.66015625,-0.09366588294506073
Sipoon_Lance_Kim,ridge,0.66796875,-0.13535699248313904
Sipoon_Lance_Kim,ridge,0.67578125,-0.1752929985523224
Sipoon_Lance_Kim,ridge,0.68359375,-0.21290083229541779
Sipoon_Lance_Kim,ridge,0.69140625,-0.2479216456413269
Sipoon_Lance_Kim,ridge,0.69921875,-0.2803368866443634
Sipoon_Lance_Kim,ridge,0.70703125,-0.3102523684501648
Sipoon_Lance_Kim,ridge,0.71484375,-0.3378527760505676
Sipoon_Lance_Kim,ridge,0.72265625,-0.36347007751464844
Sipoon_Lance_Kim,ridge,0.73046875,-0.38762810826301575
Sipoon_Lance_Kim,ridge,0.73828125,-0.41083499789237976
Sipoon_Lance_Kim,ridge,0.74609375,-0.43323957920074463
Sipoon_Lance_Kim,ridge,0.75390625,-0.4545952081680298
Sipoon_Lance_Kim,ridge,0.76171875,-0.4745089113712311
Sipoon_Lance_Kim,ridge,0.76953125,-0.4926752746105194
Sipoon_Lance_Kim,ridge,0.77734375,-0.5089869499206543
Sipoon_Lance_Kim,ridge,0.78515625,-0.5235067009925842
Sipoon_Lance_Kim,ridge,0.79296875,-0.5363686680793762
Sipoon_Lance_Kim,ridge,0.80078125,-0.5476539134979248
Sipoon_Lance_Kim,ridge,0.80859375,-0.5573626160621643
Sipoon_Lance_Kim,ridge,0.81640625,-0.5654966831207275
Sipoon_Lance_Kim,ridge,0.82421875,-0.5721734166145325
Sipoon_Lance_Kim,ridge,0.83203125,-0.5774489641189575
Sipoon_Lance_Kim,ridge,0.83984375,-0.5810804963111877
Sipoon_Lance_Kim,ridge,0.84765625,-0.5826380252838135
Sipoon_Lance_Kim,ridge,0.85546875,-0.5818900465965271
Sipoon_Lance_Kim,ridge,0.86328125,-0.5791003704071045
Sipoon_Lance_Kim,ridge,0.87109375,-0.5750017166137695
Sipoon_Lance_Kim,ridge,0.87890625,-0.5704259276390076
Sipoon_Lance_Kim,ridge,0.88671875,-0.5661660432815552
Sipoon_Lance_Kim,ridge,0.89453125,-0.5631338357925415
Sipoon_Lance_Kim,ridge,0.90234375,-0.5622593760490417
Sipoon_Lance_Kim,ridge,0.91015625,-0.564805805683136
Sipoon_Lance_Kim,ridge,0.91796875,-0.572272539138794
Sipoon_Lance_Kim,ridge,0.92578125,-0.5846691131591797
Sipoon_Lance_Kim,ridge,0.93359375,-0.5999170541763306
Sipoon_Lance_Kim,ridge,0.94140625,-0.6157898902893066
Sipoon_Lance_Kim,ridge,0.94921875,-0.6356227993965149
Sipoon_Lance_Kim,ridge,0.95703125,-0.660062313079834
Sipoon_Lance_Kim,ridge,0.96484375,-0.6840386986732483
Sipoon_Lance_Kim,ridge,0.97265625,-0.7035505175590515
Sipoon_Lance_Kim,ridge,0.98046875,-0.7152177095413208
Sipoon_Lance_Kim,ridge,0.98828125,-0.7160805463790894
Sipoon_Lance_Kim,ridge,0.99609375,-0.7101231813430786
Sipoon_Lance_Kim,ridge,1.0,-0.7089921832084656
Sipoon_Lance_Kim,enet,0.0,-0.8355085849761963
Sipoon_Lance_Kim,enet,0.00390625,-0.8369961380958557
Sipoon_Lance_Kim,enet,0.01171875,-0.8395678997039795
Sipoon_Lance_Kim,enet,0.01953125,-0.8417465686798096
Sipoon_Lance_Kim,enet,0.02734375,-0.8434779047966003
Sipoon_Lance_Kim,enet,0.03515625,-0.8446287512779236
Sipoon_Lance_Kim,enet,0.04296875,-0.8449888229370117
Sipoon_Lance_Kim,enet,0.05078125,-0.8444138765335083
Sipoon_Lance_Kim,enet,0.05859375,-0.8428828120231628
Sipoon_Lance_Kim,enet,0.06640625,-0.8403504490852356
Sipoon_Lance_Kim,enet,0.07421875,-0.8368057608604431
Sipoon_Lance_Kim,enet,0.08203125,-0.8321974873542786
Sipoon_Lance_Kim,enet,0.08984375,-0.8264540433883667
Sipoon_Lance_Kim,enet,0.09765625,-0.8197133541107178
Sipoon_Lance_Kim,enet,0.10546875,-0.8116912841796875
Sipoon_Lance_Kim,enet,0.11328125,-0.8021270036697388
Sipoon_Lance_Kim,enet,0.12109375,-0.7908539772033691
Sipoon_Lance_Kim,enet,0.12890625,-0.7776080965995789
Sipoon_Lance_Kim,enet,0.13671875,-0.7619869709014893
Sipoon_Lance_Kim,enet,0.14453125,-0.7435500025749207
Sipoon_Lance_Kim,enet,0.15234375,-0.7221873998641968
Sipoon_Lance_Kim,enet,0.16015625,-0.6978715062141418
Sipoon_Lance_Kim,enet,0.16796875,-0.6703817248344421
Sipoon_Lance_Kim,enet,0.17578125,-0.6395347118377686
Sipoon_Lance_Kim,enet,0.18359375,-0.605224609375
Sipoon_Lance_Kim,enet,0.19140625,-0.567451536655426
Sipoon_Lance_Kim,enet,0.19921875,-0.5264917612075806
Sipoon_Lance_Kim,enet,0.20703125,-0.48277387022972107
Sipoon_Lance_Kim,enet,0.21484375,-0.4368639588356018
Sipoon_Lance_Kim,enet,0.22265625,-0.38946422934532166
Sipoon_Lance_Kim,enet,0.23046875,-0.34129130840301514
Sipoon_Lance_Kim,enet,0.23828125,-0.2930392026901245
Sipoon_Lance_Kim,enet,0.24609375,-0.24542471766471863
Sipoon_Lance_Kim,enet,0.25390625,-0.19912493228912354
Sipoon_Lance_Kim,enet,0.26171875,-0.1548018455505371
Sipoon_Lance_Kim,enet,0.26953125,-0.11296600103378296
Sipoon_Lance_Kim,enet,0.27734375,-0.07370591163635254
Sipoon_Lance_Kim,enet,0.28515625,-0.03676033020019531
Sipoon_Lance_Kim,enet,0.29296875,-0.0016798079013824463
Sipoon_Lance_Kim,enet,0.30078125,0.0321594774723053
Sipoon_Lance_Kim,enet,0.30859375,0.06544256210327148
Sipoon_Lance_Kim,enet,0.31640625,0.09873414039611816
Sipoon_Lance_Kim,enet,0.32421875,0.13241788744926453
Sipoon_Lance_Kim,enet,0.33203125,0.16662627458572388
Sipoon_Lance_Kim,enet,0.33984375,0.20114067196846008
Sipoon_Lance_Kim,enet,0.34765625,0.23536299169063568
Sipoon_Lance_Kim,enet,0.35546875,0.26845619082450867
Sipoon_Lance_Kim,enet,0.36328125,0.29984086751937866
Sipoon_Lance_Kim,enet,0.37109375,0.33008867502212524
Sipoon_Lance_Kim,enet,0.37890625,0.3615604043006897
Sipoon_Lance_Kim,enet,0.38671875,0.39800167083740234
Sipoon_Lance_Kim,enet,0.39453125,0.44316554069519043
Sipoon_Lance_Kim,enet,0.40234375,0.49946874380111694
Sipoon_Lance_Kim,enet,0.41015625,0.5667406320571899
Sipoon_Lance_Kim,enet,0.41796875,0.6402994394302368
Sipoon_Lance_Kim,enet,0.42578125,0.7089664340019226
Sipoon_Lance_Kim,enet,0.43359375,0.7569712996482849
Sipoon_Lance_Kim,enet,0.44140625,0.7724975943565369
Sipoon_Lance_Kim,enet,0.44921875,0.7557076811790466
Sipoon_Lance_Kim,enet,0.45703125,0.7164210677146912
Sipoon_Lance_Kim,enet,0.46484375,0.6662726402282715
Sipoon_Lance_Kim,enet,0.47265625,0.6137020587921143
Sipoon_Lance_Kim,enet,0.48046875,0.5630743503570557
Sipoon_Lance_Kim,enet,0.48828125,0.5159145593643188
Sipoon_Lance_Kim,enet,0.49609375,0.47224074602127075
Sipoon_Lance_Kim,enet,0.50390625,0.4313722252845764
Sipoon_Lance_Kim,enet,0.51171875,0.39225590229034424
Sipoon_Lance_Kim,enet,0.51953125,0.35364586114883423
Sipoon_Lance_Kim,enet,0.52734375,0.31433141231536865
Sipoon_Lance_Kim,enet,0.53515625,0.2734847068786621
Sipoon_Lance_Kim,enet,0.54296875,0.23094648122787476
Sipoon_Lance_Kim,enet,0.55078125,0.18737785518169403
Sipoon_Lance_Kim,enet,0.55859375,0.1440744400024414
Sipoon_Lance_Kim,enet,0.56640625,0.10257589817047119
Sipoon_Lance_Kim,enet,0.57421875,0.06422150135040283
Sipoon_Lance_Kim,enet,0.58203125,0.02977304905653
Sipoon_Lance_Kim,enet,0.58984375,-0.0006908401846885681
Sipoon_Lance_Kim,enet,0.59765625,-0.027636989951133728
Sipoon_Lance_Kim,enet,0.60546875,-0.05186351388692856
Sipoon_Lance_Kim,enet,0.61328125,-0.07432600110769272
Sipoon_Lance_Kim,enet,0.62109375,-0.09608069062232971
Sipoon_Lance_Kim,enet,0.62890625,-0.11818971484899521
Sipoon_Lance_Kim,enet,0.63671875,-0.1414903998374939
Sipoon_Lance_Kim,enet,0.64453125,-0.1662992537021637
Sipoon_Lance_Kim,enet,0.65234375,-0.19217756390571594
Sipoon_Lance_Kim,enet,0.66015625,-0.21810799837112427
Sipoon_Lance_Kim,enet,0.66796875,-0.24291692674160004
Sipoon_Lance_Kim,enet,0.67578125,-0.26559174060821533
Sipoon_Lance_Kim,enet,0.68359375,-0.28548938035964966
Sipoon_Lance_Kim,enet,0.69140625,-0.30243009328842163
Sipoon_Lance_Kim,enet,0.69921875,-0.31669148802757263
Sipoon_Lance_Kim,enet,0.70703125,-0.3287520408630371
Sipoon_Lance_Kim,enet,0.71484375,-0.3391035497188568
Sipoon_Lance_Kim,enet,0.72265625,-0.34828197956085205
Sipoon_Lance_Kim,enet,0.73046875,-0.35689690709114075
Sipoon_Lance_Kim,enet,0.73828125,-0.36531850695610046
Sipoon_Lance_Kim,enet,0.74609375,-0.3732914328575134
Sipoon_Lance_Kim,enet,0.75390625,-0.38005539774894714
Sipoon_Lance_Kim,enet,0.76171875,-0.3848130702972412
Sipoon_Lance_Kim,enet,0.76953125,-0.3870522975921631
Sipoon_Lance_Kim,enet,0.77734375,-0.3866631090641022
Sipoon_Lance_Kim,enet,0.78515625,-0.38390541076660156
Sipoon_Lance_Kim,enet,0.79296875,-0.37924036383628845
Sipoon_Lance_Kim,enet,0.80078125,-0.373155802488327
Sipoon_Lance_Kim,enet,0.80859375,-0.3660562038421631
Sipoon_Lance_Kim,enet,0.81640625,-0.35826802253723145
Sipoon_Lance_Kim,enet,0.82421875,-0.3501238226890564
Sipoon_Lance_Kim,enet,0.83203125,-0.3417501449584961
Sipoon_Lance_Kim,enet,0.83984375,-0.332724928855896
Sipoon_Lance_Kim,enet,0.84765625,-0.3221771717071533
Sipoon_Lance_Kim,enet,0.85546875,-0.3093692362308502
Sipoon_Lance_Kim,enet,0.86328125,-0.29434525966644287
Sipoon_Lance_Kim,enet,0.87109375,-0.27809539437294006
Sipoon_Lance_Kim,enet,0.87890625,-0.26160815358161926
Sipoon_Lance_Kim,enet,0.88671875,-0.24502339959144592
Sipoon_Lance_Kim,enet,0.89453125,-0.22820553183555603
Sipoon_Lance_Kim,enet,0.90234375,-0.21180686354637146
Sipoon_Lance_Kim,enet,0.91015625,-0.19726204872131348
Sipoon_Lance_Kim,enet,0.91796875,-0.1855035424232483
Sipoon_Lance_Kim,enet,0.92578125,-0.177647203207016
Sipoon_Lance_Kim,enet,0.93359375,-0.17507000267505646
Sipoon_Lance_Kim,enet,0.94140625,-0.17739936709403992
Sipoon_Lance_Kim,enet,0.94921875,-0.19090944528579712
Sipoon_Lance_Kim,enet,0.95703125,-0.2137201428413391
Sipoon_Lance_Kim,enet,0.96484375,-0.23444372415542603
Sipoon_Lance_Kim,enet,0.97265625,-0.24666163325309753
Sipoon_Lance_Kim,enet,0.98046875,-0.24962958693504333
Sipoon_Lance_Kim,enet,0.98828125,-0.23672734200954437
Sipoon_Lance_Kim,enet,0.99609375,-0.21489296853542328
Sipoon_Lance_Kim,enet,1.0,-0.20572756230831146
Thane_Manny_Manuel,ridge,0.0,3.3043155670166016
Thane_Manny_Manuel,ridge,0.00390625,3.3029775619506836
Thane_Manny_Manuel,ridge,0.01171875,3.3004112243652344
Thane_Manny_Manuel,ridge,0.01953125,3.297887086868286
Thane_Manny_Manuel,ridge,0.02734375,3.2953152656555176
Thane_Manny_Manuel,ridge,0.03515625,3.292654514312744
Thane_Manny_Manuel,ridge,0.04296875,3.2899155616760254
Thane_Manny_Manuel,ridge,0.05078125,3.287076950073242
Thane_Manny_Manuel,ridge,0.05859375,3.2840354442596436
Thane_Manny_Manuel,ridge,0.06640625,3.280701160430908
Thane_Manny_Manuel,ridge,0.07421875,3.2769947052001953
Thane_Manny_Manuel,ridge,0.08203125,3.2728703022003174
Thane_Manny_Manuel,ridge,0.08984375,3.2682485580444336
Thane_Manny_Manuel,ridge,0.09765625,3.2629575729370117
Thane_Manny_Manuel,ridge,0.10546875,3.256774663925171
Thane_Manny_Manuel,ridge,0.11328125,3.249462604522705
Thane_Manny_Manuel,ridge,0.12109375,3.240846633911133
Thane_Manny_Manuel,ridge,0.12890625,3.2308759689331055
Thane_Manny_Manuel,ridge,0.13671875,3.2195792198181152
Thane_Manny_Manuel,ridge,0.14453125,3.2070729732513428
Thane_Manny_Manuel,ridge,0.15234375,3.1934728622436523
Thane_Manny_Manuel,ridge,0.16015625,3.1788668632507324
Thane_Manny_Manuel,ridge,0.16796875,3.1633200645446777
Thane_Manny_Manuel,ridge,0.17578125,3.1468801498413086
Thane_Manny_Manuel,ridge,0.18359375,3.1295483112335205
Thane_Manny_Manuel,ridge,0.19140625,3.111311435699463
Thane_Manny_Manuel,ridge,0.19921875,3.0921945571899414
Thane_Manny_Manuel,ridge,0.20703125,3.0722460746765137
Thane_Manny_Manuel,ridge,0.21484375,3.05153751373291
Thane_Manny_Manuel,ridge,0.22265625,3.0301740169525146
Thane_Manny_Manuel,ridge,0.23046875,3.0082640647888184
Thane_Manny_Manuel,ridge,0.23828125,2.985898971557617
Thane_Manny_Manuel,ridge,0.24609375,2.9632058143615723
Thane_Manny_Manuel,ridge,0.25390625,2.940319299697876
Thane_Manny_Manuel,ridge,0.26171875,2.917327642440796
Thane_Manny_Manuel,ridge,0.26953125,2.8941874504089355
Thane_Manny_Manuel,ridge,0.27734375,2.870811700820923
Thane_Manny_Manuel,ridge,0.28515625,2.8471155166625977
Thane_Manny_Manuel,ridge,0.29296875,2.8229236602783203
Thane_Manny_Manuel,ridge,0.30078125,2.797882080078125
Thane_Manny_Manuel,ridge,0.30859375,2.7715365886688232
Thane_Manny_Manuel,ridge,0.31640625,2.7433907985687256
Thane_Manny_Manuel,ridge,0.32421875,2.712867498397827
Thane_Manny_Manuel,ridge,0.33203125,2.6792831420898438
Thane_Manny_Manuel,ridge,0.33984375,2.6418259143829346
Thane_Manny_Manuel,ridge,0.34765625,2.5995731353759766
Thane_Manny_Manuel,ridge,0.35546875,2.551541328430176
Thane_Manny_Manuel,ridge,0.36328125,2.496826171875
Thane_Manny_Manuel,ridge,0.37109375,2.4347481727600098
Thane_Manny_Manuel,ridge,0.37890625,2.3649561405181885
Thane_Manny_Manuel,ridge,0.38671875,2.2873716354370117
Thane_Manny_Manuel,ridge,0.39453125,2.2019400596618652
Thane_Manny_Manuel,ridge,0.40234375,2.108506441116333
Thane_Manny_Manuel,ridge,0.41015625,2.0069620609283447
Thane_Manny_Manuel,ridge,0.41796875,1.8977285623550415
Thane_Manny_Manuel,ridge,0.42578125,1.7824654579162598
Thane_Manny_Manuel,ridge,0.43359375,1.6642742156982422
Thane_Manny_Manuel,ridge,0.44140625,1.5466439723968506
Thane_Manny_Manuel,ridge,0.44921875,1.4326660633087158
Thane_Manny_Manuel,ridge,0.45703125,1.325119972229004
Thane_Manny_Manuel,ridge,0.46484375,1.2264254093170166
Thane_Manny_Manuel,ridge,0.47265625,1.1381285190582275
Thane_Manny_Manuel,ridge,0.48046875,1.0607095956802368
Thane_Manny_Manuel,ridge,0.48828125,0.9940479397773743
Thane_Manny_Manuel,ridge,0.49609375,0.9376909136772156
Thane_Manny_Manuel,ridge,0.50390625,0.8907365798950195
Thane_Manny_Manuel,ridge,0.51171875,0.8518081307411194
Thane_Manny_Manuel,ridge,0.51953125,0.8194814920425415
Thane_Manny_Manuel,ridge,0.52734375,0.7924885749816895
Thane_Manny_Manuel,ridge,0.53515625,0.7692606449127197
Thane_Manny_Manuel,ridge,0.54296875,0.7480192184448242
Thane_Manny_Manuel,ridge,0.55078125,0.7274173498153687
Thane_Manny_Manuel,ridge,0.55859375,0.70680832862854
Thane_Manny_Manuel,ridge,0.56640625,0.6860706806182861
Thane_Manny_Manuel,ridge,0.57421875,0.6653580665588379
Thane_Manny_Manuel,ridge,0.58203125,0.6448623538017273
Thane_Manny_Manuel,ridge,0.58984375,0.6246424913406372
Thane_Manny_Manuel,ridge,0.59765625,0.6045655608177185
Thane_Manny_Manuel,ridge,0.60546875,0.5843687653541565
Thane_Manny_Manuel,ridge,0.61328125,0.5635901689529419
Thane_Manny_Manuel,ridge,0.62109375,0.5415161848068237
Thane_Manny_Manuel,ridge,0.62890625,0.5174508690834045
Thane_Manny_Manuel,ridge,0.63671875,0.4912452697753906
Thane_Manny_Manuel,ridge,0.64453125,0.46344029903411865
Thane_Manny_Manuel,ridge,0.65234375,0.4349003732204437
Thane_Manny_Manuel,ridge,0.66015625,0.40640711784362793
Thane_Manny_Manuel,ridge,0.66796875,0.3785408139228821
Thane_Manny_Manuel,ridge,0.67578125,0.35179561376571655
Thane_Manny_Manuel,ridge,0.68359375,0.3266344964504242
Thane_Manny_Manuel,ridge,0.69140625,0.3033317029476166
Thane_Manny_Manuel,ridge,0.69921875,0.281907320022583
Thane_Manny_Manuel,ridge,0.70703125,0.2622179388999939
Thane_Manny_Manuel,ridge,0.71484375,0.24400866031646729
Thane_Manny_Manuel,ridge,0.72265625,0.2268429398536682
Thane_Manny_Manuel,ridge,0.73046875,0.2101019322872162
Thane_Manny_Manuel,ridge,0.73828125,0.1930856704711914
Thane_Manny_Manuel,ridge,0.74609375,0.17531856894493103
Thane_Manny_Manuel,ridge,0.75390625,0.156826913356781
Thane_Manny_Manuel,ridge,0.76171875,0.1380693018436432
Thane_Manny_Manuel,ridge,0.76953125,0.11942404508590698
Thane_Manny_Manuel,ridge,0.77734375,0.10086213052272797
Thane_Manny_Manuel,ridge,0.78515625,0.08224420994520187
Thane_Manny_Manuel,ridge,0.79296875,0.06374142318964005
Thane_Manny_Manuel,ridge,0.80078125,0.04579625278711319
Thane_Manny_Manuel,ridge,0.80859375,0.02851703017950058
Thane_Manny_Manuel,ridge,0.81640625,0.011254644021391869
Thane_Manny_Manuel,ridge,0.82421875,-0.007050205022096634
Thane_Manny_Manuel,ridge,0.83203125,-0.026331182569265366
Thane_Manny_Manuel,ridge,0.83984375,-0.04513806104660034
Thane_Manny_Manuel,ridge,0.84765625,-0.062457695603370667
Thane_Manny_Manuel,ridge,0.85546875,-0.0784827321767807
Thane_Manny_Manuel,ridge,0.86328125,-0.09397652745246887
Thane_Manny_Manuel,ridge,0.87109375,-0.10898253321647644
Thane_Manny_Manuel,ridge,0.87890625,-0.12341450899839401
Thane_Manny_Manuel,ridge,0.88671875,-0.13813620805740356
Thane_Manny_Manuel,ridge,0.89453125,-0.15355560183525085
Thane_Manny_Manuel,ridge,0.90234375,-0.1692447066307068
Thane_Manny_Manuel,ridge,0.91015625,-0.1839841902256012
Thane_Manny_Manuel,ridge,0.91796875,-0.19623927772045135
Thane_Manny_Manuel,ridge,0.92578125,-0.20451053977012634
Thane_Manny_Manuel,ridge,0.93359375,-0.20600995421409607
Thane_Manny_Manuel,ridge,0.94140625,-0.19860908389091492
Thane_Manny_Manuel,ridge,0.94921875,-0.18220698833465576
Thane_Manny_Manuel,ridge,0.95703125,-0.1585088074207306
Thane_Manny_Manuel,ridge,0.96484375,-0.13331612944602966
Thane_Manny_Manuel,ridge,0.97265625,-0.1050075963139534
Thane_Manny_Manuel,ridge,0.98046875,-0.06152169406414032
Thane_Manny_Manuel,ridge,0.98828125,-0.04199784994125366
Thane_Manny_Manuel,ridge,0.99609375,-0.03818178176879883
Thane_Manny_Manuel,ridge,1.0,-0.041972897946834564
Thane_Manny_Manuel,enet,0.0,-1.8368163108825684
Thane_Manny_Manuel,enet,0.00390625,-1.8372900485992432
Thane_Manny_Manuel,enet,0.01171875,-1.8384169340133667
Thane_Manny_Manuel,enet,0.01953125,-1.839811086654663
Thane_Manny_Manuel,enet,0.02734375,-1.8414506912231445
Thane_Manny_Manuel,enet,0.03515625,-1.8432207107543945
Thane_Manny_Manuel,enet,0.04296875,-1.8449177742004395
Thane_Manny_Manuel,enet,0.05078125,-1.84639310836792
Thane_Manny_Manuel,enet,0.05859375,-1.847626805305481
Thane_Manny_Manuel,enet,0.06640625,-1.8486154079437256
Thane_Manny_Manuel,enet,0.07421875,-1.8493181467056274
Thane_Manny_Manuel,enet,0.08203125,-1.849642276763916
Thane_Manny_Manuel,enet,0.08984375,-1.8494796752929688
Thane_Manny_Manuel,enet,0.09765625,-1.8487125635147095
Thane_Manny_Manuel,enet,0.10546875,-1.847220778465271
Thane_Manny_Manuel,enet,0.11328125,-1.844949722290039
Thane_Manny_Manuel,enet,0.12109375,-1.8418999910354614
Thane_Manny_Manuel,enet,0.12890625,-1.8380756378173828
Thane_Manny_Manuel,enet,0.13671875,-1.8334320783615112
Thane_Manny_Manuel,enet,0.14453125,-1.827885627746582
Thane_Manny_Manuel,enet,0.15234375,-1.8213478326797485
Thane_Manny_Manuel,enet,0.16015625,-1.8137335777282715
Thane_Manny_Manuel,enet,0.16796875,-1.8049383163452148
Thane_Manny_Manuel,enet,0.17578125,-1.7948100566864014
Thane_Manny_Manuel,enet,0.18359375,-1.7831730842590332
Thane_Manny_Manuel,enet,0.19140625,-1.769848108291626
Thane_Manny_Manuel,enet,0.19921875,-1.754648208618164
Thane_Manny_Manuel,enet,0.20703125,-1.7374153137207031
Thane_Manny_Manuel,enet,0.21484375,-1.718096137046814
Thane_Manny_Manuel,enet,0.22265625,-1.6967482566833496
Thane_Manny_Manuel,enet,0.23046875,-1.6734884977340698
Thane_Manny_Manuel,enet,0.23828125,-1.6484460830688477
Thane_Manny_Manuel,enet,0.24609375,-1.6217374801635742
Thane_Manny_Manuel,enet,0.25390625,-1.5934603214263916
Thane_Manny_Manuel,enet,0.26171875,-1.5636762380599976
Thane_Manny_Manuel,enet,0.26953125,-1.5323954820632935
Thane_Manny_Manuel,enet,0.27734375,-1.4995174407958984
Thane_Manny_Manuel,enet,0.28515625,-1.464842677116394
Thane_Manny_Manuel,enet,0.29296875,-1.428122878074646
Thane_Manny_Manuel,enet,0.30078125,-1.3890243768692017
Thane_Manny_Manuel,enet,0.30859375,-1.3469680547714233
Thane_Manny_Manuel,enet,0.31640625,-1.301040530204773
Thane_Manny_Manuel,enet,0.32421875,-1.2499592304229736
Thane_Manny_Manuel,enet,0.33203125,-1.1921015977859497
Thane_Manny_Manuel,enet,0.33984375,-1.1256985664367676
Thane_Manny_Manuel,enet,0.34765625,-1.049128770828247
Thane_Manny_Manuel,enet,0.35546875,-0.9612690210342407
Thane_Manny_Manuel,enet,0.36328125,-0.8617435693740845
Thane_Manny_Manuel,enet,0.37109375,-0.7509200572967529
Thane_Manny_Manuel,enet,0.37890625,-0.6296611428260803
Thane_Manny_Manuel,enet,0.38671875,-0.499155193567276
Thane_Manny_Manuel,enet,0.39453125,-0.36128559708595276
Thane_Manny_Manuel,enet,0.40234375,-0.2192269265651703
Thane_Manny_Manuel,enet,0.41015625,-0.07777950167655945
Thane_Manny_Manuel,enet,0.41796875,0.0567704513669014
Thane_Manny_Manuel,enet,0.42578125,0.17798182368278503
Thane_Manny_Manuel,enet,0.43359375,0.28119003772735596
Thane_Manny_Manuel,enet,0.44140625,0.36379459500312805
Thane_Manny_Manuel,enet,0.44921875,0.4250839352607727
Thane_Manny_Manuel,enet,0.45703125,0.4665452837944031
Thane_Manny_Manuel,enet,0.46484375,0.491268515586853
Thane_Manny_Manuel,enet,0.47265625,0.5024710297584534
Thane_Manny_Manuel,enet,0.48046875,0.502599835395813
Thane_Manny_Manuel,enet,0.48828125,0.49367883801460266
Thane_Manny_Manuel,enet,0.49609375,0.4780702292919159
Thane_Manny_Manuel,enet,0.50390625,0.4585849940776825
Thane_Manny_Manuel,enet,0.51171875,0.4377472996711731
Thane_Manny_Manuel,enet,0.51953125,0.4171934723854065
Thane_Manny_Manuel,enet,0.52734375,0.3976210355758667
Thane_Manny_Manuel,enet,0.53515625,0.37881389260292053
Thane_Manny_Manuel,enet,0.54296875,0.3599880337715149
Thane_Manny_Manuel,enet,0.55078125,0.3405272960662842
Thane_Manny_Manuel,enet,0.55859375,0.3204248547554016
Thane_Manny_Manuel,enet,0.56640625,0.30025458335876465
Thane_Manny_Manuel,enet,0.57421875,0.28079235553741455
Thane_Manny_Manuel,enet,0.58203125,0.262576162815094
Thane_Manny_Manuel,enet,0.58984375,0.24574647843837738
Thane_Manny_Manuel,enet,0.59765625,0.23012414574623108
Thane_Manny_Manuel,enet,0.60546875,0.2152320146560669
Thane_Manny_Manuel,enet,0.61328125,0.20003411173820496
Thane_Manny_Manuel,enet,0.62109375,0.18319597840309143
Thane_Manny_Manuel,enet,0.62890625,0.1637912094593048
Thane_Manny_Manuel,enet,0.63671875,0.14171385765075684
Thane_Manny_Manuel,enet,0.64453125,0.11763341724872589
Thane_Manny_Manuel,enet,0.65234375,0.09261394292116165
Thane_Manny_Manuel,enet,0.66015625,0.06774115562438965
Thane_Manny_Manuel,enet,0.66796875,0.04394528269767761
Thane_Manny_Manuel,enet,0.67578125,0.02198478952050209
Thane_Manny_Manuel,enet,0.68359375,0.0023395344614982605
Thane_Manny_Manuel,enet,0.69140625,-0.014849882572889328
Thane_Manny_Manuel,enet,0.69921875,-0.02966855838894844
Thane_Manny_Manuel,enet,0.70703125,-0.04230647534132004
Thane_Manny_Manuel,enet,0.71484375,-0.05299560725688934
Thane_Manny_Manuel,enet,0.72265625,-0.06201976537704468
Thane_Manny_Manuel,enet,0.73046875,-0.0697714313864708
Thane_Manny_Manuel,enet,0.73828125,-0.0767635926604271
Thane_Manny_Manuel,enet,0.74609375,-0.08341468870639801
Thane_Manny_Manuel,enet,0.75390625,-0.08971948176622391
Thane_Manny_Manuel,enet,0.76171875,-0.09535179287195206
Thane_Manny_Manuel,enet,0.76953125,-0.10043739527463913
Thane_Manny_Manuel,enet,0.77734375,-0.1058124452829361
Thane_Manny_Manuel,enet,0.78515625,-0.11230923235416412
Thane_Manny_Manuel,enet,0.79296875,-0.12008710205554962
Thane_Manny_Manuel,enet,0.80078125,-0.12866252660751343
Thane_Manny_Manuel,enet,0.80859375,-0.1376154124736786
Thane_Manny_Manuel,enet,0.81640625,-0.14698730409145355
Thane_Manny_Manuel,enet,0.82421875,-0.157277911901474
Thane_Manny_Manuel,enet,0.83203125,-0.168371319770813
Thane_Manny_Manuel,enet,0.83984375,-0.17894811928272247
Thane_Manny_Manuel,enet,0.84765625,-0.1884995400905609
Thane_Manny_Manuel,enet,0.85546875,-0.19803747534751892
Thane_Manny_Manuel,enet,0.86328125,-0.20891594886779785
Thane_Manny_Manuel,enet,0.87109375,-0.21996241807937622
Thane_Manny_Manuel,enet,0.87890625,-0.22854304313659668
Thane_Manny_Manuel,enet,0.88671875,-0.23390215635299683
Thane_Manny_Manuel,enet,0.89453125,-0.23571546375751495
Thane_Manny_Manuel,enet,0.90234375,-0.2350408136844635
Thane_Manny_Manuel,enet,0.91015625,-0.23257720470428467
Thane_Manny_Manuel,enet,0.91796875,-0.22848784923553467
Thane_Manny_Manuel,enet,0.92578125,-0.22287210822105408
Thane_Manny_Manuel,enet,0.93359375,-0.21488377451896667
Thane_Manny_Manuel,enet,0.94140625,-0.20239180326461792
Thane_Manny_Manuel,enet,0.94921875,-0.18804441392421722
Thane_Manny_Manuel,enet,0.95703125,-0.17435869574546814
Thane_Manny_Manuel,enet,0.96484375,-0.16097304224967957
Thane_Manny_Manuel,enet,0.97265625,-0.14632771909236908
Thane_Manny_Manuel,enet,0.98046875,-0.1324194073677063
Thane_Manny_Manuel,enet,0.98828125,-0.13693413138389587
Thane_Manny_Manuel,enet,0.99609375,-0.1476590484380722
Thane_Manny_Manuel,enet,1.0,-0.15491873025894165
Theo_Jasper_Zhang,ridge,0.0,4.258763313293457
Theo_Jasper_Zhang,ridge,0.00390625,4.258063316345215
Theo_Jasper_Zhang,ridge,0.01171875,4.256546974182129
Theo_Jasper_Zhang,ridge,0.01953125,4.254871368408203
Theo_Jasper_Zhang,ridge,0.02734375,4.253026962280273
Theo_Jasper_Zhang,ridge,0.03515625,4.25101375579834
Theo_Jasper_Zhang,ridge,0.04296875,4.248841285705566
Theo_Jasper_Zhang,ridge,0.05078125,4.246456146240234
Theo_Jasper_Zhang,ridge,0.05859375,4.243790626525879
Theo_Jasper_Zhang,ridge,0.06640625,4.2408061027526855
Theo_Jasper_Zhang,ridge,0.07421875,4.237557411193848
Theo_Jasper_Zhang,ridge,0.08203125,4.234130859375
Theo_Jasper_Zhang,ridge,0.08984375,4.230672836303711
Theo_Jasper_Zhang,ridge,0.09765625,4.22730016708374
Theo_Jasper_Zhang,ridge,0.10546875,4.224092960357666
Theo_Jasper_Zhang,ridge,0.11328125,4.221208095550537
Theo_Jasper_Zhang,ridge,0.12109375,4.218817710876465
Theo_Jasper_Zhang,ridge,0.12890625,4.217066287994385
Theo_Jasper_Zhang,ridge,0.13671875,4.216020107269287
Theo_Jasper_Zhang,ridge,0.14453125,4.215617656707764
Theo_Jasper_Zhang,ridge,0.15234375,4.215740203857422
Theo_Jasper_Zhang,ridge,0.16015625,4.216250896453857
Theo_Jasper_Zhang,ridge,0.16796875,4.216996192932129
Theo_Jasper_Zhang,ridge,0.17578125,4.217831134796143
Theo_Jasper_Zhang,ridge,0.18359375,4.218608379364014
Theo_Jasper_Zhang,ridge,0.19140625,4.219154357910156
Theo_Jasper_Zhang,ridge,0.19921875,4.219270706176758
Theo_Jasper_Zhang,ridge,0.20703125,4.218772888183594
Theo_Jasper_Zhang,ridge,0.21484375,4.217577934265137
Theo_Jasper_Zhang,ridge,0.22265625,4.2156596183776855
Theo_Jasper_Zhang,ridge,0.23046875,4.212958335876465
Theo_Jasper_Zhang,ridge,0.23828125,4.2093505859375
Theo_Jasper_Zhang,ridge,0.24609375,4.204631328582764
Theo_Jasper_Zhang,ridge,0.25390625,4.1985297203063965
Theo_Jasper_Zhang,ridge,0.26171875,4.190778732299805
Theo_Jasper_Zhang,ridge,0.26953125,4.181129455566406
Theo_Jasper_Zhang,ridge,0.27734375,4.169327259063721
Theo_Jasper_Zhang,ridge,0.28515625,4.15507173538208
Theo_Jasper_Zhang,ridge,0.29296875,4.137982368469238
Theo_Jasper_Zhang,ridge,0.30078125,4.117651462554932
Theo_Jasper_Zhang,ridge,0.30859375,4.0936431884765625
Theo_Jasper_Zhang,ridge,0.31640625,4.065540790557861
Theo_Jasper_Zhang,ridge,0.32421875,4.033017158508301
Theo_Jasper_Zhang,ridge,0.33203125,3.995974063873291
Theo_Jasper_Zhang,ridge,0.33984375,3.9546732902526855
Theo_Jasper_Zhang,ridge,0.34765625,3.9097652435302734
Theo_Jasper_Zhang,ridge,0.35546875,3.8622756004333496
Theo_Jasper_Zhang,ridge,0.36328125,3.813386917114258
Theo_Jasper_Zhang,ridge,0.37109375,3.764122486114502
Theo_Jasper_Zhang,ridge,0.37890625,3.715083599090576
Theo_Jasper_Zhang,ridge,0.38671875,3.6665914058685303
Theo_Jasper_Zhang,ridge,0.39453125,3.619018077850342
Theo_Jasper_Zhang,ridge,0.40234375,3.5725584030151367
Theo_Jasper_Zhang,ridge,0.41015625,3.526538848876953
Theo_Jasper_Zhang,ridge,0.41796875,3.479071617126465
Theo_Jasper_Zhang,ridge,0.42578125,3.4273321628570557
Theo_Jasper_Zhang,ridge,0.43359375,3.3681468963623047
Theo_Jasper_Zhang,ridge,0.44140625,3.2986977100372314
Theo_Jasper_Zhang,ridge,0.44921875,3.2173187732696533
Theo_Jasper_Zhang,ridge,0.45703125,3.124002456665039
Theo_Jasper_Zhang,ridge,0.46484375,3.020096778869629
Theo_Jasper_Zhang,ridge,0.47265625,2.9073286056518555
Theo_Jasper_Zhang,ridge,0.48046875,2.7868335247039795
Theo_Jasper_Zhang,ridge,0.48828125,2.658281087875366
Theo_Jasper_Zhang,ridge,0.49609375,2.5216784477233887
Theo_Jasper_Zhang,ridge,0.50390625,2.382577419281006
Theo_Jasper_Zhang,ridge,0.51171875,2.249971866607666
Theo_Jasper_Zhang,ridge,0.51953125,2.128150224685669
Theo_Jasper_Zhang,ridge,0.52734375,2.016123056411743
Theo_Jasper_Zhang,ridge,0.53515625,1.9113508462905884
Theo_Jasper_Zhang,ridge,0.54296875,1.8114572763442993
Theo_Jasper_Zhang,ridge,0.55078125,1.7144136428833008
Theo_Jasper_Zhang,ridge,0.55859375,1.6185699701309204
Theo_Jasper_Zhang,ridge,0.56640625,1.5225733518600464
Theo_Jasper_Zhang,ridge,0.57421875,1.425018310546875
Theo_Jasper_Zhang,ridge,0.58203125,1.3244266510009766
Theo_Jasper_Zhang,ridge,0.58984375,1.220005750656128
Theo_Jasper_Zhang,ridge,0.59765625,1.1125166416168213
Theo_Jasper_Zhang,ridge,0.60546875,1.0042650699615479
Theo_Jasper_Zhang,ridge,0.61328125,0.8982983827590942
Theo_Jasper_Zhang,ridge,0.62109375,0.7974814176559448
Theo_Jasper_Zhang,ridge,0.62890625,0.7039032578468323
Theo_Jasper_Zhang,ridge,0.63671875,0.6186167001724243
Theo_Jasper_Zhang,ridge,0.64453125,0.5416948795318604
Theo_Jasper_Zhang,ridge,0.65234375,0.4724957048892975
Theo_Jasper_Zhang,ridge,0.66015625,0.4101262390613556
Theo_Jasper_Zhang,ridge,0.66796875,0.35372525453567505
Theo_Jasper_Zhang,ridge,0.67578125,0.3024078607559204
Theo_Jasper_Zhang,ridge,0.68359375,0.25529903173446655
Theo_Jasper_Zhang,ridge,0.69140625,0.21152924001216888
Theo_Jasper_Zhang,ridge,0.69921875,0.17014020681381226
Theo_Jasper_Zhang,ridge,0.70703125,0.1302628368139267
Theo_Jasper_Zhang,ridge,0.71484375,0.09138329327106476
Theo_Jasper_Zhang,ridge,0.72265625,0.05337865650653839
Theo_Jasper_Zhang,ridge,0.73046875,0.01640467345714569
Theo_Jasper_Zhang,ridge,0.73828125,-0.019223392009735107
Theo_Jasper_Zhang,ridge,0.74609375,-0.053213074803352356
Theo_Jasper_Zhang,ridge,0.75390625,-0.08546003699302673
Theo_Jasper_Zhang,ridge,0.76171875,-0.11604347825050354
Theo_Jasper_Zhang,ridge,0.76953125,-0.14494630694389343
Theo_Jasper_Zhang,ridge,0.77734375,-0.1717861443758011
Theo_Jasper_Zhang,ridge,0.78515625,-0.19601668417453766
Theo_Jasper_Zhang,ridge,0.79296875,-0.21740180253982544
Theo_Jasper_Zhang,ridge,0.80078125,-0.2360519915819168
Theo_Jasper_Zhang,ridge,0.80859375,-0.25213712453842163
Theo_Jasper_Zhang,ridge,0.81640625,-0.26581239700317383
Theo_Jasper_Zhang,ridge,0.82421875,-0.27727365493774414
Theo_Jasper_Zhang,ridge,0.83203125,-0.2867220640182495
Theo_Jasper_Zhang,ridge,0.83984375,-0.2941429316997528
Theo_Jasper_Zhang,ridge,0.84765625,-0.2994801998138428
Theo_Jasper_Zhang,ridge,0.85546875,-0.30303195118904114
Theo_Jasper_Zhang,ridge,0.86328125,-0.3055088520050049
Theo_Jasper_Zhang,ridge,0.87109375,-0.3083552122116089
Theo_Jasper_Zhang,ridge,0.87890625,-0.3129744231700897
Theo_Jasper_Zhang,ridge,0.88671875,-0.3206808865070343
Theo_Jasper_Zhang,ridge,0.89453125,-0.3335527777671814
Theo_Jasper_Zhang,ridge,0.90234375,-0.3536933660507202
Theo_Jasper_Zhang,ridge,0.91015625,-0.3789442479610443
Theo_Jasper_Zhang,ridge,0.91796875,-0.40563374757766724
Theo_Jasper_Zhang,ridge,0.92578125,-0.4318286180496216
Theo_Jasper_Zhang,ridge,0.93359375,-0.45356619358062744
Theo_Jasper_Zhang,ridge,0.94140625,-0.4736623466014862
Theo_Jasper_Zhang,ridge,0.94921875,-0.4946868419647217
Theo_Jasper_Zhang,ridge,0.95703125,-0.5100762844085693
Theo_Jasper_Zhang,ridge,0.96484375,-0.5142987370491028
Theo_Jasper_Zhang,ridge,0.97265625,-0.5132826566696167
Theo_Jasper_Zhang,ridge,0.98046875,-0.5431900024414062
Theo_Jasper_Zhang,ridge,0.98828125,-0.5505160093307495
Theo_Jasper_Zhang,ridge,0.99609375,-0.5429436564445496
Theo_Jasper_Zhang,ridge,1.0,-0.5350196361541748
Theo_Jasper_Zhang,enet,0.0,-0.4414520263671875
Theo_Jasper_Zhang,enet,0.00390625,-0.4420909285545349
Theo_Jasper_Zhang,enet,0.01171875,-0.4432973563671112
Theo_Jasper_Zhang,enet,0.01953125,-0.444438636302948
Theo_Jasper_Zhang,enet,0.02734375,-0.4454963803291321
Theo_Jasper_Zhang,enet,0.03515625,-0.4464153051376343
Theo_Jasper_Zhang,enet,0.04296875,-0.4471481740474701
Theo_Jasper_Zhang,enet,0.05078125,-0.44766390323638916
Theo_Jasper_Zhang,enet,0.05859375,-0.4478641450405121
Theo_Jasper_Zhang,enet,0.06640625,-0.44753074645996094
Theo_Jasper_Zhang,enet,0.07421875,-0.44624626636505127
Theo_Jasper_Zhang,enet,0.08203125,-0.443746417760849
Theo_Jasper_Zhang,enet,0.08984375,-0.43985435366630554
Theo_Jasper_Zhang,enet,0.09765625,-0.43440669775009155
Theo_Jasper_Zhang,enet,0.10546875,-0.42718565464019775
Theo_Jasper_Zhang,enet,0.11328125,-0.41796448826789856
Theo_Jasper_Zhang,enet,0.12109375,-0.406613826751709
Theo_Jasper_Zhang,enet,0.12890625,-0.39309191703796387
Theo_Jasper_Zhang,enet,0.13671875,-0.3774346709251404
Theo_Jasper_Zhang,enet,0.14453125,-0.35982292890548706
Theo_Jasper_Zhang,enet,0.15234375,-0.3404850959777832
Theo_Jasper_Zhang,enet,0.16015625,-0.3196261525154114
Theo_Jasper_Zhang,enet,0.16796875,-0.2974405288696289
Theo_Jasper_Zhang,enet,0.17578125,-0.27403178811073303
Theo_Jasper_Zhang,enet,0.18359375,-0.24940410256385803
Theo_Jasper_Zhang,enet,0.19140625,-0.22352862358093262
Theo_Jasper_Zhang,enet,0.19921875,-0.19640743732452393
Theo_Jasper_Zhang,enet,0.20703125,-0.16806337237358093
Theo_Jasper_Zhang,enet,0.21484375,-0.13845449686050415
Theo_Jasper_Zhang,enet,0.22265625,-0.10748913884162903
Theo_Jasper_Zhang,enet,0.23046875,-0.07514694333076477
Theo_Jasper_Zhang,enet,0.23828125,-0.04144018888473511
Theo_Jasper_Zhang,enet,0.24609375,-0.006457000970840454
Theo_Jasper_Zhang,enet,0.25390625,0.02962791919708252
Theo_Jasper_Zhang,enet,0.26171875,0.06658127903938293
Theo_Jasper_Zhang,enet,0.26953125,0.10411447286605835
Theo_Jasper_Zhang,enet,0.27734375,0.14190897345542908
Theo_Jasper_Zhang,enet,0.28515625,0.17941510677337646
Theo_Jasper_Zhang,enet,0.29296875,0.21586093306541443
Theo_Jasper_Zhang,enet,0.30078125,0.25037717819213867
Theo_Jasper_Zhang,enet,0.30859375,0.2819649577140808
Theo_Jasper_Zhang,enet,0.31640625,0.309487909078598
Theo_Jasper_Zhang,enet,0.32421875,0.33174929022789
Theo_Jasper_Zhang,enet,0.33203125,0.3476640582084656
Theo_Jasper_Zhang,enet,0.33984375,0.35652801394462585
Theo_Jasper_Zhang,enet,0.34765625,0.3583449721336365
Theo_Jasper_Zhang,enet,0.35546875,0.35425204038619995
Theo_Jasper_Zhang,enet,0.36328125,0.34645533561706543
Theo_Jasper_Zhang,enet,0.37109375,0.337523877620697
Theo_Jasper_Zhang,enet,0.37890625,0.32962822914123535
Theo_Jasper_Zhang,enet,0.38671875,0.3246115446090698
Theo_Jasper_Zhang,enet,0.39453125,0.32459649443626404
Theo_Jasper_Zhang,enet,0.40234375,0.33204659819602966
Theo_Jasper_Zhang,enet,0.41015625,0.34916505217552185
Theo_Jasper_Zhang,enet,0.41796875,0.3774050176143646
Theo_Jasper_Zhang,enet,0.42578125,0.41733646392822266
Theo_Jasper_Zhang,enet,0.43359375,0.46879681944847107
Theo_Jasper_Zhang,enet,0.44140625,0.5310555100440979
Theo_Jasper_Zhang,enet,0.44921875,0.6031038165092468
Theo_Jasper_Zhang,enet,0.45703125,0.6840355396270752
Theo_Jasper_Zhang,enet,0.46484375,0.7729678750038147
Theo_Jasper_Zhang,enet,0.47265625,0.8677347302436829
Theo_Jasper_Zhang,enet,0.48046875,0.9622458815574646
Theo_Jasper_Zhang,enet,0.48828125,1.0447503328323364
Theo_Jasper_Zhang,enet,0.49609375,1.1021519899368286
Theo_Jasper_Zhang,enet,0.50390625,1.1317238807678223
Theo_Jasper_Zhang,enet,0.51171875,1.143868327140808
Theo_Jasper_Zhang,enet,0.51953125,1.1499438285827637
Theo_Jasper_Zhang,enet,0.52734375,1.1552633047103882
Theo_Jasper_Zhang,enet,0.53515625,1.1604264974594116
Theo_Jasper_Zhang,enet,0.54296875,1.1637468338012695
Theo_Jasper_Zhang,enet,0.55078125,1.1630682945251465
Theo_Jasper_Zhang,enet,0.55859375,1.1569955348968506
Theo_Jasper_Zhang,enet,0.56640625,1.1451689004898071
Theo_Jasper_Zhang,enet,0.57421875,1.1275252103805542
Theo_Jasper_Zhang,enet,0.58203125,1.1033852100372314
Theo_Jasper_Zhang,enet,0.58984375,1.0715935230255127
Theo_Jasper_Zhang,enet,0.59765625,1.0316470861434937
Theo_Jasper_Zhang,enet,0.60546875,0.984553337097168
Theo_Jasper_Zhang,enet,0.61328125,0.9327805042266846
Theo_Jasper_Zhang,enet,0.62109375,0.8794267773628235
Theo_Jasper_Zhang,enet,0.62890625,0.8272097706794739
Theo_Jasper_Zhang,enet,0.63671875,0.7780433297157288
Theo_Jasper_Zhang,enet,0.64453125,0.733155369758606
Theo_Jasper_Zhang,enet,0.65234375,0.6931149959564209
Theo_Jasper_Zhang,enet,0.66015625,0.6576913595199585
Theo_Jasper_Zhang,enet,0.66796875,0.626000702381134
Theo_Jasper_Zhang,enet,0.67578125,0.5970253944396973
Theo_Jasper_Zhang,enet,0.68359375,0.5699065327644348
Theo_Jasper_Zhang,enet,0.69140625,0.5439426898956299
Theo_Jasper_Zhang,enet,0.69921875,0.518600344657898
Theo_Jasper_Zhang,enet,0.70703125,0.49365609884262085
Theo_Jasper_Zhang,enet,0.71484375,0.4691128730773926
Theo_Jasper_Zhang,enet,0.72265625,0.4450185298919678
Theo_Jasper_Zhang,enet,0.73046875,0.4215158522129059
Theo_Jasper_Zhang,enet,0.73828125,0.3989143669605255
Theo_Jasper_Zhang,enet,0.74609375,0.37756699323654175
Theo_Jasper_Zhang,enet,0.75390625,0.3576967716217041
Theo_Jasper_Zhang,enet,0.76171875,0.339385449886322
Theo_Jasper_Zhang,enet,0.76953125,0.3227338492870331
Theo_Jasper_Zhang,enet,0.77734375,0.307975172996521
Theo_Jasper_Zhang,enet,0.78515625,0.2953190207481384
Theo_Jasper_Zhang,enet,0.79296875,0.28476420044898987
Theo_Jasper_Zhang,enet,0.80078125,0.2762683629989624
Theo_Jasper_Zhang,enet,0.80859375,0.27001214027404785
Theo_Jasper_Zhang,enet,0.81640625,0.2663378119468689
Theo_Jasper_Zhang,enet,0.82421875,0.26546743512153625
Theo_Jasper_Zhang,enet,0.83203125,0.2673414647579193
Theo_Jasper_Zhang,enet,0.83984375,0.271850049495697
Theo_Jasper_Zhang,enet,0.84765625,0.2788788676261902
Theo_Jasper_Zhang,enet,0.85546875,0.2881058156490326
Theo_Jasper_Zhang,enet,0.86328125,0.2990942597389221
Theo_Jasper_Zhang,enet,0.87109375,0.310298353433609
Theo_Jasper_Zhang,enet,0.87890625,0.31899964809417725
Theo_Jasper_Zhang,enet,0.88671875,0.3231957256793976
Theo_Jasper_Zhang,enet,0.89453125,0.3201308250427246
Theo_Jasper_Zhang,enet,0.90234375,0.30600404739379883
Theo_Jasper_Zhang,enet,0.91015625,0.28232067823410034
Theo_Jasper_Zhang,enet,0.91796875,0.2553246021270752
Theo_Jasper_Zhang,enet,0.92578125,0.23076535761356354
Theo_Jasper_Zhang,enet,0.93359375,0.21178731322288513
Theo_Jasper_Zhang,enet,0.94140625,0.1978021264076233
Theo_Jasper_Zhang,enet,0.94921875,0.19356025755405426
Theo_Jasper_Zhang,enet,0.95703125,0.19697141647338867
Theo_Jasper_Zhang,enet,0.96484375,0.2105409801006317
Theo_Jasper_Zhang,enet,0.97265625,0.21703027188777924
Theo_Jasper_Zhang,enet,0.98046875,0.18014544248580933
Theo_Jasper_Zhang,enet,0.98828125,0.15894383192062378
Theo_Jasper_Zhang,enet,0.99609375,0.16419947147369385
Theo_Jasper_Zhang,enet,1.0,0.17382904887199402
Thomas_Harries_Huckstable,ridge,0.0,3.823549509048462
Thomas_Harries_Huckstable,ridge,0.00390625,3.8195648193359375
Thomas_Harries_Huckstable,ridge,0.01171875,3.8116955757141113
Thomas_Harries_Huckstable,ridge,0.01953125,3.804006576538086
Thomas_Harries_Huckstable,ridge,0.02734375,3.7965359687805176
Thomas_Harries_Huckstable,ridge,0.03515625,3.7893452644348145
Thomas_Harries_Huckstable,ridge,0.04296875,3.7824697494506836
Thomas_Harries_Huckstable,ridge,0.05078125,3.7759344577789307
Thomas_Harries_Huckstable,ridge,0.05859375,3.769740104675293
Thomas_Harries_Huckstable,ridge,0.06640625,3.763829231262207
Thomas_Harries_Huckstable,ridge,0.07421875,3.7581348419189453
Thomas_Harries_Huckstable,ridge,0.08203125,3.7526330947875977
Thomas_Harries_Huckstable,ridge,0.08984375,3.747429370880127
Thomas_Harries_Huckstable,ridge,0.09765625,3.742689847946167
Thomas_Harries_Huckstable,ridge,0.10546875,3.7384798526763916
Thomas_Harries_Huckstable,ridge,0.11328125,3.734788417816162
Thomas_Harries_Huckstable,ridge,0.12109375,3.731569766998291
Thomas_Harries_Huckstable,ridge,0.12890625,3.7288269996643066
Thomas_Harries_Huckstable,ridge,0.13671875,3.726569652557373
Thomas_Harries_Huckstable,ridge,0.14453125,3.7247705459594727
Thomas_Harries_Huckstable,ridge,0.15234375,3.723332643508911
Thomas_Harries_Huckstable,ridge,0.16015625,3.722024440765381
Thomas_Harries_Huckstable,ridge,0.16796875,3.720578193664551
Thomas_Harries_Huckstable,ridge,0.17578125,3.718700885772705
Thomas_Harries_Huckstable,ridge,0.18359375,3.7161569595336914
Thomas_Harries_Huckstable,ridge,0.19140625,3.7126622200012207
Thomas_Harries_Huckstable,ridge,0.19921875,3.707958221435547
Thomas_Harries_Huckstable,ridge,0.20703125,3.7018303871154785
Thomas_Harries_Huckstable,ridge,0.21484375,3.6940393447875977
Thomas_Harries_Huckstable,ridge,0.22265625,3.6842942237854004
Thomas_Harries_Huckstable,ridge,0.23046875,3.672109603881836
Thomas_Harries_Huckstable,ridge,0.23828125,3.6568760871887207
Thomas_Harries_Huckstable,ridge,0.24609375,3.637878894805908
Thomas_Harries_Huckstable,ridge,0.25390625,3.6146202087402344
Thomas_Harries_Huckstable,ridge,0.26171875,3.58634090423584
Thomas_Harries_Huckstable,ridge,0.26953125,3.552180290222168
Thomas_Harries_Huckstable,ridge,0.27734375,3.511439085006714
Thomas_Harries_Huckstable,ridge,0.28515625,3.463507652282715
Thomas_Harries_Huckstable,ridge,0.29296875,3.4078800678253174
Thomas_Harries_Huckstable,ridge,0.30078125,3.3443350791931152
Thomas_Harries_Huckstable,ridge,0.30859375,3.2729108333587646
Thomas_Harries_Huckstable,ridge,0.31640625,3.1935884952545166
Thomas_Harries_Huckstable,ridge,0.32421875,3.1061363220214844
Thomas_Harries_Huckstable,ridge,0.33203125,3.0104241371154785
Thomas_Harries_Huckstable,ridge,0.33984375,2.9065656661987305
Thomas_Harries_Huckstable,ridge,0.34765625,2.7951717376708984
Thomas_Harries_Huckstable,ridge,0.35546875,2.6775898933410645
Thomas_Harries_Huckstable,ridge,0.36328125,2.5556397438049316
Thomas_Harries_Huckstable,ridge,0.37109375,2.4314279556274414
Thomas_Harries_Huckstable,ridge,0.37890625,2.3067820072174072
Thomas_Harries_Huckstable,ridge,0.38671875,2.182802677154541
Thomas_Harries_Huckstable,ridge,0.39453125,2.05993914604187
Thomas_Harries_Huckstable,ridge,0.40234375,1.9379394054412842
Thomas_Harries_Huckstable,ridge,0.41015625,1.8163328170776367
Thomas_Harries_Huckstable,ridge,0.41796875,1.6946132183074951
Thomas_Harries_Huckstable,ridge,0.42578125,1.5722918510437012
Thomas_Harries_Huckstable,ridge,0.43359375,1.4488282203674316
Thomas_Harries_Huckstable,ridge,0.44140625,1.3240880966186523
Thomas_Harries_Huckstable,ridge,0.44921875,1.1993156671524048
Thomas_Harries_Huckstable,ridge,0.45703125,1.0771691799163818
Thomas_Harries_Huckstable,ridge,0.46484375,0.9611377120018005
Thomas_Harries_Huckstable,ridge,0.47265625,0.8547489643096924
Thomas_Harries_Huckstable,ridge,0.48046875,0.760526180267334
Thomas_Harries_Huckstable,ridge,0.48828125,0.679015040397644
Thomas_Harries_Huckstable,ridge,0.49609375,0.6087307929992676
Thomas_Harries_Huckstable,ridge,0.50390625,0.5472760200500488
Thomas_Harries_Huckstable,ridge,0.51171875,0.49242186546325684
Thomas_Harries_Huckstable,ridge,0.51953125,0.44234535098075867
Thomas_Harries_Huckstable,ridge,0.52734375,0.39559710025787354
Thomas_Harries_Huckstable,ridge,0.53515625,0.3510400950908661
Thomas_Harries_Huckstable,ridge,0.54296875,0.3078336715698242
Thomas_Harries_Huckstable,ridge,0.55078125,0.26549652218818665
Thomas_Harries_Huckstable,ridge,0.55859375,0.2239079624414444
Thomas_Harries_Huckstable,ridge,0.56640625,0.18332555890083313
Thomas_Harries_Huckstable,ridge,0.57421875,0.14425653219223022
Thomas_Harries_Huckstable,ridge,0.58203125,0.1073586642742157
Thomas_Harries_Huckstable,ridge,0.58984375,0.07326890528202057
Thomas_Harries_Huckstable,ridge,0.59765625,0.042446061968803406
Thomas_Harries_Huckstable,ridge,0.60546875,0.01510569453239441
Thomas_Harries_Huckstable,ridge,0.61328125,-0.008825823664665222
Thomas_Harries_Huckstable,ridge,0.62109375,-0.029490098357200623
Thomas_Harries_Huckstable,ridge,0.62890625,-0.047009870409965515
Thomas_Harries_Huckstable,ridge,0.63671875,-0.06167268753051758
Thomas_Harries_Huckstable,ridge,0.64453125,-0.07391184568405151
Thomas_Harries_Huckstable,ridge,0.65234375,-0.08417288959026337
Thomas_Harries_Huckstable,ridge,0.66015625,-0.0928007960319519
Thomas_Harries_Huckstable,ridge,0.66796875,-0.09990742802619934
Thomas_Harries_Huckstable,ridge,0.67578125,-0.1052652895450592
Thomas_Harries_Huckstable,ridge,0.68359375,-0.10840687155723572
Thomas_Harries_Huckstable,ridge,0.69140625,-0.10901390016078949
Thomas_Harries_Huckstable,ridge,0.69921875,-0.10730680078268051
Thomas_Harries_Huckstable,ridge,0.70703125,-0.10405507683753967
Thomas_Harries_Huckstable,ridge,0.71484375,-0.10032360255718231
Thomas_Harries_Huckstable,ridge,0.72265625,-0.09722886234521866
Thomas_Harries_Huckstable,ridge,0.73046875,-0.09575369209051132
Thomas_Harries_Huckstable,ridge,0.73828125,-0.09668021649122238
Thomas_Harries_Huckstable,ridge,0.74609375,-0.1005108505487442
Thomas_Harries_Huckstable,ridge,0.75390625,-0.10730721801519394
Thomas_Harries_Huckstable,ridge,0.76171875,-0.11662536859512329
Thomas_Harries_Huckstable,ridge,0.76953125,-0.12746219336986542
Thomas_Harries_Huckstable,ridge,0.77734375,-0.1381617933511734
Thomas_Harries_Huckstable,ridge,0.78515625,-0.1471121907234192
Thomas_Harries_Huckstable,ridge,0.79296875,-0.15321820974349976
Thomas_Harries_Huckstable,ridge,0.80078125,-0.15537510812282562
Thomas_Harries_Huckstable,ridge,0.80859375,-0.15303605794906616
Thomas_Harries_Huckstable,ridge,0.81640625,-0.1461302638053894
Thomas_Harries_Huckstable,ridge,0.82421875,-0.13463325798511505
Thomas_Harries_Huckstable,ridge,0.83203125,-0.11866441369056702
Thomas_Harries_Huckstable,ridge,0.83984375,-0.0988197922706604
Thomas_Harries_Huckstable,ridge,0.84765625,-0.07544460892677307
Thomas_Harries_Huckstable,ridge,0.85546875,-0.04976573586463928
Thomas_Harries_Huckstable,ridge,0.86328125,-0.02403099834918976
Thomas_Harries_Huckstable,ridge,0.87109375,4.793703556060791e-05
Thomas_Harries_Huckstable,ridge,0.87890625,0.021448224782943726
Thomas_Harries_Huckstable,ridge,0.88671875,0.03948616981506348
Thomas_Harries_Huckstable,ridge,0.89453125,0.053310826420784
Thomas_Harries_Huckstable,ridge,0.90234375,0.06225422024726868
Thomas_Harries_Huckstable,ridge,0.91015625,0.06616222858428955
Thomas_Harries_Huckstable,ridge,0.91796875,0.06512361764907837
Thomas_Harries_Huckstable,ridge,0.92578125,0.05966046452522278
Thomas_Harries_Huckstable,ridge,0.93359375,0.05032256245613098
Thomas_Harries_Huckstable,ridge,0.94140625,0.037869393825531006
Thomas_Harries_Huckstable,ridge,0.94921875,0.023055031895637512
Thomas_Harries_Huckstable,ridge,0.95703125,0.00594078004360199
Thomas_Harries_Huckstable,ridge,0.96484375,-0.010939136147499084
Thomas_Harries_Huckstable,ridge,0.97265625,-0.024491608142852783
Thomas_Harries_Huckstable,ridge,0.98046875,-0.03528785705566406
Thomas_Harries_Huckstable,ridge,0.98828125,-0.043086618185043335
Thomas_Harries_Huckstable,ridge,0.99609375,-0.04687510430812836
Thomas_Harries_Huckstable,ridge,1.0,-0.04730251431465149
Thomas_Harries_Huckstable,enet,0.0,-0.6323868632316589
Thomas_Harries_Huckstable,enet,0.00390625,-0.6358290314674377
Thomas_Harries_Huckstable,enet,0.01171875,-0.6426719427108765
Thomas_Harries_Huckstable,enet,0.01953125,-0.6493422389030457
Thomas_Harries_Huckstable,enet,0.02734375,-0.6556774973869324
Thomas_Harries_Huckstable,enet,0.03515625,-0.6614845991134644
Thomas_Harries_Huckstable,enet,0.04296875,-0.6666005849838257
Thomas_Harries_Huckstable,enet,0.05078125,-0.670913815498352
Thomas_Harries_Huckstable,enet,0.05859375,-0.6743680238723755
Thomas_Harries_Huckstable,enet,0.06640625,-0.6768726706504822
Thomas_Harries_Huckstable,enet,0.07421875,-0.6783052682876587
Thomas_Harries_Huckstable,enet,0.08203125,-0.678520679473877
Thomas_Harries_Huckstable,enet,0.08984375,-0.677232027053833
Thomas_Harries_Huckstable,enet,0.09765625,-0.6741001009941101
Thomas_Harries_Huckstable,enet,0.10546875,-0.6689212918281555
Thomas_Harries_Huckstable,enet,0.11328125,-0.6615850925445557
Thomas_Harries_Huckstable,enet,0.12109375,-0.6519825458526611
Thomas_Harries_Huckstable,enet,0.12890625,-0.6399211883544922
Thomas_Harries_Huckstable,enet,0.13671875,-0.6252416372299194
Thomas_Harries_Huckstable,enet,0.14453125,-0.6077951788902283
Thomas_Harries_Huckstable,enet,0.15234375,-0.5874620079994202
Thomas_Harries_Huckstable,enet,0.16015625,-0.5642644762992859
Thomas_Harries_Huckstable,enet,0.16796875,-0.5384228825569153
Thomas_Harries_Huckstable,enet,0.17578125,-0.5102634429931641
Thomas_Harries_Huckstable,enet,0.18359375,-0.47998785972595215
Thomas_Harries_Huckstable,enet,0.19140625,-0.44794464111328125
Thomas_Harries_Huckstable,enet,0.19921875,-0.4143877327442169
Thomas_Harries_Huckstable,enet,0.20703125,-0.3795316815376282
Thomas_Harries_Huckstable,enet,0.21484375,-0.3435768485069275
Thomas_Harries_Huckstable,enet,0.22265625,-0.30672866106033325
Thomas_Harries_Huckstable,enet,0.23046875,-0.2694852352142334
Thomas_Harries_Huckstable,enet,0.23828125,-0.23269212245941162
Thomas_Harries_Huckstable,enet,0.24609375,-0.1974582076072693
Thomas_Harries_Huckstable,enet,0.25390625,-0.1650986671447754
Thomas_Harries_Huckstable,enet,0.26171875,-0.13651639223098755
Thomas_Harries_Huckstable,enet,0.26953125,-0.1123095154762268
Thomas_Harries_Huckstable,enet,0.27734375,-0.09282395243644714
Thomas_Harries_Huckstable,enet,0.28515625,-0.07799738645553589
Thomas_Harries_Huckstable,enet,0.29296875,-0.06730613112449646
Thomas_Harries_Huckstable,enet,0.30078125,-0.059739887714385986
Thomas_Harries_Huckstable,enet,0.30859375,-0.0539156049489975
Thomas_Harries_Huckstable,enet,0.31640625,-0.04844164848327637
Thomas_Harries_Huckstable,enet,0.32421875,-0.042259201407432556
Thomas_Harries_Huckstable,enet,0.33203125,-0.03449799120426178
Thomas_Harries_Huckstable,enet,0.33984375,-0.02444206178188324
Thomas_Harries_Huckstable,enet,0.34765625,-0.01126377284526825
Thomas_Harries_Huckstable,enet,0.35546875,0.006228193640708923
Thomas_Harries_Huckstable,enet,0.36328125,0.029514163732528687
Thomas_Harries_Huckstable,enet,0.37109375,0.06032939255237579
Thomas_Harries_Huckstable,enet,0.37890625,0.1000276505947113
Thomas_Harries_Huckstable,enet,0.38671875,0.1489420086145401
Thomas_Harries_Huckstable,enet,0.39453125,0.20644377171993256
Thomas_Harries_Huckstable,enet,0.40234375,0.27048012614250183
Thomas_Harries_Huckstable,enet,0.41015625,0.3383418023586273
Thomas_Harries_Huckstable,enet,0.41796875,0.40731245279312134
Thomas_Harries_Huckstable,enet,0.42578125,0.4744425117969513
Thomas_Harries_Huckstable,enet,0.43359375,0.5357731580734253
Thomas_Harries_Huckstable,enet,0.44140625,0.5870009064674377
Thomas_Harries_Huckstable,enet,0.44921875,0.6253378987312317
Thomas_Harries_Huckstable,enet,0.45703125,0.6497393250465393
Thomas_Harries_Huckstable,enet,0.46484375,0.6604847311973572
Thomas_Harries_Huckstable,enet,0.47265625,0.6592937707901001
Thomas_Harries_Huckstable,enet,0.48046875,0.6491562128067017
Thomas_Harries_Huckstable,enet,0.48828125,0.63310307264328
Thomas_Harries_Huckstable,enet,0.49609375,0.6129670143127441
Thomas_Harries_Huckstable,enet,0.50390625,0.5898200273513794
Thomas_Harries_Huckstable,enet,0.51171875,0.5649687647819519
Thomas_Harries_Huckstable,enet,0.51953125,0.5398746132850647
Thomas_Harries_Huckstable,enet,0.52734375,0.5155772566795349
Thomas_Harries_Huckstable,enet,0.53515625,0.4922783076763153
Thomas_Harries_Huckstable,enet,0.54296875,0.46939414739608765
Thomas_Harries_Huckstable,enet,0.55078125,0.4460028111934662
Thomas_Harries_Huckstable,enet,0.55859375,0.4213813543319702
Thomas_Harries_Huckstable,enet,0.56640625,0.3953794538974762
Thomas_Harries_Huckstable,enet,0.57421875,0.36842530965805054
Thomas_Harries_Huckstable,enet,0.58203125,0.34125542640686035
Thomas_Harries_Huckstable,enet,0.58984375,0.314578652381897
Thomas_Harries_Huckstable,enet,0.59765625,0.2889486849308014
Thomas_Harries_Huckstable,enet,0.60546875,0.2648584842681885
Thomas_Harries_Huckstable,enet,0.61328125,0.24279266595840454
Thomas_Harries_Huckstable,enet,0.62109375,0.2231619954109192
Thomas_Harries_Huckstable,enet,0.62890625,0.20619304478168488
Thomas_Harries_Huckstable,enet,0.63671875,0.19183532893657684
Thomas_Harries_Huckstable,enet,0.64453125,0.17979393899440765
Thomas_Harries_Huckstable,enet,0.65234375,0.16969594359397888
Thomas_Harries_Huckstable,enet,0.66015625,0.16119778156280518
Thomas_Harries_Huckstable,enet,0.66796875,0.1540743112564087
Thomas_Harries_Huckstable,enet,0.67578125,0.1483743041753769
Thomas_Harries_Huckstable,enet,0.68359375,0.14438101649284363
Thomas_Harries_Huckstable,enet,0.69140625,0.14216789603233337
Thomas_Harries_Huckstable,enet,0.69921875,0.14118298888206482
Thomas_Harries_Huckstable,enet,0.70703125,0.14034081995487213
Thomas_Harries_Huckstable,enet,0.71484375,0.13822883367538452
Thomas_Harries_Huckstable,enet,0.72265625,0.13319770991802216
Thomas_Harries_Huckstable,enet,0.73046875,0.12369611114263535
Thomas_Harries_Huckstable,enet,0.73828125,0.10870399326086044
Thomas_Harries_Huckstable,enet,0.74609375,0.08802582323551178
Thomas_Harries_Huckstable,enet,0.75390625,0.06227879971265793
Thomas_Harries_Huckstable,enet,0.76171875,0.03248332068324089
Thomas_Harries_Huckstable,enet,0.76953125,3.376603126525879e-05
Thomas_Harries_Huckstable,enet,0.77734375,-0.032694295048713684
Thomas_Harries_Huckstable,enet,0.78515625,-0.06296823918819427
Thomas_Harries_Huckstable,enet,0.79296875,-0.08872612565755844
Thomas_Harries_Huckstable,enet,0.80078125,-0.10873360931873322
Thomas_Harries_Huckstable,enet,0.80859375,-0.12343557924032211
Thomas_Harries_Huckstable,enet,0.81640625,-0.13386975228786469
Thomas_Harries_Huckstable,enet,0.82421875,-0.14055955410003662
Thomas_Harries_Huckstable,enet,0.83203125,-0.14379815757274628
Thomas_Harries_Huckstable,enet,0.83984375,-0.14477521181106567
Thomas_Harries_Huckstable,enet,0.84765625,-0.14346154034137726
Thomas_Harries_Huckstable,enet,0.85546875,-0.13808570802211761
Thomas_Harries_Huckstable,enet,0.86328125,-0.12947769463062286
Thomas_Harries_Huckstable,enet,0.87109375,-0.11976701021194458
Thomas_Harries_Huckstable,enet,0.87890625,-0.11085407435894012
Thomas_Harries_Huckstable,enet,0.88671875,-0.10411028563976288
Thomas_Harries_Huckstable,enet,0.89453125,-0.10074394196271896
Thomas_Harries_Huckstable,enet,0.90234375,-0.1016911119222641
Thomas_Harries_Huckstable,enet,0.91015625,-0.10727430880069733
Thomas_Harries_Huckstable,enet,0.91796875,-0.11714725196361542
Thomas_Harries_Huckstable,enet,0.92578125,-0.12987120449543
Thomas_Harries_Huckstable,enet,0.93359375,-0.14432255923748016
Thomas_Harries_Huckstable,enet,0.94140625,-0.15963515639305115
Thomas_Harries_Huckstable,enet,0.94921875,-0.1747780442237854
Thomas_Harries_Huckstable,enet,0.95703125,-0.1884618103504181
Thomas_Harries_Huckstable,enet,0.96484375,-0.19771535694599152
Thomas_Harries_Huckstable,enet,0.97265625,-0.20416003465652466
Thomas_Harries_Huckstable,enet,0.98046875,-0.2088012844324112
Thomas_Harries_Huckstable,enet,0.98828125,-0.20936039090156555
Thomas_Harries_Huckstable,enet,0.99609375,-0.20540539920330048
Thomas_Harries_Huckstable,enet,1.0,-0.20228685438632965
Tollbooth_Jerome_Malcomb,ridge,0.0,4.270808696746826
Tollbooth_Jerome_Malcomb,ridge,0.00390625,4.267558574676514
Tollbooth_Jerome_Malcomb,ridge,0.01171875,4.261011123657227
Tollbooth_Jerome_Malcomb,ridge,0.01953125,4.254464149475098
Tollbooth_Jerome_Malcomb,ridge,0.02734375,4.247908592224121
Tollbooth_Jerome_Malcomb,ridge,0.03515625,4.241269588470459
Tollbooth_Jerome_Malcomb,ridge,0.04296875,4.23457145690918
Tollbooth_Jerome_Malcomb,ridge,0.05078125,4.227861404418945
Tollbooth_Jerome_Malcomb,ridge,0.05859375,4.221135139465332
Tollbooth_Jerome_Malcomb,ridge,0.06640625,4.214449882507324
Tollbooth_Jerome_Malcomb,ridge,0.07421875,4.207901477813721
Tollbooth_Jerome_Malcomb,ridge,0.08203125,4.201557159423828
Tollbooth_Jerome_Malcomb,ridge,0.08984375,4.195441246032715
Tollbooth_Jerome_Malcomb,ridge,0.09765625,4.189540386199951
Tollbooth_Jerome_Malcomb,ridge,0.10546875,4.183859825134277
Tollbooth_Jerome_Malcomb,ridge,0.11328125,4.178462982177734
Tollbooth_Jerome_Malcomb,ridge,0.12109375,4.17341423034668
Tollbooth_Jerome_Malcomb,ridge,0.12890625,4.168702125549316
Tollbooth_Jerome_Malcomb,ridge,0.13671875,4.164229869842529
Tollbooth_Jerome_Malcomb,ridge,0.14453125,4.159871578216553
Tollbooth_Jerome_Malcomb,ridge,0.15234375,4.155517578125
Tollbooth_Jerome_Malcomb,ridge,0.16015625,4.151000022888184
Tollbooth_Jerome_Malcomb,ridge,0.16796875,4.146183013916016
Tollbooth_Jerome_Malcomb,ridge,0.17578125,4.141119956970215
Tollbooth_Jerome_Malcomb,ridge,0.18359375,4.135787010192871
Tollbooth_Jerome_Malcomb,ridge,0.19140625,4.1302289962768555
Tollbooth_Jerome_Malcomb,ridge,0.19921875,4.124507427215576
Tollbooth_Jerome_Malcomb,ridge,0.20703125,4.118612289428711
Tollbooth_Jerome_Malcomb,ridge,0.21484375,4.112614631652832
Tollbooth_Jerome_Malcomb,ridge,0.22265625,4.106547832489014
Tollbooth_Jerome_Malcomb,ridge,0.23046875,4.100388050079346
Tollbooth_Jerome_Malcomb,ridge,0.23828125,4.09403133392334
Tollbooth_Jerome_Malcomb,ridge,0.24609375,4.087360382080078
Tollbooth_Jerome_Malcomb,ridge,0.25390625,4.0803446769714355
Tollbooth_Jerome_Malcomb,ridge,0.26171875,4.0729899406433105
Tollbooth_Jerome_Malcomb,ridge,0.26953125,4.065296173095703
Tollbooth_Jerome_Malcomb,ridge,0.27734375,4.057231903076172
Tollbooth_Jerome_Malcomb,ridge,0.28515625,4.048739433288574
Tollbooth_Jerome_Malcomb,ridge,0.29296875,4.039763927459717
Tollbooth_Jerome_Malcomb,ridge,0.30078125,4.0302910804748535
Tollbooth_Jerome_Malcomb,ridge,0.30859375,4.020325660705566
Tollbooth_Jerome_Malcomb,ridge,0.31640625,4.009783744812012
Tollbooth_Jerome_Malcomb,ridge,0.32421875,3.9984428882598877
Tollbooth_Jerome_Malcomb,ridge,0.33203125,3.985996723175049
Tollbooth_Jerome_Malcomb,ridge,0.33984375,3.97212553024292
Tollbooth_Jerome_Malcomb,ridge,0.34765625,3.9564859867095947
Tollbooth_Jerome_Malcomb,ridge,0.35546875,3.9387669563293457
Tollbooth_Jerome_Malcomb,ridge,0.36328125,3.918642282485962
Tollbooth_Jerome_Malcomb,ridge,0.37109375,3.8956542015075684
Tollbooth_Jerome_Malcomb,ridge,0.37890625,3.8690855503082275
Tollbooth_Jerome_Malcomb,ridge,0.38671875,3.837906837463379
Tollbooth_Jerome_Malcomb,ridge,0.39453125,3.8006811141967773
Tollbooth_Jerome_Malcomb,ridge,0.40234375,3.7554707527160645
Tollbooth_Jerome_Malcomb,ridge,0.41015625,3.7001049518585205
Tollbooth_Jerome_Malcomb,ridge,0.41796875,3.632624626159668
Tollbooth_Jerome_Malcomb,ridge,0.42578125,3.5515594482421875
Tollbooth_Jerome_Malcomb,ridge,0.43359375,3.4562952518463135
Tollbooth_Jerome_Malcomb,ridge,0.44140625,3.34733247756958
Tollbooth_Jerome_Malcomb,ridge,0.44921875,3.2259860038757324
Tollbooth_Jerome_Malcomb,ridge,0.45703125,3.094334602355957
Tollbooth_Jerome_Malcomb,ridge,0.46484375,2.955305337905884
Tollbooth_Jerome_Malcomb,ridge,0.47265625,2.8126578330993652
Tollbooth_Jerome_Malcomb,ridge,0.48046875,2.670488119125366
Tollbooth_Jerome_Malcomb,ridge,0.48828125,2.532334804534912
Tollbooth_Jerome_Malcomb,ridge,0.49609375,2.401029348373413
Tollbooth_Jerome_Malcomb,ridge,0.50390625,2.2787556648254395
Tollbooth_Jerome_Malcomb,ridge,0.51171875,2.1666407585144043
Tollbooth_Jerome_Malcomb,ridge,0.51953125,2.0644373893737793
Tollbooth_Jerome_Malcomb,ridge,0.52734375,1.9706196784973145
Tollbooth_Jerome_Malcomb,ridge,0.53515625,1.8820881843566895
Tollbooth_Jerome_Malcomb,ridge,0.54296875,1.794792652130127
Tollbooth_Jerome_Malcomb,ridge,0.55078125,1.7077624797821045
Tollbooth_Jerome_Malcomb,ridge,0.55859375,1.6215481758117676
Tollbooth_Jerome_Malcomb,ridge,0.56640625,1.5372025966644287
Tollbooth_Jerome_Malcomb,ridge,0.57421875,1.4559733867645264
Tollbooth_Jerome_Malcomb,ridge,0.58203125,1.378617525100708
Tollbooth_Jerome_Malcomb,ridge,0.58984375,1.3051801919937134
Tollbooth_Jerome_Malcomb,ridge,0.59765625,1.2352206707000732
Tollbooth_Jerome_Malcomb,ridge,0.60546875,1.1682263612747192
Tollbooth_Jerome_Malcomb,ridge,0.61328125,1.1038877964019775
Tollbooth_Jerome_Malcomb,ridge,0.62109375,1.0421371459960938
Tollbooth_Jerome_Malcomb,ridge,0.62890625,0.9830422401428223
Tollbooth_Jerome_Malcomb,ridge,0.63671875,0.9267380237579346
Tollbooth_Jerome_Malcomb,ridge,0.64453125,0.8734016418457031
Tollbooth_Jerome_Malcomb,ridge,0.65234375,0.823231041431427
Tollbooth_Jerome_Malcomb,ridge,0.66015625,0.7764610052108765
Tollbooth_Jerome_Malcomb,ridge,0.66796875,0.7333594560623169
Tollbooth_Jerome_Malcomb,ridge,0.67578125,0.6942194700241089
Tollbooth_Jerome_Malcomb,ridge,0.68359375,0.6593413949012756
Tollbooth_Jerome_Malcomb,ridge,0.69140625,0.6288256049156189
Tollbooth_Jerome_Malcomb,ridge,0.69921875,0.6024750471115112
Tollbooth_Jerome_Malcomb,ridge,0.70703125,0.5799763202667236
Tollbooth_Jerome_Malcomb,ridge,0.71484375,0.5610633492469788
Tollbooth_Jerome_Malcomb,ridge,0.72265625,0.5454092025756836
Tollbooth_Jerome_Malcomb,ridge,0.73046875,0.5325421094894409
Tollbooth_Jerome_Malcomb,ridge,0.73828125,0.5219941735267639
Tollbooth_Jerome_Malcomb,ridge,0.74609375,0.5132411122322083
Tollbooth_Jerome_Malcomb,ridge,0.75390625,0.5056827664375305
Tollbooth_Jerome_Malcomb,ridge,0.76171875,0.498729407787323
Tollbooth_Jerome_Malcomb,ridge,0.76953125,0.49188071489334106
Tollbooth_Jerome_Malcomb,ridge,0.77734375,0.4847206175327301
Tollbooth_Jerome_Malcomb,ridge,0.78515625,0.4769304692745209
Tollbooth_Jerome_Malcomb,ridge,0.79296875,0.46833616495132446
Tollbooth_Jerome_Malcomb,ridge,0.80078125,0.4589853584766388
Tollbooth_Jerome_Malcomb,ridge,0.80859375,0.44913068413734436
Tollbooth_Jerome_Malcomb,ridge,0.81640625,0.4392305612564087
Tollbooth_Jerome_Malcomb,ridge,0.82421875,0.4299834966659546
Tollbooth_Jerome_Malcomb,ridge,0.83203125,0.4222409129142761
Tollbooth_Jerome_Malcomb,ridge,0.83984375,0.41596782207489014
Tollbooth_Jerome_Malcomb,ridge,0.84765625,0.4098987281322479
Tollbooth_Jerome_Malcomb,ridge,0.85546875,0.4034373462200165
Tollbooth_Jerome_Malcomb,ridge,0.86328125,0.39652693271636963
Tollbooth_Jerome_Malcomb,ridge,0.87109375,0.38877129554748535
Tollbooth_Jerome_Malcomb,ridge,0.87890625,0.37972351908683777
Tollbooth_Jerome_Malcomb,ridge,0.88671875,0.370061457157135
Tollbooth_Jerome_Malcomb,ridge,0.89453125,0.3609762191772461
Tollbooth_Jerome_Malcomb,ridge,0.90234375,0.35306960344314575
Tollbooth_Jerome_Malcomb,ridge,0.91015625,0.3467707931995392
Tollbooth_Jerome_Malcomb,ridge,0.91796875,0.3427113890647888
Tollbooth_Jerome_Malcomb,ridge,0.92578125,0.3413723409175873
Tollbooth_Jerome_Malcomb,ridge,0.93359375,0.3424718379974365
Tollbooth_Jerome_Malcomb,ridge,0.94140625,0.3448183536529541
Tollbooth_Jerome_Malcomb,ridge,0.94921875,0.34718480706214905
Tollbooth_Jerome_Malcomb,ridge,0.95703125,0.3489754796028137
Tollbooth_Jerome_Malcomb,ridge,0.96484375,0.35060369968414307
Tollbooth_Jerome_Malcomb,ridge,0.97265625,0.353176474571228
Tollbooth_Jerome_Malcomb,ridge,0.98046875,0.35706210136413574
Tollbooth_Jerome_Malcomb,ridge,0.98828125,0.3610275983810425
Tollbooth_Jerome_Malcomb,ridge,0.99609375,0.3630686402320862
Tollbooth_Jerome_Malcomb,ridge,1.0,0.36290353536605835
Tollbooth_Jerome_Malcomb,enet,0.0,-1.480292558670044
Tollbooth_Jerome_Malcomb,enet,0.00390625,-1.4821122884750366
Tollbooth_Jerome_Malcomb,enet,0.01171875,-1.4858529567718506
Tollbooth_Jerome_Malcomb,enet,0.01953125,-1.489590048789978
Tollbooth_Jerome_Malcomb,enet,0.02734375,-1.493303656578064
Tollbooth_Jerome_Malcomb,enet,0.03515625,-1.4970452785491943
Tollbooth_Jerome_Malcomb,enet,0.04296875,-1.5008180141448975
Tollbooth_Jerome_Malcomb,enet,0.05078125,-1.5046205520629883
Tollbooth_Jerome_Malcomb,enet,0.05859375,-1.5084636211395264
Tollbooth_Jerome_Malcomb,enet,0.06640625,-1.5122699737548828
Tollbooth_Jerome_Malcomb,enet,0.07421875,-1.5158777236938477
Tollbooth_Jerome_Malcomb,enet,0.08203125,-1.5191020965576172
Tollbooth_Jerome_Malcomb,enet,0.08984375,-1.5217829942703247
Tollbooth_Jerome_Malcomb,enet,0.09765625,-1.523788571357727
Tollbooth_Jerome_Malcomb,enet,0.10546875,-1.524967074394226
Tollbooth_Jerome_Malcomb,enet,0.11328125,-1.5251213312149048
Tollbooth_Jerome_Malcomb,enet,0.12109375,-1.524045705795288
Tollbooth_Jerome_Malcomb,enet,0.12890625,-1.5215851068496704
Tollbooth_Jerome_Malcomb,enet,0.13671875,-1.5176728963851929
Tollbooth_Jerome_Malcomb,enet,0.14453125,-1.5122827291488647
Tollbooth_Jerome_Malcomb,enet,0.15234375,-1.5053772926330566
Tollbooth_Jerome_Malcomb,enet,0.16015625,-1.4969525337219238
Tollbooth_Jerome_Malcomb,enet,0.16796875,-1.486985445022583
Tollbooth_Jerome_Malcomb,enet,0.17578125,-1.4752811193466187
Tollbooth_Jerome_Malcomb,enet,0.18359375,-1.4617440700531006
Tollbooth_Jerome_Malcomb,enet,0.19140625,-1.4462494850158691
Tollbooth_Jerome_Malcomb,enet,0.19921875,-1.4286631345748901
Tollbooth_Jerome_Malcomb,enet,0.20703125,-1.408914566040039
Tollbooth_Jerome_Malcomb,enet,0.21484375,-1.3869011402130127
Tollbooth_Jerome_Malcomb,enet,0.22265625,-1.3625718355178833
Tollbooth_Jerome_Malcomb,enet,0.23046875,-1.3359451293945312
Tollbooth_Jerome_Malcomb,enet,0.23828125,-1.30710768699646
Tollbooth_Jerome_Malcomb,enet,0.24609375,-1.2761653661727905
Tollbooth_Jerome_Malcomb,enet,0.25390625,-1.2431241273880005
Tollbooth_Jerome_Malcomb,enet,0.26171875,-1.207940936088562
Tollbooth_Jerome_Malcomb,enet,0.26953125,-1.1706115007400513
Tollbooth_Jerome_Malcomb,enet,0.27734375,-1.1311860084533691
Tollbooth_Jerome_Malcomb,enet,0.28515625,-1.0897204875946045
Tollbooth_Jerome_Malcomb,enet,0.29296875,-1.0462137460708618
Tollbooth_Jerome_Malcomb,enet,0.30078125,-1.0005419254302979
Tollbooth_Jerome_Malcomb,enet,0.30859375,-0.9524813890457153
Tollbooth_Jerome_Malcomb,enet,0.31640625,-0.9017739295959473
Tollbooth_Jerome_Malcomb,enet,0.32421875,-0.8481502532958984
Tollbooth_Jerome_Malcomb,enet,0.33203125,-0.7912447452545166
Tollbooth_Jerome_Malcomb,enet,0.33984375,-0.7305338978767395
Tollbooth_Jerome_Malcomb,enet,0.34765625,-0.6653022766113281
Tollbooth_Jerome_Malcomb,enet,0.35546875,-0.5946143865585327
Tollbooth_Jerome_Malcomb,enet,0.36328125,-0.5173076391220093
Tollbooth_Jerome_Malcomb,enet,0.37109375,-0.43206071853637695
Tollbooth_Jerome_Malcomb,enet,0.37890625,-0.337539941072464
Tollbooth_Jerome_Malcomb,enet,0.38671875,-0.23258602619171143
Tollbooth_Jerome_Malcomb,enet,0.39453125,-0.11665073037147522
Tollbooth_Jerome_Malcomb,enet,0.40234375,0.009738817811012268
Tollbooth_Jerome_Malcomb,enet,0.41015625,0.14485394954681396
Tollbooth_Jerome_Malcomb,enet,0.41796875,0.28574973344802856
Tollbooth_Jerome_Malcomb,enet,0.42578125,0.42823803424835205
Tollbooth_Jerome_Malcomb,enet,0.43359375,0.5672457218170166
Tollbooth_Jerome_Malcomb,enet,0.44140625,0.6975833773612976
Tollbooth_Jerome_Malcomb,enet,0.44921875,0.8149930834770203
Tollbooth_Jerome_Malcomb,enet,0.45703125,0.9170990586280823
Tollbooth_Jerome_Malcomb,enet,0.46484375,1.0035018920898438
Tollbooth_Jerome_Malcomb,enet,0.47265625,1.075188398361206
Tollbooth_Jerome_Malcomb,enet,0.48046875,1.1336596012115479
Tollbooth_Jerome_Malcomb,enet,0.48828125,1.1804492473602295
Tollbooth_Jerome_Malcomb,enet,0.49609375,1.217325210571289
Tollbooth_Jerome_Malcomb,enet,0.50390625,1.2460098266601562
Tollbooth_Jerome_Malcomb,enet,0.51171875,1.2672640085220337
Tollbooth_Jerome_Malcomb,enet,0.51953125,1.2808287143707275
Tollbooth_Jerome_Malcomb,enet,0.52734375,1.2858837842941284
Tollbooth_Jerome_Malcomb,enet,0.53515625,1.279799461364746
Tollbooth_Jerome_Malcomb,enet,0.54296875,1.2587788105010986
Tollbooth_Jerome_Malcomb,enet,0.55078125,1.2237297296524048
Tollbooth_Jerome_Malcomb,enet,0.55859375,1.177443265914917
Tollbooth_Jerome_Malcomb,enet,0.56640625,1.1229913234710693
Tollbooth_Jerome_Malcomb,enet,0.57421875,1.063474416732788
Tollbooth_Jerome_Malcomb,enet,0.58203125,1.0013267993927002
Tollbooth_Jerome_Malcomb,enet,0.58984375,0.9380810856819153
Tollbooth_Jerome_Malcomb,enet,0.59765625,0.8745765686035156
Tollbooth_Jerome_Malcomb,enet,0.60546875,0.8113101720809937
Tollbooth_Jerome_Malcomb,enet,0.61328125,0.7486727237701416
Tollbooth_Jerome_Malcomb,enet,0.62109375,0.6869676113128662
Tollbooth_Jerome_Malcomb,enet,0.62890625,0.6263772249221802
Tollbooth_Jerome_Malcomb,enet,0.63671875,0.567033052444458
Tollbooth_Jerome_Malcomb,enet,0.64453125,0.5091023445129395
Tollbooth_Jerome_Malcomb,enet,0.65234375,0.4528241753578186
Tollbooth_Jerome_Malcomb,enet,0.66015625,0.3985026478767395
Tollbooth_Jerome_Malcomb,enet,0.66796875,0.34646517038345337
Tollbooth_Jerome_Malcomb,enet,0.67578125,0.2970297336578369
Tollbooth_Jerome_Malcomb,enet,0.68359375,0.25051456689834595
Tollbooth_Jerome_Malcomb,enet,0.69140625,0.20725145936012268
Tollbooth_Jerome_Malcomb,enet,0.69921875,0.1675279140472412
Tollbooth_Jerome_Malcomb,enet,0.70703125,0.1316414326429367
Tollbooth_Jerome_Malcomb,enet,0.71484375,0.09999396651983261
Tollbooth_Jerome_Malcomb,enet,0.72265625,0.07270480692386627
Tollbooth_Jerome_Malcomb,enet,0.73046875,0.04946469888091087
Tollbooth_Jerome_Malcomb,enet,0.73828125,0.02993663400411606
Tollbooth_Jerome_Malcomb,enet,0.74609375,0.01378720998764038
Tollbooth_Jerome_Malcomb,enet,0.75390625,0.0005289316177368164
Tollbooth_Jerome_Malcomb,enet,0.76171875,-0.010309025645256042
Tollbooth_Jerome_Malcomb,enet,0.76953125,-0.01898305118083954
Tollbooth_Jerome_Malcomb,enet,0.77734375,-0.025573179125785828
Tollbooth_Jerome_Malcomb,enet,0.78515625,-0.03012654185295105
Tollbooth_Jerome_Malcomb,enet,0.79296875,-0.03278716653585434
Tollbooth_Jerome_Malcomb,enet,0.80078125,-0.033866867423057556
Tollbooth_Jerome_Malcomb,enet,0.80859375,-0.033868514001369476
Tollbooth_Jerome_Malcomb,enet,0.81640625,-0.033359594643116
Tollbooth_Jerome_Malcomb,enet,0.82421875,-0.032637640833854675
Tollbooth_Jerome_Malcomb,enet,0.83203125,-0.031357377767562866
Tollbooth_Jerome_Malcomb,enet,0.83984375,-0.029269710183143616
Tollbooth_Jerome_Malcomb,enet,0.84765625,-0.027511857450008392
Tollbooth_Jerome_Malcomb,enet,0.85546875,-0.026562899351119995
Tollbooth_Jerome_Malcomb,enet,0.86328125,-0.02608608454465866
Tollbooth_Jerome_Malcomb,enet,0.87109375,-0.026204094290733337
Tollbooth_Jerome_Malcomb,enet,0.87890625,-0.02703474462032318
Tollbooth_Jerome_Malcomb,enet,0.88671875,-0.02802804857492447
Tollbooth_Jerome_Malcomb,enet,0.89453125,-0.028678134083747864
Tollbooth_Jerome_Malcomb,enet,0.90234375,-0.029214195907115936
Tollbooth_Jerome_Malcomb,enet,0.91015625,-0.030017457902431488
Tollbooth_Jerome_Malcomb,enet,0.91796875,-0.03111039102077484
Tollbooth_Jerome_Malcomb,enet,0.92578125,-0.032246291637420654
Tollbooth_Jerome_Malcomb,enet,0.93359375,-0.03310175985097885
Tollbooth_Jerome_Malcomb,enet,0.94140625,-0.033605948090553284
Tollbooth_Jerome_Malcomb,enet,0.94921875,-0.033768728375434875
Tollbooth_Jerome_Malcomb,enet,0.95703125,-0.03347735106945038
Tollbooth_Jerome_Malcomb,enet,0.96484375,-0.03304677456617355
Tollbooth_Jerome_Malcomb,enet,0.97265625,-0.03329497575759888
Tollbooth_Jerome_Malcomb,enet,0.98046875,-0.03480519354343414
Tollbooth_Jerome_Malcomb,enet,0.98828125,-0.03748011589050293
Tollbooth_Jerome_Malcomb,enet,0.99609375,-0.04087468981742859
Tollbooth_Jerome_Malcomb,enet,1.0,-0.04267919063568115
Willard_Gary_Barry,ridge,0.0,4.2004594802856445
Willard_Gary_Barry,ridge,0.00390625,4.198705196380615
Willard_Gary_Barry,ridge,0.01171875,4.195240020751953
Willard_Gary_Barry,ridge,0.01953125,4.191779136657715
Willard_Gary_Barry,ridge,0.02734375,4.188283920288086
Willard_Gary_Barry,ridge,0.03515625,4.184762001037598
Willard_Gary_Barry,ridge,0.04296875,4.181235313415527
Willard_Gary_Barry,ridge,0.05078125,4.1776838302612305
Willard_Gary_Barry,ridge,0.05859375,4.1740570068359375
Willard_Gary_Barry,ridge,0.06640625,4.170315742492676
Willard_Gary_Barry,ridge,0.07421875,4.166522979736328
Willard_Gary_Barry,ridge,0.08203125,4.162858009338379
Willard_Gary_Barry,ridge,0.08984375,4.159478187561035
Willard_Gary_Barry,ridge,0.09765625,4.1565046310424805
Willard_Gary_Barry,ridge,0.10546875,4.154009819030762
Willard_Gary_Barry,ridge,0.11328125,4.152034282684326
Willard_Gary_Barry,ridge,0.12109375,4.150595188140869
Willard_Gary_Barry,ridge,0.12890625,4.149683952331543
Willard_Gary_Barry,ridge,0.13671875,4.149279594421387
Willard_Gary_Barry,ridge,0.14453125,4.149351119995117
Willard_Gary_Barry,ridge,0.15234375,4.149852752685547
Willard_Gary_Barry,ridge,0.16015625,4.150722503662109
Willard_Gary_Barry,ridge,0.16796875,4.151900291442871
Willard_Gary_Barry,ridge,0.17578125,4.153326511383057
Willard_Gary_Barry,ridge,0.18359375,4.1549577713012695
Willard_Gary_Barry,ridge,0.19140625,4.15672492980957
Willard_Gary_Barry,ridge,0.19921875,4.1585493087768555
Willard_Gary_Barry,ridge,0.20703125,4.160400390625
Willard_Gary_Barry,ridge,0.21484375,4.162347793579102
Willard_Gary_Barry,ridge,0.22265625,4.1645426750183105
Willard_Gary_Barry,ridge,0.23046875,4.1671953201293945
Willard_Gary_Barry,ridge,0.23828125,4.170568466186523
Willard_Gary_Barry,ridge,0.24609375,4.174965858459473
Willard_Gary_Barry,ridge,0.25390625,4.180714130401611
Willard_Gary_Barry,ridge,0.26171875,4.188168048858643
Willard_Gary_Barry,ridge,0.26953125,4.197675704956055
Willard_Gary_Barry,ridge,0.27734375,4.209499359130859
Willard_Gary_Barry,ridge,0.28515625,4.223775863647461
Willard_Gary_Barry,ridge,0.29296875,4.240569591522217
Willard_Gary_Barry,ridge,0.30078125,4.259912490844727
Willard_Gary_Barry,ridge,0.30859375,4.281820774078369
Willard_Gary_Barry,ridge,0.31640625,4.30626106262207
Willard_Gary_Barry,ridge,0.32421875,4.333070755004883
Willard_Gary_Barry,ridge,0.33203125,4.36185359954834
Willard_Gary_Barry,ridge,0.33984375,4.391946792602539
Willard_Gary_Barry,ridge,0.34765625,4.422347545623779
Willard_Gary_Barry,ridge,0.35546875,4.4516215324401855
Willard_Gary_Barry,ridge,0.36328125,4.477841377258301
Willard_Gary_Barry,ridge,0.37109375,4.4984893798828125
Willard_Gary_Barry,ridge,0.37890625,4.51035213470459
Willard_Gary_Barry,ridge,0.38671875,4.509648323059082
Willard_Gary_Barry,ridge,0.39453125,4.492150783538818
Willard_Gary_Barry,ridge,0.40234375,4.4533185958862305
Willard_Gary_Barry,ridge,0.41015625,4.38868522644043
Willard_Gary_Barry,ridge,0.41796875,4.295243740081787
Willard_Gary_Barry,ridge,0.42578125,4.1736297607421875
Willard_Gary_Barry,ridge,0.43359375,4.028614521026611
Willard_Gary_Barry,ridge,0.44140625,3.8676259517669678
Willard_Gary_Barry,ridge,0.44921875,3.699092388153076
Willard_Gary_Barry,ridge,0.45703125,3.5309276580810547
Willard_Gary_Barry,ridge,0.46484375,3.369166851043701
Willard_Gary_Barry,ridge,0.47265625,3.2173728942871094
Willard_Gary_Barry,ridge,0.48046875,3.077035665512085
Willard_Gary_Barry,ridge,0.48828125,2.9481921195983887
Willard_Gary_Barry,ridge,0.49609375,2.8299689292907715
Willard_Gary_Barry,ridge,0.50390625,2.7212188243865967
Willard_Gary_Barry,ridge,0.51171875,2.6210858821868896
Willard_Gary_Barry,ridge,0.51953125,2.529393434524536
Willard_Gary_Barry,ridge,0.52734375,2.4464688301086426
Willard_Gary_Barry,ridge,0.53515625,2.3723320960998535
Willard_Gary_Barry,ridge,0.54296875,2.3060102462768555
Willard_Gary_Barry,ridge,0.55078125,2.245500087738037
Willard_Gary_Barry,ridge,0.55859375,2.1887264251708984
Willard_Gary_Barry,ridge,0.56640625,2.1344776153564453
Willard_Gary_Barry,ridge,0.57421875,2.081615924835205
Willard_Gary_Barry,ridge,0.58203125,2.028658866882324
Willard_Gary_Barry,ridge,0.58984375,1.9743849039077759
Willard_Gary_Barry,ridge,0.59765625,1.9183367490768433
Willard_Gary_Barry,ridge,0.60546875,1.8611751794815063
Willard_Gary_Barry,ridge,0.61328125,1.8046884536743164
Willard_Gary_Barry,ridge,0.62109375,1.7509446144104004
Willard_Gary_Barry,ridge,0.62890625,1.701009750366211
Willard_Gary_Barry,ridge,0.63671875,1.6546013355255127
Willard_Gary_Barry,ridge,0.64453125,1.6109943389892578
Willard_Gary_Barry,ridge,0.65234375,1.5696970224380493
Willard_Gary_Barry,ridge,0.66015625,1.5304977893829346
Willard_Gary_Barry,ridge,0.66796875,1.4933278560638428
Willard_Gary_Barry,ridge,0.67578125,1.458080768585205
Willard_Gary_Barry,ridge,0.68359375,1.4245108366012573
Willard_Gary_Barry,ridge,0.69140625,1.3922516107559204
Willard_Gary_Barry,ridge,0.69921875,1.361153483390808
Willard_Gary_Barry,ridge,0.70703125,1.331385850906372
Willard_Gary_Barry,ridge,0.71484375,1.3030935525894165
Willard_Gary_Barry,ridge,0.72265625,1.2763671875
Willard_Gary_Barry,ridge,0.73046875,1.2513039112091064
Willard_Gary_Barry,ridge,0.73828125,1.2279722690582275
Willard_Gary_Barry,ridge,0.74609375,1.2063521146774292
Willard_Gary_Barry,ridge,0.75390625,1.1863244771957397
Willard_Gary_Barry,ridge,0.76171875,1.167724370956421
Willard_Gary_Barry,ridge,0.76953125,1.1504826545715332
Willard_Gary_Barry,ridge,0.77734375,1.1347455978393555
Willard_Gary_Barry,ridge,0.78515625,1.1208884716033936
Willard_Gary_Barry,ridge,0.79296875,1.1094000339508057
Willard_Gary_Barry,ridge,0.80078125,1.1007072925567627
Willard_Gary_Barry,ridge,0.80859375,1.0949082374572754
Willard_Gary_Barry,ridge,0.81640625,1.0915459394454956
Willard_Gary_Barry,ridge,0.82421875,1.0897562503814697
Willard_Gary_Barry,ridge,0.83203125,1.0886131525039673
Willard_Gary_Barry,ridge,0.83984375,1.0872665643692017
Willard_Gary_Barry,ridge,0.84765625,1.0849782228469849
Willard_Gary_Barry,ridge,0.85546875,1.0810632705688477
Willard_Gary_Barry,ridge,0.86328125,1.075101613998413
Willard_Gary_Barry,ridge,0.87109375,1.0674033164978027
Willard_Gary_Barry,ridge,0.87890625,1.0588394403457642
Willard_Gary_Barry,ridge,0.88671875,1.0504356622695923
Willard_Gary_Barry,ridge,0.89453125,1.0428165197372437
Willard_Gary_Barry,ridge,0.90234375,1.0357627868652344
Willard_Gary_Barry,ridge,0.91015625,1.0305395126342773
Willard_Gary_Barry,ridge,0.91796875,1.028935194015503
Willard_Gary_Barry,ridge,0.92578125,1.0335999727249146
Willard_Gary_Barry,ridge,0.93359375,1.0436742305755615
Willard_Gary_Barry,ridge,0.94140625,1.0543771982192993
Willard_Gary_Barry,ridge,0.94921875,1.0631457567214966
Willard_Gary_Barry,ridge,0.95703125,1.0713351964950562
Willard_Gary_Barry,ridge,0.96484375,1.080135464668274
Willard_Gary_Barry,ridge,0.97265625,1.0908880233764648
Willard_Gary_Barry,ridge,0.98046875,1.1007983684539795
Willard_Gary_Barry,ridge,0.98828125,1.1089558601379395
Willard_Gary_Barry,ridge,0.99609375,1.116461992263794
Willard_Gary_Barry,ridge,1.0,1.119951605796814
Willard_Gary_Barry,enet,0.0,-0.36620163917541504
Willard_Gary_Barry,enet,0.00390625,-0.3681778311729431
Willard_Gary_Barry,enet,0.01171875,-0.371898889541626
Willard_Gary_Barry,enet,0.01953125,-0.3753030598163605
Willard_Gary_Barry,enet,0.02734375,-0.37848812341690063
Willard_Gary_Barry,enet,0.03515625,-0.38139545917510986
Willard_Gary_Barry,enet,0.04296875,-0.38397443294525146
Willard_Gary_Barry,enet,0.05078125,-0.3861565589904785
Willard_Gary_Barry,enet,0.05859375,-0.38774412870407104
Willard_Gary_Barry,enet,0.06640625,-0.3885684013366699
Willard_Gary_Barry,enet,0.07421875,-0.3884832262992859
Willard_Gary_Barry,enet,0.08203125,-0.38723838329315186
Willard_Gary_Barry,enet,0.08984375,-0.3845984935760498
Willard_Gary_Barry,enet,0.09765625,-0.3803151249885559
Willard_Gary_Barry,enet,0.10546875,-0.3741942346096039
Willard_Gary_Barry,enet,0.11328125,-0.36613327264785767
Willard_Gary_Barry,enet,0.12109375,-0.3561176359653473
Willard_Gary_Barry,enet,0.12890625,-0.34423279762268066
Willard_Gary_Barry,enet,0.13671875,-0.3306106626987457
Willard_Gary_Barry,enet,0.14453125,-0.31532615423202515
Willard_Gary_Barry,enet,0.15234375,-0.2985171973705292
Willard_Gary_Barry,enet,0.16015625,-0.28035008907318115
Willard_Gary_Barry,enet,0.16796875,-0.26101696491241455
Willard_Gary_Barry,enet,0.17578125,-0.2407081127166748
Willard_Gary_Barry,enet,0.18359375,-0.21954837441444397
Willard_Gary_Barry,enet,0.19140625,-0.19772329926490784
Willard_Gary_Barry,enet,0.19921875,-0.17548060417175293
Willard_Gary_Barry,enet,0.20703125,-0.1529909372329712
Willard_Gary_Barry,enet,0.21484375,-0.13019853830337524
Willard_Gary_Barry,enet,0.22265625,-0.10686445236206055
Willard_Gary_Barry,enet,0.23046875,-0.08263760805130005
Willard_Gary_Barry,enet,0.23828125,-0.057039618492126465
Willard_Gary_Barry,enet,0.24609375,-0.029479116201400757
Willard_Gary_Barry,enet,0.25390625,0.0007331669330596924
Willard_Gary_Barry,enet,0.26171875,0.034345969557762146
Willard_Gary_Barry,enet,0.26953125,0.0720948725938797
Willard_Gary_Barry,enet,0.27734375,0.11464560776948929
Willard_Gary_Barry,enet,0.28515625,0.16263069212436676
Willard_Gary_Barry,enet,0.29296875,0.21670672297477722
Willard_Gary_Barry,enet,0.30078125,0.2775519788265228
Willard_Gary_Barry,enet,0.30859375,0.3458646535873413
Willard_Gary_Barry,enet,0.31640625,0.4223187565803528
Willard_Gary_Barry,enet,0.32421875,0.5074867010116577
Willard_Gary_Barry,enet,0.33203125,0.601686954498291
Willard_Gary_Barry,enet,0.33984375,0.704883337020874
Willard_Gary_Barry,enet,0.34765625,0.816623866558075
Willard_Gary_Barry,enet,0.35546875,0.9359990358352661
Willard_Gary_Barry,enet,0.36328125,1.0617783069610596
Willard_Gary_Barry,enet,0.37109375,1.192528247833252
Willard_Gary_Barry,enet,0.37890625,1.3261666297912598
Willard_Gary_Barry,enet,0.38671875,1.4595651626586914
Willard_Gary_Barry,enet,0.39453125,1.5881880521774292
Willard_Gary_Barry,enet,0.40234375,1.7058260440826416
Willard_Gary_Barry,enet,0.41015625,1.804701566696167
Willard_Gary_Barry,enet,0.41796875,1.8774315118789673
Willard_Gary_Barry,enet,0.42578125,1.920994758605957
Willard_Gary_Barry,enet,0.43359375,1.937434434890747
Willard_Gary_Barry,enet,0.44140625,1.9307582378387451
Willard_Gary_Barry,enet,0.44921875,1.9051716327667236
Willard_Gary_Barry,enet,0.45703125,1.865112066268921
Willard_Gary_Barry,enet,0.46484375,1.8151535987854004
Willard_Gary_Barry,enet,0.47265625,1.7597529888153076
Willard_Gary_Barry,enet,0.48046875,1.7029485702514648
Willard_Gary_Barry,enet,0.48828125,1.6476634740829468
Willard_Gary_Barry,enet,0.49609375,1.5952892303466797
Willard_Gary_Barry,enet,0.50390625,1.5459781885147095
Willard_Gary_Barry,enet,0.51171875,1.4993072748184204
Willard_Gary_Barry,enet,0.51953125,1.4548813104629517
Willard_Gary_Barry,enet,0.52734375,1.4124819040298462
Willard_Gary_Barry,enet,0.53515625,1.3718706369400024
Willard_Gary_Barry,enet,0.54296875,1.332353115081787
Willard_Gary_Barry,enet,0.55078125,1.2923489809036255
Willard_Gary_Barry,enet,0.55859375,1.2508940696716309
Willard_Gary_Barry,enet,0.56640625,1.208907961845398
Willard_Gary_Barry,enet,0.57421875,1.167496681213379
Willard_Gary_Barry,enet,0.58203125,1.1271166801452637
Willard_Gary_Barry,enet,0.58984375,1.0879522562026978
Willard_Gary_Barry,enet,0.59765625,1.0501266717910767
Willard_Gary_Barry,enet,0.60546875,1.0141278505325317
Willard_Gary_Barry,enet,0.61328125,0.9810769557952881
Willard_Gary_Barry,enet,0.62109375,0.9518032073974609
Willard_Gary_Barry,enet,0.62890625,0.9254571199417114
Willard_Gary_Barry,enet,0.63671875,0.899955689907074
Willard_Gary_Barry,enet,0.64453125,0.8743743896484375
Willard_Gary_Barry,enet,0.65234375,0.8498642444610596
Willard_Gary_Barry,enet,0.66015625,0.8283358812332153
Willard_Gary_Barry,enet,0.66796875,0.8111082911491394
Willard_Gary_Barry,enet,0.67578125,0.7985825538635254
Willard_Gary_Barry,enet,0.68359375,0.790529191493988
Willard_Gary_Barry,enet,0.69140625,0.7861095070838928
Willard_Gary_Barry,enet,0.69921875,0.7840123772621155
Willard_Gary_Barry,enet,0.70703125,0.7835168242454529
Willard_Gary_Barry,enet,0.71484375,0.7845281958580017
Willard_Gary_Barry,enet,0.72265625,0.7871251702308655
Willard_Gary_Barry,enet,0.73046875,0.7912933826446533
Willard_Gary_Barry,enet,0.73828125,0.7967211008071899
Willard_Gary_Barry,enet,0.74609375,0.8027134537696838
Willard_Gary_Barry,enet,0.75390625,0.8083769083023071
Willard_Gary_Barry,enet,0.76171875,0.8130249977111816
Willard_Gary_Barry,enet,0.76953125,0.8164136409759521
Willard_Gary_Barry,enet,0.77734375,0.8186668157577515
Willard_Gary_Barry,enet,0.78515625,0.8200862407684326
Willard_Gary_Barry,enet,0.79296875,0.8209403157234192
Willard_Gary_Barry,enet,0.80078125,0.8213521838188171
Willard_Gary_Barry,enet,0.80859375,0.821355938911438
Willard_Gary_Barry,enet,0.81640625,0.8209820985794067
Willard_Gary_Barry,enet,0.82421875,0.8203682899475098
Willard_Gary_Barry,enet,0.83203125,0.8198578953742981
Willard_Gary_Barry,enet,0.83984375,0.8195245862007141
Willard_Gary_Barry,enet,0.84765625,0.8189061880111694
Willard_Gary_Barry,enet,0.85546875,0.8172205090522766
Willard_Gary_Barry,enet,0.86328125,0.8140415549278259
Willard_Gary_Barry,enet,0.87109375,0.8099122643470764
Willard_Gary_Barry,enet,0.87890625,0.8056305646896362
Willard_Gary_Barry,enet,0.88671875,0.8013511300086975
Willard_Gary_Barry,enet,0.89453125,0.7963221669197083
Willard_Gary_Barry,enet,0.90234375,0.7884798049926758
Willard_Gary_Barry,enet,0.91015625,0.7783924341201782
Willard_Gary_Barry,enet,0.91796875,0.7685871124267578
Willard_Gary_Barry,enet,0.92578125,0.7609196305274963
Willard_Gary_Barry,enet,0.93359375,0.7561901807785034
Willard_Gary_Barry,enet,0.94140625,0.7537161707878113
Willard_Gary_Barry,enet,0.94921875,0.7528991103172302
Willard_Gary_Barry,enet,0.95703125,0.7502694725990295
Willard_Gary_Barry,enet,0.96484375,0.7479953169822693
Willard_Gary_Barry,enet,0.97265625,0.7481595873832703
Willard_Gary_Barry,enet,0.98046875,0.7504944205284119
Willard_Gary_Barry,enet,0.98828125,0.7535215020179749
Willard_Gary_Barry,enet,0.99609375,0.7562782168388367
Willard_Gary_Barry,enet,1.0,0.7558268308639526
Yinfan_Fred_Ha,ridge,0.0,4.2572922706604
Yinfan_Fred_Ha,ridge,0.00390625,4.257568836212158
Yinfan_Fred_Ha,ridge,0.01171875,4.258274078369141
Yinfan_Fred_Ha,ridge,0.01953125,4.259066581726074
Yinfan_Fred_Ha,ridge,0.02734375,4.259714126586914
Yinfan_Fred_Ha,ridge,0.03515625,4.259862899780273
Yinfan_Fred_Ha,ridge,0.04296875,4.25944709777832
Yinfan_Fred_Ha,ridge,0.05078125,4.258955955505371
Yinfan_Fred_Ha,ridge,0.05859375,4.2584967613220215
Yinfan_Fred_Ha,ridge,0.06640625,4.257787704467773
Yinfan_Fred_Ha,ridge,0.07421875,4.256666660308838
Yinfan_Fred_Ha,ridge,0.08203125,4.25526762008667
Yinfan_Fred_Ha,ridge,0.08984375,4.253812789916992
Yinfan_Fred_Ha,ridge,0.09765625,4.252392292022705
Yinfan_Fred_Ha,ridge,0.10546875,4.251092433929443
Yinfan_Fred_Ha,ridge,0.11328125,4.249932289123535
Yinfan_Fred_Ha,ridge,0.12109375,4.248970031738281
Yinfan_Fred_Ha,ridge,0.12890625,4.248331546783447
Yinfan_Fred_Ha,ridge,0.13671875,4.248123645782471
Yinfan_Fred_Ha,ridge,0.14453125,4.248323440551758
Yinfan_Fred_Ha,ridge,0.15234375,4.248784065246582
Yinfan_Fred_Ha,ridge,0.16015625,4.24928092956543
Yinfan_Fred_Ha,ridge,0.16796875,4.249483585357666
Yinfan_Fred_Ha,ridge,0.17578125,4.2490129470825195
Yinfan_Fred_Ha,ridge,0.18359375,4.247588157653809
Yinfan_Fred_Ha,ridge,0.19140625,4.2449541091918945
Yinfan_Fred_Ha,ridge,0.19921875,4.240872859954834
Yinfan_Fred_Ha,ridge,0.20703125,4.235095977783203
Yinfan_Fred_Ha,ridge,0.21484375,4.227452278137207
Yinfan_Fred_Ha,ridge,0.22265625,4.2178449630737305
Yinfan_Fred_Ha,ridge,0.23046875,4.206282138824463
Yinfan_Fred_Ha,ridge,0.23828125,4.192833423614502
Yinfan_Fred_Ha,ridge,0.24609375,4.177541255950928
Yinfan_Fred_Ha,ridge,0.25390625,4.160417556762695
Yinfan_Fred_Ha,ridge,0.26171875,4.141453742980957
Yinfan_Fred_Ha,ridge,0.26953125,4.120650291442871
Yinfan_Fred_Ha,ridge,0.27734375,4.097924709320068
Yinfan_Fred_Ha,ridge,0.28515625,4.073017597198486
Yinfan_Fred_Ha,ridge,0.29296875,4.045531272888184
Yinfan_Fred_Ha,ridge,0.30078125,4.015096664428711
Yinfan_Fred_Ha,ridge,0.30859375,3.981431722640991
Yinfan_Fred_Ha,ridge,0.31640625,3.94435715675354
Yinfan_Fred_Ha,ridge,0.32421875,3.903789520263672
Yinfan_Fred_Ha,ridge,0.33203125,3.8596909046173096
Yinfan_Fred_Ha,ridge,0.33984375,3.8121020793914795
Yinfan_Fred_Ha,ridge,0.34765625,3.7611868381500244
Yinfan_Fred_Ha,ridge,0.35546875,3.707240343093872
Yinfan_Fred_Ha,ridge,0.36328125,3.6503658294677734
Yinfan_Fred_Ha,ridge,0.37109375,3.590170383453369
Yinfan_Fred_Ha,ridge,0.37890625,3.5255892276763916
Yinfan_Fred_Ha,ridge,0.38671875,3.454742431640625
Yinfan_Fred_Ha,ridge,0.39453125,3.3750877380371094
Yinfan_Fred_Ha,ridge,0.40234375,3.2839527130126953
Yinfan_Fred_Ha,ridge,0.41015625,3.1793737411499023
Yinfan_Fred_Ha,ridge,0.41796875,3.0607175827026367
Yinfan_Fred_Ha,ridge,0.42578125,2.9286458492279053
Yinfan_Fred_Ha,ridge,0.43359375,2.7846312522888184
Yinfan_Fred_Ha,ridge,0.44140625,2.630579710006714
Yinfan_Fred_Ha,ridge,0.44921875,2.468771457672119
Yinfan_Fred_Ha,ridge,0.45703125,2.3017144203186035
Yinfan_Fred_Ha,ridge,0.46484375,2.131957530975342
Yinfan_Fred_Ha,ridge,0.47265625,1.9617488384246826
Yinfan_Fred_Ha,ridge,0.48046875,1.7927792072296143
Yinfan_Fred_Ha,ridge,0.48828125,1.626645565032959
Yinfan_Fred_Ha,ridge,0.49609375,1.4657373428344727
Yinfan_Fred_Ha,ridge,0.50390625,1.31333327293396
Yinfan_Fred_Ha,ridge,0.51171875,1.1726257801055908
Yinfan_Fred_Ha,ridge,0.51953125,1.04567551612854
Yinfan_Fred_Ha,ridge,0.52734375,0.9330794811248779
Yinfan_Fred_Ha,ridge,0.53515625,0.8343915939331055
Yinfan_Fred_Ha,ridge,0.54296875,0.748511552810669
Yinfan_Fred_Ha,ridge,0.55078125,0.6736218333244324
Yinfan_Fred_Ha,ridge,0.55859375,0.6072645783424377
Yinfan_Fred_Ha,ridge,0.56640625,0.5471447706222534
Yinfan_Fred_Ha,ridge,0.57421875,0.4918696880340576
Yinfan_Fred_Ha,ridge,0.58203125,0.44099754095077515
Yinfan_Fred_Ha,ridge,0.58984375,0.39472639560699463
Yinfan_Fred_Ha,ridge,0.59765625,0.35357439517974854
Yinfan_Fred_Ha,ridge,0.60546875,0.31805554032325745
Yinfan_Fred_Ha,ridge,0.61328125,0.2883533537387848
Yinfan_Fred_Ha,ridge,0.62109375,0.2640843391418457
Yinfan_Fred_Ha,ridge,0.62890625,0.244258314371109
Yinfan_Fred_Ha,ridge,0.63671875,0.22746282815933228
Yinfan_Fred_Ha,ridge,0.64453125,0.2122034877538681
Yinfan_Fred_Ha,ridge,0.65234375,0.19719593226909637
Yinfan_Fred_Ha,ridge,0.66015625,0.18156148493289948
Yinfan_Fred_Ha,ridge,0.66796875,0.16485702991485596
Yinfan_Fred_Ha,ridge,0.67578125,0.14701630175113678
Yinfan_Fred_Ha,ridge,0.68359375,0.12822122871875763
Yinfan_Fred_Ha,ridge,0.69140625,0.10875698924064636
Yinfan_Fred_Ha,ridge,0.69921875,0.0889175534248352
Yinfan_Fred_Ha,ridge,0.70703125,0.06890138983726501
Yinfan_Fred_Ha,ridge,0.71484375,0.04877080023288727
Yinfan_Fred_Ha,ridge,0.72265625,0.02848908305168152
Yinfan_Fred_Ha,ridge,0.73046875,0.007967352867126465
Yinfan_Fred_Ha,ridge,0.73828125,-0.012819349765777588
Yinfan_Fred_Ha,ridge,0.74609375,-0.03376211225986481
Yinfan_Fred_Ha,ridge,0.75390625,-0.05460841953754425
Yinfan_Fred_Ha,ridge,0.76171875,-0.07502776384353638
Yinfan_Fred_Ha,ridge,0.76953125,-0.09465472400188446
Yinfan_Fred_Ha,ridge,0.77734375,-0.11312097311019897
Yinfan_Fred_Ha,ridge,0.78515625,-0.1300845742225647
Yinfan_Fred_Ha,ridge,0.79296875,-0.1453208029270172
Yinfan_Fred_Ha,ridge,0.80078125,-0.15892475843429565
Yinfan_Fred_Ha,ridge,0.80859375,-0.17151358723640442
Yinfan_Fred_Ha,ridge,0.81640625,-0.1838586926460266
Yinfan_Fred_Ha,ridge,0.82421875,-0.19656255841255188
Yinfan_Fred_Ha,ridge,0.83203125,-0.21012702584266663
Yinfan_Fred_Ha,ridge,0.83984375,-0.22484561800956726
Yinfan_Fred_Ha,ridge,0.84765625,-0.2409372329711914
Yinfan_Fred_Ha,ridge,0.85546875,-0.2587369978427887
Yinfan_Fred_Ha,ridge,0.86328125,-0.27857112884521484
Yinfan_Fred_Ha,ridge,0.87109375,-0.3006661534309387
Yinfan_Fred_Ha,ridge,0.87890625,-0.32522499561309814
Yinfan_Fred_Ha,ridge,0.88671875,-0.3520430624485016
Yinfan_Fred_Ha,ridge,0.89453125,-0.3805331289768219
Yinfan_Fred_Ha,ridge,0.90234375,-0.41046154499053955
Yinfan_Fred_Ha,ridge,0.91015625,-0.4422810673713684
Yinfan_Fred_Ha,ridge,0.91796875,-0.47608667612075806
Yinfan_Fred_Ha,ridge,0.92578125,-0.5072610378265381
Yinfan_Fred_Ha,ridge,0.93359375,-0.5324834585189819
Yinfan_Fred_Ha,ridge,0.94140625,-0.5551343560218811
Yinfan_Fred_Ha,ridge,0.94921875,-0.580723762512207
Yinfan_Fred_Ha,ridge,0.95703125,-0.615246593952179
Yinfan_Fred_Ha,ridge,0.96484375,-0.6638227105140686
Yinfan_Fred_Ha,ridge,0.97265625,-0.7178382277488708
Yinfan_Fred_Ha,ridge,0.98046875,-0.771837592124939
Yinfan_Fred_Ha,ridge,0.98828125,-0.8309521675109863
Yinfan_Fred_Ha,ridge,0.99609375,-0.852151095867157
Yinfan_Fred_Ha,ridge,1.0,-0.8497220277786255
Yinfan_Fred_Ha,enet,0.0,-0.1915501356124878
Yinfan_Fred_Ha,enet,0.00390625,-0.19211965799331665
Yinfan_Fred_Ha,enet,0.01171875,-0.19326162338256836
Yinfan_Fred_Ha,enet,0.01953125,-0.19447731971740723
Yinfan_Fred_Ha,enet,0.02734375,-0.19575148820877075
Yinfan_Fred_Ha,enet,0.03515625,-0.19716209173202515
Yinfan_Fred_Ha,enet,0.04296875,-0.19863185286521912
Yinfan_Fred_Ha,enet,0.05078125,-0.1999543309211731
Yinfan_Fred_Ha,enet,0.05859375,-0.20105117559432983
Yinfan_Fred_Ha,enet,0.06640625,-0.20184749364852905
Yinfan_Fred_Ha,enet,0.07421875,-0.2022540271282196
Yinfan_Fred_Ha,enet,0.08203125,-0.2021481990814209
Yinfan_Fred_Ha,enet,0.08984375,-0.2013135850429535
Yinfan_Fred_Ha,enet,0.09765625,-0.19946110248565674
Yinfan_Fred_Ha,enet,0.10546875,-0.19634109735488892
Yinfan_Fred_Ha,enet,0.11328125,-0.19177916646003723
Yinfan_Fred_Ha,enet,0.12109375,-0.18563169240951538
Yinfan_Fred_Ha,enet,0.12890625,-0.17771193385124207
Yinfan_Fred_Ha,enet,0.13671875,-0.16786321997642517
Yinfan_Fred_Ha,enet,0.14453125,-0.15589258074760437
Yinfan_Fred_Ha,enet,0.15234375,-0.14156240224838257
Yinfan_Fred_Ha,enet,0.16015625,-0.1247376799583435
Yinfan_Fred_Ha,enet,0.16796875,-0.10552811622619629
Yinfan_Fred_Ha,enet,0.17578125,-0.08412414789199829
Yinfan_Fred_Ha,enet,0.18359375,-0.06072443723678589
Yinfan_Fred_Ha,enet,0.19140625,-0.035545676946640015
Yinfan_Fred_Ha,enet,0.19921875,-0.008850514888763428
Yinfan_Fred_Ha,enet,0.20703125,0.01890277862548828
Yinfan_Fred_Ha,enet,0.21484375,0.047157227993011475
Yinfan_Fred_Ha,enet,0.22265625,0.07545363903045654
Yinfan_Fred_Ha,enet,0.23046875,0.10341688990592957
Yinfan_Fred_Ha,enet,0.23828125,0.1306937336921692
Yinfan_Fred_Ha,enet,0.24609375,0.1569415032863617
Yinfan_Fred_Ha,enet,0.25390625,0.18194472789764404
Yinfan_Fred_Ha,enet,0.26171875,0.20553451776504517
Yinfan_Fred_Ha,enet,0.26953125,0.22737520933151245
Yinfan_Fred_Ha,enet,0.27734375,0.24703705310821533
Yinfan_Fred_Ha,enet,0.28515625,0.26405227184295654
Yinfan_Fred_Ha,enet,0.29296875,0.2779068946838379
Yinfan_Fred_Ha,enet,0.30078125,0.2881881296634674
Yinfan_Fred_Ha,enet,0.30859375,0.29469066858291626
Yinfan_Fred_Ha,enet,0.31640625,0.297529399394989
Yinfan_Fred_Ha,enet,0.32421875,0.29720357060432434
Yinfan_Fred_Ha,enet,0.33203125,0.2946416437625885
Yinfan_Fred_Ha,enet,0.33984375,0.29130569100379944
Yinfan_Fred_Ha,enet,0.34765625,0.2891945242881775
Yinfan_Fred_Ha,enet,0.35546875,0.2908727824687958
Yinfan_Fred_Ha,enet,0.36328125,0.29898932576179504
Yinfan_Fred_Ha,enet,0.37109375,0.31572654843330383
Yinfan_Fred_Ha,enet,0.37890625,0.34238100051879883
Yinfan_Fred_Ha,enet,0.38671875,0.37877312302589417
Yinfan_Fred_Ha,enet,0.39453125,0.42307227849960327
Yinfan_Fred_Ha,enet,0.40234375,0.47223666310310364
Yinfan_Fred_Ha,enet,0.41015625,0.5229092836380005
Yinfan_Fred_Ha,enet,0.41796875,0.5720351934432983
Yinfan_Fred_Ha,enet,0.42578125,0.6167497038841248
Yinfan_Fred_Ha,enet,0.43359375,0.6542022824287415
Yinfan_Fred_Ha,enet,0.44140625,0.68174809217453
Yinfan_Fred_Ha,enet,0.44921875,0.6973848938941956
Yinfan_Fred_Ha,enet,0.45703125,0.6998562812805176
Yinfan_Fred_Ha,enet,0.46484375,0.6882156729698181
Yinfan_Fred_Ha,enet,0.47265625,0.6612110137939453
Yinfan_Fred_Ha,enet,0.48046875,0.6178509593009949
Yinfan_Fred_Ha,enet,0.48828125,0.5593671798706055
Yinfan_Fred_Ha,enet,0.49609375,0.49038246273994446
Yinfan_Fred_Ha,enet,0.50390625,0.4176340103149414
Yinfan_Fred_Ha,enet,0.51171875,0.3473760187625885
Yinfan_Fred_Ha,enet,0.51953125,0.28374743461608887
Yinfan_Fred_Ha,enet,0.52734375,0.2284792959690094
Yinfan_Fred_Ha,enet,0.53515625,0.1814568042755127
Yinfan_Fred_Ha,enet,0.54296875,0.14170628786087036
Yinfan_Fred_Ha,enet,0.55078125,0.10788770765066147
Yinfan_Fred_Ha,enet,0.55859375,0.07814948260784149
Yinfan_Fred_Ha,enet,0.56640625,0.05056265741586685
Yinfan_Fred_Ha,enet,0.57421875,0.023804325610399246
Yinfan_Fred_Ha,enet,0.58203125,-0.002680152654647827
Yinfan_Fred_Ha,enet,0.58984375,-0.028836414217948914
Yinfan_Fred_Ha,enet,0.59765625,-0.054240547120571136
Yinfan_Fred_Ha,enet,0.60546875,-0.0781911313533783
Yinfan_Fred_Ha,enet,0.61328125,-0.09983967244625092
Yinfan_Fred_Ha,enet,0.62109375,-0.11858591437339783
Yinfan_Fred_Ha,enet,0.62890625,-0.13441042602062225
Yinfan_Fred_Ha,enet,0.63671875,-0.1478869765996933
Yinfan_Fred_Ha,enet,0.64453125,-0.1598360240459442
Yinfan_Fred_Ha,enet,0.65234375,-0.171001136302948
Yinfan_Fred_Ha,enet,0.66015625,-0.18179506063461304
Yinfan_Fred_Ha,enet,0.66796875,-0.19220584630966187
Yinfan_Fred_Ha,enet,0.67578125,-0.20183052122592926
Yinfan_Fred_Ha,enet,0.68359375,-0.21007347106933594
Yinfan_Fred_Ha,enet,0.69140625,-0.21640360355377197
Yinfan_Fred_Ha,enet,0.69921875,-0.22054719924926758
Yinfan_Fred_Ha,enet,0.70703125,-0.22262144088745117
Yinfan_Fred_Ha,enet,0.71484375,-0.2231369912624359
Yinfan_Fred_Ha,enet,0.72265625,-0.2228432297706604
Yinfan_Fred_Ha,enet,0.73046875,-0.2225027084350586
Yinfan_Fred_Ha,enet,0.73828125,-0.22264006733894348
Yinfan_Fred_Ha,enet,0.74609375,-0.22342412173748016
Yinfan_Fred_Ha,enet,0.75390625,-0.22470557689666748
Yinfan_Fred_Ha,enet,0.76171875,-0.22617502510547638
Yinfan_Fred_Ha,enet,0.76953125,-0.227467343211174
Yinfan_Fred_Ha,enet,0.77734375,-0.22823555767536163
Yinfan_Fred_Ha,enet,0.78515625,-0.22815588116645813
Yinfan_Fred_Ha,enet,0.79296875,-0.22699013352394104
Yinfan_Fred_Ha,enet,0.80078125,-0.22477121651172638
Yinfan_Fred_Ha,enet,0.80859375,-0.22209732234477997
Yinfan_Fred_Ha,enet,0.81640625,-0.21988941729068756
Yinfan_Fred_Ha,enet,0.82421875,-0.21864937245845795
Yinfan_Fred_Ha,enet,0.83203125,-0.2181425839662552
Yinfan_Fred_Ha,enet,0.83984375,-0.2177182137966156
Yinfan_Fred_Ha,enet,0.84765625,-0.2171315848827362
Yinfan_Fred_Ha,enet,0.85546875,-0.21676699817180634
Yinfan_Fred_Ha,enet,0.86328125,-0.2170962393283844
Yinfan_Fred_Ha,enet,0.87109375,-0.21854066848754883
Yinfan_Fred_Ha,enet,0.87890625,-0.22154703736305237
Yinfan_Fred_Ha,enet,0.88671875,-0.2259741574525833
Yinfan_Fred_Ha,enet,0.89453125,-0.2311302125453949
Yinfan_Fred_Ha,enet,0.90234375,-0.23729607462882996
Yinfan_Fred_Ha,enet,0.91015625,-0.2469191551208496
Yinfan_Fred_Ha,enet,0.91796875,-0.26133760809898376
Yinfan_Fred_Ha,enet,0.92578125,-0.27844929695129395
Yinfan_Fred_Ha,enet,0.93359375,-0.29787373542785645
Yinfan_Fred_Ha,enet,0.94140625,-0.3209046423435211
Yinfan_Fred_Ha,enet,0.94921875,-0.34517237544059753
Yinfan_Fred_Ha,enet,0.95703125,-0.3708067238330841
Yinfan_Fred_Ha,enet,0.96484375,-0.4005585014820099
Yinfan_Fred_Ha,enet,0.97265625,-0.4350685775279999
Yinfan_Fred_Ha,enet,0.98046875,-0.48490726947784424
Yinfan_Fred_Ha,enet,0.98828125,-0.5003862380981445
Yinfan_Fred_Ha,enet,0.99609375,-0.5034823417663574
Yinfan_Fred_Ha,enet,1.0,-0.508379340171814
Zeke_Thane_Painter,ridge,0.0,4.174849987030029
Zeke_Thane_Painter,ridge,0.00390625,4.173676013946533
Zeke_Thane_Painter,ridge,0.01171875,4.171419143676758
Zeke_Thane_Painter,ridge,0.01953125,4.16947603225708
Zeke_Thane_Painter,ridge,0.02734375,4.167891502380371
Zeke_Thane_Painter,ridge,0.03515625,4.166571617126465
Zeke_Thane_Painter,ridge,0.04296875,4.165432929992676
Zeke_Thane_Painter,ridge,0.05078125,4.164501190185547
Zeke_Thane_Painter,ridge,0.05859375,4.163829326629639
Zeke_Thane_Painter,ridge,0.06640625,4.163300514221191
Zeke_Thane_Painter,ridge,0.07421875,4.16281270980835
Zeke_Thane_Painter,ridge,0.08203125,4.162384510040283
Zeke_Thane_Painter,ridge,0.08984375,4.162031173706055
Zeke_Thane_Painter,ridge,0.09765625,4.161703109741211
Zeke_Thane_Painter,ridge,0.10546875,4.161433696746826
Zeke_Thane_Painter,ridge,0.11328125,4.161345481872559
Zeke_Thane_Painter,ridge,0.12109375,4.161413192749023
Zeke_Thane_Painter,ridge,0.12890625,4.161577224731445
Zeke_Thane_Painter,ridge,0.13671875,4.1618170738220215
Zeke_Thane_Painter,ridge,0.14453125,4.162095069885254
Zeke_Thane_Painter,ridge,0.15234375,4.162346839904785
Zeke_Thane_Painter,ridge,0.16015625,4.16256046295166
Zeke_Thane_Painter,ridge,0.16796875,4.162754535675049
Zeke_Thane_Painter,ridge,0.17578125,4.162999629974365
Zeke_Thane_Painter,ridge,0.18359375,4.1633782386779785
Zeke_Thane_Painter,ridge,0.19140625,4.163889408111572
Zeke_Thane_Painter,ridge,0.19921875,4.164555072784424
Zeke_Thane_Painter,ridge,0.20703125,4.16536808013916
Zeke_Thane_Painter,ridge,0.21484375,4.16621208190918
Zeke_Thane_Painter,ridge,0.22265625,4.166922092437744
Zeke_Thane_Painter,ridge,0.23046875,4.167306900024414
Zeke_Thane_Painter,ridge,0.23828125,4.167117595672607
Zeke_Thane_Painter,ridge,0.24609375,4.166340351104736
Zeke_Thane_Painter,ridge,0.25390625,4.1650848388671875
Zeke_Thane_Painter,ridge,0.26171875,4.163340091705322
Zeke_Thane_Painter,ridge,0.26953125,4.160993576049805
Zeke_Thane_Painter,ridge,0.27734375,4.157799243927002
Zeke_Thane_Painter,ridge,0.28515625,4.153456687927246
Zeke_Thane_Painter,ridge,0.29296875,4.147697925567627
Zeke_Thane_Painter,ridge,0.30078125,4.140163421630859
Zeke_Thane_Painter,ridge,0.30859375,4.130295753479004
Zeke_Thane_Painter,ridge,0.31640625,4.117307186126709
Zeke_Thane_Painter,ridge,0.32421875,4.1000657081604
Zeke_Thane_Painter,ridge,0.33203125,4.077023506164551
Zeke_Thane_Painter,ridge,0.33984375,4.046145439147949
Zeke_Thane_Painter,ridge,0.34765625,4.004904270172119
Zeke_Thane_Painter,ridge,0.35546875,3.9505622386932373
Zeke_Thane_Painter,ridge,0.36328125,3.880679130554199
Zeke_Thane_Painter,ridge,0.37109375,3.793524742126465
Zeke_Thane_Painter,ridge,0.37890625,3.6882331371307373
Zeke_Thane_Painter,ridge,0.38671875,3.5647382736206055
Zeke_Thane_Painter,ridge,0.39453125,3.4234378337860107
Zeke_Thane_Painter,ridge,0.40234375,3.265012502670288
Zeke_Thane_Painter,ridge,0.41015625,3.0906312465667725
Zeke_Thane_Painter,ridge,0.41796875,2.90218186378479
Zeke_Thane_Painter,ridge,0.42578125,2.7027759552001953
Zeke_Thane_Painter,ridge,0.43359375,2.4970438480377197
Zeke_Thane_Painter,ridge,0.44140625,2.290302276611328
Zeke_Thane_Painter,ridge,0.44921875,2.0870823860168457
Zeke_Thane_Painter,ridge,0.45703125,1.8902119398117065
Zeke_Thane_Painter,ridge,0.46484375,1.701154112815857
Zeke_Thane_Painter,ridge,0.47265625,1.520787239074707
Zeke_Thane_Painter,ridge,0.48046875,1.3496854305267334
Zeke_Thane_Painter,ridge,0.48828125,1.1882096529006958
Zeke_Thane_Painter,ridge,0.49609375,1.0365571975708008
Zeke_Thane_Painter,ridge,0.50390625,0.8948607444763184
Zeke_Thane_Painter,ridge,0.51171875,0.7633795738220215
Zeke_Thane_Painter,ridge,0.51953125,0.6424977779388428
Zeke_Thane_Painter,ridge,0.52734375,0.5325214862823486
Zeke_Thane_Painter,ridge,0.53515625,0.4335455894470215
Zeke_Thane_Painter,ridge,0.54296875,0.3454124927520752
Zeke_Thane_Painter,ridge,0.55078125,0.26722991466522217
Zeke_Thane_Painter,ridge,0.55859375,0.19729700684547424
Zeke_Thane_Painter,ridge,0.56640625,0.1341768205165863
Zeke_Thane_Painter,ridge,0.57421875,0.07668924331665039
Zeke_Thane_Painter,ridge,0.58203125,0.023945778608322144
Zeke_Thane_Painter,ridge,0.58984375,-0.02446216344833374
Zeke_Thane_Painter,ridge,0.59765625,-0.06879639625549316
Zeke_Thane_Painter,ridge,0.60546875,-0.10941001772880554
Zeke_Thane_Painter,ridge,0.61328125,-0.14681154489517212
Zeke_Thane_Painter,ridge,0.62109375,-0.18160420656204224
Zeke_Thane_Painter,ridge,0.62890625,-0.21439284086227417
Zeke_Thane_Painter,ridge,0.63671875,-0.24569976329803467
Zeke_Thane_Painter,ridge,0.64453125,-0.27592018246650696
Zeke_Thane_Painter,ridge,0.65234375,-0.30534595251083374
Zeke_Thane_Painter,ridge,0.66015625,-0.33420658111572266
Zeke_Thane_Painter,ridge,0.66796875,-0.36273303627967834
Zeke_Thane_Painter,ridge,0.67578125,-0.3912033438682556
Zeke_Thane_Painter,ridge,0.68359375,-0.41994452476501465
Zeke_Thane_Painter,ridge,0.69140625,-0.44932693243026733
Zeke_Thane_Painter,ridge,0.69921875,-0.4796951413154602
Zeke_Thane_Painter,ridge,0.70703125,-0.5112040638923645
Zeke_Thane_Painter,ridge,0.71484375,-0.5437279343605042
Zeke_Thane_Painter,ridge,0.72265625,-0.5770784616470337
Zeke_Thane_Painter,ridge,0.73046875,-0.6112816333770752
Zeke_Thane_Painter,ridge,0.73828125,-0.6465173363685608
Zeke_Thane_Painter,ridge,0.74609375,-0.6828451752662659
Zeke_Thane_Painter,ridge,0.75390625,-0.7201535701751709
Zeke_Thane_Painter,ridge,0.76171875,-0.7583110332489014
Zeke_Thane_Painter,ridge,0.76953125,-0.7972992062568665
Zeke_Thane_Painter,ridge,0.77734375,-0.8372591733932495
Zeke_Thane_Painter,ridge,0.78515625,-0.8783950209617615
Zeke_Thane_Painter,ridge,0.79296875,-0.9207674264907837
Zeke_Thane_Painter,ridge,0.80078125,-0.9641497135162354
Zeke_Thane_Painter,ridge,0.80859375,-1.0079835653305054
Zeke_Thane_Painter,ridge,0.81640625,-1.0514960289001465
Zeke_Thane_Painter,ridge,0.82421875,-1.0942578315734863
Zeke_Thane_Painter,ridge,0.83203125,-1.1363743543624878
Zeke_Thane_Painter,ridge,0.83984375,-1.1766650676727295
Zeke_Thane_Painter,ridge,0.84765625,-1.2135868072509766
Zeke_Thane_Painter,ridge,0.85546875,-1.247349500656128
Zeke_Thane_Painter,ridge,0.86328125,-1.2786118984222412
Zeke_Thane_Painter,ridge,0.87109375,-1.308135986328125
Zeke_Thane_Painter,ridge,0.87890625,-1.337963342666626
Zeke_Thane_Painter,ridge,0.88671875,-1.3703062534332275
Zeke_Thane_Painter,ridge,0.89453125,-1.4055962562561035
Zeke_Thane_Painter,ridge,0.90234375,-1.4431785345077515
Zeke_Thane_Painter,ridge,0.91015625,-1.482681393623352
Zeke_Thane_Painter,ridge,0.91796875,-1.5253872871398926
Zeke_Thane_Painter,ridge,0.92578125,-1.5736502408981323
Zeke_Thane_Painter,ridge,0.93359375,-1.6249582767486572
Zeke_Thane_Painter,ridge,0.94140625,-1.6786274909973145
Zeke_Thane_Painter,ridge,0.94921875,-1.7333292961120605
Zeke_Thane_Painter,ridge,0.95703125,-1.78347909450531
Zeke_Thane_Painter,ridge,0.96484375,-1.8286157846450806
Zeke_Thane_Painter,ridge,0.97265625,-1.8740788698196411
Zeke_Thane_Painter,ridge,0.98046875,-1.9239985942840576
Zeke_Thane_Painter,ridge,0.98828125,-1.9566254615783691
Zeke_Thane_Painter,ridge,0.99609375,-1.9489597082138062
Zeke_Thane_Painter,ridge,1.0,-1.942075252532959
Zeke_Thane_Painter,enet,0.0,-0.7954258322715759
Zeke_Thane_Painter,enet,0.00390625,-0.7964839935302734
Zeke_Thane_Painter,enet,0.01171875,-0.7985627055168152
Zeke_Thane_Painter,enet,0.01953125,-0.8003777861595154
Zeke_Thane_Painter,enet,0.02734375,-0.8018794059753418
Zeke_Thane_Painter,enet,0.03515625,-0.8032281994819641
Zeke_Thane_Painter,enet,0.04296875,-0.8045132160186768
Zeke_Thane_Painter,enet,0.05078125,-0.8055712580680847
Zeke_Thane_Painter,enet,0.05859375,-0.8062174916267395
Zeke_Thane_Painter,enet,0.06640625,-0.8064357042312622
Zeke_Thane_Painter,enet,0.07421875,-0.8061591982841492
Zeke_Thane_Painter,enet,0.08203125,-0.8051779270172119
Zeke_Thane_Painter,enet,0.08984375,-0.8031927943229675
Zeke_Thane_Painter,enet,0.09765625,-0.7999870777130127
Zeke_Thane_Painter,enet,0.10546875,-0.7953770756721497
Zeke_Thane_Painter,enet,0.11328125,-0.7890995740890503
Zeke_Thane_Painter,enet,0.12109375,-0.780940592288971
Zeke_Thane_Painter,enet,0.12890625,-0.7707020044326782
Zeke_Thane_Painter,enet,0.13671875,-0.7581590414047241
Zeke_Thane_Painter,enet,0.14453125,-0.7431564331054688
Zeke_Thane_Painter,enet,0.15234375,-0.7256651520729065
Zeke_Thane_Painter,enet,0.16015625,-0.7056612372398376
Zeke_Thane_Painter,enet,0.16796875,-0.6830048561096191
Zeke_Thane_Painter,enet,0.17578125,-0.6574337482452393
Zeke_Thane_Painter,enet,0.18359375,-0.6286923885345459
Zeke_Thane_Painter,enet,0.19140625,-0.5965958833694458
Zeke_Thane_Painter,enet,0.19921875,-0.5609622001647949
Zeke_Thane_Painter,enet,0.20703125,-0.5216995477676392
Zeke_Thane_Painter,enet,0.21484375,-0.4788408875465393
Zeke_Thane_Painter,enet,0.22265625,-0.4324566125869751
Zeke_Thane_Painter,enet,0.23046875,-0.38261401653289795
Zeke_Thane_Painter,enet,0.23828125,-0.32936128973960876
Zeke_Thane_Painter,enet,0.24609375,-0.27256226539611816
Zeke_Thane_Painter,enet,0.25390625,-0.211969792842865
Zeke_Thane_Painter,enet,0.26171875,-0.14750763773918152
Zeke_Thane_Painter,enet,0.26953125,-0.07925203442573547
Zeke_Thane_Painter,enet,0.27734375,-0.007473468780517578
Zeke_Thane_Painter,enet,0.28515625,0.06744319200515747
Zeke_Thane_Painter,enet,0.29296875,0.14517833292484283
Zeke_Thane_Painter,enet,0.30078125,0.22545769810676575
Zeke_Thane_Painter,enet,0.30859375,0.30784857273101807
Zeke_Thane_Painter,enet,0.31640625,0.3917437195777893
Zeke_Thane_Painter,enet,0.32421875,0.4763510227203369
Zeke_Thane_Painter,enet,0.33203125,0.5606809258460999
Zeke_Thane_Painter,enet,0.33984375,0.6435534954071045
Zeke_Thane_Painter,enet,0.34765625,0.7236047983169556
Zeke_Thane_Painter,enet,0.35546875,0.7994095087051392
Zeke_Thane_Painter,enet,0.36328125,0.8697900176048279
Zeke_Thane_Painter,enet,0.37109375,0.9340166449546814
Zeke_Thane_Painter,enet,0.37890625,0.9916400909423828
Zeke_Thane_Painter,enet,0.38671875,1.0420536994934082
Zeke_Thane_Painter,enet,0.39453125,1.0838923454284668
Zeke_Thane_Painter,enet,0.40234375,1.1145551204681396
Zeke_Thane_Painter,enet,0.41015625,1.1301225423812866
Zeke_Thane_Painter,enet,0.41796875,1.1259773969650269
Zeke_Thane_Painter,enet,0.42578125,1.098716139793396
Zeke_Thane_Painter,enet,0.43359375,1.0484941005706787
Zeke_Thane_Painter,enet,0.44140625,0.9793692231178284
Zeke_Thane_Painter,enet,0.44921875,0.8971905708312988
Zeke_Thane_Painter,enet,0.45703125,0.807121753692627
Zeke_Thane_Painter,enet,0.46484375,0.7128585577011108
Zeke_Thane_Painter,enet,0.47265625,0.6170531511306763
Zeke_Thane_Painter,enet,0.48046875,0.5217400789260864
Zeke_Thane_Painter,enet,0.48828125,0.4284062683582306
Zeke_Thane_Painter,enet,0.49609375,0.33786505460739136
Zeke_Thane_Painter,enet,0.50390625,0.25048592686653137
Zeke_Thane_Painter,enet,0.51171875,0.16674846410751343
Zeke_Thane_Painter,enet,0.51953125,0.08721254765987396
Zeke_Thane_Painter,enet,0.52734375,0.012065336108207703
Zeke_Thane_Painter,enet,0.53515625,-0.05877631902694702
Zeke_Thane_Painter,enet,0.54296875,-0.12534460425376892
Zeke_Thane_Painter,enet,0.55078125,-0.18812046945095062
Zeke_Thane_Painter,enet,0.55859375,-0.2479463368654251
Zeke_Thane_Painter,enet,0.56640625,-0.30506575107574463
Zeke_Thane_Painter,enet,0.57421875,-0.35966330766677856
Zeke_Thane_Painter,enet,0.58203125,-0.4120648205280304
Zeke_Thane_Painter,enet,0.58984375,-0.46214666962623596
Zeke_Thane_Painter,enet,0.59765625,-0.5093988180160522
Zeke_Thane_Painter,enet,0.60546875,-0.5532971024513245
Zeke_Thane_Painter,enet,0.61328125,-0.5935134887695312
Zeke_Thane_Painter,enet,0.62109375,-0.6298995018005371
Zeke_Thane_Painter,enet,0.62890625,-0.6624158024787903
Zeke_Thane_Painter,enet,0.63671875,-0.6910486221313477
Zeke_Thane_Painter,enet,0.64453125,-0.7157592177391052
Zeke_Thane_Painter,enet,0.65234375,-0.7364774942398071
Zeke_Thane_Painter,enet,0.66015625,-0.7530790567398071
Zeke_Thane_Painter,enet,0.66796875,-0.7654938697814941
Zeke_Thane_Painter,enet,0.67578125,-0.773992657661438
Zeke_Thane_Painter,enet,0.68359375,-0.7793464660644531
Zeke_Thane_Painter,enet,0.69140625,-0.7827199101448059
Zeke_Thane_Painter,enet,0.69921875,-0.785502552986145
Zeke_Thane_Painter,enet,0.70703125,-0.7891488075256348
Zeke_Thane_Painter,enet,0.71484375,-0.7946622371673584
Zeke_Thane_Painter,enet,0.72265625,-0.8021904826164246
Zeke_Thane_Painter,enet,0.73046875,-0.8113011717796326
Zeke_Thane_Painter,enet,0.73828125,-0.8214583396911621
Zeke_Thane_Painter,enet,0.74609375,-0.8322041630744934
Zeke_Thane_Painter,enet,0.75390625,-0.8432371020317078
Zeke_Thane_Painter,enet,0.76171875,-0.8544067144393921
Zeke_Thane_Painter,enet,0.76953125,-0.8656547665596008
Zeke_Thane_Painter,enet,0.77734375,-0.8769456148147583
Zeke_Thane_Painter,enet,0.78515625,-0.8881993293762207
Zeke_Thane_Painter,enet,0.79296875,-0.8992525339126587
Zeke_Thane_Painter,enet,0.80078125,-0.9099491238594055
Zeke_Thane_Painter,enet,0.80859375,-0.9201301336288452
Zeke_Thane_Painter,enet,0.81640625,-0.9293692708015442
Zeke_Thane_Painter,enet,0.82421875,-0.9369513988494873
Zeke_Thane_Painter,enet,0.83203125,-0.9421043395996094
Zeke_Thane_Painter,enet,0.83984375,-0.9440703988075256
Zeke_Thane_Painter,enet,0.84765625,-0.9427341818809509
Zeke_Thane_Painter,enet,0.85546875,-0.9386554956436157
Zeke_Thane_Painter,enet,0.86328125,-0.9322942495346069
Zeke_Thane_Painter,enet,0.87109375,-0.9246764779090881
Zeke_Thane_Painter,enet,0.87890625,-0.9174739122390747
Zeke_Thane_Painter,enet,0.88671875,-0.9105042219161987
Zeke_Thane_Painter,enet,0.89453125,-0.9020540714263916
Zeke_Thane_Painter,enet,0.90234375,-0.8913701772689819
Zeke_Thane_Painter,enet,0.91015625,-0.8804090023040771
Zeke_Thane_Painter,enet,0.91796875,-0.8737858533859253
Zeke_Thane_Painter,enet,0.92578125,-0.8743693232536316
Zeke_Thane_Painter,enet,0.93359375,-0.8816820979118347
Zeke_Thane_Painter,enet,0.94140625,-0.8958442807197571
Zeke_Thane_Painter,enet,0.94921875,-0.914949893951416
Zeke_Thane_Painter,enet,0.95703125,-0.9316645264625549
Zeke_Thane_Painter,enet,0.96484375,-0.9489228129386902
Zeke_Thane_Painter,enet,0.97265625,-0.9665013551712036
Zeke_Thane_Painter,enet,0.98046875,-0.9840878248214722
Zeke_Thane_Painter,enet,0.98828125,-1.000828504562378
Zeke_Thane_Painter,enet,0.99609375,-1.0052871704101562
Zeke_Thane_Painter,enet,1.0,-1.0049575567245483
