e1,e2,e3,e4,e5,e6,e7,e8
43.6,41.1,60.1,96.8,114.2,520.7,459.7,595.4
82.1,108.4,363.6,310.4,143.4,522.7,535.3,557.3
99.4,92.3,92.4,143.5,154.1,142,160.9,157.4
58.9,81.5,211.1,378.2,420.2,431.6,384.6,404.2
309.1,270.9,202.5,319.5,559.7,532.6,523.3,595
148.7,107.2,119.3,233,228.6,264.5,282.1,328.7
137,128.7,160.9,222.9,292.3,1021.9,1188.8,1287.4
101.7,98.3,124.5,185.4,237.9,573.7,487.2,521.5
171.8,154.1,157.9,176.5,197.6,376.7,591.5,1041.2
329,413.2,500,527.3,500.6,480,453.3,422.8
251.4,187.5,199.7,230.3,309.7,252.1,281.8,342.4
77.6,107.3,121.4,151.1,496.2,465.4,209.1,387.6
10081.9,115.2,200.6,195.4,247.7,162.2,80.4,96.1
133.1,99.6,100.6,108.5,237,410.6,665,918.3
181.8,170.8,155.2,124.5,118.5,106,167.5,324
249.6,150.8,99.9,105.9,115,156.1,473.7,338.4
220.9,305.4,305,339.5,324.4,371.1,470.9,579.5
118.4,136.7,141.4,177.4,217.4,218.5,297.6,342.4
73.5,85.1,87.5,112.4,137.7,143.8,119.3,97.4
116.2,118,113.6,111.9,131.6,162.1,205.7,355.5
429.3,67.8,67.7,74,85.4,129.6,176.8,191.3
61,68.2,69.5,73.8,97.3,123.4,262.7,525.6
364.5,413.1,363.4,256.8,211.4,187.1,213.2,600.7
244.8,176.7,150.6,152.3,156,164.2,157.4,200.5
244.3,94.2,95.7,101.2,111.3,130.3,166.4,207.4
162.4,122.2,112.3,119.1,141,188.9,162.7,384.6
102,102.6,96.6,93.1,96.1,139.1,162.2,182.4
503.3,94.7,74.6,115.4,104.3,234.3,376.5,322.2
221.6,234.1,264.5,347.3,514.8,626.3,577.2,592.5
202.4,171.6,192.2,616,302.1,248.4,381.5,430.1
10050.9,10055.9,485.7,751.5,602.9,597.1,271.9,414.4
10111.6,10103.7,10138.8,10333,386,495.7,441.2,601
220.5,206.2,134.7,155.8,178.1,209.1,269.6,284.3
56.1,54.1,65.9,60.2,69.9,113.2,170,483.5
220.1,162.5,148,142.2,147.5,153,158.5,149.4
10254.8,10237.7,198.2,186.6,190.3,218.7,289.9,368.9
529.6,225.2,94.7,95.7,107.4,611.3,708.1,1017.8
84.5,78.5,92.4,82.9,124.7,215.4,450.8,466
307.8,305.6,194.4,207,259.2,330.1,370.8,541
181.6,186.2,225.9,225.3,208.9,174.7,196.5,364.1
95.1,89.5,90.8,148.7,179.1,471.9,669.3,620.3
89.3,168.7,237.1,233.4,174.2,237.6,298.6,405.5
148.7,133.7,147,132.2,147.3,250.4,308.2,363.5
283.3,386.6,288.5,442.2,450.6,515.3,566,614.6
354.3,300.3,302,312.9,212.3,213,233.5,260.4
298.9,318.4,354.7,215,173.3,167.2,188.8,208.9
133.2,163.5,170,202.8,209,240.5,271.9,349.1
200,220.7,234.7,224.2,227.4,194.1,176.1,179.7
234,140.2,169.7,212.6,277.4,495.7,495.2,917.6
198.4,183.2,275.4,314.6,340.8,454.6,493.4,487
181.8,261.8,284.6,374.8,323.4,309.5,292.5,271.3
355.5,151.3,179.1,188.6,181.8,173.8,133.2,246.1
79.4,82,82.6,90.7,86.3,110.7,71.4,136.2
86.9,87.3,89.5,100.3,108.7,126.8,124,125.6
61.3,61.1,60.7,82.4,406,450.6,287.4,211.5
244.9,299.5,249.8,244.2,284.7,436.5,440.2,392.4
197.8,204.5,240.3,529.6,759.7,504.5,410.7,338
105,120.5,99.1,102.1,287.8,433.3,547,436.8
66.2,64.1,76.3,99.9,118.3,151.7,297.9,573.1
244.8,272.3,109.5,120.8,141.6,182.2,237.8,286.1
225.4,275,223.4,203.1,132.4,317.2,758.9,676.5
135.8,154.5,128.6,255.6,185.1,157.6,119.4,155.2
282.3,179,313.7,580.7,587.3,618.9,684.1,758.2
203.7,137.6,109.8,101.9,102.4,111.2,124.7,119.8
125.9,136.9,147.6,187.5,414.9,524.7,466,465.3
401.8,406.8,303.8,269.2,265.9,265.6,251.9,261.8
187.1,161.5,179.7,327.7,756,966.6,1302.4,1346.1
89,84.6,83.8,106.7,163.9,401.3,663.7,337.2
74.8,84.2,86.2,120.5,178.6,301.8,441.1,371.9
125.3,108.8,93.7,112.6,131.8,156.9,166.6,685.4
126.4,110.3,106.2,108.6,112.6,147.1,180.5,174.2
96.3,142,152.2,205.5,206.4,360.8,389.2,499.7
10047.1,10043.6,10042.2,10038.2,10040,10064.8,547.3,333.6
51.9,68.5,89.7,483.9,655.8,700.2,999,1108.2
169.1,178.9,226.1,303.4,387.4,497.1,514.9,457.2
88.1,154.9,154.9,176.2,282.9,368.4,491.6,388.4
186.6,230.3,178.7,299.1,248.1,135.7,304.7,249.3
203.3,96.2,114.5,80,199.8,133.7,120.5,196.7
10116.6,231.4,172.9,229.8,94.1,124,107.1,112.2
42.6,44.7,42.3,48.8,62.3,77,96.4,116
194,186.1,147.7,247.7,182.8,224.1,287.8,612.3
388.2,317.5,279.8,269.1,310.7,317.5,303.4,330.6
111.3,112.8,124,149.6,191.4,195.2,165.8,154.2
35.8,44.2,50.8,414.7,879.4,597.7,628.8,516.4
112.9,103.7,135.4,254.7,761.4,603.6,520.8,691.8
155.8,189.4,170.7,176.2,191.2,206.3,222,256.4
50.1,54.1,58.5,68.6,99,124.1,1197.1,641
186.6,106.3,100.1,106.9,127.2,160.8,211.7,220.9
300.7,99.9,69.9,76,84.7,117.6,403.9,439.9
208.1,96.3,101.6,119.9,146.3,211.5,788.7,863.6
97.2,104.8,140.8,207.1,220.3,183.8,169.8,166.2
110.8,436,246.1,144.2,160.7,562.2,251.8,567.8
115.2,119.8,148.1,168.9,164.8,204.2,242.4,321.2
27.6,37.5,77.3,216,233.6,224.2,228.1,249.9
166.6,150.3,159.9,231,346.9,433.8,699.9,637.1
56.1,53.3,63.2,92.9,587.7,703.1,800.8,636.7
235.9,168.5,173.2,322.2,608.3,676.9,748.6,790.9
10238.2,201.2,181.1,199.3,244.1,300.5,398.4,387.7
53.7,54.4,66.7,85.6,138.7,869.3,839.9,933.3
60.1,62.1,72.2,83.7,906.5,504.1,490.4,176.7
70.1,89.5,79.1,101.2,83.7,232.9,169.8,167.3
66.2,70.7,79.3,82.9,106.7,141,474.8,508.4
231.2,94.1,114.6,113.4,125.8,210.3,200.3,171.3
629,124.2,117.7,163,114.6,84.9,82.8,99.9
49.5,47.1,56.6,51,48.7,64.8,78.7,86.8
349.4,64.9,82.4,60.4,62.1,128.6,532.5,560.4
358.1,164,192.8,168.4,219.3,95.8,103.5,178.9
10207.5,289.9,176,160.7,115.2,104.9,93,98.7
140.9,68.3,81,43.4,61,100.9,120.5,213.4
166.6,155.6,152.8,143.2,127.7,97.6,198.8,219.7
69.3,72.4,77.3,54.8,44.5,168.6,135.7,361.8
297.1,112.7,79.5,60.9,61.1,101.3,136.6,123.4
123,94.1,92.7,109.5,93.9,195.4,278.2,955.9
254.9,180.4,148.2,172,98,102.6,101.2,114.2
288.6,211.3,173.7,169.2,156.2,235,441.5,728.2
139.5,135.3,122.8,133.5,143.3,197.3,250,388.9
30.6,26,35.4,26,33.4,88.4,68.6,60.5
97.7,60.4,100.8,177,155.9,139.9,146.1,115.4
85.2,68.6,73.7,79.5,89.9,331,850.1,731.8
519.9,398.5,205.3,138.5,87.7,126.3,131.4,286.9
114.9,34.1,29.4,29.7,30.1,20.2,23.4,34.6
51.7,45.2,44,41.4,39.9,68.5,142.6,259.9
259,272.5,258.7,284.2,351.7,344.3,299.4,246.4
115.2,50.5,52.8,69.2,63.4,79.5,103.3,125.6
365.6,108.6,34.2,34.9,38.1,36.2,45.6,54.3
228.3,151.8,150.6,134.6,341.4,330.2,258.6,631.9
69.5,60.5,54.5,81.9,89.1,232,752.7,769.3
106.9,37.7,43.8,26.8,33.8,68.8,313.7,573.7
264.5,157.5,103.3,88.4,89.3,91.3,101.5,133.6
53.4,54.2,64,305.3,176.3,69.6,62.7,66.7
81.1,96.8,94.3,145.1,564.9,523.7,313.1,807.4
134.9,129.3,129.7,127.1,124.6,177.6,263.9,447.2
83.1,34,25,38.1,75.2,111.5,958.8,1305.7
77.3,100.7,107.5,96.4,111.7,244.5,228.5,284.8
45.4,42.1,66.6,60.4,116.2,141.4,261.3,768.7
130,88.5,96.7,96,101.8,138.1,219.4,190.2
86.5,99.8,101.6,107.6,451.8,628.1,660.6,679
97.4,87,82.7,76.1,102.4,109.7,123.7,111.6
136.4,191.5,78.9,65.7,70.8,64.1,97.4,139.4
121.2,56.3,52.1,47.2,31.4,56.2,116.6,150.5
314.5,100.9,99,124.6,76.3,101.9,156.6,168.2
453.4,264.5,112.1,48.6,44.3,30.2,79.5,89
229,133.1,67.2,70.2,85,63.7,109.6,213.9
297.5,300.8,83.6,71.1,78.2,85.6,90.9,96.5
237.3,43.8,42.3,43,44.6,96.1,134.1,139.1
70.1,58.7,60.9,68.1,71.3,97.9,120.3,299.3
289.1,106,104.9,93.5,105.8,154.5,285.5,381.2
57.5,53.7,57.4,57.9,61.1,205.5,516.8,520.3
24.9,22.9,36.9,26.3,37.2,22.8,36,28.7
51.7,51.1,72.1,58.1,57.5,48.3,60.9,63
134.1,102.6,112.5,122.1,163.9,106.5,124.3,453.5
87.5,67.1,78.9,96.6,105,126.2,436.8,858.5
55.9,33.6,46.5,52.9,37.7,53.9,108.2,134.2
166.2,81,86.6,73.2,102.8,257.1,382.4,697.9
27.2,26,24.2,23.4,33.1,75.3,750.4,670.7
81.2,54.6,61.6,62.5,136,220.8,374.3,1011.5
49.4,47.9,49.4,48.9,41.8,51.8,170.8,781.9
341.7,163.8,43,38.4,71.2,108.3,140.5,208.7
42.2,48.4,42.1,41.7,75.6,108.2,157.1,935.4
99.2,28.6,27.5,28.3,48,63.8,61.4,55.2
222.4,219.9,211.2,192.7,259.6,702.8,747.5,550.5
204.9,144.9,167.2,283.7,413,458.2,516,566.5
94.1,103.1,91.7,110.3,230.3,323.8,410,453.7
66.4,56.9,60.5,60.4,58.4,63.5,125.6,468.3
29.9,28.4,26.5,44.8,65.7,69.5,230.5,603.7
52.3,42.9,43.7,48.5,27.4,28.5,27.3,57.8
231.1,130.3,78.3,88.6,84.9,102.9,103.1,121.2
10187.5,144.6,168,134,184.6,293.2,290.6,440.8
94.6,88.2,99.3,101.6,112.9,131.2,213,1104.5
91.5,81.9,74.8,72,93.6,149,123.7,127.1
73.3,66.4,98.8,147.6,158.4,206.7,710,875.2
76.9,74.3,80.2,80.3,755.8,774.6,904,869.2
87.4,54.6,54.3,59.3,62,65.7,178.5,356.3
232.4,137.7,118.3,127.1,138.7,148,129.6,111
169.7,167.6,149.1,160.9,127.6,249.2,198.4,236.2
213,229.6,93.9,103.6,77.7,214.7,230.8,261.5
232.2,109,87.6,81.6,78,117.8,474.9,1098.9
420.3,58.4,63.7,67.9,53.9,694.7,635.8,866.4
88,82.9,77.7,88.3,93.7,92.4,107.3,260
351.7,189.7,126.2,138.6,199.5,140.4,235.4,430.6
83.1,78.5,77.5,90.9,75.4,137,179.9,194.2
49.2,51.9,51.3,78.4,82.8,107.4,108.4,112
151,148.4,157.1,190.6,164.5,148.2,153.7,209.2
316.7,184.5,112.8,109.3,117.2,128.7,146.1,165.4
63.9,51.2,59.6,51.3,44.9,41.5,56.1,542
201.4,208.4,215.9,213.4,236.1,240.4,98.6,97.2
10077.1,10097.3,10849,686.8,603.3,81,74.2,63.4
115.1,131.9,138.5,134.9,143.9,177.8,173.2,590.8
222.1,101.5,85.3,92.7,90.7,104.7,684.2,553.5
879.1,181.3,130.9,147.2,179.9,165.6,130.4,1093.5
357.9,156.6,84.3,105.7,241,187.2,208.7,256.1
597.5,46.3,55.7,63.5,44.2,53.1,550.6,142.7
232.9,186.5,69.6,56.6,57.7,289.4,834,1006.7
376,327.5,249.6,276.8,219.1,129.3,98.5,126.7
315.1,133.2,118.9,130.6,108.9,133,761.6,1157
191.5,155.3,108.1,117.4,100.7,107.5,135.7,144.5
274.8,72.5,61.1,66.4,83.5,71,104.9,176.8
78.9,55.3,57.2,57.5,54.3,53.8,64,60.5
249.3,330.8,207.3,129.8,103.9,316.9,677.7,1067.3
152.3,59.8,57,67.2,63.8,74.9,88.8,769.4
68.6,47.1,32,46.9,45.5,54.5,713.9,669.9
115.3,56,62.6,58.9,83.3,492.8,528.8,686
43.2,29.9,31.7,36.1,36.4,463.1,569.5,617.7
77.7,107.6,158.9,208.2,55.2,86.7,751.1,125.1
150,139.3,449.5,242.8,806.2,868.2,856.4,1031.3
352.4,266.7,354,331,453.8,146.4,156.7,138.4
72.7,89.5,122.3,86.6,122.4,133.9,146,160.4
75,107.3,187.9,120.1,149.7,208.2,174.4,435.2
94.8,95.7,91.3,88,81.9,85.9,396,270.6
104,100.4,80.9,90.8,60.7,82.1,486.2,94.9
402.5,183.4,154.1,268.9,242,379.6,386.5,423.3
140.3,136.8,100.9,118.8,57,42.7,90.4,89.8
144.1,135.9,128,130.7,135.7,137.1,143.5,1495.7
155.3,136.8,186.8,175.5,123.9,110.9,147.5,171.3
101.4,73.8,62,69.6,70.1,70.3,74.7,81.3
293,75.2,88.4,114.2,88.2,220.4,236.6,707.3
260.9,76.2,41.2,57,49.3,57.9,136.3,170.2
130.2,118.8,96.9,118.3,58.4,88.2,273.6,906.7
59.2,59.3,43.6,40.7,278.5,644.9,186.1,154.1
268.6,158.6,110.6,107.2,138.9,106.4,159.3,585.9
336.4,164.2,83.9,87.9,93.9,113.5,148.9,152.1
26.5,24.7,27.4,32.6,48.7,10761.8,253.5,264.6
36.6,36.6,45,52.5,69,59.9,85.4,549
145.9,37.1,36.3,35.1,541.9,634.9,873.2,555.5
145.4,131.5,132.6,116.3,114.4,466.9,692.7,616.7
101.6,92.6,91.9,100.2,157.3,458.9,472.3,424.2
144,69.2,57.8,58.6,56.5,62.6,157.3,599.4
460.9,159.6,167.7,138.7,129.5,155.3,558,457.6
48.6,46.5,37.5,43.2,57.3,815.5,848.3,821.3
389.4,157,103.4,155.4,478.6,285.2,1021.6,1323
86.9,105.5,126.8,125.4,139.2,177,113.2,141.6
387.3,352,406.4,350.1,539.6,684.5,718.7,791.4
492.2,396,378.1,702,564.8,542.8,549.6,560.3
86.7,79.7,60,68.3,62.6,65.3,130.3,273.1
70.1,79.6,84.7,80,79.5,89.2,91.2,111.6
395.1,110.3,100.5,96.3,82.4,87.5,109.5,142
338,55.5,50,52,69.2,456.4,672.6,780.3
420.6,238.4,223.2,226.1,238.7,275,303,526.5
131.8,225.8,271.7,417.9,606.8,895.1,629.2,459.7
375.3,301.5,128.2,447.6,132.3,140.7,66.8,76
610.1,59,61,57.9,62.4,71.7,104.3,103
138.1,182.6,183,174.3,171.6,166.8,229.8,213.2
118.1,173.4,45.8,42.7,46.4,60.3,68.5,352.3
174.8,140.7,78.1,54.3,53.4,56.9,289.3,677.7
91.7,56.5,55.7,60.5,49.9,191.5,423.4,378.8
153.8,47.6,49.7,37.7,33.8,41.4,45.4,97.5
98.3,91.1,119.9,113,87.7,118,950.1,713.5
31.1,17.1,18.4,21.7,30.9,37,844.7,375.9
173.5,165.8,162,178.1,170.3,195.8,900.2,946.6
100.9,96.2,103.4,106,112.5,132.6,117.5,686.3
129.3,75.2,94.9,72,83.5,93.7,101.6,170.9
273.1,137.8,131.5,131,75.9,84.4,115.5,1156.3
536.1,552.1,293.5,163.4,143.4,198.9,190,359.2
251.4,178.4,202.1,159.7,130.8,120.5,112.5,643
520,420,373.1,469,445.9,458,501.5,662
148.2,174.9,209.7,216,241,217.4,285.8,586.1
10074.6,10058.1,10060.9,10086.3,10123.2,10331.3,151,259.8
137.8,68.8,45.3,54.4,47.2,60.6,76,439.6
84.8,30,28.2,22.2,21.2,19.5,33.7,477.2
121,96.3,87.9,91.9,90.3,96.2,219,450.8
393.8,83.5,80.9,68.4,104.1,93.3,107,117
152.9,67.9,64.5,78.7,61.1,83.4,158.1,160
98.3,79.7,73.8,79.4,74.9,144,308.1,392.5
71.3,68,68.3,63.9,79.5,258,871.5,847.9
153.8,112.5,101,87.5,92.6,91.3,92.3,103.4
200.3,165.5,117.4,134.3,128.7,163.5,179.4,198.3
189.4,74.7,86.5,88.5,90.5,80,490,792.2
199.1,85.9,91.6,86.1,89,526.5,537.2,432.3
84.7,100.1,85.8,84,74.3,96.8,197.5,261.9
127.1,115.5,135.8,247.3,262.3,136.8,144.8,840.3
52.8,61.5,62.8,66.3,83.7,110.1,138.8,481.4
61.9,51,57.1,82,72.8,58.1,61.5,67
186.3,117.1,74.4,103.1,127.1,113.1,94.2,67.1
43.2,48.5,51.7,44.1,129.5,379.5,808,674.9
277.6,84.4,82.8,79,98.8,112.1,91.2,137.2
86.1,66.2,61.7,60.3,64,80.6,1481,533.3
229.5,236.2,232.8,221.9,247.8,286.5,309.3,401
386,431.3,567.9,357.2,362.7,318.8,276.6,449.6
83.4,76.4,79.7,81.2,88.7,83.4,87.2,294.1
50.3,51.5,67.6,66.7,98.1,271.1,342.5,501.6
10529.9,10814.1,10944,420.9,473.7,300.8,222.3,265.9
818.4,623.7,645.7,99.7,99.8,79.7,265.1,151.3
96.2,142.1,146,155.3,297.1,415,342.4,365.3
10448.5,87.5,94.4,202.6,288.2,271,230.6,219.9
217.5,673.7,470.3,279.1,247.6,115,105.1,213.5
73.5,210.3,150,197,146.3,295.7,447.1,330
10107.2,469.3,57.2,67.3,71,70.9,84.1,132
10116.8,10096,10207.4,257.4,209.2,260.1,224.3,161
102.8,147.5,141.5,93.9,117.1,146.2,162.6,229
170.1,159.5,135.9,132.5,111,124.5,162.5,373.4
10157.5,10487.2,501,361.7,232.7,376.5,407.5,406.4
270.9,124,170,124.8,200.5,429.7,431.5,430.5
272.3,123.6,199.7,234.1,156.8,390.9,377.4,492.8
526.2,227.5,199.4,184,84.9,70.8,83,91.3
10190.2,10182.7,10206.2,10220.9,226.7,327.2,312,356.9
378.8,191.6,129.1,139.2,129.2,168.7,182.9,188.1
190.6,59.1,63.1,78.6,71.4,50.2,78.5,119.2
176.9,128.3,132.5,128.6,152.4,186.2,877.5,635.6
324.8,508.8,459.5,235,80.2,97.2,228,442.1
10460,834.4,204.1,167.9,83.4,78,67.8,127.5
10409.4,84.5,64.4,316.6,85.2,65.8,71.9,76.6
145.3,161.3,198.6,129.4,290.8,336.2,238,238.8
282.5,422.6,73.9,314.3,100.5,104.4,99.7,121.6
785.9,321.7,39,49,41.7,50.5,55.3,96.3
356.5,231.3,291.4,197.1,245.4,133.5,202.5,157
10473.7,366.1,264.7,693.9,489.2,116.4,139.7,184.3
656.2,564.5,244,385.4,313.7,268,686.7,966.7
318.3,374.8,165.3,154.6,120.8,177.1,265.4,380.3
10038,10034,10041.5,10075.5,10398,604.2,1044.7,1131.4
10297.3,468.7,84.3,98.6,102.6,95.3,83.6,106.1
10339.7,10495.8,10693.6,565,398.3,309.8,330.2,262.2
187.5,195.9,293.9,400.4,346.9,232.9,171.3,356.5
10297.1,10745.4,364.2,314,247.7,257.3,255.3,220.1
191.2,250.1,184.3,197.5,61.9,42.8,35.7,40
73.2,298.5,360.5,248,244.4,475.9,449.6,189.5
194.2,328.7,10671.2,429.3,159.2,135.7,145.2,129.6
10804.5,109.3,134.7,190.1,165.7,253.1,204.8,163.1
910,294.2,327.6,532.6,564.1,508.2,296.1,446.9
10456.9,10419.5,411.1,544,88.3,159.4,126.6,289.7
10547.8,279,105,103,94,114.2,150.2,146.9
377.5,305.2,221.2,265,318.4,316.2,159.1,159
674.7,646.6,263.2,329.7,383.7,380.5,316.7,306.2
320.5,338.3,389.3,391.8,379.1,413.2,553.3,478.3
670,431.3,402.7,140.5,209.4,159.8,378.5,373.9
642.5,644.8,546.6,219.4,175.7,56.9,109.5,79.7
10431.2,10523,412,190,225.8,247.4,346.1,341.9
264.2,349.1,274.4,117.3,122,122.7,128.6,111.5
244,490.8,63.9,60.5,58.1,53,63,114.8
444.1,537.8,406.8,82.6,75,68.2,482.5,754.9
625.8,467.1,162.1,55.1,55.8,54.8,48.6,57
242.1,446,27,32.8,28.6,30.4,36.8,50.3
167.6,195.4,143.8,305.8,311.5,515.9,566.8,785.3
10394,10455,200.7,187,169.3,323.2,509.6,772
558.6,377.8,128.9,211.6,317.2,152.4,145.5,114.7
10278,10528.4,323.4,202.2,192.6,177.1,309.5,343.4
264.4,235.3,294.3,300.7,281.8,436,408.7,197
10149.3,537.7,111.4,180.8,131.6,197.7,220,868.3
504,519.1,532.8,524.2,410.5,170,135.5,172.5
207.7,198.8,117.9,117,239.9,105.3,239.2,241.4
595,359.3,332.4,362.9,385.5,400.2,387.9,443.6
10261.1,10270.7,10173.3,10136,650.5,228.1,304.4,514.2
10444.3,100.4,110,110,123.7,133.9,122.4,168.6
10677.8,98,170.1,318.5,247.1,221.5,218.6,256.1
270.1,186.5,72.2,106.8,101.2,101.1,123.2,89.2
368.8,384.3,334.4,278.3,287.7,242.6,160,162.8
69,83.3,130.6,90.1,126.6,155,240.9,183.6
10186.7,10597.9,403.6,445.4,120.8,125.4,115.2,186.9
10426.2,397.4,314.7,87.5,86.1,96.6,81.2,155
10111.6,397.8,65.4,58.7,91.6,79.3,61.4,128.8
60.8,73.1,188.2,171.7,62.4,44,43.1,39.8
523,131.8,110.2,377.8,214,140.1,162.3,160.2
10122.2,10105.6,10154.9,10139.5,160.9,188.9,121.7,138.6
398,258.4,208.9,80.8,65.8,63.8,57.5,76.3
574.6,406.8,368.8,315.8,168.7,134.7,152.7,779.8
10127.7,590.6,42.6,52.1,61.7,63.6,54.6,60.6
10520,342.7,61.4,71.2,317,161.1,119.8,140.2
10450.8,631.5,52.2,58,93.1,107.1,83.9,110.1
19.2,20,22.3,20.1,17.4,24.2,31.1,176.9
10105.8,10162.3,10572,10972.6,622,193.8,280.1,612.8
339.7,425.8,267.2,432.3,377.9,187.6,174.3,213.2
10167.8,215.1,162.4,10208.5,301.3,141.7,138.4,126.1
431.7,56.4,118.8,138.2,107.1,166.8,659.4,687.8
520.8,326.2,424.7,513.9,616.4,522.8,378.4,454.8
301.2,84.9,92.8,99.7,118.6,276.7,457.5,527.8
135.8,105.7,185.8,137.3,137.4,155.4,151.4,576.2
165.9,127.5,120,187.1,209.4,221.4,190.3,164.6
788.4,112.3,109,203.7,237.3,254.3,243.1,155.1
384.9,583.7,83.8,83,78.2,157.9,163.4,120.8
670.8,720,93.8,82.3,124.6,173.5,120.1,141.5
154.9,1012.9,45.7,41.5,45.2,76.1,103.8,155.1
605.8,85.7,73.6,97.4,95.8,73.1,101.3,302.2
177.4,361.1,345.2,328.5,266.8,382.1,226.3,257.7
323.1,516.6,120.6,89.6,90.7,150,129.7,108.5
99.2,108.2,77,229.3,334.2,309.8,276.6,273.8
321.7,341,102.7,106.7,126.3,127.6,126.7,168.6
81.8,187,118.5,80.3,107,86.9,114.9,1219.8
555.6,758.3,460,133.3,131.8,245,267.1,213.7
563.7,10587.3,424.2,170.4,232.2,309.3,246.5,310.7
449.3,122.9,134.9,154.9,154.3,375.3,878.4,408.3
833.5,129,174.8,132.6,182.7,197.9,195.9,244.5
73.5,66.5,85.1,102.6,178.9,151.6,109.5,58.6
1032.4,782.1,400.3,99.3,119.9,109.9,168.7,187.7
177.6,61.3,45.3,48.3,50,46.1,47.1,44.8
300.3,162.1,191.9,302.1,213.9,240.3,473.2,388.1
571.8,10593.1,494.1,391.2,201.1,167,198.1,283.6
10510.3,111.6,92.5,102.2,168.4,145.8,152.9,200.4
103.4,99.9,112.5,119.2,126.4,139,133.9,154.9
473.8,642.8,107.3,82.3,77.3,77.8,79.8,93.6
108.6,125.9,393.6,337.9,363.4,433.4,246.1,132.3
366.9,33.7,42.3,67,57.4,77.6,150.3,237.5
253.9,256.6,190.8,616.3,723.5,255,358.8,529.6
59.2,71.4,76.5,137.2,117.7,123,154.7,156.7
475,205.9,111.4,104.9,118.3,141.4,120.6,115.8
91.4,89,84.5,92.2,278.9,123.2,144.6,181
385.5,308,477.8,409.7,484.9,435.5,451.9,443.3
186.9,10243.9,10236.7,10526.8,539.3,494.1,438.1,482.7
11103.5,55.7,46.9,42.9,58.3,90.8,90.1,97.7
713.6,330.1,185.3,190.1,259.2,238.3,246.9,258.8
318.8,525.3,103.3,97.6,132.9,131.5,145.7,189.7
10394.5,674.3,406,76.5,129.8,176.5,154.3,417.7
10412.8,563.7,106,143.5,178.5,197.6,298.4,356.9
320.5,260.3,632.5,121.7,715,545.9,426.9,456
727.1,574.6,208,251.7,282.6,321.3,278.2,348.8
295.1,205,307.2,285.9,283.2,243.5,257.7,254.9
666.6,464.9,920.5,557.3,93.8,95.2,83.6,105.2
592.9,500.3,261,43.2,494.2,127.9,37.3,48.1
799,344.7,163.5,120.6,111,136.9,134.1,193.9
52.8,74,91.1,68.5,116.5,341.4,615.7,131.1
193.3,713.6,668.8,209.9,224.6,309.8,243.7,157.2
162.3,251.5,120.7,133.1,171.5,161.4,148.7,216.9
643,361.5,156.8,226.6,202.6,165.9,189.9,536.1
855.9,123.3,99.1,96.5,125,199.9,93.3,371
10857.1,87.6,70.9,59,96.8,83.9,70.2,104.9
707.4,198.5,67.9,73.1,73.8,81.6,84,89.8
385.4,149.5,125.2,359.8,334.4,312.3,440.6,151.6
212.9,27.6,22.2,34.7,42.4,102.1,138.4,169.9
10662,377.5,185.5,198.8,192.4,224,241.1,274.9
135.8,434.1,571.6,368.2,370.1,328.2,185.9,219.7
10425.5,361.1,286.6,177.5,271.1,330.1,368.1,857.4
334.5,154.3,130.4,110.1,108.6,105.9,124.3,199.6
180.1,216.9,320.3,402.1,459.7,300.9,428.1,282.1
370.7,782.6,826.4,143.7,162.8,240.7,138.4,111.4
628,285.1,429.4,126.4,155.3,148.6,175.5,192.6
10570.1,363.6,400.1,513.5,339.6,290.8,288.5,356.8
167.4,126,97.6,118.8,362.2,321.1,392.9,333.5
154.1,58.6,61.7,62.6,96.5,90,102.7,140.3
10929.6,463.3,225.5,324.4,462.8,520,492.8,394.3
147.4,394.8,321.7,309.3,106.9,135.5,126.3,105
261.8,10122,448.3,191.4,487.7,566.8,330.8,409.1
460.7,269.4,67.8,89.1,163.5,332,383.7,477.6
10669.2,116.9,95.6,139.2,343.2,254.3,422.1,464.4
439,276.3,104.9,134.6,153.2,189.6,304.2,333.6
10424.8,10381.7,10748.4,195.7,148,137.8,131.6,124.6
444.5,135.9,427.7,425.8,303.5,263.5,179.4,209.4
757.1,1006.8,440.9,120.6,131.8,218.7,216.5,247
463,196.2,272.5,169.8,242,274.9,237.9,285.3
333.9,510.6,79.3,87,106.3,74.9,135.4,357
424.4,419.2,498,257,154.1,253.5,137.2,118
621.2,263.5,381.1,614.1,736.9,668.2,750.1,375
394.1,74.8,68.9,47.3,79.9,91.6,66.6,76.2
516.9,634.1,60.6,51.7,34.9,43.7,46.1,57.2
60.2,45.9,47.6,47.5,52.9,66.7,42,34.9
502,111,139.5,434.2,322.4,729,486.2,523.1
10132,10143.1,804.4,786.2,628,727.5,734.3,510.5
10866,155.5,101.2,84.5,203.9,276.4,107.1,97.2
522.3,172.9,248.9,341.4,339.1,123.3,144.8,125.8
10454.7,291.1,337,431.4,489.9,419.5,258.8,266.3
195.7,119.1,956.3,384,352.1,430.9,420.1,557.4
489.7,474.3,457.9,409.5,368.5,346.2,422.3,416.3
10456.8,10433.7,386.3,524.8,581.7,640.9,759,707.6
86.1,93.1,94,90,593.5,864.2,860.9,898.6
149.4,106.6,73.4,83,553.6,1744.2,1496.5,1094.1
70.8,418.1,81.8,118,74.9,166.4,232.6,1186.6
93.2,83.6,75.4,135,377,449.2,774.1,937.2
326.6,223.6,158.8,147.8,153.3,298.9,717.9,699.2
67.7,81.9,94.3,113.7,134.2,872.4,726.2,1155.5
30.2,34.3,47.8,58.8,69.2,71.8,1608.8,1792
176.5,114.7,70.7,71.3,148.9,151.4,113.2,1148.3
359.1,86.9,96.9,94.3,102.8,114.5,132.9,208.5
595.7,132.9,112.5,130.9,242.1,1512,664.5,588.7
179.2,129.8,116.2,135.8,161.9,714.6,803.4,436.2
45.1,51.8,50.7,61.7,113.7,219.9,771.1,593.9
155.9,195.6,115,84.2,87.7,86.6,681.5,263.7
133.3,80.4,72.6,79.3,1605.1,188.6,299.8,268.1
216,121.6,88.5,111.4,113.9,153.9,792.1,789.4
505.6,285.7,63.7,76.2,84.6,102.3,93.6,124.9
348,120.5,219.6,229.9,427.2,996.9,887,503.6
400.8,77.9,88,124.6,84.8,217,271.5,310.2
93.1,25.7,27.5,30.9,32.3,27.4,43.6,483.8
285.5,122.7,237.6,225.8,501.4,584.8,215.9,93.7
168.2,169.2,317.4,111.1,103.9,74.6,112.6,319.2
86.9,95.7,81.2,70.7,124.3,157.4,530.4,300.2
291,209.7,89.1,101.8,91,174.7,331.8,136.8
104.6,544.8,86.3,63.5,109.6,161.5,469.2,108.7
213.4,225.5,380.2,202.4,291.2,441.6,294.9,1740.9
390.7,86.4,82.3,77.5,63.1,70.5,96.5,110.8
10147,10199.8,167.2,164,186.6,228.3,234.9,342.1
10045.8,10052.5,10052,10070.1,207,1099.4,760,909.4
10116.5,10184.2,10262.1,10375.2,1047.6,1100.5,523.4,480.3
203.4,76.3,73.1,90.2,88.5,110,96.5,151.5
48,49,52.1,74.1,165,106.8,111.6,99.9
425.8,428.1,405.5,863.7,805.4,969.5,1028.5,1585.7
556.8,611.4,497.4,318.3,411.3,413.1,974.5,936.1
164.5,191.8,256.8,233.8,505.1,515.2,827.8,1127
108.1,110,57.6,99.2,98.3,41.2,106.9,105.4
610.9,125.9,148.5,127.9,196.3,631.1,468.8,595.7
120.6,122,108.5,90.9,73.1,65.3,75,83.4
239.6,448.2,639,681.2,608.1,1266.7,996.4,1360.6
337.9,429.4,147.5,89.2,94,129.4,428.5,481.1
297.9,203.3,147.7,133.2,158.1,184.9,243.7,635.4
200.3,223.3,453.8,520.2,351.3,834.3,988.8,1113.2
290.8,862.2,672.5,748.5,799.1,760.4,806.2,788.4
540.8,536.3,96.9,131.2,136.8,130.9,112.7,178.3
139,248.2,144.8,124.9,125.6,332.6,428.1,668.2
341.3,165.3,98.5,101,159.8,167.7,155.8,1092
626.5,290.8,241.5,325.1,368.6,442.1,523.2,547
129.1,132.5,142.5,526.7,554.5,811.4,897.4,1523.4
331.7,394.1,283.9,392.7,404.7,401.6,448.9,382.4
634.8,446.7,353.4,453.6,589.8,849.8,695.1,274.8
101.9,50.6,54.1,970.8,951.1,366.3,745.4,1106.6
287,143.6,75.9,100.3,159.7,202.7,426.9,509.4
86.6,151.5,87.3,128.3,534.8,626.4,368.3,552.8
62.3,70.7,147,92.1,133.4,120.8,195.4,262.5
123,158.8,147.2,146.5,178.3,469.6,926.1,385.8
112.1,160.8,182.7,132.8,392.1,381.1,465.6,903.2
248.7,255,377.8,333.9,355,494.4,1019.5,826.5
165,150.5,131.2,93,109.2,151.8,71.9,71
423,91.3,99.8,88.6,156.5,129.8,185.5,279.5
503,451.4,252.9,196.5,289.6,234.4,669.6,702
369.4,217.5,232.6,191,248.4,289.5,407.3,724.9
502.9,218.3,213.4,193,220.7,266.6,189.1,561.9
345.9,71.4,88.4,74.6,79.2,170.6,1094.7,360.6
376.3,393.1,88,219.1,96.7,86.3,85.1,69.6
335.4,355.2,328.9,357.6,413.6,547.3,847.3,932.7
431.4,581.3,514.3,388.8,670.4,775.6,872,277.2
174.4,52.3,50.9,60.7,80,99,85.8,96.6
199.6,315.1,337.2,233.2,274.7,285.2,375.5,689.6
249.8,146.5,144.3,99,115.1,167.9,191,502.9
181.1,210.3,146.5,130.1,131.9,111.6,163.2,254.2
362,356.2,163.2,167.5,108.2,292.6,236.3,104.1
271.9,31.4,38.1,53.4,32.6,48.6,60.5,61.8
113.4,138.6,125.2,138.6,320,599.4,839.9,722.4
644.4,465.6,86.4,86.6,106.9,111.3,150.7,132.9
272.4,75.4,87,70.3,66.8,63.9,65,628.2
153.3,89.2,77.6,65.6,122.3,97.1,517.8,621.4
115.6,134.2,182.9,117.4,97.4,155.6,240.7,798.7
140,190.8,274.5,127.1,191.9,350.4,335.2,999.1
212.3,466.4,437.2,414,248.5,190.9,184,173
319.8,103,266.6,154.7,144.4,130.3,194.7,163.2
80.6,324.1,82,96.9,61.1,88.1,206.5,136.2
191.2,447.9,292.1,251.2,410.3,583.9,649.8,1108
113.5,99.1,93.4,119.5,286.5,101.9,118.4,94.2
298.4,58.9,100.9,103,121.3,301,394.6,744.3
137.3,342.3,176.8,180,203.8,244,928.8,1042.6
717,271.8,320.9,915.7,900.2,758.9,926.8,1149.7
255.6,178.1,184,199.9,373.8,282.3,126.6,127.5
63.3,72.9,107.5,97.2,123.8,190.3,511.9,681.8
489.5,50.4,94.2,87.7,109.4,118.5,375.1,1065.6
70.8,220.7,256.3,317.6,281.3,309.8,185.3,86.3
518.9,587.3,125.8,101,108.9,99.6,1407.5,1657.4
1196.1,755,508.6,315.5,484.3,519.6,543.2,534.2
442.8,79.9,62.4,54.2,111.2,156.7,82.8,42.9
588.8,897.8,815.2,124.5,131,104.7,794.5,845.4
173.8,494.9,162.1,318.9,246.2,228.9,431.9,394.4
754.8,601.2,359.3,319.1,250.1,1287.8,1004,1743.5
563.4,367.2,529.5,266.1,884.7,752.8,1309.7,1377.5
224.1,611.6,611.7,1041.4,643.5,900.3,484.3,661
130.2,97.2,96.8,90.7,66.5,90,291.1,695.6
427.4,437.3,222.1,53,78.1,61.4,88.9,237.1
500.5,419.8,254.7,450.8,326,142.4,530,1135.8
222.5,248.5,839.3,1523.2,1204.4,1205.9,1069.7,709.8
440.1,221.6,267.9,293,347.1,510.8,506.9,584.9
454.7,179.6,90.3,108.2,112.5,160,123.6,162.2
463.2,760.1,364.4,309.8,295.4,301.7,321.8,410.1
171.9,261.4,131.7,339.2,371.7,79.7,59.3,65.3
91.4,648.7,95.3,122.8,239.5,134.2,64.4,63.9
262.6,324.3,314.6,632.7,844.2,655.1,532.2,226.4
729.9,604.1,340.7,350.9,1030.1,935.6,978.4,1332
184.2,390.5,259.3,178.4,101.6,83,89.4,77.8
706.3,363.6,203.1,182,220,275.6,293.6,444.9
902.7,101.7,128.3,114.1,101,89.6,148.9,329.7
552.8,56.1,62.5,74.2,102.7,44.6,91.4,130.9
135.9,537.7,712.1,880.8,588.5,474.6,502,181.2
464.2,107.6,122.7,254.2,156,252.9,529,704.9
175.4,378.6,86,109.8,142.7,86.9,81.7,597.8
79.1,137.5,104.4,282.7,73.8,63.8,59.9,1042
287.3,92.5,106.1,112.1,619,995.9,596.1,366.6
247.1,237.5,291.2,355.9,191.6,258.5,148.7,922.9
10592,179,274.9,603.7,637.2,846.7,167.2,162.4
283.1,169,138,183.3,168.9,170.1,178.3,366.1
127.5,429.2,438.2,57.6,96,91.2,78,103
264.5,318.4,373,209.8,314.6,659.8,730.5,1261.6
203.8,190.8,126.5,313.1,374.6,311,254.6,160.4
289.1,557,478.6,498,495.3,696,726.1,1119.5
285.7,439.8,201,182.8,293.1,200,222.7,202.4
687.3,628.5,362.8,171.5,200.8,193.6,202.6,213.4
300.3,230.7,332.3,316.5,356.2,458.3,357.7,380.6
448.9,486.8,557.7,172.6,833.5,687.5,569.7,482.1
517,1125,440.8,296.3,304.3,359.9,288.5,666.4
147.1,407.9,113,245.5,119.8,176.8,147.4,133.6
628.6,816.6,610.7,67.5,70.3,70.3,97.3,524.2
713,679.9,361,406.9,591.9,471.3,308.5,332.1
142.6,160,169.4,102.2,175.5,173.3,201,184.7
745.6,159.1,189.5,309.3,250.2,205.8,183.9,186.1
767,253.1,165.6,265.3,293.3,287.9,415.4,379.1
227.5,259.3,311.2,649,523.3,185.4,199.1,211.2
217.4,177.4,363.6,305.5,228.2,145.1,282.1,325.3
109.8,144.5,125.5,153.6,118.2,164.6,562.8,1592
405.8,368.9,407.9,338,316.1,345.8,526.2,461.2
56,70.5,338.2,317.1,268.2,224.5,239,220.5
898.1,154.9,62.6,145.4,139.3,159.3,167.3,450.2
666.9,122.4,119.3,144.5,131,151.8,217.2,249.2
10273.9,614.7,163.5,214.6,184.7,279.5,275.1,366.4
10708.9,669.5,203.5,219,439.4,198.3,413.9,579.3
499.8,478.3,416.5,299.6,390,449.9,1169,861.1
399.1,405.3,298.2,307.4,338,309.1,341.1,356.2
783.8,610.9,502.6,395.8,551.1,709.8,1183.5,691
536.8,164.7,105.1,145,218.7,154.9,480,341.8
261,236.8,452.4,187,137.6,98.1,224,1347.3
80.7,80.1,82.3,69.6,157.9,75.6,93.9,131.3
642.7,601.7,129.6,127.1,176.5,161.4,141.4,137.5
794.1,307.6,197.1,196.1,238.6,199.3,213.5,232.3
375.6,501.8,455,241.2,364,555.7,921.2,733.6
126.2,47.5,53.8,62.8,59.8,58.5,100.3,1224.2
238.2,54.6,57.2,56.1,67,160.8,215.7,140.2
261.3,404.7,425.2,528.8,286.6,865.6,1410.8,272.4
325.3,456.1,496.5,442.8,460.8,569.5,778.8,701.1
219.9,429.3,96.7,153.2,94.6,79.6,80,93.7
495,970.6,461.6,191.2,156.5,196.5,177.9,183.6
220.1,70.2,68.6,72.6,77.9,75.7,69.7,152
830.9,87.8,83.5,110.7,115.7,81.6,196.4,238.7
868.3,774.7,78.2,67.6,74.2,65.7,80.4,104.3
233.5,623.5,285.6,575.9,238.1,738.1,1282.9,1548.9
220.2,707.2,128.9,137.9,172,248.1,217.2,281.3
10834.5,780.5,103.4,105,102,74.4,92.8,605.4
132.7,330.3,205.2,118.6,71.2,432.4,703.9,929.9
588.9,419.6,202.5,199.3,306.1,314.2,571.8,846.2
326.2,338.8,224.8,217.2,140.8,232.1,1149.2,557.9
403.3,461.3,99.7,103.6,98.8,94.8,97.8,111.9
79.4,151.1,129.4,170.7,157.9,143.1,105,169.7
145.9,92.5,294.1,87,90.6,112.5,95,110.2
135.3,167.1,626.6,603.4,111,103.6,86.8,82.2
98,258.8,10116.3,637.2,262.4,366.9,396.6,178.7
147.6,202.6,262.5,317.3,144.4,97.1,151.8,162.6
105,10627.4,89.4,72,35.3,33.2,41.5,49.9
10273.4,10382.3,532.8,537.4,228.1,249.9,235.8,216.8
530.2,407.4,499.4,840.6,1049.4,679,511.9,855.6
706.7,641.5,995.4,868.3,695.3,522.2,942,1352.1
333.4,320.5,410.5,423.2,406.1,226.4,329,327.9
584.5,728.6,135.4,57.7,148.7,318.4,320.7,299.6
77.5,95.3,70.4,60,171,359.2,462.3,1087
214.1,273.5,66.2,185.7,107.9,103.7,223.8,174.7
365.9,42,48,51.1,40.2,67.2,136.7,140.7
264.8,10285.8,167.8,206.3,224.4,199,422.4,411.5
138.5,249,93,325.6,54.2,78.5,86.3,61.6
206.9,121.7,98.3,156.5,102.3,97.5,95.4,169.3
518.2,530,395.4,222,135.9,138.3,198.3,270
219.5,212.2,62.2,72.6,60.9,48.6,65.2,73.3
697.2,89.7,208,145.8,160.7,138.3,126.7,252.9
368.6,60.9,67.8,75.6,78.7,160.1,203.4,150.1
276.9,345,227.6,113.7,207.7,207.8,199.4,173.8
35.2,15.8,17.2,14.5,12.8,22,705.2,742.9
94.3,313.6,85.1,59.2,56.8,270.5,1141.8,1511.7
97,171.8,314.4,82.5,76,72.3,136.1,200.6
10322,10371,584.5,104.5,87.9,96.1,81.1,75.4
10436.1,262.9,257,392.2,265.4,227.1,248.3,256
139.1,223.4,136.3,142,163.9,413.4,387.4,257.3
91.7,191.6,140.4,95.2,78.6,39,55.4,94.1
188.7,123.2,438.9,178.8,122.7,90.7,112.2,97.6
395.3,442,301.3,355.4,58.1,59.5,59,89.8
540.4,415.7,390.9,439.6,388.8,351.9,259.1,233.5
363.4,569.3,66,77.7,69,82.4,207.2,349.8
341.9,371.1,105.5,118.1,100,122.3,205.1,243.6
299.2,247.1,324,252.9,240.3,187.3,215,217.8
117.9,506,152.7,94.3,76.7,78.4,72.2,99.7
70.2,43.3,50.5,39.8,94.8,115.7,633.9,227
40.3,51.5,59,40.6,19.7,62.6,134.3,155.9
220,86.6,92.8,87.2,83.2,112,316,503.2
291.3,310.5,124.8,59.4,64.5,68.8,229.6,314.6
403.2,248,74.3,69.9,56.3,58.3,69.7,72.8
242.2,268.1,283.1,293.3,345.9,395.8,601.9,677.4
67.6,73.4,83.9,98.7,141.4,204.5,532.6,551.3
256.4,40.8,31.7,51.9,37,89.6,110.3,96.3
311.3,61.9,64.4,70.7,66.9,83.8,155.7,162.7
32.6,33.8,17.9,26.3,36.4,59.4,138.6,252.6
614.4,587.5,399.3,304.8,334,302.6,308.6,276.4
412.3,81.4,78.5,95.4,107.5,83.9,84.5,108.1
408.2,273.6,146.8,202.2,127.6,138.1,126.3,197.1
359.4,79.3,67.4,155.1,85.7,115.2,148.3,313
1050.4,419.7,113.5,152.5,233.2,242.1,303.2,329.4
10216,377,404.4,68.3,74.5,58.7,74.1,98.1
10250.3,10306.2,767.8,234.9,258.8,328.4,382.5,517
436.7,207,204.5,217.4,230.9,590.8,1128.3,922.1
241.3,249.9,167.5,168.6,174.9,150.3,162.8,179.7
220.9,299.5,426.3,399.1,669.5,704,816,973.4
426.6,59.9,65.5,79.1,76.9,58.2,105.4,112
160.8,279.2,54.8,56.2,53.1,57.3,67.9,68.7
60.2,89.3,70.3,92.2,107.4,120.8,168.4,223.4
10398,721.6,713.3,715.6,400.8,404.8,533.2,393.4
122.1,247.1,39.7,45.1,31.7,51,181.7,275.6
42.4,61.7,52.7,46.9,51.3,40.3,58.2,80.5
96.4,437,175.9,28.6,39.3,81.1,115.5,118.1
217.5,159.9,180.6,210.6,218.8,232.7,245.1,793.5
80.7,471.6,173.9,30.6,35.9,29,62.1,80
10266.2,10781.7,534,190.8,189.7,180.2,160.7,159.8
248.3,80.2,99.9,110,137.1,145.5,135.4,119.6
275.2,450.5,349.1,37.2,43.8,55.8,72.6,123.6
331.2,660,125.2,137.7,176.8,135.8,231.8,362.2
254.4,146.1,142.6,136,180.4,382.2,452,413.1
351.1,153.9,137.5,109.2,188.4,155.2,374.9,485.1
88.5,384,249.7,107.2,107.4,119.2,98.2,168.9
336.4,342.6,152.4,190.4,182.2,185.7,225.2,262.6
10307.7,135.6,135.2,139.5,145.2,97.3,314.2,150
129.4,52.3,54.5,53.6,49.1,48,71.5,379.6
213.1,110.3,65.2,58.8,79.2,99,94.4,95.4
121.9,279.3,218.1,109.9,127.5,135.7,140.4,216.7
152.5,59,62.1,59.3,61.9,106.1,113.2,137.2
178.6,44.7,49.5,51.1,49,77.7,208.8,240.5
371,144.8,248.8,45.3,54,77.5,68.2,55.9
254.8,106.3,117.1,92.9,79.3,82.8,85.3,345.1
87.2,198.4,491.1,65.6,53.7,60.3,59.1,249
195.2,300.1,148.2,46.2,50.6,51.4,91.4,79.6
417.6,10580.1,42.3,50.6,43.7,69.7,159.5,182.8
222,97.5,99.7,91.1,106.4,99.3,281.2,342.5
139.8,173.5,158.5,98.5,100.8,130.5,93.2,74.1
173.1,48.5,160.6,64.5,75.2,80.8,83.4,130.8
221.6,97.3,100.5,105.4,94,141.7,111.4,127.6
486.5,311.7,394.8,67.7,70.2,82.2,95.8,95.8
143.8,40.6,49.6,37.4,59.4,61.9,68.3,70.7
60.5,65.4,59.4,54.8,71.7,108.2,227.1,424.7
320.4,239.2,202.7,123,151.8,185.1,320.7,272.3
54.9,38.8,35.2,35.4,35.6,39.9,40.2,43
10362.3,195.8,154,203.9,78.9,74.4,88.9,80.9
751.5,732.1,594.2,300.9,98.7,155.4,211.1,580.4
451.6,361,403.4,213.4,179.7,182.6,178.4,218.9
10258,10434.1,778.7,420.6,148.9,266.5,108.8,578.1
107.4,98.6,153.6,135.3,202.1,203.3,279.8,909.6
10405.4,41.8,46,48.7,57.7,74,98.1,523.4
789.8,503.2,341.4,401.2,681.8,478.4,161.6,166.3
248.3,84.3,103.7,123.2,124.5,170.9,225.7,164.2
453.9,306.7,225.1,191.2,170.4,164.4,146.1,160.7
350.4,314.9,396.6,294.7,440.8,553.5,572.3,424.4
387.2,1064.4,563.2,136.8,197,418.4,551,1064.7
10246.3,10632.5,275,113.4,83.3,109.6,113.9,110.9
10059,10448.6,58,73.1,94.1,225.3,99.9,86.6
321.6,159.5,65.4,77.8,207.6,97.4,81,229.1
10050.7,317.1,241.6,95.9,66.3,72.4,52.5,38.4
411.5,295.7,238.4,74.4,73.8,74.4,67.5,62.7
288.4,10693.4,10598.4,159.4,180.7,183.6,181,750.2
267.5,464.9,763.4,439.1,105.9,125.9,133.2,117.3
10304.4,417,10337.5,67.3,167.1,98,96.6,101.7
679.7,837.2,63.4,66.9,62.1,41.5,48.8,367.3
300.7,299,269.6,132.6,76.6,72.3,63.6,72.7
335.5,351.4,310.6,904.4,49.9,55.6,103,57.7
10072.5,260,142,488,369,47.5,51.9,55.4
516.7,95.8,282.3,332.8,134.6,113.6,115.1,114.4
10174.7,568.8,280.9,375.5,287.7,99.5,105.7,103.4
585.6,137.3,208.8,267.3,107.1,114.6,111.4,103.8
546.6,446.2,520.6,103.5,107.8,103.2,135.7,319.7
931.8,209.7,163.3,349.8,287.7,581.4,733.1,982.7
615.5,10697.1,920.4,169.9,163.1,171.3,121.2,242.7
10317.1,355.1,192.4,81,74.9,70.4,80.2,122.8
78.5,81.5,202.6,215.2,190,164,200.9,725.8
10624.5,175,217.4,139.9,171,156.6,152.6,163.9
533.1,208,232.4,240.1,245,241.3,320.2,315.1
10049.8,67.4,75,78.9,111.1,133.6,703,570.5
307.4,119.3,128.7,140.1,168,203.4,281.7,558.6
716.7,191.3,630,465.9,206,113,124.2,133.2
793.2,246,158.6,322.5,146.3,278.2,335.1,487.3
522.1,341.7,162.8,268.3,178.9,91.5,99.7,125.6
797.1,90.8,99.9,95.5,236.4,112.2,95.2,76.7
724.3,707.9,399,395.8,214.5,364.8,323.9,255.3
10221.6,10553.2,456.6,113,207.9,195.1,160.6,184
10138.6,10425.3,10566.1,88,100.8,123.4,102.7,150
361.5,269.4,455,604.1,168.5,171.9,187.6,157.4
299.6,423.7,421,519.2,314.9,271.3,288.4,265.8
383.4,289.4,519.4,628.9,859.7,857.7,905.3,1017
472.9,477.2,196.3,131.4,83.3,204.1,222.4,169.2
10275.6,427,166.9,153.5,196.8,92.1,94.6,97.1
274.8,230.8,194,152.1,120.2,157.9,163.9,245.6
382.4,34.1,31.6,41.9,145.6,131.1,96.5,96.9
10587.8,553.7,47.7,81.5,94.3,102.1,118.2,209.1
447,45.2,40.6,48.4,99.2,55.5,57.9,89.3
211.5,883.7,242.3,79.1,88.9,82.1,95.1,111.8
10604.1,564.4,526.5,180.8,289,336,360.4,367.7
659.3,73.1,77.4,88.5,93.5,92.2,90.9,95.7
10299.4,349.1,134.4,175.3,199.2,185,198,380.3
372.9,346.2,93.1,117.3,347.7,344,333.9,421.6
868.8,72.7,73.9,64.5,60.3,75,104.5,721.1
70.1,477.5,531.7,475.6,444.9,264.7,357.8,477.6
493.1,544.7,474.7,82.2,93.7,104.8,103.7,95.4
1037.2,303,266.2,294.2,295.7,290.2,287.5,295.6
348.3,268,235.7,223.7,232.9,130.9,86.2,104
73.5,10344.9,83.8,67.2,101.4,108.4,706.3,562.9
536.9,308,49.3,294.8,120.9,62.4,67.1,58
29.7,258.7,298.5,636.5,150.1,33.2,30.2,32
316.3,212.8,466.7,333,80.8,84.5,85.7,89.1
540.2,695.9,1152.8,632.5,625.2,592.4,363.3,344.7
411.2,424.9,494.2,343.5,143.1,159,177.4,170.2
419.7,310.7,424.8,460.6,50.6,52.1,69.5,63.7
10453.8,244.8,104.7,415.3,122.9,137.9,133.7,100.9
220.5,480.4,475.5,441,83.5,72.9,72.6,78.6
508.5,367.9,290.2,369.6,126.2,71.1,118,105.2
633.1,10400.5,113.5,76.3,89.2,59.7,83.5,195.8
473.6,613.5,405.9,526.8,205.9,208.2,217.9,267.8
10668.5,992.3,92.3,81.1,97.8,133.1,172.5,118.8
561.7,357.1,821.8,58.9,269.4,132.9,88.5,70.3
159.2,111.9,402.8,546.1,66.7,110.6,146.2,84.6
281.6,158.4,190.4,73.2,74.2,68.9,69.2,68.5
94.9,279.2,45,50.4,47.7,41.2,36.4,26.5
580.7,84.7,150.5,125.9,112.6,83.2,94.8,158.9
950.1,451.5,145.3,158.9,332,229.1,422.6,404.3
65.1,184.2,237,397.2,69.9,46.3,45.8,48.3
10120.3,412.7,430.2,167.8,232.7,420.2,79.5,88.5
10284.8,10299.2,10536.9,386.5,273.3,169.2,247,261
473.3,533.6,953.7,854.3,419.5,366.1,381.8,467.5
226.8,660.4,546.2,133.8,161.5,161.5,171.9,365
888.7,59.2,45,54.4,52.1,41.2,49,132.7
128.1,71.1,64.9,486.6,491.7,511.6,577.4,779.2
401.7,386.1,380.5,407.8,185.1,149.5,78.7,176.3
91.6,56.7,52,56,72.9,88.1,81.9,268.4
373,365.7,172,78,77.8,119.6,126.6,159.2
85.2,145.2,62.5,67.2,77.9,88.6,80,55.3
264.4,25.9,29.3,31.7,28.8,44.3,90.3,144.8
81.2,359.4,79.1,90.9,172.3,233.3,85.4,70.6
121.2,227.6,108.6,111.4,118.8,118,120.8,239.1
346.6,314,164.9,157.2,280.4,527.9,452.9,692.6
73.1,69.9,71.3,182.4,137.2,127.6,212,327
50.3,52.4,50.2,53.4,66.9,89.3,153.3,717.4
174.8,130.2,162.6,360.6,219.8,138.5,84,189.4
1155.5,839.7,521.3,304.5,159.3,160.8,173.5,155
568,779,162.1,142.7,356,405,286.5,195.5
571.9,537,400.1,393,379.4,474.9,444.1,319.3
626.8,621,184,164.7,151.9,213.2,317.7,387.9
310.7,138.9,136.6,139.1,153.1,129,195.5,264.4
10172.4,311.8,177,188.8,658.7,393.9,476.7,98.3
262.6,208.4,187.5,195,216.2,249.1,209.9,290.4
266.5,95.2,127.6,206,156.8,155.7,160.6,191.9
318.2,238.5,286.7,415.2,434.6,370,532.8,762.5
429.2,79.1,57.3,62.5,70.7,82,64,108.1
229.6,13.7,12.5,10.4,16.3,15.3,37.1,60
171.2,170.1,195.3,220,201.3,213.3,224.2,133.9
74.8,58.3,51.6,53,56.7,41.8,74.8,98
315.6,64.2,48.5,60.9,67.9,73.2,71.2,75.3
720.1,126.9,151.7,165.5,137.5,349.5,161.3,134.9
1232.8,389.4,117.9,125.5,113.3,88.7,107.3,233.4
454.5,25.1,25.2,27.5,27.6,28.4,647.1,763.5
831,113.8,100,115.7,183,179.7,159.7,143.4
57.8,64.6,67.5,206,224.4,496.3,515.7,163.2
106.5,119.7,134,166.4,123.4,296.7,333.2,223.2
61.7,67.6,94.2,93.7,85.8,203.1,247.7,179.4
927.4,32.2,31.6,35.7,88.7,69,67.6,545.8
253,133.3,111.2,115,271.5,226,264.4,297.1
234.7,310,770,929.8,692.8,555,143.7,229.8
111.4,86.7,115.4,284.7,209,237.5,250.5,351.1
652.1,408,326.8,296.3,485.8,643.5,779,447.7
60.1,101.1,355.6,89.8,151.6,114.8,110.2,134.5
352.8,157.8,100.6,95.6,92.6,107.3,683.4,582.6
758.3,444.1,135.2,139.5,141.2,152.2,153,131.8
731.5,320.6,91,101.6,112.9,115.1,128.9,145
825.7,414.2,377.3,394.2,383.6,367.9,468.3,431.4
422.3,234.1,248.1,281.7,778,752.1,767,834.7
247.7,226.8,286.8,359.6,390.7,338.9,626.6,688.7
10779.5,182.8,112.7,117.5,143.6,157,158.6,216
554.6,113.7,140.9,270,207.9,264.9,102.8,112.5
496.8,435.9,348,304.2,466.9,477,389.2,407.6
221.1,148.5,191.1,208.1,241.5,249.3,362.9,266.8
625.5,116.5,145.2,177.4,206.2,164.1,140.5,124.7
91,81.7,94.2,106.1,111.1,111.4,105.4,123.3
339.4,268.9,248.2,381.1,219.7,142.3,134.7,153.1
369.2,900.9,356.5,55.7,90.2,115.2,118.7,181.8
124,103.6,109.5,131.9,58.4,59.5,75.7,65.1
656.3,416.5,229.7,265.4,347.4,343,295,918.9
975.6,99.3,99,110.1,179.8,222.3,224.3,244.7
923.4,50.3,50,62.8,95.9,83.7,91.1,111.4
72.6,78.7,68,178.5,86.1,68.1,255.6,107.9
745.8,625.7,232.4,419.6,591.9,517.1,522.6,658
570.4,69.7,93.5,87,232.4,273.9,225.2,285.1
714.7,198,43.6,41.1,53.1,77.8,77.7,112.7
120.2,110.9,157,124.4,88.2,92.3,134.7,213.3
931.5,47.7,75.4,96.7,132.7,136.7,143.6,142.9
772.2,122.3,113.4,124.8,134.9,164.1,157.6,212.9
290.1,237.3,131.6,106.6,186.5,151.9,163.4,236.1
400.2,298.9,329.8,477.2,309.5,244.2,128.5,142.6
398.5,204.2,145.4,151.4,227.3,259.7,537.8,612.9
203.6,125.4,129.9,195,244.3,255.1,244.9,235.1
1121.7,122.9,116,124.2,99.3,127.8,136.5,441.3
692.5,126.6,129.5,97.2,558.5,428.8,336.8,512.2
629.6,313.9,78.7,73.9,94.8,131,121.9,97
417.9,153.9,142.7,145.6,158.3,155.3,193.3,271.6
670.6,192.6,179.6,184.1,210.6,180.3,230.2,272.3
712.2,36.2,39,40.2,53.5,53.2,69.4,86.8
282.7,666,166.2,166.8,158.9,161.1,169.7,199.6
10245.7,92.5,74.8,70.5,90.7,115.4,124.2,149.6
61.6,51.1,61.3,112.6,179.7,137.8,207.3,270.9
342.5,422.5,193.1,163.2,171.2,223,279.1,306.6
581.7,28.2,33.8,40.5,45.1,38.3,36.4,41.9
10757.4,608.7,616,186.7,155.7,178.6,157.7,228.2
762.2,418.1,214,146.6,184.2,184.3,177.8,230.9
221.1,488.9,789.5,418.9,186.1,239.4,228.8,245.9
513.2,646.7,39.8,48.4,64.9,71.4,76.5,86.1
758.9,588,579.3,521.8,583.8,570.8,601,780
290.7,243.1,190.2,205.8,159.5,386.6,574.4,433.6
853.4,151.9,146.3,147.5,154.4,145.5,128.7,138.7
67.5,75.2,85.3,95.3,94.6,92.5,96.7,122.1
50.6,50.8,50.8,67.7,86.9,81.4,73.3,89.7
629,58.2,54.6,79.1,132.1,169.6,135.7,138.9
19.5,18.2,22.1,22.8,26.1,33.6,41.1,95.4
87.7,80.1,82.3,75.2,68.5,59.6,48.3,42.6
489,48.4,88.7,151.5,145,172.4,206.1,222.5
509.5,229.4,165.6,152,125,99.5,119.3,202.8
246.8,85.6,71.1,107.6,219.6,125.6,107.5,72.3
10396.2,10347.2,10376.7,10427.2,700.2,589.1,636.6,308.1
11037.2,548.5,500.6,458.3,506.1,375.3,178.1,215.2
453.2,491.4,418.1,458.8,327.8,299.3,244.2,716.7
1183.8,210.1,143.3,278.5,348.7,147.7,187.4,211.3
687.5,481.3,67.3,63.9,53.8,77.1,97.4,391.3
62.2,59.4,51.5,86,80.5,86.9,204.4,309.7
175.9,179.2,117.3,58.9,62.4,121.6,74.4,79.9
106.5,103.1,117.2,100.6,127.1,126.9,117,123.4
93.1,67.8,80.3,66.2,87,94.4,94.1,139.9
156.8,65,127.3,55.9,48.2,48.6,49.6,49.2
76.7,79.2,70.8,76,76.8,81.8,90.4,1649.4
322.3,211.9,71.1,50.8,537.4,592,915.5,495.6
291.9,102.6,90.3,90.5,92.9,107.6,150.2,947
384.7,86.3,79.2,81.7,103.2,309.3,731.2,1227.4
275.6,100.9,105.2,100.8,98.5,87.7,85.9,93.5
37.9,37.5,34.4,30.7,60.9,83.5,88.2,108.3
154.7,72.7,46.5,40.1,268.1,491.3,1317.6,95
258.3,328.8,304.2,127.7,139.5,140.9,164,568.6
463.6,10661.2,201.5,54,54.5,55.3,54.2,243.3
570.9,215.6,155.2,144.7,125.5,253.7,806.1,892.5
245.1,191.7,123.4,133.1,129.1,120.5,125.5,127.7
94.7,77.6,78.8,65.6,146.3,242,238.8,241.3
64.8,65.5,179,202.2,245.6,300.2,549.9,961.6
316.4,357.3,160.2,44.1,45.9,46.2,66.4,77
40.8,47.9,72.9,65.7,84.4,100.2,65,59.1
159.3,193.4,152.2,325.1,239.3,228.3,163.1,156.5
344.8,38.2,40.3,49.2,42.8,42,50.8,60.5
10401.5,79.1,52.2,81.1,87.9,388.3,857.9,261.8
239.4,190.4,93.3,84.9,87.6,122.7,1042,1742.1
284.7,50.8,51.6,47.6,66.3,96.5,207.5,907.7
10266.8,10359.2,10359.1,10420.9,579,566.1,496.8,304.9
243.4,433.3,75.4,73.3,129.5,232.9,291.5,660.7
10172.2,457.8,105.5,84.9,76.4,83.1,94.5,96.4
10098.8,46.1,44.2,40.9,162.9,410.6,989.8,884.1
55.7,58.1,54.1,66.2,75.3,1033.5,539.1,482.1
184.8,243.8,157.3,153.2,163.1,233.5,621.8,689.2
95.8,71.9,59.9,44.4,52.2,78,139.9,778.9
10097.2,10095.7,10100,10642.1,125.6,172.9,169.6,122.8
81,78.6,102.3,179.4,369.7,300.3,515.5,723.1
283.7,68.9,33.3,35.9,35,34.1,79.5,500.2
293.6,91.2,116.2,93.6,94.1,120,138.3,177.2
27.5,26.8,37.2,80.2,304.3,1183.9,883.4,1289.6
267.7,90.4,86.6,88.5,99,224.4,865.4,1182.5
134.9,142.7,107,90.9,79.9,101.3,88.5,263.2
436.2,319.4,139.9,65.4,67.4,75.2,88.8,83.2
285.4,284.7,329.5,393.2,401.3,428.8,693.2,894.5
247.8,245.3,103.9,74,102.7,119.2,109.8,139.8
10223.5,10181.5,34.7,75.1,75.3,71.2,81.6,297.3
10149.8,10440.5,242.3,109.2,94.9,99.2,110.5,150.8
237.6,40,39.1,49.3,48.4,61.2,88.1,90.8
711.8,475.7,244.8,265,266.6,266,271.9,322.3
157.7,166.7,164.9,207.4,233,272.2,294.4,476.1
49.9,59.8,59.6,141.7,95.9,80,60.3,85.8
166.5,178.1,151.2,109.6,118.3,102.3,127.4,397.6
10082.7,405.9,89.4,99.2,95.3,94.4,93.2,500.7
243.1,214.7,153.6,111.7,63.1,50.5,59.5,71.6
590.7,244.7,134.3,133.6,182,171.9,161.5,312.3
177.1,54.2,63.4,65.1,83.3,81.5,831.3,481.5
45.3,46.4,43.3,46.9,66,340.1,594.4,612.7
40.7,44.3,44.9,43.9,50.2,61.2,90.8,686.4
34.1,37.9,129.8,52.9,42.3,45.1,53.3,75.4
324.1,284.4,218.9,186.8,189.1,188,215.1,1049.9
431,638,693.3,963.3,415.3,379,256.6,172.2
469,153,79,69.8,73,71.7,61.5,57.3
208.7,175.7,95.5,77.6,64.7,71.5,124.6,511.2
230,170.3,61.9,94.2,70.5,200,268,423.1
173.5,175,152.6,166.6,179.2,465.8,706.7,444.6
396.1,220.4,55.4,52.6,53.6,61.6,1563.8,156.4
301.4,83.3,108.7,69.3,82.6,83.2,101.9,732.4
343.7,351.8,318.6,292.3,313.4,342.1,318.5,748.7
10219.8,128.3,128.7,282.3,86.1,74.1,109.5,176.9
10247.9,10234.3,324.6,527.2,689.8,672.3,918.4,1045.4
174.9,235.8,109.9,89.6,67.8,70,89.2,707.3
172.3,150.2,58,63,59.3,70,255,1196.1
122.6,35.4,307.8,79.5,70,63,39.6,56.2
246.2,132.7,119.3,122,84.6,76.6,80.4,834
447.1,176.9,292.5,291.1,339.4,402.2,647.3,519.7
276.1,280.4,426,731.4,738.2,970.6,1224.8,1160.9
290.5,132.6,180.2,362.8,505,595.3,1014.2,1468.5
346.2,358.2,31.2,40.8,33.3,40,949.9,626.2
348.6,144.7,44,48.1,51.1,54.4,1032.4,792.1
76,118.2,46.2,47.7,45.7,43,64.2,104.1
208.3,276.5,188.7,195.1,185.1,160.7,211,469.1
350.9,544.1,684.1,876.8,863.6,709.7,1330.2,215.6
375.6,229.7,74.5,62.4,57.2,54.7,127.9,1528.9
191,87.9,94.5,83.4,87.2,87.1,727,904
88.9,118.2,441.2,527,399.8,560.8,761.5,574.6
52.2,62.8,70.5,60.8,60.8,81,103,226.9
403.3,380.3,50.5,59.3,71.6,59.4,109.4,880.5
10120.9,103.9,137.9,623.4,141.2,232.3,114.5,166
335.9,375.3,277.6,266.3,235.5,277.5,331.6,403.8
304.3,184.4,186.5,168.6,180.6,182,123.8,342.1
461.2,293,142.1,102,563.6,643.4,817,848
189.4,329.2,243.8,128.4,152.9,337.7,552.8,621.3
103.4,358.1,104,96.1,70.7,79.4,93.4,872.7
271.3,265.8,238.1,115.8,151.5,171.6,367.4,357.9
167,10249.5,753.4,520.6,502.3,640.3,561.2,512.2
557.2,268.9,205.1,178.8,188.1,212.2,243.4,378
10233.5,274.9,464.6,10547.6,10420.4,570.2,79.6,71.7
572.5,536,225.4,217.7,349,432.8,426.4,394.2
168.5,193.5,93.4,105,352.6,183.2,420.9,266.1
604.8,181,155.3,689.9,432.9,173.2,201,168.9
402.1,282.1,246.5,169.9,134.2,61.8,97,91.1
165.8,215.2,174.5,227,187.2,177,163.9,170.1
67.1,63.7,78.7,77.4,128.3,371.1,786.5,568.9
506.9,509.3,513.4,409.9,382.7,370.2,365.9,353.1
10311.2,10235.5,10273.4,10230.1,10260.6,454.6,491.9,732.5
10250.9,10259.6,10080.4,10096.1,10107.2,10229.5,10285.9,10711.9
232.7,222.8,256.1,564.7,944.3,104.3,95.6,100.5
10180.2,10093.5,10093,10295.1,924.1,915,633.8,877.8
10265.8,10336.7,10414,10480.5,632.6,548.4,496.3,603.5
179.2,159.7,158.3,182.3,152.7,163.6,471.4,715.2
153.6,156.1,176,197.3,257.7,286.8,224.6,242.4
635.2,450.3,503,660.9,270.2,171.1,162.5,274.5
203.8,205.1,253,284.6,331.9,391.3,320.7,249.5
10548.9,676.7,109.2,96.7,109.3,130.9,552.2,305.8
246.3,263.3,155.7,473.8,408.5,166.2,177.7,125.4
689.8,576,531.4,578,541,580.5,525.4,509.4
10053.9,10074.6,908.3,59.9,66.3,86.3,85.7,72.1
281.9,302.8,458.2,391.5,253.9,249.9,236.8,387.5
366.3,518.3,572.9,235.5,256.9,290.3,548.4,752.7
382,775.8,904.9,507.4,431.2,534.5,501.5,915.9
10115.9,10306.1,10727.1,946.9,247.6,199.8,166.2,285
10134.8,10844.5,353.6,297.9,501.6,562.2,407.4,302.9
63.6,62.8,10131.9,126.7,150.9,195.9,199.4,196.1
178,178.8,160.5,143.3,171.8,186.5,214.9,295.6
187.8,93,82.6,85.1,102.6,141.9,258.6,567.5
10704.9,659.8,416.4,343.3,345.1,536.9,767.7,1152
328.7,251,333.6,319.8,255.4,205.2,178.6,188.9
425.4,300.8,348.4,391.1,445.3,336.2,303.7,234.6
143.8,218.6,266.3,347.5,288.5,198.4,205.5,210
581.3,553.3,610.4,743.2,847.1,762.5,775.1,572.5
174.2,147.7,125.7,139.8,109.3,174.5,134.7,134.8
562.8,383.8,188.1,349.4,249.6,243,291.5,259
224.7,432.6,518,478.5,336.4,310,274.8,217.7
10521.1,541.9,232.9,160.3,128.8,161.4,167.2,171.4
10176.1,647.9,333.6,348.4,493.8,508.4,447.8,496.2
187.1,238.5,361.3,267.1,251.4,316.1,237.1,206
416.7,414.4,379.2,534,606.1,604.4,612.1,644.6
68.4,72.8,69.5,74.3,85.1,103.1,446.2,735.2
42.7,108.2,435.6,402.8,431.5,541.5,62.4,161.1
167.1,159.3,187.5,160.5,165.8,202.7,167.1,361
581.2,254.3,218.6,308.3,449.4,591.8,661.7,314.1
284.8,283.3,543.2,447.6,336.4,62.1,88.6,83.1
10422.4,10437,394.9,368.7,294,261.1,136.5,139.6
468.2,469.8,526.4,485.2,667,568.8,613.7,483.7
72.5,51.1,57.9,84.4,116.3,134.5,255.5,316.2
10423.7,10924.7,10876.9,148.9,143.5,335.5,362.6,381.5
217.1,182.3,366.1,431.7,359.4,472.3,276,244.2
10383.3,10417.5,871.3,499,507,485,673,695.2
57.1,55.9,74.4,84.4,82.9,162.3,497.8,162.3
10350.6,425.4,534.3,420.3,413,582.8,713.2,729.4
10352.5,220.3,324.9,343.5,396.2,889.6,927.6,798.5
344.4,363.6,417,452.3,519,448.9,275.4,182.8
10518.9,534,505.5,1221.3,779.7,292,195.2,205.9
142,235.8,508.6,438.4,273.1,546.8,614.4,434.3
142.7,473.8,630.4,186.9,304.8,447.7,519.1,425.5
483.9,695.4,1055.8,530.5,288.3,459.1,417.5,331.9
10182.1,10199.7,10644.9,10860.2,456,539.6,511.1,247.1
193.6,10215.5,302.2,447.5,511.9,599.4,582,754.9
10482.4,10791.8,735,222.2,532.9,403,131.7,129.6
991.1,579.9,112.1,134,198.6,283.8,274.6,237.3
218.8,240.6,333.9,675.1,686.2,697.2,404.4,404.9
183.2,91.7,243.5,318.4,734.5,178.7,189.3,145.7
599.8,340,410.5,371.9,325.7,244.1,323.9,409.2
10315.1,10353.5,383.2,520.5,430.9,694,1013.6,884.2
165.1,149.9,188.7,145.5,155.8,172.1,584.2,132.3
10371.6,548.6,489.4,184.3,190.9,135.7,108.6,126.1
10221.1,10198.5,436.1,513.8,469.5,474.5,586.4,637.7
232.6,253.2,430.1,239.3,643.1,611.8,598.6,668.2
269.7,156.4,138.8,146,249.7,433.9,487.7,511.9
298.4,280.1,238.8,412.6,602.8,380.4,342.3,478.4
425.7,448.6,371.6,420.2,508.1,456.7,329.3,321.3
372.3,369.9,132.9,203.5,216,200.5,208.8,167
10420.1,451.6,154.5,145.8,162.4,207.1,224,217
728.3,368.2,425.2,61.3,66.1,80,88.4,85.5
92.8,84.5,71.6,451.3,371.1,325,402.3,413.2
10679,10801.8,565.7,302.9,303.3,268.4,193,165.2
322.8,167.8,180.8,171.6,205,321.7,255.3,552.6
10477.7,10568.4,10687.7,575.3,471.7,460,467.6,467.6
188.9,147.8,662.9,817.8,133.2,510.2,214.7,320.6
674.3,221.4,180,385.1,637.5,347.6,236.1,212.8
10470.9,931.9,447,309.1,264,242.1,239.7,296.7
49.8,58.8,62.1,87.1,101.2,141.7,970.5,1043.4
98.5,144.1,140.5,139.3,223.2,155.8,637.3,380.7
67.2,145.3,35.5,37.7,37.9,54.5,52.9,105.2
54.7,55.1,63.6,58.3,56.4,672,418.5,576.2
449.7,258.7,108.2,118.8,117.9,131.9,160.4,291.8
425.5,270.4,138,145.3,513.8,559.3,635.4,671.6
105.8,95.7,95.9,144.7,111.9,79.7,79.4,84.7
65.4,50.2,57.4,50.5,763.2,1109,1122.7,933.8
142.2,121.2,122,97.4,86.1,81.4,80.2,437.8
156.6,131.2,128,153.4,225.5,220.6,550.5,903.6
88.1,109.7,134.9,70.6,73.3,76.1,76.8,100.1
38.2,37.4,42.3,50.9,61.9,69.9,96.1,541.4
190.1,216.1,229.5,224.2,261.1,107.4,985,129
67.6,68.1,83.8,80.5,94.7,115.3,152,243.4
99.6,104.5,134,126.1,144.9,130,129.8,459.1
101.9,104.3,119.5,137.6,221.6,271.3,407.6,576.2
67.5,64.4,68.9,71.6,63.3,59.1,72.3,281.2
24.6,20.8,20.6,18.7,19.5,36.5,74.7,94.8
113,115.1,156.9,189.2,156.1,136,159.6,288.7
92.6,44.3,321.2,45.4,60.2,47.9,51.6,60.8
290.7,51.1,58,48.8,47.9,54.1,147.2,319.3
81.1,81.5,84.1,82.9,100.7,441,381.9,273
69.2,75.5,88.8,68.3,72,145.4,616.3,541.1
45,33.2,47.1,61.2,37.3,60.3,97.5,126.3
103.8,64.1,71.8,83.3,85,86.3,105.8,436.8
57.3,88.7,61.1,48.1,56.3,49.8,90.7,338.3
434.2,468.3,408.5,219.8,173.2,128.8,379.9,557.5
66.2,68.6,66.9,65.9,70.3,70.5,78.1,636.4
29,26.9,33.6,213.4,366.9,471.2,97.8,80.6
81.1,84,146.9,200.9,395.4,356.4,427.4,337.1
105.3,112,124.3,140.2,127.6,278.6,245.9,263.9
35.6,41.8,51.4,73.5,980.5,199.3,230.5,329.6
97.9,109.3,105.7,115.7,157.7,190.7,458.9,442
64.3,96.7,79.1,138.2,236.3,316.8,1034.2,1490.5
85.5,98.6,100.1,98.2,103.4,105.9,111,126.2
22.6,17.6,27.4,55.2,124.9,447,608.3,897.3
42.9,36.7,47,39.9,32.9,56.8,119.2,155
85.1,80.7,84.8,86,80.9,82.6,243.6,643.5
59.1,45.2,131.7,114.4,105.2,82.3,107.6,104.2
357.2,422.3,325.3,342.2,403.3,909.7,1241.5,1892
343.5,221.1,216.6,208.2,270.7,1060.6,985.8,1085.6
383.5,175.6,211.3,510.7,735.9,688.5,459.2,390.3
162.6,191.5,116,137.8,121.7,142.2,344.7,481.4
103.9,99.1,126.6,159.3,391,986.9,891.7,900.6
131.8,112.2,113.3,116.5,124.2,115,183.9,195.8
163,179.3,230.3,574.4,565,432,445.5,925.9
13.6,17.4,18.9,18.3,15.7,15.2,43.1,145.3
203.4,187.2,90.1,105.8,74.1,80.5,208.2,349
86.9,129.4,116.7,126.8,139.6,144.3,302,484.5
184.5,112.8,108.2,103.2,105.4,135.4,215.2,275.5
59,52,66.7,68.9,55.3,72.8,129,194
90.9,161.7,188.2,170.8,138.3,126.8,129.6,156
45.3,89.8,66.1,34.5,56.8,62.9,90.3,214.1
25.4,33.5,48.5,50.7,69.1,98.6,185.3,228.4
92.6,128.4,109.6,106.5,336.9,286.1,577.2,1038.2
24,24.2,38,46.5,60.9,78,151,207.7
251.5,170.2,195.5,184.3,168.4,204.4,276.5,298.6
100.3,85.7,89.7,111,105.5,97.3,130.4,781.8
89,95.7,103.7,104.3,125.3,151.8,345.9,291.3
126,144.9,149.9,120.2,184.3,186,672.3,540.8
92,101.3,85.3,97.6,93.6,120.3,301.9,576.1
332.8,249.3,260.9,251.7,432.4,364.4,370.4,261
136.2,156,232.3,247.5,157.4,157.4,127.5,118.6
136.2,204.3,173,189.1,176.5,169.3,232.3,241.7
221.1,160.4,87.2,93.6,67,86.1,90.3,352.2
90.9,10114.8,10092.3,10494.1,275.6,709.6,573.6,443.1
41.4,44.5,54,58.5,87.9,128.9,147.8,853.9
66.2,70.3,114.6,72.4,115.3,117.2,135.5,155
190.7,183.5,225.9,232.4,200,136.7,110.4,270.5
43.7,44.9,55.9,101,134.8,76.8,121.1,849.3
83.9,76.6,116.1,87.8,119,259.7,225.2,189.3
103.6,98.2,87.2,112.5,120,201.8,575.1,696.2
75.7,43.2,40.3,43.9,47.8,72.9,92.4,124.1
52.6,63,72.5,75.3,98.2,78.4,383.2,372.8
17,19.7,19,37.2,356.6,608.5,246.4,212
64.2,63.7,67.3,71.5,62.5,205.7,246.4,305
92.5,98.3,101.9,108.9,114.8,119.6,147.5,267.8
55,52.7,72.3,60,60,78,77.6,140.5
207.7,81.3,100.6,87.4,80,85,107.4,231.4
112.7,91.1,137,413.9,296,269.4,251.3,483.2
29.5,28.6,29.2,31.7,35.2,53.1,780.2,82.8
56.8,63.4,70,63.6,42.8,52.8,64.2,50.1
340.9,112.5,99.9,131.9,90.4,98.5,345.2,142.7
71,68.2,79.2,164.4,158,143.7,128.2,133.1
92,101.6,165.1,179.4,196.4,154.3,148.3,138.5
287.5,406.3,213.5,462.6,631.6,741.8,701.5,760.7
491.5,151.5,161.6,224.4,220.1,239.2,232.5,316.6
110.6,381.6,804.2,201.6,48,154.4,224.6,477
297,10088.7,34,42.8,35,74.9,100.8,189.4
10119.9,10464.9,71.6,235.1,167.3,93.5,107,95.1
10113.2,231.9,59.3,151.8,80.9,254.7,226.5,193.3
115.1,685.6,409.5,475.5,542.7,200.1,187.6,200.2
10096.8,287.8,335.5,119,339.4,141.3,128.1,154.2
363.1,794.7,146.3,172.7,159.2,162.4,131.2,208.2
259.1,398.4,253.4,136.3,139.9,251.9,359.3,430.4
10107.1,460.5,91.7,211.2,159.9,153.6,142.9,134.9
128.8,10347.5,569.7,164.5,141.2,158.5,152.8,148.1
82.6,10068.4,500.2,457.3,40.9,48.5,68.9,114
10098.8,260.8,147.9,265.1,246.3,179,204.1,173
191.1,10368.5,61.7,63,72.6,122.7,255.3,462.9
10179.3,10078.1,372.5,492.3,676.5,675.8,274,214
10152.5,395.9,481.7,435.5,219.1,217.5,179.7,359
300.9,282,250.5,285.7,48.5,73.7,61.4,217.5
10499.3,274.8,350.6,240.3,130.8,256,300,313.4
10280.1,163.1,227.7,249.7,229.3,124.4,112.3,110.6
10190.9,313.7,42.4,61.5,61.4,58,49.2,55.8
10395.5,10441.2,10360.9,249.3,161.9,90,170.9,201.7
10074.4,10529,43.9,30.9,38.4,47.2,60.3,59.5
10046.2,10820.1,46.1,367.4,236.7,45.3,46,57
10174.5,293.2,37.6,33.7,38.4,34.9,75.1,255.3
132.5,124.5,288.6,641.2,81.4,142.9,139.5,138.3
10102.7,165.2,221.5,239.7,306.9,114,86.8,85.7
10157.8,385.6,187.6,272,357.4,464.1,449.1,342.9
10372.4,105.5,201.4,125.8,115.5,141.7,94.8,40.2
10323.6,497.9,506.3,375.9,463.5,508.4,599.6,520.4
10181.7,302.9,358.4,427.2,92.5,85.8,85.5,81.1
401.7,81.9,52,65.1,246.7,297.4,288.2,275
10067.7,97.6,235.1,194.3,146.1,150,151.7,159.9
629.2,77.5,113.6,146.3,282.7,220.4,361.9,709.3
10215.1,10274,255.6,318.4,193.2,191.5,376.8,1171.2
405.6,446.2,314.7,122.7,153.5,189.5,222.9,258.8
10138.5,10190.2,193.2,47.9,54.3,88.2,120.3,129.7
150.7,229.7,205.9,166.3,131.1,128.9,121.6,134.9
221.2,363.8,431.3,465.1,220.2,239.5,142.2,190.9
10400,775.2,216.5,184.7,217.1,282.2,526.7,594.6
199.3,139,441.1,87.7,116.3,103.9,120.2,194.2
663.8,10550.8,76,72.6,103.2,126,128.9,157.8
418,503.5,538.1,162,216,169.3,193.7,292.4
146.3,419.3,145.9,231.3,227.8,212.8,295.4,294.8
10165.3,215.7,346.6,297.5,279.2,31.2,44.6,43.4
10166.7,126.9,200.1,259.1,79.5,74.3,72.5,72.7
437.4,52.5,56.4,62,47.4,152.9,264,298.6
10207.3,363.1,257.4,394.2,218.2,150.5,149.5,152.9
382.9,240,245.5,255,340.8,524.1,685,628.4
21.5,391.4,122.2,158,235.3,43.9,49.2,32.5
10203.1,75.5,83.9,95.8,96.4,130.1,95.6,149.9
10671.7,245.2,261.6,223.4,130.3,333.5,330.5,368.2
10389.6,535,68,58.6,70.5,140.1,250.3,286.9
10038.4,78.2,163.5,162.5,52.3,16.8,18.5,19.8
305.4,274.7,559.2,50.3,92.7,67.2,79.8,80.2
566.1,94.3,145.1,254.7,144.3,49.5,51.3,58.4
545.2,354.7,60.1,60.4,88.6,60,55.7,116.8
72.2,292.5,209.6,121.2,51.2,71.3,90.2,90.6
10291.1,452.4,48.4,91.8,81.9,200.8,238.9,387.6
358.1,503.5,509.8,375,93.8,82.8,94,110.8
10073.1,312.3,119.8,226.6,203.9,159.2,214.6,263.7
788.3,87.4,99.8,106.8,100,103.4,140.6,193.7
304.6,251.7,168.8,196.6,229.3,275.3,182.9,120.4
10049.2,10840.4,104.5,420.7,457.7,94.9,65.9,102.3
10055.8,681.4,418.5,652.6,137.8,165.7,152.1,121.7
10439.7,357,98.5,285.8,234.1,301.5,150.4,162.4
430.5,80.2,99.1,112.2,244.3,275.8,348.8,367.8
10243.1,10480.6,82.7,106.1,83.9,103.8,179,396.7
130.3,371,294.5,336.4,111.3,176.3,143,250.4
103.6,527,125.6,201.3,246.8,147.9,161,189.4
460.1,278.8,314.4,229.4,378,359.7,425.3,384.8
10306.2,407.8,182.8,170.1,138.9,153.9,206.5,281.8
639.4,39.7,74.7,106.2,151.9,152.1,55.9,62.8
10089.8,396.2,507.5,243.5,523,232.3,404,535.8
10061,649.1,116.8,147,177.3,177.1,129.2,133.4
10494.3,233.6,334.2,378.9,68.5,86.2,94.8,154.3
266.8,132.4,124.7,105,160,265.2,356.2,279.4
10066.7,10603.1,44.3,62.9,83,98.7,172.4,193.4
10133.1,362.3,311,279,169.1,186,181.7,215
10143.7,99.5,68.7,79.2,76,73.1,72.4,113.9
10143,10446.6,742.5,110.2,114.8,125.1,193.7,385.9
10336.8,81.8,85.4,110.2,102,103.2,347.5,319.5
640.9,320.3,30.6,57.3,101.9,397.9,743.8,435.1
274.1,141.1,77.9,109.9,642.2,195.1,221.1,411.3
10157.6,422.2,50.4,120,119,147.2,135.8,148
101.9,299.6,69.3,74.2,74.9,69.2,93,557.6
349.3,590.3,538.4,191.1,76.4,136.8,211.4,313.7
422.9,567.3,369.9,389.2,53.6,87.4,88.5,138.1
77.2,81.1,531.9,27.6,29.3,33.9,36.5,31.4
51.3,48.7,329,73.8,65.8,50.8,61.8,101
210.1,208.5,169.9,50.8,94.6,209.4,31.5,32.9
87,195.8,40.3,29.4,38.2,464,214.3,169
328.3,208.2,364.8,64.9,132.4,102.3,258.1,309.6
10374.2,10406.5,10903.8,700.7,445.5,364.2,275,256.9
332.4,259.3,116.5,194.8,182.9,273.9,218.5,211.1
562.9,523.5,644,1011.3,932.7,934.9,724.5,916.1
10333.8,10343.2,170.2,86.6,125.4,112.3,97.1,159.1
264.1,47.2,54,55.4,434.6,1031.7,1038.3,1586.7
422.8,443.3,400.2,210.3,163.2,144,114.2,125.9
195.4,172,471.8,431.3,695.9,1278.2,1350.2,267.4
155.3,127.5,185.8,227,180,181.5,646.8,1566.7
396.5,377.9,384.7,350.9,265.9,259.2,241.3,207.7
339.1,281.7,86.3,73.3,88.2,53,307.8,561.5
489.5,322.8,203,213.5,405.6,819.4,877.8,697.9
218.9,274,213.3,111.5,291.8,299,563.1,1590.7
162.2,230.7,550.7,565.3,218.7,246.6,328.9,785
349.8,131.7,64.4,65.6,92.5,83.3,88.2,92.3
47.5,32.8,63.1,144.4,155.5,174.6,903.1,184
74.7,70.5,82.1,97.8,154.9,385.5,669.5,865.8
480.1,547.4,560,391.2,182.6,116.7,151.9,173.7
177.8,147.7,367.9,312.1,140.5,162.4,267.2,197.1
184.3,10236.7,491.2,472.9,481.5,464.3,520.3,273.8
395.1,232.3,162.9,142.5,182.1,185.6,188,279.2
85.3,77.6,89.8,90.7,80.5,60.7,64.4,84.1
516.4,828.9,342.5,218.3,209.6,271.3,224.1,280.1
312.1,343.6,240.3,141.5,546.9,546.6,622.3,620.9
398.3,295.8,243.9,239.2,243.2,180.3,295.1,555.4
163.4,172.1,142.9,43.5,40.4,33.5,52.7,136.7
218.4,257.2,258.6,239.6,248.8,229,474.4,726.4
176,203.3,149.5,56.5,58.5,66.9,81.3,105.3
540.5,470.6,72,43.9,37.3,44.1,44.8,60.1
315.8,92.5,238,405,496.1,886.8,923.1,1009.2
326.9,267.7,260.1,174.9,318.3,473.3,493.3,283.1
186.1,133.9,132.6,1021.3,1115.7,1251.5,1281.8,1194.6
75.8,98.9,91.7,87.6,104.1,114.6,138.9,731.4
43,53.9,50.5,54.3,76.3,94.9,127.2,369.7
115.8,105,118.5,90.1,57.7,984.4,892.9,428.8
362.4,443.8,413.1,617.5,634.2,651.7,390.5,351
195.2,163.9,145.8,139.1,165.9,807.7,1042.6,1337.2
158.1,169.9,211.2,122.1,99.3,79.2,81,849.4
452.8,479.8,524.6,443.7,418.1,435.7,605,801.1
120.1,50.2,51.8,51.9,54.8,51,591.5,835.5
664,577.7,388.9,380.6,299.9,296.1,324.4,490.2
332.9,327,376.8,545,293.9,310.2,275.3,182.8
282.1,350.7,509.5,178,129.5,104.8,102.7,105.7
479.5,543,936.1,762.5,692.3,641.2,661.2,843.4
318.3,372.4,390.5,212.8,77.6,76.7,71,105.6
144.2,108.2,339.4,445,573.7,453.5,505,538.4
175.3,76.4,81.1,85.1,100.5,108.4,119.3,133.1
325.1,372.7,415.8,118.1,45.1,31.8,25.3,26.2
355,381.4,236.4,74.8,66.4,62.3,72,110.4
259.7,213.5,196,202,234.2,268.4,307.7,448.1
373.6,308.9,358.3,548.6,670.6,1153.7,998.3,1041.9
198.2,71.4,62.7,100.5,67,76.6,37.7,27
298,260.4,770.9,584.2,155.3,141,107,82.8
265.9,469.4,284.1,265.9,192.5,217.6,122.1,105.2
148.6,440.6,247.2,304.2,346.8,369.7,362.9,201.1
568.4,114.8,119.8,90.6,249.7,104.7,175.3,591.6
224,132.2,86.9,72.6,59.6,58.1,122.2,950.9
197.7,83.2,63.6,47.4,46.7,55,81.1,378.1
263.2,278.4,47.6,45.3,54.8,45.1,46.1,66.5
229.5,132.7,118.9,104,815.1,858.2,245.6,975.3
674.9,253.2,324.7,516.8,939.6,1352,937.9,900.6
282.8,458.8,328.2,339.2,609.8,704.9,530.5,851.7
223.1,123.2,110.1,243.3,300.9,208.6,236.2,566.6
342.1,167.8,129.9,175.9,178.5,310.1,266.9,171.4
512.5,392.7,232.5,296.6,231.6,215.9,305.8,215
522.6,577.6,85.1,81.1,79.6,101.4,75.7,74.7
413.1,357.2,535.8,266.6,192.1,176.4,175.5,194
214.9,193.9,308.7,734.5,588.7,862.7,706.7,578.9
108.5,56.4,144.8,79.5,55.2,55.2,91.4,448.7
403.2,336.3,293.9,216.1,221,218.7,289,459.7
82.3,106.8,258.6,262.5,344.6,228,283.9,246.3
277.1,59.1,74.9,69.5,53.7,84.9,163,933.6
151.5,96.4,126.1,169.4,119.8,236.4,943.4,1046.5
349.6,662,379.8,171.3,188.8,171.5,191.3,235.3
944.4,696.9,1035.9,1132.6,1077.3,1292.7,1462.4,1479.4
94.8,145.9,53.2,60.5,72.4,67.6,67.3,111.7
240.3,474.9,153.3,75.7,64.4,56.2,51.6,74.9
527.9,281.6,206.3,169.3,352.7,566.7,612.4,648.5
526.4,443.2,469,122.7,113.2,129.3,121.2,324.1
355.2,288.9,302.6,313.3,304.9,513.4,1255.6,1015.2
609,919.7,783.2,856.1,838.2,979.7,952.6,1050
366.8,587.7,589.5,645.9,551.3,643.9,940.9,1447.6
540.6,148.9,198.8,465.4,548,665,761.6,1243.1
271.9,265.5,134.1,121.2,125.2,122,86.6,605.4
104.8,130.4,112.3,66.6,86,92.9,91.7,442.6
69.2,121,133.7,34.4,23.9,28,26.4,58.9
150.5,170.9,325.8,321.8,468.4,546.2,639.5,866.2
10462.5,10512.3,10537,582.4,576.6,544.4,748.7,708
535.3,703.7,926.6,820.3,828.2,815.9,862.9,1051.3
345.2,386.1,327.9,382.9,438.4,575.6,586.1,793.2
178.3,322,46.1,43.9,35.5,40.2,56.3,86.2
331.5,263.1,205.8,194.9,201.8,679.7,483.3,572.4
363.2,263.3,310.5,98,340.3,341.5,69.7,81.4
246.9,187.3,92.3,87.2,89.9,95.6,77.3,543.5
37.1,35,32.2,33.6,43.8,41,43.9,58.9
99.7,106.1,94.7,87.5,67.9,162.5,106.9,126.8
633.5,79.7,105,206.3,176.9,196,121.4,122.3
585.3,530.7,638.7,162.2,161.7,254.2,275.4,319.1
151.4,215,208.6,159.8,149.7,150.6,151.7,164
88.7,102.8,92.9,102.3,132.7,127.2,99.7,110.3
641.2,545.6,75.8,70.2,69.8,73.3,77.4,82.5
94.6,74.6,140.8,126.3,114.7,101.9,107.7,100.5
10541.3,305.8,79.3,95.5,66.8,51.9,68.6,68.4
129.8,805.7,401.6,33.7,35.6,33.6,43.4,40
136.9,347.8,527.7,467.9,62.6,101.7,96.1,64
105.6,88,103.8,97.1,76.2,73.1,117,142
106,111.8,108.2,105.7,106.9,104,97.1,100.2
157.4,139.8,134.4,141,170.7,192.7,157.8,122.2
28.2,23,24.9,27.2,36.5,47.6,59.8,60
91.4,37.3,42.7,46.1,44,51.7,47.4,59.3
40.7,39.8,41,41.3,44.6,46,42.7,46.3
219.5,482.2,190.4,29.3,36.3,38.3,32.7,28.6
102.1,294.8,96.2,100,107.4,134,99.9,71.8
148.7,84.8,82.9,88,71.9,89.2,164.6,517.7
112.3,130.4,141.8,170,172.2,166.5,245.4,845.7
212.5,402.7,140.1,177.7,199.9,189,348.3,453.5
387,10509.4,369.1,115.9,142.1,148.5,139.5,142
200.9,161,164.5,166.6,171,211.5,466.9,1263.7
119,104.2,97.5,112.2,109.5,101.8,92,95.7
478.3,72.9,108.2,117.4,586.1,373.1,365.8,440.6
325.2,290,357,435.3,553.5,863.4,604.3,467.7
104.3,109.4,123.1,135.8,112.6,153.9,314.5,512.3
305.7,259.9,90.6,29.6,32.6,40.8,46.2,36.5
348.7,591.6,569.5,199.2,201.3,192.7,216.6,240.5
652.8,100.1,108.7,141.7,205.1,145.4,218.2,542
379.7,548.6,238.4,120.7,197.5,91.7,100.2,96
216.7,97.7,77.5,77.3,83.9,105.2,88.9,68.8
626.2,196,207.4,251.5,235.6,234.6,470.4,705.3
147.7,206.5,283.7,271.2,264.4,133.2,102.6,102.7
236.4,191.6,300.1,80.2,71.2,72.2,72.3,77.9
606.9,537.3,119.6,96.4,268,238.6,143.9,119.1
255.7,325.6,102.7,104.7,109.3,124,119.1,110.4
483.2,140.3,136.3,151.9,139.7,330.8,509,786.8
513.4,256.6,90.4,85.6,79.6,123.4,147.9,104.1
140.5,139.5,202.6,249.4,187.2,188.4,207.3,264.1
464,154.2,137.8,153.2,155.3,185.6,183,201.7
311,66.3,53.3,81.8,83,120.9,501.3,502.3
218.8,370.6,89.7,69.9,73.8,91.8,81.1,57.4
521,374.3,37.3,32.6,38.8,56.2,72.6,66.5
73.3,35.5,188,34.2,41.1,55.2,59.7,58.6
446.1,520.2,48.1,48.7,47.8,55.6,65.5,74
329,87.4,426.4,67.7,73.2,74.9,83.5,97.7
469.5,182.7,147.6,232.4,374.7,289.6,182.5,342
85.5,700.8,16.8,13.8,17.8,16.6,16.7,22.9
500.7,591.8,609.5,231.9,243.5,335.3,384.2,391.3
643,273.1,239.9,334.7,245.6,258.1,208.1,174.2
563.7,318.1,391,359.4,208.5,101.4,776,441.4
168.9,127.7,133.6,205.5,202.7,387,335.5,570.2
463.9,139.1,208.8,199.8,233.9,433.5,503.3,317.2
208.2,246.9,302.7,46.2,44.9,45.7,47.2,49.2
528.7,363.4,116.7,124.1,118,585.4,534.2,341.3
61.2,83,62.7,68.9,78.4,85.1,84.6,87.8
22.3,21.3,56,36.4,40.8,57.1,64,50.2
69.9,80.6,90,57.4,48.7,69.5,96,494.6
265.9,496.8,29.1,27.4,28.8,35.8,38.3,39.8
672.4,447.6,126.6,132.2,163,184.8,166,190.9
828.8,520.7,111.4,128.8,110.1,138.7,186.4,181.2
825.5,824.9,297.1,128.7,318.1,305.4,324.6,320.3
192.8,328.7,99.2,109.1,107.4,114.1,114.2,124.5
468.8,480.8,84,90.4,93.3,94.7,137.3,519.4
329.9,389.1,191.2,139.6,113,70.1,68.4,72.1
202.3,193.7,350.1,63.6,41.7,58.3,57.9,71.3
238.5,281.5,91.4,96,91.8,100.8,108.2,134.6
10559.3,585.8,119.5,121.5,94.2,115.2,98.7,123.4
11000.9,133.7,119.8,106.2,186.1,156.4,142.6,140.8
86.1,78.1,86.7,107.9,79.9,80.7,110.9,132.3
241.8,227.4,69.4,76.6,101.2,131.7,99.5,281.2
705.9,496.4,46.9,43.9,44.3,37.8,93.6,169.9
51.8,56,50.1,48.3,46.4,54.2,45.8,45.7
30.2,36.9,54,54.2,49.6,60.6,59.3,164.4
92.7,95.3,90.4,90,105.5,846.6,571.1,621.1
10124.1,91.8,58.6,59.4,67.3,75.7,395.3,716.6
113.1,226.3,137.1,156.7,185.4,156.8,108.6,106.3
489.1,127,346.2,397.7,359.4,177.6,164,156.5
609.1,629,556.4,787.3,667.3,555.9,655.7,875.2
438.7,634.2,107.1,95.2,109.2,119.6,140.4,154.1
55.8,66.1,53,87.5,390.2,532.7,665,290.3
45.4,77.4,106.1,610.3,127.6,171.7,296.2,538.8
202.8,460.5,403.6,145.3,98.1,86.5,112.4,124.3
65.9,186.6,146.8,171.8,143.7,132,981.4,1387.8
182.9,206.3,251.1,233.3,207.2,263.2,373.7,462.6
86.8,88.4,116.6,84,140,129,156.3,129.4
103.8,134.3,117.4,144.9,295,121.4,119.3,122.7
112.1,112.1,203.9,323.2,206.8,133.6,133.5,150.1
72,93.2,75.6,83.6,144.1,344.3,297.1,380.7
35.6,34.3,36,46.9,131.7,657,70.9,87.1
53.7,53.6,53.7,49.1,128.4,241.3,242.9,515.6
107.8,99.8,100.6,108.2,123.4,301.7,352.4,330.7
33.7,30.9,37.2,245.7,421,85.1,137.3,158.9
36.5,32.8,38.9,35.8,444.6,1179.1,79.7,103.8
84.5,86.5,116.5,176.5,119.3,136.5,313,587.7
91.2,71.9,72.8,72.6,86.1,450.4,333.2,313.8
109.2,101.2,113.3,122.2,148.3,172.1,233.1,527.8
35.1,53.9,62.6,69.2,84.5,281.3,266.1,92.1
31.8,20.4,33.4,49.8,42.1,86.7,87.1,217.9
151,40.6,35.9,25.4,24.3,36.4,80,100.9
39.4,47.7,38,39.2,44.4,46,41,966.1
242.3,245.5,235.9,238.7,220.8,288,501.9,578
126.2,125.1,62,62.1,63.9,62.8,76.3,292.5
59.2,69.9,72.8,99.7,275.2,133.6,130.3,407
30.4,25.9,36.5,41,96.4,80.1,86.7,130.8
124.6,165.4,154.3,155.9,356.9,199,383.6,1297.7
568.1,84.5,83.7,55,60.3,41,53.7,61.2
58.8,49.1,51.1,120.5,339.9,428,532.4,89.7
51.4,57.9,118.7,448.5,702.6,642.8,264.5,349.6
57.6,56.7,69.7,63.1,259,71.9,99.8,84.7
52.9,63.8,46.1,62,94.2,556.1,883.8,1058.4
82,93,144.7,172.5,161.4,110.7,166.8,510.1
77.2,98.4,98.4,148.5,145.3,1511.7,1029.2,733.8
81.3,84.6,99.3,69.6,111.9,328,310.1,305
187.7,140.4,150.3,121,142.6,144,174.6,251.2
233.2,159.1,98.9,124.7,171.4,173.5,95.9,93
36.7,115.9,75.1,82.9,81.6,203.6,451.4,861.2
195.7,163.7,73.1,75.2,381.2,288.6,276.4,994.4
148.9,63.9,78.7,95.4,79.4,135.3,439.8,665.3
206,236.4,281.8,197.7,521.7,1443.3,1420.5,1256.7
134.7,94.9,117.2,121.3,390.9,361.6,384.6,380.8
72.4,70.6,88.1,106.1,124.5,169.7,486.1,681.9
176,167.7,156.9,266.7,206.9,122.6,93.7,106
241,154.5,148.6,157.3,197.8,207.7,232.6,620.7
177.1,542.1,625.7,672.9,656.3,546.2,641.3,563.2
70.5,97.1,101.1,162.4,94.5,74.8,82.4,73
53.1,45.1,60.1,52.4,60,72.2,606.1,80.8
63.2,58.2,65,128.3,465.4,502.5,153.3,805.3
74,27,25.8,26,34.9,191.4,325.8,133.8
250.1,121.3,126.9,155.8,147.5,159.6,161.4,113
168.7,349.9,225.7,184.9,429.4,343.2,268.7,273.3
55.5,54.9,58,56.6,111.2,281.8,881.7,1246.8
50.4,57.9,50.6,45.6,82.8,548,425.9,972.7
32.4,33.5,47.2,38.1,44.9,72,350,602.5
346.4,362.5,349.1,193.5,155.7,137.3,120.7,143.6
165.3,96,95.4,160.8,252.9,454.7,1367,579.5
143.7,427.1,337.1,118.8,99.8,127.4,115.1,136.1
120.7,138.5,257.4,224.1,197,342.6,307.3,352.6
130.4,231.2,195.2,198.6,730,779.1,1247.3,1244.2
39.2,30.3,104.1,68.6,104.5,821.4,80.8,100.4
130,309.8,237.6,153.7,118,210.7,494.4,685
68.3,103.2,85.7,89.1,100.8,127.8,298.8,552.5
144.5,148.8,151.1,180.4,174.9,212.3,248.8,260.4
95.5,108.1,79.4,67.3,110.9,739.1,472.6,311.5
57.9,66.9,55.6,229.4,198.5,177.6,168.5,521.7
97.2,137,92.1,93.4,137.2,568.7,960,1077.9
44.7,19.2,17.2,25.2,34.6,25.9,154.2,83.3
108.7,114.8,97.4,111.3,144.8,238.6,159,143.4
85.8,68.6,67,110.7,80.8,343.7,126,149.6
50.4,34.6,47.7,235.6,51.9,50.1,54.5,73.1
46.4,39.2,58,75.2,79.1,89.7,99.7,121.1
25.2,53.1,67.3,51.5,69.7,121.8,113.2,96
370.9,95.8,97.1,117.3,146.9,283.3,634.5,674.8
557.9,65.9,55.6,77.5,77.4,89,108.7,652
286.3,114.4,126.8,100.9,167.3,296.6,358.6,336.9
39.2,36.1,45,75,165.5,837.2,715.2,630.4
176.9,333.5,402,379.7,296.2,295.8,284.6,801.1
45.2,51.7,54.2,96.5,445.6,580.6,937.3,417.8
114.9,109.3,109.6,97.3,109.1,108.3,158.4,246.2
128.7,126,126.3,129.1,183.1,591.6,370.8,421.7
58,57.7,70,80,91.6,82.2,149.6,243.5
191.5,460,430.7,422.7,400.7,382.1,387.2,1159
194.3,306.9,513.2,881.3,316.5,59,71.8,104.3
95.8,114,136.2,145.3,320.4,675.7,757.6,882
46.7,37,42.6,54,155.6,727.8,953.3,945.1
433.1,528.4,617.5,322.6,340.1,485.1,607.1,822.1
144.1,135.3,101.8,96.4,89.3,461.3,441.4,462.5
99.8,155.6,291.6,181.9,110.5,72.6,82.9,139.3
156.1,175.1,173.1,172.2,777.3,764.5,525.3,259.3
125.7,99.6,112.1,305.9,467.4,259.9,166.2,132
109.3,73.4,89.6,80.4,186.3,131.7,127.9,127.2
104.5,108.9,77.4,526,510.3,36.8,43,61
109.7,103.4,281.2,84.5,98.7,81,63.2,77.6
452.6,364.1,355.1,224.5,113.6,164.3,129.5,679.3
278.5,246.4,116.4,102.1,133.4,154.6,108.7,188.7
203.6,212.5,100.4,87.3,106.8,354.1,428.6,828.7
271.7,334.4,327.8,361.6,278.8,217.7,182.1,134.3
208.9,254.9,244.1,247.6,201.1,205.5,162.5,228.2
197,183.5,178.4,210.7,197.3,159.9,236.3,189.7
600.8,656,485.1,96.9,101.7,96.3,163.1,638.6
101.4,206.1,106.6,102.1,119,114,95.1,256
133.6,153.8,317.7,271,270.5,369.6,259.5,278.6
151.3,508.5,300.8,252.4,616.5,460.9,555.5,334.1
128.8,129.7,135.1,147.6,152.2,245.8,361.9,450.9
93.3,91.2,68.9,72.6,100.5,59.2,82.8,112.8
468.8,558.7,747.6,625.5,1048,967.9,1122.5,613.2
133.9,72.3,60.1,129.8,212,106.1,60.6,85.9
340.2,79.5,58.1,213.3,132.3,94.8,51.4,60.1
178.2,208.8,337.8,137.1,373.5,325.6,112.2,120
690.1,46.8,63.6,58.6,80.3,46.1,49.6,51.9
85.2,66.6,65.2,193,135.4,106.6,99.9,100
151.2,104.4,150,225.4,271.2,483.7,412.9,494.7
100,97.8,143.3,291.2,352.5,436.8,335.4,821.3
693.9,301.4,207.3,185.6,195.6,420.2,1052.7,982.9
529.6,638.7,384.3,131.1,148.1,164.6,159.3,160.3
230.8,158,264.9,155.3,361,381.8,429.9,610.1
142.5,107.6,120.9,167.7,999,389.2,211.5,153.4
191.6,182.4,220.1,198.9,174,442.9,875,567.7
288.5,144.6,195.8,229.3,926.3,804.2,1104.3,1149.3
241.9,107.5,112.2,78.2,73.1,58,583.4,567
512,473.9,415.2,680.7,1070.8,1095.2,960.3,818.6
138.2,136.3,102.1,104.3,125.4,288.6,469.3,512.7
65.7,75.1,150,102.6,251.1,701.6,734.7,1126.7
230.2,179,291.8,538.2,379.5,291.6,368.5,449.4
58.1,55.3,50.4,58.9,66,410.9,707.5,757.9
269.3,461.8,498.8,605.7,769.8,791,790.5,883.2
168.4,230.1,192.7,148.3,118.7,71.4,78,100.1
201.9,67.3,52.6,81.2,67.7,77.1,72.1,61.1
288.3,354,410.7,626,586.5,512.1,513.7,589
303.1,225.6,285,224.5,200,132.7,201.1,190.6
142,81.4,141.1,147.6,65.1,48,48.4,59.5
336.8,412.9,332.8,396,250.8,143.4,140.4,149
890.4,555.6,229.7,74.5,68.2,76.4,89,116.6
391,151.7,148.6,183,221.9,131.3,158.6,172.1
327,289.6,245.6,254.4,305.4,364.4,398.7,498.2
207.9,213.2,212.4,343.2,582.8,530.7,562.1,491.9
320,45.6,76.1,108.2,87.9,80,85.7,84
69,70.1,93.2,115,73.3,116.8,100.8,109.7
738.7,246.7,196.4,173.9,212.4,213.6,916.4,412.5
289,218.3,173.3,124.8,149.1,138.4,156.6,721.1
507.2,371.8,122.2,127.4,144.6,152.7,150.9,252.7
438,427.9,307,54.7,60.9,50.2,50.2,697.1
572.2,386.5,287.4,255.7,70.9,69,59.6,57.9
110.8,367.7,271,472,152,42.1,40.8,43.2
413.4,236.2,286,193,271.5,341.2,410,444.9
204,273.4,148,108.5,120.1,123.8,119.4,130
331.7,518.9,171.8,231.2,433,362.6,544.2,273.6
291.9,271.4,241.3,245.2,272.1,243.6,238.8,374.7
295,564.9,481,102.3,113.7,188,284.7,761.8
643.9,259.2,335.7,110.8,126.9,107.7,166.5,240.2
692.7,398.8,320.2,278.1,304.2,327.5,384.6,549
83.4,151.1,164.6,108.7,136.5,176.4,349.3,224.6
10643,51.9,51.7,58.7,61.2,58.6,81.1,215.5
277.5,446.4,135.3,32.6,31.2,35.5,36.5,43.4
262.5,309.9,274.1,177.5,114.2,104.3,115.7,124.2
642.9,86,79.5,74.2,111.7,92.5,109,432.3
101.8,90.5,105.5,196.4,161.2,214.5,132.3,102.2
452.7,159.7,105,96.9,118.7,110.6,96,98.2
648.9,728.3,397.1,41.7,43,46.5,49.3,45.7
328,432.5,485.3,290.1,194.8,311.2,478.2,569.9
126.9,186.7,92.9,272.7,222.9,191,169.4,126.9
466.5,478.6,502.4,412.8,212.7,224,195.7,192.1
133.8,36.4,45,44,101.2,171.7,234.9,278.3
169.6,190.1,257.2,79.5,101.6,63.7,68.1,121.6
10607.6,558.7,154.6,349.6,301.1,183.6,178.6,171.2
119.4,290.5,374.4,256.6,191,135.8,155.4,140.4
175.3,165.8,153.4,158.8,230,242.9,263.9,265.9
450.1,368.4,281.2,225.5,168.6,140.1,172.5,210.3
344.2,492.8,374.1,311.8,248.4,131,131.9,202.5
360.5,47,267.7,192.9,48.7,56.5,59.5,90.9
434.9,367.1,247.1,61.9,62.4,57.8,64.2,65.1
158.4,192.5,119.6,51.7,693.9,426.6,217.8,325.7
494.6,390,91.7,107.8,172.2,122.2,120.4,140.6
870.4,60.7,47.5,311.6,136.6,108.9,114.3,120
264,281.9,448.4,321.7,300.5,453.4,288.2,285.1
545.6,474.4,400.2,692.4,699.7,750.3,858.1,1022.4
132.1,165.5,254.7,252.4,169.8,121.3,139.4,318.3
280.6,169,271.6,63.2,735.7,888,949.8,926.8
656.8,387.9,669.4,143.5,171.8,452.4,255.2,433.7
358.4,177.7,128,125.7,197.4,155.4,293.2,270.9
54.3,54.4,52,58.2,54.7,235.8,1117.1,100.2
220.6,263.3,451.4,129.2,138.6,112.4,186.8,518
157.3,119.5,120.4,139.6,140.5,110.7,428.1,1361.2
102.2,83.7,75.9,78.9,91.8,102.5,110.1,1129.5
553.7,626,155.4,174.2,204.6,343.5,593.9,766.4
132.4,157.6,119.3,61.9,101.8,67.2,59.3,629.9
338.1,61.5,79,95,89.7,119.1,180.9,357.4
120.4,23.8,29.8,28,32.1,54,119.6,388.2
10094.7,10084.3,81.8,71.4,67.4,84.8,111.5,630.4
123.1,95.1,88.7,80.5,89.9,457.9,1252.7,660.7
428.7,579.9,458.1,137.2,90.1,355.2,184.3,158.9
10426.1,10478.2,109.1,124.6,148.5,191.7,188.7,155.6
10423.7,258.7,152.3,134.3,121.6,177,319.9,1168.3
180.5,174.8,96.1,118,138.9,132.4,120.8,156.7
409.8,250.4,120,128.8,147.6,106.3,77.9,127
258.5,1029.9,225.1,102.6,189.6,192.6,323.9,213.5
346.8,192,178.5,213.1,277.7,385,535.4,527.1
584.5,107.3,44.6,44.6,57.8,31.2,32.5,51.5
104.8,147.8,130.1,109.8,121.4,110.5,87.4,53.2
130.5,214.5,395.8,289.1,421.6,403.9,185.2,218.9
403.7,485.3,51.9,58.4,45.9,48.2,46.4,54.7
141.6,195.8,94.2,110.6,130.3,124.2,116.8,185
290.7,402.6,154.6,150.3,141.4,142.9,436.3,602.5
304.9,453.2,268.7,135.2,139.2,688.9,754.1,708.9
99.7,151.3,130.3,136.6,133.1,127.1,114.5,114.4
10371.5,431.4,365.9,589.8,938.6,863.7,1070.6,344.4
101.2,83.2,149.1,149.8,552.1,647.3,337.7,284.5
80,74.8,90.5,114,122.4,101.6,97.9,153.5
93.1,71.3,782.4,560.2,105.7,107,127.6,453
396,230.8,446.6,704.6,376.1,313,289.4,302.1
81.5,73.9,86.6,98.4,151.2,281.6,431.7,510.6
282.1,134.9,89,77.6,71.6,65.1,77.3,184.5
310.4,635.3,169.2,134.9,144.1,156,162.7,154.4
148.4,46.4,52.5,28.9,26.6,37.9,52.6,53.7
345.6,323.9,476.3,81.8,92.7,133.3,755.1,685.8
162.7,232.8,176.1,259.4,159.8,80,82.5,77.6
114.8,164.3,277.4,197.2,166.7,85.3,80.5,83.8
673.1,465.7,291.4,339.8,451,504.2,635.8,1145.3
562.2,502,262.2,108.3,169.9,116,111.5,110.7
10428,10682.7,478.4,79,95.1,123.1,106.5,102.6
168.7,247.6,75.1,87.1,85.7,75.5,87.2,779.8
122,173.3,221.2,258.4,71.7,67.7,72.3,78.7
172.7,127.4,144.3,159.5,249,285,293.2,286.1
449.8,455,192.5,148.5,164.3,205.8,145.3,125.2
10236.3,646.9,102.2,264.2,189.6,98.6,62.1,70
152.8,312.7,439.9,334.3,49.2,55.2,43.8,233
294.4,228.6,99.7,152.3,73.9,73.3,688.4,225.8
168.1,493.8,268.5,209.1,207.7,234.6,256.7,242.1
337.2,380,212,264.4,353.1,369.3,517.2,806.6
143.2,638,31.3,32,31,45.7,69.3,111.1
188.3,117.4,310.4,59.1,59.5,58.1,51.7,52
174.3,158.6,260.5,184.9,74.6,84.8,106.7,138.8
70.5,103.1,128.2,84.2,45.5,49.2,57.5,71.8
222.6,268.4,10208.8,329.6,187,139.2,167.9,146.2
132.1,172.5,238.1,182.9,70.3,66.6,71,67.4
261.3,426.4,616.7,365.7,117,81.7,101.8,95.3
273.3,355.1,236.3,202.5,347.7,350.6,352.6,448.6
204.6,190.3,142.8,136.9,125,123.7,120.9,130.4
136.4,184,56,53.8,38.8,42.5,67.2,803.5
431.4,425.8,238.4,103.5,149.4,124,85.7,93.9
153.9,135.7,176.8,134.4,69.8,69.3,66,71
350,322,413.3,166.5,171,162.5,172.2,192.9
10195.2,213.7,230.4,258.1,314.7,310.5,306,230.8
94.5,69,80.6,34.6,30.8,30.1,30.2,428.9
166.9,224.4,161.1,90.6,90.9,86.7,94.4,89.9
218.2,750.6,575.3,46.1,43.8,58.4,52.3,47.1
81.1,71.7,77.3,52.9,46.3,52.7,61,69.7
77.7,103.8,121.7,40.1,39.4,37.6,35.5,37.3
52.3,91.4,84.4,60.2,75.8,39.1,39.7,40.6
130.4,144.5,197.3,219.7,156.3,156.6,131.2,152.4
107,161.6,195.4,111,44.1,48.9,53.2,355.9
273.3,127.3,121.8,114,116.3,154.9,218.3,188.2
211.7,224.8,268.3,88.7,62.2,75.3,734.7,893.2
111.8,183.8,181.6,160.9,153.7,158.2,141.5,133.1
127.8,120,156.6,155.5,67.7,71.3,65.4,66.8
61.6,51.3,36.9,36.7,48.1,115.1,478.5,464.2
54.6,68.2,77.4,62.9,70.5,90.4,86.7,80.3
10284.5,335.4,395.1,552.8,337.5,265.1,73.5,71.3
496.5,387.1,233.3,198.9,155.4,102.2,104.3,102
10127.9,10114.6,10128,10132.8,165.3,239.1,334.3,358.6
495.1,380,341.7,246.1,222.7,379.1,746,733.7
748.2,544.4,331.6,211.8,225.1,199.2,200.7,267.7
38.4,37.5,44.4,60.4,58.5,77.2,86,53
528.1,336.6,56,52,59.8,69.3,668.8,1125.9
10251.6,383.2,184.6,158.2,150.4,188.5,190.5,220
369.3,430,336.5,159.1,159.2,220,224.9,329.3
485.1,256.3,97.9,93.6,99.8,121.8,327,615.4
404.7,473.4,244,90.8,73,72.2,75.2,74.9
649.5,80,99.1,102.8,77.7,95.9,142,145.6
36.8,440.7,94.5,34.6,34.7,34.6,35.9,58.8
173.7,342.3,365.6,236,88.9,99.7,140.6,250.4
351.1,359.6,127.8,55.8,71.5,109.3,118.6,91
10140,258.1,107.8,107.3,109.5,108.2,148.2,519.9
520.4,402.1,196.2,120.1,114.6,104.2,112,630.5
205.6,143.5,139.7,146.3,168.1,219.3,258.5,278.2
118,81.3,26.6,25.3,26.7,27.5,104.2,197.1
84.3,120.4,158.7,253.6,68.5,81.2,76.9,87.4
176.7,270,443.6,88.8,173.7,116,97.8,84.8
10169.5,10580.5,237.2,209.9,151.8,150.4,132.5,126.6
10146.4,10410,186.1,160.2,150.6,130.8,121.5,142.9
179.3,403.2,113.8,116.3,104.1,144.3,161.9,139.6
369.2,435.2,111,137.8,114.7,88.5,105.2,234.4
218.1,123.4,118.5,207.1,153.1,145.2,142.2,132.9
503.5,389.5,80.1,86.5,84.3,96.3,127.9,128.7
132.7,252.2,213.5,60.1,63.9,60.8,58.2,53.3
263.7,231.4,176.8,95.4,96.4,69.8,85.7,118.4
63.8,80.1,42.9,143.6,40.5,37.3,38.6,45.7
110.9,324.6,231.3,184.4,73.6,63.4,76.4,86.8
115.3,413,215,194.1,82.4,71.2,72.6,84.5
10122,588.5,342.8,324.5,61.6,69.1,82.3,90.7
60.6,243.8,17.4,16.6,16.2,16.4,17.6,18.6
245.5,129.3,151.6,116.6,132.7,281.2,254.2,180.6
92.4,424.5,240.5,101.4,122.9,108.8,108.8,121.7
578.4,439,201.8,144,185,187.6,170.4,296
663.7,489.4,96.3,90.5,85.5,45.7,114.8,103.5
322.6,515.3,55.9,54.5,58.5,54.4,67.8,382.3
315.4,97.8,109.2,132,165.1,294.5,818.4,550
602.5,284,329.8,146.7,140.9,163.8,164.3,155.6
10094.8,10094.9,80.6,270.2,321.3,410.1,347.4,256.1
71.9,73.3,66.6,70.7,87.5,351.4,573.5,589.8
222.6,259,150.3,151,165.8,158.4,172.4,221.6
86.2,336.5,333.1,29.3,34.9,807,858.8,700.6
10253.6,297.5,358.9,498.4,543.3,526.4,519,423.3
371.3,209.8,214.4,188.4,136,104,99.4,116.5
10403.1,10347.5,319.9,119.6,127.8,138.7,133.2,124.8
244.7,159.4,127.7,146.8,126,138.3,174.4,281.6
132.1,84.9,70.7,90.3,109.6,101.6,54.1,55.3
442.7,402,507.9,268.6,470.8,441,512.5,638.7
208.4,230.5,439.9,118.2,89,142.4,143.1,179
153.4,255.9,331.7,152.3,151,144.4,139.6,177.3
89.1,289.6,216.3,233,168.1,167.6,163.9,209.2
57.2,98.9,284.2,58.8,69.1,82.9,96.3,74.8
10201.4,431.6,137,136.7,108.9,191.7,335.6,400.9
10160.4,696.1,311.4,107.5,126.6,157.2,189.8,196.1
234.6,137.1,153.9,129.5,113,121.4,160.5,197.5
10532.9,710.6,517.1,330.9,345.4,329.2,326.3,399.5
145.5,120.7,110.2,131.1,147,217.8,325.3,333.7
250.5,210,68.2,72.5,59.4,54,52,59.8
267.9,515.9,162.5,112.1,107.8,114.5,125.1,155.1
139,133.1,224.6,110,87.8,122.2,178.2,352.7
10213.6,10251.9,393.7,457.9,142.5,132.3,155.9,150.8
158.1,172.6,309.6,373.2,114.1,99.7,119.2,130.1
164.3,266.6,350.5,170.5,163.9,182.1,172.4,610.7
115.4,151.7,194.1,105.1,98.5,91.3,101.9,301
153.2,174.7,646.9,152.9,167.5,156.2,134,131.8
295.5,133.5,125.3,142.6,124,287,412.5,689.6
53.7,56.7,62.6,49.9,57.9,170.6,154.8,93.7
10538,364.6,277.9,270.7,317.3,284.6,243,506.5
103.5,166.8,318,185.2,185.8,160.1,244.5,252
195.9,197,244.8,104.6,97.6,97.6,106.6,122.4
10139.9,10181.4,88.3,101.9,112.9,129,203.6,198.9
222.2,252.2,149.6,144.7,118.8,144.4,220,471.6
194.6,365,189.8,126.7,147.4,170.4,370.1,467.7
121.6,153,140.9,132.8,118.3,92.8,132.1,177.8
68.8,232.7,44.4,51.6,52.4,52,57.7,62.2
383.1,543,498.8,405.9,287.1,206.4,223.1,245
10437.5,139.4,124.3,87.3,100.1,186.2,217,397.6
153.7,41.5,43.1,38.5,40.1,50.2,107.6,400.7
181.7,330,184.2,115,80.5,206.8,218.3,177
138.4,576.1,19.7,17.7,22.8,31.7,72.2,111.7
129.1,99.9,83.3,101.5,99.6,113.4,120.6,124.4
264.9,359.1,163.3,112.7,91.6,89.3,76.6,73.8
505.7,82.2,74.8,73.8,73.1,93.3,1000.2,656.4
426.1,369.2,328.4,89.3,122.7,73.5,103.7,306.5
191,239.2,87.4,88.7,108.6,132.1,142.9,145.4
269.3,696.9,232.1,253,224.9,160.5,131.2,152.2
233.9,505.9,326.7,129,119.3,125.2,231.2,265.3
183.1,341.7,523.5,237.4,215.7,218.9,193.2,182.5
546.2,263.8,250.5,120.8,99.6,59.3,60.5,62.9
358.2,557,740.6,437.7,69.8,60.9,135.9,273.9
176.9,188.7,274.7,90.4,58.2,91.2,122.5,115.3
10360,353.5,191.7,196,218.3,223.2,662.5,795.8
366.3,233.8,179.6,209.5,144.4,126.5,125.4,130.9
459.6,125.8,141.3,122.4,145.8,185.1,131.7,149.5
121.7,64.7,60.9,79.4,88,107.4,110.1,110.4
683.7,244.5,93.9,131.2,115.1,107.8,293.3,367.6
105.7,35.8,31.8,36.3,37.2,46.7,62.5,74.2
302.2,124.3,86.8,83.5,81,105.5,258.8,310.1
10079.7,165.2,125.7,101.6,259.1,327.4,287.1,168.2
510,298.1,102,105.7,100.9,106.3,108.5,193.7
10026.9,10015.5,10.5,12.7,14.2,9.4,10.4,33.2
10223.5,10454.6,403.1,213.6,226.3,201.4,192,228.2
156.8,401.4,140.9,89.2,82.9,86.7,90.1,93.1
370.6,351.4,581.7,351.7,283.2,343.2,317.7,406.1
415.7,447.9,310.2,233.1,195.6,171,185.1,225.1
669,72.9,87.8,106.2,156.2,244,367.9,159.8
10077.5,63.5,161.6,106.4,53.7,44.9,87.4,875.6
968.4,173.5,160,348.9,658.6,377.8,154.2,315.4
42,46.2,263.3,371.1,483,565.8,631.2,816.1
32.8,26.3,28.5,32,46.7,114.9,71.5,128.8
77.8,73.7,175.9,186,210.1,321.4,247.5,236.1
589.3,68.5,84.9,114,122.2,168.3,236.3,142.7
404.9,343.4,125.8,156.5,172,174.1,217,536.6
630.6,137.2,169.1,181.3,160.5,225.7,186.9,237.4
496.7,10707.8,185.8,124.3,158.3,143.6,158.9,138
10427.4,397.2,281.9,444.9,846,389.1,264.6,173.8
43.3,45.9,52.4,45.3,109.8,170.5,160.4,156.1
66,75.8,10089.7,10083.4,107.3,224,399.6,599.4
586.5,215.5,77.5,85.3,106.9,355.1,402.8,182.2
10340.5,10318.7,199.3,144.9,184.6,227.8,443.8,397.8
743.5,606.9,211.2,209.4,443.7,313.9,249.8,188.5
10373,254.7,121.5,134.3,142.9,156.7,168.6,310.5
10533.2,137,133.4,224.5,324,608,581.7,338.2
1021.3,610.6,265,346.9,348.5,405.3,528,455.9
10303.9,56.6,45.5,44,49.4,71.7,82.5,87
630.9,48.8,31.8,35.1,48.3,138.6,98.1,87.5
291.2,116,107.2,184.8,150.3,172.8,225.1,155.4
10057.7,48.8,37.9,33.6,61.3,44.7,78.5,131.2
10386.8,74.8,84.5,130.9,131.9,198.8,194.8,191.4
550.7,137.9,228.3,258.4,406.3,458.2,549.4,203.7
709.4,194.4,62.2,96.2,523.5,550.7,260.2,312.9
10339.9,937.5,79,56,67.6,228.4,339.6,430.8
417.1,218.4,136,138.1,120.7,162,255.2,277.1
627.7,142.2,142.9,151.7,160.6,218.6,268.3,304.4
10051.3,10045.7,10044.2,10042.6,10057.9,10158.3,223.6,601.6
74.1,85.1,107,103.7,106.7,105.2,117.1,98.6
431.3,126.3,170.7,10134.4,10124.7,10183.3,564.3,552.6
10185.6,10134.3,10148,288.3,232.6,165.9,127.8,160.4
411.1,207.5,630.6,405.8,408.3,420.6,221.8,130.6
10673.8,1084,342.9,138.1,119,147.4,271.1,284.3
72,70.3,56.1,67.7,87.5,81.3,224.5,86.6
821.3,270.8,247.7,244.7,290.3,283.9,295.6,148.5
10395,474.9,445.7,437.4,98.3,135.9,146.9,99.9
1178.2,161.2,100.8,99.6,185.8,464.3,327,272.9
748.8,454.1,376.5,373.1,437.6,308.3,364.1,359.6
681.6,891.9,374.9,372.3,395.2,513.2,429.9,528.1
10151.7,10317.3,287,88.5,160.2,156.8,186.1,350
10171.1,10438.5,607.7,171.1,196,168.1,273.5,233.9
10477.3,90.6,73.6,198,268,313.6,474.4,375.8
10350.1,732.1,299.8,312,428,380.8,372.5,407
116.4,129.4,231,386.6,472.5,666.3,587.4,551
485.6,922.5,264.9,377.4,562.7,702.4,265.1,105.5
579.5,208.3,144.2,370.6,653.8,573.3,154,145.1
194.2,99.4,109.6,207.4,249.9,233.7,218.4,241.8
61.5,76.2,100.4,121.7,110.1,148.7,156.3,154
10338.6,127.4,160,320.9,145,289.4,124.8,86.6
402.3,291.8,308.6,271.8,340,369.7,608.4,457.9
379,97,87.1,133.5,420.8,481,488.9,468.4
47.6,37.6,44.9,95,74.1,148.5,254.7,94.1
77.7,54.4,66.3,129.9,62.9,98.9,191.5,167.1
577.1,70.5,136.9,159,230.8,183.2,247.6,282.3
119,113.5,223.5,211.5,215.1,450.6,262.3,392.9
826.6,103,133.6,147.5,167.6,144.5,131.3,122.6
10863,178.7,224.9,294.3,315.1,282.3,254.4,245.4
463.7,315.3,330.5,469.4,550.7,646.2,751.4,136.3
10511.8,449,125.9,139.7,235.7,179.7,287.1,313.9
402.3,337.6,348.3,505.3,552,516.9,268,209.1
432.4,111,160.5,268.4,236.1,270.6,199.8,234.5
1167.9,367.5,482,757.1,770.5,378.4,355.7,66.7
761.8,164.3,151.9,157,185.5,357.8,396.3,275.6
631.6,661.4,303.6,430.5,631.9,743.8,372.2,273.5
10229,225.4,247.7,209.6,147.6,197.2,294.9,147.9
10055.9,10037.2,10035.8,10050,10090.9,10323.4,312.7,377.9
815.7,678.1,82,109.8,142.1,193.4,184.3,236
10667.4,167.3,95.3,138.5,101.7,104.1,136.8,469.1
713.5,69.4,75.3,114.7,166.6,129.4,195.5,262.8
583.3,425.1,210.8,168.4,150.2,142.5,187.9,352.9
10955.3,276.2,194,152.8,216.3,515.2,496.7,249.6
500.9,629.5,747.6,577,202.4,444.1,197.1,169.1
281.7,154.8,152.4,169.2,182.4,179.7,161.8,231.8
694.1,263.1,281.1,464.2,147.6,149.6,183.9,173.6
10617.3,45,40.4,48.8,54.2,104.2,124.1,107.9
73.2,51,88.5,90.9,65.2,133.1,166.9,197.1
10219.2,10867,145.6,185.3,181.1,181.2,261,271.4
10898.8,458.1,80.3,105.4,121.4,128.9,245.5,390.4
1026.6,565.6,356.3,188,380.1,303.1,381.3,528.1
161.5,151.3,172.9,188,174.9,240.8,432.7,466.9
359.4,214.8,225.9,342.7,338.7,141.7,137.8,123.1
181.5,160.2,676.6,640.3,480,707.5,365.6,153.6
677,29.3,83,112.1,151.3,169.2,174.9,148.8
75,69.2,91.4,85.4,111.1,148,368.2,320.1
786.4,255.4,123,143.3,147.9,135,198.7,284.8
76.3,75.2,143.5,67.1,57.2,98.6,243.3,71.6
10016.5,10027.6,53.7,77.3,135.2,485.7,194.1,64.7
962.2,615.2,335.7,433.7,253.3,220,613.5,631.1
472.5,550.5,161.2,156.4,353.6,236.3,346.9,629.5
10767.1,431.9,435.2,551.4,215.4,268.1,319.7,526.7
344.5,306.2,385.4,299,393.4,329.5,206,216.7
578.4,778.8,487.1,332.7,468.8,984.5,900.5,393
10456.1,735.6,550.8,380.8,354.2,220.6,160.6,136.9
34.4,36.3,39.4,31.1,36.7,67.7,137.7,315.9
211.5,99.7,131.7,129.6,104.9,104.4,110,960.2
140.2,76.3,72.9,68.3,126.2,146.1,104.7,84.1
233.2,97.8,94.7,101.8,129.5,201.1,240.2,314.3
78.8,85.5,94.8,103.9,191.8,181.8,165.5,190.2
113.1,86.1,117.9,338.7,142.7,112.9,125.3,186
1047.2,123.6,92.7,133.5,207.8,169.3,180.4,167.2
143.4,74.7,80.9,82.9,306.7,565.5,865.4,945.6
554.2,99.6,108.6,99.9,122.4,168,196.1,180.6
756.6,113.8,129.9,155.8,122.6,135.7,176.5,238.9
60.8,77.4,89.8,115.9,102.8,69.4,108.8,111.3
132,128.6,133.3,131.1,148.2,225.6,304.8,263
104.7,63.4,47.5,76.2,96,79.5,326.3,442.1
534.8,187,174.9,182.6,134.8,241.7,193.5,144.8
482.4,360.6,135.9,253.3,77,60.1,55.9,77
468.7,204.4,260.6,128.5,143.7,164.4,206.9,304.6
10607.8,216.6,253.1,241.4,357.7,333.7,310.1,297
546.9,221.5,144,165.8,168.9,157.2,157,288.2
157,117.1,113,117,125.7,162.5,210.8,186.2
916.2,176.8,308.6,788.8,326.7,296.3,355.4,260.3
92.7,99.8,105.9,139.4,213.7,314.1,303.1,394.5
193,127,90.2,94.5,290.5,133.1,124.6,163.8
172.8,97.6,49.2,42.4,75.2,76.3,58.2,58.2
81.2,51.3,30.2,37.8,95.2,45.1,51.1,64.9
298.3,284,319.2,518.6,406.3,434,325.9,319.3
115.2,112.6,116.9,133.5,140.3,142.5,135.5,167.3
300.2,56,70.8,95.8,102.9,231.5,523.9,514
102.3,102.4,126.1,168.4,179.9,330.3,363.9,355.5
279.5,39.9,43.3,42.7,49.2,49.1,61.5,86.5
802.8,192.6,266.4,326.1,276.1,390.5,589.8,719.7
311.3,160.1,157.7,214.6,144.3,137.4,167.6,155.4
10354.1,90.5,144.4,42.3,176.5,84.8,631.8,864.6
85.5,89,83.5,79.2,102.1,506.5,481.3,566.4
209.1,130.2,136.8,177.5,164.8,210,425.5,316.9
491.9,53.7,64.4,61.4,75.7,76.6,105.1,344.9
383.8,312.9,136.1,164.3,146.2,157.5,669.3,693.1
490.7,477.3,430.8,402.5,375.9,1344.9,1291.1,1242.3
132.1,154.4,188.2,154.4,183.3,248.5,334.7,862.5
63.9,61.1,71.6,69.4,49.6,70.4,86.4,120
485.3,591.2,240.4,185.2,196.4,228.7,334.5,426.3
84.8,72.4,81.3,88.3,81.6,119.1,127.4,231.8
268.3,64.8,384.5,467.7,699.8,715.2,770.3,625.7
512.4,244.9,88.9,92,198.6,118.1,101.9,98.8
251,169.9,194,219.7,215.1,201,268.5,312.6
125.4,132.7,332.9,137.7,230.7,441,773,1092.4
165.7,116.5,126,179.7,347.6,448.3,964,797.8
187.4,62.7,74.2,73.3,111.1,103.9,113,156.4
223.2,250.4,275.6,220.5,239.9,256.1,259,275.5
65.6,87.4,151.3,103.6,125.1,95.5,101.6,99.3
82.9,76.4,95.1,93,94.5,85.7,93.7,210.1
284.5,181.1,207.5,248.3,243.8,259.6,311.9,382.7
120,109.7,98.6,139.7,349.9,508.5,369.8,319.1
85.1,87.2,89,124.1,73.3,45.5,185.1,197.8
96.3,84.7,105.2,175.3,111,89.7,80.9,86.4
400.3,118,113.2,122.4,143.7,418.4,448.7,553.2
717.7,112.8,235.4,211.1,325.4,638.7,688.8,1022.4
178.4,188.4,159.8,192.6,251.1,237.8,248.7,259.1
368.1,301.6,326.7,282.7,384.1,418.5,452.7,571.3
86.7,98.6,79.5,98.2,115.9,97.9,591.6,631.4
442.5,80.1,80.1,78.1,79.3,77.3,62.2,79.4
309.8,230.5,183.8,218.8,217.8,186.3,229.7,292.4
150.1,165.2,159.2,154.6,345.7,786.3,739.2,814.4
39.5,36,38.7,39,38.6,71.5,292.2,137.1
530.5,227.8,256.7,432.6,471.9,580.2,717.3,724.2
455.4,385.8,236.2,319.3,247.3,268,205,169.1
111.5,67.3,70,82.7,85.5,85,95.9,107.4
330.3,127.1,139,125.7,121.7,260,387.5,411.9
567.7,234.3,270.3,273.2,318.9,361.8,399.5,359.9
286.9,603.5,946.4,588.3,131.4,124,180.3,137.3
998.1,317.6,276.4,233.1,541.5,416.3,592.7,659.1
162.9,161.7,192.6,250.6,203.2,174,126.7,118.7
659.9,275.5,232.3,250.3,263.8,261.7,576.8,653.3
10660.3,423.9,516.8,644.5,660.2,363.1,452.7,480.3
44.2,47.5,56.8,49.7,54.3,126.2,347.9,451.3
98.4,39.7,33.2,71.4,63.1,65.8,61,60.4
259.3,79.6,85,87.2,101,95.3,111.8,119.5
1084.9,197.9,141.7,164.1,302.3,209.4,357.5,143.9
88.6,63.3,59.1,57.1,61.8,60.8,63.5,66.3
86.3,46.2,157.2,48.4,30.5,29.5,42.1,57.4
104,93.1,106,175.3,157.2,207.8,202.3,193.3
182.4,91.8,404.5,354.1,76.8,88.6,82.9,86.6
488.6,185.2,162.8,179.7,226.4,183.1,179.7,281.2
337.5,169.2,156.6,168.4,164.4,169.3,213.7,265.1
173.9,58.1,40.5,81.2,73.1,80.2,116.4,100.3
365.5,779,89.4,82.8,90.5,762.1,1010,1037.7
346.6,256.3,204.9,175.2,178,222,237.4,243
162,200.5,222.1,225.7,240.6,276.7,387.3,348.7
645.9,133.8,139.2,151.2,139.5,147,159.1,150.1
330.3,112.7,112.3,172.5,177.5,194,176.3,117.1
145.6,61.4,76.6,135.7,144.2,135.2,166.5,213.5
951.9,551.8,258.1,139.8,182.3,211.4,211.5,197.5
61.3,46,101.2,98.3,137,148.3,172,188.6
86.4,107.4,109.3,93.2,132,403.7,72.4,65.8
10098.1,186.8,250,239.9,150.9,203.1,101.6,85.1
67.2,106.6,108.5,167.9,330.7,303.1,117.2,100.5
10837,449.6,307.8,371.9,303.5,334.1,455.1,517.1
614.1,346.3,317.1,407.1,405.8,341.5,329.9,300.4
10561.5,124.4,130.9,157.8,165.2,164.7,171.7,166.5
119.4,86.4,181.7,57.5,49.8,61.9,1450.4,856.1
72.4,154.2,90.3,77.3,88,909.1,471.9,69.2
299.5,528.5,299.5,270.9,308.7,936.7,899,724.7
314.8,683.7,220,233.3,498.8,668.6,769,785.7
125.7,782.9,206,273.9,178.6,1088.4,1301.1,1555.1
287.4,272.3,397,146.3,697,436.5,266.4,320.5
55.1,77.2,220.9,246,82.1,57.3,59.8,98
101,177.4,281.3,132.6,93.3,207.8,151.8,712
132,251.4,74.9,133.9,105,102.3,106,726.7
539.2,441.8,307.1,83.8,84.6,83.4,85.1,461.1
312.4,208.3,99.2,104,77,95.7,125.7,255.4
10378.2,618.2,213.6,278.4,239.4,395.6,263.8,312.8
445.1,614.5,411.4,247.5,246.3,312.4,321.6,425.1
118.7,413.5,409.3,126.4,147.6,115.7,160.6,196.1
601.8,503.7,346.7,170.1,67.6,101.7,111.9,105.2
10834.1,541.9,99.1,166.1,133.4,152.4,503.7,844.4
81.7,162.1,86.8,126.4,151.1,130.5,144,803.2
133.6,177.3,121.9,128.5,156.3,452.4,430.7,605.4
644.9,178,171.2,225.1,144.6,176.7,808.5,791.8
456,365.2,243.2,131.7,107.4,518.9,999.5,1329.3
378.9,413.2,156.4,96.1,115.1,576.4,1314.9,791.3
133.8,33,31.8,30.5,40.7,1241.3,244.9,147.4
262.9,298.5,324,312.9,319.6,712.9,943.9,1133.1
270.3,65.6,141.5,63.9,61.5,108,534.8,639.1
124,348,308.1,138.1,217.4,226,502.5,677.4
698.3,610.5,362.7,427.7,564.4,593.2,664.8,591.9
49.6,26,29.8,31.8,32,35.6,44.9,844.5
332.2,357.8,67.7,61.6,60.6,103.8,106.6,148
504.6,401.2,71,72,68.5,65.7,115.4,528.5
263,242.3,203.2,77.8,106.2,113,147.3,152.9
314.4,223.6,178,391.6,1104.2,296.6,211.2,127.4
166,166.3,163.2,178.6,442.2,1028.4,1075.9,578.7
278.8,234,293.8,155.5,144.5,144.4,135.9,196
85,247.3,106.3,53.8,41.6,58.6,72.6,89.7
10312.2,722,328.7,261.6,183.9,330.6,476.9,673.3
171,218.4,155.8,624.7,1114,331.3,448.5,641.1
178.2,86.3,153.1,78.6,158.8,323.7,384.7,615.5
344.7,158.7,132.1,95.4,137.4,225.6,578.8,1489.9
434.4,82.4,76.5,67.6,65.6,84.4,329.4,824.8
550.4,803.8,538.6,286.3,417.2,390.3,480.1,464.1
63.9,68.2,34.9,36,37.9,50.8,199.6,634.6
313.4,495.2,504.3,139,176.6,119.2,755.6,861.1
349.7,206,109.3,91.1,114.5,117.5,135.5,154.5
367.7,97.9,259.7,102.4,104.9,115.2,131.6,136.5
198.5,482.2,365.5,402.3,615.6,550.4,591.5,576.2
443.9,239.9,82.6,92.9,76.6,89.9,341.7,793
182.7,421.9,356.5,105.9,104.3,95.1,104.3,114.5
228.7,241.3,145.2,122.4,146.9,205.2,207.8,405.9
156.1,91.6,93.1,83,67.7,1334.1,916.7,1063.5
274.4,415.7,302.9,54.6,55.7,49.9,864,1164.1
531.4,469.8,522,543,655.4,772.5,978.1,1034.1
303,196.2,238,283.2,309.9,842.4,878.1,624
404.8,282.1,136.9,144.1,92.9,81.6,77.5,217.7
301.6,405,341.6,281.8,98.6,97.4,99.2,102.4
260.6,291.1,68.6,61.6,70.2,102.7,136.1,823.2
657.1,533.4,320.4,204,162.2,476.3,767.8,1297.1
636,289.2,159.3,72.9,90.9,84.9,88.7,976.5
512.9,687.8,156.3,145.5,297.9,327.5,388.6,396.8
125.2,130.2,604.9,57.1,77.6,52.6,70,174.7
189.8,235.2,253.9,141.1,77.4,83.8,487.8,866.4
251.4,122.5,61.8,56.1,64.8,69.8,631,1209.7
276.3,215.1,173,38.6,31.2,39.4,29.8,56.9
95.8,68.4,75.2,64.4,99.8,455.2,1116.5,1323.9
204.9,269.4,258,71.3,38,58.6,269.2,359.9
303.8,428.3,247.9,191.9,135.5,174.7,366.5,577.8
78.1,129.5,80.7,142.7,394.9,255.2,222.6,213.9
196.4,270.1,61.2,28.1,34.7,34.1,36.6,44.3
370.9,193.9,603.8,306.5,473.1,697.2,693.1,732.2
231.9,337.4,285.2,283,347.9,222.3,198.7,197
336.2,248.2,278.5,160.2,107.2,432.6,355.5,563.9
398.3,279.8,263.9,202.5,147.4,166.3,182.9,140.2
158.7,298.3,284.6,216.9,140,144,130.7,129.4
453.3,401.8,384.6,226.9,223.7,246.6,331.7,537.5
10849.9,358.5,542,166.2,191.1,178.3,189.5,708.1
265,103.4,112.9,109.3,105,331.7,717.2,899.9
235.9,707.2,657.4,140.9,131,126.2,221.7,314.6
157.7,153.4,217.4,107.8,102.2,98.6,101.1,111.9
377.5,208.9,208.1,195.3,166.9,155,185.8,1731.6
182.3,301.6,226.6,158.2,160.4,181.5,561.7,871.8
46.1,39.2,99.4,39.7,36.5,45.4,91.2,144.9
78.8,204.8,156.3,39.1,43.2,48.5,52.7,247.2
199.6,96.2,590.8,268.2,187.2,157.7,180.6,249.9
155,256.7,289,156.2,123.1,135.7,134.3,168.1
253,270.5,343.1,160.6,181.5,193.4,200,763.8
298.9,469.7,132.4,53,56.1,522,1070.6,977.2
749.5,643.3,362.5,209.5,214.4,194.2,296.1,568
328,112.4,143,115.8,119,612,590.5,736.6
182.3,148,130.8,116.4,115.1,137.2,185.1,203.5
469.7,109.3,118,107.5,104.1,131.7,258.7,877.7
313.6,188.3,92.9,81.2,88.7,96,99.8,103.7
137.6,128,419,243.2,70.5,59.6,85,753.9
124.4,289.4,204.4,100,89.4,127.3,294.5,356.3
352.4,215.5,87.4,95,88,153.5,598.9,1099.3
65.4,398.6,48.3,58.9,291.6,308.2,470.5,815.6
420.9,406.8,164.2,98.3,93.3,132.9,141.8,667.9
45.3,159.8,46.5,49.3,57.8,68.1,763.8,849
523.9,440.2,246.7,209.5,172.5,286.9,518.3,741.9
408.4,546,469.9,183.5,90.1,94.2,113.1,801.4
339.6,303.8,899.3,468,609.1,664.1,675.6,520.6
266,988,651.9,75.8,107.1,109.9,100.4,122.2
382.8,295.5,287.5,665.1,104.3,186.5,181.7,152.4
10140.2,10316.3,10508.2,180.9,129.5,113.8,92.7,88
105.2,126.7,226.2,122.7,131,499.2,215.8,267.1
500.4,705.9,648.1,236.6,250.3,137.5,86.6,84.3
497.8,748.9,743.1,463.7,301.4,224.9,141.3,208.3
501.8,442.4,650.2,646.7,453.7,140.1,115.4,102
554.4,510.9,151.2,171.2,227.1,311.4,308.7,351.7
559.7,405.4,529.6,334,187.8,163.7,192.6,159.3
633.5,229.1,213.9,311.3,317.2,234,193.1,208.1
10164.5,92.4,75.9,236.1,147.5,120.3,225.5,267.7
33.1,22.9,21.7,50.3,66.8,60.2,99,279.6
193.7,530.7,431.2,215.8,264.6,278.2,226.9,240.7
136.3,10133.8,10144.4,109.2,59.7,99.9,108.7,211.6
344.6,10473.3,10703.3,10878.3,748,284.3,366.3,411.1
10478.3,10105.2,10164.7,10263.1,10255.9,10257,550.7,494.8
325.3,508.4,388.9,298.9,208.7,138.6,185,172.2
10409,10490.9,10029.4,590.2,541.5,65,313.8,580
173.1,920.1,439.1,132.5,134.4,127.2,253.7,316.2
10950.8,718.5,280.9,123.3,465,235.1,203.9,218.1
10181.4,10215.6,292.2,571.9,10666.7,104.4,106.5,165.2
10293.1,10267.1,10634.4,677.5,111.1,215.6,340.6,571.1
10166.1,10174.6,778.5,432.2,124.4,230.5,133.7,244.9
10293.8,596.7,1092.2,1114.2,983.1,153.3,159.5,575.8
10317.9,10514.7,10405.1,500.6,512.3,182.3,179.8,233.3
10286.5,10630.9,725.2,114.2,330.8,140.8,273.8,281.3
423.2,124.1,151.7,261.6,475.2,594.7,565.9,450.5
175.1,223.2,481.3,146.3,357.6,466.4,851.4,870
670.5,724.9,469.4,465.9,508,779.5,1022.2,1001.5
10505.8,10738.5,10728.3,10827,300.6,225,305.2,340.6
10584.9,66.9,106.6,87,10064.1,68.6,100,709.6
65.4,251.7,146.5,233.6,250,212.6,268.1,365.2
10506.4,392.7,55,187.3,182.4,136.2,103.7,108.6
445.2,344.4,281.9,281.8,327.1,378.3,477.8,932
82,156.3,276.4,94.6,107.1,178.2,204.8,228.4
10461.7,719.7,269.4,231.6,474.7,366.4,522.4,703.8
250.4,125.7,61.6,47.1,68.1,71.9,313.5,476.8
670.1,567,466.8,519.4,910.1,1020.6,901.5,1114.4
464.6,195.1,127.9,201.3,118.8,126.6,120.8,139.3
10073.4,10230.2,124.6,108,550.1,132.8,250.2,167
749.2,528.1,715.6,681.5,535.8,518.6,551.9,634.4
10263.5,10283.4,403.2,462,359,262.3,246.3,275.8
10148.6,10160.7,635.9,625.4,300.2,292.7,367.3,374.5
223.6,360.4,485.6,514.2,277.9,484.5,597.6,128.5
313.9,519.1,174.1,177.7,259.2,257.2,242.7,237.2
412,393.8,326.7,493.8,398.6,389.2,520.4,505.6
330,168.2,213.4,371.9,527.9,482.7,508.4,836.1
488.7,359.9,385.8,847.8,716.9,531.1,404.5,581.8
64.8,102.1,217.6,329.2,277.2,745.7,259.3,258.3
484.2,585.8,397.4,564.3,606,702.3,450,600.2
378.5,323.6,272.5,341,235.1,251.8,194.7,196.6
10514.2,10509.2,407.4,268.5,330.5,366,396,422.3
428.9,180,311.5,535.2,462.3,857.3,678.1,293.4
944.2,151.3,184,361.9,482.9,427.5,526.1,515.2
369.7,71.5,93.1,201.1,191.1,163.6,223.1,111.1
396.2,502.7,158.3,165.7,169.8,271.1,319.6,382.1
257.7,85.7,290.2,366.3,325.9,222.2,219.5,193
10532.4,10337.4,431.8,72.3,148.9,208.4,113,115.1
10768.5,327.8,154.9,170.8,200.3,340.6,325,356.8
219.6,210.4,215.5,269.3,355.6,330.8,268.8,285
116.1,110.5,116.7,301,242.8,144.9,132.7,162.9
10537.8,617.4,469.3,563.7,540.9,123,130.5,202.7
346.6,228.6,600.5,587.2,318.4,295.5,290.1,247
10600.5,945.4,148.2,674.1,933.1,602.2,89.2,352.5
10548.8,828.6,193.9,508.2,460.3,983.9,666.8,937.9
537,416,681.6,793.8,421,558,573.9,845.5
794.2,461.7,313.2,333.7,389.3,318.6,309.3,331
10156.4,10140.2,10166.2,10102.4,10108.6,10284.3,818.5,712
88.4,84.1,103.5,10166.6,10166.4,228.4,218.9,213.4
635.5,528.8,504.6,405.3,283.9,118.7,300.1,254.7
10485.1,821,146.9,152.8,224.6,219.3,292.9,252.5
580.6,851.1,569.1,785.5,384.4,174.7,396,470.2
85.7,135.7,214.2,99.6,299.3,213.6,153,102.4
10156.8,10827,356.5,153.8,336.6,402.2,489.3,389.9
10136,10450.1,679.3,254.9,273.7,221.4,255.3,256.5
10276.8,711.1,717.2,651.7,156.7,147,109.2,138.5
199.9,203.5,270.4,330.3,373,408.8,293.8,303.6
703.3,397.3,517,287.2,248.9,1315.9,1140,919.7
10551.5,108.6,86.1,130.3,413,406.3,192.7,242.4
10715.9,542.6,364.9,365.6,457.5,422.7,529.2,194.1
199.7,418.3,472.5,374,421.2,341.8,433.8,527
462.7,468,309.8,388,643.1,137.8,200.1,167.4
10093.8,411.9,965.2,295,101.1,562,175.8,279.4
260.6,226,208.4,242.8,282.4,281.3,135.8,207.3
202,187.5,257.8,10350,660.9,463.8,352.8,828
10177.7,10277.2,10261.3,10278.1,10305.4,10304.9,10226.8,10310.6
190.1,191,347.7,530.4,558.3,420.7,358.8,284.7
381.6,36.7,59.5,10259.5,144.4,143,193.7,188.6
10217,10369.9,10238.8,10210.6,10183.5,10261.9,309.3,324.2
10596.8,569.4,616.6,621.6,608.4,229.2,219.5,285.6
311.9,306.9,343.6,278.5,895.3,363.2,441.2,412.1
125.6,81.2,186.8,311.6,161.1,173.1,206.9,237.5
104.6,218.8,264,203,131.5,129.1,298.1,583.9
10505.2,729.5,613.7,418.2,334,236,539.1,849.7
282,221.1,164.5,126.3,132.5,145.2,143.6,129.1
133.6,130.9,141.5,127.1,120.3,195.9,425.2,458.3
187.2,435.2,474.4,273.3,444.1,439.5,303.4,313.1
110.9,90.7,197.5,207.2,174.8,199.5,228.7,150.7
49.1,50.7,93.9,128,92.5,72.9,72.9,61.2
151.3,124.4,199.8,145,216.7,334.5,370.2,331.6
181.2,282.6,432.5,152.3,116.5,207.5,141.9,162.2
10320.1,10385.7,10460.6,492.9,353.7,355.8,377.2,353.1
10141.1,378.1,605.3,85.1,110.1,123.3,101,110.6
207,312.4,365.3,215.5,258.5,201,154.1,192.4
10706.6,640.5,185.2,199.9,202.8,178.6,173.6,365.8
125.5,10218,681,259.9,74.2,94.3,88.5,418.9
271,269.8,229.9,140.5,132.1,162.5,237.1,263.3
173.8,291.8,589,756,678.8,171.1,261.4,131.5
10083.2,10226.2,10329.4,350.1,330.6,10487.7,706.7,519.5
235.5,208.6,370.4,130.2,123.9,131.4,187.9,237.8
254,287.7,282.7,251,365.4,165.1,164.4,148.6
402.4,268.7,108.1,111.2,129.1,130.3,127.4,820.6
181.3,399.4,666.3,145.4,178.4,106.7,235.3,308.2
88.5,146.5,141.8,242.3,546.3,61.3,64.1,62.6
482.5,92.7,327.1,46.2,43.9,48,46.2,48
257.5,186.8,193.2,199.8,181.3,194,194.5,250.9
179.1,360.3,375.3,302,243.3,179.5,162.5,159.4
10073.2,10084.3,319.7,332.4,233.6,387.1,249.1,723.9
10176.4,522,331.3,357.2,283.2,408.3,282.3,154.9
55.8,43.5,50.2,142.2,129.7,125.8,1521.2,474.7
60,56.4,70.4,107.7,153.2,197.4,455.2,342.4
10311,10563.1,396.5,332.2,125.7,122.1,104.2,129
10324.8,154.3,127.6,214.7,106.1,432,168.3,366.3
159.1,142.9,105.6,125.8,163.2,272.7,136.3,92.2
117.2,107.2,115.6,134.7,247.1,271.8,231.7,198.2
112.9,189.3,106.2,44,43.5,52.6,1148.1,1796.2
10131.8,10120.3,10184.8,10790.2,785.9,323.7,201.6,211.7
148.6,56,72.5,95.1,198.5,412.2,743.7,920.8
107.7,187.8,259.8,271.8,223.8,148.4,186,195.7
10267.4,471.8,685.8,287.4,280.1,261.5,273.7,242.6
140.3,100.9,99.2,99.2,128.9,222.3,142.9,97.4
358.7,331.1,323.1,412,463.1,352.9,271.4,365.1
124.1,246.7,203.2,355.6,319.1,158.7,73.9,76.4
284.5,264.3,146.9,112.8,114.1,140.9,185.6,272
495.8,270.5,206,194.5,185.7,161.2,170.8,188.2
109.8,119.7,225,312.3,471.8,357.9,151.1,103.9
10137.8,10159.9,10529,747.8,626.3,344.5,161,119.6
73.6,74.7,113.4,144.5,76,246.3,139.6,116.2
10281.8,659.8,1269.1,583.3,191.3,115,471.9,162.4
10235.6,362.2,404.5,361.9,255.5,212.1,206.6,167.7
155.8,130.1,146.4,169.1,354.8,564.6,453.3,339.8
584.4,301.5,359.3,223,327.7,268.5,248.4,290.4
174.9,174.5,173.3,433.1,1012.1,660.8,495,256.7
124.7,131.7,171.8,220.1,129.6,196.4,60.3,66
10167.9,734.4,135,179.3,190.1,188.5,168.3,219
10033.9,10063.5,642.1,785.6,965.6,168.3,125.5,96.4
10389.7,10407.7,371.8,320.9,238.4,237.2,258.4,221.4
221.7,315.2,130.9,159,125,164.1,211.4,598.9
154.3,422.2,178.2,161.5,154.2,193.1,197.7,219.2
70.1,114.2,551.2,579.5,401,234.3,286.6,280.4
155.4,222.2,178.5,142.7,110.9,136.4,176.7,139.7
10325.9,10619,491.8,230.8,200.6,283.9,343.2,306.8
10139.5,131.2,102.1,258.1,130.2,133.2,99.7,91.8
281.7,204.8,257.9,274.6,160.1,213.8,264.7,897.5
131.5,76.4,569,210.9,450.7,317.6,182.6,95
564.7,175.3,156.9,102.3,116.2,136.1,164.9,168
225.1,127.4,180,300.2,150.6,167,147.8,207.2
551.3,502.3,452.7,405.7,490,625.9,416.8,283.8
10288.3,10670.3,773.7,507.3,219.6,295.4,267.2,135.1
10153.4,10127.8,10108.5,10138.4,10139.4,10129.8,10109.3,122.6
156.6,223.2,173.7,88.9,81.9,81.4,98.5,161.8
10145.5,10170.2,10633.7,434.3,134.8,132,194.9,155.9
10290,496.5,583.4,490.3,124.8,144.8,181.8,172.3
54,90,137.5,208.6,486.7,1021.8,837.6,1080.9
56.3,85.9,139.1,238.8,99.2,93.7,80,77.6
55.2,74.9,373.5,40.4,42.2,40.1,43.7,48.9
10237.7,10436.4,424.2,206.9,174.2,134.8,133.9,184.3
10195.4,10208.9,234.9,235.4,485,333,344.1,313.6
10231.7,10263.5,10338.1,384.2,339.3,416.3,397.2,293.2
97.5,114,453.5,430.8,97.6,872,910.1,707
228.3,303.8,410.7,277.4,145.6,118.6,137,131.2
10107.7,10409.5,260.7,146.4,118.6,106.1,114.6,121.6
207.1,312.9,308.6,375.5,221.5,61.2,48.6,50.9
284.7,199,216.8,239.7,194.1,186.1,148.5,127.6
183.7,176.8,199.8,272.5,156.2,180.2,194.6,211.8
179,179.8,266.8,124.4,115.9,108.9,114.7,128.5
559.5,658.3,232.1,200,260.5,529.2,552.1,575.2
71,68.4,61.9,64.6,61.2,77.5,309,729.2
238.6,163.5,161.3,340,181.5,286.3,108.6,119.1
10085.6,373.8,313.6,35.2,45.5,54.6,50.4,44
10203.1,10394.2,847.3,506,325.9,208.3,133.6,148.9
322.8,72.9,485.9,414.9,79.6,88.9,88.2,952.1
400.2,229.6,181.6,201.6,172.9,295.5,815.5,1011.6
10168.8,10309.6,10550,391,112.3,109.9,114.5,132.6
10585.6,74.4,209,466.3,931.2,703,146.5,129.8
58.7,51,56,59.5,50.2,60.2,76.4,860.1
531.4,430.3,607.5,159.7,130.4,151.5,335,336.1
331.8,109.5,154.1,89.3,135.1,159.9,180,205.5
530.5,467.6,108,89.3,126.5,129.5,118.6,114.1
10679.6,89.7,94.9,149,354.6,376.8,198.2,550.1
443.9,203.4,135.7,153.8,230.5,338.7,416.8,393.4
684.1,419.2,415.6,548.3,483.3,388,561.1,757.1
463.4,180.8,187,466.1,487.7,437.5,312.2,359.7
186.6,227.6,314.7,876.4,195.4,168.1,111.5,614.9
206.6,574.9,111.8,100.4,86.4,93.4,395.4,514.4
203.1,218,306.2,317.6,84.3,70.1,80.7,79.4
65.4,93.7,78.5,633,79.7,69.4,70.4,73.7
498.2,269.8,202.3,130.4,520,657.9,724.6,669.5
10340.6,131.1,204.6,176.1,178,437,533.3,245.2
367.9,532.1,542.6,714.4,211.7,217.1,220,243.2
731.2,57.2,53.4,73.2,129,146.6,140.8,129.9
338.9,412.1,167.6,237.4,258.8,83.9,98.3,426.8
124.8,559.7,627.3,347.9,295.6,424.2,502.3,751.9
512.1,10626.2,773.9,113.1,106.8,109.9,194.6,375.8
400.2,749.5,435.5,117.2,124.1,131.5,126,98.6
312.6,88.4,65.1,61.7,254.3,176.1,142.3,117.1
271,110.6,80.5,91.1,110.6,98,89.1,90.4
30.1,29.7,29.7,41.8,54.8,52,89.7,78.4
330.1,335.4,54.3,60,52.1,60.7,91,124.6
10167.3,10094.6,278.9,32.4,33,38.1,76.4,88.7
266.2,472.3,550.7,588.5,554.1,375.8,241.8,220.7
98.4,135.4,247.8,250,248.4,320.3,174.6,116.5
76.3,95.7,104.2,106.8,168.7,412.7,255.2,121.7
10027.1,10692.5,73.3,87.6,126.5,208,361.4,374.8
234,164.5,207.9,235.6,208.3,247,282.5,347.2
148.5,180.7,225.3,193.7,279.9,335.8,441.5,453.3
199,486.1,232.5,65.7,63.1,54,84.3,74.5
250.7,294.4,274,159.9,302.2,68.2,65.3,81.8
10215.2,10282.7,10333.6,10524.1,10411.4,349.3,437.1,468.5
143.5,159.4,215.6,199.5,162.1,127.6,136.5,152.8
514.2,121.7,113.2,104.3,123,141.4,235.7,596.1
201.1,123.2,308,132.4,341.7,411.3,390.2,227.1
843.3,120.4,31.6,31.7,35.1,36.6,61.5,723.5
404.2,149.3,281.1,297.5,257.2,252.2,267.4,247
374,96.3,99.6,88.4,105.9,122.8,368.3,741.1
119.6,130.2,229,361.9,405,281.7,315.2,325.1
81.3,67.6,130.9,140.6,203.5,285.9,362.7,403
444.8,426.5,103.6,130.3,206.2,219.7,441.9,398.1
295.4,527.2,96.8,125.7,123.3,129.4,164.4,231
407.3,10325.5,401.8,176.1,178.3,227.3,254.4,288.9
92.8,93.9,131.3,104.2,144.5,267.7,490.3,443.1
175.7,192,334.3,142.5,114.4,124.9,116,108.4
160.3,315.5,515.2,378.5,91.5,99.3,124.2,122.1
10235.7,396.1,89.8,75.6,98.1,137.1,291.3,89.6
361.8,174.2,340.2,456.5,463.8,466.8,575.2,752.4
144.2,190.8,196.7,134,136.2,125.6,216,315.1
288.2,275.3,311.4,351,254.3,210.3,206.1,218.5
368.4,75.3,74.1,113.4,155.7,148.7,190.3,265.5
430.6,212.2,231.1,280.1,230.1,200,202,205.2
112.7,202.2,199.3,159.3,344.3,362.9,674.8,885.6
170.2,146.4,306.8,317.5,476.6,372.1,308.3,337.6
10302.7,10308,10609,10738.3,738.8,159.5,129.2,131.1
197.9,284.8,268.3,212.6,337.5,340.4,263.7,169.8
340.8,425.5,461.7,592.4,597.6,725.2,681.9,587.4
746.7,836.3,95,90,84.8,88.4,96.9,155.6
376.5,10423.7,609.5,253.9,240.5,238.6,329.9,421.8
10088.4,10113.5,10351,10139.7,10202.6,243.5,201.7,224.8
98.5,121.2,310.9,564.6,435.5,379.6,533.8,588.4
485,324.3,125.5,117.9,163.1,226.7,244.8,275.5
364.3,399.9,157.5,120.4,123.9,150.8,156.2,512.6
10205.1,930.1,57.2,66.7,91.3,124.9,94.4,135.8
811.9,930.6,415.8,335.3,173.3,240.7,253.3,245.6
76.9,121.9,161.4,147.6,189.6,201.6,366.8,449.5
243,412,342.6,194.7,164.7,150.7,215.4,275.9
335.7,321.6,303.1,349,640.1,418.2,423.7,495.5
10132,242.6,377,113.9,119.5,117.4,131.2,235.4
426.7,559.4,170.1,166.1,227.9,771.4,718.5,665
10679.3,469.9,477.2,187.4,198.8,236.3,278.8,296.8
602.4,114.4,110.6,142.1,169.4,188.9,204.3,212.9
295,289.8,583.3,246.4,135.4,131.3,169.6,220.1
260.7,87.7,82.9,85.2,84.9,102,129.8,133.5
173.7,781.5,462.6,103.5,106.7,132.5,150.2,183.8
123.8,81.3,127.8,115.1,117.6,101.4,102.5,93.5
191.3,208.4,213.1,63.1,57.1,39.2,42.9,37
167.7,61.7,10224.3,46.7,48.6,39.5,35.2,39
338.5,420.9,348.1,193.2,150.8,83.3,109.6,689.7
344.7,648,638.8,483.9,431.3,210.4,186.4,188.3
143.3,160.4,171.7,175.2,344.3,234.7,342.8,315.7
294,644.8,664.7,321.6,65.9,68.2,85.7,126.4
58.5,46.5,45,47.1,187.8,268.7,276.9,231
91.8,121.4,164.4,841.9,630.8,486.8,394.3,369.3
98.9,107.6,105.9,111.1,100.8,133.6,234.8,261.4
51.8,52.9,59.3,67.9,70.5,109.3,342.7,474.9
231.7,94,116.2,131.2,129.1,130.3,148.8,197.3
58.2,62.4,78.9,73.9,66.4,56.6,111.9,137.8
84.3,90.2,100.4,118.3,83.3,107.4,125.5,71.2
110.1,145.9,152.7,209.7,174.4,158.1,520.2,639.2
113.4,123.2,138.6,177.2,216.1,752.2,256.2,123.2
99.4,106.4,104.2,111.8,171.7,1039.1,455.8,289.7
146.1,100.7,113.5,243.6,249.6,310.4,205.6,591.2
62.6,103.2,70.3,97.1,96.4,106.9,122.8,523.1
129.8,96.5,95.6,94.5,141,567.6,1156.1,667.6
85,73.7,70,84.9,567.6,641.2,621.5,938.9
119.1,107.1,231,255.8,216.2,232,178.8,118.8
77.6,98.3,122.5,106.2,121.2,312,497.8,527.9
136.4,94.3,138.4,229.4,367.2,289,1321.9,323.9
183.4,158.3,271.7,283.4,203.5,143.7,100.5,111.9
83.2,62.3,81.8,94.4,91.2,282.4,219,125.5
143.7,161.9,167.1,175.7,170.6,189.6,276.3,309.7
51.8,55.5,70.8,107.1,96.8,99.1,111.5,179.4
34,33.7,32,29.8,37.6,44.2,65.2,206.4
92.2,161.6,198.2,307.7,268.5,226.2,164,92
87.6,111.1,87.3,81.8,134.4,175.7,186.9,190.7
81.8,96,339.2,573.8,519.4,313.1,223.3,197.7
133.5,131.2,136.5,133.4,142.5,239.8,697.1,567
72.5,350.9,409.8,301.9,441.6,489.6,716.7,642.1
314.9,271.2,251.2,237.7,512.9,501.6,678.4,717.5
82.4,82.5,82.2,81.7,88.3,110.5,443.2,458.4
42.6,41.4,38.1,40.1,46.9,703.5,678.4,299
60.7,53.3,61.1,128.2,219.5,110.1,213.8,288.5
145.9,169.1,192.8,181.8,136,369,386.2,404.6
396.6,332.8,283.7,337.7,382.4,325.2,263.5,251.2
603.5,457.7,353.1,402.6,601.9,422.3,737.1,699.7
97,89.8,120.6,166.8,158.8,178.6,176.4,176.6
76.6,60.6,71.6,88.2,60.2,82.7,226.5,283.6
129.3,133.9,152.2,163,142.1,209,155.7,184
97.7,147.6,138.4,151.1,144.5,117.4,107.4,130.1
213.8,162.8,167.1,94.4,85.1,345.8,847.4,896.2
164.6,216.3,135.4,129.9,247.7,143,119.6,141.1
85.3,82.3,86.2,89.8,89.2,93.2,115.7,127.4
70.9,66.3,70.6,70.1,69,64.1,61.2,67.5
55.7,47.8,54.3,57.1,59.4,45.1,42.9,62.9
95.4,159.7,240.2,189.6,178.5,322.5,361.9,382.6
77.8,85.4,77.1,85.4,367,328.6,279,358.8
114.5,70,73.4,78.4,67.1,53.8,37.2,38.2
63.6,67.6,70.1,79.5,103.6,117.9,121,134.7
228.3,274.4,348.5,315,338.6,390.6,525.6,544.5
327.3,284.6,244.8,259.7,409.4,650,656.1,834.6
107,65.4,63.4,75.7,90.4,84.1,89.9,106.5
230,287.7,337.9,365.3,311.8,254.3,491.2,121.8
325.3,337.4,555.3,779.8,742.5,1222,863.6,181.3
199.6,177.7,723.4,421.3,451.4,640.5,928.5,957.8
78.9,113.5,123.5,102.2,181.1,316.5,316.4,334.1
132.3,236.9,213.8,112.5,108.6,103,96,94.6
52.4,55.3,47.2,55.4,76.6,68.2,86.1,96.4
73.3,38,39.6,50,38.7,52.3,67.1,118.6
66.5,45.7,53.9,69.3,79.7,75.1,98.5,112.3
192.3,190.5,203.4,220.6,144,174.5,245.4,163.9
60,59.5,69.2,80.6,106.1,246.6,340.7,361.5
130.4,120,121.2,128.2,131.3,363.2,402.4,469.4
378.2,68.7,58.4,81.9,57.3,59.3,72,94.1
79.5,80.3,82.2,90.7,81,79.7,77.1,85.1
281.3,173,186.5,211,178.4,158.2,184.8,201.7
174.6,93,78.9,110.9,114.8,113.8,562.6,723.7
66.2,75.8,99.9,101.9,95.6,179.4,180.3,159
156.8,157.3,165.5,166.4,162.8,162.5,237.6,319.9
425.7,394.4,509.5,889.4,838.4,308.5,322.6,300.9
10053.9,10054.1,10065.1,90.9,168.1,745.5,352.9,380.3
68.5,62.1,64.1,89.9,73.7,76.7,82.6,91.2
74.4,79.4,101.5,130.2,126.4,387.9,719.3,338.2
123.7,148.9,169.5,178.3,150.8,222.8,301.1,366.8
48.3,51.7,72.5,101.9,107.2,122.3,139,182
74.7,88.6,115.3,131.4,134.5,248.6,261.3,249.7
46.9,45.4,56.6,57.7,63,75.4,93.1,148.8
139.2,163.9,207.6,170.2,213,200.3,275.4,408.3
108.8,105,156.1,124,132.3,170.9,344.3,356.7
72.4,34.9,32.7,45.6,102.2,228.1,225.6,489.1
109.4,120.9,139.2,136.7,129,151.9,223,558.7
78.2,100,95.6,104.6,297.1,589.9,786.8,532.6
125,161.8,236.1,239.4,175.4,268.4,290.9,384.5
96.5,423.9,537.2,160.8,129,365.4,280.3,102.6
56.2,60.9,84.9,86.9,100.9,105.9,115.7,160.4
88.2,69.4,74.2,69.3,66.2,83.9,102.2,101.2
85.1,142,161,183.4,382.3,461.2,486.1,479.1
108,127.6,444.2,442.7,557.3,370,714.6,714.2
97.5,90.6,86.8,145.9,116.7,121.6,168.8,160.9
55.3,62.8,56.5,51.7,51.2,65.8,107.5,182
107.9,100.4,100.2,104.3,118.2,344.7,626.1,600.8
62.1,58,130.3,127.3,127.7,84,83.4,90.1
152.4,75.5,288.5,150.3,208.6,209.6,211.7,190.7
76.4,87.6,145.3,90.6,138.5,381.4,620.3,692.6
471.4,687.3,280.8,99.2,108.2,136.3,133.2,127.5
10064,10408.1,10399.9,1088.8,1295.4,89.6,77.3,112.7
655.1,285,234.3,213.4,211.5,234.7,272.5,178.8
10365.3,700.7,76.4,75.8,94.1,62.6,77.8,121.9
814,582.3,241,191.6,365.1,388.4,320.7,584.8
803.3,701.2,229.6,689.2,829.6,764.6,662.1,262.4
592.1,169.6,143.3,150,137.7,136,212.3,211.8
552.7,165.4,141,144,897.9,938.4,1055.2,1120.1
665,63.2,75.4,75.4,94.6,90.8,98.6,103.4
10207.1,588.9,118.5,141.9,155.7,169.7,249.9,166.4
146.9,66.3,73,77.8,89.1,306.2,403.7,691.6
40.6,37.8,32,36.5,95.6,359,535.4,605.7
615.9,133.6,256.8,277.8,315.3,444.8,687.1,612.6
244.7,471.7,608.1,444.2,158.5,183.2,167,168.7
136.5,90.3,67.4,69.1,76.7,317.3,224.8,222
559.1,860.6,1202.9,292,235.3,295.6,519.5,903.5
73.5,59.5,113.7,375.5,466.2,287.4,422.3,664.9
72.7,65.2,248.7,285.2,321.3,518.5,917.7,972.3
148.4,712.4,157.3,166.1,245.7,406.1,261.7,151.8
733.8,483.4,201.5,388.3,498.1,641.6,1080.8,914.7
707.4,326.8,525.6,698.1,680.1,735.3,651.1,728
278.3,45.4,50.5,39.3,32.4,38.4,59.3,381.1
98.8,150.6,214.9,308.8,382.1,485.5,323.7,256.4
812.3,118.8,125.4,219.5,325.1,301.1,178.7,208.9
10927.1,613.7,169.6,510.6,526.9,631.9,541.4,803.8
348.9,391.2,588.8,666.6,869.9,1751.9,1308.4,1354.5
673.2,161.5,212.2,258.4,283.2,279,274.1,1003
35.3,39.5,41.4,50.6,68,148.8,411.9,737
164,221.4,10394.9,652.9,633.2,672.4,343.6,444.9
501.1,646.3,136.4,140,129.9,121.9,127.6,165.4
527.2,118.3,109.5,247.5,188.3,361.6,1414.1,1268.1
10357.4,10319.3,291.7,289,423.2,611.4,747.1,564.7
253,100.4,95.9,90.8,112.2,169.1,211.5,381.7
342.2,468.5,138.6,108,144,135.2,75.7,155.6
189.8,299.5,692.9,779.1,1202.8,1060.8,1585.9,1658.5
274.4,86.9,81.7,102.6,154.4,216.7,269.5,213.3
388.1,464.5,557.5,597.3,634,617,614.7,723.4
564.1,266,113.9,86.7,127.4,474.5,168.9,182.9
604.7,324.4,169,199.6,181.3,626.8,1019.5,1109.1
576.1,456.3,523.5,748.4,805.5,911.8,823.6,832.3
787.6,650.4,102.3,107.5,155.4,328.9,336.6,1116.9
668.3,336.7,266.5,121.4,139.3,178.9,177.4,242.1
266.9,170.5,154,248,307.2,240.9,264.8,266.6
397.2,879.2,257.2,134.2,132.7,165.9,202.1,313.4
360.8,352.7,284.2,288.5,247.7,221.4,215.9,253.7
244,121.6,97.3,96.1,330.9,1056.5,998.3,1035.1
256.5,241.4,107.5,100.7,143.1,222.5,271.1,224.2
109.7,388.8,107.6,92.1,84.9,195.7,98.4,67.8
612.1,246.5,252.2,249.7,246,127.6,140.6,217.8
643.4,468.8,388.9,308.7,412.4,363,542.8,455.5
27.6,59.5,55.1,112.5,54.1,43.6,58,38.1
124.6,113.5,231.4,508.6,584.4,769.7,739.2,921.9
326.1,123.4,124,138.3,135.3,170.7,695.3,1072.5
463,63.8,68.2,104.7,89.9,239,285.5,307.6
131.3,279.1,76.7,117.5,128.4,152.9,173.4,189.7
176.4,152.5,152.6,433.1,401.9,673.3,956.2,1042.7
533.7,520.6,91.5,84.3,110.5,204.4,116.7,136.7
561.6,606.1,308.6,251.4,506.6,298.5,1051.3,318.3
392.3,314.1,54.3,56.6,42.7,38.1,48.4,863.4
139.4,166.2,174.8,215.1,234.5,408.7,716.5,463.5
209.1,173.3,194.1,270.6,224.5,308.2,258.4,857.1
468.2,425.8,260.1,361.7,381.1,527.6,814,608.6
799.8,398.2,368.7,243.2,238.5,155.7,222,940
431.9,53.8,62.4,96.5,80.9,126.4,146,1257.2
564.2,213,232.3,219.9,219,245,440.4,403.5
10256.5,678.3,370.2,489.3,535.5,449.2,312.2,876.9
239,35,64.8,104.3,141.3,659.6,521.8,1300.6
167.5,50.9,56.7,49.3,46.5,56.4,89.7,104.2
202.4,108.4,100.3,218.8,162.1,140.8,147.6,471.4
692.1,83.6,94,137.6,170.4,197.3,153.3,587.3
224,319,146.3,149.9,127.4,98.4,78.7,102.3
916.6,675.5,104.1,130.3,126.3,131.2,131.8,316.4
212.4,245,530.9,474.8,150.1,140.3,146.3,179.3
906.7,129.5,90.6,99.4,136.1,261.3,162.9,647.2
10260,728.7,743.9,300.5,147.8,162.3,156.2,215.5
143.5,123.9,172.1,139.4,586.4,92.5,193,89.7
421.4,193.3,117.9,130.2,753.8,1052.5,1026.8,892
477.3,211.7,103.4,118.4,149.8,184.5,186.8,652.2
395.5,144.3,287.5,336.7,398.8,635.8,375,477.1
635.3,392.4,101.1,103.4,115.1,106.2,97.7,180.2
474.8,80,77.1,109.1,101.5,87.9,832.5,869.6
386.2,67.9,49.8,204.1,128.1,180.3,163.5,151.1
516.9,502.9,60.1,75.4,88.3,127.7,94.4,128.1
10781.5,176,357.3,471.4,181,38.1,45.4,45.6
99.1,168.9,91,119.8,163.2,91.5,176.6,212.3
147.5,158,194.6,171.3,128,121,282.6,78.9
167,116.9,121.1,192.2,258.8,309.5,245.7,402.9
10089.2,31.4,31.6,34,44,36.9,54.6,88.3
10209.5,11185.6,329.4,279,307.7,297.8,403.7,467.5
215.8,677.4,375.7,295.4,292.7,168.7,795.3,936.4
635,507.2,156.5,455.2,234.9,251.1,404.3,691.4
792.7,579.6,413.6,318.3,320.2,379.3,683,760.3
50.4,48.7,51.2,49.3,54,74.2,128.4,141.2
169.8,124,516.5,512.9,1103.5,642.5,749,356.3
107.6,80.1,127.1,192.3,192.9,155.1,136.1,181.3
88.8,80,89.6,85.1,94.4,112.6,324.2,296.5
114.4,387.5,16.2,22.9,40.8,54.1,67.8,54.3
55.6,43.1,30.6,46.1,71.8,83.8,119.6,146.2
51.4,47.7,50.8,55.7,72.5,44.2,94.8,124.5
388.5,400,379.8,223,220.7,204.7,176.7,194.2
116.4,228.7,56.4,53.9,54.9,51.8,41,51.5
525,464.9,231.8,192.1,108,111.2,139.9,333.6
232.8,269.7,120,123.9,162.2,126.8,118.6,178.5
223.1,169.5,137,129.1,119.6,134.9,142.6,162.2
100.5,122.4,88.7,67.1,92.2,104.9,132.9,107.8
234.4,105.2,66.7,60,62.8,43.5,577.2,545.4
140.5,203.5,473.8,427.9,531.5,571.8,568.6,529.5
98,135.3,153.7,135.8,149.6,135.2,129.6,189.2
144.8,133.9,216.6,158.5,113.6,134.3,142.4,178.4
99.9,173.4,131.5,99.7,105.2,155,141,127.1
39.1,42.7,47.5,55.5,49.1,49.2,71.2,70.3
398.8,463.5,85.4,89.1,98.5,305.3,359.3,426.6
231.8,423.7,91.1,87.8,82.5,78.2,94.5,142.4
241.1,310.2,47.3,47.8,53.7,55.2,53.1,55.8
260.1,258.5,265,335.4,326.4,274.3,260.9,427.2
646.2,563,161.4,104.3,104.9,113.7,109.3,123
210.5,157.9,86,88,93,92.3,90.2,85.6
403.7,233.6,136.6,238.8,216.5,92.3,215.6,357.3
433,102.6,93.2,160.1,150.8,157.1,382.4,581.3
89.3,268.5,95.2,126,130,182.5,213.6,399.8
673.1,765.7,138.6,146.7,159.2,140.6,161.9,229.8
104.7,210.8,115.3,78.3,72.9,74.3,82.4,94.4
10053.1,10072.5,10036.3,10037.7,10050.9,74.7,140.9,373
209.9,210.1,255.5,241.9,229.4,477.7,593.3,518.1
171.6,124.8,118.5,121.8,143.1,132.1,104.6,121.8
99.6,50.4,52.4,51,73.8,388.6,322,286
369.2,390.9,369.9,359.2,356.4,321.1,297.6,801.6
101.9,135,143.2,153.1,224.7,477.5,616.8,659.7
366,406.7,155.2,161.3,193.8,183.7,230,258.6
172.3,260,256.9,195.9,188.7,212.2,209.4,214.9
696.9,313.4,178.6,205.9,313,200.3,446.1,886.4
46.3,66.8,150.3,88.9,82.5,86.3,80.5,65.4
51.4,40.3,41.6,44.5,51.4,57.8,57.1,47.1
501.1,343.6,189.8,198.7,189.2,191.3,193.5,366.1
835,969.4,758.6,497.4,586.7,775.3,722.1,737.8
407.8,519.9,467.9,213.7,86.5,97.7,104.6,123.9
628.3,513.3,282.2,117.9,137.6,131.4,129.7,157.2
48.9,117.5,107.6,107.6,116.9,124.7,188,281
416.8,431.4,299.3,253.9,289.6,302.7,302.8,297.7
243.8,242.7,257.8,291.6,467,684.4,542.7,320.4
56.6,49.5,72.2,174.5,124.9,91.7,134.7,146.2
52.8,54.3,62.7,70.4,75.1,93.4,94.5,99.1
217.8,476.1,194.6,168.6,495.8,403.4,826.9,1164.7
180.7,120.2,151.1,110,157.9,313.2,408.1,454.4
529.4,447.3,87.5,83,83.5,81,84.1,105
351.3,112.6,92.6,151.9,167.5,146.2,162,264.5
30.3,40.8,113.5,134.2,101.4,128.8,128.2,99.5
858.1,578.9,97.7,92.8,131.2,128.2,106.8,178.1
94.8,26.4,27.4,31.4,35.8,43.7,70.9,163.5
442.6,154.2,227.7,134.9,133.7,116.9,111.3,113.8
244.2,137.2,158.3,163.9,138.6,161.4,159.2,107.4
421.9,65.2,63.5,67.6,71.2,49.7,53.6,70.2
576.4,380.8,216.7,222.8,252.9,196,190.4,312.1
489.9,188.2,260.6,282.9,319.1,286.1,204.5,194.7
237.3,54,98.2,78.5,127.7,365.2,532.8,744.6
255.2,139.3,133.5,147.8,125.2,136.1,182.2,312.4
270.1,340.7,64.2,76.9,106.4,123.1,58.6,98.3
197.4,174,239.8,340.7,409.4,435,483.7,470.8
310.8,185.4,210.1,218.4,212.4,82.3,73.6,76.3
10084.2,10057.7,10057.6,10086.6,10089.1,10117.8,10138.5,444
486.8,35.2,32.9,33.4,44.1,56.8,58.6,84.6
110.1,118.1,167.9,226,178.1,134.5,315.9,263.3
217.2,108.7,289.6,192.4,213.8,165.5,224,240.3
195.1,57.6,82.8,111.1,133.9,137.1,259.3,397.6
10619.4,39.1,46.9,52.6,58.4,54,69.5,92.8
491.2,275.6,143.3,152.9,133.2,410.2,665.7,788.1
261.9,318.8,243.5,200,169.2,189.8,183.2,297.6
356.9,222.9,228.5,251.2,186.3,191,308.7,333.8
10664.6,779.5,47.5,49,52.6,47.3,60.5,77.1
708.6,325.9,65.4,70.6,110.2,108,85.5,216.3
169.4,89,115.1,113.3,207,117.1,112.7,155
224.2,131.6,76.2,78.4,75.3,79.9,232.9,250.5
112.1,194.5,110.6,110.6,116.6,142.4,147,266.4
420.5,175.5,181.5,206.4,205.9,210.4,217.3,296.9
220.9,96.7,379,224.2,337.9,360.6,392.9,129.8
99.4,80.2,241.6,64.1,72.2,93.8,106.9,117.7
71,75.4,70.6,76.9,77.8,80.2,122.3,240.8
83,208.1,414.3,488.7,443.3,554.3,675.6,715.1
112.7,319.4,239.3,98.2,147.1,401.2,356.2,428.2
276.1,317.5,279.4,289.1,151.1,138.9,142.5,153.6
265.7,166.4,227.9,75.2,66.3,65.1,74.1,87.9
382,284,320.7,252.7,338.7,314.8,737.2,934
52.7,57.2,52.5,75.4,1187.9,1378.4,1191.2,1007.7
65.8,74.9,131.7,113.5,506.7,64.2,73.9,803.6
121.8,113.2,104.2,87.4,125.3,260.4,812.1,86.5
95.8,84,85.1,90,563.7,527.5,792.3,1015.2
421.6,77.5,102.8,93.4,89.8,92.5,515.9,749.4
289.5,92.6,118.4,102,62,56.7,406.3,395.1
178.1,32.1,31.8,38.8,50.8,43.8,40.7,493.3
671.8,69.4,77.5,74.7,606.3,676.5,883.5,1006.2
215.4,42.9,41.7,42.1,48,1026.1,734.9,235.4
141,151.5,124.3,134.5,390.2,1288.6,987.5,506
68.5,77,124.4,117.7,544.4,1164.5,1316.7,1305.3
38,36.7,39.7,34.9,38.3,327.2,190.6,870.6
213.2,168.4,172.3,168,193,399.3,1064,781.9
125.8,282.6,42.8,46.3,38.8,42.6,363.9,800.8
70.9,77.9,285.4,102.9,312.5,510.2,853.1,1001.9
126.1,111,172.1,133.4,322.8,1247,1122.9,1575
179.2,197.3,144.2,155.4,169,1082.2,455.5,442.9
120.5,79.6,77.9,68.7,649.9,927.8,1334.6,822.7
125.1,171.5,173.7,140.7,502.1,547.8,603.8,628.8
279.5,111.6,49.5,53.8,40.6,70.3,237.9,219.6
493.8,343.8,347,447.8,488.7,661.1,1099.9,1401.7
400.6,55.2,52.9,50,71.9,59.3,104.2,1458.3
191.8,71.2,70.6,73.1,84.5,73.1,87.6,196.7
81.5,73,74.3,61.4,128.4,161,165,138.8
391.5,35.3,35.7,39.6,27.2,26.3,1370.7,435.3
205.5,81.5,91.8,79.2,54.7,72.8,1202.6,408.6
86.7,96.7,92.9,89.1,429.2,415,251.2,219.1
118.4,126.2,93.7,125.7,141.1,168.6,1156.6,912.4
166.9,81.3,115,137.5,784.3,1043.2,1382.8,1836.9
155.1,173.6,150.9,213.3,885.3,766,433.5,497.2
38.2,37.8,34.9,37,61.8,886.6,515.1,318
83.8,116.2,103.7,106.7,230.2,691.7,759.3,777.6
392.9,408.2,399,142.6,155.3,146.2,125.2,367.7
235.7,213.8,268.9,604.3,879.4,1055.5,1074.9,953.3
69,63.9,179.3,238.5,819.7,1009,1323.4,1657.2
49.5,33.7,41.6,43.3,89,99.7,888.5,668.1
96.7,146.5,128.9,556.3,956.5,1398.1,1037.5,288.2
175.3,193.5,622.1,592.4,516.3,900.2,921.3,897.1
586.4,122.7,105.7,97.6,102.8,267.4,414.2,1357.5
101.3,106.3,100.8,87.9,84.2,80.3,227.3,345.6
93.8,123.7,137,130,163.3,207.3,840,1404
357.6,132,105.8,107,90,323.6,789.1,1443.7
403.9,78.5,116.4,102.3,116.9,410,578.7,902.9
499,110,117.2,138.1,139.1,215.8,625.3,1451.4
44.9,54.2,53.6,69.3,579.3,117,170,1229.9
250.1,70.7,94.6,83.5,110.7,181.6,879.1,1300.1
363,191.1,220.8,240.3,279.3,337.9,887.6,976.2
306,317.9,444.9,741.7,838.2,854.8,883.4,760.1
38.6,46.8,34.2,29.8,28.1,94.8,127,102.8
77.9,34,47.8,46.3,40,940.4,988.7,936.5
133.5,134,164.2,188.9,388,775.6,911.5,944
60.6,100.5,76.9,62.4,57.9,58.8,146.6,291.9
107.6,132.9,126.7,118.2,117,489.2,707.6,928.3
269.1,146.2,126,122.4,96.3,132.4,175.4,1040.1
124.2,79.4,87.9,63.9,63.5,382.5,480.4,450
49.1,49.3,48.3,55.6,61.7,74.2,731,525.4
118.6,84.5,111.2,100.2,118.2,512.9,674.3,1781
314.7,389,516.4,273.1,319.6,982.8,981.8,1013.6
198,199.4,161.6,357.5,947.8,1245,1697.2,758.7
256.5,130.7,123.7,49,75.9,398.5,410.2,711.5
139.9,173.5,255.7,374.7,509.4,857.3,726.4,493.9
52.4,57,54.7,61.4,479.9,427.4,320.6,722.3
295,100.4,111.3,101.4,341.2,1308.2,1367.5,934.8
261.9,210.5,254.3,240.1,298.9,315.1,294.7,592.3
136.3,130,123.5,127.2,148,506.3,1317,854.6
219,290.6,242.5,322.4,457.3,375.2,903,392.7
113.5,109,108.6,123.1,574.7,750.6,426,115.5
105.6,41,41.1,49.6,46.3,801.7,1271.3,1586.9
89.8,118,154.2,111.9,114.5,1176.9,523.8,279.7
68,80.7,89.6,76,94.8,178.8,1435.7,1191.9
145.6,183.5,170.6,162.1,344.5,960.4,882.6,654.2
155.7,145.9,167,176.7,184.5,227.1,747.2,1006.4
292.6,153.4,170,148.3,161,888.4,1225.4,612.1
597.4,120.9,101.7,117.1,115.1,232,446.4,1044.9
688.8,84.2,80.9,90,103.1,163.3,1322.2,487.3
187.6,237.8,134.2,68.9,72,88.5,97.1,72.8
563.2,428.8,186,154.4,126.4,822.2,1249.2,1432.6
457.3,127.5,171,219.9,245.3,676.8,960.4,1402.1
352.9,181.5,109.5,93.2,93.6,642.8,607.5,852.3
36.4,35.3,45.6,47.1,54,75.3,129.1,376.1
268.7,107.2,93.1,88.6,106.4,173,509.5,1124.5
198.8,107.4,157.7,220.7,229.1,163.1,181.7,146.7
261.5,129.1,139,125.5,132.8,184.8,463.2,650.7
38.8,35.3,38.6,41.9,48,331.4,942.4,426.6
255,134.3,124.2,81.9,112.3,644.4,1262.1,1455.8
550.1,269.6,328.5,471.5,620.5,852.9,841.1,721.1
296.1,290.7,573.5,557.6,433.3,544.3,1122.8,957.1
269.7,135,146.3,118,112.7,126.4,132.9,510.4
586.1,315.8,222.2,225.8,272.5,337.2,383.4,609.9
79,90.8,49.6,48.1,50.6,79.4,937.8,1755.4
10116.6,192.9,165.9,172.2,275.3,608.5,149.2,220.6
658.5,115.6,84.8,64.2,58.5,52.1,77.5,88
45.1,41.3,38.8,33.8,39.2,578.2,733.4,884
315.1,32.7,36.3,26,25.5,52.4,101,146.4
281.3,210.5,73.3,80.2,93,117.3,141,123.3
104.3,30.1,127.7,129.6,191.6,144.2,138.9,108.6
458.8,260.9,103.4,88.1,82.2,134.6,914.3,1241.9
483.2,193.6,83.7,77.2,83.3,92.8,341.8,1053.6
108.1,112.7,110.2,122.5,174.6,170.3,137.8,138.2
111.2,62.2,67.9,86,83.8,251,167.3,166.4
67.5,57.4,56.4,137,358.5,657.2,937,723.4
101.6,147.7,90.5,65.2,42.6,41.5,637.8,1798.6
561,228.9,185.6,162.5,85.6,89.2,228,259
198.3,217.2,140,106.2,88.8,112.2,92,87.6
417.2,68.2,72,60.4,66.2,78,168.6,863.6
234.7,251.9,162.4,146.3,140.3,132.1,130.2,282.6
172.8,145.2,153,153.4,123.3,209.5,157.4,144.5
362.8,265.3,116.5,107.6,193,153,137.1,338.7
270,129.8,32.1,31,30.2,26.9,27,73.9
751.1,37.4,36.1,33.6,29.4,33.7,40,48.2
520.7,283.6,347,285.1,305.3,241.3,178.6,151.6
186.2,169,166.9,83.4,95.5,91.2,88.4,128.8
307.1,320.8,31.8,36.4,34.2,33.5,52.1,109.9
286.9,106.3,112.9,96.2,198.6,615.2,489,1150.3
444.2,239,137.6,141.3,110.4,215.4,615.3,1062.2
629.8,74.8,65.6,87,86.9,136.6,838.2,908.3
259,95.7,91.1,95.6,93.8,102.4,271,1366.1
136.9,134.7,126.4,171.1,346.6,386,257.9,299.4
78.7,75.7,115.9,192.2,702.1,430.2,322,280.2
144.7,93.3,98,98.9,96.3,451.6,651.2,609.9
346,140.5,52,51.5,43.1,52.1,1396.9,1795.5
353.9,336.3,283.2,208.6,913.2,266.1,221.8,228.2
137,71.5,228.2,135.1,325.7,76.2,88.3,558
455.3,132.1,56.7,52.4,52.2,45.6,52.7,78.7
168.2,172.4,150,85.8,99.4,97.4,284.4,480
74.8,111.4,90.7,87.8,97.2,134.5,503,837
512.7,569.2,113.8,123.1,73,51.2,92.4,828.3
245.3,300.8,105.8,95.2,112.3,102.9,121.8,134.5
344.1,77.8,80.9,85.9,78.8,81.7,103.6,432.3
522.5,616,754.9,671.9,705,778,815.9,797.4
176.8,133.5,143.5,53.8,47.2,59.8,81.3,499
468.5,160,91.5,88,88.3,103,162.2,546.6
464.7,64,71.7,62.2,87.1,168.2,355.7,205.6
357.7,238.3,277.6,305.3,312.6,326.1,562.3,731.8
47.6,46,64.1,497.3,558.9,605.7,415.2,443.5
155.1,145.5,154.1,114.1,105.3,226,245.2,207.3
219,100.5,97.7,110.4,90.6,90.4,93.2,99.5
423.7,328.9,273.2,256.7,249.3,306.7,362.4,741.1
237.5,148.2,108.9,100.8,96.7,90.5,171.3,394.4
144.7,247.2,117.4,139,111.3,126.9,256.5,370.4
245.9,103.7,78.4,80.9,74.3,119.2,278.8,770.5
590.6,47.6,49.1,55.4,43.3,42.2,91.9,193.9
358.1,56,41.8,41.3,45.8,53.9,70,1213.8
163.6,159.8,158.6,120.1,97.1,110.5,770.6,977.1
89.6,17.3,16.7,16.4,17.3,27,620.6,77.8
474.6,264.4,176.5,273.3,358.8,441.5,613.3,686.2
475.3,261.8,113.8,107.8,108.8,139.7,268.9,522.9
399.4,285.3,124,109.3,91.3,107.6,208.9,899.5
227.6,303,253.1,264.5,261.7,170.6,168.6,145.1
274.8,117,177.8,141.9,110.4,330.3,281.9,163.6
349.6,51.9,63,63.8,57.5,40.8,71.5,125.4
453.3,301.5,150.1,153.1,145.9,156.4,288.6,493.3
520.7,73.9,62.9,64.6,55.1,58.4,137.7,409.2
127.8,163.4,40.8,35.8,33.7,53,298.7,510.2
257.7,138.9,125.7,120.6,99.4,98,325.8,456.5
344.8,116.7,124.4,89.6,61,81.5,1007.3,583.8
287.4,94.4,94.7,90,86.2,117.4,300,390.5
342.1,60.9,56.5,57.1,54.1,51.6,1476.1,302.9
112.9,63,62.9,53.7,68.1,511.8,956.9,565
162.2,136.7,104.2,64.6,66.9,64.6,75.7,540
599.6,629.8,318.5,318.7,462.2,542.5,458.5,458.7
292.2,76.3,91.5,86.8,88.3,487.2,561.1,621.5
477.4,222,70.8,101.6,84.4,85.7,84.8,86.8
47.4,56.7,74,98.9,89.8,78.2,95.8,118.9
217.4,82.6,76.8,64.8,63.6,94.1,91.7,116.5
397.9,107.3,47.8,49.6,46.2,52.1,85.6,753.9
546.2,60.1,63.6,57.9,77,93.1,151.2,362.4
72.8,88.8,92.3,113.4,221.7,666,833.6,561.3
10092.7,10085.3,71.6,76.1,526.4,514.2,608.4,831
297.4,115.4,75.7,82,77.6,99.2,136.1,571.9
90.4,28.9,30.1,35.3,46,59.3,944.6,622.3
439.9,204.7,208.5,201.4,212.1,407.6,754.3,908.4
437.4,478.6,211,180.9,556.3,490.6,975,833.7
466.9,413.6,653.9,722.4,784.6,723.3,1369.7,914.3
72.5,73.2,74.1,64.8,92.6,399.4,481.6,694.3
10139,258.6,291.2,201.7,192.3,373.5,688.1,431.9
109.3,713.8,124.9,147.2,290.2,563,342.2,498.4
84.9,92.5,97.3,102.3,100.9,125.4,1377.2,163.2
384.1,127.2,166,144,130.8,676.3,765.4,757
84.7,82.4,101.4,112.7,114.4,114.2,164.1,221.6
444.9,435.9,202.9,212.6,270,168.6,210.1,217
410,94.5,88.6,90,101.6,82.6,119.3,310.6
484.6,238.1,118.3,102.2,105.1,107.4,105.8,832.7
179.4,80.4,79.5,82.2,82.1,81.1,80,133.2
60.2,38.5,37.5,221.9,292,316.8,69.2,67.7
490.1,75.8,84.4,83.3,83,129.1,841.5,675.6
263.4,248,194.2,174.8,172.5,71.9,203.4,348.3
254.4,203.2,296.1,50.5,55,68.2,75.1,77.2
10716.5,91.1,96.9,136.7,141.9,312,317.6,896.5
242.2,224.4,128.4,127.5,126.5,123,119,424.7
498.3,77.4,59.5,48.6,44.2,57.2,63.9,531.8
261.6,158,153.6,167.5,169.5,208.5,354.3,491.9
86.9,123.7,64.3,67.3,68.1,67.6,68,72.5
228.3,229.9,214.7,225.4,214.5,221.5,175,337.6
156.3,133.6,148.3,138.9,115.9,92,98.4,112
54.6,54.3,59.3,52.2,44,56.2,69.3,62.3
368.1,100.3,116,136,203.1,217.2,382.7,718.2
115.4,271.3,190.7,265.7,379.5,229.2,999.3,752
558.7,414.2,118.1,166.1,145.4,254.9,339.2,306.7
476.5,332.4,125.4,112,126.3,132.8,215.7,303.8
80.8,73.6,113.6,61.2,47.1,54.1,43.2,40.7
109,90.9,66.6,160.4,359.7,411.7,178.8,230.2
65.8,77.6,109.2,104.7,73.4,80.4,100.9,215.6
144.4,212.8,364.3,588.9,877.5,1206.5,1072.9,1139.9
480.5,434.8,254.7,432,440.9,508.2,655.5,533.6
224.5,220.1,225.2,226.5,249.7,636.2,596.8,515
91.7,97.9,105.8,106.8,318.1,745.5,1014.5,1038.3
75.1,73.6,67.7,74.4,78.9,87.9,301.7,896.5
221.4,158.7,160.5,162,149,267.9,375.7,337.4
36.4,23.1,27.2,22.6,20.3,49,632.5,613.7
168.3,140,164.3,278.1,488.9,571.1,782.5,687.1
261.6,413.1,270.7,226.9,191.2,168.2,148.3,647.7
114.2,93.8,78.6,83.4,79.5,83,90.8,110.6
328.7,143.9,151.9,163.8,559.4,786.4,1504.3,1575.9
267.1,84.8,86,103.9,168.1,194.7,281.9,301
61.1,62.3,149,135.5,113.5,140.5,179.5,287.6
268.6,164.4,90.9,126.3,122.4,125.7,118.4,197.6
205.3,48.9,50.1,52.2,67.2,324.6,684.8,1006.8
436.2,341.4,251.2,377.6,441.9,490.1,652.8,709.5
272,374.9,643.1,659,591.4,574.1,596.8,527.6
119.5,124.1,130.5,117.9,99,96,122.5,254.6
125.8,127,153,178.1,151.5,140.9,112.5,211.7
92.2,84.2,99.7,115.5,139.5,232.5,317.8,264.2
450,91.7,160.8,94.1,90.9,388.3,916.4,985.2
58,50.1,53.4,65.3,105.2,290,192.8,515.7
89.5,102.2,249,95.9,102.5,93.5,97.1,261.5
346.9,305.7,330.2,457.3,639.2,795.8,755.6,1085.3
105.9,108.1,108.7,99.7,94,100.3,320.2,1452.7
108.9,70.9,80.7,66.8,71.4,80.1,293.1,408.5
110.2,110.9,109.4,116.5,129.9,121.8,126.6,316.1
68.8,68.9,66.7,84.8,96.3,735.8,906.4,362
183,137,137.9,306.2,308.7,340.3,383.8,410.9
324,131,223.1,202.7,124.2,156.5,118.6,99.9
60.6,153.4,123.8,53.3,49.9,331.7,684.1,1123.5
66.4,47.1,231.5,66.6,60.5,65.9,64.9,77.9
119.4,125.2,116.7,124.1,129.6,163.3,267.1,480.5
257.4,173.6,122,144.6,156.1,421.4,1073.1,1078.1
349.6,256.5,124.4,94.5,106.6,93.9,199.4,180.2
471.5,256.8,176.2,170,187.7,345.8,538.4,806.2
300.5,242.1,272.2,180.1,161.9,217,282.8,317.3
167.9,293.8,226.7,156,407,344.2,411,229.9
281.4,241.3,73.8,85.8,114.4,176.2,479.8,1117.1
468.7,156.7,376.3,144.5,103.5,114.2,124.1,157.1
129,119.5,95,80.3,92.9,116.4,111.3,117.5
288.9,429.2,365.7,124,123.5,109.4,142.2,141.6
79,85.4,91.8,111.7,134.2,422.9,986.1,836.1
94.7,104,93.5,114.5,172.3,183.7,187.3,226.7
32.2,35.7,72,37.9,37.8,47.9,43.4,42.1
139.8,74.2,85.6,100,111.3,135.2,511.8,809.4
156,109.1,319.1,172.7,92.9,85.4,86.6,129.5
428,412.8,269.1,166.9,196,248.8,320.4,237.7
782.1,56.6,114.7,356.3,667,937.3,806.9,569.9
138.3,133.2,147.6,173.7,572.7,604,547,534.1
124.3,125.1,162.2,167.1,196.6,187.2,242.9,461.5
152.4,129.9,186.1,196.4,142.4,113.8,108,96.8
130.8,130.1,150.7,151.3,191.2,281.3,315.2,219
301.3,261.6,198,116.2,111.4,108,103.7,111.1
372.9,588.9,125.4,56.7,66.7,64.8,59.5,53
92.4,91.5,92.5,105.9,127.5,206.1,383.2,181.4
72.5,70,65.8,68.5,87.2,82.9,88.4,102.3
162,62.6,95.4,168.7,71.4,73.7,86.8,115.8
111.1,112.7,93.2,113.7,401.9,338.9,767.7,644.7
40.4,35.9,42,58.2,61.5,535.4,446.6,390.1
126,198.8,196.1,71.3,86.8,761.1,485,738.2
83.1,157.9,232.7,244.1,184.4,324,646.3,362.6
71.2,58.7,73.3,78.5,216.1,517.1,787.2,767.6
200.8,207.9,192,214,215.4,267.8,412.8,367.9
578.9,503.3,455.5,304.5,271.7,308.5,664.4,877.7
415.7,445.3,431,229.3,196.5,303.5,332.4,387
401.6,325.6,42.8,78.1,210.5,288.8,177.8,87.8
10075,40.4,43.3,27.6,20.7,38.7,774.6,205.6
464.6,420.9,349.8,402.3,609.3,334.8,299.2,207.2
45.2,47.1,86.3,66.1,108.8,400,433.3,773.7
77.4,66.6,95.8,196.2,170,98.3,162.8,268.2
552.9,82.4,75.9,227.1,256,324.4,305.6,301.7
417.2,407.7,119.6,247,147.7,319.2,82.2,86.8
465.9,368.5,196.8,653.7,427.7,66.9,70.5,52.2
490.4,96.3,94.5,122.9,105.5,153,310.5,222.3
48.1,87.6,53.7,53,58.3,62.1,989.3,132.3
530.2,116.2,143.6,240.3,203.3,693.2,677.5,660.5
90,64.7,69.1,38.9,201.1,453,301,174.8
349.3,94.3,95.3,103.6,100.3,366.4,824.8,527.2
390.8,168.8,499,479.1,181,478.9,515.2,650.5
10126,546.9,224.2,275.9,584,277.3,270,199.1
10504.2,240.8,48,232.1,87.4,100.5,91.6,264.6
214.1,97.8,220.4,227.5,252.4,444.1,547.7,488.6
147.4,96.4,121.3,135.9,147.7,276.2,209.4,357.9
10571.2,46.2,81.4,83,52.3,389.5,186.5,69.7
398.3,202.3,208.4,222.5,284.7,600,674.1,890.1
237,105.4,136.2,145.2,564,335.5,570.8,158
468.5,45,75.7,73.8,100.1,128.6,121.8,370.8
10393.7,40.3,51.7,103.7,115.5,124.3,343.4,226.9
468.3,74.2,107.5,157.9,140,356.8,303.5,297.4
59.9,52,128.5,428.8,402.7,322.3,389,419.4
792.7,54.9,62.7,87,52.3,76.3,121.3,523.1
145.1,143.9,194.1,200.7,316.1,641.9,317.7,385.7
298.2,54.1,66.1,77.7,88.6,202.1,321.4,331.1
147.5,70.6,71.1,55.5,74.2,152.5,184.6,338.8
241.5,118,169.5,209.9,801.9,634.3,623.1,633
490.2,119.5,130.4,310.2,262.2,476.2,250.7,229.4
349.8,318,312.4,554.1,821.5,1268.7,764.6,259.4
101.5,122.6,153.3,156.1,216.7,282.8,398.4,591.5
162.6,89.4,260.1,255.4,348.5,335.5,323.4,230.2
10569.7,60.9,66,83.3,99.3,116.6,95.7,134.8
83.2,69.7,63.2,50.5,76.8,98.8,112.8,57.7
277.7,306.4,388.5,279.8,209.6,243.3,298.8,351.7
102.2,153.6,75,81.1,63.1,65.7,133.2,260.5
72.8,73.1,83.3,104.1,112.7,291.6,217.9,226.1
635.8,712.4,668.7,434.8,377.1,469.5,665.8,603.3
652.1,67.4,74,106.5,112.7,144.4,133.2,209
66.3,52.9,61.8,77.9,141.8,210.4,238.9,356.2
780,56.1,57.5,89.2,75.4,277.2,350.5,256.3
254.3,156.9,349.5,364.3,521.2,700.1,780.6,834.9
480,418.3,616.1,702.7,764.1,1024.8,814.9,553.3
10407.8,311.6,359.2,350.6,508.8,71.1,80.7,117.9
233.1,115.4,119.7,126.8,131.1,126,131.4,677.1
397.8,351.4,275.1,428.3,415,337.4,355,205.4
768.6,74.1,67.4,92,100.9,922.4,837.8,527.6
509.9,704.4,78.8,91.5,56.4,53.1,77,762.6
10223.4,149,10143.1,10147.2,519.5,265.9,446.5,663.1
373.4,79,102.3,129.6,117.8,135.7,169.7,565.6
33,29.1,44,46.2,41.6,101.6,188.2,469
410.7,53.8,90.2,82.2,66.8,129.3,249.9,769
54,42.9,65.5,57.9,151.9,272,372.2,522.4
81,272.8,600.4,542,486.3,1102.2,1231.8,1112.1
521.6,152.5,147.8,154.2,224.9,280.6,338.8,884
400.9,286.1,235.1,114,72.2,94.2,122.7,141
368.8,445.4,213.8,547.1,1023.1,755,400.9,255.8
10408.7,76.5,129.9,155.4,211.2,189.9,308.2,312.6
251.5,185.7,212.3,202.4,503.3,619.4,517.7,149.3
578.2,288.1,77.2,73.4,80.5,55.9,56.1,61.6
284,225.8,243,264.3,231.8,306.2,412.6,537.8
96.9,109.6,106.2,95.7,77.1,104.1,843.1,788.6
10032.3,10038,10038.6,10042.8,10231.7,569,401.8,190
473.6,333.4,72.8,119.5,94.2,113.4,402.8,179.3
56.9,41,38.9,59.5,61.4,60.9,61.5,127.7
196.3,57,72.8,54.8,52.4,73,714.8,673.7
379.9,122.8,130.5,117.8,75.8,538.2,1078.4,663.5
32.3,60.6,55.1,100.5,241.7,348.6,505.9,518.8
119.3,129.9,163.9,164,142.1,408.6,308.4,281.1
401.6,311.4,225.3,193.8,440.1,340.3,420.2,243.1
497.3,183,81.9,96.6,621.7,717.8,591,294.2
10609.2,76.4,84.6,80.7,88.8,141.4,278.5,329.5
32.4,29.7,50.8,79.9,54.1,49,46,276.2
222.3,82.8,124.4,131,615.9,566.2,1177.7,1024.2
150.1,137.4,171.2,191.4,196.3,201.9,402.6,506.8
186.1,138.9,201.2,211.9,160,291.2,389,407.6
10689.1,126.4,138,175.2,146.7,173.6,252.2,192.3
85.1,97.6,90,68.4,71.7,127.1,454.1,190.5
666,83.9,81.3,116.9,198.3,225.5,255,348.1
572.6,97,88.9,112.1,353.8,292.3,329.9,153.9
195.5,64.1,69,64.5,78.9,83.6,95,190.1
10100.8,10061.2,57.6,55.8,48.3,55.6,624.6,623.4
130,116.1,186.9,294.7,393.5,445.4,620.5,553
294.5,164.4,168.6,54.8,60.2,46.3,65.8,96.3
155.1,172.6,142.1,123.2,132.2,261.5,340.1,322.8
408.2,103.4,300.8,164.5,716.5,667.5,980.3,480.7
854.7,602.4,621.4,873.1,975.2,816,316.4,317
365.8,93,115.2,138.9,164,365.8,817.8,500.3
10361.1,21.8,31.3,40.2,37.6,48.2,124.4,186.2
61.3,60.3,58.7,436.1,489.3,488.4,98.7,106.5
175.9,151.7,232.6,473,140.5,174.4,152.5,143.6
392.8,142.6,90.3,80.8,95.9,158.3,187.1,568.6
516.6,611.3,132.8,94.5,92.1,109.3,129.8,192.5
130.2,71.8,119.5,270,262,92,117.3,97.8
18.7,22,30.6,40.8,39.4,60,63.1,75.6
49.9,59.8,112.6,154.8,138.7,104.4,462.7,508.2
948.5,113.5,114,145.9,105.4,152.4,160.9,186.4
483.8,147.9,126.6,188.9,405.6,471.1,453.4,529.8
317.1,71.5,88.8,74.7,75.9,160.6,333.8,162.8
10104.7,113.6,362,306.8,408.4,488.9,814.1,358.1
10096.2,10095.3,134.5,286.1,270.2,139.3,278.7,358.2
616.5,140.2,310.1,244.1,128.5,117.8,119.6,143.4
723.9,795.8,80.3,138.9,168.6,191.2,540.1,176.3
208.5,158.4,153.4,184.3,140.1,260,544.5,485.1
437.9,229.4,72.5,95.2,108.9,114.2,179.5,505.9
87.3,90.5,96.7,142,135.1,143.1,199.6,316.3
569,607.8,202.8,83.2,124.2,145.6,155.8,392.3
96.7,71.5,69.9,76.1,100.8,103.9,100.7,134.1
149.1,135.3,193,192,154.2,151.7,206.3,208
751.6,349.9,97.1,99.5,111,84.1,112.2,239.3
504.9,871.2,63.5,64.1,83.9,67,107.4,396.8
176.3,118.8,621.3,648.3,503.7,266.7,561.8,1023.5
466.8,88.1,471.4,182,501.7,710,735.5,872.1
88.1,92.3,111.4,109.5,298.5,697.4,790.3,879.6
22.7,19.6,29,46.4,44.2,45.2,96.3,474.4
448.7,490.2,99,107.6,99.1,116.3,136,180.1
144.2,100.7,128.8,386.6,1049.8,942.6,762.3,558.2
10445.8,141.9,75.4,81.4,106.4,136.9,191.4,338.6
66.3,500.5,37.6,34,53.8,47.3,31.1,38.9
10255.9,474.8,692.6,844.2,873.2,1057.3,692.8,448.2
54.8,88.9,99.4,166.9,184.4,244.6,252.7,599.9
42.5,21.7,18.4,16.8,29.2,32.5,34.6,36.4
453.8,402.8,115.9,143.4,171.1,149.9,171.6,261.4
34.1,38.9,90.6,79.8,129.5,49.4,66.2,64
422.7,114,48.3,163.5,65.1,49.3,71.4,79.5
94.9,200.9,197.1,362.3,384.6,305.1,221.3,187.8
362.8,417.7,95.3,93.9,114.5,110.3,118.9,264.9
560.4,261.8,326.9,401.2,524.5,812.6,870.9,1158.2
281.1,10553,317.2,136.8,127.2,118.8,158,340.5
533.6,136.1,289.1,249.5,374.1,708.5,995.1,998.6
732.3,482.4,175.2,268.5,370.3,649.2,757,1298.1
74.3,87.3,152.5,177.3,333.1,354.7,287.1,247.5
279.6,65.9,72.8,105.2,107.2,143.2,268.5,667.1
498.3,700.6,503.3,530.9,614,666.8,730.5,645.4
138.4,149.1,147.8,164.1,510.6,637.5,374.8,452.8
184.6,46.9,49,68.1,57.4,71.9,114,140.7
86.5,82.6,71.9,71.1,74.8,96.2,125.1,165.6
302.1,525.8,264.7,183.6,163.1,746.2,648.5,727.2
252.5,222.2,379,451.4,611.5,1000.9,493.9,189.1
92.3,52.8,94.4,429.5,450.4,332.2,241.6,500.3
762.4,108.1,116.5,142.9,140.2,162.1,217.2,270.3
356.4,35,40.6,53.9,45.8,39,52.8,61.3
83.3,89.4,94.3,112.9,115.7,349.7,751.7,672
399.6,278.4,153.3,101.7,84.9,69.7,113.4,327.3
217.2,42.1,42.5,67.3,94.9,88.3,204.1,356.3
132.9,141.7,172,153.7,704.8,751.5,917.3,822.4
10572.7,86.9,125,105.6,126.7,204.1,213.4,181.6
10335.4,80.9,79.1,92.9,98.3,98.2,112.5,113.4
230.3,216.6,190.7,135.1,122,117.3,722.5,889.3
327.2,10724.9,43.5,40,35.2,54.5,53.6,273.2
498.4,760.6,73.3,218.1,151.6,190.6,313.5,274.7
86.7,93.1,116.2,111.4,471.7,538.5,381.1,368.6
302,264.4,200.2,320.2,221.2,751.9,692.1,641.9
381.9,58,62.1,67.3,73.6,68.6,70.2,126.6
321.4,448.8,284.6,274.1,291.7,299.5,285.1,287.3
10165.7,10142.3,162,170.3,136.6,147.9,283.2,627.8
298.8,782.2,57.4,48.4,122.6,107.6,123.6,294.4
394.3,317.1,110.4,91,111.7,131.4,229.6,327.9
525.9,419.6,533.7,202.1,287.6,217.4,253.7,241.8
449.4,285.9,136.1,201.5,273.6,334.7,313.3,279.2
682.9,108.6,84.6,117.9,105,126.4,143.5,197.1
180,232.9,170.6,173.7,176.1,189.9,324.8,905.5
448.9,467,284.9,119.3,124.6,121.8,139.2,241.6
103.4,121.7,257.1,116.8,119,141,126.4,161.9
232.3,69.3,433.6,76.8,92,509.3,1073.1,1149.4
491.4,497.3,238.3,248.4,246.5,484.4,1034.9,1555.1
10418.4,10842.1,81,98.2,114.2,113.2,111.9,351.3
114,377.9,92.1,90.6,106.3,102.7,107.2,134.9
157.7,188.3,196,209,263.3,212.9,173.6,434.6
74.7,47.6,47.4,44.7,52.3,51.1,73.2,64.5
88.2,145.1,523.3,48.1,46.2,45.2,77.2,57.7
54,55.3,66.4,70.7,53.9,39.3,169,168.3
178.7,122.9,209.6,384.8,694.8,1136.8,521.5,429.1
157.6,108.1,176.4,121.2,476.2,126,131.7,152.9
10553.2,325.1,38.6,19.7,20.9,22.9,33.7,489.2
10269.9,268.5,328.7,299.1,353.2,454.2,468.1,422.8
247.4,117.6,164.7,166.9,133.2,150,152.8,986.3
566.5,330,235.4,257.2,370.2,460.2,378.7,683.5
69.1,251.1,286.5,119.2,141.5,168.9,153.6,387.2
478.6,705.4,86.6,52,67.6,669.9,1377.8,261
489.2,444,163,268.4,270.8,496.5,638.6,1049.9
427.1,527.3,494,842.9,860.2,314.1,209.7,182.9
704,337.2,71.8,58.2,63.6,75.4,89.9,92.3
186.4,156.4,176.4,89.8,69.6,96,616.6,1480.6
26,91.5,20.1,22.6,18.4,20.7,31.7,981.3
167.3,624.6,232,64.8,55,57.1,85.7,602.6
161,97.6,413,30.7,32.1,31.2,33,49.1
635.2,251.6,300.5,55.8,534,906.8,819,655.9
164.5,93.8,65.7,73.9,66.9,57.5,156.1,539.2
102,237.6,189.9,145.6,83,76.6,110.5,483
324.3,318.3,90.3,97.3,97.4,88.4,791.5,1726.5
384.7,875.2,85.6,96.5,162.8,273.8,554.6,413.4
377.1,350.3,234.5,124,84.9,60.1,123.3,176
656,540.9,342.9,205.2,602.9,560.7,517.8,756.1
136.2,136.7,163.7,275,239,193.9,171,311.3
160,187.8,89.7,86,94.1,85.8,80.2,86.4
203.5,57.6,53.5,46.6,863.6,1215.2,888.8,217.2
628.3,505.3,594.9,637.3,319.4,138.2,142.4,329.7
232.9,135.1,100.1,110.7,298,591.7,714,1239.6
353.5,75.8,88.9,212.4,114,108.4,129.8,449.5
457,52.9,45.6,39,46.4,46.6,48.8,1896.5
201.7,190.9,196.7,213.8,180.3,177.2,178.6,217.9
289,56.6,43.7,48.5,38.6,39.4,37.9,41.7
395.1,106.6,107.3,87,68.8,63.3,74.6,714.1
481.2,677.1,720,608.6,223.4,1151.6,1256.7,1257.7
394,65.6,66.5,62.4,517,1001.9,712.1,282.5
589,254.9,58,56.2,347.9,1822.9,750.3,614.3
238.6,188.2,312.8,183.2,175.7,164.2,153.2,843.2
217.5,617.3,51.4,61.6,61.1,77,110.4,157.8
344.1,188.1,145.7,321.9,732.6,1165.9,1019.8,773.8
511.3,308.9,147.9,149.6,127.6,118.7,138.8,169.2
590.4,55.4,54.5,45.6,60.1,1040.2,899.9,438.3
828.8,194.5,181.1,105,937.7,819,924.2,1066.7
573.9,763.7,951.4,1085.1,948.4,1189.7,1414.9,1767.1
76.3,90.4,91.5,441.2,838.1,887.5,914.9,932.3
452.1,59.2,64.5,70.1,63.6,65.5,79.4,835.5
409.6,511.8,472.8,117.4,121.2,726.7,1030.3,1255.1
91.6,97.2,82.8,78.8,731,143.2,213.8,173.7
325.1,460.9,639.2,687.6,321.7,306,298.7,498.4
176.7,186.1,175.1,148.9,140.3,135.7,343.8,453.6
769.7,455.3,98.7,100.2,85.2,100.5,572.2,1061.6
456.9,95.5,158.6,149.6,213.8,456.9,545.2,681.4
632.9,436.8,537.7,468.9,348.3,513.7,322.8,629.3
184.2,595.6,11037,100.8,143.9,154.3,387.8,794.8
563.4,730.3,547.2,152.2,218.5,168,321.3,352.5
309,619.5,357.8,231.6,168.9,491.7,1502,1066.8
482.9,391.3,232.3,77.5,79.7,80.8,82,93.3
598,563.3,394.9,297.9,273.8,472.5,918,1043.8
416.9,490.8,173.2,306.4,208.9,233.7,294.1,332.9
502.5,464.4,374.8,175.6,101.3,100,137.2,170.7
246.3,197,171.7,113.1,545.5,1432.6,890.5,257.1
237.3,411,253.2,240.2,318.8,406.5,567.3,930.6
306.2,311.6,116.1,119.2,136.8,121.5,456.8,823.3
165.8,105.5,96.8,90.3,87.4,404.7,280.7,181.9
502.4,91.5,96.7,84.4,77,84.7,113.4,1022.3
522,106.3,82.1,70.2,86,91.8,677,1023.7
167.3,184.3,192.5,179.6,658.2,688.1,868.2,823.6
376.4,580.1,457.2,487.2,590.8,623,659.9,995.5
331.9,583.6,213,272,231.5,209.2,330.3,336.3
203.6,45.9,60.3,74,77.1,103.5,1418.8,1500.8
106.4,433.9,317.8,138.9,134.1,327,536,1154.3
426.6,575,379.7,328.8,539.4,726.9,819.1,1113.1
887.8,816.2,184.6,1225.2,486.2,1018.1,558.9,213.5
560.5,257.1,279.2,257.9,346.6,564,1091.5,1110.5
261.5,237,67.5,64.8,71.9,81.1,817.4,786.3
444.8,330.7,284,200.4,219.7,625.2,804.4,1030.9
678.4,670.3,190.9,72.3,76.7,228.9,561.9,962
417.6,158.1,77.9,83,87.2,75.5,1338.1,1793.9
785.3,526.2,314.9,49.8,56.1,73,50.6,527.8
191,130.2,115.2,101.4,90.1,77.9,77.4,581.2
328.7,66.1,75,69.1,68.4,129.6,510.3,818.7
166.8,199.2,194.5,245.4,224.1,119,111.9,120.2
864.8,63.7,140.1,94.1,89.3,95.6,901.2,1647.1
265.6,609.2,411.2,210.6,102.1,89.2,100.6,306.5
147.8,314.2,479.7,505.5,101,93.1,94.6,90.9
480.7,261.7,95.3,50.4,46.8,1008.5,863.5,164.1
782.5,556,712.9,676.1,775.5,705,658.5,1026.3
403.7,435.5,156,174,187.3,619.9,617,863.9
332.1,198.1,70.1,67.9,77.4,97.8,933.6,1669.1
92,84.3,140.8,188.6,1025.1,1022.8,790.3,671.8
154.2,580.4,76.5,58.2,57.4,68.9,1457.2,1728.8
421.8,184,171.7,276.6,266.7,626.3,220.6,161
536.5,63.9,51.1,35.3,43.2,44.6,45,1053.8
79.4,169.7,66.1,62.9,58.3,73,66.8,75.4
10053.8,47.2,40.8,100.9,235.7,1073.7,910.4,691.6
396.3,94,94.5,91.2,92.2,76.8,176.9,1593.1
584.1,275.5,165,90.2,106.5,107.9,119.6,235.4
452.8,10485,481.8,299.2,180.5,196.8,196,747.9
154.5,664.4,536.5,93.8,995.9,1062.7,918.2,748.4
797.5,1041,767.6,597.8,799.1,831.2,868.7,935.2
238.7,230.4,443.1,148,137.2,125.2,129.7,160.2
298.4,61.5,65.8,69.4,78.8,227.2,491.5,247.1
42.2,42.6,47,49.6,553,301.6,99.8,118.3
108,58.1,58.1,62.4,80.3,156,114,126.9
42,48.1,49.3,53.3,53.6,76.1,365.7,134
51.8,62.5,51.9,59.6,183,407.2,292.9,149.5
50.4,51.8,55.1,61.2,114.2,113.5,248.8,161.9
321,25.3,23.6,38.1,33.3,46.1,41.6,42.4
21.6,18.6,19.7,21.8,31,51.9,172,786.9
140.7,71.7,78.7,75.5,86,106.3,249.4,703.4
265.9,297,115.7,106,93.8,110.4,627.5,540.6
320.5,125.6,130.2,155.3,129.4,110.8,171.1,578.1
118.8,131.7,122.8,133.3,160.4,937.4,282,239.8
32.2,25.3,28.4,31.6,43.2,507.9,48.3,152
308.8,86.3,85.3,71.7,318.6,325.9,715.5,965.6
400.7,33.3,37.3,33,38,32.1,61,72.1
68.7,69.5,88.9,120.6,94.7,108.2,320.1,467
175.5,180.5,180.9,242.6,148.3,169.4,1095.4,414.6
150.6,90.5,109.5,117.5,119.2,109.6,693.7,123.2
171,120.4,224.5,242.7,256.9,169.9,397.7,223.5
284.7,63,57.6,73.8,82.6,113.8,130,136.6
66.2,92.4,109.6,119,280.9,337,329.1,473.6
58.5,48.8,55,79.9,73,59.7,122.1,124.3
67.5,57.7,182.8,135.7,278.5,322.6,402.2,311.9
41.2,32.6,32.8,69.2,39,55.8,96.1,222.4
264.1,251.3,235.2,248.9,243.8,281.8,337.7,200.8
310.5,288.6,300.3,289,337.6,429.3,475.4,685.7
37.2,32.5,38.9,47.7,31.8,19.7,47.2,68.5
344.4,106.8,109.3,112.8,109,239.2,775.1,351.4
197.4,58.5,211.4,158.2,130.8,169.9,512.9,626.5
129.7,134.1,144.6,151.5,157.5,217.3,708.9,441.5
84.3,91.9,94.1,93.5,102.9,120.8,249.1,103
44.9,43.4,43.3,68.6,210.3,765.4,696.9,987.5
551.9,177.8,184.3,194.9,229.7,252.6,707.4,620.4
46.8,47.2,48.6,201.9,226.4,191.8,653.5,152.1
184.8,152.4,125,136.2,198.3,357.9,313.6,297.6
261.8,63.8,67.5,50.3,48.2,76.2,630.8,164
559.4,289.9,408.4,340.4,392.8,422.4,502.2,811.1
82.3,86.9,56.7,57.8,109,107.7,151.2,916.1
420.6,333.3,425.8,416.7,392.5,290.7,290,245
95.8,85.8,80.6,73.9,79.6,83.3,247.8,575
510.6,369.2,95.3,85.7,84.5,84.5,104.6,162.4
396.9,93.2,85.4,85.9,88.9,128.6,169.8,184
795.8,194.6,156.4,143.5,143.3,170,295.5,270.3
220.1,120.1,120.6,137.6,140.2,190.5,566.6,632.5
194.5,163,127.9,165.1,171.5,208.9,426.5,549.3
615.5,98.3,81.7,119.6,118,117.9,548.2,357.2
319.3,340.2,300.2,286.8,279.2,311.1,352.2,739.9
113.5,119,153.4,394.9,459.5,548.1,947.3,1119.9
67.1,126,51.9,44.7,46.2,51.7,82.5,127.8
516.8,137.9,143.3,122.2,153,158.2,201.3,200.5
466,70.9,64.1,66.9,73.1,87.1,96,282.6
91.5,57.3,63.4,76.4,267.3,1287.3,213.6,226.4
10505.5,243.4,327.7,406.8,390.8,650.4,905.1,320
879,70.3,66.8,92,78.2,137.2,137.7,225.6
431.5,393.5,63,82.4,122.3,134.8,412.8,789.5
187.4,111,103.6,81.6,92.8,83.1,151,222.7
443.4,75.5,78.2,193.7,182.7,475.9,317.2,224.2
354.6,330,238.8,252.2,264.8,545.4,781.9,513.9
95.5,63.7,51.1,54.7,53.5,55.1,211.4,726.7
118.1,123.3,138.6,179.3,611.9,712.5,1008.8,694.5
699.2,403.2,175.6,211.2,193.4,222.2,214.8,178.3
50.6,44.4,49,41.5,41.6,40.7,213.8,381.8
119.3,94,96.2,111.4,111.1,112.9,197,605.8
327.9,212.8,194,178.4,166.6,306.9,331.5,556.1
56.4,49.1,71,419.1,542.7,738.3,909.8,241.5
335,484,317.8,99.7,111.6,160.8,159.2,279.9
183.9,29.4,32.6,32.7,43.4,47.7,42.9,110.1
282.1,219,244,274.6,263.4,260.9,532.3,441.1
67.4,77.4,81.2,211.8,351.9,619.1,1095.4,477.8
60.6,53.2,55.8,122.8,52.9,701.2,691.3,88.6
31.2,35.2,35.9,40.5,61,75.6,60.7,74
84.7,65.7,62.5,60.8,324.9,286.4,638.2,860
477.9,218.3,187.7,199.4,196.2,194.4,343.1,901.4
660,100.8,98.1,88.7,115.6,95.5,161.9,173.4
70.2,93.5,99.4,111.5,89.2,185.4,83.6,162.6
398.3,270.1,219.5,241.2,234.4,208.5,306.5,526.4
351.4,71.9,77.5,67.5,58.9,72.4,131,742.7
162,63.6,50.8,52.6,42.3,45.3,717.7,158.2
323.2,200.8,191.4,204,230.7,270.3,288.5,694.1
128,87.5,93,88.1,91.2,108.2,226.1,485.2
316.4,381.6,298.1,321.2,279.8,513.6,761.3,594.4
157.4,143.8,158.1,177,299,429.7,847.8,569.2
362,150.8,139.9,147.7,138.9,154.3,241.5,178.7
66.9,64.8,280.8,200.2,83,1035.1,268.1,669.4
913.1,55,58.6,61.8,60.8,89.5,149,221
158.2,39.5,48.5,68.4,87.1,108.7,84.6,120.1
360.4,347.2,303.6,198.5,149.8,170.4,139.4,119.2
34.8,36.6,36.6,35.2,35.3,25.9,552.5,286.3
571.7,52.6,50.5,61.1,81.3,99.3,82.7,243.2
16.5,16.4,21.6,26.5,29.7,84.8,422.1,1076.6
145.5,155.3,127.8,133.5,317,657.6,1094.3,1124.6
86.6,94.6,120.7,124.5,145.4,552.6,524.4,494
472.8,471.7,222.5,209.5,243.6,291.7,397,380.2
133.5,124.2,126,113.1,223.9,922.3,480.3,773.5
