a1,a2,a3,a4,a5,a6,a7,a8
1953.4,2314,2658.3,2664.6,2669.6,2701.4,2767.3,2972.2
2514.1,2630,2702,2725.2,2736.9,2801.9,2876.5,2962.3
2170.4,2304.5,2395.6,2546.6,2778.2,3057.6,3242.5,3464
2256.8,2342.5,2351.6,2380,2287.9,2335.8,2663.8,2616.2
2011.2,2029.8,2054.9,2076.3,2140.7,2134.1,2160.3,2372.9
2366.8,2381.3,2414.3,2429.2,2436.7,2573.3,3158.9,3607.3
2253.9,2263.6,2276.2,2282.2,2294.5,2314.7,2673.4,3605.8
2314.9,2430.5,2707,2784,2798.6,2820.9,2861.7,2896.2
2245.2,1916.3,2403.7,2903.7,2922.4,2915.3,2919.3,3008.8
2713.6,2700.9,2720.5,2738,2744.2,2792,2839,2913.2
2673.9,2695.1,2711.8,2717.3,2744.9,2798.9,2878,3224.3
2359.2,2422.8,2461.6,2462.9,2521.1,2592.6,2720.2,2826.8
2387.5,2316.2,2649.2,2678.1,2626.3,2655.6,2752.1,2974.9
2213.8,2206.6,2473.2,2550.9,2617.2,2603.6,2578.6,2608
1881.9,2170.4,2372,2494.7,2476.8,2479.9,2579.1,2838.6
2048.8,2177.8,2260.9,2261.2,2265,2266.1,2279.6,2996.7
2127.4,2214.1,2222.7,2231.3,2256.4,2341.6,2467,2683.1
2262,2280.3,2375.6,2564.8,2693.8,2993.7,3388.1,3670.4
2150.5,2272.6,2383.3,2477.6,2516.3,2565.8,2693.7,2938.4
2087.7,2206,2219.3,2222.1,2253.8,2326.4,2472.2,2635.2
2133.5,2008.6,2297.5,2407.1,2471.9,2476,2518.7,2669
2309.9,2335.7,2334.9,2436.7,2533.4,2598.7,2642.1,2673
1830.5,1857.4,1871.7,1878.3,1899.3,1902,1903.1,2245.3
2247.9,2372,2387.2,2414.5,2473.9,2605.6,3083,3550.8
2318.1,2577.4,2500.9,2785.3,2839.6,2831.9,2822.3,2935.2
1772.5,1768,2510.6,2525.3,2552,2518.3,2523.2,2554.1
1838.7,2047.1,2127.2,2151.9,2145.3,2142,2139.7,2710.4
2502.7,2456.6,2730.3,2768.5,2912.3,3140.5,3371.3,3528.2
2138.8,2088,2166.8,2189.6,2194.6,2194.6,2203.5,2201.5
1897.2,2106.3,2515.4,2536.2,2520.5,2550.3,2617.9,2753.7
1975.7,2001.6,1988.9,2000.2,2025.3,2099.4,2256.7,2829.7
1926.2,1905.9,1976.4,2226.3,2323,2576.7,2796.2,3110.9
1978.4,2372.7,2463,2456.9,2644.1,2793.1,2885,3380.9
2224.5,2628.1,2720,2812.3,2942.1,2565.6,2873.1,3343.4
2679.5,2734.5,2725.8,2800.9,2812.4,2591.5,2821.4,3181.7
2648.8,2643.9,2669.5,2918.9,3073.7,3243.2,3356.9,3586.3
2071.1,2243.7,2786.8,2930.3,2920.5,2942.7,3093.9,3333.1
2382.4,2649.9,2728.2,2748.5,2743.7,2772.8,2826.8,2960.6
2053.6,2081.5,2223,2359.3,2375,2407.4,2426.5,2468
2118.5,2124.9,2207.4,2268,2304.1,2330,2368.3,2623.1
2244.6,2222.4,2238,2302.1,2377.8,2424.1,2468.1,2716.1
2395.9,2311.3,2551.3,2566.1,2563.4,2559.4,2567.3,2639.8
2377.4,2393.2,2431.6,2509.9,2574.9,2697.6,2807.2,2922.7
2356.6,2384.8,2394.3,2405.8,2438.3,2491.5,2597.6,2753.3
2359.5,2386,2466.8,2486,2611.3,2977.1,2878.8,2986.7
2190.3,2171,2367.4,2451.3,2481.5,2512.1,2575.3,2901.6
2354,2472.9,2556.3,2577.1,2541,2509.5,2583.6,2826.7
2386.1,2574.5,2666.3,2693.8,2691.8,2687.4,2718.5,2966.7
2200.6,2282.9,2321.1,2543.7,2623,2556,2966.9,3386.6
2200.7,2102.6,2428.6,2480.5,2483.6,2507.3,2598.6,2739.3
2347.9,2665.9,2727.2,2739.5,2751.7,2831.7,2935.7,3048.8
2339.1,2240.4,2608.6,2687,2640,2622.1,2844.9,3353.1
2331.2,2094.8,2553.3,2686.3,2716.6,2710,2730.1,2804.1
2596.2,2669,2763.5,2807.3,2862.4,3140.2,3480.2,3674.9
1981.3,2216.5,2305.9,2322.5,2320.7,2358,2403.5,2438.5
1987.8,2004.3,2187.9,2288.4,2379.7,2589.2,3115,3484.5
2346,2243,2461.5,2603.9,2638.3,2580.7,2613.2,2762.7
2088.8,1999.8,2090,2385.5,2656.3,2746.8,2837.6,2927.7
2031.4,2021.3,1986.4,2135.4,2281.3,2358.9,3020.1,3231.5
2299.8,2132.1,2389.7,2524.4,2533.9,2634.1,2751.1,2759.5
2151.9,2121.1,2157.2,2488.6,2540.2,2549.2,2581.1,2646.5
1984.7,1830.8,2210.5,2570.8,2616.3,2617.8,2643.6,2658.8
2369.2,2457.8,2557.8,2574.1,2590.1,2621.9,2659.2,2733.5
1839.4,2328,2338.1,2332.6,2535.5,2714.2,3510.1,3622.3
1853.5,1837.6,1993.7,2028.4,2137.6,2690.8,2783.7,3015
1991.5,2012.9,2176.2,2250.7,2403.3,2650.6,3202.6,3367.8
1927,2024.1,2415.1,2711.8,3154.8,3456.9,3578.1,3690.4
1988.8,1986.3,2000.2,2018.4,2024.1,2021.8,2030.9,2018.2
2558.4,2701.4,2755.7,2718.1,2744.5,2978.7,3273,3349.1
2439.4,2502.6,2688.5,2600.6,3301.8,3832,3847.4,3840.9
2364.8,2380.6,2600.2,2633.7,2655,2663.7,2688.3,2775.2
2056.9,2188.9,2423.4,2484.6,2490.1,2468.4,2514.1,2659.7
2178.7,2081.8,2334.1,2364.3,2335.7,2372,2513.7,2794.9
2166.8,2170.4,2174.5,2211.9,2403.2,2354.1,2341.3,2685.4
2117.2,2156.4,2111.1,2139.5,2219.5,2274.2,2359,2388.1
2232.3,2242,2276,2349.7,2487.1,2678.7,2843.7,3058.1
1994.8,2490.6,2540.6,2553.8,2564.5,2587.8,2655,2824.5
2242.4,2267.1,2286.5,2344.3,2386.5,2416,2444.6,2478.3
1907.1,1916.4,1931.5,1964.5,2076.2,2330.3,2783.3,2884.4
2007.5,2015.7,2031.9,2042.4,2054.7,2056.1,2226.8,2362.5
1929.7,1966.6,2002.5,2030.8,2044.7,2397.2,3012.1,3011.4
2212,2232,2277.3,2344.7,2417,2488,2558.5,2838.4
2207.2,2200.5,2399,2427.7,2436,2482.7,2557.8,3166.7
2297.2,2037.4,2589.6,2635.5,2637.1,2640.1,2671.5,2696.6
2216.8,2323.1,2433.7,2498.9,2534.5,2604.9,2690.4,2840.1
1802.6,2039.4,2044.2,2044.2,2048.2,2079.7,2138,2248.8
2064,2280,2454.8,2793.8,2806.9,2787.4,2810.7,2861.4
1812.2,1800.4,1862.3,2272.7,2799.2,2893.7,2881.4,2885.5
2157,2664,2756.2,2762.6,2775,2798.3,2802.2,2809.3
2172.1,2430.5,2450.8,2267.6,2699.6,2825.7,2826.8,2827.3
2136.1,2208.4,2282.8,2398.7,2566.7,2649.2,2680.8,2710.4
2368.8,2514.8,2626.6,2652.4,2676.6,2743.3,2797.1,3044.1
2086.1,2104.6,2163.9,2339.7,2505.1,2586.4,2658.1,2665.8
2098.9,2146.3,2358.5,2627.5,2564,2610.9,2655.3,2667.7
1836.6,1840.3,2556.1,2663.9,2703.7,2663.7,2728.8,2725.5
2022.3,2045.1,2196.6,2487.1,2539.6,2548.3,2560.1,2702.1
2081.7,1981.6,1950.7,2361.7,2687.2,2690.9,2688.4,2695.3
2036.2,2096.8,2104.8,2121.4,2156.9,2240.6,2411.5,2661.3
2093.1,2154.9,2160.3,2303,2553.5,2575.7,2573.6,2566
1970.7,2163.3,2551.5,2566.5,2576.7,2586.2,2601.5,2795.1
2100.4,2187.2,2172.7,2527.9,2630.4,2633.6,2645.1,2676
2533.7,2560.2,2717.5,2879.9,2888.4,2898.6,2949.3,3034
2232.2,2281.1,2426.4,2482.2,2484,2425.5,2523.3,2646.8
1704.5,1666.9,1814.6,2331.9,2384.3,2354.2,2359.2,2417.8
1771,2275.2,2593.4,2465,2544.4,2613.3,2669.8,2695.3
1627.2,1608.5,2174.9,2531.8,2534,2533.7,2546.6,2583.9
1860.2,1983.1,1985.8,1976.6,1990,2007.6,1968.6,2497.4
1859.4,1847,2053.9,2332.5,2394.2,2418.4,2443.4,2497.3
1781.4,1835.6,2119.8,2611.7,2585.5,2640,2673.8,2709
2266.7,2403.5,2227.9,2467.7,2680.1,2686.6,2709.2,2813.4
1982.9,2121.6,2125.1,2122.2,2154.5,2199.9,2257.3,2521.8
1925.9,1939.2,1936.6,1943.4,1953.1,1966.2,2092.7,2248.3
1972.3,2005.3,2077.1,2074.8,2093.1,2338.9,2651.5,2673.5
1930.5,1744.7,2609.6,2619.6,2552.9,2660.8,3110.4,4093.4
2626.2,2610.3,2741.4,2754.4,2753,2757.4,2785.7,2879.7
2001.9,1981.9,2034.9,2189.7,2449.4,2694.5,2821.9,2845
1984.3,1934.7,2083,2170.1,2236.9,2300.8,2455.1,2537.9
2146,2537.7,2720.6,2718.6,2844.8,2980.3,3337.7,3551.4
2230.3,2285.6,2630.2,2643.9,2644.9,2639.5,2662.4,2718.6
2368.7,2416.7,2547.7,2580.2,2626.4,2677.9,2758.3,2883.2
1787.1,2275.4,2656.3,2663.8,2704.5,2779.7,2889.2,3053.3
1963.8,1810,2273.9,2675.1,2680.2,2675.9,2676.1,2711
1801.3,2101,2502.9,2567.4,2577,2589.1,2611.9,2632.1
1930,1890.4,2610.5,2627.1,2640.9,2657.1,2721.4,2774.8
1809.6,1742.4,2028.1,2646,2702.8,2696.7,2702.3,2749.2
2127.3,2234,2241.3,2164.8,2488.7,2666.9,2681.6,2699.2
1989.9,2016.2,2159.5,2455.2,2558.7,2559.1,2572.5,2597.4
1958.1,1978.2,1935.5,2193.7,2528.8,2606.4,2611.6,2606.4
2152.7,2247.6,2335.7,2311.5,2812.5,2816.7,2816.8,2811.1
2102.6,2092.8,2106.3,2357.1,2368.4,2456.3,2499.6,2487.1
1821.6,1909.1,2055.4,2458,2582.7,2609.9,2578.6,2599.9
1890.2,1870.9,1997,2144.3,2493.5,2811.1,2841.6,2860.1
2207,2233.4,2138.5,2461.6,2553,2603.9,2584.1,2688.7
1734.3,1737,1754.2,1903,2067.7,2246.6,2405.2,2626.7
2354.1,2284.4,2438.6,2537.5,2551.2,2565.9,2587.9,2623.9
2018.6,2002.8,2021.6,2183.4,2261.8,2277.5,2253.8,2280.4
1881.7,1982.9,2570.1,2692.4,2678.1,2684.3,2710.1,2818
2216.2,2318.7,2321.3,2660.5,2739,2728.3,2722.9,2752.3
2123.8,2091.5,2220.3,2570.8,2637.9,2637.5,2643.8,2665.9
2040.2,1997.9,2183.5,2618.5,2620.3,2610.9,2622.9,2646.8
2548.4,2518,2627.8,2653,2648.5,2667.8,2718.1,2765.5
2035.8,2044,2010.6,2273.3,2622.4,2631.9,2632.6,2622.7
1677.3,1740.5,2042.5,2117.5,2182.8,2119.6,2092.7,2384.3
2196.2,2151.3,2293,2556.5,2594,2604.2,2617.1,2633.8
2714.6,2766.3,2828.1,2814.8,2868,2917.6,2964.3,3011
2479.8,2247.1,2395.6,2647.9,2654.5,2655.3,2680.1,2717.7
1514.1,1988.3,1997,1995.4,1985.1,1997.8,2013.3,2284.9
2456.8,2507.3,2600.6,2659.4,2668.7,2681.2,2690.1,2701.5
2317.9,2257.4,2373,2556.9,2562.3,2564.3,2644.4,2758
2266.5,2341.4,2296.1,2429,2549.2,2588.7,2595.1,2576.1
2054.1,2050.5,2006.4,2274.3,2363.7,2390.8,2384.8,2421.4
1930.7,2021.2,2412.8,2441.4,2404.2,2464.2,2743.3,2822.3
2070.3,2220.1,2410.6,2416.6,2426.8,2462.4,2512.6,2607.7
2052.1,1808.9,1906.7,2526,2554.3,2547.6,2533.4,2570.5
2050.6,1938.4,2219.2,2650.8,2657.8,2632.7,2636.7,2688
1970.5,2251.6,2550.9,2564.6,2546.5,2586.6,2686.9,3416.9
1828,2161.1,2456.3,2505,2527.5,2573.1,2667.8,2888.1
2227.9,2174.1,2532,2617.4,2619.3,2627.7,2630.8,2645.1
1790.5,1852.3,2257.2,2508.4,2648.5,2658.5,2706.1,2796.2
1778.5,1767.3,1968.4,2241.5,2318.3,2400.2,2447.2,2565.2
2142,2009.3,2238,2516.9,2519.2,2521.6,2523.6,2531.1
2006.2,1987.8,1936.1,2068.5,2413,2508.7,2509.7,2506.9
1944.7,1810.3,1923.5,2362,2521.8,2517.9,2504.7,2553.5
1932.3,1839.6,2143,2625.9,2645.6,2637.2,2650.7,2736
2329.5,2313,2710,2769.7,2763.6,2774.7,2848.2,2981.4
2012.4,1915,2013.5,2294.7,2511.7,2538.1,2564.7,2579
2045.1,1877.7,1981.6,2575.8,2653.4,2653,2658.9,2674.6
1891.5,2056.9,2066.1,2093,2173.9,2310.6,2534.3,2828.2
1730.4,1978.5,1983,1978.2,1981.3,2003.6,2057.3,2300.4
1810,2026.2,2029,2018.9,2028.8,2159.8,2378.9,2559.8
2384,2352.1,2498.5,2644.5,2682.3,2715.8,2738.1,2763.8
2125.3,2014.2,2288.9,2651.4,2680.8,2682.3,2682.8,2703.6
2039.9,1753.8,2444.8,2698.5,2693.9,2702.5,2736.8,2991.6
2461.1,2342.2,2452,2567.9,2578,2589,2605.1,2627.2
2289.9,2332.9,2462.3,2604.4,2648.6,2704.4,2787,2841.2
1949.4,1973.2,1779.5,2164.9,2300.4,2301.5,2288.9,2297.9
2316.3,2486.2,2512.6,2763.6,2827.6,2915.1,3144,3222.9
2110.6,1842.1,2282.6,2626.4,2682.2,2679.4,2682.5,2698.6
1901.2,1841,1946.1,2560.7,2658.2,2648.2,2647.8,2689.8
1818.4,1767.5,2322,2571.1,2578.3,2576.6,2587.7,2624.7
1841.3,1863.9,1868.6,1894.9,1949.1,2127.9,2494.3,2594.7
1955.7,2155.8,2128.2,2175.2,2342.1,2655.3,2794.1,2709.7
2039.2,2145.7,2166.7,2251.1,2301.4,2326.3,2650.4,2813.5
1817,1797.2,2170.8,2446.4,2489.3,2468.9,2497.3,2601.2
2079.1,2116.5,2101.2,2131.7,2191.1,2243.3,2286.8,2334.4
1997.2,2012.5,2049.8,2180.6,2247.3,2290,2444.8,2453.6
2098.1,2398.4,2510.2,2548.5,2576,2718.5,2713.8,2723
1766.7,1880.3,1907.9,1927.3,1957.6,1964.8,1978.7,2185.9
2069.9,2053.8,2022.3,2088.3,2476.4,2664.5,2642.2,2698.2
2240.8,2488.5,2689.5,2716.5,2702.6,2707.1,2749.4,2818.2
1897.2,1866.7,1862.3,1973.3,2211.2,2330.2,2350.3,2350.1
1950.1,2029.1,2540.7,2903.1,2906.7,2961.9,3051.5,3192.3
1343.4,1884.5,2631.1,2654.1,2624.6,2655.2,2752.1,2893.7
1374.7,1493.3,2056,2695.6,2700.2,2703.1,2813.5,2890.1
2095.9,1600.5,2500.2,2513,2450.7,2690.4,3005.7,3060.1
1769.5,1918.9,2305.2,2003.8,2148,2495.3,2509.1,2505.4
1532.4,2500.7,2593.4,2552,2681.5,2965.5,3094.2,3172.2
2500.6,2524.3,2548.6,2540.1,2624.3,2695.8,2809.7,3360.6
1075,2470.9,2545.3,2472.7,2547.6,2885.2,3065.9,3110
2113.2,2196.4,2539.1,2848.5,2751.3,3070,3105.4,3077
1961.4,2130.3,2470.3,2650.1,2439.8,3030.3,3104.9,2979
1744.7,1988.2,2029.4,1906.5,2256.7,2876.8,2913.7,2857.1
2275.4,2243.3,2419.2,2827.7,3010.2,3413.5,4568.7,4793.1
2278.7,2563.3,2924.6,2938,2965,2998.4,2980.7,2953.3
1988.9,1939.1,2436.9,2785.5,2788.4,2781.8,2787,2803.2
2071.5,2093.2,2547.5,2710.8,2705.3,2689.6,2753.6,2824.3
1315,1534,2705.2,2645,2834.8,2919.7,2965.3,2996.7
1604.5,1714.8,1792.9,1923.6,2444.6,2499.6,2504.3,2403.2
1533,2370.9,2304.1,2369.5,2375.5,2480.7,2587.7,2748.9
2014.9,1755.5,2059.2,2432.3,2417.9,2514.8,2613.2,2647.7
1602.2,1590.5,2247.3,1596.6,2655.4,2809.4,2824.6,2827.8
1522.1,1512.4,2383.2,2600.9,2756.6,2774.6,2795.7,2777.2
1696.4,1861.2,2152.3,2450.4,2854.6,2857.8,2914.2,3063.7
1758.6,1761.3,2353.9,2625.6,2624,2638.4,2701.3,2826.9
1360.6,1407.5,2033,1932.5,2268.1,2751.5,2794.3,2795.9
1934.7,1883.1,2246.7,2334.6,2472.1,2857.5,3033,3051.7
1811.4,1887.4,2455,2362.2,2587.1,2686.7,2728.6,2758.3
2129.2,1877.1,2359.3,2331.2,2351,2510,2957.6,3055.7
1241.3,1391.8,2420.2,2550.4,2643.2,3133.2,3670.3,3777.3
1948.7,2330.6,2488.7,2199.3,2764.3,2777.4,2767,2832.2
1384.2,1549.2,1674.5,1931.8,2256.6,2217.4,2301.6,2434.4
1252.3,2212.4,2115.9,2194.9,2412.5,2482.3,2516.9,2581.9
1639.1,1954.7,2751.7,2818.1,2843.4,2836.8,2852.7,2919
1483.8,1588.4,1877,1800.9,2371.6,2461.3,2456,2436.9
1572.7,2066.6,2442.4,2127.8,2418.7,2880.9,2936.2,2940.6
1732.2,1563.1,2085.9,1893.6,1959.5,2572.7,3124.7,3131.8
1688.4,1696.5,1707.5,1685.4,1713.6,2667.7,2837.8,2965.9
1862.2,1734.7,1790,2295.7,2537.7,2500.6,2488.4,2539.8
1691,1698,1697.8,2108.4,2417.4,2590.2,2680.8,2373.2
2025.1,2266.8,2525.2,2634.9,2674.3,2744.5,2780.8,2778.7
1736.1,1831.4,2802.2,2826.1,2886.7,2895.6,2916.6,2937.8
1737.9,2004.7,2804.2,2545.8,2641.3,2844.2,2851.7,2846.4
1339.2,1572.4,2454.1,2490.6,2487.1,2465.4,2530.3,2658.7
1612.6,1560.3,1807.5,2672,2664.2,2664,2904.6,3492.3
1476.7,2078.2,2566.7,2635.3,2523.2,2768.5,3066.2,3216.6
1533,1863.6,1957.9,1916.1,1889.7,1944.8,2137.3,2553.7
1946.9,2047.4,2283.1,2442.8,2538.3,2533.6,2505.6,2571.6
1612.3,1609.1,1680.4,1948.3,2572.2,2565.9,2498.1,2518.5
2096,2108.2,2664.6,2684.7,2698.8,2773.7,2826.5,2900.5
1473.3,2137.1,2431.8,2567.3,2722.2,2933.5,3006,3123.3
1305.5,1891.9,2316,2530.5,2487,2682.2,2815.1,3251.1
1800.1,1860.3,2292.1,2045.4,2239.7,2860.1,2942,2979.2
1609.3,1621,1622.6,1605.6,2605.4,2616,2590.3,2527.9
2090.2,2231.1,2288.8,2257.5,2447.3,2650.6,2647.4,2549.6
1466.1,1784.9,2142.7,2153.2,2190.6,2278.4,2648.3,3019.3
2071.7,2186.9,2956.1,2926.2,3067.7,3096.4,3089.6,3138.7
1468.2,2099,2299.1,1744.7,2576.3,2681.7,2753.1,2713.4
1483.7,1624.6,2630.1,2620.9,2631,2660.4,2887.9,3009.5
1148.8,1591.4,1926.7,2460.3,2723.1,2622.2,2669.2,3013.4
1875.8,2135.7,2296.9,1836,2389.1,3008,3026.8,3396.8
1958.5,1933.1,2357.2,2475.6,2182.7,2111.1,2326,2878.9
1880,1830.8,1966.1,2066.2,2100.9,2307.2,2631.6,2694.6
1351.4,1615.5,1885.8,2127.8,2663.6,2926.3,3103.2,3262.1
1526.4,2461.2,2684.3,2712.7,2783.7,2824.7,2832,2857.8
1267.2,1573,1699.3,2478.4,2729,2719.2,2719.8,2764.7
1458.9,1465.8,2322.1,2447.6,2637.9,2649.1,2702.5,2733.3
1496,1814.4,1992.8,2196.5,2176.6,2423.6,2627,2705
1585.9,1761,1952.8,1738.2,1942,2976.5,2980.8,2988.7
1534.7,1858.9,1940.4,1966.2,2273,2523.9,2719.1,2797.6
1770.3,2018.3,2033.9,2120.9,2214.8,2340.1,2402.5,2486.1
1357.7,2163.3,2075,1993.4,2342.7,2388.2,2362,2383.4
1909.7,1921.7,2400.9,2517.6,2705.3,2877.5,2966.7,3025.6
1244.7,2078.8,2432.6,2345.6,2435.3,2790.8,2969.4,3031.3
2339,2687.9,2688.4,2667,2857.3,2894.8,2954.2,3665.7
1983.8,2072.7,2540.3,2657,2707.3,2714.2,2756.9,2827.6
1165.5,2199.7,2221,2199.2,2291.7,2351.7,2525.4,2744
1717.7,1788.4,1915.4,2035.9,2294.8,2313.2,2217.8,2317.9
1472.6,1581.2,2707.5,2744.3,2762.2,2821.6,2996.4,3358.2
1518.8,1620.7,1604,1635.6,2748,2837,2853.4,2847.7
1882,2319,2326.9,2544.7,2511.2,2538.1,2695.9,2892.3
1486.5,1564.4,2572.2,2677.5,2720.1,2747.1,2676.9,2817.5
1791.1,1817.8,2408.8,2518.7,2564.2,2568.2,2572,2584.9
1343.3,1595.6,1905.7,1785.7,1824.1,2036.3,2324.9,2525.8
1381.9,1789.8,2006.5,2282.6,2376.9,2430.4,2462,2527.3
1325.4,1314.5,2609,2767.1,2683.3,2829.1,2883.8,2974.2
2586.8,2613.8,2624.3,2675.4,2777,3029.6,3289.4,3420.2
2165,2125,2342.4,2625.4,2626.7,2587.4,2831.4,3006.6
1633.1,1886.5,1967.8,1892.9,2288.3,2313,2294.2,2310.3
1587.8,1939.2,2208.3,2157.4,2181.4,2407.1,2473,2619.5
1639.3,1681.7,2437.8,2437.9,2406.5,2441.7,2486.8,2550.3
1395.3,1369.5,2106,2465.4,2414.7,2445.6,2570.3,2766.8
1961.6,2002.7,2625.5,2648.9,2663.6,2656.6,2649.7,2634.1
1924.9,1935,2476.5,2502.2,2469.8,2445.6,2485.5,2616.9
2118.9,2515.1,2577.8,2617.5,2583.3,2363.4,2637.1,2778
2419.1,2515.9,2655.1,2810.4,2820.5,2861.1,2870.3,2823.6
1576.9,2167,1825.2,1935.2,2488.8,2523.3,2520.9,2511.4
1399.8,1516.6,1735.3,1638.7,2113.4,2319.6,2293.5,2280.4
1368.2,1389.2,1548.7,1510.4,2427.6,2431.5,2404.1,2402.1
1503.1,1747.4,2438,2239,2424.1,2616.3,2661.7,2725.2
1672.3,1893.8,1943.1,1947.9,2491.4,2527.4,2490.8,2499.1
1765.7,1873.7,1875.9,1846.9,2033.1,2189.3,2384.9,2428.6
1471.4,2384,2492.2,2502,2604,2768.9,2888.7,2962.3
1638.8,1895.8,2126.5,2490.8,2640.6,2636.6,2684.6,2805.9
1745.2,1878.4,1813.2,2489.8,2480.4,2454.8,2502.2,2795.1
2248.8,2370.7,2403.4,2852.6,2927.6,2948.8,3022.2,3073.6
1455.5,1797.5,2400,2471.8,2464.6,2443.2,2523.1,2761.3
1479.8,2393,2425.3,2416.7,2452.5,2530.1,2575.6,2561.6
1431.7,2469.3,2401.7,2527.5,2593.6,2649.4,2702.5,2770.5
1066.1,2326.7,2313.8,2304.8,2522,2673.4,2775,2876.1
1392.1,1469.4,2244.3,2173.9,2436.5,2474.2,2459.9,2515.7
1102.2,2325.3,2441.9,2413.1,2508.9,2642.5,2768.5,2832.1
1691.3,2258.2,2192.7,2188.1,2415,2929.7,3132.3,3221.8
1976.2,1892.1,2247.4,2341.7,2337.4,2414.1,2482.2,2532.8
1635.7,2087,2001.2,1953,2497.9,2592.1,2610.2,2602.7
1572.6,2255.7,2243.6,2065.2,2517.7,2792.4,2810.6,2785.9
1554.4,1855.5,2353.2,2349.2,2349.7,2545.8,2650.1,2726.2
1274.2,2236.5,1936.5,1976.5,2577.7,2615.7,2613.7,2612.9
1857.9,1933.7,2574.3,2464.8,2598.6,2622.4,2638.5,2638.8
2275.4,2291.7,2679.8,2750.9,2794.8,2810.2,2836.3,2863.4
1906.7,1662.1,2087.2,2480.4,2439,2531,2663.9,2703.5
2254.3,2543.8,2382.2,2334.5,2418.2,2663,2672.7,2657.7
2335.9,2300.9,2578.3,2607.2,2554,2636.7,2694.3,2759.1
2210.3,1931.1,2120.5,2421.5,2537.1,2538.2,2546.1,2573.6
2261.6,2406.1,2471.4,2483.1,2613.8,2645,2790.1,3078.5
2283,2402.9,2216.9,2430.7,2529.4,2557.9,2572.8,2594
1608.7,2412.3,2633,2664.9,2597.4,2655.6,2754.3,2876.4
2100.7,2108.4,2249.9,2376.8,2270.9,2321,2494.8,2759.9
2030.2,2322,2453.9,2439.5,2749.8,2803.1,2807.1,2845
1476.9,2026.9,2520.7,2466.1,2418.6,2825.8,2999.8,3058.1
2212.7,2735.3,2844.2,2857.5,2939.6,3028.7,3103.9,3170.3
1869,2521.9,2604.9,2480.1,2552.9,2865.2,2937.3,3018.7
1360.3,1731.4,1822.1,1851.1,1904.6,2313.9,2399.5,2525.4
1539.5,2083.1,2385.5,1843.3,1873.4,3376.3,3404.7,3403.5
1505.8,2063.3,2426,2437.5,2905.9,2925,2933.4,2986.7
1612.8,1768,1606.3,1861.2,2640.4,2681.9,2799.1,2933.6
1714.2,1950.8,2331.2,2114,2281.7,2994.7,3226.4,3264.8
1725.4,1857.4,2006,2056.3,2873.8,2983.9,3015.7,3036.5
1693.7,1838.4,2014.2,1740.6,2482.2,2933.4,2930.4,2935.5
1637,2190.9,2274.9,2311.2,2344.8,2553.1,2794.4,3083.6
1671.8,1711.1,2389,2388.2,2343.5,2461.2,2671.9,2896.9
1479.1,1844.7,2512.2,2542.7,2473.6,2481.9,2627,2984.3
2303.7,2521.2,2632.2,2696.7,2719.5,2714.8,2729.3,2923.9
2276.4,2317.3,2383.1,2752,2617.2,2650,3069.6,3099.5
2256.7,2440.4,2751.7,2756.1,2754.9,2806.2,2963.6,3081.8
2316.4,2490,2515.8,2506.1,2591.5,2576.4,2664.3,3264.8
2313.7,2423.8,2553.7,2713.4,2698,2630.3,2584.1,3002.1
1929.5,2097.5,2374,2412.7,2483.9,2877.9,3134.2,3241.7
1351,1910.9,2148.6,2139.9,2153.2,2345.8,2599.6,2872.6
1719.5,1654.8,2080.4,2101.4,1902.8,2346.5,3188.3,3200.4
2063.4,2437.5,2578.9,2568.8,2635.9,2950.4,3073.6,3034.5
2200.5,2267.6,2233.9,2349.6,2307.3,2419.5,2638.9,3008.7
1857.4,2394.2,2231.7,2468.9,2819.2,3011.9,3039.1,3058.6
1995.4,2300.2,2366.5,2323.6,2541.1,3312.8,3410.7,3510.3
1863.6,2147.4,2571,2673.1,2914.2,3056.2,3084.5,3207
1625.2,2358.2,2430.8,2401.4,2429.9,2578.7,3057.4,3115.9
1559.3,1894.1,2058.6,2315.6,2448.9,2586.1,2895,2948.1
1457,2118,2209.7,2078,2034.4,2477.6,3137.3,3255.9
1734.1,2081.7,2496.6,2415.2,2622.4,2825.8,3010.9,3006.7
1921.1,2036.7,2137.4,2275.1,2389.2,2490.1,2512.3,2570.5
1810.3,2118.6,2258.6,2755.1,2806.3,2937.4,2990,2955.6
1583.1,2036.4,2559.5,2643,2381,2979.4,3280.7,3320.1
1786.1,2507.2,2452,2433,2740.9,2766.6,2798.3,2828.1
2156.6,2325.2,2415.7,2554.4,2583.1,2947.7,3229.9,3500.3
2230.1,2426.4,2445,2490.2,2558.6,2609.4,2643.7,2678
1786.4,2255.7,2549.8,2536.2,2577.7,2563.1,2569.4,2598.6
2174.4,2468.6,2493.4,2400.3,2457,2719.2,3127.3,3198.5
2470.7,2343.2,2568.6,2560.1,2575.1,2617.5,2663.4,2740.6
1563.8,2166.7,2542.6,2654.6,2709.8,2799.1,2928.3,3113.8
1469.7,1666.1,2068.4,2349.4,2462.5,2465.8,2644.6,2752.1
1576,2001.8,2579.7,2620.4,2644.5,2735.8,2776.2,2894.6
1597.3,1702.8,2448.8,2435.4,2389.6,2515.6,2865.9,3032.9
1490.4,2140.3,2388.2,2410.7,2634.6,2629.9,2655.5,2730
1285.8,2376.5,2400.7,2377.5,2405,2497.7,2553,2690
2344,2503.1,3000.9,3149.7,3085.6,3155.1,3242.9,3235.2
1624.2,2027.9,2567,2477.4,2863.1,3010.8,3035,3079
1458.2,1899.9,1967,2489.5,2497.9,2472.1,2556.6,2677.8
1329.1,2284.7,2313.4,2259.2,2209,2360.1,2937.7,3327.3
1810.3,1605.5,2263.6,2098.1,2249.8,3035.2,3077.5,3089.3
1780.3,1983.5,2240.7,1973.4,2342.1,2984,3011,3029.7
2330.8,2584.2,2709.9,2679.4,2756.5,2776.3,2944.6,3039.4
2757.6,2981.8,3068.6,3153.7,3736.6,4084.4,4139,4170.4
1722.2,2154.2,2588.2,2699,2579,2750.9,2996.6,3060
2325,2537.6,2769.3,2861.5,2899.4,2924.8,2988.5,3104.6
1165.3,2124.4,2283.9,2186.6,2266.8,2481.3,2668.3,2722.7
2353.4,2757.8,2789,2838.1,2845.5,2844.1,2866.7,2934
2578,1733.5,2646.2,2647.9,2638.6,2663.3,2716.2,2748.9
2505.8,2263.4,2666.6,2667.1,2677.8,2738.8,2896.9,3204.9
2178.2,1800.6,2027.1,2350.9,2453.1,2428.7,2448.6,2477.7
2078.7,2207.1,2250,2475.2,2650.1,2628.1,2620.7,2642
2309.3,2070.9,2399.5,2533.2,2604.1,2696.6,2739.7,3234.2
2587.9,2580.4,2358,2614.4,2620.2,2617.8,2609.7,2619.6
1381.6,2387.4,2395.5,2322.8,2380.2,2591.7,2727.4,2790.6
1850.1,1912.1,1824.4,1907.2,2274.8,2621.4,2762.1,2827.4
1460.6,1639.5,1754.8,1769.6,1763.3,1767.3,1924.7,2307.1
1244.7,1662.5,1779.7,1598.2,1579.2,2522,3520.7,3828
1581.9,1776.2,2318.4,2234.1,2425.2,2911.6,3211.5,3214.5
2379.4,2124.7,2498.6,2486.5,2501.1,2678.7,2858.2,2943.2
2043.1,1906,2435.6,2565.3,2481.3,2511.7,2659.2,2914.6
1290,1265.9,2112.2,2964.7,3099.6,3163.2,3295.7,3386.1
1588.9,2013.4,2391.4,2246.3,2384.7,3078.1,3349.1,3413.6
2010.5,2098.8,2523.3,3175.5,3363.1,3417.7,3410.1,4055.8
1287,1387.1,2150.1,2332.7,2253.6,2328.9,2500.1,2848.7
1332.9,1784.4,2194.5,2538.4,2552.1,2661.6,2861.1,3145.7
1642.4,1705.4,1742.2,1768.6,1814.3,1840.6,1875.2,2078.5
2395.4,2940.6,2994.1,3022.7,3023.5,3108,3215.3,3444.3
2549.3,2962.2,3059.2,3110.3,3110.9,3174.1,3279.1,3481
1525.9,1883.4,2278.6,2524.9,2499.2,2519.9,2646.1,3063.8
2050.7,2538.7,2593.3,2665.6,2518.8,2858,3103.2,3027.4
1843.2,2189.4,2480.6,2540.3,2327.8,2840.8,3106.4,3064.6
2400.6,2604.4,2682,2850.1,2883.4,2972.2,3314.8,3581.8
1499.4,2528.6,2820.5,2849.2,2796.1,2862.3,3389.8,3559.3
2106.4,2262.6,2517.2,2890.1,2887.4,2894.6,2904.5,2950.7
2469.4,2912.1,2899.5,2931.9,2942.3,2963,2909.9,2939.7
1876.9,2025.8,2719.6,2752.6,2829,2754.2,2524.1,2947.1
2296.8,2593.5,2830.9,2891.3,2907,2855.5,2905,3180.7
2599,2892.7,3070.6,3027.1,3086.5,3010.5,3006.2,3049.2
1975.4,2038.5,2939.4,2942.5,3043.4,3044.8,3191,3306.5
2317.1,2405.8,2544.3,2932.7,2944.2,2927.5,2913.2,3071.5
1541.7,2478.1,2764.2,2671.1,2795.5,3232.6,3379.6,3491.1
1817.8,2278.2,2792.1,2842.8,2756.7,2760.1,2989,3266.5
2002.4,2589.9,2641.7,2619.1,2728.1,3220.5,3490.4,3684.9
2196.3,2580,2766.6,2749.3,2825,3246.6,3153,3601.6
1763.4,2000.7,2765.1,2877.4,2873.7,2879.1,2953.8,3050.5
2149.5,2260.5,2346.5,2230.3,2585.9,2863.2,3125,3529.4
2275.6,2573.9,2583.2,2525.7,3302.1,3964.9,4056.3,4190.4
2256.3,2329,2393.3,2448.7,2306,2306.5,3344.2,3553.9
1722.4,1761.4,1791.1,2026.2,3085.7,3223.8,3502.8,3374.8
2332.5,2436.3,2476.6,2491,2618.8,2616.8,2767.4,3460.4
2271.5,2295.2,2286,2518.8,2694.7,2829.6,2946.5,3287.8
1233.8,2538.2,2592.4,2641.7,2522.1,2573.9,3106.7,3376.8
2196.9,2565.2,2603.7,2622.1,2602.5,2661.5,2778.7,2920.9
1588.9,1583.8,1853.7,2112.7,1744,2435.8,3375.8,3137.3
1706.7,2713.7,2779,2940.7,2984.6,3003.7,3051.4,3206.8
1647.4,2366.3,2416.7,2412.5,2541.8,2520,2802.3,3318.2
1801.5,2125.6,2686.8,2927.8,3022.1,3607.2,3665.1,3906.3
2489.2,2668.3,2845.5,2808.7,2712.1,3176.9,3245.3,3278.9
1846.3,1967.1,1972.5,1953.8,1960.3,1941.1,3321.4,3395.2
1266.3,2981.5,2941.5,3064.5,3030.1,3081.9,3127.5,3181.6
1896.2,2361.9,2448.4,2538.8,2255.8,2542.5,2885.9,2912.2
1834.1,1811.1,1805.4,1823.7,1850.8,2073.8,3629.4,3627.2
1714.4,1716,1715,1717.1,1760,2494.4,2973.2,3651.1
2774.8,2821.3,2820.4,3001.5,3111.4,3437.7,2982,3619.2
2359.7,2581.8,2634.6,3034.6,3066.6,3089.4,3189.1,3546.1
2104.9,2308.2,3053.8,3079.5,3104.3,3109.8,3138.4,3190.3
2065.6,2441.8,2764.1,2519.4,2691.4,3071.8,2984.1,3053.9
1941,2571.6,2956.3,2946.9,2919.5,2982,3020.9,3024.7
2037.7,2275.1,2413.9,2423.7,2301.9,2596.1,2983.5,3096.9
2068.6,2277,2647.4,2690.6,2748.6,2733.3,2721.9,3407.6
1346.2,1386,2953.4,3271.4,2985.3,3397.7,3450.9,3620
2422.1,2483.5,2508.3,2593,2584.2,2702,3115.4,3728.2
1978.1,2431.5,2989.4,3038.4,3010.1,3093.6,3136.3,3190.9
2046.5,2639.9,2545.9,2683.7,2709,3003.6,3390.1,3554.4
2524.9,2621.5,2881.3,3205,2578.3,3423,3443,3398
2266.3,2573.5,2828.1,2397.7,3119.9,3172.5,3100.9,3327.4
1635.7,2327.2,1828.1,2617.1,2386.8,2585.8,3466.9,3645.9
2312.8,2448.6,2511.7,2533.8,2509.7,2623.1,3025.5,3071
2493.1,2608.2,2696.2,2827.9,2743.2,2671.3,3399.8,3309.9
2401.4,2462.5,2434.8,2496.1,2826.9,2999.5,3500.6,3752.3
2009.9,2389.8,2476.3,2514.9,2433.9,2311.5,3181.5,3053.2
2895.1,2970.2,2985.3,3109.4,3123.2,3122.5,3182.8,3274.9
2598.9,2967.4,2967.4,2981.6,2991.7,2975.1,3009.5,3065.9
2116.5,2766,2860.4,2928.5,2882.5,3005.2,3196.4,3287.6
2018.6,2209,2218.3,2673,2832,3034.9,3180.6,2759.9
1693.3,1693.6,1621.4,1634.1,1603.6,2866.1,3172.6,2906.6
2317.4,2430,2605.4,2732,2690.5,2934.9,2965.8,2719.3
2359,2449.9,2597.2,2745.1,2156.7,2573.4,3183.8,3169.2
1708.4,2019.6,2414.9,2334,2722.2,3058.1,3219,3126.5
2082.6,2433.7,2399.5,2681.6,2761.6,2950.8,3185.7,3938
2381.5,2532.7,2659.1,2462.4,2601.5,2973,3204.5,3289.2
2225,2503.6,2533.4,2570.8,2526.3,2545.4,2702.1,3111.8
2159.6,2765.3,2852.6,2984.5,3139.6,3116.5,3254.8,3437.9
1288.8,2284.1,2609.5,2616.9,2594.2,2621.5,2641.4,3389.7
2358.4,2407.7,2550.6,2465.8,2439.4,2705.8,3006.2,3161.5
2176.6,2120.2,2123.3,2885.5,3328.7,3314.6,3410.2,3705.4
1755.7,2026.6,2039.7,2058.9,2247.8,2432.6,3043.5,3530.6
2535.3,2773.6,2884.9,2930.8,2935.9,3137.6,3214.5,3324.7
2801.2,2883.3,3054.6,3175.1,3150.2,3256.4,3303.1,3368.1
2437,2693.8,2970.7,2902,3038.5,3120.5,3136.8,3152.4
2441.6,2467.8,2563.9,2639.9,2832.3,2894,2966.3,3562.4
2122.5,2427.3,2776.3,2880.5,3022.1,3154,3164.2,3205.3
1825.3,2244.5,2335.3,2329.8,2295.1,2510,3160,3196.9
1893.2,1916.9,2002.7,1968.7,1988.8,2966.8,3034.2,3047.6
2434.9,2576.3,2605.9,2727.2,2924.3,3028.8,3093.7,3193.1
1886.3,2321.6,2344.8,2379.4,2346,2361,2639.7,3337.3
2366.6,2603.9,2630.3,2594,2779,2963.5,3218.9,3234.8
1613.6,2378.1,2550.7,2644.5,2788.7,2640.3,2720,3133.1
2338.6,2452.1,2558.6,2770.2,2769.6,2769.5,2849.3,3051.1
2116.6,2595.8,2629.8,2598.8,2624.8,2652.1,2684.9,2676.2
1723.3,1948,1965.3,1976.9,1959.4,1978.5,2043.9,2048.2
1705.2,2290.2,2341,2329.8,2328.1,2348.4,2719.5,3078.9
2568.1,2682.4,2765.7,2812.1,2814.7,2805.7,2806.1,2880.7
2091,2192,2453.4,3018.7,3403.2,3692.8,3742,3762.8
2221,2371.8,2580.1,2924.1,3021.4,3109.2,3146.6,3468.2
2121,2170,2142.4,2198.7,2289.1,2326.5,2383.1,2471.3
2580.5,2601.5,2603,2607.4,2685.4,2768.3,2807.5,3023.2
2493.6,2519,2545.6,2573.5,2692.1,2630.2,2561.8,2770.5
2333.6,2401.7,2361.6,2626.7,2717.1,2635.8,2707,3432
2372.8,2440.3,2527.5,2700.3,2697.9,2788,3356.3,3552.2
2360.8,2496.2,2514.5,2476.6,2514.9,2667.7,2979.5,3148.9
2245,2363.2,2532.9,2901.9,3079.7,3166,3096.4,3256.1
1591.3,2323.1,2885.8,2951,2692.2,3188.4,3252,3244.9
2420.5,2664.2,2759.5,2845.1,2648.2,3027.8,3241.7,3256.5
2331.9,2562,2679.1,2736.3,2731.2,2754.7,2847.7,2938.6
2199.6,2250.8,2207.1,2174.1,2185.3,2380,2897.6,3013.1
2447.1,2479.1,2519.2,2536.6,2712.8,2848.1,3108.5,3339.4
2096.2,2142.4,2157.7,2833.5,2858.2,2884.2,3104.4,3263.5
1907,1942.3,2473,2566.7,2413,2612.1,2592.4,2906.6
1721.3,1870.9,2032.9,2226.2,2328.5,2208.2,3044.2,3174.1
1775.8,2050.8,2779.2,2887.5,3007.1,2997.5,2981.9,3109.1
2598.2,2602.5,2648,2670.9,2464.1,2870,3534.8,3572.9
2122.3,2607.6,2858.6,2986.1,2995.1,2978.4,3033.4,3112
2170.5,2322.3,2467.1,2520.2,2408.2,2442.1,2775.1,2744.3
2196.9,2379.1,2573.6,2583.6,2566.5,2587.5,2654.7,2684
2437.7,2813,2821.5,3004.2,3279.4,3516.8,3732.3,3979.7
2735.8,2805.3,2915.4,3296.9,3364,3335.5,3449.2,3495.8
2551.8,2710.4,2852.9,2917,3044.9,3286.3,3480.3,3612.2
1798.7,2590.7,2613.3,2601.7,2524.5,2927.8,3166,3292
2431.4,2787.9,2836.3,2638.2,3000.8,3307.4,3210,3235.7
2658.7,2693.7,2736.4,2692.6,2840,3111.8,3275.3,3419.2
2278.5,2326.6,2296.6,2301.9,2713,3148.1,3164,3170.6
2400.4,2197.9,2780.6,2775.5,2792.3,2908.2,3011.1,3856.6
2026.4,2422.9,2477.4,2470.8,2559.8,3126.4,3170,3045.4
2332,2438.8,2321.6,2809,3056.3,3035,3071.2,3284.9
2103.3,2124.2,2341.8,2376.2,2596,3373.9,3521.1,3444
2143.6,2510.3,2589,2453,2707.2,3065.5,3362,3449.7
1924.1,2285,2327.5,2312.9,2323.5,2536.5,3047,3167.2
1972.7,2050.8,2043.3,2028.2,2021.2,2099.9,2928.2,3157.7
2134.6,2125,2334.4,2742.7,2891.3,3033.9,3192.7,3545.6
2419,2692.3,2766.3,2689.4,2888,3245.7,3293.5,3488.6
2795.6,2809.7,2865.7,2871.7,2875.8,2908.6,2947.9,3137.1
1678.7,1793.8,1782.6,1862.8,1971.3,2591.3,2954.3,3417.1
1958.1,2115.6,2288.8,2365.7,2435.9,3100.8,3286.7,3300.2
2122,2149.4,2423.1,2517.5,2571.8,2396.6,2717.3,3627.2
2336.4,2793.1,2832.6,2821.6,2866.8,2913.9,2950,3086.7
2416,2742.8,2768.9,2783.4,2701.2,2829.4,2944,3039
1457.7,2411,2822.8,2841.8,2842.6,2911.2,2959.4,3083
1874,2466.9,2759.7,2752.1,2773.7,2817.1,2828.2,2804.4
2542.3,2790.2,2842.4,2873.3,2873,2891,3112.7,3330.4
2733.1,2754.7,2686.2,2832.4,2854,2977.9,3292.4,3339.1
1967,2251.9,2708.1,2753.4,2729.9,2678,2740.9,3432.6
2388.1,2578.6,2762.4,2947.5,2982.2,3045.2,3323.6,3403
2416.5,2515.9,2554.4,2769.9,2790.4,2818.7,3157.3,3368.9
2578.1,2636.3,2798.4,2854.9,2885.9,2877.4,3137.3,3321.4
1991.2,2612.9,2771.3,2845.7,3541.5,3641.8,3575.6,3759.7
2158.7,2271.7,2691.1,3019.1,2959.2,2949.6,3274,3572.8
2428.6,2558.2,2674.5,2770.9,2982.2,3047.2,3166,3613.2
1960.9,2090.5,2337.6,2193.2,2060.8,2565.8,3253.9,3692.3
2106.1,2662.7,2656.5,2706.1,2647.8,2586.1,2976.3,3006.8
2347.1,2848.7,2831.3,2859.1,2877.6,2837.1,2959,3001.9
2020,1818.9,2619.6,3022.3,3035.5,3014.9,3129.8,3592.2
2769.5,2756.4,2797.2,2918.8,2886.5,2892.6,2997.9,3219.3
2712.1,2714.3,2791.1,2855.8,2728.4,2751.3,3409.1,3491.1
2419.1,2733.1,2870.2,2904.9,2984.3,3018.2,3126.4,3139.5
2484.8,2645.4,2708.8,2724.3,2716.2,2726.2,2808.8,3001.4
2627.4,2682.2,2719.3,2634.1,2647.4,3051,3302.6,3399.3
2125.2,2100.4,2331,2423.5,2273.1,2316.7,2737.4,3052.8
1676,2021,2498,2665.6,2951.6,2932.2,3129.9,3105.6
2501.5,2551.5,2606.2,2574.8,2703.8,2852.2,2970.2,2993.5
2938.1,2943.1,2951,2961.4,2965.8,3056.9,3148.7,3244.8
2358.7,2364,2383.9,2390.6,2366.3,2394.3,2529.1,3478.2
2742.3,2784.2,2802.7,2823.9,2832.4,2813.7,2863.4,3062.4
2387.6,2930.4,2949,2957,2978.7,2961.8,2930.8,2947
2468.7,2574.5,2838.9,2901,2868.3,2942.3,3195.1,3528.4
1890.2,2691.6,2743,2833.6,2814.5,2948.2,3008.7,3134.3
1800.2,2256.1,2383.1,2624.1,2719.3,2760,2946,3120.8
2170,2224.5,2260.5,2143,2260.2,2798.6,2898.5,2879.5
2710.5,2724.3,2758.1,2756.1,2779.5,2894.2,2961.5,3048.4
1856.7,2419.4,2579.6,2616.1,2549.7,2659.8,2923.1,2938.8
1929.5,1836.3,2016.1,2231.8,2239.3,2206.4,2503.4,2663
2216.6,2707.5,2903.5,2631.9,3007.1,3198.2,3245.6,3254.2
2071.7,2592.3,2629.6,2651.7,2648.5,2752.6,2943.3,3235.3
2207,2424.2,2951,2918.7,2992,3004.2,3013,3030.1
1943.2,2258.2,2917.7,2954.9,3023.6,3018.2,3029.7,3035
1961.9,2178.7,2473,2467.3,2462.4,2515.3,2614,3268.7
2628.2,2642.9,2663.5,2635.6,2645.6,2751.5,3138.6,3229.7
2299.9,2818.7,2642.3,2665.5,2987.7,3014.1,3002.3,3020.8
2715.6,2751.7,2762.4,2771.6,2769.5,2754.7,2761.4,2819.3
2846.2,2897.2,2923.3,2924,2950.5,2977.6,3077.6,3259.1
2528.8,2781.1,2857.2,2979.6,2974.9,3006.8,3149.7,3333.1
1660.3,2078.2,2837.9,2952.6,2944.2,2975.3,2988.6,3148.2
2242,2702.8,2707.2,2719.5,2719,2698.7,2763.2,2829.4
2228.6,2627.1,2745.6,2753,2753.3,2738.7,2796,2813.1
1625.3,1700.1,2827.5,3012.6,2901.6,3098,3366.3,3706.2
2613.9,2928.7,3059,3175.4,3222.3,3138.4,3389.5,3520.1
2146.1,2253.8,2690.4,2694.7,2713.1,2620.3,2775.9,2952.3
1709.6,2093.2,2816.2,2816.8,2855.7,2818.1,2881.9,2957.8
1888.7,2471.5,2885.5,2905.7,2927.3,2873.1,2995.5,3089.8
2170.2,2270.1,2277.8,2167.4,2391.4,2877.8,3222.3,3285.7
2166.9,2326.8,2370.6,2366.2,2396.9,2500.7,2863.1,3259.9
2539.4,2611.4,2615.7,2655.8,2623,2739.5,2840.1,2909.2
2481.1,2407.4,2770.6,2806.7,2909.6,3206.4,3270.6,3509
2463.3,2315.6,2005.5,2802.6,2801.5,2783.2,2874.2,3069
2483.4,2529.1,2522.5,2557.6,2530.3,2559.1,2648.9,2745.3
2527.1,2704.4,2723.7,2734.4,2758.2,2768.2,2790,3044.7
1691.9,2296.3,2463.1,2475.8,2439.3,2506.2,3036.5,3549.3
2572,2616.8,2645.8,2615.3,2659.7,2958,3241.4,3556.5
2566.2,2423,2833.2,2846.5,2849.4,2854,2941.2,2986
2018.1,2306.9,3054,3065,3027.6,3129.2,3283.1,4171.4
2308,2291.5,2245.4,2484.3,2870.9,2885.8,2863.9,2920.8
2572.2,2939.9,2955.5,3009.5,3039.7,3034,3053.7,3110.9
2515.2,2667.8,2794.1,2634.1,2567.2,2797,2869.6,2922.4
2149.9,2082.2,2284.6,2393,2427.3,2412.4,2501.2,3176.1
2036.8,2182.3,2209.6,2426.7,2554.5,2725.1,2810.7,2955.9
2164.7,2185.3,1930.9,2301.9,2712.5,2715.3,2732.1,2696.6
2271.7,2292.8,2316.2,2246.1,2238.1,2429.1,2607.6,2622.7
2003.7,2063,2296.7,2309.6,2281.9,2294.8,2410.6,2365.5
1497.4,2018.3,2720.5,2698.7,2781.2,2785.2,2799.3,2817.8
1561,1621.3,1882.6,2102.1,2948,2903.5,2962.1,2984.1
2143.4,2346,2530.9,2516.6,2617.1,3061.2,3138.6,3196.2
2648.5,2626.5,2864.2,2908.9,2973.6,2992,2968.6,3012.9
1994.1,2042.7,2070.1,2119.8,2508.2,2871.2,2704.4,2733.8
1695.1,2495.1,2582.9,2811.9,2827,2809.6,2836.4,2885.5
1934.9,1962.2,2042.9,2044,2053.9,2184.4,2356.6,2298.7
1680.8,1991.7,2770.8,2829.2,2766.6,3092,3416,3861.8
2332.3,2370.5,2378.6,2273.4,2316.7,2715.2,3100.1,3273.3
2498.4,2746.7,2793.6,2789,2780.5,3020.4,3114.6,3606.3
1851.8,2362.6,2591.9,2717.8,2715.5,2797.9,2837.9,3072
1937.8,2608.4,2751.7,2867.2,2991.9,3041.8,3313.9,3773.6
1479,1752.7,2810.7,2877.3,2765.5,3133.3,3203.6,3265.8
2207.1,2608.2,2619.2,2789.7,2791.8,2866.8,2958.3,3445.8
2671.8,2827.9,2877.5,2822.6,2983.9,3354.4,3435,3531.1
2384.5,2403.6,2510,2683.1,2901.3,2960.3,2971.7,3161.1
2148.6,2168.9,2210.5,2604.4,2901.4,2886.2,2871.9,3365.5
2165.5,2475.8,2489.3,2831.9,3022.1,3094.4,3197.3,3802.4
1533.3,1687.5,2865.9,2852.7,2887.7,2916.2,2943.2,3040.2
1946.5,2266.5,2771.2,2792.5,2787.3,2792.3,3116.9,3413.5
2117.3,2713.5,2819.9,2817.9,2815.6,2865.2,3207,3424.2
1542.8,2464.5,2949,3046.5,3058.7,3070,3260.3,3436.9
2218.8,2328.8,2452.3,2666.3,2666.7,2698.5,2721,2759
2125.6,2215.9,2308,2428.7,2519.3,2749.6,2971.2,3460.1
2175.4,2398.9,2593.7,2621,2607.9,2649.2,2700.1,3235.7
2034,2396.2,2558.3,2575.5,2546.4,2670.7,2815.5,2866.5
2097.3,2121.8,2357.9,2571.5,2503.2,2533.2,2800.1,3013.2
2084.2,2176.6,2454.7,2687.8,2654.4,2787.9,2977.6,3016.5
1433.6,1910.1,2433.7,2470.9,2438.5,2483.2,2686.2,2723.7
1626.5,1878.9,2788.4,3034.2,3096.4,3092.1,3267,3417.4
2234.9,2486.8,2611.2,2841.9,2786.9,2915,3002.4,3097.4
2132,2669.8,2743.3,2461.8,2903,2919.4,2927.4,2931.5
1686.7,2262.5,3004.6,3013.2,3031.3,3072.3,3095,3177.2
1892.5,2625.2,2803.4,2823.6,2791,2947.8,3222.4,3787.1
2400.5,2392.6,2443.8,2504.7,2543.2,2534.9,2585,2756.4
2744,2732.9,2750.4,2749.3,2774.8,2804.5,2864,3305.3
2352.7,2380.4,2391.1,2415.6,2453,2496.3,2550.3,2570.9
1795.5,1871.4,1895,2064.7,2329.4,2806,3288.5,3335.8
1863.8,2003.5,2109.5,2206.1,2256.3,2513.1,2889.7,3058.3
2211,2773.9,2814.9,2817.4,2828.5,2996.4,3244.1,3712
2647.3,2734.8,2773.2,2777.5,2737.8,3060.7,3244.9,3332.7
2551,2590.4,2672.9,2730.9,2753.5,2799.9,2923.5,3006.6
2463.4,2742.6,2773.6,2736.6,2786.7,2984.8,2954.2,3653.1
2654.5,2745.4,2756.9,2753.9,2774.8,3025.5,3249.2,3526.6
2573.8,2713.7,2684.4,2770.6,2798.1,2821.9,2877.8,2882.4
1973.6,2365.4,2390.7,2847.6,2958.2,3144.4,3361.8,4278.5
2144.4,1912.3,1940.5,2812,2890.6,2892.1,2922.5,2970.8
2067.1,2535.3,2661.1,2923.3,2935.4,2943.8,3125.3,3225.6
2384.2,2459,2509.3,2514.6,2525.2,2958.9,3217.4,3419.5
2417.9,2710.6,2731.1,2743.5,2758.6,2763.7,3155.6,3333.1
2603.3,2771.4,2771.8,2795.4,2790.3,2862.8,3026.2,3187.5
2280.4,2294.4,2675.6,2692.4,2817.9,2852.1,2895.3,2947.7
1890.2,2635.2,2658,2666.8,2648.4,2738.7,2930.5,3109.1
2458.6,2553.2,2544.2,2581,2691.5,2887.5,3164.6,3400.9
2034.5,2089.9,2083,2630.5,2674.6,2635.7,2701.9,2850.3
1782.8,1810.1,1894.5,2775.6,2787.4,2764.6,2789.1,2866.6
2628.3,2700.3,2687.7,2762.7,2874.4,2872.7,3063.9,3325.1
2245.4,2406.4,2466.2,2447.1,2801.5,3200.7,3371.4,3499.5
2098.6,1822.9,2506.2,2744.1,2769.4,2722.6,2813.4,2898.7
1872.4,2029.8,2451.3,3043.7,3092.9,3154.5,3316.2,3504.5
1455.7,1731.8,2298.3,2675.5,2670,2670.7,2728.2,2807.9
1941.5,2051.7,2048.7,2085,2128.1,2551.1,3128.8,3234.5
2320.4,2468.3,2495.2,2552.3,2731.3,3033.6,3166.8,3349
2321.5,2708.9,2717.2,2811.7,2846.7,3057.2,3422.2,3752.2
1871.9,2412.8,2689,2690.6,2694.1,2776.8,3529.3,3739.6
1962.7,2477.6,2778.9,2787.1,2933.1,3184.4,3509.7,3904
2576.9,2633,2644.1,2649.6,2663.3,2688.6,2733.4,2978.9
2236.6,2253.1,2259.2,2318.7,2458.1,2539.7,2525.9,2607
2128.6,2231,2453.3,2477.7,2607.9,2716.1,2716,2800.9
2167.6,2309.8,2362.5,3110.2,3246.8,3374.6,3655,4123.1
2579.3,2653,2665.6,2654.3,2684.3,2727.8,2730.8,2873.1
2571.4,2592.8,2590.9,2607.2,2767.2,2820.1,2850.6,3063.4
2065.7,2073.3,2094.7,2161.7,2921.1,3154.8,3267.6,3288.7
1898.8,2094.2,2678.7,2690.3,2669.9,2689.5,2749.9,2943.8
2413.1,2401.7,2379.9,2643,2693.4,2686.2,2736.7,2818.2
1977.9,1768.8,2226.3,2805.4,2776,2815.9,2973.6,3153.1
1985.5,1836.8,2134.4,2613.1,2563.4,2597.8,2705.2,2936.2
2036.5,2144.8,2365.3,2578.5,2613.5,2604.8,2878,2961.1
2085.4,2168.2,2112.8,2100.2,3156.6,3587.2,3630.8,3673.5
1989.9,1985,1973.4,1990.4,2003.2,2132.5,3005.1,3015.6
2167.6,2173,2192.8,2271.2,2451,2880.3,3453.1,3744.9
2093.5,2347.7,2336.6,2351.8,2597.2,2966.7,3622.1,3746.4
1954.2,1755.3,2149.7,2468.3,2468.5,2466.8,2483.4,2522
1704.8,1971.3,2589.1,2635.4,2627.2,2659.8,2793.7,3069.6
1624.6,2048.9,2605.7,2596.5,2601.7,2692.7,2833.7,3229.2
1940.8,2011.9,2724.7,2799.7,2801.6,2900.5,3007.5,3128.1
2285.5,2339.5,2454.8,2650.9,2740.6,2760.7,2823.5,3025.8
2626.6,2633.5,2630.5,2653.4,2726.9,2988.4,3787.4,3779.1
1580.3,2295.3,2649.9,2778.6,2783.6,2865.3,2942.5,3108.1
2103.4,2098.8,2064.8,2265.3,2837.8,3276.8,3438.8,3475.6
2119.1,2266.3,2095.6,2203.3,2536.7,2614.7,2749.5,2905.1
2022.4,2414.2,2459.2,2465,2604.1,2784.6,2920,3481
2307.6,2721.3,2729,2728.3,2724.7,2776,2852.9,2941.7
2151.4,2527.2,2539.7,2541.8,2536.9,2570.8,2990.9,3637.2
1956.9,1961.4,1968.4,1982.7,2015,2016.6,2792,3409.2
2505.9,2551.2,2488.8,2557.7,2583.5,2616.9,2649.8,2652
2308.9,2383.7,2481.4,2531,2571.2,2599.5,2673.3,3535.1
1993.4,1687.5,2687.2,2728.4,2716.4,2739.6,2832,3181.5
2187.9,2001.1,2583.5,2891,2781.9,2895.3,3157.1,3226.5
2024,2126.8,2295.9,2291.4,2283.5,2324.4,2695.6,2802.6
2281,2533.1,2565,2578.3,2600.7,2696.5,2874.3,3209.1
2097.6,2158.6,2584.5,2796.7,2785.2,2823.6,3144.4,3400.5
1881.6,1554.3,3015.4,3017,3000.6,3050,3129.6,3157
2384.7,2441.1,2443.8,2678.9,2721.9,2764.2,2784.7,2800.6
2612.9,2820.4,2617.1,2852.3,2871.6,2891.7,2911.7,2924.4
1998,2002.1,2062.8,2218.4,2309.9,3041.5,3125.5,3186.6
2214.1,2387.1,2575.1,2570.8,2572.1,2616.9,2947,3288.3
2450.4,2734.1,2829.4,2848.8,2804.2,2875,3052.5,3092.8
2654.2,2784,2801.8,2810.1,2797.8,2869.5,2974.3,2968.3
2257.3,2018.5,2233.4,2820.5,2875.6,2878.6,2929.8,2957.6
2637.4,2625.1,2679.5,2714.5,2784.4,2814.4,2817.7,2822
2494.3,2508.9,2516.4,2513.9,2530.8,2756.5,3099.6,3238.9
1975.4,2200.3,2476.6,2678.6,2679.4,2695.4,3036.5,3269.7
2643.5,2712.9,2725.7,2730.9,2719.9,2801.1,2850.2,2872.1
2133.9,2310.4,2333.2,2372.3,2410.4,2857.7,3355.9,3468.9
2654.6,2716.5,2651.3,2726.9,2743.5,2756.9,3319,3408.1
2314.3,2132.6,2650.7,2717.5,2697.9,2719.6,3243.4,3523
2118.1,2244.1,2753.2,2767.5,2763.4,2792.5,3034.6,3375.5
2584.4,2587.2,2613.5,2978.3,2991.1,2971.9,3098.2,3363.3
2464.4,2510.9,2660.7,2637.4,2748.2,2778.5,2837.4,2896.1
1743.6,1658.6,2613.3,2683.9,2671.6,2685.3,2896.6,3935.7
1942.4,1865.5,1888.9,2653,2793.4,2774.5,2794.4,2836.9
1761.3,2007,2575.9,2693.8,2775.6,2842.9,3085.9,3303.7
2631.2,2659.4,2638.5,2704.9,2776.9,3043.6,3382,3538.5
1889.6,1890.4,2849,2919.2,2983.7,2864,3060.6,3198.9
2448.9,2505.7,2827.2,2849.6,2852,2853.7,3029.1,3476.7
2797.5,2740.7,2826,2828.2,2841.3,2861.2,2901.3,3035.7
2374.9,2630.2,2636.5,2638.5,2662,2802.4,3179.2,3678.3
1734.2,1897.3,1901,1909.9,1932.3,1968.5,2553.9,3115.9
1976.3,1977.9,2009.8,2066.3,2109.2,2145.3,2126,3057.3
1964.8,2117.4,2649.5,2779.7,2763.9,2808,2976.3,3240.8
2135.8,2780.8,2773.1,2800.2,2807.7,2809.9,2826.6,3098.8
2410.4,2562,2442.7,2725.9,2733.7,2729.7,2739.6,2816.5
1968.4,2000.6,2040.2,2177,2355.9,2498.4,3109.4,3182.1
1961.5,1965.4,2568.1,2578.4,2593.9,2598.5,2601.3,2640
2311.2,2629.3,2497.2,2678.9,2692.9,2710.3,2710.3,2756.3
2574.3,2657.9,2664.5,2666.1,2660.8,2691.6,2821.7,2787.4
2600.6,2706.5,2710.2,2727.5,2754.4,3314.7,3517.6,3695.8
1845.3,2014.5,2677.3,2735.5,2746.7,2763.3,2831.5,3044.7
2229.3,2550,2466.5,2751.2,2760.1,2769,2781.5,2805.6
2447.8,2519.1,2556.7,2582,2596.3,2634,2683.5,2790
1919.6,1781.3,2071.3,2679.7,2733.4,2704.3,2768.1,2857.6
2606.2,2855.7,2805.3,2741.4,2965.9,3002.9,3026.5,3097.2
2430.5,2476.4,2437.6,2571,2693.2,2773,2763.7,2759.4
1598.2,1842.8,2586.2,2605.7,2624.8,2662.2,2728.7,3096.7
1959.9,2284.9,1914.9,2918.4,2935.8,2924.6,2945.2,3008.2
2642.9,2488.6,2632.7,2666.5,2671.9,2679.7,2684,2691.6
1804.4,1674.4,2696.2,2708.8,2693.3,2706.4,2759.7,2848.1
2306.4,2586.8,2669.8,2769,2775.1,2785.2,2798.2,2956.2
2571.3,2731.4,2643.3,2688.8,2854.3,2969.7,2917.9,3020.6
1873.5,1926.4,2037.6,2204.3,2253.1,2285.5,2474.4,2739
1961.2,2010.4,2131.8,2247.5,2265.5,2422.6,2600.4,2753.3
1922,2102.1,2635.4,2646,2649.4,2689.2,2749.8,2793.9
2175.5,2329,2183.3,2398,2808.7,2810.6,2816.8,2825.2
1666.5,1675.4,2490.7,2751.2,2792.4,2699,2868.9,3164.8
2435.1,2834,2722.2,2695,2870.6,2887.6,2876.7,2910.6
2617,2639,2702.1,2699.2,2696.9,2746.9,2814.4,2843.7
2539.7,2598.8,2544.1,2749.7,2828.9,2842.1,2849.5,2867.9
2417.3,2448.2,2628,2736.1,2864.8,2850.3,2916.6,3013.2
2783.5,2802.5,2803.6,2814,2808.5,2837,2885.1,2896.4
2551.1,2603.8,2640,2646.3,2660.8,2809.4,2886.2,2936.7
2593.9,2662.4,2701.3,2701.7,2706.7,2732.1,2783.6,2799.6
1928.5,2942.9,2799,3088.2,3081.4,3083.3,3105,3159.2
1911,1845.9,2406.1,2554.7,2544.3,2562.1,2615.2,2673
2123.9,2802.9,2907.6,2931.3,3025.4,3489.2,3950.6,4156.2
2123.9,1868.1,2692.1,2777.3,2800.2,2735.8,2828.9,2964.2
2594.5,2573.1,2669.6,2741.1,2746,2750.2,2765.6,2765.8
2349.6,2495.7,2330.1,2751.9,2799.3,2766.9,2826.1,3023
2333.1,2383.6,2644.9,2639.1,2654.3,2815.9,2995.3,3064.7
2411.1,2575.8,2400.7,2645.6,2808.9,2818.8,2834.1,2846.4
2314.2,2764.5,2765.2,2773.2,2764.4,2774.9,2818.6,2835.9
2106.8,2164.5,2153.4,2140.9,2273.4,2623,2904.2,2952.3
2371.1,2551.6,2581.6,2575.1,2582,2623.8,2687.8,2755.5
1962.4,1991.5,1991,2042.7,2237.3,2617.4,2743.3,2775.2
2580.5,2712.3,2660.7,2727.2,2770.7,2784.4,2787.2,2790.4
2542.7,2793.2,2796,2802.2,2798.8,2817.2,2853.1,3241.3
2477.4,2524.5,2526.5,2532.9,2562.4,3030.7,3192.5,3461.8
1900,2339.5,2605,2610.3,2593.7,2624.1,2674.5,2826.1
2702,2798,2808.9,2815.1,2818.2,2838.1,2890.8,3156.7
2332.9,2520.8,2639.1,2672.1,2668.4,2692.6,2904.9,3166.2
2662.4,2700.4,2709.4,2705.1,2775.5,2858.1,3179,3388.8
1932.1,2100.2,2723.7,2715.4,2764.7,3106.3,3721.3,4320
1879.6,2783,2961.2,2993.7,3031.9,2959.5,3061.7,3096
2639,2655.2,2621.1,2667,2670,2694.4,2713.1,2721.6
2625,2609.8,2526.5,2708.5,2714.1,2720.7,2731.9,2775.7
2566.6,2751.5,2600.5,2537.8,2789.9,2845,2854.6,2880.3
2711.5,2745.9,2757,2758.7,2767.5,2794.9,3024.6,3189.9
2389.6,2530.6,2770.8,2873.7,2836.8,2898,2976.9,3094.4
2307.4,2469.1,2313.7,2762.1,2817.3,2799.5,2807.1,2857.2
2535.4,2700.2,2453.8,2696.2,2905.8,2917.3,2933.2,2957.5
2788.4,2882.8,2803.5,2889.1,2887.8,2904.1,2932,3089.8
2133.4,2185.8,2215.9,2225.6,2295.2,2609.3,2946.5,3005.3
2425.6,2448.8,2515.4,2523.9,2599.8,2842.7,2887.9,2910.6
2511.6,2624.9,2638.2,2626.1,2679.6,2752.7,2778.5,2870.4
2686.7,2315.1,2714.6,2810.4,2814,2827.6,2862.5,3104.2
2048.1,2342.1,2744.9,2791.2,2763.1,2887.3,3176.2,3535.6
2487.8,2574.9,2595.9,2690,2706.3,2725.1,2743.3,2750.5
2447.6,2637.3,2746.1,2754.9,2785.8,2818.1,2873,2986.4
2137.9,2536.9,2741.1,2750.7,2729.1,2749.3,2790.5,2789.6
2640.3,2765.4,2763.4,2785.6,2829.8,2913.9,2921.5,3175.4
2221.1,2315,2468.3,2765.3,2760.9,2889,2960.8,3010.8
2673.1,2718.1,2739.4,2757.2,2736.5,2793.3,2851.1,2847.2
2645.3,2702.3,2815.6,2834.8,2857.7,2880.5,2917.5,2955.7
2597.7,2667.3,2674.7,2668.2,2670.1,2697.5,2770.2,3001.9
2559.8,2639.1,2713.7,2729,2727.8,2747.1,2759.5,2764.7
2604.9,2701.7,2776.9,2814,2875.2,2953.6,2992,3049.8
2520.9,2752,2876.3,2875.9,2941.7,2975,3119.5,3239.7
2396.8,2167.5,2523.4,2773.2,2787.6,2787.9,2820,2901.9
2391.8,2476.7,2527,2506.8,2558.6,2576.5,2589.9,2603.1
1977.4,2268.1,2305.5,2342.2,2369.2,2438.9,2514.2,2603.3
2394.3,2661.8,2592.2,2823.3,2832.4,2832.3,2841.6,2880.5
2162.4,2390.6,2510.4,2503.8,2495,2519.2,2939,3489.5
1570.1,2539.5,2537,2620.6,2446.2,2821.1,2920.1,3007.6
2633.9,2677,2700.7,2701.3,2694.3,2719.1,2742.2,2833.8
2739.5,2599,2740,2743.7,2748.1,2757.4,2781.3,3377.7
2588.2,2681.7,2848.9,2888,2884.7,2904.9,2967.4,3090.6
2197.5,2533,2489.6,2703.9,2874.4,2882.4,2961.7,3130.3
2385.3,2317,2509.3,2777,2779.8,2795.5,2842.1,2946.6
2129,2375.5,1907.7,2865.2,2881.9,2851.8,2871.3,2948
1592.6,2136.1,2633.3,2653.5,2638.3,2669.7,2743.2,2840.3
1913.9,1947.8,2057.5,2191.9,2412.9,2748.8,3034.6,3218.9
2767.1,2746,2820.2,2876.6,2906.5,2911.2,3045.5,3359
1606.7,2443,2467.1,2469.5,2453.1,2505.6,2586.3,2718.6
2402.9,2734.4,2726.7,2776.9,2939.7,2827.7,3228.4,3345.1
2336.8,2528.9,2559.3,2604.3,2578.3,2445,2519.2,2911.8
2616.1,2622.6,2700.3,2726.3,2641.7,2842.3,3055.5,3121.1
2503.6,2545.7,2607.3,2589.8,2526.9,2853.8,3068.5,3032.9
2748.3,2768.9,2813.8,2833.4,2821.3,2791.4,2966.2,3137.4
2648.6,2803.1,2847.5,2857.5,2871.5,2865.4,2890.4,2921.3
2181.5,2602.4,2784.8,2800.7,2793.2,2947.6,2969.5,2922.1
2352.9,2415.8,2796.5,2929.1,2990.9,3292.4,3580.4,3515
2128.4,2515.7,2833.5,2835.3,2824,2810.2,3077.4,3156.8
2190.4,2801.1,2801.3,2802.8,2811.7,2789.1,2794.4,2809.9
2411.5,2547.5,2729.7,2796.8,2786.5,2771.6,2835.8,3407.6
1442.1,1539.6,2351.9,2407.8,2501.7,2458.2,2451.8,2607.1
1622.5,1721.3,1875.6,2472,2593.5,2619.8,2676.1,2942.3
1483.4,2226.7,2416.5,2475.2,2582.6,2771.4,2970.4,3097.8
1208.2,1388.4,2914.6,3015.1,3134.2,2991.4,3255.6,3295.1
2003.8,2075.4,2884.4,2915.4,2768,3255.7,3835.3,4479.7
2335.5,2463.1,2486.9,2500.7,2381.1,2504.8,2542.1,2541.6
2051.6,2091.1,2195.3,2193.3,2114.9,2107.2,2309,2559.2
2192.5,2529.7,2578.4,2589.1,2300.1,2684.8,2646.1,2623.3
1575.8,1748.6,1931.1,2129.6,2191.6,2197,2203.3,2234
2108.6,2185.7,2277.3,2507.6,2537.8,2543.3,2528.7,2548.1
1782.5,2004.9,2099.1,2108.2,2087.6,2022.7,2237.1,2722.2
1888.1,2347.9,2183.6,2451.4,2456.9,2463.8,2459.4,2468.1
1677.2,1861.5,1762.6,2789.1,2820.2,2822.1,2802.5,2803.3
2234.4,2545.2,2760,2733.8,2926.5,2930.7,2939.5,2956.7
1590.5,2042.8,1613.6,2538.1,2545.4,2543.4,2587.2,2624.3
1866,1710.2,2299.9,2307.9,2296.8,2277.9,2320.3,2457.5
1992.7,2434.2,2449.1,2472.3,2491.1,2567.1,2601.7,2759.5
1576.1,1609.7,1607.8,2182.5,2198.8,2187,2192.8,2218.5
1596.5,1975.3,1983.6,1893.3,1906.2,2121,2275.4,2304
1594.1,1810.6,1807,1794.6,1796.3,1815.4,1824.8,1925.1
2441,2442.7,2473.6,2468.4,2483.7,2484.6,2495.4,2683.9
2312.9,2549.7,2724.6,2718.2,2748.8,2744.6,2737,2766.9
2034.7,1942.2,2354,2535.4,2854.8,2849.6,2816.8,2828.7
1713.7,2537.7,2819.4,2757.2,2795,2907,2909.7,2898.7
1782.6,2123.5,2556.1,2531.2,2657.4,2681.8,2678.5,2690.4
2167.3,2410.5,2796.4,2911.1,2958.4,2795.1,3238,4012.6
2002,2231,2387.3,2097.2,2554.4,2642.7,2635.5,2625
1992.8,2235.3,2035.6,2504.5,2616,2615.2,2598.3,2621.3
2170.1,2296.6,2283.1,2121.8,2347.7,2372.7,2360.8,2350.4
2032.8,2640.8,2663.2,2540.1,2858.7,2859.6,2851.6,2855.3
1708.7,2194.7,2676.3,2375.8,2486.7,2773.1,2765.5,2763.2
2135.2,2522.4,2729.9,2784.1,2587,2856.3,2903,2861.1
1609.8,2482.2,2491.1,2504.4,2495.1,2540.8,2583.4,2608.2
2372.4,2478,2486.3,2482.3,2498.3,2529.7,2552.2,2734.4
2190,2417.1,2370,2462.3,2507.5,2543.5,2516.2,2555.6
1996.5,2431.5,1709,2461.2,2656,2652.3,2656.9,2668.6
2380.4,2574.7,2731.7,2768.9,2809.1,2795.9,2815.4,2874.2
2271.5,2509.1,2753.4,2861.1,2962.8,3371.5,3738.1,3836.9
2331.4,2623,2632.8,2552.8,2784.7,2785.8,2771.8,2806.1
2694.3,2696.5,2707.5,2710,2753.4,3104.9,3976.4,4318.5
2284.3,2604.5,2623.8,2632.5,2620.4,2640.2,2678.7,2730.7
1940.4,1799.3,2325.6,2652.2,2671.5,2631.5,2727.5,2864.7
1687.4,1700.4,2233.8,2526,2398.2,2588.7,2928.7,3599.4
2254.2,2614.7,2695.9,2735.7,2676.9,2751.1,2733.7,2741
1904.6,1977.4,2028.3,1856.3,2438.3,2870.7,2908.4,2843.3
1793.5,1574.5,2158.6,2739.6,2784.4,2799.8,2904.9,3038.5
2068.2,2138.4,1772.1,2581.3,2562.3,2577.1,2622.7,2667.3
1416,2331.6,2434.8,2501,2496.1,2519.5,2527.5,2540.4
1913.9,1949.5,1829.4,2109.2,2435.9,2451.2,2436.1,2455.4
2016.4,2163.3,1958.8,2149.9,2508,2509.9,2525,2544.3
1304.7,1877.4,2097.8,2098.4,2092.3,2093.7,2283.9,2503
1876,1880.5,1771.7,1779.8,1951.8,2787.2,2748.8,2693.4
1960.6,2014.1,1957.9,1950.1,2064.9,2418.8,2757.2,2895.2
1656.7,2156.3,2165.4,2236.2,2227.2,2313.4,2354.9,2412.4
1876.2,2327.3,2393.5,2379.8,2388.9,2532,2537.9,2578.2
2417.7,2476.3,2408,2505.5,2534.7,2552.4,2568.5,2583.8
2414.6,2455.6,2485.1,2767.6,2941.4,3180.2,3329.1,3465.1
2247.1,2789.3,2828.5,2848.1,2868.5,2885.2,2836.2,2879.4
1969.3,2562.7,2656.4,2661.9,2654.5,2665,2682.2,2703.5
1915.6,2214.5,2232.7,2245.2,2295,2384.9,2652.6,2934.4
1687.5,1901.6,1899.3,1890,1901.2,1902.4,2700.5,2845.5
2373.8,2406.9,2434.8,2443,2411.1,2432.5,2470.4,2524.1
2348,2589.4,2591.5,2608.6,2664.7,2709.7,3847.3,4084.1
2414.2,2444.6,2463.1,2469.8,2443.5,2486.8,2540.2,2578.9
1685.6,1753.7,1775.3,1737.7,1765.4,1832.3,1892.8,1940
2107.5,2439.3,2461.4,2436.2,2480.9,2530.7,2522.4,2545.8
1715.8,2488.5,2501.1,2611.1,2615.1,2565.9,2608.7,2707.9
2338.2,2496.1,2521.7,2532.9,2688.5,2840.8,2902.7,2952.4
2145.6,2537.5,2432,2133.8,2666,2778.8,2785,2772
1933.8,2176,2217.4,2259,1938.2,2058.6,2883.8,3174.3
1887.5,2336,2358.1,2339.6,2298.1,2437.4,2617.3,2705.5
1758.9,2528.8,2835.1,2859.8,2887.8,2903.8,2924.3,2975.9
2256.7,2880.5,3041.3,3073.6,3098.9,3115.7,3120.7,3104.7
2284.6,2930.6,2917.3,2937.1,2982.9,2984.5,2981,2975.4
1922.5,2305.6,2370.1,2536,2215.4,2422.9,3136.5,3166.4
2446.3,2923.3,3079.6,3034.6,3105.7,3183.4,3127.6,3145.1
1748.6,1884.6,2248.2,1932.1,2735.4,2881.1,2941.7,2946
1586.5,1750.3,1663,2702.3,2681.6,2625.6,2827.6,2957.9
1455,1600.9,1758.5,2647.1,2689.5,2632.5,2664.3,2793.7
1638.5,2258.5,1943.8,2753.3,2858.2,2857.6,2833.5,2895.3
1735.3,1823.3,1877.8,2238.7,2668.6,2786.7,2751.4,2792.8
2061.5,2109.7,2102.1,2091.3,2225.9,2447.8,2624.5,2964.1
1722.6,1995.4,1715.6,2166.8,2576.3,2771.4,2771.4,2778
2180.6,2480.3,2424.2,2345.5,2517.8,2575.4,2580.4,2573.6
2179.3,2553.9,2628.8,2598.8,2498.9,2694.7,2711.1,2709.2
2726.8,3216.7,3165,3201.5,3232.6,3317.6,3398,3456.9
2339,2493,2674.5,2731.6,2793.6,2696.8,2731.6,2876
2119.2,2476.1,2558.5,2586.3,2575.9,2598.7,2636.3,2675.7
1809.9,2368,2739,2764,2765.9,2768.2,2802.8,2894.7
2047.9,2484.3,2494.1,2502.3,2490.5,2496.7,2534.3,2569.2
1569.3,1853.5,2336.3,2631.3,2654,2652.9,2628,2670
1669.1,1823.2,2133.9,2604.3,2611.5,2607.5,2588.2,2708.6
1269.7,1716.4,2363.3,2376.2,2358.3,2342.8,2374.9,2475.6
1493.2,1595.9,1592.6,1598.1,1580.8,1588.4,1573.7,1666.6
1695.7,1780.1,1772.4,1781,1774.6,1814.7,1832.9,1825.7
2124,2424.8,2609.2,2720.3,2910.9,2926.5,2934,2960.4
1874.1,1903.3,1984.4,2004.9,2015.4,2034,2115.6,2221
1582.7,1578.3,1963.6,2250.9,2262.5,2186.9,2192.4,2431.4
2061.8,2258.2,2255.9,2287.6,2227,2167.5,2306.7,2328.8
1902.9,2218,2476.2,2479.9,2450,2469.4,2498.4,2529.7
2411.3,2439.3,2438.8,2464.4,2433.2,2453.5,2468.1,2498.3
1776.3,2319.1,2389.8,2330,2428.5,2491.7,2563.3,2629.5
2085.2,2451,2511.4,2352,2651.2,2722.5,2757.5,2686.8
2140.7,2191.4,2287.1,2602.2,2606.2,2591.4,2632.6,2690.7
1950.8,2334.2,2647.9,2719.4,2796.3,2672.9,2630.4,3066.2
2248,2264.4,2332.9,2351.4,2389.2,2512.5,2585.5,2746.8
1782.4,2441.1,2428.7,2483.1,2516.6,2546.8,2559,2624.3
1810.7,2153.7,2192.1,2563.6,2572.5,2578.2,2600.8,2635.3
2405.4,2490.3,2508.4,2523.1,2502.1,2540.4,2582.2,2600.8
1590.1,1900.8,2087.3,2075.8,2077.4,2117.9,2276.5,2382.8
2036.3,1498.8,2463.1,2470.5,2463.5,2475.4,2650.7,2582.5
2342.3,2668.4,2229,2812.2,2817.2,2800.7,2798.1,2836.3
2250.4,2654.6,2248.2,2785.2,2784.4,2777.9,2779.9,2900.4
1704.7,2314,1856.6,2382.2,2633.8,2649.5,2639.4,2681.4
1581.3,2054.9,2291.2,2330.5,2310.1,2331,2408,2473.3
1787.9,2117,2136.6,2066.5,2091.7,2211.6,2490.1,2494.3
2003.5,2023,1983.1,2005,2124.2,2161.7,2268.6,2483.1
1530.2,2137.2,2315.7,2320.1,2307.9,2327.4,2338.4,2345.2
1649.3,2234.1,2423.7,2409.3,2421.1,2454.7,2484,2520.5
2037.1,2482.5,2462.7,2599.9,2623.1,2575.1,2682.9,2779.4
2338.9,2616.6,2384.9,2822.3,2846.5,2849,2853.4,2887.6
2189.5,2519,2784.2,2836,2847.5,2851.6,2846.4,2857.1
2366.6,2729.3,2761.5,2765.4,2804.3,2828.5,2845.6,2895.8
2158.9,2461.5,2644.8,2625.3,2649.1,2764,2804.8,2792
1730.7,1911,2090.1,2376.7,2393.3,2327.9,2384.4,2476.6
1432.9,2371.9,2490.4,2584.7,2573.6,2676.5,2708.9,2730
1834.3,2000.2,1999.6,1962.2,1945.1,2160.3,2432.4,2418.8
1856.3,2018.5,2253.7,2675.4,2669.8,2668.7,2691,2728.9
1828.5,1404.1,1871.4,1853.9,1767,1798.4,2390.8,3124.8
1875.3,2161.1,2288.6,2314,2241.1,2357.5,2361.6,2362.3
2282.6,2407,2988,2724.6,2891.8,3007.8,3005.1,3012.9
2065.2,2256.1,2453.5,2449,2505.9,2499,2845.5,2890.2
1530.2,2403.7,2658.2,2577.9,2671.5,2678.7,2687.6,2692.6
1405.8,1691.2,1912.5,2164.3,2745.6,2809.3,2807.9,2811.7
1455.6,2004.8,2343.9,2467.3,2651.3,2851.5,2853.3,2973
1947.6,2338.1,2359,2342.9,2391.6,2432.5,2418.4,2489.8
2046.1,2166.7,2189.7,2112.3,2109.5,2202.1,2595.3,2810.6
1711.3,2127.7,2148.8,2682,2990.8,2993.6,2973.8,3022.4
2028.4,2155.7,2188.2,2949.8,2991.5,3006.3,2980,3003.8
1926.9,2198.6,2541.5,2560.4,2846.5,2955.1,3072,3189.1
1803.5,2264.8,2531.2,2592.7,2651.3,2856.4,3006.7,3072.6
2245.9,2359.1,2659.1,2502.6,3035,3047.9,3048.6,3023.8
2633.3,2802,2742.6,2807.1,2789.3,2817.6,2862.2,2898.5
2312.3,1853.5,2810.5,2788.2,2802.3,3022.6,3351,3589.9
1696.8,1591.9,1638.8,1928,2324.5,2690.3,2792.7,2761.6
1768.3,1827.5,1846.1,2445.1,2616.2,2598.3,2573.8,2606.9
1643.4,2017.3,2091.2,1561,2576.5,2582.4,2520.8,2552.4
1669.1,2439.7,2677,2384.3,2717.9,2717.5,2692,2698.6
2636.8,2813.9,3073.1,3018.1,3118.1,3149.1,3163.7,3123.1
2065.5,2484.8,2598.2,2171.3,2470.2,2658,2658.2,2644.8
1628.1,2105.7,1973.8,1781.2,2638.8,2644.1,2627.1,2616.8
1556.1,1760.6,1960.3,2106.5,2479.4,2498.5,2505.2,2494
1903.8,2050.1,2066.3,2009.1,1985.7,2054.9,2349.2,2383.8
1961.2,2049.3,2078.3,1957.9,2042.5,2141.1,2498.3,2623
2243.4,2625.2,2616.1,2802.7,2878.1,3188.9,3063.4,3249.5
2436.1,2334.3,2285.3,2822.1,2837.6,2912.7,3100.2,3354
2492.1,2907.5,2908.8,2924.6,2928.2,2924.2,2913.5,2975.3
1779.1,2433.4,2517.5,2664.6,2664.3,2673,2665.1,2685.8
2291.2,2563.1,2614.8,2673.6,2536.8,2727.9,2827.4,2951.3
1992.6,2777.7,2858,3062.1,3147.5,3220.9,3348.4,4002.5
1856,1580.4,2249.3,2321.8,2318.8,2322.6,2349.2,2442.2
2198.4,2889.9,2866,3005.9,2971.9,3055.9,3038.4,3059.3
1766.6,1868.4,1918.9,2525,2920.5,2960.3,2921.3,3024.9
1148.9,2440.2,2696.4,2755.1,2762.4,2778.5,2769.7,2856
1838.7,2333.5,2688.8,2715.5,2788.3,2839.2,2803.3,2813.1
2472.1,2627.6,2857.7,2859.9,2885.6,2883.7,2864.3,2897.3
1345.3,1408.3,2163.9,2174.5,2120.9,2162.6,2218.6,2318
1458.6,1703.4,1718.7,1962.5,2068.7,2025.3,2032.8,2195.2
1915.2,2333.8,2596,2878.2,2946.1,2969.7,2952.4,3079.5
1662.7,1802,2133.6,2133.2,2106.6,2125.3,2143.1,2147.7
1667.2,2285.7,2348.5,2404.5,2442.2,2465.6,2561.9,2704.9
2205.9,2726.2,2756.2,2860.8,2803.4,2932.7,2918.9,2903
1334.1,1900.5,1875.4,2106.1,2600.7,2631.7,2642.1,2669.5
1267.5,1947.5,2030.5,1886.9,2180,2339,2475.9,2469.5
1653.1,1645.1,1627.5,2618.8,2811.9,2949.7,2743,2806.9
2175.6,2337,2467.3,2935.9,3148.6,3156.7,3165.1,3298.5
1821.2,1651.5,2340.5,2854.2,2882.9,2898.5,2917.8,2931
1219.5,2485,2574.8,2605.6,2611.7,2622.9,2630.5,2669
1538.3,1746.8,1718.4,1717.3,1869.1,2237.5,2351.8,2379
2293.4,2307.1,2291.1,2384.5,2465.7,2566.9,2712.5,2996
2412.8,2423.7,2436,2480.5,2545.9,2623.7,2896.3,3157.3
2192.4,1979.8,2389.5,2409.8,2349.9,2331.2,2526.7,3594.6
2342.7,2036.7,2630.7,2603.9,2643.7,2819.1,2973.8,3147.6
2135,2165.9,2165.8,2192.7,2240,2332.6,2432.1,2918
2214.3,2207,2202.2,2242.9,2319.5,2708,2894.4,2937.6
2291.8,2313.3,2301.8,2297.6,2382.4,2861.4,3144.7,3077.5
2478.4,2509.2,2525.2,2545.5,2587.5,2645.4,2732.9,2841.1
2315.3,2414.5,2566.1,2563.7,2557.8,2707.1,2886.2,2985.4
2054.4,2248.4,2518.9,2492.7,2602.5,2826.3,3106.5,3085.3
2697.4,2748.7,2812.7,2817.8,2776.5,2864.5,2920.2,2940.4
2594.8,2644.8,2675.4,2621.4,2679.1,2890.4,2939.2,2948.2
2375.6,2403.9,2452.2,2448.4,2589.9,2686.1,2718.4,2734.5
2373.8,2427.7,2406.6,2454.9,2499.2,2630.6,2854,3191.2
2559,2485.3,2613.6,2666,2704.1,2743.8,2796.6,2926
2403.5,2429.2,2359.4,2500.2,2541.3,2620.7,2789.3,2895.5
2368.8,2442,2493.8,2559.4,2635,2679.2,2851.2,2931.1
2209.1,2256.1,2325.7,2406.2,2472.7,2478.1,2642.6,3204.3
2360.1,2369.2,2381.5,2384.6,2381.8,2409.6,2513.6,3217.8
2375.3,2328.8,2391.6,2446.3,2542,2601.4,2639.7,2661.1
2373.7,2425.3,2515.2,2754.9,3142,3489.4,3765.8,4103.8
2317.4,2334.9,2358.3,2405.8,2456.6,2463.5,2628.3,3075.2
2246.8,2269.2,2294.6,2339.2,2398.2,2473.2,2535.6,2825.5
2326.2,2361.3,2371.5,2372.7,2447.9,2542.5,2647,2746.4
2151.5,2132.3,2127.7,2177.3,2316.4,2590.1,2809.8,2891
2154.3,2160.8,2167.9,2177.5,2186.9,2183.7,2371.1,3219.1
2488.9,2502.7,2535,2543.2,2569.8,2593,2646.2,2661
2163.5,2298.1,2318.1,2309.9,2304.6,2317.8,2838.5,3149.8
2397.2,2426.7,2462.9,2469.4,2458.1,2492.3,2583.7,2944.1
2174.2,2200.9,2159.7,2173.3,2298.5,2392.8,2510.5,2521.3
2582.3,2662.7,2724,2756.8,2883,3024.8,3152.4,3495.9
2238.3,2251.2,2264.2,2284.7,2292.9,2298.2,2351.4,2497.5
1957.9,1979.3,2024.3,2076.8,2163.4,2251,2352.5,2357.2
2106.1,2123.5,2137.2,2153.2,2187,2257,2345,2480.2
1955.2,1964.4,1947.7,1970.4,2040.6,2163.1,2803.5,2993.4
1871.4,1887.9,1943,2025.4,2072.8,2210.6,2546.4,3014.4
2196.4,2193.5,2198.4,2251.3,2445.7,2577.8,2745.6,2999.6
2054.2,2083.7,2093.7,2186.2,2296.7,2427.5,2637.1,2906.9
2471.5,2587.9,2560.9,2613.3,2622.8,2601.4,2588.7,2673.4
2445.3,2536.5,2546.8,2545.3,2528.8,2556.9,2643.7,2842.2
2429.6,2447.2,2456.6,2492.6,2544.3,2585.8,2647.7,2722.3
2242.7,2495.2,2502.1,2535.4,2567.8,2620,2795.3,3263.6
2338.3,2414.1,2458.6,2497.8,2518.2,2545.7,2570,2763.2
2373.8,2444.2,2434.5,2440.7,2579.4,2778.6,2843.3,2841.3
2084.1,2089.1,2100.2,2100.2,2130.9,2673.3,3147.6,3254.4
2259.5,2284.2,2285.7,2245.2,2275.2,2352,2548.4,3006.8
2395.6,2396.7,2407.5,2395.4,2406.7,2460.9,2564.9,2711.8
2506.3,2515.1,2537.9,2559.4,2566,2593.1,2643.5,2754.5
2320.2,2332.4,2335.2,2393,2469.8,2515.1,2613.5,2758.4
2214.3,2206.2,2206.7,2318.8,2577.3,2531.6,2484.3,2786.6
2213.8,2228.8,2248.4,2233.2,2251.2,2320.5,2465,2687.9
2260.9,2280,2278.5,2238.5,2314.9,2406.7,2529.8,2648.9
2358.3,2410.6,2474.2,2409.7,2502.6,2634.8,2731.8,2877.9
2453.4,2526.6,2461.9,2668.4,3089.8,3484,4222.3,4300.2
2226,2239,2234.5,2249.9,2281.2,2330.8,2407.1,2773.1
2410.6,2401.1,2445.9,2595.7,2735.3,2758.1,2868.7,3098.1
2325.1,2319.4,2395.5,2448.1,2486.5,2483.9,2525.5,2707.3
2642.5,2643,2783,3190.1,3492.9,3798.5,3918.9,4111
2445,2465.8,2479.4,2477.9,2517.4,2560,2617,2667.4
2105.7,2131.4,2159,2280.8,2429.2,2874.4,2992.1,2993.4
2321.7,2337.6,2407,2468.1,2484.8,2576.6,2746.5,2900.9
2032.1,2029.9,2287.9,2432.1,2453.5,2475.3,2552.9,2825.6
2224.6,2206.7,2322.8,2770.5,2844.9,2708.4,2910.4,3258
2366,2410.6,2441.1,2393.5,2447.9,2579.6,2900.6,3144.5
2507.9,2534.2,2565.9,2606.7,2638.1,2716.9,2792,2938.2
2451.5,2430.4,2467.3,2477.3,2494.4,2516.3,2550.5,2587.9
2231.5,2240.5,2239,2241.5,2252.3,2308.9,2427.2,2838.3
1938.4,1945.3,1965.8,2024.6,2156.4,2693.8,3046.1,3076.6
2027.8,2036.6,2388.4,2469.8,2498.8,2514,2587.7,2682.7
2117.4,2114.7,2231.8,2368.5,2530.4,2599.5,2799.4,2838.5
2531.1,2463.1,2759.8,2802.5,2845,2902.4,3177.1,3839
2250.8,2259.8,2266.4,2288.3,2284.1,2341.7,2584.8,2673.4
2405.1,2444.3,2399.2,2451.2,2602.4,2784.8,2853.8,2938.7
2421.5,2429.4,2430,2533.5,2635.5,2750.3,2868.6,3025.3
2313.7,2317.8,2310.6,2368.2,2453.7,2520.3,2574.3,2657.6
2160,2139.1,2177.1,2268.4,2322.6,2326.1,2453.2,2546.4
2264.4,2283.2,2287.8,2299.9,2306.1,2333.1,2291,3055.4
2159.5,2225.8,2263.2,2316.8,2397.5,2478.4,2817.1,3041.4
2139.8,2186.3,2270.2,2314.3,2150.8,2191.3,2623.7,2956.6
2478.9,2529.4,2540.8,2570.3,2599.2,2651.6,2794.6,3070
2407.7,2413.8,2411.9,2416.9,2442.5,2483.3,2549.3,2732.6
2285,2289.8,2279.5,2322.3,2403.4,2464.1,2540.2,2608.5
2101.3,2052.3,2048.6,2124.1,2229.1,2471.9,2786.9,2819.8
2226.6,2191.2,2250.1,2320.6,2350.8,2556.8,2715.7,2799.2
2390.6,2388.3,2433.4,2482.6,2515.9,2550.9,2627.3,2689.7
2309.1,2352.7,2396.6,2455.8,2485.6,2510.7,2737.5,2937.9
2123.5,2148.2,2199.9,2290.5,2422.9,2638.7,2766.7,2906.8
2198.4,2214.3,2230.1,2261.2,2279.1,2276.4,2419.8,2652.1
2517.6,2591,2605.2,2630.8,2671.4,2809.3,2956.8,3045.8
2265.5,2254.1,2293.7,2370.8,2441.4,2467.5,2505.7,2560.9
2441.4,2464.5,2473.8,2479,2498.8,2532.2,2609.9,2705.6
2272,2367.6,2360.4,2412.5,2433.1,2654.2,2910,2983.2
2238.5,2235.5,2305.6,2312,2345.1,2456.1,2542.4,2568.8
2634.4,2674.1,2766,2792.4,2862.7,3078.9,3337.2,3576.4
2087.1,2078.3,2275.7,2300.5,2288.9,2458.8,2565.1,2705.8
2239,2541.3,2551,2559.5,2539,2708.3,2799.2,2965.2
2385.8,2432.3,2508.2,2495.2,2501.2,2598,2748.5,2896.5
2367.3,2392.7,2341.3,2324.7,2425.1,2950.6,3024,3039.8
2456.6,2364.8,2382.6,2966.1,3057.1,3082.3,3246.1,3682
2415.9,2447,2479.3,2473.1,2474,2547.6,2674.9,2748.6
2134.7,2146.2,2161.5,2272,2370.7,2365.2,2481.8,2667.8
2331.4,2350.8,2369.1,2387.2,2412.3,2567.4,2711.7,2782.6
2155,2164.5,2180.2,2197.4,2215.8,2423.3,2810.7,2848.8
2252.2,2256.2,2265.5,2313.6,2399.5,2616.2,2925.7,2987.1
2503.7,2530.1,2529.7,2532.3,2602.1,2791.7,3062.1,3140.6
2224.4,2224.5,2225.5,2232.6,2252.6,2548,3040.6,3172.1
1999.4,2205.3,2295.7,2309.5,2281.6,2303.2,2313.8,2728.3
2357.3,2460.5,2487,2552.9,2575,2655.3,2622.8,2764.2
2294.1,2304.2,2309.9,2309,2328.9,2803.8,3170.3,3201
2232.5,2257.2,2277.3,2282.3,2258,2305.7,2574.1,2846.6
2266.3,2287.6,2290.7,2287.6,2300.6,2338.8,2760.3,2818.8
2142.5,2196,2222,2228.7,2167,2303.2,2744,3053.8
2184.9,2148,2251.2,2316.7,2312.9,2356.2,2382.7,2385.8
1972.2,1908,1892,1899.9,2019.4,2565.2,2817,3018.2
2324.7,2200.7,2399.5,2628.9,2907.8,3031.4,3203.4,3427.7
2442.7,2455.4,2455,2459.2,2498.4,2596.5,2713.5,2847.2
2052,2271.5,2463.3,2469.7,2456.7,2502.5,2586.3,2711.5
1954.6,1946.6,1964.6,2053.8,2192,2308,2544.2,2745.2
2238.8,2282.4,2312.7,2357.4,2356,2408.5,2529.9,2775.7
2320.1,2361.7,2371.7,2383.7,2406.7,2535.4,2855.1,2942.1
2455.8,2488.7,2478.5,2528.5,2647.7,2777.7,2856.5,2945.9
2397.4,2410.1,2421.9,2436,2455.7,2481.2,2517.8,2635.9
2282.2,2309.4,2297.9,2321.6,2383.2,2490.5,2564.8,2576.4
2383.4,2390.7,2411.3,2428.4,2409.4,2481.9,2714.9,2943.5
2519.8,2546.4,2586.5,2570.6,2603.7,2715.4,2890.4,2997.2
2240.5,2301.7,2425.6,2495.1,2337.2,2410.9,2793.6,3152.4
2147.1,2082.6,2123.7,2247,2414.7,2686.9,2822.2,2925.5
2320.5,2329.1,2328.6,2359.1,2424.6,2534.9,2613.3,2768.7
2562.2,2651.7,2671.5,2681.2,2759.5,2887.4,2960.2,2998.3
2357,2399.5,2410.6,2398.6,2410.5,2461.4,2645.8,2906.8
2022.3,2046.1,2065.3,2108.6,2063.6,2399.6,2839.2,2887
2205.4,2228,2256.7,2219.2,2243.8,2325.5,2472.4,2640.7
2445.7,2479.2,2452.2,2462.1,2543.2,2822.5,3075.3,3131.6
2506,2780.7,2801.5,3071.3,2908.3,3175,3572.4,3730.3
2232.3,2291,2333.8,2346.2,2353,2398.9,2495.2,2732.9
2266.5,2294.1,2294,2317.2,2369.6,2438.1,2803.9,2984.2
2041.1,1954.4,1990.9,2232.1,2591.9,2677.9,2763.8,2846.1
1901.7,1888.9,1904.1,2100.9,2228.4,2482.2,3023.8,3131.3
2179.5,2189.3,2160.6,2171.3,2219.6,2458.1,2830.9,2989.2
2282.4,2343.1,2363.6,2365.7,2329,2434,2641.6,2769.8
2379.4,2396.6,2400.7,2480.8,2573.9,2660.4,2830.8,3243.5
2330.7,2467.1,2573.3,2653.4,2565.5,2571.7,2995.3,3212.7
2431.8,2687.6,2719.4,2868.6,2823.1,2930.8,3113.8,3194.1
2560.8,2640.3,2698.8,2747,2767.2,2932.1,3063.3,3097.9
2525.8,2616.9,2661.8,2691.6,2663,2727.6,2850.4,2899.6
2477.8,2537.6,2583.7,2629.9,2666,2749.7,2847.1,2964.6
2107.5,2257,2216.2,2305.9,2421,2507.6,2576.4,2732.6
2199.7,2225.7,2267.7,2287,2319.7,2350.6,2383.5,2393.9
2001.9,1983.3,1933.8,2028.8,2187.8,2292.6,2358.4,2306.5
2353.2,2371.1,2337,2381.7,2596.9,2727.5,2876.9,3046.5
1983.6,1933,1920.7,2125.2,2460.5,2448.2,2537.4,2693.7
2308.4,2358.6,2309,2248.7,2534.3,2847.1,3002.2,3072.7
2634.7,2646.6,2657.9,2692.2,2732.3,2794.3,2902.1,3253.6
2426.8,2414.2,2493.2,2584.9,2732.8,2870.2,3024.8,3259.1
2376.5,2391.5,2407.9,2409.9,2440.7,2517.9,2637.5,2771.1
2219.9,2234.1,2238.7,2235.6,2294.4,2366.5,2495.2,2602.1
2356.6,2448.3,2460.8,2547.6,2554.9,2671.7,2848,3108.7
2123.1,2130.6,2138.6,2151,2167.2,2249.4,2425.5,2667.3
2178.7,2232,2163.2,2220.7,2339.1,2483.4,2509.6,2518.7
2308.1,2345,2332.8,2319.2,2390.7,2632,2740.6,2743.7
2275.2,2293.4,2281.8,2290.7,2289.5,2324.1,2477.5,2763.3
2323.2,2316.6,2432.9,2518,2545.3,2624.1,2708.6,2937.9
2271.6,2332.9,2390.7,2450,2538.2,2589.6,2692.5,2828.7
2317,2371.4,2374.3,2376,2385.5,2441.5,2667.3,2834.5
2440.9,2429.4,2483.6,2637,2802.7,3028.5,3052.7,3483.3
2563.2,2608,2707.5,2866.9,2904,3102.5,3356.2,3576.6
2378.2,2398.3,2410.7,2417.3,2448.7,2493.2,2564.8,2647.5
2356.2,2380.2,2425,2437,2547.6,2574.4,2779.6,2852.1
2171.3,2207,2199.1,2164.5,2292.2,2594.8,2692.5,2765.4
2381.8,2576,2590.2,2588.5,2696.4,2914.4,3009,3053.9
2337.5,2411.5,2415.5,2441.2,2473.3,2583.5,2764.1,2931.6
2491.3,2522,2551.3,2599.2,2633.2,2667.9,2771.2,3148.9
2576,2631.7,2664.4,2653.7,2718.8,2827,2934.3,2978.5
2528.9,2568.6,2578.5,2596.3,2615.3,2686.3,2788.4,2873.2
2335.1,2360.1,2374.3,2406.6,2430.9,2428,2463.4,2593.9
1987.3,1986,2002.5,2024.5,2068.6,2189.2,2418.1,2709.1
2028,2030.8,2035,2096.8,2218.7,2440.1,2538.5,2732.1
2237.8,2335,2405.3,2456,2531.3,2687.4,2870.9,3053.9
2409.8,2408.6,2422,2442.4,2586.3,2880.3,3399.5,3405.4
2368.2,2391,2527.3,2621.8,2761.9,3396.3,3498.8,3516
2325.1,2336.3,2331.1,2345.5,2370.6,2406.3,2447.6,2710.6
2373.2,2398.7,2412,2469.8,2494.1,2598.2,2805.1,2934.8
2111.6,2126.4,2233.1,2362,2462.7,2506.6,2854.6,3308.2
2212,2237,2226.8,2198,2273.4,2523.5,2727.5,2769
2445.3,2462.2,2448.1,2492.1,2609.6,2713.3,2868.9,3113
2369.8,2392.4,2396,2407.4,2417.8,2428.2,2485.2,2572.8
2379.4,2368,2407.6,2488.5,2544.3,2546.3,2577.5,2685.7
2348.9,2350.7,2357.7,2357.6,2359.6,2363.3,2376.9,2337.5
2305,2403.3,2394.2,2404.5,2436.7,2513.6,2635.6,2774.3
2419.1,2449.2,2598,2557.4,2667,2725.8,2945.3,3078.9
2361.5,2414.8,2420,2450.8,2417.2,2605.5,3329.9,3383.9
2273.4,2318.3,2387.5,2437.9,2559.6,2661.3,2735.7,2783.5
2163.7,2183.8,2164.4,2197.8,2202.1,2309.5,2539.1,2872.9
2163.7,2162.3,2151,2169.4,2198.6,2274.5,2739.6,3246.9
1905.6,2217.8,2219.4,2205.1,2219.8,2313,2573.9,2599.8
1965.1,1969.1,1985.3,2002.2,2008.6,1995.8,2605.1,3143.1
2330.2,2366.8,2401.3,2439.4,2364.6,2380,3436.3,3395.7
2178.2,2376.4,2511.6,2538.9,2442.4,2734.7,3001.8,3058
2194.1,2224.4,2348.1,2541.3,2670.7,2790.7,2798.1,2813.4
2329.5,2245.4,2570.1,2604.7,2577.2,2725.1,2846.3,2975.2
2335.1,2480.2,2511.7,2504.6,2615.2,2710.5,2827.6,2962.2
2126.3,2267.9,2340.1,2335.9,2341.2,2347.3,2416.9,2652.6
2198.9,2298,2310.3,2312.2,2353.5,2382.3,2718.5,3130.8
1913.6,1936.7,2027.8,2116.4,2030.4,2883.1,3221.2,3266.8
2539.4,2568.7,2611.5,2662.3,2858,3314.2,3356.8,3405.3
2580.4,2591.8,2613.6,2687.9,2820.9,2965.7,3241.1,3630.3
2399.6,2435.2,2469.2,3149.4,3163.3,3236.5,3356.9,3310.9
2444.6,2485,2507.7,2876.8,2949,2977,3031.9,3078.3
2477.2,2485.4,2529.4,2648.8,2936,3093,3136.9,3160.7
2276.5,2444.9,2836.7,2958.1,3167.2,3236.5,3521.5,3498.2
2075.8,2344.5,2665.8,3028.9,2987.4,3084.1,3176.5,3402.9
2529.2,2587.6,2663.8,2722.2,2778.2,2954.9,3103.9,3155.5
2508.9,2549.6,2588.8,2655.3,2722.7,2904.8,3257.6,3270.9
2579.7,2604.8,2626.2,2714.7,2820.5,2951.7,3160.3,3257.4
2718,2760.9,2799.8,2766.7,2823.4,3184.6,3203.2,3184.3
2651,2697.3,2631.9,2717.3,3001,3277.7,3282.8,3300.2
2384.7,2414.5,2420,2519.8,2892.8,3139.5,3226.9,3361.4
2449.8,2376.5,2434.2,2757.9,2828.9,3048.3,3333.9,3484.5
2513.9,2531.1,2550.4,2600.2,2731.9,3066.6,3202.9,3229.8
2415.4,2454.6,2515.9,2578.4,2648.9,2761,2910.4,3150.6
2399.6,2413.5,2424.6,2456.2,2516.2,2644.7,3118.7,3186.8
2453.7,2475.9,2503.7,2541.6,2595.8,3126.8,3351,3361.4
2602.5,2620.5,2619.9,2659.1,2735.7,2937.9,3257.9,3289.4
2544.9,2609.4,2595.8,2676.1,2843.8,2962.7,2967.5,3075.6
2232.4,2528.5,2899.3,3063.7,3061.7,3301.3,3537.4,3818.7
2225.2,2295.2,2299.5,2356.7,2435,2547.4,3032.9,3196.6
2135.1,2157,2211.4,2303.4,2391.2,2320.6,3027.8,3131.6
2141.5,2202.6,2243.8,2293.5,2370.5,2575.4,2889.9,3019.4
2330.2,2341.8,2369.5,2434.1,2497.7,2705.7,3148.6,3358.2
2117,2112.6,2144.4,2214.5,2542,3017.2,2827.7,2817
2567.1,2566.8,2588.7,2625.2,2712.4,2935.1,3493.6,3507.9
2360.2,2344,2342.9,2464.6,2518,2672,2774.6,3078.1
2342.4,2393.6,2412.5,2424.5,2458.5,2545,2758.7,2940.9
2360.9,2409,2447.4,2561.3,2716.6,2797.1,2919.7,3220
2368.2,2366.3,2442.5,2552.4,2767.9,3180.6,3462,3623.5
1940.5,1972.8,1987.8,2016.1,2067.6,2226,2894.1,3244.2
2189.7,2180.3,2205.8,2257.9,2312.8,2356.3,2429.7,2605.6
1670.5,1719.3,1728,2048.9,3042.8,3138.9,3303.2,3832.7
1584.7,1589.7,1582,1761.7,2869.8,2997.4,3266.5,3312.4
2447.4,2445.8,2711.8,2902.5,2994.1,2969,3011.6,3028.7
2660.9,2691,2715.6,2746.8,2786.6,2834.8,3037.7,3123.9
2598.7,2593.9,2692.7,2765.8,2879.9,2953,3053.4,3190.9
2511.2,2638.6,2636.8,2659,2714.7,2776.7,2856.9,2948
2613,2619.9,2646.8,2734.2,2789.7,2814.2,2847.5,3065.1
2515.5,2565.8,2595.3,2660.8,2733.3,2804,2867.6,2905.8
2320.9,2332.6,2360.8,2439.2,2557.2,2849,3030.2,3121.9
2188.4,2169.5,2193.2,2250.2,2257.5,2854.5,3334.9,3365.5
2258.7,2337.6,2374.8,2404.7,2423.9,2522.1,3124.9,3079.6
2319.9,2340.2,2363.8,2400.3,2451.7,2471.6,3237.6,3265
2181.6,2423.6,2488.6,2506.3,2523.9,2551.5,2585.1,2657.7
2427.5,2453.3,2436.2,2500.5,2622.7,2778.6,2928.1,3081.6
2224.8,2238,2264.4,2292.2,2356,2486.9,2835.4,2999.9
1938.2,1983.2,2155.8,2266.3,2582.9,3179.2,3450.1,3785.7
2259.2,2371.2,2544.7,2650.1,2641.3,2799.2,3068,3110.5
2577.7,2618,2658,2714.4,2717.2,2957.2,3258,3280.3
2168.2,2224.3,2281,2428.1,2220.7,3259.8,3237,3350
2440.3,2365.6,2606.9,3298.4,3557.9,4027.3,4118.2,4385.9
2216.2,2245.4,2243,2261.3,2590.6,3124.1,3139.6,3142.5
2558.8,2581.5,2618.8,2668.9,2719,2783.1,2881,3012
2445.6,2457.5,2449.2,2489.2,2605.8,2798.7,2926.1,3001.9
2531.9,2600.4,2533.9,2711.2,3327,3415.1,3449.3,3870.9
2460.4,2573.5,2556.9,2643.2,2987.7,3218.8,3468.8,3698.2
2602.4,2605.8,2654.6,2697.2,2766.2,2885.9,3082,3331.9
1702.5,1826.8,2424.6,2908.7,3035.4,3113.2,3228.3,3545.3
2350.8,2461.5,2492.6,2519.8,2539.2,2702.2,3048,3068.8
1916,2030.9,2250.5,2522.6,2767.5,2898.7,2913.2,2913.7
2654.5,2697.1,2753.1,2835.4,2898.6,2936.7,2956.9,3092.9
1944.6,2428.6,2465.5,2463.8,2645.7,2854.9,2955.4,3026.5
2335.4,2588.6,2629.5,2668.1,2773.1,2963.4,3109.9,3140.7
2380.1,2393.9,2430.3,2457.8,2500.3,2556.9,3133.5,3138
2300.1,2288.9,2313.1,2396.9,2595.4,2819.6,3021.1,3135.1
2039.1,2036.6,2215.4,2544.6,2772.5,2768.9,2822,2942.3
1991.8,2058,2206.1,2719.5,2836.5,3044.4,3275.8,3518.4
1999.2,2056.9,2118.2,2150.3,2549.1,2929.7,2998.1,3004.1
2278.8,2302,2353.5,2399.4,2502.1,2722.1,2782.8,2941.1
2308.6,2308.9,2328.2,2412.5,2547.5,2927.9,3142.3,3202.6
2449.9,2489,2467.4,2599,2741.8,2868.7,3051.1,3459.3
2439.4,2488.6,2519.4,2545.2,2636,2844.9,3129,3174.3
2156.1,2222.5,2299.9,2357.1,2550.4,2949.9,2964,3228.5
2380.7,2415.4,2657.4,2818.2,2863.2,2878.5,2947.7,3012.9
2023.2,2065.1,2369.8,2692.9,2756.2,2763,2772.6,2798.7
2304.2,2359.3,2523.6,2731.5,2834.5,3168.8,3612.7,3643.9
2408.9,2411.5,2487,2583.8,2789.4,3146.7,3190.5,3198.5
2390.5,2423.8,2511.2,2628.7,2698.5,2780.4,2885.6,3129.7
1743.6,1810,1997.2,2436.1,2584.3,2821.7,3117.1,3129.1
2224.1,2426.2,2590.2,2738.6,2961.7,3029.7,3079.8,3118.9
2166.7,2387.4,2545.7,2643.2,2694.5,2695.4,2714.2,3013.2
2600,2625.8,2670.9,2872.5,3150.7,3212.4,3214.2,3316.6
2337.5,2344.1,2267.7,2430.7,2751.7,3060.6,3266.6,3338.5
2323.7,2391.4,2373.8,2490.2,2635.7,2701.3,2844.8,2995.7
2105.2,2154,2343.1,2544.6,2799.8,2960.9,3160,3176.8
2092.5,2082.9,2132.1,2512.3,2712.6,2728.8,2827,3071.9
2325,2281.6,2364.3,2520.7,2589.1,2766.1,3023,3532.1
2430.5,2556.7,2837.4,2784.2,3034.6,3072,3147.1,3605.8
2411.6,2450.6,2643.3,2743.3,2913.1,3074.6,3271.3,3343.2
2344.9,2526.5,2644.3,2726.1,2705.2,2916.7,3203,3249.9
2412.3,2578,2653.5,2664.7,2774.7,2856.5,3185.7,3319.7
2586.8,2705.7,2811.1,2879.5,3050.5,3248.9,3435.3,3441.7
2366.3,2416,2468.2,2506.6,2821.8,3094.4,3234.6,3290.7
2506.4,2516.4,2531.8,2587.6,2659.7,2736.3,2799.3,2844.8
2475.7,2564,2586,2719.9,3016.8,3116.3,3151.7,3196.9
2568.7,2607.7,2660.4,2754.9,2852,2928.3,3013.1,3084.5
2091.6,2089.5,2133.6,2592.4,2999.7,3088.1,3223.8,3289.5
2225,2482.2,2513.4,2598.3,2772.2,3018.4,3478.4,3556.8
2513.2,2646.9,2672.9,2776.4,2931.6,3049.8,3116,3279.5
1811.3,1992.9,2183.7,2526.6,3079.7,3298.5,3324.2,3396
2396.6,2449.9,2413.1,2518.1,2602.4,2640.3,3091.1,3420.5
2314.7,2246.2,2372.4,2470,2587.5,2940.3,3243.2,3441.3
2165.2,2452.5,3233.2,3479.3,3730.2,4243,4347.8,4668
2746.2,2832.8,2839.3,2866.2,3033.6,3299.1,3486.6,3810.3
2331.1,2182.8,2285.1,2769.6,2936.1,3014.5,3158.6,3216.3
2112.2,2055.9,2149.1,2628.6,2514.2,2909.8,3239.2,3246.1
2251.7,2238.5,2253.5,2478.4,2432.2,2478.9,2849.1,3277
2409.9,2414.2,2407.5,2617.8,2648.6,2753.6,2950.9,3352.4
2168.1,2268.2,2346,2401.1,2741.9,2959.7,2928.4,3061.4
2397.3,2432.3,2502.2,2565.3,2675.4,2843.1,3128.8,3228.8
2347.3,2364.7,2379.6,2397.7,2708.3,3015.3,3131.9,3150.7
2406.2,2431.2,2462.5,2439.1,2543.3,2982.7,3036,3029.9
1950.8,1962.6,1981.5,2076.1,2232.8,2928.6,2981,3029
1634,1645.9,1668.3,1668.5,1879.5,2955.8,3135.8,3155
1876.7,2021.1,2079.5,2118.3,2216.5,2989.5,3011.5,3038.9
2447,2455.8,2468.3,2564.4,2746.8,3156,3348.2,3382.6
2318.5,2462.3,2472.5,2473.1,2493.6,2631.7,3233.4,3317.4
2272.4,2457,2480.2,2529.7,2640.7,2860.1,3075.3,3169
2593.7,2685.9,2763.2,2700.3,2945.8,3082.2,3252.3,3310.5
1847.1,1936,2148.5,2465.4,2859.4,2995.1,3156.6,3366.3
2162.4,2239.3,2347.9,2496.6,2602.2,2668.9,2784.1,2967.2
2413.1,2431,2372.3,2399.9,3126.3,3352.4,3319.2,3445.1
2453.7,2476.8,2470.7,2508.1,2660.8,2816.4,3415.2,3935.1
2511.6,2528.1,2517.2,2564.4,2637,2781,2881.1,3456.2
2340.3,2330.6,2410,2602.4,2756.9,2873.5,3029.1,3250.4
2649.7,2678.2,2705.2,2710.2,2725.7,2756.6,2862.4,3024.2
2225,2256.5,2274.4,2286.6,2306.4,2832.2,3078.3,3042.7
2178.1,2138.5,2386.3,2651,2831.5,2852.9,2922.8,3022.8
2502.1,2533.5,2524.5,2539.9,2740.2,3066.9,3267.9,3520.8
2544.8,2700,2696.1,2711.9,2849.2,3168.1,3552.9,3803.5
2198.2,2197.5,2356.2,2703.5,2875.4,3000.9,3213.7,3247.3
2047.6,2231.9,2323.9,2663,3024.6,3070.7,3099.7,3178.2
2463.3,2520.9,2617.5,2678.5,2815.9,2988.5,3066.9,3170.4
2581.2,2571.3,2633.4,2703.5,2769.3,2830.9,3151,3345.6
2415.9,2589.5,2632.3,2732.5,2817.7,2878.3,2952.6,3047.9
2189.8,2206.2,2247.9,2364.1,2520.7,2744.2,2883.8,3016.3
1986.7,2026.1,2091.5,2194.6,2327.9,3110,3549.8,3345.2
2139.4,2150.5,2128.7,2227.5,2357.8,2386.8,2479.3,3078.6
2471.7,2489.9,2506.8,2540,2572,2875.1,3405.6,3447.6
2255.2,2269.5,2221.9,2426.7,2539,2595.7,3088.2,3382.5
2441.4,2444,2434.9,2623.2,2771.8,2832.6,2878.1,2954.3
2316.4,2321.6,2299.6,2400.4,2515.6,2663.8,2911.6,3235.1
2379.1,2388.1,2413.3,2477.1,2507.9,2703.6,3030.2,3188
2398.4,2432.5,2444.3,2558.5,2708.9,3018.5,3209.1,3212
2322.9,2420.8,2387.9,2652.6,2984.7,3140.5,3251.8,3332.5
2507.5,2526.1,2637.2,2758.1,2830,2981.5,3114.8,3143.6
2359.7,2691.2,2722.1,2710.9,2754.2,2825.4,2868.7,3422.6
2782,2840.5,3066.3,3251.7,3497.6,3624.9,4073.5,4682.5
2351.6,2429.2,2393,2588.5,2858.4,3189.6,3286.4,3370.5
2043.1,2056.5,2141.9,2410,2807.6,3057.3,3112.8,3217.8
2195.4,2341.5,2350.9,2238.9,3128,3399.3,3415.8,3454
2528.7,2507.5,2600.5,2776.8,2850.8,3021.2,3358.2,3480.5
2122.1,2253.6,2509.4,2701.5,3081.4,3517,3810,3965.3
2342.9,2597.3,2728.4,2774,2802.9,3024,3302.1,3352.4
2284.7,2612.3,2665.6,2719.5,2725.8,2714.4,2934.1,3337.4
2510.8,2527.6,2533.8,2573.1,2674.4,3169.3,3723.4,3749.1
1925.1,2047.6,2495.7,2622.7,3024,3141.2,3166.4,3248.9
2135.8,2193.7,2404,2868.5,2940,2946.4,2961.6,2994.5
2502.6,2519.2,2548.8,2577.7,2682.9,3023,3247.3,3290.9
2443.8,2452.6,2456.6,2467.4,2469.7,2917.5,3429.6,3467.3
1976.3,2072.1,2597.2,2590.9,2720.5,2914.9,3062.4,3382.6
2108.9,2145.4,2238.8,2652,2983.2,3018,3086.1,3181.4
2244.5,2281.1,2293.5,2365.3,2670,3281.2,3423.1,3412.4
2532.9,2548.1,2547.2,2662.4,2851.5,3030.7,3426.5,3740.3
1646.3,2530.1,2536.4,2560.4,2748.3,2971.7,3249,3499.3
2438.1,2450,2486.5,2600,2766.8,2866.8,2948.4,3052
2281.2,2528.2,2520.8,2558.7,2708,2799.1,3001.8,3423.5
2920.3,3070.4,3097,3133.6,3150.5,3252.6,3302.2,3436.5
2222.4,2436.7,2481.3,2521.6,2608.9,2804.5,3070.6,3183
2216.8,2678,2730.2,2687.2,2823.1,2971.2,3126.5,3349.4
2474.2,2567.8,2639.6,2610.2,2724.3,3161.5,3379,3431
2032.4,2165.5,2235.7,2639.1,2935.7,2996.9,3056.6,3101.3
1844.9,2072.1,2325.9,2899,2903.9,2949.1,3151.9,3398.4
2301.3,2214.1,2467.4,2707.3,2870.4,3170.8,3416.5,3872.4
2455.2,2471.6,2467.7,2513.2,2611.1,2957.4,3511.8,3651
2468,2466.3,2488.5,2529.9,2619.7,3447.2,3432,3471.1
2517.7,2551.8,2574.8,2756,2908.7,3066.5,3131.3,3401.5
2292.4,2464,2594.5,2639,2756.7,2861.2,2933,3182.7
2428,2440.3,2483.5,2618.2,2898.5,3004.8,3047,3173
2734.7,2751.1,2783.1,2850.4,3011.1,3159.2,3355,3421.2
2468.3,2495.1,2509.4,2529,2653,2926.9,3070.8,3167
2491.3,2532.6,2599.6,2628.8,2710.9,3321.8,3326.3,3379.1
2343.9,2395.9,2496.5,2515.2,2646.4,3117.5,3153.6,3155.1
2546.7,2558.4,2604.1,2686.7,2790.9,2896.3,3156.5,3384.6
2510.4,2557.5,2563.7,2693.4,2781.6,3301,3339,3338.6
2481.1,2462,2539.7,2845.8,3022.7,3174.7,3402.5,3630.7
2357.3,2371.6,2340.7,2460.9,2665,2710.6,2753,2792.2
1826.4,1914.1,2042.2,2609.4,3133.8,3241.4,3242.6,3263.6
2072.8,2261.4,2626.1,2753.2,2939.2,3112.2,3178,3197.9
2574.2,2756.9,2874.4,2942.3,3059,3167.2,3291.7,3501.1
1966,2241.7,2439.7,2500.9,2527.1,2881.2,3157.5,3328.7
2377.5,2418.3,2465,2584.1,2967.7,3012,3023.3,3011.7
2427.4,2448.5,2509.8,2602.2,2834.5,2859.3,2834,2847.6
2463.7,2557.6,2630.2,2984.2,3153.4,3185.2,3224.2,3268.2
2531.8,2609.4,2699.4,2777,2855.2,2877.7,2963.1,3232.5
2642.9,2887.2,3022.2,3197.5,3274,3381.7,3423.1,3554.2
2632.9,2794.5,2886.4,2938.2,3009.2,3140,3233,3370.3
1700.7,1835.1,2339.9,2665.2,2955.8,2970.1,3059.2,3086.5
2433.2,2467.4,2514.8,3361.6,3384.6,3441.8,3451.5,3444.3
2469.8,2483.8,2527.6,2607.5,2692.8,2882.8,2999,3014.1
2470.4,2604.4,2725.3,2769.5,2704.1,2857.6,2911,2929.2
2267.1,2311.7,2334,2399.3,2494.5,2574.5,2611.6,2649.9
2067.1,2281.8,2496.9,2668.4,2765.1,2815.5,2837.9,2825.1
2162.2,2237.7,2576.8,2723,2789.3,2812.5,2738.8,2651.9
2084.3,2127.1,2206.3,2359.8,2546.9,2493.9,2512,2558
2434,2554.7,2595.2,2665.2,2767.9,2853.5,2852.6,2889.8
2414.5,2366,2567.6,2686.9,2799.1,2900.8,3030.7,3118.4
2326.3,2415.7,2436.8,2690.7,2812.4,2856.1,2901.1,2903.4
2666.1,2697.7,2734.6,2779.8,2818.5,2854.7,2920.3,2865.8
2628.9,2634.2,2669.5,2776.3,2903.9,3175.7,3276.7,3392.8
2481.6,2482.9,2525.5,2593.2,2676.4,2764.5,2853,2922
2458.4,2442.1,2515.9,2692.5,2949.2,3064.6,3152.8,3170.6
2509,2544.2,2569.3,2604,2636.8,2693.6,2743.1,2923
2191.1,2283.9,2357.8,2439.3,2527.7,2613,2734.2,2820
2286.3,2350.5,2395.8,2444.3,2617.8,2851.1,2887.1,2905.5
2507.5,2635.9,2709.6,2722.1,2777.9,2782.1,2808.2,2841.6
2310.3,2350.9,2631.1,2752.1,2765.9,2768,2859.1,3065.2
2065.2,2310.6,2412.3,2489,2598.3,2629.9,2820.2,2898.6
1603.3,1651.8,1699.2,1884.1,1990.2,2127.2,2203.7,2259.8
2346.4,2411.1,2513.5,2621.9,2724.4,2822.4,2936.6,3132.8
2069,2095.7,2116.8,2192.8,2471.9,2734.5,2773.5,2780.2
2380.1,2410.5,2488.9,2626.4,2782.1,2858,2887.3,2902.4
1815.6,1909.7,2276.8,2515,2691.8,2791.8,2839.7,2859.3
1932.4,2031.5,2722.6,2802.2,2827.3,2834.3,2818.7,2838.7
2532.7,2547.2,2612.7,2680.5,2740.4,2759,3014.5,3332.5
2538.9,2608.8,2648.9,2777.9,2913.3,2956.6,2973.2,3000.9
2257.5,2430.6,2625.7,2663.6,2679,2746.2,2991.7,3153.4
2145.1,2311.4,2344,2616.8,2778.6,2847.7,2901.8,2956.1
2262.6,2489.7,2776.1,2888.7,2932.7,2962.5,3152,3282.4
2158.4,2283.6,2406.1,2549.1,2623.6,2688.7,2812.5,2991.4
2409,2504.6,2749.8,2934.7,3003.3,2941,3080.4,3214.5
2447.7,2513.4,2593.4,2694.5,2787.5,2846.4,2895.2,2891.7
1598.9,1589.3,1601.1,1633,2084.6,2469,2575.4,2599.8
1569.1,1566.8,1627.1,1788.2,1863.6,2087.6,2319.1,2901.2
2357,2401.8,2575.6,2964.2,3141.8,3133.5,3144.6,3428.8
2516.6,2511.7,2543.9,2613.7,2746.3,2548.9,3314.1,3394.8
2200.9,2557.3,2607,2644.6,2692.1,2720.4,2772.2,2777.5
2426,2439,2481.4,2548,2610.3,2672,2741.1,2817.9
2389.5,2606.2,2627.7,2636.4,2699.9,2841,2964,3095.3
2578.3,2587,2604.7,2624.2,2664.1,2707.9,2786.3,2940.8
2295.1,2461.6,2636.6,2663.2,2715.4,2786.6,2865.5,2972.7
2167.2,2226.4,2317.5,2479.3,2616,2667.8,2606.6,2800.7
2617.6,2674.8,2795.2,2893.2,2977.9,3087.9,3094.2,3150.9
2248.1,2428.2,2693.8,2855.3,2914,2945.6,2913.7,3178.2
2361.7,2386.4,2469,2574.1,2741.3,2844.7,2707.3,3084.4
2304.4,2503.5,2576.1,2613.2,2667,2732.4,2784,2794.5
2577.7,2622,2667.2,2727.6,2791.2,2799,2901.1,3042.6
2414,2422.8,2487.4,2636.3,2792.2,2860.1,2909.6,2944.9
2074.5,2115,2287,2379,2373.4,2804.3,3179.2,3120.4
2330.2,2464.9,2492.4,2537.2,2588.4,2632.5,2695.1,2728.8
2432.7,2503.4,2518.2,2539.2,2586.4,2655.6,2721.8,2737.4
2350.2,2421,2489.7,2548.4,2621.6,2690.9,2708.6,2723.3
1805.8,2006.9,2268.2,2673.4,3307.3,3431.1,3426.8,3509.9
2191,2305.6,2361,2430.8,2506.7,2593.5,2554.2,2745.7
2325,2386.3,2455.7,2523.9,2624.1,2743.8,2855.8,3144.2
2520.2,2532.8,2557.7,2587.2,2627,2678.7,2721.2,2782.4
2398.2,2618.9,2644.5,2585.2,2689.4,2986.6,3428.3,3552.9
2735.3,2759.9,2841.4,2881.5,2998.5,3086.2,3502.7,3930.1
2322.8,2645.1,2716.1,2788.7,2860,2930.7,2931.1,2974.5
2077.2,2239.7,2188.9,2753,2789,2828.8,2970.5,3107.7
2610.3,2640.2,2683.4,2725.1,2758.4,2789.7,2818.4,2830.6
1507.7,1530.4,1589.5,1651.9,1681.9,1729,1771.8,1969.7
2109.3,2184.6,2269.8,2408.6,2609,2694.5,2676.9,2717.3
2170.9,2196.9,2302.6,2483.3,2594.6,2729.7,2835.3,2929.9
2325.1,2367.2,2428.2,2637,2908.1,3013.2,2812.4,2922.6
2378.1,2420.4,2477.1,2574.7,2686.7,2798,2847.3,2868.5
2399.9,2415.5,2449.1,2503.6,2558.1,2643.1,2801.9,3271
1919,2067.5,2152.4,2352.7,2625.8,2487.7,2854.2,3022.6
1653.5,1700.6,1886.8,1986.2,2056.2,2288,2462.1,2668.8
1895.1,1907.8,1968.9,2196.3,2338.9,2560.9,2565.8,2660.1
2000.3,2057.4,2273.9,2584.6,2708.3,2886,3236,3450.2
2054.9,2148.1,2273.6,2334.9,2408.2,2463.5,2491.5,2511.2
2437.1,2440.6,2452.8,2480.2,2535,2600.7,2643.7,2755.6
2237.8,2444.6,2477.5,2529.3,2567.2,2622.6,2744.3,2863
2446.7,2462.4,2463.1,2479.1,2557.6,2666,2784.6,2978.2
2337.4,2412.5,2492.8,2582.3,2673.9,2769.4,2834.1,2929.9
2353.4,2466.9,2536.4,2606.5,2675.2,2695.3,2793.9,3185.2
2165.8,2391.5,2430.7,2496.2,2572.4,2651.6,2674.6,2618.9
1811,1881.6,2002.7,2083.6,2117,2121.6,2216.9,2182.2
1890,2004.5,2074.1,2154.8,2247.3,2282.2,2252.6,2689.7
2136,2579.1,2813.8,2835.6,2896.5,2953.2,3085.1,3279.8
2487.1,2499.8,2523.1,2576,2693,2928.8,3354.8,3542.1
2309.6,2594.2,2701.4,2768.3,2837.5,2868,2894.9,3015.7
1552.2,1569.4,1576.2,1660.9,1739.9,1749.1,2023.5,2225
2015.6,2177.4,2463.9,2690.9,2883.7,3183.2,3296.8,3322.3
1870.2,1888.3,1950.8,2095.6,2338.2,2764.7,2803.4,2780.9
2389.5,2493.3,2764.4,2888.9,2985.1,3069.6,3164.9,3245.2
2373.3,2440,2545.4,2620.3,2698.7,2796.6,2870.3,3026.1
1983.8,2331.6,2713.3,2865.8,2959.9,3065.6,3208,3432.8
1952.4,2163.5,2406.5,2572.4,2697.9,2856.4,2827.5,3010.4
2477.5,2495.7,2525.1,2624.7,2740.8,2850.2,2966.1,3084.5
2048.9,2107.8,2198.8,2347.1,2502.9,2667.5,2780.5,2847.3
2520.8,2537.7,2552.7,2630.3,2717.3,2794.6,2866.5,2923
2351.8,2460.5,2447.9,2507.7,2699.3,2928.9,3063.6,3140.5
1782.9,1820.2,1829.8,1836.3,1850.9,1774.7,1870.8,2071.4
2568.5,2574.6,2574.8,2775.6,2846.7,2900.3,2932.2,2993.7
2131,2259.7,2325.8,2376.9,2432.8,2472.8,2427.3,2446.6
2266.5,2340.9,2578.9,2749,2892.2,2986.9,3099.2,3155.7
2109.2,1938.9,2541.2,2807.7,2951.9,3034.6,3045.1,3031.4
2612.6,2568.3,2787.3,2914.1,2986.9,3033.4,3083.3,3124.8
2474.7,2567.6,2749.7,2863.5,2945.5,3013.3,3070.2,3107.2
2496.7,2603.3,2698.3,2773.2,2862.3,2948.2,3065.1,3174.6
2569.4,2655.2,2755.3,2822.7,2899.3,2983.5,3065.9,3121
1976.2,2267,2537.5,2731.6,2892.3,2923.3,2960.4,2972
2297,2259.3,2434.2,2559.9,2648.9,2725.7,2784.8,2850.6
2238.6,2409.9,2642.2,2834.5,2984,3007.6,3427,3593.7
2205.4,2635.3,2665.9,2707.3,2769.6,2850.2,3055.6,3625.3
2747.7,2762.9,2786.5,2824.3,2882.5,3211.3,3475.3,3743.3
2367.8,2472.6,2529.8,2612.7,2699.5,2784.7,2703,2816.3
2470.6,2482.8,2506.7,2545.7,2596.6,2722.1,2946.8,3120.9
2269.2,2291.2,2321.5,2352.6,2385.2,2375.8,2368.3,2707
2180.1,2325.8,2423.6,2462.8,2598.9,2773.2,2997.6,3147.5
2262.7,2347.9,2446.3,2602.5,2726.6,2778.3,2812.4,2861.9
1938.6,2145.9,2308.8,2380.8,2541.2,2662.9,2748,2713.6
2046.5,1933.1,2074,2061.2,2116.3,2158.4,2191.7,2325.4
2498.8,2524.1,2549.6,2575.2,2596.8,2619.1,2631.8,2636.4
2255.6,2342.6,2512.1,2636.6,2691.2,2720.1,2738.3,2752.4
1242.3,1308.7,1541.1,1538.8,1533.8,1535.5,1534.8,1572.2
1798.2,1801.3,1817.4,1846.7,1878.5,1919,1942.9,2415.1
2399.8,2399.9,2423.1,2471,2685.7,2862.6,3220,3537.6
2208.7,2242.8,2309.2,2381.1,2463.1,2545.5,2631.7,2883
2532.9,2587.5,2667.4,2735.8,2860.1,3004.4,3160.5,3259.8
2563.7,2582.9,2612.8,2657.7,2910.1,2977.9,3359.8,3522.9
1645,1627.9,1851.6,1866.3,2373.3,2584.4,2755.1,2699.4
2159.2,2243.1,2396.8,2568.6,2676.6,2717.8,2814.4,2957.3
2402.8,2377.4,2468.8,2737.3,2993.2,3139.6,3179.1,3301.8
2544.5,2556,2586.4,2633.7,2687.8,2818.3,2971.3,3233.2
2510.1,2522.7,2532.1,2569.8,2619.9,2686.4,2825.7,3128
2427.8,2472.4,2595.8,2696.4,2784.6,2851.2,2886.3,2898.7
2038.7,2194.7,2254.7,2338.6,2528.1,2717.8,2958.4,3148.4
2124.3,2141.6,2522.9,2607.9,2633.7,2696.1,2792.1,2882.3
2006.7,2149.9,2206.1,2250.2,2248.3,2271.3,2342.6,2541.1
2549.6,2467.8,2628,2630,2754.6,2894.3,3011.7,3034.3
2227.5,2267.8,2678,3038.3,3189.3,3231.1,3227.1,3260.8
2394.3,2628.7,2714.5,2782.6,2848.6,2901.9,2954.3,3015
2291.5,2455.7,2621.2,2715.2,2782.9,2830.6,2869.4,2838.6
1699.3,1801.5,1846.7,1888,1960.9,2638.1,2827,2829.3
2213.6,2327.3,2254.2,2460.8,2583.3,2701.8,2819.1,2897.1
2686.3,2691.9,2708.6,2756.7,2808.2,2848.7,2886.7,3043.9
2113.7,2179.2,2194.1,2192,2264.3,2409.5,2568.8,2656.9
2296.9,2271.4,2480.9,2559.8,2621.1,2636.5,2638.1,2639.1
1811.1,1869.1,2001.3,2348,2530.2,2575.7,2988.4,3306.5
1695.9,1708.4,1679.3,2608.6,2737.9,2772.2,2515.9,2747.3
2273.2,2293.9,2286.6,2337.4,2822.6,3120.6,3329.9,3393
2397.6,2391.4,2463.8,2583.3,2706.6,2760.6,2843.6,2881.6
2545.8,2568.9,2580,2604.3,2671,2829,3124.2,3619.2
2396.5,2408.3,2399.5,2497.8,2599.5,2666.3,2977.4,3478.2
2417.7,2425.6,2484.4,2598.8,2749.3,2828.8,3029.3,3255.9
2343.5,2394.8,2482.4,2562.8,2658.8,2759.2,2848.5,2866.5
2595.4,2618.7,2642.3,2638.6,2753.6,2842.7,2865.7,3050
2553.4,2575,2602.2,2625.8,2646.2,2654.5,2630.7,2659.7
2323.6,2565.8,2591.3,2634.6,2692.6,2771.6,2866.4,2948.6
2045.4,2311.6,2519.3,2673.7,2796.7,2892.1,2980.6,3030
2175.6,2395.7,2598,2695.1,2764,2767.1,2809.9,2730.6
1725.4,1731.2,1736.4,1791.9,2090.4,2255.2,2405.3,2679.7
2589.6,2592.2,2639.7,2872.9,2993,3106,3498.9,3678.2
2695.9,2704.4,2722.9,2773.1,2843.3,2934,3115.9,3300.9
2017.9,2023,2030.9,2055.7,2114.9,2143.8,2382.7,2659.7
2379.6,2491.7,2643.2,2880.6,3077.1,3129.1,3406.8,3349.9
2513.7,2520.2,2536.3,2585.5,2724.4,2831.8,2946.6,3333.2
2133.2,2208.9,2380.8,2678.5,2923.1,3223.3,3375.6,3696.9
2357,2461.1,2523.6,2586.6,2640.7,2703.2,2779.4,2861.4
2281.2,2302.6,2394.4,2504,2617.6,2740.1,2849.3,2840.5
2462.7,2501.2,2513.8,2583.3,2702.8,2773.4,2944.5,3160.2
2058.4,2005.9,2025.4,2134.4,2383.1,2726.2,2788.8,2854.9
1681.6,1703.8,1765.1,1870.5,1970.9,2095.2,2148.6,2205.6
2596.6,2613.8,2619.2,2643.7,2701.8,2776.9,3192,3366.8
2229,2506.6,2662.4,2809.2,3142.8,3277.8,3170.8,3198.6
2163.2,2233.7,2340.9,2448,2490.3,2793.6,3299.2,3264.7
2234.2,2243.4,2373.5,2512.3,2585.1,2602,2978.4,3055.4
2402.6,2562.8,2717.7,2807,2887.3,2902.8,3008.9,3089.2
2638.1,2687.9,2707.8,2721.3,2761.3,2782.6,2812.5,2943.6
2134.4,2152.9,2601,2603.3,2610.5,2677.8,2888.6,3157.3
2132.1,2122.7,2263.3,2382.2,2501.7,2595.5,2676.2,2975.9
2307.4,2358.7,2370.5,2489.8,2737.3,2921.9,2994.6,3022.6
1682.3,2095.4,2157.7,2153.6,2242.2,2413.8,2478,2496.3
2423.3,2431.1,2435.7,2451.2,2470.9,2501.3,2527.9,2563.6
2321.7,2351.3,2420.8,2772.7,3003,3161.6,3239.7,3318.1
2096.8,2200.8,2242.1,2227.6,2171.3,2199.9,2250.4,2433
2748.4,2782,2801.9,2826.5,2863.7,2897.3,2881.7,2914.8
2039.9,2453.6,2528.5,2628.5,2746.3,2856.6,3026.8,3321.3
2154.7,2208.7,2273.7,2359.4,2441,2511.8,2531.2,2543.9
1723.8,1729.5,1761.1,1898.2,1920.8,2338.1,2482.1,2765.4
1888.8,1891.9,2120.5,2243.7,2396.1,2454.9,2475.6,2782.9
2635.8,2657.3,2682.7,2729.6,2830.2,2809.9,3034.1,3113.2
2591.1,2612,2637.3,2673.1,2890.6,2999.5,3066.8,3156.5
2457.3,2547.6,2584.5,2615.4,2681.5,2979.4,3571.4,3643.7
2644.2,2666.8,2684.5,2849,2923.8,3342.7,3582.8,3798.6
2450.4,2459.6,2502.8,2536.6,2574.3,2738,2802.4,3034.4
2487.7,2542.3,2573.6,2598.9,2637.1,2659.5,2995.4,3095.5
2173.6,2185.1,2271.7,2410.5,2683.6,2905.6,2952.5,2936.5
2427.6,2526.7,2628.8,2703,2762.7,2817.8,2870.6,3021.8
2664.7,2673.8,2700.1,2716.9,2747.9,2788.8,2822,2855.1
2652.1,2644.5,2824.1,2896.2,2936.4,2955.1,2957,3382.9
2202.3,2258,2282.2,2325.6,2365.1,2406.5,2659.7,3146.6
2382.9,2583.1,2615.7,2653.5,2707.5,2781.6,2873.2,2922.7
2217.2,2587.2,2635,2671.3,2714.4,2769.9,2907.4,3001.6
2298.7,2484.3,2579.2,2935.2,3063,2993.8,2912.1,3610.6
2755,2807.8,2824.5,2876.8,2919.6,2994.2,3005.5,3052.9
2123.6,2161,2468.3,2660.9,2789.7,2882.1,2776.3,2843.8
1809.1,2038.4,2165.5,2273.7,2394.9,2453,2514,2684
1501.7,1526.4,1530.9,1651.6,1693.6,1710.5,1731.7,1754.7
2369.2,2615.1,2757,2842.2,2938,3048.9,3113.5,3171.6
1931.4,2022.3,2208.5,2549.2,2638.4,2778.1,2924.3,2953.6
2157.9,2323.1,2460,2509.5,2563,2493.1,2427.7,3229.3
2227.4,2275.1,2529.2,2716.3,2825.5,2904.1,2964.2,3073.1
2276.3,2285.5,2357.8,2508.6,2596.7,2657.6,2683.5,2668.6
2100.9,2132.1,2220.1,2315.2,2389.2,2351.9,2382.4,2906.1
2177.2,2178.2,2209,2340.6,2470.3,2591,2772.2,2998.2
2447,2510.6,2566,2651.7,2805.7,2943.5,3059.2,3006.1
2019.9,2370,2482.6,2564.9,2666.8,2814.5,3037.3,3131.1
2524.3,2552.8,2682.7,2917.4,3021.8,3168,3290.5,3342.9
1538.6,1555.6,1662.1,2044.7,2332.4,1892.1,2351.3,2337.7
2463.9,2514.6,2532.4,2513.3,2667.4,2849.8,2998.2,3579.5
2579.5,2564.4,2609.6,2608.1,2658.8,2887.3,2934.3,3071.5
2058.8,2109.9,2161.1,2315.9,2741.2,3063,3273.3,3368.2
2199.5,2224.6,2277.7,2251.3,2274.2,2664.1,2939.2,2951.6
2310.3,2354.1,2356.1,2377.1,2424.8,2546.1,2685.6,2877.4
2438.5,2500.3,2519.7,2513,2863.4,2936.6,3059.6,2807.6
2364,2366.7,2377.9,2369.3,2374.1,2415.9,2674.6,2800.4
2449.7,2471.5,2487,2480.3,2561.2,2666.4,2749.6,2778.9
2492.1,2608.8,2664.7,2628.7,2678.4,2954.8,3236.1,3300.2
2055.8,2566.3,2570,2584.6,2572,2631.8,2666.5,2736.3
2537.9,2597.6,2613.3,2640.4,2662.4,2637.8,2812.8,2965.6
2428.5,2442.7,2452.7,2436.5,2524.3,2696.5,2766.3,2800.8
2489.9,2499.1,2523.5,2479.9,2599.6,2680.4,2678.9,2718.5
2490.5,2544,2534.9,2546,2653,2719.8,2733.5,2805.9
1809.9,2153.1,2099.6,2132.8,2792.3,2991.1,2977.1,3038
2205.8,2408.9,2457.7,2503.7,2443.8,2447.9,2686.9,3314.9
2309,2471.2,2538.9,2435.6,2624.2,2796.9,2863.8,2895.5
1913.8,2589.7,2874.8,2909.3,2950.6,2899.1,3083,3118.6
2501.4,2576.7,2623.3,2707.8,2812,2982.3,3335.6,3625
2196.7,2283.6,2322.3,2326.8,2353.6,2428,2548.6,2855.1
1735.7,1880.8,1906.9,1930.8,2281.3,2766.5,3164.2,3342.9
2065.2,2239,2355,2345.2,2389.9,2554.1,2792.6,3267.8
1942.7,2120.8,2137.4,2157,2250.3,2426.2,2654.9,2825.1
2090.9,2292.4,2316.3,2279.4,2304.5,2479.6,2633.3,2681.5
1969.1,1986.2,1992,2007,2089,2182.8,2221.7,2801.4
2091.2,2113,2138.9,2172.6,2131.4,2760.4,2926.4,2619.7
2215.2,2444.4,2532.7,2483.8,2595.9,2702.4,2733,2769.6
2389.3,2408.4,2432.2,2444.5,2440.9,2613.1,2724.5,2940.4
2071.5,2194.4,2261.5,2272.3,2354.8,2411.8,2457.7,2498
2336,2653.6,2731.4,2763.2,2735.6,2854.5,3047.1,3132.4
2411.7,2607.8,2633,2643.6,2643.2,2718.4,2936.7,3194
2097.4,2108.1,2150.2,2161.7,2190,2254.3,2348.2,2463.8
2145.8,2228.4,2283.5,2225.4,2261.7,2545.7,2671.2,2683.6
1698.2,1705,1713.2,1727.7,1924.2,2826,3335.9,3478.3
1771.2,1771.1,1768.7,1772.8,1794.4,1912,2510,2608.5
2305.8,2413.9,2410,2430.8,2650.4,3022.6,3150.5,3197.5
2490.7,2504.7,2540.4,2426.1,2591.1,2711.5,2729.1,2735.2
2441.9,2496.5,2562.9,2628.1,2638.5,2683.8,3034.2,3183.1
2022.8,2656.5,2641.6,2666.2,2646.1,2670.9,2782.5,2866.5
2273.7,2334.7,2384.9,2379.8,2368.7,2530.9,2699.2,2683.7
2235.6,2385.8,2410.5,2423.6,2409.2,2505.9,2677.9,2883.2
2013.3,2211.9,2346,2302.9,2420.5,2473.1,2515.8,2581
2289,2359.8,2333.4,2414.1,2758.9,2744.7,2875.1,3345.7
2230.3,2260,2237.7,2265,2538.4,2584.8,2601.4,2848.3
2285.3,2319.2,2333.6,2333,2435.4,2821.8,2813.2,2869.5
2208.7,2339,2399.3,2415.9,2416.1,2559.7,2672.5,2688
2321.4,2402.6,2451.2,2455.4,2568,2705.9,2757.7,2803
2320,2332.4,2358.6,2353.6,2385.6,2496.1,2540.8,2540.6
2143.8,2134.7,2173.1,2313.5,2464,2445.2,2460,3226.2
2148.8,2178.8,2220.5,2216,2256.5,2426.1,2893.7,3011.9
1753.6,2231.9,2461.1,2470.8,2444.9,2480.1,2542.8,2607.5
2444,2461.6,2469.3,2476.4,2524.2,2776.6,2885.5,2930.1
2201.1,2230.2,2220.9,2386.2,2824,2765.5,2899.7,3525.1
2357.6,2388,2406.2,2384.6,2542.5,2568.3,2582.2,2642.7
2405.7,2429.2,2453.5,2458,2458.4,2643.6,3034.6,3114.9
2401.8,2462.3,2479.9,2473.9,2535.9,2642.4,2675.9,2809.9
2263.1,2269.1,2279.3,2258.3,2353.3,2426.7,2451.6,2477.8
1755.2,1765.4,1811.3,2015.7,2250.4,2915.6,2885,2885.8
2038.4,2174.3,2319.9,2358.2,2386.6,2666.3,2883.7,2921.9
1872.2,1870.8,1903.9,2005.3,2152,2308.8,2403.3,2445.6
2193.4,2369.5,2401.6,2384.3,2368.6,2623.1,2765,2754.7
2129.7,2217.5,2206.8,2259.5,2287.1,2390.8,2622.4,2667.3
2128.7,2430.5,2541.3,2562,2610.7,2646.1,2674.3,2731.3
2440.9,2446.6,2466.4,2414.3,2546.8,2611.8,2606.2,2639.5
2338.5,2382.2,2410.8,2365.4,2504.2,2733.4,2764.7,2911.3
2045.1,2065.5,2076.7,2105.2,3463.2,3514,3561.5,3572.3
1783.8,1786.5,1876.1,1887.7,2259.4,2888.4,2884.2,2858.7
1875.3,1875.6,1885.5,1906.8,1911.6,2763.7,3303.4,2942.9
1962.6,2068.6,2174.3,2189.4,2506.7,3098.3,3091.1,3092.3
2122.5,2138.1,2147.5,2149.1,2190.9,2306.8,2841.4,2933.6
2209.9,2252.9,2292.3,2370.2,2506.8,2792,3219,3552.1
2258.8,2321.8,2320,2360.3,2500.3,2624.5,2732,3045.7
2527.5,2635.1,2646.8,2676.1,2724.5,2798.9,3177.9,3564.3
2323,2427.5,2469.9,2372.8,2649.4,2689.2,2687.4,2732
2442.3,2459.7,2473.7,2613.3,2701.1,2687,2824.2,3621.9
2408.9,2468.4,2465.6,2566.7,2752.3,2804.2,2822.8,3230.1
2012.4,2044.3,2074.7,2060.4,2075.4,3157.6,3157.6,3161.3
1945.6,2024.3,2046.3,2096.7,2352.9,2977.6,2976.4,3012.4
2375.8,2381.8,2376.2,2420.5,2518.6,2604.5,2662.8,2794.1
1807.5,1815.8,1829.1,1833.8,1786.5,3013.4,2925.9,2655
2268.6,2284.9,2303.4,2304.5,2343.3,2427.4,2471.6,2641.6
1994.7,2391.8,2399.2,2401.5,2399.2,2418.5,2771.4,3129.3
2237.3,2291.6,2668.1,2680.2,2905,3459.1,3546.9,3746.3
2241.4,2307.9,2335.1,2333.2,2343.5,2481.4,2593.4,2584.9
2088.9,2115.8,2130.5,2144.5,2246.2,2731.4,3167.9,3265.2
2170,2210.6,2267.3,2286.9,2400,2749.1,2890.8,3005.6
2443.2,2494.3,2546.8,2567.1,2593.5,2759.2,2832.1,2860.8
1834.4,2487.1,2560.5,2660.4,2600.7,2730.1,2884.9,2939.2
2370,2464.5,2524.3,2537.9,2583.5,2676.4,2809.6,2893.9
2388.1,2435.9,2462.6,2444.1,2496.1,2674.9,2845.8,2901.4
1948.9,1988.3,2017.8,2034.9,2120.3,2283.3,2630.2,2674
2399.5,2480,2514,2544.9,2555.2,2610,2782.1,2948
1894.4,2313.9,2338.8,2340.4,2245.6,2480.6,2669.7,2746.3
1940.7,2362.6,2377.6,2354.8,2414.3,2474.1,2483,2502.8
2023.6,2332,2402.9,2440.9,2397.7,2445.2,2587.9,2674.3
1859.8,2120.8,2339.8,2367.2,2378.3,2412.1,2427.3,2458.4
2196.1,2375.9,2384.2,2375.5,2393.8,2487.4,2677.9,2705.2
2477.4,2473.1,2489.9,2471.6,2503.3,2625.4,2674.3,2711.9
2192.5,2396.1,2424.4,2434.2,2419.8,2529.2,2799.1,2984.3
1903.5,1910,1926.2,1933.4,1940.1,1984.3,2612,2172
2210.8,2278.4,2302.4,2323.2,2337.6,2466.3,2619.5,2716.6
2299.6,2357,2366.2,2417.6,2551.9,3013.7,3253.9,3568.7
2146,2394.3,2390.1,2400.8,2568.5,2951.6,3245.1,3336.2
2337.9,2582.9,2597.3,2606.3,2686.2,2833,3053.7,3284.2
2362.9,2387.4,2397.5,2371.3,2460.5,2620.4,2678,2680.5
2315.3,2337.3,2314.5,2345.9,2692.5,2778.1,2695.4,2826.1
2285.4,2320.6,2321.7,2275,2470.6,2683.2,2688.1,2721.7
2388.5,2400.6,2427.5,2428,2487.1,2572.2,2649.2,2688.2
2231.4,2262.2,2306.3,2336.1,2332.5,2648.6,3635.3,3603.8
2454.2,2523.4,2604.1,2678,2702.4,2667.8,2809.2,3198.2
2304.6,2321.6,2303.7,2332.7,2506.7,2551,2575.9,2790.8
2407.9,2519.4,2566.4,2568,2540,2741.1,2755.7,2744.8
2213.6,2219.6,2221.5,2287.1,2388,2352.5,2806.9,3120.4
1631,1627.3,1626.4,1607.7,2472.9,3496.4,3372.1,3463.7
1834,1855.6,1851.5,1876.3,2003.2,3041.4,2986.9,2913
2164.4,2317.3,2490.4,2537.3,2558.7,2990.7,3063.9,3086
2343.8,2497.4,2520.9,2535.7,2543.4,2654.2,2833.6,2963.5
2507.5,2518.1,2519,2530.2,2615,2670.1,2779.3,3047.6
1771.2,1791.4,1813.4,1870.7,2353.8,2677,2875.4,3476.3
2014.5,2127.6,2138.3,2127.4,2152.7,2213.3,2527.9,2744.2
2282.4,2291.1,2295.6,2291.2,2312.8,2372.4,2753.6,2950.2
2341.1,2379.4,2373.1,2407.3,2513.1,2659.2,2824.7,3456.8
2360.1,2366.3,2378.2,2382.5,2388.9,2624.9,2675.3,2994.6
2521.4,2537.7,2553.7,2573,2635.4,2951.1,3227.3,3442
2255.2,2380.1,2424.7,2445.6,2471.6,2545.2,2787.5,2939.3
2070.8,2485.6,2596.5,2579,2621.7,2787.6,2968.2,3185.1
2387,2408.3,2439.5,2456.3,2503.6,2654.7,2805.3,2937.4
2334,2347.1,2346.9,2407.2,2565.6,2666,2751.2,2974.2
2419.1,2534.4,2544.6,2558.9,2574.6,2622.8,2718.2,2758
2734.7,2761.9,2795.5,2772.3,2828.9,2990.2,3066,3064
1725.9,1730.4,1722.7,1736.8,1838.3,1926.1,1889.3,2020.6
2222.3,2295.5,2330.2,2321.1,2620.1,2804.8,2723.7,2728.5
2514.4,2563.8,2590.9,2555.7,2604.8,2830.2,3015.1,3142.9
1931.3,2423,2560.2,2589.3,2564.6,2553.3,2676.7,3027.1
2291.6,2339.5,2350.1,2345.3,2370.5,2421.7,2491.6,2597.7
1831.6,1841,1865,1884.6,1941.2,2624.5,3109.4,3182.6
1770.9,1770.3,1789,1853.9,2258.8,2514.9,3282,3257.1
2205,2220.7,2214.8,2234.5,2619.2,2848.4,2880.3,3154
2298.9,2350.2,2388,2415.7,2410.5,2421.7,2618,2940.6
2550.3,2549.2,2573.4,2579.9,2576.1,2649,2830.7,3140.7
2393.4,2413.9,2443.2,2482.5,2492.5,2515.9,2615,3191
2262.9,2559,2592.2,2531.6,2558.1,2859.8,3035.8,3094.2
2515.7,2514.1,2536.5,2512.5,2638.3,2677.2,2672.2,2714.7
2274.2,2407.2,2488.4,2454.3,2570,2642.1,2644.6,2686.1
2286.6,2431.2,2470,2481.7,2504.3,2532.6,2648,2841.3
2150,2228.5,2252.8,2230.6,2267.9,2401,2599.2,2679.3
1895.9,2117.4,2155.8,2155.6,2225.6,2849.3,2985.9,3061.9
1779.3,1818.2,1886,2018.9,2223,2290.5,2328.9,2390.8
2537.2,2631,2677.3,3159.4,3495.4,3554.7,3702.7,4281.2
2423.9,2469.8,2479,2483.9,2506.6,2557.1,2791.2,3098
2525.8,2540.3,2548.4,2578.3,2644.2,2772.6,2893.9,3135.8
2198.7,2221,2298.3,2355.7,2357.4,2637.6,3130,3336.3
2353.5,2381.7,2389.4,2359.8,2532.2,2638.5,2656,2667.3
2374.3,2449.4,2452.4,2377.3,2691,2936,2950.8,2935.4
2186.7,2344.9,2372.5,2466.5,2738.8,2977.9,3202.3,3286.4
2168.5,2178.8,2176.2,2235.3,2559,2597.6,2633.5,2888.5
1877,1899.7,1918.6,1935.6,2086.7,2336,2475.8,2508
2279.4,2339.1,2369.6,2375.5,2511.5,2924.1,3093.5,3145.3
2405.3,2450.1,2493,2436.8,2544.3,2898.9,3175.4,3326.1
2090,2087.9,2112.3,2387.4,2554.5,2578.6,2660.6,2854.6
2228,2238.7,2235.8,2381,2581.9,2642.7,2808.6,3191.2
2163.5,2169.4,2172.4,2216,2365.8,2494.1,2639.2,3430.5
2290.4,2474.9,2473.5,2498.9,2603.8,2772.7,2939.6,3486
2078.2,2204.8,2356.6,2359.1,2432.4,2611.4,2698.3,2717.6
2291.2,2349.2,2369.7,2374.1,2370.1,2464.8,2601.2,2832
1863.7,2257.4,2320.6,2348.3,2315.8,2375.9,2553.5,2717.7
2439.9,2472.3,2558.1,2604.2,2551.1,2714.4,2953.5,3053.8
2041,2197.9,2271.8,2216.6,2348.2,2576.6,2803.7,2814.4
2509.3,2582.1,2613.7,2633.4,2595.7,2714.6,2921.3,2994.9
2164.2,2210.5,2208.9,2244,2351.1,2464.3,2483.9,2543.3
1910.9,2183,2450.3,2441.5,2503.8,2750.8,2868.6,3008.5
2152,2397.1,2489.4,2449.9,2535.9,2783,3156.1,3299.4
1849.6,1883.3,1928.5,1940.2,1971.8,2056.8,2943,3006
1970.2,2129.9,2220,2190.4,2285.8,2738.3,2881.6,2908.1
2279,2343.7,2395.9,2371.4,2382.7,2628.2,2933.9,3006.7
2223.7,2508.5,2502.1,2504.9,2557.3,2734.1,2906.3,3062.9
2440.5,2590.2,2665.8,3024.8,3699.9,3897.2,4143.9,4375.7
2411.3,2430.6,2419.7,2453.1,2584.7,2656.6,2698.8,2741.3
2321.4,2364,2393.1,2382.6,2461,2878.2,2993.6,2994.5
2322.1,2451.8,2478.6,2510.5,2529.4,2509.9,2597.1,2852.9
2427.3,2448.3,2469.1,2519.2,2670.7,2822,3003.9,3347.7
2423.9,2473.4,2526.8,2575.2,2498.4,2725.2,3020.6,3088.7
2484.5,2497.6,2523.8,2533.3,2576.1,2714.7,3012.4,3321.3
2316.9,2327.8,2339.3,2378.6,2531.4,2648.8,2691.4,2706.1
2291.8,2305.2,2346.1,2261.6,2352.2,2612.5,2702.2,2774.1
2075.3,2405.7,2472.9,2510.5,2428.2,2644.2,2730.8,2739.1
2388.9,2538.4,2605.4,2639.2,2630.6,2909.6,2966.5,2972.1
2580.4,2587.2,2598.3,2608.1,2641,2696,2760.1,2898.8
2324.4,2354.3,2459.3,2440.9,2421.1,2593.4,2651.9,2678.7
2131.2,2169.8,2185.4,2189.2,2180.6,2269.5,2629.7,2651.9
1962.8,2013.6,2081,2086.7,2075.5,2335.7,3014.1,3068.9
2509.5,2549.7,2605.3,2660.2,2551.5,2627.8,2891.9,3151.7
2177.9,2203.3,2264.8,2286.4,2426.5,2906.1,2987.2,2979.9
1908.5,1922.8,2373,2594.7,3158.8,3383.9,3374.3,3396.8
2332.9,2361.9,2408.5,2461.5,2442.4,2496.5,2719.2,3094
2162.4,2332.7,2444.9,2475.5,2563.8,2775.3,3008.5,3047.5
2518.6,2594.3,2642.3,2683.4,2624.1,2697.8,3011.4,3320.5
2108.2,2661.3,2712.3,2805.4,2820.8,2925.3,3145.2,3511.5
2337.7,2556,2646.4,2708.5,2541.2,2560.6,3039.9,3356.5
2146.9,2624.3,2662,2693,2615.9,2733.8,3259.9,3334.1
2414,2421.5,2453.8,2485.6,2512.6,2950.6,3077.7,3135.9
1673.2,1673.2,1700.3,1696.7,1715.7,2217.7,3160.7,3201.8
2505.7,2521,2526,2562.9,2593.8,2674.5,2878.1,3282.7
2316.8,2545.9,2625.3,2651.3,2688.7,2918.1,3097.5,3260.2
2207.1,2290.9,2297.4,2299.1,2285.4,2317.4,2456.4,2799.3
2590.1,2607.7,2639.4,2664.5,2584.8,2774,2862.1,2869.6
2283.7,2284.5,2335.9,2417.3,2464.2,2533.4,2836.7,3095.4
2511.8,2515.9,2541.3,2532.6,2563.8,2770.8,2902,3055.1
2554.4,2624.9,2618.5,2638.9,2621.1,2672.6,2859.4,2941.3
2577.5,2618.6,2633.6,2646.8,2643.8,2711,2789.5,2833.7
2350.6,2515.3,2536.9,2546.4,2563,2575.5,2677.5,2713.1
2606.1,2629.7,2626.4,2592.6,2787.8,2864.9,2848.6,3083.4
2354.3,2526.8,2633.9,2631.2,2675.3,2719.7,2734,2743
2646.6,2558.9,2612.7,2778,2786.6,2807.3,2839.5,3207.3
2616.9,2647.4,2649.7,2682.8,2706.1,2733.3,2762.7,2834.6
2418.5,2517.6,2534.9,2540.8,2546.1,2669.5,2718.2,2736.2
2456.1,2482.5,2517,2538,2518.7,2678.3,3132.2,3221.3
2415.8,2471,2530.7,2565.8,2569.5,2646.9,2891,3183.8
1820.1,2081.8,2094.3,2047.5,2125.9,2515.1,2651.7,2669.8
1862.5,1859.1,1908.1,2035.6,2412.5,2918.4,3291.7,3455.7
2079.9,2149.8,2241.7,2243.2,2439.3,2930.1,3147.1,3162.8
1972.3,1978,1985.3,2016,2074.5,2147.7,2506.4,2678.1
2219.9,2275.3,2343.4,2384,2358.5,2550.8,2706.9,2912.8
2004.4,2027,2066.8,2115.8,2143.1,2244.2,2590.1,3208.9
1950,1958.8,1968.5,1975.7,1963.8,2241.2,3175.4,3471.4
1920.7,1876.2,2137.3,2793.2,2931.1,2998.3,3530.2,3665.1
2316.7,2543.8,2328.3,2515.4,2900.9,2903.2,2883.8,2873
2112,2164.8,2126.4,2173,2369,2464,2481.6,2485.7
2036.8,2148.1,2207.1,2115.6,2226.1,2544.4,2712.2,2800.5
1923.8,2111.1,2340.7,2386,2476.3,2790.5,3046.9,3196.6
2027,2042.5,2057.8,2071.4,2062.1,2124,2672.4,2745.2
1914.3,2025.6,2115.2,2192.3,2152.1,2232.4,2954.1,3189
1660.3,1655.7,1665.5,1725.4,1940.5,2112.9,2233,2319.8
1712.6,1728.1,1772.8,1824.8,1858.4,2988.2,3336.4,3436.5
2381.2,2406.8,2416.3,2470.8,2642.1,3019.2,3271.4,3329.5
2225.9,2583.8,2656.7,2599.2,2562.5,2705.1,2739.2,2728.1
2117.1,2505.3,2555,2551.4,2571.8,2632.6,2655.9,2646.6
2385.2,2523.3,2545.2,2558.1,2550.6,2612.4,2684.3,2718
2203.4,2409.2,2497.1,2512.4,2629.8,2759.9,2818.9,3284.8
2346.9,2364.8,2389.8,2395.4,2397.9,2466,2673.5,2806.2
1552.3,2093.2,2725,2831,2815.7,2853.6,2887.4,2924.1
2152.4,2157.8,2171.5,2163.1,2197.7,2246.7,2262.9,2708.9
2414.2,2501.7,2510.1,2522.9,2524.5,2610.1,2625.8,2746.6
2163.3,2453.2,2473.2,2484.9,2537.6,2604.3,2642.7,2658.7
2338.2,2393.5,2425.4,2428.7,2485.7,2643.1,2710,2743.1
2386.7,2463.7,2499.3,2516.5,2519.1,2559.6,2619.5,2792.9
2370.5,2390.2,2386.9,2406.7,2546.6,2611,2605.9,3263.5
2179.4,2278.7,2306.8,2310.9,2313.7,2392.3,2472.8,2598
2200.4,2240.8,2248.1,2290.4,2326.5,2353.7,2391.4,2418.8
2446.9,2470.4,2478.5,2480.8,2485.5,2580.3,2771,2951.8
2323.5,2372,2395.3,2433.1,2506.4,2695.6,2847.6,3115.5
1911.5,2679.1,2694.5,2718.5,2691.1,2770.3,2824,2890.8
1951.6,2347.2,2446.3,2489.2,2424.1,2503.8,2968.6,3065.1
2044.6,2280.2,2295.3,2307,2339.6,2372.1,2572.8,2848.8
2493.3,2498.3,2501.6,2514.1,2517.5,2544.3,2589.5,2648.1
2032.9,2048.7,2050.4,2084.7,2191,2683.8,3061.6,3382.7
2308.6,2325.2,2338.7,2340.1,2346.3,2455.6,2707.6,2819.1
1962,1978.2,1972.4,1963.8,2083.6,2431.1,2484.2,2734.7
2181.9,2276.7,2349.2,2414.4,2468.2,2466.5,2599.9,2911.8
2323.4,2368.5,2380.2,2382.5,2383.2,2457.2,2510.1,2502.2
2368.3,2509.9,2602.8,2595.5,2635.1,2680.8,2719.3,2736
2378.4,2480.6,2487,2493.9,2479.5,2516.6,2579,2577.5
1858,2501.3,2542.4,2548.6,2540.1,2553.6,2592,3052.2
1855,2251.2,2259.1,2254.5,2260.9,2325.8,2369.3,2544.7
1907.9,1916.7,1912.1,1929.8,1970.4,1966.9,2330.4,2930.1
1844.1,1846.1,1840,1861.1,1909.3,2145.7,2946.1,3120.9
1919.9,1973.6,2008.3,2093,2604.9,3132.6,3337.2,3238
1968.7,1976.1,1994.3,2024.8,2038.9,2040.5,2046.6,2736.9
2050.2,2501.9,2509.2,2511.9,2514.3,2564.5,2617.1,2915.5
1908.2,2393.1,2405.1,2387.8,2414,2498.5,2728.6,3118.1
2462.5,2602.5,2612.6,2614.4,2637.6,2694,2887.3,3659.6
2167.2,2497.5,2514.6,2514.7,2518,2566.4,2623,2691.9
2208.4,2223.1,2241,2250.5,2306.8,2934.4,2955.5,3012.7
1847.7,2447.9,2452.5,2457.8,2450.6,2465.6,2512.3,2654.7
2043.8,2058.4,2074.7,2066.8,2074.8,2202.2,2957.8,3036.1
1883,1888.8,1885.5,1878.8,1929.4,2057.2,2910.9,3064.4
2083.4,2112.3,2098.7,2115.7,2189.2,2842,2962.7,2994.6
2341.1,2403.7,2421.2,2439.1,2427.6,2447.6,2481.3,2582.4
1810.3,1818.7,1851.4,1887.1,1897.7,1906.5,2442.5,2664
2100.1,2198.1,2215.5,2244.5,2264.2,2273,2389.6,2912.4
2351.3,2364.8,2370.4,2348.9,2428.5,2572.9,2968.4,3350
2284,2536.5,2526,2534.9,2581.6,2720.3,2855.4,3124.1
2275.2,2295.1,2325.4,2333.4,2335,2392.5,2702.7,2823.7
1773.5,2311.3,2326.5,2342.6,2296.1,2312.3,2499.5,2822.1
2201.7,2221,2237.8,2251.9,2324.8,2795.2,2912.8,2949
2017.4,2064.7,2094.3,2082.1,2117,2510.2,2603.4,2710.5
2098.9,2536,2599.5,2565.5,2702.1,2825.3,3011,3306.4
2232.8,2359.4,2301.5,2338.1,2793.5,2836.3,2781.3,2798.1
2396,2475.5,2487.2,2496.8,2475.1,2508.9,2560.4,2595.3
2043.7,2461.6,2464.3,2474.4,2459,2480.5,2529.5,2546.9
1972.1,1978.9,1966.8,1952.6,1975,2094.4,2559.8,2590.8
2241.5,2430.2,2442.5,2415.2,2586.1,2846.1,2871.9,3057.7
2097.6,2227.9,2297,2421.7,2440.2,2477.8,2536.7,2667.7
2139.5,2330.1,2353.6,2374.8,2346.2,2412.4,2499.1,2548
2034.4,2135.4,2154.1,2205.7,2210.4,2249.7,2330,2395.2
2153.1,2178.3,2165.1,2217.3,2279.3,2304.3,2323.3,2334.3
2512.2,2569.8,2574.7,2587.7,2567.1,2616.3,2761.4,2816.7
2227.6,2433,2439,2443.2,2449.2,2546.2,2640.5,2715.4
2218.7,2434,2467.6,2472.6,2469.7,2512.3,2551.1,2652.6
1896.5,1906.1,1916.1,1930,1953.1,2146.9,3018.6,3182.2
2232.5,2287.4,2411,2452.7,2455.1,2517.4,2724.4,2790.5
1898.9,2388.5,2413.7,2411.9,2391.4,2475.8,2801.3,3107.3
1911.1,1878.7,2141.1,2520.4,2515.2,2518.9,2597.6,2673.3
2528.5,2651.4,2592.9,2827.5,2892.7,2880,2916.8,3049.3
2276.3,2361.2,2584,2409.4,2668.5,2939.1,3027.3,3033.9
2112.2,2460.4,2501.6,2489.3,2514.7,2542.6,2882.7,3037.7
2086.3,2487.6,2490,2501.6,2483.3,2504.3,2575.6,2591.9
2335.6,2531.8,2546.5,2628.7,2626.2,2735.7,2937.3,3051.9
2107.6,2312.5,2451,2294.8,2462.4,2513.9,2544.1,2566.2
2124.3,2311.4,2381.1,2358.9,2466.1,2675.2,2668.2,2887.1
2420.8,2441.4,2467.5,2484.5,2510.5,2686.6,2961.7,3172.7
1801.1,1815.3,1838,1858,1863,1861.1,1876.2,2415.9
1743.1,1763.7,1795.3,1809.8,1841.8,1986.3,2255,3355.2
2055.3,2270.5,2312.4,2405.2,2413.8,2426,2868.9,3352.7
2070.5,2435.8,2444.5,2480.9,2477,2502.8,2534.8,2564.5
1619.6,1654.6,1686.4,1811.3,2259.9,2695.2,3060.7,3475
1933.6,1990.9,1939.9,2047,2104.5,2184,2696.3,2733.8
1840.4,2108.8,2389.6,2395.8,2373,2434.9,2477.8,2616.7
2074.6,2294.6,2389.3,2418.4,2435.3,2687.3,2759.7,2910.5
2386.5,2418,2434.7,2451.5,2445.4,2526.8,2603.6,2613.5
2385.9,2410.1,2406.7,2400.5,2553,2769.3,2753.3,2856.8
2204.8,2414.9,2430.4,2416.5,2431.3,2630.4,2821.5,3026
2329.6,2477.5,2480.7,2482.6,2504,2536.2,2542,2552.3
2307.5,2374.6,2387.6,2506.4,2562.3,2577.9,2612.7,2922
2422.1,2440.2,2460.8,2486.5,2508.2,2534.8,3041.5,3057.3
2675.7,2690.1,2694.5,2700.9,2721.2,2757.2,2879,2925.6
2529.9,2530.4,2532.7,2539.3,2598.4,2624.7,2625.1,2997.6
2027.7,2038.1,2220.3,2360.1,2570.5,2680.5,2941.8,3067.4
2211.2,2493.4,2554.5,2525.7,2570.5,2644.1,2691.7,2709.5
1548.3,2035.5,2558,2596.9,2618,2640.9,2809.6,3245
2117.5,2448,2501.8,2508,2515.8,2582,2719.9,2813
2209.4,2233.1,2223.3,2266.7,2300.4,2330.7,2346.9,2365.2
1611.1,1681.6,1700.9,1702.9,1710.7,1752.1,1769.6,1715.2
1633.7,1635.3,1647,1650.8,1875.2,1965.8,2225.1,2453.6
2254.9,2368.4,2379.9,2360.4,2422.3,2438,2445.7,2931.8
2192.6,2227.3,2282.2,2314,2308.2,2384.8,2530.7,2870.2
2311.6,2434.8,2440.3,2450.5,2472.7,2758.3,3198.1,3925.1
2403.7,2544.6,2563.6,2600.9,2623,2647.3,2661.4,2667.5
2536.2,2559.9,2572.3,2571.1,2639.9,2716.3,2740.6,2765.3
2460.2,2585.6,2637.6,2684.4,2754.4,2826.9,2837.4,3073.3
2443.1,2525,2541.5,2559.6,2550.7,2575.4,2678.4,2810.7
2254.2,2443.3,2465.7,2467.7,2466.8,2548.6,2650.1,2707.9
2268,2374.2,2382.2,2391.1,2380.5,2417.9,2479.6,2538.5
2125.1,2136.9,2195.9,2289.9,2309.9,2293.9,2404.4,2445.4
1900.5,1933,1920,1939.2,2072.2,2215.7,2438.2,2905.2
1833.7,1842.1,1833,1824.4,1833,2153.8,2757.9,2467.2
2288.3,2379.7,2392.3,2399.4,2401.5,2469.3,2940.4,2782.1
2351.9,2534.5,2577,2576.2,2586.6,2736.4,2769.5,2864.6
2166.3,2311.9,2322.8,2328.3,2387.6,2560.5,2625.8,3635.8
2355.7,2375.5,2388.7,2390.2,2400.5,2474.2,2520.4,2640.9
2271.5,2284.2,2301.8,2314.4,2341.4,2376.9,2428.6,2613.1
2125.7,2133.5,2148,2156.5,2176.6,2727.2,3079.1,3069.2
1857.5,1869.9,1879.4,1887.7,1894.4,2502.9,3104.6,3212.8
2436.6,2464.8,2484.7,2487.9,2487.8,2579.3,2649.8,2668
2393.6,2493.3,2501.5,2503.2,2482.8,2530.7,2577.8,2574.3
2263.3,2273.2,2286.8,2338.8,2387.4,2458.5,3428.9,3410.3
2173.4,2214.6,2223.9,2272.5,2585.5,2968,3202.9,3415
2324.4,2404.1,2508.4,2544.2,2545.3,2570.4,2613.8,2804.7
2417,2475.6,2489.7,2482.6,2482.9,2546.1,2699.7,2730.3
2229.5,2368.8,2374.2,2380.3,2425.9,2778.9,3532.4,3548.6
2318.5,2455.8,2451.4,2463.2,2800,3122.2,3811.4,3914
2394.6,2398.9,2404.6,2396.2,2442.8,2509.9,2589.2,2672.7
2483.1,2566.9,2576.5,2589,2595.8,2622.2,2725,2792.8
2147.8,2167.1,2187.6,2184.8,2199.3,2347.6,2566.3,2618.9
1983.2,2188.4,2538.5,2548.9,2554.4,2566.3,2575.8,2993.4
2453.1,2455.9,2457.6,2469.8,2497.2,2527.4,2814.2,3661.8
2413.4,2539.9,2583.9,2510.8,2686.8,2735.1,2763.1,2860
2004,2069.9,2268.6,2323,2373.3,2411.8,2414.1,2428.2
2191.7,2295.7,2337.2,2348,2368.4,2376.7,2386.7,2400.4
2143.9,2308.4,2354.1,2290.6,2393.9,2515.4,2605.7,2603.1
1767.5,1780.6,1805.6,1835.3,1836.1,1846.7,2259,2874.1
1860.4,1874.6,1890.5,1903.1,1915.2,1974.1,2162.7,2774.2
2204.9,2406.9,2440.3,2433.9,2464.6,2626.9,2790.7,2999.7
2245.1,2357.7,2478.1,2477,2490.7,2506.7,2708.3,3632.2
2327.1,2336,2354,2384.7,2414.6,2892.7,2938,3609.6
2347.1,2395.9,2415.6,2385.1,2481.1,2601.3,2642.3,2703.2
2175.8,2350.3,2365.2,2377.3,2401.8,2438.7,2502.1,2889.5
2354.7,2401.4,2433.8,2453.5,2498.2,2771.9,3016.1,3221.2
2493.7,2483.9,2510.4,2503.2,2514.1,2587.9,2668,2756.3
2518.1,2536.2,2555.4,2559.8,2580.4,2648.7,2720.6,2723.5
2630.5,2894.2,2936.9,2980.6,2954.9,3593.5,3779.1,3860
2451.8,2506.2,2476.9,2586.2,2658.1,2662.7,2680.5,2893.4
2498.2,2496.7,2513.9,2504.8,2534,2620.3,2657.8,2667.2
2578.8,2609.4,2641,2659.6,2618.8,2736.3,2782.9,2782.4
2260.3,2391.1,2518.1,2585.7,2605.5,2772.6,2856,2949.8
2033.7,2409.2,2432.3,2425,2410.7,2438.5,2488.7,2845.4
1820,1837.2,1846,1847.7,1854.7,1864.6,2298.7,2756
1814.4,1818.6,1839.3,1858.7,1919.5,2006.7,2145.7,3617.6
1637.5,2322,2779.5,2899.8,2859.4,2985.7,3048.2,3074.5
2121.4,2225.8,2278.4,2235.5,2338.1,2393.5,2319.9,2329.2
2486.6,2493.4,2504.2,2498.4,2508.9,2535.6,2561,2594.8
2211,2255.1,2297,2275.9,2344,2678.4,2811.5,2758.2
2374.7,2416.8,2534.8,2663,2662.9,2606.3,2615.6,2904.6
2377.3,2366.1,2377.1,2369.3,2388.3,2443.5,2477.3,2487.1
1835.3,1841.4,1835.2,1838.8,1964.2,2257.5,2936.7,3116.2
2487.2,2534.3,2487.3,2536.7,2784.5,2888.8,3041.8,3101.2
1875.5,2073,2417.9,2717.4,2820.3,3009.8,3101.1,3160.8
2283.1,2444.3,2584.1,2735.2,2849.6,2904.9,2909.6,2622.1
2234.3,2377.8,2418.7,2432.5,2527.8,2676.2,2844,3162.4
2338.7,2346.5,2335.7,2406.9,2733.6,2877.9,2978.6,3326.4
2211.9,2148.5,2238.5,2481.6,2716.4,2915.5,2924.1,3147.7
2154.7,2514,2559.8,2499.8,2407.8,2842.2,2915.9,2856.8
1993.7,2019.8,2437,2470.2,2504,2835.5,2911.7,2977.8
2173.3,2299.2,2868.5,3006.3,3102.1,3308.7,3213.9,3280.7
2148.1,2395.3,2777.6,2898.6,2928.7,2963.9,2989.4,3161.2
2125.2,2397.7,2408,2774,2799.2,2760.2,2968,3265.3
1972.7,2040.2,2412.1,2372.8,2279.4,2373.6,2827.1,3116.1
1317.2,2220.2,2432.4,2463.1,2442.7,2464.1,2561.9,2726.8
1711.8,2173.1,2142.3,2337.5,2408.1,2499.4,2554.9,2743.8
1887.4,1762.8,1915.1,1973.9,2500.2,2717.6,2885.1,3142.1
1783.9,1650.6,1836.1,2540.5,2590.7,2900.3,2946.9,3043.5
2021.7,2539.6,2601.6,2614.3,2574.7,2631.2,2756.2,3159.7
2248.7,2216.3,2313.7,2358.4,2431.7,2484.7,2499.9,2561.7
2112.5,2241.1,2579.4,2577.7,2574.4,2678.4,2999.8,3282.8
1932.8,2111.3,2243.9,2243.8,2282.4,2652.6,2793.1,2816.6
1893.9,1982.8,2124.1,2171.8,2244.8,2329.4,2411.2,2558.5
1944.6,2080.2,2301.4,2318.6,2383.5,2369.5,2505.2,2667.2
1670.7,1754,2265,2298.1,2237.9,2284.2,2411.2,2657.1
1604.5,2222.9,2385.7,2419.8,2694.1,2742.3,2769.3,2795.2
2547.1,2573.4,2620.8,2473.6,2835.8,3440.7,3465.4,3482.2
1608.1,1923.3,2431.1,2486.2,2555.6,2606.9,2654.1,2754
1788,1800.8,1807.4,1908.8,2209.3,2651.2,2732.2,2873
2193.3,2571.8,2612.1,2588.7,2626.7,2823.4,2891.8,2984
1829.1,2127.8,2194.1,2196.6,2245.3,2357.6,2473.9,2685
1769.3,2169.6,2189.9,2180.6,2171.4,2241.1,2358.8,2473.6
1764.1,1763.7,1745.4,1752.6,1799.4,1897.6,1891.5,2101.9
1638,1638.1,1657.5,1695.9,1766.5,3064.2,3037.8,3014.7
2004,2172.5,2125.9,2150.4,2321.2,2510.1,2678,3334.7
2495.5,2519.3,2537.8,2497.7,2444.7,2481.8,3304.1,3340.4
2394.7,2431.3,2537.2,2576.4,2647.9,2648.7,2672.2,2726
2693.6,2655.2,2775.3,2889.9,2980.3,3015.9,3230.2,3296.9
1640.6,2553.7,2650.2,2290.8,2607,2679.6,2682.2,2698.5
1503.6,2358.7,2536.4,2650,2699.3,2720.8,2793.7,2911
1919.4,1780.9,2421.7,2458.8,2818.2,2854.4,2932.5,3344.2
2044,2191.1,2212.1,2143.5,2202.1,2694.1,2992.5,3044.1
2451.7,2509.5,2596.5,2478.2,2763,2795.9,2752.6,2822.2
1984.2,1994.3,1948,1927,2182.6,2843.2,2936.7,3025.9
1871.7,2092.9,2499.2,2596.8,2607,2636.3,2474.8,2667
1698.8,2235.3,2524.2,2156.3,2582.8,2635.3,2583.3,2650.1
2296.2,2543.9,2585.6,2536.3,2566.7,2693.2,2833,3141.3
2261,2307.7,2306.7,2346.8,2459.7,2582,2687.4,2744.1
2193.6,2304.7,2251.3,2263,2459.5,2964.8,3140.1,3185
1818.8,2158.5,2274.2,2248.5,2237.4,2446.3,2585.1,2741.8
1925,2395.9,2627.1,2614.7,2643.3,2652.5,2622.1,2684.9
2495.4,2600.3,2672.2,2682.9,2819.2,2815.7,3033.7,3021.2
1461.6,1985.4,2110.1,1875.2,2331.2,2723.9,2588.2,2903.1
1824.3,2582.8,2592.2,2760.4,2910,3105.2,3176.2,3207.3
1837.8,2593.6,2772.3,2842.8,2995,3158.1,3163.5,3419.8
1513.7,2064.5,2391.8,2425.4,2453.9,2517.7,2533.3,2763.5
2014.9,2004.8,1933.2,2040.2,2854.1,3109.1,3088.5,3143.8
1996.5,2320.3,2474.5,2762.3,2758.7,2928.3,2962.4,3251.1
1820.8,1901.1,1968.7,2210.5,2931.2,3003.4,3029.6,2930.6
2361.9,2638.3,2701,2718.6,2839.6,2822.8,2817.1,2947.2
1574.1,2085.9,2467.3,2547,2536,2639.2,2702.2,2807.2
2138,2307,2484.9,2504.3,2547.1,2623.2,2704.9,2784.3
2422.1,2477.9,2494.4,2476.3,2497.7,2653.8,2720.1,2758.7
2198.7,2388.2,2468.8,2441.7,2544.5,2602.2,2547.7,2640.4
1922.9,2069.8,2105.4,2112.2,2218.2,2390.4,3382.5,3416.9
1850.1,1889,1900.4,1958.3,2970.3,3123.9,2410.8,3197.8
1831.4,1834.1,1852.1,1866.5,2223.2,2429.5,2721.6,3099.4
1855.6,1855.1,1813.9,1827,1874,2056.2,2144.4,2212
1394.5,1612.5,2158.4,2177.8,2141.7,2146.2,2153.1,2205.6
1803.4,2445,2462.6,2440.6,2490.5,2639.6,2740.1,2837.5
2134.2,2473.9,2496.1,2468.5,2589.4,2738.5,2856,3057.9
2283.6,2552.5,2563.4,2546.8,2589.4,2832.3,2879.3,3023.2
1857.8,2445.1,2447.2,2413.7,2451.7,2546.8,2626.8,2734.9
1704.2,2069.3,2260.4,2339,2439.2,2541.6,2680.4,3030.7
1672.7,1793.3,1742,2496.3,2856.1,3195.7,3314.2,3291.2
1732.9,1879.4,2117.4,2633.9,2872.7,2947.7,2710.5,2695.4
2361.4,2470.3,2563.4,2474.8,2626.2,2835.4,2936.9,3018
1650.2,1881,1886.7,1820.1,1830.9,1867.5,2368.1,3066.6
1701.8,1769.9,1762.4,1838.5,2024.9,2130.8,2378.9,3224.6
1763.1,2330.5,2427.3,2429.9,2454.2,2563.9,2777.1,2933.9
2180.7,2245,2293.8,2300.7,2324.1,2400.7,2548.1,2851.6
1672.9,1773.1,1774,1734.7,1755.8,1795.9,1903.3,2385.5
1630.2,1920.8,1986.8,2022.7,2072.2,2313.4,2426.5,2749.9
1386.5,2120.4,2459.4,2462.6,2484.6,2555.7,2637.5,2776.9
1737.2,1946.4,2395.3,2513.5,2401.1,2609.6,2631.9,2596.2
2344.8,2543.8,2453.1,2683.5,3017.9,3054.5,3093.2,3136.6
1711.8,2330.5,2386.8,2308.2,2391.7,2647.5,2710.7,2772.5
1737.4,2237.5,2439.6,2455.2,2683.6,3022.4,3011.7,3344.4
2002.8,2004.1,1830.4,2704.8,2911,2941.2,2918.3,2953.8
2086.9,2556.7,2576.5,2514.4,2550.4,2771.2,2803.6,2799.1
2061.5,2639.5,2656.3,2654.3,2748,2704,2742.7,2808.9
1840.6,1875.4,2032.3,2039.7,3063.6,2991.4,3159.1,3331.6
2422.4,2762.7,2821.5,2979.5,2917.6,3087.3,3168.5,3177.1
1803.7,2227.8,2044.9,2418.1,2804.3,3222.7,3226.6,3667.1
2372.8,2632.1,2689.5,2750.2,2891.2,2869.6,2884.5,3036.8
1641.6,1613.2,1835.4,2252.1,2611.4,2563.8,2444.4,2776.6
1586,2387.6,2475.3,2488.2,2475.7,2524.5,2559,2603.9
2055.4,2306.5,2356,2340.5,2342.6,2602.2,3113,3079.6
1775.1,2488.5,2583.5,2612.6,2714.7,2859.8,2847.1,3126.6
2025.3,2420.9,2765.5,2837.4,2921.9,2936.1,2798.1,3151.4
1834.3,1838.1,1771,1775.2,1824.1,2107.9,2657,3034.6
1636,1723.9,2256.8,2609,2617.4,2640.6,2622.3,2658
2229.9,2379.2,2426.1,2685.8,2766.3,2847.1,2903.8,3029.3
2472.7,2762.4,2815.8,2763.3,2837.5,3027.7,3206.9,3352.3
2323.6,2431,2484.6,2965,2978.7,3110.2,2710.7,2759
2156.4,2143.2,2117,2540.3,2693.5,2695.8,2698.3,3056.8
1682.3,1867.1,1998.3,2723.1,2730.2,2924.5,2857.5,2923
1531.9,1873.5,2370.5,2427.5,2494.4,2656.8,2656.5,2723.1
1749.8,1853.4,1891.4,1892.9,1974,2220.3,2436.8,2540.6
1719.9,1628.3,2597.5,2625.3,2688.8,2695.7,2668,2742.8
1609.5,1675,1736.1,1851.7,2104.9,2699.6,2679.6,2599.8
2349.4,2422.1,2505.9,2510.2,2595.3,2741.4,2741.1,2748.1
1803.9,1836.5,1826.3,1785.6,1978.9,2014.2,2286.3,2609.9
1885.9,2241.5,2332.3,2366.5,2394.3,2538.5,2710.3,2792.1
1530.3,1533.7,1533.9,1533.4,1830.9,2533.9,2998.2,3108.5
1649.4,1621.9,1629.5,1660,1784.6,2190.9,2487.7,2724.8
1692.9,1866.9,1964.1,2060.1,2341.4,2821.7,2755.2,2754.5
1700,1862.2,2617.6,2731.3,2711.2,2665.3,2832.8,2988
1715.1,2020.5,2639.1,2662,2685.3,2679.4,2693.2,2716.8
1786.9,1841.2,1893.1,1928,2224,2558.4,2720.5,2835.6
1786.3,1842.4,2163.3,2276.3,2291.3,2374.2,2365.2,2369.8
2097.2,2228.9,2616.6,2628.1,2623.8,2617.4,2637.4,2722.9
1955.6,1981.1,2337,2599.8,2602.7,2605,2721.8,2857.3
2091.1,2280.3,2587.7,2623.3,2627.5,2629.6,2630.4,2655.2
2071.4,2384.7,2453.2,2545.2,2647.7,2752.3,2811,2860.9
1569,2509.7,2613.9,2618.3,2610.4,2624.4,2649.4,2689.1
2122.8,2430.1,2497.1,2492.4,2411.2,2659,2882.5,2998.5
2765,2861,2907.9,2925.1,2937.3,3055,3156.2,3339
1598,1956.1,2552.1,2572.7,2591.8,2659.3,2828.8,3006.3
2103.3,2473.2,2542.1,2525.5,2501.1,2720.3,2793.4,2870.1
2095.9,2129.2,1765.5,2109.4,2983,2996.3,3001.2,3105.1
1492.7,1786.5,2163.3,2360.3,2545.1,2566.7,2743.5,2807.2
1557.5,2592.6,2610.2,2694.3,2592.5,2692.6,2772.7,2887.1
2212.5,2260.8,2804.2,2878.4,2911.8,2947.4,2998.3,3025.1
1821.5,2255.2,2794,2806.8,2843.7,2896.3,2908.5,2870.9
1505.4,1690.5,2376.4,2547.9,2510.7,2529.3,2597.8,2716
1791.1,1698.8,1721.8,1775,1869,2203.7,3073,3134.9
1779.2,1815.5,1979.2,1842.3,1953.1,2473.5,2865.2,3156.5
1950.3,1961.6,1912.5,1912.7,1953,2404.4,2855,3177.2
2292.7,2375.7,2351.1,2410.9,2497.5,2687.4,2761.5,2827.7
1438.6,2340.9,2593.4,2591.9,2612.9,2755.9,2907.6,3478
2329.2,2468.2,2525,2729,2760.2,2810.5,2908.6,3083.6
2123.8,2392.7,2423.5,2419.7,2347.3,2429.5,2826,2863.3
2043.3,2139.3,2164.6,2310.3,2431,2535.8,2947.6,3217.5
1976.3,2410.8,2435.4,2440.5,2438.5,2522.6,2583.6,2809.2
2108.1,2423.6,2513,2517.6,2490.1,2711.3,2871.3,3028
1550.3,1951.2,2419.6,2461.2,2443.3,2548.5,2611.1,2813.1
1641.2,1767.1,1722,1727.5,2503,2936.8,2983.7,2921
2444.9,2594.3,2641.7,2625.7,2698.6,2745.8,2815.4,2943.1
1312.1,1802.2,2511.9,2510.6,2518.1,2541.7,2672.9,2769.5
1725.1,2231.8,2239.9,2236.4,2308.5,2350.6,2377.9,2482.7
2025.2,2200.6,2248.3,2103.5,2147.8,2593.6,2761,2833.4
2061.3,2565.5,2574.8,2497.1,2779.9,2808.1,2700.3,2979.8
2274.4,2308.3,2385.2,2316.6,2567.1,3256.5,3257.4,3205.9
1618.6,2078.6,2505.2,2516.1,2527.5,2570.9,2697.8,2849.2
2136.4,2596.9,2589.7,2648.4,2767,2770.2,2832.1,3083.2
2069.1,2058.6,2046.2,2125.6,2455.8,2936.4,3092.1,3110.4
1980.1,1920.1,1907.1,2038.9,2375.6,2669,2742.5,2814.1
2381.1,2432,2471.7,2374.8,2464.7,2640,2706.2,2775.5
2168.2,2136.7,2336.1,2443.8,2545.4,2701.7,2741.2,2763.6
1934.7,2107.9,2130.5,2023.3,2314.8,2587.6,2732.7,2791.2
1988.9,2011.5,1935.4,1945.4,2031.1,2895.5,2867.5,2749.3
2031.6,2112.1,2177.6,2225.5,2324.5,2376.8,2456.3,2628.6
2035.3,2049.7,2031.1,1992.5,2023.3,2288.3,2782.9,3013.8
1879.3,2395.1,2478,2571.7,2760.2,2818.2,2944.9,3220.9
1658.3,1682.3,1936.4,2113.8,2656.1,2705.9,2679.3,2672.8
1645,1966.2,2281.1,2485.9,2620,2613.1,2554,2661.5
1578.7,1834.6,2392.4,2472.4,2639.8,2651.6,2659.3,2749.8
1533.6,2194.6,2368.6,2514.2,2576.2,2536.5,2603.8,2818.6
2376.4,2414.2,2439.9,2484.5,2580.4,2714.9,2792.8,2842.3
2708.1,2745.4,2802.8,2789,2798.9,2880.6,3080.2,3087.7
1617.8,2447,2539.3,2563,2540.1,2512.2,2606.8,2750.3
2220.6,2448.6,2578.2,2567,2480.2,2615.8,2638.8,2670.3
1879.6,1839.8,1836.9,1882.6,2022.6,2135.6,2212.1,2503.1
2006.3,1959.3,2120.5,2196.9,2246.3,2332.6,2397.7,2624.1
2247,2449.4,2515,2591.7,2738.3,2815.4,2931.9,3048.8
2136.7,2363.9,2201.8,2594.9,2629.3,2628.8,2716.8,2878.5
2455.8,2495.7,2535.5,2541.6,2600.5,2693,2826.8,2989.4
2151,2498.6,2660.9,2731.4,2783.9,2764.4,2890,3027.3
1718.8,1844.3,1921.4,1971.9,2177,2570.1,2660,2692.8
2230.4,2663.4,2731.4,2734.2,2738,2803.3,2867.7,2981.9
1984.9,2250.2,2496.3,2597.6,2624.4,2679.8,2686,2715.3
2308.5,2437.7,2414.2,2584,2603.2,2589.7,2608.3,2859.4
2199,2514.4,2357.5,2404.6,2678.8,2745.2,2744.5,2771.3
1801.7,2447.7,2620,2630.5,2634.9,2636.1,2649.5,2663.4
1908,2627.5,2640.3,2657.3,2615.9,2614.2,2694.1,2693.4
1500.6,2152.9,2423.4,2572.1,2792.1,2934.3,3010.7,3070
1739.9,2053.5,2615.1,2655.1,2718.2,2737.4,2716.3,2781.7
1982.4,2399.5,2674.3,2749.3,2761.3,2792.6,2803.9,2797.7
1777.8,1872.8,1955.3,1938.6,2021.8,2234.9,2369.4,2477.3
1694.2,2087.6,2643.2,2751.8,2789.7,2781.5,2789.1,2839.9
1836.9,1827.3,1809.5,1812.7,1839.1,1887.3,1988,2571
1652.4,1756.2,1956.8,2279.2,2483.3,2743.5,2721.3,2739.1
2268.4,2383.4,2650.7,2506.5,2605.9,2714.9,2703.3,2698.6
2216.1,2310.6,2224.5,2217.3,2560.9,2644,2640.2,2645.8
1888.6,2147.9,2323.1,1866.8,2617.3,2800.5,2765.6,2746.9
2734.3,2801.9,2829.1,2868.9,2886.5,2933.9,3011.4,3051.3
2221.2,2504.7,2582.3,2360.3,2502.4,3240.1,3245.9,3260.6
1690.6,1730.4,1760.7,1741.7,1750.2,2943.9,3095.9,3166.7
2615.1,2615.2,2624.1,2625.9,2617.7,2614.7,2689.6,3168.9
2674.1,2677.5,2684.5,2686.1,2674.1,2687.1,2711.8,2754.1
2179.9,2097.5,2710.7,2801.5,2845.9,2868.3,2882.1,3008.8
2461.3,2464.9,2522,2537.6,2565.9,2444.7,2645.7,2782.3
2057.1,2525.8,2528.5,2555.7,2541.2,2526,2556.6,2596.1
1856.9,2561.2,2571.8,2590.2,2555,2569.2,2715.2,2780.8
2016.5,2427.7,2433.7,2503,2309.9,2593.3,2685.4,2649.8
2082.8,2358.3,2362.8,2598.9,2730,2740.5,2693.3,2703.3
2286.2,2731.3,2814,2828.5,2839.5,2837.8,2836.6,2853.8
2323.8,2331.2,2050.5,2244.2,2573.2,2545.1,2528.8,2532
2476.1,2831.5,2845.5,2928.3,3154.8,3332.2,3260.1,3007.6
2498.7,2775.5,2850.2,2878.6,2885.5,2879.1,2807.5,2896.8
2300.6,2725.2,2732.1,2737.1,2731.6,2689.2,2657.2,2736.5
2317.6,2565.3,2691,2686.9,2693.6,2653.6,2652.5,2675
2445.6,2690.8,2723.1,2762.6,2725.3,2780.5,2934.2,3119.7
2111.2,2540.5,2604,2710.7,2795,2820.3,2613.5,2832.9
1692.7,2399.7,2422.8,2385.1,2393.5,2476,2612,3014
1903.3,2307.1,2332.1,2277.3,2739.1,2747.3,2664.7,2718.1
2441.3,2569.1,2607.7,2516.1,2771.8,3002.7,3114.5,3528.4
2001.1,2009.8,2265.8,2292.8,2294.7,2300.3,2335.8,2351.7
2148.4,2210.1,2309.2,2306.9,2387.6,2822,3226.2,3356.9
2283.7,2362,2375.7,2398.9,2381.8,2349.3,2450.5,2512
2244.3,2261.1,2260.1,2308.9,2490,2660.5,2858.4,3023
2224.5,2527.8,2521.9,2527.5,2532.2,2591.7,2576.3,2531.1
1613,2038.9,2132.4,2133.7,2080.2,2103.3,2196.4,2765.6
1828.6,2053.3,2434.7,2554.2,2546.6,2464.2,2444.9,2544.6
2198.3,2464.2,2501.3,2408.6,2449.1,2584.4,3173.5,3291.4
2748.2,2849.2,2957.1,3063.1,2993,3109.2,3193,3221.3
1874.1,2270,2302.1,2346.6,2363.5,2321,2375.7,2516.8
2349.2,2415.4,2512,2560.6,2285.3,2522,2727.1,2767.6
2356.8,2355.4,2432.1,2523.9,2464.6,2511.3,2574.3,2685
1789.5,1748.1,1649.8,1662.9,2101.4,2294.1,2759.9,2812.9
1867.2,1858.5,1924.3,2051.9,2177.6,2319.7,2605.4,2809.5
2451.3,2648.8,2824.7,2857.5,2868.5,2881.2,2855.8,2864.4
2526.5,2763.2,2803.5,2813.7,2817.4,2822.2,2814.5,2810.7
2286.5,2703.9,2694.4,2709.7,2726.1,2727,2712.9,2721.6
2318,2444.4,2499.2,2518.3,2443.1,2595.5,2729.3,2867
1798.4,2324.7,2400.7,2412.7,2376.7,2384,2450.5,2501.3
2656.3,2690.9,2704,2696.8,2705.7,2725.1,2956.5,3101.6
2369.9,2414.6,2471.6,2420.1,2352,2422.5,2915.4,3016.3
1900,1947.1,2521.5,2478,2631.5,2691.5,2695.6,2625.4
2520.7,2513.2,2549.7,2557.3,2566.6,2601.9,2662,2738.2
2076.6,2086.7,2330.5,2509.2,2595.5,2600,2620.7,2651.6
2636.7,2678.2,2759.7,2807.8,2752.8,2951.6,3069.8,3137.4
1931,2363,2456.5,2490.8,2481.2,2490.4,2510.2,2591.8
2391.9,2490.9,2506.8,2509.5,2440,2458,2622.9,2889
2417.2,2442,2415.2,2376.2,2369.3,2697.7,3429.8,3831.4
1634.6,2635.6,2621.4,2655.2,2626.2,2591,2688.3,2808.4
2694.5,2742.8,2774.3,2754.6,3014.7,3223.4,3515.2,3799
2506.4,2530,2552.2,2577.4,2563.6,2560.8,2601.8,2677.1
2254.9,2604.1,2695.5,2688.3,2789.8,3252.6,3783.5,4001.2
2278.4,2516.4,2658.6,2731.2,2732.9,2942.3,3892.9,4174.7
2364.2,2439,2452.8,2440.3,2341.9,2379.4,2780.6,3404.9
1709.1,1704.8,1906.8,2216.6,2170.8,2498.1,2886.7,2980.4
2295.3,2428.4,2449.1,2506.1,2615.1,2421.2,2613.6,2776.4
1986.2,1964.4,2166.5,2231.3,2348.3,2366.9,2752.9,2812
1804.9,2265.9,2318.9,2115.3,2184,2662.5,2878.8,2950
2057.8,2750.6,2612.5,2688.7,2785.3,2777.1,2729.2,2723.8
1722.5,1737.7,2436.5,2460,2451,2439.9,2480.6,2548.9
2301.6,2358.1,2520.8,2524.2,2512.8,2512.9,2528.2,2531.3
2050,2169.4,2190.6,1924.6,2218.1,2318.6,2344.4,2352.6
1974,2052.3,1843.2,2080.4,2643.8,2769.5,2683.4,2852.7
2145.8,2243.4,2064.4,2044,2703.3,3111.2,3152,3166.8
2294.3,2355.9,2451.1,2423.4,2244.6,2358.5,3169.6,3255.8
2573.5,2760.8,2766,2911.7,2855.1,3033.1,3138,3132.6
2506.1,2535.5,2553.7,2603.7,2555.5,2499.5,2855.8,3042.4
2200.9,2229.1,2161.7,2403.5,2927.8,2939.2,3004,3132.3
1942.5,1931.1,1727.6,1736.4,1861.9,2975.3,2990.7,3010.6
2525.2,2545.8,2620,2605.2,2589.4,2776.2,3015.4,3208.5
2001.5,2501.5,2522.4,2579.5,2664.2,2737.5,2850.6,2868.6
1789.5,1897,1919.9,1773.9,1655.5,2039.4,2464.2,2455.2
1890.4,2233.7,2413.2,2457.3,2376.8,2506.8,2563.7,2577.3
1598.9,2203.5,2406.7,2449.9,2478.1,2536.3,2532.9,2502
1968,2301.9,2428.9,2433.1,2429.5,2424.1,2429.3,2436.8
2282.4,2607.7,2728.9,2786.5,2736.2,3139.3,3377.4,3645.7
2380.1,2556.7,2590.6,2600.4,2619.6,2573.1,2576.3,2630.4
2453.1,2575,2646.5,2768,2682.4,2927.7,3024.4,3129.9
2256.5,2266,2244.4,2245.4,2415.4,2928.7,3188.1,3206.9
2512.9,2665,2673.1,2716.1,2770.1,2815.1,2807.4,2862.3
1818.8,1763.2,1778.1,1806.7,2276.3,2579.2,2877,2483.4
2056.9,2339.3,2606.4,2655.5,2688.3,2712.7,2715,2689.4
2240.7,2586.4,2610.7,2621.4,2642,2630.2,2642.3,2687
2103.6,2141.4,2325.4,2310.6,2296.9,2713.4,2830.3,2833.4
2528.6,2659.1,2702.5,2768.8,2716.8,2800.6,2814.8,2829.2
2122.2,2673.1,2772,2795.5,2840.8,2848.9,2860.5,2917
1848.7,2037.8,2657.1,2624.9,2662.3,2703.8,2705.9,2683.4
1695.2,2255.4,2393.2,2537.1,2551.4,2424.9,2415.4,2505.9
1437.3,2396.4,2634.7,2719.5,2521.1,2812.6,3044,3236.2
2327.2,2394.3,2410,2393.3,2863.4,3099.4,3558.4,3534.6
2023.6,1872.6,2455.7,2535.9,2545.7,2525.1,2537.2,2597.2
2102.3,2347.9,2517,2549.3,2536.7,2503.9,2531.4,2670.7
1960.5,2017.4,2007.1,2123.7,2133.7,2221.2,2281.5,2356.3
2446.7,2487.9,2632.9,2511.1,2654,2824.9,3064,3182.5
2388.2,2574.6,2634.8,2711.2,2751.5,2645.1,2782.7,2935.2
2444.5,2411.9,2860.5,2997.3,3070.5,3067,3329.4,3687.7
2428.9,2347.8,2493.8,2591,2854.5,2849.6,2870,2887.1
1899.1,2574,2621.7,2641.2,2631.2,2803.3,2929.5,2958.4
1949.7,2110.4,2297.7,2421.7,2386.1,2477.2,2505.2,2493.5
2288.2,2385.6,2399.9,2386.6,2381.5,2565,2647,2831.2
2048.5,2495.5,2614.4,2630.4,2650.7,2764,2935.7,3057
1750.7,1690.6,2353,2420.4,2485.1,2377.2,2395.4,2624
2304.1,2364.1,2355.9,2415.7,2452.4,2456.5,2563.6,2743.1
2309.9,2548.8,2647.2,2752.1,2785.8,2807.2,2832.8,2741.2
2011.2,2049.1,2088.5,2027.3,1837.9,2171.6,2365.8,2230.4
1945.2,1991.8,1965.2,2203.5,2806.9,2835.5,3045.8,3317
1751.1,1796.2,1934.9,1959.3,1952.6,1868.7,1878,2084.3
2509.3,2615,2667.1,2692.3,2685.9,2664.7,2697.4,2743.8
2002.3,2013.1,1991.6,1965.2,2001.7,2109.5,2290.5,2377.3
1976.7,2158.7,2285.3,2289.2,2249.5,2227.9,2323.8,2517.9
2521.3,2520.4,2530.4,2554.5,2544.4,2519.4,2551.1,2618.9
2381.1,2687.2,2717.1,2758.4,2794.5,2652.6,2663.8,3111.5
1948.2,2468.4,2468.7,2548.1,2615.7,2603.2,2561.8,2618.8
1533.7,2371.7,2386.6,2365,2362.1,2453.4,2552.6,2595.3
2310.5,2838.1,2908,2922.1,2963,2948.7,2934.5,2961.7
2446,2498.4,2678.1,2850.5,2693.1,2967.7,3016,3007.8
2198,2461.1,2557.3,2329.1,2307.2,2367.5,3071,3205.1
1744.4,2636.7,2789.8,2814.9,2859.6,2973.8,3106.3,3281.4
2425.5,2746.7,2815.9,2891.8,2889.6,2938.8,3011.9,3130.7
1853.6,2249.8,2300.2,2260.9,2245.3,2390.9,2453.2,2476
2053.7,2555.4,2667.3,2719.4,2802.2,2615.1,2808.2,2974.6
1932.7,2322.1,2438.6,2492,2502.8,2534.2,2537.8,2727.9
1913.5,2028.5,2065.8,2028.8,2048,2318.6,2494.1,2487.9
2412.6,2504.7,2509.1,2510.9,2506.3,2506.2,2515.2,2528.2
1833.7,2331,2544.9,2575.2,2498.3,2512,2579.7,2777.8
2269,2672.7,2661.9,2691.9,2880,3597.7,3868.1,3922.8
2307,2578.2,2595.2,2624.3,2645.1,2663,2742.6,2842
2345.6,2586.8,2563.7,2683.9,2692.6,2641,2662.7,2725.5
2230.6,2487.2,2422.7,2552.2,2512.8,2534,2579.9,2605.7
2552.1,2572.9,2612.8,2610,2581.2,2638.6,2804,2930.2
2181.6,2178.9,2276.3,2454.1,2410.3,2376.7,2421,2705.5
1440.1,2232,2293.4,2417.6,2461.1,2551.3,2537.4,2733.1
1839.5,1861.8,1810.3,1771.2,1901.8,2235.6,2307.3,2325.6
2154,2200.5,2208.9,2192.9,2260.2,2281.2,2280.5,2263.7
2359.7,2453.8,2590.1,2598.5,2609.4,2571.7,2576.3,2600.5
2540.7,2726.7,2731.8,2742,2749.2,2726.8,2721.7,2726.5
2574.5,2568.2,2613.7,2628.6,2611.8,2618.2,2659,2775.4
1886.5,2649.3,2709,2772,2852.4,2759.9,2876.7,2958.8
2295.7,2436,2459,2473,2359,2409.1,2621.9,3187.2
2433.6,2632.8,2650.1,2656.8,2595.7,2637.2,2655.8,2828.8
2189.4,2378.4,2345.9,2305.4,2372.5,2602.8,2634.1,2705.9
2317.6,2533.1,2628,2679.7,2766.3,2770.9,2726.5,2771.9
2047.1,1866,2620.5,2693.3,2759.6,2666.8,2774.5,3071.9
2090.7,2219.7,2412.1,2399.8,2368.9,2446.5,2620.7,2891.5
2085.2,2479,2490.6,2506,2452.5,2548.6,2723.8,2847.9
2396.1,2687.2,2586.7,2720.3,2734,2726.4,2694.3,2701.9
2562,2556.2,2572.5,2597,2591.6,2565.9,2606.7,2651.1
2309.5,2596.9,2623.7,2619.6,2563,2655.7,2817.2,2871.1
2622.2,2642.2,2667.6,2626,2680.4,2926.3,3651.9,4023.7
1998.1,2329.4,2851,2844.5,2864.6,2961.3,2963.5,2990.7
2622.6,2568.9,2661.7,2678.6,2663.1,2692.3,2747.3,2868.2
1929.6,2646.8,2632.5,2715.4,2455.3,2669.1,2968.3,3069.3
2490.1,2465.8,2598.5,2608,2600.3,2575.8,2688.6,2918.1
2624.3,2755.1,2748.2,2812,2784.4,2775.7,3172.5,3285.5
1716.7,2001.7,2585.6,2610.2,2560.5,2519.6,2776.4,3301.2
2559.3,2600.2,2621.9,2649.7,2628.5,2602.8,2625.7,2688.9
2421.8,2648.3,2552.6,2721.4,2732.7,2733,2721.4,2721.5
2015.5,2054.6,2135,2761.6,2765.9,2765.4,2753.7,2739.7
2287,2579.7,2446.7,2502.8,2565.6,2683.8,2743.6,2749.6
2004.5,2016.6,2000.7,1936.8,1957.4,2088.9,2201,2383.3
2188.7,2208.8,2226,2241.5,2167.5,2183.2,2197.6,2514.7
2421.2,2509.1,2522.1,2531.1,2532.9,2540.1,2559.7,2607.4
2169.8,2324.9,2762.5,2996.4,3033,3072.8,3089.8,3142.6
2338.7,2624.7,2719.8,2778.6,2551.3,3324.9,3677.5,4139.7
2507.8,2670.5,2682.2,2693.7,2689.5,2656.7,2669.5,2853.7
2386,2508.7,2576.4,2622.1,2515.7,2713.2,3025.8,3091.6
2385,2435.9,2389.8,2551.4,2589.1,2615,2631,2674
2014.6,2003.9,2474,2487.3,2485.3,2484.5,2555.7,2607.9
2688,2695.2,2735.5,2769.6,2764.8,2766.4,2796.5,2828.6
2475.8,2559.8,2561.7,2787.1,2799,2798,2749.8,2758.6
1780.2,1900.5,2437.4,2656.6,2648.5,2663.5,2674.6,2873.9
2234,2556.5,2729.5,2732.1,2753,2724.3,3169,3187.4
2511.7,2736.4,2737,2769.8,2789.1,2779,2805.7,2816.3
2419.2,2757.4,2852.2,2846.9,2885.1,2914.4,2924.4,2922.1
2326.8,2523.6,2528.3,2525.8,2520.1,2615.4,2701,2990
2641.4,2709.2,2771.9,2803.6,2820.3,2820.6,2812.3,2909.3
2032.5,2098,2189.5,2381.3,2471.5,2658.4,2692.3,2734.8
1669.3,2020.6,2119.4,2111.8,2085.1,2094.4,2116,2118.8
1736.7,1720.1,1686.7,1768.6,2066.1,2197.3,1915.3,2433.7
1921.5,1954,2066.6,2043.1,2806,2966.4,2818.1,2806.5
2189.6,2299.9,2353.1,2256.3,2301.8,2903.5,3110.3,3207.4
1910,2102,2454.4,2648.8,3016.1,3168.3,3272.3,3278
2082.5,2505.5,2525.5,2652.8,2627.3,2539.5,2680.9,2737.8
1833.8,1962.6,2043.6,2181.9,2399.2,2578.8,2708.7,2726.2
1865.4,1819.5,2253.4,2699.8,2683.7,2611.4,3011.4,3218.4
2171.6,2519,2625.7,2758.1,2857.4,2869.3,2845.5,2878.5
1803,1981.3,2148.9,2210.2,2417.5,2317.8,2812.1,3293.7
1880.1,1877.3,1854.1,1851.3,1876.4,2298.3,2368.4,2206.9
2281.7,2305.6,2307.2,2350.4,2435.4,2497.1,2701.9,2791.4
2142.3,2260.2,2291.1,2319.9,2536.1,2821.7,2953.6,3056.5
1856,2139.6,2503,2469.1,2480.8,2497.1,2652.7,3225.7
1792.4,1953.1,2207.9,2187.2,2204.5,2235.4,2321.7,3346.5
2239.7,2283.2,2369,3458.5,3482.9,3514.1,3583.1,3707.7
2158.7,2179.4,2238.6,2363.5,2465.3,2600.1,2690.7,3119.6
2174.2,2338.4,2356.3,2365.9,2395.8,2507.6,2803.9,3187.2
1937.9,1976.7,2249.1,2273.5,2259.8,2332,2703.1,3305.8
2494.2,2499.7,2530.1,2527.6,2540.9,2623.8,2775.3,2809
2279.6,2276.3,2344.5,2423,2497.4,2596.8,3015.9,3237.8
2168.3,2224.4,2230.1,2502.8,3029,3091.6,3185.9,3351
2258.5,2479,2495.8,2505.8,2571.8,2619.4,2642.3,2665
2102.4,2155.1,2272.9,2280.8,2285.2,2328,2478.9,2844.3
2316.8,2486.9,2463.6,2532,2660.4,2660.3,3137.6,4259.1
1901,2369.5,2346,2367.2,2496,3025.7,3577.5,3717.9
2245.7,2273.3,2252.3,2362.8,2457.8,2544.2,2883.1,3095.9
2022.4,2130.1,2414.7,2757.9,2999.8,3251.4,3438.7,3912.8
2025.4,2046.3,2137,2205.9,2318.6,2641,2978.9,3027.2
2153.9,2157,2142.3,2242.1,2396.5,2497.6,2895.8,3046
1988.1,1943.2,2021.6,2107.4,2278.6,2510.1,2682.5,3247.8
2144.2,2137.7,2144.2,2176.8,2260.6,2429.7,2584.4,3154.7
1904.1,1982.3,2226.8,2232.7,2238.9,2254.1,2928.7,3315.2
1861.8,2420.2,2423,2418.4,3300.7,3860.1,3887.1,3982.6
2171.6,2360.8,2496,2490.5,2555.2,2584.5,2607.1,2680.1
2015.6,2319.5,2329.7,2287.3,2308.3,2561.5,2997.1,3367
2307.4,2341.8,2360.2,2467.8,2658.5,2921.6,3290.7,3575
1890.9,2180.4,2199.8,2178.3,2266.9,2531.1,2791.5,3028.4
2273.9,2364.9,2367.9,2359.9,2618.6,2696.5,2739.7,2815.2
2125.9,2123.4,2145.9,2206.2,2381.3,2643.3,2696.1,2748.1
1659.7,1736.3,1895.4,1967,2080,2194.2,2385.2,3617.8
1789.9,2136.5,2131.2,2155.6,2266.8,2323.7,2512.3,2774
1885,1902.4,1888.3,1913.1,1976,1980.6,2008.3,2557
1707.7,1716.3,1725.6,1737.8,1752.9,2185.5,3366.7,3518.8
1645.7,1879,1992.8,1987.8,2160.8,2329.4,2373.7,2498.4
2093.7,2167.4,2038.3,2054.9,2484.1,3009.4,3264.4,3427.5
2234.2,2358.7,2003,2520.7,2542.6,2456.4,2574.7,2963.6
2190,2220,2237.3,2238.8,2508.6,2942.4,3060,3269.9
2112.4,2400.8,2374.2,2480.9,2690.8,2918.1,3319.9,3627
1991.7,2209.9,2305.8,2268.8,2548.6,2889.3,3064.4,3115.1
1946.9,2137.3,2128.4,2202.7,2395.8,3025.7,3315.1,3249
1968.2,1949.9,1941.2,1994.1,2123.5,2211.8,2510.1,2954
2134.9,2201.6,2216.1,2174.5,2244.5,2453.5,3080.4,3487
1879.3,2029.7,2211.7,2133.9,2222.1,2508,2881.7,3295.6
2161.1,2384.3,2391.6,2509.9,2853.9,3014.2,3270.4,3359.6
2050.3,2038.4,2064.6,2129.5,2293.9,2383.6,2512.9,3180.3
2006,1998.3,2100.9,2331.7,2471.2,2722.6,2960.8,3146.5
2133.6,2131.9,2251.6,2526.5,2744.6,2796.4,3178.9,3871.5
2286.3,2036.5,2442.3,2427.7,2442.7,2552.8,2970.4,3271.2
2320.3,2370.9,2508.1,2620,2641,2535.7,2934.3,3482.7
1978.9,1965.2,2128.7,2301.1,2431.6,2830.5,4184,4284.9
2056.4,2156,2083.6,2439.6,3381.5,3554.5,3525.9,3657.1
2306.8,2432.8,2680.7,3247,3799.6,4123.8,4584.5,4690.9
2016.1,2200,2320.6,2289,2370.1,2634.7,3295.7,3410.5
1753.3,2009.8,2070.2,2485.3,2503.4,3341.5,3632.7,3639.6
2008.2,2019.5,2004.6,2196.3,2805.3,2937.3,2922.9,3652.5
2056,2199.5,2222.9,2207.3,2413.5,3641,3634.6,3621.7
2198,2440.6,2421.6,2075.3,2328.4,3261.6,3456.1,3615.5
2128.8,2088.7,2146.3,2181.5,2349.2,2479,2708.1,3084.3
1561.7,1942.9,2237.7,2437.1,2625.3,2707.6,2838,3187.5
1518.7,1944.3,2313.4,2289.6,2302.2,2393.1,2589.8,3122.5
1841.4,1827.9,1834.6,1818.6,2778.8,3178.9,2732.6,3156.2
2182.3,2240.4,2527.5,2751.5,2847.8,2926.4,2995.8,3138.5
1759.3,1746.7,1710.2,1711.6,1796.5,2705.6,2887.2,2326.7
1910.9,2008.3,2104,2190.7,2779.2,3339,3930,3969.8
2432.1,2696.2,2745.2,2879.7,3026.7,3224.4,3320.6,3532.8
1611.9,2061.1,2065.1,2057.4,2156.5,2246.6,2287.8,2400.2
2099.4,1920.3,2454.2,2522.5,2527.6,2579.5,2820.7,3374.5
2164.1,2513.7,2582.1,2636.1,2680.3,2700.7,2859.2,2885.3
2460.1,2485.5,2464.1,2502.3,2789,3347.1,3381.9,3411.2
2158.4,2154.7,2166.7,2312.4,2593.1,2635.9,2941.8,3143.9
2136.5,2134.7,2147.7,2197.6,2537.5,2904.3,3100.2,3079.3
2102.2,2105,2060.5,2103.2,2617.4,2808.3,2634.5,3507.1
2067.8,2006.7,2313,2458.2,2467.7,2491.3,2589.9,3284.6
2114.1,2079.7,2237.3,2477.1,2900.1,3015.7,3207.1,3466.6
2110.2,2084.2,2275.1,2292.3,2367.5,2599.8,2881.1,3123.1
1768.9,1751.7,1749.4,1803.3,1881.5,2007.4,2363.6,2679.3
2044.7,2145,2188.6,2326.1,2430.5,2428.4,2477.5,2588.5
2176.7,2489.8,2536.2,2516.8,2632.1,2694.3,2781.2,3230.9
2086.6,2382,2429.1,2385.5,2557.3,2755.5,2808.9,2925
2470,2495.1,2507.7,2592.2,2846.3,2996.3,3046,3091.7
2203.7,2201.4,2224.2,2499.1,2617.4,2625.9,2673.3,3001.6
1982,2182.1,2631.6,2683.8,2846.1,3292.8,3373,3852.3
1605,2148.5,2372.4,2405.7,2374.3,2552.1,2663.6,3073
2061.7,2210.4,2217.1,2347.3,2424,2467.4,2683.5,2871.1
2308,2283.3,2384.5,2483.5,2466.2,2572.6,2870.2,3223.6
1930,1792.1,2023,1903.6,2474.4,2943.5,2970.7,3145.7
2403.5,2492.2,2579.5,2773.4,2971.9,3192.1,3292.4,3514.9
1983.9,2129.1,2285.2,2030.1,2212.4,2646.7,2799.5,2756
1822.9,1748.5,2297.1,2290,2258.2,2334.8,2464.5,2700.1
2521.7,2528.1,2647.3,2625.6,2700,2889.5,3049.1,3187.8
2338.3,2375.9,2556.6,2807.9,2969.6,2989.6,3389.6,3856.1
2170.1,2262.1,2331.2,2368.9,2504.6,2582.1,2694.7,3215.6
1833.6,2095.6,2368,2088.8,2537.8,2888.1,3022.9,3086
2098.9,2093.9,2164.3,2469.9,2739.5,2891.6,3091.2,3663
2380.2,2421.3,2421.5,2432,2515.2,2605.7,2874.7,3240.6
2041.9,1991.7,2191.7,2344.8,2512,2752,3108.2,3284.2
2053,2209.7,2203.5,2220.2,2479.6,3191.7,3272.4,3231.1
2372.9,2820.5,2947,3007.2,3091.6,3202.1,3277.6,3427.8
2239.4,2266.5,2227.2,2505.3,2777.2,2782.4,2947.5,3181.7
2344.7,2380.4,2363.6,2376.6,2532,2772.9,2883.6,2895.1
2449.3,2530.1,2553.2,2682.2,2836.8,2958.3,3112,3419.4
2169.1,2142.3,2197.1,2328.3,2631.5,2779.5,3042.5,2829.7
2100.8,2191.6,2146.4,2195.2,2364.8,2413.4,2446.8,3274.1
1434.4,2258.8,2439,2439.6,2412.4,2506.6,2918.8,2989.8
2002.5,2312.4,2332.4,2522.2,2567.5,2781.2,3058.9,3600.6
2247.5,2401.7,2398.6,2468.9,2618.4,2680.7,2701,2904.3
1611.6,1589.4,1590.5,1601.8,1743.1,2020.4,2874.1,3053.9
1766.8,1752.3,1742.7,1788.6,2229.9,2536,2817.5,3005.5
2293.7,2339.3,2382.7,2446.9,2727.6,2928,3244.6,3542.1
1670.3,2359.7,2364.4,2335.5,2375,2517,3150.7,3229.4
1708.9,1714.1,1784.7,2045.8,2554.7,2542.7,2819.3,3056.9
2119.6,2228.8,2253.1,2270.5,2430.3,2616.6,2736.5,2789.3
2033.9,1987.2,2029.3,2114.8,2615.1,2841.7,2966,3130.2
2371,2420.8,2567.8,2699.8,2982.8,3230.2,3426.4,3666.7
2379.2,2425.1,2345,2571.5,2667.7,2684.1,2793.8,3176.6
2328.3,2560.5,2634.5,2747.7,2815.7,2945.8,3065.2,3290.1
2241.1,2302.6,2184.4,2496.7,2664.5,2674.6,2815.3,3238.3
2382.7,2394.6,2503.7,2717.8,2751.9,2932.8,3302.8,3583.3
2258.4,2287.5,2211.1,2443.8,2541.1,2473,2516.3,3636.4
1977.3,1971.5,2045.5,2130,2403.4,2660.3,2800.7,3005.8
2387.9,2399.3,2385.9,2444.7,2577.1,2766.2,3270.3,3390.5
2155.1,2260.9,2640.2,2660.2,2992.3,3311.6,3602.8,4008
2025,2036.8,2023.2,2074.9,2281.8,2846.1,3036.5,3043.1
2179.3,2338.7,2434.3,2432.1,2298.5,2677.7,2760.4,3183.8
1866.7,2310.8,2317.6,2290.7,2521,2718.6,2946.1,3005.4
2308.4,2372.8,2492.3,2522.9,2602.6,2743.2,3078.2,3202.5
1946.5,2158.7,2192.4,2452.1,2542.9,2535.5,2583.3,3051.2
1680.8,1750.2,1746.5,1745.1,1755.2,2569,3516.8,3367.3
1760.7,1781.9,1809.2,1808.5,1865.6,2495.8,2643.7,3070.8
1899.5,1984.5,1954,1981.5,2141.1,2398.1,2876.9,2922.9
1486.8,2231.3,2421.6,2239.3,2520.7,2800.8,2881.1,2976.3
2162.4,2536.8,2601,2619.4,2665,2950.7,3093.2,3103.2
1910.3,2483.1,2475.8,2509.8,2767.6,2977.5,3234.6,3212.4
2183.8,2211.5,2209.5,2232.8,2238.3,3603.2,3801,3668.2
2510.8,2271.7,2680.8,2740.4,2818.5,2862.7,2969,3368.7
2108.4,2392,2624.5,2512.2,2745.7,2991,3126.5,3192.7
2220.4,2013.9,2423.2,2412.1,2433.2,2627,3023.1,3191.8
2124.1,2188.7,2170.4,2668.7,3108.7,3138.9,3173,3330.5
2089,2184,2325,2315.8,2419.6,2496.6,2639.3,2889
2224.6,2380.9,2094.4,2542.5,2550.8,2485,3297.6,3444.4
1815,1799,1724.2,1739,2171.3,2848,2949.2,3069.3
2273.3,2560.2,2551.6,2872.9,3060.7,3368.5,3768.8,4289.2
2107.4,1871,2338.5,2377,2627.5,2825.8,3191.9,3203.8
1570.4,2189,2236.9,2197.7,2575.3,2759,3087.7,3832.9
1944.8,1923.4,1955.5,2052.3,2669.1,3062.1,3167.5,3250
2455.2,2528.6,2556.6,2523.5,2603.5,2707.2,2818.7,2946.3
2111.1,2073.8,2215,2413.2,2512.2,2562.1,3045,3594.6
2256.5,2332.6,2615.4,2648.7,2587.3,2670.4,3060.7,3185.8
2023.2,2028.7,2113.9,2332.8,2566,2617.5,2969,3899.1
2130.4,2160.3,2538.3,2511.3,2537.2,2719.4,2981.9,3075.1
2279.4,2341.7,2232.3,2598.2,2635.8,2684.8,2808.3,3100.7
2036.6,2139.7,2269.3,2600.9,2805.7,2909.3,2985.3,3644.8
1755,1752,1738.1,1751.2,1804.7,1881.1,1972.7,2543.5
2093.4,2100.7,2167.7,2302.1,2378.9,2417.4,2493.6,3040.4
1784.4,2251.7,2332.3,2338.3,2660.2,3191.5,4195.8,4299.5
2147.8,2154.8,2180.3,2359.6,2523.4,2701.4,3216.7,3744.8
2237.9,2218.3,2261.2,2458,2634.1,2733.2,3099.6,3717
1642.5,2278.5,2439.6,2350.5,2577.9,2885.3,3010.3,3129
2018.3,2208.6,2306.6,2330.5,2430.4,2700.4,2885.9,3146.8
1835.4,2338.3,2338,2328.6,2949.8,3169.8,3197.5,3234.7
2196.5,2471.8,2461.6,2500.8,2698.9,3111.6,3293.9,3581.2
2222,2445.7,2490.4,2449.1,2482.3,2631.1,2897.9,3095.8
2205.5,2259.6,2173.5,2333.8,2585.8,2625.1,2985.3,2933.5
1941.7,1792.2,2268,2222.2,2216.3,2495.9,3067.8,3318.1
2312.7,2358.2,2330.6,2390.8,2436.1,2580.9,3226.5,3323.9
1762.9,2321.7,2345.9,2348.6,2354.1,2375.4,2851.7,3483.3
2321.4,2239.1,2881.5,3053.8,3067.7,3104,3216.6,3694.9
2183,2316.2,2343.2,2361,2476.7,2463.8,2620.8,3023.6
1909.1,2182,2487.4,2500.2,2487.7,2614.1,2892.9,3023.8
2351.3,2381.2,2389.9,2445.9,2499.4,2510.2,2575,2791.6
1873.8,1887.3,1816.2,1892.5,2055.4,2404.6,2814.1,2889.2
1965.1,1964.9,2001.8,2074.1,2282.4,2557.8,2888.6,2844.6
2173.5,2423.8,2315.8,2768.7,3063.6,3077,3090.6,3147.2
2224.8,2350,2334.6,2380.5,2532.1,2669.4,2934.1,3138.1
1981,1974.2,1967.3,2108.3,2546.7,2890.1,2894.4,2970.1
1955.8,1961,1892.3,2018.9,2392.6,2547.3,2687.1,2797.1
2335.9,2395.5,2299.5,2394.2,2775.4,2957.9,3034.9,3059.6
2247.2,2094.8,2491.4,2633.1,2761,2859.6,2889.6,3052.1
2055.6,2220.9,2354.9,2547.9,2760.5,2948,3068.3,3257.5
1661.8,2006.5,2158.3,2384.9,2721.4,2856,2988.8,3048.2
1661,2508.4,2702.7,2993,2998.3,3012.2,3046.9,3062.4
2299.5,2477.3,2300.1,2718.4,2783,2836,2870.2,3428.9
2479,2296.9,2619.9,2632,2642.2,2709,2996.7,3349.2
2263.2,2176.3,2025.7,2541.3,2618.8,2609.8,2628.5,3195.7
2290.4,2312.6,2298.4,2503.5,2643.8,2770.7,3119.9,3402.5
1426.2,1978.4,1949.2,1862.9,2380.2,3553.7,3946.7,3965.1
1526.3,1755.2,1746.1,1705.2,1811.6,3412,4028.6,4202.2
2274.7,2473.1,2391.9,2471.3,2688.7,3204.2,3698.7,3752.9
1834.4,1832.6,1845.9,1941.7,2743.8,3022,2991.5,2985.2
1776.6,2243.1,2235.1,2247.2,2435.4,2790.7,3606,4302.9
2313.9,2174.1,2392.1,2493.4,2497.1,2555.5,2802.9,3537.8
1918.9,2048.5,2586.1,2683,2802.8,2980.1,3759.9,4082
2170.2,2187.3,2138.5,2175.8,2465.2,3146.2,3436.2,3548.2
2427.9,2483.5,2501.8,2428.3,2499.3,2569.4,3474.6,3661
2074.4,2329.6,2334.7,2340.5,2502.5,2637.8,3013.3,3275.8
1726.9,1831.4,1950.3,2071.3,2530.3,2950.6,3320.2,3527
1688.5,2228.3,2569.1,2535.4,2603.6,2695.9,2789.6,2897.4
1678.4,2520.5,2493.5,2537,2520.6,2586.3,2761.9,3087.6
2284.3,2320.3,2285.6,2399.4,2638.5,2681.8,2668.1,3196.6
1881.7,2288.4,2364,2146.7,2251.5,2529.3,2912.1,2639.1
2013.3,2283.7,2324.2,2282.6,2274.3,2344.9,2714.8,3148.5
2174.1,2450.2,2426.8,2497.8,2707.4,2851.4,2985.6,3161.6
2098.3,2385.4,2405.6,2344.4,2394.8,2557.8,2918.9,3099.9
1991.1,2307.3,2575.5,2617.7,2439,2820.3,2995,3117.7
2783.3,2945.4,3023.5,2731.7,3066.6,3079,3099.2,3152.4
2468,2676,2714.3,2567.3,2825.7,2816.7,2825,2864.6
2164.8,2341.4,2467,2609.8,2635.9,2650.5,2819.9,3039.6
1524.5,2169.1,2637.3,2623.9,2667.3,2756.2,2785.6,2825.4
1726.1,2171.9,2520,2581.3,2458.4,2864.7,2951.2,2821.5
1900.8,2560.1,2620.9,2583.6,2584,2863.8,2954.4,2984.8
2057.8,2580.8,2578.6,2869.8,2919.7,2949.6,3112,3349.9
1887.2,2241.9,2303.4,2283.6,2342,2551.2,2825.2,2965.7
1921,2021.2,2040,2144.1,2326.9,2745,3040.3,3039.5
2036.1,2388.1,2438.9,2464.4,2494.9,2569.2,2842.9,3177.2
1957.8,2440.5,2431.2,2509.4,2817.1,2883,2910.1,2956.4
2025.9,2301.7,2510.8,2504.3,2703.2,2793.7,2920.4,2947.5
1784,2391.9,2493.1,2497.4,2452.2,2583.3,2725.9,2825.1
1645.1,1735.2,1727.6,1722,1731.3,1725.1,1946.2,3481.6
1774.2,2245.5,2669.2,2676.8,2686.1,2790.2,2955.6,3410
1814.3,1814,2194.5,2360.1,2356,2321,2347.9,2400.8
1621.3,1619.7,2099.3,2634,2649.1,2625.4,2575.2,2642.6
1705.6,2121.3,2270,2056.9,2168.6,2937.2,2983.7,2885.5
1866.4,2604.5,2610.9,2642.4,2681.9,2744.4,2961.5,3162.3
1570.1,1899,2017.8,1872.2,2001.6,2424.4,2877.8,3147.1
1513.5,1679.1,1924.4,2101.7,2081.1,2133.6,2200.1,2394.1
1765.8,1770.5,1796.3,1863.9,2189.2,2382.6,2492.8,2777.9
1756.3,1803.5,1819.8,1839.7,1896.9,2082,2532.9,2671.9
2473.9,2461.6,2481,2751.4,2879.8,2773.1,2884.9,3103.7
2071.3,2680.8,2681.2,2721.3,2831.4,2850.1,2890.7,2962.8
1724.8,1727.7,2153.8,2594.2,2708.6,2748.5,2838.5,2795.1
1869,2019.8,2177.8,2608.2,2739.5,2743.9,2707,2783.2
1623.8,2227.4,2602.1,2499,2741.5,2720.1,2703.9,2787
1906,2362.9,2364.5,2458.3,2531.3,2602.6,2691.5,2764
1630,2180.1,2469.6,2586.9,2591.2,2607.4,2677.9,2770.9
2233.1,2596.9,2619.6,2614.8,2593.4,2770.9,2936.5,3020.6
1731.6,2515,2541.3,2557.4,2555.7,2579.4,2729.3,3074.9
1676.3,2297.1,2601,2635.4,2614.3,2550.7,2835.9,3153
1865.8,2649.7,2667.9,2684.4,2653.6,2702.8,2851.3,2956.3
2361.2,2349,2372.5,2303.4,2466.4,2652.6,2761.7,2774.3
2377.2,2384.6,2403.6,2370.1,2411.1,2483.7,2590.3,2636.6
2069,2308.5,2344.7,2347.7,2262.9,2306,2684.9,3179.9
1987.4,2292.9,2308.4,2298.3,2273.8,2286.6,2790.6,3517.7
1577.4,1922.9,2499.7,2524.1,2506.2,2530.8,2710.1,2814.5
2530,2668.9,2708.1,2928.7,2942,2975.5,3479.8,3686.5
1428.1,2604,2636.8,2594.8,2668.7,2801.7,2891.3,2945.8
1750.5,1740.1,1699,1765.4,1899.6,2164.2,3218.4,3232.7
1954.8,2159.9,2191,2314.7,2490.2,2881.5,2833.1,2719.2
1945.4,2018.6,2016.9,2463.5,2597,2649.8,3089.8,3085.1
1388,1649,2821.2,2832.9,2831.9,2842.5,2874,2896.6
1456.4,2453.8,2464.3,2454.9,2494.7,2531.8,2584.9,2664.8
1786.9,2319.5,2354.1,2339.6,2325.8,2503.1,2622,2738.1
2524.4,2529.1,2539.1,2554,2574.8,2579,2907.1,3202.1
1942.8,2076.1,1929,1816.7,2110.6,2385.4,3052.2,3210.7
1491.2,2068.8,2080,2038.5,2040.9,2126.8,2716,3145.8
1876.2,2194.5,2199.6,2227,2275,2348.7,2445.3,2566
1499.5,2354.1,2401.9,2431.4,2359.7,2415.7,3123.1,3245
1975,2275.5,2554.2,2558.8,2550.5,2607.5,2783.9,2929.3
1425.9,2456.1,2451.6,2456.7,2372.9,2694.3,2980.3,3083.8
1433.2,1674.4,2618.5,2621.2,2618.3,2643.2,2681.3,2703.9
2365.3,2389.1,2425.7,2476.6,2523.2,2608.5,2704.9,2706.6
1736.6,1717.8,1718.1,1729.8,1735.9,2588.1,3107.5,3125.1
2229.6,2263.6,2269.1,2299.7,2375.1,2566.4,2932.7,3016.4
1763,1776.7,1749.6,1731.7,1772,1885.6,2292.5,2403.4
1682.7,2032.7,1937.3,2000.6,2692.3,2911.8,3057.2,3208.1
1926.2,1922.2,1920.3,1940.8,2071.5,2251.7,2718.8,2860.5
1968.7,2462.4,2510.2,2447.8,2552.2,2771.1,2894.5,2980
2120.1,2231.8,2278.8,2322.3,2297.4,2339.4,2638.8,2771.8
2051.5,2233,2256.5,2221.7,2243.6,2334.5,2542.3,2797.4
2115.6,2532.6,2572.1,2606.5,2638.2,2770.1,2782.4,2767.4
1831.7,2674,2694.5,2699.3,2804.5,2899.3,2935.8,3003.7
2056.3,2212.8,2405.4,2341.5,2740.4,2782.8,2770.4,2782.6
1955.4,2474.4,2666.4,2467.7,2712.7,2762.9,2801.4,2888.7
1924.9,1937.3,1919.6,1913.2,2044.9,2072.9,2100.9,2300.4
2285.5,2822,2825.4,2851.6,2861,2879.1,3029.6,3046.1
1872.7,2247.3,2693.1,2749.4,2783.6,2805.9,2949.1,3012.9
1642.1,1929.8,2275.2,2397.8,2641.2,2646.3,2657.6,2697.4
1518.5,1610.1,2295.7,2650.7,2648.3,2635.2,2727.6,2901.3
1495,1490.6,2094.6,2509,2471.4,2402.7,2707.7,3072
1655.1,2028.8,2446.9,2447.6,2427.9,2490.6,2802.5,3193.3
1756.1,2544.9,2628.4,2658,2624.8,2746.2,2831.5,2874.5
2169.1,2222.1,2264.7,2245.7,2322.3,2407.6,2725.8,3085.1
1765.1,1992.5,2843,2852.9,2881.2,2857.5,2954,3055.6
1757.6,2412.5,2428.2,2411.5,2426.2,2480.4,2587.5,2701.1
2236.4,2278.3,2192.3,2211,2291.7,2440.3,2665,3167.2
2375.6,2487.3,2561.3,2744.3,2948.5,2961.2,3035.4,3167.3
1675.7,2532.1,2556.8,2536.9,2547.5,2672,2907.5,3085.2
1608.6,2287.8,2408.3,2410.6,2409.1,2436.8,2488.7,2520.9
2242.2,2432.7,2453.4,2466.4,2445.3,2477,2686.3,2864.6
1610.6,2078.5,2190.6,2161.1,2162.9,2248.1,2621.7,3128.1
1464.4,2455.9,2525.5,2564.5,2484.2,2550.4,2736.1,2976
2342.5,2365.3,2378.6,2375.1,2376.9,2445.4,2791.7,3006.5
2240.4,2275.1,2290.4,2292.6,2300.7,2380.7,2630.6,2625.2
1771.7,1780.3,1746.6,1745.9,1766.1,1636.7,3482.7,3475.8
1606,1905.7,1956.3,1862.8,1922.5,2038.5,3179.4,3236.1
2183.5,2120.1,2235.5,2502,2518,2522.2,2534.4,2539.4
1739.6,2105.4,2461.1,2491.6,2463.5,2473.7,2575.8,2740.1
1646.2,1734.3,1735,1761.8,1775.8,1811.5,2537.4,2781.6
1629.9,1860.5,2044.3,2044.2,2427.9,2582.2,2616.6,2611.1
1757.4,2343.2,2490.3,2475.6,2528.9,2617.5,2784.3,3015.7
2261.7,2287.7,2292.1,2296.2,2335.5,2510.1,3085.5,3197.7
1747,2165.4,2304,2331.4,2477.9,2560.3,2631.5,2677.8
1676.8,1818.1,2677.3,2684.6,2672.3,2719.1,2833.1,2984
2371.4,2431.4,2453.6,2387.7,2469.5,2667.7,2694.8,2743
2280,2403.4,2395.7,2399.4,2436.4,2585.1,2644.2,2679.1
1286.6,1692.8,3079.3,3209.6,3219.1,3291.5,3372.3,3426.1
2285.4,2538,2552.6,2526.8,2648.4,2778.8,2848.8,2966.4
1659.9,1998.8,2046.3,2067.7,2222.1,2327.4,2341.1,2885.3
1749.5,2435,2542.9,2578.8,2705.9,2701.1,2783.6,2983
1884.7,2270.5,2723.4,2724.2,2721.3,2750.6,2802.2,2877.4
1703.2,1786.5,2135,2461.1,2534.1,2461.6,2513.6,2668.5
1496.5,1955.3,2648.1,2701.4,2675.2,2733.5,2832.5,2993.9
2100.3,2150.8,2193.5,2210.3,2236.9,2366.4,3295.6,3271.7
1580.6,2424.7,2438.1,2423,2398,2487.5,2792.5,3045.1
2600.1,2706.1,2887.3,4019.9,4153.9,4223,4766.9,4828.8
1994.9,2616.6,2603.6,2608.2,2832.4,2956.6,3101,3692.4
2053,2048.9,2400.7,2442.4,2430.8,2434.7,2683.1,2909.8
2105.9,2528.6,2539,2379.2,2770.2,2865.2,2919.2,3034.1
2116.3,2310.9,2471.7,2675.4,2702.2,2688.4,2750.1,2954.7
1848.1,2154.6,2458.9,2439.7,2514.5,2593.5,2675.9,2827.8
1966.5,2540.4,2581,2605.8,2539.3,2676.2,2935.4,2960.7
1524.3,2425.9,2541.8,2595.1,2558.7,2582.4,2742.2,2836.4
1793.4,2593.4,2588.5,2612.5,2570.9,2693.3,2737.3,2701.1
2121.2,2185.1,2135.6,2208.5,2265.8,2607,2762.5,2784
1748.3,2672.6,2701.4,2692.5,2791.9,3126.7,3619.6,3935
1429.7,2245.7,2710.1,2715.4,2683.6,2787.7,2963.5,3134.4
1541.7,2223.2,2222.1,2229.3,2237.6,2296.6,2373.6,2447
2164.4,2338.5,2656.1,2673.9,2689.3,2747,2782,2815.4
2304.2,2285.2,2296.4,2400.9,2641.1,3039.5,3370.5,3595.2
1461.2,2441.1,2557.9,2605,2562.4,2675.9,2769,2779.7
2089,2084,2074.2,2109.5,2283.7,2560.6,2590.7,2917.2
1946.3,2003.7,2008.9,1988.1,2011.9,2085,2238.2,2427.5
2078.5,2493.3,2510.8,2508.4,2509.6,2617.4,2669.3,2685.5
1796.6,1909.4,2344.4,2392.2,2382.2,2388.1,2396.6,2387.6
2031.4,2022.4,2070.2,2186.6,2443.3,2513.8,2789.7,3529.6
2110.3,2123.6,2117.1,2189.7,2428.2,2862.4,2967.4,3049.3
1518.5,1852.6,2539.7,2526.4,2541.8,2738.8,3067.9,3437.1
1506.4,2373.6,2609.5,2554.1,2607.4,2708.5,2782.5,2807.9
2062.5,2359.6,2379,2386.5,2365.9,2422.8,2693.2,3043.1
2074.5,2466.3,2448,2517.3,2526,2539.2,2613.4,2722.4
1794.7,2646.4,2664.5,2747,2752.1,2773.5,2805.2,2861
2443.5,2496.8,2512,2350.4,2723.9,2773.3,2777,2794.8
2294.1,2649,3010.1,2885.3,3132.9,3072.3,3168,3323.4
1551.6,1539.2,2643.5,2727.3,2744.4,2748.1,2760.1,2775.5
2000.7,2273.9,2569.9,2671.6,2671,2677.6,2938.1,2704.4
1819.6,2025,2049.9,2061.1,2056.8,2091,2168.6,2324.9
1672.2,1869.2,1886.1,1900.5,1936.8,2012.8,2152,2313.5
2183.4,2528.4,2575.7,2639.9,2675.9,2736.9,2984.8,2926.8
1903.6,1926.7,2535.7,2533.1,2517.6,2548.2,2708.6,2921.3
1978.4,2353.3,2494.6,2460.1,2450.4,2561.1,2790,3164.2
2125.4,2448.7,2548.9,2570.2,2600.6,2728.1,2979.1,3032
1919.5,2542.6,2591.1,2318.7,2472.1,2906.3,3327.8,3572.3
2442,2538.3,2573,2508,2596.3,2820.5,3068.9,3137.3
1811.4,1993.9,2340.4,2563,2603.3,2633,2722.5,2743.8
1776,2644.5,2664,2632.2,2739.5,2897.5,2999.2,3235.4
2354.1,2347.6,2298.8,2370.8,2457.6,2462.9,2499.5,2642.6
2256,2576.5,2591.6,2606.3,2610.4,2820.6,2978.3,3009.1
2251.5,2306.5,2377.1,2549.9,2553,2568.1,2688.3,2647.7
2079.4,2369,2518.1,2529.9,2532.9,2592.4,2726.5,3024.9
2388.5,2489.9,2443.3,2493.6,2608.6,2644.9,2674.9,2688.8
1413.9,2051.5,1934.6,2396,2424.3,2410.9,2483.5,2710.6
1475.9,2370.4,2507.5,2505.9,2594.4,2686.3,2863.3,2983.4
2005.3,2021.5,1991.3,2000.9,2111.6,2276.5,2309.2,2302
2454.6,2489.2,2533.6,2571.6,2575.9,2652.2,2808,2835.1
2287.6,2360.8,2363.9,2386.3,2416.2,2438.8,3120.5,3178.9
1481.4,2460.3,2461.5,2464.7,2460.7,2482.4,2551.1,2609.1
1360,2444,2582.1,2318.2,2799.7,2809.1,2784.9,2907.5
2262.9,2695.2,2189.1,2468,2816.5,2836.4,2895.3,3246.5
2449.9,2709.3,2578.1,2750.4,2782.4,2794.8,2863,2982.4
1492,1548.3,2057.9,2461.5,2657.2,2465,2323.7,3045.6
1998.6,2393,2387.7,2400.2,2521.2,2628.4,2642,3043.5
1689.8,1771.5,1765.1,1776.5,1790.3,1848.3,2011.7,2156.5
2436.8,2681.8,2681.6,2713.2,2774.9,2846.1,2939.9,3187.4
2428,2788.5,2834.6,2821.5,2845.1,2888.7,2969,3200.8
2480,2472.7,2479.6,2628.3,2986.8,3121.7,3404.6,2809.1
2135.6,2633.7,2762.8,2839.1,2885,2779.8,2965.2,3095.7
2569,2592.7,2612.9,2635.5,2666.8,2696.2,2630.8,2607.3
2663.3,2690.1,2712.3,2731.9,2776.6,2842.7,2919,3404.1
2569,2676.3,2692,2720.4,2762.5,2803.6,2845.9,2921.6
2873.7,2862,2958.2,2979,3007.8,3059.6,3114.3,3102.6
2533.3,2494.2,2740.1,2932.6,2950.6,2976.5,3052.7,3150.2
2704.4,2756.4,2814.2,2808.9,2851,2892.1,2926.7,2920.9
2635.6,2709.9,2764.9,2792.2,2848.9,2882.2,2889.5,2901.5
2878.2,2934,2978,2976.5,3021.9,3097.2,3159.6,3207.8
2915.4,2917.5,2938.2,2942.9,2952.4,2993.5,3077.6,3228.5
2444.1,2681,2866.7,2858.8,2880.2,2940.7,3038.4,3544.5
2031.4,2785.3,2872.3,2848.8,2836,3082,3369.2,3637.3
1769.9,2903.5,2987.3,3006.9,3027.1,3053.6,3075.4,3110.5
1869.8,2230.4,2852.7,3026.5,3089.6,3115,3109.2,3218.5
2228.8,2255.1,2345,2427.3,2899.3,3367.6,3415,3409.3
2166.1,2583.3,2600.2,2600.1,2642.4,2891.5,3131.6,3193.4
2170.2,2177.4,2180.8,2070.4,2118.6,2396.6,2829,2939.2
2291.5,2335,2257.3,2371.8,2776.4,3126.9,3196.1,3266.2
2380.7,2490.6,2522.5,2559.3,2585.7,2631.6,2629,2702.6
2080.1,2098.5,2121.1,2137.2,2147,2172.8,2248.6,2208.3
2363.6,2539.7,2576.7,2625.5,2668.9,2689.5,2709.3,2729.4
2406.5,2469.2,2502.8,2540,2557.7,2581.8,2669.2,2779
2623.9,2580.5,2636.6,2611.8,2694.8,2770.8,2778.2,2869.2
2232.8,2670.8,3130.6,3224.4,3299.8,3317.2,3303,3366.4
2139.4,2920.9,2993.9,3016.1,3051.1,3030.3,3185.3,3248.9
1762.1,1845.9,1949.5,2343.2,2377.2,2584.1,2680.5,2828.8
2377.2,2307.1,2764.6,2787.3,2803.3,2853,2985.4,3227.2
2737.9,2815.3,2834.9,2837.2,2862.5,2916.2,3004.6,3109.4
2305.4,2407.7,2474.9,2560.4,2567.6,2541,2682.1,3019.1
1445.1,2426.1,2799.3,2840.8,2884.9,2869.6,2853.3,2980
1650.8,2604.1,2670.7,2789.6,2941.1,2420.3,2834.8,3219.7
1944.4,2040,1751,1880.8,2172.9,2355.3,2784.5,3046.6
1769.1,1987.9,2154.4,2379.4,2541.1,2911.8,2941.8,2942.7
2970.8,2907.4,2971.9,3025.3,3063,3091.9,2933.1,3162
2765,2851.8,2998.5,2967.4,3069.2,3124,3167.5,3206.4
2825.8,2862.6,2989,3087.2,3146.8,3162.2,3290.8,3370.2
2808.4,2822.8,2857.8,2893.5,2884.1,2891.6,2964.9,3086.7
2479.4,2597.4,2708.8,2709.5,2721.5,2811.7,2938.5,3083.7
2350.7,2720.4,2796.1,2826.6,2871.5,2812,2919.1,3012.9
1990.3,2716.9,3069.8,3087,3124.3,3056.6,3245.4,3321
2436.4,2420,2500,2690.7,2882.8,2857.1,2937.1,3211
3004.7,3087.3,3102.8,3126.7,3116.6,3143.8,3175.8,3188.8
2673.4,2712.8,2761.1,2782.5,2804.9,2910.4,3020.2,3090.4
2749.9,2908.8,2962.5,2990.8,3000.8,3018.5,3034.8,3042.9
2915.5,2930.5,2942.9,2952.7,2947.6,2952.5,3077.6,3219.5
2335.2,2777.5,2803.9,2839.5,2878.9,2904,2907.3,2889.2
2854.3,2832.5,2867.6,2903.6,2903.8,2934.4,2976.4,3010.1
2839.3,3030.2,3013.5,3073.8,3108.8,3128.8,3052.9,3099.2
2763.6,3003.5,2951.1,3023.7,3051,3116.4,3136.5,3153.8
2580.5,3121.5,3112.8,3162.2,3188.9,3171.5,3214.5,3268.3
2871,2977.8,2994.7,3027,3016.4,3042.6,3102.6,3169.3
2407,2524.3,2521.6,3075,3096.3,3057.2,3213,3334.2
2082.1,2357,2455,2515.1,2436.5,2424.3,2667.8,3233.1
1710.4,1875.8,2263.1,2922.8,3122,3255.8,3364.8,3440.4
2633.4,2751.7,2808.2,2845.8,2737.5,2796.2,3043.3,3199.9
2038,2193.9,2309,2365.6,2562.3,2587.5,2597.6,2584.2
2467.1,2711.6,2949.6,2992.1,3023.6,3053.5,3058.6,3154.3
2360.6,2855.8,2880.8,2939.4,2918.5,2985.7,3137.5,3222.4
1795,2841.1,2843,2905.3,2942.8,2963.1,2983.5,3032.9
2347.5,2809.7,2926.1,3181.4,3272.3,3158.6,3271.2,3417.2
1958.1,2088.6,2011.8,1876.5,2057.6,2291.5,2372.5,2812.3
2476.6,2463.1,2590.7,2703.8,2814.4,2961.6,3078.7,3097.7
2095.6,2132.1,2142.9,2131.1,2147.6,2320.6,2456.6,2669.6
2501,2830.4,2903.5,2960.4,2931.3,3010.3,3173.9,3401
2394.6,2820.1,2878.7,2889.3,2902.7,3065.7,3261,3437.9
2821.2,2858.7,2894.1,2923.2,2935.7,2958.3,2979.2,3031.7
2146.2,2843.3,2862.8,2897.7,2912.4,2915,2958.7,3202.4
2976,2943.6,2967.4,3011.8,2962.2,3003.2,3086.6,3137.6
2632,2742.6,2845.9,3024.1,3131.6,3179,3267.3,3310.4
2023.7,2092.2,1911.5,2066,2495,2576.3,2767.3,2879.6
2842.2,2838.7,2919.7,2924.1,3004.2,3038.3,3096.1,3106.8
2682.5,2700.8,2738,2779.8,2803.6,2800.2,2867,2996.4
1803.4,1813.5,1825.2,1831,1827.8,1854.2,1903.7,2108.6
2005.6,2041.9,2133.7,2131,2178.7,2271,2552.8,2710.6
2721.3,2813.4,2849.3,2809.7,2874.3,3118.5,3354.2,3405.6
2793.8,2825.7,2872.3,2917.4,2891.4,2981.9,3057.7,3093.3
2160.5,2444,2535.2,2651,2538.1,2333.1,2848.3,3367.3
2312,2456.8,2417.8,2180.8,3104.8,3375.3,3440.2,3426.9
2465.1,2641.1,2682.7,2702.3,2680.8,2750.7,2887.3,3184.2
2765.5,2950.9,3009.9,3047.9,3049.4,3078.4,3222.5,3322.8
1780.1,3015.9,3125.9,3278.3,3323.1,3356.1,3373.9,3341.3
2550.5,2912.4,2945.9,2964,2995,2993.1,2988,3012.3
2474.5,2821.1,2882.9,2915.1,2938.7,2916.4,2994.3,3092.7
1868.7,1925.6,1861.6,1824.2,2016.1,2302.1,2504.3,2610.8
2608.9,2827.9,2890.3,2955.9,2940.1,3057.5,3266.7,3411.2
2926.1,2923.1,3014.4,3116.9,3199.3,3132.4,3287.9,3303.7
2176.6,2535.9,2786.4,2882,2941.6,2951.5,2973.5,3027.8
2148,2298.1,2498.8,2567.8,2678.5,2839.7,2865.7,2918.3
2053.2,2637.8,2733.2,2776.2,2757.7,2763.5,2858.8,3025.4
2749.9,2873.1,2898.6,2912.3,2898.1,2948.8,3029.8,3129.1
2390.9,2492.1,2606,2643.7,2642.4,2682.2,2860.6,3001.3
2089,2192.2,2328.7,2409.5,2397.4,2499.8,2866.9,3266.2
2186.9,2477.6,2693.3,2805.2,2866.7,2877.2,2915.5,2988.5
2982.3,2936,3044.3,3127.9,3163.1,3197.2,3255.5,3087
2818.9,3085.3,3149.9,3224,3211.4,3214,3344.2,3527
2879.8,2989.6,2999.6,3008.2,2999.1,3236.8,3319.9,3538.3
2670.3,2799,2869.2,2922.5,2924.9,2982.2,3020.2,3136.8
2725.9,2746.3,2813.8,2778.6,2760.5,2903.1,3190.1,3326.4
2977.2,2951.8,2998.5,3047.8,3057.3,3071.9,3084.1,3188.8
2482.2,2831.6,2874,2910.2,2962.1,2881.9,2983,3093.6
2753,2786.3,2833,2816.4,2941,3061,3224.2,3287.7
1978.2,2875.6,2942,3003.4,3087.1,2980.6,2884.2,3200.8
2249.6,2858,2952.3,3000,3017.2,3035,3060.4,3102
2583,2718.2,2917.1,2923.9,2915.1,3121.4,3252.9,3329.9
2670.2,2868.3,2943.9,2894.8,2990.4,3196,3285,3393.7
1721.7,1731.9,1706.9,1624.4,1669.6,2055.4,2649.2,2626.2
1772,1797.8,1912.1,2072.7,2062.6,2108.4,2354.7,2724.4
2508,2887.7,2961.9,3014.1,3060.9,3061.2,3064.6,3148.4
2950.5,2950.4,2970.1,2959.4,2974.2,3034.9,3143.5,3347.7
1761.4,1785.5,1907.6,2484,2648.1,2704.1,2906.5,3008.3
2038,2371.7,2526.6,2641.2,2641.1,2630.6,2776.5,3074.2
2140.7,2908.7,2898.3,2928.6,2935.4,2938.9,2970.5,3023.4
2295.1,2885.1,3026.5,3091.3,3100.5,3132.1,3185.7,3373.6
2623.8,2885.1,2942.4,2875,2978.1,3188.6,3372.8,3449.8
2802.8,2906.9,2986.1,3085,3177.7,3094.8,3259.7,3408
2789.2,3069.7,3061,3109.8,3141.6,3144,3112.4,3188.1
2863.6,2873.7,2964.1,3112.3,3092.4,3018.4,3309.7,3344.1
2131.3,2756.6,2931.3,2920.6,3014.8,3118.7,3191.9,3270.9
2476.9,3008.1,2982.9,3011.7,2992.7,3000.3,3025.6,3149.3
1867.5,2823.5,2902.5,2928.5,2929.4,2933.7,2990.1,3075.3
2753.7,2805.2,2854.5,2856.6,2879.7,2926.6,3006,3136.3
2247.1,2845.1,2908.8,2975.8,3024.9,3083.9,3064.1,3131
2343.8,2827.8,2835,2855.6,2885.3,2914.9,2921,2988.4
2822.4,2849.6,2871.1,2891.2,2853.4,2873.4,2935,3044.5
2076.7,2667.6,2685.4,2742.4,2778,2793.7,2800.3,2920.4
2177.7,2410.6,2872.8,2744.6,3224.3,3307.1,3211.3,3297.2
2021.8,2492,2567.5,2671.7,2734.7,2742.8,2877.1,2984.6
2379.2,2618.8,2725.6,2802.5,2846.8,2856,2961.6,3105.5
1928.5,1980.2,2049.5,2015.6,1874.7,2267.5,3060.2,3079.6
2071.9,2213.1,2458.3,2015.6,2490.1,2694.3,3061.2,3069.4
2058.5,2629.4,2849.9,2880.9,2914.5,2927.2,2949.7,2976.2
2373.4,3035.1,3067.9,3119.6,3168.2,3234.9,3296.1,3370
2707.8,2905.6,2914.6,2931.6,2936.7,2939.2,2947.5,3001.2
2470,3008.1,3039.4,3055,3075.2,3080.2,3046.6,3064.4
2808.9,2888,2927.3,2956.2,2970,3001.8,3049.9,3071.6
2712.7,3019.4,3016.7,3079.1,3111.1,3143.2,3199,3232.5
2521.4,2674.9,2765,2851.7,2717.1,2898.6,2995.6,3107.2
2487.2,2995.6,3021.1,3100.3,3117.2,3139.6,3163.3,3167.5
1947,1926.2,1953.1,2044.6,2156.3,2230.5,2540.5,2777.8
2779.6,2896.5,2918.5,2933.1,2931,2961,3037.8,3133.4
2668.8,2843.6,2862.8,2872.9,2875.6,2885,2938.2,3018.6
2709.2,2976.7,2970.4,3039.3,3093.9,3107.3,3022.6,3130.1
2773,2842.4,2625.3,2889.3,2978.1,3056.1,3127.5,3196.2
2209.8,2509.8,2622.9,2690,2731.9,2757.7,2813.5,2940.4
1735.4,1656.3,2858.5,2857.8,3031.3,3045.2,3005.9,3071.5
2659.5,3060.8,3064.2,3079.4,3080.1,3093.6,3108.6,3217.7
2735.4,2777.3,2823.9,2834.7,2860,2891.9,2914.4,3008.3
1926,1939.2,1937.9,1932,1983.1,2179.9,2709.9,2912.8
1724.7,2273.4,2891.7,2943.1,2941.6,2961.5,3010.3,3055.3
1658.2,3114.9,3108.3,3143.3,3139.5,3160.4,3197.8,3233.4
2754.8,2824.9,2822.7,2853.5,2890.7,2906.9,3024.4,3147.6
2712.4,2763.8,2849.3,2840.9,2825.4,2908.9,3041.2,3163.5
2174,2813.2,3080.8,3092.5,3101.4,3109.1,3108.2,3131
2668.8,2734,2782.3,2805.9,2825.1,2761.8,2877.3,3476.4
2421.8,2926.6,2964.3,2978.3,2993.2,3077.1,3281.8,3524.8
1759.8,1965.9,2278.8,2589.4,2660.3,2814.8,2873,2907.9
2388.3,2352.7,2520.5,2568,2618.7,2652.9,2686.8,2877.4
2657.5,2865.5,2885.8,2927.1,2927,3000.8,3071.3,3126.1
1862.8,2630.5,2719.5,3333.8,3359.3,3390.3,3368.7,3453.2
1963,2515.2,2743.3,2211.3,3112,3134.4,3123.2,3098.1
2797.3,2893.4,2958.6,2989.4,2964.7,2952.8,2970,3215.4
2466.8,2550,2730.4,2799.6,2862.4,2874.5,2907.2,2922.3
2038.8,2821,2867.2,2893.2,2930.9,2918.1,2975.3,3064.2
1847.6,2084.9,2261.3,2957.7,3235.9,3373.2,3260,3516.6
2030.7,2034.8,2039.9,2111.7,2300.3,2409.9,2490.4,3038.1
2202.4,2310.3,2178.9,2251.1,2283.6,2333.4,2797,3071.5
2306.8,2443.7,2545.5,2531.2,2608.7,2980.3,3122.3,3272.7
2549.7,2712.6,3036.7,3076.1,3132.6,3124.9,3207.3,3323.1
1776.6,3034.1,3004.3,3039.1,3099.4,3124,3135.9,3203.1
2006.8,2441.2,2866.6,2928.8,3021.1,2837.4,2970.5,3250.2
2579.9,2613.1,2706.4,2822.7,2863.8,2922.9,2927.1,3089.2
2320.4,2728.3,2781.9,2985,3095,3230.5,3441.5,3667.5
2208.4,2220.7,2271.6,2274.4,2225.3,2374.2,2725.5,3017.9
2860.7,2857,2876.5,2926,2947.4,2979.3,3031.6,3062.7
2583.6,2932.8,2941.2,2959.3,2971.9,2980.3,2992,3020.3
1515.9,2977.9,3040.9,3066.1,3119.6,3111.5,3104.5,3159.3
2900.3,2903.5,2922,2937.2,2945,2946,2923,3001.7
2838,2861.8,2909.1,2944.3,2945.1,2967.1,3002.2,3048
2803.7,2966.3,2996.6,3054.5,3070.7,3076.2,3081.6,3098.2
2782.4,2832.3,2881.4,2930.7,2948.7,2968.2,3043.7,3299
2970.2,2960,2993.2,3005.3,3004.8,3071,3139.4,3323.1
2891,2851.3,2886.2,2997.1,3092.9,3126.3,3151.9,3122.5
1872.2,1987.8,1979.9,1966.2,1981.8,2029.6,2189.8,2383.4
2111.7,2231.2,2175,2202.6,2299,2560.7,2784.9,2846.6
2236.3,2394.8,2628.2,2784.4,2885.1,2711.3,2879.2,3196.1
2358.3,2510.2,2570,2507.7,2534.3,2772,2581.3,3016
2767.3,2775.3,2799.8,2854.3,2886.1,2891.7,2868.2,2927.4
1811.2,2018.8,2016.7,1988,2235.5,2443.9,2525.8,3149.2
2096.7,2645.9,2956.4,3012.1,3183.7,3222.2,3274.7,3343.6
2331,2574.2,2505.6,2971.9,3017,2994.2,2977,3242.6
2276.6,2717.4,2951.4,3228.9,3207.5,3415.9,3443,3454.7
2765.7,2824.2,2860.7,2821,2866.4,2965.7,3055.4,3122.6
1764.7,1739.3,1709.9,1869,2994.1,3039.9,3063.5,3020.7
1317.4,2243.4,2294.2,2277.7,2302.3,2350.7,2409.6,2448.1
1806.6,1668.6,2399.7,2397.8,2384.9,2395.4,2413,2540.6
2045.3,2034,2056.9,2138.8,2716,2730.8,2696.5,2665
2235,2265.2,2213.7,2374.7,2483.6,2540.8,2476.5,2528.7
2288.5,2362.6,2356,2361.3,2503.5,2819.3,3081.6,3047.4
2124.7,2154.2,2081.4,2261,2397.1,2449.7,2464.7,2536.8
2262.7,2311.7,2308.8,2301.7,2344.2,2411.3,2454.2,2875.5
2333.9,2383,2411.2,2414.6,2449.3,2476.8,2498.6,2515.7
2240.8,2306.1,2172.2,2330.3,2339.6,2337,2339.6,2353.9
2643.4,2648.6,2674.2,2660.3,2694.3,2754.6,2820.6,2888.2
2383.6,2396,2388.1,2417.7,2459.4,2497.8,2559.8,3069.9
2319.4,2377,2393.6,2410.2,2419.8,2426.6,2447.3,3630.9
2064,2235.6,2303,2303.9,2416.6,2436.1,2802.3,3648
1920.1,2653.1,2668.8,2662.5,2698,2741,2774.2,3598.5
2187.5,2391.8,2417.6,2369,2462.5,2578.1,2615.7,2838.7
2348.2,2360.5,2350.1,2356.5,2435.2,2645.1,2808.3,3112.5
2344.4,2346.7,2370.4,2339.7,2406.8,2548.6,2633.1,3085.6
1622,2322,2323.1,2314.9,2367.1,2441.6,2548.9,2769.7
2057.8,2114.1,2245.6,2375.8,2700.8,3052.6,3222.5,3409
2110.6,2338.2,2344.3,2348.9,2388.1,2416.6,2429.3,2450.2
2077.2,2322.6,2344.3,2354.9,2373.4,2415.4,2493.8,2573.1
2127.7,2226.8,2228.8,2267.1,2330.7,2501.8,2550.4,2636
2069.9,2078.2,2048,2108.4,2241,2357.8,2367.4,2379.4
2428.6,2449.3,2556,2562,2568,2660.4,3207.8,3971.4
1957.7,1958,2164.1,2210.8,2193.9,2199.7,2324,2431.6
1946.8,1872,2389.8,2466.7,2443.6,2439.5,2467.2,2476.5
1787.3,2206.8,2279.7,2248.2,2325.5,2390.6,2680.6,2753.3
2150.4,2329.2,2322.6,2346.7,2392.2,2499,2677,2775.9
1907.4,2217.4,2272,2275.9,2300.4,2349.9,2376.9,2379.8
2045,2080.1,2049.2,2080.2,2325,2414.4,2368.5,2375.3
1721.6,1715.7,1804.1,1802.4,2039.2,2839.9,2901.7,3083.4
1748.4,1752.2,1766.9,1810.9,1920.6,2108.8,2460.8,2512.7
2033.3,2295.9,2294,2461.7,2474.4,2490.7,2500.8,2506.7
2175.8,2238.5,2242.3,2255.8,2315,2358.6,2386.6,2454.9
2001.7,2274.4,2273.9,2277.9,2296.8,2304.1,3553.6,3746.5
2018.3,1961.4,1890.7,2372.2,2588.6,2690.1,2662.9,2685.6
1675.9,1973.6,2416.7,2454,2509.1,2567.5,2607.7,2640.6
1853.9,2028.2,2405.3,2401.8,2423.3,2503,2702.5,2819.9
2337.1,2560.4,2559.1,2593,2666.3,2694.4,2718.2,2791.3
1980,2448.3,2558.1,2557.1,2578,2617.2,2729.7,3109.6
2118.5,2109.8,2161,2248.7,2797.3,2802.6,2994.1,3644.8
2350.3,2379.8,2393,2394.6,2407.9,2534.6,2635.7,2674.7
2100.7,2411.5,2438,2433.5,2436,2475.4,2498.1,2524.6
2300,2316.1,2312.4,2293.6,2333.6,2390.5,2437.9,2831.3
2354.6,2394.3,2437.2,2454.4,2471.8,2536.3,2759,3739.1
2199.2,2131.8,2357.4,2355.5,2360.8,2372.5,2639.2,3081.4
2401.2,2409.7,2399.4,2418.4,2495.6,3395,3539.9,3856.2
1555.8,2182.4,2348.2,2329.2,2359.8,2404.6,2438.2,2449.5
1789.4,1817.6,1932.5,2065.6,2344.2,2559.9,2636.3,3030.4
2450,2579.1,2581.8,2631.7,2689.1,2670.5,2685,2852.4
1585.5,1793.9,1828.6,1801.8,2227,2476.7,2454.9,2849.8
1486.6,2374.7,2418.3,2407.4,2437.2,2479.5,2496.9,2629.9
1609,2137.6,2668.1,2711.6,2715.5,2750.6,2775.5,2793.7
1874.2,2242,2485.7,2483.5,2482.5,2499,2533.7,2862.6
1989,1957.7,2036.9,2079.8,2179.6,2406.1,2551.4,3055.1
1809.7,1817.6,1813,1843.5,1959.7,2615.8,2722.6,2722.7
1974.9,2012.1,2043.8,2093.9,2188.2,2583.9,2942.8,2788.6
2102,2130.2,2118.1,2166.5,2337,2650.4,2764.8,3258.9
1739.8,2020.8,2167.2,2170.3,2231.1,2344.6,2527.7,2760.8
2173.4,2198.3,2212.1,2241.2,2288.1,2322.7,2352.2,3438.1
2353.6,2385.1,2398.4,2397.1,2418.5,2451.7,2581.5,2794.9
2294.4,2310.3,2297.5,2326.3,2406.4,2485.3,2533.5,2586.5
2186.5,2293.7,2291.3,2295.4,2330.9,2805.2,3297.4,3417.7
2211.2,2227.1,2199.4,2249.1,2420.5,2449.2,3013,3335.4
1778.8,1784.3,1798.8,1947.7,2733.6,2749.1,2730.2,2703.1
1633.9,1629.9,1581,2026.8,2603.6,2580.5,2612.7,2914.9
2132.9,2123.8,2168.9,2272.7,2399.9,2470,2511.5,2740.3
2174.5,2206.7,2247.9,2312.2,2369.6,2392.3,2381.6,2980.3
1821.1,2027.3,2027.7,2030.4,2098.5,2369.7,2512.3,2615
1809.9,2439.2,2454.9,2449.8,2472.2,2553.2,2711.6,2869.4
2414.6,2446.1,2447.1,2454.3,2476.9,2549.1,2859.3,3307.4
2131.9,2348.8,2349.6,2348.9,2427.9,2488.7,2524.5,2621.1
2252,2251.8,2265.8,2289.2,2608.1,3025.7,3220.8,3949.2
1946.9,2302.1,2297.9,2329.1,2360.8,2402.5,2441.7,2487.8
1839.2,1839.3,1867.3,1936.3,2119.5,2762.2,2791.3,3349
2008.3,2004.9,2006.9,2076.8,2257.8,2379.1,2356.4,2462.5
2158.6,2309.2,2304.6,2352.2,2448.9,2572.6,2809.6,2957.4
1960,2193.2,2431.9,2410,2667.7,2718.3,2660.1,2700.6
2401.3,2408.4,2422.5,2407.5,2446.7,2490.2,2528.1,2625.6
1962.7,2030.4,2106.1,2177.4,2225.3,2256.2,2274.3,2315.2
1619,1777.9,1761.6,1767.7,1841.5,1900.1,2069.5,2571.3
2263,2295.1,2223.5,2361.5,2580.2,2636.2,2737.3,2836.4
2148.6,2315.7,2339.7,2351.5,2480.2,2541.7,2541.5,2581.2
1587,1899.6,2406,2403.2,2441.4,2484.8,2499.1,2503.1
1582,1876.1,2434.4,2436,2434,2459.8,2493.1,2524.5
1413.8,1655.5,2439.4,2523.7,2522.1,2535.4,2564.9,2592
2064.1,2335.4,2342.6,2321.4,2357.7,2417.7,2494.2,2534.3
1684.6,2237,2266.3,2261.1,2295.6,2347.6,3064.5,3341.4
1876.5,2290.1,2469.1,2501.9,2497.2,2528.4,2560.6,2572
2036.1,2056.9,2018.5,2108.5,2344.9,2385.6,2422,2564.3
2077,2178.9,2181.1,2308.5,2550.8,2787.9,3126.1,3466.2
1902.7,2231.4,2267.3,2427.9,2507.3,2782.5,2881.2,3344.4
2488.7,2515.4,2488.7,2525.5,2632.7,2740.9,2904.6,3480.8
2076.6,2059.7,2025.7,2147.2,2583.1,2605.2,2556.2,2645.4
2244.7,2250,2245,2286,2364.6,2417.3,2632.9,2800.1
2130.5,2188.9,2097.6,2300.9,2365.7,2406,2417,2448.4
2314.9,2331.3,2329.8,2322.5,2429,2483,2546.6,2556.5
2150.6,2156.1,2158,2278.1,2310.7,2327,2360.9,2635.4
1642.5,2511.2,2828,2858.2,2870.9,2898.6,2907.9,2969.1
2184.5,2318.9,2407.5,2349.9,2437.1,2539.8,2615.8,3282.2
2225.7,2213.6,2272.8,2333.7,2337.9,2357,2473.3,2766.7
2103.6,2129.8,2075.8,2103.1,2258.2,2442.2,2502.6,2516.7
1702.1,1746,1736.6,1741.7,1745.6,2656.3,2837.1,2890
1833.7,1993.7,1979.3,1989.6,2025.8,2127.6,2425.7,2330.4
2169.3,2324.6,2340.4,2352.3,2398.2,2431.8,2468.7,2549.3
2052.7,2056,2132.5,2259.3,2425.4,2548.2,2791.4,2822.2
1614.2,1633.5,1643.8,1632.3,2437.7,2753.3,2921.6,3082.4
1813.5,2171.1,2270.8,2287.8,2259.3,2298.3,2411.2,2591.6
2043.3,2086.4,2074.8,2093.5,2150.9,2403.8,2986.1,3370.1
2214.3,2223.5,2205.8,2233.1,2316.8,2402.1,2502.1,2630.7
2311.3,2319.8,2314.6,2319.4,2374.8,2442.8,2548.5,2901.5
2235.1,2239,2254.7,2354.6,2650.9,2681,2866.4,3110.8
2354.4,2371.6,2364.7,2364.3,2420.7,2579,2701,2738.2
2438.5,2437.8,2432.1,2511.1,2561.5,2579.3,2597.1,2642.7
2136.7,2155.7,2131.6,2113.6,2168.9,2289.1,2711.1,2721
2243.4,2270.1,2278.8,2330.9,2626.8,2760.9,2973.1,3365.2
2341.3,2307.8,2380.6,2387.9,2392.8,2411.2,2491.6,2827.6
2223.4,2047.2,2374.6,2482.5,2494.9,2519.2,2559.6,3015.1
2161.9,2174.5,2128.1,2225.3,2348.7,2477.7,2513.3,2738.1
2007.4,2380.1,2418.5,2429.3,2466.9,2497.4,2547.9,2591.5
2244.5,2363.7,2519.8,2528.4,2546.5,2556.5,2601.4,2741.2
1841.2,1898.8,2127.6,2219.1,2384.4,2449.8,2437.8,2481.7
1945.7,2120.5,2342.9,2308.5,2423.3,2530.8,2595.3,3066.3
1874.5,1664,2380.8,2367,2367.8,2541.9,2651.5,2763.6
1886.5,1890.5,1896.1,1924.6,2003.7,2246.9,2382.9,3099.7
1852.9,1898.6,1993.5,2123.2,2272.9,2275,2688.8,3015.2
1931.9,1921.9,1989.3,2040.2,2112.1,2191.6,2870.9,3003.5
2140.4,2367.4,2368.1,2379.5,2402.8,2426.9,2483.3,3266.1
2343,2451.5,2476.4,2500.3,2638.6,2833.6,3195.9,3903.3
1821.7,2055.1,2461.4,2456.6,2458.3,2512.9,3394.6,3874.4
1899.1,1982.7,2167.5,2182.1,2140.5,2152,2178.6,2556
2370.4,2579.9,2627.2,2667.6,2696.2,2720.3,2811.1,3359.2
2319.4,2397.5,2452.8,2492.8,2550.6,2591.6,2696.2,3406.4
2405.9,2543.9,2555,2583.2,2723.1,2766.8,2791.3,3000.9
2389.7,2566.5,2592.2,2599.6,2728.5,2828.2,2999.6,3182.1
2371,2363.3,2367.4,2388.2,2432.9,2458.7,2476.6,2550.9
1868.5,1924.8,2152.5,2919.1,3088.4,3080.4,3129.1,3201.2
1899.3,1901.6,1885.3,1908.9,1978,2121.6,2709.5,2711.8
2180.2,2412.4,2421.5,2721,2917.5,3186.5,3633.9,3906.5
2161.4,2453.3,2457.7,2451.9,2503,2548,2687.3,3222.2
2001.4,1869.5,2070.5,2296,2813.8,2943.4,3257.2,3751
2152.7,2178.2,2454.6,2509.2,2508.6,2524.2,2605.4,2944.1
2109.5,2219.3,2463.7,2428.3,2403.5,2608.8,2939.8,2986.6
2047,2174,2455.8,2456.8,2491.7,2638.1,2865.5,3034.5
1927,2353.8,2507.8,2509.5,2533.1,2581.8,2644.7,2913.6
1988.9,2032,2268.7,2416.2,2740.7,2910.5,3386.3,3575.8
1578.4,1639.7,2275.3,2646,2684.2,2716,2757.2,2791.9
1669.7,1519.9,2021.3,2480.7,2461.9,2457.8,2522.1,2590.3
1654.7,2355.9,2440.8,2434.8,2550.6,2711.5,2935.7,3252.2
1974,1972.2,1984.6,2028,2088.6,2403.9,2796,3779.1
1917.7,1865.6,1874.4,2059.5,2199.2,2278.6,2324.3,2340.3
2057.2,2526.9,2530.3,2576.4,2611,2639.9,2686,2945.4
1987.2,2355.6,2410.4,2435.9,2570.6,2499.3,2627.2,2686
1896.1,1924.7,2184.6,2377.3,2423,2803.7,3383.4,3430.9
1908.6,1933,2100,2266.1,2306.1,2557.3,3251.2,3412.7
2123.7,2245.6,2233.3,2261.4,2436.9,2731.7,3170.3,3736.9
2099.6,2121.1,2499.5,3103.5,3556.5,3541.5,3552.1,3673
2256.8,2252.5,2350.5,2537.5,2752.3,3502.5,3817.1,3850
1803.9,2151.9,2447.3,2456.4,2439.1,2454.2,2490.4,2923.4
2268.6,2292.6,2288.9,2281.6,2380.9,2491.8,2835.2,3386.2
2048.3,2220.9,2442.8,2442.8,2440.9,2466.3,2784.2,3840.9
2535.6,2779.2,2788.3,2802.4,2845.4,2895.9,3007.6,3316.5
1547.7,1904.3,2426.8,2423.1,2418.1,2450.3,2504.5,2627.6
2040.7,2174.5,2463,2702,2729.3,2830.1,2909.9,2954.8
1797.1,1803,1811.1,1839.8,1912.9,1997.3,2712.9,2814.4
1741.4,1765.2,1864.1,2105.4,2405.5,2874.8,3334.4,3254.3
2207.6,2243.3,2244.6,2323.3,2505.3,2646.6,2804.5,2999.1
2136.8,2613.3,2693.8,2679.8,2740.7,2931.9,3786.7,3988.7
2492,2499.3,2483.4,2518.9,2585.6,2752.4,3133.2,3593.2
2389,2387.2,2394.9,2441.6,2588.3,2754.2,3681.8,3652.1
2310.4,2372.9,2387.9,2427.8,2445.3,2481.6,3092.4,3812.3
2408.4,2413.6,2407,2446.2,2529.2,2606.8,2772,2903.7
1481.8,2367.5,2380.1,2380.4,2391.2,2607.7,2702.6,2859.1
2426.3,2409.9,2704.4,2714.3,2708.4,2720.5,2764.8,3588
2148.1,2513.5,2516.7,2521.6,2541.1,2556.7,2692,3411.6
2214.8,2600,2603.1,2629.8,2675.2,2698.5,2743.1,3699.6
2524.3,2534.9,2531.2,2579.8,2729.6,2841.9,3389.4,3748.7
2148.2,2120.9,2201.4,2369.3,2503,2554.2,2644.5,3248.1
2329.3,2365.6,2377.6,2413.9,2451.3,2462,2577.6,2825.2
1926.8,2316.8,2428.4,2434.3,2443.9,2467,2643.8,3333.6
1795.8,1786.6,2002.7,2198.9,2281.4,2380.4,2780.4,2929.6
1803.5,1953.1,1982,1926,1945.3,2024.5,2104.8,2269
1896.7,1892.9,1887.2,1909,2221.1,2586.8,2748.5,3092
2049.6,2173.1,2125.3,2435.7,2749.6,2733.1,2673.6,2697.8
1606.9,1606,2286.8,2410.5,2421.4,2387.9,2580.5,2902.8
1647.3,1837.6,2456.5,2456.9,2538.6,2534.7,2636.3,2777.5
1988.9,2198.4,2393.6,2409.9,2435.8,2533.9,2689.5,2997.4
1387.8,1648.4,2277.4,2267.1,2260,2312.9,2374.5,2636
1766.6,1728.6,1756.3,1812.3,2061,2155,2165.3,2160
2170.2,2319,2471.1,2580.2,2665.9,2754.4,2764.1,2858.6
2467.9,2556,2436.2,2560.4,2621.8,2634.4,2626.6,3184.6
2050.4,2068.1,2484.6,2705.6,2882.3,3093.5,3215.7,3294
2548,2632,2660.7,2689,2715.4,2602.6,2629.6,2683.8
1517.7,1715.9,2099,2637.5,2560.6,2984.8,3298.6,3192
2157.4,2507.7,2209.2,2562.1,3123.8,3205.2,3240.5,3264.3
1633.1,1828.6,1795.5,1900,2469.4,2978.7,3477.9,3505.1
2349.3,2531.9,2606.2,2616.9,2634.5,2906.8,3301.4,3327
2198.9,2436.3,2612.2,2628.1,2636.6,2644.5,2648.7,2651.5
1686.5,1915,2138.2,2225.7,2165.1,1844.9,2001.4,2678.3
2892.9,2970.1,3033.8,3074.9,3106,3131.7,3118,3058.8
2793.9,2797.2,2839.7,2979.7,3191.2,3223.6,3177.4,3247.4
2294.5,2312.2,2372.3,2481.4,2496.5,2514.5,2532.4,2616.7
2081.2,2091.6,2009.5,2162.7,2282.4,2300.4,2300.2,2303.8
2014.7,1910.8,1913.2,2120.1,2202.5,2243.1,2242,2241.7
2065,2102.6,2111.3,2116.6,2128.5,2414.4,2641.3,3065.6
2098.8,2106.4,2101.5,2145.7,2191.9,2261.4,2480.9,3210.8
2275.1,2276.5,2266.9,2848.5,3322.1,3364.7,3342.1,3281
1959.4,2194.9,2444.7,2820.4,2980.3,3070.8,3065,3124.7
2542.2,2807.1,3054.5,3312.4,3475.8,3536,3580.1,3660.2
1965.4,2080,2375.4,2805,3119.2,3258.1,3237.9,3314.6
1909.9,1991.2,1954.9,1942.9,2018.4,2156.5,2252.1,2493.2
1738.8,1985.7,2029.4,2039.1,1924.3,1942,2080,2452
1497.4,1698.4,1724.8,1725.4,1767.4,1782.8,1792.7,2257.6
1573.4,1555.9,1513.3,1518.3,2924.1,3627.7,3764.1,3785.6
1703.8,1810.3,1828.5,1741.8,1838.9,2304.5,2592.3,3880
1558.2,1553.6,1602.2,1905.2,2435.5,2799.1,3107.5,3190.2
1224.1,1247.4,1285.6,1877.3,2355,2623.4,2946.7,3115.2
2108.6,2216.6,2299.3,2617.6,2804.6,3067.7,3049.8,3055.7
1501,1656.9,1660.2,1617.8,1615.8,1657.8,1926.3,2713.9
1506.2,1539.5,1598.4,1769,1515.8,1647.2,2928.6,3092
2330.6,2409.3,2492.1,2561,2626,2637.1,2443.6,2755.4
1522.8,1570.1,1557.7,1546.2,1672.1,1859.5,2002,2451.5
1663.1,1664,1680.8,1734.5,1821,1898.9,1988,2112.2
2465.8,2637.6,2592.8,2830.8,3344.8,3157.4,3364.2,3560.3
2754.3,2770.9,2823.8,2943.3,3035.9,3147,3223.5,3173.2
1819.7,2131.3,2377.9,2147.7,2160.7,2118.7,2337.6,2822.2
1435.2,1791.3,2742.7,2820.4,2994.2,3136.2,3106.3,3250.7
1471,1630.6,1627.9,1816.4,2358.2,3114.5,3540,3564.6
1977.1,2013.2,2112.4,2496.8,2693.3,2779.7,2715.4,2896.1
2489.2,2543.7,2566.2,2628.6,2679.5,2703.7,2759.7,2830.8
2667.2,2761.1,2914.4,2939.5,2859.1,3203.7,3303.7,3320.9
2552,2745.9,2769.2,2806.6,2809.2,2759.3,2797.8,3135.1
2030.6,2758.6,2766.4,2798.4,2804.8,2735.5,3032.4,3054.6
2754.2,2759.3,3060.8,3226.4,3526.6,3593.5,3590,3634.4
1648.1,1614.5,1642.6,1855.5,2458.4,2400.3,2713,2722.9
2345.7,2560.3,2757.1,2992.1,3233.8,3163.2,3469.6,3658.1
2366.8,2680.6,2737.8,2791.5,2761.5,2828.7,2999,3297.9
1522.5,1504.6,2059.1,2537.5,2559.1,2554.1,2432.8,2465.8
2598.5,2599.3,2889,2947.3,3197.9,3372.9,3453.4,3499.5
2138.3,2102.9,2191.6,2516.2,2775,2952.1,2919.5,3150.2
1939.1,1967.1,2043.4,2225.6,2614.5,3019.6,3319.3,3363.5
1708.4,1820.5,2139.9,2477.5,2567.3,2602.8,2557.4,3086
2436.1,2422.9,2563.7,2932.7,2862.7,2902.5,3207.9,3554.1
2439.4,2940.2,3081.8,3280,3520.8,3634.8,3784.6,3838.1
1484.1,1223.5,2465.1,2629.2,2737.7,2407.8,2549.5,3141.4
2469.7,2545.1,2563.5,2589.9,2568.3,2601.9,2731.1,2975.4
1769.3,2048.8,2398.6,2702.4,3006,3270.5,3318.2,3376.2
1299.8,1367.9,1641,2715.6,3177.8,3309.6,3458.7,3518.1
1560.4,1680.2,1779.4,2222.4,2955.2,3470,3337.1,3534.1
1356,1890.7,2629.5,2861.7,2959,2775,2803.6,3029.9
1560,1521.8,1518.2,1522.9,1612.2,1714.8,1997.6,1953.6
2002.7,2122.8,2196.3,2310.1,2420.9,2614.2,2990.3,2960.5
1896.1,2019.5,2107.4,2233.3,2315.1,2407.9,2582.3,2782.9
1578.8,1690.5,1740.5,1727.8,1719.9,1719.3,1713.1,2283.1
2089.3,2479.3,2578.2,2758.8,2998.3,3100.4,3161.6,3256.7
2003.4,2171.3,2311,2695.6,2881.4,2937,2963.2,2942.6
1888.9,2238.2,2318.3,2310.7,2321.7,2340,2369.2,2461.4
2140.3,2243.4,2081.9,2433.6,2568.8,2643.9,2695.6,2752.3
1688.8,1685.1,1661.1,1664.5,1708.5,1746.8,1659.1,1653.4
2011.7,2061.8,2103.5,2225.7,2418.1,2560.6,2693.6,2787.8
1741.5,1837.2,1935.9,1921,2030.3,2251.4,2394.6,2585.6
1851.1,1880.2,1875.7,1872.4,1876.7,1865.9,1883.9,1910.6
1653.1,1757.8,1852.5,2594.4,2996.4,3168.3,3347.2,3459.1
2089.2,2127,2147,2151.2,2148.9,2254.1,2568.8,2817.6
2020.8,2115.1,2354.8,2484.1,2524,2598.3,2393.7,2556.8
1470.7,2255.2,2439.2,3104.1,3182,3215.9,3101,3200.2
1823.4,2117.9,2487,2524.5,2694.8,2796.4,2914.7,3148.6
1658.6,1648.1,1628.4,1614.4,1644.3,1757.5,1910.4,2810.1
2082,2289.1,2338.3,2406.4,2570.1,2785.8,2964,3122.2
2183.9,2278.5,2440.7,2682.4,3027.2,3160,3179.4,3124.5
1764.6,2034.7,2042,2064.2,2138.8,2364.6,2530.4,2902.9
1108.5,1129.5,1515,2496.3,3125.5,3236.3,3364.2,3373.9
2449.8,2560.9,2613.8,2711.2,2596.1,2693.2,2852.4,2951.4
2426.7,2480.1,2574.5,2427,2423.8,3030.3,3061.6,3061
1560.9,1852.2,2484.8,2590.8,2525.9,2920.6,3325.8,3414.3
1847.5,1895.9,2331.6,2321.9,2418.5,2767.3,3077.2,3494.3
2275.2,2390.6,2732.3,2757.8,2823.9,2888.3,2916.6,2972.7
1867.5,2243.3,2773,2899.6,2939,2966.1,2871.6,2853.1
2069.5,2199.2,2595.4,2612.2,2776.8,2843,2841.3,2860.7
1787.2,2005.2,2134.9,2143.9,2143,2272.9,2547.8,2813.4
2211.4,2320.1,2443.4,2874.2,3408.8,3473.2,3529.4,3617
2076.9,2083.3,2160.7,2327.4,2463.3,2560.5,2776.9,2887.9
1676.9,1992.3,2515.2,2556.8,2650.6,2708.6,2671.6,2687.5
1347.1,2048.6,2580.4,2657.9,2941.4,3346.7,3395.1,3483
2073.9,2232.9,2035.8,2654.2,2840.7,2763.2,2901.4,3484.1
2175.2,2270.7,2492.9,2684.5,2942.8,3028.6,3293.1,3436.4
1789,1953.9,2177.1,2407.7,2453.7,2620.8,2592.3,2771.6
1826.9,1821.6,1803,1858.9,1870.3,1959.5,2222.2,2407
1530.6,1709.4,2347.9,2954.1,3197.1,3369.7,3500.6,2725.8
1821.3,1911.6,2278.3,2825.7,3730.3,3723.4,3768.3,3761.6
1987.2,2028.3,2006.7,1945.7,2223.6,2469.7,2789.2,3881.9
2532.2,2668,2726.4,2802.4,2746,2788.6,2840.2,2882.7
1720.7,1809.1,1806.4,1870.1,2922.9,3411.4,3554.5,3607.8
1927.5,1927.1,1948.6,1937.5,2121.8,2279.3,2127.5,2460.1
1594.5,1852.9,1909.2,1879,1872.8,1982.9,2341.5,2663.8
1704.3,1693.4,1945,3003.7,3483.1,3467.7,3480.1,3495.3
1252.7,1575.5,1763.9,2120.2,2177.2,2597.8,2890.6,3389.1
1890.6,2022.4,2170.6,2291.6,2472.9,2529.5,2607.1,2304.2
2193.7,2626.9,2689.8,2783.4,2823.1,2949.5,3054.8,3263.2
1580.8,1583.4,1566.5,1557.8,1559.5,1546.1,1491.1,1463.5
1749.5,1615.5,2073,2918.4,3128.1,3383.3,3380.2,3415.1
1184.8,1988.7,2358.5,3091.3,3157.1,3242.5,2958,3171.4
1938.9,2070,2118.9,2166.4,2225.3,2222,2385.1,2939.7
1586.5,1690.6,1761.4,2129.5,2353.8,2363.2,2627.2,3160.1
1609.4,1500,2514.9,2685.2,2853.6,2919.5,3052.3,2851.7
2217.3,2605.8,2658.6,2689.7,2713.1,2718,2638.4,2786.5
1983.7,2056.3,2671.8,2854.4,2997.5,3013.8,3274.5,3456.4
2498.8,2663.8,2684.3,2725,2735.5,2613.9,2768.9,3061.5
2486.2,2571.9,2658.3,2650.3,2857.5,2960.5,3049.7,3195.9
1635.9,1722.7,2131.5,2809.9,2955.9,2568.2,2929.5,3350.5
1721.1,1974.9,2039.3,2754.8,2810,2925.5,2991.2,2815.4
2174.3,2623.6,2652.9,2718.1,2792.1,2855.7,2898.4,3144.1
1719.8,1775,2243.3,2433.6,2615.7,2685.1,2921.6,3131.6
1345.7,1471.4,2204.3,3241.1,3342.9,3442,3417,3429
1686.2,1685.5,1688.1,2116.2,2716.2,3303.2,3509.1,3530.5
1473.5,1589.8,2164.4,2344.2,2450.9,2510.2,2360.5,2429.5
1817.4,1894.8,2547.8,2659.4,2712.6,2824.8,2956,2982.6
1561.6,1523.7,1604.4,1880,2085.6,2230.5,2714.2,2826.9
1526.4,1705,1741.4,1726.9,1687.4,2220.2,2462.6,3048.3
1722.9,1717,1713.1,1715.1,1716.7,1727.3,1877.1,2397.7
1738.5,1736.2,1731.8,1949,2048,1927.5,2338.7,3452
2021,2174.7,2307.1,2364.6,2290.1,2782.8,3039.2,3331.6
1743,1872.3,1950.3,2176.9,2172.2,2199.3,2760.7,3338.1
1461.3,1557.5,2391.5,2418,2248.5,2859.2,2999.5,2943.9
1401.6,1864.1,2032,2502.1,2964.8,3551,3648.3,3655.9
1565.4,1606.7,1794.9,2349.4,3090.5,3241.7,3368.7,3599.2
2359.7,2545.4,2783.7,2855.4,2984.9,2962.8,3127.2,3371.7
2128.4,2379.6,2473.6,3048,3093.4,3022.4,3122.8,3204.4
1888.9,1991.6,2020.5,3140.9,3215.6,3232.3,3295.8,3394.2
2080.3,2348.8,2545.4,2645.3,3342,3356.1,3395.8,3410.1
1523.9,1567.3,1619.5,1601.7,1590.9,1600.8,1602.8,2187.1
1218.5,1189,1500.9,2276.5,2769.6,2856.2,2888.9,3219.1
1757.1,1892.2,2029.1,2143.2,2475.4,3089.4,3159.1,3257.9
2280.7,3142.2,3412.5,3569.7,3608.3,3662.1,3731.4,3775.5
2247.3,2393.3,2311.5,2504,2650,2789,2946.4,3049.9
1879.9,1982.7,2838.4,3213.8,3265.9,3537.7,3618.2,3625.7
1989.8,2673.1,2905.1,2926.4,2773.4,3167.2,3292.3,3403.4
1599.9,2143.2,2327.3,2504.4,2836.9,2935.7,2968.1,2996.6
1597.5,2249.7,2258.9,2398.8,2722.9,2977,3113.6,3096.2
1662.4,1682,1666.6,1681.7,1712.8,1840.2,2041.4,2320.5
1650.2,1652.9,1777.4,1825.8,1771.9,2093.9,3023.4,3365.6
1703.4,1797,1672.3,1558.8,3138.5,3472.3,3493.7,3530.3
2346.7,2609.6,2556,2792.4,2864.6,2978.1,3145.9,3498.9
1628.9,2108.2,2376.9,2565.7,2720.5,3092.7,3267.5,3388.5
1975.7,1868.7,2991.1,3054.6,3058.2,3181.7,3272.8,3425.1
1990.3,2138.6,2112.1,2227.9,2425.6,2631.7,2298.9,2490.2
1733.6,1813.2,3008.9,3420.2,3489,3504.3,3677.1,3712.9
1684.8,2747.8,3570.5,3578.5,3611.8,3719.1,4508.3,4683.7
1500.5,1820.3,1940,2072.4,2132.5,2164.4,2184.8,2265.3
1519.2,1637.7,1785.6,1976.2,2311.6,2688.4,2730.5,3047.8
1659.9,1704,1825.5,2160.4,2448.5,2560,2840.2,2664.5
1543.8,1597.2,1636.2,1529.7,1524.7,1516.9,2718.1,3666.6
1411.5,2339.6,3021.8,3263.8,3238.5,3410.2,3492.1,3557.2
2508.5,2974.9,3138.7,3207.4,3260.6,3296,3350.5,3338.7
1595.5,1576.2,1742.6,2553.2,2806.5,2596.3,2734.1,3123.2
1435.6,1509.4,1683.1,1433.4,1725.2,1884.1,2202,2746.8
1557.2,1695.5,1692.4,1683.7,1689.9,1691.6,1687.9,1680.7
1579.3,1726.4,1729.5,1712.2,1757.7,2029.1,2063.4,2139.3
2177.3,2339.1,2387.1,2697.6,2809.2,2939.3,2922.4,3361.8
1847.9,2047.7,2699.4,2619.9,3018.6,3233.3,3269.5,3485.4
2805.6,3033.2,3028.5,3245.7,3409.8,3615.5,3848.7,3918.1
1621.2,1635.4,2001.7,2148,3148.7,3437.7,3445.1,3471.9
2280,2432.1,2770.8,2844.7,3110.6,3230.9,3309.8,3392.6
2115.4,2404.3,2457.8,2532.7,2660.4,2877.5,2995.9,3168.5
2313.7,2847.9,3384.1,3342,3497.6,3591.8,3616.5,3621.5
1735.1,1711.8,1675.8,1799.9,2001.1,2384,2427.5,2328.2
1195.5,1340.3,1597.2,1288.4,2232.3,2619.6,3460.1,3498.8
1598.1,1770.6,1716.3,2086.2,2800.6,3268.7,3432.7,3436.7
2043.7,2367.5,2510.2,2579.3,2719.3,2852.2,3035.7,3185.2
1933.2,1970.4,2353.1,2383.1,2407.7,2311.4,2265.7,2346.3
2246,2447.4,2341.6,2820.6,2879.1,2904.5,2976,2932.2
1767.7,2363.6,2433.1,2665.5,2665.5,2685,2708.3,2742.5
1445,1427,1843.6,2261.3,2558.7,2712.3,2800.5,2810.5
1921.5,2010.5,2011.4,2012.2,2028.7,2073.4,2192,2320.4
1984.2,1987.7,1928.2,1991,2218.8,2330.3,2396.5,2447.9
1770.7,1760,1748,1785.8,2233.2,2589.6,2660.8,2504.5
1732.3,2097.4,2580,2699.4,2710.1,2803.5,2864.2,2898.2
1718.2,1716.3,1712.9,1712.4,1710.3,1927,3299.5,3723.7
1675,1868.9,1854.1,1863.9,2016.2,2267.2,2019.3,2678.7
1484.6,1709.4,2016.5,3188,3329.9,3338.6,3372.5,3404.5
1587.7,1568.1,1790,2688.7,3398.9,3240.7,3379.7,2630.7
2673.9,3063.4,3229.8,3345.1,3436,3413.8,3455.1,3564.1
1442.5,2351.3,2943.3,3340.1,3371.3,3411.3,3454.5,3392.4
1473.6,2079.4,3210.9,3387,3428.4,3445.8,3455.3,3441.6
1445.5,1647.2,1722.3,1649.2,1850.9,2064.9,2351.1,3051.3
2186.2,2690.3,2776,2785.5,2810.5,2869.4,3027.6,3670.8
2043.3,2782.7,2801.3,2820.9,2904.5,3068.7,3285.9,3745
1857,1852.9,1889.7,3168.5,3193.6,3216,3213.6,3222.9
2071.3,2335.3,2371.7,2391.7,2413.5,2463.3,2516.5,2914.4
2440.9,2677.1,2721.2,2781.7,2938.6,3273.6,3747.8,3783.7
1943.2,1996.3,2764.1,2872.3,2862.9,2922.1,3059.9,3233.7
2031.5,2109.9,2639.4,2863.2,2881.6,2932.9,2998.6,3551.2
2489,2656.4,2964.2,3149,3162.5,3195,3301.7,3381.4
2501.7,2540.9,2961.2,2990.5,2972.9,2995,3107.4,3271.6
2437.9,2262.5,2825.3,2830.1,2810.3,2821.4,2812.4,3139.8
1675.4,2691.2,2765.9,2854.5,2889.7,2925.7,3105.2,3363
1998.9,2541.1,2773.8,2822.7,2845.9,2884.3,3001.9,3161.9
2430.3,2569.1,2564.4,2593.6,2683.6,2793.3,3140.8,3321.8
1985.9,2127.3,2668,2852.8,3165,3170,3242.4,3335.8
1896.2,2769.9,2823.7,2849.1,2850.5,2871.1,2912,2952.1
1869.3,2139.2,2430.2,2616.4,2763.8,2974.6,3371.6,3614.2
2152.1,2140.9,2215.3,2369.2,2503.9,2567.3,2658.9,2767.1
1816.9,1832,1906.1,2039.6,2094.4,2179.5,2516.5,3221.2
2242.9,2388.7,2419.6,2476.9,2523.1,2559.7,2614.8,2690.3
2067.5,2577.2,2950.4,2995.7,3020.9,3088.7,3146,3209.1
2089.5,2110.3,2079.6,2114.9,2320.7,2842.3,3380.3,3346.7
1912.7,2018.1,2430.5,2574.2,2630.7,2855.9,3522.7,3662.2
2246.7,2374.4,2789,2943.8,2979.5,2980.4,2998.6,3031.7
2257.6,2487.4,2495.6,2531.9,2739.2,2836.2,2833.7,2835.5
1590.5,1740.9,2490.6,2872.6,3118.9,3201.7,3241.8,3460.8
1950.8,2216.5,2571.2,2771.9,2794.3,2996.5,3216,3375.9
1805.6,2199.6,2275.7,2294.9,2299.8,2300.1,2322.9,2354.4
2102,2147.4,2171.6,2197,2369.3,2491.8,2981.9,3493.6
1986.4,2023.2,2044.2,2104.7,2141.9,2139.4,2153.2,2448.7
1821.8,1822.5,1831.3,1871,1960.8,2127.7,2737.3,2716.3
2431.1,2836.4,2974.9,3129.6,3133.7,3140.9,3159,3229.7
2090.9,2095.8,2144.3,2193.9,2291.1,2410.3,2946.6,3394.3
2259.9,2793.4,2987.4,3056.5,3281.1,3491.2,3712.8,3821.8
2396.1,2786.8,2935.5,2971.8,2986.9,2944.5,2962.1,3012.8
2352.8,2503.2,2553.9,2752.5,2879.8,2909.9,2950.2,2993.9
2037.3,2298.3,2408.9,2526.3,2628,2721.8,2850.2,3007.2
2708.4,2860,2915,2940.9,2757.3,2984.4,3019.3,3554.5
2503.1,2662.8,2770.8,2898,2901.3,2909.2,2941.7,3062.2
2222.6,2408.5,2491.1,2588.3,2608.3,2647.6,2778.1,2938.1
2454.9,2527.7,2850.1,3086.6,3333.4,3517.3,3677.4,3896.4
2157.6,2183.2,2378.7,2455,2561.6,2586.1,2708.1,2943.4
2480,2670.9,2711.2,2742.7,2788.8,2854.5,2966.7,3662.6
2382,2409.5,2381.2,2462,2575.5,2665.2,2854.3,2985.1
2251,2236.2,2529.3,2738,2769.2,2778.1,2784.5,2838.5
1864,1907.3,2241.1,2809.7,2833,2818.7,2888.7,3015.8
2510.8,2548.3,2571.2,2686.3,2743.5,2760.4,2776,2814.6
2435,2507.7,2585.2,2611,2632.6,2655.8,2812.1,2931.4
2600.5,2629.8,2633.7,2650.1,2676.7,2693.2,2912.7,3201.3
2190.7,2149.3,2445.3,2606.4,2625.8,2632.1,2680.2,2744.5
2275.7,2518.8,2574.1,2592.8,2652.8,2741.3,2884.6,2939.5
2468.9,2587.6,2610.8,2638,2644.5,2739.6,2787.7,2902.6
2534.7,2574.9,2660.5,2722,2683.2,2817.4,3021.6,3178.4
2270.1,2537.9,2685,2763.4,2934.3,3104.7,3887.1,3967.3
2153.9,2745.3,2731.9,2758.3,2812.3,2858.3,2887.4,2996.6
1761.3,2101.8,2453.9,2470,2466.8,2478.8,2526.1,2611.8
1906.3,2470.4,2504,2523.6,2649.4,3018.3,3231,3640.4
2212.8,2517.5,2492.8,2568.7,2619,2623.3,2650.4,2700.8
1768.6,1794.2,1820.2,1990.1,2315.8,2834,2882.9,2969.7
1896.3,2135.6,2361.5,2402.3,2435.3,2692.6,3046.1,3316.2
2078.5,2448.3,2513.7,2527.6,2549.9,2569.2,2627.4,2778.9
2057.9,2511.7,2551.3,2594.8,2604.6,2644.1,2715.4,2906.6
1936.6,2434.8,2667.4,2683.5,2709.6,2719,2691.1,2720.5
2509.7,2684.7,2834.8,3014.9,3035.9,3065.4,3229.1,3510.7
2204.1,2413.3,2355.6,2629.3,2881.8,3156.4,3161.4,3281.7
1878.9,1885.4,2008.5,2301,2748.1,2874.5,2903.8,2992.2
1902.5,2053,2147.9,2328.4,2625.7,2789.5,3018.1,3045.1
2523.2,2701.5,2749.6,2804.2,3061.6,3331.5,3436.8,3632.4
2606.1,2640,2646.4,2665.6,2755.8,2907.7,3078.3,3263.2
2500.6,2658.4,2668.8,2694.3,2723.9,3093.3,3492.4,4117.1
2581,2820.9,2856.7,2952.4,2986.4,2980.3,2994.1,3093.3
2324,2779.3,2805,2847.5,3003,3098.4,3255,3379.8
2358.7,2377.1,2622.2,2747.2,2719.8,2739.3,2958.3,3340
1993.3,2124.7,2245.3,2605.3,2718.4,2961.5,3170.2,3244.8
2375.2,2009.3,2848,2880,2887.6,2900.8,2964.5,3069.6
2481.4,2538.4,2549.8,2587.4,2637.5,2938.8,2940.6,3140
2000.9,2588.8,2624.9,2658,2680.7,2715.6,2750.2,2823
1911.6,1966.1,1987.6,2016.8,2049.4,2103.8,2193,2348.2
1821.1,2100.4,2380.4,2410.8,2432.5,2434,2460.5,2509.7
2126.1,2329.7,2339.4,2378.8,2441.4,2498,2815,3212.9
2144.3,2554.8,2563.2,2581.2,2615.6,2922.7,3008.8,3172
2399.4,2615.1,2712.6,2733.6,2812.6,2989.9,3015.8,3094.8
2426,2589.7,2620.2,2687.7,2897.3,2894.5,2904.1,3057.4
2367.7,2462.7,2485.3,2518.6,2589.5,2636.8,2823.8,3382.7
2199.7,2411.9,2420.5,2435.8,2480.3,2542.6,2722.8,2893
2518.1,2752,2823.6,2900.8,3029.3,3101.1,3116.4,3262.1
1692.5,1862.2,2227.5,2622.4,3415.7,3469.2,3476.8,3452
2087.4,2125.4,2344.6,2799.9,2913.1,2913.1,2972.9,3045.3
2178.8,2426.2,2579.3,2875,2922,2950.3,2984,3017.4
1905.9,1891.2,1930.9,2033.1,2195.2,2358.7,2504.7,2789.4
2423.7,2504.3,2666.8,2754.2,2940.1,3116,3228,3337.8
2075.3,2305.2,2450.4,2719.2,2890.8,2897.8,2917.9,2947.6
2030.5,2223.1,2489.7,2589.7,2664.4,2724.9,2747,2773.8
2575.4,2621,2438.3,2703.5,2721.1,2714.7,2728.9,2805.2
2414.1,2504.3,2523.5,2539.4,2573.4,2608.9,2658.8,2706.5
2649.6,2891.2,2976.1,3016.2,3020.3,3051.2,3083.9,3115.1
2318.9,2466.4,2685.8,2823.1,2839.3,2864.6,2944,3023.3
2331.7,2404.3,2426,2462.7,2498,2549,2586.3,2684.7
2173,2216.3,2246.5,2327.2,2399.8,2734.2,2996.2,3081.6
2373.2,2529.7,2544.7,2551.1,2656.9,2784.8,3208,3446.2
2321.2,2647.8,2903.9,2967.3,3070.1,3139.2,3481.2,3796.7
2531.9,2562.7,2593.4,3037,3135.6,3152.1,3186.9,3271.5
2494,2558.2,2640,2630,2767.1,2922.2,3007.2,3042.4
2685.7,2643.8,2689.7,2714.7,2770.1,2845,3044.8,3167.3
2261.1,2619.2,2519.5,2557.5,3067,3140.5,3140.8,3137.2
2259.5,2487.1,2575.9,2638.1,2678.3,2730,2848.3,3019.3
2170.5,2191.3,2474.2,2757.6,2811.7,2853.7,2928.3,3165.3
2485.2,2653.9,2807.7,2827.7,2841.6,2862.4,2875.5,2946
1782.3,2311.2,2510.9,2554.1,2638.4,2853,3082.6,3171.1
1819.7,2458.8,2711.9,2809.3,2940,3121.7,3256.1,3315.6
2079.5,2591.5,2624.6,2642.9,2664.6,2786.6,3225.6,3710.4
1512.7,1509.1,1549.2,1613.3,1734.5,2126.4,2942.7,3151.4
1538.5,1567.9,1636.3,1733.1,2042.9,2143.2,2426.1,3202.4
2129.7,2349.6,2523.5,2706.9,2946.6,3216.8,3683.3,3888.4
2279.4,2360.2,2760.2,2959.6,2962.3,2954.9,2956.7,3050.4
1756.6,1881.8,2157.9,2823.1,2953.5,3130.7,3599.4,3918.3
2357.2,2322.6,2542.8,2610.4,2667.9,2724.5,2694.4,2946.6
2570.3,2701.1,2790.5,2847.3,2870.1,2865,3033.8,3221.1
2073.9,2639.3,2717.9,2734.3,2770,2835.7,3020.4,3430.9
1727.8,2771,2806.9,2816.7,2817.1,2839.7,2889.6,2938.7
2151.1,2556.7,2589.9,2606.8,2670.3,2787.5,3144.8,3602.2
2461.6,2601.5,2615.8,2641.4,2776.1,2916.2,2996.4,3150.4
1924.9,2507.7,2798.9,2810.5,2817.3,2807.3,2842.4,2899.1
2234.3,2862.2,2917.1,2981,3178,3408.7,3539.6,3799.8
2268.3,2648.5,2755.3,2870.3,3018.8,3114.7,3235.6,3425
1994.5,2451,2652.4,2790.9,2813.3,2831.5,2859.7,2900.6
1713.6,2707.4,2819,2843,2913,2996,3043.4,3220.7
1972.9,2220.9,2715.8,2837.6,2917.4,3103.5,3429.8,3549
2288.1,2342.5,2414.3,2595.8,2641.4,2603.3,2684.8,2984.6
2031.7,2122.5,2373.1,2489,2576.9,2938.9,3200.8,3347.8
2279.8,2640.6,2660.7,2687.7,2692.7,2691.2,2724.5,2848.1
2209.3,2353.9,2432.5,2621.6,2902.9,3083.5,3680.5,3813.6
2508.7,2777.9,2794,2801.3,2792.7,2808.9,2823.4,3301.7
2380.5,2379.4,3049.9,3106.4,3124.2,3133.9,3142.9,3192.6
2352.5,2393.5,2724.3,2845.3,2889.3,2889.3,2939.1,3010.9
2125.4,2114.4,2563.5,2913.5,2944,2949.6,2934.6,2994.1
2310.4,2521.7,2625.6,2659,2843.9,2916.9,3005.5,3097.8
2494.9,2654.4,2740.9,2778.1,2811.7,2865.8,2858,2970.9
2146.9,2337,2533.1,2636.5,2721.9,3058.3,3427,3569.2
2072.1,1837.7,2519,2662.7,2665.9,2735.9,2841.1,3012.5
2421.1,2710.3,2816.1,2839,2850.5,3079.6,3388.2,3617.4
1969.7,2544.6,2706.3,3000.5,3098.2,3222.2,3320.6,3379.5
2412.7,2575.3,2632.6,2736.5,2649.3,3090.9,3471.6,3733.6
2395.8,2190.5,2779.1,2786.6,2802.7,2798.2,2805.5,2866
2164,2443.7,2544.2,2560.5,2548.9,2552.8,2600.7,2674.6
1902.8,2058,2343.2,2542,2554.8,2697.1,3014.8,3347.9
2607.5,2682.5,2733.8,2737.8,2743.8,2839.7,3073.1,3513.2
2483.7,2546.8,2571.4,2658.2,2694.3,2727.4,3020.5,3660.9
1857,1936.4,2099.2,2279.2,2475.6,2644.7,2743.3,2959
2515.9,2585.9,2614.1,2711.5,2792.6,2909.7,3113.8,3387.9
2544.8,2633.2,2652.3,2691.6,2762.9,2873.8,2969.3,3023.7
2193.2,2209.2,2531.4,2809.6,2820,2822.4,2829.7,2862.7
2533.7,2821.8,2829.1,2832.5,2851.2,2884.7,2910,3231.7
1796,1960,2364.7,2550.1,2792.4,3290.6,3568.4,3755.5
1841.6,2034,2286.4,2349.5,3024.7,3061.8,3391.9,3359.2
2430.8,2444.8,2478,2659,2679.3,2657.5,2662.9,2711.4
1481.5,1547.7,2794.6,2820.8,2831,2814.9,2857.8,2956.6
1966.8,2366.5,2770.1,2837.4,2847.4,2859.2,2873.5,2942.2
2339.3,2560.3,2856.1,2862,2879,2915.2,2990.2,3094.1
2041.3,2169.3,2730,2793.8,2835.7,2883.1,2953.3,2992.1
2259.9,2484,3075.8,3179.3,3325.1,3402.7,3494.8,3681.5
2439.4,2491.3,2662.9,2770.1,2930.8,3145.4,3330.2,3539.1
2053,2545.8,2532.2,2694.4,2844.6,2746.7,2937.8,3136.9
1852.8,2035.8,2358.9,2680.6,2712.9,2687,2720.7,2847.2
1850.8,1950.2,2508,2645.7,2668.4,2710.7,2977.8,3616.8
1716.2,1729.2,1777,1915.8,2070.3,2311.6,2559.1,2688.7
1808.5,1855.8,1952.2,2047.9,2135.9,2278.3,2564.2,3019.1
2466,2500.5,2504.8,2579.8,2725,2879.2,3037.7,3349.7
1908.4,1813.7,2802.7,3010.5,2959.4,3052.6,3055.3,3265.6
2079.1,2187.5,2538.7,2858,2872.4,3147,3414.9,3420.4
2271,2633.7,2752.4,2942.6,3250.4,3628,3791.9,3969.1
1873.3,2034.4,2659.3,2682.8,2706.2,2960.1,3097.4,3297.4
2271.3,2407.2,2505.8,2614,2698.4,2784.9,2871.3,2995.5
2219.3,2450.5,2473.5,2635.4,2683.7,2770.4,2910.3,3090.9
2034.3,2742.4,2758.9,2791.4,2816.1,2886.2,3017,3113.2
1811,1867.8,2917.1,2931,2952,2926.9,2935.3,3008.6
2696,2782.4,2809.3,2849,2894,2961.2,3158.7,3815.9
2456,2562.2,2599,2723.6,2771.6,2816.4,2925.2,3055.4
2268.7,2699.5,2731.4,2791,2843.4,2965.6,4033.3,3984.5
1898.3,2360.2,2916.8,2925.7,2918.2,2943.1,3042.4,3192.9
1798.5,1891.4,2704.6,2739.6,2857.4,2904.5,3053.6,3306.7
1976.6,2357.6,2378.4,2387.8,2376.4,2468.7,2765.7,3704.2
2021.9,2152.9,2297.2,2407.6,2837.8,2982.6,3110,3471.7
1728.1,2025.5,2677.2,2768.6,2957.8,3066.7,3374.6,3660.9
2071.2,2107.9,2405.8,2811.3,2989.3,3066.4,3169.8,3264
2353.3,2392,2471.3,2515.9,2537.7,2564.9,2737.3,3545.7
1887,1876.9,1932.7,2548,2707.1,2692.3,2666,2823.5
2378.4,2448.1,2781.3,2881.2,2911,2960.2,3008.6,3162.6
2267.4,2149.9,2787.7,2894.9,2930.3,2990.7,3327,3679
2245.7,2685.9,2728.2,2755.6,2821,2933.2,3227.7,3677.5
1707.4,1819.1,1982.6,2650.9,2934.5,3212.8,3400.6,3782
2392.7,2125.8,2763.3,2899,2908.3,2902.6,2914.6,2964.8
2691.4,2523.5,2938.6,2946.7,2957.8,2960.6,2948.7,3004.2
2281.1,2383.3,2417,2419.3,2421.9,2591.7,2985.3,3081
2440.9,2668.9,2635.1,2750.7,2711.9,2712.7,2808.6,2810.7
1738.6,2524.6,2576.9,2592.1,2554.6,2614.3,2729.6,3014.3
1465,2329.7,2476.2,2483.3,2488,2507.9,2523.3,2470
2557.8,2669.9,2686.3,2761.1,2764.3,2813.1,2780.1,2895.9
2831.6,2843.3,2854,2864.9,2878.6,2881.1,2893.8,2926.3
2407.5,2590.5,2832.7,3040,3043.9,3087.6,3183.1,2967.1
2705.9,2970.8,3022.5,3117.7,3165.1,3194.9,3259.1,3310.2
2505.3,2757.2,2703.8,2850.8,2885.2,2839,2784.5,2868.9
2713.4,2746.7,2820.3,2878.8,2905.3,2912.9,2951.2,3003.6
2493.1,2810.4,2823.1,2817,2845.2,2865.1,2872.2,2827.8
2227.5,2423.8,2557.4,2565,2573.5,2572.3,2601.2,2669.1
2359.3,2461,2501.7,2544.1,2557.6,2522.3,2564.7,2710.5
2461,2863,2858.5,2873.6,2891.9,2902.2,2905.9,2871.1
2023.3,2225.9,2579.3,2602.3,2609.4,2611.1,2619.9,2648.7
2090.5,2151.9,2111.1,2220.7,2462.5,2677.5,2954.9,3195.2
2333.1,2382.2,2385.1,2412.8,2464.1,2519,2554.5,2571.5
2012.6,2014.3,2162.8,2229.2,2298.4,2389.2,2449.6,2499.8
2322,2263.5,2397,2423.1,2446.2,2451.8,2440.3,2409.9
2365.4,2301.3,2467.6,2502.1,2517.9,2577.9,2706.2,2962.4
1768,2180.7,2292.4,2295.4,2290.8,2294.6,2298.8,2309.2
2191.6,2100.6,2190.1,3243.8,3330,3295.8,3587.6,3581.3
2370.7,2421.8,2631.3,2878.9,2894.3,2907.1,2902,2884
2129.4,2206.2,2026,2405.7,2703.3,2690.5,2686.6,2703.3
2274.2,2397.2,2463.7,2512.7,2498.7,2640.2,2703.8,2756.1
2309.4,2831.2,2802.8,2851.5,2902,2926,2983.7,3040.3
2140.2,2145.8,2143.6,2155.6,2178.4,2189.7,2206.9,2218.2
2496.6,2609.7,2616.8,2634.5,2641,2643.1,2625.5,2672.2
2502.8,2483.1,2489.1,2514.9,2524.4,2531.1,2479.9,2483.8
1783.1,1899.1,1922.7,1945.4,1903.2,1916.9,1989.4,2134.7
1839.5,1831.1,1873.4,1902.2,1914.1,1948.9,1996.6,2065.5
1793.4,2667.9,2685,2716.8,2707.8,2648.6,2713.9,2770.4
2864.5,2862.2,2877,2896.2,2902,2899.7,2942.4,3034.6
2748.2,2858,2830.7,2838.6,2870.7,2870.4,2868.9,2893
2227.7,2254.3,2644.9,2659,2650,2645.3,2690,2778
2372,2649.4,2726.6,2922.2,3009.9,3088.6,3061,3959.3
2171.4,2289.7,2303,2341.2,2372.3,2389.1,2391.6,2462.2
1919.9,2034.1,2529,2697.2,2711,2678.2,2659.1,2787.4
2188.5,2213,2218.7,2228.4,2226.9,2212.7,2206.2,2228
2350.1,2629.5,2632.7,2645.7,2650.7,2641.6,2663,2720.1
2459.8,2577.6,2641.4,2831,2839.5,2842.6,2829.4,2841.8
2727.3,2730.8,2736.2,2753,2733.7,2755.3,2827.9,2914
2643.3,2634.5,2678.4,2725.5,2662,2751.2,2869.5,2979
2385.4,2397.4,2403.9,2398.2,2416.3,2556,2859.1,3074.8
2073.6,2366.2,2304.2,2474.8,2472.9,2479,2489.5,2528.8
2730.1,2616.8,2728.5,2743.3,2752,2747,2737.4,2764.2
2402.1,2436.4,2441.4,2445.1,2478.7,2537.4,2577.6,2670
2108.3,2321.8,2684.8,2841.6,3307.5,3436.9,3507.5,3622.4
2475.7,2470.7,2527.7,2531.9,2477.5,2543.4,2636.7,2827.7
2720.3,2713.7,2733.5,2765.8,2750.6,2766.3,2841.7,3003.6
1946.8,2454.1,2584,2607.5,2623.7,2645.5,2652,2710
2060.1,2149.8,2181,2374,2393.5,2444,2462.5,2972.4
2107.2,2269,2297.7,2305.7,2273.2,2269.4,2307,2377.8
2180.3,2192.7,2197.1,2138.6,2162,2224.4,2296.5,2449.3
2516.1,2458,2632.1,2670.2,2588.8,2617.8,2777.5,3142.7
2417.2,2591,2606.4,2612.4,2626.1,2655.5,2693.7,2735.2
2091.4,1999.9,2312.7,2722.2,2734.4,2735.4,2758.1,2781.7
2412.8,2716.9,2776.7,2743.6,2780.5,2782.7,2786.6,2791.1
2156.9,1866.7,2150.7,2497.6,2563.3,2552.5,2562.6,2571.4
1996.8,1985.8,1999.6,1997,1970.5,1967.5,2032.8,2351.2
2203,2207.2,2207.9,2206,2222,2251.2,2349,3027.1
2427,2497.1,2524,2527.1,2533.1,2540.4,2561.1,2664.7
2378.1,2409.3,2433.5,2455,2473.1,2491.6,2510.4,2522.7
2318.4,2439.7,2674.9,2687.5,2682.2,2678.1,2703.7,2758.6
1970.4,2666.2,2682.9,2708.4,2677.9,2652.2,2697.7,2839.2
2578.3,2644.1,2687.7,2709.6,2707.3,2681.5,2706.1,2793.6
1980.4,2521.1,2527.5,2534.3,2517.2,2566.6,2645.3,2778.7
2644.9,2723.4,2743.8,2777.4,2768.5,2802.3,2861,2908.9
2229.3,2397.7,2415.4,2470.9,2531.8,2934.7,3454.4,3483.1
2411.5,2426.2,2424,2420.8,2445.8,2525.4,2786,3023.4
2560.5,2263.2,2688.7,2728.7,2736.6,2740.5,2737.9,2741.7
2516.1,2444.6,2542.8,2559.3,2572.3,2565.7,2577.2,2606.9
2015.6,1980.2,2026.2,2021.2,2017.4,2023.1,2032.9,2039.5
2161.6,2240.5,2385.7,2395.3,2403.2,2410.9,2428.7,2452.8
2369.5,2482.8,2525.9,2538.3,2518.7,2524.8,2582.7,2706.7
2761.5,2784.9,2816,2843.2,2855.6,2830.6,2851.1,2907
2026.3,2127.9,1941.9,2546.4,2556.4,2552.5,2561.5,2589.4
2316,2434.8,2494.5,2439.2,2614.8,2924.7,3158.9,3198.5
2310.6,2313.9,2320.7,2318.1,2330.1,2368.2,2417.1,2469.1
2628.7,2766.1,2781,2823.9,2878.7,2790,2910.8,3000.2
2075.2,1947.2,2795.4,3010.2,3056,3084.8,3091.2,3111.3
2684.8,2823.5,2822.2,2823.7,2835.6,2849,2858.1,2823.9
2596.5,2711.8,2740.9,2745,2764.4,2784.7,2791.4,2734
2297,2297.5,2321.1,2258.2,2236,2284,2468.6,2594.6
2670.7,2771.5,2789.9,2826.5,2824.5,2861.4,2981.3,3113.2
1616.7,1668.6,1702.8,2039.5,2476.5,2681.1,2726.8,2723.5
2150,2671.2,2473.7,2759.2,2767.3,2767.6,2776.8,2791.3
2440.3,2488.4,2614.6,2663.6,2518.4,2539.9,2961,3003.3
2577.8,2619.5,2647.7,2659,2655.5,2648,2681.6,2778.8
2587.8,2543.9,2700.3,2725.3,2733.9,2728.5,2763.3,2838.7
1881.8,2208.7,2212.4,2199.8,2200.9,2236.9,2342.9,2562.5
2612.7,2781.7,2596.4,3077.1,3096.7,3103.6,3102.6,3107.8
2599.7,2640.8,2643.1,2750.4,2841.3,2771,2707.7,2844.9
2488.6,2489.9,2671.5,2683.6,2679.5,2700.7,2767.2,2873.5
2572.7,2790.5,2951.7,2814.4,2983,3032.1,3034.2,3044.9
2665.9,2736.9,2727.8,2765.7,2828.1,2783.5,2704.7,2848.6
2365.1,2397.4,2445.1,2426.2,2374.3,2421.6,2754.9,3209.5
2492.3,2481.9,2503.2,2529.4,2518.5,2445.6,2514.3,2714.6
2471.2,2547.8,2558.2,2569,2539.4,2540.2,2579.5,2806
2579.9,2588.7,2591.3,2598.6,2612.2,2638.5,2680.2,3251.3
1771.6,2356.9,2356.5,2354.9,2345.4,2344.3,2353.7,2342.7
2331.5,2465,2525.1,2547,2531.2,2513.7,2549.4,2615.3
2595.3,2579.5,2612.5,2677.9,2628.5,2606.3,2745.8,2903
1937.3,1941.3,2330.3,2437.3,2414.9,2457.7,2530.9,2561.5
1814.2,1813.7,1808.5,1766.3,1768.2,1766.4,1748.6,1958.3
1857.6,1861.8,1871.8,1787.8,1777.8,1774.3,1810.9,2131
2663.2,2695.7,2760.5,2788.6,2813.6,2780.9,2830.6,2901.2
2795.7,2787.3,2817.3,2856.1,2877,2866.4,2869.5,2886.1
2067.3,2077.5,2068.9,2054.6,2018.3,2047.9,2413.6,2621
2316.1,2335.9,2478,2493,2499.9,2499.5,2505.6,2519.9
2399.3,2440.6,2595.4,2610.6,2623,2618.6,2613.3,2607.3
2685.9,2739.3,2744.5,2764.1,2773.3,2757.4,2785,2839.4
2635.1,2458.1,2748.9,2750.2,2761.1,2762.3,2755.3,2757.6
2205.6,2378,2401.5,2383.9,2376.6,2431.1,2543.3,2815.7
2638.7,2894.9,2751.2,2928.9,2939.9,2940.3,2939,2955.3
2552.2,2549.2,2571.8,2581,2549.2,2542,2553.3,2734.5
2490.9,2503.1,2602.8,2640.5,2317.6,2517.2,2822.2,3254
1391.1,2031.1,2662.5,2674.3,2681.9,2692.9,2701.1,2718.4
1955.7,2368.7,2647.7,2928,2940.2,2973,2996.2,2994.6
2444.8,2667.4,2931.5,2870.6,2905.9,3018.2,3103.8,3137.7
2112.8,2174.5,2521.6,2503.5,2427.5,2483.3,2882.1,3352.5
2280.9,2161.7,2318.7,2557.2,2572.2,2581.4,2601.2,2612
1952.6,2431.4,2294.9,2553.3,2791.7,3345.4,3392.3,3432.4
2225.7,2279.5,2321.7,2493.5,2721.9,2821.2,2992.9,3105.2
2653.8,2726.6,2732.8,2762.5,2762.1,2774.7,2824.2,2861.3
2182.8,2453.8,2470.3,2572.9,2846.5,3097.1,3163.5,3291.2
2183.2,2239.4,2260,2288.5,2107.8,2168.9,2675.3,2815.9
2257.7,2380.7,2465.9,2481.6,2497.4,2500,2493.3,2491.9
2123.1,2424,2871.6,2879.7,2890.9,3069,4272.4,4586.8
2548.3,2868.4,2217.3,3010.3,3015.8,3017.3,3027.4,3064.6
2622.5,2756.5,2719.8,2763.3,2858.5,2825.7,2805.2,2846
2552.2,2721.2,2666,2784.8,2791.3,2840,2824.8,2809.9
2635.9,2633.7,2665.6,2678.4,2693.8,2710.8,2720.7,2735.8
2587.9,2614.3,2640.5,2648.6,2663.6,2682,2700.6,2719.6
2506.9,2530.5,2536.5,2546.3,2540.8,2595,2651.3,2698
2313.2,2529.2,2597.8,2625.3,2653.1,2670.5,2780.7,2861.4
2240.3,2735.1,2692.1,2857.4,2766.4,3071.9,3468.1,3616.8
1895.5,2000.1,2009.7,2016.2,2012.5,2015.6,2026.1,2019.4
2619.1,2691.8,2713.4,2753.6,2679.6,2787.7,2859.9,2895.5
2552.9,2564.3,2740.4,2750.7,2772.2,2778.1,2780.9,2809.6
2516.4,2525.4,2567.6,2578.2,2513.9,2522,2689.3,2979
2398.2,2000.9,2611.6,2631.3,2647.5,2653,2638.6,2642.6
2367.8,2585.1,2742.7,2788.5,2882.2,2714.1,2865,3001
2446.4,2499.8,2514.4,2526.9,2546.6,2561.3,2584.4,2627.6
1895.1,1966.8,1971.8,1942.1,1932,1933.2,2084.4,2270.8
2073.2,2382.3,2640,2671,2615.2,2673.1,2816.5,2917.5
2337.6,2464.7,2615.5,2714.4,2709.8,2650.6,2752.2,2859.3
2462.6,2468.4,2493.7,2505.1,2465.9,2497.6,2622.5,2865.1
2531.4,2555,2579.6,2560.8,2544.4,2589.1,2681.9,2865.9
2620.4,2665.7,2711.2,2755.9,2807.7,2852,2853.4,2675.2
2626.6,2630,2711,2746.3,2748.2,2736.2,2814.6,2999.1
2662.3,2611.1,2842.1,2853,2846.3,2864.2,2915.8,3012.3
2231.7,2325.4,2524.3,2620.3,2734,2783.7,2842,2875
2541.4,2502,2546.8,2549,2554.1,2552.1,2560.7,2577.3
2485.6,2366.7,2195.1,2771.1,2784.8,2805.4,2937.1,3028.5
2531.3,2549.5,2559.4,2569,2581.3,2611,2649.2,2675.6
2482.7,2516.1,2502.6,2526,2545.5,2575,2598,2615.9
1674.1,2457.6,2804.8,2752.3,2787.9,2856.4,2869.3,2881.4
2323.7,2464.4,2499.1,2960.2,2974.1,2967.3,3002,3047.2
1887.1,1929.2,1933.1,1915.3,1893.1,1888.3,1895.6,1898.4
2520.1,2588.6,2640.7,2665.5,2750.4,2705.2,2781.3,2918.2
2596.6,2554.8,2927.6,2958.1,2987,3013,3041.3,3075.8
2366.5,2427.4,2727.4,2977.6,3335.9,3729.4,3850.4,4356
2546.8,2636.6,2664.9,2683,2689.4,2684.1,2702.1,2780.7
2295.6,2440.6,2453,2432.4,2413.2,2336.5,2575.6,3067.3
2171.8,2249.1,2253.6,2456.8,2612.5,2658.1,2851.8,3040.5
1945.3,2348.9,2738.8,2772.1,2792,2743.8,2792,2882.7
2836.8,2909.1,2918.7,2929.7,2929.5,2937.9,2965.2,3054.1
1930.7,2759.1,2709.9,2772.6,2801.3,2909,2958.1,2958.2
1661.5,2329.6,2504.5,2595.8,2710,2919.6,3177.7,3345.6
2678.1,2651,2709.5,2734.6,2726.3,2716.2,2729.5,2862.7
2646.6,2632.3,2724.9,2759.7,2760.1,2743,2762.3,2823.9
2570.1,2577.9,2602.7,2572.5,2571.5,2660.3,2819.9,3162.6
2905.5,2950.8,2942.4,2955.8,2976.9,2965,2977.6,2989.9
2628.9,2689.7,2689.2,2751.7,2811.9,2732.5,2761.3,2814.5
1863.2,2159.5,2178.7,2177.1,2178.1,2200,2248.4,2349.4
2204.5,2943.3,3035.4,3072,3093.9,3100.6,3178.8,3238.7
1950.1,1960.3,1909.1,1892.2,1901.4,2013.7,1904.8,1949.1
2310.3,2319.1,2316.6,2328.4,2355.8,2911.9,3024.4,3242.6
1952.6,2794.6,2981,2988,3009.4,2986.7,3025.6,3087
2213.3,2226.7,2580.9,2906.6,2907.4,2949.6,2997.6,3030.3
2147.6,2195.3,2352.7,2328.6,2513.7,2766.5,2813.4,2867.1
2363.5,2568.9,2631.2,2770.3,3007.4,3045.1,3095.8,3209.2
2306.6,2510.4,2853.3,2859.4,2889.3,2915.1,2906,2911.7
2314.1,2388.5,2429,2439.7,2460,2510.7,2632.2,2849.6
1610,1946,1937.9,1912.2,1928.9,1987.6,2152.5,2399.1
2552.5,2575.2,2738.6,2806.3,2839.1,3057.4,3233.6,3341.4
2452.7,2525.5,2159.5,2381.7,2599.8,2797.1,2896.2,2983.6
2415.4,2589.1,2751.6,2798.4,2914,3152.7,3172,3148.9
2074.6,2171.1,2314.4,2003.9,2254.7,2975.4,3023,3054.1
2195.9,2263.1,2330.5,2294.4,2219.6,2367.6,2576,2956.9
2474.2,2595.5,2714.9,2546.4,2532.5,3167.1,3166.5,3170.7
2288.5,2373,2438.3,2328.4,2671.5,2913.8,2999.2,3036
2469.7,2556.9,2629.6,2657.1,2638.2,2840.3,3085.8,3219.6
1922.1,1990.8,2144.6,2356.4,2385.3,2973.7,2943.3,2993.9
1840.2,2208.1,2378.9,2665.4,2509.6,2823,2846.8,2835.8
2113.9,2469.4,2560.3,2171.3,2428.6,2864,2901.4,2902.4
2934.5,2974.7,2998.6,2863,3021.8,3031.6,3039.3,3043.9
2193.7,2346.3,2049.8,2746.5,2773.5,2765,2775.5,2873.9
2242.6,2301.4,2137.1,2559,2576.9,2562.5,2636.8,2751
2201.3,2356.3,2470.7,2686.1,2874.8,3078.5,3239.9,3359.2
1841.5,2433.1,2578.1,2681.4,2735.5,2943.4,3154.1,3181.9
1683.8,2001.4,2298.2,2293.6,2280,2430.2,2711,2861.8
2254.8,2260.7,2368.9,2451.3,2564,3043.3,3341,3340.9
2725.2,2772.9,2830.8,2894.9,2785.5,2870.8,3073.9,3093.9
1698.9,2178.3,2496.4,2178,2176,2460.7,2956.3,3122.8
1748.3,1771.7,2090.1,2264.9,2586.8,3052.1,3118,3249.9
2518.4,2630.5,2706.2,2795.6,2551,2856.5,3056.5,3086
2237.3,2257.7,2251.8,2430.6,2774.1,2984.1,3020.2,3028
2357.8,2712.9,2759.4,2802.1,2800.5,2812.6,2856.7,2997.7
2269.4,2396.5,2578.9,2676.4,2565.4,2613.2,2927.4,3207.5
2112.1,2215.5,2302,2415.2,2238.5,2383.6,2806.4,2983.3
2162.9,2399.8,2372.2,2844,2860,2854.2,2976,3223.9
2300,2331.4,2288.3,2607.6,2642.5,2725.2,2815.9,2981.9
2361.2,2393.6,2375.5,2539.5,2736.8,2830.1,2936.9,3009.7
2014.1,2096,2049,1916.1,2181,2581.9,2661,2703.3
1329.2,1529.8,2450.6,2748.7,2682.7,2360.7,2927.4,3284.5
2502.1,2699.9,2766.5,2631.6,2820.8,3084.2,3164.6,3160.2
1972.2,2011.3,2050.6,2055.3,2066.6,2180.5,2375.1,2680.6
2026.2,2053.8,2026.9,2146.6,2322.5,2311.4,2340.6,2477.1
1941.2,2063.5,1865.3,2122.7,2667.7,2652.7,2614.8,2737.1
1727.5,1748.6,1730.9,1755.2,1854.3,2015.2,2057.8,2257.9
1727.4,1704.8,1705.9,1775.1,1913.7,2124.7,2339.7,2547.9
2014.5,2271.1,2392.9,2333.9,2549.7,2804.8,2870.8,3304.3
2203.1,2584.9,2619.2,2633.3,2563.6,2625.2,2763.2,2788.1
2468.7,2481.7,2519.4,2563.9,2452.4,2548.5,2703.6,3013.2
1789.2,1786.1,1861.4,1947.3,2190.4,2569.2,3111.4,3119.4
1831.2,2670,2586.6,2759.2,2818.3,2848.9,2871.8,2899.5
2068,2103.3,2172.3,2001.9,2312.9,2846.5,3056.7,3066.7
2424.8,2564.4,2677.9,2790.7,2689.5,3142.9,3176.4,3204.4
2372.3,2675.3,2699.6,2778.2,2796.2,2853.3,2879.8,2914.1
2002.6,2298,2585.7,2683.4,2762.3,2846.3,2912.2,2961.2
1957.9,2403.1,2455.5,2457.3,2473.6,2538,2630.2,2711.8
2270.4,2288.5,2226.6,2359.7,2511.3,2506.3,2549.8,2599
2461.7,2556.9,2680.4,2690.1,2679.2,2880.1,2910.4,2919.9
2617.1,2652.5,2679.1,2787.3,2617.3,2814.7,3054.6,3080.5
2257.2,2482.1,2470.5,2485.7,2593.8,2863.1,3540.7,3568.6
2001.4,2087.4,2165.6,2014.6,2031.6,2490.7,2609.9,2883
2355.7,2661.4,2726.2,2732.7,2885.2,2947,2967.8,2989.4
2234.9,2340.2,2506.5,1888.2,1977.6,2739.8,3089.1,3101.4
2210.2,2661.1,2702.2,2723.3,2783,2889.7,3010.5,3104.4
2563.1,2689.2,2816.9,2767.7,2965.7,3048.5,3203.7,3391.1
1680.9,2243.3,2459.7,2420.7,2721.9,2906.7,3003.8,3038.8
1860.5,1837.3,1889.4,2239,2763.5,2867.3,2973,3161.9
2478.3,2458.9,2508.8,2550.6,2405.8,2564.1,2734.7,2851.9
1870.9,1917.9,1931.3,1953.4,2594,2816.8,2838,2904.1
2253.9,2602.3,2123.2,2499,2755.5,2956,2960.5,3031.4
1601.4,2221.3,2595.8,2373.1,2586.8,2727.1,2861,3177.6
2160,2313.7,2523.6,2858.8,2889.8,2879.7,2964,3070.8
2410.9,2455.5,2445.2,2463.9,2498.9,2664.4,2759.1,2809.5
2454.8,2458.7,2494,2460.7,2468.5,2601.4,2698.2,2771.1
2380.2,2696.4,2771.7,2510.5,3003.5,3021.8,3060.1,3189.8
1988.1,1937.5,1891.9,1985,2095.5,2399.3,2833.6,2856.8
2043,2032.6,2047.1,2068,2835.2,3227.8,3235.2,3285.4
2252.3,2249.2,2204.4,2388,2779.6,3006.7,3098,3197.3
2049.8,2072.8,2083.2,2091.9,2123.4,2385.1,2626.7,2815.2
1917.8,2578.9,2587.8,2609.4,2550.8,2639.3,2826.4,2913.1
2328.7,2437.6,2552.2,2459.1,2577.9,2765.3,2932.2,3038
2041.2,2461.8,2543.5,2610.8,2913.7,3000.8,3173.4,3272.7
2121.7,2366.4,2437.3,2442.1,2429.2,2563.8,2761.3,2844.3
2490,2527.6,2562.1,2518.8,2620.5,2995.7,3094.5,3124.1
2096.1,2502.9,2564,2743.6,2593.5,2626.4,2970.5,3093
2426.3,2708.9,2816.5,2815.1,2908.9,2988.5,3005,3017.1
2269.5,2288.2,2348.5,2557.2,2881.4,2992.9,3080.1,3169.3
2417.6,2518.9,2671.5,2682.7,3004.2,3229.5,3397.6,3525
2150.6,2325.3,2341.7,2327.1,2331.6,2395.3,2606.2,2870.6
1651.9,1752.2,1749.3,1750.2,1752.8,1774,1828.7,2101.8
1887.7,2398.9,2441.2,2453.7,2384.4,2463.2,2630,2847.5
1792.8,2520.2,2540.5,2558.6,2525.4,2615.8,2739.3,2838
2608.7,2716.9,2735.7,2709.7,2780.7,2939.7,3018.6,3092.8
1963.3,2115.7,2194.4,2218.7,2468.4,2609.2,2692.5,2851.1
2245.2,2276.3,2282.4,2228.3,2328.1,2564.4,2874.1,2952
2582.5,2620.7,2687.5,2692.2,2756.5,2808.4,2918.7,3079.5
2102.5,2209.3,2458.7,2578.8,2973.7,3030.7,3062.7,3083.1
2263.8,2364.4,2483.1,2294.2,2496.3,2660.6,2792.6,2894.5
1977.8,2277.1,2333.7,2293.4,2302.3,2462.3,2611.9,2715.8
1837.1,1799.2,1767.6,1786.1,2127.6,2842.8,2850.7,2863
2461.8,2557.7,2646.3,2510.4,2867.4,3104.5,3137,3182.1
2298.9,2429.5,2448.2,2511.2,2541,2537.6,2611.5,2712.5
1783.3,2257.2,2522.3,2608.2,2640.5,2647,2701.4,2755.2
2167.2,2205.3,2253.9,2176.2,2407.3,2455.2,2472.8,2484.4
1915.1,1915.8,1996.5,2416.5,2456.3,2493.3,2504.4,2566.7
2437,2546.7,2681.6,2737.9,2767.5,2801.7,2846.7,2938.4
2279.1,2559.5,2595.1,2569.6,2584.7,2710.1,2780.6,2813.2
2247.7,2365.1,2472.2,2475.4,2486.3,2575.1,2658.8,2763.1
2161,2188.4,2171.6,2217.9,2446.4,2643.3,2795.4,2973
2165,2285.3,2430.9,2443.7,2474,2585.6,2677.6,2874.7
1832.8,2194.9,2177.7,2221.6,2399.2,2615.8,2997,3205.7
2355.2,2171,2320.7,2457.4,2493.8,2574.9,2661.6,2904.4
2381.2,2397,2592.5,2789.3,2754.8,2791.6,2941.8,3118.1
2243.3,2349.8,2375.1,2274.4,2444.5,2547.7,2605.3,2614.2
2548.6,2543.3,2415.8,2605.4,2646,2642.3,2655.8,2705.3
2234.4,2272,2326.4,2337.6,2186.5,2418.2,2669.5,2802.6
2372.3,2487.2,2540.6,2572.5,2620.8,2883.2,3073.9,3228.1
1936.2,2340.5,2256.2,2375,2662.1,2773.6,2778.4,2780
2266.9,2572.1,2593.3,2572.9,2620.1,2789.2,2946.9,2940.2
1952.3,2317.5,2394,2438.7,2372.1,2339,2657.6,2964.4
2385.9,2420.3,2451.5,2413.5,2431.9,2543.4,2830.5,2907.9
1571.2,1611.6,1591.6,1599.7,1629.5,1786.1,1901,2577.5
1509.5,1661.6,1654.6,1634.9,1637.6,1714.9,1885.3,2117.7
2157.1,2361.5,2323.9,2579.6,2773.5,2837.3,2861.7,3016
2168.1,2403.8,2472.6,2576.1,2622.8,2671.1,2714.7,2774.9
1740.4,1764.6,1783.3,1836.3,2066.7,2602,2873,2842
1738.3,2092.2,2418.5,2442.3,2438.7,2419.1,2537.3,2619.2
2106.8,2025.4,2085.6,2525.9,2520.2,2522.4,2552.3,2697.3
1889.6,1991.3,2367.7,2419.5,2571.5,2579,2588.6,2612.3
2291.1,2550.7,2552,2536.3,2634.9,2711.7,2719.2,2749.5
1857.4,2268.1,2319.5,2295.8,2373.3,2453.6,2516.2,2581.4
1739,1746.7,1678.9,2026.7,2654.3,2697.6,2686.2,2676.5
2252.1,2308.6,2340.7,2343.4,2276.6,2477.8,2634.1,2702.9
2467.1,2506.1,2351.2,2442.9,2624.4,2961.2,3164.9,3082.8
1521.6,2494.6,2586,2607.6,2603.2,2677.3,2736.1,2784.2
2457.2,2680.6,2654.2,2750.7,2761.3,2767.6,2815.1,2881.6
1837.7,2001.1,2395.6,2415.9,2504.9,2575.8,2638.5,2693.5
1645.1,1613.2,1782,1860.2,2099,2593.8,2664,2699.8
1636.2,2353.1,2760.4,2725.6,2812.5,2830.6,2776.6,2793.4
1589,1549.9,2000.3,2400.9,2774.1,3005.6,3022.1,3066.8
1628.8,1915.8,2480,2497.3,2488.2,2459.2,2644.4,2658.3
1949.1,1962.8,1961.4,1908.5,1975.5,2046,2112.7,2206.4
2166.6,2161.7,2169.9,2232.5,2247.7,2291,2410.8,2714.7
1869.4,2491,2510.6,2504.8,2480.1,2590.2,2711,2778.3
1951.6,1798.4,2587.5,2739.4,2726.4,2775.7,2954.8,3178.8
2339.9,2344.5,2495.8,2611.3,2619.7,2647,2682.3,2731.2
2471.7,2540.1,2600.6,2665.1,2674.4,2661.5,2736.8,2975.7
2183.1,2485.5,2530.6,2519.5,2542.2,2680.7,2745,2777.7
2395.2,2559.3,2589.1,2586,2601.1,2694.1,2824.1,2977.3
1721.5,2463.8,2528.7,2558.1,2425.5,2596.4,2618,2660.6
2212.4,2409.1,2539.7,2498.1,2536.2,2657.7,2882.3,2952.6
1832.1,1883.9,1845.8,1867.5,1930.3,2021.8,2088.6,2192.2
2122.1,2511.7,2489,2533.4,2575,2660.5,2739.2,2822.5
1501,2403.1,2415.5,2414,2406.6,2407.1,2463.1,2561.3
2187.9,2312.9,2366.5,2359.3,2400.1,2509.2,2701.4,2840.9
2471,2523.8,2360.6,2630.5,2632.8,2641.9,2651,2673.9
2118.6,2323.9,2329.5,2393.1,2459.9,2496.9,2701.2,2931.8
1302.2,1591.6,2454,2446.5,2475.4,2491.4,2527.7,2563.4
1657.6,1725.5,2420.7,2439.4,2463,2391.6,2438,2541.5
2207.3,2229.1,2207.1,2238.7,2354.2,2561.6,2928.8,3023
1773.6,1768.1,1747.8,1757.3,1800.3,1937.5,2026.7,2113.8
2301.1,2397.2,2445.8,2608.1,2667.5,2676.4,2713.9,2755.1
2010,2557.2,2565.4,2597.1,2581.8,2550.9,2612.5,2831.8
2193.6,2194.9,2211.3,2282.4,2398.3,2417.3,2999.3,3172.7
2133.8,2193.8,2284.5,2396.3,2531.1,2704.4,2996.5,3301.1
1776.3,2128.3,2481.6,2521.8,2458.6,2714.2,2731.8,2746.5
2417.6,2492.1,2516.9,2483,2502.2,2623.3,2698.2,2729.9
2246.4,2413.7,2531.9,2627.9,2689.3,2806,3009.4,3110.8
2332.9,2718.6,2750.9,2973.9,3303.6,3708.5,4004.4,4234.3
1693.4,1869.1,2295.1,2379,2572.5,2576.5,2591,2667
2473.4,2521.4,2576.8,2514.2,2601.9,2684.7,2782.2,2848.4
1841.3,2084.9,2168.5,2198.9,2135.3,2210.5,2303.9,2361.7
1945,1814.4,2310,2549.3,2733.2,2734.2,2766.3,2847.7
1647.1,2162.3,2104.2,2388.5,2775.8,2841.5,2840.6,2928.1
2495.2,2663.3,2730.1,2714.5,2867.7,2901.3,2932.6,2962.1
2057.6,1997.7,2113.6,2435.1,2510.4,2547.7,2556.5,2564.7
1751.7,1671.5,1627.2,1801.9,2564.1,2625.4,2620.3,2622.7
1480,2111.1,2056.5,2288.1,2670.2,2681.9,2673.8,2725.5
1734.7,1737.2,1733.9,1748.1,1750.7,1762.6,1786.8,2590.6
2202,2357.4,2147.2,2430.6,2431.6,2419.2,2482.8,2613.9
2312.5,2422,2543.3,2458.8,2543.1,2640.2,2702.9,2833.9
1549.1,2578.3,2577.2,2591.7,2636.6,2710.4,2825.7,2973.1
1704,1927.7,2427.9,2687,2690.4,2693.2,2816.4,2964.4
2258.2,2436.5,2526.2,2558.8,2583.9,2602.4,2627.2,2673.1
2485.4,2503.4,2551.8,2592.1,2593.4,2706.3,2765.2,2779.5
1831.1,1881.5,2324.7,2554.7,2522.8,2561.7,2598.8,2635.6
1544.2,2306,2700.8,2626.6,2680.2,2771,2852.4,2895.3
2463.1,2499.5,2455.3,2654.9,2672.3,2676.1,2708.4,2762.4
1879.1,1934.9,1885.6,1679.2,2498.8,2599.3,2644,2644.5
2569.3,2688.2,2569.9,2779,2790.5,2795.7,2813.4,2849.6
2232.5,2251.9,2262.7,2256.7,2356,2415.2,2431.1,2456.2
2193.5,2360.1,2409.9,2427.3,2543.9,2594.3,2602.7,2630.1
1982.6,2097.2,2163,2190.5,2349.4,2475.1,2483,2585.6
2187.2,2187.2,2154.8,2541.6,2590.6,2590.4,2591.5,2652.8
2176.5,2419.3,2224.2,2500,2545.9,2538.6,2543.8,2631.7
2016.1,2441.5,2455,2478.6,2420.3,2488.8,2554.2,2612
1287.1,2231.5,2246,2232.6,2197.1,2329.3,2513.6,2600.7
1755.4,2090.5,2077.8,2073.3,2100.8,2179.5,2274.8,2392.2
1838.6,1795.7,2030.9,2048.6,2044.6,2038.8,2045.3,2073
2509,2588.2,2538.8,2567,2909,2988.9,2998.5,2991.9
2051.6,2595.1,2604.1,2484.7,2692.1,2763.6,2777.6,2808.3
1944.7,2243.3,2410,1996.5,2131.7,2662.7,2995.1,3022.1
2309.9,2398.4,2182.7,2646.9,2744.6,2803.8,2906.6,2972.4
2220.3,2308.6,2357.9,2675.2,2708.9,2831.6,3078.8,3320.9
1801.5,1815.6,2068.2,2173.4,2562,2603.8,2612.8,2623.5
2493.1,2563.6,2599.5,2527.3,2631.4,2831.9,2917,2982.3
1735.7,1708.8,1720.5,1740.4,1819.7,1948.7,2281.7,2416.6
2467,2611.3,2684.3,2666.3,2719.3,2765.7,2785.3,2810.7
1686.1,2593.9,2873.1,2879.4,2875.7,2922.1,2973,3113.5
1627.8,2276.6,2667.3,2712.8,2691.9,2850.7,2919.9,2972.5
2430.2,2480.7,2392.5,2708.2,2722.1,2725.8,2744.5,2786.5
2102.7,2198.4,2330.3,2360.5,2461.4,2481.6,2499.4,2525.9
2322.4,2603.4,2699.8,2692.5,2730.1,2806,2978.3,3305.3
2208.7,2505.4,2599.1,2593,2624.2,2679.5,2712.7,3143.8
2184.7,2321.4,2376.7,2652.8,2779.5,2778.5,2792.6,2872
2029.1,2307.2,2385.9,2669.4,2671,2689.7,2685.3,2716.8
2265.7,2278.7,2306.7,2803.5,2819.9,2778.1,2862.3,3009.3
1628.8,1664.1,2741,2772.5,2765.2,2799.4,2884.4,2958.6
1973.8,2099,2481,2539.4,2689.5,2737.1,2798,2857.8
2037.2,1958.2,2515,2620.7,2621.8,2674,2774.2,2875.1
2035.8,2112,2365.5,2558.7,2565.8,2572.2,2594.1,2635.4
2166.2,2428.3,2603.6,2623.3,2614.6,2657.8,2727.8,2835.7
1696.8,2173.8,2742.9,2740.2,2742.3,2767.8,2841.1,2995.7
1883.4,2095.3,2636.7,2641,2634.2,2694.4,2808,2886.4
1995.2,1800.9,2289.4,2476.1,2492.2,2492.2,2518.8,2586.9
1887,2011.4,2121,2180.4,2311.5,2600.3,3000.6,3147
2121.5,2228.8,2511,2583.4,2605.1,2630.2,2701,2792.7
1906,2058,2075.8,2102,2202.7,2384.6,2654.1,2712.2
1845.5,2007.9,2457.1,2481.7,2510.5,2540.5,2604.3,2713.7
2172.4,2375,2433.8,2534.3,2547.8,2555.5,2585.2,2664.2
1643.3,2031,2491.4,2497,2494.8,2572.9,2743.8,2913
1517.4,1640.4,1811.9,2818.8,2889.1,2884.4,2872.5,2932.2
1990.8,1997,2466.2,2651.3,2657,2638,2642.4,2673
1426.5,1879.9,2380.9,2360.1,2507.7,2529.3,2551.6,2629.1
1498.1,1922.7,2740,2775.9,2811.8,2860.3,2959.1,3002.1
1610.9,2413.5,2540,2525.6,2558.8,2727.8,2860.1,2890.6
1362.4,2155.9,2451.7,2428.8,2443.6,2530.8,2697.3,2833.4
1565.2,2374.8,2585.8,2582,2581.4,2666,2919,3035.9
1670.7,1936.6,2376.8,2366.5,2356.9,2441.3,2578,2710.1
1955,1993.5,1982,1992.3,2053.2,2177.3,2505.9,2895.2
1809.3,1818.9,1820.4,1825.9,1865.1,1945.4,2464.8,2850.3
1422.1,2473.9,2477.9,2484,2538.4,2646.7,2762.3,2867.1
1869.2,2139.9,2268.2,2807.2,2809.3,2829.2,2864,2948.7
2041.5,1970.4,2577.9,2656.3,2659.9,2703.5,2772.5,2878.4
1811.6,2814.1,2861.3,2639.1,2865.2,2870,2876.7,2894.6
1768.1,2545.5,2651.6,2668.4,2788.9,2818.5,2852.4,2902.4
1833.5,2007.8,2572.9,2639.4,2739.9,2773.6,2792.5,2814.6
1818,2042.4,2521.1,2564.9,2799.7,2813.2,2832.7,2861.5
1698.3,2456.4,2737.2,2746.6,2744.9,2750.7,2753.7,2765.8
1559.8,2495.5,2504.6,2543.3,2587.6,2681.1,2781.2,2866.3
1639.6,2406.9,2539.1,2507.1,2798.9,2807.4,2831.2,2919.9
1838.9,1999.9,2326.2,2481,2581,2665.2,2768.7,2913
2083.8,2091.3,2614.9,2824.1,2817,2890.3,3043.7,3185.2
2086.6,2175.6,2144.5,2126.8,2264.1,2781.1,3008.6,3096.8
1752.6,2475.5,2552.4,2535.5,2602,2717.9,2795.9,2840.7
2024.6,2368.4,2530.1,2697.1,2760.3,2767.6,2821.6,3006.5
1934.2,2523,2571.1,2520.5,2581.2,2787.2,2954.1,3023.2
1696,2419.2,2437.3,2406.3,2507.2,2759,3015,3202
2313.8,2345.8,2341.7,2384.9,2500.2,2595.7,2682.8,2800.5
1837,2460.1,2471.5,2448,2523.7,2630.1,2759.6,2956.3
1638.1,2030.9,2491.9,2592.6,2616.5,2644.5,2706.3,2780.3
2377,2286.8,2469.8,2518.6,2546,2566,2584.2,2641
1992.8,2139.2,2146,2334.4,2524.8,2806.8,3258.8,3383.2
1904,1703.2,2529,2536.4,2526.9,2572.5,2672.2,2952.2
2138.2,1989.8,2698.9,2706.7,2691.7,2713.6,2784.2,2884.6
2113.1,2126.8,2632,2631.9,2630.1,2671.8,2764.5,2873.4
1669.4,2142.3,2512.4,2511.3,2516.5,2555.4,2618.9,2703.2
1581.1,2188.7,2239.5,2467.1,2630.8,2720.2,2739.2,2771.2
1343.9,2450.4,2498.3,2493.9,2508.2,2570.7,2655.2,2723.7
1859.6,1870.7,1962.8,2070.4,2506.5,2596.9,2725.6,2820.9
2203.1,2232.3,2243.3,2340.1,2407.8,2411.7,2437.7,2494.5
1671.1,1733.9,1911.8,2015.1,2227.1,2361.8,2412.4,2450.5
2222.7,2459.3,2533.9,2572.5,2632.8,2767.8,3081.5,3200.7
1658.2,1685.5,2014.8,2571.1,2584.4,2605.2,2675.8,2791.4
1861.6,2176.8,2410.4,2674.4,2694.3,2706.6,2759.5,2865
1692.9,2051,2143.6,2517.8,2628.9,2618.4,2646.9,2704.2
1740.7,1830.3,1982.2,2267.2,2263.7,2474.9,2668.6,2811.9
1897.6,2005.5,2069.4,2282.4,2534.6,2896.3,3062.7,2952.2
1701,2010.6,2526,2503.8,2530.6,2737.5,2769.6,2793
2028.7,2024.1,2032.5,2076.5,2154.3,2325.1,2533.7,2718
2060.9,2198.9,2134.6,2241.8,2626.4,2802.2,2969.8,3096.8
1533.5,1862.1,2274,2249.9,2250,2354.2,2645.8,2998.7
1813.5,2232.4,2448.4,2448.1,2469.1,2593.4,2730.4,2938
1652.2,2322.4,2361.3,2312.8,2353.3,2621,2787.4,2841.8
1685.9,2497.1,2740.1,2743.8,2757,2779.5,2856.8,3093.6
1934.7,2018.4,2535.9,2529.5,2620.7,2726.5,2800.6,2888.5
2284.8,2491.7,2491.2,2536,2679.1,2759.8,2780.4,2805.3
1445.9,2520.3,2530.4,2521.4,2536.1,2634.4,2692.7,2738.9
1930.1,2041.1,2187.2,2446.9,2656.7,3003.4,3068.3,3066.2
1874.3,1840.7,1953.4,2091,2238.6,2457.5,2530.4,2551.8
1900.6,2259.9,2323.6,2441.7,2672.7,2895.4,2961.2,3013.1
1686,1746,2596.7,2731.2,2736.1,2763.2,2804.2,2862.2
1835.2,2233.2,2378.2,2401.1,2402.5,2466.3,2574.2,2706.8
1618.9,1973.9,1981.4,1950.6,1990.9,2061.8,2433.4,3145.1
1765.7,2186.6,2506.4,2511.4,2546.5,2649.1,2827.6,3027.2
1550.3,2470.4,2505.7,2507.5,2543.9,2608,2665.1,2702.3
1500,2453.2,2578.4,2562.6,2589.7,2686.7,2851.5,3057.7
1916.1,2016.2,1986.1,2057.7,2317.8,2487.7,2598.7,2643.2
1755,2028.3,2099.1,2085.2,2097.5,2154.3,2205.9,2253.8
1914.7,2000.2,2192,2208.5,2240.7,2333,2529.3,3084.7
1671.9,2141.7,2242.8,2225.4,2271.1,2498.9,2735.2,2839.4
1872.5,1920.1,2318.5,2656.1,2702.8,2745.7,2785.3,2842.3
1485.9,1527.6,2489.2,2961.2,2983.3,3055.4,3202.2,3362.4
2190.5,2201.7,2372.9,2388.8,2962.9,2979.1,2932.2,3003.7
1855.9,1846.8,1928.1,2698.9,2715.9,2681.8,2697.6,2779.2
1934.8,1955.8,2036.8,2035.4,2159.5,2294.6,2603.9,2760
1987.2,2092.7,2605.1,2572.9,2655.7,2802.9,2921.4,3043.8
1746.9,1743,2212.8,2684.1,2777.2,2767.9,2778.4,2874.7
1474.2,2109.1,2420.2,2417.7,2485.5,2665.9,2913.7,3168.1
1379.4,1904.8,2645.8,2711.2,2720.1,2785.2,2904.9,3041.1
1950.7,2221.7,2224.1,2212.3,2352.7,2541.8,2641.1,2716.9
1573.5,2454.9,2457.4,2502,2501,2566,2631.4,2669
1555.1,1755.9,2576.8,2782.6,2799.4,2822.5,2896.9,2995.5
2020.7,2027.7,2038.1,2124.5,2253.2,2473.9,2639.8,3006.1
1623.4,1636.5,1957.1,2195.4,2477.6,2677.1,2727.1,2774.6
1759,1779.1,2071.3,2622.9,2695.3,2685.6,2708.3,2731.3
1778.1,1754.6,1793.2,2728.1,2740.5,2726.8,2737.1,2789.8
2229.3,2258.7,2385,2814.8,2849.1,2843.3,2862,2931.1
2250.6,2021.6,2526.6,2532.8,2534.8,2565.1,2605.4,2691.3
1481,2077.9,2464.7,2459,2450.6,2511.2,2612.5,2777.8
1786.4,2344.7,2461,2453.4,2447.4,2485.4,2559.5,2708.8
1392.5,2568.2,2574.8,2568,2568.9,2632.2,2724,2802.5
1620.7,2329.1,2347.5,2322.7,2370.5,2476.9,2672.4,2813.1
1576.4,1603.7,2554.4,2641.4,2597.7,2604.1,2738.3,3083.5
1398.9,2504.9,2580.9,2578,2597.8,2712.3,2888.5,3058.1
1684.2,2411.4,2474.1,2461.9,2505.3,2543.8,2560.5,2618
1422,2430.5,2482.3,2450.7,2505.9,2623.8,2696.6,2744.9
1906.5,1904.5,1892.7,1894.1,1927.6,2230.6,2580.7,2788.4
1610.4,1918.2,1939.6,1910.1,1943,2050.7,2425.6,2812.6
1413.4,2522.3,2441.4,2577.2,2611.1,2698.6,2807.1,2798.5
1392,2533.7,2555.7,2546.1,2563.8,2646.1,2724.1,2780.7
1869.2,2382.8,2525.4,2551.3,2553.7,2713.7,2901.8,2969.1
1729.6,2668.3,2711,2759.7,2776.1,2804.7,2847.5,2877.9
1760.9,1825.2,1895.8,2031.1,2266.9,2740.6,2995.3,3011.5
1554.1,1552.6,2009.9,2268.9,2664.6,2688.1,2744.7,2767.1
1859.4,1852.5,2034.3,2293.4,2817.4,2829.8,2829.3,2898.5
1692.6,1829.8,2342.5,2638.1,2634.5,2666.8,2766,2910.9
1719.2,1726.9,2569.5,2635.3,2609.4,2618.9,2707.2,2953.1
1654.6,2315.8,2593.2,2606.6,2665,2801.2,2825,3205.1
1587.6,2115.7,2599.8,2667.4,2715.2,2667.1,2805.9,3087.5
1768.1,1761.6,2308.5,2727.4,2721.5,2715.1,2766.9,2851.2
1832.9,2002.3,2365.4,2415,2423.4,2485.2,2628.6,2932.9
1837.1,2330.4,2348.9,2323,2373.9,2480,2733.5,3085.3
1601.7,2234.1,2261.1,2212.1,2339.8,2757.7,3028.2,3101.1
1829,2529.3,2770.1,2829.5,2946.2,3146,3286.1,3402.7
1882.2,1910.2,2396.5,2610.7,2652.5,2737.8,2887,2973.9
1663.1,1978.1,1982.6,1997.6,2170.7,2237.2,2376.5,2662.9
1499.1,1945.2,2393.4,2358.7,2385.1,2667.4,3007.9,3132.4
1532.8,2395.9,2463.9,2575.7,2600.3,2624.8,2644.3,2678.8
1989.1,2363.1,2618.4,2645.8,2649.3,2650.9,2703,2808.5
1595.3,2331.1,2396.2,2481.7,2530.1,2665,2853.4,2967.9
1452.8,1785.6,2336.8,2309.5,2331.3,2435.9,2664.5,2838.9
1821.8,2004.4,2064,2146.5,2206.5,2276.2,2494.4,3142.1
1638.8,2106.6,2233.9,2239.5,2288.4,2563.9,2887.8,3160.8
1851.4,2190.4,2390.6,2395.3,2407.3,2473.2,2573.4,2755.7
1708.9,2510,2508.3,2534.9,2585.4,2746.1,2888.1,2985.6
1537.6,2295.7,2420.4,2394.8,2428.6,2594.4,2661.9,2684.2
1543.1,2166.5,2447,2525.3,2552.4,2644.7,2873.8,3028.9
1899.5,2546.7,2567.7,2539.6,2578.7,2710.1,2844,2887.8
2016,2403.2,2440.8,2525,2633.8,2718.8,2832.6,2949.6
2073.6,2243.5,2596.9,2646.7,2818.7,2893.4,2923.9,2980.8
1896.4,1917.8,2271.1,2463.7,2529.1,2574.4,2648.3,2836.3
1869.8,2339.2,2367.7,2310.5,2407.9,2642.7,2944.9,2984.1
1884.2,2477.2,2472.5,2496.1,2600.3,2723.9,2848.9,2783.7
1953.7,2049,2030.3,2046.1,2158.3,2382.6,2582.4,2654.8
1982.3,2563.7,2762.5,2783.9,2791.2,2816,2835.5,2856.6
1632.7,2407.1,2412.4,2573.1,2704.1,2825.6,2891.5,2932.5
2128.6,2236.4,2235.4,2252.5,2288.7,2354.5,2476.7,2712.6
1516.7,2147.1,2548.2,2563.1,2555.3,2610.2,2687.5,2776.4
1873.5,2053.8,2371,2747.9,2769.6,2777.3,2860.4,2913.6
1567.5,2428,2546.1,2573.5,2635.4,2757.1,2826.3,2842
1389.6,2368.1,2586.5,2562.2,2598,2717.2,2878.7,3035.2
1464.6,2165,2583.4,2560.4,2589.4,2704.2,2919.9,3064.5
1962.2,2482,2634.2,2662.4,2666.7,2689.1,2712.8,2760
2082.2,2232.4,2230.6,2256.4,2312.6,2358.8,2382.4,2625.3
1762.8,1896.4,1887,1904,1974.8,2198.9,2507.2,2966.8
1571.6,2555.3,2584.8,2601.6,2638.3,2717.7,2769.3,2814
1839,2240.4,2645.3,2659.7,2687.9,2701.9,2715.6,2752.4
1592.3,2385.1,2486.4,2486.8,2559,2675.1,2797.5,3055.5
1606.4,2078.3,2327.4,2345.5,2380.7,2454.4,2592.6,2818.5
1767.6,2374.5,2342.2,2404.7,2607.4,2722.7,2761.1,2779.2
1679.7,2371.8,2514.4,2727.9,2755.7,2756.3,2793.6,2902.9
1502.7,2378.1,2338.5,2476.6,2532.4,2632.7,2729.4,2784.6
1563.8,2224.1,2389.7,2381.8,2393,2458.8,2569.5,2776.1
1521.1,2190.9,2544.3,2636.3,2720.2,2781.5,2858.8,2900.8
1503.9,1937,2432.1,2727,2703.4,2742.4,2872.6,2993.2
1494.1,2243.5,2730.2,2766.1,2728.7,2818.3,2971.8,3012.2
2052,2350.1,2438.7,2622.7,2930.8,2963.8,2981.8,3008.7
1666.8,1910.2,2469.3,2582.5,2586,2621.3,2666.4,2807.9
1568.1,1715.9,2309,2556.5,2696.1,2695,2745.7,2818.2
1766.5,2233.8,2347.9,2775,2781.8,2800.4,2813.6,2848
1818.2,1862.4,2215.5,2237.6,2198.1,2241.2,2457.2,2880.3
1734.6,1901.1,2043.4,2100.3,2123.7,2168.3,2280.3,2918.6
1913.9,2319.1,2492,2591.9,2646.1,2695.9,2749.9,2822.9
1663.9,1992.8,2293.6,2642.3,2732.1,2722.9,2808,2952
1699.2,1801.5,2215.7,2707.5,2709.2,2704,2729.1,2768.7
1660.6,2426.6,2443.1,2430.1,2473.2,2632.6,2811.9,2895.4
2084.8,2528.8,2619.3,2564.7,2721.8,2774.5,2818.4,2842.6
1603.9,1700,2280.1,2563.3,2565.8,2601.2,2710,2792.4
1602.6,2395.9,2587.3,2594.2,2639.5,2708.5,2793.1,2876.2
1919,2697,2717.9,2743.4,2774.1,2894.4,3096.5,3084.5
1600.9,2387.5,2613.7,2750.4,2923.8,2986.8,3024,3057.1
1608,2693.1,2752.8,2760.5,2856.4,2957.8,3034.8,3066.4
1825.2,2367.9,2374.8,2349.3,2434.6,2618.7,2874.3,3034.5
1787.5,2421.9,2430.4,2423,2485.8,2562.8,2664.8,2827.1
2156.4,2356.1,2533,2527.1,2531.9,2601.3,2716.9,2840.2
1944.4,2578.2,2578.9,2620,2784.9,2911.5,3078.3,3525.4
1618.5,2513.5,2554,2544.2,2576.4,2626.8,2673.8,2701.6
1949.3,1967.1,2054.7,2152.9,2441.7,2771.4,2894.2,2972.3
1783.4,2032,2128.5,2128.3,2179.3,2308.1,2593.9,2772.4
1712.3,2228.1,2259.8,2260.7,2303.5,2394.4,2610.6,2916.5
1729.8,2336.8,2592.7,2597.8,2597,2639.9,2742.1,2894.5
1731.8,2223.6,2259.5,2233,2235.6,2315.2,2552.5,3137.4
1580.7,2292.4,2384.4,2243.2,2430.7,3115.4,3156,3131.5
2101.2,2033.2,2535,2531.5,2524.5,2537.9,2615.5,2848.6
1378.4,1439.5,2654.1,2666.5,2648.4,2668.7,2732.1,2806.3
1476.6,1877.3,2528.1,2802.8,2794.2,2835.7,2924.4,2977.3
1535.6,1701.6,2803.7,2908.2,2906,2984.5,3003.1,3055.5
2151.8,2256.9,2411.4,2715.2,2765.2,2760.9,2793.7,2842.4
1750.5,2103.4,2477.6,2700,2823.4,2914.6,2961.1,3012.7
1824.4,2284.7,2288.7,2296.1,2338.4,2441.3,2604.5,2823.1
1787.9,1814.6,1886.8,2021.8,2116.9,2159,2129.7,2518.3
2557.5,2569.2,2618.8,2558.5,2622.2,2782.1,3330.3,3482.1
2383.4,2682.3,2711.5,2732.3,2711.4,2685.4,2859.9,3545.9
1904.4,2125.7,2699.1,2868.8,2902.8,2897.6,3050.2,3515.2
2281.4,2596.6,2593.9,2689.1,2692.5,2947.4,2979.8,2863
2037.2,2154.5,2171.1,2117.2,2200.4,2758.6,2880.8,2762.6
2129.7,2128.7,2129.6,2142.6,2165.3,2437.8,2939.6,3138.4
2141.2,2144.9,2143.3,2129.5,2147.9,2184.8,2267.9,2501.8
2502,2705.8,2773.4,2883.9,2865.3,2818.1,2984.5,3227.1
2079.2,2797.2,2779.3,2806.6,2875.3,2721.1,2886.8,3172.1
2412.8,2403.6,2419.4,2423.9,2401.3,2493.6,2757.7,2821.9
2731,2777.7,2837.2,2922.3,2779.5,2887.2,3514.3,3530.3
2731.5,2732.1,2903.9,3006.6,3029.9,3156.3,3188.9,3269.6
2305,2524.8,2753.6,3087.4,3219,3452.9,3513.2,3507.3
2647.7,2747.4,2783.9,2810.4,2739.9,2803.5,3054.6,3302.2
2184,2526.8,2627.2,2528.8,2541.8,2845.8,3246.9,3277.8
1888.2,2333.1,2404.9,2590.9,2848.1,2107.8,2891.1,3237
2155.4,2217.2,2114.1,2254.1,2353.3,2662.9,2772.8,2871.5
1907.2,2151.9,2512.3,2756,2834.9,2791.2,2893.2,3031
2401,2909.8,3302.5,3337.5,3475.2,3629,3648.8,3783.7
1891.3,2115.5,2088.4,2206.6,2339.1,2969.6,3263.6,3285.6
2091.2,2229.6,2361,2446.5,2808.3,3084.6,3247,3436.5
2283.6,2326.2,2398.2,2373.3,2321.5,2546,2976,3153.7
2059.1,2086.9,2036.7,2009.8,2218.7,2559,2592.8,2634.9
2132,2344.4,2365.3,2368.7,2382.7,2833.6,3128,3349.3
1657.9,2367.6,2399.3,2413.9,2325,2369.7,2555,2783.4
1918.6,1923.4,1876.1,1894.4,1930.4,2017.3,2095.2,2946.8
2583.5,2668.2,2740.6,2709.6,2736.5,2955.7,3038.3,3688.8
1690.2,1663.5,2166.7,2221.8,2127.8,2173.1,2476,2845.6
1785.4,2191.4,2610,2726.9,2653.4,2533.8,2781,3150.1
2553,2829.7,2984.2,3099.3,3164.8,3237.1,3259.7,3409.8
1618.8,2037,2071.8,2050.4,2006.4,1987,1955.8,1917.4
1946.8,1985.7,1949.7,1981.3,2129.3,2220.1,2285,2734.9
1837,2279.2,2383.7,2439.4,2028.3,2335.5,2554.2,3043.2
1933.5,1937.5,1927.2,1955.7,1974.6,2123.9,2414.2,3370.2
1809.2,1798.4,1747.7,1941.2,2282.4,2795.1,3137.6,3264.8
2349.4,2685.4,2850.5,2884.8,2941.5,2939,3041.2,3161.9
1907.8,2730.3,2725.1,2739.9,2758.4,2737.2,2718.1,2760.2
2694.7,2787.2,2783.8,2826.4,2876.2,2870.5,2842.7,2910
1927.6,2149.4,2485.1,2524.4,2437.7,2263.3,2786.5,3233.7
1865.1,1909.9,2293,2308,2242,2175.3,2384.8,2760.4
1646.8,2564.8,2666.4,2777.9,2791.9,2726.2,2748.2,2967.1
2284.8,2287.3,2359,2180.2,2136.5,2169.5,3022.6,3200.8
1857.6,2489.7,2960,3009.7,3103.3,3201.3,3118,3122.7
1928,2685.1,2694.7,2769.2,2765.2,2718.9,2786.2,2975.7
2759.2,2765.3,2824.7,2926.1,3003.1,3046.1,3086.5,3061.1
2208,2424.6,2633.8,2392.3,2482.3,3112.3,3414.7,3381.6
2304.1,2561.6,2591.5,2439.9,2648.3,3307.3,3356.4,3388.3
1999.8,2379.9,2417.5,2441.9,2413,2270.1,2852.1,3158.1
1867.5,2812.1,2796.8,2829.8,2892.8,2722.1,2938.5,3116.9
2367.9,2730.8,2724.7,2857.8,3060.7,2733,3537.5,3619.6
2362.6,2380.9,2646.4,2745.6,2783.2,3027.2,3693.2,3764.5
1858.8,2114,2133.4,1970.3,1992.4,2125.9,2696.6,3178.3
2906.4,3047.1,3065.8,3096.4,3124.5,3155.9,3159,3189.5
2231.1,2726.1,2785.6,2881.4,2852.3,2734.7,3202.1,3197.2
1876.6,2356.5,2687,2753,2754.3,2483.8,2677.1,3049.8
2294.6,2593.9,2660.2,2628.9,2748.2,3000.8,3280.9,3532.1
1662.4,2302.2,2324.9,2230.6,2225.9,2267.1,2602.1,2826.3
2046.6,2051,2149.3,2440.6,2251.5,2583.7,3116.8,3263.3
1990,2105.6,2236.5,2143.6,2373.2,2421.6,2243.8,2196.4
1859,1965.3,2131,2147,2140,2295.5,2639.7,2850.5
2365.6,2741.2,2727.4,2828,2835.2,2657.6,3070.8,3464.1
2189.4,2476.2,2514.3,2500.4,2442.8,2560.3,2835,3152.4
1863.3,2238.5,2327.8,2336.5,2267.4,2350.4,2502.8,2691.1
2457.9,2575.1,2618.2,2705.7,2517.3,2704.5,2891.8,2947.7
1896.7,1910.3,1869.3,1861.7,1928.7,2094.7,2492.4,2972.6
1786.2,2018.8,2130.6,2307.7,2448.6,2892.3,3106.2,3115.7
2202.8,2292,2246.4,2327,2434.6,2472.7,2547.4,2640.4
1994.1,2041.2,2113.4,2270.8,2299.8,2129,2119,2333.8
1823.3,1982.4,1979.2,1897.2,1902.4,1866.4,2762.9,3032.1
2011.5,2269.2,2404.1,2366.5,2314.4,2276.6,2444.7,2831.5
2200.9,2255.3,2276,2073.2,2138,2282.2,3026.3,3397.8
2290.5,2651.6,2728,2835.6,2761.3,2507.3,3324,3539.8
2571,2585,2726.5,2769.9,2696.8,2794.6,3370.3,3433.2
2574.7,3141.8,3252.6,3301.5,3331,3220.1,3333.2,3373.9
1859.6,1841.2,1910.2,2259.7,3054.7,3092.8,3094.2,3115.3
2345.3,2550.1,2502.8,2839.7,3010.5,3048.5,3358,3469.5
2144.2,2425.6,2431.6,2462.7,2445.5,2319.8,2716.7,3347.1
1833.8,1889.1,1923.1,1902.2,1935.6,1915.1,2116.5,2260.8
1743.9,2200.7,2206.7,2153.6,2137.1,2187.1,2528.6,3044.8
2557.4,2702.2,2807.9,2732.7,2827.1,2846.9,2864.5,2877.5
2068,2497.2,2779.5,2919,2969.3,3157.5,3226.9,3142.2
2379.2,2394.8,2488.5,2506.7,2243.2,2432.9,3006.4,3610.2
2114.4,2276.8,2349.6,2253.6,1992,2267.7,3228.6,3375.4
1636.5,1852.6,2738.5,2841.4,2856.3,2860.8,3051.2,3165.4
2213.7,2764.3,2979.3,3033,3135.9,3111.4,3280.9,3406.3
2328.1,2773.3,2782.5,2899.6,3103.5,2936.6,3263.2,3333.9
2347.2,2605.9,2820.2,2937.1,2944,2952.4,2946.3,2945.9
2626.8,2607.8,2752.7,2969.9,3129.7,3263.5,3414.5,3071.8
2263.1,2831.7,2984.2,3044.9,3180.5,3024.9,3392.1,3489
1823.6,2751.4,2664.1,2720.3,2450.4,2892.8,2930.2,2941.9
1656,1756.6,2054.6,2334.5,2283.2,2250.8,2300.8,2649.3
1502.1,1617.7,2413.4,2458.7,2410.2,2402.8,2758.5,3115.6
2442,2395.7,2592.8,3233.5,3442.1,3620.2,3473.5,3670.6
1858.1,2603.4,2644,2646.7,2524.4,2623.9,2895.3,3286.6
1787.9,2146.6,2466.9,2483.3,2417.5,2430.6,2617.6,3035.2
1948.4,1956.2,1898.1,1870.9,1876.1,2789.6,2932.3,2970
1848.1,2691.4,2669.5,2763.1,2749.3,2555.6,2835.3,3370.5
2099,2521.5,2795.7,2973.5,3098,3248,3296.9,3500.9
2531.9,2580.8,2727.6,2946.3,2799.4,3053,3607.4,3619.1
2818.3,3080.9,3118.4,3258.7,3427.2,3453.6,3663,3736
2498.5,2661.4,2892,2983.7,3161.8,2947,3587.9,3693.6
2417.1,2496,2415.2,2445.7,3190.4,3356.1,3379.2,3387
1958.2,2322,2544.9,2803.9,2043.5,2611.1,3230.5,3226.1
1980,2315.1,2538,2708.1,2447.2,2629.5,3298.2,3416.2
2352,2457,2438.2,2447,2562,2838.8,2946.3,2939
1785.2,1741.7,2526.1,2697,2700,2527.9,2635.4,3120.7
2185.4,2224.9,2297.7,2060.1,2074.9,2386.2,2919.7,3182
2641.2,2609.9,2682.5,2728.3,2490.1,2915.3,3045.2,3076
2326.8,2538.3,2692.2,2872.7,2931.4,3180.4,3220.9,3226.7
1411.3,1407.2,1357.3,1393.1,1509.8,1489.7,1840.5,3110.5
1722.3,1735.3,1716.9,1714.9,1702.5,2106.4,2402,2879.9
2365.5,2399.2,2447.5,2337.4,2453.6,2810.8,2956.8,2991.6
2362.8,2593.2,2658.6,2760.1,2871.7,2980.7,3345.7,3296.5
2264.8,2778.8,2819.3,2911.1,2996.2,2711.2,3331.7,3473.4
1834.6,1839.7,1751.8,1799.4,1859.5,2233.2,2769.6,3217.6
1844.6,2067.9,2112,2146.7,2157.5,2158.2,2497.4,2934.5
2075,2164,2230.5,2350.9,2169.5,2597.1,3044.8,2890.7
2478.7,2548,2585.3,2499,2658.9,2932,3272.1,3595
2597.3,2573.3,2622.8,2603.5,2501.4,2644.2,3212.1,3362.7
2244.1,2444.6,2383.9,2481,2861.6,3149.9,3377.5,3399.7
1977.3,2530.2,2556.8,2592.5,2584,2597.3,2956.9,3024.4
2545,2652.7,2747.9,2787,2747.7,2807.5,3041.2,3240.6
2468.8,2378.3,2542,2792.6,2374.1,2808.9,3293.5,3315.3
2186.9,2325.7,2469.1,2184.9,2240.9,2818.6,3018.1,3115.9
2057,2544.5,2615.9,2554.2,2610.5,2793.5,3059.2,3073.4
1887.3,2584.2,2619.5,2740.3,2831.1,2984.2,3124.3,3212.3
2128.7,2643.4,2712.4,2931.1,2850.7,3051.7,3346.7,3557.9
1927,2057.2,2115.5,2168.1,2211.6,2236.3,2328.9,3056.3
1504.2,2111.5,2597.3,2660.1,2701.7,2565.9,2731.6,3103.6
1841.9,2061.4,2402.2,2473.2,2386.7,2378.7,2670.4,2862.2
1785.3,1774.1,1752.7,1754.1,1985.1,2507.6,3194.3,3403.5
1686.5,1709.4,1892.3,2024.6,2113.4,2245.9,2820.5,3343.6
2272.8,2219.9,2308.1,2186.4,2168.1,2209.5,3336.4,3403.7
1722.5,2397.5,2447.6,2420.6,2337.4,2256.9,2787.7,3189.7
2765.6,2707.1,2864.2,3056.5,2935.3,3200.5,3347.9,3493.3
2050.7,2536.2,2582.7,2591.9,2765.8,2966.5,3122.4,3195.6
2306.7,2760,2743.5,2843.7,3004.9,2582.3,3232.5,3500.6
2439.4,2836.7,2848.9,2907.4,2977.6,2761,2984.9,3335.9
2132.2,2382.7,2640.2,2861.1,3120,2880.9,3340.7,3448.4
2262.6,2757.6,2825.5,2980.6,3006.3,2982,3403.5,3578.7
1927,2273.2,2292.8,2381.9,2282.9,2782.3,3192.5,3442.6
2074.7,2100.1,2207.7,2222.6,2249.9,2454.4,3061.7,3133.8
1956.7,2066.7,2143.2,2321.6,2635.9,3183.5,3185.1,3413.6
2650.9,2737.2,3062.7,3361.3,3565.6,3525.5,3623.3,3823.5
2306.5,2693.8,2734.4,2788.6,2787.7,2855.2,3179.6,3371.4
2537,2634.8,2709.2,2821,2615.2,2986.2,3111.7,3170.5
2286.9,2713.1,2869.4,2936.3,2955.4,2939.4,2923,3004.6
2244.5,2307.4,2196.6,2132.4,2607.2,3172.7,3309.8,3482.7
1535.7,2130,2139.1,2147.3,2170.3,2385.2,2651.6,2935
1779.9,2203.6,2216.3,2161.1,2132.9,2183.9,2221.3,2620.3
2424.1,2517.8,2597.4,2607.4,2733.7,2837.2,3142.8,3509.6
2158.7,2225.4,2122,2011.6,2172.2,2559.6,3353.1,3393.1
1997.1,2028,2092,2068.8,1949.2,2376.4,3155,3199.1
2394.7,2593.7,2650.9,2639.9,2681,2759.1,2930.5,3223.6
2162.5,2766.8,2779.4,2817.2,2852.5,2682.8,2775.1,2974.6
2134.1,2442.7,2539.2,2685,2858.4,3101.7,3558,3634.2
1915.7,2322.9,2343.5,2269.7,2353.6,2634.2,2761.4,2918.3
1748,1992,2310.2,2310.7,2344.9,2376.8,2499.8,2802.5
1924.7,2147.8,2341.5,2459.2,2414.7,2539,2883.8,3019.9
2114.4,2111.6,1929.4,1984.6,2579.3,3396.1,3405.2,3394.8
1987.3,2003.5,1900.6,1886.6,2007.7,2287,2738,3350
2058.8,2775.1,2774.7,2934.2,3132,2880.9,2870.2,3123.9
2227,2354.8,3018.7,3090.7,3194.9,3167,3271,3344.8
2148.8,2180,2124.3,2246.6,2540.9,2957.7,3306.4,3336
2121.1,2242.7,2334.9,2445.7,2471.5,2256,3081.4,3158.9
1984.6,2656.8,2687.3,2697.8,2654,2712,2836.1,2934.6
2445.4,2507,2558.1,2585.4,2510.7,2592.6,2738.8,2891.5
2413.4,2494.2,2492.2,2526.1,2594.7,2678,2771.6,3000.8
2474.9,2609.9,2627.4,2599.3,2683.8,2905.6,3087.4,3212
1868.8,2508.6,2272.7,2693,2699.9,2684.4,2682.9,2739
2034.8,2565.3,2500.5,2475,2681.1,2733.3,2779.7,2724.7
2384.8,2436.6,2572.1,2272.3,2774.3,2838.8,2817.2,2762.7
1957,2583.6,2601.6,2666.3,2676.3,2703.1,2717.2,2744.2
2406.4,2427.4,2454.8,2399.5,2538.3,2666.1,2820.2,2998.8
2320.9,2411.4,2320.3,2070.5,3021.8,3290.7,3590.1,3592.7
2929.5,3041.5,3091.6,3196.5,3284.4,3281.3,3458,3589.7
2162.6,2524,2677.3,2928.5,3003.9,3031,3068.9,3117.2
1683.1,2013.6,2556.3,2558.8,2550.9,2566.4,2727.7,2861.9
2101.8,2212.3,2189.5,2200.1,2123.2,2722.2,3363.6,3381.6
2035,2134.4,2046.8,2062.6,2183.2,2287.8,3081.2,3315.7
2454.7,2567.3,2710.9,3024.4,3295.7,3473.1,3425.4,3517.1
1821.9,2778.7,2886.8,2928.4,2917.4,2879,2967.8,3161.7
2306,2743.5,2806.2,2889.2,2795.6,2830.3,3149.4,3700.8
2689.1,2637.4,2797.3,2899.6,3061,2902.6,3363.3,3445.8
2410.6,2743.9,2878.1,3010.3,3171.2,2646.6,3213,3519.2
2202.6,2247.4,2211.8,2245.9,2368.4,2578.7,2836.1,2871.6
2444.4,2695,2843.9,2969.3,3126.5,3178.6,3309.2,3300.5
2377.5,2524,2684.5,2715.1,2837.4,3072.7,3334.2,3364.6
2423.7,2683.1,2822.2,2848.2,2782.3,3027.8,3163.4,3205
2358.5,2399.4,2386.3,2393.2,2911.7,2721.7,3009.3,3232
2629.4,2680.7,2810,2955.1,3007.6,2955.6,3129.8,3257.1
2203,2993,2958.8,3038.8,3113.4,3206.5,3078.2,2900.7
2603.8,2633.6,2682.6,2686.6,2781.2,3031,3331.4,3522.9
2585.9,2837.6,2916.7,2959.5,2973.3,2972.6,3088.2,3318
2253.3,2380.3,2442.8,2441.5,2338.1,3020.6,3037.6,3032.6
1309.5,1803.2,1787.5,1587.4,1543.2,1758.7,2653,3038.3
2106.9,2127.9,2053.3,2036.9,2041,2054,2942.3,3249.5
1935,2007.8,2131.1,2262,2463.1,2827,3054.3,3040.8
2205.9,2551,2707.1,2722.4,2848.7,2881.7,2827.6,2816
1546.4,2477.5,2125.6,2352.1,2579.7,2585.5,2583.2,2561.7
1750,2665.3,2696,2507.4,2837.9,2839.1,2839.8,2850.8
2270.2,2511.7,2755.6,2808.6,2906.1,3121,3055.9,3454.8
1780,1683.2,2229.1,2537.4,2513.2,2796.8,2853,2924.2
2524.3,2604.3,2647.6,2682.4,2744.8,2795.4,2863.2,2965.3
1764.3,1826.3,1815.8,1793.7,1808.1,1816.5,2173.9,2215.4
2757.6,2779.5,2772.6,2798.5,2839.8,2864.7,2906.5,3258
2806,2813.7,2836.2,2834.4,2834.5,2904.6,3058.8,3206.8
2837.3,2895.1,2909.4,2921.8,2930.4,2958.3,2975.6,3194.3
2618.7,2624.6,2667.4,2707.5,2654.1,2665.9,2777.4,2910.8
2421.3,2443.9,2460.1,2406.4,2472.5,2694.4,2971.7,3075.1
2442.9,2456.7,2440.4,2475.2,2593.7,2704.4,2839.4,2866.4
2514.5,2518,2535.8,2550.9,2518.1,2567.4,2654.2,2806.2
2879.8,2845.4,2876.7,2938.4,2887.6,2920.8,3081.4,3164.6
2948,2944.2,2974.7,3000.5,2981,2968.1,3124.6,3207.9
2669.9,2711.7,2818.2,2456.7,2958.7,2966.3,2957.2,2956.9
2841.8,2944.2,2977.8,3060,3085.5,3085.7,3011.1,3129.2
2814.9,2996.8,2992,3121.4,3163.7,3194.1,3207.3,3204.4
2937.1,2954.1,2958.1,2979,2996.3,2995.3,3000.6,3013.5
2824.3,2893.6,2930.6,2974.6,2993.3,2975.6,2981.4,3093.2
2628.7,2836,2849.2,2872.9,2836.4,2938.8,3016.9,3033.8
2378.5,2680.3,2708.5,2747.5,2722,2751.5,2828.7,2908.9
2281.3,2543.6,2563.3,2540.5,2577.9,2656,2742.6,2910.3
2607,2931,2944.2,2978.7,2979.5,3008.2,3038.2,3051.1
2998.8,2989,3004.1,3025.7,3042.3,3032.5,3057.6,3102.2
2471.5,2476.9,2504.8,2473,2498.3,2567,2619.2,2709.7
2530.9,2588.9,2640.2,2650.9,2605.4,2675.9,3087.7,3412.3
2166.5,2197.4,2204.4,2196.6,2207,2223.8,2351.6,2817
2356.5,2369.8,2370.4,2366.5,2408.1,2457.3,2486.7,2515.6
2136.2,2273.1,2341.7,2323.1,2296.8,2422.6,2541.6,2803.3
2462,2394.1,2498.8,2559.3,2570.2,2600.7,2637.7,2663.1
2296.1,2349.4,2407,2456.5,2490.6,2434.6,2454.1,3188.9
2142.4,2767,2901.2,2914.7,2961.2,3196.5,3321.8,3389.3
2802.5,2946.6,2870.9,3010.1,3038.6,3071.3,3093.8,3106.2
2379,2417.9,2435.2,2527.8,2496.9,2554.7,2605.4,2627
1533.5,2808.8,2816.6,2787,2855.3,3061.6,3167.2,3188.3
2853.3,2910.5,2944.8,2970.4,2970.4,3028.3,3098.8,3233.9
1905.1,2126.9,2251.1,2257.3,2249.7,2251.1,2266.7,2489.4
2172.5,2454.3,2478.6,2448.9,2493.5,2542.3,2574.8,2631.9
2578.6,2584.3,2679.9,2763.8,2642.8,2758.6,3043.2,3172.6
2008.7,2009.9,2008.1,1975.4,1984.9,2054.3,2146.5,2518.4
2048.3,2074.1,2075.3,1981.8,2058.7,2662.9,2987.1,3070.4
2660.2,2668,2684.5,2657.9,2681,2780.5,2920.1,2997
2704.3,2726,2790.2,2803.2,3085.7,3148.3,3172,2970.5
2836.2,2854.6,2901.8,2958.5,2876.8,2997.3,3138.6,3191.7
2874.7,2962.4,3009,3032.9,2911.3,3049.1,3101.4,3176.7
2633.9,2812.9,2891.2,2913.5,2949.5,2975.4,3063.7,3097.6
2956.9,2975,2998.1,3083.8,3057.3,3127.2,3141.1,3158.7
2539.4,2610.8,2634.7,2625.9,2614.8,2679,2842.7,2926.5
2324.4,2325.2,2358.8,2364.1,2462.3,2491.5,2510.2,2544.1
2488.5,2523.5,2572.4,2568.3,2620.8,2733.2,2825.9,2935.3
2426.8,2425.5,2500.1,2479,2448.3,2766.1,2993,3039.4
2380,2416.7,2651.5,3060.9,3100.5,3103.9,3181.2,3236.3
2907,2945.2,3009.3,3026.4,3030.7,3038.4,3052,3086.2
2638,2641.2,2697.8,2758.2,2603,2746.6,2994.9,3081
2514.1,2516.1,2532.6,2527.7,2516,2625.4,2735.2,2857.2
2357.2,2513.5,2554.9,2489.8,2520,2912.3,3090.7,3167.4
2136.4,2138.1,2121.9,2170,2225.6,2247,2304.9,3007.2
2390.1,2400.6,2429.6,2387.8,2509.3,2728.3,2884.1,3029.4
2712.3,2694.7,2739.1,2773.1,2770.8,2786.3,2799.2,2858.6
2692.9,2659.9,2764.1,2881.2,2844.7,3034.9,3059.6,3083
2264.4,2429.8,2430,2499.4,2638.4,2993.6,3251.9,3403.2
2276.3,2377.6,2430.8,2457.1,2357.3,2380.1,2599.4,2970
2753,2784.8,2868.7,2931.2,2803,2991.1,3050.8,3069.6
2811.9,2838.4,2882.4,2905.8,2929.5,2922.9,3064,3157.5
2508.9,2795.9,2802.4,2818.2,2834.5,2876.2,2923.9,2974.1
2522.3,2776.2,2900,2938.2,2922.8,2973.8,3100.8,3191.9
2322.3,2616.7,2639.6,2639.5,2653.5,2696.8,2772,2823.5
2059.6,2065.7,2049.9,2065.5,2108,2645.5,2936.4,2747.2
2653.9,2548.8,2641.1,2731.2,2873.9,2775.3,2987.3,3284.9
2146.3,2260.7,2368.2,2235.6,2254.4,3240.6,3290.6,3353.8
2396.1,2735.9,2853,2773,2906.4,2932,2981.2,3053.8
2535.4,2656.4,2687.1,2736.7,2688.8,2744.8,2871.3,2992
2431.4,2566.4,2641.8,2635.9,2663.9,2830.2,2942,2994
2389.2,2653.9,2674.8,2692.3,2728.3,2795.6,2841.3,2865.5
2372.7,2459.8,2506.8,2268.4,2845,3018.2,3042.9,3046.9
1782.1,2734,2744.3,2652.9,3091.3,3099.3,3161.7,3253
2028.9,2070.1,1991.8,2010.4,2115.7,2662,3051.2,3196.4
2279.4,2295.5,2278.7,2287.1,2358.9,2598.5,2879.1,2972.5
2621.7,2697.7,2791.4,3202.4,3591.8,3864.5,3780.6,3927
2263.1,2329.5,2358.7,2319.4,2310.3,2344.2,2785.1,3130
2686.8,2734.3,2772.8,2793.6,2775.8,2904.2,3092.4,3167.6
2266,2300.9,2310.2,2172.2,2295.3,2763,2900.9,2920.7
2908.7,2899.1,2922.3,2930.6,2920.4,2979.2,3037.5,3070.8
2789.4,2821.8,2832.2,2903.5,2873.1,2966.3,3099.8,3159.5
2416.4,2429.3,2436.6,2427.6,2443.4,2561,2796.8,2838.3
2760.3,2897.9,2926.3,2960.5,2961.2,3002.4,3123.9,3186
2181.2,2453.6,2488.2,2538.1,2584.8,2846.2,2992,3136.6
1933.8,2397.6,2422.9,2886.3,3289.9,3364.8,3371.2,3394.4
2350.4,2373.3,2301.2,2341.7,2577.2,3100.4,3229.8,3375.2
2854.8,2862,2875,2885.6,2878.3,2944.7,3053.7,3128
2623.4,2634.4,2672.6,2646.6,2702.2,2834.5,3025.4,3186.7
1991.9,2025.5,2021.2,2008.7,2017.5,2046.5,2334.9,2669.5
2405.1,2529.9,2546.1,2564.1,2546.1,2633.5,2817.2,2954.1
2481.3,2505.9,2508.1,2527.7,2559.6,2967,3117.5,3267.8
2443.9,2462.9,2476.7,2431.2,2618.5,2778.2,2805.8,2865.2
2565.2,2613.6,2691.6,2615.6,2819.8,2922.4,2971.8,2978.4
2276.9,2308.4,2527.3,2579,2634,2534.8,2592.1,2863.4
2366.7,2403.2,2404.2,2431.8,2524.2,2674.8,2860.5,3110.3
2216.1,2244.3,2223.3,2212.1,2335.9,2719.8,2974,3054.1
2842.3,2936.1,2974.7,2995.9,3053,3052.7,3139.7,3223.7
1998.8,2811.8,2845.6,2866,2900.2,2866.9,2922.6,2992.7
2775.9,2781.7,2854.2,2888.1,3008.9,3014.7,3005,3043.4
2652.4,2754.5,2835.9,2794.2,2889.9,2983.4,3038.1,3070.4
2519.8,2611,2715.8,2550.6,2581.7,3047.5,3118.1,3099
2743,2881.4,2752.2,2956.9,2995.4,3045,3102,3236.5
2808.9,2823,2840.4,2864.7,2908.2,2957.5,3036.7,3169.8
2359.3,2405.3,2453,2316.1,2432.5,2668.2,2784.9,2825.2
2215.1,2325.8,2344.1,2296.8,2416,2551.3,2598.8,2635.3
2448.5,2520.2,2355.6,2591.3,2673.1,2705.2,2725.2,2743.1
2625.3,2721.5,2752.5,2789.2,2866.1,3074.2,3083.3,3206.1
2538.4,2577.6,2581.9,2609.2,2647.9,2671.3,2733.7,2871.8
2550.9,2588.8,2657.6,2624.6,2702.7,2759.2,2849.2,2943
1940.2,1942.2,1917.2,1928.1,1970.4,2378.2,3053.7,3183.8
2739,2750.9,2821.4,2776.4,2878.4,2985.3,3051.9,3094.6
2293.6,2325.3,2403.8,2452.6,2446.7,2633.1,2925.3,3051.9
2726.7,2685.7,2679.4,2824.3,2877.5,2937.5,3152.9,3308.4
2720.7,2913.7,2918.2,3033.2,3043.4,3031.8,3099.4,3380
2668.4,2691.8,2731,2731.2,2664.7,2702.3,2853.2,3212.9
2217.9,2282.4,2292.4,2315.5,2379.8,2449.2,2516.1,2607.5
2426.4,2460.9,2525.6,2522.8,2429.5,2535.3,2928.4,2938.5
2590.3,2599,2619.7,2597.7,2636.6,2884.3,3073.2,3192.9
2249.9,2268.4,2273.8,2282.7,2315.4,2404.3,3048.3,3143.5
2512.4,2808.8,2883.4,3058,3006.9,3118.3,3141.7,3166.7
2434.9,2439.4,2580.9,2532.1,2531.6,2769.9,2981.4,3081
2610.3,2849.6,2871.1,2900.1,2923.2,2919,2966.5,3127.5
2408.9,2426.3,2444.9,2425,2463.4,2632.2,2870.8,2928.5
1828.5,1850.2,1849.4,1847.1,1857.6,1842.1,2649.6,3371.8
1934,2017.1,1954.7,1955.7,2029.2,2131.3,2410.9,2435.6
2209.1,2777.6,2854.5,2719.6,2898.9,3109.5,3123.7,3126.9
2654.7,2811.6,2889.5,2902.4,2950.9,2976.3,3000.7,3023.4
2874.4,2910.5,2948.3,2957,2954.7,2990.5,3027.3,3064.5
2043.7,2049.7,2060.2,2090.4,2152,2274.5,2520.3,3097.9
2293,2303.9,2347.8,2364.3,2306.9,2367.1,2456.7,2638.4
2727.9,2770.7,2788.4,2825.9,2851.9,2898.8,2957.4,3067.9
2693.5,2709.4,2717.4,2737.8,2781.9,2837.8,3036.5,3301.8
2160.3,2689.3,2703.3,2701.5,2714.7,2770,2850.5,2939.5
2235,2292.5,2322.3,2355.5,2504.1,2691.6,2791.3,2817.9
2611.1,2747.3,2722.6,2804.4,2849,2860.3,2890.7,3230.3
2647.5,2658.1,2758.3,2775.9,2781.6,2833.1,2910.6,2993.7
2322.1,2385.8,2437.5,2277.5,2307,2510,2953.2,3060.8
2132,2125.6,2154.9,2194.5,2260.8,2393.1,2794,3123.4
2493.4,2500.2,2520.9,2482.1,2517.1,2677.1,3069.7,3194.2
2425.4,2643.7,2665,2668.5,2696,2787.5,2862.8,2918.1
2345.7,2555.2,2673.8,2672.7,2800.3,2817.3,2849.6,2859.5
1822.3,1868.1,1984.5,2028.5,2205.5,2729.9,3317.9,3462
1683.6,2719.5,2788.3,2743.3,2681.2,2928.5,3046.7,3108.4
2909.1,2948.1,2969.3,2995.1,2997.8,3005.6,3018.8,3035.5
2741.7,2892.7,2926.6,2945.2,2944.2,2940.2,2976.8,3047.9
2658.9,2810.1,2887.1,2874.4,3004.9,3036.9,3042.5,3075.2
2167.8,2297.5,2317.6,2351.7,2384.5,2395,2504.8,2638.5
1974.4,1991.4,1977.5,1956.2,1977.2,2003.8,2052.1,2221
1907.8,1927.6,1939.8,1963.7,1993.2,2163.1,2476.1,2423.7
2223.1,2231.9,2221.1,2210.9,2228.5,2252,2586.4,2869
2701.7,2717.9,2732.4,2753.4,2782.6,2772.4,2817.3,2880.8
2402.3,2913,2920.6,2926.3,2910.2,2979.3,3387.2,3315.6
1665.4,1638.2,2520.4,2809.3,3213.2,3237.1,3258.2,3317.3
2664.7,2954.2,3046.3,3118.1,3175.2,3195.6,3231.1,3314.4
2684.6,2898.7,2940.3,3023.3,3072.5,3062.9,3152,3212.5
2647.2,2777.4,2822.4,2811.9,2906.2,2953.8,3067.5,3113.5
2498.9,2723.5,2781.3,2816.3,2804.5,2837.1,3055.7,3237.6
2621.4,2686.2,2725.8,2741.5,2744,2832.3,3021.1,3216.2
2126.2,2407.6,2443.3,2477.4,2514.8,2558.9,2603.3,2593.2
1652.1,2191.4,2392.1,2484.3,2748.2,3029.4,3087.3,3136
2434.3,2501.5,2605.8,2546.4,2616.1,2739.3,3026.5,3145.3
2329.1,2859.9,2888.5,2889.7,2907.4,2969.8,3074.1,3185.3
2558.9,2720.9,2753.3,2743.9,2756.3,2868.9,3038.2,3027.7
2296.1,2324.3,2347.5,2346.6,2339,2459.7,2581.8,2626.3
2221.6,2540.1,2578.6,2576.8,2623.2,3029.9,3586.6,3629.6
2702.6,2865.6,2861.8,2908.4,2890.3,2942.8,2955.9,2966
1929.5,2246.5,2259.6,2284.2,2318.4,2406,2901.3,3157.1
2365.5,2510.7,2539.5,2567,2583.3,2574.2,2576.7,2657.1
2359.2,2540,2591.1,2651.5,2605.7,2509,2685,2948.3
2708.8,2731.5,2852.5,2674.5,2869.3,2975.4,3081.4,3301.4
2052.3,2053.4,2058.4,2086.6,2157.2,2414.5,2637.6,2637.1
2581.1,2665.9,2688.2,2719,2710.3,2709.1,2800.9,2912
2349.8,2771,2790,2919.1,2833.3,2823.8,2936.1,3201.8
2107.4,2146.4,2177.8,2235.3,2390.6,2888,3249.3,3248.5
2051.3,2296.8,2361,2374,2424.4,2478.5,2547.7,2688.5
2725.2,2753.7,2775.5,2807.2,2802.9,2812.9,2851.5,2894.1
2288.7,2223.5,2404.2,2475.3,2469.2,2506.5,2615.3,2676
2683.8,2743.3,2679.1,2777.2,2792.6,2801.1,2812.5,2827.7
2537,2635.5,2655.6,2684.4,2715.6,2744.9,2804.8,2856.3
2229.9,2429.7,2496,2521.1,2483.5,2515.6,2669.1,2746.4
2478.7,2493.7,2529.2,2537.7,2534.5,2595.8,2711.1,2851.9
2530.3,2711.7,2360,2514.7,2780.1,2785,2771.7,2776.1
2522.5,2685.4,2774.4,2791.3,2769.9,2938.1,3009.1,3018.6
2830.2,2958,3002.3,3018.4,3117.6,3211,3247.7,3280.5
2216.1,2407.2,2442.7,2457.4,2479.4,2553.1,2640.9,2732.1
1965.9,2431.9,2480.2,2488.3,2453.8,2484.1,2565,2694.3
2586.2,2663.6,2728.4,2768.7,2767.2,2881.8,2971.1,3000.6
2178.9,2202.4,2216,2273.6,2346.1,2506.4,2849.6,3044.2
2254.7,2272.6,2264.8,2279.9,2377.5,2578.3,2891.5,3078.8
2460.2,2528,2579,2491.5,2643.4,2804,2991.6,3078.6
2485.3,2596.7,2929.5,2945.7,2919.8,2976.2,3133.1,3286.9
2415.4,2767.9,2869.9,2877.8,2888.4,2954.5,3045.2,3112.2
2596.2,2647.5,2710.8,2661.1,2773.4,2910.4,2973.4,2993.5
2568.1,2674.3,2782.1,2831.5,2778.5,2949.5,3125.5,3224.7
2283.5,2410.6,2489.7,2470.1,2655.3,2784.3,2881.8,2899.2
2912,2953.1,2971,3004.8,3052.8,3108.9,3169.6,3257.4
2487.8,2722.4,2762.3,2771.9,2808.7,2871.1,2940.1,3018.6
2118.1,2821.6,2924.4,2875.5,3004.6,3095.9,3126.9,3156.6
2266.9,2446.9,2501.6,2438.8,2463.7,2583.8,2862.2,2951.8
2872.1,2936,3006.8,3064.9,3121.3,3177.7,3239.4,3297.5
2546.8,2866.2,2963,3052.2,3076.2,3197.3,3243.3,3320.5
2540,2555.3,2574.2,2618.3,2872.7,2922,2940,2979.7
2897.3,2948.8,3013.2,3051.3,3071.7,3084.7,3127.8,3174.8
2595.1,2745.5,2831.7,2923,2932.6,2929.3,2985.4,3049.1
1967.5,2304.1,2354.6,2381.1,2329.7,2386.2,2628.2,2870.8
2292.7,2560.5,2606.1,2592.9,2617.8,2684,2809.8,3104.9
2817.1,2806.1,2905.8,2983.7,2974.6,3031.5,3097.8,3136.9
2058.6,2056.7,2007.8,2020.8,2197.1,2883.8,3314.1,3324.8
1673,2137.2,2392.1,2399,2434.5,2741.8,3000.7,3005.1
2555.5,2607.9,2732.5,2895.1,2805.4,2843,3159.2,3239.4
2523.8,2732.2,2749.8,2737,2777.3,2865.2,2955.7,3089.3
2010.7,2435.1,2759.3,2687.1,2799.5,3123.9,3158.4,3166.3
2813.9,3021.3,3121.3,3139.7,3232,3274.5,3310.6,3377.6
2702.7,2824.4,2864.1,2844.7,2883.1,2931.3,3081.2,3217
1710.6,2750.4,2821.9,2895.5,2882.7,3006.7,3057.6,3098.9
2361.7,2616.6,2638.6,2612.9,2650.6,2778.1,2862.1,3091.9
1928.8,1997.5,1976.6,1940.2,2021.2,2272.5,2813.6,3124.9
2086.7,2219.5,2298.7,2451.3,2793.3,2852.6,2870.8,2885.6
2114.7,2168.3,2119.1,2263.3,2797.1,3023.1,2790.9,2903.5
1455,1608.6,1737.5,2061.1,2045.5,2029.9,2029.2,2019.2
2060.1,2125.8,2188.8,2116.7,2129.5,2596.4,2840.5,2824.1
2100.9,2350.6,2517.9,2312.7,2866.2,2908.7,2934,2965.5
2332,2862.7,2890.5,2876.5,2938,2970.1,3247.2,3828.9
1962.6,2169.7,2593.2,2828.1,2872.2,3017.7,3037.4,2904.5
2190.1,2495.7,2709.6,2787.5,2747.2,2921.2,3000.8,2987.5
1757.4,2276.3,2763.6,2776.6,2869.9,3082.9,3127.9,3150.1
2128.8,2253.6,2817.7,2920.3,2941.3,3062.7,3035.5,3028.9
2013.5,2452.6,2456.3,2563.2,2786.3,3076,3202.1,3195.1
2056.4,2225.3,2616.6,2698.7,2689,2634.6,2519.4,2680.7
2049,2341,2278.4,2580,2773.4,2811.2,2846,2933
1670.1,2100.3,2181.1,2552.4,2636,2530.3,2778.1,2833.5
2385.9,2411.3,2654.6,2229.8,1696.9,2898.2,3003.3,2985.9
2111.3,2414.9,2462.1,2554.4,2273.6,2538,2917.3,2920.7
2028.7,2078,2020.8,2108.1,2411.4,2712.3,3039,3274.3
2193.5,2429.4,2492.3,2489.5,2393.6,2440.5,2712.1,2747.2
1243.5,2303,2337.3,2320.7,2266.5,2406.4,2594.9,2730.6
1833.8,2084.6,2216.7,2367.1,2202.4,2521.7,2607,2526
1886.3,1984.5,2269.7,2277.6,2649,2933.9,2997,2977.6
1828,1836.6,1834,1729.3,1719,1746.9,2005.9,2338.5
1625.4,1546.3,2118.4,2501.3,2503,2612,2896.3,3073.1
1791.8,1781.4,1784.2,3046,3027.9,3039.4,3289.7,2212.4
1700.7,1721.3,1858.7,1994.3,2415.7,2819.5,2824.4,2685.5
1631.7,1908,2006.2,2040.1,1742.2,2111.2,2425.7,2468
2368.3,2629.4,2889.4,2979.3,2420.8,2961.3,3078.1,3061.8
1398.4,1509.4,1572.5,1689.1,2197.2,2405.2,2241.2,2225.3
1645.6,1740.7,1995.2,2387.6,2201.4,2470.5,2459.4,2591
1797.2,1797.9,1752.9,1749.1,1743,1711.6,1950.9,2331.1
2006.1,2339.2,2767.4,2938.2,2940.2,2954.9,3026,2702.2
2042,2344.3,2661.7,2756.6,2796.8,2818.2,2903.1,2820.3
1975.5,1981,1975.8,1995.3,2006.3,2874.3,2899.3,2862
1789.1,1777.3,1989.1,2592.2,2920.5,2958.9,2980.8,2696.3
1761.5,1758.2,1857.9,2868.1,2981.3,2942.7,3008,2919
1719.6,1850.4,1932.1,1908.9,2245.6,2696.5,2713.9,2452
1716.5,1737.8,1721.1,1807.1,2111.6,2595.6,2567.8,2479.7
1942.4,2131.1,2427.9,2724.7,2805.1,3055.7,3223.7,2874.9
1839.3,2342.2,2558.6,2585.7,3077,3092.4,3140.3,3095.1
1481.9,1571.1,1684.3,2011.1,2360.7,2679.6,2576,2266
2028.7,2244.7,2561.9,2786.4,2802.5,2868.2,2955,2981.6
2392.8,2604.6,2752.6,2719.6,2860,2704.6,2710.2,2966.1
1953.6,2031.2,2192.9,2320.8,2410.1,2373.3,2435.2,2615.7
1600.5,1746.2,2173.1,2540.3,2577.1,2558.5,2526.2,2234.6
2126.4,2161.3,2185,2319,2297,3049.6,3328.4,3356
2409,2528.2,2465.3,2768.1,2596,3325.1,3545.8,3824.3
2036.5,2062.6,2134.9,2298.6,1893.4,2288.5,2276.7,2942.4
2212.7,2384.1,2508.8,2582.5,2804.8,2852.8,3032.3,3072.4
1691.7,2450.3,2443.4,2502.9,2539.4,2540.3,2560.9,2657.3
1952.7,2045.5,2012.6,2006.7,2067.7,2186.1,2884.8,2946.8
1980.8,1990.9,2071,2254,2326.6,2470.3,2701.8,2857.8
1981.6,2008.3,2027.3,1981.2,1983.5,2072.1,2432.5,2935.8
2023.7,1914.7,2013.2,2112.3,2089.7,2088.6,2126.6,2254.5
1957.9,2228.4,2452.6,2390.1,2391.2,2456.3,2672.3,2730.1
1383.8,1742.5,1693.5,1912.6,2368.8,2574.2,2498.5,2429.2
1654.3,2085.3,2130.6,2014.9,1899.3,2240.7,2542.7,2476.2
2108.9,2224.6,2244.6,2232.3,2148.8,2379.2,2786.4,2751.4
1514.5,2026.5,2038.5,2005.3,1991.5,2022.4,2054.4,2237.7
1973.3,2044,1933.2,1972.3,2034.4,2040.4,2157,2120.1
1955.8,1903,2078.2,2120.8,2168.4,2219.3,2385.6,2864.2
1742.7,1836.5,2106.1,2141.5,1928.7,2237.5,2366.4,2358.8
1844.8,2508.4,2513.6,2615.6,2479.8,2758.3,3048.8,3085.3
2342.2,2377.9,2383.6,2428.8,2422.1,2413.8,2447.4,2462.5
2383.5,2379.6,2421.2,2386.2,2328.2,2433.9,3049.7,3342.2
1803.1,2052.1,2097.7,2086.7,2120.9,2324.5,2420.7,2922.4
2340,2372,2311.7,2424.6,2413.8,2402.4,2443.5,2548.6
2147.5,2374.6,2390.7,2407.7,2402.2,2393.6,2435.4,2501
2224.8,2228,2246.4,2267.5,2234.9,2215.6,2324.4,2434.8
1604.7,1786.3,1827.6,1791.9,1772.6,1773.2,1803.1,1829.8
1709.5,1811,2004.4,2111,2120.5,2152.3,2162.3,2166.2
1945.7,2190,2393.3,2422.4,2366.7,2306.6,2365.4,2467.4
2120.9,2480.6,2514.8,2607.2,2593.4,2632.3,2727.9,2853.2
2020.6,2322.4,2317.4,2344.7,2307.3,2258.8,2522,2701.8
2017.5,2250.9,2304.1,2239.5,2308.4,2280.2,2324.9,2443.9
2076.2,2538.4,2698.1,2891.8,2964.5,3263.9,3396.6,3549.7
2396.1,2528.9,2699.1,2668.5,2830.5,2849.8,2877.6,2902.2
2045.2,2376.5,2561.9,2630.4,2748.6,2757.5,2778.3,2588.9
2015.1,2077.3,2199.5,2148.9,2576.8,2736.7,2893.9,2886.8
2412.6,2516.2,2616.9,2728.6,2788.5,2904.6,3012.6,3101.9
2370.5,2446.6,2530.2,3034,3244.5,3457.6,3506,3783.7
1600.8,1598.9,1873.3,2303.1,2422,2543.6,2603,2732.5
1537.8,1588.8,1700.3,1797.1,2072.9,2483.9,2579.9,2607.8
1361.2,1358,1701.3,2125.3,2626.5,2758.3,2625.9,2585.1
2053.6,2044.4,2174.8,2355.7,2522.6,2752.8,2979,3404.8
2216.4,2311.9,2530.1,2544.7,2563.5,2644.6,2674.8,2637.9
1977.2,2052.6,2308.2,2172.5,2408.4,2491.7,2443.6,2415.6
1955.7,2092.8,2091,2132.2,2192.8,2315.8,2389.7,2492
1727.2,1658.9,1726.8,1850.7,2470.2,2718.1,2723.4,2694.1
2139.6,2250.4,2206.9,2436.6,2759.4,2964.2,3156.5,3288.8
1777.3,1801.7,2362.5,2216.2,2401.6,3155.8,3186,3168.1
2232.9,2290.5,2661.3,2577.1,2833.7,2958.1,2922.5,2969.6
2146.4,2043.9,2086.9,2565,2731.8,2950.7,3043.8,3047.6
2048,2088.7,2073.3,1843.8,1871.8,2549,3089.6,3104.7
2286,2341.9,2502.6,2517.2,2054.5,2485.4,2988.9,3003.6
2337,2382.7,2446,2412,2473.7,2614.7,2701.7,2776.9
1717.1,1818.8,1912.7,2059.3,2367.4,2548.6,2644.6,2766.4
1940,2363.9,2347.6,2325.7,2244.9,2685.1,2880.8,2925.7
2114,2359.7,2722.1,2858.2,2477.6,2991.2,3025.3,3048.9
2319,2445.5,2563.8,2545,2523.8,2749.1,2900.8,3002
1496.6,1492.5,1456,1405.1,1396.4,1407.4,1416.7,1543.6
1597.3,1667.1,1650.8,1584.4,1619.2,1692.2,1686.4,1830.4
1897.3,2287.1,2186.7,2287.4,2479.5,2871.8,2829.2,2995.4
2014.6,2037.6,1998.3,1943.2,1972,1958.8,3090,3101.8
2145.6,2526,2591,2677.7,2707.3,2784.8,2801.3,2768.2
1967.2,2435.9,2540.8,2281,2391.5,3121.3,3296.8,3386.9
1736.9,2072.6,2080.7,1997.8,2389.7,2705.2,2818.9,2894.9
1504.9,1580.6,2035.8,2337.7,2377.9,2358,2338.3,2369.2
2181.9,2355,2532.4,2540.2,2599,2788.9,2973.2,3451.1
2195,2394.8,2452,2356.3,2485.3,2428.2,2777.8,3019.5
2098.6,2207,2270.3,2194.1,2110.5,2158.1,2813.7,3067.7
2591.2,2769.6,2802.5,2855.4,3021.8,3056.7,3067.8,3246.2
1872.2,2017.8,2289.7,2281.4,2260,2891.4,3242.2,3344.4
2323.5,2193,2503.4,2532.5,2496.2,2483,2606.1,2690.5
1920.2,2207,2529.8,2538.8,2535.3,2516.2,2645.2,2708.1
1564.6,1793.5,1907,2786.2,2791.8,2813,2470.6,2669.9
1407.8,2364.2,2457.2,2502.3,2515.7,2544.1,2546.4,2621.4
2238.4,2293.8,2322.2,2258.6,2673.8,2742.2,2576.3,2703.2
1918.5,1910.7,1936.4,2157.1,2469.4,2773.6,3338.9,3458.7
1543.2,1668.3,1655.7,1597.8,1556,1947,1985.4,1834.6
2590.7,2609.1,2650.6,2557.1,2545.8,2778.6,2835.3,2881.6
1518.9,1594.3,1863.6,1894.5,2083.1,2502.4,2476.7,2390.8
1979.8,2372.7,2424.3,2056.4,2548.1,2980.5,3044.4,3045.7
1637.4,1842.3,2038.7,1856.9,2025.8,2560.4,2560.4,2485.6
1704.1,1678.3,1667.3,1665.9,1647,1853.8,2260.5,2067.1
1827.8,1797.6,1825.9,1881.6,1999.6,2342.3,2478.3,2385.8
1985.7,2107.1,2086.4,2011,2540.2,2607,2637,2860.6
1801.6,2134.7,2453.4,2483.4,2358.5,2654.4,2762.2,2716
2325.9,2591.9,2809.1,2864.2,2879.8,3088.9,3219,3444.3
1387.7,1909.1,2503,2383.4,2354.1,2715.6,3227.9,3315.6
1882.9,2310.4,2574.5,2581.1,2552.6,3098.2,3335.2,3262
2249,2567,2624.3,2624.4,2687.2,2841.9,2906.1,2643.5
2346.5,2507.3,2539.5,2607.6,2787.7,2945.8,2979.3,3121.2
2026.3,2327.6,2436.4,2439.9,2231,2570.2,2648.5,2613.8
2262.6,2444.7,2533.4,2595,2597.9,2660.9,2714.9,2482
1835.9,2237.4,2215.8,1852,2451.8,2490.9,2485.2,2498
1519.2,1645.2,1569.6,1545.1,1579.2,1643,2241.8,2380.1
1942.5,1937.7,1942.4,2097.3,2187.8,2967.6,2863.2,2921
2103.4,2095.9,2160.7,2013.9,1973.1,2247.9,2573.5,2615
2288.7,2432.2,2417.8,2426.6,2444.3,2695.4,2595,2570.5
2046.3,2393.1,2490.7,2556.3,2592.2,2719.6,2602,2591.5
2160.6,2246.7,2308.1,2342,2865.5,3216.7,3248.2,3189.1
1370.8,1731.6,1893.5,2226.7,2388.9,2339.5,2348.3,2435.5
2074.4,2232.8,2255,2283.9,2149.2,2326.1,2369.9,2374.8
1999.5,2058.5,2011.5,1994.6,2080.3,2223.9,2586.9,2966.7
1805.6,2211.7,2451.2,2486.5,2587,2596.2,2575.6,2320.6
2089.2,2451.7,2524.9,2709.2,2999.8,3026.3,2783.4,2677.6
2108.3,2287.3,2293.2,2391,2939.5,3169,3173.5,2767.1
1883.2,2056.1,2091.5,2020.5,1995.3,2407.6,2453.1,2287.5
2027.3,2207.9,2428.3,2276.7,2575.8,2888.9,2922.6,2711.7
2087.4,2689.4,2821.3,2733.5,2990,3091,3154.6,3232.8
2621.9,2885.7,3187.1,3406.8,3655.4,3710.2,3807.7,4007.8
1359.8,1358.1,1632,1675.9,2189.7,2251.9,2158.1,2351
1671.3,1960.6,2296.6,2384.4,2331.9,2443.6,2523.3,2396.7
1488.4,1639.1,2016.1,2353.2,2342.2,2454.9,2489.2,2469.1
1318.3,2073.3,2528.8,2484.2,3080,3107,3167.3,3187.9
2158.1,2464.7,2603.7,2320.7,2376.6,2966.7,3020.9,3066.7
2312.5,2487.7,2564.9,2624.2,2616.4,2664.1,2771.4,2733.9
1829.7,1918.2,2482.2,2345.7,2439.1,2576.9,2556.2,2589.2
1509.8,1722.3,1973.9,2535,2599.5,2389.4,2498.6,2914.3
1358.2,1341.2,1403.1,1591.8,1819.6,2572,2579.5,2911.4
1891.7,1904.4,1897.7,1823,1830.9,2208.5,2550.7,1961.3
1906,1923.6,1949.1,2001.1,1997.5,2489.5,2901.9,2463.3
2248,2294.4,2425.7,2592.1,2750.8,2880.4,2885.6,2547.9
2049.9,1903,2269.5,2508.9,2703,2655.2,2796.4,2996.5
2035.6,2171.2,2518.1,2640.7,2812.8,3303.1,3509.7,3550.9
2026.9,2386,2459.8,2204.7,2443.5,2899.4,2853.6,2882
2298.4,2363.3,2439.9,2515.8,2531.8,2607.7,2507.4,2432.6
1559.2,2374,2391.8,2426.5,1892.4,2400.9,2731.4,2777.3
2154.8,2645.3,2846,2454.8,3237.4,3483.2,3511.5,3695.8
1997.1,2174.5,2415.5,2442.9,2513.3,2576,2697.7,2258.5
2177.6,2826.9,2983.4,3043.5,3130.1,3126.6,3144.4,3154.4
2163.7,2228.3,2112.4,2360.8,2413.6,2799,2812.5,2711.2
2116.3,2364.6,2489.8,2493.2,2547.8,2658.9,2646,2406.6
2447.8,2600.3,2628.3,2720.7,2840.6,2927.9,2852.4,3240.1
2247.4,2268.7,2323.8,2331.5,2231.4,2181,2428.2,2884.5
1498.1,1878.6,2059.9,2143.1,2129.1,2096.5,2080.6,2136.3
1965.7,2058.3,2107.1,2097.8,1989.3,2050.5,2235.6,2507.2
2159.1,2222.9,2290.2,2345.6,2298.4,2453.6,2672.6,2554.3
1862.4,1865.9,1859.6,2077.5,2350.8,2992,3266.5,2649.2
1505,2134.4,2149.3,2159.9,2164.1,2166.2,2147.9,2150.6
2309.9,2312.4,2362.7,2407.9,2291.1,2503.3,2414.2,2446.4
1288.7,1643.7,1915.5,1889,1894.3,1996.6,2147.8,2189.9
1705.8,2385,2484.5,2557.9,2863.5,3243.2,3374.7,3201.2
2204.3,2275.5,2367.4,2292.4,2782.7,3014.6,2992.7,2866.4
2189.2,2241.6,2209.1,2110.5,2402.8,2379.7,2383.5,2495.1
1696.3,1703.9,1719.9,1746,1777.6,1893.6,1908.9,1929.5
1235.2,1774.8,2200.8,2666.8,2948.4,3056.8,2656.8,2884.8
1710.3,1738.6,2573.4,2752.4,2842.4,2906.8,3106.2,3158.2
1719.9,2099.2,2554.7,2886.9,3033.8,3086.4,3148.1,3553.7
2064.3,2235.4,2514.4,2621.2,2675.3,2473.8,2950.7,3100
1466.9,1602.9,1750.1,2165.3,2741.8,2763.8,2794.8,2814.2
1535,2501.9,2517,2530.8,2536.5,2529.1,2525.2,2570.9
1321,2501.6,2515.3,2540.8,2522.2,2521.4,2563.7,2682.3
2186.5,2360.5,2447,2574.4,2555,2560.8,2669.4,2911.3
2138.4,2195.8,2099.3,2583.2,2819.6,2865.8,2960.4,2992.7
1903.9,1898.9,1891.2,2621.5,2663,2337.4,2733.8,2874.3
2436.1,2469.6,2413.1,2477.9,2613.5,2636.6,2566.8,2565.7
2234,2295.5,2057.8,2180.1,2358.9,2857.1,2859.1,2839.6
1971.3,1975.5,1900.9,1957,2565.8,2840.5,2729.9,2820.1
2017.4,2057.8,2139,2450.3,2621.9,2786.1,3018.7,3315.4
1480.3,1432.8,1541.4,2935.3,2980.3,2985,3013.6,3182.2
1693.8,1832.9,2386,2540.4,1994.2,2434.3,3112,3154.8
2059.9,2369.5,2475.4,2470,2468.8,2784.1,2930.6,3020.8
1425.8,1338.5,1462.9,2808.3,3018.2,3079.9,3171.5,3273.5
1431.3,1534.2,1937.3,2741.1,2951.3,2859.5,2920,3127.7
2170.7,2290,2628.4,2659.9,2931,3536,3851.9,3947
2176.6,2278.1,2341.8,2523.4,2729.8,2892.3,3000.8,3055.8
1395.9,1706.4,2075.8,2496.2,2523.1,2585.1,2915.6,3282.6
2119.2,2154.9,2208.3,2285.7,2349.4,2389.8,2488.3,2753.2
1732.3,1851.8,2195.4,2555.6,2480.4,2731.8,3057.1,3150.4
1802.1,2512.8,2858.5,2858.7,2866.8,2902.7,2951.9,3092.8
1367.9,1296.8,2887.7,3255.2,3299.3,3302.1,3290.6,3536.5
2173.1,2280.2,2503,2657.2,2734.8,2663,2873.1,3053.9
1629.2,1703.3,1828.7,2168.6,2614.5,3027,2970.6,3154.6
1393.2,1487.5,1740.2,1996,2192.7,1697.6,2431.6,2747.3
2800,2916.1,2945.7,3074.7,3212,3293.7,3380.8,3623.1
1538.2,1624.4,2069.3,2267.1,2303.1,2365.1,2470,2516.7
1376.8,1334.9,2183.2,2517.1,2487.4,2227.6,2772.4,2837.5
1779.8,1864.3,1922.9,1962.8,1988.3,2094.3,2307.2,2418.5
1752.5,1797.9,1788.8,1791.6,1852.8,1947.4,2340,2931
1791.1,1793.2,1797,1876.3,2011,2590.3,2731.8,2786.5
1473.4,1796.5,1977.8,2256.3,3357.3,3513.2,3516.6,3537.1
2244.5,2365.9,2513.5,2353.3,2512.4,2693.6,2701.6,2706.9
2267.7,2428.7,2752.6,2776.7,2785.2,2796.8,2905.4,3125.4
2028.4,2207.1,2223.6,2814.8,2769.7,2969.6,2988.8,3015
1872.7,2027.7,1983.9,2021.1,2583.1,3006.9,3016.6,3037.3
2173.2,2755.9,2505.7,2900.3,2909,2918.3,2900.3,2924.5
1614.3,1784.5,2047.1,2290.6,2578.1,2696.5,2720.4,2742.8
1665.9,1766.1,2505.7,2700.7,2888.9,2850.4,2947,3187.4
1663.9,1837.7,2132.5,2670.2,2791.7,2766.8,2758.2,2987.5
1575.2,1692.4,2244.7,2365.6,3059.2,3207.6,3211.6,3236.4
1748.8,2090.6,2098.2,2113,2072.1,2087.3,2175.7,2428.9
1878.4,1961.4,2000.9,2105,2612.9,2511.8,2810.7,2862.4
1695.6,1859.4,1932.6,2199.7,2591.7,2799.7,2858.4,2891.7
2158.5,2452.8,2494,2553.2,2787.2,2908.6,3012,3108.8
2073.9,2158.2,2201.2,2295,2283.3,2369.2,2901.4,2940.3
2213.4,2299.8,2422.9,2479.4,2577.3,2807.5,3057.2,3348
1912.8,2003.3,2048.4,2093.1,1970.1,1959.6,2395.2,2939.3
1728.8,1752.6,1843.6,2162.8,2440.7,1907.5,1795.2,2904.4
2195.5,2445.1,2462.2,2465.4,2450.1,2428.6,3315.8,3373
2494.6,2524.5,2490.5,2745.2,3365.3,3607.3,3619.2,3872.8
1449.1,1806.2,2750.4,2862.6,2990.9,2765.2,2880.4,3147.5
2301.8,2523.4,3220.6,3451,3501.1,3715.5,3937.9,3861.2
1970.4,2039.8,2213.8,2794.1,2961.6,2933.4,3402.2,3892.8
1782.8,1789.1,1889.6,2027.9,2179.2,2241,2944.5,3249.5
1814.8,2019.4,2433.1,2895.9,3283.4,3745,3802.2,4146.4
1347.2,1550.2,2094.5,2186.1,2180.1,2259,2577.1,2847.6
1967.6,1961.7,2028,2360.2,2579.2,3203.7,3666.7,3607.4
2083.2,2091.5,2122.4,2164.5,2133.6,2112.3,2289.2,2795.4
2170.6,2134.2,2305.5,2483.2,2515.4,2807.8,2764.1,3108.9
1985.6,2000.9,2022.8,2039.5,2047.6,2088.4,2673.6,2781.4
1733.9,1796.7,2184.9,2614.9,2922.1,2983.5,2889.5,3145.3
1426.2,1870.3,2742.5,2840,3085.2,3060.3,3098.2,3135
1696.3,1758.9,2403.8,2608.3,2760.4,2794,2886,3019.8
1722.8,1953.1,2435.8,2572.2,2489.8,2479.6,2701,3131.8
1666.8,1982.6,2071,2285.5,2363.5,2637.8,3292.6,3310.2
1804.2,1793.4,2220.1,2489.3,3044.9,3147.7,3232.1,3312.3
2054.4,2108.6,2095.8,2410.1,2745.6,3093.5,3207.6,3290.2
1969.9,2061.4,2218.1,2655.5,3051.5,3232,3375,3998.6
1662.3,1648.3,1643,1706.3,2011.3,2367.2,2627.8,2786.3
1778.3,1947.4,2055.2,2070.6,2113.2,2555.7,3137.6,3150.8
2000,2246.6,2275.7,2267.8,2382.8,2600.6,3010.1,3690.6
1822,2329.5,2672.6,2747.1,2770.9,2810.9,3061.7,3492.4
2266,2355.4,2416,2546,2400.5,2767.3,2981.3,2991.7
1265.6,2923.3,2886.4,3056.9,2723.5,3319.1,3452.6,3462.9
1401.9,1844,2681.2,3046.3,3059.1,2656.7,3037.7,3197.5
1863.5,1822,1821.2,2337.3,2778.5,3083.2,3101.8,3129.2
1819,1814.2,1812.2,1814.6,1812.6,1990.3,3212.7,3217.9
2457.8,2470.4,2584.2,2746.3,2865.6,3078.7,3220.9,3392
1490.9,1835.8,2570.4,2545.9,2607.3,2773.6,2797.9,2995.4
1961.4,2069.1,2699.2,2775.6,2947.2,3007,2998.3,3019.6
1491.8,1946.5,2318.2,2349.7,2374.1,2405,2407.7,2353.2
1681.3,2253.2,2273.5,2273,2249.3,2234.5,2372,2588.4
2145.6,2506.8,2563,2591.7,2607.7,2628.2,2542.7,2599.3
2386.3,2399.3,2424.7,2427.1,2409.3,2437,2551,2828.6
1825.2,1843,2348.6,2844.8,2909.5,2964.4,2996.8,3068.4
2010.3,2204.1,2245.1,2322.6,2622.1,3086.7,3378,3472.6
1851.6,2089.9,2113.2,2111.3,2118.5,2394.5,2666.3,2735.8
2272.1,2421.8,2389.8,2513.4,2572,2659.2,2752.9,2805.1
1531,1824.5,1799.2,2195.1,2866.2,2881.5,3094.7,3103.5
2122.3,2221,2579.6,2611.8,2650.5,2588.7,2692.7,2860.1
2121.5,2178,2568.1,2569.8,2611,2586.9,2637.7,2631.2
1981.1,2056.5,2091.6,2120.8,2175.1,2273.9,2453.8,2520.7
2698.3,2766.8,2977.2,3084.7,3144.1,3318.7,3503.8,3615.2
1867.5,1932.3,2054.9,2410.4,2750.9,2653.5,2982.6,3015.3
1668.4,1681.2,1669.2,2403.9,2755.5,2799.4,2783.9,2794.9
1504.7,1481.7,1853.3,2564.9,2713.5,2980.5,3107.9,3171.3
2354.7,2430.6,2456.9,2373.9,2435.3,3198.3,3300.2,3352.3
1768.7,1929.5,2381.3,3071.9,3387.7,3629.4,3221.9,3673.1
1739.5,2010.3,2546.8,2504.4,2735.9,2802.3,2851.5,2959.9
1953.4,1917.6,1905,2015.1,2108.5,2741.5,3259.4,3274.2
1746.6,2020.2,2478.8,2563.7,2399.1,2567,2878.9,3223.8
1910.5,2331.1,2649.4,2672.1,2694.7,2813.2,3098.4,3423.4
1791,2288.6,2546.5,2489,2374.8,2616.3,3286.1,3589.9
2517.9,2584.5,2722.2,2880,2880.9,2927.8,3234.4,3419.2
2138.2,2296.6,2384.1,2490.1,2327.6,2469.7,2819.4,3024.3
1527.5,1851.9,1710.1,1833.7,2899.6,3152,3183.2,3332.9
1611,1611.6,1597.9,1786,2489.9,2775.4,3322.2,3550.5
1662.2,2191.4,2369,2511.6,2651.1,2689.4,2790.5,2908.7
1945.6,2729.6,2811.1,2808.4,2794.7,2874.6,3086.8,3177.6
1541.3,1604.6,1628.8,2126.6,2585.5,3148,3186.4,3260.7
1713.4,1806.7,1841.5,2116.8,2295,2038.2,3206.1,3269.8
1809.4,1832.1,1912.8,2262.8,1802.2,1910.9,2963.9,2990.7
1646.8,2035.6,2069.2,2001.6,1936.3,2120.2,2572.4,2927
1793.5,1776.4,1774.3,1792,3254,3439.9,3529.5,3548.4
1685.1,1689.5,1681.9,1680.8,1833.5,1842.7,2002.3,2321.4
1397.4,2404.1,3082.3,3074.9,3195.8,3242.3,3283,3365.9
2112.8,2560,2603.8,2632.8,2629.6,2736.1,2835.5,2889.5
1819.2,2077.3,2109.1,2355.5,2567.8,2848.1,2994.7,3379.6
1850.1,1873.5,1893.2,1981.4,2466.8,3166.1,3302.3,3403.3
1733.7,1948.9,2043,2563.8,2660.5,2740.4,2773.5,2643.3
2077.5,2270,2218.3,2192.5,2612.8,3330.1,3394.7,3519.2
1744.7,2326.4,2586.8,2620.7,2663.2,2866.5,3094.6,3369.6
1596,1920.4,2372.6,2467.4,2557.8,2616.9,2401.6,2617.5
1714.3,2465.9,2567.2,2509.5,2506.9,2765.7,3086.2,3173.7
1693.4,1692.7,2097.6,2551.4,2793,2970.9,3175.6,3237.5
2416.8,2672.6,2765.7,2862.5,2919,2974.5,3001.4,3028.3
1537.3,1724.8,2164.6,2551.9,2852.9,2919.8,2863.8,3069.6
1416.1,1574,2834.4,3096.1,3125.9,3133.2,3136.5,3148.3
1534.7,1680.9,2528.1,2753.7,2826.8,2900.3,2873.2,2912.5
1595.4,1558.7,2592,2894.6,2351.5,2784.9,3230.9,3224.7
1365.5,1539,2020.8,2867.6,3019.7,3072.8,3140.7,3224.5
1637.8,1729.5,1822.7,2277.1,2564.4,2771.8,2844.7,2882
1857.2,1881.3,1881.3,1883,1890.5,1895.6,1834.1,2539.2
1892.7,1898.4,1908.4,2109.5,2287.4,2404.6,2744.5,3163.5
2203.7,2394.9,2392.8,2447.6,2793.3,2978.4,2990.3,3067.9
1880.1,2167.8,2337.9,2451.7,2601.6,2740,2831,2874.9
1876.1,1946,2237,2983.9,3086.9,3236.3,3677.9,4447.4
1436.9,1479.2,2192.5,3175.7,2770.7,3376.3,3768.8,3889.8
2165.9,2239.6,2471.8,2567.6,2584.5,2564.9,2734.1,3155.5
2345.7,2461.3,2542.9,2670.3,2925,2906.1,2905.4,2982.7
2238.6,2374.7,2368.2,2564.3,2718.3,2724.8,2709.3,2768
2029.2,2168.7,2433.2,2607.9,2324.9,2539.6,2904.5,3090.9
2520.2,2812.6,2990.5,3286.9,3400.8,3456.8,3492.5,3522.2
1535.2,1625.4,2334.2,2789.4,2857,2900.8,2945,2981.1
1442.4,1588.1,2476.2,2815.7,3047.5,3004.7,3044.3,3144.7
1947.5,1948.2,1941.3,1950.3,2231.7,3130.2,3208.1,3231.2
2267.2,2811.3,2793.3,2853.4,3602.9,3801.6,3924.9,3980
1356.9,2964.4,2985.2,3043.6,3070.8,3080.7,3144.4,3258.7
1543.5,1890.4,1953.6,2091.8,2113.5,2137.9,2152,2203.1
1685.3,2221.9,2751.6,2795.7,2818.8,2794.6,2839.6,3091.5
2162.7,2305.5,2489.3,2813.6,2842,2853.2,2877.7,2910.6
1884.8,2397,2581.8,2570.5,2826.8,3244.7,3702,3771.4
1595.4,2115.8,2605.2,2865.6,2858.9,2866.9,2878.6,2875
1549.6,1762,2397.4,2590,2923.6,2893.9,2949.4,3000.7
1593.2,1753.1,2170.8,2299.7,2763.3,2871.6,2884.3,3370.8
2012.2,2118.1,2149.5,2175.4,2337.5,3044.7,3417.5,3508.6
1857.9,1915.5,1909.3,1918,1956.7,2041.4,2198.7,2642
1729.1,1739.6,2115.8,2746.3,3003.9,3047,3022.2,3030.8
1887,1966.1,2047,2729,2896,2910,2874.6,2884.8
1998.1,2086.3,2075.2,2389.6,2519.3,2570.5,2756.2,3129.9
1776.3,1897.4,1920.5,2369.5,2333.5,2378,2940.4,3304.9
1727.5,1872.8,2558,2792.1,2845.3,2854.7,2851.9,2871.3
1812.7,1928.9,2017.8,2171,2449.3,3201.8,3234.6,3348.2
1636.9,1775.6,2310.1,2833.6,2823.2,3099.3,3286.8,3876.5
1546.4,1793.5,1865.2,2179.6,2952.9,2956.8,2956.9,2984.2
1644.9,2411.5,2855.6,2866.8,2955.5,3161.2,3341,3489.5
1565.9,1575.2,1657.3,1950.7,2799.6,2846.3,2839.5,2760.8
1560.7,1728.8,2252.8,2947.4,3016.6,3008.5,3011.8,3054.3
1632.9,1747.2,1856.1,2327,2521.6,2156.8,2344.8,3471.6
2404.1,2430.4,2738.5,2987.9,3010.8,2956.1,2959.6,3184.6
1759.3,1913.8,2008.2,2533,2841.5,2896.7,2933,2972
1753.8,1756.3,1798.4,1836.8,2278.8,2809.3,2994.7,3002.8
1639.3,1792.9,2062.1,2304.5,2744,2892.8,3033.7,3167.6
1884.1,1886.5,1865.4,1877.2,1911.6,2021,2262.8,2938.8
1878.8,1876.6,1840,1855.8,1967.9,2096.9,2212.1,2810.3
2414.6,2489.4,2497.8,2529.4,2484.4,2791.9,3182.2,3221.4
1577.5,1639.3,1963.7,2709.2,3060.8,3135.1,3279.4,3326.4
2157,3168.2,3146.5,3160.8,3747.3,3923.8,4129.2,4114.4
1792.9,1940.6,2091.4,2298.3,3000.1,3098.5,3140.8,3244.8
2351,2436.5,2392.3,2446.9,2721.8,2969.9,3075.7,3181.3
1847,1930.1,1961.3,2031.3,2847.5,2950,2953.8,2956
1455.1,2063.9,2812.3,2841.3,2925,2947.5,2945.4,2959.9
1795.2,2225.2,2623.5,2966.6,2969.6,2975.7,2986.2,3113.1
1738,2318,2451.6,2344.2,2866.9,2949.1,2950.6,2956.6
1362,2770.6,2959.2,3028,2939.5,3119.7,3132.9,3141.4
2356.8,2545.9,2590.2,2494.2,2695.9,2959.6,3040.9,3080.1
2037.9,2188.6,2271.2,2626.5,2974.9,2993.6,3011,3024.7
2762.1,2778.6,2762,2778.7,2912.2,2943.8,2950.4,2941.5
1986.6,2117.5,2545.9,3089,3106.2,3093.3,3119.9,3262.8
2299.6,2429.3,2787.7,2817.7,2824.2,2851.3,2860.9,2883
1464.2,1690,2623.7,2797.9,2817.2,2815.7,2825,2830.3
1593.8,2162.2,2374.3,2787.4,2845.9,2867.6,2875.3,2896.7
1798.5,1835.9,1850.2,1963.3,2238,3113,3080,3090.3
2101.4,2119.4,2128.4,2121.4,2121.7,2147.8,2228.9,2340
2223.7,2537.5,2760.3,2760.2,2385.8,2966.6,2974.3,2949.9
1824.2,1824.3,2336.9,2813.6,3058.1,2561.6,3095,3097.8
1193.2,2341.4,2760.6,2891.3,2931.1,2958,2975.4,2991.3
1306.7,1438.7,2345.8,2858.9,3021.9,3045.6,3087.4,3082.7
1685.1,1520,2078.9,2475.3,3077.3,3095.9,3216.9,3372.1
2433.8,2498.6,2562.5,2571.9,2623.4,2810.4,3051.1,3093.4
1443.6,1468.9,1508,1821.3,2963.1,2971.5,2978.2,2985.7
1676.8,2119.8,2655.2,2890.7,2888.9,2917.7,2956.4,3100.7
1564.9,1687.7,1861.5,2045.5,2080.2,2142.2,2164.7,2201.7
2081.3,2430,2654.1,2643.1,2655.9,2901.5,3398.7,3914.7
1515.3,1662.6,2611.8,2700.7,2691,2714,2922,3209
2218.9,2283.7,2395.5,2492.7,2561.9,2586.6,2641.6,3113.7
2164.2,2014.3,2314.1,2417.8,2367.4,2392.6,2525.9,2761.8
1579.4,1968.8,2506.9,2536.2,2455.5,2588.5,2776.7,2907.2
2507.9,2526.1,2525.6,2545.5,2636.6,2690,2749.3,2851.7
2544.8,2568.4,2590.6,2622.2,2666.5,2689.4,2725.8,2831.3
2316.3,2434.5,2354.4,2788.2,2810.8,2814.6,2849.3,3044.2
1725.4,1714.2,1845.3,2548.3,2820.6,2876.6,2886,2921
2235.6,2256.6,2800.3,2830.4,2781.4,2676.4,2715.7,3270
2135.6,2565.1,2680,2838.2,2921.9,3160.2,3324.4,3361.9
1429.7,2405.8,2719.9,2750.7,2690.4,2774.4,2969.9,3274.9
1720.2,1878.7,1969.6,2082.3,2965.3,3042.1,3149.1,3330.7
1954,2177.7,2243.4,2231.2,2277.8,2500.4,2803.2,3057.7
2322.1,2352.7,2327.4,2386.6,2507.2,2590.4,2635.2,2692.8
1681.8,2119.8,2130.9,2121.8,2122.4,2181.7,2428.7,2555.4
1774.6,2360.3,2691.5,2694.8,2712.1,2821.8,3012.8,3244.4
1852.2,1957.4,2102.5,2103.8,2129.9,2300.6,2717.4,3138.2
1682.8,2158.2,2577,2540.3,2585.7,2790.2,2877.1,3010.3
1856.9,1968.4,2032.1,2025.6,2069.1,2171.7,2514.1,2957.2
1560.6,1746.2,1851.5,1853.9,1812.4,1820,1834.4,1851.8
1800.4,2083,2071.3,2067.7,2103.6,2240.2,2286.7,2504.9
1581.5,1584.3,2345.9,3002.1,2994.4,2963.9,3285.7,3473.4
2082.7,1971.6,2503.5,2510,2463.9,2463.5,2569.3,2824.3
2281.5,2627.9,2702.3,2632.3,2847.3,2865.9,2880.4,2908.8
1339.7,1453.2,2532.8,2865.9,2851.6,2885.5,2961.7,3074.7
2538.5,2655.9,2669.7,2720.6,2805.9,2966.4,3106.3,3402.7
1469.2,1671.6,1929.3,1906.7,1893.8,1984.4,2114,2245.5
2288.7,2457.4,2484.2,2516.5,2584.1,2641.6,2707,2837.2
1721.9,2156.1,2406.3,2399.3,2393.1,2445.7,2528.1,2683.2
1806.9,2035.1,2503.1,2643.6,2644.8,2671.5,2743.7,2898.1
2313.2,2712,2351.9,2851.2,2889.8,2901.7,2790.4,2850.2
2528.3,2624.9,2661.1,2595.3,2717.6,2752.2,2780.2,2834.2
1913,2215.2,2494.3,2560.4,2600.2,2638.6,2692.9,2750.7
1687.3,2026.4,2583.4,2556.9,2775.3,2772.2,2777.9,2810
1495,1908.7,2524,2608.6,2619.6,2642.6,2695.3,2764.3
1840.5,1893.6,2313.9,2425.7,2411.1,2470.1,2611.5,2917.8
2325.6,2395.1,2344.8,2456,2535.1,2574.1,2646.4,2764
1881.2,1868.1,2248.5,2442.6,2501.6,2584.5,2784.2,3094
2013.6,1888.5,2216,2451.5,2565,2646.9,2739.1,2979.6
1625.3,1654.4,1908.1,2644,2581.1,2525.4,2874.9,3249.4
2089.5,2154.3,2396.1,2621.2,2809.9,2809.8,2978.3,3362.8
1558.2,1889.2,2420.2,2466.1,2463.8,2737.2,3006.2,3083.5
1821.6,1964.5,1937,1964.4,2032.7,2121.6,2729.5,3264.2
1938.9,2201.9,2250.1,2235.1,2241.8,2314.5,2360,2499.9
1750.7,1667.2,2084.9,2693.5,2677.2,2682.5,2761.2,2864.5
2084.9,2412.6,2408.7,2387.6,2424.1,3116.4,3170.2,3009.4
1418.3,1708.8,2217.4,2261.9,2243.8,2476.8,2622.1,2788.3
1691.6,2661,2682.7,2775.5,2794.3,2799.1,2819,2915.9
2078.1,2607.7,2719.3,2713.7,2745.4,2825.4,3895.6,3983.2
1241.9,2292.4,2784.5,2827.6,2722.7,2846.1,2975.2,3010
1769.7,1864.2,2176.2,2191.9,2340.2,2711.7,3105.8,3295.3
1876.5,1944.9,1989.8,2082.3,2140.8,2574.3,2924,3066.5
1872.9,1877.7,1856.6,1901.7,1994,2252.6,2459,2502.7
1589.9,1920.8,2106.4,2172.1,2500.2,2854.1,2907.7,2941.5
1494.7,1685.6,1804.8,2350.7,2536.1,2537.5,2549.3,2578.1
1904.2,2251.9,2374.6,2730.8,2744.1,2740,2762.2,2804.9
1759,2224.6,2422.1,2402.8,2417.5,2508.2,2658.8,3190.5
2261.6,2368,2400.5,2443.9,2526.6,2678.9,2684.5,2985
1551.6,1751,2321.4,2495,2530.6,2604.8,2681.5,2898
1927,2595.7,2725.7,2725.9,2737.3,2777.2,2834.1,3002.1
1480.6,1580.4,1708.9,1723.3,1619,1725.4,2117.1,2942.2
1397.9,1664.4,2303.7,2355.6,2214.8,2320,2818.6,3273
2175.3,2481.3,2492.6,2494.1,2514.4,2542.7,2642.9,2905.5
2126.8,2479.5,2659.6,2666.6,2673.7,2704.6,2893.4,3141.2
2162,2479.6,2448.2,2578.8,2694.7,2706.2,2694.6,2730.2
2113.5,2637.9,2531.4,2659.8,2678.2,2699.5,2753.5,2930.7
2215.8,2601.4,2611.6,2596.9,2757.8,2834.1,2844.8,2910.9
2071.2,2125.2,2115.8,2106.4,2222,2415.4,2557.2,2605.1
1713.6,1739.9,1666.3,1668.9,2306.2,2469.2,2479.4,2501
2170.6,2216.8,2223.5,2236,2295.9,3320.4,3402.4,3556.6
1780.6,2024,2558.1,2562.3,2568.7,2573.2,2699.9,2877.5
1700.5,1990.3,2423.9,2433,2392.2,2421.7,2498.6,2662.5
1430.4,1718.6,2172.8,2169.5,2098.7,2168.8,2303.9,2486.9
1322.5,1608.8,2395,2487.9,2555.2,2639.7,2701.7,2789.2
1397,2695,2714.8,2676.5,2740.6,2996.2,3098.8,3354
2187.4,2381,2389,2358,2545.2,2700,2789.3,2833
1900.2,1953.5,2347.3,2358.2,2346.9,2400,2502.3,2870
1729.9,1807.3,2073.3,2310,2376.5,2451.2,2579.3,2705.2
1829.2,2286.5,2587.4,2611.7,2592.4,2738.2,2926.4,3103.1
1480.1,2007.6,2118.3,2103.9,2424.5,2989.2,3083.1,3166.4
1938.1,2146.9,2499.8,2554.2,2554.9,2600.5,2677.5,2892.6
1460.1,1519,2095.4,2654.2,2657.1,2621.3,2661,2778.7
1992.7,2322.2,2287.5,2430.9,2643.6,2674.1,2647.2,2668.3
1996.4,2341.4,2371.5,2561.2,2654.5,2674.1,2682.6,2698.9
1824.7,2700.1,2649.5,2573.9,2723.1,2717.4,2689.1,2711.7
2194.9,2538.5,2576.2,2558.8,2562.7,2629.5,2981.3,3267.6
1635.6,1633.6,1653.1,1879.4,2220.3,2345.2,2334.7,2338.3
1804.2,1752.8,2636,2666.5,2639.6,2666.6,2749.8,2959.2
1111.1,1964.2,2523.3,2812,2779.4,2841,3113.2,3323.8
2120.9,2245,2441.1,2428,2422.8,2422.4,2699.1,3386.1
1561.9,2213.2,2629.1,2658.5,2572.7,2659,2983.9,3267.4
1767.8,2309.8,2511.7,2538.1,2519.7,2584.9,2733.9,3027.8
1957.9,2055.9,2055.9,2057.8,2082,2494,3338.6,3528.9
1714.9,1687.2,2302.8,2626.7,2648,2602.6,2662,2958.4
1851.7,2439.6,2442.9,2456.4,2442.8,2493.3,2917.5,3496.6
1865.9,2402.3,2420.9,2407.2,2435.5,2502,2869.5,3632.3
2346.8,2420.2,2410.9,2699.8,2694.3,2706.5,2868.6,3265.2
1884.7,1874,2605.3,2611.1,2578.9,2593.2,2629.7,2603.7
2224.2,2301.7,2403.9,2417.9,2424.2,2460.4,2513.5,3246.3
1734.7,2009.9,2319.7,2316.1,2311.1,2325.8,2362.6,2407.1
2192.5,2280.6,2428.3,2430.2,2440.7,2459.8,2483,2621.9
2445.3,2481.6,2505.3,2582,2606.8,2644.2,2701.4,2793.4
1434.3,1441.4,2016.3,2385,2296.1,2301,2541.6,2772.3
2267.1,2386,2381,2378.7,2424.1,2525.1,2635.8,2765.8
1778.6,1770.6,1781.9,2655,2681.4,2585.7,2612.1,2770.8
1740.4,2476,2500.9,2505.9,2487.7,2508.7,2565.6,2672.5
1287.4,2577.7,2593.4,2588.6,2562.1,2615.5,2737.1,3061.1
2143.7,1967.3,2561.1,2669.9,2656.2,2682.3,2734.8,3004.6
1209.7,1595.8,1276.6,2216.6,2317.1,2026.1,2062.4,2079.5
1948.9,1998.4,2281.7,2536.8,2524.2,2520,2605.1,2818.7
1676.8,2666,2800.4,2801.3,2819.9,2956,3074.3,3142.9
1680.9,1709.2,1736.7,1924.5,2088.3,2548.9,2942.6,3133.4
1969.5,1994.8,2376,2378.7,2383,2401.5,2430.7,2547.2
2051.8,2497.1,2537.1,2550.9,2546.7,2582,3276.7,3753.2
1645.5,1685.1,2076.5,2608.1,2599.5,2613,2690.7,2809.4
1819.2,1820.6,2590.5,2594.5,2558.7,2629.3,2756.7,2911.6
1523.9,2368.3,2379,2361.6,2377.5,2461,2777.8,3047.6
1560.1,2211.6,2372.8,2335.5,2352.2,2417.8,2684.8,2690.1
1582.2,2096.4,2683,2682.2,2685.1,2765.2,2936,3181.8
2159,2202.8,2226.4,2215.7,2222.9,2254.2,2414.7,2640.5
1813.1,1818.8,2521.1,2531,2508.6,2541.4,2647.2,2800.2
1600,2144.9,2729.9,2751.6,2752.7,2821,3012.2,3160.5
2403.5,2467.1,2624.6,2710.7,2734.8,2816.2,3131.5,3380
1451.1,1460.2,1869,2165.5,2057.9,2087.5,2447.5,3147.1
1524,1942.5,2579.1,2674,2681.4,2703.4,2758.6,2855.5
1278.7,1725,2671.3,2736.1,2741.5,2736.5,2766.2,2802.8
1798.1,1961.7,2035.4,2045.2,2065.6,2232.6,2413.2,3399.3
2035.3,2108.3,2134.6,2130.2,2131.5,2141.2,2525.6,3129.1
1611.2,1843.2,1943.5,2349.4,2361.1,2381.6,2434.9,2620.6
2087.6,2083.3,2581.1,2584.5,2590.2,2700.5,2951.7,3269.1
1921.6,1910.6,2581.2,2608.2,2602.7,2556.5,2589.2,2679.7
1988.7,2098.6,2299.5,2299.6,2562.8,2622.5,2563.5,2582.4
2195.5,2321.6,2462.1,2537.1,2644.5,2703.1,2783.8,2939.4
2032.6,2073.7,2338.4,2597.6,2648.3,2639.1,2642.1,2665.3
2001.5,2214.3,2412.6,2417.5,2388.2,2453.2,2825.1,3056.8
1520.5,1876,2224.5,2212.2,2266.4,2539.5,2975.9,3025.1
1873.9,2411.1,2431.9,2426.1,2434.2,2498.3,2625.4,2693.5
2173.4,2494.7,2780,2794.2,2844.8,3653.1,3864.2,3877.6
2243.4,2230.3,2463.4,2614.8,2608,2805.9,3006.9,3145.1
1718.6,2449.7,2677.3,2691.7,2681.9,2780.8,2891.5,2999.6
1601.8,1927,2364.8,2368.8,2330.7,2371.8,2462.7,2545.4
2120.2,2243.9,2606.4,2667.6,2657.1,2788.1,3104.8,3418.8
1978.1,2232.7,2256.6,2262.3,2323.5,2639.6,2806.2,3220.6
1371.6,1464.8,2042.2,2549.3,2550.7,2622.2,2683.8,2713.4
1281.8,1270.8,1854.2,2309.1,2484.6,2514.6,2582.8,2657.8
1587.3,1842.9,2559.3,2545.9,2559.3,2648.9,2787.6,3509.8
2022.9,2285.7,2284.8,2280.4,2289,2345.9,3272.9,3287.1
1859.1,2036.3,2435.2,2722.1,2695.9,2696.2,2728.9,3394.5
2067.7,2062.8,2604.8,2655.8,2699.5,2599.4,2678.1,3032.3
2049.2,2274.6,2300.1,2303.4,2337.1,2572.6,2780.9,2982.7
2128.7,2264.5,2268.2,2265.8,2295,2581,3259,3535.3
2236.9,2256.3,2289.9,2307.6,2310,2320.2,2472.4,3443.2
1316.5,2207.4,2370.4,2259.8,2340.1,2707.2,3144.8,3846.8
1986,2535.6,2650.4,2663.4,2723.1,3433.2,4219.8,4216
1602.7,1593.6,1902.2,2594.3,2594.4,2575.8,2614,2742.1
1966.8,1863.5,1912.2,2292.3,2613.8,2616.7,2641.6,2677.3
1702.3,1892.7,2230.1,2475,2476.1,2476.3,2521.3,2663.5
1602.5,1589.9,1858.6,2611,2615.9,2550.2,2639.6,2928.1
1328.6,1519.4,2669.2,2791.4,2684.9,2787.9,2964.4,3283.8
2455,2696.6,2861,2929.4,2987.8,3014.8,3154.8,3373.7
1673.3,1655.7,2462.8,2544.4,2515.5,2553.3,2611.8,3150.1
1516.6,1653.5,1952.8,2473.3,2635.6,2646.3,2658.2,2713.2
2378.5,2559.7,2571.7,2560.4,2632.5,2659.2,2671.4,2690.3
1414.4,1675.7,1779,1907.5,1891.5,1905.1,1958.3,2144.9
1661.3,1793.8,1842.2,1826.4,1881.2,2085.5,2318.9,3188.9
2185.8,2244.4,2257.5,2230.4,2245.6,2349.3,2519,2581.3
1599.5,1794.5,2232.1,2710.1,2710,2693.8,2774.1,2990.3
1916.6,2031.2,2358.9,2458.2,2674.5,2881.8,3179.7,3480.1
2445.3,2482.6,2479.4,2498.2,2532.5,2626,2764.3,2943.7
2274.2,2403,2448.9,2425.6,2506.4,2752,3129.4,3170.1
1756.1,1811.7,2250.4,2649.3,2710.1,2702.6,2773.1,2891.6
1444.1,2572.6,2584.7,2586.8,2582.5,2625.1,2690.5,2756.4
1784.2,2025,2644.9,2800.7,2795.4,2860.8,2947.6,3029.2
1615.4,1581.7,1917.9,2647.4,2632.1,2563.7,2692.9,3042.5
1564.1,2251.5,2707.4,2731.2,2699.7,2744.4,2857.6,3053
1626.2,2090.3,2255.5,2252.5,2258.3,2397.4,2678.8,2925
1872.1,1863.8,2048.1,2445.1,2558.9,2523.6,2580.3,2889.6
1991.3,2050.4,2183.8,2508.8,2526.4,2526.8,2706.7,2787.5
1722.2,1970.4,2481.9,2654.1,2644.6,2627.9,2795,3088.8
2252.9,2497.5,2512.6,2504.5,2509.5,2554.3,2666.7,3185.2
1645.7,2360.7,2454.5,2449.3,2447.3,2615.7,2795,2886.1
1645.7,2381.8,2575.8,2586.5,2597.4,2687.9,2788.4,2874.2
1893.8,2345.7,2351.4,2345.7,2358.7,2381.5,2407.3,2433.2
1736.7,2375.5,2396.2,2335.1,2446.6,2774.2,3088.2,3211.2
1914.2,2023.1,2396.4,2511.5,2512.6,2514.8,2575.8,2851.8
1578,1622.4,2422.3,2466.1,2366,2399.9,2543.8,2889.3
1976.1,2348.8,2373.6,2336.7,2461.7,2697.5,2873.2,2963.2
1523,2175.8,2464,2610.8,2657.9,2770.2,3035.2,3344.3
2118.2,2198.6,2464.1,2462.7,2464,2484,2690.3,2857.1
2343.4,2361.1,2333.9,2377.6,2538.3,2650.2,2683.4,2697.3
1368.3,2452.3,2473.4,2468.4,2514.5,2560.7,2604.4,2659.3
1714.1,2314.1,2673.8,2675.4,2689.6,2778.2,2871.1,3114.5
1806.1,2752.3,2788.5,2863.4,2903.4,2983.4,3055.3,3239.9
1971.3,2278.3,2951.8,3066.6,3100.7,3094.1,3163.9,3375
1550,2176.1,2370.9,2627.4,2645.4,3547,3516.4,3660.6
2823,2930.1,2903.6,2949.5,2994.7,2924.5,2892.1,3233.5
2363.8,2476.2,2515.6,2527.6,2589.8,2658.7,2737.1,3150.2
2916.6,2936.5,2955.1,2966.7,2978.5,2997.5,3011.9,3272.4
1432.5,2654,2974.9,2983.9,2997,2962.5,2997.6,3070.3
2728,2877.2,2950,2989.8,3033.4,2947.8,2922.8,3285.6
1957.2,2443.5,2975.4,3041.4,3119.4,3061.2,3310.4,3924.7
2891.1,2897.2,2935,2960.6,2956.9,2924.9,3333.2,3411.7
2775.4,2974.7,3000.2,3016.5,3018.6,3020.1,3152.8,3285
2205.1,2725.6,2887.9,2931.2,2939.3,2993.1,2983.7,3210.1
2378.3,2683.8,2734.7,2739,2795.6,2860.6,2925.1,2987.5
2329.6,2475.5,2788.6,2827.5,2862.6,2887.2,2855.9,2859.2
1767,2574.5,2652.4,2559.2,2651.7,3000.2,3362.5,3248.4
1686.9,2419.8,2905.4,2954.4,3024.3,3133.1,2915.9,3043.4
2060.8,2120.6,2127.4,2129.5,2181.4,2440.2,2501.7,2552.7
1951.9,1960.4,1999.2,2013.2,2314.5,2889.6,3738.2,3925.1
2326.4,2375.5,2384,2382.8,2440.1,2517.9,2602.2,2808.4
2034.3,2041.4,2034.7,2057.3,2075.3,2513.1,2485.8,2441.9
2282.3,2324,2495.9,2538.8,2562.5,2594.7,2605.8,2631.9
2290.9,2414.6,2594.1,2709.5,2812.3,2866.8,2826.4,2842.5
2090,2488.2,2522.3,2513.6,2535.2,2578.8,2925.4,3065.4
1805.1,2036,2070.2,2676.9,3246,3282,3265.3,3240.7
1784.2,2628,2881,3049.2,3274.7,3287.4,3263.3,3279.5
2720.7,2789.3,2853.4,2851.2,2887.7,2911.4,2873.7,2837.4
1842.8,2179.4,2378.2,2997.8,3044.5,3148,3263.1,2972.9
2637.4,2772.1,2795.4,2867.7,2916.7,2969.1,3067.7,3209.7
2330,2317.2,2326.5,2287.5,2352.2,2445.4,2521.9,2465.7
2123.1,2133.2,2358.8,2496.3,2537.6,2580.5,2467.6,3080.1
2509.4,2529.6,2616,2607.1,2636.4,2743.4,2854,2937.2
1935.6,1920.8,1848.3,1909.8,2054.2,2464,2765.6,3670.3
1791.3,1719.6,1852.8,1986.5,2433.8,3005.6,3503.2,3502.8
1984.7,2287.8,2855.6,2958.9,2619.8,2904,3328.8,3441
2568.5,2764.1,2874.6,3009.8,3099.4,2794.6,3243.4,3780.4
2494.2,2585.6,2610.6,2564,2626.3,2664.5,2736.7,2730.7
2541.4,2614.4,2618.6,2635.4,2620.6,2669.6,2710.5,2820.4
2311.3,2541.6,2583.1,2562,2605.4,2680.1,2773.1,2925.7
2470.8,2755.1,2819.3,2836.8,2885.6,2916.1,2840.8,2948
1730.7,2188.1,2862.6,2893.4,2922.4,2947.7,2890.6,3294.3
2383.3,2422.2,2448,2470.6,2569.8,2736.5,2617.2,3126.6
2555.3,2872.8,2899.3,2933.3,2968.9,2990.6,2971,3016.8
2695.2,2809.3,2859.9,2884.8,2874.7,2928.2,3048.9,3286.6
2573.4,3039.4,3059.7,3076.7,3105.5,3109.2,3102.4,3197.9
2146.2,2874.4,2962.5,3002.4,2942.4,3001.8,3533.3,3562.4
2389.9,2421.3,2493.8,2473.7,2480.7,2510.5,2698.1,2976.2
2499.5,2838.7,2850.8,2901.2,2952.4,2920.5,2852.2,2965.9
2059.9,2445.6,2627,2750.2,2656.7,2610.7,3032.8,3366.3
2402,2874.4,2826.8,2898.7,2908.9,2910.9,2948.7,3092.9
2073.8,2625.1,2706.3,2647.4,2770.4,3115.7,3371,3558.1
2710.4,2825.7,2948.1,3038.8,3166.1,3219.2,3255.9,3508.1
2578.2,2858.5,2853.1,2881.2,2917.2,2919.4,2816,2998
1743.8,2036.8,2473,3289.8,3504.1,3662.8,3875.6,3856.5
2413.5,2497.7,2589.5,2659.4,2705.7,2793.8,2616,2805.6
1841.5,1755,1888.6,2009.7,2049.4,2613.1,3065.8,3421
2260,2419.1,2814.5,2682.1,2855.6,3039.9,3368.2,3492.3
2699.3,2699.9,2726,2746.8,2723,2725.5,2817.6,3038.1
2195.9,2536.7,2540.1,2637.7,2651.6,2650.2,2665.8,3157.3
2570,2501.1,2599.1,2678.4,2715.8,2742.7,2711.2,2715.1
2528.3,2600.4,2678.7,2709.5,2740.5,2794.4,2822.2,3159.4
1804.3,2134.8,2247.5,2356.8,2792.7,3040.7,3679.8,3651.3
1997.3,2222.7,2366.2,2124,2150.8,2230.1,2369,3643.9
2208.4,2148.3,2245.7,2421.7,2623.5,3068,3293.8,3363
2383.9,2645.9,2680.2,2739.8,2971.8,3245.2,3331.8,3546.4
2018.8,2078.6,1879,2581.5,2926.5,3057.4,3405.7,3404.5
2524.4,2821.9,2895.3,3078.1,3034.2,3165.7,3263.8,3547.4
2467.7,2557.8,2904.5,2917.3,2933.7,2955.4,3070.8,3247.4
2542.1,2668.2,2714.7,2616,2720.9,2971.3,3056.7,3060.2
2253.7,2596.9,2692.6,2688.4,2706.7,3370.2,3838.9,3912.5
2654.8,2857.8,2851.1,2881.9,2880.1,3161.4,3154.1,3328.2
1822.8,2134.3,2305.9,2296.5,2351.5,2435.9,2790.9,3044.2
1610.6,1831.8,1921.8,2022.4,2189.1,2670,2866.7,2915.6
2552.9,2636.4,2657,2643.8,2702.4,2828.3,2968.1,3100.2
2546.9,2606,2686.6,2662.6,2778.4,2947.4,2792.1,3156
1804.8,1912.6,2018.3,2239.3,2529.2,2388.7,2604.4,3225.1
2302.1,2337.9,2349.4,2414.4,2520.9,2741.1,2635.5,2722.3
1578.8,2135.6,2609.7,2622.1,2609.7,2621.5,2668.4,2804.9
2723.5,2746.5,2941.4,3046.3,3000.7,3044.8,3267.9,3606.7
2435.8,2629.2,2880.3,2898.3,3019.3,3154.6,3294.5,3428.6
2093.4,2347.5,2361.4,2305.6,2370,2509.7,2742.9,2997.9
2537,2646.6,2702.8,2744.5,2839.7,2866.6,2879.6,3030.1
3210.6,3230.6,3222.4,3233,3272.5,3334.1,3199.5,3310
2676.6,2839.7,2863.3,2901.7,2904.2,2911.2,2882.9,3034.5
2487.1,2626.7,2696.3,2708,2685.3,2889.6,3133.9,3289.4
2060.3,2100.6,2039.2,2151.8,2350.1,2501.8,2738.2,3130.9
2625.7,2754.1,2815.8,2781.3,2915.8,3272.2,3445,3607.1
2283.1,2531.4,2763.1,2752.3,2841.5,2803.4,2871.7,2916
2102.9,2622.6,2878.6,2849.5,2911.8,2959,2567,3316.2
2322.9,2552.7,2548.6,2684.1,2691,2672.8,2649.2,2754.1
2578.2,2791.8,3038.6,3392,3443.1,3458.4,3470.4,3568.9
2249.6,2271.2,2637.8,2726.9,2697.9,2693,2825.6,3007.1
2328.8,2535.3,2744.8,2754.9,2805.6,2857.9,2924.9,3018.7
2046.1,2182.2,2249.5,2329.2,2393.9,2872.4,3290.9,3590.2
2305.6,2513.9,2660.6,2659.5,2622.1,2711.9,3028.3,3361.7
2600.4,2888.2,2923.4,2956.9,2945,2974.6,3096.9,3232.9
1914.5,2183.2,2938.8,2946.5,2952.2,3100.6,3352.1,4147.2
2566.6,2676.4,2811,2891.2,2963.2,2918.8,2983.6,3246.5
2103.1,2110.9,2536,2779.5,2863.4,2919.2,2952.8,2886.4
2330,2522.8,2606.7,2681.2,2736.5,2818.7,2950.9,3092.9
1521.8,2452.4,2755,2885.7,2981.1,2929.2,2645,3320.2
2036.8,2434.2,2745.9,2932.8,3071.7,3110.1,3138.3,3308.3
2192.7,2225.9,2169.4,2253.4,2473,2643.7,3354.4,3465
2246.8,2566.5,2954.4,3007.6,3208.8,3060.8,3043.6,3344.6
1702.1,2333.9,2801.7,2923.5,2989,2852.4,3156.3,3334
2370.4,2705.2,2803,2874.6,2880.1,2736.3,2936.9,3387.1
2143.6,2466.9,2665.8,2845.9,2914.4,2695.6,2836.4,3225.4
1659.5,1686.6,1645.6,1634.8,1643.9,2344.2,3476.2,3513.1
1948,1930.3,1843.6,1877.4,1913.8,1966.6,2553.2,3439.2
1863.5,2601,2827.9,2998.4,3187.4,3042.4,3338.1,3713
2090.7,2138.1,2220.6,2394.6,2521.8,2554,2605.1,2696.3
2312.3,2738.3,2863.3,2923.5,2893.1,2965.9,3144.9,3237.8
1849.4,1798.6,1795.4,1842.7,2224.9,2610.9,2973.5,3605.9
2191.9,2192,2197.7,2280.4,2272.4,2372.1,2623.7,2865
2396.4,2607.9,2645.5,2630.9,2671.3,2946.7,3259.1,3467.4
2523.4,2548.9,2591,2504.9,2557.2,2866.3,3247.7,3406.6
1945.2,2476.7,2533.7,2490,2567.3,2847.8,3273.6,3478.9
1810.7,2157.3,2857.8,2875.2,2905.8,2820.6,2880,3082.6
2735.8,2718.1,2804.6,2855.6,2845.4,2896.1,2958.4,3007.9
2728.5,2744.7,2783.1,2741.9,2760.3,2974.1,3246.6,3375.4
2326.6,2407.1,2647.7,2653.8,2787.6,2943.8,3118,3384.6
2236.8,2438.3,2549.4,2652.7,2646.3,2623.8,2982.2,3571
2056.9,2057.6,2051.6,2028.5,2165,2747.9,3634.4,4045.6
2011.2,2260.8,2792.2,2890.8,3015.3,3061.2,3250.7,3003.2
2654.7,2665.1,2749,2841.9,2947.3,3048.5,3107.6,3335.1
2419.3,2442.2,2456.4,2482.4,2512.1,2626.2,3067.3,3726.4
1908.3,1918.5,1949.9,1999.4,2023.1,3144.6,3536.2,3685.7
2557.6,2590.9,2616.8,2587.9,2596.5,2790.9,3088.2,3096
2178,2697.1,2738.9,2674.8,2795.2,2902.5,2994.9,3076.4
2450.5,2716.9,2779.9,2806.6,2789.9,2828.8,2960.6,3202.2
2015.9,2425,2483.2,2449.4,2821.1,2754.3,3018.2,3222.3
2304,2731.8,2687.3,2828.9,2812.2,2816.6,2924.7,3107.5
2822,2852.7,2890.9,2922.6,2946.1,3015.1,3108.1,3323.7
2672.7,2766.5,2775.9,2791.7,2814.1,2839.6,2882.8,3131.8
2484.2,2744.8,2772,2759.8,2816.2,2896.2,2956.8,2963.5
2568.1,2678,2781.2,2701.5,2903,2997.2,3055,3158.9
1552.3,2203.4,2903,2989.1,3074.3,3111.1,3101,3231
1914.4,1946.6,1994.1,2059.7,2121.3,2248.2,2369.3,2554.8
2327.5,2331.1,2431.1,2286.9,2228.6,2624,3276.1,3314.2
2678,2735.8,2802.7,2718.1,2880.4,2958.5,2991.3,2983
2667.8,2806.5,2826.3,2846.2,2854.3,2849,2867.6,2909
2126.7,2085.9,2136.5,2381.1,2461.4,2636.4,3022,3365.9
2725.3,2729.6,2841.3,2882.4,3014.3,3127.9,3174.3,3252.6
2745.3,2915.2,2956.2,2967.1,3002.1,3012.8,3013.9,3039.6
2668.6,2713.9,2766.5,2790,2939.1,3201.3,3384.5,3491.5
2400.2,2466,2518.1,2467,2546.8,2726.7,2933.2,3281
1979.7,2027.8,1957.5,2041.3,2440.4,2965.1,3355.6,3550.3
2782.6,2783.4,2874.3,2918.9,3059.2,3118.3,3178.3,3223.5
2706.8,2905.4,2923.2,2971.2,3008,2988.1,2959.8,3081.4
2543.5,2717.3,2868.1,2891.7,2929.1,2958,3121.7,3225.6
2599.8,2783.4,2860.2,2889.4,2882.8,3062.8,3263.2,3402.7
2520.1,2581,2760.9,2808.5,2821.1,2910,3019,3173.5
1630.7,2364.1,2786,2823.2,3118.4,3219.8,3294.1,3571
2520.7,2611.6,2900.1,2919.7,3037.8,3196.6,3928.9,4206.1
2766.2,2869.5,2880.2,2920,2942.7,2957.3,2963.1,3080.6
3003,2906.5,2904.1,2925.3,3037.7,3247,3456.6,3678.6
2378.4,2566.4,2805.7,2825.2,2815.1,2821.6,2868,2960.8
2127.9,2243.6,2065.4,2270,2692.7,2667.7,2655.1,2720.2
2345.8,2859.6,2876.8,2915.7,2924.3,2945.3,2963.1,3268.3
2709.8,2779.8,2810.9,2778.1,2867.3,2997.3,3096.4,3142
2434.4,2558,2657.9,2802.5,2771,2780,2898.2,3020.6
1873,2274.2,2395,2797.6,2876.9,2908.9,2843.5,2895.2
1647.4,1671,1716.8,2367.9,2783.7,3132,2714.7,3187.6
1826.1,1787.7,1766,1822.2,1932.1,2565.4,2632.1,3035.9
1881.8,1865.3,1832.6,1951.2,2243.6,2570.5,2814.6,3351
2515.4,2699.2,2817.2,3048.1,3038.8,3148.2,3268.7,3464
2767.2,2913.8,2994.2,3016.4,3007.2,3268.8,3619.6,3949.7
2600.6,2995.4,3054.5,3049.5,3090.7,3232.4,3800.2,4064.9
2046,2147.1,2187.3,2246.5,2360.9,2711.4,2942.9,3080.2
2542.4,2598.5,2636.4,2765,2883.2,2985.9,3026.1,3320.7
2448.2,2578.6,2730.7,2768.7,2802.8,2766.8,2796.8,3120
2131.9,2590,2661.1,2660.3,2570.7,2882.1,3071.3,3159.9
2303.7,2490.7,2677.1,2716.9,2697.1,2727.3,2956.3,3140.1
1716.9,2910.2,3026.1,3111.6,3133,3167.2,3305.7,3472.7
2212.4,2854.2,2868.1,2881.8,2882.7,2878,2903.7,3323.2
2662.5,2886.4,2954.5,3018.6,3068.2,3044.4,3075.8,3192.6
2075.2,2655.2,2701.7,2713.5,3037.1,3060.9,3068.8,3073.6
2018.9,2086,2116.2,2109.1,2640,2830,2710.2,2697.1
2076.6,2098.7,2103.7,2062.1,2071.8,2444.2,3300,3542
2038.5,2037.6,2040.9,2061.7,2486.1,2573.8,3209.5,3951.3
2200,2533.7,2732.2,2800.2,2687.7,3099,3409.7,3675
2512.7,2619.1,2657.4,2715.7,2700.1,2604.7,2867.6,3281.7
1992,2141.1,2234.5,2258.1,2227.2,2231.3,3450.8,3541.7
2714.1,2776.9,2866,3053,3109,3158.6,3211.2,3334.1
1349.2,2206.9,3132.4,3169.4,3202.5,3212.4,3189.9,3290.6
1742.7,2194.2,2876.8,2983.3,2997,3108,3275.3,3358.8
2455.2,3000.2,3025.4,3047.4,3058.4,3045.5,3091.6,3145.5
1979.7,2262.3,2647.3,2887.8,3018,3053.8,3125.8,3153.9
1664.7,1642.1,1658.7,1711.6,1852.9,2299,2416,3127.5
2536.8,2552.3,2554.7,2557.7,2583.8,2630.9,2695.2,2899.3
2585.8,2596.4,2604.9,2597.2,2617.5,2660.9,2693.7,2808.4
2371.6,2272.9,2604.7,2631.9,2777.9,3215.8,3267.1,3286.2
2575.1,2570.2,2626.2,2505.5,2641.1,2777.2,2862.7,2881.3
2359.8,2223.9,2399.5,2408.9,2421.3,2430.4,2471.5,2550.2
2470.7,2516,2542.7,2477.8,2544,2761.5,2917.1,3009.7
2228.5,2258.2,2245.9,2223.9,2263.1,2356,2976.2,3213.2
2511.6,2510.5,2533.9,2549.9,2541.6,2526.3,2555.9,2771
2537.8,2459.6,2799.4,2850.9,2843.9,2871.5,2932.8,2988.6
2939,2905.9,2937.9,2971.8,2907.3,2999.4,3104.4,3135
2651.9,2661.7,2681.4,2697,2652.6,2671.8,2758.2,2913.4
2469.9,2510.9,2543.1,2541.7,2449.7,2588.1,2802,2866.8
2252.1,2503.4,2570.4,2673,2752.6,2762.9,2783.3,2819.7
2562.9,2567.4,2589.2,2588,2594.3,2629.8,2673.7,2733.4
1475.3,2474.3,2558.6,2567.7,2601.4,2542.1,2515.8,2599.2
2317.7,2350,2309.1,2444.7,2690.6,2800.6,2852.1,2926.6
2463.7,2636.2,2812.6,2865,2993.5,3004.5,3024.6,3081
2698.3,2726.1,2738.7,2749,2735.9,2758.5,3036.7,2976.8
2163.9,1769.5,2490.5,2628.5,2630.9,2627.6,2738.9,3017.6
1845.4,1866.7,1927.3,2042.7,2421.4,3123.4,3280,3300.3
2315,2336,2350.8,2351.9,2368.5,2400.7,2456.6,2607.8
2063.8,2233.2,2249.1,2474.9,2627.5,2734.6,2809.4,2885.4
2529.3,2461.9,2579.5,2583.8,2606.1,2623.7,2633.1,2634.8
1996,2018.3,2245.2,2282.4,2357.9,2530.5,2651.2,2711
2173.6,2261.3,2319,2410,2515.7,2607.7,2597.1,2589.6
2694.3,2671.9,2800.4,2818.5,2758.5,2900.9,3389.5,3584.4
2512.1,2574.6,2590.6,2599.2,2768.6,2917.6,2856.1,2969.4
2149.8,2184.9,2172,2184.5,2280.7,2394.5,2458.2,2511.8
2183.1,2260.2,2164.8,2285.5,2385.1,2497.7,2580,2691.3
2409.1,2345.1,2595.1,2717.1,2780.7,2887.6,2989.4,3145.6
2133.4,2077.4,2147.4,2195.7,2252,2285.4,2272.2,2289.1
2065.3,2317.3,2320.8,2329.2,2335.2,2369.7,2430.3,2566.2
2043.4,2066.6,2071.5,2029.3,2068.7,2160.2,2252.5,2311.1
1607.4,1613.4,1668.5,1726.5,1733.6,1785,2221.4,2350.2
1780.1,1780.2,1817.4,1868.9,2045.2,2328.2,2534.2,2690.9
2618.3,2612.7,2627.6,2643.3,2620.2,2637.4,2641.5,2689.6
2510.4,2586,2612.7,2637.7,2656.5,2685.1,2725,2942
2615.9,2405.1,2730.5,2755.6,2767,2778.9,2825.3,2864.5
2482.5,2556.2,2635.4,2645.3,2648.2,2654.9,2661.1,2685.3
2492.5,2512,2534.8,2565.3,2598.1,2627.9,2658.1,2627.9
2356.1,2352.3,2399.9,2383.1,2405.6,2465.7,2520.7,2560.1
2555.4,2319.9,2607.7,2644.5,2685,2714.5,2690.8,2738.4
2181.4,2211.2,2230.9,2204.2,2198.1,2197.9,2280.6,2803.7
2231.3,2368.8,2636.5,2650.4,2655.3,2660.1,2684.6,2738.5
1833.1,2003.3,2412.1,2486.4,2521.5,2511.7,2477.6,2497.9
2491.5,2530.3,2550,2561.3,2591.4,2635.5,2673.9,2756.5
2378.1,2504.9,2444.8,2563.9,2742.1,2837.7,2875.8,2900.7
2281.4,2290.8,2266.6,2294,2348,2403.2,2478.3,2686.9
2445.8,2536.5,2530.9,2592.4,2628,2756.9,2953.2,2957.4
2467.3,2531.2,2576,2606.7,2624.4,2630.9,2656.8,2667.2
2416.4,2610.8,2715.3,2797.7,2800.2,2792.5,2862.9,3062.9
2556.6,2633.5,2688.8,2639.5,2839.8,3102.6,3226.5,3312.5
1825.8,2195.2,2369,2522.5,2530.7,2403.7,2726.8,3039.8
2557.2,2594.4,2610.1,2617.5,2707.5,2817.3,2930.8,3122.6
2548.9,2638.2,2677.4,2697.1,2695.4,2719.7,2767.7,2891.3
2591.5,2597.1,2598.2,2576.9,2666.6,3652.6,3814.2,4306.2
2140.9,2301.9,2304.8,2443.3,2502.8,2633.6,2810.1,3070.6
1894.6,2246,2605.1,2614.1,2637,2777.4,3204.5,3383.1
2390.5,2374.5,2395.4,2446.1,2534.7,2736.4,2730.4,2762
1856.9,1779.3,1811.2,1814.7,2325.1,2564.8,2836.2,2834.3
2150.2,2191.8,2766.1,2816.5,2783,2828.4,3067.4,3264.1
2219.5,2104.4,2391.7,2450.4,2506,2540.2,2563.1,2645.1
2422.1,2376.2,2361.5,2607.3,2614.7,2619.8,2641.6,2703.3
2279.2,2416.8,2423.3,2427.9,2428.9,2432.5,2436.7,2460.2
2164.3,2268.9,2298.4,2300.1,2314.6,2333.1,2361,2381.7
1862.4,1861.2,2016.6,2095.3,2119.5,2152.5,2573.1,3154.2
1637.6,1824.3,1895.3,1917.1,1931.8,2678,2706.2,2768.2
2191.4,2065.1,2346.8,2419.4,2491.8,2738.4,2945.8,3060.6
1998.3,2043.6,2055.2,2075.4,2071.1,2094.7,2124.5,2236.3
2032.6,2308.2,2354.6,2372.9,2369.9,2355.6,2392.5,2470.8
2255,2363.8,2351.8,2392.9,2419.2,2479.9,2648.3,2920
2480.3,2647.9,2664.7,2671.8,2714.7,2918.5,3260.3,3294.1
2385.6,2409.5,2423,2395.9,2436.4,2503.2,2579,2646.3
2221.6,2252.6,2275,2298.7,2301.8,2350.3,2406.3,2785.1
2315.3,2393.9,2476.7,2517,2549.4,2568.1,2548.3,2576.3
2023.8,2010.6,2240.7,2359.2,2484.2,2533,2577.5,2757.1
1700.9,1678.3,1663.1,2148.4,2677,2803.2,2788.6,2837.9
2283.4,2249.7,2274.3,2362.7,2502.4,2680.3,2841.6,3044
1924.8,2642.3,2685.3,2722.4,2597.4,2682.3,3032,3415.4
2301.6,2332.4,2349.5,2353.1,2368.5,2381.5,2419.5,2476
1777.7,1785.2,1777.2,1763.7,1787.6,1831.4,1872.3,1929.6
2047.5,1998.9,2243.3,2277.4,2265.7,2254.8,2259.6,2294.3
2314,2279.7,2384,2338.6,2425.5,2415.5,2430.6,2451.2
2386,2411.4,2390.5,2438.3,2531.2,2599.6,2660.1,2774.6
2360.3,2386.7,2383.7,2394.1,2409.2,2421.1,2446.2,2574.9
1722.2,1900.1,2269.6,2313.6,2261.3,2283.9,2378.4,2520.6
2358.6,2373.5,2416.7,2603,2749.6,2850.1,3015.7,3168.1
2076.5,1978,2020.7,2266.5,2417,2507.3,2633.8,2745.2
2060.7,2308,2507.2,2550.9,2527.2,2546.3,2640.8,2761.8
2439.5,2545.1,2651.9,2489.1,2779.4,2862,2885.3,2928.1
2520.2,2533.9,2548.8,2562.7,2574.1,2586.4,2593.3,2558.5
2598.9,2601.2,2620.6,2637.9,2651.3,2663.1,2673,2618.8
2126.6,2171.9,2129.6,2204,2308.4,2509,2584.5,2704.7
2588.2,2648.8,2687,2706.2,2703.4,2760,2834,2944.1
2568.6,2567.8,2351.6,2636.6,2644.5,2654.6,2670.9,2695.8
1544.2,1936.2,1843.3,2343,2540.3,2520.4,2527.9,2572.5
2088.5,2078.8,2472.7,2522.5,2529.7,2511.7,2557.8,2645.2
2299.5,2353.6,2329.5,2362.5,2395.8,2406.6,2489.7,2657.9
2082.1,2342.2,2427,2422.5,2367.3,2405.6,2567,2742.6
1957.6,2058,2182.5,2247.4,2328.3,2435,2503,2555.5
1895.8,1966.8,1999.4,2055,2279.2,2474.2,2771.9,3039.1
2144.6,2252.1,2362.4,2371.1,2419.8,2475.8,2487.2,2534.2
2176,2229.3,2246.3,2259.6,2316.7,2422.9,2684.6,3110.2
2138.3,2323.7,2323.7,2317.5,2334.2,2444,2546.1,2736.8
2858.3,2924.2,2990.5,2963,3028.3,3081.7,3151.6,3209.7
2293.5,2331.6,2358.2,2227.5,2265.1,2532.5,2684,2721.3
2324.8,2346.6,2319.7,2344.6,2426,2522.9,2607.5,2612.4
2484.9,2504,2514.1,2527.3,2518.3,2511,2531.7,2576.2
2325.4,2376.7,2413.2,2508.5,2572.3,2652.6,2754.6,2855.7
2129.2,2156.6,2229.5,2318.5,2393.8,2510.8,2652.5,3067.7
2251.9,2079.3,2507.1,2655.1,2681.2,2712.1,2731.7,2713.9
2224.9,2364.2,2150.1,2186,2564.4,2826.8,2907.4,2957.6
2160.6,2212.6,2269.4,2234.1,2319.9,2396.1,2433.7,2438.5
1645.3,1642.8,1633.9,1636.4,1656.1,1667.1,1656.9,1714.8
1656.3,1557.6,1594.8,1699.1,1811.3,2067,2404.7,2501.2
2236.1,2305.1,2341.6,2384.9,2607,2915.9,3154.8,3212.8
2360.1,2456.7,2485.2,2505.4,2593.6,2867.5,2985.3,3136.5
2506.3,2561.3,2591.7,2623.2,2582.8,2596.2,2810.9,3272.4
1839.2,1836.5,1862,1917.2,2015.5,2161,2311.7,2514.6
2052.2,2076.7,2429.9,2453,2459.2,2447.1,2468.8,2539.4
2164.5,2284.3,2293,2296.5,2291,2333.6,2486.4,2616.3
2252.6,2369.8,2237,2334.4,2543.1,2696.6,2906.9,2835.3
2406.4,2476.8,2364.5,2443.9,2616.1,2786.8,2813.4,2839.2
2479,2475.7,2532.5,2642.5,2695.2,2768.9,2919.2,3033.4
2241.5,2231.2,2285.6,2479,2589.4,2643.5,2711.6,2804.5
2165.9,2557.1,2567.2,2592.5,2597.4,2607.4,2910.5,3249.2
2115.9,2428.2,2698.4,2736.3,2706.2,2678.9,2791.3,3021.6
2421.2,2468.1,2499.3,2506,2575,2646,2672.1,2810
2410.6,2414.8,2425.6,2427.6,2434.4,2446.8,2481.5,2538.6
2464.9,2706.4,2632.6,2737.8,2757,2794.2,2832.8,2854.7
2383.7,2438.2,2445.5,2434.5,2436.2,2435.6,2437.3,2675
2272.3,2321.4,2438.9,2456.2,2451.4,2465.2,2509,2599.3
2103.7,2613.5,2624.5,2650.2,2661,2632.8,2654.8,2718.3
2359.4,2653.1,2678.5,2707.9,2654.9,2691.9,2798.6,2885.1
2076.3,2622.2,2657,2701.3,2657,2646.7,2784.8,3003.7
1943.4,2333.6,2404.8,2422.3,2407,2465.6,2537.6,2605.6
1569.5,1626.7,1836.5,1954.6,2246.2,2375.2,2430.4,2686.5
1617.4,1736.9,1788.1,1842.7,1979.3,2198.7,2562.5,2939.3
2046.6,2063.3,2177.7,2217,2298,2421.4,2835.4,3130.3
1753.8,2190.2,2267.8,2307.7,2294.5,2288.7,2300.3,2348.9
2322.3,2456.9,2552.8,2557.3,2561.7,2752.1,2975,3398.9
2474.3,2515.3,2550,2507.1,2642.6,2927.8,3101.9,3373.3
2379.7,2440,2456.1,2448.1,2438.9,2451,2499.6,2635
2368.4,2430.2,2455.2,2459.7,2446.6,2471.7,2515.2,2646.1
2311.8,2484.2,2570.4,2597.7,2623.4,2635.5,2569.4,2632.4
2151.6,2201.2,2295.7,2408.5,2366.1,2447.7,2563.4,2757
2386.7,2461.5,2387.3,2477.3,2716.5,2974.3,3088.6,3216.3
1853.8,1958.3,2163.8,2112.1,2549.3,2802,3020.4,3043.4
2398.2,2534.5,2594,2478.7,2678.2,2957,2988.7,2988.6
1898.3,1887.5,1922.3,2042.4,2108.8,2051.1,2100.3,2524.1
2125,2476.8,2480.3,2481.4,2491.2,2518.3,2562.9,2613.9
2297.7,2369.1,2407.6,2327.4,2306.7,2547.8,2933.5,3374.4
2217.1,2595.4,2603,2608.8,2599.9,2621.3,2645.4,2663
2230.5,2266.8,2337.5,2348.2,2334.2,2610.7,3031.6,3449.1
2057.2,2276.9,2287,2294.9,2289.6,2305.4,2374.6,2468.5
1855.4,2187.1,2253.8,2276.6,2239.8,2264.6,2330.7,2440.7
2312.7,2536.8,2540.7,2525.6,2541,2533.7,2557.5,2581.6
2060.9,2032.4,2079.7,2124.6,2146.4,2187.3,2998,3298.6
1722.1,1715.9,1758.9,1894.2,2237.2,2531.3,2817.1,3010.8
2215.7,2279.2,2313,2344.8,2200.2,2352.6,2800.3,3193.2
2574.3,2648.7,2617.9,2648,2699.5,2758.2,2801.9,2820.4
2235.1,2229.4,2260.5,2278.5,2580.7,3328.5,3527.3,3569.5
2137.1,2224.6,2352.6,2362.1,2362.7,2356.7,2506.6,3156.9
2482.8,2492.6,2534.7,2569.9,2419.6,2679.3,3004.8,3024.6
2016.6,2269.7,2341,2286.5,2288.2,2293.4,2332.8,3069.7
2435.7,2555.4,2573.8,2553.4,2556.9,2602.6,2681,2893.1
2230.3,2587.9,2631.8,2645.7,2827.2,2909.3,3210.7,4228.3
2091.2,2432.6,2595.1,2653,2617,2736.5,3063.3,3181.8
2305,2404.9,2446.3,2453.2,2439,2534.9,2756,2943.2
1649.5,2622.6,2623.7,2650.6,2635.7,2632.8,2688,2760
2209.2,2429.1,2503.9,2479.9,2508,2752.1,2997.4,3610.1
2221.1,2694.7,2723.6,2842,2900.5,3193.3,3249.5,3313.6
1807.8,2392.3,2493.9,2506.2,2509,2511,2539.7,2616.8
1635.9,2201.9,2307,2393.5,2402.8,2492.6,2513.4,2598.3
1919.9,2385.1,2370.2,2318.4,2439,2594.8,2875.1,2927
1685,1734.2,1717.4,1712,1726.5,1779.4,1960.7,2057.9
1677.1,1680.5,1661.1,1665.4,1681.7,1861.7,2245.2,2406.5
2453.6,2479.7,2491.1,2582.3,2697.6,2747,2804.6,2969.9
1742,2227,2533.1,2544.9,2542.1,2512.4,2540.6,2590.4
2624.1,2537,2564.4,2657.2,2675.3,2812.6,3803.2,3955.8
2630.8,2632.1,2642.3,2636.5,2792.5,2899.3,3222.2,3710.2
2490.9,2495.2,2501.7,2499.5,2502,2516.1,2532.1,2537.4
2536.4,2495.2,2582.3,2607.8,2650.4,2671.5,2701.4,2775.8
2127,2528.4,2700.2,2733.6,2758.1,2727.7,2743.8,2842
2331.2,2440.2,2496.8,2459.6,2556,2758.1,2851.2,2888.4
2667.1,2678.1,2690.7,2710.4,2844.3,2955.6,2989,3018.4
2257.8,2434.9,2491.3,2539.7,2538,2548,2730.1,2984.1
2367.6,2547.8,2560,2563.5,2559,2575.4,2656.5,2705.8
2324.6,2292.4,2382,2433,2466.3,2495.2,2537.3,2584.2
2507.3,2663.4,2785.4,2759.4,2860.2,2892.8,2907.1,2984.4
2578.7,2586.9,2581.6,2644.5,2840.5,2893,3030.7,3512
2468.9,2634.3,2590.1,2849,2845.9,2857.7,2890.8,3042.3
2245.8,2197.3,2466.2,2657.8,2697,2605.7,2696.5,2842.8
1721.7,1753.6,1831.4,1834.1,1856.7,1898.1,1961.7,2228.8
2044.7,1876.5,2360.1,2360.4,2316.7,2312.4,2370,2451.7
2278.7,2583.5,2772.3,2814.5,2875.6,2910.4,2972,3015.7
1925.7,1924.6,1909.9,1913.1,1923.3,1933.8,1898.5,2663.3
2182.6,2397.7,2548.4,2669.9,2666.4,2730.7,2897.5,2909.9
2570.4,2325.8,2733.9,2839.4,2850.7,3035.4,3131.4,3191.6
2252.4,2296.9,2340.9,2562.7,2731.6,2775.5,2799,2822.9
1778.8,1599.5,2607.7,2664.6,2664.9,2608.5,2646.9,2713.9
2466.5,2478.1,2501.8,2507.1,2475.2,2462.7,2490,2667.6
2446.3,2313.1,2645,2693.6,2707.4,2695.6,2716.2,2789.7
2350.8,2336.8,2423.1,2444.2,2470.1,2519.3,2591.3,2695.6
1613,1617,1605.1,1633.6,1654.9,1882.2,2604.1,3112.6
2461.8,2469,2466.7,2491,2966,3335.4,3289.8,3680.9
2564.3,2570.7,2580.1,2592,3154.1,3213.7,3625.9,3590.7
2169.7,2218.9,2271.9,2263.3,2409.1,3183.6,3251.6,2923.9
2355.1,2374.8,2383.1,2363.7,2375.3,2992.5,3139.6,2880.4
2259.6,2280.9,2278.8,2334,2472.5,3386.2,3206.2,3259.2
2405.8,2414.8,2416.3,2430.3,3172.6,3300.2,3370.9,3678.9
2434.1,2449.4,2441.6,2438.5,2725.4,3069.1,3408.4,3369.6
2382.5,2492.6,2512,2484.9,2536.7,2840.5,2868.2,2954.3
2053.5,2554.6,2567.3,2559.4,2565.9,2591.3,2913,2965
2172.9,2465.2,2488.5,2490,2545.4,2642.8,2688.7,2672.9
2321.7,2544.6,2633,2515.3,2740,2789.3,2864.6,3022.6
2222.6,2505.2,2580.5,2603.2,2669.7,2925.9,3092.9,3364.6
2443.2,2674.2,2684.9,2687.5,2699.4,2703.8,2741.9,3048.8
2262.9,2628.2,2633.4,2629.9,2653.4,2919.4,3707.1,3669.4
2297,2454.9,2474.8,2461.6,2493,2815.8,3071.7,3175.4
2343,2355.9,2362.9,2352,2387.9,2892.1,2993.1,3165.6
2331.3,2338.9,2342.7,2332.4,2406,2625.9,3065.8,3340.8
2497.5,2534.8,2573.5,2529.3,2666.3,2986.9,3190,3286.7
2386.2,2476.2,2525.2,2649.8,2804.7,2954.2,3239.4,3643.2
2353.7,2368.5,2372.7,2375.8,2389.3,2452.4,2628.8,3107.5
2164.4,2175.7,2157.7,2173.4,2239.9,3097.5,3114.2,3283.2
2128.2,2354.1,2365.4,2342.9,2346.9,2402.1,2519.4,2603.7
2395.7,2396.2,2401.2,2406.2,2460.1,2788.7,3046.7,2858.9
2186.8,2214,2256.2,2234.3,2272.6,3331.9,3606.4,3788
1668.6,2342.8,2362.5,2297.6,2374.4,2528.5,3358.3,3616.5
1899.8,2534.7,2662.3,2666.1,2672.4,2727.4,2726.6,2793.1
2438.8,2456.5,2461.9,2469.9,2473.4,2473.6,2498.2,3141.7
2707.1,2692.7,2723.1,2735.1,2697.3,3043.3,3089.5,3385.3
2654.4,2668,2675.8,2711.7,2811,3161.6,3578.9,3940.7
2248.2,2266.3,2246.8,2230.1,2257.2,2734.2,3376.8,3463.1
2235.9,2267.4,2237,2320.4,2513.6,2625.9,2770.7,2885.8
2317.8,2333.6,2346.5,2339.2,2664.8,2772.6,3027.1,3309.1
1942.7,1987,1966.3,1984.5,2243.2,2717.6,2994.9,3349.4
1982,1989.9,1987.9,2005.7,2112.2,2490.8,2971.6,2802.4
2288.9,2441.4,2470.3,2434.2,2579.8,2880.3,2822.2,3042.2
2041.4,2533.2,2590.4,2577.2,2587.3,2642.5,2787.3,2815.6
2325.9,2715.7,2718.4,2729.9,2724,2734.1,2760.6,3061.4
2540.2,2681.6,2691.6,2701.2,2711.9,2709.7,2747.6,2819.6
2201.4,2619.3,2632.2,2621.6,2652.3,2819.8,2992.1,3130.4
2443.2,2566.4,2652,2743.3,2870.3,2946.2,3342.8,4131.1
2446.2,2499.5,2518,2504.2,2549.3,3379.7,3544.8,3616
2419.1,2509.1,2521.5,2505.8,2792.3,3205.1,3418.7,3628.2
2202.2,2219.4,2230.6,2178.6,2470.7,2641.6,2658.8,2779.5
2550.3,2571.6,2573.3,2587.9,2616.9,2755.8,3144.4,3422.9
2174,2666.9,2678.7,2679.2,2676.8,2717,3519.6,3131.8
2545.4,2572.4,2589.5,2575.2,2615.3,2720.2,2779.3,2822.8
2420.6,2434.4,2433.6,2468.5,2539.8,2583.8,3023.9,3264.2
2281,2285.9,2272.2,2317.3,2788.4,2688,2840.5,3502
2322.5,2339.6,2353.4,2347.4,2393.3,2573.3,2623.9,2716.2
2104.2,2479.2,2487.2,2486.1,2487.4,2497.6,3052.1,3583.9
2285.7,2450.9,2476.6,2526.9,2518.3,2699.5,2929.3,3002
2261.4,2269.1,2281.8,2460.4,2853.6,3133.7,3239.1,4003.7
2403.5,2409.7,2409.1,2409.9,2424.9,3141.3,3691.2,3896.1
2520.3,2716.8,3272.6,3195.5,3439.3,3462.2,3662.9,3752.3
2467.7,2491.2,2489.4,2504,2524,2542.4,2889.3,3838.7
2077.8,2094.6,2234.5,2428.8,2586.5,2699.6,2787,3003.6
2383.6,2404,2398.2,2370.4,2404.7,2552.5,2795.7,2846.1
2186.9,2185.3,2166.1,2207.2,2229.9,2700.2,2936.3,2838.3
2029.2,2518,2519.9,2521.6,2548.6,2751,3314.4,3430.7
2519.8,2529,2521.4,2545.7,2735.7,3280.9,3607.9,3580
2277.5,2450.1,2456.4,2447.2,2461.1,2501.9,2623.8,2945.4
2400.8,2417.6,2397,2425.7,2606.2,2889,2946.7,3294.1
2280.6,2305.5,2319.7,2327.3,2408.8,2465.9,2481.5,2592.7
2280.9,2283.4,2290.3,2309.1,2334.5,2832.6,2853.3,3332.5
2264.2,2274.5,2268.5,2283.1,2299.4,2468.1,2499,2776.2
2445.8,2477.9,2485.1,2520.2,2597.9,2730.8,2940.8,2862.3
2358.3,2368.3,2373.7,2376.6,2427.8,2721.1,2813.9,2977.4
2724,2917.6,3282.5,3495.4,3778.3,3965.6,4018.2,4027.1
2454.9,2481.8,2504.5,2489.8,2495.7,2717.2,2860.1,2807.8
2286.4,2293.3,2303.3,2306.3,2371.8,3336.8,3491,3550.6
2214.7,2235.2,2204.8,2458.9,2555.9,2551.8,2594.5,2880.2
2114.7,2133.7,2235.5,2419.2,2524.4,2588.2,3207.8,3369.6
2304.4,2308.1,2313.6,2327.7,2526.9,2671.4,2882.3,3320.1
2260.4,2286.9,2290.8,2309.7,2322.5,2345.3,3002.6,3186.7
2192.7,2424.3,2430.4,2425.5,2431.5,2460.6,2710.6,2972.4
2515.6,2562.6,2565.5,2565.4,2588.8,2642.5,3153.6,2941.7
2586.4,2595.4,2604.4,2685,2732.3,2969.2,3226.9,3229.1
2370.7,2377.4,2351.6,2374.5,2530.5,2829.5,3035,3232.8
2493.7,2466.4,2515.3,2590.6,2762.4,2894.1,3763.8,4077.5
2073.6,2064.3,2080.4,2118.6,2363.2,2866.3,2987,3105.6
2166.9,2169.4,2169.4,2204.6,2313.4,2708.9,2752.4,2711.4
2569.8,2621.8,2612.8,2623,2685.8,3313.7,3563.5,3686.6
2057.8,2655.1,2699.1,2696.7,2707.7,2752.2,2817.5,3079.2
2575.1,2630.5,2652.8,2688.8,2657.5,2750.6,3001.9,3151.4
2446,2460.9,2473.4,2499.8,2490.6,2513.6,2818.4,2990
2547.1,2589.7,2613.3,2637.4,2708.6,2789.2,3005.9,3274.7
1973,2575.3,2611.3,2616.7,2617.8,2625.8,2842.3,2949.5
2596.6,2656.4,2669.1,2674,2681,2687.4,2769.6,3226
2285.9,2460.1,2478.9,2478.1,2473.8,2520.6,2596.8,2717.4
2276.6,2581.2,2588.9,2582.9,2583.7,2604.6,2694.5,3092.1
2252.8,2282.4,2271.3,2263.8,2432.4,2636.9,2881.6,3067.1
2522.4,2536.3,2544.1,2535,2561.7,2688.3,2918,3170.7
2334.3,2476.8,2487.8,2492,2499.3,2553.5,2799.2,3001.4
2333.2,2349.1,2395.1,2504.7,2674.2,2802.2,2904.4,3074.3
2407,2502.7,2499.1,2511,2544.9,2593.9,2636.9,2648.9
2402.6,2413.4,2416,2426.1,2476.6,2830.2,3089.5,3504.2
2347.8,2665.3,2659.3,2917.4,3108.7,3526.2,3720.4,4075.2
2402.8,2437.5,2483.8,2414.1,2605.8,3234.3,3319.5,3373.7
2258.1,2253.9,2267.7,2294.4,2304.2,2777.8,3072,3133.2
2327.9,2360.6,2372.9,2399,2385.4,2839.5,2850.5,3754.2
2347.4,2355.1,2359.2,2355.5,2401.3,2727.6,2664.1,2783.3
2353.2,2353.9,2366,2408.7,2467.7,2513,3092,3570.3
2388.4,2413,2423.6,2423.7,2449.2,2856.3,2894.7,2987
2253.9,2267.1,2270.4,2253.5,2305,2765.3,2880.2,2916.4
2463,2483.8,2502.5,2485.8,2548.1,2617.5,2811.2,2822
2353.7,2446,2431.5,2467.1,2631.1,3182.4,3084.4,3273.2
1755.3,1735.3,1800,1916,2217.8,2604.9,3329.9,3469
1940.1,1907.2,1928.5,2045,2192,2589.6,2848.4,3003.7
2266.2,2241.1,2306.9,2430.2,2578.7,2968.6,3161,3414.5
2181,2185.9,2265.7,2420.8,2499.8,2743,3418.2,3455.8
2443.5,2476.6,2512.1,2571.3,2538.2,2834.6,2939.3,3296
2423.4,2433.7,2445.3,2455.3,2498.1,3082.4,2983.3,3477
2031.3,2019.8,2036.4,2128,2407.2,2573.3,2708.1,3111.4
2284,2294.3,2292,2295.6,2321.9,2502.4,2637,2797.4
2407.5,2518.9,2581.3,2664.9,2632.8,2738.8,2896.7,3287.3
2449.1,2476.3,2483.7,2479.3,2494.4,2555.7,3004.4,3132.5
2460.1,2467.9,2473.6,2492.1,2508.2,2524.2,2656.7,2981.2
2398.4,2441.8,2490,2506,2637.1,2769.2,3092.9,3400.2
2356.8,2448.2,2370.5,2505,2586.5,2691.3,2719.3,2742.5
2639.5,2665.4,2675.1,2743.4,2903.1,2961.1,3262.5,3755.3
2366.5,2494.3,2516.7,2700.6,2810.4,2866.2,2930.8,3010.5
2394.8,2507.6,2518.8,2538,2565.6,2541.6,2692.4,3540.3
2504.9,2457.6,2591.8,2737.7,2806.2,3002.8,3160.1,3492.8
2184.8,2400.9,2591.1,2699.6,2948,3229.6,4037.4,4281.7
2555,2580.2,2629.3,2661.2,2678.7,2679.2,2699.9,3111
2457.5,2467.7,2471.2,2473.3,2515.7,2660.7,2860.5,3104
2154.1,2149.8,2158.8,2194.8,2230.3,2919.5,3245.2,3283.4
2335.3,2337.8,2305.8,2397.5,2542.3,2614.9,3215.3,3222.2
2273.7,2283.3,2251,2302.4,2911.6,3042.8,2766.2,2946.7
2309,2313.9,2323.7,2415.5,2515.1,2923.6,3325.5,3588.4
2209.4,2469.3,2480.7,2488.7,2502.2,2525.2,2714.3,3698.8
2063.1,2419.4,2385.4,2466.3,2579.3,3182.7,3297.1,3906.3
2440.1,2500.5,2515.6,2514.6,2515.1,2635.6,2795.2,2926.1
2496.9,2518.8,2538.5,2484.4,2603.6,2722.1,2726.1,2866.5
2488.9,2497.2,2507.6,2518.8,2519.1,2614.2,3248.9,3418.7
2450.3,2475.1,2494.6,2503.4,2495.7,2590.8,2783,2937.8
2376.8,2383.8,2378.7,2422.6,2718.4,2676.3,2714.5,3438.8
2334.6,2395,2331.4,2413.4,2669.4,2720.5,2879.7,2708.1
2078.6,2082.2,2073.3,2086.6,2198.2,2492,2580.7,2536.5
2424.3,2434.9,2435.5,2444.2,2520.4,2703.3,2745,2843.1
2434.9,2439.2,2443.6,2586.3,2756.2,2804.7,2981.5,3048.5
2483,2578.7,2589.7,2569.5,2615.1,2857.5,3334.8,3542.8
2359.1,2365.7,2366,2382.3,2551.5,2880.5,2812.3,2997.8
2336.6,2361.8,2366.9,2375.1,2377.2,2390.5,2909.8,3724.1
2340.8,2354.4,2362.7,2355.7,2392.3,2594.3,2836.6,3193.1
2441.8,2416.8,2633.9,3052.9,3013.7,3151.2,3300.8,3476.6
2228.8,2234.3,2237.5,2240.7,2330.8,2574.2,2703.8,2651.3
2206.1,2214.7,2216.2,2201.1,2238.2,2343.8,3023.9,2747.9
2393,2401.3,2409.1,2467.9,2506.1,2823.2,3920.3,3935.3
2278.8,2285.1,2271.3,2350.5,2667.2,3113.2,3145.8,3667.2
2282.7,2303.4,2293.5,2316.5,2422,2581.7,2811.2,3192.4
2294.1,2598.3,2623.9,2632.3,2640.9,2803,3363.8,3787.5
2463.6,2518.8,2521.7,2554.6,2610.1,2665,2943.5,3123.7
2498.9,2521,2505.6,2528.5,2580.4,2676.1,2854,3202.1
1871.5,2609.7,2677.3,2609.3,2765.8,3082.4,3417.9,4155.9
2428.3,2502.6,2548.1,2566.7,2677.7,2747.1,2774.3,3154.5
2538.1,2598.1,2687,2788.7,2808.5,3075.9,3113.9,3460.9
2479.3,2501.4,2497.3,2510.1,2524.3,2654,3282.7,3536.6
2406.9,2615.8,2638,2638.7,2645.5,2674.3,2712,2748.9
2055.2,2542.2,2561,2558.2,2569.9,2660.6,3094.8,3823.6
2607.4,2690.6,2755.3,2778.7,2787.6,2997.8,3158.5,3372.1
2548,2578.3,2660.4,2660.6,2679.6,2725.1,2758.7,2763.1
2308.1,2288.5,2393.8,2676.8,2685.4,2700.5,2712.1,2696.5
2004.5,2127.8,2129.8,2173.9,2331.3,2447.6,2531.6,2720
2122.5,2434,2444.3,2432.3,2527.6,2633.2,2852.5,3856
2447.8,2479.8,2491.7,2491.6,2589.3,2656.3,2761.8,3029.1
2167,2490.8,2549.6,2537.6,2569.2,2684.7,2974.7,3115.4
2424.9,2389.6,2788,2797.3,2972.5,3619.9,4054.5,4001.1
2517.8,2520.4,2543.7,2506.3,2571.2,2636.6,2660.3,2678.6
2508.7,2527.4,2511.1,2493.3,2597,2762.5,2747.9,3068.5
2272.8,2324.7,2662.4,2668.2,2669,2852.8,2995.6,3253.3
2297.6,2583.4,2573.2,2625.9,2630.5,2703.2,2813.7,3028.6
1919,2756.3,2816.7,2824.5,2826.2,2832.9,2905,3587.8
2299.4,2419.2,2527.9,2546.7,2552.8,2721.9,2701.5,2851.2
2510.9,2532.7,2532.9,2552.6,2586.9,2660.4,3539.8,3929.9
2424.9,2441.4,2430.3,2445,2525.4,2666.9,2965.8,3304.3
2411.7,2427,2636.8,2887.4,3061.6,3156.9,3312.7,3795.8
2307.6,2438.1,2430.9,2425.9,2507.2,2624.7,3022.6,3779.3
2321.8,2330.1,2305.8,2333.5,2422.3,2561.7,2876.2,3429.2
1517.1,2018.8,2130.3,2135,2113.6,2103.2,2128.5,2147.7
2001.8,2038.8,1987,2008.5,2076.7,2377.3,2580.6,2658.2
2040.7,2042.8,2042.6,2041.8,2061.5,2102.7,2782.5,2747.9
2112,2359.2,2374.3,2371.4,2381.3,2465,2582.4,2964.4
2405.5,2666.4,2701.2,2724.6,2813.2,2894.3,2945.4,2975
1983.3,2469.7,2540,2614.5,2685.6,2689,2895.1,3822.1
2550.1,2593.6,2607.3,2607.1,2612.5,2648.1,2699.2,2835.6
2148.6,2492.3,2601.1,2646.3,2704.6,2725.7,2662,2860.5
2437.7,2451.1,2470.7,2509.6,2555.8,2617.6,2879.7,3332.5
1801.1,1792.9,1864.1,2163.1,2589.3,2521.5,2730.7,2988.3
2105.8,2417.2,2779.2,2785.2,2788.8,2863.5,3019.5,3172
2832.3,2822,2890.1,2885.2,2912.7,3094.9,3253.3,3595.2
1923.4,2120,2159.7,2200.2,2241.3,2539.1,3328,3335.9
2108.8,2567.2,2629.4,2591.5,2609.4,2744.3,3012.6,3060.9
2607.6,2591.6,2653.5,2661.7,2673.6,2927.3,3012.2,3296.1
2391.6,2406.1,2418.3,2474.5,2564.7,2791.5,3221.8,3351.1
2407.7,2418.2,2417.2,2421.2,2467.7,2686.6,2777.7,3305.2
2542.5,2547.1,2560.1,2540.4,2574.7,2654.6,2699.7,2725.7
1888.7,2469.7,2492.4,2489.7,2492.9,2577.9,2836.5,3055
2343.7,2448,2628,2620.9,2702.2,2860.6,2920.3,2963.1
2499.9,2521.7,2508,2496.7,2784.1,2824.9,2870.7,2944.9
2628.4,2615.7,2633.9,2632.9,2660.7,2698.1,2737.8,2778.1
2240.7,2343.6,2566,2565.2,2584.1,2618.9,2728.6,2838.6
2353.8,2584.5,2640,2638.9,2652.1,2685.4,2753.4,2985.5
1776.4,2155.3,2306.3,2311,2316.7,2462.8,2832.2,2947.4
2308.5,2339.2,2334.1,2392.9,2603,2717,2965.1,3010
2401.4,2497.7,2465.9,2624.7,2933.4,3027.5,3050.4,3061.3
2506,2690.1,2707.9,2708.4,2724.5,2787.8,2921.6,3083.8
2053.6,2064.3,2125.3,2267.2,2536,2843.5,2935.6,2934.7
2071.8,2125.5,2264.8,2524.1,2815.1,3142.5,3343.9,3600.7
2036.5,2077.8,2163.7,2218.5,2375.1,2871.2,3024.5,3154.2
1945.4,2036.3,2124.8,2166.5,2202.8,2352.7,3224.7,3327.6
2031,2226.4,2274,2267.9,2299.9,2407.4,2575.1,2750
2071.8,2179.8,2197.1,2211.1,2255.2,2335.2,2501.1,3040.9
1728.6,1727.1,1733.5,1719.2,1719.5,2280.7,2765.7,3704.6
1607.5,1884.5,2982.6,3045.4,3040,3110.9,3289.8,3836.6
2301.2,2524.7,2550.5,2548.8,2548.4,2596.5,2829.4,2985.7
1883.2,2019.5,2218.9,2432,2456.5,2475.8,2484.5,2487.6
1711.3,2483.6,2500.7,2473.5,2506.6,2589,2682.1,3361.3
2513.4,2529.3,2579.9,2738.3,2898.1,3189.1,3299.6,3330.5
1768.2,2058.2,2363.5,2390.4,2374.6,2416.7,2506.7,2776
2313.2,2659.8,2743.4,2751.2,2782.7,2875,2923.7,2996.7
2089.7,2179.7,2183.3,2140.1,2294.6,2723.9,2989.8,3084
1752.1,1787.4,1821.5,1856.7,1896.8,3078,3345.5,3610.3
1716.2,1745.9,1767,1838.7,1927.8,2613.9,3526.9,3826.9
2088.7,2442,2729,2745.9,2740.7,2751.5,2812.2,2981.5
1771.5,2204.7,2556,2564.7,2547.2,2573.1,2627.7,2682.6
2161.9,2701.8,2707.4,2714.9,2712.1,2733,2761.2,2782.2
2405.3,2498.3,2506,2514.9,2529.9,2571.1,2588.3,2896.4
2188.6,2277.1,2301.3,2313.8,2391.3,2482,2549.6,2626.2
2573.3,2617.4,2585.2,2693.5,2786.4,2860.7,2938.6,3383.5
2120,2364.9,2465.2,2478.6,2730.9,2937.8,3062.8,3138
1806.9,2685.8,2691.1,2694.1,2694.6,2744.3,2799.6,2878.2
1766,2223.3,2461.1,2596.5,2584.1,2582.9,2645.5,2791.7
2028.7,2244.7,2515.3,2533,2618.9,2691.3,2750.8,2857.3
2227.9,2347.7,2388.4,2400.4,2463.9,2569,2656.4,2938.8
2286.5,2326,2352.3,2501.9,2690.5,2815.9,2977.7,3030.8
1949.6,2228.2,2256.4,2246.1,2268.5,2435.3,2757.4,2955.9
2096.9,2297.1,2627.3,2630.5,2628.5,2635.8,2674.3,2717.8
2311.3,2443.4,2465.5,2429.2,2482.7,2669.3,2924.6,2973
2020.1,2281.2,2306.6,2303.3,2313.4,2425.1,2897.6,2986.1
2296,2649.1,2657.4,2669.5,2695.5,2762.5,2862,2999.8
1998,2562.9,2699.1,2706.8,2710.5,2819,2980.7,3297.5
1676.8,2335.6,2526.2,2535.7,2514.4,2541.9,2635.4,2944.3
1964.3,2450.5,2442.5,2517.7,2690.5,3101,3477.6,3604.5
2150.3,2220.2,2214.4,2161.3,2255.8,2671.1,2996.7,3134
1680.4,1710.4,1869.4,2036.6,2326.6,2511.9,2926,3098.1
2458.1,2490.9,2521.3,2511.3,2544.3,2743.2,3221.2,3477.3
2064.1,2424.9,2432.6,2500.4,2561.1,2668,2785.1,3088.8
2487,2649.7,2658.2,2664.6,2669.1,2682.7,2731.3,3029.6
2662.4,2660.2,2673,2685.7,2683.3,2699.1,2703.5,2729.9
2319.9,2531.4,2603.8,2609.4,2660.2,2734.4,2770.2,2961.2
1665.5,1718.4,1892.9,2422.2,2763.4,3008.7,3034.5,3091.4
1810.2,1833.2,1907,1955.8,2626.2,3170,3349.8,3525.4
1997.8,2082.4,2111.7,2118.6,2117.4,2504.9,2861.1,3080.2
2071.2,2224,2352.2,2459.2,2558.7,2958.2,3372,3488.3
2392.8,2410.9,2404.8,2441.7,2521.3,2677.2,2980.7,3097.4
1896.5,2510.5,2613.5,2611.9,2638.7,2761.8,2999.4,3304.3
2273.9,2498.1,2501.3,2457,2501,2717.8,2890.9,2951.9
2048.7,2563.4,2569.8,2562.2,2617.4,2739.8,2874.7,2929.8
2287.7,2621.6,2629,2627.9,2632.5,2662.8,2719,2773.5
1952.1,2056.5,1986.9,1972,2527.6,3294.3,3322.4,3328.7
1689.7,1800.5,1997.5,2210,2800.9,3143.4,3205.9,3261.9
2032.4,2077.1,2394.3,2808.4,2966,3034.6,3093.9,3403.9
2379.6,2681.2,2771.6,2780.5,2778.6,2814.1,2861,2914.1
2224,2354.5,2445.4,2451.7,2460.1,2504.8,2586,2669.5
1717.4,1725.3,1748.2,1757.8,1800.2,2468.8,2960.6,3600.7
2317,2322.8,2336.3,2371.6,2412.4,2504.3,2764.9,3154.2
2505.5,2701.2,2718.7,2716.2,2756.6,2929.6,3197.2,3456.1
1992.9,1897.8,2317.2,2454.4,2442.4,2466.5,2503.1,2555.9
1904.7,2084.2,2131.5,2205.4,2354.8,2592.7,2897.8,3122.9
2125,2135.3,2129.2,2204.4,2445,2769.1,3060,3144.7
1621.3,2165.9,2622.9,2646.4,2602.5,2681.9,2822.8,2862
2460.5,2568,2576.4,2578.4,2586.7,2620.5,2699.3,2817.1
2210.9,2496.8,2504.5,2506.4,2527.5,2571.4,2649.4,2829.5
1805.8,2213.5,2529.7,2542.1,2557.2,2603.6,2659.3,2714
2509.8,2591.3,2539.4,2699.6,2717.9,2963.8,3274.1,3255.1
1909.7,2365.1,2444.3,2465,2461,2483.6,2529.4,2581.1
1787,2049.5,2346,2509.4,2512.2,2507.3,2534.2,2567
2125.5,2488.7,2573.6,2581.8,2594.9,2629.2,2706.5,2950.6
2161.1,2370.6,2374.3,2402.4,2453.7,2540.2,2877.6,3318.7
2387.5,2584.5,2984.9,3037.7,3229.8,3523.5,3605,4464.4
2122.1,2449.2,2476.7,2481.8,2483.9,2522.1,2584.2,2733.8
1818.9,1833.6,1857.2,2011.5,2279.8,3119.8,3304.9,3354.7
1886.1,2310.6,2545.5,2555.2,2554.6,2578.2,2623.4,2704
1994.3,2211.5,2297.1,2334.3,2417.6,2810,3602.4,3804.2
1811.6,2535,2564.2,2530.4,2619,3030.1,3659.3,3949
2275.1,2608.3,2611.1,2612,2619.1,2646.4,2837.8,3592
2493.9,2516.4,2565,2555.6,2596.7,2727.4,2861.9,2990.1
2151.3,2346.7,2379.1,2432.8,2515.9,2814.8,3068.7,3215
2217.9,2319.4,2352.5,2349.9,2427.1,2567.8,2742.6,2896.2
2268.8,2282.3,2302,2407.3,2535.5,2757.2,3053.8,3248.7
2410.2,2422.8,2434.3,2458.7,2560.1,2685.2,2965.8,3361.5
2253.3,2456.9,2480.8,2482.4,2485.2,2585.3,2731,2838.5
2395.5,2409.2,2426.7,2484.4,2590.4,2863.7,3035.7,3215.7
2443.4,2583.2,2644.4,2647,2692,2773.2,2889.7,2991.5
2390.3,2446,2507.3,2580.5,2755.8,2850,2980.9,3317.1
1633.6,1689.2,1723.2,1834.2,2300.3,3049.4,3483.6,3803.5
1769.6,1805,2083.1,2891.4,3108.3,3369.1,3684.9,3862.3
2069.4,2408.3,2437.5,2422.6,2487.1,2573.1,2672.2,2877.1
1803.5,1864,1952.8,2046.6,2234.8,2598.4,3074.6,3184.5
2003.3,2157.9,2262.7,2313.4,2281,2346,2590.8,2767.2
1939.3,2293.4,2466.3,2447,2473.5,2588,2885.7,3329.7
1699.9,2363,2436.3,2426.8,2495.8,2697.3,3043.5,3365.4
2082.3,2508.1,2528.1,2508.3,2525.3,2620.7,2820.6,3056.6
2433.6,2460.3,2470.9,2525.5,2683.4,2895.8,3048.5,3291.6
2417.7,2508.8,2466.8,2581,2688.3,2774.9,2888.8,3086.2
1583.4,2595,2614.1,2602,2636.8,2701.3,2775.2,3511.5
2149.6,2146.3,2252.4,2376.5,2606.2,2961.8,3110.2,3216.4
2128.6,2490.8,2497,2502.2,2513.6,2717.1,2866.8,3596.3
2099.8,2628.2,2793.3,2810.7,2850.2,2888.7,2978.1,3211.5
2281.7,2483.3,2714,2740.9,2749.7,2773.9,2819.6,2870.4
1797.1,2456.7,2469.7,2471.6,2471,2503.7,2654,3300.5
2085.8,2394.8,2490.9,2493.9,2523.2,2610.6,2836.5,3056.1
2033.1,2665.8,2676.3,2671.3,2684,2729.4,3244.6,4015.4
1964.7,2348.1,2495.2,2506.8,2520.6,2548.1,2568.6,2852.1
1899.5,1897.3,1966.4,2148.3,2292.9,2519.5,2869.8,3954.2
2088.3,2017.5,2061.6,2327.3,2889.4,3000.2,2984.1,3090.3
2282.6,2333.9,2399.6,2377.6,2417.3,2628.2,2882.1,2972.2
2331,2547.1,2503.9,2733.3,2873,3178.4,4167.2,4411
2075.5,2451.4,2492,2466.9,2501.6,2620.9,2751.2,2854.7
2154.4,2512,2577.8,2631,2637.7,2661.3,2683.9,2726.4
1983.2,2293.5,2472.7,2479,2482.5,2508.8,2609,2924.2
2182.6,2313.8,2269.5,2322.4,2551.5,2744.2,2939.7,3199.9
2119.6,2452.9,2572.2,2586.1,2584.1,2603.2,2647.4,2699.2
2076.9,2604.3,2620.6,2614.8,2618.4,2662.6,2747.2,3347.5
1776.9,1780,1776.2,1792.6,1830.9,1908,2234.6,2978.2
2317.6,2553.9,2565.2,2574,2606.7,2696.7,2851.6,3433.7
2148.3,2388.7,2437.7,2511.7,2651.6,2603.9,2917.4,3146.5
2156.8,2423.4,2589.1,2588.9,2611.9,2650.1,2778.1,2802.4
2153.6,2222.8,2270.3,2408.4,2652,2953,3179.8,3296.2
1869.6,2449.9,2463,2464.9,2472.7,2508.8,2545.5,2591.3
2467.7,2596.2,2599.9,2608,2658.9,2927.6,3524.5,3612.3
2148.7,2180.8,2181.7,2379.9,2741.8,2949.9,3116.6,3300.5
1822,1824.5,1856.7,1925.4,2071.6,2299.7,2718,3002.9
2006.5,2360.8,2402.4,2441.2,2481.2,2629.5,3010.5,3178
1888.6,2545.6,2574.4,2577.2,2584.2,2649.6,3267.4,3643.6
2180.6,2200.8,2181.9,2326.9,2498,2699.5,3087.3,3355.1
2254.1,2305.2,2325.9,2403,2505.9,2758,3062.6,3273.4
2244.6,2648.1,2650,2711,2844.8,3259.7,4209.3,4380.1
2137.8,2448.4,2608.1,2631.7,2634.8,2647.6,2677.8,2739.3
2518.8,2495.5,2620,2651.1,2658.4,3106.3,3429,3704.5
2016.3,2349.2,2358.2,2355,2368.6,2436.7,2761.2,3028.5
2180.7,2380.8,2377,2386.8,2436.9,2474.1,3051.7,3889.3
2063.6,2584.3,2600.7,2611.8,2654.6,2795.1,3163.4,3448
2042.9,2493.3,2498,2510.2,2562.6,2680.6,2913.3,3132.2
2199.9,2284.7,2508.7,2680.6,2713.5,2685.4,2850.2,3089
2215.3,2433.4,2508.6,2519.7,2527.4,2541.8,2564.6,2592.2
1981.5,2498.1,2589.3,2654.6,2671.3,2713.6,2755.1,2802.5
2030.8,2574.6,2587.2,2618.1,2701.7,2748.4,2800.3,3009.1
1767,1778.8,1784,1791.7,1812.6,1954.7,3217.8,3262.5
1745.6,1756,1782.4,1783.9,2175.2,3184.6,3176.6,3195.5
2149.1,2280.1,2350.7,2470.8,2767.4,3114.1,3227.1,3248
2140.6,2562.3,2643.3,2645.7,2657.6,2680.1,2787.8,3424.9
2030,2347.3,2498.4,2442.3,2598,2917,3051.6,3212.9
2151.2,2230.1,2601.7,2626.7,2627.1,2654.2,2740.6,2854.2
2183.1,2618,2626.8,2627.3,2631.3,2683.4,2813.8,3067.9
1993.4,2447.9,2559.8,2569.1,2571.1,2655.8,2749.1,2845.5
1937.1,2579.1,2723,2737.2,2729.2,2795.6,2900.6,2991.8
2338.1,2771.7,2892,2895.6,2909.7,2925,2941.8,3366.2
2398.9,2460.3,2438,2505.4,2652.6,2808.9,2906.3,2985.4
1882.4,2431.7,2447.4,2473.5,2488.7,2555.7,2716,2970.3
1994.7,2497.6,2557.2,2563.9,2561.2,2570.8,2609.4,2922.8
2475,2495.3,2488.3,2531,2623.1,2764,3103,3182.7
1930.1,2604.5,2616.2,2600.5,2638.7,2686.9,2757.9,2863.4
2369.6,2379.1,2372.1,2389,2473.8,2734.3,2898.7,2956.5
1948.9,2230.3,2241.7,2241.5,2255.2,2558.2,3167.6,3410.4
2058.8,2082.7,2070.6,2296.4,2590.1,3028.4,3398.3,3557.6
2467.6,2704.4,2717.4,2722.6,2757.1,2822.2,3024.1,3352.6
1831.5,1914.5,1996.2,2061.8,2174.3,2580.3,3047.5,3100.9
1960,2048.8,2201.3,2401.8,2771.1,2925.3,2913.4,3005.9
2540.4,2679.1,2743.2,2763.9,2768.4,2816.6,2909.6,3108
2545.6,2593.1,2596.2,2601.2,2624.9,2657.9,2989.4,3005.5
2387.5,2728.7,2738.8,2741.5,2765.4,2837.1,3070.5,3235.4
2415.1,2509.8,2504.1,2513.5,2624.4,2652.6,3100,3433.7
2053.4,2405.9,2714.1,2719.7,2715.8,2726.6,2753.7,2988.9
2169.4,2243.4,2389.6,2527.7,2712.6,2790.9,2856.4,3045.3
2146.9,2297.8,2186.9,2527.1,2777.2,3014.8,3143.5,3305.6
2301.4,2298.8,2304.5,2255,2394.9,2556.5,2925.5,3384.7
1879.4,2056.3,2501.9,2540.4,2791.1,3080.3,3513.4,3741.6
1564.1,2139,2147,2113.1,2119.9,2152.8,3711.7,3703.7
2193.8,2246.4,2235.2,2287.6,2602,2919.5,3044.9,3303.8
1789.3,2192,2220.9,2181.6,2236.6,2283.6,2382.9,2581.1
2244.9,2286.9,2298.5,2356.4,2447.8,2629.3,3177.8,3494.6
2150.9,2388.1,2429,2418.3,2459.6,2523.6,2848,3281.4
2138.5,2208.2,2324,2349.5,2243.9,2861,3287.5,3308.5
2138.5,2235.4,2391.4,2374.7,2235.2,2947.9,3603.2,3616.5
2061.4,2195.6,2270.6,2235.9,2268.5,3009.8,3486.1,3627.4
2203.1,2307.1,2538.7,2737.7,2814.6,3648.9,3702.9,3698.5
1594.9,2360.8,2388.2,2301.8,2355.1,2578,2941.7,3344.3
2017.2,2258.3,2222.9,2212.8,2318.5,2400.8,2502.5,2811.8
2230.7,2241.6,2237,2221.3,2256.7,2334.2,2395.6,3032.4
1982.9,2220.9,2275.8,2245,2241.5,2291,2758.9,3637.4
2290.7,2561.9,2650.7,2705,2584.4,2848.2,3483.8,3619.8
1857.7,2090.9,2126.8,1968.3,2022.2,2433.5,2430.1,2807.3
2116.1,2295,2419,2485.6,2772.2,3257.6,3576.7,3826.1
2093.6,2096,2084.7,2080.4,2155.6,2565.9,2735.2,2920.4
1893.2,1930.5,1923.3,2041.4,2304.7,2511.9,3065.6,3295.7
2067.5,2084.8,2095.9,2120.4,2618.5,2757.4,2748.8,2830.3
2116.4,2263.6,2290.7,2289.4,2307.9,2490.7,2636.4,2816.6
1876.2,2134.8,2141.7,2143.3,2162.7,2222.6,2512.5,3152.5
2089.5,2400.8,2450.1,2274.9,3240.8,3549.8,3600.8,3677.1
1888.8,2110.3,2345.7,2349.9,2941.8,2967.5,3112.3,3329.8
1688.8,2069.5,2210.4,2138.9,2246.5,2151.8,2139.3,2283.1
2047.7,2160,2153.3,2032.8,2330.3,2535.9,2611.4,2626.1
2252.4,2332.7,2218.9,2190,2859.8,2973.3,3202.1,3679.5
1858.6,1914.9,1895.4,1784,1951.4,2337.5,2289.3,2664.8
2059.8,2237.4,2246.7,2229.4,2250.1,2298.5,2358.5,2417.8
1683.6,1997.2,2013.7,1858.1,1821.6,2092.2,2860,3339.5
1697.5,1661.7,1696.4,1697.1,2223.5,2896,3265.2,3744.8
1606.3,1592.1,1588.5,1592.5,1568.4,2318.9,3500.6,3549.7
2268.9,2276.7,2419.5,2478.9,2812.1,3290.9,3543.1,3635.6
2344.4,2393.4,2460.3,2326.9,2227.2,2685.8,3490.7,3637.1
1810,2070.4,2303.1,2166.9,2509.5,2549,2664.7,2797.4
2117.9,2178.5,2172.9,2133.5,2232.1,2664.9,2936.7,3134.2
1821.2,1955.6,2529.2,2454.9,2597.5,3181.8,3473.8,3921.3
1751.9,2159.1,2192.7,2169.4,2185.8,2248.1,2332.3,2432
2039.2,2089.6,2065.7,1999,2378.9,2784.9,3143.3,3463.7
2104.4,2145.4,2377,2344.4,2390.9,2395.8,2528.5,2905.1
1876.4,2157.8,2217.2,2164.4,2063.8,2332.8,2644.2,3057.3
2024.5,2307.1,2329.2,2254.3,2397.8,2505.5,2642.2,3035.3
2274,2433.2,2175.7,2600.8,2657.1,2695.9,2836.1,3037
2333.8,2350.8,2347.9,2289.9,2376.6,2790.5,3176.1,3245.7
1852.8,2069.9,2104.8,1891.3,1987.3,2267.8,2700.8,2849.4
1606.5,2274.1,2289.2,2278.5,2273.5,2278,2425.1,3026.9
2134.9,2208.2,2215.2,2151.3,2316.8,2574,2990,3500
2407.8,2493.2,2544.5,2577.2,2682.9,2773.5,2856.8,2924.5
2076.7,2299.8,2312.4,2308.3,2303.6,2392,2615.9,2934.2
2327,2425,2450.9,2357.6,2470.2,2840.3,3500.2,3660.9
2205.8,2227.4,2238.1,2203.4,2219.6,2377.3,2463,2233.9
1694.8,1671,1767.2,1940.5,2052.9,2625.4,3418.3,3547.8
1861.1,2132.9,2134.9,2116.7,2101.5,2557.2,2547.4,2879.3
1838,1884.8,1907.5,1932.3,1990.6,2540.7,3226.3,3458.2
2214.9,2240,2267.7,2120.2,2154,3488,3542.4,3764.4
1997.4,2211.4,2222.8,2174.1,2189.9,2286.9,2895,3390.1
2024.7,2284.2,2292.2,2249.9,2334.2,2550,2772.6,2860.8
1520.1,2311.1,2323.6,2269.4,2296.5,2488.8,2728.7,3056.9
1653,2026.6,2119,2197.6,2303.7,2445.4,2546.5,2741.6
1772.6,1763.1,1722.8,1715.1,1780.2,1849.5,1867.5,1962.2
1825.3,1902.7,1917.3,1955,2092.1,2345.1,2541.4,3288.6
2081.7,2044.5,2096.4,2408.1,2829.6,3272.4,3390.7,3424.9
1553,1782.8,1736.2,1591.2,2285.4,3155.7,3289.5,3308.4
1857.9,2122.2,2121.1,2029.2,2149.5,2361.9,2503.9,2685.1
2228.1,2244.3,2239.8,2179,2281.4,2725.5,2976.5,3278.1
2222.2,2354.7,2350.9,2300.3,2553.4,2903.7,3206.7,3371.2
2103.1,2254.3,2274.1,2181.7,2251,2427.4,2594.6,2743.9
2142.1,2160.8,2139.4,2154,2347.8,2490.4,2920.2,3402.5
2124.3,2317,2345,2275.2,2300.5,2789.2,3449.2,3551.6
1974.8,2167,2166.1,2323.1,2448.4,2734.1,3612.7,3961.8
2196.8,2227.2,2194.5,2231.9,2353.8,2512.5,2718.6,3155.1
2157.3,2260.6,2290.8,2252.3,2307.6,2404.6,2601.3,2985.4
2249.8,2236,2278.3,2254.5,2340.4,2449.1,2539.3,2768.7
1688.7,1710.1,1696.9,1691,1686.9,2287.7,3537.5,3588
1711.9,1841.2,1833.7,1813.2,1939,2598.6,2677.7,3036.9
1846.3,1967.4,1950.9,1923,2085.6,2287.7,2502.3,3323.6
2197.6,2211,2205.2,2197.8,2251.2,2309.2,2341.6,2397.9
2339.1,2460.6,2490.3,2348.7,2473.3,2905.3,3370.8,3517
1712.1,2170.5,2190.8,2167.4,2215.5,2270.4,2266,2330.3
2208.3,2226.3,2214.2,2231.5,2650.4,3151.9,3227.9,3389.7
2153.3,2166.3,2135.1,2188.9,2278.3,2337.2,2405,2833.3
2222.7,2119.5,2432.9,2486.2,2438.3,2513.4,2765.1,3073.7
2210.2,2343.8,2376.3,2258.4,2331.6,2651.4,3204.6,3362.9
2290,2305.7,2347.5,2170.1,2205.9,3111.1,3204.1,3223
1979.1,1935.2,2058.6,2169.1,2446.5,2680.7,2762.8,2918.8
2252,2422.2,2706.1,2897.6,3056.8,3226.9,3316.8,3394.5
2187,2021.8,2415.2,2411.1,2398.2,2523.4,2604,2654.6
1880.5,2185.4,2211.3,2149.3,2238.3,2303.2,2320.9,2384.7
2266,2303,2305.9,2248.6,2424.5,2579.1,2679.8,2926.8
2062.1,2291.6,2330.5,2213.4,2294,2609.3,3011.9,3313.9
2087.6,2147.6,2188.2,2058.3,2242.4,2569.7,2776.1,3001.9
1878.6,2004.5,2024.1,2094.7,2220,2426.9,3321.3,3509.8
2212.4,2374.1,2409.2,2399.2,2454.2,2576.6,2585.3,2686
2291.5,2286.8,2259,2420,2542.6,3380.7,3584.2,3682.5
2058.5,2338.6,2330.4,2287.6,2416.2,2761.9,3032.5,3630
2262.2,2449.2,2558.3,2422.1,2803.1,3406.1,3418.8,3432.4
1993.1,1978.8,2074.2,1931.7,2677.5,3100,3163.7,3233
2155.3,2328.2,2368.2,2144.7,2723.3,2922.7,3151.4,3397.5
2237.5,2248,2268,2267,2254.3,2262.5,2306.4,2423.7
2253.6,2297,2471.1,2468,2456.1,2741.9,2904.8,3116.6
2247.3,2253,2306.3,2351.5,2415.8,2583,2713.5,3024.6
2198.6,2295.4,2355.9,2282.4,2183.8,2642.4,2794.2,2893.3
2253.2,2275.1,2235.9,2229.9,2364.2,2530.8,2928.3,3479.5
2225.5,2302.4,2358.5,2180,2424,2751.5,2792.2,2806
2103.9,2115.4,2103.7,2105,2147.5,2265,2437.2,2999.5
1584.2,1578.1,1570.5,1570.4,1570.6,1890.5,3251.3,3718.1
1639.5,1638.8,1612.3,1603.4,1618.2,1614.4,2486.5,2781.7
1723.2,2307.6,2301.4,2282.7,2352.5,2684.2,3178.5,3736.7
1914.6,2253.4,2302.3,2226.6,2269.4,2406.6,2703.8,3029.5
1686.7,1682.9,1680.3,1721,1795.4,2618.7,3392.6,3698.6
1821.9,1914.9,1870.2,1866,2218.4,2747.5,2739.9,3167.6
1850.9,2134.5,2136.4,2080.7,2099.6,2214.7,2367.4,2858.5
2324,2332.9,2337.2,2302.4,2352.9,2499.7,2746.2,3115.2
2181.6,2320.6,2328,2284.9,2386.5,2527.5,2736.5,3050.7
2092.3,2199.6,2165.2,2232.4,2496.1,2673.1,2883.9,3297.7
2074.1,2234.7,2348.7,2326,2313.9,2569.3,2673.4,3320.3
2219.1,2263.5,2253.9,2242.9,2295.2,2373.5,2597.6,2970
2169.5,2258.1,2424.9,2522.7,2655.5,2879.2,2975.1,3062.9
2400.2,2758.4,2799.8,2833.8,2887.8,2976,3068.1,3206.1
2198.8,1889.3,2500.7,2645.8,2689.5,2772.8,2948.3,3247.7
1851.4,1856,1784.8,1837.7,1968.9,2580.3,2832.2,3567.3
1981.6,2118.5,2070,1982.3,2243.2,2388.6,2574.3,2693.4
2108.7,2435.1,2469.9,2405.2,2599.2,2890.4,3257,3880.7
2076.6,2270.3,2381.6,2159.3,2256.4,2747.7,3098.9,3268.3
1787.7,2143.4,2175.1,2122.6,2149,2245.2,2522.7,2855.5
1649.2,1660.1,1648.2,1645.6,1656.3,1659.1,1735.7,2190.8
1701.8,1859,1830.1,1821.7,2078.7,2353.5,2630.4,3032.7
2114.1,2128.3,2105.4,2082.8,2251.4,2595.9,2813.2,3368.9
2208.3,2206.4,2240.2,2244.9,2275.4,2302.7,2350.5,2691.6
1804.8,2381.9,2374.8,2409.8,2625.2,3053.2,3787.8,4258.3
2362.1,2364.9,2401,2442,2468.1,2772.5,2653.1,3234
2339.5,2389.8,2366.9,2525.9,2441.8,2586.8,3262,3582.9
2223.7,2321.3,2408.9,2372.1,2363.8,3172.6,3371.5,3466.2
2140.6,2223.8,2239.1,2181,2260,2373,2612.1,3134.7
2125.7,2161.9,2181.4,2039.2,2323.6,2685,2850.6,2868.6
2133.7,2189.9,2232.3,2113.5,2161.3,2664.4,2961.3,3132
2220.2,2247.7,2212,2248.5,2383.8,2464,2632.6,2940.1
1768.1,1887.9,1865.8,1857.3,1912.2,2021.1,2119.4,2181.2
2406.9,2548.3,2612.3,2567.5,2922.3,3435.4,3649.8,3738.3
2361.4,2345.8,2592.6,2530.2,2546.1,2975.7,3652.2,3668.1
2071.4,2190.1,2270.2,2244.2,2396,2472.4,2657.6,3610.9
2252.8,2133,2413.7,2416.5,2297.4,2348.1,2864.5,3530.7
2177.2,2351.8,2320.3,2411.1,2573.3,2737,3012.1,3446.4
2194.6,2267.7,2292.3,2266.7,2252.3,2328.7,2455,2804.1
2306.5,2385.9,2406.1,2513.3,2490.8,2737.5,3107.5,3354.6
2079.6,2084.3,2015,2109.6,2400,2518.4,2694.1,2967.3
1792.5,1792.6,1766.9,1764.3,1785,1788.6,1844.2,2886.9
2178.2,2238.1,2263,2173.1,2180.7,2278.1,2778.1,2828.2
1982.9,2340.2,2346,2329.9,2308.7,2461.2,3043.6,3816.6
2046.5,2193.1,2317,2327.6,2390.4,2551.4,3066.5,3311.2
2283.7,2300.7,2288,2334.3,2456.9,2566,2686.9,3332.1
2412.1,2506.1,2544.7,2789.5,2942.2,2816.6,3201,3625.5
2220,2221.1,2193.7,2300.8,2431.7,2645.2,2832.3,3199.7
2290.8,2285,2211,2535.1,2864.9,3357,3465.7,3521.3
2478.2,2542.1,2496.6,2668.7,3289.7,3766.3,3950.3,4106.3
2191.3,2370.2,2367.7,2226,2486.8,2927.1,3276.2,3382
2387.3,2435.4,2495.5,2486.4,2504.1,2613.5,2758,3055.4
2073.4,2092.6,2123.8,1969.7,2032,3009,3314.6,3403
2060.3,2234.2,2453.4,2550.5,2619.2,2922,3046.2,3543.3
2032.9,2333.2,2367.6,2298.1,2547.7,2810.9,3286.4,3509.8
2291,2766.5,3007.4,3214.3,3226.2,3303.1,3407.7,3443.4
2194.3,2305.4,2317.3,2272,2299.7,2395.9,2478,2786.5
1876.3,2308.2,2329.6,2276.5,2318.9,2442.4,2612.2,2702.2
2388.8,2400.4,2428.8,2423.6,2431.8,2439.7,2451,2473.6
1716.6,1698.8,1694.9,1689.4,1678.9,2043.4,3124.7,3364.6
1875.3,1828.1,1879.2,1948.1,2195.9,3188.3,2978.1,3473.1
2306.5,2398.6,2361.3,2363.2,2574.3,3131,3346.8,3501.2
2398,2477,2455.9,2472.6,2711.1,2863.3,3290.7,3728.7
2373.1,2511.9,2405.7,2613.2,3058.8,3258.5,3731.4,3837.7
2105.7,2543.4,2552.5,2544.6,2487.8,2639.1,3067.6,3351.7
2183,2208.5,2147.2,2205.9,2408.5,2483.4,2679.3,3016.6
2414.8,2511.9,2612.9,2653.8,2727.9,3040.2,3596,3759.3
2199.5,2291.8,2263.4,2321.8,2347.3,2450.1,2560.4,2912.5
2474,2610.8,2714.9,2841.2,2978.9,3047.9,3487.5,3528.4
1704.9,2363.4,2371.4,2316.1,2296.3,2438.3,2820.1,3168.1
2537,2628.6,2606.9,2686,2917,3089,3169.6,3306.9
2214.1,2356.1,2368.6,2335.1,2344.4,2349.8,2531.9,2993
1966.2,2342.9,2330.6,2338.6,2229.2,2237.8,2728.1,3482
2253.1,2315.2,2358.4,2448.6,2079.8,2331.1,2946.1,3067.2
2229.8,2447.9,2446.7,2499.2,2541.7,2850.1,3280.4,3470.2
1983.2,2154.3,1909,1914.1,2360.9,2530,2503.3,2658.6
1809.8,2010.4,1991.2,1921.2,1925.1,2169.8,2309.4,3095.8
1894.7,1871.4,1902.9,1930.4,2144.7,2443.6,2535.2,2978.9
2301.1,2638.9,2840.3,3030.8,2871.4,3085.2,3463.9,3492.3
1833.7,1910.4,1894,1857.9,1870.6,1946.1,2152,2531.9
1847.1,2082.8,2139,2141.8,2151.7,2323,3377.8,3872.9
2250.2,2260.1,2304.2,2274.7,2358.6,2580.2,2680.5,2684.2
2285.6,2427.5,2439.2,2334.9,2448,2679.8,3098.6,3056.1
2173.1,2372.6,2386.9,2458.9,2867.5,3086,3276.7,3443.7
2224.2,2321.8,2297.5,2330.2,2402,2461.8,3314.2,3576.5
2204.7,2180.8,2241.8,2354,2465.8,2710.5,2986.7,3389.3
1642.5,1607.9,1614.7,1850.4,2784,2995.8,3247.6,3573.4
2481.4,2525.5,2535.6,2558.4,2616.7,2665.5,2685.7,3469.7
2529.7,2557,2556.9,2538,2656,2831.9,2938.3,3635.7
1587.9,2103.1,2040.4,2148.1,2186.2,2269.4,2412.7,2930.3
2171.3,2485.2,2443.5,2527.9,2657.7,2823.9,2415,3296.8
2318,2320,2330.8,2346.1,2359.4,2371.9,2370.6,2348.9
1715,2614.5,2755.1,2803.5,2810.8,3072.6,3455.8,3476.4
2358.5,2366.4,2372.1,2381.6,2383,2406.7,2691.4,3582.8
2311.5,2570.1,2609.6,2614.5,2599.2,2685.7,2791.6,3060.5
2473.8,2502.4,2497.1,2525.9,2556.6,2682,2891.7,3079.8
2487.6,2532,2571.1,2579.7,2581.8,2580.3,2749.4,3118
2350.1,2539.7,2668.3,2711.8,2693,2648.2,2788.2,3262.3
1875.3,2439.2,2495.7,2469.7,2514.9,2597.4,2923.2,3343.7
2415.1,2586.4,2642.4,2710,2752.7,2587.9,2989.2,3232.3
2092.1,2594.1,2599.4,2620.3,2619.4,2594.3,2644.8,2902.4
2332.2,2432.9,2454.9,2477.2,2480,2488.7,2472.3,2842.4
2343.5,2437.1,2465.2,2430.8,2457.3,2548.2,2617.2,2805.1
1865.4,2583,2598.7,2606.4,2594,2610.5,2657.2,3047.4
1703.6,2292.6,2321.1,2319.7,2316.4,2330.8,2348,2722.1
2207,2217,2213.7,2294.5,2871.2,3049.8,3317.4,3406
2163,2246.8,2317.6,2359.2,2369.7,2446.3,2438.1,2563.8
2297.8,2354.3,2356.9,2359.2,2363.2,2366.2,2377.6,2404
2281.7,2324.4,2384.6,2372.4,2403.5,2467.5,2485.4,2557.4
2323.3,2335.5,2332.5,2340.1,2359.5,2392.1,2465.2,2717.2
2161.1,2154.4,2169.4,2222.2,2258.4,2245.5,2234.4,3408.9
2091.5,2547.6,2567.8,2601.1,2531.6,2672.1,3081.5,3155.9
2243.2,2245.1,2286.9,2327.8,2328.5,2317.2,2464.1,2526
2354.4,2380.4,2235,2480.7,2484.8,2466.2,2481.7,2545
1920.8,2600,2630.2,2637.6,2672.7,2769.8,2751.4,3241.3
2503,2576.4,2583.5,2589.5,2630.8,2712.2,2896.5,3199.3
2145.4,2095.9,2229.9,2247.7,2263.1,2260.9,2259.7,2446.3
2468.6,2477.3,2481,2480.9,2495,2504.7,3097,3106.1
2142,2379.8,2396,2398.7,2399.9,2399.4,2462,2824.1
1861.3,1862.2,1863.2,1858.7,1868.4,1998.5,3300.7,3438.1
1847.2,1872,1904.1,1915.6,1925.2,1940.5,2252.8,3391
2261.8,2272.4,2286,2275.1,2316,2439.9,2604.7,3440.4
2220.9,2411.3,2437.1,2447.1,2449.9,2501.4,2557.8,2563.3
2401.5,2050.7,2574.3,2658.1,2661,2669.3,2687.3,2686.5
2454,2570.8,2650.8,2649.4,2649,2663.8,2682.7,2687.7
2397.9,2412.2,2442,2447.7,2467.7,2504.1,2532.4,2546.3
2523.4,2536.1,2548.2,2544.7,2571.2,2702.9,2895.9,3199.1
2203.1,2281.9,2268.6,2304.3,2311.6,2309.8,2332.1,2374.4
2155.4,2369,2372.1,2377.9,2379.8,2545.6,2809.9,2899.4
2162.3,2376.3,2391.9,2406.1,2419.9,2407,2523.6,3021.4
2232.5,2338.5,2419.5,2426.4,2431.8,2430.7,2447.9,2754.7
2137.5,2299.5,2443.5,2461.9,2482.2,2513,2544.9,2554
2198.2,2508.7,2554.3,2614.2,2726.8,2843.9,2856.4,2917.3
2448.4,2467.8,2479.6,2464.8,2487.2,2547.8,2603.4,2829.6
2135.8,2373.9,2380,2385.5,2394,2414.7,2946.6,3149.1
1973.2,2212.5,2220.8,2218.8,2222.6,2246.9,2275.8,2383
2390.4,2381.8,2392.9,2386.2,2407.4,2460.7,2537.5,2596.2
2388.4,2414.8,2445.6,2379.3,2521.7,2772.3,2963.5,2936.9
2194.7,2210.2,2263.5,2387.5,2796.2,3507.9,3920,4089.2
1884.9,2274.4,2292.3,2307.7,2267.2,2286.1,2383.2,2515.7
2475.2,2474.3,2476.7,2476.8,2705.3,2757.3,2886.1,3340.7
2484.7,2493.8,2513.1,2456.1,2579.1,2672.9,2625.7,2650.6
2480.2,2532,2552.5,2607.6,2768.3,3001,3146.2,3520.7
2365.8,2418.9,2416.9,2423.4,2463.8,2613.4,2997.7,3313.5
2466.6,2410.8,2550.7,2555.2,2558.5,2566.8,2572.7,2593
1794.1,1759,1778.2,1844.5,2180.6,3229.1,3296.1,3273.9
2200.3,2285.7,2393.5,2458,2469.2,2556.5,2626.3,2634.6
1868.1,1869.9,1819,1707.2,1723.1,1726.6,2703.2,3007.8
1744.7,1948.7,2276.5,2254.9,2199.8,2410.1,2677.2,2945.6
2401.7,2394.1,2443.9,2459.7,2492,2529.8,2603.5,2663.6
2095.4,2617.8,2734.7,2737.3,2742.8,2743.4,2746.2,2773.3
2305.1,2192.6,2271.3,2396.9,2467.6,2479.6,2438.9,2605.8
2267.3,2326.5,2343.9,2366.3,2377.5,2390.1,2783.4,3126.1
1996.4,2057.4,2143.7,2142.3,2139.2,2251.8,3191.6,3172.5
1807.1,1972.1,2209.1,2357.2,2201.5,2307.8,2996.9,3058.4
2163.9,2162.8,2208.3,2248.3,2249,2322.1,3159.3,3145.6
2218.8,2278.8,2306.4,2270.1,2386.5,2811.5,3340.8,3442
2078.6,2081.9,2087.1,2117.8,2165.2,2167.3,2229.2,2374.3
2184.6,2221.8,2274.7,2308.9,2404.4,2644.6,2963.7,3209.4
2217.7,2263,2275.2,2293.7,2299.2,2309.8,2510.1,2873
2551.6,2547.3,2603.3,2644.1,2837.8,3600.4,3894,4024.1
2373.7,2405.6,2405.5,2403.2,2487.5,2560,2615.5,2714.1
2387.7,2393.3,2399.8,2433.3,2455.6,2570.1,3256.3,3337.1
2438.9,2450,2454.2,2443,2471.8,2582.1,2708.8,2675.1
2171.6,2193.2,2197.8,2181.8,2230.8,2388.7,2461.5,2483.7
2217,2229.8,2249.8,2254.1,2336.8,2610.1,3074.6,3272.6
2465.6,2472.1,2479.9,2490.9,2501.2,2490,2562.2,2955.7
2247.1,2236.4,2274.4,2319.3,2379.5,2356.5,2369.2,3253.6
1794,1799.2,1838,1922.7,2047.1,2202.8,2275.9,2947.2
2246,2338.2,2344.9,2354.8,2356.5,2360.5,2366.6,2441.7
2370.2,2383.6,2386.8,2391.9,2399.1,2423.2,2670.2,3148.4
2618.8,2707.5,2722.8,2732.9,2765.8,2908.6,2970.3,3152.4
2280.1,2395.8,2460.1,2384.7,2420.2,3197.1,3440.9,3371.4
2244.5,2317.5,2330,2336.2,2334.1,2357.8,2399.3,2404.5
2154.7,2186.9,2218.9,2232.2,2245.1,2322.1,2573.9,2933.8
2319.1,2328.1,2333.4,2337.6,2351.8,2361.4,2712,2901.8
2567.6,2584.5,2603.2,2586.6,2651.5,2806.4,2883.4,2940.3
1770.2,2004.9,2640.1,2684.8,2707.2,2668,2688.9,2989.8
2168.9,2451.7,2505,2501.6,2508.2,2589.8,2685.1,2844.2
2480.1,2510.1,2526.3,2550.8,2569,2580.8,2610.3,2677.4
1881.3,2054.4,2079.1,2006.4,2014.3,2110.2,2258.8,2772
2595.6,2726.7,2753.2,2740.8,2791.5,3006.1,3174.5,3454.8
2338.8,2461.2,2481,2503.5,2499.6,2510.9,2539.6,2581.1
2329.8,2383.2,2412.1,2357.3,2461.2,2506.2,2527.2,2524.1
2467.9,2485.4,2458.2,2469.6,2504.3,2519.6,2534,2558.4
2491.6,2541.3,2591,2594.1,2604.6,2615.6,2611.5,2631.6
2372.2,2449.6,2450.5,2341.2,2785.9,3176.4,3197.4,3277.8
2168.1,2430.4,2431.9,2435.9,2467.5,2530.6,2717,2926.2
2188.6,2211.1,2373.6,2393.6,2393.6,2419.4,2524.6,2649.1
2081.3,2140.3,2243.8,2332.1,2405.3,2821.7,3034.9,3112.1
2347.4,2380.9,2424,2319.2,2459.5,2549.7,2611.5,2607.1
2231.1,2238.5,2239.5,2250.9,2282,2319.9,2854.7,3083.8
2320.3,2344.8,2373,2382.9,2413,2499.1,2626.7,2719
2617.7,2719.1,2717.8,2811.1,2910.7,2942.3,2980.2,3059.2
2362.4,2380.5,2403,2441.9,2485.5,2524.4,2530.2,2620.8
2275.8,2286.9,2292.1,2314.8,2349.9,2388.6,2618.8,3154.5
2310.8,2347.6,2382.3,2377.4,2364.5,2404.2,2478.1,2790.8
2429.5,2466.3,2462.5,2458.6,2556.6,2669.3,2765,2889.8
2533,2548.4,2551.5,2558.9,2581.8,2695.3,2684.8,3012.6
2042.2,2129.3,1844.9,2416.8,2465.7,2467.6,2460.1,2462.2
2122.5,2157.9,2094.3,2218,2331.5,2437.3,2404.2,2386.2
2607.2,2625.3,2643.1,2633.2,2666.4,2748.5,2829.9,2820.2
2547.1,2572.5,2587.3,2599.4,2604.4,2675,2875.3,3193.5
2025,2034.9,2003.6,2016.1,2006,2497.7,2753.8,2893.2
1917.1,1911.7,1890.5,1932.6,1987.1,2027.8,2183.6,2297
2210,2383.3,2381.7,2443.9,2496.7,2452.2,2735.1,2944.1
2192.2,2201.2,2185.6,2221.9,2347,2359.1,2321.9,2594.2
2606.9,2614.1,2647.6,2641.6,2698.8,2765.3,2800.3,2820.1
2557.3,2561,2573.6,2563.5,2605.8,2655,2677.5,2787.6
1766,1720,1775.7,1922.8,1999,2053.7,2205.3,2636.5
2266.1,2264.3,2167.8,2342.6,2386.8,2387,2403.4,2465.7
2364.4,2383.3,2378.6,2388.5,2721.9,2829.6,2957.6,3058.4
2441.6,2455.4,2454.1,2490,2503.4,2508.5,2582.6,2921
2508.7,2546.8,2532.9,2564.5,2592.7,2609.6,2668.1,2696.6
2372.4,2378.3,2377.1,2430.2,2754.1,3079.2,3275.8,3285.3
2437.4,2444.5,2452.6,2448.9,2500.5,2539.6,2552.4,2604.4
2554.1,2571.1,2554.2,2614.7,2705.7,2796.1,2911.2,3110
2218.1,2240.7,2252.8,2390.1,2495.9,2790.2,2873.8,3496.3
2472.4,2480.8,2314.6,2505,2519.7,2516.1,2525.4,2534
2523.7,2555.2,2564.6,2610.3,2671.7,2704.3,2709.5,2726.6
2301.7,2332.7,2304.3,2325.6,2507.4,2489.3,2505.1,2736.9
1881.7,2011.1,1967.4,1966.7,2174.9,2127.7,2945.6,3286.9
2393.1,2332.5,2243.8,2486.4,2500.2,2501.4,2501.8,2500
2499.8,2432.5,2432.1,2579.6,2585.8,2646.2,2812.2,2981.4
2533.8,2550.6,2546.1,2559.6,2774.4,2935.4,3579.1,3658.8
2431.1,2440.2,2314.1,2465.7,2476,2485.1,2497.7,2759.9
2410,2432.2,2281.3,2451,2509.2,2526.4,2545.4,2561.8
2001.8,2010.1,1975.1,2051.1,2146.5,2217,2312.7,2362.5
2074.8,2020.7,2076.1,2238.8,2347.7,2498.8,2571.6,2848.7
2166.9,2176.8,2178.2,2171.8,2225.3,2271,2357.7,2394.7
2335.8,2366.8,2352.2,2395.8,2437.9,2481.9,2539,2569.6
2377.6,2397.4,2397.4,2395.5,2455.1,2506.3,2695,2809.6
2478.1,2615.1,2593.9,2648.4,2720.9,2766.1,2796.4,2788.5
2520.3,2702.9,2731.3,2747.3,2803.4,2890.6,2966.8,3067
2355.1,2417.6,2350.2,2504.9,2529.3,2526.9,2573.9,2643.9
2554.4,2573.2,2594.5,2627.9,2676.2,2750.8,2880.5,2991
2367.7,2383.1,2375.7,2431.6,2482.1,2533.3,2586.1,2584.6
2331.3,2373.5,2438.9,2510.3,2729.4,2768.9,2751.4,2731
2073.1,2126.3,2317.6,2288.9,2672.2,2710,2659.1,2825.7
2567.4,2570.8,2585.7,2584.8,2675.4,2828.4,3470.2,3789.2
2550.7,2561,2555.3,2569,2597.2,2618.7,2623.5,2923.4
2105.8,2121,2259.2,2266.5,2267.5,2378.5,2480.8,2809.4
2223.5,2273.4,2350.8,2378,2436.2,2450.3,2486.3,2516.7
2367,2515.3,2407.2,2597.6,2664.3,2668.7,2700.6,2757.2
2297.8,2307.2,2299.9,2299,2347.1,2442.8,2919.6,3019.6
2401.6,2414.7,2410.2,2434,2459,2478.1,2492.4,2486.9
2281,2315.4,2292.3,2349.9,2388.5,2409.3,2425,2421.4
2416.3,2318.4,2484.4,2541.3,2595.5,2659.9,2839.7,2886.7
2136.6,2147.1,2151.4,2161.2,2223.5,2514.4,2691.3,3315.6
2015.4,2043.5,2038.6,2035.2,2066.9,2158.7,2482.9,2578.8
2385,2371.6,2420.5,2443.1,2471.6,2496.9,2496.8,2514.3
2341.8,2228.1,2180.1,2511.6,2494.3,2479.9,2480.9,2492.5
2222.8,2254.3,2254.9,2252.5,2277.1,2319.9,2405.7,2824.4
2243.6,2248.5,2226.4,2256.5,2286.8,2351.8,2513,2829.1
2370,2378.2,2433.2,2454.2,2470.6,2487.4,2505.7,2557.2
2310.5,2323.6,2329.2,2374.9,2419,2557.1,2674.4,2664
2380.4,2383.9,2394.6,2425.7,2556.8,2729.3,2785.6,3039.4
2483.3,2486.5,2517.9,2558.4,2663.6,2951.3,3207.8,3635.8
2368,2372.1,2420,2457.5,2481.4,2494.5,2497.9,2509
2499.2,2510.9,2521.9,2516.4,2530.6,2634.7,2725,2816.2
2334.3,2348.1,2340.1,2344.7,2397.2,2484.1,2522.7,2484.9
2369.1,2375.4,2345.5,2388.1,2405.5,2416.1,2415,2414.3
2268.7,2333.3,2332.4,2356,2361.1,2372.3,2632.4,3021.6
2217.9,2234,2235.8,2237.3,2242.5,2246.7,2253.4,2444.8
2820.8,2857.8,3053.1,3084.8,3104.4,3145.5,3185.2,3241.1
2346.6,2406.3,2317.1,2463,2536,2575,2609,2628.2
2340.7,2431.5,2259.7,2466.1,2610.6,2633.7,2628,2620.7
2359.9,2395.6,2515.7,2704.5,2755.3,2791.1,2790.2,2791.6
1924.9,1925.7,1955.3,2000.1,2056.1,2110.1,2071.3,2562.2
2021.1,1987.7,2159.2,2239.1,2294.9,2363.3,2292.2,2743.7
2578.2,2599.2,2613.2,2669.4,2658.5,2727.9,2784.7,2845.8
2074.5,2621.2,2577,2630.5,2645,2714,2883.4,3056.9
2003.9,2296.3,2586.3,2588.1,2598.4,2672.9,2790.7,3014.8
2405.6,2422.5,2442.1,2456.2,2456.6,2516.2,2605.4,2798.5
2255.8,2328.1,2400.5,2442.2,2472.4,2489.3,2524.8,2645.4
2340.2,2367.4,2372.2,2407.9,2413.8,2444.5,2438.3,2525
2614.7,2642.2,2611.9,2590.2,2752.3,2852.1,2974.7,3018.1
2309.4,2332.5,2234.3,2370.1,2453.6,2542.1,2570.6,2580.5
2706.7,2728.8,2715.5,2785.4,2819.3,2846.6,2908.9,3120.3
2426.6,2430.4,2446,2430.2,2449.4,2486.9,2517.2,2523.4
2491.3,2544.5,2567.1,2557.3,2602,2660.2,2704,2742.6
2380.8,2428.7,2442.9,2493.7,2521.2,2547.7,2556.6,2551.7
2359.6,2178.8,2727.1,2741.7,2748.2,2752.2,2761.3,2823.2
2577.8,2026.8,2490.1,2592.3,2599.3,2593.2,2591.7,2666.9
2147.6,2176.3,2137,2151,2225.3,2354.3,2492.8,2716.3
2266.9,2285.1,2259.3,2322.5,2405.7,2545.4,2669.3,2513.8
2410.3,2420.1,2399.4,2426.1,2512.1,2577.4,2587.5,2587.6
2616.1,2595.2,2669.9,2572.8,2701.1,2713.5,2726.5,2730.6
2204.6,2384.5,2433.3,2455.4,2499.1,2584.3,3003.6,3339.6
2408.5,2415.4,2415,2460.1,2594.2,2612.2,2728.8,2691.9
2366.5,2369.1,2349.1,2381.1,2385.1,2403,2553.1,2614.9
2167.7,2046,2349.5,2355.3,2349.5,2359.9,2380.8,2445.8
1923,1990.5,2031.8,2048.1,2092.2,2172.8,2380.7,2655.6
1983.4,1988.1,2004.1,2026.8,2052.2,2161.4,2958.4,3123
2162,2200.9,2207.8,2195.6,2198.9,2656.9,2807.6,3049.3
2239.2,2296.6,2354.6,2332.1,2384.3,2535,2631.1,2654.9
2431.7,2502,2381.3,2523.8,2552.5,2570.3,2562.4,2563.3
2391.4,2120.9,2318.9,2480.5,2530.3,2611,2695.3,2752
2618.1,2635,2682.3,2789.9,2851.1,2916,3045,3147.8
2238,2419.1,2331.5,2834.6,2948.2,2975.8,2974.7,2952.8
2435,2510.2,2490.5,2545.4,2645.3,2826.2,2914.9,3043.9
1706.1,1726.5,1726.4,1715.8,1988.9,2606.4,3280.1,3400.6
2681.1,2659.3,2703.3,2680.6,2671.2,2822.4,3262.4,3626.6
1742.2,2806.8,2820.6,2838.2,2811.9,2893.3,3051.4,3170.2
2223.1,2227.3,2276,2513.6,2853.1,2976.9,3122.9,3135.2
2646.5,2620.4,2631.8,2532.8,2822.5,2819.4,2816.2,2847.4
1998.8,2351.3,2411.2,2401,2434.1,2638.9,2916.1,3178.8
2537.2,2563.3,2565.3,2560.2,2695.5,2814.5,2867.2,3101.1
1385.7,2329.4,2356.4,2346.4,2361.6,2385.2,2375.6,3378.3
2505.2,2559.9,2643.4,2677,2670.8,2671.4,2713.1,2769.3
1878.8,1799.8,2625.1,2710.9,2709.8,2694.7,2750.5,2827.4
2757.5,2752.4,2773.4,2781.8,2829.8,2839.4,2833.6,2853.1
2488.1,2507.6,2530.5,2489.1,2551.2,2624,2657.2,2663.7
2514,2508.9,2573.4,2596.1,2581.7,2606.9,2682.7,2793.7
2634.7,2643.4,2690.7,2688.1,2830.4,2944.2,2956.1,3296.8
1917.2,2625.2,2684.6,2631.8,2747.1,2882.6,2955,3033.6
1976.5,2620.5,2724.1,2744.8,2735.5,2735,2839.7,3007.5
1969.8,2223.5,2268,2397,2924.4,3064.8,3044.4,3103.6
1861.4,2007.6,2051.2,2113.1,2349.5,2488.4,3194.5,3210.8
2295.5,2653.6,2702,2752,2773.1,2744,2857.7,3184.1
2132.1,2234.4,2223.3,2244.3,2246.9,2402.9,2395.1,3105.4
2009.4,2050.8,2056.8,2094.5,2554.4,3029,3319.4,3599
2456.1,2480.7,2513.2,2438.6,2491.5,2635.1,2754,2900.1
2124.8,2217,2184.1,2195.2,2279.8,2444,2528.7,2982.1
2020.2,2154.5,2161.4,2164.5,2180,2226.8,2281.1,2344.2
2416.4,2339.9,2566.1,2550.9,2548.7,2601.1,2670.2,2773.7
1785.1,2038.4,2228.1,2219.2,2229,2291.3,2521.7,3303.2
1765.6,1776.7,2373.9,2616.2,2636.6,2644.8,3011.6,3556.1
2372.6,2598.7,2625.3,2648.2,2692.3,2599,2650.9,2814.1
1948.6,1976.4,2254.1,2246.1,2245.2,2351.8,2395.4,2336.6
1684.5,1607.1,2439,2420.2,2366,2680.5,3132.5,3259.5
2669.9,2670.6,2698.5,2693.6,2709.2,2745.2,2827.2,2978.6
1941.9,1995.9,2063.7,2038,2035.1,2036.6,2018.7,2176.4
2359.2,2520.9,2473.8,2488,2730.5,2759.2,2801.2,2880.6
2488.9,2459.3,2494.4,2514.9,2493.5,2484.4,2678.6,2768.6
1895.5,1922.9,1877.6,1819.2,1896.8,2118.4,2872.4,3319.6
1760.9,1757.4,1674.1,1680,1760.5,2192.1,3041.7,3200.2
2325.7,2428.2,2623.5,2674.5,2736.6,2938.5,3112.8,3206.9
2643.1,2678.7,2698.9,2717.3,2710.6,2774.9,2858,2961.2
2604,2611.6,2639.8,2668,2670.8,2648.5,2789.1,2844.4
2034.3,2139.3,2368.8,2458,2459,2499.6,2616.1,2695.6
2329.7,2186.2,2411.3,2406.6,2374.6,2429.2,2499.2,3139.3
2393.6,2696,2716,2705.2,2708.6,2815.4,2933,3036.5
2185.4,2203.7,2177.8,2168.8,2164.1,2274.7,2770.7,2862.5
2128.8,2388,2589.2,2615.9,2653.4,2515,2687.3,2841.7
2044.9,2141.5,2468.6,2485.6,2457.5,2463.6,2582.2,2898.8
2497.2,2501.6,2540.9,2517.1,2527.4,2595.1,2691.9,2786
2200.9,2237.3,2194.7,2217.1,2350.5,2425.8,2475.9,2584.8
2436.2,2458.8,2458.2,2453.2,2481.1,2527.5,2582,2893.5
2224.3,2227.3,2314.7,2308.2,2279.5,2331,2462.7,2767.2
2291.4,2256.2,2553.1,2568.1,2529.3,2513.8,2609.9,3002.9
2577.7,2589.1,2609.3,2646.6,2610.9,2620,2847.6,2897.5
2135.8,2365.4,2380.8,2307.3,2351.2,2651.5,2967.4,3291.6
2727.8,2729.6,2927.5,2944.6,3162.3,3184.5,3322.2,3481.8
2388.7,2413.2,2463,2414.9,2483.3,2636.1,2773.6,2861
2639,2640.8,2649,2657.2,2651.8,2639.6,2678.3,2782.3
2540.5,2607.8,2709.4,2730.5,2800.6,3082.5,3338.7,3606.3
2462.9,2520.5,2531.2,2522.6,2524.6,2566,2619,2768.8
1987.6,2042.3,2011.1,2031,2085.6,2133.3,2317.2,2886.6
2436.7,2444,2464.9,2487,2418.1,2434.1,2738.6,2963.4
2020.4,2025.9,1974.7,2008.6,2086.8,2481.3,2566.2,2638
1878.5,1616,2456.4,2423.8,2381.4,2717.1,2877.9,2885.7
2397.2,2329.8,2255.8,2561.1,2568.9,2572.3,2571.8,2611.2
1881.3,1789.5,2518.7,2554,2557.3,2590.4,2626.4,2642.9
2141.2,2156.1,2584.5,2616.9,2567.2,2618.7,2706.4,2757.3
2453.7,2499.8,2513.6,2509.1,2495,2580.1,2540.5,2623.5
1957.8,2095.1,2251.2,2268.2,2278.3,2505.6,2948.9,3071
1930,1965.8,1943.1,1916.2,1987,2153.8,2473.1,2771.6
2125.2,2089.5,2148.7,2320,2651.2,3087.1,3362.7,3363.3
1510.1,2062.1,2061.3,2018.6,2050.9,2101.1,2174.7,2255.9
2548.4,2484.3,2570,2576.4,2579.4,2595.5,2608.9,2754
2511.5,2511.2,2535.7,2538.7,2547.3,2550,2566.1,2610.5
2599.8,2506.5,2638.6,2651.9,2636.8,2627.8,2673.6,2740.7
2600.7,2606.9,2644.4,2672.8,2677.3,2671.6,2712.9,2829.9
2486.6,2513.6,2544.5,2537.6,2576.1,2603.9,2649.4,3076
1886.8,1957.7,2545.4,2578.8,2569.3,2674.4,3062.7,3182.6
1940.3,2063.9,2262.5,2455.1,2498.3,2772.8,3079.9,3199.6
2450.6,2509.1,2474.6,2536.1,2623.9,2806.5,2923.3,3220.7
2446.3,2508.5,2505.8,2512.2,2509.3,2506.7,2531.9,2559.8
2376.9,2354.7,2411.6,2416.5,2412.7,2403.1,2425.2,2439.3
1649.4,1839.3,1836.9,1816.1,1820.3,1826.6,1839.3,2243.4
1869,1848.2,2152.1,2189,2191.7,2213,2283.1,2304.2
2313.6,2025.4,2355.2,2376.9,2349.9,2353.3,2397.7,2571.1
1903.9,2400.2,2469.7,2507.6,2507.8,2517.2,2598.1,2661.1
2453.9,2062.3,2470.3,2470.5,2451.1,2441.3,2496.4,2664
1985.2,2067,2199.5,2184.1,2182.3,2227.8,2287.9,2343.5
2284.7,2320.2,2322,2209.6,2560.3,2768.5,2809.9,2976.6
2320.5,2340.5,2305.3,2329.5,2417.5,2500.1,2793.9,2975.6
2335.1,2640.9,2685.6,2649.2,2703.6,2761.1,2830.2,2908.4
1942.9,1704,2020.9,2511.4,2759.3,2694.5,3059.3,3222.4
2521.3,2641.3,2653.9,2675.5,2677.4,2669.9,2688,2742.8
2396.4,2139.8,2577.5,2596.4,2524.9,2589.9,2783.4,2940
2540.9,2630.8,2679.4,2747.3,2756.9,2881.4,3136,3326.6
2174,1848,2466.9,2546,2508.4,2526.5,2644.6,2933.8
1829.1,1641.1,2534.1,2548.7,2559.5,2519.6,2563,2649.4
1888,1992.5,1765.6,2116.2,2283.4,2413.6,2361.6,2424.9
1985.5,2316.6,2503.8,2508.7,2514.5,2577.8,2816,3250.7
2402.3,2437.9,2533.7,2601.2,2593.9,2556.1,2792.8,2884
2573,2624.4,2650.9,2657.3,2673.9,2691.4,2738.7,2981.3
2198.5,2194.7,2428.8,2430.8,2460.1,2502.6,2609.4,2859.9
1896.6,1900.2,1850.4,1858.7,1944.8,3004.8,3164,3182.5
2296.9,2486.5,2530.1,2510.1,2610,2634.2,2657.6,2693.8
2402.4,2556.3,2575.4,2567.3,2571.8,2592.2,2618.3,2704
2550,2277.3,2588.7,2599.2,2661,2797.6,2869.3,2958
2687.3,2809.8,2819.4,2848.1,2856.8,2777.6,2935.7,3211.5
2316.3,2329.6,2345,2340.1,2299,2345.8,2432.7,2516.4
1979.7,2294.6,2650.8,2657.7,2651.6,2670.2,2706.3,2746.2
2503.7,2498.4,2562.9,2536.1,2513.2,2708.5,2881.3,2892.7
2327,2388.8,2410.1,2383.7,2478.4,2604,2757.1,2948
2139.2,2149.3,2136.5,2142.7,2165.5,2710.7,2998.6,3258.9
2252.1,2025.9,2541.8,2670.1,2682.7,2669.1,2928.4,3112
2349,2261.1,2549.6,2702.3,2670.2,2687.2,2777.9,2946.2
2019.5,2307.1,2418,2436.5,2367,2556.8,2805.6,2809.3
1722.5,1728.6,1681.8,1669.1,1672.8,1647.5,2250.4,3590.8
1763.5,1778.8,1698.9,1684.8,1699.9,1686.5,1813.2,3441
1996.5,1913.6,2089.5,2435,2323.1,2463.3,2567.8,2756.6
2525.7,2546.8,2593.3,2606.2,2585.3,2588.1,2658.6,2778.1
2644.9,2649.2,2664.5,2657.7,2664.5,2702.5,2780.7,2846.9
1930,1923.5,1937.1,1967.3,2116.6,2154,2501.1,3342.9
1841.9,2128.5,2135.3,2115.5,2124.9,2142.9,2114.8,2172
2482.4,2487.3,2506.9,2505.4,2508,2510.9,2518.8,2543.2
2525.7,2531.5,2538,2540.8,2537.1,2554.1,2585.4,2634.5
2325.9,2381.9,2461.4,2512.7,2509.1,2532.3,2565.7,2666.6
2383.6,2480.4,2475.9,2507,2616.2,3023.6,3305.4,3610.2
2427.4,2673.4,2674.4,2705.6,2654,2641.8,2815.1,3003.6
2392.5,2376.8,2423.6,2428,2216.6,2712.4,2725.6,2714.6
1688.8,2383.4,2428.7,2334.8,2403.5,2572,2715.7,2711.6
1420,2530.4,2569.5,2580.3,2597.8,2615.9,2631.2,2632.2
2542.3,2561.2,2572.2,2580,2574.5,2605.5,2648.4,2698.9
1943.6,2152.4,2219.5,2356.4,2386.2,2613.7,2890.2,3574.4
1571,2059.2,1974.7,2082.9,2279.3,2506.2,2489.8,2524.2
2050.8,1868.4,2726.1,2745.8,2755.4,2709.6,2784.5,2926.5
1967.2,2094,2120.3,2284.6,2490,2804.4,2803.7,2847.8
2185.5,2109.8,2448.5,2422.9,2477.2,2549.3,2594.5,2567.6
2169.2,2193.8,2147.9,2099.3,2172.1,2712.8,2835,2863.3
2152.1,2167.2,2151.4,2104.5,2245.3,2505.9,2653.9,2936.4
2306.1,2318.6,2303.7,2289.1,2509.2,2640.2,2914.6,3028
2011.3,2100.1,2483.8,2484,2477.2,2499.2,2533.2,2574.1
2606.7,2675,2691.3,2675.5,2712,2739.3,2750.7,2927.6
1989.8,2183.6,2325.5,2220.1,2200.2,2587.5,3340.3,3918.4
2412.2,2594.9,2605.2,2667.1,2748.2,2766.7,2645.8,2714
2609.6,2590.2,2638.4,2686,2677.5,2701.2,2719.8,2721.4
2517.9,2647.5,2665.1,2704.1,2712.4,2723.3,2739.8,2797.7
2584.5,2447.4,2663.3,2690.7,2699.2,2714.8,2733.3,2790.8
2529.1,2569.3,2667.7,2690.2,2732,2806.9,2882,2981.4
2253.7,2369.7,2377.4,2335.4,2335.6,2501.4,2601.8,2627.9
1959.8,1806.4,2320.4,2344.3,2314.7,2372.6,2404.6,3268.5
2255.3,2311.5,2172.6,2179.8,2529.9,2714.3,2736.8,2761.8
2331.1,2428.7,2649.2,2618.7,2754.9,2784,2898.9,3142.1
2394.1,2430.4,2483.1,2505.1,2518.1,2553.5,2576.6,2543.8
2481.6,2431.4,2646.9,2659.5,2619.1,2616.7,2653.2,2892.3
2221.2,2276.4,2300.8,2405.9,2476.7,2539.8,2705.4,2965.6
2393.2,2152.9,2583.4,2592.2,2582.5,2601,2630.8,2716.8
1890.8,1664.7,2654.4,2686.7,2638.9,2683.1,2820.9,2931
2364.1,2601.9,2509.7,2575.6,2882.9,3023.7,3063.2,3040.9
2198.4,2198.6,2185.7,2200.9,2198.8,2340.2,2817.4,3283.8
2079.5,2083.9,2062.8,2067.7,2082.9,2158,2567,2909.6
2326.4,2453.8,2553.7,2551.8,2569.6,2601.8,2673.9,2765.9
2008.1,1948.2,2350.5,2610.1,2571.5,2664.8,2758.2,2767.6
2259.9,2211.1,2230.4,2454.7,2504.8,2537.1,2582.4,2857.8
2376.8,2426.4,2424.9,2489.3,2510.7,2634.7,2832.7,3516.8
2516.6,2433.2,2612.6,2647.8,2654,2652.2,2643.5,2731
2521.9,2522.8,2530.5,2536.5,2556,2610.6,2715.4,2776
2662.9,2783.4,2787.1,2817,2885.5,3049.2,3175.8,3601.1
1975.3,2061.1,2108.5,2181.2,2355.9,2443.2,2465.4,2475.3
2184.3,2206,2378.8,2356.4,2387.4,2461.9,2493.3,2692.1
2252.9,2369.7,2401.3,2389,2402.5,2451,2449.7,2501.9
2556.4,2443.1,2571.3,2592.2,2588.4,2629.1,2821.2,3247
2623.9,2711.5,2742.8,2753.7,2748.6,2812.1,2890.8,2944.1
2352.9,2298,2657.2,2718.5,2788.2,2754.5,2788.4,2889.7
1984.9,1913.8,2298.5,2486,2478.2,2480.9,2501.9,2519
1885.2,1435.5,2754.3,2798.5,2839.4,2784.2,2885,3046.8
2164.4,2165.8,2165.1,2136.4,2143.6,2164.2,2203,2915
2130.7,2149.6,2117.5,2120.2,2154.2,2260.2,2571.2,2982.5
2272.6,2322.9,2369.9,2418.1,2426.4,2678.9,2833.7,2889.1
2484.7,2127.9,2347.5,2738.9,2736.8,2741.7,2834.6,3001.5
2308.7,2492,2642.5,2815.1,2952.6,2955.3,3554.1,3863.7
2614.8,2696.2,2697.7,2685.7,2770.5,2959.6,3111.7,3429.3
2463.4,2467.1,2471.7,2472.9,2489.9,2509.2,2542.2,2754.6
2441.4,2466.5,2495.3,2495.3,2449.1,2645.3,2797.3,2914.1
2161.8,2465.8,2704.7,2834.3,2877.1,2992.4,2996.8,3465.8
1491.4,1787.5,2471,2506.2,2488.3,2510,2534.5,2639
2592,2609.3,2657.2,2666.6,2677.7,2702.3,2753.9,2793.7
2435.7,2293.9,2551.5,2572.8,2564.3,2548.5,2600.5,2721.4
2472.8,2608.9,2607.9,2611.2,2608.2,2622.4,2764.7,2922.5
2384.9,2400.7,2490.5,2516.8,2520.2,2499.6,2469.5,2877.8
2221.1,2435.3,2444.7,2449.5,2419.7,2427.6,2861.1,3061.4
2415.8,2430.2,2448.2,2464.9,2475.3,2497.5,2467.3,3103.3
2402.7,2762.3,2819.3,2907.4,2949,3006.7,2980.8,3041
2379.9,2395.9,2463.3,2432.6,2482.8,2682.3,2810.2,3002.4
1514.1,1936.1,1916.9,1909.2,1901.1,1954.5,2716.2,2924.7
2146.9,2157.5,2155,2127.1,2139.1,2166.6,2292.4,2655.1
2111.9,2087.5,2238.6,2372.2,2478.1,3118.5,3335,3496.7
1908.8,1886.3,1978.7,2013.5,2041.9,2091.7,2356.5,2456.7
1591.7,2474.4,2539.4,2537.5,2544.7,2556.5,2578,2607.4
1838.5,2002.6,2182.3,2214.6,2459.5,2888.8,2933.6,2906.8
2574.2,2760.6,2721.3,2702.9,2769.8,2816.8,2828.2,2964.6
2065.4,2654.1,2637.7,2905.7,3202.4,3372.1,3433.3,3576.6
2044,1873.3,2145.7,2508.7,2498,2505.5,2520.3,2615.9
2022.7,2434.2,2549.2,2565.9,2577.9,2641.5,2725.8,2846.9
1707.6,1809,1796.1,1849,1906.2,2032,2560.3,3330.7
2363.9,2390.8,2571.5,2569.3,2557.6,2801.8,2973.7,3235.4
1930.8,1971.9,2632.8,2637.4,2615.1,2638.4,3614,4277.1
2001.9,2102.9,2211,2203.4,2357,2365.6,3041.2,3130.3
2493.3,2609,2607.3,2592.6,2572.9,2614.2,2812.4,3153.9
2176.1,1826.8,2339.4,2486.7,2480.8,2508.4,2700,2910.6
2648.8,2669.7,2680.9,2692.2,2739.8,3096.5,3718.5,3790
2523.6,2517.2,2628.6,2625.1,2672.7,2932.7,2953.6,3048.8
2094.9,2372.4,2578,2626.1,2634.1,2649.3,2655.5,2666.9
2867.7,2900.7,2919.4,2889.9,2974.4,3079.2,3115,3267.5
2501.8,2496.2,2693.8,2697.3,2712.1,2729.5,2731.9,2759.5
2597.5,2625.6,2627.5,2631.9,2672.7,2724,2779.8,2947.2
2649.9,2474.8,2702.2,2756.5,2762,2773.1,2783.3,2791
2323.3,2546.3,2551.8,2588,2590.8,2628.3,2742.3,2990.6
2454.5,2446.5,2468.3,2419.6,2435.6,2727.4,3464.5,3574.2
2468.8,2471.8,2486.3,2490.4,2466.3,2472.2,2975.7,3155.5
2279.4,2558.9,2562.7,2554.9,2560.9,2702.7,2924.7,3210.7
1812.3,1900.8,1914.1,1913.8,1960.4,2132.6,2433,2939.4
2503.4,2452,2523.7,2560.4,2579.7,2618.5,2636.7,2702.8
2016,2027.8,2165.5,2166.1,2182.3,2255,2378.7,2604.1
2281.6,2259.3,2424.8,2513,2532.6,2552.1,2571,2779.3
2465.8,2568.8,2575.3,2575.1,2564.2,2648.6,2731.4,2760.4
2232.9,1686.3,2426.5,2480.6,2516.6,2606.2,2696.5,3151.8
2213.9,1504.9,2713.8,2722.5,2702.2,2720.1,2914,3371.6
2175.2,2106.8,2527.1,2567.9,2550.2,2533.6,2679,2923
1792.8,1783.8,2505.1,2573.9,2614.3,2645.7,2682.7,2725.6
2182.7,2311.3,2690.7,2626.1,2748.2,2745.4,3014.5,2866.3
2030.8,2545.5,2611.7,2611,2676.8,2896.3,2967.6,3434
1951.6,1835.9,2162.8,2517.1,2545.9,2578.8,2644.9,2844.5
2264.5,2290.7,2325.8,2241.3,2570.1,2651.3,2629.1,2730.3
2240.8,2297,2563.5,2563.7,2590.3,2606.9,2612.8,2633.1
1946.9,1952.8,1947.2,1951.9,2293.1,3323.7,3448.3,3450.2
1828.9,1832.7,1838.6,1856.4,1925.7,1961.6,2646.6,3275.8
2418.2,2549,2569.6,2561.1,2799,3360.8,3430.1,3731.6
2719.3,2839.6,2867.7,2876.7,2880.2,2831.1,2846.2,2895.1
2602.7,2627.2,2650.2,2639.3,2687.7,2762.3,2805.4,2976.7
2500.8,2593.9,2605.5,2624,2649.3,2681.4,2688.2,2763.2
2657.1,2654.6,2659,2667.8,2758,2854.9,3088.7,3595.2
2014.8,2802.8,2804,2808.9,2814.4,2818.6,2820.6,3794.5
2503.3,2427.2,2567.9,2647.4,2650.1,2644.3,2667.3,2734.7
1689.5,1697.3,2352.7,2520.1,2448.1,2570.8,2791.4,2987.6
2604.9,2351.1,2684.5,2689.1,2695.5,2697.2,2703.9,2955.3
2242.7,2285.6,2310.3,2290.4,2514.5,2532.4,2519.3,2590.5
2366.1,2453.1,2485,2484.7,2562.9,2712,2588.6,3213.2
2430.5,2627.9,2629.9,2634.2,2651.6,2662.3,2664.4,2673.2
2139.9,2337.1,2477.5,2453,2531.6,2646.1,3100.3,3732.8
2535.6,2530.7,2542.5,2532.3,2599.4,2718.5,2993.2,3554.6
2051.8,2081.6,2269,2325.2,2316.3,2308.6,2376.6,3002.3
2201.8,2278.8,2300.3,2374.3,2486.2,2489.5,2488.7,2847.1
2637.5,2646.1,2654.4,2653.9,2680.7,2771.6,2867.2,2813.8
2581.1,2647.9,2663.2,2656.8,2733.4,2833.5,2943.4,2949.1
2361.1,2662.3,2668.5,2651.9,2673.2,3538.4,3779.7,3840.8
2509.9,2575,2584.2,2592.9,2595.6,2632.4,2755.3,2760.5
1816.6,2086.9,2221.5,2088.1,2137.4,2163.4,2440.7,3051.1
2415.6,2502,2531.4,2494.1,2586.1,2711.7,2999.6,3519.3
1921,2012.7,2040.3,1988.1,1993,2505,2684.3,2753
1342.5,1731,2788.7,2796.3,2794.5,2792.7,2864.9,2962.4
2133.2,2045.4,2494.5,2606.4,2591.7,2601.2,2645.4,2718.3
2406.5,2099,2521.8,2519.9,2511.9,2547.6,2587.1,2631.5
1991.7,1957.5,2061.2,2060.3,2202.2,2301.3,2298.2,2641
1827.4,1894.1,1868.9,1918.1,2154.6,2156.9,2186.8,2218.9
1861.1,2054.7,2099.1,2022.6,2367.2,2819.3,3471.8,3099.9
2239.7,2350.9,2370.3,2436.7,2617.3,2918.9,3221.6,3532.8
1945.2,2116.9,2281,2372.3,2402.9,2393.7,2430.7,2480.9
1765,2625.1,2627.5,2622,2643.6,2650.1,3235.1,4181.9
2277.7,2418.5,2482.3,2459,2615.8,3036.1,3523.9,3757.8
2325.5,2699.1,2712.2,2702.6,2765.2,2800.6,3019,3277.5
2209.7,2718.5,2673,2779.2,2801.5,2798.3,3232.7,3786.2
2251.7,2503.1,2535.1,2598.9,2799.6,2729.9,2760.5,3022.6
2078.5,2156.3,2264,2405.7,2391.1,2484.3,2575.7,2970.3
2157.9,2170,2125.2,2069.8,2309.7,2633.9,2613.7,2480.2
2202.9,2194.4,2179.1,2367.7,2700.3,2763.7,2882.1,3077.3
2372.7,2582.4,2588.2,2595,2591,2613.3,2626.3,2788
2242.9,2365.1,2398.2,2370.8,2536.3,2642.2,2839.7,3094.3
1886.3,1907.5,1891.4,1846,1864.5,1926.5,1979,1992.3
2041.2,2050.8,2056.1,2058.1,2069.1,2097.1,2126.6,2178.4
2450.9,2216,2496.8,2410.6,2529.8,2609.6,2556.9,2673.9
2391.7,2505.5,2519.5,2487.6,2533.2,2669,2833.8,3003.3
2308.4,2115,2188.4,2584.9,2600.4,2709.1,2811.5,2955.9
2083.7,2072.3,2094.5,2112.2,3265.3,3523.8,3421.4,3441.5
2059.3,2290.8,2346,2337.5,2412.9,2540.4,2634.8,3255.4
2178.5,2277.9,2070,2249.9,2450.9,2496.8,2687.3,3048.8
2421.3,2675.2,2688.7,2696.5,2526.9,2746.9,2809.8,2830.8
2288.6,2622,2640.7,2616,2686.5,2727.5,2837,3223.2
2175.2,2385.8,2561.6,2560.6,2566.4,2582.4,2729.2,2930.7
1700.3,1721.7,1737.7,1733.3,2104.6,2102.4,1994.7,1939.4
2329.5,2444.8,2452.6,2448.5,2486.2,2623.2,2782.7,2829.8
2268.5,2537.2,2505.9,2569.5,2650.3,2766.7,2648.5,2667.6
2046.2,2332.5,1930.9,2647.7,2700,2720.7,2655.7,2785.2
1863.5,2003.9,2149.8,2728.4,2748.5,2735.4,2753.6,2816.7
2102.7,1934.5,2431.2,2529.7,2536.2,2547.9,2566.8,2607.3
2261.7,2290.4,2603.4,2607.9,2593.8,2633.2,2867.5,3145.3
1904.6,2407.1,2400.7,2403.3,2396.6,2398.2,2460,2450.4
1418.1,2245.7,2469,2451.6,2444.8,2487.8,2575.8,3246.7
2363.4,2394.4,2535.7,2568.4,2578.9,2523.2,2567.5,2704.8
2352.6,2347.4,2343.8,2534.2,2573.5,2617.9,2676.3,2998.6
2445.9,2479,2430.7,2490.3,2643.4,2844,3382.6,3358.3
2256.3,2489.5,2434,2537.1,2539.3,2531.8,2549.4,2567.3
2220.8,2411,2553.2,2560.2,2572.3,2866.5,3327.7,3597.8
1933.7,2553.8,2629.1,2551.3,2569,3264.9,3775.8,3743.5
2117.8,2090.4,2268.9,2268.8,2307.4,2330.5,2769.3,2896.9
1720.9,1721,1783.4,1839.4,1781.6,2556.3,3584.2,3586.1
1804.3,1805.5,1812.4,1811.3,2015.4,2852.8,3451,3535.9
2504.7,2354.3,2511.6,2503.1,2498.7,2726.7,3618.1,3876.1
2301.9,1781.6,2081.8,2518.1,2532,2526.7,2529.5,2536.8
2456.6,2547.2,2569.5,2600.6,2620.6,2638.4,2782.2,3140.6
1817.5,1841.8,1919.6,2438.8,2519.5,2687,2827.8,3073.9
1921.3,1821.1,2130,2478.7,2501.1,2521.1,2592.2,2672.7
2079.4,2337.1,2348.1,2384.4,2436.7,2445.2,2496.8,2719.2
1882.8,2557.2,2562.1,2567.5,2579.1,2633.8,3906.3,3977
2212.3,2500.7,2502.6,2506.3,2518.8,2553.7,2565.7,2908
2323.7,2525,2532.8,2533.7,2625.7,2814.5,3232.2,3381.9
2453.8,2558.7,2563.6,2569.2,2563.8,2562.8,2628.7,3525.7
2232.6,2246.8,2224.2,2291.2,2321.4,2325.7,2356.5,3249.4
2554.9,2485.2,2685.2,2774.4,2777.1,2813.6,2847.1,2998.7
1840.2,2214.2,2586.5,2651.6,2696.3,2756,2804.6,2829.7
2094.6,2296.5,2423.2,2471.3,2558.3,3011.9,3159.4,3402.5
2322,1974.2,2026.2,2561.5,2597.4,2580.6,2605.9,2655.8
2437.2,2553,2564.8,2547.3,2597.9,2662,3112.9,3305.5
2361.1,2393.2,2392.3,2629.2,2872,2650.5,3349.2,4326.3
2148.6,2300.4,2515.4,2592.5,2601.7,2621.6,2727.8,2817.8
2527.7,2088.2,2323.1,2584.3,2597.7,2592.1,2599,2617.2
1997.6,2110.4,2184.7,2253,2397.6,2604.1,2674.3,2872.3
2155.6,2112.9,2218.2,2335.5,2464.3,2485.9,2509.3,2618.8
1975.9,1696,2266.8,2291.6,2301.5,2335.1,2386.2,2543.3
2289.6,2419.5,2496.6,2581.3,2605.2,2617.1,2628.2,2681.7
1745.8,1815.8,2505.1,2899.2,2587.3,2598.2,3897.6,4197.4
2383.6,2605.8,2615.1,2619.9,2643.6,2659.1,2754.7,3066.5
2023,2318.7,2532.9,2626.1,2628.9,2641.1,3017.2,3255.2
2216.7,2531.4,2579.1,2577.9,2599.2,2795.3,2866.1,3050
2563.6,2564.2,2598.1,2641.7,2510.1,2626.7,3520.4,3651.4
2201.8,2189.4,2302.2,2572.6,2657.4,2680.1,2695.9,2700
1950.9,2374.4,2482.2,2479.1,2499.9,2747.6,2996.6,3477.1
1968.7,1978.3,1868.2,1976.4,2021.6,2049.4,2068,2075.1
2160.7,2120.6,2685.6,2670.6,2690.2,2969.5,3707.7,4261.2
2286.1,2590.8,2609,2606.6,2620.5,2615.4,2635.5,2824.6
1726.8,1666.3,1678.5,1683.9,1686.9,2068,2202.6,2194.8
2340.1,2276.5,2665.6,2675.4,2667.4,2679.3,2769.7,2930.6
1798,2031.8,2219.7,2303.9,2348.2,2455.5,2544.9,3117.7
1784.6,1657,2086.5,2359.8,2433.1,2414.6,2432,2480.8
2118.3,2071.5,2192.1,2269.8,2351.7,2398,2463.5,2496.9
2003.7,2100.1,2519.8,2513,2592.7,2592.9,3228.5,3736.2
1990.4,2080.4,2130.6,2152.8,2216.3,2224.4,3002.8,3526.8
2021.8,2037,2032.7,2015.1,2091.1,2200.8,2353.6,2471.8
2388,2548.4,2637.1,2631,2662.1,2691.7,3056.8,3495.1
2413.8,2586.4,2596.8,2604.4,2606.4,2601.7,2695.8,2904
2143.7,2171.1,2175.1,2166.9,2205.7,2410.3,2722.7,3457.3
2051.8,2120.1,2177.6,2219.2,2316,2689.2,2908.9,3462
1815.2,2350.8,2731.1,2730.1,2741,2759.8,2775.7,3480
2200.6,2427.4,2436.8,2459.4,2536.7,2562.5,2591,2888.4
1973.3,2426.4,2449.8,2590.3,2668.5,2825.8,3292.6,3505.2
2196.1,2682.7,2867.7,2724.5,2762.3,3572.5,4112.2,4178.4
2021.9,1872.7,2098,2590.6,2628.9,2634.5,2649.8,2707.6
2471.1,2606.7,2611.5,2623.3,2612.4,2647.3,3024,3210.1
2370.2,2542.5,2561.4,2556,2604.6,2630.5,2632.5,2650.5
2519.9,2517.6,2525.5,2550.6,2545.6,2545.7,2552.8,2551.7
2217.9,2554.6,2581.7,2609.6,2612.8,2629.4,3014.1,3425.6
1922,2532.4,2525.1,2534.9,2536.4,2501,2536.2,3282.9
2461.9,2605.8,2719.8,2808.2,2925.1,3047.2,3164.2,3285.5
2294,2424.9,2425.9,2578.1,2724.3,2748.8,2791.7,3052.9
2136.6,2134.2,1969.4,2503.6,2641.6,2636.4,2641,2762.6
2277.3,2425.9,1928.5,2469.5,2684.8,2678.8,2681,2693.1
1884.5,1880.5,1879.6,1886.2,1904.2,2230.3,2608.9,3100.2
2202.4,2271.1,2306.4,2297.2,2374.8,2516.7,2595.5,2715.5
2290.4,2414.4,2457.4,2411.4,2576,2788.1,3086,3328.9
1985.8,2442.8,2574.8,2633.3,2645.3,2646.8,2882.3,3775.2
1486.5,1616.9,1513.4,1602.3,1643,3244.3,3861,4149.2
1873.8,2372.7,2356.4,2268.1,2515.3,2612.2,2693.8,2798.3
2278.1,2418.3,2440.1,2379.8,2456.3,2700.4,3038.4,3082.7
2326.3,2237.3,2529.4,2555.9,2553.6,2626.2,2622.6,2706.8
2761.8,2837.9,2918.5,2908.5,2910.4,3063.9,3131.6,3418.6
2215.9,2483,2696.1,2698.8,2709.1,2732.5,3035,3464
2725.2,2726.7,2740.6,2750.8,2755.9,2745.8,2772.6,2972.1
1900.7,2201.9,2545.4,2543.2,2549,2577.4,3187.1,3356.7
2611.9,2744.2,2751,2723.1,2810.8,2895.7,2752.2,2754.3
2451.8,2645.3,2653.7,2653.2,2653.2,2673.2,2695.2,3370.5
1912.8,2405.2,2585.8,2602,2597.3,2608.8,2997.3,3236.3
1685,1934.3,2057.9,2047.3,2004,2017,2157.3,2509.9
1622.2,1739.1,1796.7,1717.6,1744.1,1746.7,1960.9,2548.4
2481.6,2521.8,2607,2625.4,2670.6,2651.3,2684.8,2715.8
1970.7,1876.9,1993.8,2032.5,2079.6,2089.4,2082.6,2090.5
2259.4,2575.6,2598.6,2616.8,2580.6,2614.3,2813.6,3296.3
1894.8,2305.5,2382.4,2542.5,2544.4,2557.5,2558,2571.4
2139,2010.1,2305.8,2635.6,2715.5,2724.6,2762.7,2960.5
2251.6,2354.7,2578.2,2635.1,2663.4,2709.7,2710.2,2781.1
2430.7,2503.1,2251.9,2566.6,2623.7,2617.6,2621.1,2637.2
2153.8,2379.8,2389.3,2379.6,2520.7,2935.9,3448.4,3698.4
1779,1832.5,1812.3,1856.7,1875.4,1884.8,1941.1,2111.5
2471.5,2467.6,2484.8,2520.8,2544.8,2632.1,2984.9,3506.8
2365.7,2683.6,2675.7,2693.7,2732.4,2945,3193.6,3807.8
2219.8,2222.8,2238.1,2255.8,2658.4,3048.1,3007.5,3162.2
2546.1,2561.2,2570.8,2569.7,2565,2654,2888.1,2891.3
2359,2366.9,2355.3,2372,2446.1,2499.6,2669.7,3335.8
2491.5,2498.6,2509,2510.9,2534.6,2818.6,3358,3353.6
2469.5,2472.1,2480.6,2493.5,2503.9,2517,3394.2,3325.7
2536,2585.3,2598.6,2604.5,2593.7,2627.7,3040.6,3422.6
2413.8,2524.8,2545.6,2527.9,2534.2,2831.5,2966.1,3506.4
2506.9,2490.2,2519.9,2540.2,2507,2456.9,2480.1,3101
2463.1,2621.1,2681,2745.4,2580.4,3046.8,3087.5,3086.1
2739,2734.2,2764.8,2750.1,2730.3,3011.9,3193.1,3230.9
2581,2680.2,2698,2665.3,2669,3022.6,3177.8,3221.8
2479.1,2559.2,2562.4,2573.5,2611.6,2661.4,2715.8,3141.2
2006.6,2444.1,2463.9,2457.1,2450.7,2474.8,2529.5,2660.7
2529.8,2457.5,2667.2,2667.8,2710,2793.7,2923.7,3141.4
2559,2742.3,2764.4,2785.4,2766,2769.8,3010.4,3460.7
2250.9,2370.1,2445.3,2469.2,2417,2427.8,2387.4,2817.7
2321.5,2548.1,2748.8,2861.7,2894.8,2996.6,3166.4,3242.4
2323.6,2362.4,2383.8,2391.4,2446.9,2565.2,2694.3,3012.4
2167.6,2192.4,2213.2,2216.4,2232.5,2480.9,3161.3,3184.1
2319.2,2347.4,2450.4,2582.7,2551.5,2550.1,2583.2,3238.2
2178.7,2178.2,2193.3,2268.2,2318.5,2154.6,2967.4,3401.6
2207,2514.9,2534.4,2545.9,2574.5,2629.7,2701.7,3048
2456.5,2616.5,2616.6,2634.5,2622.7,2617.4,2717.5,2777.5
2372,2431.4,2443.5,2451.1,2454.2,2458.6,2513.5,3057.4
2218.9,2444.6,2522.2,2546.3,2527.5,2555.5,3151,3320.4
1965.8,2632.7,2640.3,2620.7,2639.5,2723.4,3128.4,3414.7
2189,2219.8,2235.2,2245,2241.6,2244.6,2721.5,3320.9
2435.2,2525.1,2530.8,2534.3,2544.5,2565.4,3164.5,3316.2
2034.2,2325.1,2382.2,2405.7,2429.4,2392.8,2622.3,2840.2
1981.7,1976.7,2003.2,2028.4,2105.3,2140.7,2326.2,2883.8
2023.1,2206.6,2357,2404.2,2485.3,2635.1,2770,2895
2487.1,2608,2607.2,2623.8,2673.4,2823.4,3230.5,3601.2
2607.9,2621.7,2642.5,2619.5,2653.9,2724.7,2821,2917.5
2618.7,2660.3,2700.3,2727.4,2733.7,2682.2,3062.3,3197.1
2681.6,2683.8,2715.8,2682.7,2708.4,2845.5,3021.5,3150.6
2521.1,2529.6,2538.4,2498,2597.6,2563.7,2817.4,2952.9
2638.5,2639.3,2662.6,2643.7,2644.7,2704.7,2798.5,2912.3
1889.7,2387.1,2428.1,2404.2,2405.8,2458.9,2650.6,3111
2511.3,2524.3,2518.5,2542.3,2571.1,2644.3,2955.5,3091.5
2205.6,2343.7,2395.3,2413,2421.6,2431.3,2420.2,3008.2
2277,2520.9,2651.6,2665,2683.5,2718.8,2998.2,3025.3
2394.9,2427.8,2446.5,2465,2465.7,2474.7,2998,3080.7
2426.9,2488.8,2516.3,2523.6,2530,2519.8,2599.1,2914.4
2369.1,2384.7,2390.7,2392.4,2404.3,2419.2,2424.2,3075.7
2608.8,2617.9,2623.2,2624.1,2645.3,2718,2829.8,2960.7
2431.1,2438.9,2446.8,2446,2441.8,2499.9,2930.8,3093.8
2395.7,2398.9,2394,2410.9,2472.7,2683.9,3494.4,3487.9
2369.1,2523.8,2535.5,2549.5,2531.5,2574.2,2714,2804.9
2536.1,2549.1,2561.7,2564.7,2559,2576,2656.4,2690
2535.6,2545.1,2552.8,2532.6,2559.4,2604.4,2748.4,2985.1
2094.9,2393.4,2396.9,2393.5,2399,2409.2,2537.4,3166.7
2415.8,2439.8,2475.7,2493.3,2491.4,2724.5,2776.8,2994.9
2234.1,2426.1,2429,2430,2441.2,2441.6,3158.7,3492.9
2315.1,2325,2308.5,2342.3,2383.1,2400.4,2482.8,2846.6
2088.4,2190.1,2698.3,2723.4,2808.7,2830,3055.3,3377.1
2409.9,2633.9,2649.3,2672.2,2673.2,2638.6,2708.6,2918.9
2579.1,2642.9,2760.6,2530.6,2635.8,2809.2,2823.8,2807.6
2410.1,2476.7,2487,2490.8,2503.1,2509.1,2603.2,2978.8
2450.4,2462.6,2469.8,2477.6,2490.4,2500.3,2608.9,3607.2
2057.2,2416.8,2492.5,2511.6,2523.8,2534.2,2541.4,2865.6
2297.1,2647.9,2659.8,2671.9,2671.6,2700,3428.4,3572.5
2219.1,2255.6,2254,2264.5,2369.2,2495.8,3163.5,3302.2
2084,2119.6,2189,2226.5,2283.6,2538.3,2688.5,2811.9
2015.9,1958.3,2220.8,2500.1,2475.2,2493.9,2816.9,2850.1
2165.9,2166.3,2187.9,2200.6,2199.8,2197.2,2175.9,3342.2
2141,2544.3,2568.3,2574.8,2602.1,2634.2,2738.1,3544.8
2628.3,2636.2,2649.7,2673.5,2689.4,2730,3011.5,3366.3
2667.3,2673.1,2676,2711.4,2824.7,3147.8,3485.4,3442.8
2481.8,2488.8,2494.5,2494.6,2486.1,2519.7,2913.2,2941.2
2446.5,2484,2486.5,2525.1,2592.8,3232.6,3552.4,3563.5
2206.3,2599.8,2632.7,2647.4,2641.5,2627,3222.4,3329.6
2329.9,2332.7,2338.6,2343.3,2358.6,2469.9,2990.4,3144.7
2128.1,2174.3,2236.3,2289.4,2335,2285.5,2724.3,2674.5
2274.1,2288.3,2277.4,2291.6,2379.4,2906.9,3050.9,3085.2
2311,2494.7,2533.9,2520.4,2525.4,2618,2808.8,2938.9
1897.1,1898.4,1901.6,1929.9,1941.9,2079.1,3048.1,2898.3
2382.3,2433.6,2444,2449.2,2500.7,2870.8,3279.4,3554.9
2256.9,2285.5,2331.2,2352.8,2364.7,2372.1,2379,2602.2
2326,2464.7,2478.7,2459,2445.6,2510.6,2617,2783.1
2331.7,2405.7,2421.6,2416,2430.3,2453.9,2562.4,3021.7
2361.1,2368.8,2378.8,2416.5,2503.1,2593.3,2894.2,3272.2
2311.7,2407.8,2414.2,2413,2415,2470.2,2949.6,3348.1
2590.8,2690.6,2703.7,2702.5,2711.5,2817.4,2978.4,3120.3
2633.9,2636.9,2646.8,2658.2,2658.9,2672.8,2705.8,3398.8
2501.9,2654.1,2659.8,2669,2653.6,2663.2,2708.7,2879.5
2130.1,2247.7,2686.7,2696.1,2696.9,2702.9,2711.6,2777.7
2558.5,2634.1,2653.4,2671.2,2680.1,2667.4,2694.9,2730.6
2633.7,2674.4,2684.1,2685.3,2669.3,2699,2852.6,3087.2
2422,2653.1,2662.5,2654.4,2657,2714.4,2830.1,3169
2211.4,2279.4,2348.6,2372.6,2330.7,2340,2398.8,2576
2311.8,2461.8,2490,2499.8,2504.4,2502.2,2613.5,2733.8
2475.3,2431.2,2505.2,2510.5,2513.4,2512.1,2548.2,2579.3
2367.7,2351.6,2458.4,2467.4,2475.6,2471.6,2484.4,2583.2
2087.2,2067.9,2124.2,2203.2,2239,2317.2,2529.4,3094.4
2558.3,2573,2587.8,2579.9,2597.7,2625.2,2780,3060.9
2456.9,2474.8,2476.1,2479.3,2571.9,2747.3,3101.5,3404.7
2543.2,2594.2,2610.8,2601.5,2638.4,2658.7,2824.6,3044.7
2698.6,2770.7,2887.6,2901.5,2885.7,3135.5,3361.5,3523.8
2615,2552.4,2662.7,2673,2685.1,2736.7,2863.7,2938.8
2432,2482.4,2486.7,2492.7,2511.8,2517.9,3347.8,3538.2
2479.4,2601.2,2616.1,2618.3,2612.5,2645.9,3321.5,3303.7
2189,2576.6,2587.9,2590.2,2587.5,2612,2713.4,3106.4
2457.4,2487.5,2494.4,2524,2546.2,2539.2,2816,3269.7
2378.8,2390.9,2475.1,2565.5,2569.5,2846.7,2942.2,3074.3
2420.8,2628.3,2647.5,2667.9,2665.1,2667.1,2780.4,3000.4
2428.5,2463.3,2476.5,2535.8,2576,2957.7,3066.2,3330.4
1961.3,1967.8,1983.9,2013.4,2016.1,2127.9,2966.7,2774.2
1918.4,1981.5,2183.2,2311.6,2385.8,2310.6,2590.4,3087.4
2347.1,2403.1,2422.5,2448.9,2520.2,2915.5,3495.5,3566.7
2363.9,2564.2,2580.6,2578.4,2552.3,2610,2753.9,2896.5
2264.3,2391,2614.6,2614.7,2604.1,2607.7,3191.4,3238.6
2165,2194.4,2271.4,2272.7,2672.1,2772.9,3417.2,3689.9
1912.5,2416.7,2439.9,2453,2479.7,2577.2,2763.9,3410.2
2481.7,2593.2,2629.8,2639.2,2604.5,2655.3,2761.6,2960.2
2093.5,2495.4,2637.4,2615.9,2613.2,2622.2,2836.7,3435.8
2452.2,2516.4,2551.6,2569.8,2569.1,2571.5,2565.9,2869.1
2712.1,2711.1,2800.2,2810.8,2824.4,2894.3,3154.9,3367.9
2587.5,2590.3,2593.4,2588.4,2605.3,2755.1,2791.6,2695.2
2701.1,2766.8,2788,2762.3,2735.9,3262.9,3548.8,3874.3
2500.2,2236.4,2550.6,2592.3,2571.3,2598.2,2600.8,2583.8
2528.5,2571.7,2643.4,2656.6,2654.1,2693.6,2807.8,3151.7
2550.5,2556,2559.9,2573.5,2580.9,2584.3,2591.7,3290.2
2331.6,2360,2371.7,2380.9,2491.5,2551.6,2738.9,3236.1
2495.7,2558,2578.9,2585.2,2568.7,2627.8,2702.1,2848.7
2088.6,2080.2,2092.6,2160.8,2417.4,2542.8,3527,3311.7
2351.6,2337.9,2604.9,2630.8,2642.3,2622.1,2755.1,3342.8
2564,2696.7,2724.3,2720,2731.8,2758.4,3082.6,3706.9
2166.9,2361.5,2389.5,2409,2520.9,2658.6,2939.8,3239.1
2312.4,2351.6,2369.9,2381.2,2388.5,2392,2392.4,2592.1
2266.2,2031.6,2654.4,2655.6,2663.4,2650.9,2677.3,2729.9
2100.6,2186.9,2400.8,2474.8,2534.8,2554.2,2641.9,2925
2196.5,2321.7,2334.4,2324.5,2332.6,2441.4,3124.6,3159.2
2261.4,2388.4,2409.9,2422.5,2434.4,2419.2,3005.1,3328.7
2474.9,2480.6,2465.3,2481.3,2477.2,2493.3,3146.9,3766
2338.1,2386,2443.2,2496,2520.4,2543.2,2625.5,3437.7
2329.3,2492.2,2549.5,2545.9,2541.4,2560.4,2680,2863.9
2599.8,2610.6,2621,2624.4,2606,2670,2775.7,2819.8
2627.1,2634.8,2655.8,2648.6,2620.6,2739.7,2891.5,3000.7
2453.1,2551.5,2552.3,2557.7,2586.8,2592.4,2850.1,3275.1
2400.9,2586.3,2600.5,2585,2591.2,2650.2,2750.5,2886.9
2229,2280.5,2299.5,2313,2304.8,2313.9,2391.6,3318.6
2215.4,2217.1,2226,2242.8,2259.5,2306.2,2719.3,3165.2
2001.4,1995.7,2018,2042,2018.7,2550.2,3339.3,3510.9
2467.9,2543.8,2535.4,2533.4,2527.5,2676.6,3584.5,3569.7
2689.3,2696.4,2711.6,2695.2,2724.8,2812.5,3045.4,3172.1
2523.9,2527.6,2535.4,2534.3,2572.7,2754.2,3079,3155.3
2422.8,2453.4,2467.1,2484.3,2499,2496.4,2505.3,2974.8
2498.5,2549.5,2620.4,2659.7,2679.5,2686.8,2692,3234
2252.6,2258.6,2271.8,2292,2284.1,2377.9,3192.2,3032.5
2486,2466.9,2520,2545.7,2571.7,2604.3,2727.5,2788
2356.8,2545.5,2562.9,2562,2566.5,2588.4,2712.8,3001
2300.6,2536.8,2544.9,2542.7,2529.1,2538.5,2555.2,3250
2359.2,2362.7,2395.1,2405.3,2513.7,3166.3,3287.7,3383.4
2520.7,2528.2,2562.9,2585.1,2620,2769.3,3071,3166.8
2133.5,2613.5,2620.5,2626.7,2629.8,2622.8,2642,3544
2236.2,2412.6,2441.6,2395.3,2395.1,2655.9,3386.4,3496.7
2456.7,2509.9,2513.3,2633.3,2889.3,2953.9,3678.3,3663.3
2104.8,2589.9,2572.1,2585.5,2775.3,2797.1,3316.2,3686.3
2151,2368.6,2522.6,2575.1,2585.7,2591.6,2625.5,3306
2154.6,2364.6,2484.7,2498.2,2487.3,2491.6,2487.9,3249.9
2286.6,2482.8,2486.4,2484.5,2490,2501.2,2502.7,3145.5
2593.2,2587.2,2610.9,2627.5,2647.5,2678.3,3166.4,3561.5
2432.5,2433.2,2488.2,2505.3,2522,2527.2,2534.9,2940.3
2552,2594.3,2635.8,2558.9,2592,2966.9,3166.6,3217.4
2279.7,2503.5,2525.2,2510.2,2548.3,2566.7,2571.2,2998.8
2309.2,2486.2,2484.5,2504.9,2527.6,2538.6,2538.3,3063.4
1903.7,1994.8,2326.9,2688.8,2734.4,2803.8,2572.5,2913
2069.5,2180.3,2316.4,2540.5,2643.5,2778.6,2662.7,2880.8
2501.2,2513.7,2531.2,2514.2,2504.2,2579.7,2797.2,2887.8
2530.5,2579.4,2521.8,2597.4,2736.3,3020.2,3850.5,3929.7
2364.4,2530,2566.4,2564.7,2571.6,2595.4,2784.4,2976
2407.3,2539.6,2584.8,2611,2531,2825.4,3034.5,3149
2248.6,2318.6,2335.3,2344.6,2372.7,2407.1,2798.3,3306.5
2632.4,2637.9,2645.1,2658.1,2732.5,2881,3418.7,3799.6
2305.9,2576.4,2589.1,2592.5,2584.2,2602.2,3328,3403.2
2597.2,2698.5,2711.6,2710.1,2737.1,3112.4,3396,3423.2
2466.6,2478.6,2511,2522,2505.3,2984,2888.5,3466.9
2285.4,2626.1,2635.4,2635.8,2617.5,2639.2,2689.1,2820.9
2603,2638.8,2666.5,2660.8,2673,2722.7,2766.6,2997.5
2537.5,2546.3,2547.2,2552.8,2553,2558.3,2577.7,2860.7
2133.2,2178.4,2196.4,2205.1,2184,2285.8,2480.7,2866.1
1978.2,2026.7,2146.1,2161.6,2438.2,2565.8,2784.1,2816.4
1884.4,2290,2297.4,2293.6,2300,2329.6,2388,3075.6
2252.5,2324.7,2351,2393.7,2352.9,2473.6,2634,2744.8
2256,2260.8,2262.4,2267.3,2268.3,2282.8,2497.2,2742
2254.8,2580.8,2591.2,2601.7,2598.2,2578.2,2610.1,3128.1
2300.5,2309.8,2313.8,2324.8,2348.2,2435.2,2554.4,3263
2432.9,2438.5,2541.3,2549.3,2559.5,2580,2752.6,3094.3
2678.4,2705.5,2718.5,2711.7,2747.6,2894.1,2972.3,3055.7
2264.8,2486.7,2651.3,2667.1,2695.2,2564.8,2751.7,3085.6
2337.8,2448.4,2490.2,2500.2,2525.5,2819,3021.8,3163.5
2416.1,2422.6,2425.4,2434.9,2500,2803.9,3303.1,3357.6
1992.1,2036.3,2087.5,2128.3,2261.7,2597.3,2799.3,2928.5
