a1,a2,a3,a4,a5,a6,a7,a8
443.5,444.2,446.1,449.9,448.8,585.4,626.2,572.1
478.1,496.3,512.1,521.6,499.2,528.7,533.3,533.4
474.1,472.7,469.5,471.8,478.2,485.8,486.4,489
489.9,492.7,501.3,513.2,525.3,518.5,519.6,520
641.3,636.8,635.3,676.9,843.4,893.7,885.9,899.2
467.5,468.2,470.4,473.2,479.5,508.6,524.7,530.4
348.6,345.4,346.8,346.9,319.8,678.7,996.6,1219.6
354.8,352.6,355,354.4,318.5,578.7,720.4,751.7
572.7,574.4,578.4,588.4,601.5,625.5,675.3,744.2
543,541,539.1,539.4,542.4,547,540.6,545
577.4,578.9,583.4,587.9,612.5,626.8,653.4,665.7
540.9,542.3,545,562,595.2,625.9,633.3,614.1
564.2,607.3,678.9,709.6,707.8,697.3,695.2,688.5
542.9,546.1,558.2,585.8,636.3,699,736.6,744.1
476,476.6,476.7,479.7,488.8,496.8,511.3,533.8
773.5,779.9,804,823.4,827.1,858.7,958.5,1055.3
534,559.5,562.1,592.4,605.8,592.5,606.3,617.5
666.8,668.4,678.4,701.8,718.1,706.8,720.5,770.8
524.5,524.7,529.1,536,545.9,561.3,579,590.3
573.9,563,562,569.3,579,589.3,600.2,663
571.5,568.9,560.6,558.1,562.8,570.4,581,598.8
462.4,460.7,462.1,464.2,467.4,471.8,495.9,566
340.1,341.4,346.4,350.3,356.1,366.1,351.9,671.2
620.8,622.4,627,628.3,634.7,639.4,647.3,651.5
560.5,567.9,564.9,565.8,568.1,577,587.1,595
588.6,582.7,587.6,600.3,612.1,636.7,644,695.2
426.9,426.5,427.5,429.6,433.6,438.1,442.7,447.4
428,461.6,432.1,422.2,426,439.2,467.8,464.7
588.8,600.8,618.4,652.7,693.7,730.7,745,761.4
628.2,633.3,650.2,671.2,691.3,697.2,687,692
435.1,451.6,484,509.4,509.2,502.8,520.6,525.7
455.8,455.8,462.4,478.8,501.2,507.1,502.2,501.8
658.5,659.6,669.1,672.8,680.5,687,693.7,698.3
408.8,406.2,403.6,404.1,405.7,409.2,413.5,464.4
539.4,537.3,537.4,539.8,541.2,545.8,546.8,547.7
455.4,455,462.9,471.3,474.7,477.5,477,482.8
335.3,337.3,336.2,336.2,329.8,437.2,444.8,633.8
455.5,452.9,452.4,454.2,458.1,465.8,478.1,482.5
662.2,653.6,649.1,652.8,659.5,696.8,716.2,755
399.1,401.3,406,411.7,415.6,420.9,413,435.8
407.9,405.2,405.4,406.6,408.3,476,543.3,550.8
499.4,510,533.9,562.6,593.9,588,628.7,595.2
580,580.1,578.6,585.6,606.6,655.5,814.3,936.6
448.2,443.8,442.8,446.4,447.2,488.5,515.7,550
525.4,529.4,547.4,550.5,562.5,564.5,567.1,565.6
788.1,782.7,789.4,799.7,808.8,815.9,815.2,811.5
753.7,744.8,754.6,771.9,797.6,827.2,859.6,886
365.8,364.6,367.3,370.4,374.5,376.5,376.7,374.1
433.6,423.7,422.7,423.7,422.4,469.8,443.6,653.7
670.7,677.7,688.9,698.6,719.9,772.9,816.2,853.6
450.5,454.8,465.7,498.5,530.9,536.1,537,531.6
422.2,421,417.1,415.9,417,416.5,415.4,420.4
441.8,440.1,440.5,437.8,438.6,435.7,437.9,454.4
563.2,566.9,572,575.9,583.9,595.1,589.8,582.6
513,510.5,514.6,524.9,537.1,547.3,565,585.4
713.8,708.4,718.4,730.1,738.9,773.8,826.8,853
547.9,548.9,566.5,642.4,777.7,823,736.7,702.3
481,474.6,476,479.3,485.1,494.1,505.7,513.8
470.9,467.4,467.5,468.4,470.6,475.3,483,495.2
583.1,581,587.2,592.3,593.4,594.3,602.2,634.3
446.3,441.2,450.4,449.5,435.3,463.1,623.3,563.3
537.1,538.6,546.6,557.6,571.9,584.8,593.4,588.8
580.9,588.7,598.9,613.2,628.8,653.1,661,668.1
361,364.5,368.5,372.7,375.4,373,370,374.4
613.9,586.6,588.7,613.8,753.8,823.5,960.4,1012.2
718.3,698.9,723.2,756.2,781.3,781.9,777.9,805.8
313.1,313.7,313.1,363.1,505.5,754.4,1038.7,1125.7
485.9,477.8,480,486,500,546,596,601.3
429.5,420.7,420.5,423.5,429.1,438.9,458.3,452.4
390.8,388.5,388.6,388.8,392,394.4,393.7,573.9
493.4,494.2,493.4,492.3,493.7,492.6,490.9,492.8
494.8,513.9,547.9,597.4,616.4,626.1,628.5,625.9
565.8,559.8,560.5,564.2,577.7,613.3,650.9,690.2
423.3,424.9,426.1,524.4,593.8,671.3,753.1,803.7
605,602.1,618,650.4,711.9,789.1,810,731.5
543.1,535.3,536.2,539.9,546.1,558,573.6,586.1
434.9,424.7,427.5,435.1,449.5,453.9,443.9,446.6
435.3,436.8,435.3,438,443.1,447.2,449,475.4
619.2,642.8,639.2,628.9,632.7,639.3,647.9,651.6
518.1,520.9,520,518.3,519.8,524.5,531,538.6
526.2,518.8,528.5,555.3,574.2,597.3,648.7,662.3
687.6,692.1,699.8,699.9,709.5,718.1,741.9,776.7
591,588.6,588.8,595,604.7,612.3,604.3,625.7
496.3,499.2,499.9,544.5,719.6,826.6,834.2,896.2
519.4,521.1,536.9,556.9,577.7,600,603.1,595.2
555.2,550.8,552.8,554.7,556.8,563.9,575.4,587.8
382.5,383.8,387,392.1,393.9,392.2,694.1,938.8
495.7,498.1,500.1,502.9,506.9,513.3,533.1,523.5
532.7,534.4,535.8,535.5,541.1,548.7,624,650.6
459.3,456.2,461,464.7,464.5,472.3,772.2,850.8
404.2,408.6,417,427.5,432.4,460.9,449.3,437.3
493.2,543,556.6,560.9,562,541.6,536.3,541.8
521.5,524.5,539.3,555,575.1,612.9,645.5,704.1
494.2,494.5,502.2,520.4,541.2,556.8,558.6,546.3
587.4,598,636.3,724,751.6,758.9,768.1,786.1
522.8,505.3,515.8,533.5,665.7,763.7,951.7,925.1
499.7,506.4,511.4,566,698.4,727.4,767.9,901.2
541,583.5,603.1,616.2,648.5,714.1,786.2,807.8
377.1,370.5,366.9,367.8,364.9,565.4,595.2,676
423.2,433.2,448.3,454.6,492.3,660.3,634.7,658.2
489.8,487,487.3,483.2,484.8,503.6,531.8,524.5
499.2,500.3,501.6,493.1,495,512.5,550.5,558.1
471.5,463.8,461.6,459.4,458.6,467.9,477.4,479.4
434.8,447.4,442.3,426.7,428.9,429.9,432.6,436.1
333.4,334.4,333.8,333,334.8,332.9,328,321.8
330.8,326.8,325.1,324.9,328,328.7,390.5,386.9
526.6,528.9,528.3,526,532.9,537.4,538.6,540.8
497.3,510.2,527.5,534.9,509.9,512.5,534.7,561.1
566.8,569.7,566.1,566.3,568.8,576.1,594.4,639.4
618,619.3,619,622,628.3,652.2,678.2,686.6
525.5,530.4,541.1,550.6,526.7,717.9,720,612.1
547.1,562.6,527,509.3,526.6,577.1,589.4,570.3
441.7,442.6,447.7,449.3,448.9,470.8,423.4,724.3
742.4,749.8,753.6,756.1,763.3,786.4,805.2,826.9
609.9,619.6,642.3,646.7,637.9,684.7,757,792
646.4,651.7,658.8,658.6,667.6,695.3,747.1,798.1
530.8,535.1,537.9,532.8,533.2,548.9,569.1,571.2
330.8,330.7,327.9,327,327.6,328.9,329,329.1
420.2,424.6,429.5,433.6,433.2,482.4,746.1,1397.1
476.5,494.5,499.4,498.8,490.1,482.7,486.9,504.5
533.7,540,547.2,553.2,543.6,547.3,555.9,560.3
430.1,434.5,439,434.4,435.4,439.2,482.6,561.5
340.1,339.2,337.9,338.4,342.6,345.2,344.6,372.7
495.3,498.9,504.9,507.4,506.9,517.1,525.2,504.9
454.7,458.7,461.4,460.2,455.9,459.5,462.3,465.5
529.5,533.1,534.4,530.9,596.6,594.8,569.6,589.7
387.1,387.7,388.6,387.4,389,380.7,654.8,630.5
387.4,389.7,389.4,388.6,391.4,387.7,437,494
642.5,649,649.5,656.7,666.7,678.9,689.6,713.3
455.2,466,478.1,541.5,649.9,649.6,634.8,626.2
446.6,445.5,448.2,459,441.1,501.3,517.5,515.6
583.1,587.3,587.9,587,599.4,641.8,773.7,774.1
361.8,360.6,362.2,364.7,368.6,354.8,829,1425.7
408.9,422.1,436.3,427.1,442.6,575.8,519.4,485.8
355.1,354.2,353.5,354.9,358.9,354.9,369.3,498.3
661,671.3,679.6,675.9,679.6,722.1,795.8,772.4
371.7,373.9,371.6,373.4,463.3,563.5,678.9,653.1
404.7,404,403.4,402.3,402.9,408,411.6,411.9
489.5,502.1,519.9,514.4,513.9,524.6,553.8,577.2
561.3,566.2,567.8,565.7,570.8,585.3,601.6,603.6
401.5,405.4,406.3,402.3,403.4,404.2,407.6,428
599.6,629.4,641.8,599.8,593.7,611.4,616.3,619.7
708.4,728.2,763.1,786.8,756.8,776.4,869,1082.3
669.1,677.4,680.6,673.8,675.2,681.5,684.9,693.6
345.2,347.4,347.7,346.4,347.4,349.4,325.9,321.4
446.5,448.1,449.1,446.4,448.6,455.7,459,494.5
616.6,631.5,634.4,628.1,626.5,648.4,737.7,810.3
489.2,492,497.7,499.4,502.8,537.1,592.2,579.5
316.1,317.7,315.2,314.8,316.2,312.6,305.5,298.2
430.7,428.9,417.8,415.6,427,437.6,432.5,426
514.1,524.2,515.7,508,507.8,522,519.2,591.5
402.3,399.9,405.2,413.9,418,423.4,483.8,651.8
362.1,366.7,369,370.5,374.2,386.7,422.6,412.8
685.2,700.6,703.5,699.3,711.3,830.2,1019.2,1162.6
393.7,394,392.7,392.2,394.1,376.8,681.6,771.1
392.2,390,387.8,390.7,393.4,397.2,379,807.8
421.1,422.7,422.2,422.2,423.3,422,480.4,727.9
390.5,392.8,393,392,392.8,395.5,398.9,399.1
361.3,358.3,357.6,359.6,365,361.4,348.9,592.2
547.3,547.7,550.7,552.6,556.9,567.1,600,622.7
623.8,636.2,647.3,631.8,638,715.2,759.6,754.3
615.4,626,646.5,650.5,672.8,694.7,733,853.5
322.7,322.6,322.3,322.6,325.6,363.7,412,412.1
512.8,521.5,522.9,524.7,523.8,534.4,560.1,914.5
383.3,382.7,383.9,385.9,386.3,386.3,355.2,1130.1
332.1,332.1,333.7,331.9,334.4,334.3,336.3,327.2
436.4,438,440.4,438.1,442.9,446.2,447.5,446.9
552.3,580.9,590.8,585.9,622.5,666.1,761.6,769.9
405.6,405.3,402.9,402.4,403.7,405.6,396.1,693.2
474.6,477.8,477.8,477.5,481.4,490.6,502.3,500.5
389.3,386.6,384.6,380.2,383,345.2,689.8,747.5
376.4,373.7,378.5,379.4,603.4,676.6,740.5,1549.5
548.3,550,550.6,550.2,551.3,557.9,579.5,639.8
495.8,500.8,502.8,505,502.5,506.3,511.9,519.5
533.5,535.8,539.1,545.4,538.7,573.4,607.8,630.8
625.2,633.7,637.9,636,647.7,682.4,736,736.1
482.1,493.9,506.1,497.5,505.7,507.5,634.8,917.8
445.1,443.7,443.4,444.4,433,596.8,636.1,698.7
612.5,604.7,597.6,594.4,606.6,627.5,638.8,653.1
573.9,594.5,600.3,606.8,605.9,606,647.2,727.7
500.3,501.5,503.8,503.2,501.8,507.3,523.5,527.6
382.5,380.5,380.6,382.3,388.9,394.9,391.9,387.2
442.6,443.2,442.8,440.1,443,445.5,448.6,449.2
495.8,509.7,519.7,520.3,501.4,529.6,541.9,527.7
393.3,394.3,390.4,392,395.3,398,395.5,463.5
346.2,346.5,348,348.4,350.8,356.1,362.2,356.4
499.3,496.3,500.4,584.8,574.9,617.4,623.5,614.4
410.8,411,413.6,417.7,415.5,421.5,408.1,807.6
548,567.2,568.3,566.1,544.8,557,690.9,847.9
490,529.8,509.4,466.5,455.2,456.9,452.5,757.6
395.4,399.3,391.3,373.1,358.9,360.4,363,349.6
555.4,581.5,581.9,571.3,554.1,572.6,836.6,1023.9
422.1,423.1,421.3,424,419.9,444.7,647,812
479.4,491.5,505.2,499.8,463.2,499.9,516.5,476.5
499.1,510.1,517.8,520.1,513.7,522,568.7,645
569.3,576.4,579,580.8,582,580.1,596.7,613.7
416.1,431.3,438.9,440.1,434.8,429.6,424.1,454.5
374.6,379.2,379,374.2,378.9,368.5,354.5,346.7
300.5,295.8,295.6,299,297.8,354.9,468,657.1
633.9,629.9,636.6,646.3,662,675.8,690.5,763.3
489.5,492.5,496.1,498.4,500.4,505.9,645,811.6
521.4,557.7,546,537.4,542.9,824.9,869.6,781.5
570.1,569.8,574.6,586.1,602.5,699.2,908.4,970.4
558.2,630.2,647.6,664.1,541.4,517.8,878.1,1019.9
409.5,397.5,504.2,801.9,676.1,579.6,687.7,736
504,535.7,508.2,477.6,543.6,556.9,544.3,497.2
846.7,850.9,839.1,854.7,899.1,964.5,985,997.7
717.9,727.1,734.2,706,739.5,835.3,1075.4,1013.4
744.5,743,741.8,747.6,747.4,773.9,1183.9,1204.2
570.8,580,594.8,603.2,602.9,612.9,821.6,924.2
662,725.3,800.1,690.8,696.2,835.4,895.3,872.9
555.5,578.9,586.9,568.1,573,605.1,605.8,588.6
329.5,332.8,333.8,332.8,334.4,318.3,285.3,741.1
639.7,655.4,665.7,662.8,678.3,737.4,777.8,764.7
660.6,663.6,671.4,685.9,699.4,713.4,739.2,765.7
600.8,633.8,645.6,611.4,606.8,684.2,738.2,762.6
434.8,457.7,472.3,449.3,451.6,458.4,452.9,436.7
419.1,462.2,483.2,463,448,450.9,568.6,813.3
556.6,605.6,549.9,520.7,574.7,816.7,1092.6,1100.7
722,732.4,761.7,792.6,814.4,788.8,884.5,984.1
713.3,731,726,728.5,742.5,793.2,865.6,885.1
486.4,480.7,477.8,483.2,500.3,549.5,913.8,918.8
679.5,681.4,691,711.8,724,723.5,780.2,1012.1
407.9,416.9,420.4,420.3,535.7,545,640.6,1739.2
492.2,507.4,505,493.1,508.5,530.5,668.5,763.8
325.7,327,325.6,326.1,323.8,420.9,450.1,381.4
509.5,515.4,519.7,521.4,521.6,530.1,572.9,558.8
627.9,695,707.5,683.7,628.1,638.9,786.9,955.9
349.4,350.7,350.5,350.8,346.1,647.7,1048.5,1215
461.8,477.4,477.9,473.5,585,460.3,708.1,994.4
582,595.7,558.5,561.8,677.5,830.4,640.8,595.6
337.9,369.2,357.7,365,384.7,428.4,442.8,493.6
894.6,919.4,987.3,843.7,1007.4,1031.8,1088.5,1129.2
875.3,879.5,905.3,923,928.5,960.4,1084.5,1125.3
781.7,773.5,751.8,774.1,813.3,852.9,878,914.3
340.3,341.7,342,339.4,338.1,339.3,340.9,333.8
478.4,490.6,489.4,482.5,481.1,563.9,615.9,632.6
709.5,719.6,724.8,713.2,701.5,725.6,759.6,852.5
448.1,456.3,464.4,501.4,587,639.6,1040,1083.1
400.3,427.5,433.9,411.3,422.2,416.9,416,415.9
493.7,515.9,519.2,491.2,478.3,484.9,495.3,495.2
768.3,779.3,780.6,790.8,796.1,845.9,1050.7,1063.6
389.1,399,414.1,415,410,407.3,388.2,414
433.4,439.7,442.2,447.7,451,454.1,499.7,582
478,481.8,485.9,487.9,488.2,523,583.2,566.8
519.6,530.4,528.7,527.2,537.9,550.9,554.9,503
371,371.4,373.3,374,372.8,362.7,1056.9,1189.3
575.2,576.7,584.3,594.7,599.4,610.9,596.3,1220.5
715.6,722,737.1,744.7,774.2,828.9,878.9,966.8
349.5,354.9,350.3,351.3,335.3,273.8,306.1,1131.9
856.9,862.2,862.3,877.9,914.2,948.1,978.8,1048.3
295.7,300,298.4,297.3,291.5,268.2,253.2,1479
436.2,445.7,490,496.1,478.3,470.2,466.9,508.8
300.6,302.8,301.1,303,303.7,303.5,301.2,478.5
530.6,545.7,558.6,555.5,542.6,550.5,577.3,690
693.8,669.1,713.8,768.4,785.3,751.3,943,862.3
768.7,755.6,721.3,722.8,760.6,865.1,1018.7,1015.2
440.3,445.2,450.1,445.7,449,443.2,433.1,521.5
639,647.9,655.5,662,666.7,673.8,705.9,845.1
533.4,543.2,551.4,553.8,551.3,574,637.4,715.9
550.4,575,570.1,539.7,527.1,542.8,557.8,555.3
460.9,470.3,476.5,464.1,467.7,471.9,503.4,450.9
610.4,622.5,630.9,624.2,630.3,670.1,1015.9,1049.9
564.1,567.9,564.1,574.5,579.7,628.8,670.6,1108.5
750.2,766.3,763.3,783.3,815.2,833.7,857.1,901.7
700.5,726.1,715.6,694.6,714.7,784.4,829.2,835.1
525.3,533.1,535.2,543.1,549.1,567.2,687.1,816
669.3,682.9,690.9,693.4,745.6,805.3,889.4,893.5
510.3,511.2,515.7,515.9,521.3,539.4,576.7,576.2
358.2,355.7,351.5,418.2,435.7,360.2,367,462.6
446.1,448.5,451,445.5,449.6,450.8,438.8,534.9
598.7,586.2,570.1,549,545.5,565.9,582.2,575.3
329.4,323.5,326,338.9,439.5,423.1,359,342.3
409.1,415.1,410,411.1,381.3,1139,615.8,916.8
534.4,543.2,528.5,500.7,498.3,504,511.3,511.9
508.5,514.5,519.9,524.6,526.3,525.6,880.8,1276.2
712.4,716.8,718.9,711.9,745.4,892.9,966.5,959.5
345.6,336.3,345.3,345.6,342.8,341.5,343,371.7
666.6,672.4,672.3,674,682.2,716.3,764.2,830.7
465.2,424.8,406.5,407.8,416.1,437.4,449,468.8
542.6,531,558.4,644.1,673.2,695.2,694.9,691.3
580.7,583.9,590,636.6,630.7,624.7,612.2,592.9
513.9,479.6,475.1,480.6,505.6,546.3,533.2,591.4
471.9,590.4,555.6,515.2,478.7,480,471.4,458.9
324,333.3,343.3,336.4,334.4,333.6,333.7,335.3
337.5,352.3,368.8,359.3,355.7,358.3,364.9,370.2
603.2,619,628.2,612.3,604.9,609.4,616.5,639.9
638.4,619,654.1,683.6,686.9,691.8,700.8,718.6
626.1,620.4,621.7,620.5,621.8,626.6,630.5,635.5
634.5,634.2,634.1,635.3,639.9,645.6,655.6,675.8
588.8,621.7,626.4,620.4,646.5,684.9,707.7,738.6
593.4,596.6,555,543.7,557.8,650.1,679.3,664.1
594.8,596,557.4,523.1,499.8,517.1,533.8,577
716.8,757.8,769.8,756.3,755.9,761.5,763.6,769.5
699.5,683.8,682.1,694.5,734.9,759.7,750.9,750.2
682.3,685.4,683,679.1,682.8,683.8,687.3,692.5
542.8,551.3,552.3,547,547,553.7,564.9,578.7
565.5,529.7,476.8,391.8,387.1,385.8,648,580.9
655.9,635.7,618.3,602.5,602.7,601,635.8,688.7
682.9,674.7,704.8,711.6,703.9,700.5,701.5,707.6
539.6,562.6,558.1,541.8,551.7,552.6,553.2,555.2
395.5,385.5,377.5,376.1,382.2,388.9,389.7,390.6
565.2,584,590.7,571,576.8,579.4,573.2,576.5
504.8,526,523.9,517.8,517.7,516.3,515.8,518.8
594.2,612.9,610.5,596.5,611.3,623.3,613.3,625.5
512.3,561.2,573.5,540.7,540,554.1,539.1,532.4
440.6,477.4,458.4,454.7,453.5,451.4,520.9,606.4
674.5,688.2,679.1,676.1,679.4,690.2,700.5,733.5
473.2,472.2,477.3,498.4,563.5,625.9,633.9,661.9
658.3,646.7,664.7,660.6,657.6,655.8,659.4,661.5
570.4,546.1,560.4,614.9,668.2,668.8,634.1,636.1
419.6,407,393.8,390.2,392.4,395,396.8,434.9
685.9,682.3,686.5,708.4,699.8,704.2,701.2,699.5
380.4,368.9,369.5,371,372.3,373.7,374.8,371.5
534.6,580.4,593.3,563.4,571.4,592.2,593.6,608.5
689.6,679.8,674.9,669.4,666.9,647.1,639.5,648.2
639.9,690.5,691.6,680,674.2,669.2,667.8,671.9
508.1,563.8,553.8,526.6,523.9,573.8,572.5,542.4
768.4,779.8,786.2,783.9,794.7,790.2,785.3,789.7
694.1,699.7,700.8,696.7,695,698.3,699.3,704.4
369.5,378,377.4,373,378,380.5,386.7,386.5
670.9,694.2,721,700.1,684.8,681.9,687.3,692
491.7,494.5,496.8,522.7,520,530.7,551.1,560.2
408.9,457.1,448,497.5,502.6,441.8,394.4,396.2
555.9,540.3,584.6,580.6,566.1,576.9,565.5,562.4
607.1,645.9,686.2,687.3,661.5,666,688.7,734.7
748.7,749.5,748.9,753.9,754.1,759.8,757.6,758.8
479.5,465.6,494.3,487.7,480.8,479.6,483.3,490
404.2,406.3,407.9,405.9,406,403.7,494.8,571.8
460.9,471,478.1,471.4,465.9,465.3,466.9,469
499.1,520.8,519.3,499.9,498,500.1,502.5,503.6
455.7,420,421.3,426,423.7,435.4,455.1,518.5
646.6,665.7,681.8,677.4,686.5,693.9,703.6,737.4
358.5,368.1,370.5,359.8,357.3,358.9,360.4,360.8
751.1,775.6,798.4,793.4,781.1,787.2,796.2,813.2
333.8,318.7,307.1,306.3,309,323.2,339.4,332
522.8,595.9,606.3,553.6,556.1,576.8,601.8,703.3
404.1,447.6,431.5,421.8,410.3,409.1,403,403.9
366.3,362.7,356.3,357.3,360.7,363.6,366.8,367.7
507.9,509.1,512.3,511.5,518.3,529.6,533.8,532.1
640.8,664.1,633.8,633.7,729.1,762,741.6,717
621.5,632.9,626.1,621.4,644.9,658.3,666.9,709.2
399.1,442.4,434,397.5,401.3,405.7,394.1,399.9
561.9,563.4,561,545.9,548.2,555.2,559.3,564.9
582.9,560,552.2,527.5,515.4,540.3,549.3,526.5
461.3,449.7,436.4,432.2,435.1,442.8,450.6,455.8
543.6,547.6,557.5,545.6,551.7,549.8,547.6,549.7
564.1,643.3,648.2,633.4,635,623.9,638,674.9
625.8,624.7,636,633,628.1,626.7,629.2,633.9
680.2,674.3,669.3,672.9,666.2,669.2,674.7,680.1
637,733.1,725.6,686.6,674.9,672.4,669.9,677.8
628.3,640.4,648.2,665.2,694.7,706.1,704.5,704.6
545.2,552.1,555.5,551.6,551.7,557.8,560.7,569.9
483.4,493.2,477.9,469.1,466.5,470.7,472.3,539.7
440.7,489,501.3,479.2,459.4,453.7,452.6,455.8
527.1,648.9,692.4,684.2,638.6,634.3,636,633.9
596.3,595.2,649.6,633.2,605.1,593.9,589,595.7
413.9,392.3,386.7,386.8,391.5,400.1,407.2,415.3
498,515.6,540.2,572.9,685.3,758.1,757.2,741
637.4,619.5,617.2,595,571,596.9,589.6,552.7
710.2,727.4,728.3,689.6,744.7,753,704.6,705.5
612.4,650.7,624.4,561,541.8,543.9,599.9,629.6
372.7,444.9,439,407.5,398.2,455.5,475,455.2
455,452.1,440.7,427,423,422,429,418.7
499.7,485.5,509.8,518.9,530.6,554.4,589,614
593.8,595.5,574.8,550.8,540.9,532.5,542.9,550.9
466.8,484.3,482.1,463,455.5,463.7,469.2,470.5
487.7,487.1,485.3,487.3,474.7,438.5,434.5,434.8
317.5,323.1,343.9,337.8,328.1,319.8,318.8,319.3
396.3,378.2,392.4,394.6,389.2,375.3,370.2,370.8
552.6,572.6,570.3,562.5,558.6,562.2,569.9,574.2
563.2,614,619.5,603.7,708.2,689.2,672.1,661.1
566.4,560.2,571.1,575.3,566.6,557.2,562.8,562.9
633.9,627.4,623.2,616.4,625.5,631.7,644.1,658.3
572,585.4,603.8,596.2,583.1,586.7,608.8,698.2
424.3,411.3,409.1,422,427.9,424.8,439.1,478.5
453,433.2,490.7,497.1,484.2,453.8,442.8,444.2
635.5,631.2,763.6,805.6,759,672.1,667.9,693.8
737.2,771.8,754.4,650.2,681,760.9,773,860.4
607.7,665.1,657.7,659.4,652.7,650,651.8,652.1
526.7,527,522.2,515.1,512.8,513.6,515.2,517.1
507.5,519,538.3,544.1,532.6,523.8,514.6,514.3
668.8,669.8,655.2,642.9,632.5,619.5,610.7,610.8
396.2,400.2,393.2,374.3,372.3,374.9,379.2,380.6
554.5,566.6,594.2,590.1,594,588.4,583.3,576.9
545.4,650,660.2,639.9,592.4,592.7,613.3,636.5
530.1,521.6,501.4,467.7,452.7,453.3,460.7,468.1
651.9,639.6,667.4,663,651.9,650.5,658.2,669.5
659.2,657.8,649.1,651.6,654.2,654.3,655.1,656.2
439.7,441.6,432.6,423,421.8,422,422.7,425.6
606.9,566.6,552.7,536.6,653.3,659.2,656.2,646.2
435.7,434.4,425.9,420.1,419.9,421.1,422.4,423.9
574.9,585.4,577.4,560.1,528.2,510.6,509.7,514
416.7,409.6,402.5,397.3,395.9,397,397.6,398.7
553.7,569.8,572.9,464.1,568.9,586.1,562.5,516.5
589.1,569.5,572.6,587.1,620,625.1,620.1,609.9
477,659.4,660.5,658.5,645.3,636.9,638.3,642.2
509.9,517.5,522.3,512.2,500.2,496,495.3,496.6
726.9,716.2,719.4,698.9,639.3,604,606.6,613.8
540.8,690.4,745.4,778.4,754.4,667.9,655.8,702.2
666.1,750.1,751.3,736,714.5,715.6,726.2,763.7
371,408.5,422.4,386.7,435.6,456.2,467.8,447
695.8,708.1,723.8,704.7,688.4,679,678.3,688.6
471.4,472.8,460.3,469.5,470.6,471.3,469.7,469.7
344.3,377,367.9,351.9,368.5,370.7,361,347.9
533.5,521.7,535.3,529.7,511.1,515.7,516.5,510.1
511.3,588.4,587.2,569.9,537.3,524.1,513.2,496.9
445.4,433.9,417.5,406.3,413,420.5,426.4,428.9
375.5,365.9,367.7,369.7,367.4,364.8,362.8,362.9
595.8,592.5,589.4,562.7,510.9,508.5,511,514.3
652.1,668.6,658.1,616.2,571.3,570.1,574.8,666.8
382.1,412.4,408.7,402.1,392.8,387,388.1,389.9
374.2,492.8,494.3,483.4,466.4,462.6,461.2,460.8
564.5,586.4,594.6,592.8,571.9,562.4,560.5,559.2
353.8,357,347.3,335.5,334.7,336.4,338.5,350.7
535,537.7,535.2,527.6,523.5,526.1,530.6,535.7
626.6,642.3,642.2,636.9,634.1,645.9,663.8,698.7
388.3,410.4,432.1,419,444,431.7,386.6,385.8
512.6,697.2,684.8,704.6,687.6,679.2,677.5,746.9
359.5,358.8,356,353.9,352.1,352.2,353.1,355.2
481.6,468.7,456,454.7,463.6,464.6,476.2,481.4
353.9,345.7,345.8,361.6,351.7,345.5,342.7,344.8
520.1,531.7,535.3,531.1,526,524.2,526.7,526.7
540.8,610.5,625,588.9,634.9,636,627.6,634.4
645.3,675.9,699.8,671.2,745.7,755.3,750.9,734.9
450.3,447.1,443.4,440.9,432,430.6,430.4,429.6
539.3,687.1,700.3,690.6,677.9,679.5,683.8,691.3
575.3,562.1,564.4,566.8,558.6,542,536.2,539.3
559.3,491.4,595.3,612.3,570.6,537.4,556.3,553.6
399.3,403.4,406.6,398.3,390,386,384.2,387.1
484.8,650.3,655.6,633.3,596.9,600.2,614.6,616.7
580.3,582.2,575.7,541.4,501.9,511.3,543.2,583.1
600.9,605.8,602,650.5,650.4,633.2,617.1,614
513.6,521.4,509,502.4,496.9,497.4,499.6,499.3
445,468.4,496.3,494.5,456.2,436.4,430.2,430
478.1,502,482.6,472.2,475.7,480.5,483.8,473.8
555.7,565.6,585.1,583,572.9,580.7,595.6,584.3
566.5,556.5,531.5,565.1,561.5,560.5,557.3,557.5
466.3,481.9,472.6,453.5,441.7,437.8,456.8,465.1
449.2,456.3,455,449,443.7,442.5,442.3,442.3
560,560.4,574.1,569.2,545.6,528.5,519.5,512.9
574.3,575,561.1,549.6,541,535.7,536.4,552.7
324.8,331.4,326.1,312.6,311.4,314.6,316.1,314.1
391.6,347.1,533.6,561.4,643.2,605.3,624.5,638.5
403.6,631.3,634.8,619.7,565.9,554.8,542.5,536.6
564.4,572.6,555.7,531.9,540.8,550.5,538.9,531.2
624.2,626.1,626.1,631.9,636.2,654.3,664.3,662.6
467.3,432.8,532.5,638.5,617.9,582.2,579.1,599.4
468.2,480.4,476.7,466.6,457,456.8,458.8,455.2
632.2,628.7,645.5,630.3,637.9,622.6,651.6,684.3
308.7,310,311.4,311.7,449.4,472.9,476.3,506
409,419.8,437.1,452.4,449.6,567.1,474.3,673.2
301.4,317.9,334.3,318.2,319.8,313.4,270.1,986.9
389.8,391.1,395.9,403.1,437.2,553.8,626.5,671
484.6,491,512.9,544.4,517.2,558.7,749.3,1104.8
317.7,313,315.3,313.7,291.3,544.9,920.9,1028.3
297.8,296.1,297.4,298.7,299.6,277.5,855.7,1077.5
279.4,279.6,279.4,281.3,280.1,280,268.2,514.9
479.4,479.3,470.6,472.4,484.6,502,516.6,552.6
480.3,496.5,430.1,436.1,469.9,629.9,780.7,797.1
512.7,466.6,451.5,453.1,453.1,600.7,759.8,1027.5
533.3,519.6,516.4,536.9,579.3,638.3,840.4,978.6
514.1,538.7,578.7,563,553.9,582,765.7,880
385.8,406.4,389.5,392.8,826.2,1062.4,1054.3,1048.3
297.9,328.4,301.4,299.2,302.1,296.1,369.2,371.5
673.4,669.8,649.9,635.8,657.5,668,683.1,737.5
686.6,714.9,556.4,538.7,645.7,701.3,733.3,910.3
581.6,589.1,583.6,580.8,596.7,623.8,678.5,765.9
494.3,489.1,486.3,489.3,500.8,503.4,510.2,862.2
561.4,534.8,506.7,509.1,546.2,581.5,563.1,575.5
485.8,479,466.2,474.3,470.4,463.3,471.6,485.7
307.3,305.5,305,305.8,307.7,307.6,406.6,365.9
604.1,603.1,613.8,601.3,610.7,634.1,687.8,754.4
553.4,503.1,529.8,478.9,486.4,534.9,554.2,493.2
532.8,482.4,514.4,479.6,557.3,586.7,547.3,985.6
358.4,357,355.5,356.8,359.2,360.5,362.3,349.6
587.1,596.1,599.2,607.1,618,631.8,655.3,707.7
532.2,498.6,504.1,568.9,674.5,632.1,688.6,726
452.6,456.1,467.9,500.7,595.1,608.1,653.5,656.6
662,677.5,675.8,670.7,683.6,695.1,706,744.6
366.6,361.4,358.5,359.4,364.6,371.8,374.3,372.7
534.7,508.6,456,638,944.8,757.3,779.4,1005.1
476.7,492.5,513.9,537.4,505.5,497.1,596.2,646.5
287.6,286,286.9,285.9,379.1,401.1,483.8,549.5
450.3,442.8,442,443.4,445.4,452,458.8,463.4
604.3,615.3,575.1,568.4,580.5,797.6,774.8,814.8
308.9,307.4,306.9,309.2,311.2,310.4,308.6,301
495.9,552.6,802.2,687.9,779.5,1176.9,1353,1292.6
571,609.6,612.2,614.3,603.8,632,797.6,981.2
539.7,518,496.5,472.9,470.5,475,476.1,636.2
308.3,277.2,356.2,358.4,330.9,512,513.6,577.6
459.3,661.4,657.4,719.3,1005.2,1017.2,962.9,1140.7
755.7,730.9,761,744.2,737.2,747.6,765.2,793.8
738.3,724.1,668.1,649.6,665.5,767,810.4,817.4
448,452.7,446.1,450.2,484.5,479.7,451.9,835.6
607.6,627.8,603.1,574.5,599.4,678.4,678.7,653.3
315.2,314.9,315.6,418.9,453,461.2,466.8,803.9
344.4,335.8,335,339.1,402.8,359.8,385.6,442.2
453.4,632.4,498.3,636.2,494.7,744.9,953.4,1466.6
449.4,430.7,431.6,543.4,683.8,778.1,777,753.1
703.8,694.4,669.6,668.7,697.7,734.6,785.7,815.6
400,397.6,400.8,402.5,434.5,471.5,436.2,464.9
413.9,402.6,398,401.9,405.4,406.1,407.1,462.4
653.8,634.4,670.6,681.6,685.6,808.6,1002,1150.3
363.2,362.3,362.4,364,440.9,409.6,446.9,525.7
620.4,643.9,640.3,645.5,675.6,708.4,749.2,823.6
313.9,312.7,313.3,313.8,316.4,318.5,321.7,321.4
693.2,725.1,691.8,685.1,714.7,757.5,821.4,919.1
645.1,611.1,641.4,636.2,605.9,611,665.5,693
746.4,746.1,742.4,784.6,825,830,869.3,923.6
276.1,277.6,273.4,274.8,275.6,271.6,258.2,350.7
566.1,552.2,533.1,535.6,574,602.7,870.1,916.1
273.8,277.2,278.2,275.1,276.1,277.8,277.7,277.9
493.5,483.4,501.7,508.3,533.8,591.4,846.6,966.7
545.3,618.9,475.1,687.2,606,566.8,847.3,929.7
367.4,364.8,361.8,361.7,362.1,365.9,366.6,357.4
722.9,692.8,651.6,675.6,697.6,686.3,742.9,868.6
485.9,469.6,471.4,471.8,474.4,473.2,462.3,887.2
341.8,343.5,346,346.7,349.3,350.5,343.9,335.9
542,532.5,540,530.2,533.8,548.1,565.4,578.4
571.6,587,569.4,562.6,572,583.8,597.7,612.7
610.6,549,525.3,534.4,575.2,730.8,901.7,897.1
583.3,593.9,597.4,595.2,594.2,598.9,609,621.2
513.1,518.2,464.1,474.6,477.1,478.3,475.9,617
349.2,346.7,347.1,348.8,345.9,347.5,522.9,577.9
724.7,692,666.7,761.9,795,745.6,792.2,928.8
595.1,553.4,565.7,569.3,599,685.8,750.2,743.7
449.4,462.6,463.7,454.2,458.9,460.7,466.2,467.2
332.5,323.1,314.7,315.4,316.7,318,320.4,334.9
427.4,420.9,419.5,416.9,419.8,421.9,425.1,424.4
720,674.9,459.4,788.5,840.8,689.7,707.1,984
291.3,290.7,291,294.7,291.1,283.9,292.9,293.6
590,575.9,562.8,558.7,584.9,622,656,691.3
673.6,648.1,646.3,649.4,654.7,670.1,746,791.5
369.9,393.7,394.3,481.7,525.3,787.5,1384,1580.7
247.3,246.4,241.6,242.2,243.4,245,245.8,244.7
822.1,834.7,771.3,671.2,707.5,773.4,892.6,936.1
361.7,391.8,343.8,330.2,331.5,327.9,376.5,553.7
358.3,396.1,429.7,403.3,386.9,404.7,439.9,404.9
472.6,607.1,608.8,486.8,453.4,455.7,579.3,781
667,847.7,944.7,953.6,928.7,830.4,738.4,770.6
360.1,378.4,386,368.8,360.8,359.9,360.2,362.8
290.9,305.7,305.3,304.6,300.1,296.3,451.8,499.5
364.2,478,456.4,404.8,404.3,411.1,465.1,444.5
700.4,743.3,754.8,529.2,518.5,592.6,534.8,793.1
752.9,784,710.3,414.7,670.5,947.6,1023.5,1120.9
501.3,580.6,582.3,645.8,1041.4,1021.2,979.7,885.5
351.3,555.4,564.5,427.8,383.4,384,398.2,475.3
387.4,466.7,481.6,395.6,383.8,386.2,386,384.9
446.6,745.7,802.3,692.3,677.8,487.4,517.8,755.2
191.9,180.9,351.3,585.9,536,1053.9,1275.1,1253
570.7,664.8,636.1,598.1,576.8,530.1,977.4,999.6
396.1,443.1,455.5,424.1,399.5,406.3,420,418.5
548.5,581.1,721.7,700.5,661.7,632.9,646.2,714.1
373,411.2,451.9,387.2,386.6,396.5,382.1,384.1
407,423.3,435,436.1,417.2,417.8,423,423
347.4,342.6,336.1,322.4,317.9,318.2,318.4,318.5
544.8,821.7,856.3,837.3,794.3,811.8,878.7,1016.4
281.2,289.5,322.5,296,292.5,292.3,289.9,287.4
398.1,467.9,475.2,409.3,377.3,375,472.5,429.5
367.6,384.7,379.4,362.1,324.5,324.1,325,352.6
364.8,381.5,377.5,360,357.4,359.2,361.3,362.2
263.1,391.7,414.6,458.9,385.7,459.8,502.1,285.6
493.4,533.8,463,391,393.7,393.6,431,600.4
300.3,326,380.3,307.6,308,305.6,301.5,437.3
358.1,338.1,338.2,344.3,346,346.2,335.8,517.9
399.8,408.6,405.4,392.9,600.5,661,743.6,1111.7
195.5,192.1,182.1,179.4,178.6,177.3,170.5,449.8
778.5,1039.6,1044.8,903.3,906.2,889,1061.3,1062.3
376.6,372.2,369.4,370.9,373.9,375.7,375.4,398.4
429.6,362.5,360.1,365.5,365.5,366.5,368.8,363.4
336.9,312.4,277.3,282.3,317.8,396.3,397.1,832.7
383.3,378.9,369.8,360.2,357.6,358,359.9,358.5
345,428.8,405.3,496.3,445.6,528.3,588.2,779.4
420.8,497.6,562.6,540,443,458.1,463,439.7
537.6,537.5,551.4,559.5,529.6,506.8,511.5,514.6
324.7,323.2,317.6,316.1,317.1,315.1,309.9,302.8
512.1,621.8,863.1,947.3,823.1,593.5,925.9,936.2
556.2,541.8,746.4,783.3,672.7,557.8,491.5,592.5
329,323.2,320.6,313.1,311.8,313.1,315.1,315
350.8,356.7,345.8,353.2,341.4,336.9,337,389.9
595.5,649.5,743.6,743.7,612.2,644.1,729.1,664.7
387.5,372.1,359.9,361.6,363.1,364.9,382.3,349.2
445.4,460.1,452.9,444.5,439.2,442.3,446.8,448.2
396.2,466.2,464.2,417.8,391.7,389.9,386,386.2
498.8,516.9,539.4,525.2,528.2,543.4,542.8,531.4
491.3,490.1,511.5,534.3,539.9,547.7,548.4,564.6
429.6,420.1,430.3,451.8,457.2,486.4,526.4,640.4
775.2,781.1,793.5,790.7,790.4,823.4,881.7,888.9
345.9,354.8,367.7,370.9,370.2,366.7,370.3,373.6
390.7,404.9,398.1,382.4,381.6,384.5,385.3,383.3
422.8,451.3,448.2,431.1,427.1,431.2,433.9,436.4
652.6,718.3,734.4,685.2,699.8,729,731.3,753.7
599.2,529.9,804.3,809.6,704.1,566.7,575.7,869.4
694.8,651.3,617.8,624.5,634.1,612,802.6,875.5
343.3,341.7,341.9,341.9,341.8,342.1,343.7,344.6
927.3,968.4,1052.4,1043.1,1067.6,1107.2,842.3,1113.8
313.5,314,315.6,312,309.2,308.8,310.5,308.7
492.6,472.1,540.8,572,529,521.9,541.8,705.7
432.7,438.4,425.5,373.2,364.3,364.7,365.1,367.2
390.2,392.3,396.9,390.3,371.7,367.8,368.5,368.4
536.3,556.3,552.2,535,531.6,533.2,539.5,547.6
487.8,519.5,571.8,560.2,648.6,605.5,598,673.6
614.2,615.5,578.4,553.8,547.7,552.3,565.4,851.1
377,370.7,358.5,343.7,311.7,295.3,293.6,294.1
500.1,543.9,651.7,680.8,789.3,712,860.9,1155.7
635.2,631.7,671.4,753.4,730.2,733.9,836.9,855.4
497.9,483.5,515.7,486.7,461.5,464.6,465.3,466.5
433.2,444.1,464.5,455.4,443.7,437.8,437.7,437.6
379.3,383.1,367.3,349.8,345.4,342.8,343.3,346.5
487.3,517.2,520.6,487.9,476.2,467.3,482.9,484.5
514.8,539.6,566.8,549.4,500.5,496.4,507.3,505.6
424,441.8,605.6,721.6,482.6,632.7,710.9,823.7
572.8,641.9,920.8,928.6,905,830.1,841.7,903.2
675.3,754,794.6,778.9,724.6,654.7,689.8,856.5
370.6,361.7,358.7,359,356.1,414.9,480.2,530.6
588.1,683.3,709.1,684.5,627.4,632.3,742.1,995.5
509,586.4,658.5,626.2,556.6,592.5,800.4,969.1
471.5,464.4,470,468.8,457.2,459.7,471.8,479.4
400.3,373.6,363.4,375.3,401.6,396.6,391.7,400.7
488.3,471.9,418.3,405.7,385.9,380.7,378.7,370.7
437,416.5,386.3,376.7,381.5,378.7,373.5,371.4
556.3,496.3,383.2,429.2,550.2,571.9,483.6,491.4
506.5,504.9,497.9,478.7,478.2,482.8,486,486.6
601.9,636.2,667.2,655.6,653.9,660.9,664.4,674.5
656.3,655,729.2,734.7,818.1,792.6,781.1,782.1
419.5,409.4,410.2,322.1,393.4,476.8,405.4,486.4
365.5,432.8,593.5,669.9,799,662.2,800.1,878.5
596.7,581,555.1,568.3,640.4,702.4,618.7,613.2
476,470.3,465.8,457.6,456.4,460.1,465.4,448.7
616.1,610.2,599.7,627.2,678.7,683,794.2,839.6
525.9,593.4,620.5,562.1,553.4,580.8,611.3,580.7
509,518.4,503,496.1,498.6,512,547.1,568.4
483.7,509.3,557.6,544.9,514.9,531.3,558.4,548.5
432.9,405.1,398.2,414.2,416.7,414.9,407,404.9
393.2,392.9,389,382.8,391.5,389,390.2,367.2
339.4,342.8,343.1,339.8,339.5,338.3,338.2,338.2
524.1,545.6,545.8,537,539.9,549.6,550.1,553.9
551.1,567.9,538.1,537.7,543.9,549.1,570.6,641
619.3,631.4,636.9,628.3,634,660.1,700.6,717.5
643.9,658.5,643.1,645.2,664.8,682.4,689.6,707.5
472.9,481.4,474.3,473.9,479.4,498.8,620.2,744
505,535.7,553.1,538.4,538.9,629,759.6,864.4
507.6,516.5,554.6,585.2,574.6,548.2,560.1,562
758.1,753.2,796.5,834.6,819.8,794.5,784.9,794.3
663.5,752.3,746,698.3,714.3,763.5,780.1,760.8
593.3,616.4,615.9,609.6,613.6,630.9,647.4,660.7
467.9,475.1,484.4,493.8,486.7,489.1,493.2,506.6
588.5,590.9,632.5,652,622.2,626.1,634.9,627.7
457.9,460.9,462.5,465.5,466.7,464,463.3,464.7
359.9,365.8,364.5,362.1,358.5,363.2,366.7,366.8
486.8,515.4,519.7,516.5,510.2,507.4,514.9,523.2
547.8,572.5,571.9,559.7,559.9,571.7,598.4,621.2
482.8,479,468.2,470.7,482.9,486.8,484.8,477.5
634.1,684.4,720.6,698.1,678.1,686.9,709.4,725.6
595,595.1,582.7,600.7,632.3,590.4,742,824
476.3,472.1,470.7,476.7,492,519.5,558.2,562.9
636.1,667.8,658.9,639.5,646.4,691,822.9,892.7
387.2,383.2,377,376.6,374.6,376.6,379.3,366.7
546.9,567.1,593.1,581,563.5,567.6,566.2,550.7
628,610.9,620.1,658.5,687,745.2,849.8,823.8
385.2,382.6,382.1,383.1,385.7,374.7,636.6,659.8
446.8,446.5,432.3,423.5,424,428.5,433,436.2
554.4,570.1,564.9,561.8,559,566.3,590,601
411.3,413.1,414.8,415.9,421.2,426.8,427.3,406.8
479.8,537.2,629.2,612.2,619.9,609.2,569,524.3
619.8,647.5,656.2,614.7,623,639.4,649.7,658.2
560.3,576.8,584.8,565.9,579.2,582,583,593.3
354.8,371.1,370.7,364.4,364.3,364.6,353.5,390.6
475.1,546.4,551.1,505.7,463.2,459.9,468.5,466.4
776.1,799.9,829,824.8,815.5,811,826.4,866.4
740.9,766.6,797.1,807.2,790.9,781.6,802.2,852
379.7,382.3,374.7,368.2,363.1,452.4,626.5,534.3
564,580.2,586.6,578.5,576.3,583.8,592.8,596.7
542.2,520.1,541.6,551.4,566.7,588.4,659.2,685.9
511.7,515.7,513.9,509.2,512.5,515.9,527.1,530.5
522.1,537.6,541.4,530.8,533.1,537.9,544.2,550.5
602.4,593.9,542.3,539.5,548,569.6,577.5,564.2
669.1,741.8,767.5,743.4,725.9,718.2,756.1,769.4
432.9,440.6,440.1,437.6,441.1,445.4,447.9,450.8
440.8,438.7,437,437.8,440,443,446.9,445.2
450.8,456.3,463.3,457,455.3,457,461.9,465.5
415.6,407.1,394,391.5,392,397.7,396.9,577.6
579.4,597.1,593.9,599.6,598.3,601.8,611.2,631.1
662.6,679.1,709.5,686.1,674.2,683.5,707.2,738.1
391.2,387,377.4,376.7,381.8,386.4,386.1,385.6
484.7,486.3,487.5,488.4,487.3,489.6,491.7,496.3
634.2,735.6,756.3,743.4,718.3,719.8,739.7,831.4
320.3,323.5,325.2,325.7,325.7,311.3,511.7,451.8
420.5,421.4,430.4,428.6,426.2,427.1,431.5,435.6
363.2,366.5,366.5,370.8,369.6,368.2,369.4,370.7
463.5,469.8,473.9,469.8,471,473.9,475,479.6
652.1,728.3,756.2,728.3,672.7,756.3,765.6,707.2
646.1,676.8,662.8,659.8,664.7,682.4,714.9,789.5
499.4,509.6,515.6,513.2,508.4,523,529.8,530.4
433.6,442.4,452.2,448.2,443.3,443.6,446.5,452.1
401.7,409.6,405.8,399.9,402.7,408.5,413.9,417.8
550.1,561.7,565.8,563.3,559.4,566.9,592.2,636.8
485.4,489.9,487,488.8,489.5,490.7,496.1,500.6
555.9,570.6,567.9,567.1,574.6,576.1,586.6,619.9
628.9,662.6,686.9,682,675.1,674.4,682.1,709
486.6,487.9,498.6,498.9,491.7,493.2,473.7,465.9
449.2,436.1,449.4,447.1,442.3,442.3,444,448
636.4,651.7,628.9,614.4,623.7,675.4,793,837
466.2,469.8,473.6,476.2,479.5,482,487.1,487.1
464.2,467.3,451.5,450.6,453.9,453.8,455.5,461.9
455.4,456.2,457.6,454.9,456.4,459.7,469.5,467.4
639.2,666.1,666.6,669.7,661.4,653.1,686.2,672.6
415.8,411.1,406.6,407.2,413.4,423,423.7,423.7
599.2,603.9,609.5,623,619.5,673.3,831.2,823
589.2,612.6,612.6,608.1,600.7,597.7,694.1,767.6
505.7,518.1,520.7,516.6,515,517.3,525.8,533.9
709.4,758.1,741,711.1,770.9,759.7,745.6,794.3
583.4,573.6,554.5,583.2,593.5,569.1,574.9,606.2
360.9,350.1,346.6,340.3,339.1,340,340.8,339.4
628,548.7,672.7,803.5,813.3,696.5,647.2,781.3
377.8,378.1,348.8,331.5,328.5,326.2,329,419.6
459.4,474.9,466.4,449.3,447.7,457.3,471.8,469.7
450.9,458.8,477.9,476,457.7,431.6,448.9,433.5
504.5,517.9,500.7,474.7,471.3,480.8,505.9,494.4
498.9,491.6,488.5,477.8,463.1,460.6,463.9,466.7
367.8,414.9,425.1,424.1,421.5,432.5,433.3,430.4
363.1,325.1,358,370,348.4,334.9,331.1,334.2
456.1,470.6,488.5,485.1,475,470.8,470.5,473.6
479,497.4,509.8,505,496.2,490.8,496.8,500
556.4,552.9,543,509.2,475.4,478.4,475.4,498.7
574.9,581.8,609.7,611.1,607.6,603.5,602,608.9
539.7,552.8,545.5,545.6,547,545.6,546,550.1
499,520.5,532.3,517.5,494.9,494.6,486.2,536.1
447.4,480.9,520.6,524.4,524.5,525.4,521.4,508.5
763.4,793.7,766.2,823.4,787.9,759.8,775.2,784.1
517.7,521.1,566.4,556.2,527.5,520.8,531.9,569.5
611.5,610.7,613,638.7,626.7,612.9,614.8,627.8
609.3,607.3,595.6,612.1,626.5,598.4,563.5,564.7
480.4,501.8,501.2,490,488.1,490.6,483.3,473.2
442.8,457.4,449.4,444.2,444.2,445,443.4,442.7
612.4,626.5,645.2,634.6,633.3,635.8,626.6,627.8
528.5,546.9,529.8,538.5,537.5,530.7,533.5,535
582.1,580.2,586.1,588.4,565,561.3,583.8,623.2
429,541.1,482.1,376.8,420.1,496.1,551.9,600.6
635.8,573.5,615.5,653.5,618.9,604.7,621.4,659.6
600.1,621.5,615.8,599.1,600.3,609,614.7,621.6
461.9,463.7,460.9,462.5,468.4,479,466.6,564.3
564.1,598.8,583.3,580.6,572.3,583.9,592.6,605.6
467.5,475.7,453.4,442.9,452.6,447.9,459.7,477.7
375.1,410.7,397,388.6,394.5,388.2,515.8,551.3
378.4,381,371.5,353.9,347.6,346.6,345.9,373.4
672,687.7,660,667.3,668,673.3,674.5,670.2
678.9,711.9,714.8,698.9,718.7,701.6,704.2,722.2
533,559.3,542.4,518.6,526.6,533.1,535.3,540.2
499.5,532.3,544.7,526.1,496.6,492.7,493.1,490.2
370.1,417.7,532.5,494.6,483.1,490.4,406.1,328.2
738.7,741.4,790.3,862.9,824.3,792,809.1,833.1
673.1,659.2,662.1,710.2,688.6,674.2,677.1,684.7
323.6,344.8,309.5,293.4,299.6,299.3,295.2,293.2
669.5,682.4,680.9,692,698.5,690.8,690.3,688.8
423.8,428.9,407.7,421.6,492.1,569.3,569.6,603.1
437.9,466.7,494.8,496.6,480.8,476.7,474.7,469
433.1,452.7,454.4,450.3,447.7,447.7,448.7,451.3
623.6,603.6,659.3,676.7,656.2,631.2,632.4,650.3
411.5,457,461,442.6,422.4,422.4,424.8,424.8
418.2,426.7,423.7,414.1,409.6,410.4,412.3,413.7
419.5,458.4,459.4,448.3,437.9,438.5,438.7,441
519.8,488.5,511.6,516,502.2,501.1,503.9,507.6
631.1,651.9,648,653.6,643.3,640.7,645.7,657.1
325.8,337.7,335.9,331.3,328.7,330,331.2,332.1
750.9,767.1,764.4,781.5,776.8,796.2,824.3,858.8
345.3,350.4,357.2,344.8,399.4,401.1,406,402.4
510.1,531.6,507.2,480.7,463.7,464.4,464,592.5
371.7,395.9,394.9,432.9,445.4,442.6,420,402.7
400.4,401.5,399,405.2,400.9,396.5,394.8,396.1
512.5,538,522.6,514.5,500.4,501,503.2,505.1
507,527.5,532.9,524.3,518.3,525.1,534.6,540.2
624.9,563.8,633,595,572.6,585.5,665.2,701.2
392,401.3,399.1,392.8,391.7,392.1,391.4,392.1
561.1,593,609.1,594.8,622,619.3,611.5,608.7
501.2,507.3,504.8,517,516.7,505.4,502.9,507.1
389.2,404.2,392.8,415.6,422.9,416.2,442.2,451.5
511.9,510.8,508.6,518.7,512.9,501.3,498.2,500.3
517.2,528.1,527.2,513.3,535.5,524,516,517
494.2,508.4,506.9,504.3,493.8,491.2,488.3,490.2
658.8,665.1,663,668.2,683.5,678.1,665.7,664.2
481.1,496.7,499.5,492.7,491.1,493,489.7,488.2
570.5,564.7,572.5,565,554.5,558.3,565.8,598.8
498.1,497.3,493.7,502.8,504.3,495.3,494.8,497.1
381.7,404.8,424.1,419.6,403.3,396.2,394.1,393.6
386.8,407.3,385.5,392.5,387.1,382.2,378.7,378
450.1,462.9,472.7,496.1,501.4,474.3,468.3,472.1
500.4,505.1,478,484.6,443.1,436.4,433.4,435.2
414.6,425.9,440.1,426.6,417.9,420.6,423.1,423.8
472.4,485.4,470.2,465.3,465.3,466.8,472.2,481.8
456.9,633.2,658,630.9,583,550.7,438.8,417.4
566.5,591.3,589.7,580.2,584.4,585.8,588.1,593.7
634.1,681.2,679.8,668.8,671.6,682.8,701.8,689.3
412.5,437,420,526.4,533.6,497.6,449,454.6
325,330.8,349.2,382.6,421.9,414.3,404.9,388.9
617.6,580.7,610.6,628.6,586,579.7,576.6,602.9
350.4,366.3,358.8,353.4,355.3,356,355.2,353.4
510,482.7,487.8,517.4,550.1,570.7,562.6,546.5
449.5,454.5,461.8,462.1,456.5,454.2,456.1,458.7
507.2,494.8,491.5,495.7,499.7,506.6,513.6,545.1
512.4,512.6,516.8,517.2,508.5,504.6,508.5,504.7
384.8,337.6,335.2,335.8,335.5,336.5,335.1,335.9
384.6,382.4,377.5,375.7,376,378.1,381.3,380.7
368.1,381.8,380.3,372.4,371.8,373.8,375.6,377.7
528,552.1,558.7,559.9,566.6,572.7,573.9,587.5
636.5,641.4,648.6,649.4,655.7,651.8,664.2,662.4
704,700.5,682.6,665.3,672,685.6,697.8,750.3
629.7,635.3,639,642.1,644.3,652.7,681.4,767
626.7,633.3,615.7,604.1,607.7,631.1,622.7,644.5
578.1,620.5,633.4,610,555.5,538.6,529.4,525.2
427.2,447.4,454.7,454.1,435.8,430.6,432.2,434.2
634.2,670.8,761.3,783.3,750.9,758.2,757.9,790.6
657.9,665.1,677.2,657.2,649.7,660.5,689.9,734.5
723,730.6,734.2,739.1,729.9,727.9,740.3,778.3
531.3,589.1,594.4,592.3,561.5,564.7,570.6,573.3
386.2,388.8,375,359.8,350.5,342.1,339.8,341.1
569,566,531.9,508.6,513.2,517.3,521.8,510
585.4,565.4,552.3,579.8,585.5,569.8,627.5,761.5
564.3,575.7,578.9,570.9,548.1,548.6,555.7,565.1
525.9,528.4,527.4,526.5,522.3,523,526.4,533.1
394,390,392.1,396.2,401.1,400.4,399,390.7
584.8,583.5,580.4,576.7,576.6,578.6,585.7,591.4
527.8,531.1,529.3,521.2,522.7,521.7,526.8,526.8
578.8,591.8,588.3,577.8,555.3,569.7,587.1,599.9
322.8,409.3,410.4,341.7,306.4,306.9,305,303.2
432.5,434.3,425.3,414.5,411.8,412.5,548,665
670.3,715,717,711.7,706.6,712,733.1,765.9
606.7,608.5,603.6,573.4,568.6,585,592.7,599.9
471.7,468.5,472.8,478.3,480.9,489.9,499.2,501.6
604.4,598.5,595.3,590.8,595.3,597.8,608.9,616.1
351.8,383.4,354.9,336.5,333.9,332.6,323.5,432.4
546.6,546.8,539.4,529.6,519.1,518.6,518.8,514.2
549.8,544.4,520.9,534.7,544.2,543.9,539,525.8
367.7,366.5,354.7,345,346,346.6,346.4,347.4
656.1,741.4,755.8,706,652.5,683.2,801.7,865.4
463.5,458.2,449.4,447.1,451.3,454.8,454,452.3
473.8,505.2,493.5,462.9,453.6,450.6,575.7,741.4
510.8,594.2,621.1,575.3,549.4,526.8,519.8,511.1
566.2,576,577.9,572.9,563.7,561.1,564.6,570.3
422.7,426.3,418.6,411.4,409.7,411.6,414.3,416.7
682.6,708.7,698.3,674.9,810.2,822.4,827.6,871.5
787.9,804.8,798.6,697.9,742,814.5,881.4,973.7
791.8,845.2,840,823,821.3,825.4,842.1,863
370,406.5,363.3,333.4,335.7,338.7,338.4,337.9
764.1,762.9,769,747.7,762.8,797,816.3,823.1
452.9,450.3,448.1,450.4,447.2,442.5,477.6,503.8
422.6,421.4,397.3,372.1,366,366.3,366.8,368.9
520.5,525.1,506.6,487.3,483.9,482.6,479.8,483.6
660.7,660.5,652.8,630.6,629.9,641.5,651,650.8
518.1,508.6,518.9,511.1,504.4,510.3,519.9,533.5
496.1,477,443.9,429.3,424.1,424.1,423.2,425.1
715,769.8,803.6,777.5,693.9,687.3,690.2,914.8
605.4,675.3,678.5,652.1,587.6,575.7,576.6,582.4
377.5,425.4,424.9,411.7,400,395.8,394.6,396
381.7,371.6,349.5,332.7,332.2,335,337.5,340.5
615.4,642.5,643.3,697.2,723.7,734.5,763.6,817.1
383.1,393.2,400.2,392.5,380.5,378.2,379.5,383.3
656.6,665.1,666.2,661.7,657.4,660.1,667.3,682.3
406.7,389.3,371.2,368.5,370.7,372.5,374.1,382.1
632.8,654.2,649.8,640.1,636.2,636.7,636.2,640.4
672,692,681.4,674.9,685.4,700,732.9,748.3
351,355.4,348.3,344,341.6,342.4,343.7,348.6
781.4,855.1,741.2,746.4,825.7,877.1,741.1,770
907.9,928,934.9,907.5,883,885.4,979.4,1027.3
314,316.4,307.4,300.5,299.2,299.4,300.4,300.5
506,534.1,515,494.1,487.4,493.4,492.3,546.6
410.1,421.2,415.6,398.7,379.4,375.8,372.1,457.1
393.7,435.2,435.1,433.5,429.8,428,423.4,424.3
548.6,562.1,556.8,551.8,551.3,551.2,555.3,554.7
636.9,659.2,663.9,619.9,616.1,620.7,619,613.8
374.5,399.9,395.8,372.1,358.6,355.6,353,355.3
567.7,571.2,585.5,577.7,577.3,580.1,584.6,587.2
403,431.9,431.9,404.9,398.2,400.1,402.8,404.5
357,353.5,347.5,343.5,341.2,338.5,340.6,344.4
687.4,684.4,697.1,687,686.6,691.3,698.1,726.3
467.3,482.5,475.7,465.8,467.6,469.8,471.3,474.4
478.8,524.3,509.3,488,483,482.5,481.5,482.8
663.4,674.7,684.2,676.5,657.2,650.2,654.5,662.5
544.3,510.9,498,538.3,572.3,506.7,490.7,488
413.1,418.2,417.9,408.7,400.8,399.4,400.7,403.3
468.5,596,640,763.5,784.7,811.9,845.2,921.7
626.2,628.4,624.7,619.4,617.9,646.9,695.1,716.8
533.1,576,573,569.2,564,565.6,567.3,568.9
406.2,403.6,393.9,387.5,385.9,384.9,384.4,386.8
492.4,491.8,486.6,477.2,477.5,475.9,479.4,479.2
485.3,505,489,465,456.4,455.2,448.4,450.1
416.4,422.6,408.7,400,398.3,401.5,402.4,404.9
409.4,411,413,415.4,417.6,413,414.5,420.7
509.6,522.2,497.9,461.1,462.3,476.5,471.4,495.4
466.3,480.1,479,435.6,412.8,411.6,407,415.1
490.5,504.4,499.9,490.7,488.2,488.5,488.6,490.5
623.7,630.9,608.2,601.7,653.5,679.7,696.9,702.9
433,461.4,448.9,450.4,421.6,399.3,399.2,392.6
256.2,252.3,245.5,256.5,258.7,245.6,239.5,301.5
529.8,735.3,737.8,735.8,735.2,735.3,720.4,690.4
422.9,424.2,422.2,410.6,406.9,406.7,410.5,414.2
498.4,489.4,496,550.9,789.2,789.9,772.4,764.9
426.5,422.6,418.2,427.2,434.5,432.6,434.7,417.7
396.8,390.8,385.9,391.8,396.7,399.4,400.1,401.6
568.5,517.9,525.8,527.2,545.2,549.1,545.7,491.9
361.1,340,325.4,323.2,320.2,321.5,320.9,287.2
287.7,287.4,286.7,288.4,288.5,286.5,268,1079
286.9,289.6,289.2,287.4,406.5,416.3,687.6,1181.8
513.9,532.2,526,527,534.4,552.7,560.6,965.2
634.7,668,591.7,582.2,599.2,655,748,937.2
584.6,588.3,583.2,582.6,590.7,601.9,609.8,625
542.4,539.4,534,540.8,560.3,587.9,593.5,599.2
468.1,469.5,483.1,486.4,513.6,542.4,728,949.3
354.4,362.8,367.2,373.6,364.2,363.7,362,365.5
823.8,809.9,887.5,882.2,811.3,805.5,825.9,871.7
705.7,749.8,675.5,651.8,668.3,670.3,764.7,803.8
691.1,704.1,709.1,708.8,730.6,774.2,823,829.5
464.7,471.1,454.6,456,474.8,687.7,549.8,551.3
664.2,652.9,684.4,722,802.4,839.5,906.8,1237.2
569.9,538.5,538,521.9,524.1,524.5,522.8,522
459.7,437.6,428.3,429.6,451.2,521.9,460.4,461.4
324.2,316.9,316,319.1,322.6,325.3,325,325.2
548.8,555.2,548.8,532.9,535.4,543.1,549.1,554.6
631.1,663.2,662.2,607.5,628.3,612.5,858.8,1045.6
322,318.5,316.5,315.8,317.8,299,660.6,1048.9
399.2,399,369.8,364.5,366.6,366.7,358,501.6
516.7,551.6,568.6,608.9,659,687.3,696.9,721.3
730.9,730.2,769.1,734.4,747.9,817.5,893.1,1040.7
620.2,654.1,669.7,658.9,665,687.5,717.3,747.2
406.8,413,408.3,409.4,444.5,579.1,590.5,597.2
408.9,410.6,411.9,420.5,440.5,699.3,750.3,663.9
600.5,650,664.7,646.9,676.2,746,870.9,836.3
322.8,324.9,324.8,326.1,326,326.1,306.4,452.9
432.9,434.1,444.4,524.5,773.7,789.8,626.1,613.3
348,345.6,347.7,357.5,413.3,403,490,530.2
381,381.9,386.2,386.3,389.3,387.1,333.2,1044.9
633.9,656.7,641.8,639.6,654.8,671.1,692.2,719.5
362.5,362,364.2,338.5,479.8,957.5,1027.2,1273.5
426.3,429.4,427.4,429.6,433.3,447.6,664,758.8
530,540.4,555.6,551.4,601.2,618.2,586.1,613.5
584.5,589.8,587.8,586.1,589.6,594.5,603,610.1
469.2,471.9,433.4,475.6,476.7,500.2,560.6,628.4
546.8,534.6,535.2,534.7,533.6,545.1,556.5,565.5
811.7,854.5,885.6,844.1,847.5,881.3,946.6,1049.6
724.3,764.8,795.5,767.5,765.9,775.5,814.7,890.6
340.3,344.6,343.5,342.3,344.6,345.9,346.2,344.6
763.4,801.7,831.1,808.7,784.8,795.8,816.1,841
470.5,460.6,457.2,461.9,474.9,476.5,484.7,523.4
341.8,323,320.1,323.6,300.7,303.1,319,284.1
451.4,459.8,430.7,437.6,464,458.3,454.1,500.7
497.6,537.8,551.7,530.7,546.3,553.3,549.7,550.9
628.7,646.9,655.8,658.8,666.4,681.7,707.8,718.5
796.4,850.9,866.6,847.2,808.2,828.1,889.3,953.3
392.3,391.5,390.8,392.7,395.3,387.7,615,733
422.5,421.6,419.1,421.4,425.3,495.2,611.7,652.4
428,421.2,414.8,414.5,418.9,424.6,429.2,484.2
557.2,557.4,506.2,513.9,524.8,528.4,530.4,537.4
675.8,664.1,689.3,697.9,706.1,725,736.9,947.3
1017.5,1246.4,1418.7,1590.8,1798.9,1835,2016.9,2108.1
605.9,612.6,608.6,610,607.6,617.7,630.4,646
326,324.7,325.8,329,329.7,329.2,324.5,361.8
829.5,818.8,883.8,840.1,836.9,893.5,995.7,1099.4
271.2,269.5,270.7,270.8,265.3,352.2,548.3,654.8
455.7,460.6,469.4,462.8,461.8,458.5,863.1,1121.4
280.7,281,281.2,282.1,282.7,280.4,257.6,1144.6
402.4,403.5,403.2,404,408.7,421.3,435.4,547.1
521.5,516.8,519.6,554.1,570,558.1,560.9,511
625.9,549,613.4,622,679.6,666.4,729.7,841.1
359.2,355.7,359.1,365.4,363.9,363.8,357.4,501.5
376.7,383.3,391.3,390.1,392.9,387.6,406.2,615.8
488.9,496.2,573.9,586.6,538.7,539.7,548.3,551.8
474.7,517.4,512.6,504.6,517.2,522.2,499.2,634.6
381.4,529,482.9,432.1,471.2,433.5,485,442.8
418.8,423.9,428.5,517.3,589.2,734.1,1009.1,997.6
612.2,562.2,568.8,638.3,674.4,693.1,909.1,945.4
517.4,554.1,585.5,549.9,541.6,544.9,666.2,863.7
504.4,487.6,491.7,489.3,489.7,486.9,571.7,1050.7
645.3,678.7,695,690.2,684.8,694.6,713.1,757.6
630.9,647.4,660.1,668,664,695.9,714.4,790.6
304.8,585.5,592.7,605.5,616.6,693.8,913.5,1239.3
632.2,616.6,613.8,607.1,603.2,612.2,636.3,790
436.2,448.7,443.6,452.4,454.9,457.7,509.2,1132.1
307.7,294.3,367.7,427.1,322.2,368.4,398.3,571.8
451.2,435,426.4,426.7,430.8,431.5,434.6,445.6
516.5,534,544.7,536.4,532,538.6,516.6,678.7
488,489.2,490.8,570.7,700.4,692.3,615.8,647
498.8,554,550.1,528.1,525.2,531.3,498.3,554
594,592.5,630.7,665.1,646.5,633.2,655.3,673.8
497,515.5,544.8,489.7,537.1,560.4,621.3,691.5
271.2,275.1,277.5,277.1,276.2,306.4,347.2,347.9
556.4,608.7,641,608.6,603.8,615.1,637.5,701
368.4,340.5,340.9,336.1,338.2,342.7,353.5,350.2
378.4,352.6,403.2,433.5,441.7,437.1,441,449.9
510.7,532.6,530.6,518.5,504.7,446.1,448.8,467.6
594.9,597.1,570.5,591.4,598,616,620.1,604.6
544.3,559.7,559.8,562.4,565.8,579.2,576.6,570.8
503,518.2,528.1,520.5,509,503.8,507.9,516.3
326.2,334.8,334,318.3,314.6,320.7,317.3,312.1
355.9,349.4,347.2,341.6,343.9,346.4,347.3,345.2
580.6,566.2,564.9,568.7,576.3,575.8,581,580.6
541.1,525.8,514.9,534.1,564.3,596.8,614.3,647.6
605.7,605.2,607.2,644.3,651.1,656.3,655.6,669.4
575.2,590.3,585.4,583.6,588.4,596,604.9,609.9
547.5,513.3,539.7,531.2,529.4,544.4,573.3,689.1
559.6,554.8,556.5,571.4,593.2,598.8,596.3,584.7
715.1,710.7,735.9,762.8,780,789.9,794,796.3
626.2,651.4,671.4,677.6,689.3,691.7,683.5,682
670.2,683.1,682.8,673.9,675.5,685.2,706,732.7
637.9,643.5,645.5,647.3,634.2,633.4,604.6,617.8
289.1,344.3,341,337,334.2,340.4,334,320.3
388.4,386.5,377.2,372,364.3,356.3,356.8,353
508.4,503.9,547.4,547.7,548.6,540.8,515.8,519.7
570.7,577.8,581.1,572.2,569,567.8,571.1,573.8
353.9,359.1,359.3,357.1,352.6,356.3,358.9,359.5
482.1,518.4,516.7,566,561.5,533.1,523.6,525.2
736.1,723.8,732.6,745.5,757.1,767.2,763.3,784.8
462.2,439.3,453,457.2,449,446.3,444.4,445.3
682.1,891.9,1102.5,1308.8,1186.1,1214.5,1292.8,1618.1
544.2,554.8,569.2,676.6,735.9,734.1,724.8,712.6
683,727.6,747.5,748.8,732.1,725.5,727.1,726.8
505.7,491.3,477.7,485.4,495.3,499.1,501.6,509.1
419.5,418,418.7,423,428.2,436.9,450,466.9
596.7,606.5,592,588,593.8,616.4,653.9,686.6
487.2,497.4,501.8,497.5,490.7,493.9,481.6,518.1
354.6,355,352.7,353.2,355.3,357.7,359.6,361.1
674.9,677.5,674.8,675.7,667.2,655.7,661.7,667.8
339.9,331.3,319.7,312.3,312.2,314.4,314.3,314
453.8,449.2,453.9,487.3,497.5,497.9,495,497.7
634.1,642.9,642.9,636.1,624.8,624.2,620.6,625
588,597.9,599,596.1,595.5,595.1,593,592.5
366.2,361.4,361.5,362.8,364.5,365.7,366.2,366.9
788,790.7,829.4,828.7,830.4,829.3,827.9,824.5
709.5,731.3,739.1,736.7,741.2,744.7,753.3,762.4
317.5,314.7,308,313,316,311.6,312.5,313.5
693.7,703.1,705,707.7,711.4,716.3,714,721
474.8,468.4,462.7,464,470,481.3,530.1,555.1
472,463.5,430.8,425.7,432.7,444.4,448.5,439.1
463.1,463.9,452.7,450.2,448.5,452,449,455.8
514.3,542,537.2,533.6,532.3,528.9,527.9,528.8
445.1,442.6,454.9,463.7,469.8,471.7,466.7,468.1
725.5,763.9,775.7,778.8,782.6,780.1,770.1,758.2
379.6,375,375.6,386.2,382.1,382.8,382.6,383.3
431.6,429.5,424.4,420.4,419.1,419.4,421.5,425.4
475.2,493.2,488.9,510.8,505.1,496.2,488,486.5
341.8,348.9,364.1,365.2,359,352,336.5,338.7
675.8,701,724.6,748.7,750.1,743,730,731.7
325.5,327.3,312.2,304.1,299.3,300.6,305.1,308.9
576.5,632.9,675,666.1,671.1,662.4,682.4,709.8
686.2,709.7,703.4,695.4,719.4,770.5,807.4,838.7
293.3,293.9,290.8,290.6,291,291.3,289.7,289.4
552.1,554.2,572.1,572.6,571.3,575.2,570.5,565.5
428.2,427.2,430.4,434.1,436.2,434.4,435,433.8
349.8,357.4,353.2,364.4,358.5,354.2,353.2,354.6
439.3,442.9,441.7,439,445.2,441,438.8,438.1
627,606.9,630.1,606.3,674.3,665.5,664.6,659.9
599.1,592,587.5,591.4,600.5,612.4,619.9,632.4
278.8,269.3,285.4,285.7,283.7,281.3,280.5,280.3
504.2,529.3,554.9,542.1,525.4,516.8,514.2,520.3
444.9,440.1,450,446.7,447,453.3,470.5,473.6
377.4,379.3,366.8,364.6,377.1,384.8,376.4,371.2
358.2,364.8,363.5,366.2,367.8,368.5,367.5,363.5
588.4,604.7,622.4,646.6,665.9,658.9,635.2,587.5
452.6,460,454.9,454.1,449.3,457.1,463,473.1
602,660.4,666.6,656.2,652.1,653.9,677.8,694.5
694.7,696.3,719.3,752.8,758.4,751.2,734.5,743.2
509.5,514.5,517.1,520,536.7,550.5,547.4,550.1
689.3,703,707.4,717.5,731.1,769.8,788.9,808.1
538.1,536.5,535.1,539.3,545.3,551.2,552,543.5
283.5,277.7,275.9,272.8,273.9,275,276.1,278
374.6,378.8,375.8,373.2,370.4,371,374.3,374.9
448.7,465.9,480,480.3,471.1,461.1,459,459.1
426.9,441.3,446,440.4,439.3,436.7,437.6,437.6
378.9,370.6,368.4,375.8,389.7,402.3,424.7,397.5
521.7,542.3,543.8,539.2,530.8,526.1,530.7,544.4
458,465.7,461.2,459.6,463.3,469,468.7,492
730.6,758,782,809.1,831,838.8,842.2,840
478.7,443.1,499.5,619.8,677.5,650.8,638.9,614
332.1,335.8,332.2,319.4,310.2,305.7,303.2,300.1
657.9,732.1,741,729,726.2,746.5,735.6,701.3
397,391,391.5,390.7,392.6,384.8,572,605.6
494.2,470.9,509.3,514.3,495.4,496.3,516.3,536.1
469.1,429.3,446.8,435.7,432.8,435.3,439.6,437.8
503.9,499.7,490.9,487.6,501.4,621.5,655.6,615.1
454.3,453.1,453.9,449.2,448.3,452.7,456.1,477.4
353.6,356,356.4,353.7,467.6,587.1,611.3,628.7
369.6,339.2,321,316.5,318,318.6,307.4,303
300.5,235.7,231.4,227,399,583.5,775.2,902.2
503.1,500.2,504.7,507.9,513.2,516.6,525.7,591.7
526.4,515.7,528.5,557.5,620,607,653.2,772.5
524.8,514.7,511.5,514.1,517.3,522.1,525.9,520.6
565.6,566,568.1,572.6,579.9,591.1,597.8,652.6
610.9,622.4,634.6,657.3,677.3,546.8,699.8,792.2
511.9,511.4,505.7,508.9,515.3,520.3,528.9,549.8
666.2,668.5,637.7,628.4,628,624.8,653,717.5
587.9,565.3,544.8,556.8,583.2,599.8,618.7,648.6
625.5,626.6,627.8,629.4,630.8,629.3,642.3,698.5
475.9,476.8,477.1,477.8,481.1,487.9,498,508.9
575.4,566.6,567.2,577.9,587,594.5,607.7,648.8
565.7,545.4,520.4,522.9,492.6,441.5,435.1,437.3
383.5,377.3,370.3,363.8,362,363.8,367.7,362.5
370.6,368.9,369.8,369.8,371.6,542.9,980.9,964.6
508.6,499.6,492.1,485.3,485,485.3,620,602.9
497.9,496.2,478.1,476.2,480.8,485,488.6,493.9
538.8,529.4,525.7,532,540.4,544.9,558.7,655.4
441.8,413.7,410.9,417,419.5,421,424.2,409.3
521,517,510.2,615.5,507.9,518.8,562.4,786.2
607.4,607.8,612.4,618.1,623,632.8,657.4,724.7
493,493.5,502.7,527.7,535.8,579.7,616.2,597.3
467.6,469.1,474,486.4,506.5,519.6,524.9,529.4
611.9,607.8,607.1,607.8,610,617.8,630.1,641
357.3,359.1,363,354.3,555.5,1731.8,1688.8,1677.9
544.9,549.3,556.2,564.1,580.4,604.9,649.8,671.8
342.7,328,327.7,325.4,344.1,370,648.9,887.1
555.2,551.7,553.2,556.8,556.4,558.8,577.5,602.2
404,405.4,409.8,413.8,405.1,515.3,684.6,962.3
421.2,407.8,399,397.6,398.7,401.3,401.8,398.9
504.7,500.7,509.7,532.1,536.3,540.8,607.1,672.4
552.7,546.8,539.7,538.1,537.7,544.3,552.6,554.9
563.4,494.3,545.1,456.3,417.8,686.9,866,1194.9
470.1,475.3,471.8,470,502.1,788.3,919.2,959.8
760.4,771.2,791.5,785.3,717.8,817.9,864.9,898.4
672.2,666.7,662.5,653.6,655.8,667.6,696.1,722.7
303.1,284.3,270.2,265.2,322.8,636.4,811.1,812.2
590.1,588.9,582.5,581.6,580.2,584.6,588.2,592.9
374.6,361,361.6,509.3,584.8,577.9,591,679.6
477,469.7,465,463.6,461.4,465.5,475.2,549.2
372.6,390.8,412.7,399,384.9,388.3,379.7,543.4
534.9,500.9,493.2,491.1,488.7,495.7,549.9,639.4
656.1,654.8,656.2,660.9,659.6,669.3,695.6,732.6
414.8,410.3,409.7,410.5,410.8,414.7,417.5,477.1
399.5,372.9,365.3,367.6,369.5,373.9,375.7,370.1
431.3,421.5,417.2,418.7,418.6,420.9,423.3,431.5
432.6,417.4,404.6,403.2,405,409.4,413.4,413.5
382.3,375.5,373.4,372.8,459.7,446.3,585.9,621.2
486.9,485.6,486.4,490,498.3,512.7,522.3,526.6
609.2,608.1,606,605.9,607,617.6,630.2,635.6
385.5,376.1,366.1,364.7,365,366.4,363.2,613.9
646.1,639.2,636.6,643.8,657.6,681,812.8,884.5
338.3,328.8,322.9,323.2,322.7,310.2,445.2,400
503.3,501.4,504.6,507.5,520,531.4,588.3,666.4
420.6,417.3,409.9,407.1,404.1,402.9,405.5,407.9
361.7,337.3,326,325.1,324.4,325.6,326.5,326.1
473.9,467.6,467.7,466.2,466.7,466.5,470,470.8
555.5,553,557.1,561.6,567.4,576.9,602,623.3
646.1,606.4,589.5,630.7,701.4,684.1,705.3,712.8
393.3,390.3,389.4,389.6,389.3,386.7,363.8,779.4
521.2,512.9,505.8,506.3,509.3,519.2,527.9,530.3
455.8,452.4,446.5,447.3,448.5,451.7,458.4,466.4
418.9,407.5,407.2,410.4,406.5,413.8,399,631.1
511.1,501.6,488.3,485.9,493.3,506.2,517.4,525.4
532.6,530.7,535.4,537.3,549,556.4,602.2,626.2
543.1,543.3,544.9,546.4,547.9,556.4,575,590.4
469.2,474.3,484.4,497.9,509.1,489.4,553.8,868.7
393.7,382.1,382.8,386,392.3,472.9,847.4,790.4
578,575.2,571.1,567.3,573.2,594.5,619.4,638.3
501.1,495.3,493.6,496.4,496.6,499,508.9,524.9
414.2,409.9,397.7,393.5,393.1,394.3,398.2,411.7
473.2,461.5,456.5,456.1,459.9,464.1,470.2,503.4
521.2,522.5,483.4,431.9,426,426.8,428.9,507.9
393.9,392.8,396.8,399.5,399.9,402,671.9,1075.6
532.5,541.1,546.1,554.3,518.1,529.3,600.4,642.5
482.5,496.1,496.9,482.2,476.8,485.2,564.2,559
493.6,487,484,490.1,498.2,498.3,499.7,508.3
598.3,599.5,607.3,630.2,644.2,643.2,657.3,671.4
477.1,459.6,491.8,566.6,559.1,637,756.6,914.6
397.2,399.8,397.4,396.4,397.5,399.2,401.1,427.9
413.1,447,453.7,464.9,451.3,445.8,447.7,460.5
511.6,504.5,523,511.1,505.3,525.4,609.6,655.8
499.9,499.7,519.4,503.3,507.1,514.3,516.9,514.5
493.8,518.3,505.9,490.8,496.1,508.8,516.7,517.5
458.5,466.4,469.8,465.7,466.3,468.5,466.7,463.8
429.2,463.7,471.2,441.1,455.2,477.9,482.1,462.2
347.1,348.7,376.2,370.8,357.7,351.6,349.3,349
363,362.5,370.5,369.1,363.6,362,361.6,364.6
538.5,554.7,570.4,551.1,553.2,556.7,559.4,561.2
585.6,570.2,575.1,579.4,567.5,565.7,572.6,576.9
519.3,524.3,543.6,540.4,542.5,535.9,532.5,523.4
603.2,609.6,624.3,615.7,623.6,632.6,631.7,630.3
544,527.1,540,523.8,523.7,540.9,585.1,656.6
470.2,475.3,528.3,536.3,506.1,505.4,513.5,512.3
437.5,477,475.7,472.3,488.2,483,475.8,478.8
696.6,693.7,699.9,708.8,708.4,702.4,700.4,715.7
612.8,644.3,640.3,621.7,627.2,642.9,647.3,657
652,661.1,667.3,663,677,686,678.9,676.6
531.4,537.3,554.1,525.5,531.1,545.9,554.5,551.5
474,497.6,488.1,521.7,513.8,486.6,473.8,476.6
542.2,554.2,587.1,575.4,558.4,553.2,551.5,551.3
456.4,475.1,512.2,485.5,484,486,487.8,483.8
453.9,455.3,455.9,451.6,450.9,452.6,458.1,466.5
559.3,560.4,566.9,591.3,598,582.7,576.7,578.3
532.2,548.2,546.3,552.7,568.1,569.8,555.6,550.5
537.8,555.9,567.6,547.1,552.7,565.7,568.7,577.7
371.9,395.3,379.1,364.6,381.6,377.2,369.8,368.8
653.7,658.6,669.8,673.4,688.2,690.9,688.5,685.2
607.3,625.3,628.4,638,636,626.9,625.3,631.5
462.5,480.1,478.1,478.3,485.7,494.2,498.1,500
630.7,656.5,649.2,648.1,656.6,656.8,653.6,653.7
354.8,358.4,343,341.7,346,348.2,346.7,449.2
478.2,490,527.2,521.4,509,523.9,556.4,582.2
400.1,404,401.2,400.7,395.2,395.1,397.9,401.8
448,450.7,472.8,468.4,459.1,454,451.9,453.5
586.6,605.4,604.8,598.7,619.9,622.3,616.5,616.7
426,417.2,410.5,395.5,422,425.7,420.8,412.1
542.3,553.3,569.1,538.7,540.4,547.6,571,600.5
609.3,606.3,629,632,617.1,617,627.1,644.6
579.7,544.7,603.4,599.1,582.9,581.6,583.4,585.1
446.9,463,474.5,481,462.9,457.1,454.2,481
635.8,667.2,708.6,731.4,729.9,731.9,761,807.4
768.6,791.7,785.5,777.9,805.2,814.3,797.2,795.2
640.1,651.1,657.7,660.8,691.5,682.1,664.9,663.9
404.8,404.9,397.8,394.3,397,402.7,406.3,405.4
609.1,633.4,627.2,630.8,647.8,639.3,634.7,634.3
496.5,505.6,486.8,483.3,488.5,500.1,531.5,509.4
445,476.5,480,465.6,480.9,504.4,500.4,486.9
474.8,503.8,490.4,473.4,475,486.9,494.1,488.5
488.3,590,574.8,557.7,553.9,565.6,578.4,592.3
505.5,530.2,538.6,528.3,526.6,542.7,568,609.5
517.5,558.1,527.4,531.7,550.8,558,551.6,548.7
670,663.9,616.4,677.5,666,673.8,685,685.6
425.8,425.3,421.5,413,414.1,418.3,418,415.9
437.5,436.3,438.2,432.2,431.1,432.5,437.3,437.3
486.9,475.8,476.7,476.8,479.8,477.9,478.5,479.4
524.1,556.3,560.6,530.7,523.6,529,533.7,541.6
446.4,445.6,440.9,437.3,439.5,440.2,439.3,441.2
525.4,560.6,572.8,531,525.1,542.2,550.6,552.1
666.7,670.4,657,658.2,664.8,680.3,715.1,766.4
417.7,431.8,429.5,419,421.6,433.6,438.2,437.6
589.2,598.6,653.6,624.7,628.3,645.7,650.9,631.9
601.4,612.4,640.5,634.6,637.1,632.4,632.8,631.8
701.8,720.2,744.3,717.5,717,738.4,751.4,752.2
309.2,326.7,317.3,313.3,316.8,320,322.5,325.4
506.7,557.1,582,551.6,516.6,511,517.7,540.6
359.7,373.7,378,396.7,412.2,404.2,385.9,387.6
372.1,380.3,388,381,379.8,380.6,380.6,381.6
520.1,524.2,520.3,518.7,521.4,520.6,526.8,531.5
606.2,608.1,620.9,613.5,615,628.1,661.4,690
666,679.3,648.6,654.9,671.4,685.1,694.3,704.2
358.3,382.6,383.8,373.1,375,382.2,375,373.6
509.6,521.9,532.5,520.6,517.4,525,529.8,530.9
469.1,497.4,496.5,486.2,488.6,493,494.9,493.7
419.5,424.6,425.6,416.3,420.2,429.1,440.5,447.9
533.8,545.6,551.8,538.4,536.7,544,557.9,566.9
556.6,581.5,581.5,578.5,575.8,575.9,576.1,579.2
554.7,574.3,566.9,550.8,554.7,559.5,569.1,584.2
617.2,646.4,640.3,655.7,645.3,639.7,645.5,656.2
590.6,612.6,607.5,592.6,590.1,596,608.9,627.3
440,438.1,422.6,399.6,393.7,457.1,472.7,461.8
449.1,466.6,473.7,465.1,617.4,673.8,683.9,624.2
616,635.5,632.3,612.6,614.7,627.6,644,655.6
507.1,497.5,505.5,501,499.8,505.1,534.2,562.8
425.7,413.5,414.2,420,417.7,413.4,416.6,428.2
438.1,437.9,437.8,440.3,439.3,433.2,434,435.5
466,501.2,483.7,509.2,499.1,466,469,472.4
447.4,445.5,429,436.3,436,435.6,436.2,438.8
423.1,425.6,428.9,426.2,428.7,433.3,436.5,438.4
505.6,497.6,521.4,507.3,509.8,556.9,642.6,682.7
524.1,514.8,528.4,531.9,521.9,523.7,530.4,539.7
622.4,631.8,642.3,655.1,649.8,645.7,643.8,647.1
470.2,502.4,501.2,481.5,481.6,491.8,501.5,499.5
352.1,375.1,398.7,390.7,397.8,391.1,375.5,369.3
592,604.2,621,609,600.4,604.2,615.8,631.7
321.5,327.8,324.3,323.9,394.1,521.3,612.5,932.3
437.6,441.9,439.8,438.6,439.9,438.7,438.4,438.1
346.5,344.6,578,577.8,615.8,644,773.3,828
436.4,444.1,454,461.1,456.9,504.5,578.5,1040.2
363.6,364.7,353.4,354.4,359.2,358.1,349,334.4
253.6,254.9,257.7,255.8,252.8,250,338.6,442
267,267.5,274,269.4,326.6,474.3,509.8,577
445.7,475.1,472.5,469.4,501.2,510.8,519.5,759
445.5,480.2,558,579.6,545.4,529.8,539.7,628.6
514.6,531.1,533.5,520,515,519.2,525.6,531.3
561.5,564.9,577.2,596.5,618.9,650.2,789.1,986.5
401.6,377.6,372.9,374.5,382.7,383.2,648.6,669
388.1,385.1,392.9,400.2,401.6,400.8,403.1,399.8
903.7,939,878.3,890.1,961.5,1029.5,908,864.6
571.6,597.9,813.4,908.1,878.4,859.3,838.2,859.2
731.9,743.3,743.4,742.2,725.7,732.2,743.3,782.8
490.9,484.2,488.6,498.1,504.8,500.7,499.9,495.3
340.9,351,360.8,361,348.2,342,342.8,344.9
512.4,471.8,459.1,454.1,633.6,634.4,671.4,737.5
582.3,591.5,592.4,599.2,605.3,611.1,649,714.4
362.4,356.8,354,355.4,356.6,357.6,354.2,326.1
316.4,308.5,306.3,307.3,307.3,297.9,406,511.8
508.3,514.5,521.9,534.5,534,532.6,535.5,537.6
479.2,489.1,486.6,487.6,489.4,487.7,485.2,484.2
634.8,646.2,605.2,582.5,639.4,790.1,799.3,847.8
389.3,449.5,404.8,346.2,393.4,472,460.8,388.7
210,202.8,193.7,495.5,702.1,875.1,1189.3,1266.6
630.9,650.4,652.4,659.6,657.7,673.6,727.8,774.7
559,551.6,525.4,520,520.1,530,550.5,584.6
271.6,246.1,242.4,243.4,241.3,523.8,801.4,1864
489,495.1,507.2,517.5,532.3,551.8,546.7,550.3
315.8,315.3,317,316.7,305.1,512.2,696.6,831.3
347,346.7,347.4,348.9,349.1,345.2,331.5,832.1
646.2,643,628.6,641,641.5,603.2,661.9,722.7
373.1,376.1,378.5,379,376.4,367.8,482.3,1053.3
611.4,638.2,677.7,676.9,674.6,658.3,651.9,797.1
441.2,442.6,452,474.4,546.5,522.4,477.3,478.2
583.7,586.3,590,595.3,597.1,599.7,605.4,609
375.4,412.2,535,539,574.5,570,557.6,655.4
583.8,588.4,595.6,602.5,603.6,603,605.2,601.5
836.3,840.8,744.6,800.7,808.8,763.9,766.1,816.7
714.2,715.3,708.3,714.2,722.8,736.9,758.5,798.4
298.4,293,290.9,290.9,291.4,291.8,291.6,288
422.4,421.3,422.2,424,425.3,426.4,426.8,417.3
783.9,784.5,778.1,774.9,778.8,793.2,827,897.2
539.4,560.3,549.1,556.3,628.3,847.8,1063,1099
367.6,363.9,359,357,357.8,360.5,362.6,364.2
374.7,373.1,359,367.1,370.2,370.9,369.1,368.1
513.5,525.1,542.3,542.6,543.3,546.5,554.9,551.9
843.9,822.4,839.7,818.4,789.3,777.7,774,785.2
297.5,308.6,313.6,306.1,296.8,296.1,294.7,424.7
363.3,369.3,371.3,372.4,373,375.3,367.6,574.3
431.5,443.6,440.8,441.2,443.3,445.4,442.3,490.5
514.8,525.4,530.6,534.1,530.1,530.1,532.7,534.8
221.3,220.7,219.9,211.2,350.5,1245.1,1634.7,1456.3
542.6,561.8,559.6,637.6,676.6,862.4,937.3,912.8
384.9,480.6,474.7,469.7,523.9,593.7,530.9,601.7
771.9,766.1,765.8,811.9,817,773.3,796.4,870.7
257.6,257,253.5,255.2,254.8,257.5,256.3,255.7
329.8,327,329.1,328,326.7,328.5,330.2,330.8
288.5,288.5,292,292.9,290.5,291.2,291.9,291.3
434.9,435.3,442.1,449.1,449.2,446.1,448,448.2
448.2,438.9,451.4,466.4,446.1,529.9,616.1,609.6
470.9,467.4,480.1,493,500.6,507,512.2,557.3
430.9,428.8,428.6,431.5,426.6,430.2,432,434.7
367.4,357.6,350.7,349.4,349.2,351.2,354,354.5
337.3,340.5,339.6,339.1,341.8,342,327.8,498.5
380.2,386.3,398.6,404.4,402.8,388.3,554.2,709.6
656.4,638.2,636.8,645.5,628.1,623.5,619.7,623.2
741.7,674.5,877.2,979.3,1015.4,1081.4,1254.3,1453.6
554.2,575.2,610.1,606.3,590.3,588.8,593.4,603.3
448.3,465.6,474.9,479.2,480.9,481.1,478.5,452.8
645.6,639.5,669,669.1,707.7,717.6,728.7,806.1
657.6,685.8,694.9,705.3,701.6,686.7,696.4,728.4
469.4,475.7,509.4,497.7,490.2,507.2,684.8,981.3
437.9,511.4,570.9,579.7,521,590.9,639.1,696.1
449.1,456.4,502.4,562,500.2,548.9,650.3,887.6
643.8,665.3,666.6,623.1,616.8,663.3,831.6,879.2
438.4,444,462.8,465.6,459.3,453.1,451.2,528.3
294.9,295.1,296.5,299.5,300.8,301.1,298.1,298.9
341.4,335.2,337.3,339.1,338.4,339.5,340.5,336.5
356.6,363.1,384.2,406.5,412,418.9,427.4,465.1
681,690,761.7,828.6,848,851.5,850.7,926.1
322.7,403.2,436.8,432.8,459.6,476.7,500.8,518.6
573,524.6,618.8,657.9,591.5,628.8,616.9,914.4
482.6,479.3,480.7,478.4,476.6,472.4,471.6,474.9
579.2,582.5,609.2,612.8,613.6,605.3,613.9,631.7
653.6,649.4,630.4,624.7,603.8,602.1,606.1,602.6
457.6,472.6,474.8,465.7,464.7,468,470.4,519.2
578.7,571,559.6,554.8,546,544.9,544.8,548
524.7,529.9,527.3,518.8,473.7,453.9,450.5,453.7
377.5,382.8,361.8,349.1,347,348.7,351.2,351.9
363.8,359.5,359.4,365.5,352.2,338.1,337.2,338.3
576.1,572.3,571.6,575.2,574.5,578.2,581.7,585.4
668.3,658.5,656.7,668.5,655.3,643.7,655,687
642.5,652.4,662.5,652.9,653.6,656,656,661.5
602.2,599.9,600.3,606,611.7,622.6,629.8,639
600.4,627.9,635.5,632.3,619.3,617.5,623.6,633.2
604.7,583.9,592.5,600.8,583.3,561.8,549.2,545.4
794.5,792.3,774,792.3,791.9,781.3,776.5,773.9
727.1,709,691.2,690.1,693.6,728.2,779.6,806.1
675.3,670.6,669.7,673.5,675.6,681,690.6,695.6
579.7,581.2,581.8,581.6,577.7,576.6,571.7,570.2
600.8,598.9,588.3,572.7,555.8,553.9,557,565.6
494,494.8,496.3,492.1,481.7,476.1,478.5,478.6
376.5,362.8,360,358.7,357.2,356.3,356,357.6
551.3,546.6,547.1,547.1,542,534.2,534.3,535.8
570.6,562.7,568.7,556.3,540.9,532.5,535,537.7
630.3,636.1,621,607.6,607,610.8,622.2,652.4
572.2,559.6,539.3,461.7,450.9,446.7,441.5,694.1
742.5,737.6,746.2,740,718.4,719,754,796.4
705.5,702.6,704.6,708.1,708.7,707.1,709.6,712.2
511.1,512.8,507.3,507,513.5,539,564.9,611.2
716.9,718.6,720.4,721.4,727.9,732,739.5,745.9
318.8,296.2,277.5,279.7,288.3,291.5,288.2,287.5
591.9,597.3,596.4,596.7,601.3,639.9,658.9,655.8
408.4,401.8,395.5,394.6,396.1,397.8,430.4,486.3
536.5,533.8,532.7,533.8,535.7,535.4,534,534.9
756.5,757,754.3,760.7,758.3,757.7,760.4,762.1
480.9,499.9,485.1,467.7,455.1,454.3,453.2,542.3
665.4,656.6,666.7,674.6,665.5,667.7,673.1,682.9
631.6,637.6,635.2,633.6,629.1,621.4,615.1,611.5
438.9,519,520.8,512.6,464.8,440.8,475.8,584.9
826.1,828.2,832.2,842.6,853.6,858,858.7,854.3
771.3,773.6,766.3,777.9,773.9,771.8,772.9,778.9
356,352.3,392.6,385.7,359.8,359.9,380.2,372.4
702.8,699.7,698.2,696.8,690.8,688.3,692.8,702.7
485.6,528.5,514.8,486.3,475.7,504.7,569.2,684.8
447.6,465.3,477.2,465.9,441.2,428.8,425.3,427.5
528.6,529.2,509.1,474.3,438.8,430.3,433.3,447.7
510.4,519.6,495.4,492.4,505.7,517.9,519.3,516.4
522.2,511.8,489.7,481.9,479.8,480,569.8,691.6
729,724.7,727.8,733.2,733.5,731.3,736.2,744.1
435.9,437.3,437.8,430.9,424.3,421.9,422.2,422.1
430.3,428.5,424.7,418.2,412.5,412.8,412.8,414.9
462.7,459,459.6,460.3,459,458.8,456.5,456.4
565.6,569.3,556.8,560,555.2,552.6,552.4,553
490.2,505.7,490.7,464.4,460.2,463.3,468.5,471.4
605.2,597.5,615.3,613.9,611,610.3,611.3,615.1
762.4,780.2,748.1,783,788.5,807.9,805.9,790.8
430.4,426.2,425.4,414,410.8,409.4,403.2,405.2
559.8,579.9,521.6,505.7,459.4,493,588.5,522.4
783.1,792.3,794.3,765.7,647.5,836.1,879.1,793.3
347.1,360.6,352.1,336.6,327.9,330.5,334,330.2
563.9,562.2,557.7,561.4,560.5,559.1,562.8,572.3
469.8,555.2,575.7,569.3,533.2,471.3,469.7,471.2
459.8,455.8,453.8,454.4,455.6,457.7,459,460
440.6,438.5,427.5,423.8,422.9,418.5,419.3,420.4
629.1,607.3,611.9,622.6,634.6,657.7,698.2,711.6
469.7,465,466.3,466.8,465.5,464.2,465.7,466.3
683.5,703.3,731.2,733.6,665.8,639,649.9,681.6
559.8,560.3,572.2,566.3,556.9,558.1,565.4,572.5
541.1,553.6,586.3,584,547.6,539.9,545,554.4
591.1,590.2,594.1,588.8,588.3,585.6,587.1,589.1
658.1,662.8,664,661.3,658.9,671.7,683.2,794.7
750.9,755.9,758.6,759.6,762,764.3,771.9,777.7
713.9,710.1,711.3,716.6,713.1,700.8,703.5,713.3
478.8,476.4,477.7,476.6,478,479.1,480.1,469
672,673.5,689.1,682.3,668.6,671.2,683,689.9
474.3,595.3,597.6,595.3,577.4,572.3,572.6,572.8
503.4,498,484.4,455.3,439.4,439.6,443.6,450.6
464.2,464.7,461.9,450.2,447.6,444.8,446.9,499.5
473.3,552.3,578.7,577,566.5,551.6,518.4,516.9
541.7,539.6,537.3,534.8,529.7,527.1,526.2,528.4
430.2,417.3,403.8,402.2,403.7,406.3,407.5,416.4
557.5,557.2,555.1,563.5,565.8,550.2,598.2,610.7
581.5,597.5,608.8,612.6,611.1,620.4,640.5,655.9
703,702.3,710.7,723.7,727.8,727.3,734.1,752.4
627.2,624.7,570.3,573.1,578.7,581.7,576.4,582.5
385.7,380.4,408.2,567.7,651.6,660.1,697.7,744.8
690.1,681.2,692,697.3,678.7,663,654.9,651.3
409.7,391.4,395.3,401.2,405.9,444.4,513.7,704.5
466,485.7,519.4,664.9,694.8,683.3,660.4,636.8
456.4,449.2,446.6,451.7,452.8,452.8,454.7,448.3
411.2,421.3,442.2,474.5,468.3,477,547.4,611.8
578.9,567.4,562.1,564.7,568.2,574,642.7,747
470.5,459.7,460,464.8,474.3,476.9,482.1,467
355.5,350.4,347.2,349.3,353.7,356.5,354.2,351.6
327,316.2,317.4,321,322.5,324.4,325.1,317.6
517.5,514.8,515.5,518.1,528,568.1,618,613.3
541.7,547.9,556.6,578,674.6,771.6,786.2,778.2
515.9,517.6,519.9,526.6,549.4,587.7,616.3,668.4
533.4,536.5,544.7,561.6,589.5,687.3,829.5,859.7
506,506.7,516,564.4,658.5,730.4,613.5,614.4
509.7,509.7,522.2,536.2,598.8,715.7,859.2,852
513.4,473.1,456.2,471.6,479.1,476.2,507.9,573.8
672.7,681.4,683.9,688.9,710.2,803.6,878.4,933.1
636.8,639.4,645.3,666.9,709,749.4,828.7,955.2
610.5,614.9,618.9,622.8,645.3,688.6,729.2,762.9
511.2,513.7,518.2,524.2,528.8,556.2,601.2,622.5
542.2,537.1,534.2,536.6,542.1,548.6,557.8,564.9
479.4,473.4,476.2,483.1,489.3,487.6,473.3,815
308.5,310,311.9,313.3,311.5,300.5,1813.7,1808.1
547,550.6,556.7,561.2,568.6,577.3,585.9,636.7
546.1,529.6,522.7,531.7,574.1,628.6,617.8,628.5
438.7,430.4,421,423.4,429.7,439.3,444.4,436.5
348.7,305.8,299.5,300.6,298.8,291,277,465.8
594.2,611.4,607.7,609.4,614,630.2,660.6,685.6
492.8,490.2,504.5,555.2,517.3,778.2,763.3,774.4
446.5,460.2,500.2,818,735,785.7,854.1,802.7
584.6,586.1,587,590.2,607.3,646.7,654.6,642.8
399.9,384.9,382.8,384.2,383.7,508.8,615.2,710.5
592.5,594.5,610.4,636.6,661.3,684.5,749.6,771.4
345.3,346.4,349.4,333.4,300.1,714.7,1629.9,1795.7
436.5,436.8,438.3,445.5,445.4,565.6,567.1,564.4
538.2,537.2,535.6,542.6,552.4,562.9,575.1,589.5
382.9,381.1,385.1,389.8,393,395.4,391.3,379.2
404.2,369,370.7,375.6,378,363.8,379.1,1367.3
521.8,533.1,536.7,542.6,649.9,592.3,576.7,955.2
539,544.4,555.3,565.1,562.3,577,743.2,1207
381.5,375.5,387.4,346.8,433.5,807.5,1215.4,1361
695.7,701.5,704.9,723,816.8,867.5,875.6,909.5
629.2,631.5,638.4,652.5,683,728.5,877.9,995.1
330.1,328.8,330.8,334.8,337.9,338,335,318.1
596.4,592.5,588.7,597.5,616.8,632.1,646.1,772.4
403.6,514,581.1,627.3,644.5,662.7,636.6,653.3
393.7,373.9,375.7,383.4,387.6,389.2,385.7,353.4
507.7,482.2,484.1,533.6,518.7,524.7,961.8,1179.4
511.8,508.6,514.4,534.4,571.2,621.1,646,720.9
466,475.6,478,478.4,491.2,510.9,756.1,781.8
650.9,655.5,649.5,651.2,664.4,674.2,685,714.5
539.7,520.3,504.5,511.7,537.5,534.4,538.7,541.3
335.5,327.8,327,328.4,326.9,283.6,850,1070.5
372.4,362.3,358.2,361.3,362.6,438.9,376.5,1308.1
499.9,489.8,485.2,485.2,487.7,479.5,544.7,606.5
336.3,334.2,338.6,343.7,344,344.6,344.5,340.1
667.3,664.9,670.3,705.8,758.3,770.8,842.9,946
351.7,347.4,348.8,352.6,351.9,353,357.3,359.3
611.3,605.9,618.5,628.6,641.9,678.3,709.3,725.8
310.4,312.1,314,310.6,523.1,710.1,920.9,831.4
504.4,499,515.4,532.7,573,665.5,768.2,762.8
459,410,393,409.6,393.8,368.7,942.8,1203.9
452,409,395.1,401,405.2,402.9,415.7,722.5
513.1,510.5,511.4,512.3,515.2,521.9,537.2,543.3
596,591.4,599.9,623.6,627.1,651.9,725.5,797.3
554.7,555.9,572,615.7,693.8,760.2,785.5,787.5
378.3,370.8,373,376.2,371.7,467.3,838.7,1354.2
577.1,578.1,584.6,595,592.4,596.5,632.3,928.6
475.3,474.1,475.1,477.1,481.1,502.1,559.4,583.1
490.7,479,477.3,477.2,470.2,515.8,575.2,576.4
333.5,333.7,337.3,348.8,356.3,355.3,356,344.4
533.3,530.7,531.7,534.8,542.7,550.3,556.2,565.5
492.1,482.3,481.8,481.1,484.3,491.6,498.2,503.2
553.6,545.5,540,546.7,564.2,595.7,657.5,763.3
530.9,528,523.1,522.3,525.1,529.6,520.5,725.1
585.3,587.2,587.9,584.4,593.8,626.7,699.8,696.8
418.2,404.8,403.3,407.3,409.5,632.8,1086.7,1116.4
648.8,598.1,572.9,587,607.2,611.3,629.5,803.4
570,569.2,576.2,608.4,685.3,712.8,715,775.4
481.9,480.4,482,483,488.7,506.7,529.1,537.6
390.8,392.2,399.2,396.5,395.7,671.8,871.7,780.8
433.6,431.7,433.9,436.4,441.3,443.5,444.7,521.4
319.3,324,327.4,328.1,327.7,314.7,387.3,767.5
623,637,615.8,627,716.7,720.7,708,691.2
627.1,632.1,645.4,675.7,732.7,766.3,799.7,827.4
440,430.6,430.9,436.4,440,536.5,648.1,692.1
518,493.6,448.7,462.7,451.4,463.8,461.1,540.5
614.2,618.6,626.3,635,666.1,771.2,827,870.2
360.1,356.3,353.2,352.8,353.5,355.8,357.5,357.7
360.7,364.9,379.7,392.3,416,457.2,479.7,511.3
428.1,423.1,408.8,392.2,394.8,402.4,405.1,403.8
431.8,432.8,428.7,423.8,434.8,442.1,446.2,446.6
394,394.6,392.1,377.7,379.6,382.4,377.8,375.5
267.1,258.2,254.5,257.9,256.4,255.7,256.8,257.4
228.2,228.3,228.5,228.8,228.9,229.1,223.5,371.1
426.1,434.4,438.1,437.1,437.9,442.3,436.2,482.2
377.3,403.2,410.2,388.3,395.4,475.4,540.8,598.8
510.3,561.6,561,539.6,537,547.1,568.9,588.6
536,503.1,502.5,510.7,520.7,529.4,585.5,616.7
519.7,524.4,526.2,521.2,518.5,522.1,581.6,611.9
395.7,397.9,393.9,402.5,397.2,399.6,399.3,458.4
375.2,367.8,369.9,372.6,374.7,373.4,374.6,412.3
826.4,827.3,742.6,693.2,760.6,862.7,885.7,890.7
419.3,545.5,735.9,778.5,605,537.9,569.4,799.1
656.5,655,654.6,652.3,639.9,666.4,765.6,832.1
487.6,487.8,479.7,485.2,516.1,500.2,500.2,501.5
503.4,584.1,669.3,581.4,718.8,1195.6,1429.9,1735.1
529.3,541.1,546.8,550.5,532.9,529.6,590.9,673
388.6,393.9,395.4,386.3,382.9,382,389.5,391.7
318.4,314.7,312.7,311.3,312.5,315.1,316.3,316.6
513.2,534.1,525.5,507.1,496.6,500.9,506.8,512.6
475.2,475.9,470.1,423,419.7,421.1,423.5,427.4
508.2,522.3,502.9,489.4,501.9,527.2,540.6,586.1
361.4,355.7,321.6,299,295.7,293.3,354.6,468.2
296,295.9,290.1,283.3,279.7,322.2,512.4,531.5
648.1,636.9,633.8,635.8,628.5,630,641.4,661.5
408.5,424.2,419.9,380.5,425.6,464.1,478.2,466.9
391.3,384.3,388.3,407.2,419,445.9,446.1,443.5
555.3,533.7,499.8,484.8,498.4,575.3,818.2,1018.2
310.9,310.2,306.3,298.2,497.3,486.6,590.9,584.6
373.7,421.1,475.4,407.4,386.3,386.6,570.1,970.4
426.2,443.7,460.9,437.7,444.6,450.8,486.8,506.7
302.3,302.2,302.9,304.4,300.5,354.3,410.8,443.1
359.1,356.6,353,352.9,346.6,412.4,466.8,625.1
621.3,659.8,654.5,594.8,714.2,758.5,749.1,741.9
323.3,321.5,323.5,323.4,316.8,410.9,487.7,545
325.9,431.5,415.8,457.6,539.3,553.4,589.4,697.1
478.4,479.7,489.5,498.9,508.8,514.4,519.5,503.4
478,491.5,497.8,485.6,484.1,490.9,504.5,512.4
324.3,356.1,353.8,486.7,462.6,506.7,532.6,579.3
446,446.7,447.4,440.8,425.6,417.4,451.3,450.1
854.2,864.9,858.2,827.5,855.6,888.8,904.8,911.5
763.8,755.6,779,809.6,781.3,740,735.6,744.9
262.5,263.1,262.1,257.2,254.7,254.7,254.7,255
401.5,407.3,398.4,390.9,388.1,390.1,394,393.2
683.2,678.8,683.9,684.7,668.5,668.7,691.4,769.4
368.2,364.2,358.2,386.9,434.3,450.3,479.5,507.6
323,319.9,312.2,309.8,312.9,315.1,316.1,315.8
419.9,416.2,402.4,392.7,392.3,396.7,402.3,406
441.3,478.3,444.8,387.6,377.4,369.6,688.9,697.2
451.7,461.2,455.3,464.2,490.5,507,493.4,586.1
729.4,774.5,816,825.4,809.9,786.9,787.2,835.4
363.4,363.7,362.9,365.8,362.9,364.2,359.1,475.1
419.8,421.5,423.9,424.3,424.5,424.1,425,423.4
468.1,461.3,459.9,467.6,478,473.7,466.7,464.5
647.5,653.6,638.7,642.9,652.4,665.7,702.7,734.4
324.7,329.9,332.7,329.6,329.7,331.4,332.6,333.7
454.8,706.1,804.3,794.3,628.1,589.3,855.3,1015.2
254.9,254.8,254.5,256.2,256.2,257.3,256.2,238.5
364.3,351.7,362.3,359.9,352,351.1,327,423.9
290.3,288.5,285.3,284.9,282.9,283.5,283.9,285.7
362.9,382,408.6,384,394.5,408.1,433.6,510.8
531.9,553.9,550.8,546.5,539.9,562.6,712.2,790.5
542.1,599.3,588.5,562.1,539,536.5,564.7,636.4
314.6,313,312.7,312.3,314,313.5,314.9,314.6
493.6,484.2,484.8,485.5,484.8,485.3,493.1,498.7
394.5,449,453.3,419.7,390.6,385.2,387.4,467.2
361.3,359.5,355.7,352.7,351.7,353.1,354.3,355.6
571.1,583.9,576.1,542.2,527,536.2,555.6,574.9
451.6,437.1,461.3,454.8,444.7,440.2,440.3,441.1
460.1,518.7,505.1,506.5,533.9,554.4,565,585.1
630.8,615.7,592.9,627.2,816.9,827.1,741.9,698.9
536.6,552.5,533.2,567.7,607.1,572.6,565.3,575.3
342.5,358.1,348.8,342.5,342.4,342.8,340.5,335.6
473,479.7,508.1,529.8,508,506.4,522.2,539.9
579.8,648.7,659,625,595.5,601.7,614.6,637.9
519,506.2,501.1,499.4,513.8,517.1,511.4,508.9
355.1,350.8,337.9,337.9,344.5,350.2,350,350.1
451.3,445.6,444.7,439.4,438.9,437.7,435.9,434.9
475.8,461.1,475.4,470.4,452.8,440.2,443.2,458.6
413.9,416.5,406.1,403.7,396.8,389.7,387.5,363.5
330.2,330.6,331.4,330.5,329.7,329.5,329.9,331.6
452.9,448.5,431.6,431.5,445.5,483.4,491.9,469.8
450.8,449.7,450.4,433.8,423.7,424.1,428.6,427.2
479.5,514.4,516.2,487.3,485.7,488.5,488.7,490.6
614.7,608.8,565.9,547.5,551.7,589,639.4,624
273,287,268.9,446.4,392.6,426.6,493.9,603
509.8,505.7,529.6,558.8,578.3,596.9,623.2,623
406.6,404.7,439.8,405.4,553.4,611.8,654.9,710.9
581.7,618.7,602.1,760.6,762,754.3,756.9,724.5
422.1,433.3,443.2,384.7,357.7,358.9,355.5,350.5
447.1,446.4,455.3,457,462.7,490.2,694.5,918.1
622.1,578.3,612.3,649,630.4,618.2,653.6,750.5
404.1,380.7,374.7,367.8,356.7,353.7,445.5,833.3
321.3,317.9,316.8,316.5,317.5,315.8,299.2,682.5
341.6,337.8,345.6,340.3,334.1,383.4,444.2,493.4
568.3,539.3,539.6,573.7,593.1,571.4,583.8,689
568.1,562.1,550.7,551.9,558.6,577.1,613.6,819.2
550.7,546.7,548.6,549.3,556.3,571.1,593.9,698.6
648.7,649.7,662.5,668,676.9,685.9,714.3,731.2
511.4,512.2,517.2,526.7,546.9,648,830.8,847
414.1,391.1,418.5,445.9,418.6,392.7,395,392.2
692.6,691.3,730.5,725.8,706.3,696.8,699.4,706.9
638.1,713,729.7,713.5,690.1,700.5,726,830.3
669.8,664.6,678,685.8,689.1,687.5,695.2,715.6
500.2,504.9,512.8,512.5,506,509.2,514.3,526.2
376.6,431.9,498.2,475.1,409.9,386.3,391.9,397.9
473.2,475.9,481.8,412,372.6,407.8,458.2,497
403,404.8,406.5,400,395.9,398.2,400.5,401.6
376.4,372,372.6,374.1,375.8,377,378.1,381.5
697.9,692.6,646.5,624.4,594.2,548.2,556.4,570.6
534.2,520,525.6,517.4,520.1,517,519.5,524.9
644.3,625.2,618,595,574.7,563.4,573.2,581.1
608.1,606.3,633.9,622,615.1,619.7,706.8,798.6
435.1,536.8,526.2,470,453.3,615.6,726.1,794.9
684.4,669.7,671.3,695.4,703.9,705.5,713,732
452,645,631.3,649.6,610.9,622.8,672.9,709.9
447.1,445.3,462.1,497.6,509.2,547.5,572,572
628.1,614,620.3,629.9,636.2,637.3,651.5,688.4
457.2,453.1,528.5,1690.3,1803.9,1805.6,1824.7,1856.7
687.3,724.2,707.7,690.9,728.1,729.5,724.2,721.6
347.1,346.7,347.4,349.2,347.7,378.8,429.3,453.8
493.9,497.3,503.7,507.1,510.1,514,526.2,564.9
669.5,606.9,673.1,626.7,614,619.6,630,634.4
394.1,392.8,394.9,397.5,399.2,402.1,403.6,398
395.2,395.5,394.6,398.1,400.6,396.7,526.6,535.7
555.3,552.8,558.1,577.2,610.8,607,598.6,597.2
501.1,499.9,496.9,492.3,502,513.3,509.4,510
429,495.6,490,492.5,484.5,516.9,546.3,780.5
766,800.3,803,792.9,772.3,767.1,788,798.7
599.7,604.6,644,658.6,618.1,607.7,610.6,612.5
354.5,353.6,360,362.6,367.8,368.9,361.4,570.2
546.6,534,531,544.2,558.7,558.2,554.5,558.3
421.9,422.5,423.8,427.4,433.5,446.6,449.7,454.8
445.4,432.9,445.6,442.4,435.2,432.5,435.8,441.7
438.5,449.6,450.2,446.8,441.9,441.1,443,446.9
520.5,510,504.2,507.7,509.5,508.4,510.1,544.9
459.1,447.3,526.2,490.4,464.5,474.7,543.5,569.3
624.8,584.5,602,601.4,591.5,589.5,596.3,594.6
515.7,584.9,611.7,642.4,724,626.6,692.8,810.9
410.6,416.3,418.7,415.1,413.8,415.3,417.8,413.8
417.3,414,419.3,422.6,422.1,420.3,420.5,422.7
499,484.9,494.1,507.8,507.3,503.3,502.1,500.8
547.8,546.5,552.5,568,583.3,586.5,588.3,593.2
658.7,660,654.8,671.8,697.7,713.9,707.7,700.9
398.6,391.1,388.9,388,396.1,399.4,398.2,397.9
542.5,521.7,533.3,552.9,553.8,536.9,529,530.4
714.9,693.3,708,700,770.4,771.3,783.2,815.7
319.1,316.5,318.1,320.3,321.2,322.1,322.6,318.6
471.5,483,498.3,493.8,494.6,500.7,509.6,583.5
412.5,412.2,423.3,418.9,414.6,414.5,415.7,418.6
388.1,383.7,385.1,387.6,388.6,387.9,388.1,389
464.7,459.2,468.1,479.9,477.1,476,475.9,473.4
666.4,678.5,681.8,690,687.9,687.3,686.9,705.6
424.7,424.2,425.9,429.1,432.9,435.6,435,530.6
477.5,465.7,469.2,486.2,489.4,481.2,480.3,484.9
471.8,445.3,451.1,457.5,448.7,436.8,437.4,442
426.1,426.2,431.3,435.7,438.8,442.4,444.4,436.9
479.1,476,481.1,490.7,499,500.6,501.9,505
537.1,531.3,528.9,532.7,549,569.1,566.7,561.9
628.7,593.5,612.4,658.6,677.9,672.2,667.8,674.5
584.2,573.6,579.2,598.6,609.7,609.4,610,658.3
602,614.3,608.3,609.5,621.8,648.9,700.2,784.4
409,405.3,412.4,413.7,415,408.5,548.3,633.4
700,694.1,696.8,731.8,735.7,719.6,711.6,719.8
483.4,476.9,483.7,493.2,496.8,495.1,495.7,497
385.1,387.8,386.6,388.8,393.8,383.7,509.2,669.3
403.3,397.6,396.1,396.6,397.3,398.5,399.9,401
645.4,666.8,662.2,648.4,677.2,682.5,718.4,727.5
486.8,505.5,496.6,493.1,493.1,492.9,490.2,497.1
643.3,673.1,673.4,683.8,707.3,726.9,750,787.3
510.2,528.1,510.4,447.6,476.4,581.9,606.2,599.4
478.5,429.4,520.5,513.4,480.9,457,456.5,461.3
670.4,651.5,649.8,672.6,709.3,738.8,744.9,745.9
485.7,507.7,501.6,493.6,492.3,495,574.1,614
541.8,567.6,572.2,568.6,564.4,585,672.5,673.4
512.3,513,507.1,531.3,529,523,526.9,535
569.7,583.7,590.9,578.3,587.2,618,642.3,766.8
592,602.7,603.8,608,612.6,617.5,615.3,621.2
463.7,480.5,461.9,456.6,461,466.4,467.2,459.7
448.7,463.7,466.6,464.2,467.2,466.8,468,378.5
390,397.4,401.5,404.3,404.2,405.1,406.9,399.9
638.8,641.4,645.2,644.4,646.1,648.2,660.6,679.4
599.9,611.3,619.9,621.8,622.3,633.4,686.7,684.1
616.6,624.8,625.2,602.7,586.8,588.4,587.6,683.8
629.7,632.7,635,637.9,650.4,675.6,717.6,733.9
599.1,606.2,615.2,611.9,613.8,626.2,659.6,736.9
540.3,551.2,561.3,610.6,599.5,585.6,583.6,585.5
447.5,456.4,473.9,491.6,478.1,470.2,471.5,473.8
787.4,827.2,832.4,829,832.3,828.1,833.6,853.9
595.9,614.2,631.3,625.6,627.4,637.5,655.4,680
707.6,714.3,723.1,713.9,715.2,719.8,734.8,760.3
638.9,637.4,653.2,643.1,639.9,647,664,689.9
445.1,468.4,458.2,442.5,446.3,449.8,451.7,454.1
536.8,542.5,545.7,539.2,539.6,545.2,551,557.2
627.8,640.8,640.6,646.5,651,652.8,658.3,668.9
587.1,596.6,613.1,602.7,604.1,609.2,620,633.4
486.9,500,495.2,491.9,496.3,496.9,497.9,500
601.2,614.9,612.8,609.2,612.5,615.2,616.6,620.4
560.1,571.8,577.4,572.5,572,576.3,577.2,579.1
638.4,652.9,676.2,670.9,674.6,671.3,672,674.9
444.7,456.9,456.3,452.5,456.8,458.2,459.3,460.5
391.3,393.6,389.4,388.7,393,398,398.6,395.4
597.2,624.4,632.3,630.9,622.3,628.9,637.6,648.4
628.8,645.3,658,652.1,651.5,666.2,684,705.9
501.9,506.6,506.5,504.5,501,506.7,510.8,514.2
505.1,514.7,522.4,517.7,517.9,521.6,525,617.4
721.7,729.6,737,751.5,789.2,840.1,876.6,899.7
730.5,735.2,728,732.3,731.3,731.9,738.7,757.9
559.3,575,584.8,594.3,625.3,684.1,735.8,693.9
502,497.2,498.3,505.8,527.6,628.9,709.2,745.9
691.2,697.9,702.8,697.7,695.3,702.5,720.6,745.9
405.7,467.1,415.8,431,427,584.4,798.9,914.9
538.5,561.8,570.4,583.1,598.7,629.6,635.2,637.6
392,403.7,399.3,402.1,406,409.7,405.4,393.1
641.4,649.4,655.8,653.2,650.1,654.1,665.3,687
638.9,658.4,671.9,662,667.1,684.4,713.3,761.7
436.4,437.9,443.4,443.9,444.2,447.6,451.5,446.6
453.6,453.5,458,455.1,548.4,545.9,567.1,618.6
595.2,615.3,661.4,642.7,636.6,641.4,660.3,646
627.9,640.1,662,686.7,683.8,674.1,682.8,697.6
401.8,410,430,427.8,435.2,438.8,440,452.8
633.6,649.4,686.8,691.5,681,681.1,691.3,705.8
840.7,861.5,869.5,862.6,863,872.2,886.2,901.3
773.9,794.7,806.4,801.3,795,798.3,808.1,822.1
401.9,410.5,405.8,404.6,408.4,413.2,414.9,413.5
751.2,747.5,786.3,803.7,796.4,793,801.5,824.8
438.4,441.8,443.6,449.1,458.9,469.2,484.6,566.5
458.8,456.8,461.5,461.5,459.3,462.4,464.6,472.6
476.9,489.7,500.4,495.4,486.3,488.7,494.5,502.9
598.6,620.7,617.7,613.7,617.3,628.9,660.5,743.4
839.4,845.8,858.5,864.4,871.5,869.9,865.2,866.6
533.2,530.7,534,540.9,543.8,545,542.4,542.7
472.4,485.4,485.9,489.9,489.1,487.7,488.1,594.1
503.2,506,514.4,515.5,511.5,512.6,516.4,604.4
622.1,637.5,653.7,657.5,646.2,647.5,650.7,660.6
435.1,437.7,437.5,436.3,438.4,475.2,479.2,569.5
599.8,619.9,621.3,617.6,635.5,682.1,759.7,764.2
726.1,745,747.7,746.4,758.3,782.9,802.2,822.4
421.4,426.2,430.9,429.9,430.7,431.2,434.2,438.8
625.2,642.1,637.3,643.1,646.6,653.4,657.3,662.8
746.9,769.7,788.8,779.6,779.5,793.4,819.5,841.5
403.4,409.1,411.8,411,412.5,413.9,414.4,445.5
546.9,561.6,569.8,567.6,568,577.7,620.9,718.1
459.2,478.2,469.6,466,468.2,475.9,480.6,469.8
413.2,420.6,425.8,422.5,421.5,423.1,425.3,427.7
596.7,598,600.8,602.5,602.4,600.9,604.2,610.2
574.8,586.9,574.6,580.5,599.6,640.8,673.3,651.4
658.1,655.9,653.7,655.8,663.7,687.6,760.2,803.8
489.4,497.4,497.4,496.4,494.5,495.1,499.2,503.3
610.7,641,642.8,630.5,633.3,647.8,678.9,717.7
628.3,637.9,635.2,634.6,635,642,648.3,653.7
474,478,476,475.3,478.4,479.5,480.7,483.4
486.4,506.1,481.8,485,493.1,485.5,697,1153.2
509.1,522.8,516.8,523.1,528,535.6,549.5,572.2
611.8,624.6,624.3,617.7,620.5,624.5,635.1,653.8
658.2,678.4,690.2,677.2,673.7,675.2,681.8,693.4
559.7,573,593.7,585.9,583.6,583.8,638.1,685.6
693.7,720.5,740.6,760.2,756,745.2,753.2,772.1
582.6,595.4,588.4,589.2,594.2,593.4,596.8,608
498.4,509.7,511.9,503.3,518.1,513.3,515.5,520.4
642,658.4,693.6,709.1,701.9,710.7,730.7,749.1
655.5,680.6,678.7,676.3,685.6,712,744.1,772.2
563.8,570.1,569,572.8,573.3,579.8,584.8,587.7
439.5,443.9,439.8,439.2,441.3,446.8,454.8,463.4
527.4,540.6,537.5,534.9,537,541.9,549.7,555.9
540.1,569.3,564.7,548.9,550.2,560.9,607.7,634
529.9,545.8,535.8,534.4,537.9,546.2,554.4,562.1
470.5,482.3,482.9,474.2,473.8,483.3,502.3,618.2
515.6,564,581.1,550.1,587.6,679.6,731.4,688.5
513.3,515.3,518.1,516.2,514.2,516.8,524.6,535
577.8,581.5,603.4,598.6,588.2,590.8,604.1,637.3
676.5,699.7,716.9,720.7,715.1,719.7,737.4,773.9
473.4,489,523.2,514,498,503.5,504.5,508.5
448,439.2,479.4,503.9,487.6,485.8,481.1,503.8
666,678.3,685.4,688.9,701.8,723.4,759.1,788.6
431.1,451.2,444.9,437.2,433.1,432.4,441.5,451
491.4,499,513.3,527.2,530.8,535.1,599.2,591.5
443.6,508.1,499.5,478.2,459.5,464.6,467.7,459.3
497,494.4,489.6,487.4,490.7,500.8,517.8,542.4
491.4,501.9,505.7,501.7,488.9,484.8,486,488.3
457.5,458.3,449.1,439.1,430.5,430.6,436.5,436.6
336.9,343.4,338.1,333.2,332.7,331.6,332.2,332.7
332.2,320.1,307.6,293.5,286.9,287.6,286,348.9
546.6,576.4,566.3,557,558.6,565.5,576.4,580.9
615.2,602.9,636.2,637.9,627.2,619.7,627.4,653
567,606.8,605.2,600,591.6,605.4,607.3,607
576.3,572,555.7,552.6,561.8,572,574.4,576.6
586.3,567.6,549.7,556.7,567.9,596.7,628.1,633.4
480.3,489.8,482.1,472.3,469.5,488,519.3,535.8
771.4,773.1,784.5,787.4,774.5,783.5,810.7,831.5
666.4,696.1,707.9,701.6,693.8,694.8,705.2,720.5
692.9,693.6,711.8,706.4,701.9,704.7,711.2,719.4
516.7,546.4,546.3,538.5,535.4,534.9,537.4,539.9
650.1,601.8,691.9,687.6,664.7,669.3,713.7,704.6
618,641.9,641.8,635.5,628.5,620.5,619.5,622.1
435.3,489.8,489.3,478.7,464,456.6,454.1,455.7
394.1,410.8,395.6,380.9,378.5,380.6,386.1,388.8
543.4,553,550.4,542.3,536,536.2,535.4,538.6
476.8,501.9,502,496.2,484.3,476.3,475.7,477.8
567.8,591.3,574.3,562.5,565,573.5,586.5,589.4
443.4,490.1,497.9,490.2,476.4,475.2,478.4,475.9
444,460.8,468.9,459.7,451,446.3,448,453
703.5,701.2,696.6,680.4,682.5,694.9,739.8,769.6
638.9,700.4,697,675.1,672.8,676.4,696.4,712.3
529.5,500.7,489.2,488.1,494.1,517.3,565.7,623.7
450.5,443.4,437.6,436.7,439,442,447.3,457.3
660.1,692.6,688.5,675.4,673.2,684.5,686.5,698.4
486.2,479,487,530.1,587,588.7,568.7,588.5
381,384.2,371.4,367,366.1,363.5,364,365.4
581.8,623.6,689.8,716.4,711.2,704,700.4,698.6
373.9,371.8,362.9,358.1,355.7,356.9,358.8,360.4
480.1,479.1,462.2,460.4,459.8,460.2,465,448
532.9,543.2,576.8,567.4,551.2,546.5,554.9,584.3
425.1,544,551.7,548,535.4,529.1,528.7,528.7
420.2,443,440.8,437.3,425.5,423.1,377.5,359
578.6,611.8,689.5,681.5,679,683.4,671.1,698
799.6,827.9,837,838.7,829.7,826.4,835.6,848.8
747.2,748.7,749.3,774.4,767.5,764.6,770.3,777.8
466.6,531.9,526.6,496.5,480.4,481.5,489.7,496
680.1,695.4,717.8,711.8,703.7,705.5,714.8,728.1
509.2,503.5,482.6,496.7,514.3,544.2,559.5,560
362,371.4,387.3,385.1,373.8,356.1,360.2,360.5
478.6,499.7,499.9,477.8,464.7,468.6,477.1,465.5
509.2,520.9,513.1,495.8,484.6,493.3,496.6,494.1
551.8,552.7,534.8,528.9,531.6,547.5,561,569.2
461.2,498.7,493.1,474.6,468.9,485,509.5,512.2
708.9,726.5,721.4,716.5,714.3,721.2,736.3,745.2
377.4,389.8,379.2,367.1,361.9,364.2,368.7,368.8
413.6,409.6,401.5,398.4,399.6,400.3,403.2,404.7
438.4,441.5,433.4,425.5,424.6,426.6,430.4,432.7
486.3,517,505.9,495,491,493.5,497.7,501
434.8,415.2,377.6,356.2,349.3,356.2,357.5,348.2
485.6,508.1,492.8,482.1,482.3,487.5,496.3,501.8
647.3,677.7,667.9,665.3,668,687.5,702.8,712.7
309.6,329.8,322.2,310.8,310.7,311.2,329.5,351.7
726,774.4,786.1,779.5,771.4,768,787.3,804.4
322.3,319.6,315.9,314.9,313.8,314.2,315.6,315.3
557.5,563.1,548.2,540.4,544.3,552.2,562.7,574.9
384.6,420.1,411.4,398.4,398.9,401,403.3,402.5
330.4,362.2,361.4,356.1,347.1,343.2,344.1,346.1
523.4,527.5,546.3,540.2,528.3,533.7,538.5,539
595.9,596.7,593.3,585,587.6,601.4,639.9,647.1
637.5,633.8,609.8,601.2,619.2,637.3,665.4,697.7
384.6,397.8,406.3,395.9,382.7,374.2,372.4,367.8
568.7,692.3,694,653.4,648.3,660,691.7,730.1
364.6,408.7,408.3,405.2,391.3,385.6,385,385.3
677.1,701,699,698.6,697.3,703.6,716.1,739.3
534.3,583.1,583.1,578.5,570.1,563.6,558.6,564.2
478,492.6,555.4,540.3,553.8,527,528.1,544.1
416.2,415.1,410.7,406.8,405.9,406.2,408.7,410.1
581,598.2,596,595.3,595.4,596.1,592.7,592.2
497.8,540.1,539.5,530.7,527.8,527.4,528.8,527.9
569.8,571.7,557.7,556.1,557.7,563.7,564.5,570.1
700.4,640.2,714.5,713.3,701.1,699.5,703.9,709.7
461.8,483.2,491.3,479.5,469.8,467.4,470.3,476.5
528.2,546.8,535,533.2,558.3,529.8,541.3,610.8
650.3,644.5,635.5,637,644.3,662.5,679,685
563.8,564.6,559,554.8,556.1,558.2,561.9,563.6
402.4,402.2,390,389.4,391.7,388.5,390,390.8
388.3,406.6,402.4,397.9,396.4,396.2,396.3,397.3
469.5,551.3,552.9,548.3,535.8,517.4,507.7,504
478.9,489.6,483.6,467.1,460.1,458.7,461.2,466.6
352.9,346.4,330,324.9,325.6,329.3,337.8,341
472.8,479.2,499.5,527.7,565.5,589.3,599.5,592.9
431.6,542.4,559.6,555.3,550,545,498.8,488.7
448.9,441.6,440.8,437.1,432.5,434.8,436.6,441.1
638.1,654.9,659.4,622,653.2,663.5,656.4,663.5
495.1,501.2,493.8,493.2,516.2,530.1,516.6,523.9
340.4,397.2,448.7,458,450.4,431.7,423.2,444.1
658.1,642.7,670.2,664.6,654.3,652.6,653.5,663.1
429.3,421.9,410.3,406.8,406,413.5,416.9,411.4
454.9,467.4,451.1,446.5,448.2,452.8,447.2,512.1
602,604.5,596.4,568.6,546.8,547,552,559.1
549.5,550.4,546.7,543.5,539.3,544.9,557.3,571.9
562.8,561.7,555.3,547.7,531.5,530.2,538,540.9
514.5,518.5,451.3,343.9,358.2,355.8,349.7,343.6
346.5,363.6,358.3,340.6,333.2,332.9,332.6,332
346.6,337.2,324.3,317.1,388.8,475.3,638.1,726.4
556,564,560.8,549.5,543.9,551.3,559.9,563.9
570.3,642,631.9,600.4,592.9,611.4,647.5,686.6
604.6,606.1,593.1,576.9,580.4,587.5,600.8,612
664.4,664.6,656,656.8,669,698.1,719.6,734.3
600.1,609,618.1,628.1,633.2,622.6,657.4,725.1
575.7,585.9,589.7,578.3,579.3,602.8,663.9,687.4
449.5,447.6,446.6,429.8,422.3,418.9,418.4,419.2
842.6,884.7,883.6,864.9,836.7,855.1,888.7,903.7
656.3,730.3,736,647.2,659.2,705.1,785.3,846.3
702.1,717.7,717.7,713,710.6,708.4,712.7,746.7
583.3,585.7,578.8,564.4,562.1,564.6,570.4,572.4
388.9,421.5,425.6,384.4,396,391.7,378.8,375.9
567.5,556,537.7,491.2,469.3,524.6,531.4,573.8
709.8,704,695.2,680.4,661.7,656.9,670.5,727.6
592.4,592.6,593.5,588.5,572.9,570.6,577.9,582.7
491.1,490.5,488.3,481.1,479.5,480.4,481.9,482.7
404,403.5,386.3,373.3,373.2,375.6,377.9,378.5
653.9,653.3,642.7,629.7,632.3,633.3,635.9,641.8
560.3,571.3,563.1,556.1,556.8,573.3,606.5,655.4
470.5,465,446,434.2,429.7,471.1,471.5,463.4
442.6,437.5,437.9,420,412,413.9,415.4,412.2
737.1,784,709.4,622.8,646.8,694.4,769.5,912.9
681.1,683.7,673.3,660.8,663.8,678.2,708.7,737.8
478.7,547.2,498.9,483.9,501,524.1,548.6,552.8
473.3,461.2,452.5,454,466.4,532.9,577.3,576.7
749.2,748.4,739,719.3,714.8,733.6,771.9,807.4
391.3,396.7,385.9,382.6,380.6,384.3,380.2,450.4
620.5,654.5,671.6,639.2,633.5,643.4,890.3,952.9
575.8,597.8,597.8,598.1,593.8,628,650.8,667.1
370.7,350.5,343.2,344.1,345.8,331.2,373.1,544.8
536.9,533.3,527.4,522,520.4,528.6,551.9,586.6
814.5,805.3,848,894.6,900.7,803,811.1,933
358,356.9,355.2,355.8,357.8,359.4,357.3,349.1
438,436.8,535.5,628.9,670.9,670.2,780.5,819.1
637.9,657.8,659.2,647.1,623.1,620.2,631.8,647.3
595.5,597.4,591,585.6,589.8,595.8,681.3,719
367.8,333.3,320.4,320.5,354.8,434.8,594.8,759.7
686.6,694.5,701.2,698.8,787.7,809.3,1085.7,1463.4
889,897.4,876.3,857.9,880.1,907.5,929.7,951.5
817.5,816.4,745.6,776.4,827.3,849.3,861.7,890.1
348.7,337.2,333,336.2,335.1,335.9,327.7,309
471.8,468.8,464.3,468.5,470.1,473.1,475,514.1
759.5,766.3,742.7,719.6,699.3,686,726.1,826.4
436.6,400.1,384.3,392.1,422.3,520.4,543.8,514.4
446.3,435.5,412.6,391.2,384,385.1,389.4,394.3
497.2,508.5,463.3,428.3,414.3,418.9,434.9,441.9
694.5,697.3,689.5,669.2,659,751.1,809.2,873.5
581.9,659.2,619.1,495.9,523.6,685.4,670.2,742
767.9,764.6,768,759.1,719,724.2,742.8,787.6
565.7,578.7,535,545.3,571.2,587.3,618.1,657.6
424.6,423.4,420.2,425.7,427.6,426.7,621.8,880
488.7,492.2,490.5,489,489.7,492.8,496.6,496.1
657.6,658.5,651.9,639.8,639.3,643.4,647.6,656.9
362.6,346.4,342.7,345.8,403.2,574.4,592.8,645.6
590,590.3,581.4,572.5,576,601.2,699.6,798.2
724,732.2,768.6,765.2,779.1,842,898.2,922.7
347.5,347.2,341.5,339.1,340.1,340.8,341.4,341.7
589.4,586.6,570.4,553.2,545.7,547.2,553.1,556.2
824.2,835.9,831.4,829.8,831.6,869.4,935,970.7
310.9,308.4,302.2,299.7,300.5,302.4,302.8,332.2
548.2,640.1,646.4,673.1,678.4,663.8,666.2,671.2
369.1,401.8,390.8,385.1,373.5,368.4,428,485.3
370.3,368.6,366.2,363.5,361.9,362.9,363.2,364.1
588.6,601.6,604.1,607.7,607.1,614.3,711.5,850.2
636.6,691,679.2,667.3,675.1,692.8,682.1,671.6
696.3,689.2,676.6,671.8,673.6,708,827.1,843.5
387.6,385.3,383.1,376.2,375.2,380,381.2,380.4
527.7,528,526.9,523.9,520.3,520.8,527.2,535.3
493.1,557.9,571.3,565.3,524.2,493.9,508,551
520.9,521,514,509.8,507.2,510.3,512.7,517.6
403.6,398.9,389.3,390.2,391.7,394.9,395.4,396.8
572.6,567.1,547,537.1,536.4,542.9,552.1,565.2
579.9,577.4,566.6,566.1,570.3,572.3,570.5,573.8
601.4,617.8,607.9,593.3,588.9,609.2,629.6,651.3
732.4,755.3,761.2,747,740.5,749.5,769.4,803
616.2,621.4,610.1,602.5,602.1,614.2,633.6,654.5
362,342.6,346.3,347.7,344,513.5,616.9,668.7
712.1,726.7,729,744.1,753.6,781,793.3,801.2
645.2,655.8,650.5,645.1,667.2,723.1,762.6,768.3
565,567.5,560.8,557.3,560.8,565.5,572.9,580
441.5,448.7,442.7,428.6,427.1,431.6,437.7,443
487.4,484.6,479,475.9,475.7,477.8,480.4,481.7
605,611.9,622.3,613.8,609.7,610.4,612.8,617.2
427.1,411,392.7,391.8,390.8,393.1,393.3,396.2
387.8,376,369.7,370.6,377.1,385.2,390.9,391.4
507,530.9,543.9,548.1,547.7,567.5,614.5,625.8
559.4,554.7,539.3,525.6,513.5,509.3,514.9,523.4
681.3,702.9,701.2,690.6,694.5,726,747.4,768.4
417.7,440.9,446.8,415.2,403.8,403.4,406.2,410.7
760.7,785.2,769.1,740.2,740,753.3,766.3,784.8
344.4,347.6,357.8,368.7,361.4,362,666,1649.1
831.9,820.8,811.2,743,767.7,884.9,913.6,906.5
432.3,606.2,640.4,533.8,476.3,1408.5,1563.3,1810.2
514.3,599.7,710.5,634.6,673.8,716.9,760.3,781.9
447.7,725.4,889.3,668.6,542.4,876.1,927.1,935.3
626.5,799.6,647.3,386.5,612.5,1658.8,1648.6,1661.2
395.7,403.8,410.1,417.3,421.5,421.5,421.5,418.5
345.5,351,351.3,355.6,357.7,356.9,357.9,585.6
600.8,661.6,752.7,706.6,676.2,688,686.9,809.4
707,710.4,710.4,709.8,709.7,732.1,734.6,768.4
757.1,787.2,795.8,790.7,780.2,807.3,863.4,957
666,764.3,811.5,780.3,731,777.9,892,907.5
540.7,516.6,883.2,850.1,862.6,757.5,769.2,753.8
409.9,480.4,524.3,496,442.1,440.3,424.1,404.2
927.9,957.8,970.6,942,954.6,976.1,993.5,992.1
725.4,937.2,1004.1,916.5,824.6,817.4,1080.3,1063.6
775.8,754.4,751.7,785,808.3,797,833.9,947.8
529.2,550.5,560.9,571.8,577.3,646.5,1009,1167.7
372.1,423.4,396.7,364.2,363.7,339.8,679.5,579.3
568,636.2,606.6,499.5,490.7,583.1,916.4,1047.3
587.1,691.8,628,531,521.2,790,1052.1,1626.3
409,432.6,418.3,416.7,398.5,538.5,1741.4,1725
357.8,364.1,364.7,363.5,364.9,910.2,1261.2,1696.7
621,648.1,645.4,642.6,644,645.2,1117,1142.2
526.2,573.5,589.4,644.1,676.5,634.9,712.5,766.1
647.2,745.7,802.1,814.6,727.4,727.8,736.5,870
527.3,529.7,525.2,534,539.9,545.5,545,623.6
470.7,479.4,476.6,475.2,483.8,496.1,492,480.7
748.3,761.3,808.9,761.6,734.2,743.5,751.8,877.3
697.8,680.9,741.1,765.9,716.4,721.1,744.4,809.3
674.7,608.8,427.9,424.8,734.1,878.9,878.6,878.7
492.5,475.8,478.9,490.3,500.2,558.9,774.2,906.8
777.2,769.9,791.3,811.5,810.2,805.7,819.9,857.2
366.5,374.5,386.2,383.9,383.7,386.6,381.1,354.7
634.9,716.9,730.9,699.6,668.7,713.6,769.5,829.6
742.8,587.6,522.5,580.6,821,905,888.7,881.8
501.9,507.5,469.2,469.5,451.9,506.9,619.1,886.1
351.6,370.8,358.7,358.1,359.9,343.2,422.3,968.2
637,649.4,646.3,632.9,634.8,654.7,773.2,842.3
743.1,667.2,777.5,769.1,702.8,705.3,742.6,761.5
416,425.9,442.9,440.9,438.2,443,426.8,535.4
388.8,421,468.4,463.1,446.7,414.3,685.3,850.3
863.3,493.3,914.1,929.5,726.5,722.8,761.6,789.5
742.5,768.9,701.3,719.3,736.9,763.4,782.1,782.9
339,384.4,435.8,420.3,464.6,441.8,506.8,547.4
655,704.2,706.3,673.8,637.7,648.4,697,1067.8
990.2,950,967.2,1010.6,1000.9,1010,1045.8,1074.9
855.5,858.1,840.9,857.1,921.8,1045,1052,1096.9
352.2,355.1,341.6,340.8,335,805.2,1445.2,1590.5
372.9,379.1,383.5,385.2,383.2,381.4,530.5,710.4
683.2,714.9,758.2,767.5,767.9,852.4,1071.9,984.3
425.2,432.5,456.3,465.4,460.2,640.4,1037,1044.1
383.1,382.4,383,383.1,385,382.7,359.7,348.7
478.5,469.6,472.6,495.9,486.5,476.8,476.3,475.7
706,718.2,684.9,665.2,662.2,661.5,645.1,905.8
498.6,530.2,587.2,541.7,443.1,497.5,576.2,903
530.5,575.9,535.7,541.1,540.7,545.7,538,872.7
841,826.9,886.3,899.1,845,842,841.3,909.3
352.1,354.5,375.1,373.7,365.6,365.4,367.5,365.5
444.4,423.7,477.3,483.2,426.2,414.2,498.6,707.9
514.9,524.9,527.8,521.8,516.7,522.3,784.5,1112.2
497.9,510.2,504.3,511.5,516.8,520.5,518.4,480.9
378.2,359.8,353.1,351.1,335.6,560.3,823.8,1239.6
651.7,629.3,674.5,701,662.4,651.4,701.8,756.2
793.2,795.3,793.9,772.4,783.7,844,896,915
369.6,361.5,362.9,371.1,392.5,392.5,387,391.6
484.4,481.7,475.7,467.8,474.3,478.3,476.7,463.3
809.9,845.1,820.9,706,789,918.5,933.7,988.5
273.8,275.5,277.8,278.6,279.9,280.9,281.3,281.6
637.1,701.8,623.9,577.8,579.7,668.4,649.1,690.6
363.2,364.6,364.8,361.5,362.1,364.6,364.6,359.9
385.2,386.2,387.8,387.7,389.6,390.8,391.3,392.3
521.5,525.2,538.8,539.5,520.8,520.9,577.4,703.4
760.2,820,814.8,782.8,780.8,794,808.5,796.2
777.8,777.1,768,624.8,631,674.8,770.8,921.3
410.8,392.2,390.4,406.5,400.9,394.2,395.8,397
534.9,531.4,522.2,521.7,532.8,549.7,557,558.1
421.2,432.2,427.6,388,389.6,386.9,347.3,1005.5
369,377.6,386.1,382.2,381.8,380.8,617.1,840.7
692,686.6,678.5,675.9,677.8,696.1,739.4,795.2
493.3,478.4,474.7,477.1,482.9,484.6,478.9,462.2
774,805,692,631.6,691.8,771.6,746.6,743.1
800,779.1,723.1,737.7,764.1,779.1,796.3,819.4
803.6,795.6,781,778.9,762.5,757.6,773.9,966.2
353.4,337.4,337.8,339.2,336.1,408.3,576.2,666.8
512,556.9,597.3,576.3,515.9,511.4,544.6,584.5
678.9,672.7,638.2,631.7,650.4,714.3,916.8,940.7
536.1,535.8,541.6,547.2,535.8,553.5,619.6,630.3
317.6,322,318.8,313.9,314.5,315.9,299.7,487.5
458.1,453.5,454.2,452.9,455.8,461.2,465.8,459.3
511.2,498.9,476.5,471.1,470.7,465,387.6,903.3
320.8,301.2,299.1,299.8,291.1,292.5,330.9,326.9
372.6,377,383.9,374.9,374.4,371.6,423.2,958.3
332.6,738.5,754.8,763.9,606.9,624.9,621.2,661.3
379.4,384.1,381.7,375,371.5,370.4,349.8,532.4
521.4,510,514.7,519.8,517.8,514.7,643.2,1152
832.6,860.9,787.7,726.9,733.6,804.3,879,897.4
496.7,471.1,438.3,439,419.8,406.7,401.7,543.3
363,315.2,381.3,424.8,392.3,403.4,469.7,441.4
711.6,635.4,648.2,710,647.3,592.5,595,598.7
407.6,416.4,396.7,391.9,400.5,389.4,381.5,382.3
523.9,541.3,555.8,562.2,560.6,559.2,557.3,552.8
519.9,511.9,510.4,504.2,509.1,533.1,541,530.4
414.7,431,430.6,434.5,424.1,413.1,411.9,413.1
500.5,481.3,497.8,526,520.1,517,499.4,496.5
486.8,533.1,516.3,511.8,511,500.7,465.5,445
269.6,275.1,277.6,273.3,267.8,266.1,264.9,265.3
587.5,585,583.6,579.2,581.8,579.8,583.5,583.7
567.5,601,591.9,562.1,541.7,549.8,558.5,551.4
561.5,594.1,591.5,580.3,579.6,582,586.9,592.3
587.9,585.4,578.8,569.1,563.2,565.9,580.3,597
520.9,532.7,538.9,537.6,535.3,543.3,551.2,556.1
516.4,487.9,478.1,531.8,534.5,531.3,500,488.4
696.6,692.5,693.4,690.5,679.1,714,698.1,683.8
665.5,688.1,681.6,669.7,657.7,676.5,684.4,678.6
635.1,640.4,641.5,643.7,645.4,647.1,638,636.9
484.5,479,486.5,475.2,496.3,497.4,480.9,467.2
368.4,378.9,421.8,421.5,424.8,420.5,378.5,366.4
456.6,522.7,549.2,547.1,494.9,501.9,476.5,462.1
593.8,596.1,602.3,605.8,593.1,623.6,616.4,599.8
558.1,564.7,564.8,592,599.6,598.2,584.3,574.5
430.3,419.2,413.3,436.8,456,453.9,444.7,421.2
389.8,389,392.3,389.6,389.7,406.1,396.3,387.9
552.5,582.9,588.2,587.5,593.9,595,585.7,582.5
536.2,516,544.9,555.4,546.7,542.8,537.4,531.9
560.1,568.6,569,561.5,554,561.4,564.7,568.6
500.6,492.2,454.6,402.7,389.6,444.3,551.8,595
267.9,340.8,339.7,320.7,310.4,372.5,500.5,552.3
641.4,645.9,652.5,666.6,685.6,687.1,675.6,669.2
533.5,605.4,592,492.5,478.6,496.5,528.4,569.3
469.3,450,449.7,446.4,448.3,451.2,462,471.2
597.6,603.8,606.4,603.3,597.2,602.2,605.1,603.7
530.6,551.9,559.3,550.8,556.6,558,596.3,603.2
356.3,337.2,331.1,326.1,322.8,321.3,322.1,321.5
562.9,593.8,601.8,580.4,559.6,567.2,580.6,569.2
441.2,441.2,426.5,423.3,427.6,435.6,465.8,498.7
467,468.8,515.7,534.8,620.4,714.1,642.1,694.9
589.6,612.1,612.3,608.2,601.3,595.5,593.9,586.3
578.5,566.6,600.4,599.2,593.8,593.6,590.2,584.5
545.3,601.7,609.1,636.2,631.4,651.3,640,652.8
737.8,748.9,781.3,793,800,807.4,806.2,804.9
678.4,684.7,697.5,688.2,700.9,697.5,694.2,692.8
244.8,239.1,239.9,240.5,241,240.1,239.3,239
463,463.7,464.9,456.6,449,446.6,445.9,445.8
631.4,620.7,633.1,627.2,625.2,629.5,630.1,630.7
394.9,371.9,365.1,396.9,417.7,424.3,420.9,467.8
423.7,434,434.1,429.1,429.3,447.3,445.2,425.6
474.2,469.1,450.8,433.5,434.9,435.6,452.5,446.6
529.9,543.7,563.2,544.3,601.2,722.5,723.1,687.6
598.8,597.1,573,567.4,575.1,596.2,592.7,598.8
706.6,719.5,716.7,734.2,730.5,718.1,721.4,722.9
297.7,295.9,288.7,285.5,285.8,393,342.1,317.8
369.1,421.1,413.7,394.1,385,381,390.3,387.4
492.3,511.7,505.2,499.2,496.7,500.7,506.6,510.4
566.3,557.5,563.4,559.7,556.2,556.3,559,561.4
349.5,342.3,332.2,330.5,334.3,334,331.9,325.6
516,543,553,552.6,548.4,543.3,541,542.3
642.6,670.8,682.8,671,668.9,698.1,700.4,705.1
295.2,296.6,293.7,284.2,289.2,286.4,284,284.1
631.6,631.8,631.7,624.3,625.2,627.7,628.7,627.9
744.6,762.9,769.2,752.9,756.7,780,771.9,770.5
301.8,301.8,296.8,296.1,298.6,298.2,296.3,297.5
583.2,522.1,605.1,589.7,566.6,589.7,586.7,599.7
413.5,415.4,450.4,404.7,385.6,422.2,432.8,414.8
285,286.6,284.7,282.2,284.7,279.7,275.3,279.4
550.6,556.5,555.8,556,540.8,554.9,556.9,551.5
648.1,663.4,648.6,636.4,652.6,683.1,708.9,716.1
644.9,645.6,640.5,629.7,624.8,634.4,642.5,646.4
410,438,427.9,424.8,414,416.3,401.2,396.3
474.4,523.2,544.8,543.8,535.6,533.4,526.9,520.8
402.8,404,437.6,444,448.8,448.6,422.4,415
409.6,395.8,386,391,403.2,425.8,401.9,401.9
516.3,515.9,528,549.1,541.2,544.7,541.7,537.4
610.9,617.8,615.8,625.2,619.7,619.8,616.3,614
499.4,544.1,531,547.6,546.9,542.6,536.2,535.9
651.7,648.9,661.9,669.9,667.3,677.2,678.4,678.2
286.7,296.6,289.8,265.7,257,544.7,764.6,877.9
640.5,680.3,682.4,673.3,664.6,665.1,671.6,668.5
509.1,519.2,521.3,517.7,515.5,512.8,511.1,507.3
435.5,421.4,408.7,399.1,392.3,411.4,412.8,397.5
474.6,472.7,487.3,479.9,461.8,479.3,476.4,467.5
512.8,526.2,476.7,558.6,561.2,533.6,542.8,536
392.8,388.9,381.8,370.8,364.8,360.8,356,354.3
351.6,352.3,347.7,342,343.2,355.5,353.2,344
427.5,548.6,546.8,550,544.8,557.6,569.4,543.4
576.1,576.6,561.5,534.8,520.2,519.8,512.7,511.2
631.7,636.6,632.7,614.8,623.4,633.3,648.4,653.4
675.3,673.1,684,685.4,682.2,689.1,713.4,730.5
437.2,576.2,576.2,559.9,558.8,560.4,483.4,442.7
373.7,380,363.9,332.4,402.1,468.7,421.2,404.4
654.1,655,650.2,637.8,639,627.7,627.4,630.9
462.1,482.5,508.3,507.9,504.4,506.6,535.1,612
560.3,623.6,589,610.2,609.2,651.1,675.4,704.5
490.5,493,505.3,520.5,526.9,492.5,510.9,519.7
489.9,616.9,614.6,561.7,545.3,559,633.4,655.2
625.3,606.7,587,608.8,740.2,751.4,662,748.3
479.3,434.9,462.7,563.6,571.9,477.9,488.9,487
377.2,367.5,349,347.9,353.2,364.7,361,358.6
351.3,352.3,355.8,359.1,361.7,364.2,367.3,368.6
635.6,642.6,693.4,746.1,734.2,689.4,694.8,716.4
676.1,673.8,691.4,768.2,771.5,766.5,761,759.9
646.5,639.2,677.6,686.4,678.4,672.1,676.2,686.2
648.1,650.5,673.6,678.4,671.2,670.7,682.2,703.8
669.6,739.9,767.7,758,750.6,737,776.1,820.5
461.1,536.8,658,676.6,608.7,562.8,558.9,587.1
516,520.8,528.8,538.7,544.5,532.2,613.5,731.5
910.4,915.2,914,909.2,942.5,948.1,938.5,930.7
641.6,759.4,860.9,897.6,897.9,824.5,883.7,902.5
750,766.2,782.2,797.5,806.6,816.9,834,856.7
448,432.1,432.7,414,418.9,435.7,422.4,419.5
482.4,481.1,485.9,485.8,486.9,488.4,481.7,675.1
736.6,705.3,719.3,767.5,762.6,770.2,905.9,969.6
690.1,706.4,695.4,695.2,716.1,730.6,732.8,729.8
438.9,444.7,443.9,445.8,444.5,440.2,439.6,440.2
365.7,373.6,376.3,372.6,365.4,365.8,367.9,370.9
780.3,793.4,800,813,826.6,839.5,847.2,850.8
567.8,597.1,644.7,665.8,675.5,651.1,641.2,656
664,723.6,749.9,749.2,735.4,722.3,726.2,740
379.6,384.3,388.6,378.2,336.1,338.7,900.2,1609.2
405,405.6,412.4,420.1,428.8,428.5,565,593.5
685.8,737.1,768.2,765.9,758.5,753.1,751.3,756.4
604,660.9,600.3,593.2,585.3,675.2,903.1,794.4
524.3,525,515.5,527.2,548.7,583.2,592.8,604
668.2,660.2,664.4,690.7,725,766.8,799.9,820.9
303.3,309.6,310.1,311.5,312.2,306.3,558.7,987.9
452.6,445.9,464.7,549.3,739.9,793.1,789,795.4
342.3,342.3,343.3,343.8,341.7,400.6,519.9,675.1
467.5,488.9,493.3,490.7,493.3,489.6,489.1,494.2
695.5,716.3,749.9,760.1,748.9,749.5,745.1,751.3
456.4,464.8,468.8,475.3,489.3,501.6,502.8,493
527,529.8,518.2,571,586.5,567.9,578.7,605.6
596.7,633.9,642.1,669.8,701.1,681.6,702,721.9
676.9,680.1,707.5,729.2,745.2,743.3,752.7,714.4
362.9,360.8,358.2,355.5,355.3,355.9,354.7,341.7
612.9,634.8,652.2,677.8,699.2,701.3,742,758.1
756,783.1,820.5,831.2,834.4,828.4,830,832
354.3,349,341.7,339.7,340,342.3,345,346.2
454.3,462.5,442.3,467.2,466.2,460.6,458.7,458.6
809.5,839.1,863.8,864.5,867.3,876.4,880.2,890.3
384,377.3,378.5,382.9,397.6,557.8,552.8,485.2
412,447.8,417.4,402.1,394.3,396.5,393.1,404.8
472,461.3,467.6,501.9,559.7,575.1,633.8,613.1
467.6,467.3,472.5,479.5,464.3,473,508,493.9
655.5,743.3,780.4,759.4,752,753.1,769,822.5
488.8,517.7,569.4,606.6,622.6,623.7,620.1,607.2
822,832.7,843.6,859.7,870.6,874.3,867,848.5
361.8,375.9,382.5,376,376.4,378.5,373.1,455.1
465.1,483.8,501.3,506.7,507.6,498.4,487.9,495.3
588.9,628.8,677.3,702.1,689.1,674.9,671.2,676.4
635.8,655,674.6,698.4,711.8,703.8,700.9,713
727.5,780.8,814.7,815.8,800.3,791.5,792.9,800
873,877.8,885.2,895,899,899.9,903.7,909.9
344.4,344.8,345.5,346.3,347.4,343.6,361.6,601.7
428,438.8,499.7,513.8,490.2,494.3,502.6,496.8
394.9,409.8,418.3,414.1,405.8,403.1,410.3,416.1
290.8,294.4,288.6,293.4,297.9,295.5,293.8,295
491.1,498.3,501.3,501.7,498.8,500.1,503.2,504.4
758.8,794.8,836.7,857,873.6,860.7,850.3,849.6
750.7,755.2,756.3,768.9,773.2,782.4,797.7,853.5
371.1,373.4,376,381.5,384.9,386.1,383.9,358.3
596.4,607.8,629.5,669.8,670.8,666.1,653.8,652.5
539.5,562.1,565.6,587.5,601.4,588.4,565.3,568.4
377.5,385.4,383.7,414.4,460.7,592.3,935.6,833
651.1,661.6,679.7,733.4,791.4,792.1,758.8,745.9
552.6,602.9,685.7,707.5,676.1,636.9,627.6,629.8
775,816.2,846.6,870.9,856.8,849.1,847.4,872.7
858.6,876.3,892.8,902.4,915,933.9,940.4,941
799.5,821.5,843.5,856.5,872.5,882.4,893.8,922.1
416.2,423.1,522.3,543.5,464.3,672,799,877.7
727.7,737.5,753.6,763.2,860.3,899,878.9,875.6
736.5,801.4,821.3,821.1,818.9,824.6,824.5,835.5
567.8,600.5,603.1,602.5,620.1,620.6,614.3,613.8
427.1,435.3,397.5,375.2,379.2,402.8,384.7,377.8
518.7,527.6,535.6,551.3,620.2,653,665.9,665.2
517.1,514.3,486.8,485.2,513.1,530,521.2,514.7
478.5,469.2,495.8,533.5,560.5,684.9,756.6,831.5
458.9,467.8,450,442,441.9,434.8,571.3,677.1
725.5,735.8,745.3,736.4,687.9,760.4,757.6,743.8
634.6,686,688.9,696.3,686.2,675,671.3,673.2
798.7,888.2,908.5,910.1,922.6,926.5,922.5,914.4
590.2,526,704,790.5,725.1,686.5,630.3,864.3
374.9,381.1,381.5,375.8,371.9,404.7,651.4,840.4
778.2,789.7,833.3,914.8,910.2,894.2,882.6,885.1
344.3,380.6,376.2,374.6,377.4,378.7,379.1,377.1
415.1,369.8,349.9,352.4,357.7,365.3,364.7,428.2
365.4,386.1,366.9,370.9,369.8,365.6,356.6,348.2
449.2,460.1,420.6,408.7,416.1,424.8,426,417.7
259.4,280.8,284.1,268.4,255.4,252.9,250.7,243.5
266.4,380.7,378.4,369,335.1,322.4,317.4,318.4
331.8,364.4,364.5,363.1,360,357.9,355.2,351.6
430.3,448.1,451.7,452.4,421,388.3,412.1,477.3
454.6,477,471.9,448.2,469.9,483.5,509.1,534.5
377.4,401.4,361.6,452.6,506.9,518.8,443.4,385.4
423.4,396.7,447.6,439.3,422.8,409.2,464.3,473.4
445.3,437.8,431.3,434.8,451.4,457.4,444,439.3
451.5,420.4,414.3,459.3,498,485.2,458.4,443.3
428.4,401.1,377,369.8,435.6,481,505.2,475.7
608.7,678.5,654.3,615.6,615.5,651.4,697.3,731.5
572.9,543.1,524.1,631.5,709.5,726,730.9,731.4
566.1,689.8,690.5,650.1,590,585,584.2,589.2
464.6,480.7,483.4,485.5,434.4,421.1,421.4,432.9
343.4,363.5,362.6,389,401.6,405,399.8,398.5
456,455.6,458.8,484.7,486.8,475,476.5,501.5
411.8,379.9,377.1,393.8,389.8,378.6,369.4,361.8
511.1,541.6,563.3,565.8,526.2,466.1,466.7,479
393.7,397.9,398.2,386.9,379.9,379.2,381.2,382.9
327.5,323.6,315.2,310.8,310.5,310.6,312,313.8
417.4,449.1,457.5,433.9,429.2,431.1,433.3,435.4
493.8,445.4,541.9,553.5,523,488.5,480,480.1
474.1,472.8,485.8,506.7,513,503.3,500.7,502.9
374.1,366,359.1,356.4,355.7,358.2,361.1,360.6
365.8,365.2,364.2,361.4,344.1,340.9,343.7,346.2
720,813.1,888.9,879.2,871.6,870.7,870.1,873.1
664.3,665,641.8,632.2,637,654.6,682.5,728.7
373.1,370,369,369.3,373.4,378.8,383.9,389.1
564.1,545.7,530.4,534.7,520.1,505.4,498.9,497
257.9,254.7,255.4,253.9,257.9,262.2,262.5,261
391.9,403.8,403.7,404.7,402.3,409.6,411.7,420.1
342,340.7,340,340.7,342.1,343.6,343.8,341.8
497.1,540.9,545.3,521.8,506.9,490.2,484.2,520.1
308.5,310.2,308,308.2,307.4,417.2,419.3,377.4
304.1,319,319.4,319.9,317.1,308.5,291.8,444
522.2,586,541.2,534,540.2,554.2,572.4,593.6
442,466.3,450.2,447.6,448.6,452.8,514.1,597
335.2,330.2,324.8,322.6,356.4,361,410.6,418.3
688.5,679.3,656.8,636.2,639.3,647.3,670.9,712.4
673.7,659.1,681.7,673.4,658.4,659.6,670.9,686.7
348.4,368.3,424.3,396.9,367.4,364.2,366.2,370.4
628.3,590.8,634.4,639.1,632.9,629.1,632,637.1
385.5,383.2,377.9,376.9,378,378.7,419.2,436.8
318.6,298.3,294.9,295.1,294.5,291.8,292.3,290.9
339.1,337.4,303.3,305.6,325.3,317.6,311.3,309.4
346.7,375.9,401,401.3,381.5,358.4,350.1,337.1
631.4,675.6,679.4,660.1,693.8,637.9,632,683
375.4,372.7,370.8,374.9,376.3,377.3,378,380.2
360.8,360.4,354.8,350.9,347.5,347.4,343.7,336.6
403.9,404.8,403.9,401.8,400.3,400.4,401.5,402
406.4,410.8,406.5,402.6,402.3,404,407.1,401.6
373.3,377.1,376.4,376.6,372.2,491.2,565.7,560.2
531.4,520,496.2,496.1,535.7,587.7,625.6,627.1
661.8,678.6,667.4,659.6,696.8,716.6,717,706.9
340.7,342,336.8,336.9,342.9,347,345.8,343.6
287.9,286.7,286.7,286.8,286.8,286.9,287.1,287.1
339.2,349.3,358.8,354.4,347.3,345.4,344.2,345.7
447.5,428.3,426.3,455.3,452,443.3,437.8,434.7
347.4,362.1,516.9,575.7,524.5,442.9,430.4,454.4
578,531.2,545.8,595.1,624.3,654.9,609.8,601.5
350.1,352.9,353.4,348.4,344.2,344.8,338.6,339.3
557.7,552.6,594.7,597.2,570.3,561.9,568.3,648.5
377.8,442,496.7,475.5,439.3,414,407.2,403.2
354.1,341.2,376.4,379.5,372.7,361,351.8,348.4
585.2,565,550.3,546.9,543.3,551.2,565.3,595.7
379.5,365.4,364.2,367.5,367.8,368.3,371.2,373.6
634.8,641,639.8,637,647.4,656.5,678.5,699.4
514.8,549.8,553.9,531.3,522.4,518.1,521.2,532
427.2,460,484.5,457.7,413.9,684,703.2,739.6
539.2,561.2,602,606.5,586,564.4,551.4,545.4
395.7,404.8,397.6,389.3,384.7,385.1,388.2,390.1
394.2,396,370.3,374.8,380.7,379.5,372.8,363.8
382.4,384,380.3,379.4,381.1,377.3,370.9,371
339.3,353.5,361.1,442.5,462.9,447.7,423.1,383.4
319.3,316.8,294.2,291.7,290,285.8,280.2,280.3
374.6,373,369.4,369.1,367,366.4,366.2,367.1
429,441.7,392.5,407.5,411.3,403.3,400.2,404.8
569.1,575.5,571.8,567.9,567.9,565.9,552.7,646.6
592.8,529.2,590,647.8,663.5,656.2,625.4,614.3
380,380.7,377.8,374.8,362.7,366.6,370.3,365.3
622.4,609.6,613.5,636.6,648.2,646.3,637.9,619.5
422.4,418.8,420.3,424.8,436,447.6,459.9,471.1
391.5,369.4,363.5,438.4,512.7,594.2,641.3,637.6
555.3,534.7,522.5,508.9,510.8,517.4,608.4,672.9
491.6,484,482.2,484.1,491.5,516.8,568.2,605.9
472.1,459.3,456.2,452.7,449.8,450.8,454.7,455.3
455.4,435.7,425.1,423.6,423.3,426.1,430.2,435.2
368.2,363.7,361.2,359.7,358.9,359.8,361.5,364.5
381.2,379.4,379.5,380.6,382,382,475.9,524.6
511.8,513,522.4,541.3,554.1,583.6,600.3,598.1
645.7,638,639,658,732.5,739,864.5,874.5
548.5,549.3,560.9,575.2,593.6,622.7,599.3,720
624.8,609.2,609.9,619.1,634.9,655.9,683.4,713.9
536.1,522.2,521.6,526.2,570.1,619.2,731.7,739.5
524.6,521.8,532.3,558.2,625.5,656.2,701.2,816.9
472.3,468.8,460.1,456.1,452.8,456.9,460.1,466.1
744.4,725.3,661.4,650.2,683,794.1,894.4,922.1
583.3,576.1,573.2,652.2,653.7,617.5,808.2,938.3
530.1,531.5,542,550.6,546,546.2,550.7,556.1
539,532.8,531.5,535.8,544.3,558.3,572.2,580.3
558.7,549.7,544.8,544,542.8,553.6,565.6,575.3
627.1,619.2,608.1,596.9,592.5,597.9,607,621.2
479.7,478.1,476.7,477.6,479.1,484.1,491.4,504.9
430.2,424.6,422,422.2,423.2,424,424.8,426.9
564.4,559.5,562,566.2,572.3,576.8,586,601.5
526,517,483.2,476.8,480.6,483.1,478.9,479
534.8,516.4,520.2,531.3,540.9,580.4,701.6,721.5
524.8,470.5,465.7,462.7,452,447,455.3,469.6
470.1,401.5,401.5,393.7,439,474.8,551.2,546.4
587.5,583.9,582.1,586.5,603.7,636.1,678.9,703.7
436.3,422,422.8,432.3,456.3,524.4,570.7,597.2
456.5,452.8,454.2,462,472.7,482,485.3,491.1
578.8,571.9,568,568.8,571.6,592.4,610.5,613.5
527.3,524.4,517.7,511.4,511.6,517.2,521.6,523.2
428.9,475.7,495.6,495.7,573.2,578.5,555.1,550.4
396,396.2,397.5,399.8,403.1,405.9,407.9,408.4
534.4,535.8,544.3,551.1,540.5,560.7,619.4,636.1
603.8,595.3,592.9,595.6,594.7,610.3,628.4,633.3
382,377.9,378.7,379.9,381.7,383.9,385.9,385.4
426.4,422.7,423.1,423.3,418.1,507.4,793.8,911.4
559.5,547.5,535.3,539.8,583.1,645.6,648.1,642.4
593.8,583.6,563.6,550.1,544.8,551.2,561.8,569.7
393.4,385.8,385.1,385.5,385.9,386.3,387.4,386.7
562.2,543.8,535.7,532.9,532.1,535.2,540.9,543.9
799.5,773.6,733.1,762,783,809.6,859.6,879.9
654.8,648.9,645.5,661.7,674.1,685.9,695,704.9
396.4,391.6,384.5,382.4,379.6,381.7,383.9,386.1
470.9,458.2,452.2,453.9,456.5,459,462.7,467.2
708.6,695.9,684.6,687.1,676.7,686.6,717,751.9
420.2,415.1,420.8,422.9,459.6,534.6,562.4,630.5
380.3,375.2,350.6,337.5,335.3,335.3,335.9,337.9
464.9,464.2,463,465.7,461.6,464.8,463.5,471.3
578.4,523.8,577.1,728.2,805.5,870.2,862.6,951.1
463.2,464.2,628.7,666.4,670.2,667.7,661.7,671.1
683.4,675.1,658,654.8,669.6,693.2,706.7,718.9
447,441.8,437.5,438,441.4,445.1,445.9,447.3
460.4,449.9,436.7,434.8,434,438.8,441.8,446.1
511.7,510.2,506.6,504.5,505.3,509.7,516.5,524.7
548.1,549.6,529.2,501.7,486.7,491,493.5,499
443.8,444.2,442.5,441.6,441.2,445.1,454.1,460.8
556.2,547.3,544.2,548.8,556.7,574.4,594.4,616.6
727.7,719,715.5,717.5,754,805,828.9,826.6
353.3,374.9,350.9,340.6,342.9,345.6,346.4,345
694.2,693.8,688.5,683,682.9,683.7,685.5,724.5
318.5,317.9,316.6,316.1,315.7,316.7,317.8,318.6
570.2,532,522.1,527.9,539.8,565.9,634.1,667.3
393.1,391.3,388,386.9,387.6,389.3,390.9,393.8
528.6,526,520.9,521.2,519.2,523.9,529.9,540.7
604.9,558,533.9,595.3,650.8,726.8,729.5,716.6
600.5,599.4,610.1,636.4,656.7,703,711.9,715.7
405.9,398.3,392.2,389,390.6,392.5,393.2,392.8
676.9,669.9,650.6,623.3,635.2,687.3,747.1,790.4
583.6,578.1,571.4,567.4,571.6,577.4,582,585.7
585.3,575.1,544.4,516.8,511,511.9,515.1,521.7
616.6,610.1,597.8,590.2,590,603.3,616.9,624.2
623.6,616.4,607.8,600.2,603.2,608.5,625.2,640.2
618.9,600.8,566.8,580.9,604.6,625.2,642.2,678.6
647.5,641.5,631.1,634.8,642.3,659.9,673.9,683.3
440.6,434.2,430.3,432.8,439.1,449.2,456.8,466.6
580.3,569.2,544,535.5,535.1,540.6,546.6,634.5
698.9,670.8,675.3,707.3,693.7,747.9,764.1,779.2
510.5,493.9,485.7,490.3,497,508.7,511.2,513.8
395.2,379.7,384.9,396.1,396.7,385.3,383.2,384
426.9,415.6,409.8,410.3,409.7,412.7,414.8,416
559.8,539,474.7,451.7,445.6,441.4,441.3,438.5
351.1,338.3,334.6,336.2,338.5,340.3,340.1,341.2
447.6,466.5,494.2,576.5,593.5,659.7,617.6,645.1
532.5,523.1,499.6,493.7,494,502.4,510.9,517.4
617,596.5,589.1,595.5,607,635.8,668.5,697.8
718.5,704.9,703.5,715.8,739.5,776.8,810.9,826.3
642.6,634.1,608.6,594.6,595.1,590.8,596.1,610.3
412.7,406.2,396,396,398.2,399,398.9,399.5
704.3,653.3,617.4,632.9,681,753.4,768,778.7
436.7,444.2,448.4,449.3,442.4,435.4,436.2,434
395.5,515.8,555.7,681.4,609.3,781.4,776.1,780.5
456.2,515.1,526.7,524.4,503.9,389.5,388.4,385.3
523.8,535.7,555.5,549.3,533.4,515.3,525.2,552.7
484.4,498,566.6,509.5,498.8,528.3,518.2,598
539.1,616.4,479.1,601.6,890.4,747.2,845.5,1836.2
314.6,314.3,312,310.8,309.9,310.2,312.1,311.5
252.8,246.9,244.6,240.7,458,463.9,527.6,677.9
665.5,683.9,661.6,662.6,669.1,684.7,694.9,710.6
581.2,674,838.5,829,834,844.6,812.6,746.6
598.7,590.5,587.8,585.6,601.2,722.8,893.5,981.3
649.7,653,652.2,665.6,704.3,796.3,822.8,954.6
565.9,611,576,549.9,548.6,554.1,585.3,589.5
451.4,436.6,451.9,525.1,645.6,605.5,480.4,480.5
914,919,940.4,941.8,941.5,810,720.2,689.5
775.3,776.2,664.4,879.5,891.3,885.7,881.1,800.6
761.4,759.2,747.5,699.6,720,770.2,766.7,743.3
742.8,741.7,695.2,508.9,493.4,558.2,729.4,705.2
229.4,257.8,324.6,321.2,246.5,244.9,243.7,241.8
342.8,519.1,387.1,399.4,319.6,387.3,481.9,852.1
613,568.1,619.2,575.7,594.5,730.6,1008.9,1160.4
431.5,431.7,428.7,415.2,405.9,410.7,403.4,447.1
339.5,329,321.6,319.3,319.4,320.9,321.1,323.2
527.3,559.9,548.5,480.7,459.2,459.9,463,463
563.2,733.9,705.5,723.2,672.4,718.8,696.9,863.5
261.5,322.4,418.9,379.7,755,1218.9,1403.8,1458.6
678,744.1,720,731,728.5,732,746.2,770.7
459.4,425.2,420.7,434,460.3,482.3,495.9,514.2
770.4,769.5,757.2,771.6,768.3,774,786.6,784
379.2,373.3,364.4,361.7,362.3,362.7,361.5,359.3
520.5,574.6,487.1,415.2,380.1,360.2,699.6,603.4
511.7,563.8,665.3,668.3,665.7,646.2,661,648.8
360.2,360.5,357.2,356.4,357.9,358.2,347.8,410.1
397.6,391.6,371.6,332.3,338.1,338.5,336.2,313.5
779.3,791.8,989.3,929.8,1128.7,933.6,1044.3,1102.9
374.2,376.7,369.8,369.3,372,374.9,375.7,369.4
582.3,570.1,701.2,766.3,821.5,815.3,876.9,952.7
848.9,851.7,831.1,819.6,785,656.6,367.6,406.3
567.9,575.6,529.1,488.1,471.8,626,796.6,820.2
435.1,507,490.6,577.2,624.2,813.4,792.8,846.8
750.8,755.5,865.8,860.4,839.1,615.8,478.4,866.9
819.3,860.1,854.6,858.6,819.7,797.7,800.3,846.1
304.3,301.4,287.3,275.8,271.5,271.8,269.3,267
492.3,465.4,472.7,462.4,446.4,444.8,447.7,446.8
727.3,725.6,736.3,730.5,723.4,726.7,738.2,757
384.5,376.9,370.3,371.3,399,681.6,793,829
439.5,440,468,492.3,502.8,505,461.3,416.2
367.8,432.6,499.5,512.5,493.1,403.8,389.9,400.8
565.2,592.3,587.6,564.9,489.2,488.3,497,486.7
371.5,569.9,583.5,571.4,479.6,462.8,521.3,532.8
349.3,319.6,318.9,322.3,320.9,318.7,309.9,298.1
816.9,814,827.9,830.6,821.4,821.6,915,1002.2
403,398.3,392.8,387,386.9,383.1,502,651.4
388.8,394.2,367.4,354.6,356.8,357.6,342.8,326.6
584.6,578.6,563.1,505.7,493.6,495.4,501.3,495.7
357.2,350,338.6,403.8,407.4,481,615.6,756.3
555.8,537.2,587.6,591.8,582.7,549,529.1,541.3
789.3,775.3,848.1,879.4,857.7,742.7,842.6,911.4
270.2,260.8,249.3,245.9,244.1,242.7,236.3,414.9
898.4,908.8,900.6,897.4,865,876.7,952.3,1148.5
330.6,327.5,323.3,316.7,316,313.7,294.4,518.3
651.8,650.7,633.3,605.2,647.5,659.8,692.2,645.8
470.1,592.6,630.8,588.3,484.7,460.4,562.7,756.5
292,293.8,289.5,284.7,285.6,277.1,275.3,862.7
464,463.5,455.2,453,454.5,456.2,529.9,490.8
474,519.9,769.1,769.6,772.2,775.6,757.8,772.8
734.7,754.7,733.9,729.2,762,835.2,870.1,807.1
388.1,385.3,369.2,356.6,349,345.9,344.9,345.6
603.2,618.3,607.8,570.1,534.9,538.8,552.3,564.7
472.9,530.7,531.7,497.4,398.9,352.4,334.2,329.2
387.2,379.8,372,366.2,365.5,366.5,368.5,366.6
617.9,658,663.9,639.5,618.9,617.7,624.2,653.8
688.3,675.7,639.9,647.7,672.4,643.5,646.8,645.5
655.6,787.8,777.3,760.5,743.3,693.6,677.2,788.1
695,707.5,712.1,733.8,743.7,733.3,711.5,722.6
628.9,672.9,657.6,662.5,770.6,833.4,771.1,733.6
400.2,387.6,344,308.3,447.5,580.9,676.7,890.1
666.8,667.8,657.6,639.5,621.3,608.5,605.2,749.2
738.4,759.6,731.8,660.6,665.5,869.1,940.1,930.3
565.5,569.2,567.7,553.6,538.3,538.7,547.5,557.3
431.6,447.5,432.7,373.5,369.5,363.9,516.9,929.5
452.8,452.2,434.1,419.5,423.1,427.5,427.8,429
639,675.8,704.8,645.1,581.8,543.8,551.9,554.7
426.8,519.4,515.6,416.5,402.8,394.5,391.5,391
384.8,376.4,373.1,370.4,367.7,365.9,368.3,371.5
495.2,466.4,607.1,594.4,429.7,437.5,716.2,735.9
653.4,656.8,638,548.1,514.5,505.2,555.9,596
675.3,703.7,711.3,688.7,674.3,680.3,697.5,737.9
514.1,607.9,795.2,794.7,760.7,727.1,660.5,708
216.8,222.3,224.7,219.6,218.7,215.8,379.1,378.3
254.2,275.4,252.4,323.1,259.1,257.6,293,355.3
591,657.4,669.8,597.3,550,556.9,642.2,673.1
421.3,417.2,409.7,409.2,410.3,413.4,414.9,416.1
465.5,455.7,512,562.2,493.4,568.9,600.2,684.6
588.2,598.2,555.6,532.5,538.2,551.3,559.1,560.2
535.2,518.2,501.3,500.5,505.5,522.1,622.2,696.2
659.2,655.3,656.8,649.9,640.3,638.8,644.9,653.1
607.4,609.9,606.7,592,563.2,545.5,541,542.3
352.4,350.7,347.8,343.5,339.2,339.8,341.9,343.5
331.8,335.2,333.9,332.1,333.8,334.7,335,336
564.4,562.5,558.8,557.5,556.9,560.4,568.7,579.9
599.9,591.6,590.5,596.6,603.6,612.8,632,626.4
593.8,589.3,593.9,594.2,590.1,591.3,594.5,601.8
592.7,590.4,590.6,592.1,596.6,599.4,602.7,605
595.1,597.8,603.2,611.9,623.4,642.1,639,638.4
602.3,605.3,595.2,593.2,590.9,607.4,654.4,690.4
574.9,565.6,542.7,543.5,545.9,553.1,545.2,556.1
721,721.1,712.3,713.6,718.6,722.6,725.3,730
676.8,674.7,670.7,670.7,674.7,680.6,687.2,695.3
700.3,698.9,694.4,694.5,697.2,697.7,697.3,699.6
583.5,582.8,578,576.2,577.3,581.7,587.7,591.7
613.6,604.5,608.5,601.3,593.8,655.9,673.4,700.2
614.9,607.3,615.1,605.4,596.4,595.3,600.6,608.3
479,477,477.6,474.9,472.1,472.4,473.9,475.1
355.6,350.6,347.8,347.1,345.7,347.2,350.9,364.3
638.4,639.1,640,641.3,638.5,638.5,638,637.8
632.2,629.9,629.7,625,620.3,619.8,620.3,621.5
604.9,600.2,594.6,587.3,589.7,599.8,614.7,626.1
596.3,625.8,619.6,583.7,581.5,584.6,643.9,670.7
381.1,368.5,349.5,336.1,335.3,336.7,344.8,349.1
680.6,683,691.4,688.3,682.9,683,688.9,699.1
656,654,652.2,654,656.2,657.6,660.8,670.8
517.9,504.3,504.9,511.9,520.1,535.9,567,610.7
478.2,474.1,485.1,498.7,519.9,549.6,567.2,569.4
658.6,662.9,661.4,660.7,658,658.9,661.2,665.5
406.9,397.5,393.7,394.8,398.6,413.9,426.5,423.1
563.2,564.2,570.7,574.4,577.1,579.3,587.8,591.8
365.6,360.5,361.3,363,362.2,450.6,553,622.8
712.2,714.6,722.7,722.3,714.1,720.3,736.2,748
426.6,420.6,421.1,423.4,423.3,425.6,430.1,434.1
567.4,586.8,584.5,528.6,512.1,508.2,563.2,692.1
643.5,640.8,625.5,623.7,629,637.9,639.5,641.1
615.4,617,616.4,615.3,610.7,610.8,607.8,605.9
393.5,395.5,392,353.7,340.2,339.4,337.8,384
654.2,717.1,798.7,754.2,770.3,804.9,786.3,816.1
748.4,755.1,754.2,760.7,760.4,755.7,761.1,773.7
746.1,741.4,748.4,752,748.2,746.4,750.5,759.7
470,460.4,450.9,449.1,450.9,452.2,455.1,457.7
692.9,698.9,708.9,706.9,702.9,703,708.9,720.3
448,466.6,482,484.1,522.1,559.5,592.2,610.6
532.1,528.1,510.4,499,499.9,505,510.5,512.4
546,536.7,531,517.4,511.3,508.2,509.3,517.5
611.4,587.5,585.2,579.9,661.5,649.2,720.8,771.7
606.7,606.9,598.5,599.8,607.7,630.2,644.5,659
715.5,729.1,734.7,735.3,731.4,729.1,731.1,737.7
561.7,567.2,563.3,560.8,560.5,561.3,564.9,570.7
453.8,441.7,434.3,435.1,436.7,441.6,445.2,446.7
602.3,620.6,635.8,632.2,624.4,625.1,628.5,635.5
599.1,597.3,594.2,592.4,592.6,595,606.4,631.9
670.5,673.2,671.1,669.3,667.6,670.7,675.1,679
390,391,391,384.3,382.7,386.3,391.7,396.6
591.1,615.5,614.8,613.6,606.3,603.5,604.2,609.3
729.8,737,741.1,739.1,741.1,728.7,722.5,753.1
314.7,318.2,316.6,315.4,316.8,318,319.7,318.3
524.7,520.2,492.8,490.8,496.7,521.1,593.2,608.2
490.7,487.9,476.8,471,469.1,470.4,476.9,488.9
451.4,458.1,457.3,452,447.6,445.2,443,446.4
583.9,583.2,579.6,580.4,577,578.6,578,580.5
652.9,655.3,654.8,646.8,647.7,655.9,659.8,656.9
608.8,612.4,617.4,619.2,622.9,636.3,672.5,699.2
415.5,415.7,411.3,401.2,400.4,403.1,406.1,410.4
584.9,581.9,573.2,570.9,570.7,575,581.7,588.9
603.1,606.8,591.5,588.8,595.9,607.2,617.8,626.2
603.7,610.2,608.3,608.3,604.8,608.2,614.3,621.4
633.7,652.9,652.5,649.6,643.8,645.2,646.7,651
584.1,586.8,578.3,569.6,575,597.4,626.2,660.5
693.5,699.7,700.8,698.9,700.7,704.7,707.1,713.4
693.5,696.7,696.6,695.5,696,704.5,709.1,712.7
468.8,491.5,503,495,481.9,481,481.9,484.9
644.5,668.6,668.1,665.6,653.9,648.3,654,676.8
684.8,684.5,679.7,674.8,675.5,682.3,692.9,709.5
498.8,498.4,499.8,502.8,501.3,502,508.4,521
461.2,433.4,435.3,439.2,441.8,443.5,449.6,457.3
524.8,528,524.2,524.6,523,525,526,526.4
603.4,602.9,590.9,588.5,577.4,574.1,579.2,577.9
545.6,534.8,522.3,518.9,515.9,515.2,517,521.6
379.2,373.6,371.9,372.1,372.3,374.8,382.9,405.9
570.8,565,591,618.4,616.4,631.8,646,674.2
542.3,518.7,501.2,503.4,514,540,550.2,547
677.8,676.3,674.8,676.2,680.6,684.9,691.7,700.1
551.7,552.9,578.6,593.5,572.7,562.7,564,566.4
427.2,420.8,377,355.1,349.8,353,502.6,581.2
331.1,331.3,331.7,328.9,797.7,1124.7,1137.3,1118.8
403.1,412,425.5,375.6,384.8,784.9,777,655.7
360,362.5,353.8,349.5,349.7,770,831.3,341.8
430.5,387.1,368.3,357.8,626.1,808.4,903.2,927.1
444.5,467.1,468.1,443.6,443.7,449.9,571.2,766.5
362.9,374.8,367.3,365.2,368.3,366.6,437,441
333.9,345.4,339.9,334,336.8,335.6,324.5,389.6
283,283.8,278.8,278.6,424.3,437.3,504.6,738.1
440.7,451.6,450.1,445.2,445.4,527.2,1148.6,1182.9
547.7,526.7,485.9,473.4,518,639.8,845.4,907.2
750.9,739.8,528.1,520.2,591.7,826.4,784.4,899.4
534,527.6,514,518.8,526.4,1193.6,1188.7,943.1
481.1,548.7,515.7,495.8,517.5,526.3,754.5,883.6
351,372.7,393.8,371.8,367.3,364.1,402.7,511
844,842.6,688.5,655.4,664.6,706.2,788.7,1104
780.2,800.1,704.2,567.4,526.9,596.9,915.7,636.1
761.4,740.6,583.3,559.6,574.1,932.7,1155.9,1141.2
365.3,370.2,370,369.5,491.8,529.9,839.7,1378.3
318.9,328.6,335,327.1,427,525.2,477.5,547.6
343.3,356.8,363.8,349,347.7,351.3,337.9,337.2
552.1,574.7,562.6,578.5,590.3,680,990.7,1167.6
424.3,470.3,469.7,442,438,443.7,418.6,882.1
413.7,416.6,415.6,417.1,417.7,418.3,423,452.7
301.9,300.1,297.6,293.7,297.7,298.9,299.6,294.9
421.6,441.8,438.1,431.4,431.1,426.3,1185.9,1355.7
457.7,482.8,493.8,475.8,477.6,473.4,677.2,1184.3
620.6,531.2,514.1,516.6,551.5,1209.8,1217.2,1217.8
362.6,340.2,326.1,326.1,327.1,304.3,836.5,692.2
414.9,310.6,303.2,275.5,612.1,695.6,986.9,1309.1
755.2,688,648.1,706.3,765.7,968.4,998,1010.2
383.4,381.6,384.7,389.2,392.1,708.5,757.8,805.1
785.9,695.5,639.6,651.1,690,821.6,831.1,837.6
305.3,296.6,300.1,301.5,304.4,305.1,302.5,260.8
431.1,404.6,412.8,487.3,633.8,634.6,814.4,815.4
287.2,281.4,308.5,306.2,388.7,1027.8,1243.4,1168.3
362,366.1,352.3,349.8,350,346.6,552.5,613
440.9,418.8,423.4,491.6,644.9,856.6,1315,1545.9
639.6,710.3,627.4,670.2,726.3,970.6,956.5,1032.9
567.1,629.9,529.4,507.4,500.4,527.8,538.2,660.7
429.3,427.1,429.2,432.1,430.1,433.1,459.2,582.2
352.7,349.1,347.5,348.7,347.7,332.6,547.9,818.5
531.5,551.6,560.3,527.6,544.5,580.8,689.5,1003.6
832.4,855.1,824.2,782.8,777.2,855.2,1010.3,1120.4
764.4,778.7,747.9,695.4,692,742,861.1,974.6
314.5,307.5,304.6,304,410,296.6,271.3,630
392.8,379.6,365.8,364.3,366.7,356.9,524,825.3
640.3,650.3,633.2,616.1,611.1,640.4,808.1,976.3
454.9,446,463.8,493.9,576.4,602.1,620.8,665
370.5,344.2,342.8,345.6,348.3,351.6,342.5,347.8
333.4,325.7,324.6,323.8,325.8,425.5,1024.6,1338.9
518.3,487.7,504,528.9,534.3,833.4,856.1,966
398,382.5,383.5,389,390.1,392.6,363.9,527.5
781.5,731.4,687.3,680.8,696.9,846.1,1026.2,1077.9
381.7,382.6,379.4,377.5,376.6,377,362.3,695.9
350.3,352.3,351.6,351.2,351.3,428.3,489.4,495.8
415.2,405.5,405.1,408.9,412.8,414.7,563.3,710.7
648.5,609,546.6,549.7,542.4,631.8,639.6,961.8
355.2,354.8,452.6,362.8,375.7,569.2,567.6,773.9
725.7,678.6,637.9,656.3,724.1,731.7,735.2,819.6
311.8,315.3,310.7,308.3,303.6,394.7,395,495.1
818.4,808.2,776.7,790.4,862,994.4,1145.6,1186.1
312.2,304,298.4,298.9,445.2,513.9,334,386.8
482.2,474.1,460.6,472.1,487.1,656.1,767.7,1052.5
317.4,316.9,310.2,311.2,311.5,305.6,297.2,388.1
556.6,546.1,532.4,543.5,547,564.4,826.4,999.2
747.1,666.4,542.2,587.9,796.7,887.1,708.6,618.9
643.7,586.2,581,598.6,507,859.8,892,925.5
302.1,301.6,297.3,295.9,296,482.1,891,1123.6
795,772.3,705.1,553.9,561.1,711.7,1083,1136.6
423,414.3,410.9,411.3,413.2,389.6,769.4,903.5
314.7,298,288.6,289.9,290.7,354.7,455,464.6
370.3,361.7,357.7,359.6,360.6,357.2,530.6,577.9
600.8,579,539.1,543.6,541.2,769,1223.8,1523.6
689.6,692.7,674.8,658.2,669.5,712.9,774.1,964
529.1,584.6,545.7,488.9,493.2,491.5,727.8,1233.7
703.6,675.3,686.1,727.4,769.2,794.3,801.7,774.1
575.4,552.5,590.6,564.9,559.7,709.9,854.4,1027.8
671.3,704.1,637.7,659.4,667.8,696.2,786.2,786.1
464.7,457.7,445.2,445.5,445.5,499.2,514.6,468.8
323,313.2,303.7,303.4,304.3,305.7,304.6,276
432.3,433.2,431.9,430.8,435.4,431.2,541.6,777.4
436.2,448.2,407.5,391.2,392,392.8,394.5,394.3
385.5,377.6,361.1,359.7,359.4,358.9,350.8,495.1
351.1,343.3,340.9,341.1,340.9,346.4,827.8,1034.9
376,380.8,386.5,383.7,382.9,458.3,518.9,536.7
800.1,802.4,787.8,796.7,812.6,835.6,874.5,897.5
379,398.1,490.9,468.8,455.8,509.6,584.6,1191.1
331.8,326.6,320.1,315.7,315.2,314.2,308,475.2
672,683.2,672.4,669.2,697.8,670,631.5,659.2
352.5,350.7,344.7,345.7,346.6,334.6,500.8,846.1
452.3,464.8,469.1,475.6,487.3,503.4,524.4,519.8
434.6,449.7,445.3,441,442.4,447.4,457.3,458.8
415.8,413.7,410.6,412.4,421.7,447.1,456,679.8
390.1,392.4,391.8,388.5,389.9,393.8,396.9,396.8
475.3,487.3,493.2,483.8,485.1,486.2,499.4,492.1
371.2,369.6,365.2,364.9,366.8,368.4,369.2,370.5
322.5,322.3,321.7,322.3,322.6,319.4,489.2,610.6
517.5,515.9,512.8,513.5,514.5,521.8,571.2,670.9
526.5,523.4,531,541.9,560.8,589.7,612.9,600.6
563,570.1,582,594.6,606.1,653.6,708.7,729.1
445.9,443.5,449.7,460,527.1,527.5,576.8,580.9
391.2,406,419.9,416.4,416,415.3,495.6,805.9
398.1,402.6,402.5,400.7,402.1,404.4,407.2,409.8
734.7,752.8,781.1,824,821.7,895.8,897.7,923.8
594,650.5,618.4,602,610.2,639.5,706.1,966.7
605.3,618,630.8,637.7,627.4,643.6,684.6,743.7
530,531.1,525.8,522.8,526.4,534.8,552.1,553.1
649.9,660.6,656.3,648.9,595.2,550.5,545.3,551.6
542.6,557.9,572.2,573.5,563.8,571.4,582.2,564.1
390.1,393.8,392.5,388.1,390.3,391.4,395.6,394.3
312.8,313.3,312.2,312.1,312.9,314.4,315.7,316.9
451.7,468.8,484.8,486.3,479.3,478.4,481.4,430.7
493.4,498.4,501.8,501.8,502.1,502.3,509.5,509.7
551,563.7,546.3,548.2,569.2,693.9,867.8,955.7
390.3,406.6,406.8,398,391.9,419.2,482.5,758.5
366.1,374.1,363.4,358.9,358.1,350.3,534.1,589
644.9,647.8,653.7,662.3,669.5,689.1,787.3,866.6
451.1,454.6,455.9,465.8,482.2,500.4,508,502.4
410.9,415.2,424.3,436.9,452.4,455.4,457.1,454.9
612.2,622.6,629.3,632.6,632.9,696.4,812.2,908.6
346,350,350.6,350.3,349,334.5,651.5,826.8
553.2,565.3,561.1,556.3,588.8,625.9,634.8,605.6
356.9,358.2,362.2,367,420.6,365.3,360.3,405.1
413.2,414,413,411.6,413.4,416.3,418.2,413.4
691.5,673.8,703,740.2,711.9,728.3,778.4,835.9
353.3,354.4,357.9,360.3,360.7,351.7,416.4,443.2
486,518.8,525.6,472.4,413.2,416.7,413.9,545.9
504.9,535.5,563.7,547.3,526.9,538.6,563.7,564
546.5,545.6,542.1,540.9,544.7,548.3,554.1,613.7
666.5,673.4,668.4,691,756.9,764.7,782.2,776.8
729.4,736.6,761.1,791.6,781.1,780.6,814.7,874.1
700.3,702.1,701.5,702.5,706.2,714.9,759.2,878.4
397.4,397.7,395.7,395.9,397.4,399.5,400.7,395.5
679.3,648.5,619.2,629.5,631.3,632.5,715.1,795.1
444.7,448.5,456.5,544.6,668,792.7,679.4,579.9
370.3,370.2,366.2,366.9,368.1,371.9,374,375.6
394.7,396.6,394.6,393.8,396,398.8,401.9,404.6
537.7,550.9,551.4,555.8,573.3,591.1,582.2,734.7
651.9,652.9,665.4,677.2,671.1,684.4,725.4,780.9
355.3,362.6,364.4,362.2,363,367.2,372.3,375
375.3,382.9,379.8,379.1,380.4,382.6,375.1,456.9
412.9,423.4,419.7,417.1,417.1,419.6,423.5,427.5
484,515.2,490.5,486.3,488.8,492.1,484.7,1014.1
381.5,382.2,383.6,386.3,390.6,386.4,574.4,645.1
552.5,567.2,580.1,579.6,578,585,701,1005
667.7,700.4,699.9,716.3,722.4,753.7,794.9,842.5
604.8,599.5,592.4,591.5,591.5,605.8,659,826.8
750.3,850.2,864.2,857.1,837.4,868.5,899.2,1077.5
325.5,321.9,321.9,323.6,328.2,329.2,329,329.3
372.8,372.7,368.6,366.2,369,373.8,377.4,378.2
408.9,410.5,410.6,410.1,411.7,413.7,416.5,418.7
539.8,545.2,548.8,548.8,550.3,553.3,556.5,611.4
551.9,582.9,573.7,563.2,566.7,583.3,614.8,704.2
347.9,349.7,351.5,352.9,355.1,351.7,395,426.9
495.8,501.7,507.9,509,507.5,513.7,546.2,671.2
378.4,388.6,385.2,383.7,384.7,385.3,546,1054.5
478.7,485.4,486.8,485.3,486.6,493.9,498.4,499.5
424,430.6,405.2,406.7,409.1,407.6,794.3,1522.4
519.8,542.5,544.6,538.5,545.8,602.2,715.4,1086.2
592.6,609.7,621.2,630.9,638,650.8,648.5,726.3
625.5,605.4,695.4,683.7,676.4,672.3,689.5,703.2
679.4,693.7,699.6,690.4,699.5,730.9,768.2,837.4
456.3,463,460.6,455.8,454.5,457.5,463.4,466.6
369.1,364.7,363.2,363.8,365.6,368.6,371.4,373.7
449.2,457.6,457.6,457.5,458.4,460.9,465.5,465.3
478.5,491,497.8,495.5,493.8,497.2,497,589.5
391.2,397.1,393.8,389.7,391,394.7,398.7,397.6
318.6,322.1,324.6,326.6,346.5,648.8,1205.1,1399.8
474,488.9,505.3,523,540.5,580.1,557.2,576
454.4,448.5,449.5,450.8,450.9,454.1,451.9,557.1
507,504.3,501.2,503.3,512.8,534.8,692.8,756.4
670.4,676.9,677.8,679.3,694.7,743.2,825.7,842.9
548.5,570.9,466.2,441.9,601.3,652,663.3,577.4
502.9,551,536.6,494.5,595,639.1,988.5,1203.3
385.4,371.9,359.1,353.7,357.3,397.9,410.4,473.1
472.9,603.9,674.1,577.8,577,576.5,590.1,715.4
427.5,600.9,676.7,673.6,628.9,563.2,529.6,618.8
512.4,493.3,490.6,493.7,491.2,488.2,707.8,1113
441.9,453.8,450.1,455.5,448.6,578.2,642.7,604.5
355.7,348.3,336.4,338.6,337.7,343,342.2,342.7
306.2,303.4,302.1,301.2,300,299.1,300.9,301.2
589,604.5,611.5,608.6,593.6,587.8,593.8,845.1
567.3,609.3,608.7,579.4,572.6,577,577.1,1205.4
726.1,726.3,722.5,723.5,727.6,731.4,746.6,828.6
694.5,569.6,580.6,695.7,766.1,793.5,647.2,1016.9
550.4,592.5,589.9,579.7,552.6,572.3,758,829.4
431.3,432.2,433.4,439.9,441.3,429.3,432.9,441.2
850.7,849,832.3,852.5,853,818.5,832.4,886
718.6,762.4,757.3,722.1,720.2,746.3,707.4,887.6
732.8,719.2,730.1,733.7,740.4,730.9,732.5,926.7
520.9,532.2,526.5,514.8,512.7,511.9,525.3,793.1
676.1,683.6,692,695.2,704.6,739.5,822.2,859.7
462.6,460.3,467.4,471.5,469.6,474.9,478.1,467.3
312.2,315.7,316.3,317,316.6,316.1,308.4,358.3
580.5,585,598.4,612.5,616.3,635.9,654.5,645.8
578.1,593.1,581.5,565.7,584.6,611.2,624.3,616.8
674.8,697.3,695.3,683.4,682.7,709.8,785.2,891.6
473.3,486.1,392.7,387.5,461.4,453.9,633.7,537.8
773.9,790.8,801.8,754.1,736.3,785.5,830.7,864.8
723.2,763.4,763.6,763.8,757.1,745,759.8,785.7
504.6,514.2,669,618.2,563.3,549.7,844.8,845.2
482.9,475.5,495.8,565.1,671.2,557,974.4,976.4
746.3,733.2,712.2,718.8,726.6,742.9,773,923.3
196.6,193.3,190.1,317,499.8,627.9,824.8,839.9
635.6,668.8,700,685.9,663.6,715.7,737.9,700.8
578.7,626.3,666.4,638.8,612.2,707.7,719.2,756.5
330,330.7,331.3,331.8,404.2,571,929.3,1017.6
473.5,472.4,476.7,480.2,483.7,461.7,462.7,1166.8
674.1,675.5,683,671.3,670.1,694.4,742.2,765.7
348,350.9,354.5,355.8,355.6,343.7,584.9,1256.4
511.3,514.9,519.7,475.6,572.9,713.8,825.6,774.9
551.1,606.1,692.9,714.2,665,633.3,669.1,914.9
599.3,601.4,610,618.1,625,633,647.1,658.5
340.3,329.2,320.9,306.3,438.8,618,980.2,1441.5
703,710.6,726.8,730.9,745,757.8,789.3,809.5
867,859.9,862.5,867.7,862.9,861.2,881.1,904.1
820.7,822.5,826.1,817.7,826.7,832.5,844.4,878.6
343.2,344.3,345.4,345.4,346.8,398.2,536.3,842.2
741.2,729.2,743.2,740.3,733.5,751.3,771.8,807.2
566.5,564.9,558.8,594.4,637.7,870,1068.9,1128.6
395.9,389.7,388.4,389.2,390.7,391.6,388.6,427.6
408.4,400.7,385.9,381.2,380.6,383.3,384.9,390.7
541.7,546.1,529.4,517.1,525.2,541.9,595.7,545.2
635.1,600.6,598.3,597.6,592.3,621.9,719.8,862.9
502.2,467.9,457.5,463.6,478.5,544.1,477.8,479.9
828.9,827.2,810.8,830.4,843.7,843.6,853,893.8
532,526.5,551.6,537.4,860.1,924.7,1004.9,1198.2
393.1,387.3,385.4,394.4,392.6,381.2,433.9,780
422.9,426.3,418.7,424.6,427.8,416.5,474.3,503.1
547.6,547.5,524.8,520.8,535.4,557,566.8,600.6
344.4,347.3,347.7,345.8,331,921.5,1048.9,1561.4
725.2,730.7,727.4,759.1,803.6,833.2,830.2,842.5
334.6,334.9,331,329.1,332.8,332.5,331.7,334.3
391.4,382.1,378.5,387.8,389.7,432.9,564.7,758.7
857.8,859.8,846.4,851.9,870.3,888.1,907.4,922.6
324.9,322.8,320.5,320.4,322.1,324,343.8,342.7
561,572.1,544.2,558.1,595.7,632.8,771.5,809.8
350.8,347.9,331.1,329.6,332.4,333.2,331.4,315.5
310.2,330,338.1,336.6,328.6,385.3,448.5,566.9
605.6,609.7,593,618.9,632.8,653.7,678.9,665.3
688.6,697.8,688.7,709.3,794.7,837.4,820.9,820.2
707.7,691.7,710.7,748,760.3,763.1,788.9,802.2
420.8,439,419.4,424.2,420.3,420.8,418.8,417.5
563.2,555.5,546.9,558.5,569.3,575.9,576.9,580.8
508.3,484.4,490.8,523.6,500.1,493.9,496.1,497.2
395.6,395.4,394.4,397.6,392.5,395.5,904.2,748.7
560.5,551,533.1,539.4,559.1,581,588.9,595.3
618.1,605.2,585,592.6,616.1,631.2,629.7,625.9
620.4,635.2,546,560.2,570.1,574,717.3,968.3
749.1,752.8,747.1,744.9,758.2,769.7,770.6,778
696.8,698.1,697.6,723,759.8,812.9,835.8,797.1
340.9,359.7,343.8,404.2,472.3,587.1,710.7,820.2
599,541,538.2,539.2,747.2,758.8,816.8,923
797.1,795.2,766.7,748.5,764.2,780,780,818.1
617.3,628.5,598.3,590.3,596.5,608.9,612.5,614.3
700.8,694.7,667.5,669.6,704.9,744.4,752,718.5
495.6,491.1,492.8,501.6,508.9,514.4,511.7,511.8
608.8,598.4,603.3,616.6,603.9,598,593,603.7
401.7,397,390.3,395.7,401.5,395.2,441.8,392.3
431.5,439.1,427,432.5,439.4,441.8,434.6,439.4
563.1,595.5,527.2,497.6,508.9,511.3,505.5,501.9
467.3,468.4,469.9,470.8,546.5,546.5,715.5,607
347,346.1,347.7,348.5,344.7,370.8,1363.9,1443.2
543.6,709.1,705.5,606.6,613.7,645.3,677.6,693.9
413.6,434.7,454.8,441.4,440.4,442,507.7,690.6
594,585,574.1,596.2,659.3,680.8,793.5,842.6
726.6,714.9,699,728.9,818.4,902.4,853.7,813.5
404.4,402.6,420.5,417.3,392.9,408.1,574.7,679.1
758.6,771.4,784,834.2,869.8,865.2,851.6,853.5
386.7,385.8,388.1,379.4,381.9,386.6,392.1,390
458.8,550.9,557.6,503.7,506.7,523.1,729.8,765.1
454.2,522.7,534.6,461.2,504.4,527.8,503.8,491
470.6,449.7,429.6,430.6,461.2,486.1,500.4,551.1
595.7,583.5,570.4,512.2,499.2,504.4,516.5,527.7
394.1,532.2,524.7,471.7,444,436.3,438.8,429.8
328.7,328.4,336.9,327.9,327,331,333.8,330.9
293.8,304.3,307.7,295.4,296.3,298.8,295.8,292.9
498.6,519.9,504,497.6,497.8,506.5,522.9,541.8
606.2,582.8,563.6,499.6,495.6,536.2,733.1,832.2
572.6,618.4,601.2,527.5,523.9,577.3,587,583.1
571.9,567.8,564.3,567.5,585.2,638.6,681.5,679.6
622.1,572.8,582.5,573,564,628.7,679,820.2
538.3,534.3,503.8,499.7,517.9,556,554.2,543.7
433.7,469.7,477.2,452.4,464.6,464.4,457.2,457.7
665,723.9,724.2,712,707,686.5,685.1,708.1
700.7,692.1,643.8,620.7,655.2,726.1,725.3,716.7
614.2,611.2,598.7,589.5,604.5,615,620.7,634.9
463.1,532,521.8,496.9,497.5,510.6,527.7,533.3
626,630.5,588.2,548.9,563.2,582.6,655.9,724.9
328.1,326.2,313.9,310.8,315.4,318.6,321.7,358.7
460.7,501.6,496.3,480.2,476.4,483.3,486.7,489.8
496.3,525.9,526.4,493.3,492.8,493.4,504.1,516.4
546,571.1,554.2,535.2,559.8,612.7,608.9,592.9
486.9,480.6,445.3,409.2,404.9,405.8,403,402.7
416.7,445.3,430.8,417.2,418.9,422,410.3,541
613.1,609.7,588.6,499.3,509.6,837.6,848.1,835.1
647.9,650.8,641.9,637.7,641,652.5,668.9,681
479.3,475.5,473.5,475.2,483.4,500.5,519.8,561.5
576.3,595.4,587.8,571.2,588.3,611.8,602.2,602.6
585.1,611,600.8,565.9,561.2,574.6,591.4,597
567.2,549.8,525.5,538.9,568.1,596.8,692.2,716.9
353.6,325,319.4,320,321.8,321,352.1,422.4
458,446,424.3,421.5,426.2,429.9,433.6,444.1
574.7,619.8,606.9,575.3,577.6,585.5,588.3,597.8
349.2,345.9,342.9,343.2,349.8,355.9,353.7,349.4
524.9,521.9,528.7,529.6,533.9,532,535.8,544
629.9,616,638,640.4,639.4,652.9,680,763.7
575.9,570.9,513.9,447,452.4,474.3,466.5,466.6
391.2,448.1,436.8,440.4,433.3,472.1,467.7,405.1
728.3,749.6,735.4,717.9,730.1,743.1,747.8,767.4
662.7,657.3,649.5,644.7,654.6,663.3,672.5,697.5
413.5,442.5,429.3,418.7,420.8,426.3,433.8,438.7
690.4,713.7,688.7,685.9,688,704.1,720.2,744.2
467.7,472.6,486,483.3,513.6,545.2,584.8,601.5
417.2,455.8,444.3,384.2,448,479.6,434.4,400.9
523.3,522.3,483,457.1,450.8,456.2,457.3,597.2
652,663,654.2,635.4,638,654.9,654.3,661.1
524.7,535.6,497.6,489.5,503.5,600.5,630.5,656.1
505.5,500,518.9,488.5,469.7,473.2,482.9,609.5
682.6,660.8,633.8,631.6,668,753.6,758.5,746.5
397.5,394.8,382.4,375.7,376.7,379.5,381.5,438.8
422,416,400.7,396.1,400,403.9,402.2,371.6
431.2,421.2,400.7,394.8,393.9,397.5,394.5,508.5
433.1,427.4,403.9,399.5,405,408.4,402.9,472.9
432.4,312.2,488.5,470.9,393.1,759.1,658.4,860.2
630.5,638.1,634.3,639.9,652.1,680.3,718.5,766.9
339.6,337.8,338.4,338.2,338.5,339.1,340.8,345.1
311.9,495.1,426.8,398.4,469.5,691.5,724,712
669,677.8,670.6,656.9,656.9,667.5,682.7,694.5
315.5,303.1,293.7,292.2,294.4,338.7,333.4,299.2
338.3,334.9,337.7,331.6,335,345.1,346.5,343
519.7,511.2,503.5,495.2,500.9,504.6,516.5,527.4
585.7,571.8,544.5,546.2,564.9,587.6,645.9,672.8
570.9,553.8,539.3,551.7,608.8,698.8,700.5,693.8
382.3,383.5,386.5,379.1,375.6,376.4,382.2,385.5
589.5,576,566.7,541.7,516.3,514.3,519.8,536
515.4,520,506.7,488.2,489.5,510.9,529.4,542.8
381.3,407,392.4,338.5,333,346.8,393.3,485.5
375.6,361.8,356.8,360,364,369.9,376,378.8
539.4,531.8,524.5,516.6,520.9,539.1,546.1,541.8
468.1,471.6,466.7,461.7,461.1,462,462.9,468.6
551.8,562.5,534.2,518.6,597.5,631.8,661.5,675
624.5,651.3,643.1,631.1,633.8,645.4,656.6,665.9
544.5,533.6,499.5,489.6,494,498.1,503.5,527.6
390.5,391.7,379.2,374,430,427.1,521.3,584.1
560.8,552.7,540.8,533.6,529.1,537.6,541.6,641.2
607.8,605.6,593,588.8,591.8,603.4,625.8,649.4
482.7,513.3,515.2,497.9,494.4,500.5,510.9,516.7
434,428.8,379.8,355.8,359.6,371.5,400.2,416.1
440.4,452.8,458.2,427.6,413.8,412.6,423,432.1
522,603.1,597.9,542.4,496.7,506.1,515.6,515.2
364.5,377.5,353,347,348.7,352.9,353.7,339.8
500.3,520.4,541.6,543.5,555.8,554.1,606.4,713
584.5,584.6,544.1,472.3,438.6,439.8,471.7,562.2
510,512.2,509,517.2,517.4,516.2,523.1,538.9
665.7,664.6,647.9,632.5,646.7,687.9,718,720.3
556.3,580,554.6,460.3,548.8,592.4,668.4,524.9
384.2,435.5,418.4,404.3,425.2,458.9,384,410.3
668.9,648.8,605.4,615,639.8,669.3,788.2,820.5
371.7,446.4,439.9,428.7,424.6,426.4,433.8,441.8
423.7,413.6,420.9,435.3,524.2,565.5,672.2,671.7
442,458.4,432.5,388.7,387.2,382.3,380.7,383.3
441.2,469.4,457.9,452.4,459.3,469,489.9,567.1
479.6,478.2,496,488.9,483.9,479.3,487.5,487.2
441.7,443,423.6,404.1,409.5,412.8,408.7,409.2
410.3,406.3,398.2,387.5,387.7,390.1,392.8,394.4
356.2,347.8,304.1,285.5,285.1,283.6,369,367.7
511.4,546.5,538.7,526.2,528.2,538.2,543.8,548.7
598.9,639.4,612.3,543.5,530.3,543,543.1,831.6
563.5,566.1,558.2,558.8,564.5,573.2,585.3,600
458.3,477.7,510.9,520,509.9,515.9,563.8,647.2
470.4,473.5,547.7,547.1,532.5,538.2,577,632.8
411.8,430.8,424.2,416.7,405.1,397.3,398.4,401.7
610.7,652.1,757.4,622.8,618.9,709.4,770,634.8
436.5,423.8,548.9,468.8,467.1,481.2,565.1,671.2
624.3,625.7,628.4,614.7,611,619.8,634.5,652.9
521.6,524.1,518.3,505.6,501.1,503.7,509.9,513.5
477.2,471.7,467.4,467.5,457.1,464.5,461.3,534.2
423.4,421.7,418.3,413.9,410.2,410.6,414.1,415
352,342.6,335.3,334.8,335.2,338.1,337.1,325.1
512.7,521.5,543.1,519.2,508.6,511.9,518.8,527
527.5,500.1,540.5,526.2,508.7,508.7,517.6,532.5
249.9,237.4,227.4,227.1,226.6,218.7,319.2,537.6
492.1,609.8,595.4,456.3,559,626,718.7,834.9
426.5,427.8,402.3,385.8,434.7,523.9,576.8,606.7
428.8,426.9,416.8,409.6,407.9,407.5,408.8,415.6
619.9,617.7,628.6,617.8,618.5,622,632.6,644.4
442.5,425.9,435.6,469.4,492.3,522.7,522.1,527.9
546.1,572.1,554.7,542.3,546.1,562.8,577.5,586.9
372.3,363.5,362.2,351.5,343.9,343.3,344.7,346.9
359.8,385.7,488.7,484.3,492.2,525.9,596.9,604.8
325.9,289.5,271.6,265.7,265.5,265.4,260.6,356.6
443.1,433,434.9,432.1,418.6,417,418.6,421.4
633.2,683.8,681.2,647.2,634,645.6,656.2,666.5
404.4,397.6,377.1,374.5,377.3,379.8,379.7,380.7
472.3,466.3,468.2,461.9,458.4,460.2,463.4,463.1
477.2,430.5,438.2,453.1,456.4,456.2,463.5,475.4
517.6,498,511.6,483,468.1,470.4,471.6,515.2
403.4,421.3,417.2,397.4,418.5,617.6,847.5,1116
548.8,494.9,542.9,536.3,500.3,498.4,508.1,524.9
651.8,709.8,604,617.8,695.4,693.8,732,724.5
646.2,698.2,679.6,623,592,645,663.5,796
362.8,362.4,340.6,325,316.6,313.8,313.9,315
436.8,439.9,428.8,410.3,406.3,407,436.5,447.1
657,677.5,753,767.3,754,744.7,783.4,829.1
418.2,388.7,362.8,363.8,422.6,571.7,581.1,501
385.8,390.3,382.9,367.2,365.1,367.5,371.1,374.1
391.9,386,377.1,370.4,368.1,369.4,373.7,373.8
519.7,510.2,521.8,529.1,518.8,690.6,791.7,825.2
472.6,478.3,493.6,484.7,479,520.2,555.2,561
412.4,392.6,426.9,444,414.9,449.8,470.9,478.5
613.4,698.7,675.5,646.9,648.8,663,678.6,687.8
386.2,385.4,377.7,373.9,374.3,375.2,376,377.7
395.9,388.4,382.2,375.3,369.5,415.9,465.8,455.7
460,460.5,455.5,450.8,449.6,451.5,456.1,462.6
516.8,513.4,520,490.7,465.4,457.5,465.4,471.7
351.5,348.9,337.2,335.2,516.2,515.6,615.4,759
502.8,552.4,537.7,523,527.1,540,546.4,549
653.7,694.4,685.5,671.8,670.7,681.5,692.8,698.4
330.1,321,306,301.8,297.6,298.5,477.1,548.7
511.3,494.8,519.4,502.4,486.6,480.5,483.5,505
742.9,715.1,773.8,685.5,672.7,713.8,763.9,722.5
325.7,321.6,315.8,314.8,315.3,317.4,319.8,318.9
499.8,518.4,525.4,484.9,483,513.1,550.3,557.3
341.7,345.7,338.1,327.5,322.6,321.6,321.2,323.3
532,527.6,525.7,517.9,514.6,515.9,519.3,523.4
501.3,488.9,543.3,543.1,534.6,555.4,596.9,675.4
379.6,369.6,373.1,359,349.8,350.3,351.6,351.7
538.2,529.3,535.5,531.2,528.8,537.1,550.5,558.1
444.4,434.8,441.1,440.5,428.1,420.8,424.5,425.7
589.8,593.3,586,570.7,565.2,565.1,569.4,585.5
533.9,583.8,574.5,555.7,548.1,548.3,551.5,549.8
515,500.1,498.7,478.5,477.8,486.8,514.7,538.2
696.9,692.4,700.6,703.3,696.5,697.3,704.1,711
575,508.1,587.8,578,535,524.9,533.8,551
397.5,379,367.4,364.2,359.9,421.4,548.7,581.5
369.2,358.1,346.9,338.5,330,364.3,569.5,839.7
582.6,591.1,650.8,600.8,569.5,575.2,589.2,668.7
531.7,520.5,525.2,518.5,503.6,502.6,506.5,518.3
401.4,399.8,377.6,366.5,361.6,354.2,355.3,375
461.4,462.2,452.9,415.5,386.6,372.5,371.5,369.9
430.6,424.7,397.4,410.1,404.5,397.5,395.5,396.7
380.3,374.4,360.2,356.9,357.2,360.1,365.5,372.1
407.9,403,419.2,407.2,430.8,521.7,633.8,654.2
473.2,465.9,458.8,429.5,398.5,413.1,412.1,409.4
570.7,584.2,575.6,565.9,566.1,571.6,589.3,646.1
589.7,593.6,603.5,608.2,669.1,754.5,769.6,772.9
491.3,475.9,475,455.8,450.7,448.3,448.7,626.5
295.3,355.8,357.2,350.6,333.9,323.2,319.1,387.7
624.3,538.9,561.6,593.3,582.3,571.9,574.8,624.9
284.1,273.8,298.9,274.7,272.7,367.8,1171.2,1532.4
408,490.6,501.5,358,339.8,377.8,421.7,623.5
414.4,636.3,644.2,612.1,662.2,1177.2,1166.4,1137.1
454.4,478.4,480.7,444.9,448.9,451.5,450,449.1
409.2,425.6,394.1,244.2,251.4,245.1,371.7,753.7
464,436.3,365.3,346.3,347.7,341.6,322.1,666.6
516.4,515.5,492.3,486.8,494.9,499.4,485.6,562.4
276.6,302.6,340.8,206.8,226.8,231.2,224,189.7
380.6,398.2,436.1,330.9,418.1,729.7,939.9,1161
559.2,560.2,569.7,569.1,572.5,588.7,614.4,691.8
534.7,505.5,530.7,511.4,514.3,526,539.4,684
483.6,418.1,473,441,419.3,420.1,528.7,723.9
416.8,452.8,541.3,491.6,437.2,429.8,447.3,440.7
713.4,715.5,759.4,731.3,731.3,744.2,762.2,773.2
605.6,623.3,667.5,641,556.2,541.6,499.1,506.2
589.6,573.8,601.7,619.3,626.5,627.4,638.3,732.9
509,508.9,514.7,514.4,527.4,530.3,529.1,529.7
253.1,249.2,251.8,251.9,374.4,883.3,956.9,1123
235.6,266,241.6,247.5,242.6,236.8,229.7,246.1
411.5,403.2,386.7,377.1,439.6,512.8,547.6,771.2
594.2,601,552,438.8,423.7,412.9,398.4,508.5
301.9,340.1,310.3,299.7,291.6,282.7,265.4,1139.4
318.2,317.1,314,312.9,309.7,305.3,308.2,268.4
519.6,525.4,524.1,515.3,533.5,534.8,536.1,531.9
469.9,482.8,432.6,374.4,371.3,368,356.4,490.5
549.1,545.9,756.6,783.2,668,894.9,1041.9,1050.8
200.6,198,191.3,201,291.4,1334.2,1534.9,1441.7
214.9,227,219.4,226.7,266.8,754.1,1534.8,1565.7
702,680.3,605.6,598.6,559.3,552.8,559.6,658.8
597.3,590.1,611.7,609.7,602.3,601.4,606.2,615.5
335,336.6,292.8,337.8,618.8,693.3,828.5,696.4
519,537.6,531.8,516.1,523.3,521,524.8,527.3
227.1,232.8,228.4,230.9,218.6,470.8,1401.6,1505.4
502.5,526.8,563.5,240.9,452.2,393.5,443.5,723.7
400.7,584,561.9,769,857.2,839,879.6,871.2
244.9,230.6,230.1,334.8,457.8,502.7,520,551
421.4,410.3,385.8,353.3,354.4,352.6,341.4,481
673.6,646.8,660.9,653.4,649.4,703.2,877.4,946.4
233.9,224.2,221.2,207.2,1360.5,1732.2,1738,1697.5
352.6,333.4,303.1,303,315.6,349.6,368.4,543.7
561.1,540.8,531.2,492.9,451.1,508.6,643,757.8
513.1,554.8,552.5,470.5,456.1,444.8,591.8,775.9
196.3,197,193.9,190.1,226.6,296.2,321.6,355.8
518.1,610.7,556.6,490.4,434.6,534.7,467.8,506.1
804.2,811.7,745.3,854.9,781.6,589.9,616.7,674.8
706.6,707,725.9,737.8,694.7,686.9,706.9,722.8
250.3,297.1,290.3,311.3,335.4,380.2,576.3,1190.8
529.1,525.2,550,544.3,541.6,542.1,543.1,538.6
339.5,388.7,426.8,372.9,347.3,412.2,501.2,573.9
297.6,361.6,404,328.1,316.2,315.4,308.8,306.8
512.5,530,526.7,522.4,498,468.5,463.2,470.1
564.1,543.1,510.1,356.5,459.3,629.8,952.5,1065.9
665.7,632,670.6,708.9,576,606.7,640.1,778
342.6,341.1,334.7,332.5,335.7,329.4,390.4,692.9
262.8,265.3,265.5,259.6,252.2,295.2,1614.8,1605.6
337.7,352.6,349.7,334.7,330.8,323.9,305.9,504.5
403.2,410.1,373.1,337.7,332.3,330.9,400.3,1211.2
269.7,266.5,263.3,266.1,686,782.4,1083.5,1213.8
667.5,669.7,648.4,665.6,699.8,683.6,697.9,690.8
231.4,233.3,265,247.2,233.4,232,229.7,223
388.1,386.2,372.2,360.5,355.4,326.6,714.8,869.5
668.7,623.2,628.8,586.3,522.6,573.5,607.7,740
274.6,298.3,326.6,296,356.2,427.1,446.9,715.4
483.1,325.9,425.6,459.7,329.8,485.2,1282.8,1258.5
308.3,485.3,399.1,272.6,268.6,247.5,434.1,879.8
288,290.7,295.4,293.9,292.1,272.2,1185.7,1506.5
415.9,431.6,429.7,422.8,412.7,550,630.4,779.3
371.3,349.3,389,337,333.3,377,460.3,579.4
377.9,371.9,360.5,352.6,349.2,322.7,650,966
269.3,260.5,245.6,238.6,236.1,233.6,226,305.2
273.1,272.3,271.9,272.9,272.3,270.2,262.2,386.3
572.6,593,563.9,477.5,486.8,551.1,670.8,771.8
552.9,548.1,535.5,436.1,432.6,436.4,438.1,436.4
531.9,596,482.6,400.1,405.3,395.1,595.8,860.8
655.6,624.6,632.5,643.3,620.9,609.7,612.5,654.6
689.1,635.6,589.2,606.8,605.1,568.3,547.7,548.3
310.7,321.6,314.1,312.7,308.2,520.2,618.7,1463.3
560.8,613.8,1153.1,1187.3,1107.4,1138.2,1181.7,1295.2
587.1,636.6,626.8,576.2,528.3,558.1,564.7,569.4
459.6,464.3,469,470.7,471.9,447.7,785.2,1075.7
241.9,230.1,247.9,255.8,447.9,1087.6,1207.9,1307.4
260.2,267.1,306.6,269.4,267.9,240.4,844.7,1031
740,749.5,733.6,576.7,598.8,599.5,395,397.2
302.1,353.9,325.7,295.7,295,281.3,233.8,1101.9
354.1,342.5,334.7,335.7,333.3,327.5,331,320
403.2,415,432.4,459.3,531.1,611.1,546.7,613.8
388,536.9,524.6,325.5,327.6,322,247.1,1310.2
496,520.4,510.2,473.5,443.5,449.4,443.3,460.8
685.5,649.3,669.9,713.9,699.9,722,730.5,702.1
572.2,463.6,401.1,374.2,498.6,564.1,637.6,906.7
246.4,289.3,380.9,377.8,396.7,383.3,416.1,455
683.6,690.4,633,629.8,625.1,618.9,617.6,615.3
367.8,371.6,370.6,372.6,377.3,385.4,394.6,429.7
458.3,459.1,467.4,486.5,551.4,581.9,624.6,591.7
437.2,437.1,429.3,427.2,424.2,432.1,444.2,435.8
434.2,430,429,434,442.5,431.3,865.8,898.1
512.5,512.7,508.7,507,508.4,512.9,514.2,524.4
469.5,474.1,452.3,430.8,418.2,413.5,429,456
272.6,273,271.2,269.8,269.8,271.3,271.3,268
274.9,273.9,263.8,260.9,261.2,261.4,250.5,347.3
528.7,529.8,523.2,528.1,536.2,551.6,567.3,722.2
486.3,487.4,485.3,480.6,486.5,495.7,580.8,737
576.6,574.9,557.8,554.8,554.5,556.2,565.7,615.4
539.3,546.8,559.7,570.4,593.7,709.3,872.8,881.2
532.7,532.2,539.5,553.5,566.2,746.4,536.9,1063.8
479.3,484.3,482.4,488.8,517.3,520.8,613.6,768.5
362.3,381.8,383.6,368.2,363.3,363.4,367.1,368.6
768.1,792,845.4,888,896,927.4,958,1118.1
592.8,617.3,705.7,800.9,677.1,676.9,1009.2,1093.6
619.4,637.4,666.9,697.5,702.4,690.3,821.8,996.5
572.3,579,582.5,586.2,585.3,585.1,612.7,626.5
344.4,339.9,333.4,329.9,330.4,331.8,333.3,332
428,407.7,394.4,391.4,434.8,437.7,443.8,492.8
455.7,457.6,442,436.1,438.8,442.6,445.9,450.8
602.2,600.5,553.6,542.4,550.9,546.4,560.4,574.6
424,427.6,418.5,406.3,406.4,408.6,411.1,418.6
364,361.5,357.5,356.3,355.9,355.3,370.6,374.6
689.5,706.2,698.7,702.5,729.7,771,782.5,829.8
495.6,491.2,481.8,478.4,478.5,480.4,489.1,495
533.6,535.3,532.5,534.3,541.7,559.2,681.7,789.5
358.5,339.7,327.9,326.7,330.7,334.8,353.5,353.8
651,661.1,669,680.8,707.8,774.8,853.6,952.9
619.1,611.5,636.2,668.5,672.9,687.8,764.1,957.3
308.2,306.7,306.9,308.4,303.9,401.6,806.9,947.3
487.8,494,492.2,492.3,495.1,496,583.1,596
441.5,456,476.5,500.6,509.9,482.4,556.4,625.9
311.8,310.3,308.9,309.4,310.5,351.4,347.6,345.5
410.4,419.5,414,410.9,415.3,424.8,482,719
673.8,718.5,690.4,682.2,701.5,703.6,719.2,778.9
340.7,340.2,341.7,343.1,343.3,340.4,336.1,545.7
462.3,494.3,480,484.1,489.7,505.6,478.1,466.5
499.7,493.8,497.4,506.2,502.9,507.2,480.5,1059.5
539.5,538.8,542.1,546.9,542.7,546,547.6,555.6
344.9,354.5,348.6,342.7,340.5,341,342.3,340.2
381,431.1,411.5,404.3,406.2,413.5,418.3,424
930.3,939.3,928.1,938.6,941.4,939.5,1026.1,1104.7
798.8,784,779,767.2,764.4,764.6,817.3,938.8
367.1,372.8,365.9,364.2,366.6,368.8,390,424.7
686.6,681.8,684.8,685.7,691.3,703.6,730,799.2
390.8,381,382.9,436,456.3,456.9,579.8,695.2
341,334.5,334.8,335.2,335.7,335.8,338.1,334.2
419.3,428.3,424.5,422.8,419.7,429.4,515,513.9
499.8,514.8,507.1,491.3,483.6,482.8,485.5,512.7
437.1,444.3,449.4,460.3,488.4,731.6,869.2,857.8
652.8,747.1,755,732.8,709.4,776.2,874.7,951.4
348.6,370.3,363.3,346.4,341.9,346.6,345.7,351.4
330.7,349.7,355.4,339.5,335.8,338.9,333.4,423.7
381.7,382.4,384.6,388.4,387.4,388.6,392.2,397.2
367.5,381.9,363.3,345.7,344.7,352.8,359.2,354.6
335.9,338.6,340.7,345.2,343.5,462,521.5,572.3
523.8,523,531.7,541.7,548.3,554.7,573.1,822
631.4,644.4,668.1,688.9,753.6,790.5,840.3,968.6
275.5,276.8,275.5,270.7,270.7,271.1,271.2,266.1
394.7,400.4,382.6,366.2,362.5,369.7,403.6,405.9
810.4,826.6,852.1,873.2,892.1,901.4,917.9,966.6
296.2,296.7,297.3,296.7,298.2,301.1,295,379.2
419.3,428.8,427.4,528.2,577.6,621.8,551.5,791.8
336.1,350,344.1,340.1,338.6,338.9,338.2,326
328.7,328.7,327.9,324.6,325.7,326.5,327.5,328
521.8,519.8,513.9,513.4,513.4,519.1,530.1,636
565.3,564.3,576.3,587.2,611.4,717.3,730.8,909.8
571.5,546.5,561.9,596.1,551.5,663.4,925,1029
362.1,358.5,354.4,353.9,354.2,356.8,339.1,297.9
527.4,531.6,538.7,548.3,601.5,658.3,681.8,850.4
496.7,505.9,516.3,510.2,511.7,513.5,500.6,702
383.5,393.9,382.9,374.3,370.6,372.3,382.2,403.3
385,399.1,399.9,400.4,399.4,404.4,558.7,533.2
523.3,527.9,535.2,535.3,531.5,535.4,547.4,696.4
537.7,541.7,546.2,540.5,545.5,553.3,575.5,640.7
481.3,480.6,485.1,492.7,502,519.3,717.1,999.5
681.1,710.3,717,716.7,734.9,754.7,771.1,831
555.8,566.2,570.9,578.8,600,617,590.1,965.7
509.2,623,667.7,565.2,575.2,643.6,755.2,770.6
607.1,633.9,661.3,698.7,733,786.2,900.1,936.8
492.3,507.7,514.2,509.1,514.9,515.9,809,807.5
316.8,321.6,339.4,333.8,330.2,590.4,700.4,641.2
414.1,431.1,427.6,414.8,411.9,414,417.8,417.4
472.7,473.1,457.9,443.7,440.8,440.1,444.5,448.2
317.6,317.7,318.4,319.2,317.5,318.9,321,321.8
473.9,449.1,451.9,466.1,472.3,503,563.7,648
460.9,478.8,470.1,458.1,449.8,446.6,451.6,463.4
558,557.2,561.4,572,590.2,657.3,677.5,864.2
659,644.6,660.8,671.7,710.1,745.6,804,952.4
481.2,463.6,423.9,406.7,399.4,441.6,479.3,423.4
312.7,305.8,315.1,314.2,290.7,283.4,285.9,287.2
641.5,705.6,703.8,710.8,749.1,969.7,1066.3,1062.7
