id,file_id,birth_year,native_eng,rating,created_at,session_id,is_prolific,initials,true_kinsey,self_orientation
1,Juniper_Jim_Sha,2007,True,5,2026-05-23 04:17:19.626298,9f925cb6-0a70-4135-8fa0-0a107cf43857,,JJS,1,straight
2,Zeke_Thane_Painter,2007,True,1,2026-05-23 04:17:19.626298,9f925cb6-0a70-4135-8fa0-0a107cf43857,,ZTP,1,straight
3,Damian_Ubiel_Torcuato,2007,True,2,2026-05-23 04:17:19.626298,9f925cb6-0a70-4135-8fa0-0a107cf43857,,DUT,5,gay
4,Tollbooth_Jerome_Malcomb,2007,True,1,2026-05-23 04:17:19.626298,9f925cb6-0a70-4135-8fa0-0a107cf43857,,TJM,2,bisexual
5,Shangdong_Bill_Kang,2007,True,1,2026-05-23 04:17:19.626298,9f925cb6-0a70-4135-8fa0-0a107cf43857,,SBK,2,bisexual
7,Jason_Jerome_Cao,2009,True,5,2026-05-23 04:23:46.513391,9ad3bb13-7a0c-4aa6-8e4c-3dd3e766be2b,,JJC,5,gay
8,Thane_Manny_Manuel,2009,True,5,2026-05-23 04:23:46.513391,9ad3bb13-7a0c-4aa6-8e4c-3dd3e766be2b,,TMM,5,gay
9,Randall_Larry_McGaren,2009,True,4,2026-05-23 04:23:46.513391,9ad3bb13-7a0c-4aa6-8e4c-3dd3e766be2b,,RLM,5,gay
10,Abe_Ian_Kim,2009,True,1,2026-05-23 04:23:46.513391,9ad3bb13-7a0c-4aa6-8e4c-3dd3e766be2b,,AIK,1,straight
11,Azad_Pars_Salaam,2009,True,4,2026-05-23 04:23:46.513391,9ad3bb13-7a0c-4aa6-8e4c-3dd3e766be2b,,APS,5,gay
12,Ishaan_Arav_Arun,2008,True,2,2026-05-23 04:23:57.300336,4674fa37-b88c-4613-8967-1b501c289a81,,IAA,5,gay
13,Aaron_Paul_Ingham,2008,True,4,2026-05-23 04:23:57.300336,4674fa37-b88c-4613-8967-1b501c289a81,,API,1,straight
14,Preed_Odathi_Ghandi,2008,True,5,2026-05-23 04:23:57.300336,4674fa37-b88c-4613-8967-1b501c289a81,,POG,1,Straight
15,Josue_Benedicto_Marti,2008,True,1,2026-05-23 04:23:57.300336,4674fa37-b88c-4613-8967-1b501c289a81,,JBM,1,straight
16,Nicholas_Andrew_Falhosh,2008,True,3,2026-05-23 04:23:57.300336,4674fa37-b88c-4613-8967-1b501c289a81,,NAF,2,bisexual
17,Sahil_Krishna_Bhat,2009,True,5,2026-05-23 04:24:20.844567,9ad3bb13-7a0c-4aa6-8e4c-3dd3e766be2b,,SKB,1,straight
18,Chris_Topher_Hu,2009,True,1,2026-05-23 04:24:20.844567,9ad3bb13-7a0c-4aa6-8e4c-3dd3e766be2b,,CTH,4,bisexual
19,Micheal_Kawoori_Obterra,2009,True,4,2026-05-23 04:24:20.844567,9ad3bb13-7a0c-4aa6-8e4c-3dd3e766be2b,,MKO,5,gay
20,Ishmael_Michael_Cabrera,2009,True,2,2026-05-23 04:24:20.844567,9ad3bb13-7a0c-4aa6-8e4c-3dd3e766be2b,,IMC,1,straight
21,Rahul_Ibhan_Ramiz,2009,True,3,2026-05-23 04:24:20.844567,9ad3bb13-7a0c-4aa6-8e4c-3dd3e766be2b,,RIR,5,gay
22,Darryl_David_Miller,2008,True,5,2026-05-23 04:25:03.443949,4674fa37-b88c-4613-8967-1b501c289a81,,DDM,3,bisexual
23,Rahul_Ibhan_Ramiz,2008,True,1,2026-05-23 04:25:03.443949,4674fa37-b88c-4613-8967-1b501c289a81,,RIR,5,gay
24,Ryouma_Naru_Kouya,2008,True,5,2026-05-23 04:25:03.443949,4674fa37-b88c-4613-8967-1b501c289a81,,RNK,1,straight
25,Bob_Nicolas_Gonzalo,2008,True,1,2026-05-23 04:25:03.443949,4674fa37-b88c-4613-8967-1b501c289a81,,BNG,4,bisexual
26,Sipoon_Lance_Kim,2008,True,5,2026-05-23 04:25:03.443949,4674fa37-b88c-4613-8967-1b501c289a81,,SLK,3,bisexual
27,Thomas_Harries_Huckstable,2008,True,1,2026-05-23 04:25:48.994617,4674fa37-b88c-4613-8967-1b501c289a81,,THH,5,gay
28,Asher_Kibble_Ibria,2008,True,5,2026-05-23 04:25:48.994617,4674fa37-b88c-4613-8967-1b501c289a81,,AKI,5,gay
29,Yinfan_Fred_Ha,2008,True,1,2026-05-23 04:25:48.994617,4674fa37-b88c-4613-8967-1b501c289a81,,YFH,1,straight
30,Johnny_Gabe_Young,2008,True,2,2026-05-23 04:25:48.994617,4674fa37-b88c-4613-8967-1b501c289a81,,JGY,1,straight
31,Matthew_Easton_Paulson,2008,True,4,2026-05-23 04:25:48.994617,4674fa37-b88c-4613-8967-1b501c289a81,,MEP,3,bisexual
32,Joss_Andrew_Section,2008,True,2,2026-05-23 04:26:35.545213,4674fa37-b88c-4613-8967-1b501c289a81,,JAS,5,gay
33,Franklin_Kampbell_Freeman,2008,True,4,2026-05-23 04:26:35.545213,4674fa37-b88c-4613-8967-1b501c289a81,,FKF,5,gay
34,Edward_Scissorhands_Salamander,2008,True,5,2026-05-23 04:26:35.545213,4674fa37-b88c-4613-8967-1b501c289a81,,ESS,5,gay
35,Big_Ey_Cai,2008,True,4,2026-05-23 04:26:35.545213,4674fa37-b88c-4613-8967-1b501c289a81,,BEC,1,straight
36,Theo_Jasper_Zhang,2008,True,2,2026-05-23 04:26:35.545213,4674fa37-b88c-4613-8967-1b501c289a81,,TJZ,1,straight
37,Billiam_Traincar_Zhu,2008,True,5,2026-05-23 04:27:19.144962,4674fa37-b88c-4613-8967-1b501c289a81,,BTZ,3,questioning
38,David_Aaron_Beauregard,2008,True,1,2026-05-23 04:27:19.144962,4674fa37-b88c-4613-8967-1b501c289a81,,DAB,1,straight
39,Abner_Valentine_Lo,2008,True,5,2026-05-23 04:27:19.144962,4674fa37-b88c-4613-8967-1b501c289a81,,AVL,4,gay
40,Shannon_Samuel_Palley,2008,True,5,2026-05-23 04:27:19.144962,4674fa37-b88c-4613-8967-1b501c289a81,,SSP,1,straight
41,Kamal_Chandani_Obterre,2008,True,1,2026-05-23 04:27:19.144962,4674fa37-b88c-4613-8967-1b501c289a81,,KCO,4,bisexual
42,David_Aaron_Beauregard,2009,True,1,2026-05-23 04:27:34.679203,ecf8b1f7-a380-4a8b-a768-ace3fc741628,,DAB,1,straight
43,Leandro_Rado_Sanchez,2009,True,2,2026-05-23 04:27:34.679203,ecf8b1f7-a380-4a8b-a768-ace3fc741628,,LRS,1,straight
44,Chris_Jason_Paulson,2009,True,4,2026-05-23 04:27:34.679203,ecf8b1f7-a380-4a8b-a768-ace3fc741628,,CJP,2,bisexual
45,Yinfan_Fred_Ha,2009,True,1,2026-05-23 04:27:34.679203,ecf8b1f7-a380-4a8b-a768-ace3fc741628,,YFH,1,straight
46,Keith_Tadeo_Muna,2009,True,5,2026-05-23 04:27:34.679203,ecf8b1f7-a380-4a8b-a768-ace3fc741628,,KTM,2,straight
47,Andrew_Yingchen_Gu,2009,True,1,2026-05-23 04:30:15.296659,4ac06483-16d3-4341-ba94-2126cdaae5bb,,AYG,1,straight
48,James_Edward_Granton,2009,True,2,2026-05-23 04:30:15.296659,4ac06483-16d3-4341-ba94-2126cdaae5bb,,JEG,1,straight
49,Jason_Fan_Yew,2009,True,4,2026-05-23 04:30:15.296659,4ac06483-16d3-4341-ba94-2126cdaae5bb,,JFY,1,straight
50,Matthew_Enlai_Zhang,2009,True,5,2026-05-23 04:30:15.296659,4ac06483-16d3-4341-ba94-2126cdaae5bb,,MEZ,1,straight
51,Chris_Chandler_King,2009,True,2,2026-05-23 04:30:15.296659,4ac06483-16d3-4341-ba94-2126cdaae5bb,,CCK,1,straight
52,Willard_Gary_Barry,2009,True,3,2026-05-23 04:31:18.503018,4ac06483-16d3-4341-ba94-2126cdaae5bb,,WGB,4,queer
53,Ethan_Nguyen_Nguyen,2009,True,2,2026-05-23 04:31:18.503018,4ac06483-16d3-4341-ba94-2126cdaae5bb,,ENN,1,straight
54,James_Landon_Galway,2009,True,5,2026-05-23 04:31:18.503018,4ac06483-16d3-4341-ba94-2126cdaae5bb,,JLG,3,bisexual
55,Zeke_Thane_Painter,2009,True,1,2026-05-23 04:31:18.503018,4ac06483-16d3-4341-ba94-2126cdaae5bb,,ZTP,1,straight
56,Matthew_Easton_Paulson,2009,True,5,2026-05-23 04:31:18.503018,4ac06483-16d3-4341-ba94-2126cdaae5bb,,MEP,3,bisexual
57,Chris_Jason_Paulson,2009,True,4,2026-05-23 04:32:20.617678,4ac06483-16d3-4341-ba94-2126cdaae5bb,,CJP,2,bisexual
58,Tollbooth_Jerome_Malcomb,2009,True,1,2026-05-23 04:32:20.617678,4ac06483-16d3-4341-ba94-2126cdaae5bb,,TJM,2,bisexual
59,Abner_Valentine_Lo,2009,True,5,2026-05-23 04:32:20.617678,4ac06483-16d3-4341-ba94-2126cdaae5bb,,AVL,4,gay
60,Johnny_Gabe_Young,2009,True,4,2026-05-23 04:32:20.617678,4ac06483-16d3-4341-ba94-2126cdaae5bb,,JGY,1,straight
61,Thomas_Harries_Huckstable,2009,True,2,2026-05-23 04:32:20.617678,4ac06483-16d3-4341-ba94-2126cdaae5bb,,THH,5,gay
62,Billiam_Traincar_Zhu,2008,False,2,2026-05-23 04:37:11.688349,6b2005be-24f1-4c2f-acf9-c37158abfada,,BTZ,3,questioning
63,Thane_Manny_Manuel,2008,False,1,2026-05-23 04:37:11.688349,6b2005be-24f1-4c2f-acf9-c37158abfada,,TMM,5,gay
64,Jason_Fan_Yew,2008,False,1,2026-05-23 04:37:11.688349,6b2005be-24f1-4c2f-acf9-c37158abfada,,JFY,1,straight
65,Matthew_Enlai_Zhang,2008,False,5,2026-05-23 04:37:11.688349,6b2005be-24f1-4c2f-acf9-c37158abfada,,MEZ,1,straight
66,James_Edward_Granton,2008,False,3,2026-05-23 04:37:11.688349,6b2005be-24f1-4c2f-acf9-c37158abfada,,JEG,1,straight
67,Abe_Ian_Kim,2009,True,1,2026-05-23 04:38:37.073307,6d251dcc-6929-4bf0-9281-e3cc9a2e077a,,AIK,1,straight
68,Chris_Topher_Hu,2009,True,2,2026-05-23 04:38:37.073307,6d251dcc-6929-4bf0-9281-e3cc9a2e077a,,CTH,4,bisexual
69,Big_Ey_Cai,2009,True,2,2026-05-23 04:38:37.073307,6d251dcc-6929-4bf0-9281-e3cc9a2e077a,,BEC,1,straight
70,James_Edward_Granton,2009,True,3,2026-05-23 04:38:37.073307,6d251dcc-6929-4bf0-9281-e3cc9a2e077a,,JEG,1,straight
71,Sahil_Krishna_Bhat,2009,True,5,2026-05-23 04:38:37.073307,6d251dcc-6929-4bf0-9281-e3cc9a2e077a,,SKB,1,straight
72,Ishmael_Michael_Cabrera,1920,True,2,2026-05-23 04:43:42.643177,0b1e1c54-86f7-41b0-b5f8-3e31eaf6529c,,IMC,1,straight
73,Randall_Larry_McGaren,1920,True,5,2026-05-23 04:43:42.643177,0b1e1c54-86f7-41b0-b5f8-3e31eaf6529c,,RLM,5,gay
74,Willard_Gary_Barry,1920,True,3,2026-05-23 04:43:42.643177,0b1e1c54-86f7-41b0-b5f8-3e31eaf6529c,,WGB,4,queer
75,Franklin_Kampbell_Freeman,1920,True,1,2026-05-23 04:43:42.643177,0b1e1c54-86f7-41b0-b5f8-3e31eaf6529c,,FKF,5,gay
76,Theo_Jasper_Zhang,1920,True,2,2026-05-23 04:43:42.643177,0b1e1c54-86f7-41b0-b5f8-3e31eaf6529c,,TJZ,1,straight
77,Juniper_Jim_Sha,2009,True,1,2026-05-23 04:44:46.183534,6d251dcc-6929-4bf0-9281-e3cc9a2e077a,,JJS,1,straight
78,Micheal_Kawoori_Obterra,2009,True,4,2026-05-23 04:44:46.183534,6d251dcc-6929-4bf0-9281-e3cc9a2e077a,,MKO,5,gay
79,Kamal_Chandani_Obterre,2009,True,1,2026-05-23 04:44:46.183534,6d251dcc-6929-4bf0-9281-e3cc9a2e077a,,KCO,4,bisexual
80,Azad_Pars_Salaam,2009,True,1,2026-05-23 04:44:46.183534,6d251dcc-6929-4bf0-9281-e3cc9a2e077a,,APS,5,gay
81,Darryl_David_Miller,2009,True,5,2026-05-23 04:44:46.183534,6d251dcc-6929-4bf0-9281-e3cc9a2e077a,,DDM,3,bisexual
82,Ishaan_Arav_Arun,1920,True,2,2026-05-23 04:44:49.752389,0b1e1c54-86f7-41b0-b5f8-3e31eaf6529c,,IAA,5,gay
83,Leandro_Rado_Sanchez,1920,True,1,2026-05-23 04:44:49.752389,0b1e1c54-86f7-41b0-b5f8-3e31eaf6529c,,LRS,1,straight
84,Keith_Tadeo_Muna,1920,True,1,2026-05-23 04:44:49.752389,0b1e1c54-86f7-41b0-b5f8-3e31eaf6529c,,KTM,2,straight
85,Chris_Chandler_King,1920,True,1,2026-05-23 04:44:49.752389,0b1e1c54-86f7-41b0-b5f8-3e31eaf6529c,,CCK,1,straight
86,Sipoon_Lance_Kim,1920,True,3,2026-05-23 04:44:49.752389,0b1e1c54-86f7-41b0-b5f8-3e31eaf6529c,,SLK,3,bisexual
87,Joss_Andrew_Section,2009,True,4,2026-05-23 04:45:25.416779,6d251dcc-6929-4bf0-9281-e3cc9a2e077a,,JAS,5,gay
88,Asher_Kibble_Ibria,2009,True,5,2026-05-23 04:45:25.416779,6d251dcc-6929-4bf0-9281-e3cc9a2e077a,,AKI,5,gay
89,Ethan_Nguyen_Nguyen,2009,True,2,2026-05-23 04:45:25.416779,6d251dcc-6929-4bf0-9281-e3cc9a2e077a,,ENN,1,straight
90,Aaron_Paul_Ingham,2009,True,1,2026-05-23 04:45:25.416779,6d251dcc-6929-4bf0-9281-e3cc9a2e077a,,API,1,straight
91,Josue_Benedicto_Marti,2009,True,1,2026-05-23 04:45:25.416779,6d251dcc-6929-4bf0-9281-e3cc9a2e077a,,JBM,1,straight
92,Ethan_Nguyen_Nguyen,1920,True,3,2026-05-23 04:46:24.865084,0b1e1c54-86f7-41b0-b5f8-3e31eaf6529c,,ENN,1,straight
93,Edward_Scissorhands_Salamander,1920,True,3,2026-05-23 04:46:24.865084,0b1e1c54-86f7-41b0-b5f8-3e31eaf6529c,,ESS,5,gay
94,Damian_Ubiel_Torcuato,1920,True,1,2026-05-23 04:46:24.865084,0b1e1c54-86f7-41b0-b5f8-3e31eaf6529c,,DUT,5,gay
95,Aaron_Paul_Ingham,1920,True,1,2026-05-23 04:46:24.865084,0b1e1c54-86f7-41b0-b5f8-3e31eaf6529c,,API,1,straight
96,Andrew_Yingchen_Gu,1920,True,1,2026-05-23 04:46:24.865084,0b1e1c54-86f7-41b0-b5f8-3e31eaf6529c,,AYG,1,straight
97,James_Landon_Galway,1920,True,4,2026-05-23 04:49:56.973818,60114d30-7921-4827-bf8b-ed1aa6000029,,JLG,3,bisexual
98,Ryouma_Naru_Kouya,1920,True,1,2026-05-23 04:49:56.973818,60114d30-7921-4827-bf8b-ed1aa6000029,,RNK,1,straight
99,Nicholas_Andrew_Falhosh,1920,True,3,2026-05-23 04:49:56.973818,60114d30-7921-4827-bf8b-ed1aa6000029,,NAF,2,bisexual
100,Shannon_Samuel_Palley,1920,True,5,2026-05-23 04:49:56.973818,60114d30-7921-4827-bf8b-ed1aa6000029,,SSP,1,straight
101,Jason_Jerome_Cao,1920,True,5,2026-05-23 04:49:56.973818,60114d30-7921-4827-bf8b-ed1aa6000029,,JJC,5,gay
102,Preed_Odathi_Ghandi,1920,True,1,2026-05-23 04:53:01.530877,d5ebd495-b732-479f-8fc8-fc01a98f3098,,POG,1,Straight
103,Bob_Nicolas_Gonzalo,1920,True,3,2026-05-23 04:53:01.530877,d5ebd495-b732-479f-8fc8-fc01a98f3098,,BNG,4,bisexual
104,Shangdong_Bill_Kang,1920,True,2,2026-05-23 04:53:01.530877,d5ebd495-b732-479f-8fc8-fc01a98f3098,,SBK,2,bisexual
105,Juniper_Jim_Sha,1920,True,2,2026-05-23 04:53:01.530877,d5ebd495-b732-479f-8fc8-fc01a98f3098,,JJS,1,straight
106,Darryl_David_Miller,1920,True,1,2026-05-23 04:53:01.530877,d5ebd495-b732-479f-8fc8-fc01a98f3098,,DDM,3,bisexual
107,Randall_Larry_McGaren,2007,False,5,2026-05-23 05:03:54.476035,84082957-cf91-4498-be32-b27833fb436d,,RLM,5,gay
108,Chris_Chandler_King,2007,False,3,2026-05-23 05:03:54.476035,84082957-cf91-4498-be32-b27833fb436d,,CCK,1,straight
109,Azad_Pars_Salaam,2007,False,4,2026-05-23 05:03:54.476035,84082957-cf91-4498-be32-b27833fb436d,,APS,5,gay
110,Franklin_Kampbell_Freeman,2007,False,2,2026-05-23 05:03:54.476035,84082957-cf91-4498-be32-b27833fb436d,,FKF,5,gay
111,Jason_Fan_Yew,2007,False,1,2026-05-23 05:03:54.476035,84082957-cf91-4498-be32-b27833fb436d,,JFY,1,straight
112,Andrew_Yingchen_Gu,2008,True,2,2026-05-23 05:04:54.871747,3e5e18d7-6deb-4f07-adcb-2a4cadabf74b,,AYG,1,straight
113,Abner_Valentine_Lo,2008,True,4,2026-05-23 05:04:54.871747,3e5e18d7-6deb-4f07-adcb-2a4cadabf74b,,AVL,4,gay
114,Ishaan_Arav_Arun,2008,True,3,2026-05-23 05:04:54.871747,3e5e18d7-6deb-4f07-adcb-2a4cadabf74b,,IAA,5,gay
115,Chris_Jason_Paulson,2008,True,3,2026-05-23 05:04:54.871747,3e5e18d7-6deb-4f07-adcb-2a4cadabf74b,,CJP,2,bisexual
116,Azad_Pars_Salaam,2008,True,4,2026-05-23 05:04:54.871747,3e5e18d7-6deb-4f07-adcb-2a4cadabf74b,,APS,5,gay
117,Thomas_Harries_Huckstable,2009,True,4,2026-05-23 05:05:23.781019,85f74e15-cd40-448d-9a80-657037ee05f7,,THH,5,gay
118,Matthew_Enlai_Zhang,2009,True,3,2026-05-23 05:05:23.781019,85f74e15-cd40-448d-9a80-657037ee05f7,,MEZ,1,straight
119,Andrew_Yingchen_Gu,2009,True,1,2026-05-23 05:05:23.781019,85f74e15-cd40-448d-9a80-657037ee05f7,,AYG,1,straight
120,Chris_Jason_Paulson,2009,True,2,2026-05-23 05:05:23.781019,85f74e15-cd40-448d-9a80-657037ee05f7,,CJP,2,bisexual
121,Jason_Fan_Yew,2009,True,5,2026-05-23 05:05:23.781019,85f74e15-cd40-448d-9a80-657037ee05f7,,JFY,1,straight
127,Micheal_Kawoori_Obterra,2007,False,5,2026-05-23 05:07:07.830475,84082957-cf91-4498-be32-b27833fb436d,,MKO,5,gay
128,Shangdong_Bill_Kang,2007,False,1,2026-05-23 05:07:07.830475,84082957-cf91-4498-be32-b27833fb436d,,SBK,2,bisexual
129,Nicholas_Andrew_Falhosh,2007,False,1,2026-05-23 05:07:07.830475,84082957-cf91-4498-be32-b27833fb436d,,NAF,2,bisexual
130,Sipoon_Lance_Kim,2007,False,2,2026-05-23 05:07:07.830475,84082957-cf91-4498-be32-b27833fb436d,,SLK,3,bisexual
131,Kamal_Chandani_Obterre,2007,False,1,2026-05-23 05:07:07.830475,84082957-cf91-4498-be32-b27833fb436d,,KCO,4,bisexual
132,Damian_Ubiel_Torcuato,2009,True,2,2026-05-23 05:07:39.31487,85f74e15-cd40-448d-9a80-657037ee05f7,,DUT,5,gay
133,Ishmael_Michael_Cabrera,2009,True,1,2026-05-23 05:07:39.31487,85f74e15-cd40-448d-9a80-657037ee05f7,,IMC,1,straight
134,Billiam_Traincar_Zhu,2009,True,5,2026-05-23 05:07:39.31487,85f74e15-cd40-448d-9a80-657037ee05f7,,BTZ,3,questioning
135,Sipoon_Lance_Kim,2009,True,3,2026-05-23 05:07:39.31487,85f74e15-cd40-448d-9a80-657037ee05f7,,SLK,3,bisexual
136,Matthew_Easton_Paulson,2009,True,5,2026-05-23 05:07:39.31487,85f74e15-cd40-448d-9a80-657037ee05f7,,MEP,3,bisexual
137,Rahul_Ibhan_Ramiz,2007,False,1,2026-05-23 05:12:50.889343,8844c886-0de4-4818-bbcb-3753bde21d45,,RIR,5,gay
138,Shannon_Samuel_Palley,2007,False,3,2026-05-23 05:12:50.889343,8844c886-0de4-4818-bbcb-3753bde21d45,,SSP,1,straight
139,Chris_Topher_Hu,2007,False,1,2026-05-23 05:12:50.889343,8844c886-0de4-4818-bbcb-3753bde21d45,,CTH,4,bisexual
140,Ryouma_Naru_Kouya,2007,False,3,2026-05-23 05:12:50.889343,8844c886-0de4-4818-bbcb-3753bde21d45,,RNK,1,straight
141,David_Aaron_Beauregard,2007,False,1,2026-05-23 05:12:50.889343,8844c886-0de4-4818-bbcb-3753bde21d45,,DAB,1,straight
142,Big_Ey_Cai,2008,True,3,2026-05-23 05:15:47.534812,08621db8-2140-461d-81be-ae85d993b399,,BEC,1,straight
143,Yinfan_Fred_Ha,2008,True,2,2026-05-23 05:15:47.534812,08621db8-2140-461d-81be-ae85d993b399,,YFH,1,straight
144,Johnny_Gabe_Young,2008,True,4,2026-05-23 05:15:47.534812,08621db8-2140-461d-81be-ae85d993b399,,JGY,1,straight
145,Joss_Andrew_Section,2008,True,5,2026-05-23 05:15:47.534812,08621db8-2140-461d-81be-ae85d993b399,,JAS,5,gay
146,Zeke_Thane_Painter,2008,True,1,2026-05-23 05:15:47.534812,08621db8-2140-461d-81be-ae85d993b399,,ZTP,1,straight
147,James_Landon_Galway,2008,True,5,2026-05-23 05:16:26.472206,08621db8-2140-461d-81be-ae85d993b399,,JLG,3,bisexual
148,Jason_Jerome_Cao,2008,True,4,2026-05-23 05:16:26.472206,08621db8-2140-461d-81be-ae85d993b399,,JJC,5,gay
149,Leandro_Rado_Sanchez,2008,True,1,2026-05-23 05:16:26.472206,08621db8-2140-461d-81be-ae85d993b399,,LRS,1,straight
150,Tollbooth_Jerome_Malcomb,2008,True,4,2026-05-23 05:16:26.472206,08621db8-2140-461d-81be-ae85d993b399,,TJM,2,bisexual
151,Willard_Gary_Barry,2008,True,5,2026-05-23 05:16:26.472206,08621db8-2140-461d-81be-ae85d993b399,,WGB,4,queer
152,Abe_Ian_Kim,2008,False,2,2026-05-23 06:14:29.074267,d7bef6d5-29a4-4075-8179-1246a6b19e06,,AIK,1,straight
153,Edward_Scissorhands_Salamander,2008,False,5,2026-05-23 06:14:29.074267,d7bef6d5-29a4-4075-8179-1246a6b19e06,,ESS,5,gay
154,Asher_Kibble_Ibria,2008,False,5,2026-05-23 06:14:29.074267,d7bef6d5-29a4-4075-8179-1246a6b19e06,,AKI,5,gay
155,Thane_Manny_Manuel,2008,False,5,2026-05-23 06:14:29.074267,d7bef6d5-29a4-4075-8179-1246a6b19e06,,TMM,5,gay
156,Josue_Benedicto_Marti,2008,False,2,2026-05-23 06:14:29.074267,d7bef6d5-29a4-4075-8179-1246a6b19e06,,JBM,1,straight
157,Theo_Jasper_Zhang,2008,False,2,2026-05-23 06:15:03.96255,d7bef6d5-29a4-4075-8179-1246a6b19e06,,TJZ,1,straight
158,Sahil_Krishna_Bhat,2008,False,5,2026-05-23 06:15:03.96255,d7bef6d5-29a4-4075-8179-1246a6b19e06,,SKB,1,straight
159,Preed_Odathi_Ghandi,2008,False,1,2026-05-23 06:15:03.96255,d7bef6d5-29a4-4075-8179-1246a6b19e06,,POG,1,Straight
160,Bob_Nicolas_Gonzalo,2008,False,4,2026-05-23 06:15:03.96255,d7bef6d5-29a4-4075-8179-1246a6b19e06,,BNG,4,bisexual
161,Keith_Tadeo_Muna,2008,False,4,2026-05-23 06:15:03.96255,d7bef6d5-29a4-4075-8179-1246a6b19e06,,KTM,2,straight
162,Shannon_Samuel_Palley,2008,False,1,2026-05-23 06:15:46.956572,d7bef6d5-29a4-4075-8179-1246a6b19e06,,SSP,1,straight
163,Matthew_Enlai_Zhang,2008,False,4,2026-05-23 06:15:46.956572,d7bef6d5-29a4-4075-8179-1246a6b19e06,,MEZ,1,straight
164,Tollbooth_Jerome_Malcomb,2008,False,2,2026-05-23 06:15:46.956572,d7bef6d5-29a4-4075-8179-1246a6b19e06,,TJM,2,bisexual
165,Randall_Larry_McGaren,2008,False,3,2026-05-23 06:15:46.956572,d7bef6d5-29a4-4075-8179-1246a6b19e06,,RLM,5,gay
166,Big_Ey_Cai,2008,False,2,2026-05-23 06:15:46.956572,d7bef6d5-29a4-4075-8179-1246a6b19e06,,BEC,1,straight
167,Jason_Jerome_Cao,2008,False,5,2026-05-23 06:16:21.298269,d7bef6d5-29a4-4075-8179-1246a6b19e06,,JJC,5,gay
168,Kamal_Chandani_Obterre,2008,False,1,2026-05-23 06:16:21.298269,d7bef6d5-29a4-4075-8179-1246a6b19e06,,KCO,4,bisexual
169,James_Edward_Granton,2008,False,1,2026-05-23 06:16:21.298269,d7bef6d5-29a4-4075-8179-1246a6b19e06,,JEG,1,straight
170,Leandro_Rado_Sanchez,2008,False,1,2026-05-23 06:16:21.298269,d7bef6d5-29a4-4075-8179-1246a6b19e06,,LRS,1,straight
171,Thomas_Harries_Huckstable,2008,False,4,2026-05-23 06:16:21.298269,d7bef6d5-29a4-4075-8179-1246a6b19e06,,THH,5,gay
172,Shangdong_Bill_Kang,2008,False,4,2026-05-23 06:16:55.312966,d7bef6d5-29a4-4075-8179-1246a6b19e06,,SBK,2,bisexual
173,Ryouma_Naru_Kouya,2008,False,5,2026-05-23 06:16:55.312966,d7bef6d5-29a4-4075-8179-1246a6b19e06,,RNK,1,straight
174,Zeke_Thane_Painter,2008,False,1,2026-05-23 06:16:55.312966,d7bef6d5-29a4-4075-8179-1246a6b19e06,,ZTP,1,straight
175,Chris_Chandler_King,2008,False,3,2026-05-23 06:16:55.312966,d7bef6d5-29a4-4075-8179-1246a6b19e06,,CCK,1,straight
176,Johnny_Gabe_Young,2008,False,1,2026-05-23 06:16:55.312966,d7bef6d5-29a4-4075-8179-1246a6b19e06,,JGY,1,straight
177,Joss_Andrew_Section,2008,True,5,2026-05-23 11:21:29.263003,ad072f0b-1a3c-4dc7-b3d7-3b205508588b,,JAS,5,gay
178,Rahul_Ibhan_Ramiz,2008,True,1,2026-05-23 11:21:29.263003,ad072f0b-1a3c-4dc7-b3d7-3b205508588b,,RIR,5,gay
179,Preed_Odathi_Ghandi,2008,True,1,2026-05-23 11:21:29.263003,ad072f0b-1a3c-4dc7-b3d7-3b205508588b,,POG,1,Straight
180,Willard_Gary_Barry,2008,True,5,2026-05-23 11:21:29.263003,ad072f0b-1a3c-4dc7-b3d7-3b205508588b,,WGB,4,queer
181,Theo_Jasper_Zhang,2008,True,3,2026-05-23 11:21:29.263003,ad072f0b-1a3c-4dc7-b3d7-3b205508588b,,TJZ,1,straight
182,Damian_Ubiel_Torcuato,2008,True,2,2026-05-23 12:30:24.386031,762ccd3d-2bbb-4e54-b51c-27f5cd78e0c3,,DUT,5,gay
183,Nicholas_Andrew_Falhosh,2008,True,2,2026-05-23 12:30:24.386031,762ccd3d-2bbb-4e54-b51c-27f5cd78e0c3,,NAF,2,bisexual
184,Abner_Valentine_Lo,2008,True,5,2026-05-23 12:30:24.386031,762ccd3d-2bbb-4e54-b51c-27f5cd78e0c3,,AVL,4,gay
185,Ishaan_Arav_Arun,2008,True,1,2026-05-23 12:30:24.386031,762ccd3d-2bbb-4e54-b51c-27f5cd78e0c3,,IAA,5,gay
186,Juniper_Jim_Sha,2008,True,4,2026-05-23 12:30:24.386031,762ccd3d-2bbb-4e54-b51c-27f5cd78e0c3,,JJS,1,straight
188,Micheal_Kawoori_Obterra,2010,True,4,2026-05-23 13:01:26.271805,e66669cc-8a4f-4284-8290-b61e55119423,,MKO,5,gay
189,Sahil_Krishna_Bhat,2010,True,5,2026-05-23 13:01:26.271805,e66669cc-8a4f-4284-8290-b61e55119423,,SKB,1,straight
190,Asher_Kibble_Ibria,2010,True,5,2026-05-23 13:01:26.271805,e66669cc-8a4f-4284-8290-b61e55119423,,AKI,5,gay
191,Bob_Nicolas_Gonzalo,2010,True,3,2026-05-23 13:01:26.271805,e66669cc-8a4f-4284-8290-b61e55119423,,BNG,4,bisexual
192,Ethan_Nguyen_Nguyen,2010,True,1,2026-05-23 13:01:26.271805,e66669cc-8a4f-4284-8290-b61e55119423,,ENN,1,straight
193,Yinfan_Fred_Ha,2010,True,1,2026-05-23 13:02:51.698137,e66669cc-8a4f-4284-8290-b61e55119423,,YFH,1,straight
194,Aaron_Paul_Ingham,2010,True,1,2026-05-23 13:02:51.698137,e66669cc-8a4f-4284-8290-b61e55119423,,API,1,straight
195,Ishmael_Michael_Cabrera,2010,True,1,2026-05-23 13:02:51.698137,e66669cc-8a4f-4284-8290-b61e55119423,,IMC,1,straight
196,Franklin_Kampbell_Freeman,2010,True,4,2026-05-23 13:02:51.698137,e66669cc-8a4f-4284-8290-b61e55119423,,FKF,5,gay
197,Chris_Topher_Hu,2010,True,1,2026-05-23 13:02:51.698137,e66669cc-8a4f-4284-8290-b61e55119423,,CTH,4,bisexual
198,Thane_Manny_Manuel,2000,True,1,2026-05-23 13:16:02.636417,795ab7c0-6747-4f6a-af85-07bbff0c926b,,TMM,5,gay
199,Edward_Scissorhands_Salamander,2000,True,2,2026-05-23 13:16:02.636417,795ab7c0-6747-4f6a-af85-07bbff0c926b,,ESS,5,gay
200,Abe_Ian_Kim,2000,True,1,2026-05-23 13:16:02.636417,795ab7c0-6747-4f6a-af85-07bbff0c926b,,AIK,1,straight
201,Darryl_David_Miller,2000,True,1,2026-05-23 13:16:02.636417,795ab7c0-6747-4f6a-af85-07bbff0c926b,,DDM,3,bisexual
202,Billiam_Traincar_Zhu,2000,True,1,2026-05-23 13:16:02.636417,795ab7c0-6747-4f6a-af85-07bbff0c926b,,BTZ,3,questioning
203,Matthew_Easton_Paulson,2000,True,5,2026-05-23 13:18:40.825287,795ab7c0-6747-4f6a-af85-07bbff0c926b,,MEP,3,bisexual
204,Keith_Tadeo_Muna,2000,True,1,2026-05-23 13:18:40.825287,795ab7c0-6747-4f6a-af85-07bbff0c926b,,KTM,2,straight
205,Josue_Benedicto_Marti,2000,True,1,2026-05-23 13:18:40.825287,795ab7c0-6747-4f6a-af85-07bbff0c926b,,JBM,1,straight
206,James_Landon_Galway,2000,True,5,2026-05-23 13:18:40.825287,795ab7c0-6747-4f6a-af85-07bbff0c926b,,JLG,3,bisexual
207,David_Aaron_Beauregard,2000,True,1,2026-05-23 13:18:40.825287,795ab7c0-6747-4f6a-af85-07bbff0c926b,,DAB,1,straight
208,Ryouma_Naru_Kouya,2000,True,5,2026-05-23 13:20:01.370677,795ab7c0-6747-4f6a-af85-07bbff0c926b,,RNK,1,straight
209,Ethan_Nguyen_Nguyen,2000,True,1,2026-05-23 13:20:01.370677,795ab7c0-6747-4f6a-af85-07bbff0c926b,,ENN,1,straight
210,Thomas_Harries_Huckstable,2000,True,1,2026-05-23 13:20:01.370677,795ab7c0-6747-4f6a-af85-07bbff0c926b,,THH,5,gay
211,Shannon_Samuel_Palley,2000,True,2,2026-05-23 13:20:01.370677,795ab7c0-6747-4f6a-af85-07bbff0c926b,,SSP,1,straight
212,Jason_Fan_Yew,2000,True,5,2026-05-23 13:20:01.370677,795ab7c0-6747-4f6a-af85-07bbff0c926b,,JFY,1,straight
213,Franklin_Kampbell_Freeman,2000,True,2,2026-05-23 13:21:59.541132,795ab7c0-6747-4f6a-af85-07bbff0c926b,,FKF,5,gay
214,Joss_Andrew_Section,2000,True,5,2026-05-23 13:21:59.541132,795ab7c0-6747-4f6a-af85-07bbff0c926b,,JAS,5,gay
215,Yinfan_Fred_Ha,2000,True,1,2026-05-23 13:21:59.541132,795ab7c0-6747-4f6a-af85-07bbff0c926b,,YFH,1,straight
216,Theo_Jasper_Zhang,2000,True,4,2026-05-23 13:21:59.541132,795ab7c0-6747-4f6a-af85-07bbff0c926b,,TJZ,1,straight
217,Zeke_Thane_Painter,2000,True,4,2026-05-23 13:21:59.541132,795ab7c0-6747-4f6a-af85-07bbff0c926b,,ZTP,1,straight
218,Kamal_Chandani_Obterre,2000,True,2,2026-05-23 13:23:30.010582,795ab7c0-6747-4f6a-af85-07bbff0c926b,,KCO,4,bisexual
219,Randall_Larry_McGaren,2000,True,2,2026-05-23 13:23:30.010582,795ab7c0-6747-4f6a-af85-07bbff0c926b,,RLM,5,gay
220,Sipoon_Lance_Kim,2000,True,4,2026-05-23 13:23:30.010582,795ab7c0-6747-4f6a-af85-07bbff0c926b,,SLK,3,bisexual
221,Micheal_Kawoori_Obterra,2000,True,5,2026-05-23 13:23:30.010582,795ab7c0-6747-4f6a-af85-07bbff0c926b,,MKO,5,gay
222,Matthew_Enlai_Zhang,2000,True,4,2026-05-23 13:23:30.010582,795ab7c0-6747-4f6a-af85-07bbff0c926b,,MEZ,1,straight
223,Abe_Ian_Kim,2007,True,2,2026-05-23 13:36:35.222838,dac322d7-d991-40d3-bc40-2e861427df42,,AIK,1,straight
224,Azad_Pars_Salaam,2007,True,3,2026-05-23 13:36:35.222838,dac322d7-d991-40d3-bc40-2e861427df42,,APS,5,gay
225,Asher_Kibble_Ibria,2007,True,4,2026-05-23 13:36:35.222838,dac322d7-d991-40d3-bc40-2e861427df42,,AKI,5,gay
226,David_Aaron_Beauregard,2007,True,1,2026-05-23 13:36:35.222838,dac322d7-d991-40d3-bc40-2e861427df42,,DAB,1,straight
227,Chris_Chandler_King,2007,True,1,2026-05-23 13:36:35.222838,dac322d7-d991-40d3-bc40-2e861427df42,,CCK,1,straight
229,James_Landon_Galway,2010,True,3,2026-05-23 13:45:35.248927,e66669cc-8a4f-4284-8290-b61e55119423,,JLG,3,bisexual
230,Big_Ey_Cai,2010,True,2,2026-05-23 13:45:35.248927,e66669cc-8a4f-4284-8290-b61e55119423,,BEC,1,straight
231,Keith_Tadeo_Muna,2010,True,4,2026-05-23 13:45:35.248927,e66669cc-8a4f-4284-8290-b61e55119423,,KTM,2,straight
232,Rahul_Ibhan_Ramiz,2010,True,1,2026-05-23 13:45:35.248927,e66669cc-8a4f-4284-8290-b61e55119423,,RIR,5,gay
233,Josue_Benedicto_Marti,2010,True,1,2026-05-23 13:45:35.248927,e66669cc-8a4f-4284-8290-b61e55119423,,JBM,1,straight
234,Damian_Ubiel_Torcuato,2008,True,4,2026-05-23 13:59:47.55118,aa73e0b1-6890-4b08-b577-c2f6f11b1060,,DUT,5,gay
235,Thane_Manny_Manuel,2008,True,4,2026-05-23 13:59:47.55118,aa73e0b1-6890-4b08-b577-c2f6f11b1060,,TMM,5,gay
236,Ishmael_Michael_Cabrera,2008,True,2,2026-05-23 13:59:47.55118,aa73e0b1-6890-4b08-b577-c2f6f11b1060,,IMC,1,straight
237,Abner_Valentine_Lo,2008,True,4,2026-05-23 13:59:47.55118,aa73e0b1-6890-4b08-b577-c2f6f11b1060,,AVL,4,gay
238,Chris_Jason_Paulson,2008,True,2,2026-05-23 13:59:47.55118,aa73e0b1-6890-4b08-b577-c2f6f11b1060,,CJP,2,bisexual
239,Nicholas_Andrew_Falhosh,2008,True,1,2026-05-23 14:00:05.858296,81870a21-c14b-42de-bba0-d35bad73dec4,,NAF,2,bisexual
240,Ishaan_Arav_Arun,2008,True,5,2026-05-23 14:00:05.858296,81870a21-c14b-42de-bba0-d35bad73dec4,,IAA,5,gay
241,Bob_Nicolas_Gonzalo,2008,True,3,2026-05-23 14:00:05.858296,81870a21-c14b-42de-bba0-d35bad73dec4,,BNG,4,bisexual
242,James_Edward_Granton,2008,True,2,2026-05-23 14:00:05.858296,81870a21-c14b-42de-bba0-d35bad73dec4,,JEG,1,straight
243,Aaron_Paul_Ingham,2008,True,2,2026-05-23 14:00:05.858296,81870a21-c14b-42de-bba0-d35bad73dec4,,API,1,straight
244,Leandro_Rado_Sanchez,2008,True,1,2026-05-23 14:00:47.637349,81870a21-c14b-42de-bba0-d35bad73dec4,,LRS,1,straight
245,Andrew_Yingchen_Gu,2008,True,1,2026-05-23 14:00:47.637349,81870a21-c14b-42de-bba0-d35bad73dec4,,AYG,1,straight
246,Tollbooth_Jerome_Malcomb,2008,True,5,2026-05-23 14:00:47.637349,81870a21-c14b-42de-bba0-d35bad73dec4,,TJM,2,bisexual
247,Preed_Odathi_Ghandi,2008,True,3,2026-05-23 14:00:47.637349,81870a21-c14b-42de-bba0-d35bad73dec4,,POG,1,Straight
248,Edward_Scissorhands_Salamander,2008,True,2,2026-05-23 14:00:47.637349,81870a21-c14b-42de-bba0-d35bad73dec4,,ESS,5,gay
249,Andrew_Yingchen_Gu,2008,True,1,2026-05-23 14:01:17.863138,aa73e0b1-6890-4b08-b577-c2f6f11b1060,,AYG,1,straight
250,Juniper_Jim_Sha,2008,True,4,2026-05-23 14:01:17.863138,aa73e0b1-6890-4b08-b577-c2f6f11b1060,,JJS,1,straight
251,Chris_Topher_Hu,2008,True,2,2026-05-23 14:01:17.863138,aa73e0b1-6890-4b08-b577-c2f6f11b1060,,CTH,4,bisexual
252,Sahil_Krishna_Bhat,2008,True,5,2026-05-23 14:01:17.863138,aa73e0b1-6890-4b08-b577-c2f6f11b1060,,SKB,1,straight
253,Edward_Scissorhands_Salamander,2008,True,5,2026-05-23 14:01:17.863138,aa73e0b1-6890-4b08-b577-c2f6f11b1060,,ESS,5,gay
254,Willard_Gary_Barry,2007,True,5,2026-05-23 14:31:23.89719,42d4c7ec-adfa-40e7-9be7-cfa1862c5229,,WGB,4,queer
255,Johnny_Gabe_Young,2007,True,2,2026-05-23 14:31:23.89719,42d4c7ec-adfa-40e7-9be7-cfa1862c5229,,JGY,1,straight
256,Matthew_Easton_Paulson,2007,True,5,2026-05-23 14:31:23.89719,42d4c7ec-adfa-40e7-9be7-cfa1862c5229,,MEP,3,bisexual
257,Darryl_David_Miller,2007,True,4,2026-05-23 14:31:23.89719,42d4c7ec-adfa-40e7-9be7-cfa1862c5229,,DDM,3,bisexual
258,Billiam_Traincar_Zhu,2007,True,2,2026-05-23 14:31:23.89719,42d4c7ec-adfa-40e7-9be7-cfa1862c5229,,BTZ,3,questioning
259,Jason_Jerome_Cao,2007,True,4,2026-05-23 14:32:41.574275,205585df-0f98-42a8-9df0-74588aee56f5,,JJC,5,gay
260,Shangdong_Bill_Kang,2007,True,3,2026-05-23 14:32:41.574275,205585df-0f98-42a8-9df0-74588aee56f5,,SBK,2,bisexual
261,Micheal_Kawoori_Obterra,2007,True,3,2026-05-23 14:32:41.574275,205585df-0f98-42a8-9df0-74588aee56f5,,MKO,5,gay
262,Big_Ey_Cai,2007,True,2,2026-05-23 14:32:41.574275,205585df-0f98-42a8-9df0-74588aee56f5,,BEC,1,straight
263,Billiam_Traincar_Zhu,2007,True,4,2026-05-23 14:32:41.574275,205585df-0f98-42a8-9df0-74588aee56f5,,BTZ,3,questioning
264,Leandro_Rado_Sanchez,2007,True,1,2026-05-23 14:33:49.921424,6417d936-0dd0-44b8-bedd-d626d7c4c0b0,,LRS,1,straight
265,Ishaan_Arav_Arun,2007,True,5,2026-05-23 14:33:49.921424,6417d936-0dd0-44b8-bedd-d626d7c4c0b0,,IAA,5,gay
266,Ethan_Nguyen_Nguyen,2007,True,2,2026-05-23 14:33:49.921424,6417d936-0dd0-44b8-bedd-d626d7c4c0b0,,ENN,1,straight
267,Ryouma_Naru_Kouya,2007,True,3,2026-05-23 14:33:49.921424,6417d936-0dd0-44b8-bedd-d626d7c4c0b0,,RNK,1,straight
268,Rahul_Ibhan_Ramiz,2007,True,1,2026-05-23 14:33:49.921424,6417d936-0dd0-44b8-bedd-d626d7c4c0b0,,RIR,5,gay
269,Josue_Benedicto_Marti,2007,True,1,2026-05-23 14:34:40.428992,6417d936-0dd0-44b8-bedd-d626d7c4c0b0,,JBM,1,straight
270,David_Aaron_Beauregard,2007,True,5,2026-05-23 14:34:40.428992,6417d936-0dd0-44b8-bedd-d626d7c4c0b0,,DAB,1,straight
271,Chris_Jason_Paulson,2007,True,4,2026-05-23 14:34:40.428992,6417d936-0dd0-44b8-bedd-d626d7c4c0b0,,CJP,2,bisexual
272,Yinfan_Fred_Ha,2007,True,2,2026-05-23 14:34:40.428992,6417d936-0dd0-44b8-bedd-d626d7c4c0b0,,YFH,1,straight
273,Matthew_Enlai_Zhang,2007,True,2,2026-05-23 14:34:40.428992,6417d936-0dd0-44b8-bedd-d626d7c4c0b0,,MEZ,1,straight
274,Joss_Andrew_Section,2007,True,5,2026-05-23 14:35:20.485043,6417d936-0dd0-44b8-bedd-d626d7c4c0b0,,JAS,5,gay
275,Thane_Manny_Manuel,2007,True,4,2026-05-23 14:35:20.485043,6417d936-0dd0-44b8-bedd-d626d7c4c0b0,,TMM,5,gay
276,Thomas_Harries_Huckstable,2007,True,5,2026-05-23 14:35:20.485043,6417d936-0dd0-44b8-bedd-d626d7c4c0b0,,THH,5,gay
277,Asher_Kibble_Ibria,2007,True,5,2026-05-23 14:35:20.485043,6417d936-0dd0-44b8-bedd-d626d7c4c0b0,,AKI,5,gay
278,Zeke_Thane_Painter,2007,True,1,2026-05-23 14:35:20.485043,6417d936-0dd0-44b8-bedd-d626d7c4c0b0,,ZTP,1,straight
279,Jason_Jerome_Cao,2007,True,4,2026-05-23 14:36:26.250003,6417d936-0dd0-44b8-bedd-d626d7c4c0b0,,JJC,5,gay
280,Aaron_Paul_Ingham,2007,True,3,2026-05-23 14:36:26.250003,6417d936-0dd0-44b8-bedd-d626d7c4c0b0,,API,1,straight
281,Keith_Tadeo_Muna,2007,True,1,2026-05-23 14:36:26.250003,6417d936-0dd0-44b8-bedd-d626d7c4c0b0,,KTM,2,straight
282,Sahil_Krishna_Bhat,2007,True,4,2026-05-23 14:36:26.250003,6417d936-0dd0-44b8-bedd-d626d7c4c0b0,,SKB,1,straight
283,Franklin_Kampbell_Freeman,2007,True,5,2026-05-23 14:36:26.250003,6417d936-0dd0-44b8-bedd-d626d7c4c0b0,,FKF,5,gay
284,Randall_Larry_McGaren,2007,True,4,2026-05-23 14:37:10.416795,6417d936-0dd0-44b8-bedd-d626d7c4c0b0,,RLM,5,gay
285,Jason_Fan_Yew,2007,True,5,2026-05-23 14:37:10.416795,6417d936-0dd0-44b8-bedd-d626d7c4c0b0,,JFY,1,straight
286,Kamal_Chandani_Obterre,2007,True,2,2026-05-23 14:37:10.416795,6417d936-0dd0-44b8-bedd-d626d7c4c0b0,,KCO,4,bisexual
287,Sipoon_Lance_Kim,2007,True,4,2026-05-23 14:37:10.416795,6417d936-0dd0-44b8-bedd-d626d7c4c0b0,,SLK,3,bisexual
288,Willard_Gary_Barry,2007,True,4,2026-05-23 14:37:10.416795,6417d936-0dd0-44b8-bedd-d626d7c4c0b0,,WGB,4,queer
289,Darryl_David_Miller,2006,True,1,2026-05-23 15:17:46.835805,7e74fe8e-60de-4bdf-a6fc-9bc1f4d0385f,,DDM,3,bisexual
290,Tollbooth_Jerome_Malcomb,2006,True,4,2026-05-23 15:17:46.835805,7e74fe8e-60de-4bdf-a6fc-9bc1f4d0385f,,TJM,2,bisexual
291,Preed_Odathi_Ghandi,2006,True,1,2026-05-23 15:17:46.835805,7e74fe8e-60de-4bdf-a6fc-9bc1f4d0385f,,POG,1,Straight
292,James_Landon_Galway,2006,True,2,2026-05-23 15:17:46.835805,7e74fe8e-60de-4bdf-a6fc-9bc1f4d0385f,,JLG,3,bisexual
293,Johnny_Gabe_Young,2006,True,1,2026-05-23 15:17:46.835805,7e74fe8e-60de-4bdf-a6fc-9bc1f4d0385f,,JGY,1,straight
294,Damian_Ubiel_Torcuato,2006,True,3,2026-05-23 15:20:57.432193,7e74fe8e-60de-4bdf-a6fc-9bc1f4d0385f,,DUT,5,gay
295,Juniper_Jim_Sha,2006,True,2,2026-05-23 15:20:57.432193,7e74fe8e-60de-4bdf-a6fc-9bc1f4d0385f,,JJS,1,straight
296,Nicholas_Andrew_Falhosh,2006,True,1,2026-05-23 15:20:57.432193,7e74fe8e-60de-4bdf-a6fc-9bc1f4d0385f,,NAF,2,bisexual
297,Shangdong_Bill_Kang,2006,True,1,2026-05-23 15:20:57.432193,7e74fe8e-60de-4bdf-a6fc-9bc1f4d0385f,,SBK,2,bisexual
298,Abner_Valentine_Lo,2006,True,4,2026-05-23 15:20:57.432193,7e74fe8e-60de-4bdf-a6fc-9bc1f4d0385f,,AVL,4,gay
299,Shannon_Samuel_Palley,2008,True,4,2026-05-23 15:48:43.723299,28812ba7-772e-4e5d-ae77-bc6e26cd0f8a,,SSP,1,straight
300,Ishmael_Michael_Cabrera,2008,True,1,2026-05-23 15:48:43.723299,28812ba7-772e-4e5d-ae77-bc6e26cd0f8a,,IMC,1,straight
301,Theo_Jasper_Zhang,2008,True,1,2026-05-23 15:48:43.723299,28812ba7-772e-4e5d-ae77-bc6e26cd0f8a,,TJZ,1,straight
302,Abe_Ian_Kim,2008,True,1,2026-05-23 15:48:43.723299,28812ba7-772e-4e5d-ae77-bc6e26cd0f8a,,AIK,1,straight
303,Azad_Pars_Salaam,2008,True,2,2026-05-23 15:48:43.723299,28812ba7-772e-4e5d-ae77-bc6e26cd0f8a,,APS,5,gay
304,Bob_Nicolas_Gonzalo,2008,True,4,2026-05-23 15:53:23.244967,28812ba7-772e-4e5d-ae77-bc6e26cd0f8a,,BNG,4,bisexual
305,Matthew_Easton_Paulson,2008,True,1,2026-05-23 15:53:23.244967,28812ba7-772e-4e5d-ae77-bc6e26cd0f8a,,MEP,3,bisexual
306,James_Edward_Granton,2008,True,1,2026-05-23 15:53:23.244967,28812ba7-772e-4e5d-ae77-bc6e26cd0f8a,,JEG,1,straight
307,Chris_Topher_Hu,2008,True,1,2026-05-23 15:53:23.244967,28812ba7-772e-4e5d-ae77-bc6e26cd0f8a,,CTH,4,bisexual
308,Chris_Chandler_King,2008,True,5,2026-05-23 15:53:23.244967,28812ba7-772e-4e5d-ae77-bc6e26cd0f8a,,CCK,1,straight
309,Thomas_Harries_Huckstable,2008,True,4,2026-05-23 15:57:25.682366,43309ccb-2f74-45c8-aeb6-e2978b5d812c,,THH,5,gay
310,Shannon_Samuel_Palley,2008,True,5,2026-05-23 15:57:25.682366,43309ccb-2f74-45c8-aeb6-e2978b5d812c,,SSP,1,straight
311,Preed_Odathi_Ghandi,2008,True,1,2026-05-23 15:57:25.682366,43309ccb-2f74-45c8-aeb6-e2978b5d812c,,POG,1,Straight
312,Ishmael_Michael_Cabrera,2008,True,3,2026-05-23 15:57:25.682366,43309ccb-2f74-45c8-aeb6-e2978b5d812c,,IMC,1,straight
313,Andrew_Yingchen_Gu,2008,True,1,2026-05-23 15:57:25.682366,43309ccb-2f74-45c8-aeb6-e2978b5d812c,,AYG,1,straight
314,Thane_Manny_Manuel,2008,True,5,2026-05-23 15:58:15.299474,a51d46d5-e43f-4e54-8614-05e24aa90e0a,,TMM,5,gay
315,Sahil_Krishna_Bhat,2008,True,1,2026-05-23 15:58:15.299474,a51d46d5-e43f-4e54-8614-05e24aa90e0a,,SKB,1,straight
316,Randall_Larry_McGaren,2008,True,5,2026-05-23 15:58:15.299474,a51d46d5-e43f-4e54-8614-05e24aa90e0a,,RLM,5,gay
317,Tollbooth_Jerome_Malcomb,2008,True,5,2026-05-23 15:58:15.299474,a51d46d5-e43f-4e54-8614-05e24aa90e0a,,TJM,2,bisexual
318,Matthew_Easton_Paulson,2008,True,1,2026-05-23 15:58:15.299474,a51d46d5-e43f-4e54-8614-05e24aa90e0a,,MEP,3,bisexual
319,Kamal_Chandani_Obterre,2007,False,2,2026-05-23 16:02:46.222464,5cc25470-aeef-43e1-8c04-20e8f89f026c,,KCO,4,bisexual
320,Sipoon_Lance_Kim,2007,False,1,2026-05-23 16:02:46.222464,5cc25470-aeef-43e1-8c04-20e8f89f026c,,SLK,3,bisexual
321,Chris_Topher_Hu,2007,False,1,2026-05-23 16:02:46.222464,5cc25470-aeef-43e1-8c04-20e8f89f026c,,CTH,4,bisexual
322,Ryouma_Naru_Kouya,2007,False,4,2026-05-23 16:02:46.222464,5cc25470-aeef-43e1-8c04-20e8f89f026c,,RNK,1,straight
323,Rahul_Ibhan_Ramiz,2007,False,3,2026-05-23 16:02:46.222464,5cc25470-aeef-43e1-8c04-20e8f89f026c,,RIR,5,gay
324,Ishaan_Arav_Arun,2007,True,5,2026-05-23 16:15:56.116826,23b4b8d2-c338-4861-a52e-e2a6c92b3206,,IAA,5,gay
325,Josue_Benedicto_Marti,2007,True,1,2026-05-23 16:15:56.116826,23b4b8d2-c338-4861-a52e-e2a6c92b3206,,JBM,1,straight
326,Micheal_Kawoori_Obterra,2007,True,4,2026-05-23 16:15:56.116826,23b4b8d2-c338-4861-a52e-e2a6c92b3206,,MKO,5,gay
327,Big_Ey_Cai,2007,True,2,2026-05-23 16:15:56.116826,23b4b8d2-c338-4861-a52e-e2a6c92b3206,,BEC,1,straight
328,Chris_Chandler_King,2007,True,3,2026-05-23 16:15:56.116826,23b4b8d2-c338-4861-a52e-e2a6c92b3206,,CCK,1,straight
329,David_Aaron_Beauregard,2008,True,1,2026-05-23 16:21:21.064532,57c57bed-34a6-4a67-a61a-22e696d3babc,,DAB,1,straight
330,Asher_Kibble_Ibria,2008,True,5,2026-05-23 16:21:21.064532,57c57bed-34a6-4a67-a61a-22e696d3babc,,AKI,5,gay
331,James_Landon_Galway,2008,True,3,2026-05-23 16:21:21.064532,57c57bed-34a6-4a67-a61a-22e696d3babc,,JLG,3,bisexual
332,Bob_Nicolas_Gonzalo,2008,True,1,2026-05-23 16:21:21.064532,57c57bed-34a6-4a67-a61a-22e696d3babc,,BNG,4,bisexual
333,Aaron_Paul_Ingham,2008,True,1,2026-05-23 16:21:21.064532,57c57bed-34a6-4a67-a61a-22e696d3babc,,API,1,straight
334,Nicholas_Andrew_Falhosh,2007,True,4,2026-05-23 16:24:16.552972,275663d1-b720-43de-a9db-64bcb36d79a4,,NAF,2,bisexual
335,Damian_Ubiel_Torcuato,2007,True,5,2026-05-23 16:24:16.552972,275663d1-b720-43de-a9db-64bcb36d79a4,,DUT,5,gay
336,Leandro_Rado_Sanchez,2007,True,1,2026-05-23 16:24:16.552972,275663d1-b720-43de-a9db-64bcb36d79a4,,LRS,1,straight
337,Johnny_Gabe_Young,2007,True,2,2026-05-23 16:24:16.552972,275663d1-b720-43de-a9db-64bcb36d79a4,,JGY,1,straight
338,Theo_Jasper_Zhang,2007,True,3,2026-05-23 16:24:16.552972,275663d1-b720-43de-a9db-64bcb36d79a4,,TJZ,1,straight
339,Ethan_Nguyen_Nguyen,2007,True,2,2026-05-23 16:25:50.593881,275663d1-b720-43de-a9db-64bcb36d79a4,,ENN,1,straight
340,Zeke_Thane_Painter,2007,True,4,2026-05-23 16:25:50.593881,275663d1-b720-43de-a9db-64bcb36d79a4,,ZTP,1,straight
341,Chris_Jason_Paulson,2007,True,3,2026-05-23 16:25:50.593881,275663d1-b720-43de-a9db-64bcb36d79a4,,CJP,2,bisexual
342,Shangdong_Bill_Kang,2007,True,2,2026-05-23 16:25:50.593881,275663d1-b720-43de-a9db-64bcb36d79a4,,SBK,2,bisexual
343,Juniper_Jim_Sha,2007,True,3,2026-05-23 16:25:50.593881,275663d1-b720-43de-a9db-64bcb36d79a4,,JJS,1,straight
344,Abe_Ian_Kim,2007,True,3,2026-05-23 16:27:49.469753,275663d1-b720-43de-a9db-64bcb36d79a4,,AIK,1,straight
345,Billiam_Traincar_Zhu,2007,True,4,2026-05-23 16:27:49.469753,275663d1-b720-43de-a9db-64bcb36d79a4,,BTZ,3,questioning
346,Abner_Valentine_Lo,2007,True,5,2026-05-23 16:27:49.469753,275663d1-b720-43de-a9db-64bcb36d79a4,,AVL,4,gay
347,Yinfan_Fred_Ha,2007,True,2,2026-05-23 16:27:49.469753,275663d1-b720-43de-a9db-64bcb36d79a4,,YFH,1,straight
348,Willard_Gary_Barry,2007,True,1,2026-05-23 16:27:49.469753,275663d1-b720-43de-a9db-64bcb36d79a4,,WGB,4,queer
349,Jason_Jerome_Cao,2007,True,3,2026-05-23 16:28:54.32366,275663d1-b720-43de-a9db-64bcb36d79a4,,JJC,5,gay
350,Darryl_David_Miller,2007,True,2,2026-05-23 16:28:54.32366,275663d1-b720-43de-a9db-64bcb36d79a4,,DDM,3,bisexual
351,Franklin_Kampbell_Freeman,2007,True,5,2026-05-23 16:28:54.32366,275663d1-b720-43de-a9db-64bcb36d79a4,,FKF,5,gay
352,James_Edward_Granton,2007,True,3,2026-05-23 16:28:54.32366,275663d1-b720-43de-a9db-64bcb36d79a4,,JEG,1,straight
353,Jason_Fan_Yew,2007,True,2,2026-05-23 16:28:54.32366,275663d1-b720-43de-a9db-64bcb36d79a4,,JFY,1,straight
354,Edward_Scissorhands_Salamander,2007,False,2,2026-05-23 16:31:16.29893,5657df30-bf53-4ecc-8caa-0bf87238d7fb,,ESS,5,gay
355,Joss_Andrew_Section,2007,False,4,2026-05-23 16:31:16.29893,5657df30-bf53-4ecc-8caa-0bf87238d7fb,,JAS,5,gay
356,Matthew_Enlai_Zhang,2007,False,1,2026-05-23 16:31:16.29893,5657df30-bf53-4ecc-8caa-0bf87238d7fb,,MEZ,1,straight
357,Keith_Tadeo_Muna,2007,False,4,2026-05-23 16:31:16.29893,5657df30-bf53-4ecc-8caa-0bf87238d7fb,,KTM,2,straight
358,Azad_Pars_Salaam,2007,False,1,2026-05-23 16:31:16.29893,5657df30-bf53-4ecc-8caa-0bf87238d7fb,,APS,5,gay
359,Leandro_Rado_Sanchez,2007,False,5,2026-05-23 16:31:58.459981,5657df30-bf53-4ecc-8caa-0bf87238d7fb,,LRS,1,straight
360,Randall_Larry_McGaren,2007,False,5,2026-05-23 16:31:58.459981,5657df30-bf53-4ecc-8caa-0bf87238d7fb,,RLM,5,gay
361,Thane_Manny_Manuel,2007,False,5,2026-05-23 16:31:58.459981,5657df30-bf53-4ecc-8caa-0bf87238d7fb,,TMM,5,gay
362,Billiam_Traincar_Zhu,2007,False,5,2026-05-23 16:31:58.459981,5657df30-bf53-4ecc-8caa-0bf87238d7fb,,BTZ,3,questioning
363,Aaron_Paul_Ingham,2007,False,5,2026-05-23 16:31:58.459981,5657df30-bf53-4ecc-8caa-0bf87238d7fb,,API,1,straight
364,Big_Ey_Cai,2007,False,5,2026-05-23 16:32:28.334394,5657df30-bf53-4ecc-8caa-0bf87238d7fb,,BEC,1,straight
365,Abe_Ian_Kim,2007,False,5,2026-05-23 16:32:28.334394,5657df30-bf53-4ecc-8caa-0bf87238d7fb,,AIK,1,straight
366,Chris_Topher_Hu,2007,False,3,2026-05-23 16:32:28.334394,5657df30-bf53-4ecc-8caa-0bf87238d7fb,,CTH,4,bisexual
367,Franklin_Kampbell_Freeman,2007,False,5,2026-05-23 16:32:28.334394,5657df30-bf53-4ecc-8caa-0bf87238d7fb,,FKF,5,gay
368,Johnny_Gabe_Young,2007,False,1,2026-05-23 16:32:28.334394,5657df30-bf53-4ecc-8caa-0bf87238d7fb,,JGY,1,straight
369,Ishaan_Arav_Arun,2007,False,5,2026-05-23 16:33:05.835828,5657df30-bf53-4ecc-8caa-0bf87238d7fb,,IAA,5,gay
370,Ethan_Nguyen_Nguyen,2007,False,5,2026-05-23 16:33:05.835828,5657df30-bf53-4ecc-8caa-0bf87238d7fb,,ENN,1,straight
371,Sahil_Krishna_Bhat,2007,False,5,2026-05-23 16:33:05.835828,5657df30-bf53-4ecc-8caa-0bf87238d7fb,,SKB,1,straight
372,Abner_Valentine_Lo,2007,False,5,2026-05-23 16:33:05.835828,5657df30-bf53-4ecc-8caa-0bf87238d7fb,,AVL,4,gay
373,Tollbooth_Jerome_Malcomb,2007,False,5,2026-05-23 16:33:05.835828,5657df30-bf53-4ecc-8caa-0bf87238d7fb,,TJM,2,bisexual
374,Rahul_Ibhan_Ramiz,2007,False,5,2026-05-23 16:33:35.045423,5657df30-bf53-4ecc-8caa-0bf87238d7fb,,RIR,5,gay
375,Jason_Jerome_Cao,2007,False,5,2026-05-23 16:33:35.045423,5657df30-bf53-4ecc-8caa-0bf87238d7fb,,JJC,5,gay
376,Micheal_Kawoori_Obterra,2007,False,5,2026-05-23 16:33:35.045423,5657df30-bf53-4ecc-8caa-0bf87238d7fb,,MKO,5,gay
377,Willard_Gary_Barry,2007,False,5,2026-05-23 16:33:35.045423,5657df30-bf53-4ecc-8caa-0bf87238d7fb,,WGB,4,queer
378,Sipoon_Lance_Kim,2007,False,5,2026-05-23 16:33:35.045423,5657df30-bf53-4ecc-8caa-0bf87238d7fb,,SLK,3,bisexual
379,Nicholas_Andrew_Falhosh,2007,False,5,2026-05-23 16:34:04.45458,5657df30-bf53-4ecc-8caa-0bf87238d7fb,,NAF,2,bisexual
380,Matthew_Easton_Paulson,2007,False,5,2026-05-23 16:34:04.45458,5657df30-bf53-4ecc-8caa-0bf87238d7fb,,MEP,3,bisexual
381,Damian_Ubiel_Torcuato,2007,False,5,2026-05-23 16:34:04.45458,5657df30-bf53-4ecc-8caa-0bf87238d7fb,,DUT,5,gay
382,Shannon_Samuel_Palley,2007,False,5,2026-05-23 16:34:04.45458,5657df30-bf53-4ecc-8caa-0bf87238d7fb,,SSP,1,straight
383,Juniper_Jim_Sha,2007,False,5,2026-05-23 16:34:04.45458,5657df30-bf53-4ecc-8caa-0bf87238d7fb,,JJS,1,straight
384,Josue_Benedicto_Marti,2007,False,5,2026-05-23 16:34:34.096952,5657df30-bf53-4ecc-8caa-0bf87238d7fb,,JBM,1,straight
385,Shangdong_Bill_Kang,2007,False,5,2026-05-23 16:34:34.096952,5657df30-bf53-4ecc-8caa-0bf87238d7fb,,SBK,2,bisexual
386,Chris_Chandler_King,2007,False,5,2026-05-23 16:34:34.096952,5657df30-bf53-4ecc-8caa-0bf87238d7fb,,CCK,1,straight
387,David_Aaron_Beauregard,2007,False,5,2026-05-23 16:34:34.096952,5657df30-bf53-4ecc-8caa-0bf87238d7fb,,DAB,1,straight
388,Theo_Jasper_Zhang,2007,False,5,2026-05-23 16:34:34.096952,5657df30-bf53-4ecc-8caa-0bf87238d7fb,,TJZ,1,straight
389,Chris_Jason_Paulson,2007,False,5,2026-05-23 16:35:02.616079,5657df30-bf53-4ecc-8caa-0bf87238d7fb,,CJP,2,bisexual
390,Yinfan_Fred_Ha,2007,False,3,2026-05-23 16:35:02.616079,5657df30-bf53-4ecc-8caa-0bf87238d7fb,,YFH,1,straight
391,Ryouma_Naru_Kouya,2007,False,5,2026-05-23 16:35:02.616079,5657df30-bf53-4ecc-8caa-0bf87238d7fb,,RNK,1,straight
392,Darryl_David_Miller,2007,False,5,2026-05-23 16:35:02.616079,5657df30-bf53-4ecc-8caa-0bf87238d7fb,,DDM,3,bisexual
393,James_Landon_Galway,2007,False,5,2026-05-23 16:35:02.616079,5657df30-bf53-4ecc-8caa-0bf87238d7fb,,JLG,3,bisexual
394,Ishmael_Michael_Cabrera,2007,False,5,2026-05-23 16:35:36.174324,5657df30-bf53-4ecc-8caa-0bf87238d7fb,,IMC,1,straight
395,Zeke_Thane_Painter,2007,False,4,2026-05-23 16:35:36.174324,5657df30-bf53-4ecc-8caa-0bf87238d7fb,,ZTP,1,straight
396,Andrew_Yingchen_Gu,2007,False,1,2026-05-23 16:35:36.174324,5657df30-bf53-4ecc-8caa-0bf87238d7fb,,AYG,1,straight
397,James_Edward_Granton,2007,False,5,2026-05-23 16:35:36.174324,5657df30-bf53-4ecc-8caa-0bf87238d7fb,,JEG,1,straight
398,Preed_Odathi_Ghandi,2007,False,5,2026-05-23 16:35:36.174324,5657df30-bf53-4ecc-8caa-0bf87238d7fb,,POG,1,Straight
399,Kamal_Chandani_Obterre,2007,False,5,2026-05-23 16:36:06.388872,5657df30-bf53-4ecc-8caa-0bf87238d7fb,,KCO,4,bisexual
400,Thomas_Harries_Huckstable,2007,False,5,2026-05-23 16:36:06.388872,5657df30-bf53-4ecc-8caa-0bf87238d7fb,,THH,5,gay
401,Bob_Nicolas_Gonzalo,2007,False,5,2026-05-23 16:36:06.388872,5657df30-bf53-4ecc-8caa-0bf87238d7fb,,BNG,4,bisexual
402,Jason_Fan_Yew,2007,False,5,2026-05-23 16:36:06.388872,5657df30-bf53-4ecc-8caa-0bf87238d7fb,,JFY,1,straight
403,Asher_Kibble_Ibria,2007,False,5,2026-05-23 16:36:06.388872,5657df30-bf53-4ecc-8caa-0bf87238d7fb,,AKI,5,gay
404,Edward_Scissorhands_Salamander,2008,True,1,2026-05-23 17:04:31.727488,50e3b223-a3b3-4b98-b2fd-d90fb56e68ea,,ESS,5,gay
405,Joss_Andrew_Section,2008,True,5,2026-05-23 17:04:31.727488,50e3b223-a3b3-4b98-b2fd-d90fb56e68ea,,JAS,5,gay
406,Keith_Tadeo_Muna,2008,True,1,2026-05-23 17:04:31.727488,50e3b223-a3b3-4b98-b2fd-d90fb56e68ea,,KTM,2,straight
407,Azad_Pars_Salaam,2008,True,1,2026-05-23 17:04:31.727488,50e3b223-a3b3-4b98-b2fd-d90fb56e68ea,,APS,5,gay
408,Matthew_Enlai_Zhang,2008,True,1,2026-05-23 17:04:31.727488,50e3b223-a3b3-4b98-b2fd-d90fb56e68ea,,MEZ,1,straight
409,Franklin_Kampbell_Freeman,2008,True,2,2026-05-23 17:05:17.170769,50e3b223-a3b3-4b98-b2fd-d90fb56e68ea,,FKF,5,gay
410,Ishaan_Arav_Arun,2008,True,5,2026-05-23 17:05:17.170769,50e3b223-a3b3-4b98-b2fd-d90fb56e68ea,,IAA,5,gay
411,Chris_Chandler_King,2008,True,1,2026-05-23 17:05:17.170769,50e3b223-a3b3-4b98-b2fd-d90fb56e68ea,,CCK,1,straight
412,Jason_Fan_Yew,2008,True,3,2026-05-23 17:05:17.170769,50e3b223-a3b3-4b98-b2fd-d90fb56e68ea,,JFY,1,straight
413,Abe_Ian_Kim,2008,True,1,2026-05-23 17:05:17.170769,50e3b223-a3b3-4b98-b2fd-d90fb56e68ea,,AIK,1,straight
414,Willard_Gary_Barry,2008,True,4,2026-05-23 18:53:49.645699,dd1e6ff1-4c67-4c59-acba-b62d4670be9d,,WGB,4,queer
415,Edward_Scissorhands_Salamander,2008,True,1,2026-05-23 18:53:49.645699,dd1e6ff1-4c67-4c59-acba-b62d4670be9d,,ESS,5,gay
416,Randall_Larry_McGaren,2008,True,5,2026-05-23 18:53:49.645699,dd1e6ff1-4c67-4c59-acba-b62d4670be9d,,RLM,5,gay
417,Sipoon_Lance_Kim,2008,True,2,2026-05-23 18:53:49.645699,dd1e6ff1-4c67-4c59-acba-b62d4670be9d,,SLK,3,bisexual
418,Jason_Jerome_Cao,2008,True,4,2026-05-23 18:53:49.645699,dd1e6ff1-4c67-4c59-acba-b62d4670be9d,,JJC,5,gay
419,Ryouma_Naru_Kouya,2009,True,4,2026-05-23 22:43:08.216458,9599208c-8666-4954-b7de-d2e7dba74f3c,,RNK,1,straight
420,Damian_Ubiel_Torcuato,2009,True,5,2026-05-23 22:43:08.216458,9599208c-8666-4954-b7de-d2e7dba74f3c,,DUT,5,gay
421,Darryl_David_Miller,2009,True,3,2026-05-23 22:43:08.216458,9599208c-8666-4954-b7de-d2e7dba74f3c,,DDM,3,bisexual
422,Abner_Valentine_Lo,2009,True,5,2026-05-23 22:43:08.216458,9599208c-8666-4954-b7de-d2e7dba74f3c,,AVL,4,gay
423,Ishmael_Michael_Cabrera,2009,True,3,2026-05-23 22:43:08.216458,9599208c-8666-4954-b7de-d2e7dba74f3c,,IMC,1,straight
424,Azad_Pars_Salaam,2009,True,2,2026-05-23 22:44:32.722522,9599208c-8666-4954-b7de-d2e7dba74f3c,,APS,5,gay
425,Juniper_Jim_Sha,2009,True,3,2026-05-23 22:44:32.722522,9599208c-8666-4954-b7de-d2e7dba74f3c,,JJS,1,straight
426,Matthew_Enlai_Zhang,2009,True,1,2026-05-23 22:44:32.722522,9599208c-8666-4954-b7de-d2e7dba74f3c,,MEZ,1,straight
427,Kamal_Chandani_Obterre,2009,True,1,2026-05-23 22:44:32.722522,9599208c-8666-4954-b7de-d2e7dba74f3c,,KCO,4,bisexual
428,Leandro_Rado_Sanchez,2009,True,1,2026-05-23 22:44:32.722522,9599208c-8666-4954-b7de-d2e7dba74f3c,,LRS,1,straight
429,Zeke_Thane_Painter,1995,True,1,2026-05-24 01:37:57.546067,984062a1-4da1-48bc-8c69-fa071a73f851,,ZTP,1,straight
430,Preed_Odathi_Ghandi,1995,True,2,2026-05-24 01:37:57.546067,984062a1-4da1-48bc-8c69-fa071a73f851,,POG,1,Straight
431,Micheal_Kawoori_Obterra,1995,True,5,2026-05-24 01:37:57.546067,984062a1-4da1-48bc-8c69-fa071a73f851,,MKO,5,gay
432,James_Edward_Granton,1995,True,1,2026-05-24 01:37:57.546067,984062a1-4da1-48bc-8c69-fa071a73f851,,JEG,1,straight
433,Big_Ey_Cai,1995,True,1,2026-05-24 01:37:57.546067,984062a1-4da1-48bc-8c69-fa071a73f851,,BEC,1,straight
434,Asher_Kibble_Ibria,2008,True,5,2026-05-24 14:15:31.040134,f303c037-5a49-486c-ba10-afd470014361,,AKI,5,gay
435,Chris_Jason_Paulson,2008,True,4,2026-05-24 14:15:31.040134,f303c037-5a49-486c-ba10-afd470014361,,CJP,2,bisexual
436,Billiam_Traincar_Zhu,2008,True,3,2026-05-24 14:15:31.040134,f303c037-5a49-486c-ba10-afd470014361,,BTZ,3,questioning
437,Johnny_Gabe_Young,2008,True,1,2026-05-24 14:15:31.040134,f303c037-5a49-486c-ba10-afd470014361,,JGY,1,straight
438,Yinfan_Fred_Ha,2008,True,1,2026-05-24 14:15:31.040134,f303c037-5a49-486c-ba10-afd470014361,,YFH,1,straight
439,Andrew_Yingchen_Gu,2008,True,1,2026-05-24 14:16:45.00051,f303c037-5a49-486c-ba10-afd470014361,,AYG,1,straight
440,Chris_Topher_Hu,2008,True,2,2026-05-24 14:16:45.00051,f303c037-5a49-486c-ba10-afd470014361,,CTH,4,bisexual
441,David_Aaron_Beauregard,2008,True,5,2026-05-24 14:16:45.00051,f303c037-5a49-486c-ba10-afd470014361,,DAB,1,straight
442,James_Landon_Galway,2008,True,4,2026-05-24 14:16:45.00051,f303c037-5a49-486c-ba10-afd470014361,,JLG,3,bisexual
443,Aaron_Paul_Ingham,2008,True,4,2026-05-24 14:16:45.00051,f303c037-5a49-486c-ba10-afd470014361,,API,1,straight
444,Matthew_Easton_Paulson,2008,True,5,2026-05-24 14:17:55.045765,f303c037-5a49-486c-ba10-afd470014361,,MEP,3,bisexual
445,Bob_Nicolas_Gonzalo,2008,True,3,2026-05-24 14:17:55.045765,f303c037-5a49-486c-ba10-afd470014361,,BNG,4,bisexual
446,Sahil_Krishna_Bhat,2008,True,5,2026-05-24 14:17:55.045765,f303c037-5a49-486c-ba10-afd470014361,,SKB,1,straight
447,Josue_Benedicto_Marti,2008,True,1,2026-05-24 14:17:55.045765,f303c037-5a49-486c-ba10-afd470014361,,JBM,1,straight
448,Nicholas_Andrew_Falhosh,2008,True,2,2026-05-24 14:17:55.045765,f303c037-5a49-486c-ba10-afd470014361,,NAF,2,bisexual
449,Keith_Tadeo_Muna,2008,True,4,2026-05-25 05:32:28.021078,964bbaa6-82df-4f99-ba1b-282417dbe5e3,,KTM,2,straight
450,Joss_Andrew_Section,2008,True,5,2026-05-25 05:32:28.021078,964bbaa6-82df-4f99-ba1b-282417dbe5e3,,JAS,5,gay
451,Thomas_Harries_Huckstable,2008,True,1,2026-05-25 05:32:28.021078,964bbaa6-82df-4f99-ba1b-282417dbe5e3,,THH,5,gay
452,Theo_Jasper_Zhang,2008,True,5,2026-05-25 05:32:28.021078,964bbaa6-82df-4f99-ba1b-282417dbe5e3,,TJZ,1,straight
453,Shangdong_Bill_Kang,2008,True,1,2026-05-25 05:32:28.021078,964bbaa6-82df-4f99-ba1b-282417dbe5e3,,SBK,2,bisexual
454,Rahul_Ibhan_Ramiz,2008,True,1,2026-05-25 05:33:12.39334,964bbaa6-82df-4f99-ba1b-282417dbe5e3,,RIR,5,gay
455,Ethan_Nguyen_Nguyen,2008,True,1,2026-05-25 05:33:12.39334,964bbaa6-82df-4f99-ba1b-282417dbe5e3,,ENN,1,straight
456,Thane_Manny_Manuel,2008,True,5,2026-05-25 05:33:12.39334,964bbaa6-82df-4f99-ba1b-282417dbe5e3,,TMM,5,gay
457,Tollbooth_Jerome_Malcomb,2008,True,3,2026-05-25 05:33:12.39334,964bbaa6-82df-4f99-ba1b-282417dbe5e3,,TJM,2,bisexual
458,Shannon_Samuel_Palley,2008,True,4,2026-05-25 05:33:12.39334,964bbaa6-82df-4f99-ba1b-282417dbe5e3,,SSP,1,straight
459,David_Aaron_Beauregard,2008,True,1,2026-05-25 05:33:57.299916,964bbaa6-82df-4f99-ba1b-282417dbe5e3,,DAB,1,straight
460,Jason_Fan_Yew,2008,True,1,2026-05-25 05:33:57.299916,964bbaa6-82df-4f99-ba1b-282417dbe5e3,,JFY,1,straight
461,Jason_Jerome_Cao,2008,True,1,2026-05-25 05:33:57.299916,964bbaa6-82df-4f99-ba1b-282417dbe5e3,,JJC,5,gay
462,Ishaan_Arav_Arun,2008,True,1,2026-05-25 05:33:57.299916,964bbaa6-82df-4f99-ba1b-282417dbe5e3,,IAA,5,gay
463,Big_Ey_Cai,2008,True,1,2026-05-25 05:33:57.299916,964bbaa6-82df-4f99-ba1b-282417dbe5e3,,BEC,1,straight
464,Chris_Jason_Paulson,2008,True,1,2026-05-25 05:34:36.754205,964bbaa6-82df-4f99-ba1b-282417dbe5e3,,CJP,2,bisexual
465,Micheal_Kawoori_Obterra,2008,True,5,2026-05-25 05:34:36.754205,964bbaa6-82df-4f99-ba1b-282417dbe5e3,,MKO,5,gay
466,Chris_Chandler_King,2008,True,1,2026-05-25 05:34:36.754205,964bbaa6-82df-4f99-ba1b-282417dbe5e3,,CCK,1,straight
467,Randall_Larry_McGaren,2008,True,1,2026-05-25 05:34:36.754205,964bbaa6-82df-4f99-ba1b-282417dbe5e3,,RLM,5,gay
468,Johnny_Gabe_Young,2008,True,1,2026-05-25 05:34:36.754205,964bbaa6-82df-4f99-ba1b-282417dbe5e3,,JGY,1,straight
469,Ishmael_Michael_Cabrera,2008,True,1,2026-05-25 05:35:16.986946,964bbaa6-82df-4f99-ba1b-282417dbe5e3,,IMC,1,straight
470,Leandro_Rado_Sanchez,2008,True,1,2026-05-25 05:35:16.986946,964bbaa6-82df-4f99-ba1b-282417dbe5e3,,LRS,1,straight
471,Darryl_David_Miller,2008,True,3,2026-05-25 05:35:16.986946,964bbaa6-82df-4f99-ba1b-282417dbe5e3,,DDM,3,bisexual
472,Andrew_Yingchen_Gu,2008,True,1,2026-05-25 05:35:16.986946,964bbaa6-82df-4f99-ba1b-282417dbe5e3,,AYG,1,straight
473,Damian_Ubiel_Torcuato,2008,True,1,2026-05-25 05:35:16.986946,964bbaa6-82df-4f99-ba1b-282417dbe5e3,,DUT,5,gay
474,Franklin_Kampbell_Freeman,2009,True,2,2026-05-27 18:05:33.776007,2b04174d-9c8e-49a6-a2fa-381876e1c59d,,FKF,5,gay
475,Matthew_Easton_Paulson,2009,True,4,2026-05-27 18:05:33.776007,2b04174d-9c8e-49a6-a2fa-381876e1c59d,,MEP,3,bisexual
476,Abe_Ian_Kim,2009,True,1,2026-05-27 18:05:33.776007,2b04174d-9c8e-49a6-a2fa-381876e1c59d,,AIK,1,straight
477,Theo_Jasper_Zhang,2009,True,3,2026-05-27 18:05:33.776007,2b04174d-9c8e-49a6-a2fa-381876e1c59d,,TJZ,1,straight
478,Kamal_Chandani_Obterre,2009,True,3,2026-05-27 18:05:33.776007,2b04174d-9c8e-49a6-a2fa-381876e1c59d,,KCO,4,bisexual
511,Shannon_Samuel_Palley,2007,True,5,2026-06-03 21:15:31.042068,387dd7de-5ebe-41bb-880e-4eb8f0ad1ce8,False,SSP,1,straight
512,Josue_Benedicto_Marti,2007,True,2,2026-06-03 21:15:31.042068,387dd7de-5ebe-41bb-880e-4eb8f0ad1ce8,False,JBM,1,straight
513,Matthew_Enlai_Zhang,2007,True,1,2026-06-03 21:15:31.042068,387dd7de-5ebe-41bb-880e-4eb8f0ad1ce8,False,MEZ,1,straight
514,Rahul_Ibhan_Ramiz,2007,True,3,2026-06-03 21:15:31.042068,387dd7de-5ebe-41bb-880e-4eb8f0ad1ce8,False,RIR,5,gay
515,Aaron_Paul_Ingham,2007,True,4,2026-06-03 21:15:31.042068,387dd7de-5ebe-41bb-880e-4eb8f0ad1ce8,False,API,1,straight
516,Ryouma_Naru_Kouya,2009,True,2,2026-06-03 21:17:06.998217,b72a7dc3-a44d-464a-a82d-447af159956e,False,RNK,1,straight
517,Abner_Valentine_Lo,2009,True,5,2026-06-03 21:17:06.998217,b72a7dc3-a44d-464a-a82d-447af159956e,False,AVL,4,gay
518,Asher_Kibble_Ibria,2009,True,5,2026-06-03 21:17:06.998217,b72a7dc3-a44d-464a-a82d-447af159956e,False,AKI,5,gay
519,James_Landon_Galway,2009,True,1,2026-06-03 21:17:06.998217,b72a7dc3-a44d-464a-a82d-447af159956e,False,JLG,3,bisexual
520,Ethan_Nguyen_Nguyen,2009,True,1,2026-06-03 21:17:06.998217,b72a7dc3-a44d-464a-a82d-447af159956e,False,ENN,1,straight
521,Preed_Odathi_Ghandi,1920,True,1,2026-06-03 21:18:07.358931,d61bd44c-9aad-432c-b925-a17b69f54a3c,False,POG,1,Straight
522,Willard_Gary_Barry,1920,True,2,2026-06-03 21:18:07.358931,d61bd44c-9aad-432c-b925-a17b69f54a3c,False,WGB,4,queer
523,James_Edward_Granton,1920,True,1,2026-06-03 21:18:07.358931,d61bd44c-9aad-432c-b925-a17b69f54a3c,False,JEG,1,straight
524,Thane_Manny_Manuel,1920,True,3,2026-06-03 21:18:07.358931,d61bd44c-9aad-432c-b925-a17b69f54a3c,False,TMM,5,gay
525,Thomas_Harries_Huckstable,1920,True,1,2026-06-03 21:18:07.358931,d61bd44c-9aad-432c-b925-a17b69f54a3c,False,THH,5,gay
526,Billiam_Traincar_Zhu,2009,True,1,2026-06-03 21:18:19.892276,b72a7dc3-a44d-464a-a82d-447af159956e,False,BTZ,3,questioning
527,Yinfan_Fred_Ha,2009,True,4,2026-06-03 21:18:19.892276,b72a7dc3-a44d-464a-a82d-447af159956e,False,YFH,1,straight
528,Thane_Manny_Manuel,2009,True,5,2026-06-03 21:18:19.892276,b72a7dc3-a44d-464a-a82d-447af159956e,False,TMM,5,gay
529,Chris_Topher_Hu,2009,True,1,2026-06-03 21:18:19.892276,b72a7dc3-a44d-464a-a82d-447af159956e,False,CTH,4,bisexual
530,Thomas_Harries_Huckstable,2009,True,4,2026-06-03 21:18:19.892276,b72a7dc3-a44d-464a-a82d-447af159956e,False,THH,5,gay
531,Shangdong_Bill_Kang,2009,True,5,2026-06-03 21:19:30.492782,931f22a0-e4d8-47e3-ba20-cfa73bbd1044,False,SBK,2,bisexual
532,Sipoon_Lance_Kim,2009,True,5,2026-06-03 21:19:30.492782,931f22a0-e4d8-47e3-ba20-cfa73bbd1044,False,SLK,3,bisexual
533,Zeke_Thane_Painter,2009,True,1,2026-06-03 21:19:30.492782,931f22a0-e4d8-47e3-ba20-cfa73bbd1044,False,ZTP,1,straight
534,Tollbooth_Jerome_Malcomb,2009,True,3,2026-06-03 21:19:30.492782,931f22a0-e4d8-47e3-ba20-cfa73bbd1044,False,TJM,2,bisexual
535,Keith_Tadeo_Muna,2009,True,5,2026-06-03 21:19:30.492782,931f22a0-e4d8-47e3-ba20-cfa73bbd1044,False,KTM,2,straight
536,Juniper_Jim_Sha,2009,True,3,2026-06-03 21:20:59.414056,b9e21039-6c84-4937-a8c1-764b9ce9571b,False,JJS,1,straight
537,Sahil_Krishna_Bhat,2009,True,4,2026-06-03 21:20:59.414056,b9e21039-6c84-4937-a8c1-764b9ce9571b,False,SKB,1,straight
538,Azad_Pars_Salaam,2009,True,1,2026-06-03 21:20:59.414056,b9e21039-6c84-4937-a8c1-764b9ce9571b,False,APS,5,gay
539,Joss_Andrew_Section,2009,True,1,2026-06-03 21:20:59.414056,b9e21039-6c84-4937-a8c1-764b9ce9571b,False,JAS,5,gay
540,Bob_Nicolas_Gonzalo,2009,True,2,2026-06-03 21:20:59.414056,b9e21039-6c84-4937-a8c1-764b9ce9571b,False,BNG,4,bisexual
541,Edward_Scissorhands_Salamander,2009,True,3,2026-06-03 21:22:30.132231,24f504c4-eab9-4680-912c-a377c24b13d8,False,ESS,5,gay
542,Nicholas_Andrew_Falhosh,2009,True,1,2026-06-03 21:22:30.132231,24f504c4-eab9-4680-912c-a377c24b13d8,False,NAF,2,bisexual
543,Jason_Jerome_Cao,2009,True,5,2026-06-03 21:22:30.132231,24f504c4-eab9-4680-912c-a377c24b13d8,False,JJC,5,gay
544,Zeke_Thane_Painter,2009,True,1,2026-06-03 21:22:30.132231,24f504c4-eab9-4680-912c-a377c24b13d8,False,ZTP,1,straight
545,Juniper_Jim_Sha,2009,True,5,2026-06-03 21:22:30.132231,24f504c4-eab9-4680-912c-a377c24b13d8,False,JJS,1,straight
546,Asher_Kibble_Ibria,2009,True,5,2026-06-03 21:23:17.498595,24f504c4-eab9-4680-912c-a377c24b13d8,False,AKI,5,gay
547,Ryouma_Naru_Kouya,2009,True,2,2026-06-03 21:23:17.498595,24f504c4-eab9-4680-912c-a377c24b13d8,False,RNK,1,straight
548,Franklin_Kampbell_Freeman,2009,True,1,2026-06-03 21:23:17.498595,24f504c4-eab9-4680-912c-a377c24b13d8,False,FKF,5,gay
549,Chris_Topher_Hu,2009,True,1,2026-06-03 21:23:17.498595,24f504c4-eab9-4680-912c-a377c24b13d8,False,CTH,4,bisexual
550,Micheal_Kawoori_Obterra,2009,True,4,2026-06-03 21:23:17.498595,24f504c4-eab9-4680-912c-a377c24b13d8,False,MKO,5,gay
551,Matthew_Enlai_Zhang,2009,True,1,2026-06-03 21:24:13.24988,24f504c4-eab9-4680-912c-a377c24b13d8,False,MEZ,1,straight
552,Shannon_Samuel_Palley,2009,True,1,2026-06-03 21:24:13.24988,24f504c4-eab9-4680-912c-a377c24b13d8,False,SSP,1,straight
553,Damian_Ubiel_Torcuato,2009,True,2,2026-06-03 21:24:13.24988,24f504c4-eab9-4680-912c-a377c24b13d8,False,DUT,5,gay
554,Sahil_Krishna_Bhat,2009,True,3,2026-06-03 21:24:13.24988,24f504c4-eab9-4680-912c-a377c24b13d8,False,SKB,1,straight
555,Kamal_Chandani_Obterre,2009,True,5,2026-06-03 21:24:13.24988,24f504c4-eab9-4680-912c-a377c24b13d8,False,KCO,4,bisexual
556,Willard_Gary_Barry,2009,True,2,2026-06-03 21:25:07.433399,24f504c4-eab9-4680-912c-a377c24b13d8,False,WGB,4,queer
557,Bob_Nicolas_Gonzalo,2009,True,5,2026-06-03 21:25:07.433399,24f504c4-eab9-4680-912c-a377c24b13d8,False,BNG,4,bisexual
558,Azad_Pars_Salaam,2009,True,1,2026-06-03 21:25:07.433399,24f504c4-eab9-4680-912c-a377c24b13d8,False,APS,5,gay
559,Chris_Chandler_King,2009,True,1,2026-06-03 21:25:07.433399,24f504c4-eab9-4680-912c-a377c24b13d8,False,CCK,1,straight
560,Ishmael_Michael_Cabrera,2009,True,4,2026-06-03 21:25:07.433399,24f504c4-eab9-4680-912c-a377c24b13d8,False,IMC,1,straight
561,Theo_Jasper_Zhang,2009,True,5,2026-06-03 21:25:55.056597,24f504c4-eab9-4680-912c-a377c24b13d8,False,TJZ,1,straight
562,Darryl_David_Miller,2009,True,2,2026-06-03 21:25:55.056597,24f504c4-eab9-4680-912c-a377c24b13d8,False,DDM,3,bisexual
563,Andrew_Yingchen_Gu,2009,True,1,2026-06-03 21:25:55.056597,24f504c4-eab9-4680-912c-a377c24b13d8,False,AYG,1,straight
564,Johnny_Gabe_Young,2009,True,1,2026-06-03 21:25:55.056597,24f504c4-eab9-4680-912c-a377c24b13d8,False,JGY,1,straight
565,Sipoon_Lance_Kim,2009,True,3,2026-06-03 21:25:55.056597,24f504c4-eab9-4680-912c-a377c24b13d8,False,SLK,3,bisexual
566,Shangdong_Bill_Kang,2009,True,1,2026-06-03 21:26:55.799945,24f504c4-eab9-4680-912c-a377c24b13d8,False,SBK,2,bisexual
567,Abe_Ian_Kim,2009,True,3,2026-06-03 21:26:55.799945,24f504c4-eab9-4680-912c-a377c24b13d8,False,AIK,1,straight
568,Keith_Tadeo_Muna,2009,True,5,2026-06-03 21:26:55.799945,24f504c4-eab9-4680-912c-a377c24b13d8,False,KTM,2,straight
569,Matthew_Easton_Paulson,2009,True,5,2026-06-03 21:26:55.799945,24f504c4-eab9-4680-912c-a377c24b13d8,False,MEP,3,bisexual
570,Billiam_Traincar_Zhu,2009,True,4,2026-06-03 21:26:55.799945,24f504c4-eab9-4680-912c-a377c24b13d8,False,BTZ,3,questioning
571,Tollbooth_Jerome_Malcomb,2009,True,1,2026-06-03 21:27:39.891421,24f504c4-eab9-4680-912c-a377c24b13d8,False,TJM,2,bisexual
572,Abner_Valentine_Lo,2009,True,5,2026-06-03 21:27:39.891421,24f504c4-eab9-4680-912c-a377c24b13d8,False,AVL,4,gay
573,James_Edward_Granton,2009,True,2,2026-06-03 21:27:39.891421,24f504c4-eab9-4680-912c-a377c24b13d8,False,JEG,1,straight
574,Chris_Jason_Paulson,2009,True,4,2026-06-03 21:27:39.891421,24f504c4-eab9-4680-912c-a377c24b13d8,False,CJP,2,bisexual
575,Randall_Larry_McGaren,2009,True,4,2026-06-03 21:27:39.891421,24f504c4-eab9-4680-912c-a377c24b13d8,False,RLM,5,gay
576,James_Landon_Galway,2009,True,5,2026-06-03 21:28:36.696687,24f504c4-eab9-4680-912c-a377c24b13d8,False,JLG,3,bisexual
577,Rahul_Ibhan_Ramiz,2009,True,3,2026-06-03 21:28:36.696687,24f504c4-eab9-4680-912c-a377c24b13d8,False,RIR,5,gay
578,Big_Ey_Cai,2009,True,1,2026-06-03 21:28:36.696687,24f504c4-eab9-4680-912c-a377c24b13d8,False,BEC,1,straight
579,Aaron_Paul_Ingham,2009,True,1,2026-06-03 21:28:36.696687,24f504c4-eab9-4680-912c-a377c24b13d8,False,API,1,straight
580,Yinfan_Fred_Ha,2009,True,3,2026-06-03 21:28:36.696687,24f504c4-eab9-4680-912c-a377c24b13d8,False,YFH,1,straight
581,Leandro_Rado_Sanchez,2009,True,2,2026-06-03 21:40:03.051202,6d84e4c4-9e86-499e-8bb0-4ce5043f1455,False,LRS,1,straight
582,Joss_Andrew_Section,2009,True,4,2026-06-03 21:40:03.051202,6d84e4c4-9e86-499e-8bb0-4ce5043f1455,False,JAS,5,gay
583,Edward_Scissorhands_Salamander,2009,True,3,2026-06-03 21:40:03.051202,6d84e4c4-9e86-499e-8bb0-4ce5043f1455,False,ESS,5,gay
584,Nicholas_Andrew_Falhosh,2009,True,1,2026-06-03 21:40:03.051202,6d84e4c4-9e86-499e-8bb0-4ce5043f1455,False,NAF,2,bisexual
585,Josue_Benedicto_Marti,2009,True,5,2026-06-03 21:40:03.051202,6d84e4c4-9e86-499e-8bb0-4ce5043f1455,False,JBM,1,straight
586,David_Aaron_Beauregard,2010,True,1,2026-06-03 22:01:31.012938,9913f175-64cf-4728-9df5-6cdec4f4bb00,False,DAB,1,straight
587,Ishaan_Arav_Arun,2010,True,4,2026-06-03 22:01:31.012938,9913f175-64cf-4728-9df5-6cdec4f4bb00,False,IAA,5,gay
588,Ethan_Nguyen_Nguyen,2010,True,2,2026-06-03 22:01:31.012938,9913f175-64cf-4728-9df5-6cdec4f4bb00,False,ENN,1,straight
589,Jason_Fan_Yew,2010,True,5,2026-06-03 22:01:31.012938,9913f175-64cf-4728-9df5-6cdec4f4bb00,False,JFY,1,straight
590,Preed_Odathi_Ghandi,2010,True,3,2026-06-03 22:01:31.012938,9913f175-64cf-4728-9df5-6cdec4f4bb00,False,POG,1,Straight
591,Shangdong_Bill_Kang,2010,True,1,2026-06-03 23:17:07.293196,a5530bd1-8f57-406a-ae99-2899b197299b,False,SBK,2,bisexual
592,Johnny_Gabe_Young,2010,True,1,2026-06-03 23:17:07.293196,a5530bd1-8f57-406a-ae99-2899b197299b,False,JGY,1,straight
593,Abe_Ian_Kim,2010,True,2,2026-06-03 23:17:07.293196,a5530bd1-8f57-406a-ae99-2899b197299b,False,AIK,1,straight
594,Franklin_Kampbell_Freeman,2010,True,3,2026-06-03 23:17:07.293196,a5530bd1-8f57-406a-ae99-2899b197299b,False,FKF,5,gay
595,Darryl_David_Miller,2010,True,4,2026-06-03 23:17:07.293196,a5530bd1-8f57-406a-ae99-2899b197299b,False,DDM,3,bisexual
597,Chris_Topher_Hu,2010,True,1,2026-06-03 23:19:31.721636,a5530bd1-8f57-406a-ae99-2899b197299b,False,CTH,4,bisexual
598,Preed_Odathi_Ghandi,2010,True,3,2026-06-03 23:19:31.721636,a5530bd1-8f57-406a-ae99-2899b197299b,False,POG,1,Straight
599,Rahul_Ibhan_Ramiz,2010,True,1,2026-06-03 23:19:31.721636,a5530bd1-8f57-406a-ae99-2899b197299b,False,RIR,5,gay
600,Jason_Fan_Yew,2010,True,4,2026-06-03 23:19:31.721636,a5530bd1-8f57-406a-ae99-2899b197299b,False,JFY,1,straight
601,Sipoon_Lance_Kim,2010,True,2,2026-06-03 23:19:31.721636,a5530bd1-8f57-406a-ae99-2899b197299b,False,SLK,3,bisexual
602,Chris_Jason_Paulson,2010,True,4,2026-06-03 23:20:51.651736,a5530bd1-8f57-406a-ae99-2899b197299b,False,CJP,2,bisexual
603,Billiam_Traincar_Zhu,2010,True,4,2026-06-03 23:20:51.651736,a5530bd1-8f57-406a-ae99-2899b197299b,False,BTZ,3,questioning
604,Nicholas_Andrew_Falhosh,2010,True,1,2026-06-03 23:20:51.651736,a5530bd1-8f57-406a-ae99-2899b197299b,False,NAF,2,bisexual
605,Micheal_Kawoori_Obterra,2010,True,2,2026-06-03 23:20:51.651736,a5530bd1-8f57-406a-ae99-2899b197299b,False,MKO,5,gay
606,Edward_Scissorhands_Salamander,2010,True,4,2026-06-03 23:20:51.651736,a5530bd1-8f57-406a-ae99-2899b197299b,False,ESS,5,gay
607,Matthew_Easton_Paulson,2010,True,5,2026-06-03 23:22:01.291494,a5530bd1-8f57-406a-ae99-2899b197299b,False,MEP,3,bisexual
608,Big_Ey_Cai,2010,True,3,2026-06-03 23:22:01.291494,a5530bd1-8f57-406a-ae99-2899b197299b,False,BEC,1,straight
609,Yinfan_Fred_Ha,2010,True,1,2026-06-03 23:22:01.291494,a5530bd1-8f57-406a-ae99-2899b197299b,False,YFH,1,straight
610,Matthew_Enlai_Zhang,2010,True,3,2026-06-03 23:22:01.291494,a5530bd1-8f57-406a-ae99-2899b197299b,False,MEZ,1,straight
611,Leandro_Rado_Sanchez,2010,True,1,2026-06-03 23:22:01.291494,a5530bd1-8f57-406a-ae99-2899b197299b,False,LRS,1,straight
612,Jason_Jerome_Cao,2010,True,5,2026-06-03 23:23:07.468863,a5530bd1-8f57-406a-ae99-2899b197299b,False,JJC,5,gay
613,Azad_Pars_Salaam,2010,True,3,2026-06-03 23:23:07.468863,a5530bd1-8f57-406a-ae99-2899b197299b,False,APS,5,gay
614,Theo_Jasper_Zhang,2010,True,2,2026-06-03 23:23:07.468863,a5530bd1-8f57-406a-ae99-2899b197299b,False,TJZ,1,straight
615,Tollbooth_Jerome_Malcomb,2010,True,1,2026-06-03 23:23:07.468863,a5530bd1-8f57-406a-ae99-2899b197299b,False,TJM,2,bisexual
616,Josue_Benedicto_Marti,2010,True,1,2026-06-03 23:23:07.468863,a5530bd1-8f57-406a-ae99-2899b197299b,False,JBM,1,straight
617,Ethan_Nguyen_Nguyen,2010,True,2,2026-06-03 23:24:11.462021,a5530bd1-8f57-406a-ae99-2899b197299b,False,ENN,1,straight
618,David_Aaron_Beauregard,2010,True,1,2026-06-03 23:24:11.462021,a5530bd1-8f57-406a-ae99-2899b197299b,False,DAB,1,straight
619,Thane_Manny_Manuel,2010,True,2,2026-06-03 23:24:11.462021,a5530bd1-8f57-406a-ae99-2899b197299b,False,TMM,5,gay
620,Abner_Valentine_Lo,2010,True,5,2026-06-03 23:24:11.462021,a5530bd1-8f57-406a-ae99-2899b197299b,False,AVL,4,gay
621,Sahil_Krishna_Bhat,2010,True,4,2026-06-03 23:24:11.462021,a5530bd1-8f57-406a-ae99-2899b197299b,False,SKB,1,straight
622,Willard_Gary_Barry,2010,True,4,2026-06-03 23:25:05.814538,a5530bd1-8f57-406a-ae99-2899b197299b,False,WGB,4,queer
623,Keith_Tadeo_Muna,2010,True,1,2026-06-03 23:25:05.814538,a5530bd1-8f57-406a-ae99-2899b197299b,False,KTM,2,straight
624,Randall_Larry_McGaren,2010,True,1,2026-06-03 23:25:05.814538,a5530bd1-8f57-406a-ae99-2899b197299b,False,RLM,5,gay
625,Ishaan_Arav_Arun,2010,True,3,2026-06-03 23:25:05.814538,a5530bd1-8f57-406a-ae99-2899b197299b,False,IAA,5,gay
626,James_Landon_Galway,2010,True,3,2026-06-03 23:25:05.814538,a5530bd1-8f57-406a-ae99-2899b197299b,False,JLG,3,bisexual
627,James_Edward_Granton,2010,True,1,2026-06-03 23:25:46.01073,a5530bd1-8f57-406a-ae99-2899b197299b,False,JEG,1,straight
628,Chris_Chandler_King,2010,True,1,2026-06-03 23:25:46.01073,a5530bd1-8f57-406a-ae99-2899b197299b,False,CCK,1,straight
629,Ryouma_Naru_Kouya,2010,True,4,2026-06-03 23:25:46.01073,a5530bd1-8f57-406a-ae99-2899b197299b,False,RNK,1,straight
630,Bob_Nicolas_Gonzalo,2010,True,4,2026-06-03 23:25:46.01073,a5530bd1-8f57-406a-ae99-2899b197299b,False,BNG,4,bisexual
631,Ishmael_Michael_Cabrera,2010,True,1,2026-06-03 23:25:46.01073,a5530bd1-8f57-406a-ae99-2899b197299b,False,IMC,1,straight
632,Zeke_Thane_Painter,2010,True,1,2026-06-03 23:26:31.525675,a5530bd1-8f57-406a-ae99-2899b197299b,False,ZTP,1,straight
633,Asher_Kibble_Ibria,2010,True,5,2026-06-03 23:26:31.525675,a5530bd1-8f57-406a-ae99-2899b197299b,False,AKI,5,gay
634,Andrew_Yingchen_Gu,2010,True,1,2026-06-03 23:26:31.525675,a5530bd1-8f57-406a-ae99-2899b197299b,False,AYG,1,straight
635,Joss_Andrew_Section,2010,True,1,2026-06-03 23:26:31.525675,a5530bd1-8f57-406a-ae99-2899b197299b,False,JAS,5,gay
636,Aaron_Paul_Ingham,2010,True,3,2026-06-03 23:26:31.525675,a5530bd1-8f57-406a-ae99-2899b197299b,False,API,1,straight
637,Juniper_Jim_Sha,2010,True,5,2026-06-03 23:27:13.684662,a5530bd1-8f57-406a-ae99-2899b197299b,False,JJS,1,straight
638,Thomas_Harries_Huckstable,2010,True,2,2026-06-03 23:27:13.684662,a5530bd1-8f57-406a-ae99-2899b197299b,False,THH,5,gay
639,Kamal_Chandani_Obterre,2010,True,1,2026-06-03 23:27:13.684662,a5530bd1-8f57-406a-ae99-2899b197299b,False,KCO,4,bisexual
640,Shannon_Samuel_Palley,2010,True,1,2026-06-03 23:27:13.684662,a5530bd1-8f57-406a-ae99-2899b197299b,False,SSP,1,straight
641,Damian_Ubiel_Torcuato,2010,True,2,2026-06-03 23:27:13.684662,a5530bd1-8f57-406a-ae99-2899b197299b,False,DUT,5,gay
642,Chris_Jason_Paulson,2007,False,2,2026-06-03 23:30:07.654278,d5fd405b-6180-4d51-bc2d-90409ec7acf8,False,CJP,2,bisexual
643,Rahul_Ibhan_Ramiz,2007,False,1,2026-06-03 23:30:07.654278,d5fd405b-6180-4d51-bc2d-90409ec7acf8,False,RIR,5,gay
644,Abe_Ian_Kim,2007,False,4,2026-06-03 23:30:07.654278,d5fd405b-6180-4d51-bc2d-90409ec7acf8,False,AIK,1,straight
645,Chris_Topher_Hu,2007,False,5,2026-06-03 23:30:07.654278,d5fd405b-6180-4d51-bc2d-90409ec7acf8,False,CTH,4,bisexual
646,Andrew_Yingchen_Gu,2007,False,2,2026-06-03 23:30:07.654278,d5fd405b-6180-4d51-bc2d-90409ec7acf8,False,AYG,1,straight
647,Sipoon_Lance_Kim,2007,False,4,2026-06-03 23:31:07.154763,d5fd405b-6180-4d51-bc2d-90409ec7acf8,False,SLK,3,bisexual
648,Edward_Scissorhands_Salamander,2007,False,5,2026-06-03 23:31:07.154763,d5fd405b-6180-4d51-bc2d-90409ec7acf8,False,ESS,5,gay
649,Keith_Tadeo_Muna,2007,False,1,2026-06-03 23:31:07.154763,d5fd405b-6180-4d51-bc2d-90409ec7acf8,False,KTM,2,straight
650,Joss_Andrew_Section,2007,False,5,2026-06-03 23:31:07.154763,d5fd405b-6180-4d51-bc2d-90409ec7acf8,False,JAS,5,gay
651,Abner_Valentine_Lo,2007,False,5,2026-06-03 23:31:07.154763,d5fd405b-6180-4d51-bc2d-90409ec7acf8,False,AVL,4,gay
652,Zeke_Thane_Painter,2007,True,1,2026-06-03 23:31:43.795347,158e17c9-08e1-41fd-abb8-311c673fbc91,False,ZTP,1,straight
653,Jason_Jerome_Cao,2007,True,4,2026-06-03 23:31:43.795347,158e17c9-08e1-41fd-abb8-311c673fbc91,False,JJC,5,gay
654,Sipoon_Lance_Kim,2007,True,2,2026-06-03 23:31:43.795347,158e17c9-08e1-41fd-abb8-311c673fbc91,False,SLK,3,bisexual
655,Jason_Fan_Yew,2007,True,5,2026-06-03 23:31:43.795347,158e17c9-08e1-41fd-abb8-311c673fbc91,False,JFY,1,straight
656,Franklin_Kampbell_Freeman,2007,True,5,2026-06-03 23:31:43.795347,158e17c9-08e1-41fd-abb8-311c673fbc91,False,FKF,5,gay
657,Micheal_Kawoori_Obterra,2007,False,3,2026-06-03 23:31:44.628953,d5fd405b-6180-4d51-bc2d-90409ec7acf8,False,MKO,5,gay
658,Zeke_Thane_Painter,2007,False,1,2026-06-03 23:31:44.628953,d5fd405b-6180-4d51-bc2d-90409ec7acf8,False,ZTP,1,straight
659,Thane_Manny_Manuel,2007,False,2,2026-06-03 23:31:44.628953,d5fd405b-6180-4d51-bc2d-90409ec7acf8,False,TMM,5,gay
660,Preed_Odathi_Ghandi,2007,False,1,2026-06-03 23:31:44.628953,d5fd405b-6180-4d51-bc2d-90409ec7acf8,False,POG,1,Straight
661,Randall_Larry_McGaren,2007,False,4,2026-06-03 23:31:44.628953,d5fd405b-6180-4d51-bc2d-90409ec7acf8,False,RLM,5,gay
662,Bob_Nicolas_Gonzalo,2007,True,1,2026-06-03 23:32:37.917073,158e17c9-08e1-41fd-abb8-311c673fbc91,False,BNG,4,bisexual
663,Johnny_Gabe_Young,2007,True,1,2026-06-03 23:32:37.917073,158e17c9-08e1-41fd-abb8-311c673fbc91,False,JGY,1,straight
664,Leandro_Rado_Sanchez,2007,True,2,2026-06-03 23:32:37.917073,158e17c9-08e1-41fd-abb8-311c673fbc91,False,LRS,1,straight
665,Matthew_Easton_Paulson,2007,True,5,2026-06-03 23:32:37.917073,158e17c9-08e1-41fd-abb8-311c673fbc91,False,MEP,3,bisexual
666,Yinfan_Fred_Ha,2007,True,1,2026-06-03 23:32:37.917073,158e17c9-08e1-41fd-abb8-311c673fbc91,False,YFH,1,straight
667,Matthew_Easton_Paulson,2007,False,5,2026-06-03 23:32:57.908312,d5fd405b-6180-4d51-bc2d-90409ec7acf8,False,MEP,3,bisexual
668,Matthew_Enlai_Zhang,2007,False,1,2026-06-03 23:32:57.908312,d5fd405b-6180-4d51-bc2d-90409ec7acf8,False,MEZ,1,straight
669,Bob_Nicolas_Gonzalo,2007,False,3,2026-06-03 23:32:57.908312,d5fd405b-6180-4d51-bc2d-90409ec7acf8,False,BNG,4,bisexual
670,Damian_Ubiel_Torcuato,2007,False,5,2026-06-03 23:32:57.908312,d5fd405b-6180-4d51-bc2d-90409ec7acf8,False,DUT,5,gay
671,Darryl_David_Miller,2007,False,3,2026-06-03 23:32:57.908312,d5fd405b-6180-4d51-bc2d-90409ec7acf8,False,DDM,3,bisexual
672,Big_Ey_Cai,2007,False,1,2026-06-03 23:33:46.808299,d5fd405b-6180-4d51-bc2d-90409ec7acf8,False,BEC,1,straight
673,Ethan_Nguyen_Nguyen,2007,False,2,2026-06-03 23:33:46.808299,d5fd405b-6180-4d51-bc2d-90409ec7acf8,False,ENN,1,straight
674,Willard_Gary_Barry,2007,False,5,2026-06-03 23:33:46.808299,d5fd405b-6180-4d51-bc2d-90409ec7acf8,False,WGB,4,queer
675,Ryouma_Naru_Kouya,2007,False,2,2026-06-03 23:33:46.808299,d5fd405b-6180-4d51-bc2d-90409ec7acf8,False,RNK,1,straight
676,Tollbooth_Jerome_Malcomb,2007,False,5,2026-06-03 23:33:46.808299,d5fd405b-6180-4d51-bc2d-90409ec7acf8,False,TJM,2,bisexual
677,Thomas_Harries_Huckstable,2007,False,2,2026-06-03 23:34:40.170567,d5fd405b-6180-4d51-bc2d-90409ec7acf8,False,THH,5,gay
678,Shangdong_Bill_Kang,2007,False,4,2026-06-03 23:34:40.170567,d5fd405b-6180-4d51-bc2d-90409ec7acf8,False,SBK,2,bisexual
679,Ishmael_Michael_Cabrera,2007,False,3,2026-06-03 23:34:40.170567,d5fd405b-6180-4d51-bc2d-90409ec7acf8,False,IMC,1,straight
680,Josue_Benedicto_Marti,2007,False,1,2026-06-03 23:34:40.170567,d5fd405b-6180-4d51-bc2d-90409ec7acf8,False,JBM,1,straight
681,Theo_Jasper_Zhang,2007,False,4,2026-06-03 23:34:40.170567,d5fd405b-6180-4d51-bc2d-90409ec7acf8,False,TJZ,1,straight
682,Theo_Jasper_Zhang,2007,True,1,2026-06-03 23:34:51.3904,17c9688e-b59a-4902-a200-7e26f13c8eca,False,TJZ,1,straight
683,Juniper_Jim_Sha,2007,True,4,2026-06-03 23:34:51.3904,17c9688e-b59a-4902-a200-7e26f13c8eca,False,JJS,1,straight
684,James_Landon_Galway,2007,True,3,2026-06-03 23:34:51.3904,17c9688e-b59a-4902-a200-7e26f13c8eca,False,JLG,3,bisexual
685,Ishaan_Arav_Arun,2007,True,2,2026-06-03 23:34:51.3904,17c9688e-b59a-4902-a200-7e26f13c8eca,False,IAA,5,gay
686,Nicholas_Andrew_Falhosh,2007,True,1,2026-06-03 23:34:51.3904,17c9688e-b59a-4902-a200-7e26f13c8eca,False,NAF,2,bisexual
687,Azad_Pars_Salaam,2007,False,3,2026-06-03 23:35:33.447138,d5fd405b-6180-4d51-bc2d-90409ec7acf8,False,APS,5,gay
688,Shannon_Samuel_Palley,2007,False,5,2026-06-03 23:35:33.447138,d5fd405b-6180-4d51-bc2d-90409ec7acf8,False,SSP,1,straight
689,Billiam_Traincar_Zhu,2007,False,4,2026-06-03 23:35:33.447138,d5fd405b-6180-4d51-bc2d-90409ec7acf8,False,BTZ,3,questioning
690,Asher_Kibble_Ibria,2007,False,5,2026-06-03 23:35:33.447138,d5fd405b-6180-4d51-bc2d-90409ec7acf8,False,AKI,5,gay
691,Aaron_Paul_Ingham,2007,False,1,2026-06-03 23:35:33.447138,d5fd405b-6180-4d51-bc2d-90409ec7acf8,False,API,1,straight
692,Aaron_Paul_Ingham,2007,True,1,2026-06-03 23:35:38.128076,17c9688e-b59a-4902-a200-7e26f13c8eca,False,API,1,straight
693,Asher_Kibble_Ibria,2007,True,4,2026-06-03 23:35:38.128076,17c9688e-b59a-4902-a200-7e26f13c8eca,False,AKI,5,gay
694,Shannon_Samuel_Palley,2007,True,5,2026-06-03 23:35:38.128076,17c9688e-b59a-4902-a200-7e26f13c8eca,False,SSP,1,straight
695,Billiam_Traincar_Zhu,2007,True,3,2026-06-03 23:35:38.128076,17c9688e-b59a-4902-a200-7e26f13c8eca,False,BTZ,3,questioning
696,Sahil_Krishna_Bhat,2007,True,5,2026-06-03 23:35:38.128076,17c9688e-b59a-4902-a200-7e26f13c8eca,False,SKB,1,straight
697,David_Aaron_Beauregard,2007,True,1,2026-06-03 23:36:14.303502,17c9688e-b59a-4902-a200-7e26f13c8eca,False,DAB,1,straight
698,Kamal_Chandani_Obterre,2007,True,1,2026-06-03 23:36:14.303502,17c9688e-b59a-4902-a200-7e26f13c8eca,False,KCO,4,bisexual
699,James_Edward_Granton,2007,True,1,2026-06-03 23:36:14.303502,17c9688e-b59a-4902-a200-7e26f13c8eca,False,JEG,1,straight
700,Chris_Chandler_King,2007,True,1,2026-06-03 23:36:14.303502,17c9688e-b59a-4902-a200-7e26f13c8eca,False,CCK,1,straight
701,Yinfan_Fred_Ha,2007,True,1,2026-06-03 23:36:14.303502,17c9688e-b59a-4902-a200-7e26f13c8eca,False,YFH,1,straight
702,David_Aaron_Beauregard,2007,False,1,2026-06-03 23:36:17.293079,d5fd405b-6180-4d51-bc2d-90409ec7acf8,False,DAB,1,straight
703,Chris_Chandler_King,2007,False,3,2026-06-03 23:36:17.293079,d5fd405b-6180-4d51-bc2d-90409ec7acf8,False,CCK,1,straight
704,Kamal_Chandani_Obterre,2007,False,1,2026-06-03 23:36:17.293079,d5fd405b-6180-4d51-bc2d-90409ec7acf8,False,KCO,4,bisexual
705,James_Edward_Granton,2007,False,3,2026-06-03 23:36:17.293079,d5fd405b-6180-4d51-bc2d-90409ec7acf8,False,JEG,1,straight
706,Franklin_Kampbell_Freeman,2007,False,5,2026-06-03 23:36:17.293079,d5fd405b-6180-4d51-bc2d-90409ec7acf8,False,FKF,5,gay
707,Willard_Gary_Barry,2007,True,4,2026-06-03 23:36:55.836324,17c9688e-b59a-4902-a200-7e26f13c8eca,False,WGB,4,queer
708,Chris_Topher_Hu,2007,True,1,2026-06-03 23:36:55.836324,17c9688e-b59a-4902-a200-7e26f13c8eca,False,CTH,4,bisexual
709,Ryouma_Naru_Kouya,2007,True,3,2026-06-03 23:36:55.836324,17c9688e-b59a-4902-a200-7e26f13c8eca,False,RNK,1,straight
710,Keith_Tadeo_Muna,2007,True,5,2026-06-03 23:36:55.836324,17c9688e-b59a-4902-a200-7e26f13c8eca,False,KTM,2,straight
711,Randall_Larry_McGaren,2007,True,4,2026-06-03 23:36:55.836324,17c9688e-b59a-4902-a200-7e26f13c8eca,False,RLM,5,gay
712,Jason_Jerome_Cao,2007,False,5,2026-06-03 23:37:10.669232,d5fd405b-6180-4d51-bc2d-90409ec7acf8,False,JJC,5,gay
713,Leandro_Rado_Sanchez,2007,False,1,2026-06-03 23:37:10.669232,d5fd405b-6180-4d51-bc2d-90409ec7acf8,False,LRS,1,straight
714,Nicholas_Andrew_Falhosh,2007,False,4,2026-06-03 23:37:10.669232,d5fd405b-6180-4d51-bc2d-90409ec7acf8,False,NAF,2,bisexual
715,Johnny_Gabe_Young,2007,False,3,2026-06-03 23:37:10.669232,d5fd405b-6180-4d51-bc2d-90409ec7acf8,False,JGY,1,straight
716,Ishaan_Arav_Arun,2007,False,5,2026-06-03 23:37:10.669232,d5fd405b-6180-4d51-bc2d-90409ec7acf8,False,IAA,5,gay
717,Jason_Fan_Yew,2007,True,1,2026-06-03 23:37:32.685095,17c9688e-b59a-4902-a200-7e26f13c8eca,False,JFY,1,straight
718,Ishmael_Michael_Cabrera,2007,True,2,2026-06-03 23:37:32.685095,17c9688e-b59a-4902-a200-7e26f13c8eca,False,IMC,1,straight
719,Tollbooth_Jerome_Malcomb,2007,True,4,2026-06-03 23:37:32.685095,17c9688e-b59a-4902-a200-7e26f13c8eca,False,TJM,2,bisexual
720,Azad_Pars_Salaam,2007,True,1,2026-06-03 23:37:32.685095,17c9688e-b59a-4902-a200-7e26f13c8eca,False,APS,5,gay
721,Jason_Jerome_Cao,2007,True,2,2026-06-03 23:37:32.685095,17c9688e-b59a-4902-a200-7e26f13c8eca,False,JJC,5,gay
722,Jason_Fan_Yew,2007,False,3,2026-06-03 23:37:57.1865,d5fd405b-6180-4d51-bc2d-90409ec7acf8,False,JFY,1,straight
723,James_Landon_Galway,2007,False,5,2026-06-03 23:37:57.1865,d5fd405b-6180-4d51-bc2d-90409ec7acf8,False,JLG,3,bisexual
724,Sahil_Krishna_Bhat,2007,False,5,2026-06-03 23:37:57.1865,d5fd405b-6180-4d51-bc2d-90409ec7acf8,False,SKB,1,straight
725,Juniper_Jim_Sha,2007,False,2,2026-06-03 23:37:57.1865,d5fd405b-6180-4d51-bc2d-90409ec7acf8,False,JJS,1,straight
726,Yinfan_Fred_Ha,2007,False,1,2026-06-03 23:37:57.1865,d5fd405b-6180-4d51-bc2d-90409ec7acf8,False,YFH,1,straight
727,Big_Ey_Cai,2007,True,1,2026-06-03 23:38:12.124806,17c9688e-b59a-4902-a200-7e26f13c8eca,False,BEC,1,straight
728,Matthew_Enlai_Zhang,2007,True,1,2026-06-03 23:38:12.124806,17c9688e-b59a-4902-a200-7e26f13c8eca,False,MEZ,1,straight
729,Preed_Odathi_Ghandi,2007,True,1,2026-06-03 23:38:12.124806,17c9688e-b59a-4902-a200-7e26f13c8eca,False,POG,1,Straight
730,Damian_Ubiel_Torcuato,2007,True,5,2026-06-03 23:38:12.124806,17c9688e-b59a-4902-a200-7e26f13c8eca,False,DUT,5,gay
731,Abner_Valentine_Lo,2007,True,4,2026-06-03 23:38:12.124806,17c9688e-b59a-4902-a200-7e26f13c8eca,False,AVL,4,gay
732,Chris_Jason_Paulson,2007,True,5,2026-06-03 23:39:00.824929,17c9688e-b59a-4902-a200-7e26f13c8eca,False,CJP,2,bisexual
733,Joss_Andrew_Section,2007,True,1,2026-06-03 23:39:00.824929,17c9688e-b59a-4902-a200-7e26f13c8eca,False,JAS,5,gay
734,Micheal_Kawoori_Obterra,2007,True,5,2026-06-03 23:39:00.824929,17c9688e-b59a-4902-a200-7e26f13c8eca,False,MKO,5,gay
735,Thomas_Harries_Huckstable,2007,True,2,2026-06-03 23:39:00.824929,17c9688e-b59a-4902-a200-7e26f13c8eca,False,THH,5,gay
736,Darryl_David_Miller,2007,True,1,2026-06-03 23:39:00.824929,17c9688e-b59a-4902-a200-7e26f13c8eca,False,DDM,3,bisexual
737,Ethan_Nguyen_Nguyen,2007,True,1,2026-06-03 23:39:44.478105,17c9688e-b59a-4902-a200-7e26f13c8eca,False,ENN,1,straight
738,Abe_Ian_Kim,2007,True,1,2026-06-03 23:39:44.478105,17c9688e-b59a-4902-a200-7e26f13c8eca,False,AIK,1,straight
739,Andrew_Yingchen_Gu,2007,True,1,2026-06-03 23:39:44.478105,17c9688e-b59a-4902-a200-7e26f13c8eca,False,AYG,1,straight
740,Rahul_Ibhan_Ramiz,2007,True,4,2026-06-03 23:39:44.478105,17c9688e-b59a-4902-a200-7e26f13c8eca,False,RIR,5,gay
741,Edward_Scissorhands_Salamander,2007,True,5,2026-06-03 23:39:44.478105,17c9688e-b59a-4902-a200-7e26f13c8eca,False,ESS,5,gay
742,Josue_Benedicto_Marti,2007,True,1,2026-06-03 23:40:26.911393,17c9688e-b59a-4902-a200-7e26f13c8eca,False,JBM,1,straight
743,Thane_Manny_Manuel,2007,True,5,2026-06-03 23:40:26.911393,17c9688e-b59a-4902-a200-7e26f13c8eca,False,TMM,5,gay
744,Shangdong_Bill_Kang,2007,True,2,2026-06-03 23:40:26.911393,17c9688e-b59a-4902-a200-7e26f13c8eca,False,SBK,2,bisexual
745,Bob_Nicolas_Gonzalo,2007,True,5,2026-06-03 23:40:26.911393,17c9688e-b59a-4902-a200-7e26f13c8eca,False,BNG,4,bisexual
746,Matthew_Easton_Paulson,2007,True,5,2026-06-03 23:40:26.911393,17c9688e-b59a-4902-a200-7e26f13c8eca,False,MEP,3,bisexual
747,Leandro_Rado_Sanchez,2007,True,1,2026-06-03 23:41:01.3748,17c9688e-b59a-4902-a200-7e26f13c8eca,False,LRS,1,straight
748,Johnny_Gabe_Young,2007,True,3,2026-06-03 23:41:01.3748,17c9688e-b59a-4902-a200-7e26f13c8eca,False,JGY,1,straight
749,Franklin_Kampbell_Freeman,2007,True,5,2026-06-03 23:41:01.3748,17c9688e-b59a-4902-a200-7e26f13c8eca,False,FKF,5,gay
750,Zeke_Thane_Painter,2007,True,1,2026-06-03 23:41:01.3748,17c9688e-b59a-4902-a200-7e26f13c8eca,False,ZTP,1,straight
751,Sipoon_Lance_Kim,2007,True,3,2026-06-03 23:41:01.3748,17c9688e-b59a-4902-a200-7e26f13c8eca,False,SLK,3,bisexual
752,Shangdong_Bill_Kang,2007,True,4,2026-06-03 23:56:43.539744,b0eea0c7-25e0-40c2-8074-860b05826767,False,SBK,2,bisexual
753,Rahul_Ibhan_Ramiz,2007,True,1,2026-06-03 23:56:43.539744,b0eea0c7-25e0-40c2-8074-860b05826767,False,RIR,5,gay
754,Asher_Kibble_Ibria,2007,True,5,2026-06-03 23:56:43.539744,b0eea0c7-25e0-40c2-8074-860b05826767,False,AKI,5,gay
755,Edward_Scissorhands_Salamander,2007,True,4,2026-06-03 23:56:43.539744,b0eea0c7-25e0-40c2-8074-860b05826767,False,ESS,5,gay
756,Thomas_Harries_Huckstable,2007,True,3,2026-06-03 23:56:43.539744,b0eea0c7-25e0-40c2-8074-860b05826767,False,THH,5,gay
757,Abe_Ian_Kim,2007,True,1,2026-06-04 00:27:50.782574,c2dc9fba-6f86-4f0f-a8b8-f267b4b95920,False,AIK,1,straight
758,Ethan_Nguyen_Nguyen,2007,True,1,2026-06-04 00:27:50.782574,c2dc9fba-6f86-4f0f-a8b8-f267b4b95920,False,ENN,1,straight
759,Randall_Larry_McGaren,2007,True,4,2026-06-04 00:27:50.782574,c2dc9fba-6f86-4f0f-a8b8-f267b4b95920,False,RLM,5,gay
760,Tollbooth_Jerome_Malcomb,2007,True,5,2026-06-04 00:27:50.782574,c2dc9fba-6f86-4f0f-a8b8-f267b4b95920,False,TJM,2,bisexual
761,Shannon_Samuel_Palley,2007,True,2,2026-06-04 00:27:50.782574,c2dc9fba-6f86-4f0f-a8b8-f267b4b95920,False,SSP,1,straight
762,Theo_Jasper_Zhang,2007,True,5,2026-06-04 00:29:56.576276,c2dc9fba-6f86-4f0f-a8b8-f267b4b95920,False,TJZ,1,straight
763,Willard_Gary_Barry,2007,True,5,2026-06-04 00:29:56.576276,c2dc9fba-6f86-4f0f-a8b8-f267b4b95920,False,WGB,4,queer
764,David_Aaron_Beauregard,2007,True,1,2026-06-04 00:29:56.576276,c2dc9fba-6f86-4f0f-a8b8-f267b4b95920,False,DAB,1,straight
765,Chris_Chandler_King,2007,True,1,2026-06-04 00:29:56.576276,c2dc9fba-6f86-4f0f-a8b8-f267b4b95920,False,CCK,1,straight
766,Matthew_Enlai_Zhang,2007,True,5,2026-06-04 00:29:56.576276,c2dc9fba-6f86-4f0f-a8b8-f267b4b95920,False,MEZ,1,straight
767,Chris_Topher_Hu,2007,True,1,2026-06-04 00:31:33.05917,c2dc9fba-6f86-4f0f-a8b8-f267b4b95920,False,CTH,4,bisexual
768,Big_Ey_Cai,2007,True,4,2026-06-04 00:31:33.05917,c2dc9fba-6f86-4f0f-a8b8-f267b4b95920,False,BEC,1,straight
769,Andrew_Yingchen_Gu,2007,True,1,2026-06-04 00:31:33.05917,c2dc9fba-6f86-4f0f-a8b8-f267b4b95920,False,AYG,1,straight
770,Sahil_Krishna_Bhat,2007,True,5,2026-06-04 00:31:33.05917,c2dc9fba-6f86-4f0f-a8b8-f267b4b95920,False,SKB,1,straight
771,Kamal_Chandani_Obterre,2007,True,1,2026-06-04 00:31:33.05917,c2dc9fba-6f86-4f0f-a8b8-f267b4b95920,False,KCO,4,bisexual
772,James_Landon_Galway,2007,True,5,2026-06-04 00:33:04.573957,c2dc9fba-6f86-4f0f-a8b8-f267b4b95920,False,JLG,3,bisexual
773,Damian_Ubiel_Torcuato,2007,True,1,2026-06-04 00:33:04.573957,c2dc9fba-6f86-4f0f-a8b8-f267b4b95920,False,DUT,5,gay
774,Abner_Valentine_Lo,2007,True,4,2026-06-04 00:33:04.573957,c2dc9fba-6f86-4f0f-a8b8-f267b4b95920,False,AVL,4,gay
775,Chris_Jason_Paulson,2007,True,1,2026-06-04 00:33:04.573957,c2dc9fba-6f86-4f0f-a8b8-f267b4b95920,False,CJP,2,bisexual
776,Josue_Benedicto_Marti,2007,True,1,2026-06-04 00:33:04.573957,c2dc9fba-6f86-4f0f-a8b8-f267b4b95920,False,JBM,1,straight
777,James_Edward_Granton,2007,True,1,2026-06-04 00:34:26.336149,c2dc9fba-6f86-4f0f-a8b8-f267b4b95920,False,JEG,1,straight
778,Aaron_Paul_Ingham,2007,True,4,2026-06-04 00:34:26.336149,c2dc9fba-6f86-4f0f-a8b8-f267b4b95920,False,API,1,straight
779,Keith_Tadeo_Muna,2007,True,5,2026-06-04 00:34:26.336149,c2dc9fba-6f86-4f0f-a8b8-f267b4b95920,False,KTM,2,straight
780,Ishaan_Arav_Arun,2007,True,2,2026-06-04 00:34:26.336149,c2dc9fba-6f86-4f0f-a8b8-f267b4b95920,False,IAA,5,gay
781,Nicholas_Andrew_Falhosh,2007,True,1,2026-06-04 00:34:26.336149,c2dc9fba-6f86-4f0f-a8b8-f267b4b95920,False,NAF,2,bisexual
782,Billiam_Traincar_Zhu,2007,True,5,2026-06-04 00:35:11.3914,c2dc9fba-6f86-4f0f-a8b8-f267b4b95920,False,BTZ,3,questioning
783,Juniper_Jim_Sha,2007,True,5,2026-06-04 00:35:11.3914,c2dc9fba-6f86-4f0f-a8b8-f267b4b95920,False,JJS,1,straight
784,Thane_Manny_Manuel,2007,True,2,2026-06-04 00:35:11.3914,c2dc9fba-6f86-4f0f-a8b8-f267b4b95920,False,TMM,5,gay
785,Micheal_Kawoori_Obterra,2007,True,5,2026-06-04 00:35:11.3914,c2dc9fba-6f86-4f0f-a8b8-f267b4b95920,False,MKO,5,gay
786,Ryouma_Naru_Kouya,2007,True,5,2026-06-04 00:35:11.3914,c2dc9fba-6f86-4f0f-a8b8-f267b4b95920,False,RNK,1,straight
787,Ishmael_Michael_Cabrera,2007,True,1,2026-06-04 00:36:02.317394,c2dc9fba-6f86-4f0f-a8b8-f267b4b95920,False,IMC,1,straight
788,Preed_Odathi_Ghandi,2007,True,1,2026-06-04 00:36:02.317394,c2dc9fba-6f86-4f0f-a8b8-f267b4b95920,False,POG,1,Straight
789,Joss_Andrew_Section,2007,True,5,2026-06-04 00:36:02.317394,c2dc9fba-6f86-4f0f-a8b8-f267b4b95920,False,JAS,5,gay
790,Azad_Pars_Salaam,2007,True,1,2026-06-04 00:36:02.317394,c2dc9fba-6f86-4f0f-a8b8-f267b4b95920,False,APS,5,gay
791,Darryl_David_Miller,2007,True,4,2026-06-04 00:36:02.317394,c2dc9fba-6f86-4f0f-a8b8-f267b4b95920,False,DDM,3,bisexual
792,Yinfan_Fred_Ha,2007,True,1,2026-06-04 00:36:58.814826,c2dc9fba-6f86-4f0f-a8b8-f267b4b95920,False,YFH,1,straight
793,Jason_Fan_Yew,2007,True,1,2026-06-04 00:36:58.814826,c2dc9fba-6f86-4f0f-a8b8-f267b4b95920,False,JFY,1,straight
794,Edward_Scissorhands_Salamander,2007,True,5,2026-06-04 00:36:58.814826,c2dc9fba-6f86-4f0f-a8b8-f267b4b95920,False,ESS,5,gay
795,Zeke_Thane_Painter,2007,True,1,2026-06-04 00:36:58.814826,c2dc9fba-6f86-4f0f-a8b8-f267b4b95920,False,ZTP,1,straight
796,Johnny_Gabe_Young,2007,True,3,2026-06-04 00:36:58.814826,c2dc9fba-6f86-4f0f-a8b8-f267b4b95920,False,JGY,1,straight
797,Leandro_Rado_Sanchez,2007,True,1,2026-06-04 00:37:40.968225,c2dc9fba-6f86-4f0f-a8b8-f267b4b95920,False,LRS,1,straight
798,Shangdong_Bill_Kang,2007,True,5,2026-06-04 00:37:40.968225,c2dc9fba-6f86-4f0f-a8b8-f267b4b95920,False,SBK,2,bisexual
799,Franklin_Kampbell_Freeman,2007,True,5,2026-06-04 00:37:40.968225,c2dc9fba-6f86-4f0f-a8b8-f267b4b95920,False,FKF,5,gay
800,Matthew_Easton_Paulson,2007,True,5,2026-06-04 00:37:40.968225,c2dc9fba-6f86-4f0f-a8b8-f267b4b95920,False,MEP,3,bisexual
801,Thomas_Harries_Huckstable,2007,True,2,2026-06-04 00:37:40.968225,c2dc9fba-6f86-4f0f-a8b8-f267b4b95920,False,THH,5,gay
802,Jason_Jerome_Cao,2007,True,1,2026-06-04 00:38:46.103967,c2dc9fba-6f86-4f0f-a8b8-f267b4b95920,False,JJC,5,gay
803,Sipoon_Lance_Kim,2007,True,3,2026-06-04 00:38:46.103967,c2dc9fba-6f86-4f0f-a8b8-f267b4b95920,False,SLK,3,bisexual
804,Rahul_Ibhan_Ramiz,2007,True,1,2026-06-04 00:38:46.103967,c2dc9fba-6f86-4f0f-a8b8-f267b4b95920,False,RIR,5,gay
805,Asher_Kibble_Ibria,2007,True,5,2026-06-04 00:38:46.103967,c2dc9fba-6f86-4f0f-a8b8-f267b4b95920,False,AKI,5,gay
806,Bob_Nicolas_Gonzalo,2007,True,1,2026-06-04 00:38:46.103967,c2dc9fba-6f86-4f0f-a8b8-f267b4b95920,False,BNG,4,bisexual
807,Willard_Gary_Barry,1998,True,4,2026-06-04 11:17:38.389492,9f0a6f45-d334-4e16-b226-d94e30131ce5,False,WGB,4,queer
808,Micheal_Kawoori_Obterra,1998,True,5,2026-06-04 11:17:38.389492,9f0a6f45-d334-4e16-b226-d94e30131ce5,False,MKO,5,gay
809,Keith_Tadeo_Muna,1998,True,1,2026-06-04 11:17:38.389492,9f0a6f45-d334-4e16-b226-d94e30131ce5,False,KTM,2,straight
810,Ethan_Nguyen_Nguyen,1998,True,2,2026-06-04 11:17:38.389492,9f0a6f45-d334-4e16-b226-d94e30131ce5,False,ENN,1,straight
811,James_Edward_Granton,1998,True,1,2026-06-04 11:17:38.389492,9f0a6f45-d334-4e16-b226-d94e30131ce5,False,JEG,1,straight
812,Abner_Valentine_Lo,1998,True,5,2026-06-04 11:19:41.155866,9f0a6f45-d334-4e16-b226-d94e30131ce5,False,AVL,4,gay
813,Azad_Pars_Salaam,1998,True,4,2026-06-04 11:19:41.155866,9f0a6f45-d334-4e16-b226-d94e30131ce5,False,APS,5,gay
814,Ishaan_Arav_Arun,1998,True,5,2026-06-04 11:19:41.155866,9f0a6f45-d334-4e16-b226-d94e30131ce5,False,IAA,5,gay
815,Big_Ey_Cai,1998,True,1,2026-06-04 11:19:41.155866,9f0a6f45-d334-4e16-b226-d94e30131ce5,False,BEC,1,straight
816,Sahil_Krishna_Bhat,1998,True,4,2026-06-04 11:19:41.155866,9f0a6f45-d334-4e16-b226-d94e30131ce5,False,SKB,1,straight
817,Chris_Chandler_King,1980,True,5,2026-06-04 11:30:49.215551,3dbc2811-903c-4da0-a325-e8edf1168142,False,CCK,1,straight
818,Kamal_Chandani_Obterre,1980,True,4,2026-06-04 11:30:49.215551,3dbc2811-903c-4da0-a325-e8edf1168142,False,KCO,4,bisexual
819,Ishaan_Arav_Arun,1980,True,5,2026-06-04 11:30:49.215551,3dbc2811-903c-4da0-a325-e8edf1168142,False,IAA,5,gay
820,Tollbooth_Jerome_Malcomb,1980,True,3,2026-06-04 11:30:49.215551,3dbc2811-903c-4da0-a325-e8edf1168142,False,TJM,2,bisexual
821,Andrew_Yingchen_Gu,1980,True,2,2026-06-04 11:30:49.215551,3dbc2811-903c-4da0-a325-e8edf1168142,False,AYG,1,straight
823,Aaron_Paul_Ingham,1992,True,3,2026-06-04 11:36:35.857076,ece6202d-c9da-42af-9e02-c728a642454d,False,API,1,straight
824,Ryouma_Naru_Kouya,1992,True,4,2026-06-04 11:36:35.857076,ece6202d-c9da-42af-9e02-c728a642454d,False,RNK,1,straight
825,Joss_Andrew_Section,1992,True,2,2026-06-04 11:36:35.857076,ece6202d-c9da-42af-9e02-c728a642454d,False,JAS,5,gay
826,Billiam_Traincar_Zhu,1992,True,2,2026-06-04 11:36:35.857076,ece6202d-c9da-42af-9e02-c728a642454d,False,BTZ,3,questioning
827,Abe_Ian_Kim,1992,True,2,2026-06-04 11:36:35.857076,ece6202d-c9da-42af-9e02-c728a642454d,False,AIK,1,straight
828,Nicholas_Andrew_Falhosh,1992,True,1,2026-06-04 11:37:28.871417,ece6202d-c9da-42af-9e02-c728a642454d,False,NAF,2,bisexual
829,Chris_Topher_Hu,1992,True,1,2026-06-04 11:37:28.871417,ece6202d-c9da-42af-9e02-c728a642454d,False,CTH,4,bisexual
830,Randall_Larry_McGaren,1992,True,2,2026-06-04 11:37:28.871417,ece6202d-c9da-42af-9e02-c728a642454d,False,RLM,5,gay
831,James_Landon_Galway,1992,True,2,2026-06-04 11:37:28.871417,ece6202d-c9da-42af-9e02-c728a642454d,False,JLG,3,bisexual
832,Thane_Manny_Manuel,1992,True,2,2026-06-04 11:37:28.871417,ece6202d-c9da-42af-9e02-c728a642454d,False,TMM,5,gay
833,Darryl_David_Miller,1992,True,1,2026-06-04 11:38:10.301679,ece6202d-c9da-42af-9e02-c728a642454d,False,DDM,3,bisexual
834,Chris_Jason_Paulson,1992,True,4,2026-06-04 11:38:10.301679,ece6202d-c9da-42af-9e02-c728a642454d,False,CJP,2,bisexual
835,David_Aaron_Beauregard,1992,True,2,2026-06-04 11:38:10.301679,ece6202d-c9da-42af-9e02-c728a642454d,False,DAB,1,straight
836,Juniper_Jim_Sha,1992,True,5,2026-06-04 11:38:10.301679,ece6202d-c9da-42af-9e02-c728a642454d,False,JJS,1,straight
837,Ishmael_Michael_Cabrera,1992,True,1,2026-06-04 11:38:10.301679,ece6202d-c9da-42af-9e02-c728a642454d,False,IMC,1,straight
838,Preed_Odathi_Ghandi,1992,True,2,2026-06-04 11:38:56.74504,ece6202d-c9da-42af-9e02-c728a642454d,False,POG,1,Straight
839,Theo_Jasper_Zhang,1992,True,2,2026-06-04 11:38:56.74504,ece6202d-c9da-42af-9e02-c728a642454d,False,TJZ,1,straight
840,Shannon_Samuel_Palley,1992,True,1,2026-06-04 11:38:56.74504,ece6202d-c9da-42af-9e02-c728a642454d,False,SSP,1,straight
841,Damian_Ubiel_Torcuato,1992,True,4,2026-06-04 11:38:56.74504,ece6202d-c9da-42af-9e02-c728a642454d,False,DUT,5,gay
842,Matthew_Enlai_Zhang,1992,True,2,2026-06-04 11:38:56.74504,ece6202d-c9da-42af-9e02-c728a642454d,False,MEZ,1,straight
843,Theo_Jasper_Zhang,1994,True,4,2026-06-04 11:39:13.417372,52df3ecd-bad3-433d-831c-f1afa7a2065d,False,TJZ,1,straight
844,Damian_Ubiel_Torcuato,1994,True,5,2026-06-04 11:39:13.417372,52df3ecd-bad3-433d-831c-f1afa7a2065d,False,DUT,5,gay
845,Shannon_Samuel_Palley,1994,True,5,2026-06-04 11:39:13.417372,52df3ecd-bad3-433d-831c-f1afa7a2065d,False,SSP,1,straight
846,Josue_Benedicto_Marti,1994,True,1,2026-06-04 11:39:13.417372,52df3ecd-bad3-433d-831c-f1afa7a2065d,False,JBM,1,straight
847,Preed_Odathi_Ghandi,1994,True,2,2026-06-04 11:39:13.417372,52df3ecd-bad3-433d-831c-f1afa7a2065d,False,POG,1,Straight
848,Josue_Benedicto_Marti,1992,True,2,2026-06-04 11:40:04.254801,ece6202d-c9da-42af-9e02-c728a642454d,False,JBM,1,straight
849,Tollbooth_Jerome_Malcomb,1992,True,1,2026-06-04 11:40:04.254801,ece6202d-c9da-42af-9e02-c728a642454d,False,TJM,2,bisexual
850,Azad_Pars_Salaam,1992,True,3,2026-06-04 11:40:04.254801,ece6202d-c9da-42af-9e02-c728a642454d,False,APS,5,gay
851,Edward_Scissorhands_Salamander,1992,True,1,2026-06-04 11:40:04.254801,ece6202d-c9da-42af-9e02-c728a642454d,False,ESS,5,gay
852,Shangdong_Bill_Kang,1992,True,5,2026-06-04 11:40:04.254801,ece6202d-c9da-42af-9e02-c728a642454d,False,SBK,2,bisexual
853,Chris_Chandler_King,1994,True,2,2026-06-04 11:40:24.518208,52df3ecd-bad3-433d-831c-f1afa7a2065d,False,CCK,1,straight
854,Jason_Fan_Yew,1994,True,5,2026-06-04 11:40:24.518208,52df3ecd-bad3-433d-831c-f1afa7a2065d,False,JFY,1,straight
855,Keith_Tadeo_Muna,1994,True,1,2026-06-04 11:40:24.518208,52df3ecd-bad3-433d-831c-f1afa7a2065d,False,KTM,2,straight
856,Thomas_Harries_Huckstable,1994,True,2,2026-06-04 11:40:24.518208,52df3ecd-bad3-433d-831c-f1afa7a2065d,False,THH,5,gay
857,James_Landon_Galway,1994,True,5,2026-06-04 11:40:24.518208,52df3ecd-bad3-433d-831c-f1afa7a2065d,False,JLG,3,bisexual
858,Zeke_Thane_Painter,1992,True,1,2026-06-04 11:41:00.734556,ece6202d-c9da-42af-9e02-c728a642454d,False,ZTP,1,straight
859,Keith_Tadeo_Muna,1992,True,3,2026-06-04 11:41:00.734556,ece6202d-c9da-42af-9e02-c728a642454d,False,KTM,2,straight
860,Johnny_Gabe_Young,1992,True,3,2026-06-04 11:41:00.734556,ece6202d-c9da-42af-9e02-c728a642454d,False,JGY,1,straight
861,Matthew_Easton_Paulson,1992,True,2,2026-06-04 11:41:00.734556,ece6202d-c9da-42af-9e02-c728a642454d,False,MEP,3,bisexual
862,Rahul_Ibhan_Ramiz,1992,True,3,2026-06-04 11:41:00.734556,ece6202d-c9da-42af-9e02-c728a642454d,False,RIR,5,gay
863,Bob_Nicolas_Gonzalo,1992,True,3,2026-06-04 11:41:57.613563,ece6202d-c9da-42af-9e02-c728a642454d,False,BNG,4,bisexual
864,Leandro_Rado_Sanchez,1992,True,1,2026-06-04 11:41:57.613563,ece6202d-c9da-42af-9e02-c728a642454d,False,LRS,1,straight
865,Andrew_Yingchen_Gu,1992,True,1,2026-06-04 11:41:57.613563,ece6202d-c9da-42af-9e02-c728a642454d,False,AYG,1,straight
866,Yinfan_Fred_Ha,1992,True,3,2026-06-04 11:41:57.613563,ece6202d-c9da-42af-9e02-c728a642454d,False,YFH,1,straight
867,Kamal_Chandani_Obterre,1992,True,2,2026-06-04 11:41:57.613563,ece6202d-c9da-42af-9e02-c728a642454d,False,KCO,4,bisexual
868,Willard_Gary_Barry,1992,True,3,2026-06-04 11:42:53.042013,ece6202d-c9da-42af-9e02-c728a642454d,False,WGB,4,queer
869,Sahil_Krishna_Bhat,1992,True,3,2026-06-04 11:42:53.042013,ece6202d-c9da-42af-9e02-c728a642454d,False,SKB,1,straight
870,Big_Ey_Cai,1992,True,2,2026-06-04 11:42:53.042013,ece6202d-c9da-42af-9e02-c728a642454d,False,BEC,1,straight
871,Asher_Kibble_Ibria,1992,True,2,2026-06-04 11:42:53.042013,ece6202d-c9da-42af-9e02-c728a642454d,False,AKI,5,gay
872,Franklin_Kampbell_Freeman,1992,True,1,2026-06-04 11:42:53.042013,ece6202d-c9da-42af-9e02-c728a642454d,False,FKF,5,gay
873,Darryl_David_Miller,1985,False,1,2026-06-04 11:43:36.103762,3023026e-052a-437b-88f4-622ad3a4c258,False,DDM,3,bisexual
874,Ryouma_Naru_Kouya,1985,False,5,2026-06-04 11:43:36.103762,3023026e-052a-437b-88f4-622ad3a4c258,False,RNK,1,straight
875,Chris_Jason_Paulson,1985,False,5,2026-06-04 11:43:36.103762,3023026e-052a-437b-88f4-622ad3a4c258,False,CJP,2,bisexual
876,Randall_Larry_McGaren,1985,False,3,2026-06-04 11:43:36.103762,3023026e-052a-437b-88f4-622ad3a4c258,False,RLM,5,gay
877,Abner_Valentine_Lo,1985,False,4,2026-06-04 11:43:36.103762,3023026e-052a-437b-88f4-622ad3a4c258,False,AVL,4,gay
878,Ethan_Nguyen_Nguyen,2007,True,2,2026-06-04 11:44:06.103911,8b5b85e8-d5d7-45e4-90b9-19dede6b2960,False,ENN,1,straight
879,Rahul_Ibhan_Ramiz,2007,True,4,2026-06-04 11:44:06.103911,8b5b85e8-d5d7-45e4-90b9-19dede6b2960,False,RIR,5,gay
880,Sahil_Krishna_Bhat,2007,True,5,2026-06-04 11:44:06.103911,8b5b85e8-d5d7-45e4-90b9-19dede6b2960,False,SKB,1,straight
881,Aaron_Paul_Ingham,2007,True,1,2026-06-04 11:44:06.103911,8b5b85e8-d5d7-45e4-90b9-19dede6b2960,False,API,1,straight
882,Nicholas_Andrew_Falhosh,2007,True,2,2026-06-04 11:44:06.103911,8b5b85e8-d5d7-45e4-90b9-19dede6b2960,False,NAF,2,bisexual
883,James_Edward_Granton,2007,True,1,2026-06-04 11:45:53.09732,8b5b85e8-d5d7-45e4-90b9-19dede6b2960,False,JEG,1,straight
884,Joss_Andrew_Section,2007,True,4,2026-06-04 11:45:53.09732,8b5b85e8-d5d7-45e4-90b9-19dede6b2960,False,JAS,5,gay
885,Ishmael_Michael_Cabrera,2007,True,3,2026-06-04 11:45:53.09732,8b5b85e8-d5d7-45e4-90b9-19dede6b2960,False,IMC,1,straight
886,Micheal_Kawoori_Obterra,2007,True,5,2026-06-04 11:45:53.09732,8b5b85e8-d5d7-45e4-90b9-19dede6b2960,False,MKO,5,gay
887,Jason_Jerome_Cao,2007,True,5,2026-06-04 11:45:53.09732,8b5b85e8-d5d7-45e4-90b9-19dede6b2960,False,JJC,5,gay
888,Matthew_Enlai_Zhang,2007,True,2,2026-06-04 11:47:29.236425,8b5b85e8-d5d7-45e4-90b9-19dede6b2960,False,MEZ,1,straight
889,Abe_Ian_Kim,2007,True,1,2026-06-04 11:47:29.236425,8b5b85e8-d5d7-45e4-90b9-19dede6b2960,False,AIK,1,straight
890,Sipoon_Lance_Kim,2007,True,3,2026-06-04 11:47:29.236425,8b5b85e8-d5d7-45e4-90b9-19dede6b2960,False,SLK,3,bisexual
891,Billiam_Traincar_Zhu,2007,True,5,2026-06-04 11:47:29.236425,8b5b85e8-d5d7-45e4-90b9-19dede6b2960,False,BTZ,3,questioning
892,David_Aaron_Beauregard,2007,True,1,2026-06-04 11:47:29.236425,8b5b85e8-d5d7-45e4-90b9-19dede6b2960,False,DAB,1,straight
893,Chris_Topher_Hu,2007,True,1,2026-06-04 11:49:52.618187,8b5b85e8-d5d7-45e4-90b9-19dede6b2960,False,CTH,4,bisexual
894,Thane_Manny_Manuel,2007,True,5,2026-06-04 11:49:52.618187,8b5b85e8-d5d7-45e4-90b9-19dede6b2960,False,TMM,5,gay
895,Juniper_Jim_Sha,2007,True,4,2026-06-04 11:49:52.618187,8b5b85e8-d5d7-45e4-90b9-19dede6b2960,False,JJS,1,straight
896,Theo_Jasper_Zhang,2007,True,1,2026-06-04 11:49:52.618187,8b5b85e8-d5d7-45e4-90b9-19dede6b2960,False,TJZ,1,straight
897,Willard_Gary_Barry,2007,True,4,2026-06-04 11:49:52.618187,8b5b85e8-d5d7-45e4-90b9-19dede6b2960,False,WGB,4,queer
898,Asher_Kibble_Ibria,2007,True,5,2026-06-04 11:51:09.039694,8b5b85e8-d5d7-45e4-90b9-19dede6b2960,False,AKI,5,gay
899,Franklin_Kampbell_Freeman,2007,True,1,2026-06-04 11:51:09.039694,8b5b85e8-d5d7-45e4-90b9-19dede6b2960,False,FKF,5,gay
900,Jason_Fan_Yew,2007,True,3,2026-06-04 11:51:09.039694,8b5b85e8-d5d7-45e4-90b9-19dede6b2960,False,JFY,1,straight
901,Ishaan_Arav_Arun,2007,True,5,2026-06-04 11:51:09.039694,8b5b85e8-d5d7-45e4-90b9-19dede6b2960,False,IAA,5,gay
902,Zeke_Thane_Painter,2007,True,1,2026-06-04 11:51:09.039694,8b5b85e8-d5d7-45e4-90b9-19dede6b2960,False,ZTP,1,straight
903,Andrew_Yingchen_Gu,2007,True,1,2026-06-04 11:52:14.235898,8b5b85e8-d5d7-45e4-90b9-19dede6b2960,False,AYG,1,straight
904,Johnny_Gabe_Young,2007,True,2,2026-06-04 11:52:14.235898,8b5b85e8-d5d7-45e4-90b9-19dede6b2960,False,JGY,1,straight
905,Edward_Scissorhands_Salamander,2007,True,1,2026-06-04 11:52:14.235898,8b5b85e8-d5d7-45e4-90b9-19dede6b2960,False,ESS,5,gay
906,Azad_Pars_Salaam,2007,True,3,2026-06-04 11:52:14.235898,8b5b85e8-d5d7-45e4-90b9-19dede6b2960,False,APS,5,gay
907,Bob_Nicolas_Gonzalo,2007,True,5,2026-06-04 11:52:14.235898,8b5b85e8-d5d7-45e4-90b9-19dede6b2960,False,BNG,4,bisexual
908,Thane_Manny_Manuel,2003,False,5,2026-06-04 12:15:41.13081,01ffff5b-7a75-4c4e-81a5-634145970e84,False,TMM,5,gay
909,Damian_Ubiel_Torcuato,2003,False,4,2026-06-04 12:15:41.13081,01ffff5b-7a75-4c4e-81a5-634145970e84,False,DUT,5,gay
910,Aaron_Paul_Ingham,2003,False,1,2026-06-04 12:15:41.13081,01ffff5b-7a75-4c4e-81a5-634145970e84,False,API,1,straight
911,Shannon_Samuel_Palley,2003,False,2,2026-06-04 12:15:41.13081,01ffff5b-7a75-4c4e-81a5-634145970e84,False,SSP,1,straight
912,Abe_Ian_Kim,2003,False,1,2026-06-04 12:15:41.13081,01ffff5b-7a75-4c4e-81a5-634145970e84,False,AIK,1,straight
913,Thomas_Harries_Huckstable,1987,True,5,2026-06-04 12:17:14.501361,03ae04ba-5d76-43c7-a190-f938af63d6a7,False,THH,5,gay
914,Darryl_David_Miller,1987,True,1,2026-06-04 12:17:14.501361,03ae04ba-5d76-43c7-a190-f938af63d6a7,False,DDM,3,bisexual
915,Ryouma_Naru_Kouya,1987,True,5,2026-06-04 12:17:14.501361,03ae04ba-5d76-43c7-a190-f938af63d6a7,False,RNK,1,straight
916,Matthew_Enlai_Zhang,1987,True,2,2026-06-04 12:17:14.501361,03ae04ba-5d76-43c7-a190-f938af63d6a7,False,MEZ,1,straight
917,Yinfan_Fred_Ha,1987,True,3,2026-06-04 12:17:14.501361,03ae04ba-5d76-43c7-a190-f938af63d6a7,False,YFH,1,straight
918,Shangdong_Bill_Kang,2003,False,2,2026-06-04 12:18:37.380969,01ffff5b-7a75-4c4e-81a5-634145970e84,False,SBK,2,bisexual
919,Kamal_Chandani_Obterre,2003,False,1,2026-06-04 12:18:37.380969,01ffff5b-7a75-4c4e-81a5-634145970e84,False,KCO,4,bisexual
920,Chris_Chandler_King,2003,False,1,2026-06-04 12:18:37.380969,01ffff5b-7a75-4c4e-81a5-634145970e84,False,CCK,1,straight
921,Ryouma_Naru_Kouya,2003,False,4,2026-06-04 12:18:37.380969,01ffff5b-7a75-4c4e-81a5-634145970e84,False,RNK,1,straight
922,Josue_Benedicto_Marti,2003,False,1,2026-06-04 12:18:37.380969,01ffff5b-7a75-4c4e-81a5-634145970e84,False,JBM,1,straight
923,Preed_Odathi_Ghandi,1989,False,4,2026-06-04 12:29:48.853711,54c5da4f-bda1-4dc0-a95e-de96bee526ac,False,POG,1,Straight
924,Chris_Topher_Hu,1989,False,1,2026-06-04 12:29:48.853711,54c5da4f-bda1-4dc0-a95e-de96bee526ac,False,CTH,4,bisexual
925,Abner_Valentine_Lo,1989,False,5,2026-06-04 12:29:48.853711,54c5da4f-bda1-4dc0-a95e-de96bee526ac,False,AVL,4,gay
926,David_Aaron_Beauregard,1989,False,1,2026-06-04 12:29:48.853711,54c5da4f-bda1-4dc0-a95e-de96bee526ac,False,DAB,1,straight
927,James_Landon_Galway,1989,False,5,2026-06-04 12:29:48.853711,54c5da4f-bda1-4dc0-a95e-de96bee526ac,False,JLG,3,bisexual
928,Joss_Andrew_Section,2000,False,1,2026-06-04 12:33:32.296855,ce61dea7-601e-4806-9ab1-230e5fd8178d,False,JAS,5,gay
929,Billiam_Traincar_Zhu,2000,False,4,2026-06-04 12:33:32.296855,ce61dea7-601e-4806-9ab1-230e5fd8178d,False,BTZ,3,questioning
930,Juniper_Jim_Sha,2000,False,3,2026-06-04 12:33:32.296855,ce61dea7-601e-4806-9ab1-230e5fd8178d,False,JJS,1,straight
931,Big_Ey_Cai,2000,False,1,2026-06-04 12:33:32.296855,ce61dea7-601e-4806-9ab1-230e5fd8178d,False,BEC,1,straight
932,Leandro_Rado_Sanchez,2000,False,1,2026-06-04 12:33:32.296855,ce61dea7-601e-4806-9ab1-230e5fd8178d,False,LRS,1,straight
933,Ishmael_Michael_Cabrera,2000,False,2,2026-06-04 12:57:46.581109,3408b714-5da5-4503-af88-4b6a7f411d3a,False,IMC,1,straight
934,Jason_Jerome_Cao,2000,False,5,2026-06-04 12:57:46.581109,3408b714-5da5-4503-af88-4b6a7f411d3a,False,JJC,5,gay
935,Nicholas_Andrew_Falhosh,2000,False,3,2026-06-04 12:57:46.581109,3408b714-5da5-4503-af88-4b6a7f411d3a,False,NAF,2,bisexual
936,Micheal_Kawoori_Obterra,2000,False,4,2026-06-04 12:57:46.581109,3408b714-5da5-4503-af88-4b6a7f411d3a,False,MKO,5,gay
937,Tollbooth_Jerome_Malcomb,2000,False,1,2026-06-04 12:57:46.581109,3408b714-5da5-4503-af88-4b6a7f411d3a,False,TJM,2,bisexual
938,James_Edward_Granton,2000,False,3,2026-06-04 13:00:33.731118,3408b714-5da5-4503-af88-4b6a7f411d3a,False,JEG,1,straight
939,Chris_Jason_Paulson,2000,False,2,2026-06-04 13:00:33.731118,3408b714-5da5-4503-af88-4b6a7f411d3a,False,CJP,2,bisexual
940,Randall_Larry_McGaren,2000,False,1,2026-06-04 13:00:33.731118,3408b714-5da5-4503-af88-4b6a7f411d3a,False,RLM,5,gay
941,Ethan_Nguyen_Nguyen,2000,False,2,2026-06-04 13:00:33.731118,3408b714-5da5-4503-af88-4b6a7f411d3a,False,ENN,1,straight
942,Sipoon_Lance_Kim,2000,False,3,2026-06-04 13:00:33.731118,3408b714-5da5-4503-af88-4b6a7f411d3a,False,SLK,3,bisexual
943,Matthew_Easton_Paulson,2000,False,4,2026-06-04 13:03:12.638908,3408b714-5da5-4503-af88-4b6a7f411d3a,False,MEP,3,bisexual
944,Abner_Valentine_Lo,2000,False,5,2026-06-04 13:03:12.638908,3408b714-5da5-4503-af88-4b6a7f411d3a,False,AVL,4,gay
945,Matthew_Enlai_Zhang,2000,False,2,2026-06-04 13:03:12.638908,3408b714-5da5-4503-af88-4b6a7f411d3a,False,MEZ,1,straight
946,Darryl_David_Miller,2000,False,1,2026-06-04 13:03:12.638908,3408b714-5da5-4503-af88-4b6a7f411d3a,False,DDM,3,bisexual
947,Damian_Ubiel_Torcuato,2000,False,3,2026-06-04 13:03:12.638908,3408b714-5da5-4503-af88-4b6a7f411d3a,False,DUT,5,gay
948,Matthew_Easton_Paulson,1989,True,2,2026-06-04 13:03:35.672413,d96a4c7f-77de-4c47-9f55-9691c73e1556,False,MEP,3,bisexual
949,Jason_Jerome_Cao,1989,True,3,2026-06-04 13:03:35.672413,d96a4c7f-77de-4c47-9f55-9691c73e1556,False,JJC,5,gay
950,Kamal_Chandani_Obterre,1989,True,1,2026-06-04 13:03:35.672413,d96a4c7f-77de-4c47-9f55-9691c73e1556,False,KCO,4,bisexual
951,Joss_Andrew_Section,1989,True,4,2026-06-04 13:03:35.672413,d96a4c7f-77de-4c47-9f55-9691c73e1556,False,JAS,5,gay
952,Abe_Ian_Kim,1989,True,2,2026-06-04 13:03:35.672413,d96a4c7f-77de-4c47-9f55-9691c73e1556,False,AIK,1,straight
953,James_Landon_Galway,2000,False,5,2026-06-04 13:04:06.316218,3408b714-5da5-4503-af88-4b6a7f411d3a,False,JLG,3,bisexual
954,Theo_Jasper_Zhang,2000,False,3,2026-06-04 13:04:06.316218,3408b714-5da5-4503-af88-4b6a7f411d3a,False,TJZ,1,straight
955,Keith_Tadeo_Muna,2000,False,5,2026-06-04 13:04:06.316218,3408b714-5da5-4503-af88-4b6a7f411d3a,False,KTM,2,straight
956,Josue_Benedicto_Marti,2000,False,1,2026-06-04 13:04:06.316218,3408b714-5da5-4503-af88-4b6a7f411d3a,False,JBM,1,straight
957,Andrew_Yingchen_Gu,2000,False,1,2026-06-04 13:04:06.316218,3408b714-5da5-4503-af88-4b6a7f411d3a,False,AYG,1,straight
958,Franklin_Kampbell_Freeman,2000,False,4,2026-06-04 13:05:41.119692,3408b714-5da5-4503-af88-4b6a7f411d3a,False,FKF,5,gay
959,Sahil_Krishna_Bhat,2000,False,5,2026-06-04 13:05:41.119692,3408b714-5da5-4503-af88-4b6a7f411d3a,False,SKB,1,straight
960,Rahul_Ibhan_Ramiz,2000,False,2,2026-06-04 13:05:41.119692,3408b714-5da5-4503-af88-4b6a7f411d3a,False,RIR,5,gay
961,Juniper_Jim_Sha,2000,False,5,2026-06-04 13:05:41.119692,3408b714-5da5-4503-af88-4b6a7f411d3a,False,JJS,1,straight
962,Chris_Topher_Hu,2000,False,1,2026-06-04 13:05:41.119692,3408b714-5da5-4503-af88-4b6a7f411d3a,False,CTH,4,bisexual
963,Shannon_Samuel_Palley,2000,False,1,2026-06-04 13:06:31.717525,3408b714-5da5-4503-af88-4b6a7f411d3a,False,SSP,1,straight
964,Thane_Manny_Manuel,2000,False,3,2026-06-04 13:06:31.717525,3408b714-5da5-4503-af88-4b6a7f411d3a,False,TMM,5,gay
965,Chris_Chandler_King,2000,False,2,2026-06-04 13:06:31.717525,3408b714-5da5-4503-af88-4b6a7f411d3a,False,CCK,1,straight
966,David_Aaron_Beauregard,2000,False,5,2026-06-04 13:06:31.717525,3408b714-5da5-4503-af88-4b6a7f411d3a,False,DAB,1,straight
967,Asher_Kibble_Ibria,2000,False,3,2026-06-04 13:06:31.717525,3408b714-5da5-4503-af88-4b6a7f411d3a,False,AKI,5,gay
968,Randall_Larry_McGaren,1987,True,5,2026-06-04 13:40:48.078702,298b7ef8-a9ab-4f65-a363-cb990069cef0,False,RLM,5,gay
969,Bob_Nicolas_Gonzalo,1987,True,3,2026-06-04 13:40:48.078702,298b7ef8-a9ab-4f65-a363-cb990069cef0,False,BNG,4,bisexual
970,Sipoon_Lance_Kim,1987,True,2,2026-06-04 13:40:48.078702,298b7ef8-a9ab-4f65-a363-cb990069cef0,False,SLK,3,bisexual
971,Leandro_Rado_Sanchez,1987,True,1,2026-06-04 13:40:48.078702,298b7ef8-a9ab-4f65-a363-cb990069cef0,False,LRS,1,straight
972,Ethan_Nguyen_Nguyen,1987,True,3,2026-06-04 13:40:48.078702,298b7ef8-a9ab-4f65-a363-cb990069cef0,False,ENN,1,straight
973,Ishmael_Michael_Cabrera,1987,True,2,2026-06-04 13:45:18.231311,298b7ef8-a9ab-4f65-a363-cb990069cef0,False,IMC,1,straight
974,Tollbooth_Jerome_Malcomb,1987,True,5,2026-06-04 13:45:18.231311,298b7ef8-a9ab-4f65-a363-cb990069cef0,False,TJM,2,bisexual
975,Johnny_Gabe_Young,1987,True,5,2026-06-04 13:45:18.231311,298b7ef8-a9ab-4f65-a363-cb990069cef0,False,JGY,1,straight
976,Aaron_Paul_Ingham,1987,True,1,2026-06-04 13:45:18.231311,298b7ef8-a9ab-4f65-a363-cb990069cef0,False,API,1,straight
977,Azad_Pars_Salaam,1987,True,4,2026-06-04 13:45:18.231311,298b7ef8-a9ab-4f65-a363-cb990069cef0,False,APS,5,gay
978,Yinfan_Fred_Ha,1987,True,4,2026-06-04 13:46:44.313599,298b7ef8-a9ab-4f65-a363-cb990069cef0,False,YFH,1,straight
979,Willard_Gary_Barry,1987,True,5,2026-06-04 13:46:44.313599,298b7ef8-a9ab-4f65-a363-cb990069cef0,False,WGB,4,queer
980,Big_Ey_Cai,1987,True,2,2026-06-04 13:46:44.313599,298b7ef8-a9ab-4f65-a363-cb990069cef0,False,BEC,1,straight
981,Billiam_Traincar_Zhu,1987,True,3,2026-06-04 13:46:44.313599,298b7ef8-a9ab-4f65-a363-cb990069cef0,False,BTZ,3,questioning
982,Zeke_Thane_Painter,1987,True,1,2026-06-04 13:46:44.313599,298b7ef8-a9ab-4f65-a363-cb990069cef0,False,ZTP,1,straight
983,Nicholas_Andrew_Falhosh,1987,True,1,2026-06-04 13:48:25.193524,298b7ef8-a9ab-4f65-a363-cb990069cef0,False,NAF,2,bisexual
984,Jason_Fan_Yew,1987,True,4,2026-06-04 13:48:25.193524,298b7ef8-a9ab-4f65-a363-cb990069cef0,False,JFY,1,straight
985,James_Edward_Granton,1987,True,3,2026-06-04 13:48:25.193524,298b7ef8-a9ab-4f65-a363-cb990069cef0,False,JEG,1,straight
986,Chris_Jason_Paulson,1987,True,5,2026-06-04 13:48:25.193524,298b7ef8-a9ab-4f65-a363-cb990069cef0,False,CJP,2,bisexual
987,Ishaan_Arav_Arun,1987,True,5,2026-06-04 13:48:25.193524,298b7ef8-a9ab-4f65-a363-cb990069cef0,False,IAA,5,gay
988,Shangdong_Bill_Kang,1987,True,3,2026-06-04 13:50:01.747064,298b7ef8-a9ab-4f65-a363-cb990069cef0,False,SBK,2,bisexual
989,Thomas_Harries_Huckstable,1987,True,3,2026-06-04 13:50:01.747064,298b7ef8-a9ab-4f65-a363-cb990069cef0,False,THH,5,gay
990,Preed_Odathi_Ghandi,1987,True,1,2026-06-04 13:50:01.747064,298b7ef8-a9ab-4f65-a363-cb990069cef0,False,POG,1,Straight
991,Micheal_Kawoori_Obterra,1987,True,5,2026-06-04 13:50:01.747064,298b7ef8-a9ab-4f65-a363-cb990069cef0,False,MKO,5,gay
992,Edward_Scissorhands_Salamander,1987,True,4,2026-06-04 13:50:01.747064,298b7ef8-a9ab-4f65-a363-cb990069cef0,False,ESS,5,gay
993,Shangdong_Bill_Kang,2000,False,5,2026-06-04 13:50:09.75494,377defb3-e727-448c-867c-28d39868efa4,False,SBK,2,bisexual
994,Thomas_Harries_Huckstable,2000,False,2,2026-06-04 13:50:09.75494,377defb3-e727-448c-867c-28d39868efa4,False,THH,5,gay
995,Preed_Odathi_Ghandi,2000,False,1,2026-06-04 13:50:09.75494,377defb3-e727-448c-867c-28d39868efa4,False,POG,1,Straight
996,Edward_Scissorhands_Salamander,2000,False,5,2026-06-04 13:50:09.75494,377defb3-e727-448c-867c-28d39868efa4,False,ESS,5,gay
997,Micheal_Kawoori_Obterra,2000,False,4,2026-06-04 13:50:09.75494,377defb3-e727-448c-867c-28d39868efa4,False,MKO,5,gay
998,Chris_Jason_Paulson,1998,False,3,2026-06-04 13:50:41.968689,9c39db8e-f927-4ebe-906e-999faf1c62a1,False,CJP,2,bisexual
999,Nicholas_Andrew_Falhosh,1998,False,1,2026-06-04 13:50:41.968689,9c39db8e-f927-4ebe-906e-999faf1c62a1,False,NAF,2,bisexual
1000,Ishaan_Arav_Arun,1998,False,4,2026-06-04 13:50:41.968689,9c39db8e-f927-4ebe-906e-999faf1c62a1,False,IAA,5,gay
1001,Jason_Fan_Yew,1998,False,2,2026-06-04 13:50:41.968689,9c39db8e-f927-4ebe-906e-999faf1c62a1,False,JFY,1,straight
1002,Edward_Scissorhands_Salamander,1998,False,1,2026-06-04 13:50:41.968689,9c39db8e-f927-4ebe-906e-999faf1c62a1,False,ESS,5,gay
1003,Willard_Gary_Barry,2000,False,5,2026-06-04 13:52:07.602994,377defb3-e727-448c-867c-28d39868efa4,False,WGB,4,queer
1004,Jason_Jerome_Cao,2000,False,4,2026-06-04 13:52:07.602994,377defb3-e727-448c-867c-28d39868efa4,False,JJC,5,gay
1005,Thane_Manny_Manuel,2000,False,1,2026-06-04 13:52:07.602994,377defb3-e727-448c-867c-28d39868efa4,False,TMM,5,gay
1006,Sipoon_Lance_Kim,2000,False,1,2026-06-04 13:52:07.602994,377defb3-e727-448c-867c-28d39868efa4,False,SLK,3,bisexual
1007,Abner_Valentine_Lo,2000,False,5,2026-06-04 13:52:07.602994,377defb3-e727-448c-867c-28d39868efa4,False,AVL,4,gay
1008,Ethan_Nguyen_Nguyen,1998,False,4,2026-06-04 13:53:43.110015,648967ab-d5ba-4c0a-b54f-81c5892a20c0,False,ENN,1,straight
1009,Johnny_Gabe_Young,1998,False,3,2026-06-04 13:53:43.110015,648967ab-d5ba-4c0a-b54f-81c5892a20c0,False,JGY,1,straight
1010,Zeke_Thane_Painter,1998,False,1,2026-06-04 13:53:43.110015,648967ab-d5ba-4c0a-b54f-81c5892a20c0,False,ZTP,1,straight
1011,Sahil_Krishna_Bhat,1998,False,5,2026-06-04 13:53:43.110015,648967ab-d5ba-4c0a-b54f-81c5892a20c0,False,SKB,1,straight
1012,Ishmael_Michael_Cabrera,1998,False,1,2026-06-04 13:53:43.110015,648967ab-d5ba-4c0a-b54f-81c5892a20c0,False,IMC,1,straight
1013,Tollbooth_Jerome_Malcomb,1920,False,2,2026-06-04 13:54:40.939502,8620dfa8-2a6a-4262-b69b-801c9c8c2ddc,False,TJM,2,bisexual
1014,Keith_Tadeo_Muna,1920,False,3,2026-06-04 13:54:40.939502,8620dfa8-2a6a-4262-b69b-801c9c8c2ddc,False,KTM,2,straight
1015,Ishmael_Michael_Cabrera,1920,False,1,2026-06-04 13:54:40.939502,8620dfa8-2a6a-4262-b69b-801c9c8c2ddc,False,IMC,1,straight
1016,Kamal_Chandani_Obterre,1920,False,3,2026-06-04 13:54:40.939502,8620dfa8-2a6a-4262-b69b-801c9c8c2ddc,False,KCO,4,bisexual
1017,Jason_Jerome_Cao,1920,False,4,2026-06-04 13:54:40.939502,8620dfa8-2a6a-4262-b69b-801c9c8c2ddc,False,JJC,5,gay
1018,Bob_Nicolas_Gonzalo,2000,False,2,2026-06-04 13:55:08.838852,377defb3-e727-448c-867c-28d39868efa4,False,BNG,4,bisexual
1019,Franklin_Kampbell_Freeman,2000,False,4,2026-06-04 13:55:08.838852,377defb3-e727-448c-867c-28d39868efa4,False,FKF,5,gay
1020,Kamal_Chandani_Obterre,2000,False,1,2026-06-04 13:55:08.838852,377defb3-e727-448c-867c-28d39868efa4,False,KCO,4,bisexual
1021,Juniper_Jim_Sha,2000,False,5,2026-06-04 13:55:08.838852,377defb3-e727-448c-867c-28d39868efa4,False,JJS,1,straight
1022,Ryouma_Naru_Kouya,2000,False,5,2026-06-04 13:55:08.838852,377defb3-e727-448c-867c-28d39868efa4,False,RNK,1,straight
1023,James_Edward_Granton,2006,True,2,2026-06-04 13:55:12.153705,97cac537-53ff-476f-8aef-a30ec313fd08,False,JEG,1,straight
1024,Big_Ey_Cai,2006,True,1,2026-06-04 13:55:12.153705,97cac537-53ff-476f-8aef-a30ec313fd08,False,BEC,1,straight
1025,Bob_Nicolas_Gonzalo,2006,True,3,2026-06-04 13:55:12.153705,97cac537-53ff-476f-8aef-a30ec313fd08,False,BNG,4,bisexual
1026,Shannon_Samuel_Palley,2006,True,3,2026-06-04 13:55:12.153705,97cac537-53ff-476f-8aef-a30ec313fd08,False,SSP,1,straight
1027,Chris_Chandler_King,2006,True,3,2026-06-04 13:55:12.153705,97cac537-53ff-476f-8aef-a30ec313fd08,False,CCK,1,straight
1028,Chris_Topher_Hu,1999,False,1,2026-06-04 13:56:15.994551,f5669a8f-2ea3-411f-9284-ffd74aeba4e7,False,CTH,4,bisexual
1029,Chris_Chandler_King,1999,False,2,2026-06-04 13:56:15.994551,f5669a8f-2ea3-411f-9284-ffd74aeba4e7,False,CCK,1,straight
1030,Randall_Larry_McGaren,1999,False,5,2026-06-04 13:56:15.994551,f5669a8f-2ea3-411f-9284-ffd74aeba4e7,False,RLM,5,gay
1031,Leandro_Rado_Sanchez,1999,False,1,2026-06-04 13:56:15.994551,f5669a8f-2ea3-411f-9284-ffd74aeba4e7,False,LRS,1,straight
1032,David_Aaron_Beauregard,1999,False,1,2026-06-04 13:56:15.994551,f5669a8f-2ea3-411f-9284-ffd74aeba4e7,False,DAB,1,straight
1033,Azad_Pars_Salaam,2003,True,5,2026-06-04 13:57:25.166389,06d1f062-f0b3-4058-a28d-f583381bbe51,False,APS,5,gay
1034,Big_Ey_Cai,2003,True,2,2026-06-04 13:57:25.166389,06d1f062-f0b3-4058-a28d-f583381bbe51,False,BEC,1,straight
1035,Aaron_Paul_Ingham,2003,True,1,2026-06-04 13:57:25.166389,06d1f062-f0b3-4058-a28d-f583381bbe51,False,API,1,straight
1036,Randall_Larry_McGaren,2003,True,4,2026-06-04 13:57:25.166389,06d1f062-f0b3-4058-a28d-f583381bbe51,False,RLM,5,gay
1037,James_Edward_Granton,2003,True,1,2026-06-04 13:57:25.166389,06d1f062-f0b3-4058-a28d-f583381bbe51,False,JEG,1,straight
1038,Matthew_Easton_Paulson,1989,True,1,2026-06-04 14:20:14.426744,57b49cc9-b487-4775-bcf3-5fab8ad12f50,False,MEP,3,bisexual
1039,Yinfan_Fred_Ha,1989,True,3,2026-06-04 14:20:14.426744,57b49cc9-b487-4775-bcf3-5fab8ad12f50,False,YFH,1,straight
1040,Damian_Ubiel_Torcuato,1989,True,1,2026-06-04 14:20:14.426744,57b49cc9-b487-4775-bcf3-5fab8ad12f50,False,DUT,5,gay
1041,Asher_Kibble_Ibria,1989,True,5,2026-06-04 14:20:14.426744,57b49cc9-b487-4775-bcf3-5fab8ad12f50,False,AKI,5,gay
1042,Abe_Ian_Kim,1989,True,4,2026-06-04 14:20:14.426744,57b49cc9-b487-4775-bcf3-5fab8ad12f50,False,AIK,1,straight
1043,James_Landon_Galway,1970,True,1,2026-06-04 14:48:53.097945,d91241a3-3145-434c-8671-ff960b6ed35c,False,JLG,3,bisexual
1044,Darryl_David_Miller,1970,True,1,2026-06-04 14:48:53.097945,d91241a3-3145-434c-8671-ff960b6ed35c,False,DDM,3,bisexual
1045,Billiam_Traincar_Zhu,1970,True,3,2026-06-04 14:48:53.097945,d91241a3-3145-434c-8671-ff960b6ed35c,False,BTZ,3,questioning
1046,Matthew_Enlai_Zhang,1970,True,1,2026-06-04 14:48:53.097945,d91241a3-3145-434c-8671-ff960b6ed35c,False,MEZ,1,straight
1047,Andrew_Yingchen_Gu,1970,True,5,2026-06-04 14:48:53.097945,d91241a3-3145-434c-8671-ff960b6ed35c,False,AYG,1,straight
1048,Josue_Benedicto_Marti,1986,True,1,2026-06-04 15:00:18.388186,4ad71d4c-9ace-42fd-900b-a1d1a7ed2bc5,False,JBM,1,straight
1049,Rahul_Ibhan_Ramiz,1986,True,1,2026-06-04 15:00:18.388186,4ad71d4c-9ace-42fd-900b-a1d1a7ed2bc5,False,RIR,5,gay
1050,Joss_Andrew_Section,1986,True,5,2026-06-04 15:00:18.388186,4ad71d4c-9ace-42fd-900b-a1d1a7ed2bc5,False,JAS,5,gay
1051,Theo_Jasper_Zhang,1986,True,3,2026-06-04 15:00:18.388186,4ad71d4c-9ace-42fd-900b-a1d1a7ed2bc5,False,TJZ,1,straight
1052,Jason_Fan_Yew,1986,True,4,2026-06-04 15:00:18.388186,4ad71d4c-9ace-42fd-900b-a1d1a7ed2bc5,False,JFY,1,straight
1053,Chris_Jason_Paulson,1986,True,1,2026-06-04 15:01:50.276816,4ad71d4c-9ace-42fd-900b-a1d1a7ed2bc5,False,CJP,2,bisexual
1054,Preed_Odathi_Ghandi,1986,True,1,2026-06-04 15:01:50.276816,4ad71d4c-9ace-42fd-900b-a1d1a7ed2bc5,False,POG,1,Straight
1055,Asher_Kibble_Ibria,1986,True,5,2026-06-04 15:01:50.276816,4ad71d4c-9ace-42fd-900b-a1d1a7ed2bc5,False,AKI,5,gay
1056,Aaron_Paul_Ingham,1986,True,1,2026-06-04 15:01:50.276816,4ad71d4c-9ace-42fd-900b-a1d1a7ed2bc5,False,API,1,straight
1057,Thomas_Harries_Huckstable,1986,True,5,2026-06-04 15:01:50.276816,4ad71d4c-9ace-42fd-900b-a1d1a7ed2bc5,False,THH,5,gay
1058,Micheal_Kawoori_Obterra,1986,True,5,2026-06-04 15:02:38.313283,4ad71d4c-9ace-42fd-900b-a1d1a7ed2bc5,False,MKO,5,gay
1059,Shangdong_Bill_Kang,1986,True,5,2026-06-04 15:02:38.313283,4ad71d4c-9ace-42fd-900b-a1d1a7ed2bc5,False,SBK,2,bisexual
1060,Matthew_Enlai_Zhang,1986,True,1,2026-06-04 15:02:38.313283,4ad71d4c-9ace-42fd-900b-a1d1a7ed2bc5,False,MEZ,1,straight
1061,Tollbooth_Jerome_Malcomb,1986,True,5,2026-06-04 15:02:38.313283,4ad71d4c-9ace-42fd-900b-a1d1a7ed2bc5,False,TJM,2,bisexual
1062,Abe_Ian_Kim,1986,True,1,2026-06-04 15:02:38.313283,4ad71d4c-9ace-42fd-900b-a1d1a7ed2bc5,False,AIK,1,straight
1063,Ryouma_Naru_Kouya,1986,True,5,2026-06-04 15:03:45.81835,4ad71d4c-9ace-42fd-900b-a1d1a7ed2bc5,False,RNK,1,straight
1064,Juniper_Jim_Sha,1986,True,5,2026-06-04 15:03:45.81835,4ad71d4c-9ace-42fd-900b-a1d1a7ed2bc5,False,JJS,1,straight
1065,Andrew_Yingchen_Gu,1986,True,1,2026-06-04 15:03:45.81835,4ad71d4c-9ace-42fd-900b-a1d1a7ed2bc5,False,AYG,1,straight
1066,Shannon_Samuel_Palley,1986,True,5,2026-06-04 15:03:45.81835,4ad71d4c-9ace-42fd-900b-a1d1a7ed2bc5,False,SSP,1,straight
1067,David_Aaron_Beauregard,1986,True,1,2026-06-04 15:03:45.81835,4ad71d4c-9ace-42fd-900b-a1d1a7ed2bc5,False,DAB,1,straight
1068,Abner_Valentine_Lo,1996,True,5,2026-06-04 15:04:17.514695,ba0b25b6-b866-439e-b74f-c266fe29e6c5,False,AVL,4,gay
1069,Keith_Tadeo_Muna,1996,True,1,2026-06-04 15:04:17.514695,ba0b25b6-b866-439e-b74f-c266fe29e6c5,False,KTM,2,straight
1070,Andrew_Yingchen_Gu,1996,True,1,2026-06-04 15:04:17.514695,ba0b25b6-b866-439e-b74f-c266fe29e6c5,False,AYG,1,straight
1071,Leandro_Rado_Sanchez,1996,True,1,2026-06-04 15:04:17.514695,ba0b25b6-b866-439e-b74f-c266fe29e6c5,False,LRS,1,straight
1072,Billiam_Traincar_Zhu,1996,True,5,2026-06-04 15:04:17.514695,ba0b25b6-b866-439e-b74f-c266fe29e6c5,False,BTZ,3,questioning
1073,Sipoon_Lance_Kim,1986,True,1,2026-06-04 15:04:59.10203,4ad71d4c-9ace-42fd-900b-a1d1a7ed2bc5,False,SLK,3,bisexual
1074,James_Landon_Galway,1986,True,5,2026-06-04 15:04:59.10203,4ad71d4c-9ace-42fd-900b-a1d1a7ed2bc5,False,JLG,3,bisexual
1075,Johnny_Gabe_Young,1986,True,1,2026-06-04 15:04:59.10203,4ad71d4c-9ace-42fd-900b-a1d1a7ed2bc5,False,JGY,1,straight
1076,Leandro_Rado_Sanchez,1986,True,1,2026-06-04 15:04:59.10203,4ad71d4c-9ace-42fd-900b-a1d1a7ed2bc5,False,LRS,1,straight
1077,Franklin_Kampbell_Freeman,1986,True,5,2026-06-04 15:04:59.10203,4ad71d4c-9ace-42fd-900b-a1d1a7ed2bc5,False,FKF,5,gay
1078,Sipoon_Lance_Kim,2007,False,2,2026-06-04 15:06:30.605122,962e3365-7c36-4b70-bc48-1bbd59c19c12,False,SLK,3,bisexual
1079,Sahil_Krishna_Bhat,2007,False,5,2026-06-04 15:06:30.605122,962e3365-7c36-4b70-bc48-1bbd59c19c12,False,SKB,1,straight
1080,Rahul_Ibhan_Ramiz,2007,False,2,2026-06-04 15:06:30.605122,962e3365-7c36-4b70-bc48-1bbd59c19c12,False,RIR,5,gay
1081,Thane_Manny_Manuel,2007,False,5,2026-06-04 15:06:30.605122,962e3365-7c36-4b70-bc48-1bbd59c19c12,False,TMM,5,gay
1082,Azad_Pars_Salaam,2007,False,4,2026-06-04 15:06:30.605122,962e3365-7c36-4b70-bc48-1bbd59c19c12,False,APS,5,gay
1083,Zeke_Thane_Painter,1996,True,1,2026-06-04 15:08:17.727939,ba0b25b6-b866-439e-b74f-c266fe29e6c5,False,ZTP,1,straight
1084,Darryl_David_Miller,1996,True,4,2026-06-04 15:08:17.727939,ba0b25b6-b866-439e-b74f-c266fe29e6c5,False,DDM,3,bisexual
1085,Joss_Andrew_Section,1996,True,5,2026-06-04 15:08:17.727939,ba0b25b6-b866-439e-b74f-c266fe29e6c5,False,JAS,5,gay
1086,Ishaan_Arav_Arun,1996,True,3,2026-06-04 15:08:17.727939,ba0b25b6-b866-439e-b74f-c266fe29e6c5,False,IAA,5,gay
1087,Willard_Gary_Barry,1996,True,3,2026-06-04 15:08:17.727939,ba0b25b6-b866-439e-b74f-c266fe29e6c5,False,WGB,4,queer
1088,Nicholas_Andrew_Falhosh,2007,False,1,2026-06-04 15:32:51.184974,62983b28-4c15-449b-b9ce-e2d9ce8d8440,False,NAF,2,bisexual
1089,Josue_Benedicto_Marti,2007,False,2,2026-06-04 15:32:51.184974,62983b28-4c15-449b-b9ce-e2d9ce8d8440,False,JBM,1,straight
1090,Yinfan_Fred_Ha,2007,False,1,2026-06-04 15:32:51.184974,62983b28-4c15-449b-b9ce-e2d9ce8d8440,False,YFH,1,straight
1091,Ethan_Nguyen_Nguyen,2007,False,5,2026-06-04 15:32:51.184974,62983b28-4c15-449b-b9ce-e2d9ce8d8440,False,ENN,1,straight
1092,Chris_Topher_Hu,2007,False,4,2026-06-04 15:32:51.184974,62983b28-4c15-449b-b9ce-e2d9ce8d8440,False,CTH,4,bisexual
1093,Matthew_Easton_Paulson,2010,True,4,2026-06-04 15:38:14.6915,9e2029f1-2e09-41b2-b8e3-11df432d9676,False,MEP,3,bisexual
1094,Theo_Jasper_Zhang,2010,True,1,2026-06-04 15:38:14.6915,9e2029f1-2e09-41b2-b8e3-11df432d9676,False,TJZ,1,straight
1095,Damian_Ubiel_Torcuato,2010,True,3,2026-06-04 15:38:14.6915,9e2029f1-2e09-41b2-b8e3-11df432d9676,False,DUT,5,gay
1096,Aaron_Paul_Ingham,2010,True,2,2026-06-04 15:38:14.6915,9e2029f1-2e09-41b2-b8e3-11df432d9676,False,API,1,straight
1097,Edward_Scissorhands_Salamander,2010,True,5,2026-06-04 15:38:14.6915,9e2029f1-2e09-41b2-b8e3-11df432d9676,False,ESS,5,gay
1098,Abner_Valentine_Lo,1996,True,5,2026-06-04 15:44:07.097734,c983f867-50fc-4051-93d4-9bba7633a465,False,AVL,4,gay
1099,Yinfan_Fred_Ha,1996,True,2,2026-06-04 15:44:07.097734,c983f867-50fc-4051-93d4-9bba7633a465,False,YFH,1,straight
1100,Asher_Kibble_Ibria,1996,True,5,2026-06-04 15:44:07.097734,c983f867-50fc-4051-93d4-9bba7633a465,False,AKI,5,gay
1101,Thomas_Harries_Huckstable,1996,True,1,2026-06-04 15:44:07.097734,c983f867-50fc-4051-93d4-9bba7633a465,False,THH,5,gay
1102,Shannon_Samuel_Palley,1996,True,1,2026-06-04 15:44:07.097734,c983f867-50fc-4051-93d4-9bba7633a465,False,SSP,1,straight
1103,Big_Ey_Cai,1998,True,1,2026-06-04 15:45:15.961764,f8cd1d6c-1592-4858-95d7-ba2208c9ed08,False,BEC,1,straight
1104,Chris_Topher_Hu,1998,True,1,2026-06-04 15:45:15.961764,f8cd1d6c-1592-4858-95d7-ba2208c9ed08,False,CTH,4,bisexual
1105,Asher_Kibble_Ibria,1998,True,5,2026-06-04 15:45:15.961764,f8cd1d6c-1592-4858-95d7-ba2208c9ed08,False,AKI,5,gay
1106,Kamal_Chandani_Obterre,1998,True,3,2026-06-04 15:45:15.961764,f8cd1d6c-1592-4858-95d7-ba2208c9ed08,False,KCO,4,bisexual
1107,James_Edward_Granton,1998,True,2,2026-06-04 15:45:15.961764,f8cd1d6c-1592-4858-95d7-ba2208c9ed08,False,JEG,1,straight
1108,Abe_Ian_Kim,1996,True,2,2026-06-04 15:45:21.946283,c983f867-50fc-4051-93d4-9bba7633a465,False,AIK,1,straight
1109,Chris_Jason_Paulson,1996,True,3,2026-06-04 15:45:21.946283,c983f867-50fc-4051-93d4-9bba7633a465,False,CJP,2,bisexual
1110,Bob_Nicolas_Gonzalo,1996,True,3,2026-06-04 15:45:21.946283,c983f867-50fc-4051-93d4-9bba7633a465,False,BNG,4,bisexual
1111,Theo_Jasper_Zhang,1996,True,1,2026-06-04 15:45:21.946283,c983f867-50fc-4051-93d4-9bba7633a465,False,TJZ,1,straight
1112,Randall_Larry_McGaren,1996,True,4,2026-06-04 15:45:21.946283,c983f867-50fc-4051-93d4-9bba7633a465,False,RLM,5,gay
1113,David_Aaron_Beauregard,1996,True,2,2026-06-04 15:46:55.636083,c983f867-50fc-4051-93d4-9bba7633a465,False,DAB,1,straight
1114,Darryl_David_Miller,1996,True,2,2026-06-04 15:46:55.636083,c983f867-50fc-4051-93d4-9bba7633a465,False,DDM,3,bisexual
1115,Josue_Benedicto_Marti,1996,True,1,2026-06-04 15:46:55.636083,c983f867-50fc-4051-93d4-9bba7633a465,False,JBM,1,straight
1116,Chris_Chandler_King,1996,True,4,2026-06-04 15:46:55.636083,c983f867-50fc-4051-93d4-9bba7633a465,False,CCK,1,straight
1117,Billiam_Traincar_Zhu,1996,True,5,2026-06-04 15:46:55.636083,c983f867-50fc-4051-93d4-9bba7633a465,False,BTZ,3,questioning
1118,Damian_Ubiel_Torcuato,1998,True,2,2026-06-04 15:47:45.010007,f8cd1d6c-1592-4858-95d7-ba2208c9ed08,False,DUT,5,gay
1119,James_Landon_Galway,1998,True,3,2026-06-04 15:47:45.010007,f8cd1d6c-1592-4858-95d7-ba2208c9ed08,False,JLG,3,bisexual
1120,Ethan_Nguyen_Nguyen,1998,True,1,2026-06-04 15:47:45.010007,f8cd1d6c-1592-4858-95d7-ba2208c9ed08,False,ENN,1,straight
1121,Billiam_Traincar_Zhu,1998,True,5,2026-06-04 15:47:45.010007,f8cd1d6c-1592-4858-95d7-ba2208c9ed08,False,BTZ,3,questioning
1122,Darryl_David_Miller,1998,True,2,2026-06-04 15:47:45.010007,f8cd1d6c-1592-4858-95d7-ba2208c9ed08,False,DDM,3,bisexual
1123,Ryouma_Naru_Kouya,1998,True,5,2026-06-04 15:48:49.144785,f8cd1d6c-1592-4858-95d7-ba2208c9ed08,False,RNK,1,straight
1124,Joss_Andrew_Section,1998,True,5,2026-06-04 15:48:49.144785,f8cd1d6c-1592-4858-95d7-ba2208c9ed08,False,JAS,5,gay
1125,Johnny_Gabe_Young,1998,True,1,2026-06-04 15:48:49.144785,f8cd1d6c-1592-4858-95d7-ba2208c9ed08,False,JGY,1,straight
1126,Keith_Tadeo_Muna,1998,True,4,2026-06-04 15:48:49.144785,f8cd1d6c-1592-4858-95d7-ba2208c9ed08,False,KTM,2,straight
1127,Sahil_Krishna_Bhat,1998,True,3,2026-06-04 15:48:49.144785,f8cd1d6c-1592-4858-95d7-ba2208c9ed08,False,SKB,1,straight
1128,Matthew_Easton_Paulson,1998,True,3,2026-06-04 15:50:00.908567,f8cd1d6c-1592-4858-95d7-ba2208c9ed08,False,MEP,3,bisexual
1129,Shangdong_Bill_Kang,1998,True,4,2026-06-04 15:50:00.908567,f8cd1d6c-1592-4858-95d7-ba2208c9ed08,False,SBK,2,bisexual
1130,Micheal_Kawoori_Obterra,1998,True,5,2026-06-04 15:50:00.908567,f8cd1d6c-1592-4858-95d7-ba2208c9ed08,False,MKO,5,gay
1131,Azad_Pars_Salaam,1998,True,2,2026-06-04 15:50:00.908567,f8cd1d6c-1592-4858-95d7-ba2208c9ed08,False,APS,5,gay
1132,Willard_Gary_Barry,1998,True,2,2026-06-04 15:50:00.908567,f8cd1d6c-1592-4858-95d7-ba2208c9ed08,False,WGB,4,queer
1133,Tollbooth_Jerome_Malcomb,1999,False,5,2026-06-04 15:57:39.351093,36d731dd-4c4c-4135-b093-0892a29f33d7,False,TJM,2,bisexual
1134,Franklin_Kampbell_Freeman,1999,False,4,2026-06-04 15:57:39.351093,36d731dd-4c4c-4135-b093-0892a29f33d7,False,FKF,5,gay
1135,Preed_Odathi_Ghandi,1999,False,1,2026-06-04 15:57:39.351093,36d731dd-4c4c-4135-b093-0892a29f33d7,False,POG,1,Straight
1136,Juniper_Jim_Sha,1999,False,5,2026-06-04 15:57:39.351093,36d731dd-4c4c-4135-b093-0892a29f33d7,False,JJS,1,straight
1137,Nicholas_Andrew_Falhosh,1999,False,1,2026-06-04 15:57:39.351093,36d731dd-4c4c-4135-b093-0892a29f33d7,False,NAF,2,bisexual
1138,Ishmael_Michael_Cabrera,2002,True,2,2026-06-04 16:04:02.539573,41954afb-e22c-425a-949c-ffdfe9119595,False,IMC,1,straight
1139,Jason_Fan_Yew,2002,True,2,2026-06-04 16:04:02.539573,41954afb-e22c-425a-949c-ffdfe9119595,False,JFY,1,straight
1140,Rahul_Ibhan_Ramiz,2002,True,3,2026-06-04 16:04:02.539573,41954afb-e22c-425a-949c-ffdfe9119595,False,RIR,5,gay
1141,Jason_Jerome_Cao,2002,True,4,2026-06-04 16:04:02.539573,41954afb-e22c-425a-949c-ffdfe9119595,False,JJC,5,gay
1142,Ishaan_Arav_Arun,2002,True,5,2026-06-04 16:04:02.539573,41954afb-e22c-425a-949c-ffdfe9119595,False,IAA,5,gay
1143,Zeke_Thane_Painter,2002,True,1,2026-06-04 16:05:56.557964,41954afb-e22c-425a-949c-ffdfe9119595,False,ZTP,1,straight
1144,Thane_Manny_Manuel,2002,True,5,2026-06-04 16:05:56.557964,41954afb-e22c-425a-949c-ffdfe9119595,False,TMM,5,gay
1145,Matthew_Enlai_Zhang,2002,True,1,2026-06-04 16:05:56.557964,41954afb-e22c-425a-949c-ffdfe9119595,False,MEZ,1,straight
1146,Josue_Benedicto_Marti,2002,True,3,2026-06-04 16:05:56.557964,41954afb-e22c-425a-949c-ffdfe9119595,False,JBM,1,straight
1147,Matthew_Easton_Paulson,2002,True,2,2026-06-04 16:05:56.557964,41954afb-e22c-425a-949c-ffdfe9119595,False,MEP,3,bisexual
1148,Keith_Tadeo_Muna,2002,True,5,2026-06-04 16:07:09.845565,41954afb-e22c-425a-949c-ffdfe9119595,False,KTM,2,straight
1149,Micheal_Kawoori_Obterra,2002,True,3,2026-06-04 16:07:09.845565,41954afb-e22c-425a-949c-ffdfe9119595,False,MKO,5,gay
1150,Abner_Valentine_Lo,2002,True,4,2026-06-04 16:07:09.845565,41954afb-e22c-425a-949c-ffdfe9119595,False,AVL,4,gay
1151,Shangdong_Bill_Kang,2002,True,3,2026-06-04 16:07:09.845565,41954afb-e22c-425a-949c-ffdfe9119595,False,SBK,2,bisexual
1152,Chris_Chandler_King,2002,True,1,2026-06-04 16:07:09.845565,41954afb-e22c-425a-949c-ffdfe9119595,False,CCK,1,straight
1153,Aaron_Paul_Ingham,1997,False,3,2026-06-04 16:31:58.057045,8c20b05f-8138-498a-ba00-0bbb61001793,False,API,1,straight
1154,Chris_Topher_Hu,1997,False,2,2026-06-04 16:31:58.057045,8c20b05f-8138-498a-ba00-0bbb61001793,False,CTH,4,bisexual
1155,Yinfan_Fred_Ha,1997,False,3,2026-06-04 16:31:58.057045,8c20b05f-8138-498a-ba00-0bbb61001793,False,YFH,1,straight
1156,Jason_Fan_Yew,1997,False,4,2026-06-04 16:31:58.057045,8c20b05f-8138-498a-ba00-0bbb61001793,False,JFY,1,straight
1157,Theo_Jasper_Zhang,1997,False,4,2026-06-04 16:31:58.057045,8c20b05f-8138-498a-ba00-0bbb61001793,False,TJZ,1,straight
1158,Tollbooth_Jerome_Malcomb,1989,True,4,2026-06-04 16:39:51.084881,1673d0a3-aaf5-4466-b68d-b1001fb76625,False,TJM,2,bisexual
1159,Damian_Ubiel_Torcuato,1989,True,1,2026-06-04 16:39:51.084881,1673d0a3-aaf5-4466-b68d-b1001fb76625,False,DUT,5,gay
1160,Matthew_Enlai_Zhang,1989,True,1,2026-06-04 16:39:51.084881,1673d0a3-aaf5-4466-b68d-b1001fb76625,False,MEZ,1,straight
1161,Ishmael_Michael_Cabrera,1989,True,1,2026-06-04 16:39:51.084881,1673d0a3-aaf5-4466-b68d-b1001fb76625,False,IMC,1,straight
1162,Nicholas_Andrew_Falhosh,1989,True,3,2026-06-04 16:39:51.084881,1673d0a3-aaf5-4466-b68d-b1001fb76625,False,NAF,2,bisexual
1163,Rahul_Ibhan_Ramiz,2002,True,2,2026-06-04 16:43:50.59267,a64deac5-aec8-43e9-ab48-320439362f9b,False,RIR,5,gay
1164,Kamal_Chandani_Obterre,2002,True,1,2026-06-04 16:43:50.59267,a64deac5-aec8-43e9-ab48-320439362f9b,False,KCO,4,bisexual
1165,Abe_Ian_Kim,2002,True,1,2026-06-04 16:43:50.59267,a64deac5-aec8-43e9-ab48-320439362f9b,False,AIK,1,straight
1166,Preed_Odathi_Ghandi,2002,True,4,2026-06-04 16:43:50.59267,a64deac5-aec8-43e9-ab48-320439362f9b,False,POG,1,Straight
1167,Thomas_Harries_Huckstable,2002,True,1,2026-06-04 16:43:50.59267,a64deac5-aec8-43e9-ab48-320439362f9b,False,THH,5,gay
1168,Thane_Manny_Manuel,1997,True,5,2026-06-04 16:52:53.443062,dfbb20e3-6925-4201-8e10-61f47e6ebfda,False,TMM,5,gay
1169,Ishaan_Arav_Arun,1997,True,1,2026-06-04 16:52:53.443062,dfbb20e3-6925-4201-8e10-61f47e6ebfda,False,IAA,5,gay
1170,Edward_Scissorhands_Salamander,1997,True,3,2026-06-04 16:52:53.443062,dfbb20e3-6925-4201-8e10-61f47e6ebfda,False,ESS,5,gay
1171,Johnny_Gabe_Young,1997,True,1,2026-06-04 16:52:53.443062,dfbb20e3-6925-4201-8e10-61f47e6ebfda,False,JGY,1,straight
1172,Zeke_Thane_Painter,1997,True,2,2026-06-04 16:52:53.443062,dfbb20e3-6925-4201-8e10-61f47e6ebfda,False,ZTP,1,straight
1173,Andrew_Yingchen_Gu,1994,True,2,2026-06-04 16:57:48.324382,9f624392-b1a5-4482-84f6-2203f78d4760,False,AYG,1,straight
1174,James_Landon_Galway,1994,True,3,2026-06-04 16:57:48.324382,9f624392-b1a5-4482-84f6-2203f78d4760,False,JLG,3,bisexual
1175,Shannon_Samuel_Palley,1994,True,4,2026-06-04 16:57:48.324382,9f624392-b1a5-4482-84f6-2203f78d4760,False,SSP,1,straight
1176,Franklin_Kampbell_Freeman,1994,True,1,2026-06-04 16:57:48.324382,9f624392-b1a5-4482-84f6-2203f78d4760,False,FKF,5,gay
1177,Randall_Larry_McGaren,1994,True,5,2026-06-04 16:57:48.324382,9f624392-b1a5-4482-84f6-2203f78d4760,False,RLM,5,gay
1178,Chris_Jason_Paulson,2007,True,2,2026-06-04 17:09:42.675908,7d05646c-ff33-461e-8990-ed2ff208d4c4,False,CJP,2,bisexual
1179,Leandro_Rado_Sanchez,2007,True,1,2026-06-04 17:09:42.675908,7d05646c-ff33-461e-8990-ed2ff208d4c4,False,LRS,1,straight
1180,Sipoon_Lance_Kim,2007,True,1,2026-06-04 17:09:42.675908,7d05646c-ff33-461e-8990-ed2ff208d4c4,False,SLK,3,bisexual
1181,David_Aaron_Beauregard,2007,True,2,2026-06-04 17:09:42.675908,7d05646c-ff33-461e-8990-ed2ff208d4c4,False,DAB,1,straight
1182,Sahil_Krishna_Bhat,2007,True,4,2026-06-04 17:09:42.675908,7d05646c-ff33-461e-8990-ed2ff208d4c4,False,SKB,1,straight
1183,Bob_Nicolas_Gonzalo,1994,True,1,2026-06-04 17:49:02.005995,ca7967c8-1703-4db0-9f09-682399e74802,False,BNG,4,bisexual
1184,Juniper_Jim_Sha,1994,True,5,2026-06-04 17:49:02.005995,ca7967c8-1703-4db0-9f09-682399e74802,False,JJS,1,straight
1185,Ryouma_Naru_Kouya,1994,True,1,2026-06-04 17:49:02.005995,ca7967c8-1703-4db0-9f09-682399e74802,False,RNK,1,straight
1186,Willard_Gary_Barry,1994,True,3,2026-06-04 17:49:02.005995,ca7967c8-1703-4db0-9f09-682399e74802,False,WGB,4,queer
1187,Ethan_Nguyen_Nguyen,1994,True,2,2026-06-04 17:49:02.005995,ca7967c8-1703-4db0-9f09-682399e74802,False,ENN,1,straight
1188,Big_Ey_Cai,2000,False,4,2026-06-04 18:18:51.638241,1187b0b4-48c9-4b90-a676-1c9a59b9a7fb,False,BEC,1,straight
1189,Jason_Jerome_Cao,2000,False,5,2026-06-04 18:18:51.638241,1187b0b4-48c9-4b90-a676-1c9a59b9a7fb,False,JJC,5,gay
1190,James_Edward_Granton,2000,False,1,2026-06-04 18:18:51.638241,1187b0b4-48c9-4b90-a676-1c9a59b9a7fb,False,JEG,1,straight
1191,Azad_Pars_Salaam,2000,False,1,2026-06-04 18:18:51.638241,1187b0b4-48c9-4b90-a676-1c9a59b9a7fb,False,APS,5,gay
1192,Joss_Andrew_Section,2000,False,3,2026-06-04 18:18:51.638241,1187b0b4-48c9-4b90-a676-1c9a59b9a7fb,False,JAS,5,gay
1193,Azad_Pars_Salaam,1985,False,4,2026-06-04 18:18:56.236399,e4e971b8-cb6b-43b8-bcb5-3f89a7878b60,False,APS,5,gay
1194,Joss_Andrew_Section,1985,False,5,2026-06-04 18:18:56.236399,e4e971b8-cb6b-43b8-bcb5-3f89a7878b60,False,JAS,5,gay
1195,Big_Ey_Cai,1985,False,1,2026-06-04 18:18:56.236399,e4e971b8-cb6b-43b8-bcb5-3f89a7878b60,False,BEC,1,straight
1196,James_Edward_Granton,1985,False,3,2026-06-04 18:18:56.236399,e4e971b8-cb6b-43b8-bcb5-3f89a7878b60,False,JEG,1,straight
1197,Jason_Jerome_Cao,1985,False,1,2026-06-04 18:18:56.236399,e4e971b8-cb6b-43b8-bcb5-3f89a7878b60,False,JJC,5,gay
1198,Thane_Manny_Manuel,2000,False,1,2026-06-04 18:20:18.467138,1187b0b4-48c9-4b90-a676-1c9a59b9a7fb,False,TMM,5,gay
1199,Darryl_David_Miller,2000,False,1,2026-06-04 18:20:18.467138,1187b0b4-48c9-4b90-a676-1c9a59b9a7fb,False,DDM,3,bisexual
1200,Willard_Gary_Barry,2000,False,5,2026-06-04 18:20:18.467138,1187b0b4-48c9-4b90-a676-1c9a59b9a7fb,False,WGB,4,queer
1201,Matthew_Enlai_Zhang,2000,False,1,2026-06-04 18:20:18.467138,1187b0b4-48c9-4b90-a676-1c9a59b9a7fb,False,MEZ,1,straight
1202,Abner_Valentine_Lo,2000,False,5,2026-06-04 18:20:18.467138,1187b0b4-48c9-4b90-a676-1c9a59b9a7fb,False,AVL,4,gay
1203,Shannon_Samuel_Palley,2003,True,5,2026-06-04 18:30:07.001938,8412d415-1a81-4b8e-97c6-ed6a379685d2,False,SSP,1,straight
1204,David_Aaron_Beauregard,2003,True,1,2026-06-04 18:30:07.001938,8412d415-1a81-4b8e-97c6-ed6a379685d2,False,DAB,1,straight
1205,Rahul_Ibhan_Ramiz,2003,True,2,2026-06-04 18:30:07.001938,8412d415-1a81-4b8e-97c6-ed6a379685d2,False,RIR,5,gay
1206,Matthew_Easton_Paulson,2003,True,4,2026-06-04 18:30:07.001938,8412d415-1a81-4b8e-97c6-ed6a379685d2,False,MEP,3,bisexual
1207,Sipoon_Lance_Kim,2003,True,1,2026-06-04 18:30:07.001938,8412d415-1a81-4b8e-97c6-ed6a379685d2,False,SLK,3,bisexual
1208,Jason_Fan_Yew,2008,False,1,2026-06-04 18:30:14.109406,2f02492f-69e1-41b2-8b3a-e2d45550fdc1,False,JFY,1,straight
1209,Aaron_Paul_Ingham,2008,False,1,2026-06-04 18:30:14.109406,2f02492f-69e1-41b2-8b3a-e2d45550fdc1,False,API,1,straight
1210,Damian_Ubiel_Torcuato,2008,False,2,2026-06-04 18:30:14.109406,2f02492f-69e1-41b2-8b3a-e2d45550fdc1,False,DUT,5,gay
1211,Edward_Scissorhands_Salamander,2008,False,1,2026-06-04 18:30:14.109406,2f02492f-69e1-41b2-8b3a-e2d45550fdc1,False,ESS,5,gay
1212,Micheal_Kawoori_Obterra,2008,False,1,2026-06-04 18:30:14.109406,2f02492f-69e1-41b2-8b3a-e2d45550fdc1,False,MKO,5,gay
1213,Asher_Kibble_Ibria,2003,True,5,2026-06-04 18:35:12.908273,8412d415-1a81-4b8e-97c6-ed6a379685d2,False,AKI,5,gay
1214,Tollbooth_Jerome_Malcomb,2003,True,3,2026-06-04 18:35:12.908273,8412d415-1a81-4b8e-97c6-ed6a379685d2,False,TJM,2,bisexual
1215,Chris_Topher_Hu,2003,True,3,2026-06-04 18:35:12.908273,8412d415-1a81-4b8e-97c6-ed6a379685d2,False,CTH,4,bisexual
1216,Yinfan_Fred_Ha,2003,True,2,2026-06-04 18:35:12.908273,8412d415-1a81-4b8e-97c6-ed6a379685d2,False,YFH,1,straight
1217,Billiam_Traincar_Zhu,2003,True,4,2026-06-04 18:35:12.908273,8412d415-1a81-4b8e-97c6-ed6a379685d2,False,BTZ,3,questioning
1218,Andrew_Yingchen_Gu,1981,False,1,2026-06-04 18:39:03.426002,e6e33168-6939-4f53-9a95-32ddbfc92c29,False,AYG,1,straight
1219,Ryouma_Naru_Kouya,1981,False,5,2026-06-04 18:39:03.426002,e6e33168-6939-4f53-9a95-32ddbfc92c29,False,RNK,1,straight
1220,Chris_Chandler_King,1981,False,1,2026-06-04 18:39:03.426002,e6e33168-6939-4f53-9a95-32ddbfc92c29,False,CCK,1,straight
1221,Shangdong_Bill_Kang,1981,False,5,2026-06-04 18:39:03.426002,e6e33168-6939-4f53-9a95-32ddbfc92c29,False,SBK,2,bisexual
1222,Johnny_Gabe_Young,1981,False,1,2026-06-04 18:39:03.426002,e6e33168-6939-4f53-9a95-32ddbfc92c29,False,JGY,1,straight
1223,Ishaan_Arav_Arun,1999,True,4,2026-06-04 18:40:20.703367,c743f28b-f624-43c0-9aa8-8f893b9dca5b,False,IAA,5,gay
1224,Keith_Tadeo_Muna,1999,True,3,2026-06-04 18:40:20.703367,c743f28b-f624-43c0-9aa8-8f893b9dca5b,False,KTM,2,straight
1225,Ethan_Nguyen_Nguyen,1999,True,1,2026-06-04 18:40:20.703367,c743f28b-f624-43c0-9aa8-8f893b9dca5b,False,ENN,1,straight
1226,Kamal_Chandani_Obterre,1999,True,2,2026-06-04 18:40:20.703367,c743f28b-f624-43c0-9aa8-8f893b9dca5b,False,KCO,4,bisexual
1227,Chris_Jason_Paulson,1999,True,3,2026-06-04 18:40:20.703367,c743f28b-f624-43c0-9aa8-8f893b9dca5b,False,CJP,2,bisexual
1228,Bob_Nicolas_Gonzalo,2003,True,2,2026-06-04 18:41:53.633589,8412d415-1a81-4b8e-97c6-ed6a379685d2,False,BNG,4,bisexual
1229,Ryouma_Naru_Kouya,2003,True,3,2026-06-04 18:41:53.633589,8412d415-1a81-4b8e-97c6-ed6a379685d2,False,RNK,1,straight
1230,Juniper_Jim_Sha,2003,True,4,2026-06-04 18:41:53.633589,8412d415-1a81-4b8e-97c6-ed6a379685d2,False,JJS,1,straight
1231,Leandro_Rado_Sanchez,2003,True,1,2026-06-04 18:41:53.633589,8412d415-1a81-4b8e-97c6-ed6a379685d2,False,LRS,1,straight
1232,Randall_Larry_McGaren,2003,True,5,2026-06-04 18:41:53.633589,8412d415-1a81-4b8e-97c6-ed6a379685d2,False,RLM,5,gay
1233,Josue_Benedicto_Marti,2003,True,1,2026-06-04 18:47:38.482724,8412d415-1a81-4b8e-97c6-ed6a379685d2,False,JBM,1,straight
1234,Nicholas_Andrew_Falhosh,2003,True,2,2026-06-04 18:47:38.482724,8412d415-1a81-4b8e-97c6-ed6a379685d2,False,NAF,2,bisexual
1235,Sahil_Krishna_Bhat,2003,True,4,2026-06-04 18:47:38.482724,8412d415-1a81-4b8e-97c6-ed6a379685d2,False,SKB,1,straight
1236,Thomas_Harries_Huckstable,2003,True,3,2026-06-04 18:47:38.482724,8412d415-1a81-4b8e-97c6-ed6a379685d2,False,THH,5,gay
1237,Zeke_Thane_Painter,2003,True,1,2026-06-04 18:47:38.482724,8412d415-1a81-4b8e-97c6-ed6a379685d2,False,ZTP,1,straight
1238,Franklin_Kampbell_Freeman,2000,True,5,2026-06-04 18:51:57.008981,3991e695-c0f3-41f7-b20f-065753e62ff1,False,FKF,5,gay
1239,Abe_Ian_Kim,2000,True,3,2026-06-04 18:51:57.008981,3991e695-c0f3-41f7-b20f-065753e62ff1,False,AIK,1,straight
1240,Ishmael_Michael_Cabrera,2000,True,1,2026-06-04 18:51:57.008981,3991e695-c0f3-41f7-b20f-065753e62ff1,False,IMC,1,straight
1241,Theo_Jasper_Zhang,2000,True,1,2026-06-04 18:51:57.008981,3991e695-c0f3-41f7-b20f-065753e62ff1,False,TJZ,1,straight
1242,James_Landon_Galway,2000,True,5,2026-06-04 18:51:57.008981,3991e695-c0f3-41f7-b20f-065753e62ff1,False,JLG,3,bisexual
1243,Ishmael_Michael_Cabrera,2003,True,2,2026-06-04 18:53:17.066533,8412d415-1a81-4b8e-97c6-ed6a379685d2,False,IMC,1,straight
1244,Preed_Odathi_Ghandi,2003,True,4,2026-06-04 18:53:17.066533,8412d415-1a81-4b8e-97c6-ed6a379685d2,False,POG,1,Straight
1245,James_Landon_Galway,2003,True,5,2026-06-04 18:53:17.066533,8412d415-1a81-4b8e-97c6-ed6a379685d2,False,JLG,3,bisexual
1246,Theo_Jasper_Zhang,2003,True,4,2026-06-04 18:53:17.066533,8412d415-1a81-4b8e-97c6-ed6a379685d2,False,TJZ,1,straight
1247,Franklin_Kampbell_Freeman,2003,True,3,2026-06-04 18:53:17.066533,8412d415-1a81-4b8e-97c6-ed6a379685d2,False,FKF,5,gay
1248,Edward_Scissorhands_Salamander,2003,True,3,2026-06-04 18:58:47.369565,8412d415-1a81-4b8e-97c6-ed6a379685d2,False,ESS,5,gay
1249,Abner_Valentine_Lo,2003,True,3,2026-06-04 18:58:47.369565,8412d415-1a81-4b8e-97c6-ed6a379685d2,False,AVL,4,gay
1250,Aaron_Paul_Ingham,2003,True,1,2026-06-04 18:58:47.369565,8412d415-1a81-4b8e-97c6-ed6a379685d2,False,API,1,straight
1251,Big_Ey_Cai,2003,True,2,2026-06-04 18:58:47.369565,8412d415-1a81-4b8e-97c6-ed6a379685d2,False,BEC,1,straight
1252,Ethan_Nguyen_Nguyen,2003,True,3,2026-06-04 18:58:47.369565,8412d415-1a81-4b8e-97c6-ed6a379685d2,False,ENN,1,straight
1253,Yinfan_Fred_Ha,1984,True,5,2026-06-04 18:58:49.848221,6f3dc088-39f0-4955-89be-a764e222a19b,False,YFH,1,straight
1254,Keith_Tadeo_Muna,1984,True,2,2026-06-04 18:58:49.848221,6f3dc088-39f0-4955-89be-a764e222a19b,False,KTM,2,straight
1255,Azad_Pars_Salaam,1984,True,3,2026-06-04 18:58:49.848221,6f3dc088-39f0-4955-89be-a764e222a19b,False,APS,5,gay
1256,Edward_Scissorhands_Salamander,1984,True,1,2026-06-04 18:58:49.848221,6f3dc088-39f0-4955-89be-a764e222a19b,False,ESS,5,gay
1257,Matthew_Easton_Paulson,1984,True,5,2026-06-04 18:58:49.848221,6f3dc088-39f0-4955-89be-a764e222a19b,False,MEP,3,bisexual
1258,Rahul_Ibhan_Ramiz,2005,True,1,2026-06-04 19:02:50.384424,212e61eb-5198-4c82-960f-b4a3807e3d09,False,RIR,5,gay
1259,Zeke_Thane_Painter,2005,True,1,2026-06-04 19:02:50.384424,212e61eb-5198-4c82-960f-b4a3807e3d09,False,ZTP,1,straight
1260,Damian_Ubiel_Torcuato,2005,True,4,2026-06-04 19:02:50.384424,212e61eb-5198-4c82-960f-b4a3807e3d09,False,DUT,5,gay
1261,Darryl_David_Miller,2005,True,1,2026-06-04 19:02:50.384424,212e61eb-5198-4c82-960f-b4a3807e3d09,False,DDM,3,bisexual
1262,Leandro_Rado_Sanchez,2005,True,2,2026-06-04 19:02:50.384424,212e61eb-5198-4c82-960f-b4a3807e3d09,False,LRS,1,straight
1263,Kamal_Chandani_Obterre,2000,True,3,2026-06-04 19:04:23.135428,3991e695-c0f3-41f7-b20f-065753e62ff1,False,KCO,4,bisexual
1264,Sipoon_Lance_Kim,2000,True,5,2026-06-04 19:04:23.135428,3991e695-c0f3-41f7-b20f-065753e62ff1,False,SLK,3,bisexual
1265,Jason_Jerome_Cao,2000,True,1,2026-06-04 19:04:23.135428,3991e695-c0f3-41f7-b20f-065753e62ff1,False,JJC,5,gay
1266,Shangdong_Bill_Kang,2000,True,5,2026-06-04 19:04:23.135428,3991e695-c0f3-41f7-b20f-065753e62ff1,False,SBK,2,bisexual
1267,Tollbooth_Jerome_Malcomb,2000,True,5,2026-06-04 19:04:23.135428,3991e695-c0f3-41f7-b20f-065753e62ff1,False,TJM,2,bisexual
1268,Chris_Topher_Hu,2005,True,1,2026-06-04 19:04:23.262767,212e61eb-5198-4c82-960f-b4a3807e3d09,False,CTH,4,bisexual
1269,Joss_Andrew_Section,2005,True,2,2026-06-04 19:04:23.262767,212e61eb-5198-4c82-960f-b4a3807e3d09,False,JAS,5,gay
1270,Sipoon_Lance_Kim,2005,True,5,2026-06-04 19:04:23.262767,212e61eb-5198-4c82-960f-b4a3807e3d09,False,SLK,3,bisexual
1271,Thomas_Harries_Huckstable,2005,True,4,2026-06-04 19:04:23.262767,212e61eb-5198-4c82-960f-b4a3807e3d09,False,THH,5,gay
1272,Bob_Nicolas_Gonzalo,2005,True,5,2026-06-04 19:04:23.262767,212e61eb-5198-4c82-960f-b4a3807e3d09,False,BNG,4,bisexual
1273,Thane_Manny_Manuel,1996,True,1,2026-06-04 19:06:08.908789,343db3fe-7813-4dbd-9d6f-68d076061a6b,False,TMM,5,gay
1274,Shangdong_Bill_Kang,1996,True,1,2026-06-04 19:06:08.908789,343db3fe-7813-4dbd-9d6f-68d076061a6b,False,SBK,2,bisexual
1275,Abe_Ian_Kim,1996,True,2,2026-06-04 19:06:08.908789,343db3fe-7813-4dbd-9d6f-68d076061a6b,False,AIK,1,straight
1276,Willard_Gary_Barry,1996,True,5,2026-06-04 19:06:08.908789,343db3fe-7813-4dbd-9d6f-68d076061a6b,False,WGB,4,queer
1277,Jason_Jerome_Cao,1996,True,5,2026-06-04 19:06:08.908789,343db3fe-7813-4dbd-9d6f-68d076061a6b,False,JJC,5,gay
1278,Jason_Fan_Yew,2000,True,5,2026-06-04 19:06:11.553126,3991e695-c0f3-41f7-b20f-065753e62ff1,False,JFY,1,straight
1279,James_Edward_Granton,2000,True,1,2026-06-04 19:06:11.553126,3991e695-c0f3-41f7-b20f-065753e62ff1,False,JEG,1,straight
1280,Thane_Manny_Manuel,2000,True,2,2026-06-04 19:06:11.553126,3991e695-c0f3-41f7-b20f-065753e62ff1,False,TMM,5,gay
1281,Matthew_Enlai_Zhang,2000,True,1,2026-06-04 19:06:11.553126,3991e695-c0f3-41f7-b20f-065753e62ff1,False,MEZ,1,straight
1282,David_Aaron_Beauregard,2000,True,1,2026-06-04 19:06:11.553126,3991e695-c0f3-41f7-b20f-065753e62ff1,False,DAB,1,straight
1283,Juniper_Jim_Sha,1996,True,4,2026-06-04 19:07:39.195369,343db3fe-7813-4dbd-9d6f-68d076061a6b,False,JJS,1,straight
1284,Randall_Larry_McGaren,1996,True,1,2026-06-04 19:07:39.195369,343db3fe-7813-4dbd-9d6f-68d076061a6b,False,RLM,5,gay
1285,Micheal_Kawoori_Obterra,1996,True,5,2026-06-04 19:07:39.195369,343db3fe-7813-4dbd-9d6f-68d076061a6b,False,MKO,5,gay
1286,Johnny_Gabe_Young,1996,True,3,2026-06-04 19:07:39.195369,343db3fe-7813-4dbd-9d6f-68d076061a6b,False,JGY,1,straight
1287,Josue_Benedicto_Marti,1996,True,4,2026-06-04 19:07:39.195369,343db3fe-7813-4dbd-9d6f-68d076061a6b,False,JBM,1,straight
1288,Andrew_Yingchen_Gu,2000,True,3,2026-06-04 19:07:41.134321,3991e695-c0f3-41f7-b20f-065753e62ff1,False,AYG,1,straight
1289,Chris_Jason_Paulson,2000,True,1,2026-06-04 19:07:41.134321,3991e695-c0f3-41f7-b20f-065753e62ff1,False,CJP,2,bisexual
1290,Sahil_Krishna_Bhat,2000,True,5,2026-06-04 19:07:41.134321,3991e695-c0f3-41f7-b20f-065753e62ff1,False,SKB,1,straight
1291,Chris_Chandler_King,2000,True,2,2026-06-04 19:07:41.134321,3991e695-c0f3-41f7-b20f-065753e62ff1,False,CCK,1,straight
1292,Ishaan_Arav_Arun,2000,True,5,2026-06-04 19:07:41.134321,3991e695-c0f3-41f7-b20f-065753e62ff1,False,IAA,5,gay
1293,Preed_Odathi_Ghandi,1994,True,1,2026-06-04 19:10:11.954751,d885cc84-9509-4362-9672-4b30088b4f42,False,POG,1,Straight
1294,Billiam_Traincar_Zhu,1994,True,3,2026-06-04 19:10:11.954751,d885cc84-9509-4362-9672-4b30088b4f42,False,BTZ,3,questioning
1295,Nicholas_Andrew_Falhosh,1994,True,1,2026-06-04 19:10:11.954751,d885cc84-9509-4362-9672-4b30088b4f42,False,NAF,2,bisexual
1296,Asher_Kibble_Ibria,1994,True,5,2026-06-04 19:10:11.954751,d885cc84-9509-4362-9672-4b30088b4f42,False,AKI,5,gay
1297,Shannon_Samuel_Palley,1994,True,5,2026-06-04 19:10:11.954751,d885cc84-9509-4362-9672-4b30088b4f42,False,SSP,1,straight
1298,Shannon_Samuel_Palley,1982,True,2,2026-06-04 19:10:36.05866,79dbf7a3-4c0e-4832-9f8b-48dbda83e979,False,SSP,1,straight
1299,Preed_Odathi_Ghandi,1982,True,1,2026-06-04 19:10:36.05866,79dbf7a3-4c0e-4832-9f8b-48dbda83e979,False,POG,1,Straight
1300,Asher_Kibble_Ibria,1982,True,5,2026-06-04 19:10:36.05866,79dbf7a3-4c0e-4832-9f8b-48dbda83e979,False,AKI,5,gay
1301,Billiam_Traincar_Zhu,1982,True,1,2026-06-04 19:10:36.05866,79dbf7a3-4c0e-4832-9f8b-48dbda83e979,False,BTZ,3,questioning
1302,Nicholas_Andrew_Falhosh,1982,True,1,2026-06-04 19:10:36.05866,79dbf7a3-4c0e-4832-9f8b-48dbda83e979,False,NAF,2,bisexual
1303,Keith_Tadeo_Muna,1982,True,4,2026-06-04 19:11:31.098314,79dbf7a3-4c0e-4832-9f8b-48dbda83e979,False,KTM,2,straight
1304,Aaron_Paul_Ingham,1982,True,1,2026-06-04 19:11:31.098314,79dbf7a3-4c0e-4832-9f8b-48dbda83e979,False,API,1,straight
1305,Willard_Gary_Barry,1982,True,5,2026-06-04 19:11:31.098314,79dbf7a3-4c0e-4832-9f8b-48dbda83e979,False,WGB,4,queer
1306,Johnny_Gabe_Young,1982,True,2,2026-06-04 19:11:31.098314,79dbf7a3-4c0e-4832-9f8b-48dbda83e979,False,JGY,1,straight
1307,Matthew_Enlai_Zhang,1982,True,1,2026-06-04 19:11:31.098314,79dbf7a3-4c0e-4832-9f8b-48dbda83e979,False,MEZ,1,straight
1308,Abe_Ian_Kim,1982,True,4,2026-06-04 19:12:25.500273,79dbf7a3-4c0e-4832-9f8b-48dbda83e979,False,AIK,1,straight
1309,James_Landon_Galway,1982,True,5,2026-06-04 19:12:25.500273,79dbf7a3-4c0e-4832-9f8b-48dbda83e979,False,JLG,3,bisexual
1310,Randall_Larry_McGaren,1982,True,1,2026-06-04 19:12:25.500273,79dbf7a3-4c0e-4832-9f8b-48dbda83e979,False,RLM,5,gay
1311,Chris_Chandler_King,1982,True,1,2026-06-04 19:12:25.500273,79dbf7a3-4c0e-4832-9f8b-48dbda83e979,False,CCK,1,straight
1312,Azad_Pars_Salaam,1982,True,2,2026-06-04 19:12:25.500273,79dbf7a3-4c0e-4832-9f8b-48dbda83e979,False,APS,5,gay
1313,Chris_Jason_Paulson,1998,True,2,2026-06-04 19:13:04.780972,a7af6ef6-d042-4bf9-9a63-1f983577fdfc,False,CJP,2,bisexual
1314,Matthew_Easton_Paulson,1998,True,1,2026-06-04 19:13:04.780972,a7af6ef6-d042-4bf9-9a63-1f983577fdfc,False,MEP,3,bisexual
1315,David_Aaron_Beauregard,1998,True,5,2026-06-04 19:13:04.780972,a7af6ef6-d042-4bf9-9a63-1f983577fdfc,False,DAB,1,straight
1316,Yinfan_Fred_Ha,1998,True,3,2026-06-04 19:13:04.780972,a7af6ef6-d042-4bf9-9a63-1f983577fdfc,False,YFH,1,straight
1317,Thomas_Harries_Huckstable,1998,True,1,2026-06-04 19:13:04.780972,a7af6ef6-d042-4bf9-9a63-1f983577fdfc,False,THH,5,gay
1318,Jason_Fan_Yew,1998,True,4,2026-06-04 19:14:00.733983,a7af6ef6-d042-4bf9-9a63-1f983577fdfc,False,JFY,1,straight
1319,Abner_Valentine_Lo,1998,True,3,2026-06-04 19:14:00.733983,a7af6ef6-d042-4bf9-9a63-1f983577fdfc,False,AVL,4,gay
1320,Damian_Ubiel_Torcuato,1998,True,4,2026-06-04 19:14:00.733983,a7af6ef6-d042-4bf9-9a63-1f983577fdfc,False,DUT,5,gay
1321,Andrew_Yingchen_Gu,1998,True,1,2026-06-04 19:14:00.733983,a7af6ef6-d042-4bf9-9a63-1f983577fdfc,False,AYG,1,straight
1322,Joss_Andrew_Section,1998,True,5,2026-06-04 19:14:00.733983,a7af6ef6-d042-4bf9-9a63-1f983577fdfc,False,JAS,5,gay
1323,James_Edward_Granton,1998,True,3,2026-06-04 19:14:43.105379,a7af6ef6-d042-4bf9-9a63-1f983577fdfc,False,JEG,1,straight
1324,Ryouma_Naru_Kouya,1998,True,4,2026-06-04 19:14:43.105379,a7af6ef6-d042-4bf9-9a63-1f983577fdfc,False,RNK,1,straight
1325,Rahul_Ibhan_Ramiz,1998,True,1,2026-06-04 19:14:43.105379,a7af6ef6-d042-4bf9-9a63-1f983577fdfc,False,RIR,5,gay
1326,Darryl_David_Miller,1998,True,2,2026-06-04 19:14:43.105379,a7af6ef6-d042-4bf9-9a63-1f983577fdfc,False,DDM,3,bisexual
1327,Big_Ey_Cai,1998,True,2,2026-06-04 19:14:43.105379,a7af6ef6-d042-4bf9-9a63-1f983577fdfc,False,BEC,1,straight
1328,Bob_Nicolas_Gonzalo,1998,True,4,2026-06-04 19:15:40.766484,a7af6ef6-d042-4bf9-9a63-1f983577fdfc,False,BNG,4,bisexual
1329,Theo_Jasper_Zhang,1998,True,1,2026-06-04 19:15:40.766484,a7af6ef6-d042-4bf9-9a63-1f983577fdfc,False,TJZ,1,straight
1330,Franklin_Kampbell_Freeman,1998,True,3,2026-06-04 19:15:40.766484,a7af6ef6-d042-4bf9-9a63-1f983577fdfc,False,FKF,5,gay
1331,Leandro_Rado_Sanchez,1998,True,5,2026-06-04 19:15:40.766484,a7af6ef6-d042-4bf9-9a63-1f983577fdfc,False,LRS,1,straight
1332,Tollbooth_Jerome_Malcomb,1998,True,2,2026-06-04 19:15:40.766484,a7af6ef6-d042-4bf9-9a63-1f983577fdfc,False,TJM,2,bisexual
1333,Zeke_Thane_Painter,1998,True,1,2026-06-04 19:16:38.32603,a7af6ef6-d042-4bf9-9a63-1f983577fdfc,False,ZTP,1,straight
1334,Chris_Topher_Hu,1998,True,2,2026-06-04 19:16:38.32603,a7af6ef6-d042-4bf9-9a63-1f983577fdfc,False,CTH,4,bisexual
1335,Ishaan_Arav_Arun,1998,True,5,2026-06-04 19:16:38.32603,a7af6ef6-d042-4bf9-9a63-1f983577fdfc,False,IAA,5,gay
1336,Juniper_Jim_Sha,1998,True,3,2026-06-04 19:16:38.32603,a7af6ef6-d042-4bf9-9a63-1f983577fdfc,False,JJS,1,straight
1337,Kamal_Chandani_Obterre,1998,True,2,2026-06-04 19:16:38.32603,a7af6ef6-d042-4bf9-9a63-1f983577fdfc,False,KCO,4,bisexual
1338,Josue_Benedicto_Marti,1966,True,1,2026-06-04 19:26:04.66214,06c89b11-91d7-4561-82e7-35516e5f4760,False,JBM,1,straight
1339,Micheal_Kawoori_Obterra,1966,True,5,2026-06-04 19:26:04.66214,06c89b11-91d7-4561-82e7-35516e5f4760,False,MKO,5,gay
1340,Ethan_Nguyen_Nguyen,1966,True,3,2026-06-04 19:26:04.66214,06c89b11-91d7-4561-82e7-35516e5f4760,False,ENN,1,straight
1341,Sahil_Krishna_Bhat,1966,True,4,2026-06-04 19:26:04.66214,06c89b11-91d7-4561-82e7-35516e5f4760,False,SKB,1,straight
1342,Ishmael_Michael_Cabrera,1966,True,5,2026-06-04 19:26:04.66214,06c89b11-91d7-4561-82e7-35516e5f4760,False,IMC,1,straight
1343,Kamal_Chandani_Obterre,1986,True,1,2026-06-04 19:33:42.210004,ad51ab7f-d771-4069-8531-acfb53885f56,False,KCO,4,bisexual
1344,Ryouma_Naru_Kouya,1986,True,2,2026-06-04 19:33:42.210004,ad51ab7f-d771-4069-8531-acfb53885f56,False,RNK,1,straight
1345,David_Aaron_Beauregard,1986,True,4,2026-06-04 19:33:42.210004,ad51ab7f-d771-4069-8531-acfb53885f56,False,DAB,1,straight
1346,Darryl_David_Miller,1986,True,5,2026-06-04 19:33:42.210004,ad51ab7f-d771-4069-8531-acfb53885f56,False,DDM,3,bisexual
1347,Abner_Valentine_Lo,1986,True,4,2026-06-04 19:33:42.210004,ad51ab7f-d771-4069-8531-acfb53885f56,False,AVL,4,gay
1348,Micheal_Kawoori_Obterra,1986,True,5,2026-06-04 19:34:59.724519,ad51ab7f-d771-4069-8531-acfb53885f56,False,MKO,5,gay
1349,Tollbooth_Jerome_Malcomb,1986,True,4,2026-06-04 19:34:59.724519,ad51ab7f-d771-4069-8531-acfb53885f56,False,TJM,2,bisexual
1350,Theo_Jasper_Zhang,1986,True,1,2026-06-04 19:34:59.724519,ad51ab7f-d771-4069-8531-acfb53885f56,False,TJZ,1,straight
1351,Randall_Larry_McGaren,1986,True,4,2026-06-04 19:34:59.724519,ad51ab7f-d771-4069-8531-acfb53885f56,False,RLM,5,gay
1352,Azad_Pars_Salaam,1986,True,3,2026-06-04 19:34:59.724519,ad51ab7f-d771-4069-8531-acfb53885f56,False,APS,5,gay
1353,Azad_Pars_Salaam,1995,False,4,2026-06-04 19:35:37.173592,c054263a-6da3-444d-8a7d-9066b19e00fa,False,APS,5,gay
1354,Chris_Chandler_King,1995,False,1,2026-06-04 19:35:37.173592,c054263a-6da3-444d-8a7d-9066b19e00fa,False,CCK,1,straight
1355,Micheal_Kawoori_Obterra,1995,False,5,2026-06-04 19:35:37.173592,c054263a-6da3-444d-8a7d-9066b19e00fa,False,MKO,5,gay
1356,Shannon_Samuel_Palley,1995,False,5,2026-06-04 19:35:37.173592,c054263a-6da3-444d-8a7d-9066b19e00fa,False,SSP,1,straight
1357,Sipoon_Lance_Kim,1995,False,1,2026-06-04 19:35:37.173592,c054263a-6da3-444d-8a7d-9066b19e00fa,False,SLK,3,bisexual
1358,Rahul_Ibhan_Ramiz,1986,True,1,2026-06-04 19:36:04.157922,ad51ab7f-d771-4069-8531-acfb53885f56,False,RIR,5,gay
1359,Asher_Kibble_Ibria,1986,True,5,2026-06-04 19:36:04.157922,ad51ab7f-d771-4069-8531-acfb53885f56,False,AKI,5,gay
1360,Sahil_Krishna_Bhat,1986,True,5,2026-06-04 19:36:04.157922,ad51ab7f-d771-4069-8531-acfb53885f56,False,SKB,1,straight
1361,Big_Ey_Cai,1986,True,1,2026-06-04 19:36:04.157922,ad51ab7f-d771-4069-8531-acfb53885f56,False,BEC,1,straight
1362,Billiam_Traincar_Zhu,1986,True,4,2026-06-04 19:36:04.157922,ad51ab7f-d771-4069-8531-acfb53885f56,False,BTZ,3,questioning
1363,Jason_Jerome_Cao,1999,True,3,2026-06-04 19:38:29.923098,0c09b81c-0a47-498a-a5ad-42304947de20,False,JJC,5,gay
1364,Willard_Gary_Barry,1999,True,1,2026-06-04 19:38:29.923098,0c09b81c-0a47-498a-a5ad-42304947de20,False,WGB,4,queer
1365,Keith_Tadeo_Muna,1999,True,1,2026-06-04 19:38:29.923098,0c09b81c-0a47-498a-a5ad-42304947de20,False,KTM,2,straight
1366,James_Edward_Granton,1999,True,1,2026-06-04 19:38:29.923098,0c09b81c-0a47-498a-a5ad-42304947de20,False,JEG,1,straight
1367,Bob_Nicolas_Gonzalo,1999,True,3,2026-06-04 19:38:29.923098,0c09b81c-0a47-498a-a5ad-42304947de20,False,BNG,4,bisexual
1368,Edward_Scissorhands_Salamander,2000,True,1,2026-06-04 19:45:40.038167,b2dc25b4-4a32-48a7-9984-a4b46561f0a5,False,ESS,5,gay
1369,Andrew_Yingchen_Gu,2000,True,1,2026-06-04 19:45:40.038167,b2dc25b4-4a32-48a7-9984-a4b46561f0a5,False,AYG,1,straight
1370,Johnny_Gabe_Young,2000,True,3,2026-06-04 19:45:40.038167,b2dc25b4-4a32-48a7-9984-a4b46561f0a5,False,JGY,1,straight
1371,Aaron_Paul_Ingham,2000,True,2,2026-06-04 19:45:40.038167,b2dc25b4-4a32-48a7-9984-a4b46561f0a5,False,API,1,straight
1372,Thane_Manny_Manuel,2000,True,5,2026-06-04 19:45:40.038167,b2dc25b4-4a32-48a7-9984-a4b46561f0a5,False,TMM,5,gay
1374,Chris_Jason_Paulson,1998,True,2,2026-06-04 19:48:26.435534,c02041c3-d98e-48c7-b91d-98c1224075bd,False,CJP,2,bisexual
1375,Ishmael_Michael_Cabrera,1998,True,1,2026-06-04 19:48:26.435534,c02041c3-d98e-48c7-b91d-98c1224075bd,False,IMC,1,straight
1376,Preed_Odathi_Ghandi,1998,True,3,2026-06-04 19:48:26.435534,c02041c3-d98e-48c7-b91d-98c1224075bd,False,POG,1,Straight
1377,Ishaan_Arav_Arun,1998,True,2,2026-06-04 19:48:26.435534,c02041c3-d98e-48c7-b91d-98c1224075bd,False,IAA,5,gay
1378,Chris_Topher_Hu,1998,True,1,2026-06-04 19:48:26.435534,c02041c3-d98e-48c7-b91d-98c1224075bd,False,CTH,4,bisexual
1379,James_Landon_Galway,2002,True,1,2026-06-04 19:50:12.574698,7bd1fb98-19c2-4a7a-bd50-edd464cd788e,False,JLG,3,bisexual
1380,Thomas_Harries_Huckstable,2002,True,1,2026-06-04 19:50:12.574698,7bd1fb98-19c2-4a7a-bd50-edd464cd788e,False,THH,5,gay
1381,Josue_Benedicto_Marti,2002,True,1,2026-06-04 19:50:12.574698,7bd1fb98-19c2-4a7a-bd50-edd464cd788e,False,JBM,1,straight
1382,Damian_Ubiel_Torcuato,2002,True,1,2026-06-04 19:50:12.574698,7bd1fb98-19c2-4a7a-bd50-edd464cd788e,False,DUT,5,gay
1383,Franklin_Kampbell_Freeman,2002,True,5,2026-06-04 19:50:12.574698,7bd1fb98-19c2-4a7a-bd50-edd464cd788e,False,FKF,5,gay
1384,Jason_Fan_Yew,2005,True,1,2026-06-04 19:54:09.041947,72f88acc-f7c6-420e-91d8-1bbe307961f0,False,JFY,1,straight
1385,Matthew_Easton_Paulson,2005,True,1,2026-06-04 19:54:09.041947,72f88acc-f7c6-420e-91d8-1bbe307961f0,False,MEP,3,bisexual
1386,Juniper_Jim_Sha,2005,True,1,2026-06-04 19:54:09.041947,72f88acc-f7c6-420e-91d8-1bbe307961f0,False,JJS,1,straight
1387,Zeke_Thane_Painter,2005,True,1,2026-06-04 19:54:09.041947,72f88acc-f7c6-420e-91d8-1bbe307961f0,False,ZTP,1,straight
1388,Shangdong_Bill_Kang,2005,True,1,2026-06-04 19:54:09.041947,72f88acc-f7c6-420e-91d8-1bbe307961f0,False,SBK,2,bisexual
1389,Ethan_Nguyen_Nguyen,1967,True,1,2026-06-04 19:58:11.864717,de176253-4f17-4d92-9ea2-ddc0b2320d3d,False,ENN,1,straight
1390,Leandro_Rado_Sanchez,1967,True,1,2026-06-04 19:58:11.864717,de176253-4f17-4d92-9ea2-ddc0b2320d3d,False,LRS,1,straight
1391,Matthew_Enlai_Zhang,1967,True,5,2026-06-04 19:58:11.864717,de176253-4f17-4d92-9ea2-ddc0b2320d3d,False,MEZ,1,straight
1392,Joss_Andrew_Section,1967,True,5,2026-06-04 19:58:11.864717,de176253-4f17-4d92-9ea2-ddc0b2320d3d,False,JAS,5,gay
1393,Abe_Ian_Kim,1967,True,1,2026-06-04 19:58:11.864717,de176253-4f17-4d92-9ea2-ddc0b2320d3d,False,AIK,1,straight
1394,Nicholas_Andrew_Falhosh,1994,True,3,2026-06-04 20:10:33.598972,16a76374-03e0-4915-b309-05f3409f427f,False,NAF,2,bisexual
1395,Yinfan_Fred_Ha,1994,True,1,2026-06-04 20:10:33.598972,16a76374-03e0-4915-b309-05f3409f427f,False,YFH,1,straight
1396,Bob_Nicolas_Gonzalo,1994,True,4,2026-06-04 20:10:33.598972,16a76374-03e0-4915-b309-05f3409f427f,False,BNG,4,bisexual
1397,Ishmael_Michael_Cabrera,1994,True,1,2026-06-04 20:10:33.598972,16a76374-03e0-4915-b309-05f3409f427f,False,IMC,1,straight
1398,Jason_Jerome_Cao,1994,True,5,2026-06-04 20:10:33.598972,16a76374-03e0-4915-b309-05f3409f427f,False,JJC,5,gay
1399,Franklin_Kampbell_Freeman,2008,True,4,2026-06-04 20:15:05.391412,0599bc0b-87a1-424b-904a-e56456b45638,False,FKF,5,gay
1400,Nicholas_Andrew_Falhosh,2008,True,2,2026-06-04 20:15:05.391412,0599bc0b-87a1-424b-904a-e56456b45638,False,NAF,2,bisexual
1401,Rahul_Ibhan_Ramiz,2008,True,1,2026-06-04 20:15:05.391412,0599bc0b-87a1-424b-904a-e56456b45638,False,RIR,5,gay
1402,Joss_Andrew_Section,2008,True,5,2026-06-04 20:15:05.391412,0599bc0b-87a1-424b-904a-e56456b45638,False,JAS,5,gay
1403,Theo_Jasper_Zhang,2008,True,3,2026-06-04 20:15:05.391412,0599bc0b-87a1-424b-904a-e56456b45638,False,TJZ,1,straight
1404,Shangdong_Bill_Kang,2008,True,5,2026-06-04 20:16:03.029969,0599bc0b-87a1-424b-904a-e56456b45638,False,SBK,2,bisexual
1405,Thomas_Harries_Huckstable,2008,True,3,2026-06-04 20:16:03.029969,0599bc0b-87a1-424b-904a-e56456b45638,False,THH,5,gay
1406,Juniper_Jim_Sha,2008,True,5,2026-06-04 20:16:03.029969,0599bc0b-87a1-424b-904a-e56456b45638,False,JJS,1,straight
1407,Ishaan_Arav_Arun,2008,True,2,2026-06-04 20:16:03.029969,0599bc0b-87a1-424b-904a-e56456b45638,False,IAA,5,gay
1408,Asher_Kibble_Ibria,2008,True,5,2026-06-04 20:16:03.029969,0599bc0b-87a1-424b-904a-e56456b45638,False,AKI,5,gay
1409,Thane_Manny_Manuel,2008,True,4,2026-06-04 20:16:42.503589,0599bc0b-87a1-424b-904a-e56456b45638,False,TMM,5,gay
1410,Yinfan_Fred_Ha,2008,True,1,2026-06-04 20:16:42.503589,0599bc0b-87a1-424b-904a-e56456b45638,False,YFH,1,straight
1411,Matthew_Easton_Paulson,2008,True,5,2026-06-04 20:16:42.503589,0599bc0b-87a1-424b-904a-e56456b45638,False,MEP,3,bisexual
1412,Edward_Scissorhands_Salamander,2008,True,2,2026-06-04 20:16:42.503589,0599bc0b-87a1-424b-904a-e56456b45638,False,ESS,5,gay
1413,Jason_Fan_Yew,2008,True,5,2026-06-04 20:16:42.503589,0599bc0b-87a1-424b-904a-e56456b45638,False,JFY,1,straight
1414,Sipoon_Lance_Kim,1998,True,3,2026-06-04 20:21:30.655516,ac7325c3-ec16-4867-9a3e-91ef4a1e7812,False,SLK,3,bisexual
1415,Willard_Gary_Barry,1998,True,5,2026-06-04 20:21:30.655516,ac7325c3-ec16-4867-9a3e-91ef4a1e7812,False,WGB,4,queer
1416,Josue_Benedicto_Marti,1998,True,1,2026-06-04 20:21:30.655516,ac7325c3-ec16-4867-9a3e-91ef4a1e7812,False,JBM,1,straight
1417,Leandro_Rado_Sanchez,1998,True,1,2026-06-04 20:21:30.655516,ac7325c3-ec16-4867-9a3e-91ef4a1e7812,False,LRS,1,straight
1418,Keith_Tadeo_Muna,1998,True,1,2026-06-04 20:21:30.655516,ac7325c3-ec16-4867-9a3e-91ef4a1e7812,False,KTM,2,straight
1419,Tollbooth_Jerome_Malcomb,1998,True,1,2026-06-04 20:22:39.477212,ac7325c3-ec16-4867-9a3e-91ef4a1e7812,False,TJM,2,bisexual
1420,James_Landon_Galway,1998,True,4,2026-06-04 20:22:39.477212,ac7325c3-ec16-4867-9a3e-91ef4a1e7812,False,JLG,3,bisexual
1421,Darryl_David_Miller,1998,True,2,2026-06-04 20:22:39.477212,ac7325c3-ec16-4867-9a3e-91ef4a1e7812,False,DDM,3,bisexual
1422,Shannon_Samuel_Palley,1998,True,1,2026-06-04 20:22:39.477212,ac7325c3-ec16-4867-9a3e-91ef4a1e7812,False,SSP,1,straight
1423,Randall_Larry_McGaren,1998,True,5,2026-06-04 20:22:39.477212,ac7325c3-ec16-4867-9a3e-91ef4a1e7812,False,RLM,5,gay
1424,Preed_Odathi_Ghandi,2005,True,2,2026-06-04 20:23:39.439145,784c0163-4755-4be3-80a8-4a3a4b79ce20,False,POG,1,Straight
1425,Andrew_Yingchen_Gu,2005,True,1,2026-06-04 20:23:39.439145,784c0163-4755-4be3-80a8-4a3a4b79ce20,False,AYG,1,straight
1426,James_Landon_Galway,2005,True,4,2026-06-04 20:23:39.439145,784c0163-4755-4be3-80a8-4a3a4b79ce20,False,JLG,3,bisexual
1427,Aaron_Paul_Ingham,2005,True,2,2026-06-04 20:23:39.439145,784c0163-4755-4be3-80a8-4a3a4b79ce20,False,API,1,straight
1428,Tollbooth_Jerome_Malcomb,2005,True,3,2026-06-04 20:23:39.439145,784c0163-4755-4be3-80a8-4a3a4b79ce20,False,TJM,2,bisexual
1429,Big_Ey_Cai,2005,True,2,2026-06-04 20:25:06.645041,784c0163-4755-4be3-80a8-4a3a4b79ce20,False,BEC,1,straight
1430,Chris_Topher_Hu,2005,True,1,2026-06-04 20:25:06.645041,784c0163-4755-4be3-80a8-4a3a4b79ce20,False,CTH,4,bisexual
1431,Ryouma_Naru_Kouya,2005,True,5,2026-06-04 20:25:06.645041,784c0163-4755-4be3-80a8-4a3a4b79ce20,False,RNK,1,straight
1432,Abe_Ian_Kim,2005,True,1,2026-06-04 20:25:06.645041,784c0163-4755-4be3-80a8-4a3a4b79ce20,False,AIK,1,straight
1433,Abner_Valentine_Lo,2005,True,4,2026-06-04 20:25:06.645041,784c0163-4755-4be3-80a8-4a3a4b79ce20,False,AVL,4,gay
1434,Zeke_Thane_Painter,1991,True,1,2026-06-04 20:26:05.816954,9da9a538-0ced-4cc5-84de-09ab99349862,False,ZTP,1,straight
1435,Abe_Ian_Kim,1991,True,1,2026-06-04 20:26:05.816954,9da9a538-0ced-4cc5-84de-09ab99349862,False,AIK,1,straight
1436,Andrew_Yingchen_Gu,1991,True,4,2026-06-04 20:26:05.816954,9da9a538-0ced-4cc5-84de-09ab99349862,False,AYG,1,straight
1437,Big_Ey_Cai,1991,True,2,2026-06-04 20:26:05.816954,9da9a538-0ced-4cc5-84de-09ab99349862,False,BEC,1,straight
1438,Chris_Chandler_King,1991,True,5,2026-06-04 20:26:05.816954,9da9a538-0ced-4cc5-84de-09ab99349862,False,CCK,1,straight
1439,Chris_Jason_Paulson,2005,True,3,2026-06-04 20:26:10.477595,784c0163-4755-4be3-80a8-4a3a4b79ce20,False,CJP,2,bisexual
1440,Matthew_Enlai_Zhang,2005,True,1,2026-06-04 20:26:10.477595,784c0163-4755-4be3-80a8-4a3a4b79ce20,False,MEZ,1,straight
1441,Johnny_Gabe_Young,2005,True,2,2026-06-04 20:26:10.477595,784c0163-4755-4be3-80a8-4a3a4b79ce20,False,JGY,1,straight
1442,Sahil_Krishna_Bhat,2005,True,4,2026-06-04 20:26:10.477595,784c0163-4755-4be3-80a8-4a3a4b79ce20,False,SKB,1,straight
1443,Zeke_Thane_Painter,2005,True,2,2026-06-04 20:26:10.477595,784c0163-4755-4be3-80a8-4a3a4b79ce20,False,ZTP,1,straight
1444,Billiam_Traincar_Zhu,1991,True,5,2026-06-04 20:28:05.555961,9da9a538-0ced-4cc5-84de-09ab99349862,False,BTZ,3,questioning
1445,Ethan_Nguyen_Nguyen,1991,True,3,2026-06-04 20:28:05.555961,9da9a538-0ced-4cc5-84de-09ab99349862,False,ENN,1,straight
1446,James_Edward_Granton,1991,True,1,2026-06-04 20:28:05.555961,9da9a538-0ced-4cc5-84de-09ab99349862,False,JEG,1,straight
1447,Kamal_Chandani_Obterre,1991,True,5,2026-06-04 20:28:05.555961,9da9a538-0ced-4cc5-84de-09ab99349862,False,KCO,4,bisexual
1448,David_Aaron_Beauregard,1991,True,1,2026-06-04 20:28:05.555961,9da9a538-0ced-4cc5-84de-09ab99349862,False,DAB,1,straight
1449,Damian_Ubiel_Torcuato,1991,True,5,2026-06-04 20:30:06.244332,9da9a538-0ced-4cc5-84de-09ab99349862,False,DUT,5,gay
1450,Matthew_Easton_Paulson,1991,True,5,2026-06-04 20:30:06.244332,9da9a538-0ced-4cc5-84de-09ab99349862,False,MEP,3,bisexual
1451,Chris_Jason_Paulson,1991,True,5,2026-06-04 20:30:06.244332,9da9a538-0ced-4cc5-84de-09ab99349862,False,CJP,2,bisexual
1452,Darryl_David_Miller,1991,True,1,2026-06-04 20:30:06.244332,9da9a538-0ced-4cc5-84de-09ab99349862,False,DDM,3,bisexual
1453,Bob_Nicolas_Gonzalo,1991,True,1,2026-06-04 20:30:06.244332,9da9a538-0ced-4cc5-84de-09ab99349862,False,BNG,4,bisexual
1454,Damian_Ubiel_Torcuato,1992,True,1,2026-06-04 20:30:34.988751,14b0e926-71d0-4a02-8fe6-873d7e19c881,False,DUT,5,gay
1455,Billiam_Traincar_Zhu,1992,True,4,2026-06-04 20:30:34.988751,14b0e926-71d0-4a02-8fe6-873d7e19c881,False,BTZ,3,questioning
1456,Chris_Chandler_King,1992,True,2,2026-06-04 20:30:34.988751,14b0e926-71d0-4a02-8fe6-873d7e19c881,False,CCK,1,straight
1457,Matthew_Easton_Paulson,1992,True,1,2026-06-04 20:30:34.988751,14b0e926-71d0-4a02-8fe6-873d7e19c881,False,MEP,3,bisexual
1458,Chris_Jason_Paulson,1992,True,3,2026-06-04 20:30:34.988751,14b0e926-71d0-4a02-8fe6-873d7e19c881,False,CJP,2,bisexual
1459,Ethan_Nguyen_Nguyen,1992,True,1,2026-06-04 20:32:03.925048,14b0e926-71d0-4a02-8fe6-873d7e19c881,False,ENN,1,straight
1460,Jason_Jerome_Cao,1992,True,3,2026-06-04 20:32:03.925048,14b0e926-71d0-4a02-8fe6-873d7e19c881,False,JJC,5,gay
1461,Randall_Larry_McGaren,1992,True,5,2026-06-04 20:32:03.925048,14b0e926-71d0-4a02-8fe6-873d7e19c881,False,RLM,5,gay
1462,Yinfan_Fred_Ha,1992,True,2,2026-06-04 20:32:03.925048,14b0e926-71d0-4a02-8fe6-873d7e19c881,False,YFH,1,straight
1463,Sahil_Krishna_Bhat,1992,True,4,2026-06-04 20:32:03.925048,14b0e926-71d0-4a02-8fe6-873d7e19c881,False,SKB,1,straight
1464,Johnny_Gabe_Young,2003,True,1,2026-06-04 20:45:04.024426,be9d0753-9f4d-4e43-9241-9c7abbf43e9d,False,JGY,1,straight
1465,Aaron_Paul_Ingham,2003,True,1,2026-06-04 20:45:04.024426,be9d0753-9f4d-4e43-9241-9c7abbf43e9d,False,API,1,straight
1466,Micheal_Kawoori_Obterra,2003,True,5,2026-06-04 20:45:04.024426,be9d0753-9f4d-4e43-9241-9c7abbf43e9d,False,MKO,5,gay
1467,Shangdong_Bill_Kang,2003,True,3,2026-06-04 20:45:04.024426,be9d0753-9f4d-4e43-9241-9c7abbf43e9d,False,SBK,2,bisexual
1468,Ishaan_Arav_Arun,2003,True,4,2026-06-04 20:45:04.024426,be9d0753-9f4d-4e43-9241-9c7abbf43e9d,False,IAA,5,gay
1469,Matthew_Enlai_Zhang,2000,True,1,2026-06-04 20:55:00.051174,63d7ac85-e455-4323-944c-104db9d2c96d,False,MEZ,1,straight
1470,Azad_Pars_Salaam,2000,True,5,2026-06-04 20:55:00.051174,63d7ac85-e455-4323-944c-104db9d2c96d,False,APS,5,gay
1471,Franklin_Kampbell_Freeman,2000,True,2,2026-06-04 20:55:00.051174,63d7ac85-e455-4323-944c-104db9d2c96d,False,FKF,5,gay
1472,Edward_Scissorhands_Salamander,2000,True,4,2026-06-04 20:55:00.051174,63d7ac85-e455-4323-944c-104db9d2c96d,False,ESS,5,gay
1473,Thomas_Harries_Huckstable,2000,True,3,2026-06-04 20:55:00.051174,63d7ac85-e455-4323-944c-104db9d2c96d,False,THH,5,gay
1474,Kamal_Chandani_Obterre,2008,False,1,2026-06-04 21:03:46.317699,277110e2-9a93-4fe4-a06a-fe9905e10c84,False,KCO,4,bisexual
1475,Ryouma_Naru_Kouya,2008,False,2,2026-06-04 21:03:46.317699,277110e2-9a93-4fe4-a06a-fe9905e10c84,False,RNK,1,straight
1476,Shannon_Samuel_Palley,2008,False,5,2026-06-04 21:03:46.317699,277110e2-9a93-4fe4-a06a-fe9905e10c84,False,SSP,1,straight
1477,Josue_Benedicto_Marti,2008,False,4,2026-06-04 21:03:46.317699,277110e2-9a93-4fe4-a06a-fe9905e10c84,False,JBM,1,straight
1478,Joss_Andrew_Section,2008,False,1,2026-06-04 21:03:46.317699,277110e2-9a93-4fe4-a06a-fe9905e10c84,False,JAS,5,gay
1479,Willard_Gary_Barry,1999,True,3,2026-06-04 21:12:54.19956,e75a9d9e-2b65-4bdc-b493-4dd224127a28,False,WGB,4,queer
1480,Asher_Kibble_Ibria,1999,True,4,2026-06-04 21:12:54.19956,e75a9d9e-2b65-4bdc-b493-4dd224127a28,False,AKI,5,gay
1481,Chris_Topher_Hu,1999,True,1,2026-06-04 21:12:54.19956,e75a9d9e-2b65-4bdc-b493-4dd224127a28,False,CTH,4,bisexual
1482,Theo_Jasper_Zhang,1999,True,2,2026-06-04 21:12:54.19956,e75a9d9e-2b65-4bdc-b493-4dd224127a28,False,TJZ,1,straight
1483,Juniper_Jim_Sha,1999,True,4,2026-06-04 21:12:54.19956,e75a9d9e-2b65-4bdc-b493-4dd224127a28,False,JJS,1,straight
1484,Leandro_Rado_Sanchez,1999,True,1,2026-06-04 21:14:23.887143,e75a9d9e-2b65-4bdc-b493-4dd224127a28,False,LRS,1,straight
1485,David_Aaron_Beauregard,1999,True,1,2026-06-04 21:14:23.887143,e75a9d9e-2b65-4bdc-b493-4dd224127a28,False,DAB,1,straight
1486,Ishmael_Michael_Cabrera,1999,True,2,2026-06-04 21:14:23.887143,e75a9d9e-2b65-4bdc-b493-4dd224127a28,False,IMC,1,straight
1487,Thane_Manny_Manuel,1999,True,5,2026-06-04 21:14:23.887143,e75a9d9e-2b65-4bdc-b493-4dd224127a28,False,TMM,5,gay
1488,James_Edward_Granton,1999,True,5,2026-06-04 21:14:23.887143,e75a9d9e-2b65-4bdc-b493-4dd224127a28,False,JEG,1,straight
1489,Nicholas_Andrew_Falhosh,1999,True,4,2026-06-04 21:15:53.668834,e75a9d9e-2b65-4bdc-b493-4dd224127a28,False,NAF,2,bisexual
1490,Abner_Valentine_Lo,1999,True,5,2026-06-04 21:15:53.668834,e75a9d9e-2b65-4bdc-b493-4dd224127a28,False,AVL,4,gay
1491,Keith_Tadeo_Muna,1999,True,1,2026-06-04 21:15:53.668834,e75a9d9e-2b65-4bdc-b493-4dd224127a28,False,KTM,2,straight
1492,Preed_Odathi_Ghandi,1999,True,3,2026-06-04 21:15:53.668834,e75a9d9e-2b65-4bdc-b493-4dd224127a28,False,POG,1,Straight
1493,Jason_Fan_Yew,1999,True,5,2026-06-04 21:15:53.668834,e75a9d9e-2b65-4bdc-b493-4dd224127a28,False,JFY,1,straight
1494,Sipoon_Lance_Kim,1999,True,5,2026-06-04 21:16:41.597295,e75a9d9e-2b65-4bdc-b493-4dd224127a28,False,SLK,3,bisexual
1495,Rahul_Ibhan_Ramiz,1999,True,1,2026-06-04 21:16:41.597295,e75a9d9e-2b65-4bdc-b493-4dd224127a28,False,RIR,5,gay
1496,Johnny_Gabe_Young,1999,True,5,2026-06-04 21:16:41.597295,e75a9d9e-2b65-4bdc-b493-4dd224127a28,False,JGY,1,straight
1497,Micheal_Kawoori_Obterra,1999,True,3,2026-06-04 21:16:41.597295,e75a9d9e-2b65-4bdc-b493-4dd224127a28,False,MKO,5,gay
1498,Billiam_Traincar_Zhu,1999,True,5,2026-06-04 21:16:41.597295,e75a9d9e-2b65-4bdc-b493-4dd224127a28,False,BTZ,3,questioning
1499,Joss_Andrew_Section,1999,True,5,2026-06-04 21:17:18.949104,e75a9d9e-2b65-4bdc-b493-4dd224127a28,False,JAS,5,gay
1500,Randall_Larry_McGaren,1999,True,3,2026-06-04 21:17:18.949104,e75a9d9e-2b65-4bdc-b493-4dd224127a28,False,RLM,5,gay
1501,Yinfan_Fred_Ha,1999,True,2,2026-06-04 21:17:18.949104,e75a9d9e-2b65-4bdc-b493-4dd224127a28,False,YFH,1,straight
1502,Bob_Nicolas_Gonzalo,1999,True,5,2026-06-04 21:17:18.949104,e75a9d9e-2b65-4bdc-b493-4dd224127a28,False,BNG,4,bisexual
1503,Ryouma_Naru_Kouya,1999,True,5,2026-06-04 21:17:18.949104,e75a9d9e-2b65-4bdc-b493-4dd224127a28,False,RNK,1,straight
1504,Theo_Jasper_Zhang,2006,False,3,2026-06-04 21:30:23.284751,57f0caec-45cc-4c34-a586-ea61c6034e7a,False,TJZ,1,straight
1505,Matthew_Enlai_Zhang,2006,False,1,2026-06-04 21:30:23.284751,57f0caec-45cc-4c34-a586-ea61c6034e7a,False,MEZ,1,straight
1506,Sipoon_Lance_Kim,2006,False,5,2026-06-04 21:30:23.284751,57f0caec-45cc-4c34-a586-ea61c6034e7a,False,SLK,3,bisexual
1507,Leandro_Rado_Sanchez,2006,False,2,2026-06-04 21:30:23.284751,57f0caec-45cc-4c34-a586-ea61c6034e7a,False,LRS,1,straight
1508,Azad_Pars_Salaam,2006,False,3,2026-06-04 21:30:23.284751,57f0caec-45cc-4c34-a586-ea61c6034e7a,False,APS,5,gay
1509,Thomas_Harries_Huckstable,1979,True,5,2026-06-04 21:31:34.44999,6e09f577-4e7d-4937-b93a-5f4ed73dff1a,False,THH,5,gay
1510,Chris_Chandler_King,1979,True,1,2026-06-04 21:31:34.44999,6e09f577-4e7d-4937-b93a-5f4ed73dff1a,False,CCK,1,straight
1511,Willard_Gary_Barry,1979,True,5,2026-06-04 21:31:34.44999,6e09f577-4e7d-4937-b93a-5f4ed73dff1a,False,WGB,4,queer
1512,Josue_Benedicto_Marti,1979,True,1,2026-06-04 21:31:34.44999,6e09f577-4e7d-4937-b93a-5f4ed73dff1a,False,JBM,1,straight
1513,Theo_Jasper_Zhang,1979,True,1,2026-06-04 21:31:34.44999,6e09f577-4e7d-4937-b93a-5f4ed73dff1a,False,TJZ,1,straight
1514,Kamal_Chandani_Obterre,2006,False,4,2026-06-04 21:32:08.977825,57f0caec-45cc-4c34-a586-ea61c6034e7a,False,KCO,4,bisexual
1515,Abe_Ian_Kim,2006,False,2,2026-06-04 21:32:08.977825,57f0caec-45cc-4c34-a586-ea61c6034e7a,False,AIK,1,straight
1516,Edward_Scissorhands_Salamander,2006,False,4,2026-06-04 21:32:08.977825,57f0caec-45cc-4c34-a586-ea61c6034e7a,False,ESS,5,gay
1517,James_Landon_Galway,2006,False,4,2026-06-04 21:32:08.977825,57f0caec-45cc-4c34-a586-ea61c6034e7a,False,JLG,3,bisexual
1518,Juniper_Jim_Sha,2006,False,4,2026-06-04 21:32:08.977825,57f0caec-45cc-4c34-a586-ea61c6034e7a,False,JJS,1,straight
1519,James_Landon_Galway,1979,True,5,2026-06-04 21:32:47.263264,6e09f577-4e7d-4937-b93a-5f4ed73dff1a,False,JLG,3,bisexual
1520,Tollbooth_Jerome_Malcomb,1979,True,5,2026-06-04 21:32:47.263264,6e09f577-4e7d-4937-b93a-5f4ed73dff1a,False,TJM,2,bisexual
1521,Abner_Valentine_Lo,1979,True,5,2026-06-04 21:32:47.263264,6e09f577-4e7d-4937-b93a-5f4ed73dff1a,False,AVL,4,gay
1522,David_Aaron_Beauregard,1979,True,3,2026-06-04 21:32:47.263264,6e09f577-4e7d-4937-b93a-5f4ed73dff1a,False,DAB,1,straight
1523,Edward_Scissorhands_Salamander,1979,True,5,2026-06-04 21:32:47.263264,6e09f577-4e7d-4937-b93a-5f4ed73dff1a,False,ESS,5,gay
1524,Shannon_Samuel_Palley,2006,False,2,2026-06-04 21:33:40.459384,57f0caec-45cc-4c34-a586-ea61c6034e7a,False,SSP,1,straight
1525,Shangdong_Bill_Kang,2006,False,4,2026-06-04 21:33:40.459384,57f0caec-45cc-4c34-a586-ea61c6034e7a,False,SBK,2,bisexual
1526,Jason_Jerome_Cao,2006,False,4,2026-06-04 21:33:40.459384,57f0caec-45cc-4c34-a586-ea61c6034e7a,False,JJC,5,gay
1527,Big_Ey_Cai,2006,False,2,2026-06-04 21:33:40.459384,57f0caec-45cc-4c34-a586-ea61c6034e7a,False,BEC,1,straight
1528,Andrew_Yingchen_Gu,2006,False,2,2026-06-04 21:33:40.459384,57f0caec-45cc-4c34-a586-ea61c6034e7a,False,AYG,1,straight
1529,Rahul_Ibhan_Ramiz,1979,True,1,2026-06-04 21:33:54.942678,6e09f577-4e7d-4937-b93a-5f4ed73dff1a,False,RIR,5,gay
1530,Franklin_Kampbell_Freeman,1979,True,5,2026-06-04 21:33:54.942678,6e09f577-4e7d-4937-b93a-5f4ed73dff1a,False,FKF,5,gay
1531,Preed_Odathi_Ghandi,1979,True,1,2026-06-04 21:33:54.942678,6e09f577-4e7d-4937-b93a-5f4ed73dff1a,False,POG,1,Straight
1532,Asher_Kibble_Ibria,1979,True,5,2026-06-04 21:33:54.942678,6e09f577-4e7d-4937-b93a-5f4ed73dff1a,False,AKI,5,gay
1533,Ishmael_Michael_Cabrera,1979,True,3,2026-06-04 21:33:54.942678,6e09f577-4e7d-4937-b93a-5f4ed73dff1a,False,IMC,1,straight
1534,Keith_Tadeo_Muna,2006,False,4,2026-06-04 21:34:49.134761,57f0caec-45cc-4c34-a586-ea61c6034e7a,False,KTM,2,straight
1535,Nicholas_Andrew_Falhosh,2006,False,2,2026-06-04 21:34:49.134761,57f0caec-45cc-4c34-a586-ea61c6034e7a,False,NAF,2,bisexual
1536,Jason_Fan_Yew,2006,False,4,2026-06-04 21:34:49.134761,57f0caec-45cc-4c34-a586-ea61c6034e7a,False,JFY,1,straight
1537,Zeke_Thane_Painter,2006,False,2,2026-06-04 21:34:49.134761,57f0caec-45cc-4c34-a586-ea61c6034e7a,False,ZTP,1,straight
1538,Chris_Topher_Hu,2006,False,2,2026-06-04 21:34:49.134761,57f0caec-45cc-4c34-a586-ea61c6034e7a,False,CTH,4,bisexual
1539,Ethan_Nguyen_Nguyen,1993,True,3,2026-06-04 21:36:40.436865,e883e5f0-a7ff-4554-8adf-4e03a5fa0d16,False,ENN,1,straight
1540,Aaron_Paul_Ingham,1993,True,1,2026-06-04 21:36:40.436865,e883e5f0-a7ff-4554-8adf-4e03a5fa0d16,False,API,1,straight
1541,Damian_Ubiel_Torcuato,1993,True,5,2026-06-04 21:36:40.436865,e883e5f0-a7ff-4554-8adf-4e03a5fa0d16,False,DUT,5,gay
1542,James_Edward_Granton,1993,True,1,2026-06-04 21:36:40.436865,e883e5f0-a7ff-4554-8adf-4e03a5fa0d16,False,JEG,1,straight
1543,Thane_Manny_Manuel,1993,True,5,2026-06-04 21:36:40.436865,e883e5f0-a7ff-4554-8adf-4e03a5fa0d16,False,TMM,5,gay
1544,Sahil_Krishna_Bhat,1993,True,3,2026-06-04 21:37:22.524646,e883e5f0-a7ff-4554-8adf-4e03a5fa0d16,False,SKB,1,straight
1545,Darryl_David_Miller,1993,True,1,2026-06-04 21:37:22.524646,e883e5f0-a7ff-4554-8adf-4e03a5fa0d16,False,DDM,3,bisexual
1546,Ishaan_Arav_Arun,1993,True,5,2026-06-04 21:37:22.524646,e883e5f0-a7ff-4554-8adf-4e03a5fa0d16,False,IAA,5,gay
1547,Big_Ey_Cai,1993,True,1,2026-06-04 21:37:22.524646,e883e5f0-a7ff-4554-8adf-4e03a5fa0d16,False,BEC,1,straight
1548,Rahul_Ibhan_Ramiz,1993,True,5,2026-06-04 21:37:22.524646,e883e5f0-a7ff-4554-8adf-4e03a5fa0d16,False,RIR,5,gay
1549,Shangdong_Bill_Kang,1994,True,4,2026-06-04 21:41:57.144434,16a76374-03e0-4915-b309-05f3409f427f,False,SBK,2,bisexual
1550,Thomas_Harries_Huckstable,1994,True,3,2026-06-04 21:41:57.144434,16a76374-03e0-4915-b309-05f3409f427f,False,THH,5,gay
1551,Shannon_Samuel_Palley,1994,True,5,2026-06-04 21:41:57.144434,16a76374-03e0-4915-b309-05f3409f427f,False,SSP,1,straight
1552,James_Edward_Granton,1994,True,1,2026-06-04 21:41:57.144434,16a76374-03e0-4915-b309-05f3409f427f,False,JEG,1,straight
1553,Joss_Andrew_Section,1994,True,5,2026-06-04 21:41:57.144434,16a76374-03e0-4915-b309-05f3409f427f,False,JAS,5,gay
1554,Josue_Benedicto_Marti,1994,True,1,2026-06-04 21:43:37.412616,16a76374-03e0-4915-b309-05f3409f427f,False,JBM,1,straight
1555,Darryl_David_Miller,1994,True,2,2026-06-04 21:43:37.412616,16a76374-03e0-4915-b309-05f3409f427f,False,DDM,3,bisexual
1556,Billiam_Traincar_Zhu,1994,True,2,2026-06-04 21:43:37.412616,16a76374-03e0-4915-b309-05f3409f427f,False,BTZ,3,questioning
1557,Willard_Gary_Barry,1994,True,4,2026-06-04 21:43:37.412616,16a76374-03e0-4915-b309-05f3409f427f,False,WGB,4,queer
1558,Zeke_Thane_Painter,1994,True,2,2026-06-04 21:43:37.412616,16a76374-03e0-4915-b309-05f3409f427f,False,ZTP,1,straight
1559,Tollbooth_Jerome_Malcomb,1989,True,5,2026-06-04 21:43:59.373877,bee7b607-60fc-44fd-9c08-95095ac8f013,False,TJM,2,bisexual
1560,Micheal_Kawoori_Obterra,1989,True,4,2026-06-04 21:43:59.373877,bee7b607-60fc-44fd-9c08-95095ac8f013,False,MKO,5,gay
1561,Keith_Tadeo_Muna,1989,True,1,2026-06-04 21:43:59.373877,bee7b607-60fc-44fd-9c08-95095ac8f013,False,KTM,2,straight
1562,Leandro_Rado_Sanchez,1989,True,1,2026-06-04 21:43:59.373877,bee7b607-60fc-44fd-9c08-95095ac8f013,False,LRS,1,straight
1563,Jason_Jerome_Cao,1989,True,1,2026-06-04 21:43:59.373877,bee7b607-60fc-44fd-9c08-95095ac8f013,False,JJC,5,gay
1564,Randall_Larry_McGaren,1994,True,5,2026-06-04 21:44:55.271234,16a76374-03e0-4915-b309-05f3409f427f,False,RLM,5,gay
1565,Thane_Manny_Manuel,1994,True,4,2026-06-04 21:44:55.271234,16a76374-03e0-4915-b309-05f3409f427f,False,TMM,5,gay
1566,Aaron_Paul_Ingham,1994,True,3,2026-06-04 21:44:55.271234,16a76374-03e0-4915-b309-05f3409f427f,False,API,1,straight
1567,Asher_Kibble_Ibria,1994,True,5,2026-06-04 21:44:55.271234,16a76374-03e0-4915-b309-05f3409f427f,False,AKI,5,gay
1568,Jason_Fan_Yew,1994,True,5,2026-06-04 21:44:55.271234,16a76374-03e0-4915-b309-05f3409f427f,False,JFY,1,straight
1569,Abner_Valentine_Lo,1989,True,1,2026-06-04 21:45:20.245357,bee7b607-60fc-44fd-9c08-95095ac8f013,False,AVL,4,gay
1570,Aaron_Paul_Ingham,1989,True,1,2026-06-04 21:45:20.245357,bee7b607-60fc-44fd-9c08-95095ac8f013,False,API,1,straight
1571,Chris_Topher_Hu,1989,True,3,2026-06-04 21:45:20.245357,bee7b607-60fc-44fd-9c08-95095ac8f013,False,CTH,4,bisexual
1572,Abe_Ian_Kim,1989,True,1,2026-06-04 21:45:20.245357,bee7b607-60fc-44fd-9c08-95095ac8f013,False,AIK,1,straight
1573,Asher_Kibble_Ibria,1989,True,5,2026-06-04 21:45:20.245357,bee7b607-60fc-44fd-9c08-95095ac8f013,False,AKI,5,gay
1574,Juniper_Jim_Sha,1989,True,2,2026-06-04 21:46:41.201341,bee7b607-60fc-44fd-9c08-95095ac8f013,False,JJS,1,straight
1575,Damian_Ubiel_Torcuato,1989,True,5,2026-06-04 21:46:41.201341,bee7b607-60fc-44fd-9c08-95095ac8f013,False,DUT,5,gay
1576,Bob_Nicolas_Gonzalo,1989,True,1,2026-06-04 21:46:41.201341,bee7b607-60fc-44fd-9c08-95095ac8f013,False,BNG,4,bisexual
1577,Sipoon_Lance_Kim,1989,True,1,2026-06-04 21:46:41.201341,bee7b607-60fc-44fd-9c08-95095ac8f013,False,SLK,3,bisexual
1578,Ethan_Nguyen_Nguyen,1989,True,1,2026-06-04 21:46:41.201341,bee7b607-60fc-44fd-9c08-95095ac8f013,False,ENN,1,straight
1579,Kamal_Chandani_Obterre,1989,True,2,2026-06-04 21:47:42.024734,bee7b607-60fc-44fd-9c08-95095ac8f013,False,KCO,4,bisexual
1580,Franklin_Kampbell_Freeman,1989,True,3,2026-06-04 21:47:42.024734,bee7b607-60fc-44fd-9c08-95095ac8f013,False,FKF,5,gay
1581,Azad_Pars_Salaam,1989,True,5,2026-06-04 21:47:42.024734,bee7b607-60fc-44fd-9c08-95095ac8f013,False,APS,5,gay
1582,Yinfan_Fred_Ha,1989,True,1,2026-06-04 21:47:42.024734,bee7b607-60fc-44fd-9c08-95095ac8f013,False,YFH,1,straight
1583,Ishmael_Michael_Cabrera,1989,True,1,2026-06-04 21:47:42.024734,bee7b607-60fc-44fd-9c08-95095ac8f013,False,IMC,1,straight
1584,Preed_Odathi_Ghandi,1989,True,2,2026-06-04 21:48:36.201658,bee7b607-60fc-44fd-9c08-95095ac8f013,False,POG,1,Straight
1585,Nicholas_Andrew_Falhosh,1989,True,4,2026-06-04 21:48:36.201658,bee7b607-60fc-44fd-9c08-95095ac8f013,False,NAF,2,bisexual
1586,Chris_Jason_Paulson,1989,True,5,2026-06-04 21:48:36.201658,bee7b607-60fc-44fd-9c08-95095ac8f013,False,CJP,2,bisexual
1587,Johnny_Gabe_Young,1989,True,1,2026-06-04 21:48:36.201658,bee7b607-60fc-44fd-9c08-95095ac8f013,False,JGY,1,straight
1588,Chris_Chandler_King,1989,True,1,2026-06-04 21:48:36.201658,bee7b607-60fc-44fd-9c08-95095ac8f013,False,CCK,1,straight
1589,Ishaan_Arav_Arun,1989,True,5,2026-06-04 21:49:19.015834,bee7b607-60fc-44fd-9c08-95095ac8f013,False,IAA,5,gay
1590,Matthew_Enlai_Zhang,1989,True,1,2026-06-04 21:49:19.015834,bee7b607-60fc-44fd-9c08-95095ac8f013,False,MEZ,1,straight
1591,Andrew_Yingchen_Gu,1989,True,1,2026-06-04 21:49:19.015834,bee7b607-60fc-44fd-9c08-95095ac8f013,False,AYG,1,straight
1592,David_Aaron_Beauregard,1989,True,3,2026-06-04 21:49:19.015834,bee7b607-60fc-44fd-9c08-95095ac8f013,False,DAB,1,straight
1593,Matthew_Easton_Paulson,1989,True,4,2026-06-04 21:49:19.015834,bee7b607-60fc-44fd-9c08-95095ac8f013,False,MEP,3,bisexual
1594,Ryouma_Naru_Kouya,1989,True,3,2026-06-04 21:50:14.343803,bee7b607-60fc-44fd-9c08-95095ac8f013,False,RNK,1,straight
1595,Sahil_Krishna_Bhat,1989,True,1,2026-06-04 21:50:14.343803,bee7b607-60fc-44fd-9c08-95095ac8f013,False,SKB,1,straight
1596,Big_Ey_Cai,1989,True,5,2026-06-04 21:50:14.343803,bee7b607-60fc-44fd-9c08-95095ac8f013,False,BEC,1,straight
1597,Rahul_Ibhan_Ramiz,1989,True,1,2026-06-04 21:50:14.343803,bee7b607-60fc-44fd-9c08-95095ac8f013,False,RIR,5,gay
1598,Theo_Jasper_Zhang,1989,True,3,2026-06-04 21:50:14.343803,bee7b607-60fc-44fd-9c08-95095ac8f013,False,TJZ,1,straight
1599,Thane_Manny_Manuel,1989,True,2,2026-06-04 21:51:05.947041,bee7b607-60fc-44fd-9c08-95095ac8f013,False,TMM,5,gay
1600,Zeke_Thane_Painter,1989,True,1,2026-06-04 21:51:05.947041,bee7b607-60fc-44fd-9c08-95095ac8f013,False,ZTP,1,straight
1601,James_Landon_Galway,1989,True,5,2026-06-04 21:51:05.947041,bee7b607-60fc-44fd-9c08-95095ac8f013,False,JLG,3,bisexual
1602,Willard_Gary_Barry,1989,True,4,2026-06-04 21:51:05.947041,bee7b607-60fc-44fd-9c08-95095ac8f013,False,WGB,4,queer
1603,Joss_Andrew_Section,1989,True,5,2026-06-04 21:51:05.947041,bee7b607-60fc-44fd-9c08-95095ac8f013,False,JAS,5,gay
1604,Tollbooth_Jerome_Malcomb,2001,True,3,2026-06-04 21:56:32.18014,dbc67a39-ed9d-42bc-82ef-d6ce3ac9f2f9,False,TJM,2,bisexual
1605,Damian_Ubiel_Torcuato,2001,True,2,2026-06-04 21:56:32.18014,dbc67a39-ed9d-42bc-82ef-d6ce3ac9f2f9,False,DUT,5,gay
1606,Ryouma_Naru_Kouya,2001,True,1,2026-06-04 21:56:32.18014,dbc67a39-ed9d-42bc-82ef-d6ce3ac9f2f9,False,RNK,1,straight
1607,Abe_Ian_Kim,2001,True,2,2026-06-04 21:56:32.18014,dbc67a39-ed9d-42bc-82ef-d6ce3ac9f2f9,False,AIK,1,straight
1608,Josue_Benedicto_Marti,2001,True,1,2026-06-04 21:56:32.18014,dbc67a39-ed9d-42bc-82ef-d6ce3ac9f2f9,False,JBM,1,straight
1609,Nicholas_Andrew_Falhosh,2001,True,1,2026-06-04 21:57:47.351252,dbc67a39-ed9d-42bc-82ef-d6ce3ac9f2f9,False,NAF,2,bisexual
1610,James_Edward_Granton,2001,True,1,2026-06-04 21:57:47.351252,dbc67a39-ed9d-42bc-82ef-d6ce3ac9f2f9,False,JEG,1,straight
1611,Johnny_Gabe_Young,2001,True,4,2026-06-04 21:57:47.351252,dbc67a39-ed9d-42bc-82ef-d6ce3ac9f2f9,False,JGY,1,straight
1612,Preed_Odathi_Ghandi,2001,True,2,2026-06-04 21:57:47.351252,dbc67a39-ed9d-42bc-82ef-d6ce3ac9f2f9,False,POG,1,Straight
1613,Keith_Tadeo_Muna,2001,True,1,2026-06-04 21:57:47.351252,dbc67a39-ed9d-42bc-82ef-d6ce3ac9f2f9,False,KTM,2,straight
1614,Bob_Nicolas_Gonzalo,2001,True,1,2026-06-04 21:59:03.904676,dbc67a39-ed9d-42bc-82ef-d6ce3ac9f2f9,False,BNG,4,bisexual
1615,Sahil_Krishna_Bhat,2001,True,4,2026-06-04 21:59:03.904676,dbc67a39-ed9d-42bc-82ef-d6ce3ac9f2f9,False,SKB,1,straight
1616,Shannon_Samuel_Palley,2001,True,4,2026-06-04 21:59:03.904676,dbc67a39-ed9d-42bc-82ef-d6ce3ac9f2f9,False,SSP,1,straight
1617,Jason_Fan_Yew,2001,True,5,2026-06-04 21:59:03.904676,dbc67a39-ed9d-42bc-82ef-d6ce3ac9f2f9,False,JFY,1,straight
1618,Franklin_Kampbell_Freeman,2001,True,1,2026-06-04 21:59:03.904676,dbc67a39-ed9d-42bc-82ef-d6ce3ac9f2f9,False,FKF,5,gay
1619,Billiam_Traincar_Zhu,1998,True,1,2026-06-04 22:04:15.997007,9b04b2b9-36c6-4d49-a09c-a6f5f77f6756,False,BTZ,3,questioning
1620,Ishmael_Michael_Cabrera,1998,True,1,2026-06-04 22:04:15.997007,9b04b2b9-36c6-4d49-a09c-a6f5f77f6756,False,IMC,1,straight
1621,Yinfan_Fred_Ha,1998,True,1,2026-06-04 22:04:15.997007,9b04b2b9-36c6-4d49-a09c-a6f5f77f6756,False,YFH,1,straight
1622,Abner_Valentine_Lo,1998,True,4,2026-06-04 22:04:15.997007,9b04b2b9-36c6-4d49-a09c-a6f5f77f6756,False,AVL,4,gay
1623,Darryl_David_Miller,1998,True,1,2026-06-04 22:04:15.997007,9b04b2b9-36c6-4d49-a09c-a6f5f77f6756,False,DDM,3,bisexual
1624,Azad_Pars_Salaam,1998,True,2,2026-06-04 22:05:15.19632,9b04b2b9-36c6-4d49-a09c-a6f5f77f6756,False,APS,5,gay
1625,Chris_Topher_Hu,1998,True,1,2026-06-04 22:05:15.19632,9b04b2b9-36c6-4d49-a09c-a6f5f77f6756,False,CTH,4,bisexual
1626,Micheal_Kawoori_Obterra,1998,True,3,2026-06-04 22:05:15.19632,9b04b2b9-36c6-4d49-a09c-a6f5f77f6756,False,MKO,5,gay
1627,Sipoon_Lance_Kim,1998,True,1,2026-06-04 22:05:15.19632,9b04b2b9-36c6-4d49-a09c-a6f5f77f6756,False,SLK,3,bisexual
1628,Leandro_Rado_Sanchez,1998,True,1,2026-06-04 22:05:15.19632,9b04b2b9-36c6-4d49-a09c-a6f5f77f6756,False,LRS,1,straight
1629,Thomas_Harries_Huckstable,1999,False,4,2026-06-04 22:05:38.315167,c23eda9d-1a6a-4f73-b998-44f3be89a3e8,False,THH,5,gay
1630,Matthew_Easton_Paulson,1999,False,5,2026-06-04 22:05:38.315167,c23eda9d-1a6a-4f73-b998-44f3be89a3e8,False,MEP,3,bisexual
1631,Leandro_Rado_Sanchez,1999,False,1,2026-06-04 22:05:38.315167,c23eda9d-1a6a-4f73-b998-44f3be89a3e8,False,LRS,1,straight
1632,Edward_Scissorhands_Salamander,1999,False,2,2026-06-04 22:05:38.315167,c23eda9d-1a6a-4f73-b998-44f3be89a3e8,False,ESS,5,gay
1633,Randall_Larry_McGaren,1999,False,4,2026-06-04 22:05:38.315167,c23eda9d-1a6a-4f73-b998-44f3be89a3e8,False,RLM,5,gay
1634,Kamal_Chandani_Obterre,1999,False,5,2026-06-04 22:07:48.079274,c23eda9d-1a6a-4f73-b998-44f3be89a3e8,False,KCO,4,bisexual
1635,Chris_Chandler_King,1999,False,3,2026-06-04 22:07:48.079274,c23eda9d-1a6a-4f73-b998-44f3be89a3e8,False,CCK,1,straight
1636,Andrew_Yingchen_Gu,1999,False,5,2026-06-04 22:07:48.079274,c23eda9d-1a6a-4f73-b998-44f3be89a3e8,False,AYG,1,straight
1637,Shangdong_Bill_Kang,1999,False,1,2026-06-04 22:07:48.079274,c23eda9d-1a6a-4f73-b998-44f3be89a3e8,False,SBK,2,bisexual
1638,Jason_Jerome_Cao,1999,False,4,2026-06-04 22:07:48.079274,c23eda9d-1a6a-4f73-b998-44f3be89a3e8,False,JJC,5,gay
1639,Juniper_Jim_Sha,2002,True,2,2026-06-04 22:09:39.678589,f81a34ec-356d-48c1-bfe2-86fd698e1e5a,False,JJS,1,straight
1640,Chris_Jason_Paulson,2002,True,1,2026-06-04 22:09:39.678589,f81a34ec-356d-48c1-bfe2-86fd698e1e5a,False,CJP,2,bisexual
1641,David_Aaron_Beauregard,2002,True,1,2026-06-04 22:09:39.678589,f81a34ec-356d-48c1-bfe2-86fd698e1e5a,False,DAB,1,straight
1642,Ethan_Nguyen_Nguyen,2002,True,3,2026-06-04 22:09:39.678589,f81a34ec-356d-48c1-bfe2-86fd698e1e5a,False,ENN,1,straight
1643,Matthew_Enlai_Zhang,2002,True,4,2026-06-04 22:09:39.678589,f81a34ec-356d-48c1-bfe2-86fd698e1e5a,False,MEZ,1,straight
1644,Ishaan_Arav_Arun,2002,True,3,2026-06-04 22:10:32.105274,f81a34ec-356d-48c1-bfe2-86fd698e1e5a,False,IAA,5,gay
1645,Billiam_Traincar_Zhu,2002,True,1,2026-06-04 22:10:32.105274,f81a34ec-356d-48c1-bfe2-86fd698e1e5a,False,BTZ,3,questioning
1646,Tollbooth_Jerome_Malcomb,2002,True,5,2026-06-04 22:10:32.105274,f81a34ec-356d-48c1-bfe2-86fd698e1e5a,False,TJM,2,bisexual
1647,Aaron_Paul_Ingham,2002,True,3,2026-06-04 22:10:32.105274,f81a34ec-356d-48c1-bfe2-86fd698e1e5a,False,API,1,straight
1648,Azad_Pars_Salaam,2002,True,1,2026-06-04 22:10:32.105274,f81a34ec-356d-48c1-bfe2-86fd698e1e5a,False,APS,5,gay
1649,Micheal_Kawoori_Obterra,1985,True,5,2026-06-04 22:34:01.056257,e712b3aa-0cad-4963-b067-93cbac3f470c,False,MKO,5,gay
1650,James_Edward_Granton,1985,True,1,2026-06-04 22:34:01.056257,e712b3aa-0cad-4963-b067-93cbac3f470c,False,JEG,1,straight
1651,Willard_Gary_Barry,1985,True,4,2026-06-04 22:34:01.056257,e712b3aa-0cad-4963-b067-93cbac3f470c,False,WGB,4,queer
1652,Ryouma_Naru_Kouya,1985,True,2,2026-06-04 22:34:01.056257,e712b3aa-0cad-4963-b067-93cbac3f470c,False,RNK,1,straight
1653,Rahul_Ibhan_Ramiz,1985,True,1,2026-06-04 22:34:01.056257,e712b3aa-0cad-4963-b067-93cbac3f470c,False,RIR,5,gay
1654,Sahil_Krishna_Bhat,1987,True,5,2026-06-04 22:38:35.85028,79a29648-0581-4b83-8c51-9834fac5f6c7,False,SKB,1,straight
1655,Bob_Nicolas_Gonzalo,1987,True,1,2026-06-04 22:38:35.85028,79a29648-0581-4b83-8c51-9834fac5f6c7,False,BNG,4,bisexual
1656,Randall_Larry_McGaren,1987,True,1,2026-06-04 22:38:35.85028,79a29648-0581-4b83-8c51-9834fac5f6c7,False,RLM,5,gay
1657,Andrew_Yingchen_Gu,1987,True,1,2026-06-04 22:38:35.85028,79a29648-0581-4b83-8c51-9834fac5f6c7,False,AYG,1,straight
1658,Ishmael_Michael_Cabrera,1987,True,5,2026-06-04 22:38:35.85028,79a29648-0581-4b83-8c51-9834fac5f6c7,False,IMC,1,straight
1659,Darryl_David_Miller,2003,True,2,2026-06-04 22:41:03.315836,b6499bfe-6e21-49a8-be29-36f32d86cd1c,False,DDM,3,bisexual
1660,Abe_Ian_Kim,2003,True,1,2026-06-04 22:41:03.315836,b6499bfe-6e21-49a8-be29-36f32d86cd1c,False,AIK,1,straight
1661,Chris_Chandler_King,2003,True,3,2026-06-04 22:41:03.315836,b6499bfe-6e21-49a8-be29-36f32d86cd1c,False,CCK,1,straight
1662,Matthew_Enlai_Zhang,2003,True,4,2026-06-04 22:41:03.315836,b6499bfe-6e21-49a8-be29-36f32d86cd1c,False,MEZ,1,straight
1663,Kamal_Chandani_Obterre,2003,True,4,2026-06-04 22:41:03.315836,b6499bfe-6e21-49a8-be29-36f32d86cd1c,False,KCO,4,bisexual
1664,Thane_Manny_Manuel,2004,True,2,2026-06-04 22:44:18.528977,9df86baa-9994-4c4b-ba61-1233a84f002b,False,TMM,5,gay
1665,James_Landon_Galway,2004,True,1,2026-06-04 22:44:18.528977,9df86baa-9994-4c4b-ba61-1233a84f002b,False,JLG,3,bisexual
1666,Abner_Valentine_Lo,2004,True,5,2026-06-04 22:44:18.528977,9df86baa-9994-4c4b-ba61-1233a84f002b,False,AVL,4,gay
1667,Joss_Andrew_Section,2004,True,1,2026-06-04 22:44:18.528977,9df86baa-9994-4c4b-ba61-1233a84f002b,False,JAS,5,gay
1668,Shannon_Samuel_Palley,2004,True,3,2026-06-04 22:44:18.528977,9df86baa-9994-4c4b-ba61-1233a84f002b,False,SSP,1,straight
1669,Yinfan_Fred_Ha,2003,True,2,2026-06-04 22:45:41.023326,b6499bfe-6e21-49a8-be29-36f32d86cd1c,False,YFH,1,straight
1670,Nicholas_Andrew_Falhosh,2003,True,3,2026-06-04 22:45:41.023326,b6499bfe-6e21-49a8-be29-36f32d86cd1c,False,NAF,2,bisexual
1671,Thomas_Harries_Huckstable,2003,True,4,2026-06-04 22:45:41.023326,b6499bfe-6e21-49a8-be29-36f32d86cd1c,False,THH,5,gay
1672,Shangdong_Bill_Kang,2003,True,1,2026-06-04 22:45:41.023326,b6499bfe-6e21-49a8-be29-36f32d86cd1c,False,SBK,2,bisexual
1673,Big_Ey_Cai,2003,True,1,2026-06-04 22:45:41.023326,b6499bfe-6e21-49a8-be29-36f32d86cd1c,False,BEC,1,straight
1674,Franklin_Kampbell_Freeman,2003,True,3,2026-06-04 22:47:44.098128,b6499bfe-6e21-49a8-be29-36f32d86cd1c,False,FKF,5,gay
1675,David_Aaron_Beauregard,2003,True,3,2026-06-04 22:47:44.098128,b6499bfe-6e21-49a8-be29-36f32d86cd1c,False,DAB,1,straight
1676,Ishaan_Arav_Arun,2003,True,4,2026-06-04 22:47:44.098128,b6499bfe-6e21-49a8-be29-36f32d86cd1c,False,IAA,5,gay
1677,Theo_Jasper_Zhang,2003,True,1,2026-06-04 22:47:44.098128,b6499bfe-6e21-49a8-be29-36f32d86cd1c,False,TJZ,1,straight
1678,Edward_Scissorhands_Salamander,2003,True,3,2026-06-04 22:47:44.098128,b6499bfe-6e21-49a8-be29-36f32d86cd1c,False,ESS,5,gay
1679,Josue_Benedicto_Marti,2003,True,2,2026-06-04 22:50:07.567652,b6499bfe-6e21-49a8-be29-36f32d86cd1c,False,JBM,1,straight
1680,Chris_Jason_Paulson,2003,True,3,2026-06-04 22:50:07.567652,b6499bfe-6e21-49a8-be29-36f32d86cd1c,False,CJP,2,bisexual
1681,Jason_Jerome_Cao,2003,True,5,2026-06-04 22:50:07.567652,b6499bfe-6e21-49a8-be29-36f32d86cd1c,False,JJC,5,gay
1682,Damian_Ubiel_Torcuato,2003,True,2,2026-06-04 22:50:07.567652,b6499bfe-6e21-49a8-be29-36f32d86cd1c,False,DUT,5,gay
1683,Chris_Topher_Hu,2003,True,2,2026-06-04 22:50:07.567652,b6499bfe-6e21-49a8-be29-36f32d86cd1c,False,CTH,4,bisexual
1684,Matthew_Easton_Paulson,2000,True,4,2026-06-04 22:57:10.928577,5381f5fa-f52a-455f-940a-a7c1c2290748,False,MEP,3,bisexual
1685,Jason_Fan_Yew,2000,True,1,2026-06-04 22:57:10.928577,5381f5fa-f52a-455f-940a-a7c1c2290748,False,JFY,1,straight
1686,Preed_Odathi_Ghandi,2000,True,1,2026-06-04 22:57:10.928577,5381f5fa-f52a-455f-940a-a7c1c2290748,False,POG,1,Straight
1687,Keith_Tadeo_Muna,2000,True,3,2026-06-04 22:57:10.928577,5381f5fa-f52a-455f-940a-a7c1c2290748,False,KTM,2,straight
1688,Johnny_Gabe_Young,2000,True,2,2026-06-04 22:57:10.928577,5381f5fa-f52a-455f-940a-a7c1c2290748,False,JGY,1,straight
1689,Ethan_Nguyen_Nguyen,2000,True,2,2026-06-04 23:03:04.482916,9ae48097-e110-4d74-9da5-adb4b832fd59,False,ENN,1,straight
1690,Sipoon_Lance_Kim,2000,True,1,2026-06-04 23:03:04.482916,9ae48097-e110-4d74-9da5-adb4b832fd59,False,SLK,3,bisexual
1691,Juniper_Jim_Sha,2000,True,5,2026-06-04 23:03:04.482916,9ae48097-e110-4d74-9da5-adb4b832fd59,False,JJS,1,straight
1692,Asher_Kibble_Ibria,2000,True,4,2026-06-04 23:03:04.482916,9ae48097-e110-4d74-9da5-adb4b832fd59,False,AKI,5,gay
1693,Zeke_Thane_Painter,2000,True,1,2026-06-04 23:03:04.482916,9ae48097-e110-4d74-9da5-adb4b832fd59,False,ZTP,1,straight
1694,Ethan_Nguyen_Nguyen,2000,True,1,2026-06-04 23:03:26.168409,d150be6b-abcf-4094-987e-a906a92c42a2,False,ENN,1,straight
1695,Juniper_Jim_Sha,2000,True,2,2026-06-04 23:03:26.168409,d150be6b-abcf-4094-987e-a906a92c42a2,False,JJS,1,straight
1696,Sipoon_Lance_Kim,2000,True,1,2026-06-04 23:03:26.168409,d150be6b-abcf-4094-987e-a906a92c42a2,False,SLK,3,bisexual
1697,Asher_Kibble_Ibria,2000,True,5,2026-06-04 23:03:26.168409,d150be6b-abcf-4094-987e-a906a92c42a2,False,AKI,5,gay
1698,Zeke_Thane_Painter,2000,True,2,2026-06-04 23:03:26.168409,d150be6b-abcf-4094-987e-a906a92c42a2,False,ZTP,1,straight
1699,Edward_Scissorhands_Salamander,2000,True,1,2026-06-04 23:05:21.667448,9ae48097-e110-4d74-9da5-adb4b832fd59,False,ESS,5,gay
1700,Bob_Nicolas_Gonzalo,2000,True,1,2026-06-04 23:05:21.667448,9ae48097-e110-4d74-9da5-adb4b832fd59,False,BNG,4,bisexual
1701,Yinfan_Fred_Ha,2000,True,3,2026-06-04 23:05:21.667448,9ae48097-e110-4d74-9da5-adb4b832fd59,False,YFH,1,straight
1702,Ryouma_Naru_Kouya,2000,True,4,2026-06-04 23:05:21.667448,9ae48097-e110-4d74-9da5-adb4b832fd59,False,RNK,1,straight
1703,Jason_Jerome_Cao,2000,True,5,2026-06-04 23:05:21.667448,9ae48097-e110-4d74-9da5-adb4b832fd59,False,JJC,5,gay
1704,Sahil_Krishna_Bhat,2000,True,4,2026-06-04 23:06:06.826699,d150be6b-abcf-4094-987e-a906a92c42a2,False,SKB,1,straight
1705,Kamal_Chandani_Obterre,2000,True,2,2026-06-04 23:06:06.826699,d150be6b-abcf-4094-987e-a906a92c42a2,False,KCO,4,bisexual
1706,Abe_Ian_Kim,2000,True,3,2026-06-04 23:06:06.826699,d150be6b-abcf-4094-987e-a906a92c42a2,False,AIK,1,straight
1707,Azad_Pars_Salaam,2000,True,4,2026-06-04 23:06:06.826699,d150be6b-abcf-4094-987e-a906a92c42a2,False,APS,5,gay
1708,Tollbooth_Jerome_Malcomb,2000,True,1,2026-06-04 23:06:06.826699,d150be6b-abcf-4094-987e-a906a92c42a2,False,TJM,2,bisexual
1709,Matthew_Easton_Paulson,1988,True,3,2026-06-04 23:15:16.871065,b2b5031f-2ec8-4f7e-b490-26c219d0df31,False,MEP,3,bisexual
1710,Preed_Odathi_Ghandi,1988,True,1,2026-06-04 23:15:16.871065,b2b5031f-2ec8-4f7e-b490-26c219d0df31,False,POG,1,Straight
1711,Thane_Manny_Manuel,1988,True,4,2026-06-04 23:15:16.871065,b2b5031f-2ec8-4f7e-b490-26c219d0df31,False,TMM,5,gay
1712,Chris_Jason_Paulson,1988,True,1,2026-06-04 23:15:16.871065,b2b5031f-2ec8-4f7e-b490-26c219d0df31,False,CJP,2,bisexual
1713,Chris_Chandler_King,1988,True,1,2026-06-04 23:15:16.871065,b2b5031f-2ec8-4f7e-b490-26c219d0df31,False,CCK,1,straight
1714,Chris_Topher_Hu,1988,True,1,2026-06-04 23:16:40.324067,b2b5031f-2ec8-4f7e-b490-26c219d0df31,False,CTH,4,bisexual
1715,Ishaan_Arav_Arun,1988,True,5,2026-06-04 23:16:40.324067,b2b5031f-2ec8-4f7e-b490-26c219d0df31,False,IAA,5,gay
1716,Big_Ey_Cai,1988,True,2,2026-06-04 23:16:40.324067,b2b5031f-2ec8-4f7e-b490-26c219d0df31,False,BEC,1,straight
1717,Keith_Tadeo_Muna,1988,True,2,2026-06-04 23:16:40.324067,b2b5031f-2ec8-4f7e-b490-26c219d0df31,False,KTM,2,straight
1718,Aaron_Paul_Ingham,1988,True,4,2026-06-04 23:16:40.324067,b2b5031f-2ec8-4f7e-b490-26c219d0df31,False,API,1,straight
1719,James_Edward_Granton,2005,True,1,2026-06-04 23:25:40.326865,c73414d4-5a3e-4722-a030-9f7db5ba37bb,False,JEG,1,straight
1720,Andrew_Yingchen_Gu,2005,True,1,2026-06-04 23:25:40.326865,c73414d4-5a3e-4722-a030-9f7db5ba37bb,False,AYG,1,straight
1721,Leandro_Rado_Sanchez,2005,True,1,2026-06-04 23:25:40.326865,c73414d4-5a3e-4722-a030-9f7db5ba37bb,False,LRS,1,straight
1722,Micheal_Kawoori_Obterra,2005,True,5,2026-06-04 23:25:40.326865,c73414d4-5a3e-4722-a030-9f7db5ba37bb,False,MKO,5,gay
1723,Franklin_Kampbell_Freeman,2005,True,4,2026-06-04 23:25:40.326865,c73414d4-5a3e-4722-a030-9f7db5ba37bb,False,FKF,5,gay
1724,Ishmael_Michael_Cabrera,2005,True,4,2026-06-04 23:26:23.678595,c73414d4-5a3e-4722-a030-9f7db5ba37bb,False,IMC,1,straight
1725,Matthew_Enlai_Zhang,2005,True,4,2026-06-04 23:26:23.678595,c73414d4-5a3e-4722-a030-9f7db5ba37bb,False,MEZ,1,straight
1726,James_Landon_Galway,2005,True,5,2026-06-04 23:26:23.678595,c73414d4-5a3e-4722-a030-9f7db5ba37bb,False,JLG,3,bisexual
1727,Shannon_Samuel_Palley,2005,True,1,2026-06-04 23:26:23.678595,c73414d4-5a3e-4722-a030-9f7db5ba37bb,False,SSP,1,straight
1728,Theo_Jasper_Zhang,2005,True,1,2026-06-04 23:26:23.678595,c73414d4-5a3e-4722-a030-9f7db5ba37bb,False,TJZ,1,straight
1729,Johnny_Gabe_Young,2005,True,1,2026-06-04 23:27:02.859087,c73414d4-5a3e-4722-a030-9f7db5ba37bb,False,JGY,1,straight
1730,David_Aaron_Beauregard,2005,True,1,2026-06-04 23:27:02.859087,c73414d4-5a3e-4722-a030-9f7db5ba37bb,False,DAB,1,straight
1731,Shangdong_Bill_Kang,2005,True,4,2026-06-04 23:27:02.859087,c73414d4-5a3e-4722-a030-9f7db5ba37bb,False,SBK,2,bisexual
1732,Randall_Larry_McGaren,2005,True,4,2026-06-04 23:27:02.859087,c73414d4-5a3e-4722-a030-9f7db5ba37bb,False,RLM,5,gay
1733,Willard_Gary_Barry,2005,True,3,2026-06-04 23:27:02.859087,c73414d4-5a3e-4722-a030-9f7db5ba37bb,False,WGB,4,queer
1734,Damian_Ubiel_Torcuato,1997,True,4,2026-06-04 23:34:02.146178,b28acb2a-d9d9-4ae0-8fab-216199e89760,False,DUT,5,gay
1735,Josue_Benedicto_Marti,1997,True,1,2026-06-04 23:34:02.146178,b28acb2a-d9d9-4ae0-8fab-216199e89760,False,JBM,1,straight
1736,Billiam_Traincar_Zhu,1997,True,5,2026-06-04 23:34:02.146178,b28acb2a-d9d9-4ae0-8fab-216199e89760,False,BTZ,3,questioning
1737,Rahul_Ibhan_Ramiz,1997,True,1,2026-06-04 23:34:02.146178,b28acb2a-d9d9-4ae0-8fab-216199e89760,False,RIR,5,gay
1738,Darryl_David_Miller,1997,True,1,2026-06-04 23:34:02.146178,b28acb2a-d9d9-4ae0-8fab-216199e89760,False,DDM,3,bisexual
1739,Joss_Andrew_Section,1997,True,5,2026-06-04 23:35:00.982925,b28acb2a-d9d9-4ae0-8fab-216199e89760,False,JAS,5,gay
1740,Thomas_Harries_Huckstable,1997,True,2,2026-06-04 23:35:00.982925,b28acb2a-d9d9-4ae0-8fab-216199e89760,False,THH,5,gay
1741,Nicholas_Andrew_Falhosh,1997,True,3,2026-06-04 23:35:00.982925,b28acb2a-d9d9-4ae0-8fab-216199e89760,False,NAF,2,bisexual
1742,Jason_Fan_Yew,1997,True,5,2026-06-04 23:35:00.982925,b28acb2a-d9d9-4ae0-8fab-216199e89760,False,JFY,1,straight
1743,Abner_Valentine_Lo,1997,True,2,2026-06-04 23:35:00.982925,b28acb2a-d9d9-4ae0-8fab-216199e89760,False,AVL,4,gay
1744,Micheal_Kawoori_Obterra,2003,True,5,2026-06-04 23:37:15.928394,8c6e18ae-40fc-4c79-a493-c254a6104161,False,MKO,5,gay
1745,Juniper_Jim_Sha,2003,True,5,2026-06-04 23:37:15.928394,8c6e18ae-40fc-4c79-a493-c254a6104161,False,JJS,1,straight
1746,Preed_Odathi_Ghandi,2003,True,1,2026-06-04 23:37:15.928394,8c6e18ae-40fc-4c79-a493-c254a6104161,False,POG,1,Straight
1747,Chris_Chandler_King,2003,True,1,2026-06-04 23:37:15.928394,8c6e18ae-40fc-4c79-a493-c254a6104161,False,CCK,1,straight
1748,Rahul_Ibhan_Ramiz,2003,True,2,2026-06-04 23:37:15.928394,8c6e18ae-40fc-4c79-a493-c254a6104161,False,RIR,5,gay
1749,Josue_Benedicto_Marti,2007,False,3,2026-06-04 23:54:10.418701,50f13924-cb83-44d6-b6b2-71a8d9d4dbd5,False,JBM,1,straight
1750,Kamal_Chandani_Obterre,2007,False,1,2026-06-04 23:54:10.418701,50f13924-cb83-44d6-b6b2-71a8d9d4dbd5,False,KCO,4,bisexual
1751,Azad_Pars_Salaam,2007,False,1,2026-06-04 23:54:10.418701,50f13924-cb83-44d6-b6b2-71a8d9d4dbd5,False,APS,5,gay
1752,Randall_Larry_McGaren,2007,False,5,2026-06-04 23:54:10.418701,50f13924-cb83-44d6-b6b2-71a8d9d4dbd5,False,RLM,5,gay
1753,Big_Ey_Cai,2007,False,2,2026-06-04 23:54:10.418701,50f13924-cb83-44d6-b6b2-71a8d9d4dbd5,False,BEC,1,straight
1754,Tollbooth_Jerome_Malcomb,2007,False,2,2026-06-04 23:55:42.408458,50f13924-cb83-44d6-b6b2-71a8d9d4dbd5,False,TJM,2,bisexual
1755,Zeke_Thane_Painter,2007,False,4,2026-06-04 23:55:42.408458,50f13924-cb83-44d6-b6b2-71a8d9d4dbd5,False,ZTP,1,straight
1756,Johnny_Gabe_Young,2007,False,5,2026-06-04 23:55:42.408458,50f13924-cb83-44d6-b6b2-71a8d9d4dbd5,False,JGY,1,straight
1757,Franklin_Kampbell_Freeman,2007,False,2,2026-06-04 23:55:42.408458,50f13924-cb83-44d6-b6b2-71a8d9d4dbd5,False,FKF,5,gay
1758,Billiam_Traincar_Zhu,2007,False,5,2026-06-04 23:55:42.408458,50f13924-cb83-44d6-b6b2-71a8d9d4dbd5,False,BTZ,3,questioning
1759,Damian_Ubiel_Torcuato,2007,False,1,2026-06-04 23:56:54.731282,50f13924-cb83-44d6-b6b2-71a8d9d4dbd5,False,DUT,5,gay
1760,Ishmael_Michael_Cabrera,2007,False,1,2026-06-04 23:56:54.731282,50f13924-cb83-44d6-b6b2-71a8d9d4dbd5,False,IMC,1,straight
1761,Chris_Topher_Hu,2007,False,1,2026-06-04 23:56:54.731282,50f13924-cb83-44d6-b6b2-71a8d9d4dbd5,False,CTH,4,bisexual
1762,Asher_Kibble_Ibria,2007,False,5,2026-06-04 23:56:54.731282,50f13924-cb83-44d6-b6b2-71a8d9d4dbd5,False,AKI,5,gay
1763,James_Landon_Galway,2007,False,3,2026-06-04 23:56:54.731282,50f13924-cb83-44d6-b6b2-71a8d9d4dbd5,False,JLG,3,bisexual
1764,Bob_Nicolas_Gonzalo,2007,False,3,2026-06-04 23:58:11.648185,50f13924-cb83-44d6-b6b2-71a8d9d4dbd5,False,BNG,4,bisexual
1765,Matthew_Enlai_Zhang,2007,False,1,2026-06-04 23:58:11.648185,50f13924-cb83-44d6-b6b2-71a8d9d4dbd5,False,MEZ,1,straight
1766,Sipoon_Lance_Kim,2007,False,1,2026-06-04 23:58:11.648185,50f13924-cb83-44d6-b6b2-71a8d9d4dbd5,False,SLK,3,bisexual
1767,Yinfan_Fred_Ha,2007,False,5,2026-06-04 23:58:11.648185,50f13924-cb83-44d6-b6b2-71a8d9d4dbd5,False,YFH,1,straight
1768,Matthew_Easton_Paulson,2007,False,5,2026-06-04 23:58:11.648185,50f13924-cb83-44d6-b6b2-71a8d9d4dbd5,False,MEP,3,bisexual
1769,David_Aaron_Beauregard,2007,False,1,2026-06-04 23:59:14.148921,50f13924-cb83-44d6-b6b2-71a8d9d4dbd5,False,DAB,1,straight
1770,Nicholas_Andrew_Falhosh,2007,False,1,2026-06-04 23:59:14.148921,50f13924-cb83-44d6-b6b2-71a8d9d4dbd5,False,NAF,2,bisexual
1771,Abe_Ian_Kim,2007,False,5,2026-06-04 23:59:14.148921,50f13924-cb83-44d6-b6b2-71a8d9d4dbd5,False,AIK,1,straight
1772,Joss_Andrew_Section,2007,False,1,2026-06-04 23:59:14.148921,50f13924-cb83-44d6-b6b2-71a8d9d4dbd5,False,JAS,5,gay
1773,Jason_Fan_Yew,2007,False,5,2026-06-04 23:59:14.148921,50f13924-cb83-44d6-b6b2-71a8d9d4dbd5,False,JFY,1,straight
1774,Willard_Gary_Barry,1993,True,4,2026-06-05 00:00:13.235224,974ea499-972a-4d8d-a5f7-88512bdd8572,False,WGB,4,queer
1775,Abner_Valentine_Lo,1993,True,4,2026-06-05 00:00:13.235224,974ea499-972a-4d8d-a5f7-88512bdd8572,False,AVL,4,gay
1776,Edward_Scissorhands_Salamander,1993,True,1,2026-06-05 00:00:13.235224,974ea499-972a-4d8d-a5f7-88512bdd8572,False,ESS,5,gay
1777,Sahil_Krishna_Bhat,1993,True,5,2026-06-05 00:00:13.235224,974ea499-972a-4d8d-a5f7-88512bdd8572,False,SKB,1,straight
1778,Ryouma_Naru_Kouya,1993,True,1,2026-06-05 00:00:13.235224,974ea499-972a-4d8d-a5f7-88512bdd8572,False,RNK,1,straight
1779,Keith_Tadeo_Muna,1993,True,5,2026-06-05 00:00:58.894132,974ea499-972a-4d8d-a5f7-88512bdd8572,False,KTM,2,straight
1780,Darryl_David_Miller,1993,True,2,2026-06-05 00:00:58.894132,974ea499-972a-4d8d-a5f7-88512bdd8572,False,DDM,3,bisexual
1781,Theo_Jasper_Zhang,1993,True,3,2026-06-05 00:00:58.894132,974ea499-972a-4d8d-a5f7-88512bdd8572,False,TJZ,1,straight
1782,Shangdong_Bill_Kang,1993,True,1,2026-06-05 00:00:58.894132,974ea499-972a-4d8d-a5f7-88512bdd8572,False,SBK,2,bisexual
1783,Ethan_Nguyen_Nguyen,1993,True,1,2026-06-05 00:00:58.894132,974ea499-972a-4d8d-a5f7-88512bdd8572,False,ENN,1,straight
1784,Shannon_Samuel_Palley,1993,True,1,2026-06-05 00:01:52.37778,974ea499-972a-4d8d-a5f7-88512bdd8572,False,SSP,1,straight
1785,Aaron_Paul_Ingham,1993,True,1,2026-06-05 00:01:52.37778,974ea499-972a-4d8d-a5f7-88512bdd8572,False,API,1,straight
1786,Leandro_Rado_Sanchez,1993,True,3,2026-06-05 00:01:52.37778,974ea499-972a-4d8d-a5f7-88512bdd8572,False,LRS,1,straight
1787,James_Edward_Granton,1993,True,4,2026-06-05 00:01:52.37778,974ea499-972a-4d8d-a5f7-88512bdd8572,False,JEG,1,straight
1788,Chris_Jason_Paulson,1993,True,5,2026-06-05 00:01:52.37778,974ea499-972a-4d8d-a5f7-88512bdd8572,False,CJP,2,bisexual
1789,Thane_Manny_Manuel,1993,True,4,2026-06-05 00:02:29.078397,974ea499-972a-4d8d-a5f7-88512bdd8572,False,TMM,5,gay
1790,Jason_Jerome_Cao,1993,True,5,2026-06-05 00:02:29.078397,974ea499-972a-4d8d-a5f7-88512bdd8572,False,JJC,5,gay
1791,Andrew_Yingchen_Gu,1993,True,1,2026-06-05 00:02:29.078397,974ea499-972a-4d8d-a5f7-88512bdd8572,False,AYG,1,straight
1792,Thomas_Harries_Huckstable,1993,True,3,2026-06-05 00:02:29.078397,974ea499-972a-4d8d-a5f7-88512bdd8572,False,THH,5,gay
1793,Ishaan_Arav_Arun,1993,True,5,2026-06-05 00:02:29.078397,974ea499-972a-4d8d-a5f7-88512bdd8572,False,IAA,5,gay
1794,Nicholas_Andrew_Falhosh,1993,True,2,2026-06-05 00:03:05.569182,974ea499-972a-4d8d-a5f7-88512bdd8572,False,NAF,2,bisexual
1795,Tollbooth_Jerome_Malcomb,1993,True,5,2026-06-05 00:03:05.569182,974ea499-972a-4d8d-a5f7-88512bdd8572,False,TJM,2,bisexual
1796,Damian_Ubiel_Torcuato,1993,True,5,2026-06-05 00:03:05.569182,974ea499-972a-4d8d-a5f7-88512bdd8572,False,DUT,5,gay
1797,Asher_Kibble_Ibria,1993,True,5,2026-06-05 00:03:05.569182,974ea499-972a-4d8d-a5f7-88512bdd8572,False,AKI,5,gay
1798,Juniper_Jim_Sha,1993,True,4,2026-06-05 00:03:05.569182,974ea499-972a-4d8d-a5f7-88512bdd8572,False,JJS,1,straight
1799,Randall_Larry_McGaren,1993,True,2,2026-06-05 00:03:49.864068,974ea499-972a-4d8d-a5f7-88512bdd8572,False,RLM,5,gay
1800,Yinfan_Fred_Ha,1993,True,1,2026-06-05 00:03:49.864068,974ea499-972a-4d8d-a5f7-88512bdd8572,False,YFH,1,straight
1801,Joss_Andrew_Section,1993,True,1,2026-06-05 00:03:49.864068,974ea499-972a-4d8d-a5f7-88512bdd8572,False,JAS,5,gay
1802,Azad_Pars_Salaam,1993,True,4,2026-06-05 00:03:49.864068,974ea499-972a-4d8d-a5f7-88512bdd8572,False,APS,5,gay
1803,Matthew_Easton_Paulson,1993,True,5,2026-06-05 00:03:49.864068,974ea499-972a-4d8d-a5f7-88512bdd8572,False,MEP,3,bisexual
1804,Darryl_David_Miller,2004,True,1,2026-06-05 00:12:48.93356,c585d6c2-fc68-487a-a655-8a3e8866e5f5,False,DDM,3,bisexual
1805,Matthew_Enlai_Zhang,2004,True,1,2026-06-05 00:12:48.93356,c585d6c2-fc68-487a-a655-8a3e8866e5f5,False,MEZ,1,straight
1806,Abner_Valentine_Lo,2004,True,5,2026-06-05 00:12:48.93356,c585d6c2-fc68-487a-a655-8a3e8866e5f5,False,AVL,4,gay
1807,Kamal_Chandani_Obterre,2004,True,1,2026-06-05 00:12:48.93356,c585d6c2-fc68-487a-a655-8a3e8866e5f5,False,KCO,4,bisexual
1808,Jason_Jerome_Cao,2004,True,3,2026-06-05 00:12:48.93356,c585d6c2-fc68-487a-a655-8a3e8866e5f5,False,JJC,5,gay
1809,Thane_Manny_Manuel,1995,True,4,2026-06-05 00:30:45.374433,8258692a-eabf-4d93-b433-394bab996388,False,TMM,5,gay
1810,Chris_Jason_Paulson,1995,True,3,2026-06-05 00:30:45.374433,8258692a-eabf-4d93-b433-394bab996388,False,CJP,2,bisexual
1811,Big_Ey_Cai,1995,True,2,2026-06-05 00:30:45.374433,8258692a-eabf-4d93-b433-394bab996388,False,BEC,1,straight
1812,Johnny_Gabe_Young,1995,True,1,2026-06-05 00:30:45.374433,8258692a-eabf-4d93-b433-394bab996388,False,JGY,1,straight
1813,Andrew_Yingchen_Gu,1995,True,1,2026-06-05 00:30:45.374433,8258692a-eabf-4d93-b433-394bab996388,False,AYG,1,straight
1814,Ethan_Nguyen_Nguyen,1989,False,1,2026-06-05 00:33:11.966907,824ee8cf-25ea-41f3-b930-3a0e2073311b,False,ENN,1,straight
1815,James_Edward_Granton,1989,False,1,2026-06-05 00:33:11.966907,824ee8cf-25ea-41f3-b930-3a0e2073311b,False,JEG,1,straight
1816,Chris_Jason_Paulson,1989,False,1,2026-06-05 00:33:11.966907,824ee8cf-25ea-41f3-b930-3a0e2073311b,False,CJP,2,bisexual
1817,Johnny_Gabe_Young,1989,False,1,2026-06-05 00:33:11.966907,824ee8cf-25ea-41f3-b930-3a0e2073311b,False,JGY,1,straight
1818,Aaron_Paul_Ingham,1989,False,1,2026-06-05 00:33:11.966907,824ee8cf-25ea-41f3-b930-3a0e2073311b,False,API,1,straight
1819,Billiam_Traincar_Zhu,1989,False,1,2026-06-05 00:33:58.545049,824ee8cf-25ea-41f3-b930-3a0e2073311b,False,BTZ,3,questioning
1820,Shangdong_Bill_Kang,1989,False,1,2026-06-05 00:33:58.545049,824ee8cf-25ea-41f3-b930-3a0e2073311b,False,SBK,2,bisexual
1821,Theo_Jasper_Zhang,1989,False,1,2026-06-05 00:33:58.545049,824ee8cf-25ea-41f3-b930-3a0e2073311b,False,TJZ,1,straight
1822,Chris_Topher_Hu,1989,False,1,2026-06-05 00:33:58.545049,824ee8cf-25ea-41f3-b930-3a0e2073311b,False,CTH,4,bisexual
1823,Preed_Odathi_Ghandi,1989,False,1,2026-06-05 00:33:58.545049,824ee8cf-25ea-41f3-b930-3a0e2073311b,False,POG,1,Straight
1824,Josue_Benedicto_Marti,2007,True,1,2026-06-05 00:54:34.851381,f78c3175-2ede-4195-85f4-259f7b53017d,False,JBM,1,straight
1825,Rahul_Ibhan_Ramiz,2007,True,2,2026-06-05 00:54:34.851381,f78c3175-2ede-4195-85f4-259f7b53017d,False,RIR,5,gay
1826,Ishaan_Arav_Arun,2007,True,3,2026-06-05 00:54:34.851381,f78c3175-2ede-4195-85f4-259f7b53017d,False,IAA,5,gay
1827,Zeke_Thane_Painter,2007,True,1,2026-06-05 00:54:34.851381,f78c3175-2ede-4195-85f4-259f7b53017d,False,ZTP,1,straight
1828,Ishmael_Michael_Cabrera,2007,True,4,2026-06-05 00:54:34.851381,f78c3175-2ede-4195-85f4-259f7b53017d,False,IMC,1,straight
1829,Bob_Nicolas_Gonzalo,1996,True,3,2026-06-05 01:12:20.699661,c7301784-3b90-4d64-8dbb-51eaac0ff671,False,BNG,4,bisexual
1830,Sipoon_Lance_Kim,1996,True,1,2026-06-05 01:12:20.699661,c7301784-3b90-4d64-8dbb-51eaac0ff671,False,SLK,3,bisexual
1831,Chris_Chandler_King,1996,True,1,2026-06-05 01:12:20.699661,c7301784-3b90-4d64-8dbb-51eaac0ff671,False,CCK,1,straight
1832,Ryouma_Naru_Kouya,1996,True,5,2026-06-05 01:12:20.699661,c7301784-3b90-4d64-8dbb-51eaac0ff671,False,RNK,1,straight
1833,Willard_Gary_Barry,1996,True,5,2026-06-05 01:12:20.699661,c7301784-3b90-4d64-8dbb-51eaac0ff671,False,WGB,4,queer
1834,Franklin_Kampbell_Freeman,2005,True,4,2026-06-05 01:15:48.579175,c84b2ed5-88da-42d5-9813-3ec4fed613c1,False,FKF,5,gay
1835,Thomas_Harries_Huckstable,2005,True,2,2026-06-05 01:15:48.579175,c84b2ed5-88da-42d5-9813-3ec4fed613c1,False,THH,5,gay
1836,Leandro_Rado_Sanchez,2005,True,2,2026-06-05 01:15:48.579175,c84b2ed5-88da-42d5-9813-3ec4fed613c1,False,LRS,1,straight
1837,Jason_Fan_Yew,2005,True,3,2026-06-05 01:15:48.579175,c84b2ed5-88da-42d5-9813-3ec4fed613c1,False,JFY,1,straight
1838,David_Aaron_Beauregard,2005,True,2,2026-06-05 01:15:48.579175,c84b2ed5-88da-42d5-9813-3ec4fed613c1,False,DAB,1,straight
1839,Abe_Ian_Kim,2005,True,1,2026-06-05 01:16:35.536145,c84b2ed5-88da-42d5-9813-3ec4fed613c1,False,AIK,1,straight
1840,Micheal_Kawoori_Obterra,2005,True,5,2026-06-05 01:16:35.536145,c84b2ed5-88da-42d5-9813-3ec4fed613c1,False,MKO,5,gay
1841,Edward_Scissorhands_Salamander,2005,True,3,2026-06-05 01:16:35.536145,c84b2ed5-88da-42d5-9813-3ec4fed613c1,False,ESS,5,gay
1842,James_Landon_Galway,2005,True,5,2026-06-05 01:16:35.536145,c84b2ed5-88da-42d5-9813-3ec4fed613c1,False,JLG,3,bisexual
1843,Sahil_Krishna_Bhat,2005,True,5,2026-06-05 01:16:35.536145,c84b2ed5-88da-42d5-9813-3ec4fed613c1,False,SKB,1,straight
1844,Keith_Tadeo_Muna,1993,True,1,2026-06-05 01:25:47.49109,804b4ae9-d080-4a24-857a-f6a56269411c,False,KTM,2,straight
1845,Shannon_Samuel_Palley,1993,True,1,2026-06-05 01:25:47.49109,804b4ae9-d080-4a24-857a-f6a56269411c,False,SSP,1,straight
1846,Matthew_Enlai_Zhang,1993,True,5,2026-06-05 01:25:47.49109,804b4ae9-d080-4a24-857a-f6a56269411c,False,MEZ,1,straight
1847,Micheal_Kawoori_Obterra,1993,True,5,2026-06-05 01:25:47.49109,804b4ae9-d080-4a24-857a-f6a56269411c,False,MKO,5,gay
1848,Juniper_Jim_Sha,1993,True,3,2026-06-05 01:25:47.49109,804b4ae9-d080-4a24-857a-f6a56269411c,False,JJS,1,straight
1849,Theo_Jasper_Zhang,1993,True,3,2026-06-05 01:26:57.119179,804b4ae9-d080-4a24-857a-f6a56269411c,False,TJZ,1,straight
1850,Rahul_Ibhan_Ramiz,1993,True,1,2026-06-05 01:26:57.119179,804b4ae9-d080-4a24-857a-f6a56269411c,False,RIR,5,gay
1851,Sipoon_Lance_Kim,1993,True,4,2026-06-05 01:26:57.119179,804b4ae9-d080-4a24-857a-f6a56269411c,False,SLK,3,bisexual
1852,Aaron_Paul_Ingham,1993,True,1,2026-06-05 01:26:57.119179,804b4ae9-d080-4a24-857a-f6a56269411c,False,API,1,straight
1853,Asher_Kibble_Ibria,1993,True,5,2026-06-05 01:26:57.119179,804b4ae9-d080-4a24-857a-f6a56269411c,False,AKI,5,gay
1854,Darryl_David_Miller,1993,True,1,2026-06-05 01:28:10.550936,804b4ae9-d080-4a24-857a-f6a56269411c,False,DDM,3,bisexual
1855,Yinfan_Fred_Ha,1993,True,3,2026-06-05 01:28:10.550936,804b4ae9-d080-4a24-857a-f6a56269411c,False,YFH,1,straight
1856,Abner_Valentine_Lo,1993,True,5,2026-06-05 01:28:10.550936,804b4ae9-d080-4a24-857a-f6a56269411c,False,AVL,4,gay
1857,Matthew_Easton_Paulson,1993,True,3,2026-06-05 01:28:10.550936,804b4ae9-d080-4a24-857a-f6a56269411c,False,MEP,3,bisexual
1858,Chris_Topher_Hu,1993,True,1,2026-06-05 01:28:10.550936,804b4ae9-d080-4a24-857a-f6a56269411c,False,CTH,4,bisexual
1859,Damian_Ubiel_Torcuato,1993,True,3,2026-06-05 01:28:53.879886,804b4ae9-d080-4a24-857a-f6a56269411c,False,DUT,5,gay
1860,Jason_Fan_Yew,1993,True,1,2026-06-05 01:28:53.879886,804b4ae9-d080-4a24-857a-f6a56269411c,False,JFY,1,straight
1861,Thane_Manny_Manuel,1993,True,5,2026-06-05 01:28:53.879886,804b4ae9-d080-4a24-857a-f6a56269411c,False,TMM,5,gay
1862,Joss_Andrew_Section,1993,True,5,2026-06-05 01:28:53.879886,804b4ae9-d080-4a24-857a-f6a56269411c,False,JAS,5,gay
1863,Willard_Gary_Barry,1993,True,1,2026-06-05 01:28:53.879886,804b4ae9-d080-4a24-857a-f6a56269411c,False,WGB,4,queer
1864,Tollbooth_Jerome_Malcomb,1993,True,3,2026-06-05 01:29:50.048831,804b4ae9-d080-4a24-857a-f6a56269411c,False,TJM,2,bisexual
1865,Thomas_Harries_Huckstable,1993,True,1,2026-06-05 01:29:50.048831,804b4ae9-d080-4a24-857a-f6a56269411c,False,THH,5,gay
1866,Leandro_Rado_Sanchez,1993,True,1,2026-06-05 01:29:50.048831,804b4ae9-d080-4a24-857a-f6a56269411c,False,LRS,1,straight
1867,Ryouma_Naru_Kouya,1993,True,5,2026-06-05 01:29:50.048831,804b4ae9-d080-4a24-857a-f6a56269411c,False,RNK,1,straight
1868,Josue_Benedicto_Marti,1993,True,1,2026-06-05 01:29:50.048831,804b4ae9-d080-4a24-857a-f6a56269411c,False,JBM,1,straight
1869,Bob_Nicolas_Gonzalo,1993,True,3,2026-06-05 01:30:45.663889,804b4ae9-d080-4a24-857a-f6a56269411c,False,BNG,4,bisexual
1870,Azad_Pars_Salaam,1993,True,1,2026-06-05 01:30:45.663889,804b4ae9-d080-4a24-857a-f6a56269411c,False,APS,5,gay
1871,Kamal_Chandani_Obterre,1993,True,1,2026-06-05 01:30:45.663889,804b4ae9-d080-4a24-857a-f6a56269411c,False,KCO,4,bisexual
1872,Billiam_Traincar_Zhu,1993,True,3,2026-06-05 01:30:45.663889,804b4ae9-d080-4a24-857a-f6a56269411c,False,BTZ,3,questioning
1873,Shangdong_Bill_Kang,1993,True,1,2026-06-05 01:30:45.663889,804b4ae9-d080-4a24-857a-f6a56269411c,False,SBK,2,bisexual
1874,Jason_Jerome_Cao,1994,True,4,2026-06-05 01:39:07.87223,6f1ed9da-66e1-4113-aac5-336b1edf1a05,False,JJC,5,gay
1875,Preed_Odathi_Ghandi,1994,True,1,2026-06-05 01:39:07.87223,6f1ed9da-66e1-4113-aac5-336b1edf1a05,False,POG,1,Straight
1876,Ethan_Nguyen_Nguyen,1994,True,2,2026-06-05 01:39:07.87223,6f1ed9da-66e1-4113-aac5-336b1edf1a05,False,ENN,1,straight
1877,James_Landon_Galway,1994,True,4,2026-06-05 01:39:07.87223,6f1ed9da-66e1-4113-aac5-336b1edf1a05,False,JLG,3,bisexual
1878,Andrew_Yingchen_Gu,1994,True,1,2026-06-05 01:39:07.87223,6f1ed9da-66e1-4113-aac5-336b1edf1a05,False,AYG,1,straight
1879,Abe_Ian_Kim,1994,True,1,2026-06-05 01:41:21.825242,6f1ed9da-66e1-4113-aac5-336b1edf1a05,False,AIK,1,straight
1880,Shannon_Samuel_Palley,1994,True,5,2026-06-05 01:41:21.825242,6f1ed9da-66e1-4113-aac5-336b1edf1a05,False,SSP,1,straight
1881,Keith_Tadeo_Muna,1994,True,2,2026-06-05 01:41:21.825242,6f1ed9da-66e1-4113-aac5-336b1edf1a05,False,KTM,2,straight
1882,David_Aaron_Beauregard,1994,True,1,2026-06-05 01:41:21.825242,6f1ed9da-66e1-4113-aac5-336b1edf1a05,False,DAB,1,straight
1883,Randall_Larry_McGaren,1994,True,5,2026-06-05 01:41:21.825242,6f1ed9da-66e1-4113-aac5-336b1edf1a05,False,RLM,5,gay
1884,Chris_Chandler_King,1996,True,2,2026-06-05 01:45:57.274133,9a54590b-9fcd-4001-9bbc-58b09676cf10,False,CCK,1,straight
1885,Zeke_Thane_Painter,1996,True,1,2026-06-05 01:45:57.274133,9a54590b-9fcd-4001-9bbc-58b09676cf10,False,ZTP,1,straight
1886,James_Edward_Granton,1996,True,3,2026-06-05 01:45:57.274133,9a54590b-9fcd-4001-9bbc-58b09676cf10,False,JEG,1,straight
1887,Ishaan_Arav_Arun,1996,True,4,2026-06-05 01:45:57.274133,9a54590b-9fcd-4001-9bbc-58b09676cf10,False,IAA,5,gay
1888,Ishmael_Michael_Cabrera,1996,True,1,2026-06-05 01:45:57.274133,9a54590b-9fcd-4001-9bbc-58b09676cf10,False,IMC,1,straight
1889,Franklin_Kampbell_Freeman,1996,True,1,2026-06-05 01:46:52.002822,9a54590b-9fcd-4001-9bbc-58b09676cf10,False,FKF,5,gay
1890,Nicholas_Andrew_Falhosh,1996,True,2,2026-06-05 01:46:52.002822,9a54590b-9fcd-4001-9bbc-58b09676cf10,False,NAF,2,bisexual
1891,Edward_Scissorhands_Salamander,1996,True,5,2026-06-05 01:46:52.002822,9a54590b-9fcd-4001-9bbc-58b09676cf10,False,ESS,5,gay
1892,Sahil_Krishna_Bhat,1996,True,3,2026-06-05 01:46:52.002822,9a54590b-9fcd-4001-9bbc-58b09676cf10,False,SKB,1,straight
1893,Big_Ey_Cai,1996,True,1,2026-06-05 01:46:52.002822,9a54590b-9fcd-4001-9bbc-58b09676cf10,False,BEC,1,straight
1894,Willard_Gary_Barry,2004,False,5,2026-06-05 01:47:41.382849,60181fdd-89f1-4cc3-878c-9024a35deb47,False,WGB,4,queer
1895,Shannon_Samuel_Palley,2004,False,3,2026-06-05 01:47:41.382849,60181fdd-89f1-4cc3-878c-9024a35deb47,False,SSP,1,straight
1896,Sahil_Krishna_Bhat,2004,False,2,2026-06-05 01:47:41.382849,60181fdd-89f1-4cc3-878c-9024a35deb47,False,SKB,1,straight
1897,Edward_Scissorhands_Salamander,2004,False,1,2026-06-05 01:47:41.382849,60181fdd-89f1-4cc3-878c-9024a35deb47,False,ESS,5,gay
1898,Sipoon_Lance_Kim,2004,False,1,2026-06-05 01:47:41.382849,60181fdd-89f1-4cc3-878c-9024a35deb47,False,SLK,3,bisexual
1899,Chris_Chandler_King,2004,False,1,2026-06-05 01:48:47.006381,60181fdd-89f1-4cc3-878c-9024a35deb47,False,CCK,1,straight
1900,Darryl_David_Miller,2004,False,4,2026-06-05 01:48:47.006381,60181fdd-89f1-4cc3-878c-9024a35deb47,False,DDM,3,bisexual
1901,Asher_Kibble_Ibria,2004,False,5,2026-06-05 01:48:47.006381,60181fdd-89f1-4cc3-878c-9024a35deb47,False,AKI,5,gay
1902,David_Aaron_Beauregard,2004,False,2,2026-06-05 01:48:47.006381,60181fdd-89f1-4cc3-878c-9024a35deb47,False,DAB,1,straight
1903,Abner_Valentine_Lo,2004,False,5,2026-06-05 01:48:47.006381,60181fdd-89f1-4cc3-878c-9024a35deb47,False,AVL,4,gay
1904,Abner_Valentine_Lo,2005,True,4,2026-06-05 01:49:25.414734,b6fd7136-e74a-4c2f-8ab6-854e1c14fe7c,False,AVL,4,gay
1905,Abe_Ian_Kim,2005,True,2,2026-06-05 01:49:25.414734,b6fd7136-e74a-4c2f-8ab6-854e1c14fe7c,False,AIK,1,straight
1906,Bob_Nicolas_Gonzalo,2005,True,1,2026-06-05 01:49:25.414734,b6fd7136-e74a-4c2f-8ab6-854e1c14fe7c,False,BNG,4,bisexual
1907,Juniper_Jim_Sha,2005,True,3,2026-06-05 01:49:25.414734,b6fd7136-e74a-4c2f-8ab6-854e1c14fe7c,False,JJS,1,straight
1908,Preed_Odathi_Ghandi,2005,True,1,2026-06-05 01:49:25.414734,b6fd7136-e74a-4c2f-8ab6-854e1c14fe7c,False,POG,1,Straight
1909,Kamal_Chandani_Obterre,2004,False,2,2026-06-05 01:49:48.905474,60181fdd-89f1-4cc3-878c-9024a35deb47,False,KCO,4,bisexual
1910,Shangdong_Bill_Kang,2004,False,1,2026-06-05 01:49:48.905474,60181fdd-89f1-4cc3-878c-9024a35deb47,False,SBK,2,bisexual
1911,Nicholas_Andrew_Falhosh,2004,False,3,2026-06-05 01:49:48.905474,60181fdd-89f1-4cc3-878c-9024a35deb47,False,NAF,2,bisexual
1912,Matthew_Enlai_Zhang,2004,False,1,2026-06-05 01:49:48.905474,60181fdd-89f1-4cc3-878c-9024a35deb47,False,MEZ,1,straight
1913,Rahul_Ibhan_Ramiz,2004,False,4,2026-06-05 01:49:48.905474,60181fdd-89f1-4cc3-878c-9024a35deb47,False,RIR,5,gay
1914,Aaron_Paul_Ingham,2005,True,1,2026-06-05 01:50:29.813917,b6fd7136-e74a-4c2f-8ab6-854e1c14fe7c,False,API,1,straight
1915,Thane_Manny_Manuel,2005,True,2,2026-06-05 01:50:29.813917,b6fd7136-e74a-4c2f-8ab6-854e1c14fe7c,False,TMM,5,gay
1916,Damian_Ubiel_Torcuato,2005,True,3,2026-06-05 01:50:29.813917,b6fd7136-e74a-4c2f-8ab6-854e1c14fe7c,False,DUT,5,gay
1917,Azad_Pars_Salaam,2005,True,2,2026-06-05 01:50:29.813917,b6fd7136-e74a-4c2f-8ab6-854e1c14fe7c,False,APS,5,gay
1918,Tollbooth_Jerome_Malcomb,2005,True,5,2026-06-05 01:50:29.813917,b6fd7136-e74a-4c2f-8ab6-854e1c14fe7c,False,TJM,2,bisexual
1919,Aaron_Paul_Ingham,2004,False,4,2026-06-05 01:50:37.310094,60181fdd-89f1-4cc3-878c-9024a35deb47,False,API,1,straight
1920,Thane_Manny_Manuel,2004,False,1,2026-06-05 01:50:37.310094,60181fdd-89f1-4cc3-878c-9024a35deb47,False,TMM,5,gay
1921,Andrew_Yingchen_Gu,2004,False,1,2026-06-05 01:50:37.310094,60181fdd-89f1-4cc3-878c-9024a35deb47,False,AYG,1,straight
1922,Josue_Benedicto_Marti,2004,False,2,2026-06-05 01:50:37.310094,60181fdd-89f1-4cc3-878c-9024a35deb47,False,JBM,1,straight
1923,Ryouma_Naru_Kouya,2004,False,5,2026-06-05 01:50:37.310094,60181fdd-89f1-4cc3-878c-9024a35deb47,False,RNK,1,straight
1924,Jason_Jerome_Cao,2004,False,5,2026-06-05 01:51:20.570112,60181fdd-89f1-4cc3-878c-9024a35deb47,False,JJC,5,gay
1925,Chris_Topher_Hu,2004,False,1,2026-06-05 01:51:20.570112,60181fdd-89f1-4cc3-878c-9024a35deb47,False,CTH,4,bisexual
1926,Thomas_Harries_Huckstable,2004,False,4,2026-06-05 01:51:20.570112,60181fdd-89f1-4cc3-878c-9024a35deb47,False,THH,5,gay
1927,James_Edward_Granton,2004,False,2,2026-06-05 01:51:20.570112,60181fdd-89f1-4cc3-878c-9024a35deb47,False,JEG,1,straight
1928,Ethan_Nguyen_Nguyen,2004,False,3,2026-06-05 01:51:20.570112,60181fdd-89f1-4cc3-878c-9024a35deb47,False,ENN,1,straight
1929,Matthew_Easton_Paulson,2004,False,5,2026-06-05 01:51:58.942356,60181fdd-89f1-4cc3-878c-9024a35deb47,False,MEP,3,bisexual
1930,Joss_Andrew_Section,2004,False,4,2026-06-05 01:51:58.942356,60181fdd-89f1-4cc3-878c-9024a35deb47,False,JAS,5,gay
1931,Leandro_Rado_Sanchez,2004,False,1,2026-06-05 01:51:58.942356,60181fdd-89f1-4cc3-878c-9024a35deb47,False,LRS,1,straight
1932,Yinfan_Fred_Ha,2004,False,2,2026-06-05 01:51:58.942356,60181fdd-89f1-4cc3-878c-9024a35deb47,False,YFH,1,straight
1933,Chris_Jason_Paulson,2004,False,4,2026-06-05 01:51:58.942356,60181fdd-89f1-4cc3-878c-9024a35deb47,False,CJP,2,bisexual
1934,Billiam_Traincar_Zhu,1997,True,2,2026-06-05 01:52:08.556856,a9c2876a-94a5-4229-8ddd-02750ef0f53d,False,BTZ,3,questioning
1935,Theo_Jasper_Zhang,1997,True,1,2026-06-05 01:52:08.556856,a9c2876a-94a5-4229-8ddd-02750ef0f53d,False,TJZ,1,straight
1936,David_Aaron_Beauregard,1997,True,1,2026-06-05 01:52:08.556856,a9c2876a-94a5-4229-8ddd-02750ef0f53d,False,DAB,1,straight
1937,Ethan_Nguyen_Nguyen,1997,True,3,2026-06-05 01:52:08.556856,a9c2876a-94a5-4229-8ddd-02750ef0f53d,False,ENN,1,straight
1938,Ryouma_Naru_Kouya,1997,True,5,2026-06-05 01:52:08.556856,a9c2876a-94a5-4229-8ddd-02750ef0f53d,False,RNK,1,straight
1939,James_Landon_Galway,2004,False,5,2026-06-05 01:52:37.6923,60181fdd-89f1-4cc3-878c-9024a35deb47,False,JLG,3,bisexual
1940,Keith_Tadeo_Muna,2004,False,4,2026-06-05 01:52:37.6923,60181fdd-89f1-4cc3-878c-9024a35deb47,False,KTM,2,straight
1941,Jason_Fan_Yew,2004,False,1,2026-06-05 01:52:37.6923,60181fdd-89f1-4cc3-878c-9024a35deb47,False,JFY,1,straight
1942,Franklin_Kampbell_Freeman,2004,False,1,2026-06-05 01:52:37.6923,60181fdd-89f1-4cc3-878c-9024a35deb47,False,FKF,5,gay
1943,Big_Ey_Cai,2004,False,2,2026-06-05 01:52:37.6923,60181fdd-89f1-4cc3-878c-9024a35deb47,False,BEC,1,straight
1944,Ishaan_Arav_Arun,2004,False,4,2026-06-05 01:53:18.502574,60181fdd-89f1-4cc3-878c-9024a35deb47,False,IAA,5,gay
1945,Ishmael_Michael_Cabrera,2004,False,1,2026-06-05 01:53:18.502574,60181fdd-89f1-4cc3-878c-9024a35deb47,False,IMC,1,straight
1946,Randall_Larry_McGaren,2004,False,3,2026-06-05 01:53:18.502574,60181fdd-89f1-4cc3-878c-9024a35deb47,False,RLM,5,gay
1947,Micheal_Kawoori_Obterra,2004,False,5,2026-06-05 01:53:18.502574,60181fdd-89f1-4cc3-878c-9024a35deb47,False,MKO,5,gay
1948,Zeke_Thane_Painter,2004,False,1,2026-06-05 01:53:18.502574,60181fdd-89f1-4cc3-878c-9024a35deb47,False,ZTP,1,straight
1949,Johnny_Gabe_Young,2004,False,4,2026-06-05 01:54:10.270051,60181fdd-89f1-4cc3-878c-9024a35deb47,False,JGY,1,straight
1950,Bob_Nicolas_Gonzalo,2004,False,3,2026-06-05 01:54:10.270051,60181fdd-89f1-4cc3-878c-9024a35deb47,False,BNG,4,bisexual
1951,Abe_Ian_Kim,2004,False,1,2026-06-05 01:54:10.270051,60181fdd-89f1-4cc3-878c-9024a35deb47,False,AIK,1,straight
1952,Billiam_Traincar_Zhu,2004,False,4,2026-06-05 01:54:10.270051,60181fdd-89f1-4cc3-878c-9024a35deb47,False,BTZ,3,questioning
1953,Damian_Ubiel_Torcuato,2004,False,1,2026-06-05 01:54:10.270051,60181fdd-89f1-4cc3-878c-9024a35deb47,False,DUT,5,gay
1954,Preed_Odathi_Ghandi,2004,False,1,2026-06-05 01:55:00.844579,60181fdd-89f1-4cc3-878c-9024a35deb47,False,POG,1,Straight
1955,Juniper_Jim_Sha,2004,False,5,2026-06-05 01:55:00.844579,60181fdd-89f1-4cc3-878c-9024a35deb47,False,JJS,1,straight
1956,Tollbooth_Jerome_Malcomb,2004,False,2,2026-06-05 01:55:00.844579,60181fdd-89f1-4cc3-878c-9024a35deb47,False,TJM,2,bisexual
1957,Azad_Pars_Salaam,2004,False,3,2026-06-05 01:55:00.844579,60181fdd-89f1-4cc3-878c-9024a35deb47,False,APS,5,gay
1958,Theo_Jasper_Zhang,2004,False,4,2026-06-05 01:55:00.844579,60181fdd-89f1-4cc3-878c-9024a35deb47,False,TJZ,1,straight
1959,James_Edward_Granton,1993,True,2,2026-06-05 01:57:57.6734,f747d1a8-8bb4-4a93-bdee-f80510edff77,False,JEG,1,straight
1960,Ishaan_Arav_Arun,1993,True,4,2026-06-05 01:57:57.6734,f747d1a8-8bb4-4a93-bdee-f80510edff77,False,IAA,5,gay
1961,Micheal_Kawoori_Obterra,1993,True,1,2026-06-05 01:57:57.6734,f747d1a8-8bb4-4a93-bdee-f80510edff77,False,MKO,5,gay
1962,Shannon_Samuel_Palley,1993,True,5,2026-06-05 01:57:57.6734,f747d1a8-8bb4-4a93-bdee-f80510edff77,False,SSP,1,straight
1963,Johnny_Gabe_Young,1993,True,1,2026-06-05 01:57:57.6734,f747d1a8-8bb4-4a93-bdee-f80510edff77,False,JGY,1,straight
1964,Matthew_Easton_Paulson,1984,True,2,2026-06-05 01:58:45.088685,da4917cc-f2ce-41fe-a29e-a98711a7dbc7,False,MEP,3,bisexual
1965,Asher_Kibble_Ibria,1984,True,5,2026-06-05 01:58:45.088685,da4917cc-f2ce-41fe-a29e-a98711a7dbc7,False,AKI,5,gay
1966,Yinfan_Fred_Ha,1984,True,5,2026-06-05 01:58:45.088685,da4917cc-f2ce-41fe-a29e-a98711a7dbc7,False,YFH,1,straight
1967,Jason_Fan_Yew,1984,True,5,2026-06-05 01:58:45.088685,da4917cc-f2ce-41fe-a29e-a98711a7dbc7,False,JFY,1,straight
1968,Chris_Topher_Hu,1984,True,2,2026-06-05 01:58:45.088685,da4917cc-f2ce-41fe-a29e-a98711a7dbc7,False,CTH,4,bisexual
1969,Randall_Larry_McGaren,1993,True,5,2026-06-05 01:58:47.342892,f747d1a8-8bb4-4a93-bdee-f80510edff77,False,RLM,5,gay
1970,Chris_Topher_Hu,1993,True,1,2026-06-05 01:58:47.342892,f747d1a8-8bb4-4a93-bdee-f80510edff77,False,CTH,4,bisexual
1971,Asher_Kibble_Ibria,1993,True,5,2026-06-05 01:58:47.342892,f747d1a8-8bb4-4a93-bdee-f80510edff77,False,AKI,5,gay
1972,Sahil_Krishna_Bhat,1993,True,1,2026-06-05 01:58:47.342892,f747d1a8-8bb4-4a93-bdee-f80510edff77,False,SKB,1,straight
1973,Ishmael_Michael_Cabrera,1993,True,1,2026-06-05 01:58:47.342892,f747d1a8-8bb4-4a93-bdee-f80510edff77,False,IMC,1,straight
1974,Willard_Gary_Barry,1993,True,1,2026-06-05 01:59:26.132875,f747d1a8-8bb4-4a93-bdee-f80510edff77,False,WGB,4,queer
1975,Matthew_Enlai_Zhang,1993,True,1,2026-06-05 01:59:26.132875,f747d1a8-8bb4-4a93-bdee-f80510edff77,False,MEZ,1,straight
1976,Chris_Jason_Paulson,1993,True,1,2026-06-05 01:59:26.132875,f747d1a8-8bb4-4a93-bdee-f80510edff77,False,CJP,2,bisexual
1977,Rahul_Ibhan_Ramiz,1993,True,1,2026-06-05 01:59:26.132875,f747d1a8-8bb4-4a93-bdee-f80510edff77,False,RIR,5,gay
1978,Franklin_Kampbell_Freeman,1993,True,5,2026-06-05 01:59:26.132875,f747d1a8-8bb4-4a93-bdee-f80510edff77,False,FKF,5,gay
1979,Nicholas_Andrew_Falhosh,1996,True,1,2026-06-05 01:59:27.261586,f0d39716-a4ee-45e1-99ec-c9bfd2846c2d,False,NAF,2,bisexual
1980,Shannon_Samuel_Palley,1996,True,2,2026-06-05 01:59:27.261586,f0d39716-a4ee-45e1-99ec-c9bfd2846c2d,False,SSP,1,straight
1981,Thomas_Harries_Huckstable,1996,True,3,2026-06-05 01:59:27.261586,f0d39716-a4ee-45e1-99ec-c9bfd2846c2d,False,THH,5,gay
1982,Ishmael_Michael_Cabrera,1996,True,1,2026-06-05 01:59:27.261586,f0d39716-a4ee-45e1-99ec-c9bfd2846c2d,False,IMC,1,straight
1983,Keith_Tadeo_Muna,1996,True,4,2026-06-05 01:59:27.261586,f0d39716-a4ee-45e1-99ec-c9bfd2846c2d,False,KTM,2,straight
1984,Josue_Benedicto_Marti,1993,True,1,2026-06-05 02:00:01.605284,f747d1a8-8bb4-4a93-bdee-f80510edff77,False,JBM,1,straight
1985,Jason_Jerome_Cao,1993,True,5,2026-06-05 02:00:01.605284,f747d1a8-8bb4-4a93-bdee-f80510edff77,False,JJC,5,gay
1986,Chris_Chandler_King,1993,True,5,2026-06-05 02:00:01.605284,f747d1a8-8bb4-4a93-bdee-f80510edff77,False,CCK,1,straight
1987,James_Landon_Galway,1993,True,5,2026-06-05 02:00:01.605284,f747d1a8-8bb4-4a93-bdee-f80510edff77,False,JLG,3,bisexual
1988,Shangdong_Bill_Kang,1993,True,5,2026-06-05 02:00:01.605284,f747d1a8-8bb4-4a93-bdee-f80510edff77,False,SBK,2,bisexual
1989,Joss_Andrew_Section,1984,True,5,2026-06-05 02:00:31.643197,da4917cc-f2ce-41fe-a29e-a98711a7dbc7,False,JAS,5,gay
1990,Zeke_Thane_Painter,1984,True,1,2026-06-05 02:00:31.643197,da4917cc-f2ce-41fe-a29e-a98711a7dbc7,False,ZTP,1,straight
1991,Andrew_Yingchen_Gu,1984,True,1,2026-06-05 02:00:31.643197,da4917cc-f2ce-41fe-a29e-a98711a7dbc7,False,AYG,1,straight
1992,Edward_Scissorhands_Salamander,1984,True,5,2026-06-05 02:00:31.643197,da4917cc-f2ce-41fe-a29e-a98711a7dbc7,False,ESS,5,gay
1993,Shangdong_Bill_Kang,1984,True,5,2026-06-05 02:00:31.643197,da4917cc-f2ce-41fe-a29e-a98711a7dbc7,False,SBK,2,bisexual
1994,Zeke_Thane_Painter,1993,True,1,2026-06-05 02:00:41.735265,f747d1a8-8bb4-4a93-bdee-f80510edff77,False,ZTP,1,straight
1995,Joss_Andrew_Section,1993,True,5,2026-06-05 02:00:41.735265,f747d1a8-8bb4-4a93-bdee-f80510edff77,False,JAS,5,gay
1996,Sipoon_Lance_Kim,1993,True,1,2026-06-05 02:00:41.735265,f747d1a8-8bb4-4a93-bdee-f80510edff77,False,SLK,3,bisexual
1997,Kamal_Chandani_Obterre,1993,True,4,2026-06-05 02:00:41.735265,f747d1a8-8bb4-4a93-bdee-f80510edff77,False,KCO,4,bisexual
1998,Andrew_Yingchen_Gu,1993,True,1,2026-06-05 02:00:41.735265,f747d1a8-8bb4-4a93-bdee-f80510edff77,False,AYG,1,straight
1999,Big_Ey_Cai,1984,True,1,2026-06-05 02:01:50.704521,da4917cc-f2ce-41fe-a29e-a98711a7dbc7,False,BEC,1,straight
2000,Leandro_Rado_Sanchez,1984,True,1,2026-06-05 02:01:50.704521,da4917cc-f2ce-41fe-a29e-a98711a7dbc7,False,LRS,1,straight
2001,Darryl_David_Miller,1984,True,2,2026-06-05 02:01:50.704521,da4917cc-f2ce-41fe-a29e-a98711a7dbc7,False,DDM,3,bisexual
2002,Matthew_Enlai_Zhang,1984,True,3,2026-06-05 02:01:50.704521,da4917cc-f2ce-41fe-a29e-a98711a7dbc7,False,MEZ,1,straight
2003,Micheal_Kawoori_Obterra,1984,True,5,2026-06-05 02:01:50.704521,da4917cc-f2ce-41fe-a29e-a98711a7dbc7,False,MKO,5,gay
2004,Josue_Benedicto_Marti,1984,True,1,2026-06-05 02:03:09.154678,da4917cc-f2ce-41fe-a29e-a98711a7dbc7,False,JBM,1,straight
2005,Keith_Tadeo_Muna,1984,True,1,2026-06-05 02:03:09.154678,da4917cc-f2ce-41fe-a29e-a98711a7dbc7,False,KTM,2,straight
2006,Thomas_Harries_Huckstable,1984,True,5,2026-06-05 02:03:09.154678,da4917cc-f2ce-41fe-a29e-a98711a7dbc7,False,THH,5,gay
2007,Ryouma_Naru_Kouya,1984,True,3,2026-06-05 02:03:09.154678,da4917cc-f2ce-41fe-a29e-a98711a7dbc7,False,RNK,1,straight
2008,Aaron_Paul_Ingham,1984,True,1,2026-06-05 02:03:09.154678,da4917cc-f2ce-41fe-a29e-a98711a7dbc7,False,API,1,straight
2009,Kamal_Chandani_Obterre,2001,True,4,2026-06-05 02:04:16.013386,1764fba1-0d90-48b9-b545-651345363904,False,KCO,4,bisexual
2010,Ishaan_Arav_Arun,2001,True,5,2026-06-05 02:04:16.013386,1764fba1-0d90-48b9-b545-651345363904,False,IAA,5,gay
2011,Damian_Ubiel_Torcuato,2001,True,2,2026-06-05 02:04:16.013386,1764fba1-0d90-48b9-b545-651345363904,False,DUT,5,gay
2012,Theo_Jasper_Zhang,2001,True,1,2026-06-05 02:04:16.013386,1764fba1-0d90-48b9-b545-651345363904,False,TJZ,1,straight
2013,Edward_Scissorhands_Salamander,2001,True,5,2026-06-05 02:04:16.013386,1764fba1-0d90-48b9-b545-651345363904,False,ESS,5,gay
2014,Preed_Odathi_Ghandi,1984,True,5,2026-06-05 02:04:21.307663,da4917cc-f2ce-41fe-a29e-a98711a7dbc7,False,POG,1,Straight
2015,James_Landon_Galway,1984,True,5,2026-06-05 02:04:21.307663,da4917cc-f2ce-41fe-a29e-a98711a7dbc7,False,JLG,3,bisexual
2016,Rahul_Ibhan_Ramiz,1984,True,1,2026-06-05 02:04:21.307663,da4917cc-f2ce-41fe-a29e-a98711a7dbc7,False,RIR,5,gay
2017,Bob_Nicolas_Gonzalo,1984,True,1,2026-06-05 02:04:21.307663,da4917cc-f2ce-41fe-a29e-a98711a7dbc7,False,BNG,4,bisexual
2018,Damian_Ubiel_Torcuato,1984,True,5,2026-06-05 02:04:21.307663,da4917cc-f2ce-41fe-a29e-a98711a7dbc7,False,DUT,5,gay
2019,James_Edward_Granton,1984,True,5,2026-06-05 02:06:31.237574,da4917cc-f2ce-41fe-a29e-a98711a7dbc7,False,JEG,1,straight
2020,Sahil_Krishna_Bhat,1984,True,5,2026-06-05 02:06:31.237574,da4917cc-f2ce-41fe-a29e-a98711a7dbc7,False,SKB,1,straight
2021,Abe_Ian_Kim,1984,True,1,2026-06-05 02:06:31.237574,da4917cc-f2ce-41fe-a29e-a98711a7dbc7,False,AIK,1,straight
2022,Tollbooth_Jerome_Malcomb,1984,True,3,2026-06-05 02:06:31.237574,da4917cc-f2ce-41fe-a29e-a98711a7dbc7,False,TJM,2,bisexual
2023,Chris_Chandler_King,1984,True,3,2026-06-05 02:06:31.237574,da4917cc-f2ce-41fe-a29e-a98711a7dbc7,False,CCK,1,straight
2024,Ryouma_Naru_Kouya,1996,True,1,2026-06-05 02:08:01.859133,3029fafb-23db-4b33-9cbc-40f80f466524,False,RNK,1,straight
2025,Ishaan_Arav_Arun,1996,True,4,2026-06-05 02:08:01.859133,3029fafb-23db-4b33-9cbc-40f80f466524,False,IAA,5,gay
2026,Abe_Ian_Kim,1996,True,1,2026-06-05 02:08:01.859133,3029fafb-23db-4b33-9cbc-40f80f466524,False,AIK,1,straight
2027,Bob_Nicolas_Gonzalo,1996,True,1,2026-06-05 02:08:01.859133,3029fafb-23db-4b33-9cbc-40f80f466524,False,BNG,4,bisexual
2028,Keith_Tadeo_Muna,1996,True,5,2026-06-05 02:08:01.859133,3029fafb-23db-4b33-9cbc-40f80f466524,False,KTM,2,straight
2029,Abner_Valentine_Lo,1984,True,5,2026-06-05 02:08:36.636179,da4917cc-f2ce-41fe-a29e-a98711a7dbc7,False,AVL,4,gay
2030,Franklin_Kampbell_Freeman,1984,True,1,2026-06-05 02:08:36.636179,da4917cc-f2ce-41fe-a29e-a98711a7dbc7,False,FKF,5,gay
2031,Nicholas_Andrew_Falhosh,1984,True,1,2026-06-05 02:08:36.636179,da4917cc-f2ce-41fe-a29e-a98711a7dbc7,False,NAF,2,bisexual
2032,Jason_Jerome_Cao,1984,True,5,2026-06-05 02:08:36.636179,da4917cc-f2ce-41fe-a29e-a98711a7dbc7,False,JJC,5,gay
2033,Chris_Jason_Paulson,1984,True,5,2026-06-05 02:08:36.636179,da4917cc-f2ce-41fe-a29e-a98711a7dbc7,False,CJP,2,bisexual
2034,Yinfan_Fred_Ha,1996,True,4,2026-06-05 02:11:23.978619,3029fafb-23db-4b33-9cbc-40f80f466524,False,YFH,1,straight
2035,Sipoon_Lance_Kim,1996,True,1,2026-06-05 02:11:23.978619,3029fafb-23db-4b33-9cbc-40f80f466524,False,SLK,3,bisexual
2036,Ethan_Nguyen_Nguyen,1996,True,1,2026-06-05 02:11:23.978619,3029fafb-23db-4b33-9cbc-40f80f466524,False,ENN,1,straight
2037,Matthew_Easton_Paulson,1996,True,5,2026-06-05 02:11:23.978619,3029fafb-23db-4b33-9cbc-40f80f466524,False,MEP,3,bisexual
2038,Franklin_Kampbell_Freeman,1996,True,3,2026-06-05 02:11:23.978619,3029fafb-23db-4b33-9cbc-40f80f466524,False,FKF,5,gay
2039,Azad_Pars_Salaam,1999,True,3,2026-06-05 02:13:08.459232,1b124d63-f543-41de-ad33-6b66ab0cf770,False,APS,5,gay
2040,Jason_Fan_Yew,1999,True,2,2026-06-05 02:13:08.459232,1b124d63-f543-41de-ad33-6b66ab0cf770,False,JFY,1,straight
2041,Leandro_Rado_Sanchez,1999,True,1,2026-06-05 02:13:08.459232,1b124d63-f543-41de-ad33-6b66ab0cf770,False,LRS,1,straight
2042,Billiam_Traincar_Zhu,1999,True,2,2026-06-05 02:13:08.459232,1b124d63-f543-41de-ad33-6b66ab0cf770,False,BTZ,3,questioning
2043,Randall_Larry_McGaren,1999,True,5,2026-06-05 02:13:08.459232,1b124d63-f543-41de-ad33-6b66ab0cf770,False,RLM,5,gay
2044,David_Aaron_Beauregard,1996,True,1,2026-06-05 02:13:12.183758,3029fafb-23db-4b33-9cbc-40f80f466524,False,DAB,1,straight
2045,Randall_Larry_McGaren,1996,True,5,2026-06-05 02:13:12.183758,3029fafb-23db-4b33-9cbc-40f80f466524,False,RLM,5,gay
2046,Juniper_Jim_Sha,1996,True,4,2026-06-05 02:13:12.183758,3029fafb-23db-4b33-9cbc-40f80f466524,False,JJS,1,straight
2047,Billiam_Traincar_Zhu,1996,True,1,2026-06-05 02:13:12.183758,3029fafb-23db-4b33-9cbc-40f80f466524,False,BTZ,3,questioning
2048,Leandro_Rado_Sanchez,1996,True,1,2026-06-05 02:13:12.183758,3029fafb-23db-4b33-9cbc-40f80f466524,False,LRS,1,straight
2049,Darryl_David_Miller,1999,True,1,2026-06-05 02:14:43.700705,1b124d63-f543-41de-ad33-6b66ab0cf770,False,DDM,3,bisexual
2050,Willard_Gary_Barry,1999,True,5,2026-06-05 02:14:43.700705,1b124d63-f543-41de-ad33-6b66ab0cf770,False,WGB,4,queer
2051,Thane_Manny_Manuel,1999,True,2,2026-06-05 02:14:43.700705,1b124d63-f543-41de-ad33-6b66ab0cf770,False,TMM,5,gay
2052,Johnny_Gabe_Young,1999,True,1,2026-06-05 02:14:43.700705,1b124d63-f543-41de-ad33-6b66ab0cf770,False,JGY,1,straight
2053,Big_Ey_Cai,1999,True,1,2026-06-05 02:14:43.700705,1b124d63-f543-41de-ad33-6b66ab0cf770,False,BEC,1,straight
2054,Micheal_Kawoori_Obterra,1999,True,4,2026-06-05 02:20:49.01437,911668d6-2820-404f-a090-3286fb3cf9bd,False,MKO,5,gay
2055,David_Aaron_Beauregard,1999,True,1,2026-06-05 02:20:49.01437,911668d6-2820-404f-a090-3286fb3cf9bd,False,DAB,1,straight
2056,Johnny_Gabe_Young,1999,True,1,2026-06-05 02:20:49.01437,911668d6-2820-404f-a090-3286fb3cf9bd,False,JGY,1,straight
2057,Aaron_Paul_Ingham,1999,True,1,2026-06-05 02:20:49.01437,911668d6-2820-404f-a090-3286fb3cf9bd,False,API,1,straight
2058,Matthew_Enlai_Zhang,1999,True,1,2026-06-05 02:20:49.01437,911668d6-2820-404f-a090-3286fb3cf9bd,False,MEZ,1,straight
2059,Chris_Topher_Hu,1999,True,1,2026-06-05 02:21:57.293839,911668d6-2820-404f-a090-3286fb3cf9bd,False,CTH,4,bisexual
2060,Thane_Manny_Manuel,1999,True,4,2026-06-05 02:21:57.293839,911668d6-2820-404f-a090-3286fb3cf9bd,False,TMM,5,gay
2061,Chris_Jason_Paulson,1999,True,3,2026-06-05 02:21:57.293839,911668d6-2820-404f-a090-3286fb3cf9bd,False,CJP,2,bisexual
2062,Theo_Jasper_Zhang,1999,True,1,2026-06-05 02:21:57.293839,911668d6-2820-404f-a090-3286fb3cf9bd,False,TJZ,1,straight
2063,Kamal_Chandani_Obterre,1999,True,1,2026-06-05 02:21:57.293839,911668d6-2820-404f-a090-3286fb3cf9bd,False,KCO,4,bisexual
2064,Nicholas_Andrew_Falhosh,2001,False,4,2026-06-05 02:24:39.497543,c8e1e4d7-4998-4ee4-8e13-0054c74e26f0,False,NAF,2,bisexual
2065,Jason_Jerome_Cao,2001,False,5,2026-06-05 02:24:39.497543,c8e1e4d7-4998-4ee4-8e13-0054c74e26f0,False,JJC,5,gay
2066,Abner_Valentine_Lo,2001,False,5,2026-06-05 02:24:39.497543,c8e1e4d7-4998-4ee4-8e13-0054c74e26f0,False,AVL,4,gay
2067,Big_Ey_Cai,2001,False,2,2026-06-05 02:24:39.497543,c8e1e4d7-4998-4ee4-8e13-0054c74e26f0,False,BEC,1,straight
2068,Tollbooth_Jerome_Malcomb,2001,False,3,2026-06-05 02:24:39.497543,c8e1e4d7-4998-4ee4-8e13-0054c74e26f0,False,TJM,2,bisexual
2069,James_Edward_Granton,1992,True,1,2026-06-05 02:25:05.756062,389dd3e8-504c-4832-a975-fe720cd079ac,False,JEG,1,straight
2070,Nicholas_Andrew_Falhosh,1992,True,1,2026-06-05 02:25:05.756062,389dd3e8-504c-4832-a975-fe720cd079ac,False,NAF,2,bisexual
2071,Matthew_Easton_Paulson,1992,True,5,2026-06-05 02:25:05.756062,389dd3e8-504c-4832-a975-fe720cd079ac,False,MEP,3,bisexual
2072,Big_Ey_Cai,1992,True,1,2026-06-05 02:25:05.756062,389dd3e8-504c-4832-a975-fe720cd079ac,False,BEC,1,straight
2073,Juniper_Jim_Sha,1992,True,4,2026-06-05 02:25:05.756062,389dd3e8-504c-4832-a975-fe720cd079ac,False,JJS,1,straight
2074,Ethan_Nguyen_Nguyen,2001,False,2,2026-06-05 02:26:11.628338,c8e1e4d7-4998-4ee4-8e13-0054c74e26f0,False,ENN,1,straight
2075,Preed_Odathi_Ghandi,2001,False,1,2026-06-05 02:26:11.628338,c8e1e4d7-4998-4ee4-8e13-0054c74e26f0,False,POG,1,Straight
2076,Ishmael_Michael_Cabrera,2001,False,1,2026-06-05 02:26:11.628338,c8e1e4d7-4998-4ee4-8e13-0054c74e26f0,False,IMC,1,straight
2077,Juniper_Jim_Sha,2001,False,5,2026-06-05 02:26:11.628338,c8e1e4d7-4998-4ee4-8e13-0054c74e26f0,False,JJS,1,straight
2078,James_Landon_Galway,2001,False,3,2026-06-05 02:26:11.628338,c8e1e4d7-4998-4ee4-8e13-0054c74e26f0,False,JLG,3,bisexual
2079,James_Landon_Galway,1992,True,5,2026-06-05 02:26:21.319117,389dd3e8-504c-4832-a975-fe720cd079ac,False,JLG,3,bisexual
2080,Preed_Odathi_Ghandi,1992,True,1,2026-06-05 02:26:21.319117,389dd3e8-504c-4832-a975-fe720cd079ac,False,POG,1,Straight
2081,Joss_Andrew_Section,1992,True,5,2026-06-05 02:26:21.319117,389dd3e8-504c-4832-a975-fe720cd079ac,False,JAS,5,gay
2082,Josue_Benedicto_Marti,1992,True,1,2026-06-05 02:26:21.319117,389dd3e8-504c-4832-a975-fe720cd079ac,False,JBM,1,straight
2083,Jason_Fan_Yew,1992,True,4,2026-06-05 02:26:21.319117,389dd3e8-504c-4832-a975-fe720cd079ac,False,JFY,1,straight
2084,Darryl_David_Miller,1988,True,4,2026-06-05 02:26:52.908813,c606976b-1701-4bee-8df4-be1c36832bf3,False,DDM,3,bisexual
2085,Andrew_Yingchen_Gu,1988,True,1,2026-06-05 02:26:52.908813,c606976b-1701-4bee-8df4-be1c36832bf3,False,AYG,1,straight
2086,Joss_Andrew_Section,1988,True,5,2026-06-05 02:26:52.908813,c606976b-1701-4bee-8df4-be1c36832bf3,False,JAS,5,gay
2087,Shannon_Samuel_Palley,1988,True,5,2026-06-05 02:26:52.908813,c606976b-1701-4bee-8df4-be1c36832bf3,False,SSP,1,straight
2088,Azad_Pars_Salaam,1988,True,5,2026-06-05 02:26:52.908813,c606976b-1701-4bee-8df4-be1c36832bf3,False,APS,5,gay
2089,Zeke_Thane_Painter,2001,False,1,2026-06-05 02:27:54.877772,c8e1e4d7-4998-4ee4-8e13-0054c74e26f0,False,ZTP,1,straight
2090,Chris_Chandler_King,2001,False,4,2026-06-05 02:27:54.877772,c8e1e4d7-4998-4ee4-8e13-0054c74e26f0,False,CCK,1,straight
2091,Andrew_Yingchen_Gu,2001,False,3,2026-06-05 02:27:54.877772,c8e1e4d7-4998-4ee4-8e13-0054c74e26f0,False,AYG,1,straight
2092,Shangdong_Bill_Kang,2001,False,4,2026-06-05 02:27:54.877772,c8e1e4d7-4998-4ee4-8e13-0054c74e26f0,False,SBK,2,bisexual
2093,Yinfan_Fred_Ha,2001,False,2,2026-06-05 02:27:54.877772,c8e1e4d7-4998-4ee4-8e13-0054c74e26f0,False,YFH,1,straight
2094,Rahul_Ibhan_Ramiz,1988,True,3,2026-06-05 02:28:09.08312,c606976b-1701-4bee-8df4-be1c36832bf3,False,RIR,5,gay
2095,Willard_Gary_Barry,1988,True,5,2026-06-05 02:28:09.08312,c606976b-1701-4bee-8df4-be1c36832bf3,False,WGB,4,queer
2096,Sipoon_Lance_Kim,1988,True,2,2026-06-05 02:28:09.08312,c606976b-1701-4bee-8df4-be1c36832bf3,False,SLK,3,bisexual
2097,Thomas_Harries_Huckstable,1988,True,3,2026-06-05 02:28:09.08312,c606976b-1701-4bee-8df4-be1c36832bf3,False,THH,5,gay
2098,Sahil_Krishna_Bhat,1988,True,5,2026-06-05 02:28:09.08312,c606976b-1701-4bee-8df4-be1c36832bf3,False,SKB,1,straight
2099,Edward_Scissorhands_Salamander,1988,True,1,2026-06-05 02:29:21.514907,c606976b-1701-4bee-8df4-be1c36832bf3,False,ESS,5,gay
2100,Asher_Kibble_Ibria,1988,True,4,2026-06-05 02:29:21.514907,c606976b-1701-4bee-8df4-be1c36832bf3,False,AKI,5,gay
2101,Matthew_Easton_Paulson,1988,True,2,2026-06-05 02:29:21.514907,c606976b-1701-4bee-8df4-be1c36832bf3,False,MEP,3,bisexual
2102,Jason_Jerome_Cao,1988,True,4,2026-06-05 02:29:21.514907,c606976b-1701-4bee-8df4-be1c36832bf3,False,JJC,5,gay
2103,Kamal_Chandani_Obterre,1988,True,1,2026-06-05 02:29:21.514907,c606976b-1701-4bee-8df4-be1c36832bf3,False,KCO,4,bisexual
2104,Rahul_Ibhan_Ramiz,2001,False,2,2026-06-05 02:29:47.967988,c8e1e4d7-4998-4ee4-8e13-0054c74e26f0,False,RIR,5,gay
2105,Thomas_Harries_Huckstable,2001,False,4,2026-06-05 02:29:47.967988,c8e1e4d7-4998-4ee4-8e13-0054c74e26f0,False,THH,5,gay
2106,Edward_Scissorhands_Salamander,2001,False,5,2026-06-05 02:29:47.967988,c8e1e4d7-4998-4ee4-8e13-0054c74e26f0,False,ESS,5,gay
2107,Willard_Gary_Barry,2001,False,4,2026-06-05 02:29:47.967988,c8e1e4d7-4998-4ee4-8e13-0054c74e26f0,False,WGB,4,queer
2108,Sipoon_Lance_Kim,2001,False,2,2026-06-05 02:29:47.967988,c8e1e4d7-4998-4ee4-8e13-0054c74e26f0,False,SLK,3,bisexual
2109,Keith_Tadeo_Muna,1988,True,5,2026-06-05 02:30:33.077159,c606976b-1701-4bee-8df4-be1c36832bf3,False,KTM,2,straight
2110,Leandro_Rado_Sanchez,1988,True,1,2026-06-05 02:30:33.077159,c606976b-1701-4bee-8df4-be1c36832bf3,False,LRS,1,straight
2111,Tollbooth_Jerome_Malcomb,1988,True,4,2026-06-05 02:30:33.077159,c606976b-1701-4bee-8df4-be1c36832bf3,False,TJM,2,bisexual
2112,Josue_Benedicto_Marti,1988,True,1,2026-06-05 02:30:33.077159,c606976b-1701-4bee-8df4-be1c36832bf3,False,JBM,1,straight
2113,Shangdong_Bill_Kang,1988,True,4,2026-06-05 02:30:33.077159,c606976b-1701-4bee-8df4-be1c36832bf3,False,SBK,2,bisexual
2114,Johnny_Gabe_Young,2001,False,2,2026-06-05 02:31:09.810668,c8e1e4d7-4998-4ee4-8e13-0054c74e26f0,False,JGY,1,straight
2115,Thane_Manny_Manuel,2001,False,1,2026-06-05 02:31:09.810668,c8e1e4d7-4998-4ee4-8e13-0054c74e26f0,False,TMM,5,gay
2116,Matthew_Enlai_Zhang,2001,False,3,2026-06-05 02:31:09.810668,c8e1e4d7-4998-4ee4-8e13-0054c74e26f0,False,MEZ,1,straight
2117,Franklin_Kampbell_Freeman,2001,False,4,2026-06-05 02:31:09.810668,c8e1e4d7-4998-4ee4-8e13-0054c74e26f0,False,FKF,5,gay
2118,Leandro_Rado_Sanchez,2001,False,2,2026-06-05 02:31:09.810668,c8e1e4d7-4998-4ee4-8e13-0054c74e26f0,False,LRS,1,straight
2119,Aaron_Paul_Ingham,2001,False,3,2026-06-05 02:32:44.927201,c8e1e4d7-4998-4ee4-8e13-0054c74e26f0,False,API,1,straight
2120,Shannon_Samuel_Palley,2001,False,1,2026-06-05 02:32:44.927201,c8e1e4d7-4998-4ee4-8e13-0054c74e26f0,False,SSP,1,straight
2121,Theo_Jasper_Zhang,2001,False,3,2026-06-05 02:32:44.927201,c8e1e4d7-4998-4ee4-8e13-0054c74e26f0,False,TJZ,1,straight
2122,Bob_Nicolas_Gonzalo,2001,False,5,2026-06-05 02:32:44.927201,c8e1e4d7-4998-4ee4-8e13-0054c74e26f0,False,BNG,4,bisexual
2123,Billiam_Traincar_Zhu,2001,False,4,2026-06-05 02:32:44.927201,c8e1e4d7-4998-4ee4-8e13-0054c74e26f0,False,BTZ,3,questioning
2124,Yinfan_Fred_Ha,2003,True,1,2026-06-05 02:34:34.376276,809f0144-f420-4188-9fe3-ea2ac563c718,False,YFH,1,straight
2125,Micheal_Kawoori_Obterra,2003,True,3,2026-06-05 02:34:34.376276,809f0144-f420-4188-9fe3-ea2ac563c718,False,MKO,5,gay
2126,Asher_Kibble_Ibria,2003,True,4,2026-06-05 02:34:34.376276,809f0144-f420-4188-9fe3-ea2ac563c718,False,AKI,5,gay
2127,Randall_Larry_McGaren,2003,True,2,2026-06-05 02:34:34.376276,809f0144-f420-4188-9fe3-ea2ac563c718,False,RLM,5,gay
2128,Abner_Valentine_Lo,2003,True,4,2026-06-05 02:34:34.376276,809f0144-f420-4188-9fe3-ea2ac563c718,False,AVL,4,gay
2129,Chris_Topher_Hu,2001,False,3,2026-06-05 02:34:45.315817,c8e1e4d7-4998-4ee4-8e13-0054c74e26f0,False,CTH,4,bisexual
2130,Ishaan_Arav_Arun,2001,False,5,2026-06-05 02:34:45.315817,c8e1e4d7-4998-4ee4-8e13-0054c74e26f0,False,IAA,5,gay
2131,Randall_Larry_McGaren,2001,False,4,2026-06-05 02:34:45.315817,c8e1e4d7-4998-4ee4-8e13-0054c74e26f0,False,RLM,5,gay
2132,Ryouma_Naru_Kouya,2001,False,4,2026-06-05 02:34:45.315817,c8e1e4d7-4998-4ee4-8e13-0054c74e26f0,False,RNK,1,straight
2133,Micheal_Kawoori_Obterra,2001,False,4,2026-06-05 02:34:45.315817,c8e1e4d7-4998-4ee4-8e13-0054c74e26f0,False,MKO,5,gay
2134,Darryl_David_Miller,2003,True,1,2026-06-05 02:35:30.9462,809f0144-f420-4188-9fe3-ea2ac563c718,False,DDM,3,bisexual
2135,Chris_Chandler_King,2003,True,3,2026-06-05 02:35:30.9462,809f0144-f420-4188-9fe3-ea2ac563c718,False,CCK,1,straight
2136,Sahil_Krishna_Bhat,2003,True,4,2026-06-05 02:35:30.9462,809f0144-f420-4188-9fe3-ea2ac563c718,False,SKB,1,straight
2137,Ethan_Nguyen_Nguyen,2003,True,5,2026-06-05 02:35:30.9462,809f0144-f420-4188-9fe3-ea2ac563c718,False,ENN,1,straight
2138,Chris_Jason_Paulson,2003,True,4,2026-06-05 02:35:30.9462,809f0144-f420-4188-9fe3-ea2ac563c718,False,CJP,2,bisexual
2139,Sahil_Krishna_Bhat,2001,False,3,2026-06-05 02:36:05.783617,c8e1e4d7-4998-4ee4-8e13-0054c74e26f0,False,SKB,1,straight
2140,Damian_Ubiel_Torcuato,2001,False,2,2026-06-05 02:36:05.783617,c8e1e4d7-4998-4ee4-8e13-0054c74e26f0,False,DUT,5,gay
2141,Jason_Fan_Yew,2001,False,5,2026-06-05 02:36:05.783617,c8e1e4d7-4998-4ee4-8e13-0054c74e26f0,False,JFY,1,straight
2142,Azad_Pars_Salaam,2001,False,2,2026-06-05 02:36:05.783617,c8e1e4d7-4998-4ee4-8e13-0054c74e26f0,False,APS,5,gay
2143,Chris_Jason_Paulson,2001,False,4,2026-06-05 02:36:05.783617,c8e1e4d7-4998-4ee4-8e13-0054c74e26f0,False,CJP,2,bisexual
2144,James_Edward_Granton,2001,False,3,2026-06-05 02:38:57.106748,c8e1e4d7-4998-4ee4-8e13-0054c74e26f0,False,JEG,1,straight
2145,Abe_Ian_Kim,2001,False,1,2026-06-05 02:38:57.106748,c8e1e4d7-4998-4ee4-8e13-0054c74e26f0,False,AIK,1,straight
2146,David_Aaron_Beauregard,2001,False,2,2026-06-05 02:38:57.106748,c8e1e4d7-4998-4ee4-8e13-0054c74e26f0,False,DAB,1,straight
2147,Darryl_David_Miller,2001,False,3,2026-06-05 02:38:57.106748,c8e1e4d7-4998-4ee4-8e13-0054c74e26f0,False,DDM,3,bisexual
2148,Joss_Andrew_Section,2001,False,5,2026-06-05 02:38:57.106748,c8e1e4d7-4998-4ee4-8e13-0054c74e26f0,False,JAS,5,gay
2149,Ishmael_Michael_Cabrera,2005,True,1,2026-06-05 02:39:17.417191,c00a447d-be4f-4cc2-a63d-cba8460b6808,False,IMC,1,straight
2150,Zeke_Thane_Painter,2005,True,1,2026-06-05 02:39:17.417191,c00a447d-be4f-4cc2-a63d-cba8460b6808,False,ZTP,1,straight
2151,David_Aaron_Beauregard,2005,True,1,2026-06-05 02:39:17.417191,c00a447d-be4f-4cc2-a63d-cba8460b6808,False,DAB,1,straight
2152,James_Edward_Granton,2005,True,1,2026-06-05 02:39:17.417191,c00a447d-be4f-4cc2-a63d-cba8460b6808,False,JEG,1,straight
2153,Abe_Ian_Kim,2005,True,1,2026-06-05 02:39:17.417191,c00a447d-be4f-4cc2-a63d-cba8460b6808,False,AIK,1,straight
2154,Johnny_Gabe_Young,2005,True,1,2026-06-05 02:40:09.371497,c00a447d-be4f-4cc2-a63d-cba8460b6808,False,JGY,1,straight
2155,Aaron_Paul_Ingham,2005,True,1,2026-06-05 02:40:09.371497,c00a447d-be4f-4cc2-a63d-cba8460b6808,False,API,1,straight
2156,Ethan_Nguyen_Nguyen,2005,True,1,2026-06-05 02:40:09.371497,c00a447d-be4f-4cc2-a63d-cba8460b6808,False,ENN,1,straight
2157,Thane_Manny_Manuel,2005,True,3,2026-06-05 02:40:09.371497,c00a447d-be4f-4cc2-a63d-cba8460b6808,False,TMM,5,gay
2158,Abner_Valentine_Lo,2005,True,5,2026-06-05 02:40:09.371497,c00a447d-be4f-4cc2-a63d-cba8460b6808,False,AVL,4,gay
2159,Bob_Nicolas_Gonzalo,2005,True,1,2026-06-05 02:40:56.965928,c00a447d-be4f-4cc2-a63d-cba8460b6808,False,BNG,4,bisexual
2160,Chris_Topher_Hu,2005,True,1,2026-06-05 02:40:56.965928,c00a447d-be4f-4cc2-a63d-cba8460b6808,False,CTH,4,bisexual
2161,Yinfan_Fred_Ha,2005,True,1,2026-06-05 02:40:56.965928,c00a447d-be4f-4cc2-a63d-cba8460b6808,False,YFH,1,straight
2162,Ishaan_Arav_Arun,2005,True,4,2026-06-05 02:40:56.965928,c00a447d-be4f-4cc2-a63d-cba8460b6808,False,IAA,5,gay
2163,Nicholas_Andrew_Falhosh,2005,True,1,2026-06-05 02:40:56.965928,c00a447d-be4f-4cc2-a63d-cba8460b6808,False,NAF,2,bisexual
2164,Theo_Jasper_Zhang,2004,True,1,2026-06-05 02:41:04.981652,ba4da357-d7cd-45ca-a783-b8bedb0747e7,False,TJZ,1,straight
2165,Aaron_Paul_Ingham,2004,True,2,2026-06-05 02:41:04.981652,ba4da357-d7cd-45ca-a783-b8bedb0747e7,False,API,1,straight
2166,Sipoon_Lance_Kim,2004,True,5,2026-06-05 02:41:04.981652,ba4da357-d7cd-45ca-a783-b8bedb0747e7,False,SLK,3,bisexual
2167,Abner_Valentine_Lo,2004,True,5,2026-06-05 02:41:04.981652,ba4da357-d7cd-45ca-a783-b8bedb0747e7,False,AVL,4,gay
2168,Shannon_Samuel_Palley,2004,True,4,2026-06-05 02:41:04.981652,ba4da357-d7cd-45ca-a783-b8bedb0747e7,False,SSP,1,straight
2169,Ryouma_Naru_Kouya,2005,True,1,2026-06-05 02:41:30.467706,c00a447d-be4f-4cc2-a63d-cba8460b6808,False,RNK,1,straight
2170,Jason_Fan_Yew,2005,True,1,2026-06-05 02:41:30.467706,c00a447d-be4f-4cc2-a63d-cba8460b6808,False,JFY,1,straight
2171,Shangdong_Bill_Kang,2005,True,1,2026-06-05 02:41:30.467706,c00a447d-be4f-4cc2-a63d-cba8460b6808,False,SBK,2,bisexual
2172,Edward_Scissorhands_Salamander,2005,True,5,2026-06-05 02:41:30.467706,c00a447d-be4f-4cc2-a63d-cba8460b6808,False,ESS,5,gay
2173,Azad_Pars_Salaam,2005,True,1,2026-06-05 02:41:30.467706,c00a447d-be4f-4cc2-a63d-cba8460b6808,False,APS,5,gay
2174,James_Landon_Galway,2005,True,5,2026-06-05 02:42:03.389967,c00a447d-be4f-4cc2-a63d-cba8460b6808,False,JLG,3,bisexual
2175,Keith_Tadeo_Muna,2005,True,4,2026-06-05 02:42:03.389967,c00a447d-be4f-4cc2-a63d-cba8460b6808,False,KTM,2,straight
2176,Preed_Odathi_Ghandi,2005,True,2,2026-06-05 02:42:03.389967,c00a447d-be4f-4cc2-a63d-cba8460b6808,False,POG,1,Straight
2177,Kamal_Chandani_Obterre,2005,True,1,2026-06-05 02:42:03.389967,c00a447d-be4f-4cc2-a63d-cba8460b6808,False,KCO,4,bisexual
2178,Jason_Jerome_Cao,2005,True,5,2026-06-05 02:42:03.389967,c00a447d-be4f-4cc2-a63d-cba8460b6808,False,JJC,5,gay
2179,Damian_Ubiel_Torcuato,1993,True,3,2026-06-05 02:45:48.219095,014d066a-17c3-4493-b41e-9003b27505e0,False,DUT,5,gay
2180,Rahul_Ibhan_Ramiz,1993,True,3,2026-06-05 02:45:48.219095,014d066a-17c3-4493-b41e-9003b27505e0,False,RIR,5,gay
2181,Chris_Chandler_King,1993,True,3,2026-06-05 02:45:48.219095,014d066a-17c3-4493-b41e-9003b27505e0,False,CCK,1,straight
2182,Matthew_Enlai_Zhang,1993,True,3,2026-06-05 02:45:48.219095,014d066a-17c3-4493-b41e-9003b27505e0,False,MEZ,1,straight
2183,Ishmael_Michael_Cabrera,1993,True,3,2026-06-05 02:45:48.219095,014d066a-17c3-4493-b41e-9003b27505e0,False,IMC,1,straight
2184,Juniper_Jim_Sha,1993,True,3,2026-06-05 02:46:31.186013,014d066a-17c3-4493-b41e-9003b27505e0,False,JJS,1,straight
2185,Josue_Benedicto_Marti,1993,True,3,2026-06-05 02:46:31.186013,014d066a-17c3-4493-b41e-9003b27505e0,False,JBM,1,straight
2186,Andrew_Yingchen_Gu,1993,True,3,2026-06-05 02:46:31.186013,014d066a-17c3-4493-b41e-9003b27505e0,False,AYG,1,straight
2187,Zeke_Thane_Painter,1993,True,3,2026-06-05 02:46:31.186013,014d066a-17c3-4493-b41e-9003b27505e0,False,ZTP,1,straight
2188,Big_Ey_Cai,1993,True,3,2026-06-05 02:46:31.186013,014d066a-17c3-4493-b41e-9003b27505e0,False,BEC,1,straight
2189,Billiam_Traincar_Zhu,2000,True,3,2026-06-05 03:19:55.079626,e614a0da-7147-48b6-b32d-391dd2926987,False,BTZ,3,questioning
2190,Willard_Gary_Barry,2000,True,1,2026-06-05 03:19:55.079626,e614a0da-7147-48b6-b32d-391dd2926987,False,WGB,4,queer
2191,Asher_Kibble_Ibria,2000,True,5,2026-06-05 03:19:55.079626,e614a0da-7147-48b6-b32d-391dd2926987,False,AKI,5,gay
2192,Tollbooth_Jerome_Malcomb,2000,True,5,2026-06-05 03:19:55.079626,e614a0da-7147-48b6-b32d-391dd2926987,False,TJM,2,bisexual
2193,Matthew_Easton_Paulson,2000,True,1,2026-06-05 03:19:55.079626,e614a0da-7147-48b6-b32d-391dd2926987,False,MEP,3,bisexual
2194,Thomas_Harries_Huckstable,1970,True,1,2026-06-05 03:29:13.642922,426deff5-5d62-45eb-b669-5e398069e6ee,False,THH,5,gay
2195,Franklin_Kampbell_Freeman,1970,True,4,2026-06-05 03:29:13.642922,426deff5-5d62-45eb-b669-5e398069e6ee,False,FKF,5,gay
2196,Big_Ey_Cai,1970,True,5,2026-06-05 03:29:13.642922,426deff5-5d62-45eb-b669-5e398069e6ee,False,BEC,1,straight
2197,Joss_Andrew_Section,1970,True,4,2026-06-05 03:29:13.642922,426deff5-5d62-45eb-b669-5e398069e6ee,False,JAS,5,gay
2198,Yinfan_Fred_Ha,1970,True,1,2026-06-05 03:29:13.642922,426deff5-5d62-45eb-b669-5e398069e6ee,False,YFH,1,straight
2199,Asher_Kibble_Ibria,1970,True,5,2026-06-05 03:30:53.568815,426deff5-5d62-45eb-b669-5e398069e6ee,False,AKI,5,gay
2200,Abe_Ian_Kim,1970,True,3,2026-06-05 03:30:53.568815,426deff5-5d62-45eb-b669-5e398069e6ee,False,AIK,1,straight
2201,Josue_Benedicto_Marti,1970,True,1,2026-06-05 03:30:53.568815,426deff5-5d62-45eb-b669-5e398069e6ee,False,JBM,1,straight
2202,Shangdong_Bill_Kang,1970,True,4,2026-06-05 03:30:53.568815,426deff5-5d62-45eb-b669-5e398069e6ee,False,SBK,2,bisexual
2203,Andrew_Yingchen_Gu,1970,True,4,2026-06-05 03:30:53.568815,426deff5-5d62-45eb-b669-5e398069e6ee,False,AYG,1,straight
2204,Chris_Jason_Paulson,1996,True,5,2026-06-05 03:38:48.931696,3f3ecf31-7f78-466b-a1c6-a88ea5fa2ef6,False,CJP,2,bisexual
2205,David_Aaron_Beauregard,1996,True,1,2026-06-05 03:38:48.931696,3f3ecf31-7f78-466b-a1c6-a88ea5fa2ef6,False,DAB,1,straight
2206,James_Landon_Galway,1996,True,5,2026-06-05 03:38:48.931696,3f3ecf31-7f78-466b-a1c6-a88ea5fa2ef6,False,JLG,3,bisexual
2207,Sahil_Krishna_Bhat,1996,True,5,2026-06-05 03:38:48.931696,3f3ecf31-7f78-466b-a1c6-a88ea5fa2ef6,False,SKB,1,straight
2208,Willard_Gary_Barry,1996,True,5,2026-06-05 03:38:48.931696,3f3ecf31-7f78-466b-a1c6-a88ea5fa2ef6,False,WGB,4,queer
2209,Azad_Pars_Salaam,1996,True,4,2026-06-05 03:39:51.921742,3f3ecf31-7f78-466b-a1c6-a88ea5fa2ef6,False,APS,5,gay
2210,Matthew_Enlai_Zhang,1996,True,1,2026-06-05 03:39:51.921742,3f3ecf31-7f78-466b-a1c6-a88ea5fa2ef6,False,MEZ,1,straight
2211,Thomas_Harries_Huckstable,1996,True,2,2026-06-05 03:39:51.921742,3f3ecf31-7f78-466b-a1c6-a88ea5fa2ef6,False,THH,5,gay
2212,Darryl_David_Miller,1996,True,5,2026-06-05 03:39:51.921742,3f3ecf31-7f78-466b-a1c6-a88ea5fa2ef6,False,DDM,3,bisexual
2213,Ryouma_Naru_Kouya,1996,True,5,2026-06-05 03:39:51.921742,3f3ecf31-7f78-466b-a1c6-a88ea5fa2ef6,False,RNK,1,straight
2214,Thane_Manny_Manuel,1995,True,4,2026-06-05 03:40:48.210955,bc2a7163-1abc-476a-98ee-1c7787a7e994,False,TMM,5,gay
2215,Franklin_Kampbell_Freeman,1995,True,3,2026-06-05 03:40:48.210955,bc2a7163-1abc-476a-98ee-1c7787a7e994,False,FKF,5,gay
2216,Azad_Pars_Salaam,1995,True,1,2026-06-05 03:40:48.210955,bc2a7163-1abc-476a-98ee-1c7787a7e994,False,APS,5,gay
2217,Ethan_Nguyen_Nguyen,1995,True,3,2026-06-05 03:40:48.210955,bc2a7163-1abc-476a-98ee-1c7787a7e994,False,ENN,1,straight
2218,Ishmael_Michael_Cabrera,1995,True,2,2026-06-05 03:40:48.210955,bc2a7163-1abc-476a-98ee-1c7787a7e994,False,IMC,1,straight
2219,Randall_Larry_McGaren,1995,True,1,2026-06-05 03:41:34.338933,bc2a7163-1abc-476a-98ee-1c7787a7e994,False,RLM,5,gay
2220,Tollbooth_Jerome_Malcomb,1995,True,5,2026-06-05 03:41:34.338933,bc2a7163-1abc-476a-98ee-1c7787a7e994,False,TJM,2,bisexual
2221,Chris_Topher_Hu,1995,True,1,2026-06-05 03:41:34.338933,bc2a7163-1abc-476a-98ee-1c7787a7e994,False,CTH,4,bisexual
2222,Jason_Fan_Yew,1995,True,1,2026-06-05 03:41:34.338933,bc2a7163-1abc-476a-98ee-1c7787a7e994,False,JFY,1,straight
2223,Micheal_Kawoori_Obterra,1995,True,3,2026-06-05 03:41:34.338933,bc2a7163-1abc-476a-98ee-1c7787a7e994,False,MKO,5,gay
2224,Zeke_Thane_Painter,1990,True,1,2026-06-05 03:51:25.912703,934e92ee-4d8e-46e8-8394-73e5ca5826f6,False,ZTP,1,straight
2225,Damian_Ubiel_Torcuato,1990,True,3,2026-06-05 03:51:25.912703,934e92ee-4d8e-46e8-8394-73e5ca5826f6,False,DUT,5,gay
2226,Jason_Jerome_Cao,1990,True,4,2026-06-05 03:51:25.912703,934e92ee-4d8e-46e8-8394-73e5ca5826f6,False,JJC,5,gay
2227,Ishaan_Arav_Arun,1990,True,5,2026-06-05 03:51:25.912703,934e92ee-4d8e-46e8-8394-73e5ca5826f6,False,IAA,5,gay
2228,James_Edward_Granton,1990,True,4,2026-06-05 03:51:25.912703,934e92ee-4d8e-46e8-8394-73e5ca5826f6,False,JEG,1,straight
2229,Nicholas_Andrew_Falhosh,1990,True,1,2026-06-05 03:52:28.415719,934e92ee-4d8e-46e8-8394-73e5ca5826f6,False,NAF,2,bisexual
2230,Kamal_Chandani_Obterre,1990,True,5,2026-06-05 03:52:28.415719,934e92ee-4d8e-46e8-8394-73e5ca5826f6,False,KCO,4,bisexual
2231,Theo_Jasper_Zhang,1990,True,4,2026-06-05 03:52:28.415719,934e92ee-4d8e-46e8-8394-73e5ca5826f6,False,TJZ,1,straight
2232,Edward_Scissorhands_Salamander,1990,True,5,2026-06-05 03:52:28.415719,934e92ee-4d8e-46e8-8394-73e5ca5826f6,False,ESS,5,gay
2233,Bob_Nicolas_Gonzalo,1990,True,5,2026-06-05 03:52:28.415719,934e92ee-4d8e-46e8-8394-73e5ca5826f6,False,BNG,4,bisexual
2234,Rahul_Ibhan_Ramiz,1994,True,1,2026-06-05 04:02:50.680076,d64ddc20-a45e-4401-928e-610b5582c2b0,False,RIR,5,gay
2235,Keith_Tadeo_Muna,1994,True,4,2026-06-05 04:02:50.680076,d64ddc20-a45e-4401-928e-610b5582c2b0,False,KTM,2,straight
2236,Sipoon_Lance_Kim,1994,True,3,2026-06-05 04:02:50.680076,d64ddc20-a45e-4401-928e-610b5582c2b0,False,SLK,3,bisexual
2237,Billiam_Traincar_Zhu,1994,True,5,2026-06-05 04:02:50.680076,d64ddc20-a45e-4401-928e-610b5582c2b0,False,BTZ,3,questioning
2238,Leandro_Rado_Sanchez,1994,True,1,2026-06-05 04:02:50.680076,d64ddc20-a45e-4401-928e-610b5582c2b0,False,LRS,1,straight
2239,Chris_Chandler_King,2006,True,3,2026-06-05 04:03:07.809849,ca391365-5ca0-4ad4-8e22-fa222b605b9e,False,CCK,1,straight
2240,Sipoon_Lance_Kim,2006,True,4,2026-06-05 04:03:07.809849,ca391365-5ca0-4ad4-8e22-fa222b605b9e,False,SLK,3,bisexual
2241,Ishaan_Arav_Arun,2006,True,4,2026-06-05 04:03:07.809849,ca391365-5ca0-4ad4-8e22-fa222b605b9e,False,IAA,5,gay
2242,Johnny_Gabe_Young,2006,True,1,2026-06-05 04:03:07.809849,ca391365-5ca0-4ad4-8e22-fa222b605b9e,False,JGY,1,straight
2243,James_Edward_Granton,2006,True,2,2026-06-05 04:03:07.809849,ca391365-5ca0-4ad4-8e22-fa222b605b9e,False,JEG,1,straight
2244,Shannon_Samuel_Palley,1976,True,5,2026-06-05 04:06:57.712311,bc2011db-ccb0-4be5-a0e7-964a55fc99dc,False,SSP,1,straight
2245,Preed_Odathi_Ghandi,1976,True,1,2026-06-05 04:06:57.712311,bc2011db-ccb0-4be5-a0e7-964a55fc99dc,False,POG,1,Straight
2246,Matthew_Easton_Paulson,1976,True,4,2026-06-05 04:06:57.712311,bc2011db-ccb0-4be5-a0e7-964a55fc99dc,False,MEP,3,bisexual
2247,Juniper_Jim_Sha,1976,True,3,2026-06-05 04:06:57.712311,bc2011db-ccb0-4be5-a0e7-964a55fc99dc,False,JJS,1,straight
2248,Thomas_Harries_Huckstable,1976,True,1,2026-06-05 04:06:57.712311,bc2011db-ccb0-4be5-a0e7-964a55fc99dc,False,THH,5,gay
2249,Andrew_Yingchen_Gu,2001,True,1,2026-06-05 04:11:15.961638,880f2acd-bd90-47a2-a369-3c8a77f068c2,False,AYG,1,straight
2250,Ethan_Nguyen_Nguyen,2001,True,1,2026-06-05 04:11:15.961638,880f2acd-bd90-47a2-a369-3c8a77f068c2,False,ENN,1,straight
2251,Billiam_Traincar_Zhu,2001,True,5,2026-06-05 04:11:15.961638,880f2acd-bd90-47a2-a369-3c8a77f068c2,False,BTZ,3,questioning
2252,Preed_Odathi_Ghandi,2001,True,1,2026-06-05 04:11:15.961638,880f2acd-bd90-47a2-a369-3c8a77f068c2,False,POG,1,Straight
2253,Abe_Ian_Kim,2001,True,2,2026-06-05 04:11:15.961638,880f2acd-bd90-47a2-a369-3c8a77f068c2,False,AIK,1,straight
2254,Chris_Jason_Paulson,2001,True,2,2026-06-05 04:12:26.060362,880f2acd-bd90-47a2-a369-3c8a77f068c2,False,CJP,2,bisexual
2255,Juniper_Jim_Sha,2001,True,5,2026-06-05 04:12:26.060362,880f2acd-bd90-47a2-a369-3c8a77f068c2,False,JJS,1,straight
2256,Kamal_Chandani_Obterre,2001,True,1,2026-06-05 04:12:26.060362,880f2acd-bd90-47a2-a369-3c8a77f068c2,False,KCO,4,bisexual
2257,Asher_Kibble_Ibria,2001,True,5,2026-06-05 04:12:26.060362,880f2acd-bd90-47a2-a369-3c8a77f068c2,False,AKI,5,gay
2258,James_Landon_Galway,2001,True,3,2026-06-05 04:12:26.060362,880f2acd-bd90-47a2-a369-3c8a77f068c2,False,JLG,3,bisexual
2259,Leandro_Rado_Sanchez,1998,True,2,2026-06-05 04:47:15.843418,37d78b84-3d65-45e5-84c3-1e80aeac80b8,False,LRS,1,straight
2260,Matthew_Easton_Paulson,1998,True,5,2026-06-05 04:47:15.843418,37d78b84-3d65-45e5-84c3-1e80aeac80b8,False,MEP,3,bisexual
2261,Joss_Andrew_Section,1998,True,5,2026-06-05 04:47:15.843418,37d78b84-3d65-45e5-84c3-1e80aeac80b8,False,JAS,5,gay
2262,Keith_Tadeo_Muna,1998,True,4,2026-06-05 04:47:15.843418,37d78b84-3d65-45e5-84c3-1e80aeac80b8,False,KTM,2,straight
2263,Bob_Nicolas_Gonzalo,1998,True,1,2026-06-05 04:47:15.843418,37d78b84-3d65-45e5-84c3-1e80aeac80b8,False,BNG,4,bisexual
2264,Chris_Topher_Hu,1998,True,1,2026-06-05 04:48:32.275462,37d78b84-3d65-45e5-84c3-1e80aeac80b8,False,CTH,4,bisexual
2265,Shangdong_Bill_Kang,1998,True,3,2026-06-05 04:48:32.275462,37d78b84-3d65-45e5-84c3-1e80aeac80b8,False,SBK,2,bisexual
2266,Willard_Gary_Barry,1998,True,4,2026-06-05 04:48:32.275462,37d78b84-3d65-45e5-84c3-1e80aeac80b8,False,WGB,4,queer
2267,Big_Ey_Cai,1998,True,1,2026-06-05 04:48:32.275462,37d78b84-3d65-45e5-84c3-1e80aeac80b8,False,BEC,1,straight
2268,Damian_Ubiel_Torcuato,1998,True,5,2026-06-05 04:48:32.275462,37d78b84-3d65-45e5-84c3-1e80aeac80b8,False,DUT,5,gay
2269,Franklin_Kampbell_Freeman,1998,True,1,2026-06-05 04:51:13.743962,37d78b84-3d65-45e5-84c3-1e80aeac80b8,False,FKF,5,gay
2270,David_Aaron_Beauregard,1998,True,1,2026-06-05 04:51:13.743962,37d78b84-3d65-45e5-84c3-1e80aeac80b8,False,DAB,1,straight
2271,Sahil_Krishna_Bhat,1998,True,4,2026-06-05 04:51:13.743962,37d78b84-3d65-45e5-84c3-1e80aeac80b8,False,SKB,1,straight
2272,Micheal_Kawoori_Obterra,1998,True,5,2026-06-05 04:51:13.743962,37d78b84-3d65-45e5-84c3-1e80aeac80b8,False,MKO,5,gay
2273,Aaron_Paul_Ingham,1998,True,2,2026-06-05 04:51:13.743962,37d78b84-3d65-45e5-84c3-1e80aeac80b8,False,API,1,straight
2274,Yinfan_Fred_Ha,1998,True,1,2026-06-05 04:52:11.399273,37d78b84-3d65-45e5-84c3-1e80aeac80b8,False,YFH,1,straight
2275,Rahul_Ibhan_Ramiz,1998,True,2,2026-06-05 04:52:11.399273,37d78b84-3d65-45e5-84c3-1e80aeac80b8,False,RIR,5,gay
2276,Tollbooth_Jerome_Malcomb,1998,True,4,2026-06-05 04:52:11.399273,37d78b84-3d65-45e5-84c3-1e80aeac80b8,False,TJM,2,bisexual
2277,Ishmael_Michael_Cabrera,1998,True,1,2026-06-05 04:52:11.399273,37d78b84-3d65-45e5-84c3-1e80aeac80b8,False,IMC,1,straight
2278,Chris_Chandler_King,1998,True,2,2026-06-05 04:52:11.399273,37d78b84-3d65-45e5-84c3-1e80aeac80b8,False,CCK,1,straight
2279,Zeke_Thane_Painter,1997,True,1,2026-06-05 04:57:20.939462,a02f90ba-714a-4ae7-addb-f569cce2756e,False,ZTP,1,straight
2280,Thane_Manny_Manuel,1997,True,3,2026-06-05 04:57:20.939462,a02f90ba-714a-4ae7-addb-f569cce2756e,False,TMM,5,gay
2281,Nicholas_Andrew_Falhosh,1997,True,1,2026-06-05 04:57:20.939462,a02f90ba-714a-4ae7-addb-f569cce2756e,False,NAF,2,bisexual
2282,Jason_Jerome_Cao,1997,True,3,2026-06-05 04:57:20.939462,a02f90ba-714a-4ae7-addb-f569cce2756e,False,JJC,5,gay
2283,Josue_Benedicto_Marti,1997,True,1,2026-06-05 04:57:20.939462,a02f90ba-714a-4ae7-addb-f569cce2756e,False,JBM,1,straight
2284,Edward_Scissorhands_Salamander,2005,True,3,2026-06-05 05:21:48.581249,7bdb92db-312d-4fae-882d-2f9078b44bea,False,ESS,5,gay
2285,Randall_Larry_McGaren,2005,True,3,2026-06-05 05:21:48.581249,7bdb92db-312d-4fae-882d-2f9078b44bea,False,RLM,5,gay
2286,Ryouma_Naru_Kouya,2005,True,1,2026-06-05 05:21:48.581249,7bdb92db-312d-4fae-882d-2f9078b44bea,False,RNK,1,straight
2287,Abner_Valentine_Lo,2005,True,4,2026-06-05 05:21:48.581249,7bdb92db-312d-4fae-882d-2f9078b44bea,False,AVL,4,gay
2288,Johnny_Gabe_Young,2005,True,1,2026-06-05 05:21:48.581249,7bdb92db-312d-4fae-882d-2f9078b44bea,False,JGY,1,straight
2289,Matthew_Enlai_Zhang,2005,True,1,2026-06-05 05:22:57.842992,7bdb92db-312d-4fae-882d-2f9078b44bea,False,MEZ,1,straight
2290,Theo_Jasper_Zhang,2005,True,2,2026-06-05 05:22:57.842992,7bdb92db-312d-4fae-882d-2f9078b44bea,False,TJZ,1,straight
2291,Shannon_Samuel_Palley,2005,True,1,2026-06-05 05:22:57.842992,7bdb92db-312d-4fae-882d-2f9078b44bea,False,SSP,1,straight
2292,Darryl_David_Miller,2005,True,1,2026-06-05 05:22:57.842992,7bdb92db-312d-4fae-882d-2f9078b44bea,False,DDM,3,bisexual
2293,Jason_Fan_Yew,2005,True,1,2026-06-05 05:22:57.842992,7bdb92db-312d-4fae-882d-2f9078b44bea,False,JFY,1,straight
2294,Ishaan_Arav_Arun,2005,True,3,2026-06-05 05:24:15.246823,7bdb92db-312d-4fae-882d-2f9078b44bea,False,IAA,5,gay
2295,Preed_Odathi_Ghandi,2005,True,1,2026-06-05 05:24:15.246823,7bdb92db-312d-4fae-882d-2f9078b44bea,False,POG,1,Straight
2296,Matthew_Easton_Paulson,2005,True,4,2026-06-05 05:24:15.246823,7bdb92db-312d-4fae-882d-2f9078b44bea,False,MEP,3,bisexual
2297,Chris_Chandler_King,2005,True,1,2026-06-05 05:24:15.246823,7bdb92db-312d-4fae-882d-2f9078b44bea,False,CCK,1,straight
2298,Chris_Jason_Paulson,2005,True,2,2026-06-05 05:24:15.246823,7bdb92db-312d-4fae-882d-2f9078b44bea,False,CJP,2,bisexual
2299,James_Edward_Granton,1990,True,1,2026-06-05 05:31:38.753525,c7dd93e0-1ffd-4ffd-9182-e0e395025b6d,False,JEG,1,straight
2300,Ethan_Nguyen_Nguyen,1990,True,2,2026-06-05 05:31:38.753525,c7dd93e0-1ffd-4ffd-9182-e0e395025b6d,False,ENN,1,straight
2301,Asher_Kibble_Ibria,1990,True,5,2026-06-05 05:31:38.753525,c7dd93e0-1ffd-4ffd-9182-e0e395025b6d,False,AKI,5,gay
2302,Ryouma_Naru_Kouya,1990,True,1,2026-06-05 05:31:38.753525,c7dd93e0-1ffd-4ffd-9182-e0e395025b6d,False,RNK,1,straight
2303,Abe_Ian_Kim,1990,True,1,2026-06-05 05:31:38.753525,c7dd93e0-1ffd-4ffd-9182-e0e395025b6d,False,AIK,1,straight
2304,Big_Ey_Cai,1990,True,5,2026-06-05 05:32:44.93225,c7dd93e0-1ffd-4ffd-9182-e0e395025b6d,False,BEC,1,straight
2305,Kamal_Chandani_Obterre,1990,True,1,2026-06-05 05:32:44.93225,c7dd93e0-1ffd-4ffd-9182-e0e395025b6d,False,KCO,4,bisexual
2306,David_Aaron_Beauregard,1990,True,5,2026-06-05 05:32:44.93225,c7dd93e0-1ffd-4ffd-9182-e0e395025b6d,False,DAB,1,straight
2307,Thane_Manny_Manuel,1990,True,5,2026-06-05 05:32:44.93225,c7dd93e0-1ffd-4ffd-9182-e0e395025b6d,False,TMM,5,gay
2308,Willard_Gary_Barry,1990,True,5,2026-06-05 05:32:44.93225,c7dd93e0-1ffd-4ffd-9182-e0e395025b6d,False,WGB,4,queer
2309,Andrew_Yingchen_Gu,1990,True,1,2026-06-05 05:33:53.77875,c7dd93e0-1ffd-4ffd-9182-e0e395025b6d,False,AYG,1,straight
2310,Aaron_Paul_Ingham,1990,True,1,2026-06-05 05:33:53.77875,c7dd93e0-1ffd-4ffd-9182-e0e395025b6d,False,API,1,straight
2311,Ishmael_Michael_Cabrera,1990,True,1,2026-06-05 05:33:53.77875,c7dd93e0-1ffd-4ffd-9182-e0e395025b6d,False,IMC,1,straight
2312,Randall_Larry_McGaren,1990,True,5,2026-06-05 05:33:53.77875,c7dd93e0-1ffd-4ffd-9182-e0e395025b6d,False,RLM,5,gay
2313,Zeke_Thane_Painter,1990,True,1,2026-06-05 05:33:53.77875,c7dd93e0-1ffd-4ffd-9182-e0e395025b6d,False,ZTP,1,straight
2314,Nicholas_Andrew_Falhosh,1992,True,5,2026-06-05 05:34:21.356612,ccec1726-0319-4f54-a8a8-61f1d7f9e0f7,False,NAF,2,bisexual
2315,Chris_Topher_Hu,1992,True,1,2026-06-05 05:34:21.356612,ccec1726-0319-4f54-a8a8-61f1d7f9e0f7,False,CTH,4,bisexual
2316,Billiam_Traincar_Zhu,1992,True,5,2026-06-05 05:34:21.356612,ccec1726-0319-4f54-a8a8-61f1d7f9e0f7,False,BTZ,3,questioning
2317,Matthew_Enlai_Zhang,1992,True,2,2026-06-05 05:34:21.356612,ccec1726-0319-4f54-a8a8-61f1d7f9e0f7,False,MEZ,1,straight
2318,Franklin_Kampbell_Freeman,1992,True,1,2026-06-05 05:34:21.356612,ccec1726-0319-4f54-a8a8-61f1d7f9e0f7,False,FKF,5,gay
2319,Darryl_David_Miller,1990,True,1,2026-06-05 05:34:41.431676,c7dd93e0-1ffd-4ffd-9182-e0e395025b6d,False,DDM,3,bisexual
2320,Shangdong_Bill_Kang,1990,True,1,2026-06-05 05:34:41.431676,c7dd93e0-1ffd-4ffd-9182-e0e395025b6d,False,SBK,2,bisexual
2321,Keith_Tadeo_Muna,1990,True,3,2026-06-05 05:34:41.431676,c7dd93e0-1ffd-4ffd-9182-e0e395025b6d,False,KTM,2,straight
2322,Johnny_Gabe_Young,1990,True,1,2026-06-05 05:34:41.431676,c7dd93e0-1ffd-4ffd-9182-e0e395025b6d,False,JGY,1,straight
2323,Damian_Ubiel_Torcuato,1990,True,5,2026-06-05 05:34:41.431676,c7dd93e0-1ffd-4ffd-9182-e0e395025b6d,False,DUT,5,gay
2324,Edward_Scissorhands_Salamander,2000,True,2,2026-06-05 06:10:01.756218,94fdee59-9a3e-44bd-902d-fb89885b3afa,False,ESS,5,gay
2325,Juniper_Jim_Sha,2000,True,5,2026-06-05 06:10:01.756218,94fdee59-9a3e-44bd-902d-fb89885b3afa,False,JJS,1,straight
2326,Yinfan_Fred_Ha,2000,True,1,2026-06-05 06:10:01.756218,94fdee59-9a3e-44bd-902d-fb89885b3afa,False,YFH,1,straight
2327,Rahul_Ibhan_Ramiz,2000,True,4,2026-06-05 06:10:01.756218,94fdee59-9a3e-44bd-902d-fb89885b3afa,False,RIR,5,gay
2328,Sahil_Krishna_Bhat,2000,True,5,2026-06-05 06:10:01.756218,94fdee59-9a3e-44bd-902d-fb89885b3afa,False,SKB,1,straight
2330,Jason_Jerome_Cao,2004,True,3,2026-06-05 06:17:06.103931,f265375d-650e-41de-8c9c-1d470e8cf83a,False,JJC,5,gay
2331,Josue_Benedicto_Marti,2004,True,1,2026-06-05 06:17:06.103931,f265375d-650e-41de-8c9c-1d470e8cf83a,False,JBM,1,straight
2332,Leandro_Rado_Sanchez,2004,True,1,2026-06-05 06:17:06.103931,f265375d-650e-41de-8c9c-1d470e8cf83a,False,LRS,1,straight
2333,Theo_Jasper_Zhang,2004,True,4,2026-06-05 06:17:06.103931,f265375d-650e-41de-8c9c-1d470e8cf83a,False,TJZ,1,straight
2334,Abner_Valentine_Lo,2004,True,4,2026-06-05 06:17:06.103931,f265375d-650e-41de-8c9c-1d470e8cf83a,False,AVL,4,gay
2336,Jason_Fan_Yew,2004,True,5,2026-06-05 06:18:11.404381,f265375d-650e-41de-8c9c-1d470e8cf83a,False,JFY,1,straight
2337,Bob_Nicolas_Gonzalo,2004,True,2,2026-06-05 06:18:11.404381,f265375d-650e-41de-8c9c-1d470e8cf83a,False,BNG,4,bisexual
2338,Azad_Pars_Salaam,2004,True,3,2026-06-05 06:18:11.404381,f265375d-650e-41de-8c9c-1d470e8cf83a,False,APS,5,gay
2339,Joss_Andrew_Section,2004,True,1,2026-06-05 06:18:11.404381,f265375d-650e-41de-8c9c-1d470e8cf83a,False,JAS,5,gay
2340,Micheal_Kawoori_Obterra,2004,True,4,2026-06-05 06:18:11.404381,f265375d-650e-41de-8c9c-1d470e8cf83a,False,MKO,5,gay
2342,Sipoon_Lance_Kim,2004,True,2,2026-06-05 06:19:18.529684,f265375d-650e-41de-8c9c-1d470e8cf83a,False,SLK,3,bisexual
2343,James_Landon_Galway,2004,True,5,2026-06-05 06:19:18.529684,f265375d-650e-41de-8c9c-1d470e8cf83a,False,JLG,3,bisexual
2344,Tollbooth_Jerome_Malcomb,2004,True,3,2026-06-05 06:19:18.529684,f265375d-650e-41de-8c9c-1d470e8cf83a,False,TJM,2,bisexual
2345,Thomas_Harries_Huckstable,2004,True,2,2026-06-05 06:19:18.529684,f265375d-650e-41de-8c9c-1d470e8cf83a,False,THH,5,gay
2346,Shannon_Samuel_Palley,2004,True,1,2026-06-05 06:19:18.529684,f265375d-650e-41de-8c9c-1d470e8cf83a,False,SSP,1,straight
2354,Sipoon_Lance_Kim,2005,True,2,2026-06-05 06:34:04.976501,68d76081-59c7-4a66-bb53-a5cf543b3e56,False,SLK,3,bisexual
2355,Abe_Ian_Kim,2005,True,1,2026-06-05 06:34:04.976501,68d76081-59c7-4a66-bb53-a5cf543b3e56,False,AIK,1,straight
2356,Willard_Gary_Barry,2005,True,5,2026-06-05 06:34:04.976501,68d76081-59c7-4a66-bb53-a5cf543b3e56,False,WGB,4,queer
2357,Bob_Nicolas_Gonzalo,2005,True,5,2026-06-05 06:34:04.976501,68d76081-59c7-4a66-bb53-a5cf543b3e56,False,BNG,4,bisexual
2358,Johnny_Gabe_Young,2005,True,3,2026-06-05 06:34:04.976501,68d76081-59c7-4a66-bb53-a5cf543b3e56,False,JGY,1,straight
2359,Damian_Ubiel_Torcuato,2003,True,2,2026-06-05 07:05:15.066309,529d4f54-2b61-4279-8d43-ab948a0c80c0,False,DUT,5,gay
2360,Keith_Tadeo_Muna,2003,True,4,2026-06-05 07:05:15.066309,529d4f54-2b61-4279-8d43-ab948a0c80c0,False,KTM,2,straight
2361,Yinfan_Fred_Ha,2003,True,1,2026-06-05 07:05:15.066309,529d4f54-2b61-4279-8d43-ab948a0c80c0,False,YFH,1,straight
2362,Jason_Jerome_Cao,2003,True,4,2026-06-05 07:05:15.066309,529d4f54-2b61-4279-8d43-ab948a0c80c0,False,JJC,5,gay
2363,Thane_Manny_Manuel,2003,True,3,2026-06-05 07:05:15.066309,529d4f54-2b61-4279-8d43-ab948a0c80c0,False,TMM,5,gay
2364,Ryouma_Naru_Kouya,2003,True,5,2026-06-05 07:06:35.49784,529d4f54-2b61-4279-8d43-ab948a0c80c0,False,RNK,1,straight
2365,Rahul_Ibhan_Ramiz,2003,True,1,2026-06-05 07:06:35.49784,529d4f54-2b61-4279-8d43-ab948a0c80c0,False,RIR,5,gay
2366,Asher_Kibble_Ibria,2003,True,5,2026-06-05 07:06:35.49784,529d4f54-2b61-4279-8d43-ab948a0c80c0,False,AKI,5,gay
2367,Jason_Fan_Yew,2003,True,3,2026-06-05 07:06:35.49784,529d4f54-2b61-4279-8d43-ab948a0c80c0,False,JFY,1,straight
2368,Chris_Topher_Hu,2003,True,2,2026-06-05 07:06:35.49784,529d4f54-2b61-4279-8d43-ab948a0c80c0,False,CTH,4,bisexual
2369,Juniper_Jim_Sha,2003,True,4,2026-06-05 07:17:09.090365,83447a88-31d6-4899-b9e0-6211d17ab7fa,False,JJS,1,straight
2370,Billiam_Traincar_Zhu,2003,True,4,2026-06-05 07:17:09.090365,83447a88-31d6-4899-b9e0-6211d17ab7fa,False,BTZ,3,questioning
2371,Abner_Valentine_Lo,2003,True,3,2026-06-05 07:17:09.090365,83447a88-31d6-4899-b9e0-6211d17ab7fa,False,AVL,4,gay
2372,Azad_Pars_Salaam,2003,True,2,2026-06-05 07:17:09.090365,83447a88-31d6-4899-b9e0-6211d17ab7fa,False,APS,5,gay
2373,Preed_Odathi_Ghandi,2003,True,1,2026-06-05 07:17:09.090365,83447a88-31d6-4899-b9e0-6211d17ab7fa,False,POG,1,Straight
2374,Darryl_David_Miller,2003,True,1,2026-06-05 07:18:53.314702,83447a88-31d6-4899-b9e0-6211d17ab7fa,False,DDM,3,bisexual
2375,Randall_Larry_McGaren,2003,True,4,2026-06-05 07:18:53.314702,83447a88-31d6-4899-b9e0-6211d17ab7fa,False,RLM,5,gay
2376,Matthew_Enlai_Zhang,2003,True,1,2026-06-05 07:18:53.314702,83447a88-31d6-4899-b9e0-6211d17ab7fa,False,MEZ,1,straight
2377,Big_Ey_Cai,2003,True,1,2026-06-05 07:18:53.314702,83447a88-31d6-4899-b9e0-6211d17ab7fa,False,BEC,1,straight
2378,Aaron_Paul_Ingham,2003,True,2,2026-06-05 07:18:53.314702,83447a88-31d6-4899-b9e0-6211d17ab7fa,False,API,1,straight
2379,Theo_Jasper_Zhang,2003,True,2,2026-06-05 07:20:06.383699,83447a88-31d6-4899-b9e0-6211d17ab7fa,False,TJZ,1,straight
2380,Tollbooth_Jerome_Malcomb,2003,True,1,2026-06-05 07:20:06.383699,83447a88-31d6-4899-b9e0-6211d17ab7fa,False,TJM,2,bisexual
2381,Chris_Jason_Paulson,2003,True,3,2026-06-05 07:20:06.383699,83447a88-31d6-4899-b9e0-6211d17ab7fa,False,CJP,2,bisexual
2382,Matthew_Easton_Paulson,2003,True,4,2026-06-05 07:20:06.383699,83447a88-31d6-4899-b9e0-6211d17ab7fa,False,MEP,3,bisexual
2383,David_Aaron_Beauregard,2003,True,1,2026-06-05 07:20:06.383699,83447a88-31d6-4899-b9e0-6211d17ab7fa,False,DAB,1,straight
2384,James_Landon_Galway,2001,False,3,2026-06-05 07:22:07.171619,fd8b1a9b-4ac8-44ac-9e6f-915ee08410f8,False,JLG,3,bisexual
2385,Theo_Jasper_Zhang,2001,False,3,2026-06-05 07:22:07.171619,fd8b1a9b-4ac8-44ac-9e6f-915ee08410f8,False,TJZ,1,straight
2386,Tollbooth_Jerome_Malcomb,2001,False,5,2026-06-05 07:22:07.171619,fd8b1a9b-4ac8-44ac-9e6f-915ee08410f8,False,TJM,2,bisexual
2387,Leandro_Rado_Sanchez,2001,False,2,2026-06-05 07:22:07.171619,fd8b1a9b-4ac8-44ac-9e6f-915ee08410f8,False,LRS,1,straight
2388,Joss_Andrew_Section,2001,False,5,2026-06-05 07:22:07.171619,fd8b1a9b-4ac8-44ac-9e6f-915ee08410f8,False,JAS,5,gay
2389,Shangdong_Bill_Kang,2001,False,2,2026-06-05 07:24:15.85846,fd8b1a9b-4ac8-44ac-9e6f-915ee08410f8,False,SBK,2,bisexual
2390,Ishmael_Michael_Cabrera,2001,False,1,2026-06-05 07:24:15.85846,fd8b1a9b-4ac8-44ac-9e6f-915ee08410f8,False,IMC,1,straight
2391,Chris_Chandler_King,2001,False,3,2026-06-05 07:24:15.85846,fd8b1a9b-4ac8-44ac-9e6f-915ee08410f8,False,CCK,1,straight
2392,Kamal_Chandani_Obterre,2001,False,5,2026-06-05 07:24:15.85846,fd8b1a9b-4ac8-44ac-9e6f-915ee08410f8,False,KCO,4,bisexual
2393,Josue_Benedicto_Marti,2001,False,1,2026-06-05 07:24:15.85846,fd8b1a9b-4ac8-44ac-9e6f-915ee08410f8,False,JBM,1,straight
2394,Zeke_Thane_Painter,2000,False,1,2026-06-05 07:30:06.283112,702cfab1-7df8-42ea-901c-ba067347b3ad,False,ZTP,1,straight
2395,Ethan_Nguyen_Nguyen,2000,False,4,2026-06-05 07:30:06.283112,702cfab1-7df8-42ea-901c-ba067347b3ad,False,ENN,1,straight
2396,James_Edward_Granton,2000,False,5,2026-06-05 07:30:06.283112,702cfab1-7df8-42ea-901c-ba067347b3ad,False,JEG,1,straight
2397,Franklin_Kampbell_Freeman,2000,False,5,2026-06-05 07:30:06.283112,702cfab1-7df8-42ea-901c-ba067347b3ad,False,FKF,5,gay
2398,Shannon_Samuel_Palley,2000,False,1,2026-06-05 07:30:06.283112,702cfab1-7df8-42ea-901c-ba067347b3ad,False,SSP,1,straight
2399,Franklin_Kampbell_Freeman,2001,False,4,2026-06-05 07:31:00.054257,77aa8f71-fdfa-4905-9b39-9c2cccce5143,False,FKF,5,gay
2400,Ishaan_Arav_Arun,2001,False,5,2026-06-05 07:31:00.054257,77aa8f71-fdfa-4905-9b39-9c2cccce5143,False,IAA,5,gay
2401,Shannon_Samuel_Palley,2001,False,5,2026-06-05 07:31:00.054257,77aa8f71-fdfa-4905-9b39-9c2cccce5143,False,SSP,1,straight
2402,Micheal_Kawoori_Obterra,2001,False,1,2026-06-05 07:31:00.054257,77aa8f71-fdfa-4905-9b39-9c2cccce5143,False,MKO,5,gay
2403,Edward_Scissorhands_Salamander,2001,False,2,2026-06-05 07:31:00.054257,77aa8f71-fdfa-4905-9b39-9c2cccce5143,False,ESS,5,gay
2404,Andrew_Yingchen_Gu,2001,False,3,2026-06-05 07:35:04.228711,e871f016-03fa-4f7f-898c-d0c5243d7b03,False,AYG,1,straight
2405,Nicholas_Andrew_Falhosh,2001,False,2,2026-06-05 07:35:04.228711,e871f016-03fa-4f7f-898c-d0c5243d7b03,False,NAF,2,bisexual
2406,Thomas_Harries_Huckstable,2001,False,5,2026-06-05 07:35:04.228711,e871f016-03fa-4f7f-898c-d0c5243d7b03,False,THH,5,gay
2407,Sahil_Krishna_Bhat,2001,False,3,2026-06-05 07:35:04.228711,e871f016-03fa-4f7f-898c-d0c5243d7b03,False,SKB,1,straight
2408,Jason_Fan_Yew,2001,False,5,2026-06-05 07:35:04.228711,e871f016-03fa-4f7f-898c-d0c5243d7b03,False,JFY,1,straight
2409,Sahil_Krishna_Bhat,2000,False,5,2026-06-05 07:35:28.032716,5ebaa556-26f9-486c-85ea-50121f4209dc,False,SKB,1,straight
2410,Thomas_Harries_Huckstable,2000,False,3,2026-06-05 07:35:28.032716,5ebaa556-26f9-486c-85ea-50121f4209dc,False,THH,5,gay
2411,Andrew_Yingchen_Gu,2000,False,1,2026-06-05 07:35:28.032716,5ebaa556-26f9-486c-85ea-50121f4209dc,False,AYG,1,straight
2412,Nicholas_Andrew_Falhosh,2000,False,2,2026-06-05 07:35:28.032716,5ebaa556-26f9-486c-85ea-50121f4209dc,False,NAF,2,bisexual
2413,Micheal_Kawoori_Obterra,2000,False,4,2026-06-05 07:35:28.032716,5ebaa556-26f9-486c-85ea-50121f4209dc,False,MKO,5,gay
2414,Aaron_Paul_Ingham,2001,False,1,2026-06-05 07:35:51.501116,e871f016-03fa-4f7f-898c-d0c5243d7b03,False,API,1,straight
2415,Bob_Nicolas_Gonzalo,2001,False,5,2026-06-05 07:35:51.501116,e871f016-03fa-4f7f-898c-d0c5243d7b03,False,BNG,4,bisexual
2416,Sipoon_Lance_Kim,2001,False,3,2026-06-05 07:35:51.501116,e871f016-03fa-4f7f-898c-d0c5243d7b03,False,SLK,3,bisexual
2417,Randall_Larry_McGaren,2001,False,5,2026-06-05 07:35:51.501116,e871f016-03fa-4f7f-898c-d0c5243d7b03,False,RLM,5,gay
2418,James_Landon_Galway,2001,False,4,2026-06-05 07:35:51.501116,e871f016-03fa-4f7f-898c-d0c5243d7b03,False,JLG,3,bisexual
2419,Bob_Nicolas_Gonzalo,2000,False,1,2026-06-05 07:36:31.825823,d3dd099a-06b4-4947-a87c-0a755958f066,False,BNG,4,bisexual
2420,Azad_Pars_Salaam,2000,False,4,2026-06-05 07:36:31.825823,d3dd099a-06b4-4947-a87c-0a755958f066,False,APS,5,gay
2421,Ethan_Nguyen_Nguyen,2000,False,2,2026-06-05 07:36:31.825823,d3dd099a-06b4-4947-a87c-0a755958f066,False,ENN,1,straight
2422,Abe_Ian_Kim,2000,False,3,2026-06-05 07:36:31.825823,d3dd099a-06b4-4947-a87c-0a755958f066,False,AIK,1,straight
2423,Kamal_Chandani_Obterre,2000,False,1,2026-06-05 07:36:31.825823,d3dd099a-06b4-4947-a87c-0a755958f066,False,KCO,4,bisexual
2424,Damian_Ubiel_Torcuato,2002,False,2,2026-06-05 07:38:12.982663,083518ee-d4e4-4569-a11d-7a8487af619c,False,DUT,5,gay
2425,James_Edward_Granton,2002,False,1,2026-06-05 07:38:12.982663,083518ee-d4e4-4569-a11d-7a8487af619c,False,JEG,1,straight
2426,Darryl_David_Miller,2002,False,3,2026-06-05 07:38:12.982663,083518ee-d4e4-4569-a11d-7a8487af619c,False,DDM,3,bisexual
2427,Chris_Topher_Hu,2002,False,1,2026-06-05 07:38:12.982663,083518ee-d4e4-4569-a11d-7a8487af619c,False,CTH,4,bisexual
2428,Matthew_Enlai_Zhang,2002,False,5,2026-06-05 07:38:12.982663,083518ee-d4e4-4569-a11d-7a8487af619c,False,MEZ,1,straight
2429,Keith_Tadeo_Muna,2000,False,1,2026-06-05 07:39:34.998667,e539bd0e-8a1b-4334-ae03-528d64161863,False,KTM,2,straight
2430,Billiam_Traincar_Zhu,2000,False,3,2026-06-05 07:39:34.998667,e539bd0e-8a1b-4334-ae03-528d64161863,False,BTZ,3,questioning
2431,Johnny_Gabe_Young,2000,False,2,2026-06-05 07:39:34.998667,e539bd0e-8a1b-4334-ae03-528d64161863,False,JGY,1,straight
2432,Thane_Manny_Manuel,2000,False,4,2026-06-05 07:39:34.998667,e539bd0e-8a1b-4334-ae03-528d64161863,False,TMM,5,gay
2433,Leandro_Rado_Sanchez,2000,False,1,2026-06-05 07:39:34.998667,e539bd0e-8a1b-4334-ae03-528d64161863,False,LRS,1,straight
2434,Preed_Odathi_Ghandi,2005,True,2,2026-06-05 07:49:32.129505,38646dd9-06f8-42fe-b1cd-5555df164263,False,POG,1,Straight
2435,Ishaan_Arav_Arun,2005,True,1,2026-06-05 07:49:32.129505,38646dd9-06f8-42fe-b1cd-5555df164263,False,IAA,5,gay
2436,Jason_Jerome_Cao,2005,True,4,2026-06-05 07:49:32.129505,38646dd9-06f8-42fe-b1cd-5555df164263,False,JJC,5,gay
2437,Chris_Jason_Paulson,2005,True,3,2026-06-05 07:49:32.129505,38646dd9-06f8-42fe-b1cd-5555df164263,False,CJP,2,bisexual
2438,David_Aaron_Beauregard,2005,True,4,2026-06-05 07:49:32.129505,38646dd9-06f8-42fe-b1cd-5555df164263,False,DAB,1,straight
2439,Joss_Andrew_Section,2005,True,5,2026-06-05 07:51:22.364543,38646dd9-06f8-42fe-b1cd-5555df164263,False,JAS,5,gay
2440,Asher_Kibble_Ibria,2005,True,3,2026-06-05 07:51:22.364543,38646dd9-06f8-42fe-b1cd-5555df164263,False,AKI,5,gay
2441,Shangdong_Bill_Kang,2005,True,1,2026-06-05 07:51:22.364543,38646dd9-06f8-42fe-b1cd-5555df164263,False,SBK,2,bisexual
2442,Willard_Gary_Barry,2005,True,2,2026-06-05 07:51:22.364543,38646dd9-06f8-42fe-b1cd-5555df164263,False,WGB,4,queer
2443,Zeke_Thane_Painter,2005,True,1,2026-06-05 07:51:22.364543,38646dd9-06f8-42fe-b1cd-5555df164263,False,ZTP,1,straight
2444,Edward_Scissorhands_Salamander,2005,True,4,2026-06-05 07:53:59.171434,38646dd9-06f8-42fe-b1cd-5555df164263,False,ESS,5,gay
2445,Ishmael_Michael_Cabrera,2005,True,1,2026-06-05 07:53:59.171434,38646dd9-06f8-42fe-b1cd-5555df164263,False,IMC,1,straight
2446,Yinfan_Fred_Ha,2005,True,4,2026-06-05 07:53:59.171434,38646dd9-06f8-42fe-b1cd-5555df164263,False,YFH,1,straight
2447,Juniper_Jim_Sha,2005,True,3,2026-06-05 07:53:59.171434,38646dd9-06f8-42fe-b1cd-5555df164263,False,JJS,1,straight
2448,Big_Ey_Cai,2005,True,5,2026-06-05 07:53:59.171434,38646dd9-06f8-42fe-b1cd-5555df164263,False,BEC,1,straight
2449,Ryouma_Naru_Kouya,2005,True,1,2026-06-05 07:56:11.237825,38646dd9-06f8-42fe-b1cd-5555df164263,False,RNK,1,straight
2450,Chris_Chandler_King,2005,True,2,2026-06-05 07:56:11.237825,38646dd9-06f8-42fe-b1cd-5555df164263,False,CCK,1,straight
2451,Josue_Benedicto_Marti,2005,True,1,2026-06-05 07:56:11.237825,38646dd9-06f8-42fe-b1cd-5555df164263,False,JBM,1,straight
2452,Rahul_Ibhan_Ramiz,2005,True,1,2026-06-05 07:56:11.237825,38646dd9-06f8-42fe-b1cd-5555df164263,False,RIR,5,gay
2453,Abner_Valentine_Lo,2005,True,3,2026-06-05 07:56:11.237825,38646dd9-06f8-42fe-b1cd-5555df164263,False,AVL,4,gay
2454,Matthew_Easton_Paulson,1991,True,5,2026-06-05 08:29:38.983247,b905ad44-15b9-4005-9e62-13f87917671b,False,MEP,3,bisexual
2455,Theo_Jasper_Zhang,1991,True,2,2026-06-05 08:29:38.983247,b905ad44-15b9-4005-9e62-13f87917671b,False,TJZ,1,straight
2456,Ethan_Nguyen_Nguyen,1991,True,1,2026-06-05 08:29:38.983247,b905ad44-15b9-4005-9e62-13f87917671b,False,ENN,1,straight
2457,Leandro_Rado_Sanchez,1991,True,1,2026-06-05 08:29:38.983247,b905ad44-15b9-4005-9e62-13f87917671b,False,LRS,1,straight
2458,Thane_Manny_Manuel,1991,True,4,2026-06-05 08:29:38.983247,b905ad44-15b9-4005-9e62-13f87917671b,False,TMM,5,gay
2459,Yinfan_Fred_Ha,1991,True,5,2026-06-05 08:34:06.609549,b905ad44-15b9-4005-9e62-13f87917671b,False,YFH,1,straight
2460,Keith_Tadeo_Muna,1991,True,5,2026-06-05 08:34:06.609549,b905ad44-15b9-4005-9e62-13f87917671b,False,KTM,2,straight
2461,Juniper_Jim_Sha,1991,True,4,2026-06-05 08:34:06.609549,b905ad44-15b9-4005-9e62-13f87917671b,False,JJS,1,straight
2462,Damian_Ubiel_Torcuato,1991,True,3,2026-06-05 08:34:06.609549,b905ad44-15b9-4005-9e62-13f87917671b,False,DUT,5,gay
2463,Sipoon_Lance_Kim,1991,True,5,2026-06-05 08:34:06.609549,b905ad44-15b9-4005-9e62-13f87917671b,False,SLK,3,bisexual
2464,Chris_Topher_Hu,2001,False,1,2026-06-05 08:36:01.888963,eee0005d-dc3d-499b-8718-5a4bcb9f0736,False,CTH,4,bisexual
2465,Shannon_Samuel_Palley,2001,False,4,2026-06-05 08:36:01.888963,eee0005d-dc3d-499b-8718-5a4bcb9f0736,False,SSP,1,straight
2466,Johnny_Gabe_Young,2001,False,3,2026-06-05 08:36:01.888963,eee0005d-dc3d-499b-8718-5a4bcb9f0736,False,JGY,1,straight
2467,Micheal_Kawoori_Obterra,2001,False,5,2026-06-05 08:36:01.888963,eee0005d-dc3d-499b-8718-5a4bcb9f0736,False,MKO,5,gay
2468,Jason_Jerome_Cao,2001,False,5,2026-06-05 08:36:01.888963,eee0005d-dc3d-499b-8718-5a4bcb9f0736,False,JJC,5,gay
2469,Chris_Chandler_King,2000,True,4,2026-06-05 09:10:52.365529,d248c86d-a809-429c-a76c-6bd4393a6bf1,False,CCK,1,straight
2470,Billiam_Traincar_Zhu,2000,True,4,2026-06-05 09:10:52.365529,d248c86d-a809-429c-a76c-6bd4393a6bf1,False,BTZ,3,questioning
2471,Zeke_Thane_Painter,2000,True,2,2026-06-05 09:10:52.365529,d248c86d-a809-429c-a76c-6bd4393a6bf1,False,ZTP,1,straight
2472,Franklin_Kampbell_Freeman,2000,True,2,2026-06-05 09:10:52.365529,d248c86d-a809-429c-a76c-6bd4393a6bf1,False,FKF,5,gay
2473,Thomas_Harries_Huckstable,2000,True,2,2026-06-05 09:10:52.365529,d248c86d-a809-429c-a76c-6bd4393a6bf1,False,THH,5,gay
2474,Josue_Benedicto_Marti,2000,True,2,2026-06-05 09:11:50.922084,d248c86d-a809-429c-a76c-6bd4393a6bf1,False,JBM,1,straight
2475,Big_Ey_Cai,2000,True,2,2026-06-05 09:11:50.922084,d248c86d-a809-429c-a76c-6bd4393a6bf1,False,BEC,1,straight
2476,Willard_Gary_Barry,2000,True,2,2026-06-05 09:11:50.922084,d248c86d-a809-429c-a76c-6bd4393a6bf1,False,WGB,4,queer
2477,David_Aaron_Beauregard,2000,True,2,2026-06-05 09:11:50.922084,d248c86d-a809-429c-a76c-6bd4393a6bf1,False,DAB,1,straight
2478,Chris_Jason_Paulson,2000,True,4,2026-06-05 09:11:50.922084,d248c86d-a809-429c-a76c-6bd4393a6bf1,False,CJP,2,bisexual
2479,Randall_Larry_McGaren,2005,True,5,2026-06-05 09:44:56.062865,90a7412e-6f96-431e-9d49-f97db70ea8a4,False,RLM,5,gay
2480,Preed_Odathi_Ghandi,2005,True,1,2026-06-05 09:44:56.062865,90a7412e-6f96-431e-9d49-f97db70ea8a4,False,POG,1,Straight
2481,Joss_Andrew_Section,2005,True,5,2026-06-05 09:44:56.062865,90a7412e-6f96-431e-9d49-f97db70ea8a4,False,JAS,5,gay
2482,Shangdong_Bill_Kang,2005,True,3,2026-06-05 09:44:56.062865,90a7412e-6f96-431e-9d49-f97db70ea8a4,False,SBK,2,bisexual
2483,Jason_Fan_Yew,2005,True,1,2026-06-05 09:44:56.062865,90a7412e-6f96-431e-9d49-f97db70ea8a4,False,JFY,1,straight
2484,Rahul_Ibhan_Ramiz,2005,True,2,2026-06-05 09:46:45.038734,90a7412e-6f96-431e-9d49-f97db70ea8a4,False,RIR,5,gay
2485,James_Edward_Granton,2005,True,1,2026-06-05 09:46:45.038734,90a7412e-6f96-431e-9d49-f97db70ea8a4,False,JEG,1,straight
2486,Matthew_Enlai_Zhang,2005,True,2,2026-06-05 09:46:45.038734,90a7412e-6f96-431e-9d49-f97db70ea8a4,False,MEZ,1,straight
2487,Abe_Ian_Kim,2005,True,1,2026-06-05 09:46:45.038734,90a7412e-6f96-431e-9d49-f97db70ea8a4,False,AIK,1,straight
2488,James_Landon_Galway,2005,True,4,2026-06-05 09:46:45.038734,90a7412e-6f96-431e-9d49-f97db70ea8a4,False,JLG,3,bisexual
2489,Tollbooth_Jerome_Malcomb,2005,True,3,2026-06-05 09:49:03.359007,90a7412e-6f96-431e-9d49-f97db70ea8a4,False,TJM,2,bisexual
2490,Edward_Scissorhands_Salamander,2005,True,2,2026-06-05 09:49:03.359007,90a7412e-6f96-431e-9d49-f97db70ea8a4,False,ESS,5,gay
2491,Ryouma_Naru_Kouya,2005,True,3,2026-06-05 09:49:03.359007,90a7412e-6f96-431e-9d49-f97db70ea8a4,False,RNK,1,straight
2492,Asher_Kibble_Ibria,2005,True,5,2026-06-05 09:49:03.359007,90a7412e-6f96-431e-9d49-f97db70ea8a4,False,AKI,5,gay
2493,Darryl_David_Miller,2005,True,3,2026-06-05 09:49:03.359007,90a7412e-6f96-431e-9d49-f97db70ea8a4,False,DDM,3,bisexual
2494,Ishmael_Michael_Cabrera,2003,False,1,2026-06-05 09:51:53.083584,3ce53e8c-0892-4892-b7df-7acff407123e,False,IMC,1,straight
2495,Andrew_Yingchen_Gu,2003,False,1,2026-06-05 09:51:53.083584,3ce53e8c-0892-4892-b7df-7acff407123e,False,AYG,1,straight
2496,Azad_Pars_Salaam,2003,False,4,2026-06-05 09:51:53.083584,3ce53e8c-0892-4892-b7df-7acff407123e,False,APS,5,gay
2497,Nicholas_Andrew_Falhosh,2003,False,3,2026-06-05 09:51:53.083584,3ce53e8c-0892-4892-b7df-7acff407123e,False,NAF,2,bisexual
2498,Aaron_Paul_Ingham,2003,False,1,2026-06-05 09:51:53.083584,3ce53e8c-0892-4892-b7df-7acff407123e,False,API,1,straight
2499,Abner_Valentine_Lo,2003,False,5,2026-06-05 09:53:14.516567,3ce53e8c-0892-4892-b7df-7acff407123e,False,AVL,4,gay
2500,Matthew_Easton_Paulson,2003,False,3,2026-06-05 09:53:14.516567,3ce53e8c-0892-4892-b7df-7acff407123e,False,MEP,3,bisexual
2501,Sahil_Krishna_Bhat,2003,False,1,2026-06-05 09:53:14.516567,3ce53e8c-0892-4892-b7df-7acff407123e,False,SKB,1,straight
2502,Kamal_Chandani_Obterre,2003,False,2,2026-06-05 09:53:14.516567,3ce53e8c-0892-4892-b7df-7acff407123e,False,KCO,4,bisexual
2503,Ishaan_Arav_Arun,2003,False,3,2026-06-05 09:53:14.516567,3ce53e8c-0892-4892-b7df-7acff407123e,False,IAA,5,gay
2504,Ethan_Nguyen_Nguyen,2003,False,1,2026-06-05 09:54:21.463116,3ce53e8c-0892-4892-b7df-7acff407123e,False,ENN,1,straight
2505,Zeke_Thane_Painter,2003,False,2,2026-06-05 09:54:21.463116,3ce53e8c-0892-4892-b7df-7acff407123e,False,ZTP,1,straight
2506,Chris_Jason_Paulson,2003,False,3,2026-06-05 09:54:21.463116,3ce53e8c-0892-4892-b7df-7acff407123e,False,CJP,2,bisexual
2507,Preed_Odathi_Ghandi,2003,False,1,2026-06-05 09:54:21.463116,3ce53e8c-0892-4892-b7df-7acff407123e,False,POG,1,Straight
2508,David_Aaron_Beauregard,2003,False,1,2026-06-05 09:54:21.463116,3ce53e8c-0892-4892-b7df-7acff407123e,False,DAB,1,straight
2509,Leandro_Rado_Sanchez,2003,False,1,2026-06-05 09:56:01.560837,3ce53e8c-0892-4892-b7df-7acff407123e,False,LRS,1,straight
2510,Joss_Andrew_Section,2003,False,4,2026-06-05 09:56:01.560837,3ce53e8c-0892-4892-b7df-7acff407123e,False,JAS,5,gay
2511,Chris_Chandler_King,2003,False,2,2026-06-05 09:56:01.560837,3ce53e8c-0892-4892-b7df-7acff407123e,False,CCK,1,straight
2512,James_Landon_Galway,2003,False,5,2026-06-05 09:56:01.560837,3ce53e8c-0892-4892-b7df-7acff407123e,False,JLG,3,bisexual
2513,Micheal_Kawoori_Obterra,2003,False,4,2026-06-05 09:56:01.560837,3ce53e8c-0892-4892-b7df-7acff407123e,False,MKO,5,gay
2514,Thane_Manny_Manuel,2003,False,4,2026-06-05 09:57:33.878218,3ce53e8c-0892-4892-b7df-7acff407123e,False,TMM,5,gay
2515,Chris_Topher_Hu,2003,False,1,2026-06-05 09:57:33.878218,3ce53e8c-0892-4892-b7df-7acff407123e,False,CTH,4,bisexual
2516,Shangdong_Bill_Kang,2003,False,3,2026-06-05 09:57:33.878218,3ce53e8c-0892-4892-b7df-7acff407123e,False,SBK,2,bisexual
2517,Darryl_David_Miller,2003,False,1,2026-06-05 09:57:33.878218,3ce53e8c-0892-4892-b7df-7acff407123e,False,DDM,3,bisexual
2518,Rahul_Ibhan_Ramiz,2003,False,2,2026-06-05 09:57:33.878218,3ce53e8c-0892-4892-b7df-7acff407123e,False,RIR,5,gay
2519,Jason_Fan_Yew,2003,False,3,2026-06-05 09:59:36.937173,3ce53e8c-0892-4892-b7df-7acff407123e,False,JFY,1,straight
2520,Jason_Jerome_Cao,2003,False,4,2026-06-05 09:59:36.937173,3ce53e8c-0892-4892-b7df-7acff407123e,False,JJC,5,gay
2521,Thomas_Harries_Huckstable,2003,False,1,2026-06-05 09:59:36.937173,3ce53e8c-0892-4892-b7df-7acff407123e,False,THH,5,gay
2522,Keith_Tadeo_Muna,2003,False,1,2026-06-05 09:59:36.937173,3ce53e8c-0892-4892-b7df-7acff407123e,False,KTM,2,straight
2523,Damian_Ubiel_Torcuato,2003,False,1,2026-06-05 09:59:36.937173,3ce53e8c-0892-4892-b7df-7acff407123e,False,DUT,5,gay
2524,Sipoon_Lance_Kim,2003,False,1,2026-06-05 10:00:36.550463,3ce53e8c-0892-4892-b7df-7acff407123e,False,SLK,3,bisexual
2525,Abe_Ian_Kim,2003,False,2,2026-06-05 10:00:36.550463,3ce53e8c-0892-4892-b7df-7acff407123e,False,AIK,1,straight
2526,James_Edward_Granton,2003,False,2,2026-06-05 10:00:36.550463,3ce53e8c-0892-4892-b7df-7acff407123e,False,JEG,1,straight
2527,Johnny_Gabe_Young,2003,False,5,2026-06-05 10:00:36.550463,3ce53e8c-0892-4892-b7df-7acff407123e,False,JGY,1,straight
2528,Randall_Larry_McGaren,2003,False,3,2026-06-05 10:00:36.550463,3ce53e8c-0892-4892-b7df-7acff407123e,False,RLM,5,gay
2529,Billiam_Traincar_Zhu,2003,False,4,2026-06-05 10:57:07.188563,5832b462-a775-410f-bea1-1c648745631b,False,BTZ,3,questioning
2530,Yinfan_Fred_Ha,2003,False,1,2026-06-05 10:57:07.188563,5832b462-a775-410f-bea1-1c648745631b,False,YFH,1,straight
2531,Ishaan_Arav_Arun,2003,False,2,2026-06-05 10:57:07.188563,5832b462-a775-410f-bea1-1c648745631b,False,IAA,5,gay
2532,Matthew_Easton_Paulson,2003,False,1,2026-06-05 10:57:07.188563,5832b462-a775-410f-bea1-1c648745631b,False,MEP,3,bisexual
2533,Andrew_Yingchen_Gu,2003,False,1,2026-06-05 10:57:07.188563,5832b462-a775-410f-bea1-1c648745631b,False,AYG,1,straight
2534,Franklin_Kampbell_Freeman,2005,True,5,2026-06-05 11:02:15.807735,f2a3f2b5-b272-4c91-812c-69d4069ebd11,False,FKF,5,gay
2535,Shannon_Samuel_Palley,2005,True,5,2026-06-05 11:02:15.807735,f2a3f2b5-b272-4c91-812c-69d4069ebd11,False,SSP,1,straight
2536,Josue_Benedicto_Marti,2005,True,1,2026-06-05 11:02:15.807735,f2a3f2b5-b272-4c91-812c-69d4069ebd11,False,JBM,1,straight
2537,Aaron_Paul_Ingham,2005,True,1,2026-06-05 11:02:15.807735,f2a3f2b5-b272-4c91-812c-69d4069ebd11,False,API,1,straight
2538,Big_Ey_Cai,2005,True,1,2026-06-05 11:02:15.807735,f2a3f2b5-b272-4c91-812c-69d4069ebd11,False,BEC,1,straight
2539,Azad_Pars_Salaam,2005,True,4,2026-06-05 11:05:55.013289,607d0ace-623c-4cdf-a99a-345d22752b2c,False,APS,5,gay
2540,Theo_Jasper_Zhang,2005,True,1,2026-06-05 11:05:55.013289,607d0ace-623c-4cdf-a99a-345d22752b2c,False,TJZ,1,straight
2541,Willard_Gary_Barry,2005,True,5,2026-06-05 11:05:55.013289,607d0ace-623c-4cdf-a99a-345d22752b2c,False,WGB,4,queer
2542,Sahil_Krishna_Bhat,2005,True,5,2026-06-05 11:05:55.013289,607d0ace-623c-4cdf-a99a-345d22752b2c,False,SKB,1,straight
2543,Kamal_Chandani_Obterre,2005,True,3,2026-06-05 11:05:55.013289,607d0ace-623c-4cdf-a99a-345d22752b2c,False,KCO,4,bisexual
2544,Bob_Nicolas_Gonzalo,2005,True,1,2026-06-05 11:08:02.989248,607d0ace-623c-4cdf-a99a-345d22752b2c,False,BNG,4,bisexual
2545,Ryouma_Naru_Kouya,2005,True,4,2026-06-05 11:08:02.989248,607d0ace-623c-4cdf-a99a-345d22752b2c,False,RNK,1,straight
2546,Edward_Scissorhands_Salamander,2005,True,5,2026-06-05 11:08:02.989248,607d0ace-623c-4cdf-a99a-345d22752b2c,False,ESS,5,gay
2547,Abner_Valentine_Lo,2005,True,5,2026-06-05 11:08:02.989248,607d0ace-623c-4cdf-a99a-345d22752b2c,False,AVL,4,gay
2548,Juniper_Jim_Sha,2005,True,1,2026-06-05 11:08:02.989248,607d0ace-623c-4cdf-a99a-345d22752b2c,False,JJS,1,straight
2549,Nicholas_Andrew_Falhosh,2005,True,4,2026-06-05 11:10:26.170288,607d0ace-623c-4cdf-a99a-345d22752b2c,False,NAF,2,bisexual
2550,Asher_Kibble_Ibria,2005,True,5,2026-06-05 11:10:26.170288,607d0ace-623c-4cdf-a99a-345d22752b2c,False,AKI,5,gay
2551,Tollbooth_Jerome_Malcomb,2005,True,5,2026-06-05 11:10:26.170288,607d0ace-623c-4cdf-a99a-345d22752b2c,False,TJM,2,bisexual
2552,Ishmael_Michael_Cabrera,2005,True,1,2026-06-05 11:10:26.170288,607d0ace-623c-4cdf-a99a-345d22752b2c,False,IMC,1,straight
2553,Matthew_Enlai_Zhang,2005,True,5,2026-06-05 11:10:26.170288,607d0ace-623c-4cdf-a99a-345d22752b2c,False,MEZ,1,straight
2554,Darryl_David_Miller,2005,True,1,2026-06-05 11:11:23.042281,607d0ace-623c-4cdf-a99a-345d22752b2c,False,DDM,3,bisexual
2555,Joss_Andrew_Section,2005,True,5,2026-06-05 11:11:23.042281,607d0ace-623c-4cdf-a99a-345d22752b2c,False,JAS,5,gay
2556,Yinfan_Fred_Ha,2005,True,1,2026-06-05 11:11:23.042281,607d0ace-623c-4cdf-a99a-345d22752b2c,False,YFH,1,straight
2557,Johnny_Gabe_Young,2005,True,4,2026-06-05 11:11:23.042281,607d0ace-623c-4cdf-a99a-345d22752b2c,False,JGY,1,straight
2558,Chris_Topher_Hu,2005,True,1,2026-06-05 11:11:23.042281,607d0ace-623c-4cdf-a99a-345d22752b2c,False,CTH,4,bisexual
2559,Keith_Tadeo_Muna,2005,True,1,2026-06-05 11:13:03.077491,607d0ace-623c-4cdf-a99a-345d22752b2c,False,KTM,2,straight
2560,Leandro_Rado_Sanchez,2005,True,2,2026-06-05 11:13:03.077491,607d0ace-623c-4cdf-a99a-345d22752b2c,False,LRS,1,straight
2561,Aaron_Paul_Ingham,2005,True,5,2026-06-05 11:13:03.077491,607d0ace-623c-4cdf-a99a-345d22752b2c,False,API,1,straight
2562,Thomas_Harries_Huckstable,2005,True,5,2026-06-05 11:13:03.077491,607d0ace-623c-4cdf-a99a-345d22752b2c,False,THH,5,gay
2563,Jason_Jerome_Cao,2005,True,2,2026-06-05 11:13:03.077491,607d0ace-623c-4cdf-a99a-345d22752b2c,False,JJC,5,gay
2564,Damian_Ubiel_Torcuato,2005,True,5,2026-06-05 11:13:50.718334,607d0ace-623c-4cdf-a99a-345d22752b2c,False,DUT,5,gay
2565,Preed_Odathi_Ghandi,2005,True,5,2026-06-05 11:13:50.718334,607d0ace-623c-4cdf-a99a-345d22752b2c,False,POG,1,Straight
2566,Ethan_Nguyen_Nguyen,2005,True,1,2026-06-05 11:13:50.718334,607d0ace-623c-4cdf-a99a-345d22752b2c,False,ENN,1,straight
2567,Billiam_Traincar_Zhu,2005,True,5,2026-06-05 11:13:50.718334,607d0ace-623c-4cdf-a99a-345d22752b2c,False,BTZ,3,questioning
2568,Sipoon_Lance_Kim,2005,True,5,2026-06-05 11:13:50.718334,607d0ace-623c-4cdf-a99a-345d22752b2c,False,SLK,3,bisexual
2569,Josue_Benedicto_Marti,1995,True,1,2026-06-05 11:52:14.251284,1e176dc8-8b03-47a2-b6ae-89bbb66b9f5c,False,JBM,1,straight
2570,Ishmael_Michael_Cabrera,1995,True,1,2026-06-05 11:52:14.251284,1e176dc8-8b03-47a2-b6ae-89bbb66b9f5c,False,IMC,1,straight
2571,Theo_Jasper_Zhang,1995,True,5,2026-06-05 11:52:14.251284,1e176dc8-8b03-47a2-b6ae-89bbb66b9f5c,False,TJZ,1,straight
2572,Ryouma_Naru_Kouya,1995,True,5,2026-06-05 11:52:14.251284,1e176dc8-8b03-47a2-b6ae-89bbb66b9f5c,False,RNK,1,straight
2573,Andrew_Yingchen_Gu,1995,True,1,2026-06-05 11:52:14.251284,1e176dc8-8b03-47a2-b6ae-89bbb66b9f5c,False,AYG,1,straight
2574,Thomas_Harries_Huckstable,2001,False,1,2026-06-05 13:04:28.172203,81b559cd-431a-40c7-87e1-38cdbae6bb76,False,THH,5,gay
2575,Franklin_Kampbell_Freeman,2001,False,4,2026-06-05 13:04:28.172203,81b559cd-431a-40c7-87e1-38cdbae6bb76,False,FKF,5,gay
2576,Jason_Fan_Yew,2001,False,5,2026-06-05 13:04:28.172203,81b559cd-431a-40c7-87e1-38cdbae6bb76,False,JFY,1,straight
2577,Big_Ey_Cai,2001,False,3,2026-06-05 13:04:28.172203,81b559cd-431a-40c7-87e1-38cdbae6bb76,False,BEC,1,straight
2578,Joss_Andrew_Section,2001,False,1,2026-06-05 13:04:28.172203,81b559cd-431a-40c7-87e1-38cdbae6bb76,False,JAS,5,gay
2580,James_Landon_Galway,2001,False,5,2026-06-05 13:05:35.366765,81b559cd-431a-40c7-87e1-38cdbae6bb76,False,JLG,3,bisexual
2581,Micheal_Kawoori_Obterra,2001,False,5,2026-06-05 13:05:35.366765,81b559cd-431a-40c7-87e1-38cdbae6bb76,False,MKO,5,gay
2582,David_Aaron_Beauregard,2001,False,1,2026-06-05 13:05:35.366765,81b559cd-431a-40c7-87e1-38cdbae6bb76,False,DAB,1,straight
2583,Ishaan_Arav_Arun,2001,False,3,2026-06-05 13:05:35.366765,81b559cd-431a-40c7-87e1-38cdbae6bb76,False,IAA,5,gay
2584,Sahil_Krishna_Bhat,2001,False,5,2026-06-05 13:05:35.366765,81b559cd-431a-40c7-87e1-38cdbae6bb76,False,SKB,1,straight
2585,Azad_Pars_Salaam,2001,False,4,2026-06-05 13:06:26.448839,81b559cd-431a-40c7-87e1-38cdbae6bb76,False,APS,5,gay
2586,Shangdong_Bill_Kang,2001,False,3,2026-06-05 13:06:26.448839,81b559cd-431a-40c7-87e1-38cdbae6bb76,False,SBK,2,bisexual
2587,Abe_Ian_Kim,2001,False,5,2026-06-05 13:06:26.448839,81b559cd-431a-40c7-87e1-38cdbae6bb76,False,AIK,1,straight
2588,James_Edward_Granton,2001,False,1,2026-06-05 13:06:26.448839,81b559cd-431a-40c7-87e1-38cdbae6bb76,False,JEG,1,straight
2589,Randall_Larry_McGaren,2001,False,2,2026-06-05 13:06:26.448839,81b559cd-431a-40c7-87e1-38cdbae6bb76,False,RLM,5,gay
2590,Zeke_Thane_Painter,2001,False,2,2026-06-05 13:07:20.236779,81b559cd-431a-40c7-87e1-38cdbae6bb76,False,ZTP,1,straight
2591,Matthew_Enlai_Zhang,2001,False,5,2026-06-05 13:07:20.236779,81b559cd-431a-40c7-87e1-38cdbae6bb76,False,MEZ,1,straight
2592,Chris_Jason_Paulson,2001,False,2,2026-06-05 13:07:20.236779,81b559cd-431a-40c7-87e1-38cdbae6bb76,False,CJP,2,bisexual
2593,Thane_Manny_Manuel,2001,False,4,2026-06-05 13:07:20.236779,81b559cd-431a-40c7-87e1-38cdbae6bb76,False,TMM,5,gay
2594,Willard_Gary_Barry,2001,False,5,2026-06-05 13:07:20.236779,81b559cd-431a-40c7-87e1-38cdbae6bb76,False,WGB,4,queer
2596,Edward_Scissorhands_Salamander,1993,True,4,2026-06-05 13:46:24.133466,2d2c2ab2-ba76-4e53-bf02-96faeb72bc50,False,ESS,5,gay
2597,Tollbooth_Jerome_Malcomb,1993,True,5,2026-06-05 13:46:24.133466,2d2c2ab2-ba76-4e53-bf02-96faeb72bc50,False,TJM,2,bisexual
2598,Bob_Nicolas_Gonzalo,1993,True,2,2026-06-05 13:46:24.133466,2d2c2ab2-ba76-4e53-bf02-96faeb72bc50,False,BNG,4,bisexual
2599,Kamal_Chandani_Obterre,1993,True,3,2026-06-05 13:46:24.133466,2d2c2ab2-ba76-4e53-bf02-96faeb72bc50,False,KCO,4,bisexual
2600,Nicholas_Andrew_Falhosh,1993,True,1,2026-06-05 13:46:24.133466,2d2c2ab2-ba76-4e53-bf02-96faeb72bc50,False,NAF,2,bisexual
2601,Juniper_Jim_Sha,2003,True,4,2026-06-05 13:47:19.302895,42619842-dc86-49b6-8fb6-a24e667ab1bc,False,JJS,1,straight
2602,Rahul_Ibhan_Ramiz,2003,True,2,2026-06-05 13:47:19.302895,42619842-dc86-49b6-8fb6-a24e667ab1bc,False,RIR,5,gay
2603,Kamal_Chandani_Obterre,2003,True,1,2026-06-05 13:47:19.302895,42619842-dc86-49b6-8fb6-a24e667ab1bc,False,KCO,4,bisexual
2604,Tollbooth_Jerome_Malcomb,2003,True,5,2026-06-05 13:47:19.302895,42619842-dc86-49b6-8fb6-a24e667ab1bc,False,TJM,2,bisexual
2605,Chris_Chandler_King,2003,True,1,2026-06-05 13:47:19.302895,42619842-dc86-49b6-8fb6-a24e667ab1bc,False,CCK,1,straight
2606,Chris_Chandler_King,1993,True,3,2026-06-05 13:47:42.961062,2d2c2ab2-ba76-4e53-bf02-96faeb72bc50,False,CCK,1,straight
2607,Asher_Kibble_Ibria,1993,True,5,2026-06-05 13:47:42.961062,2d2c2ab2-ba76-4e53-bf02-96faeb72bc50,False,AKI,5,gay
2608,Shannon_Samuel_Palley,1993,True,4,2026-06-05 13:47:42.961062,2d2c2ab2-ba76-4e53-bf02-96faeb72bc50,False,SSP,1,straight
2609,Matthew_Easton_Paulson,1993,True,3,2026-06-05 13:47:42.961062,2d2c2ab2-ba76-4e53-bf02-96faeb72bc50,False,MEP,3,bisexual
2610,Rahul_Ibhan_Ramiz,1993,True,2,2026-06-05 13:47:42.961062,2d2c2ab2-ba76-4e53-bf02-96faeb72bc50,False,RIR,5,gay
2611,Abner_Valentine_Lo,2003,True,5,2026-06-05 13:48:38.908284,42619842-dc86-49b6-8fb6-a24e667ab1bc,False,AVL,4,gay
2612,Bob_Nicolas_Gonzalo,2003,True,1,2026-06-05 13:48:38.908284,42619842-dc86-49b6-8fb6-a24e667ab1bc,False,BNG,4,bisexual
2613,David_Aaron_Beauregard,2003,True,1,2026-06-05 13:48:38.908284,42619842-dc86-49b6-8fb6-a24e667ab1bc,False,DAB,1,straight
2614,Chris_Topher_Hu,2003,True,4,2026-06-05 13:48:38.908284,42619842-dc86-49b6-8fb6-a24e667ab1bc,False,CTH,4,bisexual
2615,Billiam_Traincar_Zhu,2003,True,5,2026-06-05 13:48:38.908284,42619842-dc86-49b6-8fb6-a24e667ab1bc,False,BTZ,3,questioning
2616,Abner_Valentine_Lo,1993,True,5,2026-06-05 13:48:43.245792,2d2c2ab2-ba76-4e53-bf02-96faeb72bc50,False,AVL,4,gay
2617,Willard_Gary_Barry,1993,True,1,2026-06-05 13:48:43.245792,2d2c2ab2-ba76-4e53-bf02-96faeb72bc50,False,WGB,4,queer
2618,Abe_Ian_Kim,1993,True,3,2026-06-05 13:48:43.245792,2d2c2ab2-ba76-4e53-bf02-96faeb72bc50,False,AIK,1,straight
2619,Juniper_Jim_Sha,1993,True,4,2026-06-05 13:48:43.245792,2d2c2ab2-ba76-4e53-bf02-96faeb72bc50,False,JJS,1,straight
2620,Chris_Topher_Hu,1993,True,2,2026-06-05 13:48:43.245792,2d2c2ab2-ba76-4e53-bf02-96faeb72bc50,False,CTH,4,bisexual
2621,Sipoon_Lance_Kim,2003,True,1,2026-06-05 13:49:21.958806,42619842-dc86-49b6-8fb6-a24e667ab1bc,False,SLK,3,bisexual
2622,James_Landon_Galway,2003,True,5,2026-06-05 13:49:21.958806,42619842-dc86-49b6-8fb6-a24e667ab1bc,False,JLG,3,bisexual
2623,Jason_Fan_Yew,2003,True,1,2026-06-05 13:49:21.958806,42619842-dc86-49b6-8fb6-a24e667ab1bc,False,JFY,1,straight
2624,Ryouma_Naru_Kouya,2003,True,5,2026-06-05 13:49:21.958806,42619842-dc86-49b6-8fb6-a24e667ab1bc,False,RNK,1,straight
2625,Jason_Jerome_Cao,2003,True,3,2026-06-05 13:49:21.958806,42619842-dc86-49b6-8fb6-a24e667ab1bc,False,JJC,5,gay
2626,Keith_Tadeo_Muna,1993,True,4,2026-06-05 13:49:33.931823,2d2c2ab2-ba76-4e53-bf02-96faeb72bc50,False,KTM,2,straight
2627,James_Landon_Galway,1993,True,5,2026-06-05 13:49:33.931823,2d2c2ab2-ba76-4e53-bf02-96faeb72bc50,False,JLG,3,bisexual
2628,Preed_Odathi_Ghandi,1993,True,3,2026-06-05 13:49:33.931823,2d2c2ab2-ba76-4e53-bf02-96faeb72bc50,False,POG,1,Straight
2629,Chris_Jason_Paulson,1993,True,2,2026-06-05 13:49:33.931823,2d2c2ab2-ba76-4e53-bf02-96faeb72bc50,False,CJP,2,bisexual
2630,Darryl_David_Miller,1993,True,1,2026-06-05 13:49:33.931823,2d2c2ab2-ba76-4e53-bf02-96faeb72bc50,False,DDM,3,bisexual
2631,Leandro_Rado_Sanchez,2002,False,2,2026-06-05 14:00:04.602148,9e0b86e4-fdc8-4a29-8965-297a00abd233,False,LRS,1,straight
2632,Franklin_Kampbell_Freeman,2002,False,4,2026-06-05 14:00:04.602148,9e0b86e4-fdc8-4a29-8965-297a00abd233,False,FKF,5,gay
2633,Shangdong_Bill_Kang,2002,False,5,2026-06-05 14:00:04.602148,9e0b86e4-fdc8-4a29-8965-297a00abd233,False,SBK,2,bisexual
2634,Ishaan_Arav_Arun,2002,False,5,2026-06-05 14:00:04.602148,9e0b86e4-fdc8-4a29-8965-297a00abd233,False,IAA,5,gay
2635,Aaron_Paul_Ingham,2002,False,3,2026-06-05 14:00:04.602148,9e0b86e4-fdc8-4a29-8965-297a00abd233,False,API,1,straight
2636,Sahil_Krishna_Bhat,2004,True,4,2026-06-05 17:52:38.705704,83c7d49b-a0a4-4d65-9864-74b40f11b895,False,SKB,1,straight
2637,Nicholas_Andrew_Falhosh,2004,True,1,2026-06-05 17:52:38.705704,83c7d49b-a0a4-4d65-9864-74b40f11b895,False,NAF,2,bisexual
2638,Zeke_Thane_Painter,2004,True,1,2026-06-05 17:52:38.705704,83c7d49b-a0a4-4d65-9864-74b40f11b895,False,ZTP,1,straight
2639,Thane_Manny_Manuel,2004,True,3,2026-06-05 17:52:38.705704,83c7d49b-a0a4-4d65-9864-74b40f11b895,False,TMM,5,gay
2640,Josue_Benedicto_Marti,2004,True,1,2026-06-05 17:52:38.705704,83c7d49b-a0a4-4d65-9864-74b40f11b895,False,JBM,1,straight
2641,Ethan_Nguyen_Nguyen,2006,False,3,2026-06-05 20:39:15.498937,bc59e106-9750-43e3-960f-db4d011e4e00,False,ENN,1,straight
2642,Azad_Pars_Salaam,2006,False,5,2026-06-05 20:39:15.498937,bc59e106-9750-43e3-960f-db4d011e4e00,False,APS,5,gay
2643,Big_Ey_Cai,2006,False,1,2026-06-05 20:39:15.498937,bc59e106-9750-43e3-960f-db4d011e4e00,False,BEC,1,straight
2644,Randall_Larry_McGaren,2006,False,5,2026-06-05 20:39:15.498937,bc59e106-9750-43e3-960f-db4d011e4e00,False,RLM,5,gay
2645,Ishmael_Michael_Cabrera,2006,False,2,2026-06-05 20:39:15.498937,bc59e106-9750-43e3-960f-db4d011e4e00,False,IMC,1,straight
2646,Micheal_Kawoori_Obterra,1993,False,4,2026-06-05 21:00:52.630952,5ed7a3f2-9052-4c47-b77a-9259d5c6662a,False,MKO,5,gay
2647,Asher_Kibble_Ibria,1993,False,5,2026-06-05 21:00:52.630952,5ed7a3f2-9052-4c47-b77a-9259d5c6662a,False,AKI,5,gay
2648,Johnny_Gabe_Young,1993,False,1,2026-06-05 21:00:52.630952,5ed7a3f2-9052-4c47-b77a-9259d5c6662a,False,JGY,1,straight
2649,Damian_Ubiel_Torcuato,1993,False,2,2026-06-05 21:00:52.630952,5ed7a3f2-9052-4c47-b77a-9259d5c6662a,False,DUT,5,gay
2650,Shannon_Samuel_Palley,1993,False,4,2026-06-05 21:00:52.630952,5ed7a3f2-9052-4c47-b77a-9259d5c6662a,False,SSP,1,straight
2651,Theo_Jasper_Zhang,2001,True,4,2026-06-05 22:08:54.223466,6d431b24-cd8a-4253-be32-b37cf2d1ca6b,False,TJZ,1,straight
2652,Edward_Scissorhands_Salamander,2001,True,1,2026-06-05 22:08:54.223466,6d431b24-cd8a-4253-be32-b37cf2d1ca6b,False,ESS,5,gay
2653,Matthew_Easton_Paulson,2001,True,3,2026-06-05 22:08:54.223466,6d431b24-cd8a-4253-be32-b37cf2d1ca6b,False,MEP,3,bisexual
2654,Matthew_Enlai_Zhang,2001,True,1,2026-06-05 22:08:54.223466,6d431b24-cd8a-4253-be32-b37cf2d1ca6b,False,MEZ,1,straight
2655,James_Edward_Granton,2001,True,1,2026-06-05 22:08:54.223466,6d431b24-cd8a-4253-be32-b37cf2d1ca6b,False,JEG,1,straight
2656,Yinfan_Fred_Ha,2001,True,1,2026-06-05 22:10:23.427059,6d431b24-cd8a-4253-be32-b37cf2d1ca6b,False,YFH,1,straight
2657,Andrew_Yingchen_Gu,2001,True,1,2026-06-05 22:10:23.427059,6d431b24-cd8a-4253-be32-b37cf2d1ca6b,False,AYG,1,straight
2658,Johnny_Gabe_Young,2001,True,2,2026-06-05 22:10:23.427059,6d431b24-cd8a-4253-be32-b37cf2d1ca6b,False,JGY,1,straight
2659,Billiam_Traincar_Zhu,2001,True,3,2026-06-05 22:10:23.427059,6d431b24-cd8a-4253-be32-b37cf2d1ca6b,False,BTZ,3,questioning
2660,Kamal_Chandani_Obterre,2001,True,1,2026-06-05 22:10:23.427059,6d431b24-cd8a-4253-be32-b37cf2d1ca6b,False,KCO,4,bisexual
2661,Ethan_Nguyen_Nguyen,2005,False,3,2026-06-05 22:14:00.009024,15031e3d-f111-4351-924b-820e0a1afa58,False,ENN,1,straight
2662,Big_Ey_Cai,2005,False,1,2026-06-05 22:14:00.009024,15031e3d-f111-4351-924b-820e0a1afa58,False,BEC,1,straight
2663,Nicholas_Andrew_Falhosh,2005,False,1,2026-06-05 22:14:00.009024,15031e3d-f111-4351-924b-820e0a1afa58,False,NAF,2,bisexual
2664,Ishmael_Michael_Cabrera,2005,False,1,2026-06-05 22:14:00.009024,15031e3d-f111-4351-924b-820e0a1afa58,False,IMC,1,straight
2665,Josue_Benedicto_Marti,2005,False,4,2026-06-05 22:14:00.009024,15031e3d-f111-4351-924b-820e0a1afa58,False,JBM,1,straight
2666,Jason_Fan_Yew,2005,False,4,2026-06-05 22:15:34.043274,15031e3d-f111-4351-924b-820e0a1afa58,False,JFY,1,straight
2667,Sipoon_Lance_Kim,2005,False,2,2026-06-05 22:15:34.043274,15031e3d-f111-4351-924b-820e0a1afa58,False,SLK,3,bisexual
2668,Matthew_Easton_Paulson,2005,False,5,2026-06-05 22:15:34.043274,15031e3d-f111-4351-924b-820e0a1afa58,False,MEP,3,bisexual
2669,Zeke_Thane_Painter,2005,False,1,2026-06-05 22:15:34.043274,15031e3d-f111-4351-924b-820e0a1afa58,False,ZTP,1,straight
2670,Willard_Gary_Barry,2005,False,3,2026-06-05 22:15:34.043274,15031e3d-f111-4351-924b-820e0a1afa58,False,WGB,4,queer
2671,Franklin_Kampbell_Freeman,2001,True,3,2026-06-05 22:15:45.653973,6d431b24-cd8a-4253-be32-b37cf2d1ca6b,False,FKF,5,gay
2672,Willard_Gary_Barry,2001,True,5,2026-06-05 22:15:45.653973,6d431b24-cd8a-4253-be32-b37cf2d1ca6b,False,WGB,4,queer
2673,Zeke_Thane_Painter,2001,True,1,2026-06-05 22:15:45.653973,6d431b24-cd8a-4253-be32-b37cf2d1ca6b,False,ZTP,1,straight
2674,Darryl_David_Miller,2001,True,2,2026-06-05 22:15:45.653973,6d431b24-cd8a-4253-be32-b37cf2d1ca6b,False,DDM,3,bisexual
2675,Jason_Jerome_Cao,2001,True,5,2026-06-05 22:15:45.653973,6d431b24-cd8a-4253-be32-b37cf2d1ca6b,False,JJC,5,gay
2676,Chris_Jason_Paulson,2005,False,4,2026-06-05 22:17:26.871799,15031e3d-f111-4351-924b-820e0a1afa58,False,CJP,2,bisexual
2677,Juniper_Jim_Sha,2005,False,3,2026-06-05 22:17:26.871799,15031e3d-f111-4351-924b-820e0a1afa58,False,JJS,1,straight
2678,Asher_Kibble_Ibria,2005,False,5,2026-06-05 22:17:26.871799,15031e3d-f111-4351-924b-820e0a1afa58,False,AKI,5,gay
2679,Shannon_Samuel_Palley,2005,False,1,2026-06-05 22:17:26.871799,15031e3d-f111-4351-924b-820e0a1afa58,False,SSP,1,straight
2680,Leandro_Rado_Sanchez,2005,False,1,2026-06-05 22:17:26.871799,15031e3d-f111-4351-924b-820e0a1afa58,False,LRS,1,straight
2681,Abner_Valentine_Lo,2005,False,5,2026-06-05 22:18:42.148053,15031e3d-f111-4351-924b-820e0a1afa58,False,AVL,4,gay
2682,Thane_Manny_Manuel,2005,False,1,2026-06-05 22:18:42.148053,15031e3d-f111-4351-924b-820e0a1afa58,False,TMM,5,gay
2683,Edward_Scissorhands_Salamander,2005,False,3,2026-06-05 22:18:42.148053,15031e3d-f111-4351-924b-820e0a1afa58,False,ESS,5,gay
2684,Ryouma_Naru_Kouya,2005,False,5,2026-06-05 22:18:42.148053,15031e3d-f111-4351-924b-820e0a1afa58,False,RNK,1,straight
2685,Ishaan_Arav_Arun,2005,False,2,2026-06-05 22:18:42.148053,15031e3d-f111-4351-924b-820e0a1afa58,False,IAA,5,gay
2686,Thomas_Harries_Huckstable,2005,False,1,2026-06-05 22:20:31.929628,15031e3d-f111-4351-924b-820e0a1afa58,False,THH,5,gay
2687,Abe_Ian_Kim,2005,False,1,2026-06-05 22:20:31.929628,15031e3d-f111-4351-924b-820e0a1afa58,False,AIK,1,straight
2688,Damian_Ubiel_Torcuato,2005,False,1,2026-06-05 22:20:31.929628,15031e3d-f111-4351-924b-820e0a1afa58,False,DUT,5,gay
2689,David_Aaron_Beauregard,2005,False,4,2026-06-05 22:20:31.929628,15031e3d-f111-4351-924b-820e0a1afa58,False,DAB,1,straight
2690,Micheal_Kawoori_Obterra,2005,False,5,2026-06-05 22:20:31.929628,15031e3d-f111-4351-924b-820e0a1afa58,False,MKO,5,gay
2691,Rahul_Ibhan_Ramiz,2001,True,4,2026-06-05 22:21:01.743414,6d431b24-cd8a-4253-be32-b37cf2d1ca6b,False,RIR,5,gay
2692,Azad_Pars_Salaam,2001,True,4,2026-06-05 22:21:01.743414,6d431b24-cd8a-4253-be32-b37cf2d1ca6b,False,APS,5,gay
2693,David_Aaron_Beauregard,2001,True,2,2026-06-05 22:21:01.743414,6d431b24-cd8a-4253-be32-b37cf2d1ca6b,False,DAB,1,straight
2694,Abe_Ian_Kim,2001,True,1,2026-06-05 22:21:01.743414,6d431b24-cd8a-4253-be32-b37cf2d1ca6b,False,AIK,1,straight
2695,Aaron_Paul_Ingham,2001,True,1,2026-06-05 22:21:01.743414,6d431b24-cd8a-4253-be32-b37cf2d1ca6b,False,API,1,straight
2696,Keith_Tadeo_Muna,2005,False,1,2026-06-05 22:21:58.390544,15031e3d-f111-4351-924b-820e0a1afa58,False,KTM,2,straight
2697,Chris_Chandler_King,2005,False,1,2026-06-05 22:21:58.390544,15031e3d-f111-4351-924b-820e0a1afa58,False,CCK,1,straight
2698,Randall_Larry_McGaren,2005,False,4,2026-06-05 22:21:58.390544,15031e3d-f111-4351-924b-820e0a1afa58,False,RLM,5,gay
2699,Yinfan_Fred_Ha,2005,False,3,2026-06-05 22:21:58.390544,15031e3d-f111-4351-924b-820e0a1afa58,False,YFH,1,straight
2700,James_Edward_Granton,2005,False,5,2026-06-05 22:21:58.390544,15031e3d-f111-4351-924b-820e0a1afa58,False,JEG,1,straight
2701,Tollbooth_Jerome_Malcomb,2005,False,1,2026-06-05 22:23:14.610819,15031e3d-f111-4351-924b-820e0a1afa58,False,TJM,2,bisexual
2702,Andrew_Yingchen_Gu,2005,False,1,2026-06-05 22:23:14.610819,15031e3d-f111-4351-924b-820e0a1afa58,False,AYG,1,straight
2703,Sahil_Krishna_Bhat,2005,False,3,2026-06-05 22:23:14.610819,15031e3d-f111-4351-924b-820e0a1afa58,False,SKB,1,straight
2704,Shangdong_Bill_Kang,2005,False,4,2026-06-05 22:23:14.610819,15031e3d-f111-4351-924b-820e0a1afa58,False,SBK,2,bisexual
2705,Theo_Jasper_Zhang,2005,False,5,2026-06-05 22:23:14.610819,15031e3d-f111-4351-924b-820e0a1afa58,False,TJZ,1,straight
2706,Bob_Nicolas_Gonzalo,2005,False,5,2026-06-05 22:30:18.666456,7c4f43eb-b987-4dd5-bccc-a4174d84befd,False,BNG,4,bisexual
2707,Joss_Andrew_Section,2005,False,4,2026-06-05 22:30:18.666456,7c4f43eb-b987-4dd5-bccc-a4174d84befd,False,JAS,5,gay
2708,Preed_Odathi_Ghandi,2005,False,1,2026-06-05 22:30:18.666456,7c4f43eb-b987-4dd5-bccc-a4174d84befd,False,POG,1,Straight
2709,Matthew_Enlai_Zhang,2005,False,1,2026-06-05 22:30:18.666456,7c4f43eb-b987-4dd5-bccc-a4174d84befd,False,MEZ,1,straight
2710,Edward_Scissorhands_Salamander,2005,False,1,2026-06-05 22:30:18.666456,7c4f43eb-b987-4dd5-bccc-a4174d84befd,False,ESS,5,gay
2711,Asher_Kibble_Ibria,1950,True,5,2026-06-05 23:20:32.281806,7ee2eca1-5281-4e23-b4e7-9735fca31ecd,False,AKI,5,gay
2712,James_Edward_Granton,1950,True,5,2026-06-05 23:20:32.281806,7ee2eca1-5281-4e23-b4e7-9735fca31ecd,False,JEG,1,straight
2713,Ethan_Nguyen_Nguyen,1950,True,1,2026-06-05 23:20:32.281806,7ee2eca1-5281-4e23-b4e7-9735fca31ecd,False,ENN,1,straight
2714,Darryl_David_Miller,1950,True,1,2026-06-05 23:20:32.281806,7ee2eca1-5281-4e23-b4e7-9735fca31ecd,False,DDM,3,bisexual
2715,Kamal_Chandani_Obterre,1950,True,5,2026-06-05 23:20:32.281806,7ee2eca1-5281-4e23-b4e7-9735fca31ecd,False,KCO,4,bisexual
2716,Leandro_Rado_Sanchez,2004,True,2,2026-06-05 23:26:12.97974,16ac2b82-8fca-4b8c-8b1b-59450c7c8b73,False,LRS,1,straight
2717,Billiam_Traincar_Zhu,2004,True,1,2026-06-05 23:26:12.97974,16ac2b82-8fca-4b8c-8b1b-59450c7c8b73,False,BTZ,3,questioning
2718,Aaron_Paul_Ingham,2004,True,1,2026-06-05 23:26:12.97974,16ac2b82-8fca-4b8c-8b1b-59450c7c8b73,False,API,1,straight
2719,Johnny_Gabe_Young,2004,True,1,2026-06-05 23:26:12.97974,16ac2b82-8fca-4b8c-8b1b-59450c7c8b73,False,JGY,1,straight
2720,Sahil_Krishna_Bhat,2004,True,5,2026-06-05 23:26:12.97974,16ac2b82-8fca-4b8c-8b1b-59450c7c8b73,False,SKB,1,straight
2721,Matthew_Enlai_Zhang,2004,False,2,2026-06-06 00:29:20.851497,99c7d8a3-24a5-488f-9d91-a00100eed480,False,MEZ,1,straight
2722,Azad_Pars_Salaam,2004,False,1,2026-06-06 00:29:20.851497,99c7d8a3-24a5-488f-9d91-a00100eed480,False,APS,5,gay
2723,Josue_Benedicto_Marti,2004,False,1,2026-06-06 00:29:20.851497,99c7d8a3-24a5-488f-9d91-a00100eed480,False,JBM,1,straight
2724,Shangdong_Bill_Kang,2004,False,5,2026-06-06 00:29:20.851497,99c7d8a3-24a5-488f-9d91-a00100eed480,False,SBK,2,bisexual
2725,Chris_Topher_Hu,2004,False,1,2026-06-06 00:29:20.851497,99c7d8a3-24a5-488f-9d91-a00100eed480,False,CTH,4,bisexual
2726,James_Landon_Galway,2004,False,4,2026-06-06 00:30:39.370318,99c7d8a3-24a5-488f-9d91-a00100eed480,False,JLG,3,bisexual
2727,Theo_Jasper_Zhang,2004,False,1,2026-06-06 00:30:39.370318,99c7d8a3-24a5-488f-9d91-a00100eed480,False,TJZ,1,straight
2728,Damian_Ubiel_Torcuato,2004,False,5,2026-06-06 00:30:39.370318,99c7d8a3-24a5-488f-9d91-a00100eed480,False,DUT,5,gay
2729,Big_Ey_Cai,2004,False,1,2026-06-06 00:30:39.370318,99c7d8a3-24a5-488f-9d91-a00100eed480,False,BEC,1,straight
2730,Preed_Odathi_Ghandi,2004,False,3,2026-06-06 00:30:39.370318,99c7d8a3-24a5-488f-9d91-a00100eed480,False,POG,1,Straight
2731,Nicholas_Andrew_Falhosh,2004,False,2,2026-06-06 00:31:32.903998,99c7d8a3-24a5-488f-9d91-a00100eed480,False,NAF,2,bisexual
2732,Jason_Jerome_Cao,2004,False,4,2026-06-06 00:31:32.903998,99c7d8a3-24a5-488f-9d91-a00100eed480,False,JJC,5,gay
2733,Andrew_Yingchen_Gu,2004,False,1,2026-06-06 00:31:32.903998,99c7d8a3-24a5-488f-9d91-a00100eed480,False,AYG,1,straight
2734,Yinfan_Fred_Ha,2004,False,1,2026-06-06 00:31:32.903998,99c7d8a3-24a5-488f-9d91-a00100eed480,False,YFH,1,straight
2735,Thomas_Harries_Huckstable,2004,False,4,2026-06-06 00:31:32.903998,99c7d8a3-24a5-488f-9d91-a00100eed480,False,THH,5,gay
2736,Abner_Valentine_Lo,2004,False,4,2026-06-06 00:32:31.420877,99c7d8a3-24a5-488f-9d91-a00100eed480,False,AVL,4,gay
2737,Thane_Manny_Manuel,2004,False,2,2026-06-06 00:32:31.420877,99c7d8a3-24a5-488f-9d91-a00100eed480,False,TMM,5,gay
2738,Matthew_Easton_Paulson,2004,False,1,2026-06-06 00:32:31.420877,99c7d8a3-24a5-488f-9d91-a00100eed480,False,MEP,3,bisexual
2739,Micheal_Kawoori_Obterra,2004,False,5,2026-06-06 00:32:31.420877,99c7d8a3-24a5-488f-9d91-a00100eed480,False,MKO,5,gay
2740,Rahul_Ibhan_Ramiz,2004,False,2,2026-06-06 00:32:31.420877,99c7d8a3-24a5-488f-9d91-a00100eed480,False,RIR,5,gay
2741,Joss_Andrew_Section,2006,True,4,2026-06-06 07:01:53.771556,fcfe7b4a-7841-4aa3-bebd-d36bc605ca82,False,JAS,5,gay
2742,Keith_Tadeo_Muna,2006,True,1,2026-06-06 07:01:53.771556,fcfe7b4a-7841-4aa3-bebd-d36bc605ca82,False,KTM,2,straight
2743,Sipoon_Lance_Kim,2006,True,2,2026-06-06 07:01:53.771556,fcfe7b4a-7841-4aa3-bebd-d36bc605ca82,False,SLK,3,bisexual
2744,Jason_Fan_Yew,2006,True,4,2026-06-06 07:01:53.771556,fcfe7b4a-7841-4aa3-bebd-d36bc605ca82,False,JFY,1,straight
2745,Ryouma_Naru_Kouya,2006,True,3,2026-06-06 07:01:53.771556,fcfe7b4a-7841-4aa3-bebd-d36bc605ca82,False,RNK,1,straight
2746,Ishmael_Michael_Cabrera,2006,True,2,2026-06-06 07:04:53.678773,fcfe7b4a-7841-4aa3-bebd-d36bc605ca82,False,IMC,1,straight
2747,Juniper_Jim_Sha,2006,True,3,2026-06-06 07:04:53.678773,fcfe7b4a-7841-4aa3-bebd-d36bc605ca82,False,JJS,1,straight
2748,Randall_Larry_McGaren,2006,True,5,2026-06-06 07:04:53.678773,fcfe7b4a-7841-4aa3-bebd-d36bc605ca82,False,RLM,5,gay
2749,Chris_Jason_Paulson,2006,True,2,2026-06-06 07:04:53.678773,fcfe7b4a-7841-4aa3-bebd-d36bc605ca82,False,CJP,2,bisexual
2750,Ishaan_Arav_Arun,2006,True,5,2026-06-06 07:04:53.678773,fcfe7b4a-7841-4aa3-bebd-d36bc605ca82,False,IAA,5,gay
2751,Shannon_Samuel_Palley,2006,True,3,2026-06-06 07:07:09.036564,fcfe7b4a-7841-4aa3-bebd-d36bc605ca82,False,SSP,1,straight
2752,Tollbooth_Jerome_Malcomb,2006,True,2,2026-06-06 07:07:09.036564,fcfe7b4a-7841-4aa3-bebd-d36bc605ca82,False,TJM,2,bisexual
2753,Bob_Nicolas_Gonzalo,2006,True,4,2026-06-06 07:07:09.036564,fcfe7b4a-7841-4aa3-bebd-d36bc605ca82,False,BNG,4,bisexual
2754,Chris_Chandler_King,2006,True,5,2026-06-06 07:07:09.036564,fcfe7b4a-7841-4aa3-bebd-d36bc605ca82,False,CCK,1,straight
2755,Franklin_Kampbell_Freeman,2006,True,4,2026-06-06 07:07:09.036564,fcfe7b4a-7841-4aa3-bebd-d36bc605ca82,False,FKF,5,gay
2756,Chris_Topher_Hu,2006,True,1,2026-06-06 07:08:13.998833,fcfe7b4a-7841-4aa3-bebd-d36bc605ca82,False,CTH,4,bisexual
2757,Zeke_Thane_Painter,2006,True,5,2026-06-06 07:08:13.998833,fcfe7b4a-7841-4aa3-bebd-d36bc605ca82,False,ZTP,1,straight
2758,Matthew_Easton_Paulson,2006,True,5,2026-06-06 07:08:13.998833,fcfe7b4a-7841-4aa3-bebd-d36bc605ca82,False,MEP,3,bisexual
2759,James_Edward_Granton,2006,True,3,2026-06-06 07:08:13.998833,fcfe7b4a-7841-4aa3-bebd-d36bc605ca82,False,JEG,1,straight
2760,Aaron_Paul_Ingham,2006,True,2,2026-06-06 07:08:13.998833,fcfe7b4a-7841-4aa3-bebd-d36bc605ca82,False,API,1,straight
2761,Aaron_Paul_Ingham,2007,True,2,2026-06-06 07:09:36.536181,295c4336-c027-4b51-b012-94ab5cdd5c72,False,API,1,straight
2762,Ishmael_Michael_Cabrera,2007,True,3,2026-06-06 07:09:36.536181,295c4336-c027-4b51-b012-94ab5cdd5c72,False,IMC,1,straight
2763,Darryl_David_Miller,2007,True,4,2026-06-06 07:09:36.536181,295c4336-c027-4b51-b012-94ab5cdd5c72,False,DDM,3,bisexual
2764,Azad_Pars_Salaam,2007,True,1,2026-06-06 07:09:36.536181,295c4336-c027-4b51-b012-94ab5cdd5c72,False,APS,5,gay
2765,Micheal_Kawoori_Obterra,2007,True,5,2026-06-06 07:09:36.536181,295c4336-c027-4b51-b012-94ab5cdd5c72,False,MKO,5,gay
2766,Keith_Tadeo_Muna,2007,True,2,2026-06-06 07:10:32.501625,295c4336-c027-4b51-b012-94ab5cdd5c72,False,KTM,2,straight
2767,David_Aaron_Beauregard,2007,True,4,2026-06-06 07:10:32.501625,295c4336-c027-4b51-b012-94ab5cdd5c72,False,DAB,1,straight
2768,Josue_Benedicto_Marti,2007,True,1,2026-06-06 07:10:32.501625,295c4336-c027-4b51-b012-94ab5cdd5c72,False,JBM,1,straight
2769,Tollbooth_Jerome_Malcomb,2007,True,5,2026-06-06 07:10:32.501625,295c4336-c027-4b51-b012-94ab5cdd5c72,False,TJM,2,bisexual
2770,Ryouma_Naru_Kouya,2007,True,2,2026-06-06 07:10:32.501625,295c4336-c027-4b51-b012-94ab5cdd5c72,False,RNK,1,straight
2771,Kamal_Chandani_Obterre,2007,True,2,2026-06-06 07:11:24.450396,295c4336-c027-4b51-b012-94ab5cdd5c72,False,KCO,4,bisexual
2772,Jason_Jerome_Cao,2007,True,4,2026-06-06 07:11:24.450396,295c4336-c027-4b51-b012-94ab5cdd5c72,False,JJC,5,gay
2773,Big_Ey_Cai,2007,True,1,2026-06-06 07:11:24.450396,295c4336-c027-4b51-b012-94ab5cdd5c72,False,BEC,1,straight
2774,Shannon_Samuel_Palley,2007,True,2,2026-06-06 07:11:24.450396,295c4336-c027-4b51-b012-94ab5cdd5c72,False,SSP,1,straight
2775,Sipoon_Lance_Kim,2007,True,4,2026-06-06 07:11:24.450396,295c4336-c027-4b51-b012-94ab5cdd5c72,False,SLK,3,bisexual
2776,Shangdong_Bill_Kang,2007,True,3,2026-06-06 07:12:09.068022,295c4336-c027-4b51-b012-94ab5cdd5c72,False,SBK,2,bisexual
2777,Sahil_Krishna_Bhat,2007,True,5,2026-06-06 07:12:09.068022,295c4336-c027-4b51-b012-94ab5cdd5c72,False,SKB,1,straight
2778,James_Landon_Galway,2007,True,5,2026-06-06 07:12:09.068022,295c4336-c027-4b51-b012-94ab5cdd5c72,False,JLG,3,bisexual
2779,Franklin_Kampbell_Freeman,2007,True,1,2026-06-06 07:12:09.068022,295c4336-c027-4b51-b012-94ab5cdd5c72,False,FKF,5,gay
2780,Ethan_Nguyen_Nguyen,2007,True,3,2026-06-06 07:12:09.068022,295c4336-c027-4b51-b012-94ab5cdd5c72,False,ENN,1,straight
2781,Nicholas_Andrew_Falhosh,2007,True,4,2026-06-06 07:12:56.683022,295c4336-c027-4b51-b012-94ab5cdd5c72,False,NAF,2,bisexual
2782,Rahul_Ibhan_Ramiz,2007,True,2,2026-06-06 07:12:56.683022,295c4336-c027-4b51-b012-94ab5cdd5c72,False,RIR,5,gay
2783,Billiam_Traincar_Zhu,2007,True,4,2026-06-06 07:12:56.683022,295c4336-c027-4b51-b012-94ab5cdd5c72,False,BTZ,3,questioning
2784,Abner_Valentine_Lo,2007,True,5,2026-06-06 07:12:56.683022,295c4336-c027-4b51-b012-94ab5cdd5c72,False,AVL,4,gay
2785,Leandro_Rado_Sanchez,2007,True,2,2026-06-06 07:12:56.683022,295c4336-c027-4b51-b012-94ab5cdd5c72,False,LRS,1,straight
2786,Edward_Scissorhands_Salamander,2007,True,4,2026-06-06 07:13:48.131251,295c4336-c027-4b51-b012-94ab5cdd5c72,False,ESS,5,gay
2787,Chris_Jason_Paulson,2007,True,2,2026-06-06 07:13:48.131251,295c4336-c027-4b51-b012-94ab5cdd5c72,False,CJP,2,bisexual
2788,Willard_Gary_Barry,2007,True,4,2026-06-06 07:13:48.131251,295c4336-c027-4b51-b012-94ab5cdd5c72,False,WGB,4,queer
2789,Yinfan_Fred_Ha,2007,True,2,2026-06-06 07:13:48.131251,295c4336-c027-4b51-b012-94ab5cdd5c72,False,YFH,1,straight
2790,Johnny_Gabe_Young,2007,True,3,2026-06-06 07:13:48.131251,295c4336-c027-4b51-b012-94ab5cdd5c72,False,JGY,1,straight
2791,Randall_Larry_McGaren,2002,True,3,2026-06-06 08:56:04.834257,7c00e4a6-728e-4d44-9a09-e3fc9fc686f6,False,RLM,5,gay
2792,Chris_Chandler_King,2002,True,1,2026-06-06 08:56:04.834257,7c00e4a6-728e-4d44-9a09-e3fc9fc686f6,False,CCK,1,straight
2793,Abe_Ian_Kim,2002,True,2,2026-06-06 08:56:04.834257,7c00e4a6-728e-4d44-9a09-e3fc9fc686f6,False,AIK,1,straight
2794,Damian_Ubiel_Torcuato,2002,True,2,2026-06-06 08:56:04.834257,7c00e4a6-728e-4d44-9a09-e3fc9fc686f6,False,DUT,5,gay
2795,Ishaan_Arav_Arun,2002,True,4,2026-06-06 08:56:04.834257,7c00e4a6-728e-4d44-9a09-e3fc9fc686f6,False,IAA,5,gay
2796,Juniper_Jim_Sha,2002,True,3,2026-06-06 22:42:47.704871,288df6d2-9c72-434f-b386-a28912eab50a,False,JJS,1,straight
2797,Thomas_Harries_Huckstable,2002,True,1,2026-06-06 22:42:47.704871,288df6d2-9c72-434f-b386-a28912eab50a,False,THH,5,gay
2798,Asher_Kibble_Ibria,2002,True,5,2026-06-06 22:42:47.704871,288df6d2-9c72-434f-b386-a28912eab50a,False,AKI,5,gay
2799,Bob_Nicolas_Gonzalo,2002,True,1,2026-06-06 22:42:47.704871,288df6d2-9c72-434f-b386-a28912eab50a,False,BNG,4,bisexual
2800,Matthew_Enlai_Zhang,2002,True,2,2026-06-06 22:42:47.704871,288df6d2-9c72-434f-b386-a28912eab50a,False,MEZ,1,straight
2801,Andrew_Yingchen_Gu,2002,True,1,2026-06-06 22:45:05.892872,288df6d2-9c72-434f-b386-a28912eab50a,False,AYG,1,straight
2802,Thane_Manny_Manuel,2002,True,5,2026-06-06 22:45:05.892872,288df6d2-9c72-434f-b386-a28912eab50a,False,TMM,5,gay
2803,Preed_Odathi_Ghandi,2002,True,4,2026-06-06 22:45:05.892872,288df6d2-9c72-434f-b386-a28912eab50a,False,POG,1,Straight
2804,Joss_Andrew_Section,2002,True,5,2026-06-06 22:45:05.892872,288df6d2-9c72-434f-b386-a28912eab50a,False,JAS,5,gay
2805,Jason_Fan_Yew,2002,True,3,2026-06-06 22:45:05.892872,288df6d2-9c72-434f-b386-a28912eab50a,False,JFY,1,straight
2806,Theo_Jasper_Zhang,2002,True,2,2026-06-06 22:47:51.75269,288df6d2-9c72-434f-b386-a28912eab50a,False,TJZ,1,straight
2807,Zeke_Thane_Painter,2002,True,1,2026-06-06 22:47:51.75269,288df6d2-9c72-434f-b386-a28912eab50a,False,ZTP,1,straight
2808,Johnny_Gabe_Young,2002,True,2,2026-06-06 22:47:51.75269,288df6d2-9c72-434f-b386-a28912eab50a,False,JGY,1,straight
2809,Ryouma_Naru_Kouya,2002,True,3,2026-06-06 22:47:51.75269,288df6d2-9c72-434f-b386-a28912eab50a,False,RNK,1,straight
2810,David_Aaron_Beauregard,2002,True,3,2026-06-06 22:47:51.75269,288df6d2-9c72-434f-b386-a28912eab50a,False,DAB,1,straight
2811,Matthew_Easton_Paulson,2002,True,4,2026-06-06 22:50:03.380743,288df6d2-9c72-434f-b386-a28912eab50a,False,MEP,3,bisexual
2812,Shangdong_Bill_Kang,2002,True,4,2026-06-06 22:50:03.380743,288df6d2-9c72-434f-b386-a28912eab50a,False,SBK,2,bisexual
2813,Yinfan_Fred_Ha,2002,True,1,2026-06-06 22:50:03.380743,288df6d2-9c72-434f-b386-a28912eab50a,False,YFH,1,straight
2814,Sahil_Krishna_Bhat,2002,True,4,2026-06-06 22:50:03.380743,288df6d2-9c72-434f-b386-a28912eab50a,False,SKB,1,straight
2815,Willard_Gary_Barry,2002,True,4,2026-06-06 22:50:03.380743,288df6d2-9c72-434f-b386-a28912eab50a,False,WGB,4,queer
2816,Chris_Topher_Hu,2007,True,4,2026-06-06 23:23:18.839775,9e69fef9-3e5d-410f-b413-f540c56b03a8,False,CTH,4,bisexual
2817,Shannon_Samuel_Palley,2007,True,5,2026-06-06 23:23:18.839775,9e69fef9-3e5d-410f-b413-f540c56b03a8,False,SSP,1,straight
2818,Nicholas_Andrew_Falhosh,2007,True,1,2026-06-06 23:23:18.839775,9e69fef9-3e5d-410f-b413-f540c56b03a8,False,NAF,2,bisexual
2819,Damian_Ubiel_Torcuato,2007,True,2,2026-06-06 23:23:18.839775,9e69fef9-3e5d-410f-b413-f540c56b03a8,False,DUT,5,gay
2820,Ishmael_Michael_Cabrera,2007,True,3,2026-06-06 23:23:18.839775,9e69fef9-3e5d-410f-b413-f540c56b03a8,False,IMC,1,straight
2821,Franklin_Kampbell_Freeman,2007,True,4,2026-06-06 23:24:25.160017,9e69fef9-3e5d-410f-b413-f540c56b03a8,False,FKF,5,gay
2822,Chris_Jason_Paulson,2007,True,1,2026-06-06 23:24:25.160017,9e69fef9-3e5d-410f-b413-f540c56b03a8,False,CJP,2,bisexual
2823,Abe_Ian_Kim,2007,True,1,2026-06-06 23:24:25.160017,9e69fef9-3e5d-410f-b413-f540c56b03a8,False,AIK,1,straight
2824,Jason_Jerome_Cao,2007,True,4,2026-06-06 23:24:25.160017,9e69fef9-3e5d-410f-b413-f540c56b03a8,False,JJC,5,gay
2825,Jason_Fan_Yew,2007,True,4,2026-06-06 23:24:25.160017,9e69fef9-3e5d-410f-b413-f540c56b03a8,False,JFY,1,straight
2826,Leandro_Rado_Sanchez,1999,True,3,2026-06-07 02:12:06.395109,464800aa-fae1-4975-8a55-301a5072d795,False,LRS,1,straight
2827,Darryl_David_Miller,1999,True,2,2026-06-07 02:12:06.395109,464800aa-fae1-4975-8a55-301a5072d795,False,DDM,3,bisexual
2828,James_Landon_Galway,1999,True,4,2026-06-07 02:12:06.395109,464800aa-fae1-4975-8a55-301a5072d795,False,JLG,3,bisexual
2829,Randall_Larry_McGaren,1999,True,4,2026-06-07 02:12:06.395109,464800aa-fae1-4975-8a55-301a5072d795,False,RLM,5,gay
2830,Sipoon_Lance_Kim,1999,True,3,2026-06-07 02:12:06.395109,464800aa-fae1-4975-8a55-301a5072d795,False,SLK,3,bisexual
2832,Bob_Nicolas_Gonzalo,1992,True,4,2026-06-07 03:57:05.777397,c4ec744f-261d-4104-98ee-eae41c8eec01,False,BNG,4,bisexual
2833,Edward_Scissorhands_Salamander,1992,True,5,2026-06-07 03:57:05.777397,c4ec744f-261d-4104-98ee-eae41c8eec01,False,ESS,5,gay
2834,Andrew_Yingchen_Gu,1992,True,1,2026-06-07 03:57:05.777397,c4ec744f-261d-4104-98ee-eae41c8eec01,False,AYG,1,straight
2835,James_Edward_Granton,1992,True,5,2026-06-07 03:57:05.777397,c4ec744f-261d-4104-98ee-eae41c8eec01,False,JEG,1,straight
2836,Micheal_Kawoori_Obterra,1992,True,5,2026-06-07 03:57:05.777397,c4ec744f-261d-4104-98ee-eae41c8eec01,False,MKO,5,gay
2837,Chris_Chandler_King,1999,True,2,2026-06-07 07:58:21.409954,11b8e8ab-5614-44df-b24b-3d543f83879c,False,CCK,1,straight
2838,Thane_Manny_Manuel,1999,True,4,2026-06-07 07:58:21.409954,11b8e8ab-5614-44df-b24b-3d543f83879c,False,TMM,5,gay
2839,Theo_Jasper_Zhang,1999,True,1,2026-06-07 07:58:21.409954,11b8e8ab-5614-44df-b24b-3d543f83879c,False,TJZ,1,straight
2840,Kamal_Chandani_Obterre,1999,True,5,2026-06-07 07:58:21.409954,11b8e8ab-5614-44df-b24b-3d543f83879c,False,KCO,4,bisexual
2841,Ishaan_Arav_Arun,1999,True,5,2026-06-07 07:58:21.409954,11b8e8ab-5614-44df-b24b-3d543f83879c,False,IAA,5,gay
2842,Rahul_Ibhan_Ramiz,1966,True,1,2026-06-07 09:03:36.438183,6222f983-5269-430f-bf23-2cdef70bb181,False,RIR,5,gay
2843,Thomas_Harries_Huckstable,1966,True,2,2026-06-07 09:03:36.438183,6222f983-5269-430f-bf23-2cdef70bb181,False,THH,5,gay
2844,Big_Ey_Cai,1966,True,1,2026-06-07 09:03:36.438183,6222f983-5269-430f-bf23-2cdef70bb181,False,BEC,1,straight
2845,Abner_Valentine_Lo,1966,True,4,2026-06-07 09:03:36.438183,6222f983-5269-430f-bf23-2cdef70bb181,False,AVL,4,gay
2846,Keith_Tadeo_Muna,1966,True,1,2026-06-07 09:03:36.438183,6222f983-5269-430f-bf23-2cdef70bb181,False,KTM,2,straight
2847,Josue_Benedicto_Marti,1966,True,2,2026-06-07 09:05:05.090974,6222f983-5269-430f-bf23-2cdef70bb181,False,JBM,1,straight
2848,Matthew_Enlai_Zhang,1966,True,4,2026-06-07 09:05:05.090974,6222f983-5269-430f-bf23-2cdef70bb181,False,MEZ,1,straight
2849,Asher_Kibble_Ibria,1966,True,5,2026-06-07 09:05:05.090974,6222f983-5269-430f-bf23-2cdef70bb181,False,AKI,5,gay
2850,Joss_Andrew_Section,1966,True,3,2026-06-07 09:05:05.090974,6222f983-5269-430f-bf23-2cdef70bb181,False,JAS,5,gay
2851,Juniper_Jim_Sha,1966,True,4,2026-06-07 09:05:05.090974,6222f983-5269-430f-bf23-2cdef70bb181,False,JJS,1,straight
2852,Azad_Pars_Salaam,2001,True,3,2026-06-07 15:20:06.004019,c3fa6d6a-cd87-4d4d-b966-1cac839fd660,False,APS,5,gay
2853,Preed_Odathi_Ghandi,2001,True,2,2026-06-07 15:20:06.004019,c3fa6d6a-cd87-4d4d-b966-1cac839fd660,False,POG,1,Straight
2854,Ethan_Nguyen_Nguyen,2001,True,1,2026-06-07 15:20:06.004019,c3fa6d6a-cd87-4d4d-b966-1cac839fd660,False,ENN,1,straight
2855,Billiam_Traincar_Zhu,2001,True,4,2026-06-07 15:20:06.004019,c3fa6d6a-cd87-4d4d-b966-1cac839fd660,False,BTZ,3,questioning
2856,Tollbooth_Jerome_Malcomb,2001,True,4,2026-06-07 15:20:06.004019,c3fa6d6a-cd87-4d4d-b966-1cac839fd660,False,TJM,2,bisexual
2857,Ethan_Nguyen_Nguyen,2007,True,4,2026-06-07 15:41:29.181784,231725a7-4870-4a02-92f2-bdb6c67eec81,False,ENN,1,straight
2858,Edward_Scissorhands_Salamander,2007,True,1,2026-06-07 15:41:29.181784,231725a7-4870-4a02-92f2-bdb6c67eec81,False,ESS,5,gay
2859,Damian_Ubiel_Torcuato,2007,True,1,2026-06-07 15:41:29.181784,231725a7-4870-4a02-92f2-bdb6c67eec81,False,DUT,5,gay
2860,Zeke_Thane_Painter,2007,True,3,2026-06-07 15:41:29.181784,231725a7-4870-4a02-92f2-bdb6c67eec81,False,ZTP,1,straight
2861,Johnny_Gabe_Young,2007,True,1,2026-06-07 15:41:29.181784,231725a7-4870-4a02-92f2-bdb6c67eec81,False,JGY,1,straight
2862,Matthew_Enlai_Zhang,1998,True,2,2026-06-07 19:33:09.508344,45ee37f8-e121-44d7-b0d3-60fda8213562,False,MEZ,1,straight
2863,Asher_Kibble_Ibria,1998,True,5,2026-06-07 19:33:09.508344,45ee37f8-e121-44d7-b0d3-60fda8213562,False,AKI,5,gay
2864,Ishmael_Michael_Cabrera,1998,True,1,2026-06-07 19:33:09.508344,45ee37f8-e121-44d7-b0d3-60fda8213562,False,IMC,1,straight
2865,Joss_Andrew_Section,1998,True,4,2026-06-07 19:33:09.508344,45ee37f8-e121-44d7-b0d3-60fda8213562,False,JAS,5,gay
2866,Josue_Benedicto_Marti,1998,True,3,2026-06-07 19:33:09.508344,45ee37f8-e121-44d7-b0d3-60fda8213562,False,JBM,1,straight
2867,Thane_Manny_Manuel,2001,False,4,2026-06-07 20:06:54.997285,51df000a-cf66-46f3-8e56-fc221caa2c0d,False,TMM,5,gay
2868,Tollbooth_Jerome_Malcomb,2001,False,2,2026-06-07 20:06:54.997285,51df000a-cf66-46f3-8e56-fc221caa2c0d,False,TJM,2,bisexual
2869,Thomas_Harries_Huckstable,2001,False,1,2026-06-07 20:06:54.997285,51df000a-cf66-46f3-8e56-fc221caa2c0d,False,THH,5,gay
2870,Micheal_Kawoori_Obterra,2001,False,5,2026-06-07 20:06:54.997285,51df000a-cf66-46f3-8e56-fc221caa2c0d,False,MKO,5,gay
2871,James_Landon_Galway,2001,False,3,2026-06-07 20:06:54.997285,51df000a-cf66-46f3-8e56-fc221caa2c0d,False,JLG,3,bisexual
2872,Azad_Pars_Salaam,2003,True,2,2026-06-07 20:58:34.215139,003a8b7d-eebc-4f0c-acaf-6cccfba9dd88,False,APS,5,gay
2873,Jason_Fan_Yew,2003,True,5,2026-06-07 20:58:34.215139,003a8b7d-eebc-4f0c-acaf-6cccfba9dd88,False,JFY,1,straight
2874,Yinfan_Fred_Ha,2003,True,1,2026-06-07 20:58:34.215139,003a8b7d-eebc-4f0c-acaf-6cccfba9dd88,False,YFH,1,straight
2875,Randall_Larry_McGaren,2003,True,4,2026-06-07 20:58:34.215139,003a8b7d-eebc-4f0c-acaf-6cccfba9dd88,False,RLM,5,gay
2876,Bob_Nicolas_Gonzalo,2003,True,5,2026-06-07 20:58:34.215139,003a8b7d-eebc-4f0c-acaf-6cccfba9dd88,False,BNG,4,bisexual
2878,Juniper_Jim_Sha,2003,True,5,2026-06-07 20:59:43.346306,003a8b7d-eebc-4f0c-acaf-6cccfba9dd88,False,JJS,1,straight
2879,Leandro_Rado_Sanchez,2003,True,1,2026-06-07 20:59:43.346306,003a8b7d-eebc-4f0c-acaf-6cccfba9dd88,False,LRS,1,straight
2880,Theo_Jasper_Zhang,2003,True,5,2026-06-07 20:59:43.346306,003a8b7d-eebc-4f0c-acaf-6cccfba9dd88,False,TJZ,1,straight
2881,Jason_Jerome_Cao,2003,True,2,2026-06-07 20:59:43.346306,003a8b7d-eebc-4f0c-acaf-6cccfba9dd88,False,JJC,5,gay
2882,Sipoon_Lance_Kim,2003,True,1,2026-06-07 20:59:43.346306,003a8b7d-eebc-4f0c-acaf-6cccfba9dd88,False,SLK,3,bisexual
2883,Franklin_Kampbell_Freeman,2003,True,5,2026-06-07 21:00:26.406262,003a8b7d-eebc-4f0c-acaf-6cccfba9dd88,False,FKF,5,gay
2884,Darryl_David_Miller,2003,True,1,2026-06-07 21:00:26.406262,003a8b7d-eebc-4f0c-acaf-6cccfba9dd88,False,DDM,3,bisexual
2885,Ishaan_Arav_Arun,2003,True,5,2026-06-07 21:00:26.406262,003a8b7d-eebc-4f0c-acaf-6cccfba9dd88,False,IAA,5,gay
2886,Nicholas_Andrew_Falhosh,2003,True,4,2026-06-07 21:00:26.406262,003a8b7d-eebc-4f0c-acaf-6cccfba9dd88,False,NAF,2,bisexual
2887,Shannon_Samuel_Palley,2003,True,1,2026-06-07 21:00:26.406262,003a8b7d-eebc-4f0c-acaf-6cccfba9dd88,False,SSP,1,straight
2888,Ryouma_Naru_Kouya,2000,True,2,2026-06-07 21:56:35.190283,27609395-1fd5-46da-8737-f84d51c60a0b,False,RNK,1,straight
2889,James_Edward_Granton,2000,True,1,2026-06-07 21:56:35.190283,27609395-1fd5-46da-8737-f84d51c60a0b,False,JEG,1,straight
2890,Preed_Odathi_Ghandi,2000,True,1,2026-06-07 21:56:35.190283,27609395-1fd5-46da-8737-f84d51c60a0b,False,POG,1,Straight
2891,Willard_Gary_Barry,2000,True,4,2026-06-07 21:56:35.190283,27609395-1fd5-46da-8737-f84d51c60a0b,False,WGB,4,queer
2892,Abner_Valentine_Lo,2000,True,5,2026-06-07 21:56:35.190283,27609395-1fd5-46da-8737-f84d51c60a0b,False,AVL,4,gay
2893,Billiam_Traincar_Zhu,1997,True,4,2026-06-07 22:49:19.30481,f29b9635-2a40-4dc7-8603-d64f2e747c10,False,BTZ,3,questioning
2894,Big_Ey_Cai,1997,True,3,2026-06-07 22:49:19.30481,f29b9635-2a40-4dc7-8603-d64f2e747c10,False,BEC,1,straight
2895,Matthew_Easton_Paulson,1997,True,3,2026-06-07 22:49:19.30481,f29b9635-2a40-4dc7-8603-d64f2e747c10,False,MEP,3,bisexual
2896,David_Aaron_Beauregard,1997,True,1,2026-06-07 22:49:19.30481,f29b9635-2a40-4dc7-8603-d64f2e747c10,False,DAB,1,straight
2897,Abe_Ian_Kim,1997,True,1,2026-06-07 22:49:19.30481,f29b9635-2a40-4dc7-8603-d64f2e747c10,False,AIK,1,straight
2898,Chris_Jason_Paulson,1997,True,1,2026-06-07 22:50:43.058796,f29b9635-2a40-4dc7-8603-d64f2e747c10,False,CJP,2,bisexual
2899,Chris_Topher_Hu,1997,True,1,2026-06-07 22:50:43.058796,f29b9635-2a40-4dc7-8603-d64f2e747c10,False,CTH,4,bisexual
2900,Shangdong_Bill_Kang,1997,True,1,2026-06-07 22:50:43.058796,f29b9635-2a40-4dc7-8603-d64f2e747c10,False,SBK,2,bisexual
2901,Chris_Chandler_King,1997,True,2,2026-06-07 22:50:43.058796,f29b9635-2a40-4dc7-8603-d64f2e747c10,False,CCK,1,straight
2902,Aaron_Paul_Ingham,1997,True,1,2026-06-07 22:50:43.058796,f29b9635-2a40-4dc7-8603-d64f2e747c10,False,API,1,straight
2903,Sahil_Krishna_Bhat,1997,True,4,2026-06-07 22:51:43.345547,f29b9635-2a40-4dc7-8603-d64f2e747c10,False,SKB,1,straight
2904,Rahul_Ibhan_Ramiz,1997,True,2,2026-06-07 22:51:43.345547,f29b9635-2a40-4dc7-8603-d64f2e747c10,False,RIR,5,gay
2905,Kamal_Chandani_Obterre,1997,True,2,2026-06-07 22:51:43.345547,f29b9635-2a40-4dc7-8603-d64f2e747c10,False,KCO,4,bisexual
2906,Andrew_Yingchen_Gu,1997,True,1,2026-06-07 22:51:43.345547,f29b9635-2a40-4dc7-8603-d64f2e747c10,False,AYG,1,straight
2907,Keith_Tadeo_Muna,1997,True,4,2026-06-07 22:51:43.345547,f29b9635-2a40-4dc7-8603-d64f2e747c10,False,KTM,2,straight
2908,Kamal_Chandani_Obterre,1993,False,4,2026-06-08 01:45:52.399545,a8abcfa8-9197-4369-818f-a1a23182da5c,False,KCO,4,bisexual
2909,Abner_Valentine_Lo,1993,False,1,2026-06-08 01:45:52.399545,a8abcfa8-9197-4369-818f-a1a23182da5c,False,AVL,4,gay
2910,Randall_Larry_McGaren,1993,False,5,2026-06-08 01:45:52.399545,a8abcfa8-9197-4369-818f-a1a23182da5c,False,RLM,5,gay
2911,Azad_Pars_Salaam,1993,False,2,2026-06-08 01:45:52.399545,a8abcfa8-9197-4369-818f-a1a23182da5c,False,APS,5,gay
2912,Jason_Jerome_Cao,1993,False,3,2026-06-08 01:45:52.399545,a8abcfa8-9197-4369-818f-a1a23182da5c,False,JJC,5,gay
2913,Juniper_Jim_Sha,1993,False,3,2026-06-08 01:52:08.490065,a8abcfa8-9197-4369-818f-a1a23182da5c,False,JJS,1,straight
2914,Billiam_Traincar_Zhu,1993,False,4,2026-06-08 01:52:08.490065,a8abcfa8-9197-4369-818f-a1a23182da5c,False,BTZ,3,questioning
2915,Chris_Topher_Hu,1993,False,1,2026-06-08 01:52:08.490065,a8abcfa8-9197-4369-818f-a1a23182da5c,False,CTH,4,bisexual
2916,Jason_Fan_Yew,1993,False,5,2026-06-08 01:52:08.490065,a8abcfa8-9197-4369-818f-a1a23182da5c,False,JFY,1,straight
2917,Big_Ey_Cai,1993,False,2,2026-06-08 01:52:08.490065,a8abcfa8-9197-4369-818f-a1a23182da5c,False,BEC,1,straight
2918,Franklin_Kampbell_Freeman,1993,False,5,2026-06-08 01:55:14.275589,a8abcfa8-9197-4369-818f-a1a23182da5c,False,FKF,5,gay
2919,Matthew_Easton_Paulson,1993,False,4,2026-06-08 01:55:14.275589,a8abcfa8-9197-4369-818f-a1a23182da5c,False,MEP,3,bisexual
2920,Shangdong_Bill_Kang,1993,False,1,2026-06-08 01:55:14.275589,a8abcfa8-9197-4369-818f-a1a23182da5c,False,SBK,2,bisexual
2921,Zeke_Thane_Painter,1993,False,4,2026-06-08 01:55:14.275589,a8abcfa8-9197-4369-818f-a1a23182da5c,False,ZTP,1,straight
2922,Chris_Chandler_King,1993,False,2,2026-06-08 01:55:14.275589,a8abcfa8-9197-4369-818f-a1a23182da5c,False,CCK,1,straight
2923,Preed_Odathi_Ghandi,1993,False,1,2026-06-08 01:59:22.854323,a8abcfa8-9197-4369-818f-a1a23182da5c,False,POG,1,Straight
2924,Chris_Jason_Paulson,1993,False,3,2026-06-08 01:59:22.854323,a8abcfa8-9197-4369-818f-a1a23182da5c,False,CJP,2,bisexual
2925,Ethan_Nguyen_Nguyen,1993,False,1,2026-06-08 01:59:22.854323,a8abcfa8-9197-4369-818f-a1a23182da5c,False,ENN,1,straight
2926,Willard_Gary_Barry,1993,False,4,2026-06-08 01:59:22.854323,a8abcfa8-9197-4369-818f-a1a23182da5c,False,WGB,4,queer
2927,Ishaan_Arav_Arun,1993,False,4,2026-06-08 01:59:22.854323,a8abcfa8-9197-4369-818f-a1a23182da5c,False,IAA,5,gay
2928,Matthew_Enlai_Zhang,2007,True,4,2026-06-08 04:07:22.541192,238bf639-a8ad-4188-9779-e0314a200f69,False,MEZ,1,straight
2929,Josue_Benedicto_Marti,2007,True,1,2026-06-08 04:07:22.541192,238bf639-a8ad-4188-9779-e0314a200f69,False,JBM,1,straight
2930,Aaron_Paul_Ingham,2007,True,1,2026-06-08 04:07:22.541192,238bf639-a8ad-4188-9779-e0314a200f69,False,API,1,straight
2931,Abe_Ian_Kim,2007,True,2,2026-06-08 04:07:22.541192,238bf639-a8ad-4188-9779-e0314a200f69,False,AIK,1,straight
2932,Micheal_Kawoori_Obterra,2007,True,5,2026-06-08 04:07:22.541192,238bf639-a8ad-4188-9779-e0314a200f69,False,MKO,5,gay
2933,Leandro_Rado_Sanchez,2010,True,1,2026-06-08 06:14:18.549339,6c61342c-cf9e-4e87-83e7-055f6239c908,False,LRS,1,straight
2934,Bob_Nicolas_Gonzalo,2010,True,1,2026-06-08 06:14:18.549339,6c61342c-cf9e-4e87-83e7-055f6239c908,False,BNG,4,bisexual
2935,David_Aaron_Beauregard,2010,True,5,2026-06-08 06:14:18.549339,6c61342c-cf9e-4e87-83e7-055f6239c908,False,DAB,1,straight
2936,Thane_Manny_Manuel,2010,True,5,2026-06-08 06:14:18.549339,6c61342c-cf9e-4e87-83e7-055f6239c908,False,TMM,5,gay
2937,Yinfan_Fred_Ha,2010,True,3,2026-06-08 06:14:18.549339,6c61342c-cf9e-4e87-83e7-055f6239c908,False,YFH,1,straight
2938,Johnny_Gabe_Young,2006,True,3,2026-06-08 13:59:24.831932,b1438a65-69d5-4452-99fc-ed1c2c6a4d5c,False,JGY,1,straight
2939,Andrew_Yingchen_Gu,2006,True,1,2026-06-08 13:59:24.831932,b1438a65-69d5-4452-99fc-ed1c2c6a4d5c,False,AYG,1,straight
2940,Rahul_Ibhan_Ramiz,2006,True,2,2026-06-08 13:59:24.831932,b1438a65-69d5-4452-99fc-ed1c2c6a4d5c,False,RIR,5,gay
2941,Shannon_Samuel_Palley,2006,True,3,2026-06-08 13:59:24.831932,b1438a65-69d5-4452-99fc-ed1c2c6a4d5c,False,SSP,1,straight
2942,Tollbooth_Jerome_Malcomb,2006,True,5,2026-06-08 13:59:24.831932,b1438a65-69d5-4452-99fc-ed1c2c6a4d5c,False,TJM,2,bisexual
2943,Asher_Kibble_Ibria,1994,True,5,2026-06-08 15:59:45.571165,442ac316-1cf3-43b4-a8d4-1727b46714e5,False,AKI,5,gay
2944,James_Landon_Galway,1994,True,3,2026-06-08 15:59:45.571165,442ac316-1cf3-43b4-a8d4-1727b46714e5,False,JLG,3,bisexual
2945,Ishmael_Michael_Cabrera,1994,True,1,2026-06-08 15:59:45.571165,442ac316-1cf3-43b4-a8d4-1727b46714e5,False,IMC,1,straight
2946,Darryl_David_Miller,1994,True,3,2026-06-08 15:59:45.571165,442ac316-1cf3-43b4-a8d4-1727b46714e5,False,DDM,3,bisexual
2947,James_Edward_Granton,1994,True,2,2026-06-08 15:59:45.571165,442ac316-1cf3-43b4-a8d4-1727b46714e5,False,JEG,1,straight
2948,Joss_Andrew_Section,1994,True,4,2026-06-08 16:01:02.325709,442ac316-1cf3-43b4-a8d4-1727b46714e5,False,JAS,5,gay
2949,Ryouma_Naru_Kouya,1994,True,3,2026-06-08 16:01:02.325709,442ac316-1cf3-43b4-a8d4-1727b46714e5,False,RNK,1,straight
2950,Thomas_Harries_Huckstable,1994,True,2,2026-06-08 16:01:02.325709,442ac316-1cf3-43b4-a8d4-1727b46714e5,False,THH,5,gay
2951,Keith_Tadeo_Muna,1994,True,1,2026-06-08 16:01:02.325709,442ac316-1cf3-43b4-a8d4-1727b46714e5,False,KTM,2,straight
2952,Damian_Ubiel_Torcuato,1994,True,3,2026-06-08 16:01:02.325709,442ac316-1cf3-43b4-a8d4-1727b46714e5,False,DUT,5,gay
2953,Edward_Scissorhands_Salamander,2003,False,4,2026-06-08 20:53:08.257742,bccb5ad0-9b3d-4a96-9fd3-1b15299f336d,False,ESS,5,gay
2954,Nicholas_Andrew_Falhosh,2003,False,1,2026-06-08 20:53:08.257742,bccb5ad0-9b3d-4a96-9fd3-1b15299f336d,False,NAF,2,bisexual
2955,Theo_Jasper_Zhang,2003,False,3,2026-06-08 20:53:08.257742,bccb5ad0-9b3d-4a96-9fd3-1b15299f336d,False,TJZ,1,straight
2956,Sahil_Krishna_Bhat,2003,False,5,2026-06-08 20:53:08.257742,bccb5ad0-9b3d-4a96-9fd3-1b15299f336d,False,SKB,1,straight
2957,Sipoon_Lance_Kim,2003,False,2,2026-06-08 20:53:08.257742,bccb5ad0-9b3d-4a96-9fd3-1b15299f336d,False,SLK,3,bisexual
2958,Johnny_Gabe_Young,1991,True,2,2026-06-09 05:36:47.07299,47c97a5e-05ac-40d6-b20c-edaa46d9adc0,False,JGY,1,straight
2959,Kamal_Chandani_Obterre,1991,True,4,2026-06-09 05:36:47.07299,47c97a5e-05ac-40d6-b20c-edaa46d9adc0,False,KCO,4,bisexual
2960,Chris_Topher_Hu,1991,True,2,2026-06-09 05:36:47.07299,47c97a5e-05ac-40d6-b20c-edaa46d9adc0,False,CTH,4,bisexual
2961,Randall_Larry_McGaren,1991,True,5,2026-06-09 05:36:47.07299,47c97a5e-05ac-40d6-b20c-edaa46d9adc0,False,RLM,5,gay
2962,Joss_Andrew_Section,1991,True,5,2026-06-09 05:36:47.07299,47c97a5e-05ac-40d6-b20c-edaa46d9adc0,False,JAS,5,gay
2963,Asher_Kibble_Ibria,1991,True,5,2026-06-09 05:38:12.675254,47c97a5e-05ac-40d6-b20c-edaa46d9adc0,False,AKI,5,gay
2964,Jason_Fan_Yew,1991,True,1,2026-06-09 05:38:12.675254,47c97a5e-05ac-40d6-b20c-edaa46d9adc0,False,JFY,1,straight
2965,Shannon_Samuel_Palley,1991,True,4,2026-06-09 05:38:12.675254,47c97a5e-05ac-40d6-b20c-edaa46d9adc0,False,SSP,1,straight
2966,Damian_Ubiel_Torcuato,1991,True,5,2026-06-09 05:38:12.675254,47c97a5e-05ac-40d6-b20c-edaa46d9adc0,False,DUT,5,gay
2967,Edward_Scissorhands_Salamander,1991,True,3,2026-06-09 05:38:12.675254,47c97a5e-05ac-40d6-b20c-edaa46d9adc0,False,ESS,5,gay
2968,Matthew_Enlai_Zhang,1991,True,1,2026-06-09 05:39:50.72352,47c97a5e-05ac-40d6-b20c-edaa46d9adc0,False,MEZ,1,straight
2969,Andrew_Yingchen_Gu,1991,True,3,2026-06-09 05:39:50.72352,47c97a5e-05ac-40d6-b20c-edaa46d9adc0,False,AYG,1,straight
2970,Ishmael_Michael_Cabrera,1991,True,1,2026-06-09 05:39:50.72352,47c97a5e-05ac-40d6-b20c-edaa46d9adc0,False,IMC,1,straight
2971,Big_Ey_Cai,1991,True,3,2026-06-09 05:39:50.72352,47c97a5e-05ac-40d6-b20c-edaa46d9adc0,False,BEC,1,straight
2972,Aaron_Paul_Ingham,1991,True,1,2026-06-09 05:39:50.72352,47c97a5e-05ac-40d6-b20c-edaa46d9adc0,False,API,1,straight
2973,Matthew_Easton_Paulson,1991,True,3,2026-06-09 05:40:57.847494,47c97a5e-05ac-40d6-b20c-edaa46d9adc0,False,MEP,3,bisexual
2974,Micheal_Kawoori_Obterra,1991,True,5,2026-06-09 05:40:57.847494,47c97a5e-05ac-40d6-b20c-edaa46d9adc0,False,MKO,5,gay
2975,James_Landon_Galway,1991,True,3,2026-06-09 05:40:57.847494,47c97a5e-05ac-40d6-b20c-edaa46d9adc0,False,JLG,3,bisexual
2976,Zeke_Thane_Painter,1991,True,1,2026-06-09 05:40:57.847494,47c97a5e-05ac-40d6-b20c-edaa46d9adc0,False,ZTP,1,straight
2977,Tollbooth_Jerome_Malcomb,1991,True,5,2026-06-09 05:40:57.847494,47c97a5e-05ac-40d6-b20c-edaa46d9adc0,False,TJM,2,bisexual
2978,David_Aaron_Beauregard,1991,True,1,2026-06-09 05:42:02.888281,47c97a5e-05ac-40d6-b20c-edaa46d9adc0,False,DAB,1,straight
2979,Chris_Chandler_King,1991,True,2,2026-06-09 05:42:02.888281,47c97a5e-05ac-40d6-b20c-edaa46d9adc0,False,CCK,1,straight
2980,Franklin_Kampbell_Freeman,1991,True,4,2026-06-09 05:42:02.888281,47c97a5e-05ac-40d6-b20c-edaa46d9adc0,False,FKF,5,gay
2981,Josue_Benedicto_Marti,1991,True,2,2026-06-09 05:42:02.888281,47c97a5e-05ac-40d6-b20c-edaa46d9adc0,False,JBM,1,straight
2982,Azad_Pars_Salaam,1991,True,5,2026-06-09 05:42:02.888281,47c97a5e-05ac-40d6-b20c-edaa46d9adc0,False,APS,5,gay
2983,Leandro_Rado_Sanchez,1991,True,1,2026-06-09 05:43:30.62794,47c97a5e-05ac-40d6-b20c-edaa46d9adc0,False,LRS,1,straight
2984,Abe_Ian_Kim,1991,True,3,2026-06-09 05:43:30.62794,47c97a5e-05ac-40d6-b20c-edaa46d9adc0,False,AIK,1,straight
2985,Sipoon_Lance_Kim,1991,True,5,2026-06-09 05:43:30.62794,47c97a5e-05ac-40d6-b20c-edaa46d9adc0,False,SLK,3,bisexual
2986,Thane_Manny_Manuel,1991,True,3,2026-06-09 05:43:30.62794,47c97a5e-05ac-40d6-b20c-edaa46d9adc0,False,TMM,5,gay
2987,Yinfan_Fred_Ha,1991,True,2,2026-06-09 05:43:30.62794,47c97a5e-05ac-40d6-b20c-edaa46d9adc0,False,YFH,1,straight
2988,Bob_Nicolas_Gonzalo,1991,True,5,2026-06-09 05:44:31.826218,47c97a5e-05ac-40d6-b20c-edaa46d9adc0,False,BNG,4,bisexual
2989,Billiam_Traincar_Zhu,1991,True,5,2026-06-09 05:44:31.826218,47c97a5e-05ac-40d6-b20c-edaa46d9adc0,False,BTZ,3,questioning
2990,Ethan_Nguyen_Nguyen,1991,True,1,2026-06-09 05:44:31.826218,47c97a5e-05ac-40d6-b20c-edaa46d9adc0,False,ENN,1,straight
2991,Juniper_Jim_Sha,1991,True,5,2026-06-09 05:44:31.826218,47c97a5e-05ac-40d6-b20c-edaa46d9adc0,False,JJS,1,straight
2992,Sahil_Krishna_Bhat,1991,True,4,2026-06-09 05:44:31.826218,47c97a5e-05ac-40d6-b20c-edaa46d9adc0,False,SKB,1,straight
2993,Willard_Gary_Barry,2007,True,4,2026-06-09 09:53:17.900746,78c79b76-c9ed-418c-be99-dd58075947b0,False,WGB,4,queer
2994,Shangdong_Bill_Kang,2007,True,1,2026-06-09 09:53:17.900746,78c79b76-c9ed-418c-be99-dd58075947b0,False,SBK,2,bisexual
2995,Rahul_Ibhan_Ramiz,2007,True,2,2026-06-09 09:53:17.900746,78c79b76-c9ed-418c-be99-dd58075947b0,False,RIR,5,gay
2996,Preed_Odathi_Ghandi,2007,True,1,2026-06-09 09:53:17.900746,78c79b76-c9ed-418c-be99-dd58075947b0,False,POG,1,Straight
2997,Thomas_Harries_Huckstable,2007,True,3,2026-06-09 09:53:17.900746,78c79b76-c9ed-418c-be99-dd58075947b0,False,THH,5,gay
2998,James_Edward_Granton,1992,False,1,2026-06-09 17:32:46.096764,83cf028e-3e70-49ac-8406-c130058968a1,False,JEG,1,straight
2999,Nicholas_Andrew_Falhosh,1992,False,1,2026-06-09 17:32:46.096764,83cf028e-3e70-49ac-8406-c130058968a1,False,NAF,2,bisexual
3000,Ryouma_Naru_Kouya,1992,False,5,2026-06-09 17:32:46.096764,83cf028e-3e70-49ac-8406-c130058968a1,False,RNK,1,straight
3001,Keith_Tadeo_Muna,1992,False,1,2026-06-09 17:32:46.096764,83cf028e-3e70-49ac-8406-c130058968a1,False,KTM,2,straight
3002,Jason_Jerome_Cao,1992,False,1,2026-06-09 17:32:46.096764,83cf028e-3e70-49ac-8406-c130058968a1,False,JJC,5,gay
3003,Theo_Jasper_Zhang,1992,False,3,2026-06-09 17:34:58.517062,83cf028e-3e70-49ac-8406-c130058968a1,False,TJZ,1,straight
3004,Abner_Valentine_Lo,1992,False,1,2026-06-09 17:34:58.517062,83cf028e-3e70-49ac-8406-c130058968a1,False,AVL,4,gay
3005,Ishaan_Arav_Arun,1992,False,4,2026-06-09 17:34:58.517062,83cf028e-3e70-49ac-8406-c130058968a1,False,IAA,5,gay
3006,Darryl_David_Miller,1992,False,2,2026-06-09 17:34:58.517062,83cf028e-3e70-49ac-8406-c130058968a1,False,DDM,3,bisexual
3007,Chris_Jason_Paulson,1992,False,1,2026-06-09 17:34:58.517062,83cf028e-3e70-49ac-8406-c130058968a1,False,CJP,2,bisexual
3008,Big_Ey_Cai,1992,True,1,2026-06-09 20:13:03.620655,bcd0fd81-725e-4c12-b996-09c1577c5e8f,False,BEC,1,straight
3009,Kamal_Chandani_Obterre,1992,True,4,2026-06-09 20:13:03.620655,bcd0fd81-725e-4c12-b996-09c1577c5e8f,False,KCO,4,bisexual
3010,Aaron_Paul_Ingham,1992,True,1,2026-06-09 20:13:03.620655,bcd0fd81-725e-4c12-b996-09c1577c5e8f,False,API,1,straight
3011,Damian_Ubiel_Torcuato,1992,True,5,2026-06-09 20:13:03.620655,bcd0fd81-725e-4c12-b996-09c1577c5e8f,False,DUT,5,gay
3012,Asher_Kibble_Ibria,1992,True,5,2026-06-09 20:13:03.620655,bcd0fd81-725e-4c12-b996-09c1577c5e8f,False,AKI,5,gay
3013,Randall_Larry_McGaren,1992,True,3,2026-06-09 20:14:27.822204,bcd0fd81-725e-4c12-b996-09c1577c5e8f,False,RLM,5,gay
3014,Thomas_Harries_Huckstable,1992,True,4,2026-06-09 20:14:27.822204,bcd0fd81-725e-4c12-b996-09c1577c5e8f,False,THH,5,gay
3015,Chris_Topher_Hu,1992,True,1,2026-06-09 20:14:27.822204,bcd0fd81-725e-4c12-b996-09c1577c5e8f,False,CTH,4,bisexual
3016,Theo_Jasper_Zhang,1992,True,3,2026-06-09 20:14:27.822204,bcd0fd81-725e-4c12-b996-09c1577c5e8f,False,TJZ,1,straight
3017,Matthew_Enlai_Zhang,1992,True,3,2026-06-09 20:14:27.822204,bcd0fd81-725e-4c12-b996-09c1577c5e8f,False,MEZ,1,straight
3018,Preed_Odathi_Ghandi,2002,True,2,2026-06-09 22:58:45.966534,f26ca6b6-c1e4-4064-aa13-c3cd88a1e89d,True,POG,1,Straight
3019,David_Aaron_Beauregard,2002,True,1,2026-06-09 22:58:45.966534,f26ca6b6-c1e4-4064-aa13-c3cd88a1e89d,True,DAB,1,straight
3020,Matthew_Easton_Paulson,2002,True,5,2026-06-09 22:58:45.966534,f26ca6b6-c1e4-4064-aa13-c3cd88a1e89d,True,MEP,3,bisexual
3021,Edward_Scissorhands_Salamander,2002,True,4,2026-06-09 22:58:45.966534,f26ca6b6-c1e4-4064-aa13-c3cd88a1e89d,True,ESS,5,gay
3022,Ryouma_Naru_Kouya,2002,True,3,2026-06-09 22:58:45.966534,f26ca6b6-c1e4-4064-aa13-c3cd88a1e89d,True,RNK,1,straight
3023,Leandro_Rado_Sanchez,2003,True,1,2026-06-10 01:45:27.575823,231b3de3-73c8-4008-9df1-7b3efa5a9c5b,False,LRS,1,straight
3024,Willard_Gary_Barry,2003,True,5,2026-06-10 01:45:27.575823,231b3de3-73c8-4008-9df1-7b3efa5a9c5b,False,WGB,4,queer
3025,Abner_Valentine_Lo,2003,True,2,2026-06-10 01:45:27.575823,231b3de3-73c8-4008-9df1-7b3efa5a9c5b,False,AVL,4,gay
3026,Keith_Tadeo_Muna,2003,True,1,2026-06-10 01:45:27.575823,231b3de3-73c8-4008-9df1-7b3efa5a9c5b,False,KTM,2,straight
3027,Darryl_David_Miller,2003,True,1,2026-06-10 01:45:27.575823,231b3de3-73c8-4008-9df1-7b3efa5a9c5b,False,DDM,3,bisexual
3028,James_Landon_Galway,2006,False,4,2026-06-10 02:32:54.133717,0ffaf907-d387-47fb-ae93-20792dcb1fb3,False,JLG,3,bisexual
3029,Josue_Benedicto_Marti,2006,False,1,2026-06-10 02:32:54.133717,0ffaf907-d387-47fb-ae93-20792dcb1fb3,False,JBM,1,straight
3030,Abe_Ian_Kim,2006,False,2,2026-06-10 02:32:54.133717,0ffaf907-d387-47fb-ae93-20792dcb1fb3,False,AIK,1,straight
3031,Sahil_Krishna_Bhat,2006,False,1,2026-06-10 02:32:54.133717,0ffaf907-d387-47fb-ae93-20792dcb1fb3,False,SKB,1,straight
3032,Tollbooth_Jerome_Malcomb,2006,False,4,2026-06-10 02:32:54.133717,0ffaf907-d387-47fb-ae93-20792dcb1fb3,False,TJM,2,bisexual
3034,Sipoon_Lance_Kim,1992,True,1,2026-06-10 02:49:11.341709,fb04efe4-fc59-4863-afcf-4384e1020263,False,SLK,3,bisexual
3035,Jason_Jerome_Cao,1992,True,1,2026-06-10 02:49:11.341709,fb04efe4-fc59-4863-afcf-4384e1020263,False,JJC,5,gay
3036,Micheal_Kawoori_Obterra,1992,True,5,2026-06-10 02:49:11.341709,fb04efe4-fc59-4863-afcf-4384e1020263,False,MKO,5,gay
3037,Ishaan_Arav_Arun,1992,True,2,2026-06-10 02:49:11.341709,fb04efe4-fc59-4863-afcf-4384e1020263,False,IAA,5,gay
3038,Ishmael_Michael_Cabrera,1992,True,1,2026-06-10 02:49:11.341709,fb04efe4-fc59-4863-afcf-4384e1020263,False,IMC,1,straight
3039,James_Edward_Granton,1992,True,1,2026-06-10 02:50:56.092192,fb04efe4-fc59-4863-afcf-4384e1020263,False,JEG,1,straight
3040,Bob_Nicolas_Gonzalo,1992,True,1,2026-06-10 02:50:56.092192,fb04efe4-fc59-4863-afcf-4384e1020263,False,BNG,4,bisexual
3041,Andrew_Yingchen_Gu,1992,True,1,2026-06-10 02:50:56.092192,fb04efe4-fc59-4863-afcf-4384e1020263,False,AYG,1,straight
3042,Shangdong_Bill_Kang,1992,True,5,2026-06-10 02:50:56.092192,fb04efe4-fc59-4863-afcf-4384e1020263,False,SBK,2,bisexual
3043,Yinfan_Fred_Ha,1992,True,1,2026-06-10 02:50:56.092192,fb04efe4-fc59-4863-afcf-4384e1020263,False,YFH,1,straight
3044,Zeke_Thane_Painter,1992,True,1,2026-06-10 02:53:11.062022,fb04efe4-fc59-4863-afcf-4384e1020263,False,ZTP,1,straight
3045,Juniper_Jim_Sha,1992,True,4,2026-06-10 02:53:11.062022,fb04efe4-fc59-4863-afcf-4384e1020263,False,JJS,1,straight
3046,Joss_Andrew_Section,1992,True,5,2026-06-10 02:53:11.062022,fb04efe4-fc59-4863-afcf-4384e1020263,False,JAS,5,gay
3047,Johnny_Gabe_Young,1992,True,1,2026-06-10 02:53:11.062022,fb04efe4-fc59-4863-afcf-4384e1020263,False,JGY,1,straight
3048,Shannon_Samuel_Palley,1992,True,2,2026-06-10 02:53:11.062022,fb04efe4-fc59-4863-afcf-4384e1020263,False,SSP,1,straight
3049,Chris_Jason_Paulson,1999,True,1,2026-06-10 03:34:55.099079,79e66b8a-d87d-4a7e-b331-d01f14a8e81d,False,CJP,2,bisexual
3050,Billiam_Traincar_Zhu,1999,True,5,2026-06-10 03:34:55.099079,79e66b8a-d87d-4a7e-b331-d01f14a8e81d,False,BTZ,3,questioning
3051,Azad_Pars_Salaam,1999,True,1,2026-06-10 03:34:55.099079,79e66b8a-d87d-4a7e-b331-d01f14a8e81d,False,APS,5,gay
3052,Chris_Chandler_King,1999,True,1,2026-06-10 03:34:55.099079,79e66b8a-d87d-4a7e-b331-d01f14a8e81d,False,CCK,1,straight
3053,Thane_Manny_Manuel,1999,True,5,2026-06-10 03:34:55.099079,79e66b8a-d87d-4a7e-b331-d01f14a8e81d,False,TMM,5,gay
3056,Franklin_Kampbell_Freeman,2010,True,3,2026-06-10 04:00:58.291193,f78b3525-b1ad-4a4b-9690-e93bd38a4a88,False,FKF,5,gay
3057,Jason_Fan_Yew,2010,True,4,2026-06-10 04:00:58.291193,f78b3525-b1ad-4a4b-9690-e93bd38a4a88,False,JFY,1,straight
3058,Rahul_Ibhan_Ramiz,2010,True,1,2026-06-10 04:00:58.291193,f78b3525-b1ad-4a4b-9690-e93bd38a4a88,False,RIR,5,gay
3059,Ethan_Nguyen_Nguyen,2010,True,1,2026-06-10 04:00:58.291193,f78b3525-b1ad-4a4b-9690-e93bd38a4a88,False,ENN,1,straight
3060,Nicholas_Andrew_Falhosh,2010,True,2,2026-06-10 04:00:58.291193,f78b3525-b1ad-4a4b-9690-e93bd38a4a88,False,NAF,2,bisexual
3062,Chris_Jason_Paulson,2010,True,2,2026-06-10 04:02:03.880119,f78b3525-b1ad-4a4b-9690-e93bd38a4a88,False,CJP,2,bisexual
3063,Darryl_David_Miller,2010,True,3,2026-06-10 04:02:03.880119,f78b3525-b1ad-4a4b-9690-e93bd38a4a88,False,DDM,3,bisexual
3064,Abner_Valentine_Lo,2010,True,5,2026-06-10 04:02:03.880119,f78b3525-b1ad-4a4b-9690-e93bd38a4a88,False,AVL,4,gay
3065,Matthew_Easton_Paulson,2010,True,5,2026-06-10 04:02:03.880119,f78b3525-b1ad-4a4b-9690-e93bd38a4a88,False,MEP,3,bisexual
3066,Chris_Topher_Hu,2010,True,2,2026-06-10 04:02:03.880119,f78b3525-b1ad-4a4b-9690-e93bd38a4a88,False,CTH,4,bisexual
3067,Aaron_Paul_Ingham,2010,True,1,2026-06-10 04:03:47.377485,f78b3525-b1ad-4a4b-9690-e93bd38a4a88,False,API,1,straight
3068,Zeke_Thane_Painter,2010,True,3,2026-06-10 04:03:47.377485,f78b3525-b1ad-4a4b-9690-e93bd38a4a88,False,ZTP,1,straight
3069,Leandro_Rado_Sanchez,2010,True,2,2026-06-10 04:03:47.377485,f78b3525-b1ad-4a4b-9690-e93bd38a4a88,False,LRS,1,straight
3070,Micheal_Kawoori_Obterra,2010,True,5,2026-06-10 04:03:47.377485,f78b3525-b1ad-4a4b-9690-e93bd38a4a88,False,MKO,5,gay
3071,Willard_Gary_Barry,2010,True,2,2026-06-10 04:03:47.377485,f78b3525-b1ad-4a4b-9690-e93bd38a4a88,False,WGB,4,queer
3072,Thomas_Harries_Huckstable,2010,True,3,2026-06-10 04:05:20.977484,f78b3525-b1ad-4a4b-9690-e93bd38a4a88,False,THH,5,gay
3073,Billiam_Traincar_Zhu,2010,True,5,2026-06-10 04:05:20.977484,f78b3525-b1ad-4a4b-9690-e93bd38a4a88,False,BTZ,3,questioning
3074,Damian_Ubiel_Torcuato,2010,True,1,2026-06-10 04:05:20.977484,f78b3525-b1ad-4a4b-9690-e93bd38a4a88,False,DUT,5,gay
3075,Yinfan_Fred_Ha,2010,True,2,2026-06-10 04:05:20.977484,f78b3525-b1ad-4a4b-9690-e93bd38a4a88,False,YFH,1,straight
3076,Bob_Nicolas_Gonzalo,2010,True,4,2026-06-10 04:05:20.977484,f78b3525-b1ad-4a4b-9690-e93bd38a4a88,False,BNG,4,bisexual
3077,David_Aaron_Beauregard,2010,True,1,2026-06-10 04:06:33.631289,f78b3525-b1ad-4a4b-9690-e93bd38a4a88,False,DAB,1,straight
3078,Shangdong_Bill_Kang,2010,True,3,2026-06-10 04:06:33.631289,f78b3525-b1ad-4a4b-9690-e93bd38a4a88,False,SBK,2,bisexual
3079,James_Edward_Granton,2010,True,4,2026-06-10 04:06:33.631289,f78b3525-b1ad-4a4b-9690-e93bd38a4a88,False,JEG,1,straight
3080,Sipoon_Lance_Kim,2010,True,4,2026-06-10 04:06:33.631289,f78b3525-b1ad-4a4b-9690-e93bd38a4a88,False,SLK,3,bisexual
3081,Big_Ey_Cai,2010,True,1,2026-06-10 04:06:33.631289,f78b3525-b1ad-4a4b-9690-e93bd38a4a88,False,BEC,1,straight
3082,Keith_Tadeo_Muna,2010,True,4,2026-06-10 04:07:40.620728,f78b3525-b1ad-4a4b-9690-e93bd38a4a88,False,KTM,2,straight
3083,Preed_Odathi_Ghandi,2010,True,2,2026-06-10 04:07:40.620728,f78b3525-b1ad-4a4b-9690-e93bd38a4a88,False,POG,1,Straight
3084,Thane_Manny_Manuel,2010,True,4,2026-06-10 04:07:40.620728,f78b3525-b1ad-4a4b-9690-e93bd38a4a88,False,TMM,5,gay
3085,Edward_Scissorhands_Salamander,2010,True,5,2026-06-10 04:07:40.620728,f78b3525-b1ad-4a4b-9690-e93bd38a4a88,False,ESS,5,gay
3086,Kamal_Chandani_Obterre,2010,True,1,2026-06-10 04:07:40.620728,f78b3525-b1ad-4a4b-9690-e93bd38a4a88,False,KCO,4,bisexual
3087,Sahil_Krishna_Bhat,2010,True,3,2026-06-10 04:09:01.444918,f78b3525-b1ad-4a4b-9690-e93bd38a4a88,False,SKB,1,straight
3088,Josue_Benedicto_Marti,2010,True,1,2026-06-10 04:09:01.444918,f78b3525-b1ad-4a4b-9690-e93bd38a4a88,False,JBM,1,straight
3089,Randall_Larry_McGaren,2010,True,5,2026-06-10 04:09:01.444918,f78b3525-b1ad-4a4b-9690-e93bd38a4a88,False,RLM,5,gay
3090,Asher_Kibble_Ibria,2010,True,5,2026-06-10 04:09:01.444918,f78b3525-b1ad-4a4b-9690-e93bd38a4a88,False,AKI,5,gay
3091,Jason_Jerome_Cao,2010,True,4,2026-06-10 04:09:01.444918,f78b3525-b1ad-4a4b-9690-e93bd38a4a88,False,JJC,5,gay
3092,Matthew_Enlai_Zhang,2010,True,4,2026-06-10 04:09:44.934036,f78b3525-b1ad-4a4b-9690-e93bd38a4a88,False,MEZ,1,straight
3093,Theo_Jasper_Zhang,2010,True,2,2026-06-10 04:09:44.934036,f78b3525-b1ad-4a4b-9690-e93bd38a4a88,False,TJZ,1,straight
3094,Ishmael_Michael_Cabrera,2010,True,1,2026-06-10 04:09:44.934036,f78b3525-b1ad-4a4b-9690-e93bd38a4a88,False,IMC,1,straight
3095,Johnny_Gabe_Young,2010,True,1,2026-06-10 04:09:44.934036,f78b3525-b1ad-4a4b-9690-e93bd38a4a88,False,JGY,1,straight
3096,Azad_Pars_Salaam,2010,True,3,2026-06-10 04:09:44.934036,f78b3525-b1ad-4a4b-9690-e93bd38a4a88,False,APS,5,gay
3097,Andrew_Yingchen_Gu,2010,True,2,2026-06-10 04:10:29.737232,f78b3525-b1ad-4a4b-9690-e93bd38a4a88,False,AYG,1,straight
3098,Chris_Chandler_King,2010,True,4,2026-06-10 04:10:29.737232,f78b3525-b1ad-4a4b-9690-e93bd38a4a88,False,CCK,1,straight
3099,Ryouma_Naru_Kouya,2010,True,3,2026-06-10 04:10:29.737232,f78b3525-b1ad-4a4b-9690-e93bd38a4a88,False,RNK,1,straight
3100,Juniper_Jim_Sha,2010,True,5,2026-06-10 04:10:29.737232,f78b3525-b1ad-4a4b-9690-e93bd38a4a88,False,JJS,1,straight
3101,Abe_Ian_Kim,2010,True,1,2026-06-10 04:10:29.737232,f78b3525-b1ad-4a4b-9690-e93bd38a4a88,False,AIK,1,straight
3102,Tollbooth_Jerome_Malcomb,2010,True,5,2026-06-10 04:11:18.460683,f78b3525-b1ad-4a4b-9690-e93bd38a4a88,False,TJM,2,bisexual
3103,Shannon_Samuel_Palley,2010,True,4,2026-06-10 04:11:18.460683,f78b3525-b1ad-4a4b-9690-e93bd38a4a88,False,SSP,1,straight
3104,James_Landon_Galway,2010,True,5,2026-06-10 04:11:18.460683,f78b3525-b1ad-4a4b-9690-e93bd38a4a88,False,JLG,3,bisexual
3105,Joss_Andrew_Section,2010,True,5,2026-06-10 04:11:18.460683,f78b3525-b1ad-4a4b-9690-e93bd38a4a88,False,JAS,5,gay
3106,Ishaan_Arav_Arun,2010,True,3,2026-06-10 04:11:18.460683,f78b3525-b1ad-4a4b-9690-e93bd38a4a88,False,IAA,5,gay
3107,Jason_Fan_Yew,1996,False,5,2026-06-10 07:14:59.797773,d255dabe-5c7d-4439-bff1-06b7f6a8c9d6,False,JFY,1,straight
3108,Rahul_Ibhan_Ramiz,1996,False,1,2026-06-10 07:14:59.797773,d255dabe-5c7d-4439-bff1-06b7f6a8c9d6,False,RIR,5,gay
3109,Nicholas_Andrew_Falhosh,1996,False,1,2026-06-10 07:14:59.797773,d255dabe-5c7d-4439-bff1-06b7f6a8c9d6,False,NAF,2,bisexual
3110,Franklin_Kampbell_Freeman,1996,False,5,2026-06-10 07:14:59.797773,d255dabe-5c7d-4439-bff1-06b7f6a8c9d6,False,FKF,5,gay
3111,Ethan_Nguyen_Nguyen,1996,False,1,2026-06-10 07:14:59.797773,d255dabe-5c7d-4439-bff1-06b7f6a8c9d6,False,ENN,1,straight
3112,Bob_Nicolas_Gonzalo,2006,True,4,2026-06-10 07:28:05.358173,b557573c-255d-4325-9d89-0ba8749e218b,False,BNG,4,bisexual
3113,Juniper_Jim_Sha,2006,True,5,2026-06-10 07:28:05.358173,b557573c-255d-4325-9d89-0ba8749e218b,False,JJS,1,straight
3114,Billiam_Traincar_Zhu,2006,True,2,2026-06-10 07:28:05.358173,b557573c-255d-4325-9d89-0ba8749e218b,False,BTZ,3,questioning
3115,Kamal_Chandani_Obterre,2006,True,2,2026-06-10 07:28:05.358173,b557573c-255d-4325-9d89-0ba8749e218b,False,KCO,4,bisexual
3116,Aaron_Paul_Ingham,2006,True,3,2026-06-10 07:28:05.358173,b557573c-255d-4325-9d89-0ba8749e218b,False,API,1,straight
3118,Sahil_Krishna_Bhat,1996,False,5,2026-06-10 07:40:50.638335,5a12c587-6587-4fd9-9ff6-b71a9ca9ff99,False,SKB,1,straight
3119,Damian_Ubiel_Torcuato,1996,False,5,2026-06-10 07:40:50.638335,5a12c587-6587-4fd9-9ff6-b71a9ca9ff99,False,DUT,5,gay
3120,Jason_Jerome_Cao,1996,False,1,2026-06-10 07:40:50.638335,5a12c587-6587-4fd9-9ff6-b71a9ca9ff99,False,JJC,5,gay
3121,Rahul_Ibhan_Ramiz,1996,False,5,2026-06-10 07:40:50.638335,5a12c587-6587-4fd9-9ff6-b71a9ca9ff99,False,RIR,5,gay
3122,Jason_Fan_Yew,1996,False,5,2026-06-10 07:40:50.638335,5a12c587-6587-4fd9-9ff6-b71a9ca9ff99,False,JFY,1,straight
3123,Thane_Manny_Manuel,2006,True,2,2026-06-10 11:40:24.489473,f3e024fb-af77-4c27-9223-a08adb272536,False,TMM,5,gay
3124,David_Aaron_Beauregard,2006,True,1,2026-06-10 11:40:24.489473,f3e024fb-af77-4c27-9223-a08adb272536,False,DAB,1,straight
3125,Shangdong_Bill_Kang,2006,True,5,2026-06-10 11:40:24.489473,f3e024fb-af77-4c27-9223-a08adb272536,False,SBK,2,bisexual
3126,James_Landon_Galway,2006,True,5,2026-06-10 11:40:24.489473,f3e024fb-af77-4c27-9223-a08adb272536,False,JLG,3,bisexual
3127,Matthew_Easton_Paulson,2006,True,3,2026-06-10 11:40:24.489473,f3e024fb-af77-4c27-9223-a08adb272536,False,MEP,3,bisexual
3128,Abner_Valentine_Lo,2006,True,5,2026-06-10 11:41:16.456736,f3e024fb-af77-4c27-9223-a08adb272536,False,AVL,4,gay
3129,Micheal_Kawoori_Obterra,2006,True,3,2026-06-10 11:41:16.456736,f3e024fb-af77-4c27-9223-a08adb272536,False,MKO,5,gay
3130,Nicholas_Andrew_Falhosh,2006,True,1,2026-06-10 11:41:16.456736,f3e024fb-af77-4c27-9223-a08adb272536,False,NAF,2,bisexual
3131,Ryouma_Naru_Kouya,2006,True,5,2026-06-10 11:41:16.456736,f3e024fb-af77-4c27-9223-a08adb272536,False,RNK,1,straight
3132,Ethan_Nguyen_Nguyen,2006,True,2,2026-06-10 11:41:16.456736,f3e024fb-af77-4c27-9223-a08adb272536,False,ENN,1,straight
3133,Johnny_Gabe_Young,1998,True,1,2026-06-10 17:01:12.149614,0a34332e-1a5b-477a-b71e-4b79e92f800c,False,JGY,1,straight
3134,Randall_Larry_McGaren,1998,True,5,2026-06-10 17:01:12.149614,0a34332e-1a5b-477a-b71e-4b79e92f800c,False,RLM,5,gay
3135,Matthew_Enlai_Zhang,1998,True,1,2026-06-10 17:01:12.149614,0a34332e-1a5b-477a-b71e-4b79e92f800c,False,MEZ,1,straight
3136,Franklin_Kampbell_Freeman,1998,True,5,2026-06-10 17:01:12.149614,0a34332e-1a5b-477a-b71e-4b79e92f800c,False,FKF,5,gay
3137,Andrew_Yingchen_Gu,1998,True,1,2026-06-10 17:01:12.149614,0a34332e-1a5b-477a-b71e-4b79e92f800c,False,AYG,1,straight
3139,Chris_Jason_Paulson,2002,True,1,2026-06-11 02:28:23.961737,59c1ebf0-6023-4453-a28d-58bad8d96822,False,CJP,2,bisexual
3140,Darryl_David_Miller,2002,True,4,2026-06-11 02:28:23.961737,59c1ebf0-6023-4453-a28d-58bad8d96822,False,DDM,3,bisexual
3141,Ishaan_Arav_Arun,2002,True,4,2026-06-11 02:28:23.961737,59c1ebf0-6023-4453-a28d-58bad8d96822,False,IAA,5,gay
3142,Chris_Chandler_King,2002,True,5,2026-06-11 02:28:23.961737,59c1ebf0-6023-4453-a28d-58bad8d96822,False,CCK,1,straight
3143,Joss_Andrew_Section,2002,True,4,2026-06-11 02:28:23.961737,59c1ebf0-6023-4453-a28d-58bad8d96822,False,JAS,5,gay
3144,Thomas_Harries_Huckstable,2000,True,3,2026-06-11 13:07:03.511666,c6ab8d86-b371-4181-bd55-81618b5a6b28,False,THH,5,gay
3145,Willard_Gary_Barry,2000,True,3,2026-06-11 13:07:03.511666,c6ab8d86-b371-4181-bd55-81618b5a6b28,False,WGB,4,queer
3146,Theo_Jasper_Zhang,2000,True,1,2026-06-11 13:07:03.511666,c6ab8d86-b371-4181-bd55-81618b5a6b28,False,TJZ,1,straight
3147,Sipoon_Lance_Kim,2000,True,5,2026-06-11 13:07:03.511666,c6ab8d86-b371-4181-bd55-81618b5a6b28,False,SLK,3,bisexual
3148,Asher_Kibble_Ibria,2000,True,5,2026-06-11 13:07:03.511666,c6ab8d86-b371-4181-bd55-81618b5a6b28,False,AKI,5,gay
3149,Josue_Benedicto_Marti,2007,True,1,2026-06-11 21:15:50.659606,4eb38879-265f-4746-95c2-15dc91526aa6,False,JBM,1,straight
3150,Azad_Pars_Salaam,2007,True,2,2026-06-11 21:15:50.659606,4eb38879-265f-4746-95c2-15dc91526aa6,False,APS,5,gay
3151,Preed_Odathi_Ghandi,2007,True,2,2026-06-11 21:15:50.659606,4eb38879-265f-4746-95c2-15dc91526aa6,False,POG,1,Straight
3152,Zeke_Thane_Painter,2007,True,1,2026-06-11 21:15:50.659606,4eb38879-265f-4746-95c2-15dc91526aa6,False,ZTP,1,straight
3153,Tollbooth_Jerome_Malcomb,2007,True,5,2026-06-11 21:15:50.659606,4eb38879-265f-4746-95c2-15dc91526aa6,False,TJM,2,bisexual
3154,Big_Ey_Cai,2007,True,4,2026-06-11 21:16:41.991617,4eb38879-265f-4746-95c2-15dc91526aa6,False,BEC,1,straight
3155,Shannon_Samuel_Palley,2007,True,1,2026-06-11 21:16:41.991617,4eb38879-265f-4746-95c2-15dc91526aa6,False,SSP,1,straight
3156,Keith_Tadeo_Muna,2007,True,5,2026-06-11 21:16:41.991617,4eb38879-265f-4746-95c2-15dc91526aa6,False,KTM,2,straight
3157,Leandro_Rado_Sanchez,2007,True,1,2026-06-11 21:16:41.991617,4eb38879-265f-4746-95c2-15dc91526aa6,False,LRS,1,straight
3158,Edward_Scissorhands_Salamander,2007,True,5,2026-06-11 21:16:41.991617,4eb38879-265f-4746-95c2-15dc91526aa6,False,ESS,5,gay
3159,Ishmael_Michael_Cabrera,2007,True,4,2026-06-11 21:17:36.135837,4eb38879-265f-4746-95c2-15dc91526aa6,False,IMC,1,straight
3160,Yinfan_Fred_Ha,2007,True,5,2026-06-11 21:17:36.135837,4eb38879-265f-4746-95c2-15dc91526aa6,False,YFH,1,straight
3161,Chris_Topher_Hu,2007,True,1,2026-06-11 21:17:36.135837,4eb38879-265f-4746-95c2-15dc91526aa6,False,CTH,4,bisexual
3162,James_Edward_Granton,2007,True,4,2026-06-11 21:17:36.135837,4eb38879-265f-4746-95c2-15dc91526aa6,False,JEG,1,straight
3163,Abe_Ian_Kim,2007,True,1,2026-06-11 21:17:36.135837,4eb38879-265f-4746-95c2-15dc91526aa6,False,AIK,1,straight
3164,Kamal_Chandani_Obterre,2007,True,1,2026-06-11 21:18:10.525663,4eb38879-265f-4746-95c2-15dc91526aa6,False,KCO,4,bisexual
3165,Damian_Ubiel_Torcuato,2007,True,5,2026-06-11 21:18:10.525663,4eb38879-265f-4746-95c2-15dc91526aa6,False,DUT,5,gay
3166,David_Aaron_Beauregard,2007,True,1,2026-06-11 21:18:10.525663,4eb38879-265f-4746-95c2-15dc91526aa6,False,DAB,1,straight
3167,Darryl_David_Miller,2007,True,5,2026-06-11 21:18:10.525663,4eb38879-265f-4746-95c2-15dc91526aa6,False,DDM,3,bisexual
3168,Nicholas_Andrew_Falhosh,2007,True,5,2026-06-11 21:18:10.525663,4eb38879-265f-4746-95c2-15dc91526aa6,False,NAF,2,bisexual
3169,Asher_Kibble_Ibria,2007,True,5,2026-06-11 21:18:47.080567,4eb38879-265f-4746-95c2-15dc91526aa6,False,AKI,5,gay
3170,Franklin_Kampbell_Freeman,2007,True,5,2026-06-11 21:18:47.080567,4eb38879-265f-4746-95c2-15dc91526aa6,False,FKF,5,gay
3171,Ethan_Nguyen_Nguyen,2007,True,1,2026-06-11 21:18:47.080567,4eb38879-265f-4746-95c2-15dc91526aa6,False,ENN,1,straight
3172,Shangdong_Bill_Kang,2007,True,3,2026-06-11 21:18:47.080567,4eb38879-265f-4746-95c2-15dc91526aa6,False,SBK,2,bisexual
3173,Willard_Gary_Barry,2007,True,5,2026-06-11 21:18:47.080567,4eb38879-265f-4746-95c2-15dc91526aa6,False,WGB,4,queer
3174,Sahil_Krishna_Bhat,2007,True,5,2026-06-11 21:19:28.137134,4eb38879-265f-4746-95c2-15dc91526aa6,False,SKB,1,straight
3175,Matthew_Easton_Paulson,2007,True,5,2026-06-11 21:19:28.137134,4eb38879-265f-4746-95c2-15dc91526aa6,False,MEP,3,bisexual
3176,James_Landon_Galway,2007,True,5,2026-06-11 21:19:28.137134,4eb38879-265f-4746-95c2-15dc91526aa6,False,JLG,3,bisexual
3177,Johnny_Gabe_Young,2007,True,1,2026-06-11 21:19:28.137134,4eb38879-265f-4746-95c2-15dc91526aa6,False,JGY,1,straight
3178,Juniper_Jim_Sha,2007,True,5,2026-06-11 21:19:28.137134,4eb38879-265f-4746-95c2-15dc91526aa6,False,JJS,1,straight
3179,Abner_Valentine_Lo,2006,True,4,2026-06-11 21:30:34.170101,40e7cc91-baa1-4260-9aa3-45b2cffa9589,False,AVL,4,gay
3180,Thane_Manny_Manuel,2006,True,2,2026-06-11 21:30:34.170101,40e7cc91-baa1-4260-9aa3-45b2cffa9589,False,TMM,5,gay
3181,James_Edward_Granton,2006,True,1,2026-06-11 21:30:34.170101,40e7cc91-baa1-4260-9aa3-45b2cffa9589,False,JEG,1,straight
3182,Chris_Chandler_King,2006,True,2,2026-06-11 21:30:34.170101,40e7cc91-baa1-4260-9aa3-45b2cffa9589,False,CCK,1,straight
3183,Andrew_Yingchen_Gu,2006,True,1,2026-06-11 21:30:34.170101,40e7cc91-baa1-4260-9aa3-45b2cffa9589,False,AYG,1,straight
3184,Aaron_Paul_Ingham,2006,True,3,2026-06-11 21:31:42.435352,40e7cc91-baa1-4260-9aa3-45b2cffa9589,False,API,1,straight
3185,Chris_Topher_Hu,2006,True,1,2026-06-11 21:31:42.435352,40e7cc91-baa1-4260-9aa3-45b2cffa9589,False,CTH,4,bisexual
3186,Matthew_Enlai_Zhang,2006,True,4,2026-06-11 21:31:42.435352,40e7cc91-baa1-4260-9aa3-45b2cffa9589,False,MEZ,1,straight
3187,Sipoon_Lance_Kim,2006,True,4,2026-06-11 21:31:42.435352,40e7cc91-baa1-4260-9aa3-45b2cffa9589,False,SLK,3,bisexual
3188,Chris_Jason_Paulson,2006,True,5,2026-06-11 21:31:42.435352,40e7cc91-baa1-4260-9aa3-45b2cffa9589,False,CJP,2,bisexual
3189,Billiam_Traincar_Zhu,2006,True,4,2026-06-11 21:32:27.124509,40e7cc91-baa1-4260-9aa3-45b2cffa9589,False,BTZ,3,questioning
3190,Ishaan_Arav_Arun,2006,True,2,2026-06-11 21:32:27.124509,40e7cc91-baa1-4260-9aa3-45b2cffa9589,False,IAA,5,gay
3191,Randall_Larry_McGaren,2006,True,5,2026-06-11 21:32:27.124509,40e7cc91-baa1-4260-9aa3-45b2cffa9589,False,RLM,5,gay
3192,Abe_Ian_Kim,2006,True,2,2026-06-11 21:32:27.124509,40e7cc91-baa1-4260-9aa3-45b2cffa9589,False,AIK,1,straight
3193,Rahul_Ibhan_Ramiz,2006,True,5,2026-06-11 21:32:27.124509,40e7cc91-baa1-4260-9aa3-45b2cffa9589,False,RIR,5,gay
3194,Leandro_Rado_Sanchez,2006,True,5,2026-06-11 21:33:15.534928,40e7cc91-baa1-4260-9aa3-45b2cffa9589,False,LRS,1,straight
3195,Yinfan_Fred_Ha,2006,True,5,2026-06-11 21:33:15.534928,40e7cc91-baa1-4260-9aa3-45b2cffa9589,False,YFH,1,straight
3196,Jason_Jerome_Cao,2006,True,5,2026-06-11 21:33:15.534928,40e7cc91-baa1-4260-9aa3-45b2cffa9589,False,JJC,5,gay
3197,Edward_Scissorhands_Salamander,2006,True,5,2026-06-11 21:33:15.534928,40e7cc91-baa1-4260-9aa3-45b2cffa9589,False,ESS,5,gay
3198,Ryouma_Naru_Kouya,2006,True,1,2026-06-11 21:33:15.534928,40e7cc91-baa1-4260-9aa3-45b2cffa9589,False,RNK,1,straight
3199,Keith_Tadeo_Muna,1997,False,5,2026-06-12 05:03:38.368833,149e8bb5-2551-4cbe-97e3-d764784360a5,False,KTM,2,straight
3200,Shannon_Samuel_Palley,1997,False,2,2026-06-12 05:03:38.368833,149e8bb5-2551-4cbe-97e3-d764784360a5,False,SSP,1,straight
3201,Joss_Andrew_Section,1997,False,5,2026-06-12 05:03:38.368833,149e8bb5-2551-4cbe-97e3-d764784360a5,False,JAS,5,gay
3202,Josue_Benedicto_Marti,1997,False,1,2026-06-12 05:03:38.368833,149e8bb5-2551-4cbe-97e3-d764784360a5,False,JBM,1,straight
3203,Tollbooth_Jerome_Malcomb,1997,False,5,2026-06-12 05:03:38.368833,149e8bb5-2551-4cbe-97e3-d764784360a5,False,TJM,2,bisexual
3204,Micheal_Kawoori_Obterra,2001,False,4,2026-06-12 12:17:58.401937,47cdcd22-93a4-40af-ac3f-86c67efae4b4,False,MKO,5,gay
3205,Bob_Nicolas_Gonzalo,2001,False,1,2026-06-12 12:17:58.401937,47cdcd22-93a4-40af-ac3f-86c67efae4b4,False,BNG,4,bisexual
3206,Zeke_Thane_Painter,2001,False,4,2026-06-12 12:17:58.401937,47cdcd22-93a4-40af-ac3f-86c67efae4b4,False,ZTP,1,straight
3207,Azad_Pars_Salaam,2001,False,5,2026-06-12 12:17:58.401937,47cdcd22-93a4-40af-ac3f-86c67efae4b4,False,APS,5,gay
3208,Theo_Jasper_Zhang,2001,False,2,2026-06-12 12:17:58.401937,47cdcd22-93a4-40af-ac3f-86c67efae4b4,False,TJZ,1,straight
3209,Big_Ey_Cai,1994,True,1,2026-06-13 01:35:18.119831,e825005d-506d-4b44-9efd-604d2b3db0c0,False,BEC,1,straight
3210,Ishmael_Michael_Cabrera,1994,True,3,2026-06-13 01:35:18.119831,e825005d-506d-4b44-9efd-604d2b3db0c0,False,IMC,1,straight
3211,Thomas_Harries_Huckstable,1994,True,3,2026-06-13 01:35:18.119831,e825005d-506d-4b44-9efd-604d2b3db0c0,False,THH,5,gay
3212,Jason_Fan_Yew,1994,True,5,2026-06-13 01:35:18.119831,e825005d-506d-4b44-9efd-604d2b3db0c0,False,JFY,1,straight
3213,Preed_Odathi_Ghandi,1994,True,5,2026-06-13 01:35:18.119831,e825005d-506d-4b44-9efd-604d2b3db0c0,False,POG,1,Straight
3214,Juniper_Jim_Sha,2008,True,2,2026-06-14 00:07:00.485889,46ba9568-67e9-45e5-a213-8f76372886dc,False,JJS,1,straight
3215,Aaron_Paul_Ingham,2008,True,1,2026-06-14 00:07:00.485889,46ba9568-67e9-45e5-a213-8f76372886dc,False,API,1,straight
3216,Chris_Topher_Hu,2008,True,3,2026-06-14 00:07:00.485889,46ba9568-67e9-45e5-a213-8f76372886dc,False,CTH,4,bisexual
3217,Sipoon_Lance_Kim,2008,True,2,2026-06-14 00:07:00.485889,46ba9568-67e9-45e5-a213-8f76372886dc,False,SLK,3,bisexual
3218,Chris_Jason_Paulson,2008,True,4,2026-06-14 00:07:00.485889,46ba9568-67e9-45e5-a213-8f76372886dc,False,CJP,2,bisexual
3219,Nicholas_Andrew_Falhosh,2008,True,1,2026-06-14 00:09:06.487366,46ba9568-67e9-45e5-a213-8f76372886dc,False,NAF,2,bisexual
3220,Johnny_Gabe_Young,2008,True,2,2026-06-14 00:09:06.487366,46ba9568-67e9-45e5-a213-8f76372886dc,False,JGY,1,straight
3221,Tollbooth_Jerome_Malcomb,2008,True,3,2026-06-14 00:09:06.487366,46ba9568-67e9-45e5-a213-8f76372886dc,False,TJM,2,bisexual
3222,Chris_Chandler_King,2008,True,1,2026-06-14 00:09:06.487366,46ba9568-67e9-45e5-a213-8f76372886dc,False,CCK,1,straight
3223,Rahul_Ibhan_Ramiz,2008,True,4,2026-06-14 00:09:06.487366,46ba9568-67e9-45e5-a213-8f76372886dc,False,RIR,5,gay
3224,Ishmael_Michael_Cabrera,2008,True,1,2026-06-14 00:11:51.904862,46ba9568-67e9-45e5-a213-8f76372886dc,False,IMC,1,straight
3225,Asher_Kibble_Ibria,2008,True,5,2026-06-14 00:11:51.904862,46ba9568-67e9-45e5-a213-8f76372886dc,False,AKI,5,gay
3226,Jason_Jerome_Cao,2008,True,3,2026-06-14 00:11:51.904862,46ba9568-67e9-45e5-a213-8f76372886dc,False,JJC,5,gay
3227,Jason_Fan_Yew,2008,True,2,2026-06-14 00:11:51.904862,46ba9568-67e9-45e5-a213-8f76372886dc,False,JFY,1,straight
3228,Micheal_Kawoori_Obterra,2008,True,4,2026-06-14 00:11:51.904862,46ba9568-67e9-45e5-a213-8f76372886dc,False,MKO,5,gay
3229,Sahil_Krishna_Bhat,2002,True,5,2026-06-15 18:39:47.84195,f396a3f8-b6c9-4b6c-b99c-dc9598fa98e0,False,SKB,1,straight
3230,Leandro_Rado_Sanchez,2002,True,1,2026-06-15 18:39:47.84195,f396a3f8-b6c9-4b6c-b99c-dc9598fa98e0,False,LRS,1,straight
3231,Azad_Pars_Salaam,2002,True,3,2026-06-15 18:39:47.84195,f396a3f8-b6c9-4b6c-b99c-dc9598fa98e0,False,APS,5,gay
3232,Matthew_Enlai_Zhang,2002,True,1,2026-06-15 18:39:47.84195,f396a3f8-b6c9-4b6c-b99c-dc9598fa98e0,False,MEZ,1,straight
3233,Billiam_Traincar_Zhu,2002,True,4,2026-06-15 18:39:47.84195,f396a3f8-b6c9-4b6c-b99c-dc9598fa98e0,False,BTZ,3,questioning
3234,Ethan_Nguyen_Nguyen,2010,False,2,2026-06-22 04:51:22.935101,32ec8bff-3a59-4ddd-a928-3ff8fc84c42e,False,ENN,1,straight
3235,Andrew_Yingchen_Gu,2010,False,1,2026-06-22 04:51:22.935101,32ec8bff-3a59-4ddd-a928-3ff8fc84c42e,False,AYG,1,straight
3236,Keith_Tadeo_Muna,2010,False,4,2026-06-22 04:51:22.935101,32ec8bff-3a59-4ddd-a928-3ff8fc84c42e,False,KTM,2,straight
3237,Thomas_Harries_Huckstable,2010,False,4,2026-06-22 04:51:22.935101,32ec8bff-3a59-4ddd-a928-3ff8fc84c42e,False,THH,5,gay
3238,Abner_Valentine_Lo,2010,False,5,2026-06-22 04:51:22.935101,32ec8bff-3a59-4ddd-a928-3ff8fc84c42e,False,AVL,4,gay
3239,Zeke_Thane_Painter,2010,False,1,2026-06-22 04:52:01.689588,32ec8bff-3a59-4ddd-a928-3ff8fc84c42e,False,ZTP,1,straight
3240,Darryl_David_Miller,2010,False,5,2026-06-22 04:52:01.689588,32ec8bff-3a59-4ddd-a928-3ff8fc84c42e,False,DDM,3,bisexual
3241,Joss_Andrew_Section,2010,False,4,2026-06-22 04:52:01.689588,32ec8bff-3a59-4ddd-a928-3ff8fc84c42e,False,JAS,5,gay
3242,Josue_Benedicto_Marti,2010,False,2,2026-06-22 04:52:01.689588,32ec8bff-3a59-4ddd-a928-3ff8fc84c42e,False,JBM,1,straight
3243,Randall_Larry_McGaren,2010,False,3,2026-06-22 04:52:01.689588,32ec8bff-3a59-4ddd-a928-3ff8fc84c42e,False,RLM,5,gay
3244,Ishaan_Arav_Arun,1997,True,5,2026-06-23 00:06:37.14288,0734041e-d313-460b-b1f7-52ddabea230b,False,IAA,5,gay
3245,Theo_Jasper_Zhang,1997,True,2,2026-06-23 00:06:37.14288,0734041e-d313-460b-b1f7-52ddabea230b,False,TJZ,1,straight
3246,Matthew_Easton_Paulson,1997,True,4,2026-06-23 00:06:37.14288,0734041e-d313-460b-b1f7-52ddabea230b,False,MEP,3,bisexual
3247,Shannon_Samuel_Palley,1997,True,1,2026-06-23 00:06:37.14288,0734041e-d313-460b-b1f7-52ddabea230b,False,SSP,1,straight
3248,Thane_Manny_Manuel,1997,True,3,2026-06-23 00:06:37.14288,0734041e-d313-460b-b1f7-52ddabea230b,False,TMM,5,gay
3249,Ryouma_Naru_Kouya,1997,True,2,2026-06-23 00:07:55.448741,0734041e-d313-460b-b1f7-52ddabea230b,False,RNK,1,straight
3250,Kamal_Chandani_Obterre,1997,True,4,2026-06-23 00:07:55.448741,0734041e-d313-460b-b1f7-52ddabea230b,False,KCO,4,bisexual
3251,Willard_Gary_Barry,1997,True,5,2026-06-23 00:07:55.448741,0734041e-d313-460b-b1f7-52ddabea230b,False,WGB,4,queer
3252,Franklin_Kampbell_Freeman,1997,True,1,2026-06-23 00:07:55.448741,0734041e-d313-460b-b1f7-52ddabea230b,False,FKF,5,gay
3253,Shangdong_Bill_Kang,1997,True,3,2026-06-23 00:07:55.448741,0734041e-d313-460b-b1f7-52ddabea230b,False,SBK,2,bisexual
3254,David_Aaron_Beauregard,1997,True,4,2026-06-23 00:09:08.54651,0734041e-d313-460b-b1f7-52ddabea230b,False,DAB,1,straight
3255,Edward_Scissorhands_Salamander,1997,True,5,2026-06-23 00:09:08.54651,0734041e-d313-460b-b1f7-52ddabea230b,False,ESS,5,gay
3256,Yinfan_Fred_Ha,1997,True,1,2026-06-23 00:09:08.54651,0734041e-d313-460b-b1f7-52ddabea230b,False,YFH,1,straight
3257,Preed_Odathi_Ghandi,1997,True,2,2026-06-23 00:09:08.54651,0734041e-d313-460b-b1f7-52ddabea230b,False,POG,1,Straight
3258,Bob_Nicolas_Gonzalo,1997,True,1,2026-06-23 00:09:08.54651,0734041e-d313-460b-b1f7-52ddabea230b,False,BNG,4,bisexual
3259,James_Edward_Granton,2002,True,4,2026-06-23 05:02:58.688747,42421cef-fbe4-4a30-9f3a-066f7c714858,False,JEG,1,straight
3260,Damian_Ubiel_Torcuato,2002,True,5,2026-06-23 05:02:58.688747,42421cef-fbe4-4a30-9f3a-066f7c714858,False,DUT,5,gay
3261,Abe_Ian_Kim,2002,True,1,2026-06-23 05:02:58.688747,42421cef-fbe4-4a30-9f3a-066f7c714858,False,AIK,1,straight
3262,Big_Ey_Cai,2002,True,2,2026-06-23 05:02:58.688747,42421cef-fbe4-4a30-9f3a-066f7c714858,False,BEC,1,straight
3263,James_Landon_Galway,2002,True,4,2026-06-23 05:02:58.688747,42421cef-fbe4-4a30-9f3a-066f7c714858,False,JLG,3,bisexual
3264,Darryl_David_Miller,2009,True,1,2026-06-23 21:17:35.087828,d02d9058-bb3f-4331-803d-570cb64f1681,False,DDM,3,bisexual
3265,Asher_Kibble_Ibria,2009,True,5,2026-06-23 21:17:35.087828,d02d9058-bb3f-4331-803d-570cb64f1681,False,AKI,5,gay
3266,Keith_Tadeo_Muna,2009,True,1,2026-06-23 21:17:35.087828,d02d9058-bb3f-4331-803d-570cb64f1681,False,KTM,2,straight
3267,Micheal_Kawoori_Obterra,2009,True,4,2026-06-23 21:17:35.087828,d02d9058-bb3f-4331-803d-570cb64f1681,False,MKO,5,gay
3268,Preed_Odathi_Ghandi,2009,True,3,2026-06-23 21:17:35.087828,d02d9058-bb3f-4331-803d-570cb64f1681,False,POG,1,Straight
3269,James_Landon_Galway,2003,True,4,2026-06-24 03:53:10.631103,5b1014c9-a9be-4368-80d5-94441ffbe84a,False,JLG,3,bisexual
3270,Willard_Gary_Barry,2003,True,3,2026-06-24 03:53:10.631103,5b1014c9-a9be-4368-80d5-94441ffbe84a,False,WGB,4,queer
3271,Tollbooth_Jerome_Malcomb,2003,True,5,2026-06-24 03:53:10.631103,5b1014c9-a9be-4368-80d5-94441ffbe84a,False,TJM,2,bisexual
3272,Ethan_Nguyen_Nguyen,2003,True,2,2026-06-24 03:53:10.631103,5b1014c9-a9be-4368-80d5-94441ffbe84a,False,ENN,1,straight
3273,Franklin_Kampbell_Freeman,2003,True,3,2026-06-24 03:53:10.631103,5b1014c9-a9be-4368-80d5-94441ffbe84a,False,FKF,5,gay
3274,Zeke_Thane_Painter,2003,True,1,2026-06-24 03:56:54.346772,5b1014c9-a9be-4368-80d5-94441ffbe84a,False,ZTP,1,straight
3275,Joss_Andrew_Section,2003,True,5,2026-06-24 03:56:54.346772,5b1014c9-a9be-4368-80d5-94441ffbe84a,False,JAS,5,gay
3276,Abner_Valentine_Lo,2003,True,5,2026-06-24 03:56:54.346772,5b1014c9-a9be-4368-80d5-94441ffbe84a,False,AVL,4,gay
3277,Leandro_Rado_Sanchez,2003,True,1,2026-06-24 03:56:54.346772,5b1014c9-a9be-4368-80d5-94441ffbe84a,False,LRS,1,straight
3278,Andrew_Yingchen_Gu,2003,True,1,2026-06-24 03:56:54.346772,5b1014c9-a9be-4368-80d5-94441ffbe84a,False,AYG,1,straight
3279,Juniper_Jim_Sha,2005,True,3,2026-06-25 07:05:03.663255,fdbf5382-4943-4358-8d29-db1602731078,False,JJS,1,straight
3280,James_Edward_Granton,2005,True,2,2026-06-25 07:05:03.663255,fdbf5382-4943-4358-8d29-db1602731078,False,JEG,1,straight
3281,Matthew_Enlai_Zhang,2005,True,1,2026-06-25 07:05:03.663255,fdbf5382-4943-4358-8d29-db1602731078,False,MEZ,1,straight
3282,Ishaan_Arav_Arun,2005,True,4,2026-06-25 07:05:03.663255,fdbf5382-4943-4358-8d29-db1602731078,False,IAA,5,gay
3283,Abe_Ian_Kim,2005,True,1,2026-06-25 07:05:03.663255,fdbf5382-4943-4358-8d29-db1602731078,False,AIK,1,straight
3284,Billiam_Traincar_Zhu,2005,True,4,2026-06-25 07:08:50.343335,fdbf5382-4943-4358-8d29-db1602731078,False,BTZ,3,questioning
3285,Chris_Chandler_King,2005,True,2,2026-06-25 07:08:50.343335,fdbf5382-4943-4358-8d29-db1602731078,False,CCK,1,straight
3286,Chris_Topher_Hu,2005,True,1,2026-06-25 07:08:50.343335,fdbf5382-4943-4358-8d29-db1602731078,False,CTH,4,bisexual
3287,Thomas_Harries_Huckstable,2005,True,3,2026-06-25 07:08:50.343335,fdbf5382-4943-4358-8d29-db1602731078,False,THH,5,gay
3288,Sipoon_Lance_Kim,2005,True,1,2026-06-25 07:08:50.343335,fdbf5382-4943-4358-8d29-db1602731078,False,SLK,3,bisexual
3289,Shangdong_Bill_Kang,2005,True,2,2026-06-25 07:11:11.874598,fdbf5382-4943-4358-8d29-db1602731078,False,SBK,2,bisexual
3290,Chris_Jason_Paulson,2005,True,5,2026-06-25 07:11:11.874598,fdbf5382-4943-4358-8d29-db1602731078,False,CJP,2,bisexual
3291,Edward_Scissorhands_Salamander,2005,True,1,2026-06-25 07:11:11.874598,fdbf5382-4943-4358-8d29-db1602731078,False,ESS,5,gay
3292,Thane_Manny_Manuel,2005,True,5,2026-06-25 07:11:11.874598,fdbf5382-4943-4358-8d29-db1602731078,False,TMM,5,gay
3293,Randall_Larry_McGaren,2005,True,3,2026-06-25 07:11:11.874598,fdbf5382-4943-4358-8d29-db1602731078,False,RLM,5,gay
3294,Theo_Jasper_Zhang,2003,True,1,2026-06-26 03:15:10.207995,1f8c089c-e5e3-4873-83d7-22b89b7b03a9,False,TJZ,1,straight
3295,Big_Ey_Cai,2003,True,1,2026-06-26 03:15:10.207995,1f8c089c-e5e3-4873-83d7-22b89b7b03a9,False,BEC,1,straight
3296,Jason_Fan_Yew,2003,True,1,2026-06-26 03:15:10.207995,1f8c089c-e5e3-4873-83d7-22b89b7b03a9,False,JFY,1,straight
3297,Ryouma_Naru_Kouya,2003,True,5,2026-06-26 03:15:10.207995,1f8c089c-e5e3-4873-83d7-22b89b7b03a9,False,RNK,1,straight
3298,Shannon_Samuel_Palley,2003,True,5,2026-06-26 03:15:10.207995,1f8c089c-e5e3-4873-83d7-22b89b7b03a9,False,SSP,1,straight
3299,Josue_Benedicto_Marti,2003,True,1,2026-06-26 03:15:52.656321,1f8c089c-e5e3-4873-83d7-22b89b7b03a9,False,JBM,1,straight
3300,Ishmael_Michael_Cabrera,2003,True,1,2026-06-26 03:15:52.656321,1f8c089c-e5e3-4873-83d7-22b89b7b03a9,False,IMC,1,straight
3301,Nicholas_Andrew_Falhosh,2003,True,1,2026-06-26 03:15:52.656321,1f8c089c-e5e3-4873-83d7-22b89b7b03a9,False,NAF,2,bisexual
3302,Kamal_Chandani_Obterre,2003,True,2,2026-06-26 03:15:52.656321,1f8c089c-e5e3-4873-83d7-22b89b7b03a9,False,KCO,4,bisexual
3303,Sahil_Krishna_Bhat,2003,True,5,2026-06-26 03:15:52.656321,1f8c089c-e5e3-4873-83d7-22b89b7b03a9,False,SKB,1,straight
3304,Yinfan_Fred_Ha,2003,True,1,2026-06-26 03:16:29.016262,1f8c089c-e5e3-4873-83d7-22b89b7b03a9,False,YFH,1,straight
3305,Rahul_Ibhan_Ramiz,2003,True,1,2026-06-26 03:16:29.016262,1f8c089c-e5e3-4873-83d7-22b89b7b03a9,False,RIR,5,gay
3306,Bob_Nicolas_Gonzalo,2003,True,1,2026-06-26 03:16:29.016262,1f8c089c-e5e3-4873-83d7-22b89b7b03a9,False,BNG,4,bisexual
3307,Johnny_Gabe_Young,2003,True,1,2026-06-26 03:16:29.016262,1f8c089c-e5e3-4873-83d7-22b89b7b03a9,False,JGY,1,straight
3308,Matthew_Easton_Paulson,2003,True,1,2026-06-26 03:16:29.016262,1f8c089c-e5e3-4873-83d7-22b89b7b03a9,False,MEP,3,bisexual
3309,David_Aaron_Beauregard,2003,True,1,2026-06-26 03:17:06.22079,1f8c089c-e5e3-4873-83d7-22b89b7b03a9,False,DAB,1,straight
3310,Aaron_Paul_Ingham,2003,True,1,2026-06-26 03:17:06.22079,1f8c089c-e5e3-4873-83d7-22b89b7b03a9,False,API,1,straight
3311,Damian_Ubiel_Torcuato,2003,True,3,2026-06-26 03:17:06.22079,1f8c089c-e5e3-4873-83d7-22b89b7b03a9,False,DUT,5,gay
3312,Azad_Pars_Salaam,2003,True,2,2026-06-26 03:17:06.22079,1f8c089c-e5e3-4873-83d7-22b89b7b03a9,False,APS,5,gay
3313,Jason_Jerome_Cao,2003,True,5,2026-06-26 03:17:06.22079,1f8c089c-e5e3-4873-83d7-22b89b7b03a9,False,JJC,5,gay
3314,Edward_Scissorhands_Salamander,2003,True,1,2026-06-26 03:17:48.587121,1f8c089c-e5e3-4873-83d7-22b89b7b03a9,False,ESS,5,gay
3315,Matthew_Enlai_Zhang,2003,True,1,2026-06-26 03:17:48.587121,1f8c089c-e5e3-4873-83d7-22b89b7b03a9,False,MEZ,1,straight
3316,Keith_Tadeo_Muna,2003,True,5,2026-06-26 03:17:48.587121,1f8c089c-e5e3-4873-83d7-22b89b7b03a9,False,KTM,2,straight
3317,Abner_Valentine_Lo,2003,True,5,2026-06-26 03:17:48.587121,1f8c089c-e5e3-4873-83d7-22b89b7b03a9,False,AVL,4,gay
3318,Andrew_Yingchen_Gu,2003,True,1,2026-06-26 03:17:48.587121,1f8c089c-e5e3-4873-83d7-22b89b7b03a9,False,AYG,1,straight
3319,Yinfan_Fred_Ha,1999,True,1,2026-06-27 19:23:10.659948,19e084ac-e04a-4896-9ec3-56b7024fe0af,False,YFH,1,straight
3320,Matthew_Easton_Paulson,1999,True,3,2026-06-27 19:23:10.659948,19e084ac-e04a-4896-9ec3-56b7024fe0af,False,MEP,3,bisexual
3321,Rahul_Ibhan_Ramiz,1999,True,1,2026-06-27 19:23:10.659948,19e084ac-e04a-4896-9ec3-56b7024fe0af,False,RIR,5,gay
3322,Randall_Larry_McGaren,1999,True,5,2026-06-27 19:23:10.659948,19e084ac-e04a-4896-9ec3-56b7024fe0af,False,RLM,5,gay
3323,Aaron_Paul_Ingham,1999,True,2,2026-06-27 19:23:10.659948,19e084ac-e04a-4896-9ec3-56b7024fe0af,False,API,1,straight
3324,David_Aaron_Beauregard,1999,True,2,2026-06-27 19:24:56.767187,19e084ac-e04a-4896-9ec3-56b7024fe0af,False,DAB,1,straight
3325,Thomas_Harries_Huckstable,1999,True,3,2026-06-27 19:24:56.767187,19e084ac-e04a-4896-9ec3-56b7024fe0af,False,THH,5,gay
3326,Shannon_Samuel_Palley,1999,True,5,2026-06-27 19:24:56.767187,19e084ac-e04a-4896-9ec3-56b7024fe0af,False,SSP,1,straight
3327,Johnny_Gabe_Young,1999,True,1,2026-06-27 19:24:56.767187,19e084ac-e04a-4896-9ec3-56b7024fe0af,False,JGY,1,straight
3328,Billiam_Traincar_Zhu,1999,True,5,2026-06-27 19:24:56.767187,19e084ac-e04a-4896-9ec3-56b7024fe0af,False,BTZ,3,questioning
3329,Sahil_Krishna_Bhat,1999,True,4,2026-06-27 19:26:12.466624,19e084ac-e04a-4896-9ec3-56b7024fe0af,False,SKB,1,straight
3330,Shangdong_Bill_Kang,1999,True,2,2026-06-27 19:26:12.466624,19e084ac-e04a-4896-9ec3-56b7024fe0af,False,SBK,2,bisexual
3331,Chris_Jason_Paulson,1999,True,1,2026-06-27 19:26:12.466624,19e084ac-e04a-4896-9ec3-56b7024fe0af,False,CJP,2,bisexual
3332,James_Edward_Granton,1999,True,2,2026-06-27 19:26:12.466624,19e084ac-e04a-4896-9ec3-56b7024fe0af,False,JEG,1,straight
3333,Jason_Jerome_Cao,1999,True,4,2026-06-27 19:26:12.466624,19e084ac-e04a-4896-9ec3-56b7024fe0af,False,JJC,5,gay
3334,Zeke_Thane_Painter,1999,True,1,2026-06-27 19:27:25.115638,19e084ac-e04a-4896-9ec3-56b7024fe0af,False,ZTP,1,straight
3335,Nicholas_Andrew_Falhosh,1999,True,2,2026-06-27 19:27:25.115638,19e084ac-e04a-4896-9ec3-56b7024fe0af,False,NAF,2,bisexual
3336,Theo_Jasper_Zhang,1999,True,3,2026-06-27 19:27:25.115638,19e084ac-e04a-4896-9ec3-56b7024fe0af,False,TJZ,1,straight
3337,Ryouma_Naru_Kouya,1999,True,4,2026-06-27 19:27:25.115638,19e084ac-e04a-4896-9ec3-56b7024fe0af,False,RNK,1,straight
3338,Ethan_Nguyen_Nguyen,1999,True,1,2026-06-27 19:27:25.115638,19e084ac-e04a-4896-9ec3-56b7024fe0af,False,ENN,1,straight
3339,Joss_Andrew_Section,1996,False,1,2026-06-28 16:49:10.362297,0687e568-7a9f-4f97-bc5f-363ab47e7302,False,JAS,5,gay
3340,Josue_Benedicto_Marti,1996,False,3,2026-06-28 16:49:10.362297,0687e568-7a9f-4f97-bc5f-363ab47e7302,False,JBM,1,straight
3341,Juniper_Jim_Sha,1996,False,4,2026-06-28 16:49:10.362297,0687e568-7a9f-4f97-bc5f-363ab47e7302,False,JJS,1,straight
3342,Abe_Ian_Kim,1996,False,5,2026-06-28 16:49:10.362297,0687e568-7a9f-4f97-bc5f-363ab47e7302,False,AIK,1,straight
3343,Sipoon_Lance_Kim,1996,False,2,2026-06-28 16:49:10.362297,0687e568-7a9f-4f97-bc5f-363ab47e7302,False,SLK,3,bisexual
3344,Micheal_Kawoori_Obterra,1983,False,4,2026-06-28 18:39:19.999979,61402fd3-b7a9-4375-9572-1b3f593fc288,False,MKO,5,gay
3345,James_Landon_Galway,1983,False,1,2026-06-28 18:39:19.999979,61402fd3-b7a9-4375-9572-1b3f593fc288,False,JLG,3,bisexual
3346,Jason_Fan_Yew,1983,False,1,2026-06-28 18:39:19.999979,61402fd3-b7a9-4375-9572-1b3f593fc288,False,JFY,1,straight
3347,Damian_Ubiel_Torcuato,1983,False,3,2026-06-28 18:39:19.999979,61402fd3-b7a9-4375-9572-1b3f593fc288,False,DUT,5,gay
3348,Willard_Gary_Barry,1983,False,5,2026-06-28 18:39:19.999979,61402fd3-b7a9-4375-9572-1b3f593fc288,False,WGB,4,queer
3349,Ishaan_Arav_Arun,1983,False,2,2026-06-28 18:42:15.894496,61402fd3-b7a9-4375-9572-1b3f593fc288,False,IAA,5,gay
3350,Darryl_David_Miller,1983,False,1,2026-06-28 18:42:15.894496,61402fd3-b7a9-4375-9572-1b3f593fc288,False,DDM,3,bisexual
3351,Chris_Topher_Hu,1983,False,1,2026-06-28 18:42:15.894496,61402fd3-b7a9-4375-9572-1b3f593fc288,False,CTH,4,bisexual
3352,Bob_Nicolas_Gonzalo,1983,False,5,2026-06-28 18:42:15.894496,61402fd3-b7a9-4375-9572-1b3f593fc288,False,BNG,4,bisexual
3353,Asher_Kibble_Ibria,1983,False,5,2026-06-28 18:42:15.894496,61402fd3-b7a9-4375-9572-1b3f593fc288,False,AKI,5,gay
3354,Thane_Manny_Manuel,1983,False,1,2026-06-28 18:43:51.916143,61402fd3-b7a9-4375-9572-1b3f593fc288,False,TMM,5,gay
3355,Preed_Odathi_Ghandi,1983,False,3,2026-06-28 18:43:51.916143,61402fd3-b7a9-4375-9572-1b3f593fc288,False,POG,1,Straight
3356,Tollbooth_Jerome_Malcomb,1983,False,5,2026-06-28 18:43:51.916143,61402fd3-b7a9-4375-9572-1b3f593fc288,False,TJM,2,bisexual
3357,Azad_Pars_Salaam,1983,False,5,2026-06-28 18:43:51.916143,61402fd3-b7a9-4375-9572-1b3f593fc288,False,APS,5,gay
3358,Ishmael_Michael_Cabrera,1983,False,3,2026-06-28 18:43:51.916143,61402fd3-b7a9-4375-9572-1b3f593fc288,False,IMC,1,straight
3359,Leandro_Rado_Sanchez,1983,False,3,2026-06-28 18:45:48.609231,8dccbdde-5105-4316-9888-ca8b70a54271,False,LRS,1,straight
3360,Franklin_Kampbell_Freeman,1983,False,5,2026-06-28 18:45:48.609231,8dccbdde-5105-4316-9888-ca8b70a54271,False,FKF,5,gay
3361,Kamal_Chandani_Obterre,1983,False,4,2026-06-28 18:45:48.609231,8dccbdde-5105-4316-9888-ca8b70a54271,False,KCO,4,bisexual
3362,Chris_Chandler_King,1983,False,1,2026-06-28 18:45:48.609231,8dccbdde-5105-4316-9888-ca8b70a54271,False,CCK,1,straight
3363,Big_Ey_Cai,1983,False,5,2026-06-28 18:45:48.609231,8dccbdde-5105-4316-9888-ca8b70a54271,False,BEC,1,straight
3364,Jason_Jerome_Cao,1983,False,5,2026-06-28 18:46:53.621216,8dccbdde-5105-4316-9888-ca8b70a54271,False,JJC,5,gay
3365,Randall_Larry_McGaren,1983,False,5,2026-06-28 18:46:53.621216,8dccbdde-5105-4316-9888-ca8b70a54271,False,RLM,5,gay
3366,Chris_Jason_Paulson,1983,False,3,2026-06-28 18:46:53.621216,8dccbdde-5105-4316-9888-ca8b70a54271,False,CJP,2,bisexual
3367,Johnny_Gabe_Young,1983,False,1,2026-06-28 18:46:53.621216,8dccbdde-5105-4316-9888-ca8b70a54271,False,JGY,1,straight
3368,Andrew_Yingchen_Gu,1983,False,1,2026-06-28 18:46:53.621216,8dccbdde-5105-4316-9888-ca8b70a54271,False,AYG,1,straight
3369,Bob_Nicolas_Gonzalo,1983,False,5,2026-06-28 18:47:51.170247,8dccbdde-5105-4316-9888-ca8b70a54271,False,BNG,4,bisexual
3370,Shannon_Samuel_Palley,1983,False,1,2026-06-28 18:47:51.170247,8dccbdde-5105-4316-9888-ca8b70a54271,False,SSP,1,straight
3371,Nicholas_Andrew_Falhosh,1983,False,3,2026-06-28 18:47:51.170247,8dccbdde-5105-4316-9888-ca8b70a54271,False,NAF,2,bisexual
3372,Abner_Valentine_Lo,1983,False,5,2026-06-28 18:47:51.170247,8dccbdde-5105-4316-9888-ca8b70a54271,False,AVL,4,gay
3373,James_Edward_Granton,1983,False,1,2026-06-28 18:47:51.170247,8dccbdde-5105-4316-9888-ca8b70a54271,False,JEG,1,straight
3374,Ishaan_Arav_Arun,1983,False,5,2026-06-28 18:49:10.432102,8dccbdde-5105-4316-9888-ca8b70a54271,False,IAA,5,gay
3375,Asher_Kibble_Ibria,1983,False,5,2026-06-28 18:49:10.432102,8dccbdde-5105-4316-9888-ca8b70a54271,False,AKI,5,gay
3376,Rahul_Ibhan_Ramiz,1983,False,1,2026-06-28 18:49:10.432102,8dccbdde-5105-4316-9888-ca8b70a54271,False,RIR,5,gay
3377,Sipoon_Lance_Kim,1983,False,3,2026-06-28 18:49:10.432102,8dccbdde-5105-4316-9888-ca8b70a54271,False,SLK,3,bisexual
3378,Abe_Ian_Kim,1983,False,4,2026-06-28 18:49:10.432102,8dccbdde-5105-4316-9888-ca8b70a54271,False,AIK,1,straight
3379,Billiam_Traincar_Zhu,1983,False,4,2026-06-28 18:50:26.661255,8dccbdde-5105-4316-9888-ca8b70a54271,False,BTZ,3,questioning
3380,Chris_Topher_Hu,1983,False,2,2026-06-28 18:50:26.661255,8dccbdde-5105-4316-9888-ca8b70a54271,False,CTH,4,bisexual
3381,Aaron_Paul_Ingham,1983,False,1,2026-06-28 18:50:26.661255,8dccbdde-5105-4316-9888-ca8b70a54271,False,API,1,straight
3382,Tollbooth_Jerome_Malcomb,1983,False,5,2026-06-28 18:50:26.661255,8dccbdde-5105-4316-9888-ca8b70a54271,False,TJM,2,bisexual
3383,Micheal_Kawoori_Obterra,1983,False,4,2026-06-28 18:50:26.661255,8dccbdde-5105-4316-9888-ca8b70a54271,False,MKO,5,gay
3384,Franklin_Kampbell_Freeman,2008,True,5,2026-06-29 01:50:59.521042,c8e1c4df-25d3-4f91-8a5d-cc6d63d93848,False,FKF,5,gay
3385,Ryouma_Naru_Kouya,2008,True,5,2026-06-29 01:50:59.521042,c8e1c4df-25d3-4f91-8a5d-cc6d63d93848,False,RNK,1,straight
3386,David_Aaron_Beauregard,2008,True,1,2026-06-29 01:50:59.521042,c8e1c4df-25d3-4f91-8a5d-cc6d63d93848,False,DAB,1,straight
3387,Joss_Andrew_Section,2008,True,5,2026-06-29 01:50:59.521042,c8e1c4df-25d3-4f91-8a5d-cc6d63d93848,False,JAS,5,gay
3388,Juniper_Jim_Sha,2008,True,1,2026-06-29 01:50:59.521042,c8e1c4df-25d3-4f91-8a5d-cc6d63d93848,False,JJS,1,straight
3389,Ethan_Nguyen_Nguyen,1990,True,4,2026-06-29 23:44:50.291521,5b8dd845-bdb5-493e-a5dd-3b6afaa0d746,False,ENN,1,straight
3390,Keith_Tadeo_Muna,1990,True,3,2026-06-29 23:44:50.291521,5b8dd845-bdb5-493e-a5dd-3b6afaa0d746,False,KTM,2,straight
3391,Ishmael_Michael_Cabrera,1990,True,1,2026-06-29 23:44:50.291521,5b8dd845-bdb5-493e-a5dd-3b6afaa0d746,False,IMC,1,straight
3392,Josue_Benedicto_Marti,1990,True,1,2026-06-29 23:44:50.291521,5b8dd845-bdb5-493e-a5dd-3b6afaa0d746,False,JBM,1,straight
3393,Zeke_Thane_Painter,1990,True,3,2026-06-29 23:44:50.291521,5b8dd845-bdb5-493e-a5dd-3b6afaa0d746,False,ZTP,1,straight
3394,Preed_Odathi_Ghandi,1990,True,1,2026-06-29 23:51:47.063035,5b8dd845-bdb5-493e-a5dd-3b6afaa0d746,False,POG,1,Straight
3395,Sahil_Krishna_Bhat,1990,True,5,2026-06-29 23:51:47.063035,5b8dd845-bdb5-493e-a5dd-3b6afaa0d746,False,SKB,1,straight
3396,Kamal_Chandani_Obterre,1990,True,3,2026-06-29 23:51:47.063035,5b8dd845-bdb5-493e-a5dd-3b6afaa0d746,False,KCO,4,bisexual
3397,Willard_Gary_Barry,1990,True,5,2026-06-29 23:51:47.063035,5b8dd845-bdb5-493e-a5dd-3b6afaa0d746,False,WGB,4,queer
3398,Theo_Jasper_Zhang,1990,True,1,2026-06-29 23:51:47.063035,5b8dd845-bdb5-493e-a5dd-3b6afaa0d746,False,TJZ,1,straight
3399,Thomas_Harries_Huckstable,1990,True,1,2026-06-29 23:57:49.59348,5b8dd845-bdb5-493e-a5dd-3b6afaa0d746,False,THH,5,gay
3400,Leandro_Rado_Sanchez,1990,True,1,2026-06-29 23:57:49.59348,5b8dd845-bdb5-493e-a5dd-3b6afaa0d746,False,LRS,1,straight
3401,Azad_Pars_Salaam,1990,True,4,2026-06-29 23:57:49.59348,5b8dd845-bdb5-493e-a5dd-3b6afaa0d746,False,APS,5,gay
3402,James_Landon_Galway,1990,True,5,2026-06-29 23:57:49.59348,5b8dd845-bdb5-493e-a5dd-3b6afaa0d746,False,JLG,3,bisexual
3403,Thane_Manny_Manuel,1990,True,4,2026-06-29 23:57:49.59348,5b8dd845-bdb5-493e-a5dd-3b6afaa0d746,False,TMM,5,gay
3404,Jason_Fan_Yew,1990,True,4,2026-06-30 00:02:57.82006,5b8dd845-bdb5-493e-a5dd-3b6afaa0d746,False,JFY,1,straight
3405,Edward_Scissorhands_Salamander,1990,True,3,2026-06-30 00:02:57.82006,5b8dd845-bdb5-493e-a5dd-3b6afaa0d746,False,ESS,5,gay
3406,Big_Ey_Cai,1990,True,2,2026-06-30 00:02:57.82006,5b8dd845-bdb5-493e-a5dd-3b6afaa0d746,False,BEC,1,straight
3407,Matthew_Enlai_Zhang,1990,True,1,2026-06-30 00:02:57.82006,5b8dd845-bdb5-493e-a5dd-3b6afaa0d746,False,MEZ,1,straight
3408,Damian_Ubiel_Torcuato,1990,True,3,2026-06-30 00:02:57.82006,5b8dd845-bdb5-493e-a5dd-3b6afaa0d746,False,DUT,5,gay
3409,Darryl_David_Miller,1990,True,5,2026-06-30 00:08:05.233698,5b8dd845-bdb5-493e-a5dd-3b6afaa0d746,False,DDM,3,bisexual
3410,Shangdong_Bill_Kang,1990,True,5,2026-06-30 00:08:05.233698,5b8dd845-bdb5-493e-a5dd-3b6afaa0d746,False,SBK,2,bisexual
3411,Chris_Chandler_King,1990,True,3,2026-06-30 00:08:05.233698,5b8dd845-bdb5-493e-a5dd-3b6afaa0d746,False,CCK,1,straight
3412,Matthew_Easton_Paulson,1990,True,5,2026-06-30 00:08:05.233698,5b8dd845-bdb5-493e-a5dd-3b6afaa0d746,False,MEP,3,bisexual
3413,Yinfan_Fred_Ha,1990,True,3,2026-06-30 00:08:05.233698,5b8dd845-bdb5-493e-a5dd-3b6afaa0d746,False,YFH,1,straight
3414,Randall_Larry_McGaren,1990,True,4,2026-06-30 00:13:13.787143,5b8dd845-bdb5-493e-a5dd-3b6afaa0d746,False,RLM,5,gay
3415,Abner_Valentine_Lo,1990,True,5,2026-06-30 00:13:13.787143,5b8dd845-bdb5-493e-a5dd-3b6afaa0d746,False,AVL,4,gay
3416,Nicholas_Andrew_Falhosh,1990,True,1,2026-06-30 00:13:13.787143,5b8dd845-bdb5-493e-a5dd-3b6afaa0d746,False,NAF,2,bisexual
3417,Shannon_Samuel_Palley,1990,True,3,2026-06-30 00:13:13.787143,5b8dd845-bdb5-493e-a5dd-3b6afaa0d746,False,SSP,1,straight
3418,Juniper_Jim_Sha,1990,True,5,2026-06-30 00:13:13.787143,5b8dd845-bdb5-493e-a5dd-3b6afaa0d746,False,JJS,1,straight
3419,Preed_Odathi_Ghandi,2003,True,2,2026-07-01 21:44:03.845225,7e7e90ce-8b54-4ece-9e85-141ba1cd69c7,False,POG,1,Straight
3420,Theo_Jasper_Zhang,2003,True,3,2026-07-01 21:44:03.845225,7e7e90ce-8b54-4ece-9e85-141ba1cd69c7,False,TJZ,1,straight
3421,Joss_Andrew_Section,2003,True,5,2026-07-01 21:44:03.845225,7e7e90ce-8b54-4ece-9e85-141ba1cd69c7,False,JAS,5,gay
3422,Matthew_Easton_Paulson,2003,True,4,2026-07-01 21:44:03.845225,7e7e90ce-8b54-4ece-9e85-141ba1cd69c7,False,MEP,3,bisexual
3423,Asher_Kibble_Ibria,2003,True,5,2026-07-01 21:44:03.845225,7e7e90ce-8b54-4ece-9e85-141ba1cd69c7,False,AKI,5,gay
3424,Edward_Scissorhands_Salamander,2003,True,4,2026-07-01 21:44:51.106858,7e7e90ce-8b54-4ece-9e85-141ba1cd69c7,False,ESS,5,gay
3425,Zeke_Thane_Painter,2003,True,1,2026-07-01 21:44:51.106858,7e7e90ce-8b54-4ece-9e85-141ba1cd69c7,False,ZTP,1,straight
3426,Matthew_Enlai_Zhang,2003,True,2,2026-07-01 21:44:51.106858,7e7e90ce-8b54-4ece-9e85-141ba1cd69c7,False,MEZ,1,straight
3427,Chris_Chandler_King,2003,True,2,2026-07-01 21:44:51.106858,7e7e90ce-8b54-4ece-9e85-141ba1cd69c7,False,CCK,1,straight
3428,Franklin_Kampbell_Freeman,2003,True,2,2026-07-01 21:44:51.106858,7e7e90ce-8b54-4ece-9e85-141ba1cd69c7,False,FKF,5,gay
3430,Willard_Gary_Barry,2003,True,4,2026-07-01 21:45:28.661705,7e7e90ce-8b54-4ece-9e85-141ba1cd69c7,False,WGB,4,queer
3431,Shangdong_Bill_Kang,2003,True,5,2026-07-01 21:45:28.661705,7e7e90ce-8b54-4ece-9e85-141ba1cd69c7,False,SBK,2,bisexual
3432,Jason_Jerome_Cao,2003,True,4,2026-07-01 21:45:28.661705,7e7e90ce-8b54-4ece-9e85-141ba1cd69c7,False,JJC,5,gay
3433,Andrew_Yingchen_Gu,2003,True,1,2026-07-01 21:45:28.661705,7e7e90ce-8b54-4ece-9e85-141ba1cd69c7,False,AYG,1,straight
3434,Azad_Pars_Salaam,2003,True,2,2026-07-01 21:45:28.661705,7e7e90ce-8b54-4ece-9e85-141ba1cd69c7,False,APS,5,gay
3435,Micheal_Kawoori_Obterra,2003,True,4,2026-07-01 21:46:03.772227,7e7e90ce-8b54-4ece-9e85-141ba1cd69c7,False,MKO,5,gay
3436,Sipoon_Lance_Kim,2003,True,1,2026-07-01 21:46:03.772227,7e7e90ce-8b54-4ece-9e85-141ba1cd69c7,False,SLK,3,bisexual
3437,Chris_Topher_Hu,2003,True,1,2026-07-01 21:46:03.772227,7e7e90ce-8b54-4ece-9e85-141ba1cd69c7,False,CTH,4,bisexual
3438,Ethan_Nguyen_Nguyen,2003,True,2,2026-07-01 21:46:03.772227,7e7e90ce-8b54-4ece-9e85-141ba1cd69c7,False,ENN,1,straight
3439,Ishmael_Michael_Cabrera,2003,True,1,2026-07-01 21:46:03.772227,7e7e90ce-8b54-4ece-9e85-141ba1cd69c7,False,IMC,1,straight
3440,Chris_Jason_Paulson,2005,True,3,2026-07-02 09:07:45.741669,05580c17-98ef-49b8-8c16-ceb32c589910,False,CJP,2,bisexual
3441,Jason_Fan_Yew,2005,True,2,2026-07-02 09:07:45.741669,05580c17-98ef-49b8-8c16-ceb32c589910,False,JFY,1,straight
3442,Ryouma_Naru_Kouya,2005,True,5,2026-07-02 09:07:45.741669,05580c17-98ef-49b8-8c16-ceb32c589910,False,RNK,1,straight
3443,Yinfan_Fred_Ha,2005,True,2,2026-07-02 09:07:45.741669,05580c17-98ef-49b8-8c16-ceb32c589910,False,YFH,1,straight
3444,Thomas_Harries_Huckstable,2005,True,1,2026-07-02 09:07:45.741669,05580c17-98ef-49b8-8c16-ceb32c589910,False,THH,5,gay
3445,Kamal_Chandani_Obterre,2005,True,2,2026-07-02 09:09:41.1819,05580c17-98ef-49b8-8c16-ceb32c589910,False,KCO,4,bisexual
3446,James_Landon_Galway,2005,True,5,2026-07-02 09:09:41.1819,05580c17-98ef-49b8-8c16-ceb32c589910,False,JLG,3,bisexual
3447,David_Aaron_Beauregard,2005,True,1,2026-07-02 09:09:41.1819,05580c17-98ef-49b8-8c16-ceb32c589910,False,DAB,1,straight
3448,Darryl_David_Miller,2005,True,1,2026-07-02 09:09:41.1819,05580c17-98ef-49b8-8c16-ceb32c589910,False,DDM,3,bisexual
3449,Damian_Ubiel_Torcuato,2005,True,5,2026-07-02 09:09:41.1819,05580c17-98ef-49b8-8c16-ceb32c589910,False,DUT,5,gay
3450,Leandro_Rado_Sanchez,2005,True,2,2026-07-02 09:10:40.964737,05580c17-98ef-49b8-8c16-ceb32c589910,False,LRS,1,straight
3451,Big_Ey_Cai,2005,True,1,2026-07-02 09:10:40.964737,05580c17-98ef-49b8-8c16-ceb32c589910,False,BEC,1,straight
3452,Tollbooth_Jerome_Malcomb,2005,True,5,2026-07-02 09:10:40.964737,05580c17-98ef-49b8-8c16-ceb32c589910,False,TJM,2,bisexual
3453,Abe_Ian_Kim,2005,True,1,2026-07-02 09:10:40.964737,05580c17-98ef-49b8-8c16-ceb32c589910,False,AIK,1,straight
3454,Billiam_Traincar_Zhu,2005,True,1,2026-07-02 09:10:40.964737,05580c17-98ef-49b8-8c16-ceb32c589910,False,BTZ,3,questioning
3455,James_Edward_Granton,2005,True,4,2026-07-02 09:11:45.120039,05580c17-98ef-49b8-8c16-ceb32c589910,False,JEG,1,straight
3456,Bob_Nicolas_Gonzalo,2005,True,3,2026-07-02 09:11:45.120039,05580c17-98ef-49b8-8c16-ceb32c589910,False,BNG,4,bisexual
3457,Thane_Manny_Manuel,2005,True,4,2026-07-02 09:11:45.120039,05580c17-98ef-49b8-8c16-ceb32c589910,False,TMM,5,gay
3458,Josue_Benedicto_Marti,2005,True,1,2026-07-02 09:11:45.120039,05580c17-98ef-49b8-8c16-ceb32c589910,False,JBM,1,straight
3459,Sahil_Krishna_Bhat,2005,True,5,2026-07-02 09:11:45.120039,05580c17-98ef-49b8-8c16-ceb32c589910,False,SKB,1,straight
3460,Rahul_Ibhan_Ramiz,2010,True,1,2026-07-03 07:43:17.036556,a8845979-208f-4b00-a6cc-813050168338,False,RIR,5,gay
3461,Johnny_Gabe_Young,2010,True,2,2026-07-03 07:43:17.036556,a8845979-208f-4b00-a6cc-813050168338,False,JGY,1,straight
3462,Ishaan_Arav_Arun,2010,True,5,2026-07-03 07:43:17.036556,a8845979-208f-4b00-a6cc-813050168338,False,IAA,5,gay
3463,Keith_Tadeo_Muna,2010,True,3,2026-07-03 07:43:17.036556,a8845979-208f-4b00-a6cc-813050168338,False,KTM,2,straight
3464,Aaron_Paul_Ingham,2010,True,1,2026-07-03 07:43:17.036556,a8845979-208f-4b00-a6cc-813050168338,False,API,1,straight
3465,Nicholas_Andrew_Falhosh,2010,True,2,2026-07-03 07:44:46.686868,a8845979-208f-4b00-a6cc-813050168338,False,NAF,2,bisexual
3466,Andrew_Yingchen_Gu,2010,True,1,2026-07-03 07:44:46.686868,a8845979-208f-4b00-a6cc-813050168338,False,AYG,1,straight
3467,Ryouma_Naru_Kouya,2010,True,3,2026-07-03 07:44:46.686868,a8845979-208f-4b00-a6cc-813050168338,False,RNK,1,straight
3468,Franklin_Kampbell_Freeman,2010,True,2,2026-07-03 07:44:46.686868,a8845979-208f-4b00-a6cc-813050168338,False,FKF,5,gay
3469,Chris_Jason_Paulson,2010,True,5,2026-07-03 07:44:46.686868,a8845979-208f-4b00-a6cc-813050168338,False,CJP,2,bisexual
3470,Joss_Andrew_Section,2010,True,5,2026-07-03 07:46:42.258685,a8845979-208f-4b00-a6cc-813050168338,False,JAS,5,gay
3471,Kamal_Chandani_Obterre,2010,True,1,2026-07-03 07:46:42.258685,a8845979-208f-4b00-a6cc-813050168338,False,KCO,4,bisexual
3472,Abner_Valentine_Lo,2010,True,4,2026-07-03 07:46:42.258685,a8845979-208f-4b00-a6cc-813050168338,False,AVL,4,gay
3473,Zeke_Thane_Painter,2010,True,1,2026-07-03 07:46:42.258685,a8845979-208f-4b00-a6cc-813050168338,False,ZTP,1,straight
3474,Big_Ey_Cai,2010,True,1,2026-07-03 07:46:42.258685,a8845979-208f-4b00-a6cc-813050168338,False,BEC,1,straight
3475,Chris_Chandler_King,2010,True,2,2026-07-03 07:48:53.160516,c0dc5853-47b4-485d-822d-aabe9222c62b,False,CCK,1,straight
3476,Johnny_Gabe_Young,2010,True,1,2026-07-03 07:48:53.160516,c0dc5853-47b4-485d-822d-aabe9222c62b,False,JGY,1,straight
3477,Preed_Odathi_Ghandi,2010,True,3,2026-07-03 07:48:53.160516,c0dc5853-47b4-485d-822d-aabe9222c62b,False,POG,1,Straight
3478,Matthew_Enlai_Zhang,2010,True,4,2026-07-03 07:48:53.160516,c0dc5853-47b4-485d-822d-aabe9222c62b,False,MEZ,1,straight
3479,Tollbooth_Jerome_Malcomb,2010,True,4,2026-07-03 07:48:53.160516,c0dc5853-47b4-485d-822d-aabe9222c62b,False,TJM,2,bisexual
3480,Keith_Tadeo_Muna,2001,True,1,2026-07-04 22:52:44.31634,2e6ad1a2-954b-4196-8ecd-d0ea8e36fc73,False,KTM,2,straight
3481,Jason_Jerome_Cao,2001,True,5,2026-07-04 22:52:44.31634,2e6ad1a2-954b-4196-8ecd-d0ea8e36fc73,False,JJC,5,gay
3482,Micheal_Kawoori_Obterra,2001,True,5,2026-07-04 22:52:44.31634,2e6ad1a2-954b-4196-8ecd-d0ea8e36fc73,False,MKO,5,gay
3483,Chris_Topher_Hu,2001,True,2,2026-07-04 22:52:44.31634,2e6ad1a2-954b-4196-8ecd-d0ea8e36fc73,False,CTH,4,bisexual
3484,Sahil_Krishna_Bhat,2001,True,4,2026-07-04 22:52:44.31634,2e6ad1a2-954b-4196-8ecd-d0ea8e36fc73,False,SKB,1,straight
3485,Asher_Kibble_Ibria,1998,False,1,2026-07-05 21:15:58.829626,af6c933f-a068-4b3e-b9f7-3db2c3e4456e,False,AKI,5,gay
3486,Edward_Scissorhands_Salamander,1998,False,1,2026-07-05 21:15:58.829626,af6c933f-a068-4b3e-b9f7-3db2c3e4456e,False,ESS,5,gay
3487,Shannon_Samuel_Palley,1998,False,1,2026-07-05 21:15:58.829626,af6c933f-a068-4b3e-b9f7-3db2c3e4456e,False,SSP,1,straight
3488,Damian_Ubiel_Torcuato,1998,False,1,2026-07-05 21:15:58.829626,af6c933f-a068-4b3e-b9f7-3db2c3e4456e,False,DUT,5,gay
3489,Sipoon_Lance_Kim,1998,False,1,2026-07-05 21:15:58.829626,af6c933f-a068-4b3e-b9f7-3db2c3e4456e,False,SLK,3,bisexual
3490,Thomas_Harries_Huckstable,1998,False,1,2026-07-05 21:16:50.037152,af6c933f-a068-4b3e-b9f7-3db2c3e4456e,False,THH,5,gay
3491,Thane_Manny_Manuel,1998,False,2,2026-07-05 21:16:50.037152,af6c933f-a068-4b3e-b9f7-3db2c3e4456e,False,TMM,5,gay
3492,Ishmael_Michael_Cabrera,1998,False,1,2026-07-05 21:16:50.037152,af6c933f-a068-4b3e-b9f7-3db2c3e4456e,False,IMC,1,straight
3493,Darryl_David_Miller,1998,False,1,2026-07-05 21:16:50.037152,af6c933f-a068-4b3e-b9f7-3db2c3e4456e,False,DDM,3,bisexual
3494,Matthew_Easton_Paulson,1998,False,3,2026-07-05 21:16:50.037152,af6c933f-a068-4b3e-b9f7-3db2c3e4456e,False,MEP,3,bisexual
3495,Randall_Larry_McGaren,1995,True,5,2026-07-06 22:56:00.5687,090ca735-55b7-45e7-9798-bef1bf7d4014,False,RLM,5,gay
3496,James_Landon_Galway,1995,True,1,2026-07-06 22:56:00.5687,090ca735-55b7-45e7-9798-bef1bf7d4014,False,JLG,3,bisexual
3497,Ishaan_Arav_Arun,1995,True,5,2026-07-06 22:56:00.5687,090ca735-55b7-45e7-9798-bef1bf7d4014,False,IAA,5,gay
3498,James_Edward_Granton,1995,True,3,2026-07-06 22:56:00.5687,090ca735-55b7-45e7-9798-bef1bf7d4014,False,JEG,1,straight
3499,Shangdong_Bill_Kang,1995,True,1,2026-07-06 22:56:00.5687,090ca735-55b7-45e7-9798-bef1bf7d4014,False,SBK,2,bisexual
3500,Yinfan_Fred_Ha,1995,True,1,2026-07-06 23:10:57.440893,090ca735-55b7-45e7-9798-bef1bf7d4014,False,YFH,1,straight
3501,Jason_Fan_Yew,1995,True,3,2026-07-06 23:10:57.440893,090ca735-55b7-45e7-9798-bef1bf7d4014,False,JFY,1,straight
3502,Aaron_Paul_Ingham,1995,True,1,2026-07-06 23:10:57.440893,090ca735-55b7-45e7-9798-bef1bf7d4014,False,API,1,straight
3503,David_Aaron_Beauregard,1995,True,1,2026-07-06 23:10:57.440893,090ca735-55b7-45e7-9798-bef1bf7d4014,False,DAB,1,straight
3504,Bob_Nicolas_Gonzalo,1995,True,1,2026-07-06 23:10:57.440893,090ca735-55b7-45e7-9798-bef1bf7d4014,False,BNG,4,bisexual
3505,Josue_Benedicto_Marti,1995,True,1,2026-07-06 23:18:13.230482,090ca735-55b7-45e7-9798-bef1bf7d4014,False,JBM,1,straight
3506,Leandro_Rado_Sanchez,1995,True,1,2026-07-06 23:18:13.230482,090ca735-55b7-45e7-9798-bef1bf7d4014,False,LRS,1,straight
3507,Billiam_Traincar_Zhu,1995,True,5,2026-07-06 23:18:13.230482,090ca735-55b7-45e7-9798-bef1bf7d4014,False,BTZ,3,questioning
3508,Ethan_Nguyen_Nguyen,1995,True,2,2026-07-06 23:18:13.230482,090ca735-55b7-45e7-9798-bef1bf7d4014,False,ENN,1,straight
3509,Rahul_Ibhan_Ramiz,1995,True,1,2026-07-06 23:18:13.230482,090ca735-55b7-45e7-9798-bef1bf7d4014,False,RIR,5,gay
3510,Juniper_Jim_Sha,1995,True,5,2026-07-06 23:20:10.863857,090ca735-55b7-45e7-9798-bef1bf7d4014,False,JJS,1,straight
3511,Abe_Ian_Kim,1995,True,1,2026-07-06 23:20:10.863857,090ca735-55b7-45e7-9798-bef1bf7d4014,False,AIK,1,straight
3512,Willard_Gary_Barry,1995,True,1,2026-07-06 23:20:10.863857,090ca735-55b7-45e7-9798-bef1bf7d4014,False,WGB,4,queer
3513,Azad_Pars_Salaam,1995,True,3,2026-07-06 23:20:10.863857,090ca735-55b7-45e7-9798-bef1bf7d4014,False,APS,5,gay
3514,Theo_Jasper_Zhang,1995,True,1,2026-07-06 23:20:10.863857,090ca735-55b7-45e7-9798-bef1bf7d4014,False,TJZ,1,straight
