file,f0,duration,label,group,color,number,cutoff,f11,f21,f31,f12,f22,f32,f13,f23,f33,f14,f24,f34,f15,f25,f35
12345678M_mono_0001,115.8,0.068,OW,14,Maroon,1,5571,469,1475,2700,479,1450,2664,475,1460,2641,464,1526,2671,422,1482,2638
12345678M_mono_0002,144.1,0.058,IH,11,Teal,2,5929,442,1668,2738,450,1680,2717,440,1670,2744,435,1660,2712,378,1667,2784
12345678M_mono_0003,122.5,0.048,AO,4,Green,3,5571,720,2212,2296,738,2282,2325,755,2229,2525,801,2274,2823,799,2100,2797
12345678M_mono_0004,109.5,0.118,IH,11,Teal,4,5571,376,1808,2395,366,1884,2406,426,1977,2350,452,2066,2398,385,2148,2328
12345678M_mono_0005,100.4,0.08,AY,7,Magenta,5,4857,685,1228,2016,653,1247,2029,638,1280,1992,611,1260,2016,562,1242,2093
12345678M_mono_0006,109.8,0.07,OW,14,Maroon,6,4500,435,876,2370,435,907,2357,425,890,2387,392,908,2345,383,911,2385
12345678M_mono_0007,114.4,0.05,AH,3,Black,7,5214,474,1232,2270,472,1213,2255,480,1188,2265,450,1179,2299,333,1171,2285
12345678M_mono_0008,110.5,0.128,EY,10,Purple,8,6643,462,2034,2821,436,2194,2825,411,2278,2875,329,2296,2917,279,2243,2893
12345678M_mono_0009,95.8,0.128,AE,2,Blue,9,5929,703,1896,2856,651,1861,2864,657,1814,2908,639,1762,2959,593,1701,3011
12345678M_mono_0010,101.4,0.06,IY,13,Pink,10,7000,362,2171,2856,368,2291,2933,360,2281,2906,344,2263,2931,322,2246,2945
12345678M_mono_0011,98.3,0.09,IY,13,Pink,11,5214,310,2204,2790,286,2200,2810,290,2190,2772,321,2170,2637,348,2134,2552
12345678M_mono_0012,192.4,0.04,AH,3,Black,12,5571,368,2019,2542,362,1944,2390,375,1866,2436,383,1938,2465,389,1769,2463
12345678M_mono_0013,99.6,0.068,IY,13,Pink,13,6643,341,1904,2645,345,2018,2723,345,2239,2774,351,2208,2831,340,2382,2793
12345678M_mono_0014,93.5,0.07,AY,7,Magenta,14,7000,759,1496,2441,708,1609,2490,674,1681,2549,653,1912,2706,497,2055,2887
12345678M_mono_0015,123,0.06,OW,14,Maroon,15,5571,562,1515,2478,534,1516,2520,526,1290,2562,567,1267,2452,570,1136,2445
12345678M_mono_0016,113.3,0.07,AA,1,Red,16,6286,588,1098,2276,531,1062,2267,505,1088,2265,481,1235,2247,418,1320,2244
12345678M_mono_0017,105.9,0.06,EH,8,Black,17,4857,487,1617,2160,534,1589,2183,536,1630,2252,590,1598,2202,642,1654,2266
12345678M_mono_0018,0,0.06,ER,9,Lime,18,4500,416,1655,2373,401,1643,2324,451,1633,2260,503,1613,2153,464,1614,2146
12345678M_mono_0019,110.8,0.06,EY,10,Purple,19,5929,453,1856,2238,439,1892,2340,418,1925,2551,400,1960,2684,350,1943,2766
12345678M_mono_0020,129.8,0.05,AA,1,Red,20,4857,523,1618,2331,535,1564,2264,561,1572,2192,568,1540,2157,573,1541,2100
12345678M_mono_0021,106,0.11,AY,7,Magenta,21,6643,589,1684,2366,577,1704,2470,554,1726,2488,463,1831,2511,420,1947,2691
12345678M_mono_0022,96.4,0.098,AY,7,Magenta,22,4500,721,1473,2253,696,1587,2313,657,1788,2338,554,1894,2356,399,1998,2314
12345678M_mono_0023,91.9,0.048,AH,3,Black,23,5571,669,1190,1824,698,1208,1858,695,1213,1886,675,1307,1899,619,1235,1940
12345678M_mono_0024,101,0.048,AH,3,Black,24,5571,516,1336,2584,545,1265,2431,548,1237,2351,535,1187,2341,432,1207,2353
12345678M_mono_0025,100.3,0.058,IH,11,Teal,25,5929,408,1809,2664,416,1878,2781,412,2035,2898,395,2210,2928,412,2309,2975
12345678M_mono_0026,142.5,0.08,AE,2,Blue,26,5214,767,1591,2675,770,1547,2641,762,1553,2421,736,1558,2432,699,1535,2405
12345678M_mono_0027,114.7,0.088,AA,1,Red,27,5929,749,1056,2167,728,1087,2152,691,1164,2164,720,1260,2135,606,1267,2108
12345678M_mono_0028,108.7,0.07,AH,3,Black,28,4500,413,1663,2481,424,1675,2472,426,1698,2524,407,1665,2500,339,1708,2529
12345678M_mono_0029,88.9,0.098,AE,2,Blue,29,5214,649,1582,2070,715,1573,2142,735,1510,2187,702,1450,2181,632,1391,2243
12345678M_mono_0030,104.8,0.078,EH,8,Black,30,6643,483,1710,2811,508,1682,2731,544,1707,2662,550,1664,2460,504,1621,2393
12345678M_mono_0031,117.4,0.06,ER,9,Lime,31,4857,434,1622,2006,408,1651,1978,413,1709,1979,410,1694,2018,326,1774,2057
12345678M_mono_0032,104.4,0.07,ER,9,Lime,32,7000,458,1797,3129,503,1809,3105,497,1772,3137,537,1803,3066,605,1790,3097
12345678M_mono_0033,95.8,0.04,AH,3,Black,33,4500,394,1121,1971,392,1205,1959,379,1223,1912,366,1192,1966,346,1234,2064
12345678M_mono_0034,118.3,0.05,IY,13,Pink,34,5214,488,2187,2571,518,2230,2606,539,2142,2667,529,2098,2861,518,2127,2926
12345678M_mono_0035,114.1,0.07,IH,11,Teal,35,7000,421,2017,3106,407,2012,3172,375,2091,3284,347,2100,3188,306,2163,3185
12345678M_mono_0036,97.9,0.028,AH,3,Black,36,5214,390,1809,2702,295,1816,2700,272,1814,2667,245,1644,2630,243,1686,2643
12345678M_mono_0037,0,0.028,EH,8,Black,37,5214,488,1900,2855,459,1881,2811,400,1866,2754,297,1882,2761,406,1831,2757
12345678M_mono_0038,69,0.06,IH,11,Teal,38,6286,334,1814,2763,382,1818,2754,384,1801,2754,413,1811,2775,425,1775,2805
12345678M_mono_0039,90.3,0.11,AW,5,Olive,39,5571,588,1733,2610,669,1688,2309,706,1588,2256,718,1440,2259,690,1364,2286
12345678M_mono_0040,88.5,0.14,AY,7,Magenta,40,4500,679,1500,1992,749,1359,2073,754,1526,2136,697,1558,2155,618,1642,2260
12345678M_mono_0041,96,0.11,IH,11,Teal,41,4500,371,1739,2252,371,1993,2270,380,2031,2268,384,1856,2244,391,1785,2210
12345678M_mono_0042,111.5,0.048,AE,2,Blue,42,5571,548,1713,2531,547,1717,2578,539,1726,2585,524,1756,2568,484,1730,2581
12345678M_mono_0043,116.2,0.098,EY,10,Purple,43,4500,462,1912,2284,461,1914,2290,445,1994,2322,438,2014,2423,414,2026,2563
12345678M_mono_0044,108.1,0.048,AH,3,Black,44,5571,418,1897,2563,429,1869,2427,424,1777,2358,392,1775,2326,391,1788,2296
12345678M_mono_0045,106.3,0.09,UW,17,Cyan,45,4500,377,1271,2263,367,1299,2420,358,1280,2485,342,1276,2360,321,1276,2334
12345678M_mono_0046,97.2,0.188,EY,10,Purple,46,6286,471,1735,2056,488,1824,2431,452,1964,2600,414,2010,2806,394,1977,2789
12345678M_mono_0047,97.3,0.058,AE,2,Blue,47,5214,582,1757,2683,650,1710,2689,654,1772,2600,637,1705,2471,604,1713,2315
12345678M_mono_0048,100.7,0.098,EY,10,Purple,48,5214,584,1907,2696,530,1984,2814,484,2050,2654,428,2156,2515,368,2136,2671
12345678M_mono_0049,92.1,0.12,UW,17,Cyan,49,5214,369,1974,2454,367,1762,2319,360,1169,2361,304,1390,2155,306,1487,2256
12345678M_mono_0050,122.1,0.058,EH,8,Black,50,5929,658,1605,2498,647,1623,2476,623,1546,2370,572,1610,2542,588,1615,2569
12345678M_mono_0051,100.7,0.108,AH,3,Black,51,5929,425,1797,2807,492,1802,2754,518,1793,2726,469,1779,2743,390,1748,2745
12345678M_mono_0052,96,0.04,IH,11,Teal,52,5571,574,1921,2705,441,1901,2868,438,1874,2584,489,1839,2567,349,1796,2684
12345678M_mono_0053,98.2,0.04,IH,11,Teal,53,6643,443,1824,2654,411,1848,2742,394,1834,2716,381,1823,2734,369,1823,2794
12345678M_mono_0054,0,0.028,AH,3,Black,54,5214,431,1619,2753,411,1597,2744,380,1586,2738,354,1624,2709,341,1663,2899
12345678M_mono_0055,92.3,0.1,AW,5,Olive,55,5929,641,1369,2360,681,1403,2337,709,1312,2308,671,1252,2255,620,1279,2312
12345678M_mono_0056,89.4,0.04,AH,3,Black,56,4500,407,1679,2099,385,1656,2076,384,1511,1972,371,1466,1927,347,1359,1860
12345678M_mono_0057,96.1,0.138,EY,10,Purple,57,6643,552,1803,2420,513,2010,2552,423,2104,2626,399,2168,2761,363,2125,2748
12345678M_mono_0058,86.1,0.16,ER,9,Lime,58,4500,496,1512,2076,669,1496,2159,736,1603,2039,703,1470,1941,704,1528,2185
12345678M_mono_0059,84,0.05,AA,1,Red,59,4500,695,1502,2052,734,1369,1940,745,1412,1917,742,1265,2130,750,1262,2136
12345678M_mono_0060,110.8,0.038,AY,7,Magenta,60,5929,675,1691,2384,637,1686,2514,607,1698,2557,549,1784,2619,504,1671,2630
12345678M_mono_0061,98.6,0.098,AA,1,Red,61,4500,665,1355,2047,707,1298,2154,727,1257,2181,704,1216,2190,609,1198,2218
12345678M_mono_0062,104.8,0.058,AY,7,Magenta,62,5929,670,1540,2392,646,1580,2544,609,1620,2730,572,1601,2710,557,1647,2753
12345678M_mono_0063,102.2,0.058,AH,3,Black,63,5929,475,1746,2719,455,1800,2661,424,1844,2574,382,1760,2479,389,1717,2482
12345678M_mono_0064,108.1,0.03,AO,4,Green,64,7000,696,2424,3662,661,2268,3633,747,2241,3601,764,2138,3566,750,2170,3630
12345678M_mono_0065,104.1,0.06,ER,9,Lime,65,4857,442,1442,1809,445,1527,1818,414,1471,1804,350,1470,1828,273,1457,1889
12345678M_mono_0066,112.3,0.08,AO,4,Green,66,4857,438,1409,2040,447,1260,2041,446,1076,2049,444,1020,1979,449,1044,1942
12345678M_mono_0067,0,0.03,AH,3,Black,67,4500,422,1746,1898,366,1680,1870,332,1682,1945,272,1689,1991,276,1771,1947
12345678M_mono_0068,96,0.07,AE,2,Blue,68,4857,610,1552,1949,635,1510,1937,648,1485,1983,644,1417,2003,623,1269,2052
12345678M_mono_0069,112.4,0.038,OW,14,Maroon,69,4857,406,1590,2794,408,1551,2710,402,1542,2626,403,1718,2652,385,1747,2703
12345678M_mono_0070,0,0.03,IH,11,Teal,70,7000,872,1925,3718,686,1956,3779,802,2029,3845,979,2059,3918,918,1891,3955
12345678M_mono_0071,95.3,0.138,EY,10,Purple,71,6643,445,1879,2700,464,1949,2732,430,2028,2776,388,2104,2744,365,2138,2503
12345678M_mono_0072,98.4,0.078,AH,3,Black,72,6286,404,1787,2414,424,1506,2406,442,1411,2539,453,1268,2471,450,1187,2536
12345678M_mono_0073,92.9,0.058,AH,3,Black,73,5214,457,1162,2317,483,1202,2238,522,1335,2268,521,1469,2393,458,1553,2442
12345678M_mono_0074,82.2,0.038,AO,4,Green,74,5929,785,2114,2376,767,2192,2471,720,2084,2198,748,2174,2517,732,2171,2461
12345678M_mono_0075,101.9,0.098,AH,3,Black,75,5214,729,1804,2183,729,1582,2132,607,1371,2113,542,1469,2074,459,1570,2050
12345678M_mono_0076,91.2,0.118,UW,17,Cyan,76,4857,348,1881,2191,361,1813,2172,358,1801,2238,351,1835,2259,315,1824,2351
12345678M_mono_0077,91.5,0.07,AH,3,Black,77,6286,548,1467,2491,548,1527,2529,536,1577,2594,513,1638,2639,405,1616,2688
12345678M_mono_0078,99.1,0.058,EY,10,Purple,78,6643,450,1880,2649,485,1868,2561,486,1858,2401,478,1784,2309,484,1688,2251
12345678M_mono_0079,97.5,0.09,ER,9,Lime,79,4857,462,1312,2010,455,1322,1968,457,1373,1910,455,1442,1810,462,1551,1880
12345678M_mono_0080,94.3,0.13,AW,5,Olive,80,5571,552,1623,1986,651,1543,2026,732,1481,2057,726,1439,2065,714,1431,2080
12345678M_mono_0081,99.4,0.038,AH,3,Black,81,4857,503,1393,1930,506,1333,1941,491,1299,1977,456,1261,2000,423,1260,2001
12345678M_mono_0082,99.5,0.108,OW,14,Maroon,82,5214,504,1350,2231,525,1348,2222,527,1305,2304,465,1294,2338,410,1294,2308
12345678M_mono_0083,93.2,0.03,IY,13,Pink,83,5929,395,1974,2494,382,2043,2464,370,2117,2429,394,1994,2375,411,1808,2376
12345678M_mono_0084,108.2,0.09,AE,2,Blue,84,5571,544,1976,2691,639,1869,2602,573,1824,2582,641,1837,2631,727,1866,2644
12345678M_mono_0085,118.8,0.06,IH,11,Teal,85,5571,372,2022,2685,374,1989,2618,381,1965,2494,409,1934,2386,421,1911,2311
12345678M_mono_0086,107.9,0.11,OW,14,Maroon,86,5571,426,1725,2124,446,1658,2053,464,1566,2013,441,1520,1996,402,1502,2051
12345678M_mono_0087,125.6,0.058,IH,11,Teal,87,6643,526,1689,2831,400,1911,2827,438,1944,2796,417,1906,2794,398,1830,2785
12345678M_mono_0088,85,0.05,AH,3,Black,88,7000,600,1407,2823,631,1454,2848,639,1420,2888,625,1479,2878,573,1529,2990
12345678M_mono_0089,129.4,0.1,EY,10,Purple,89,6286,505,1857,2825,481,1947,2800,466,2021,2787,494,2040,2796,505,2054,2789
12345678M_mono_0090,112.4,0.048,EH,8,Black,90,6286,509,1979,2815,565,1989,2797,557,1962,2815,569,1908,2829,544,1894,2883
12345678M_mono_0091,102.6,0.068,ER,9,Lime,91,6643,462,1807,2712,444,1827,2675,447,1848,2695,425,1877,2678,384,1881,2675
12345678M_mono_0092,89.8,0.11,IY,13,Pink,92,5571,360,2015,2595,368,2032,2613,374,2065,2689,284,1752,2682,379,1971,2685
12345678M_mono_0093,105.2,0.05,AY,7,Magenta,93,4500,698,1511,2002,720,1564,2101,731,1602,2138,732,1651,2097,743,1673,2111
12345678M_mono_0094,141.8,0.09,AE,2,Blue,94,5571,812,1694,2698,808,1649,2558,794,1703,2681,789,1628,2590,807,1609,2604
12345678M_mono_0095,128,0.11,AE,2,Blue,95,5571,586,1483,2805,653,1474,2649,674,1514,2652,713,1538,2655,709,1554,2601
12345678M_mono_0096,101.3,0.078,AH,3,Black,96,6286,429,1867,2504,424,1827,2514,419,1766,2565,393,1725,2583,389,1712,2569
12345678M_mono_0097,133.6,0.108,AE,2,Blue,97,5929,458,2006,2711,559,1956,2676,582,1872,2686,636,1858,2677,596,1827,2680
12345678M_mono_0098,99.7,0.21,UW,17,Cyan,98,4857,416,1611,1999,417,1559,2073,409,1413,2144,423,1352,2150,423,1336,2136
12345678M_mono_0099,94.1,0.26,AY,7,Magenta,99,7000,736,1514,2465,699,1575,2511,617,1705,2543,525,1897,2619,475,1949,2674
12345678M_mono_0100,107,0.058,UH,16,Silver,100,5214,504,1665,2588,462,1672,2573,442,1691,2550,412,1690,2497,410,1699,2535
12345678M_mono_0101,100.2,0.048,AH,3,Black,101,6286,468,1792,2620,412,1790,2588,405,1767,2574,397,1778,2678,391,1767,2727
12345678M_mono_0102,96.1,0.12,IY,13,Pink,102,6643,319,2493,2997,320,2497,2954,311,2510,2937,326,2477,2928,317,2420,2907
12345678M_mono_0103,102.2,0.06,IH,11,Teal,103,5571,394,1918,2761,422,2118,2646,430,1941,2467,449,1943,2310,462,1813,2208
12345678M_mono_0104,97.7,0.048,AH,3,Black,104,4857,425,1494,1688,438,1479,1666,425,1283,1652,412,1157,1626,393,1028,1683
12345678M_mono_0105,131.6,0.04,IH,11,Teal,105,6643,463,1427,2626,460,1533,2655,452,1669,2669,432,1864,2713,419,1834,2683
12345678M_mono_0106,146.1,0.13,OW,14,Maroon,106,7000,456,1661,2520,461,1522,2579,460,1471,2554,437,1499,2620,424,1505,2640
12345678M_mono_0107,101.7,0.128,OW,14,Maroon,107,5214,543,1315,1935,588,1234,1953,576,1141,2006,573,1192,2034,567,1300,2011
12345678M_mono_0108,92.2,0.15,AY,7,Magenta,108,7000,744,1427,2501,752,1460,2524,735,1483,2455,707,1627,2492,620,1666,2469
12345678M_mono_0109,112.7,0.15,OW,14,Maroon,109,5929,601,1316,2456,678,1743,2445,676,1718,2562,676,1746,2646,700,1686,2827
12345678M_mono_0110,108.4,0.07,AE,2,Blue,110,6643,562,1846,2753,511,1827,2749,514,1821,2718,496,1796,2647,486,1802,2678
12345678M_mono_0111,123.4,0.04,OW,14,Maroon,111,5214,467,1397,2160,465,1380,2131,465,1309,2129,465,1247,2097,479,1234,2115
12345678M_mono_0112,119.4,0.068,ER,9,Lime,112,4857,479,1253,2011,488,1327,1962,495,1375,1925,489,1409,1914,482,1447,1911
12345678M_mono_0113,119.3,0.07,ER,9,Lime,113,4500,485,1546,1887,467,1571,1966,462,1602,1961,450,1652,1944,420,1707,1954
12345678M_mono_0114,111.3,0.038,AH,3,Black,114,5929,457,1463,2480,477,1448,2528,500,1334,2583,432,1318,2562,337,1496,2621
12345678M_mono_0115,101.9,0.228,EY,10,Purple,115,6643,425,1896,2811,451,1975,2763,448,2020,2763,432,2101,2782,760,2075,2791
12345678M_mono_0116,97.3,0.1,ER,9,Lime,116,7000,389,1704,2752,423,1625,2978,437,1628,2978,471,1607,2872,536,1708,2724
12345678M_mono_0117,113.2,0.14,AE,2,Blue,117,4500,615,1510,1842,644,1550,1890,639,1526,1934,645,1612,1942,636,1592,2395
12345678M_mono_0118,99,0.04,AH,3,Black,118,5214,451,1736,2679,393,1756,2691,403,1753,2754,385,1718,2735,359,1760,2738
12345678M_mono_0119,99.6,0.148,IH,11,Teal,119,6643,405,1815,2562,405,1838,2641,386,1847,2682,414,1806,2691,395,1843,2709
12345678M_mono_0120,96.3,0.05,IH,11,Teal,120,5214,603,1780,2533,470,1767,2558,466,1794,2549,418,1762,2545,387,1784,2534
12345678M_mono_0121,108.9,0.068,IH,11,Teal,121,5214,416,1784,2668,433,1805,2677,431,1773,2661,421,1748,2642,412,1698,2633
12345678M_mono_0122,103.5,0.1,IH,11,Teal,122,7000,427,1776,2609,430,1819,2664,439,1826,2754,420,1840,2749,396,1796,2754
12345678M_mono_0123,0,0.048,OW,14,Maroon,123,6286,586,1501,2664,527,1117,2546,470,992,2567,451,934,2522,465,988,2645
12345678M_mono_0124,116.5,0.048,AH,3,Black,124,5571,431,1472,2468,432,1500,2548,453,1647,2652,446,1699,2737,418,1665,2785
12345678M_mono_0125,96.3,0.078,AE,2,Blue,125,6286,444,1721,2709,498,1701,2681,530,1725,2695,559,1719,2671,553,1746,2762
12345678M_mono_0126,91.3,0.13,UW,17,Cyan,126,7000,421,1646,2706,435,1588,2705,446,1558,2708,435,1480,2661,460,1554,2695
12345678M_mono_0127,157.5,0.058,EH,8,Black,127,5929,534,1531,2512,554,1535,2517,591,1436,2560,617,1440,2595,633,1472,2636
12345678M_mono_0128,155.8,0.148,AA,1,Red,128,6286,679,1228,2487,746,1231,2589,772,1413,2616,721,1444,2647,639,1300,2701
12345678M_mono_0129,160.6,0.058,IY,13,Pink,129,5929,426,1990,2804,392,2048,2810,374,2057,2832,405,2021,2757,393,1985,2902
12345678M_mono_0130,120.3,0.15,AW,5,Olive,130,7000,602,1532,2600,676,1529,2570,687,1482,2515,700,1688,2318,695,1517,2434
12345678M_mono_0131,99.5,0.078,AE,2,Blue,131,6286,501,1696,2616,553,1719,2643,557,1665,2577,555,1604,2592,543,1629,2635
12345678M_mono_0132,104.9,0.19,AY,7,Magenta,132,7000,740,1525,2771,738,1502,2962,716,1518,2852,687,1683,2842,710,1752,2909
12345678M_mono_0133,118.2,0.07,AE,2,Blue,133,5929,714,1610,2598,700,1552,2564,809,1580,2547,733,1542,2510,657,1504,2510
12345678M_mono_0134,128.8,0.168,ER,9,Lime,134,4500,391,1485,1763,400,1513,1764,400,1442,1763,370,1387,1691,397,1420,1669
12345678M_mono_0135,111.3,0.03,UW,17,Cyan,135,7000,331,1990,2498,334,1929,2558,336,1833,2672,331,1853,2683,311,2075,2712
12345678M_mono_0136,106,0.1,AY,7,Magenta,136,6643,642,1391,2168,694,1476,2178,689,1538,2261,623,1638,2279,546,1718,2385
12345678M_mono_0137,100.1,0.05,IH,11,Teal,137,6643,449,1636,2712,437,1790,2720,415,1892,2750,392,1972,2734,390,1932,2638
12345678M_mono_0138,105.8,0.208,EY,10,Purple,138,5929,425,1958,2691,450,2009,2764,425,2066,2756,416,2175,2788,389,2254,2733
12345678M_mono_0139,94.4,0.188,IY,13,Pink,139,6643,395,1927,2572,382,2085,2629,394,2126,2675,417,2025,2642,434,1965,2718
12345678M_mono_0140,89.9,0.1,EH,8,Black,140,5571,597,1896,2606,564,1921,2639,551,1948,2611,488,2014,2639,414,2061,2588
12345678M_mono_0141,142.7,0.088,EY,10,Purple,141,6286,409,1982,2666,410,1982,2671,408,2028,2661,397,2021,2679,369,1963,2648
12345678M_mono_0142,102.5,0.088,AY,7,Magenta,142,5929,791,1567,2625,781,1539,2610,758,1616,2659,689,1589,2628,673,1540,2547
12345678M_mono_0143,103.3,0.068,AA,1,Red,143,5214,684,1159,1889,715,1196,1905,723,1334,2036,706,1398,2211,675,1516,2287
12345678M_mono_0144,95,0.028,ER,9,Lime,144,5214,400,1649,2108,390,1673,2161,396,1685,2361,382,1664,2447,384,1661,2456
12345678M_mono_0145,106,0.05,AH,3,Black,145,5929,359,1826,2911,365,1807,2913,366,1689,2844,367,1711,2796,328,1683,2848
12345678M_mono_0146,79.7,0.028,AH,3,Black,146,5571,427,1581,2633,434,1562,2651,427,1549,2626,419,1535,2640,378,1507,2688
12345678M_mono_0147,109.7,0.038,AA,1,Red,147,4857,701,1291,2024,663,1324,2033,645,1320,1966,642,1317,1950,627,1313,1934
12345678M_mono_0148,108.1,0.06,IH,11,Teal,148,5929,434,2067,2659,447,2042,2654,429,1961,2661,417,1907,2681,408,1862,2688
12345678M_mono_0149,115.3,0.098,UW,17,Cyan,149,5571,350,1896,2622,365,1810,2594,387,1726,2564,413,1727,2550,446,1688,2459
12345678M_mono_0150,100.5,0.15,AY,7,Magenta,150,7000,636,1443,2597,697,1527,2546,724,1544,2555,709,1574,2552,681,1592,2615
12345678M_mono_0151,95.7,0.048,AA,1,Red,151,6643,647,1580,2453,634,1546,2457,644,1522,2401,649,1588,2287,630,1552,2277
12345678M_mono_0152,89.7,0.05,AH,3,Black,152,5929,566,1585,2198,601,1677,2236,516,1579,2533,494,1586,2530,351,1574,2524
12345678M_mono_0153,99,0.038,UW,17,Cyan,153,5929,389,1964,2386,400,1862,2311,398,1826,2426,390,1836,2520,381,1848,2538
12345678M_mono_0154,93.3,0.06,EH,8,Black,154,7000,445,1946,2582,480,1817,2550,516,1635,2592,537,1620,2584,509,1504,2558
12345678M_mono_0155,90.1,0.06,IH,11,Teal,155,5571,482,1593,2577,466,1678,2626,458,1736,2667,449,1738,2681,418,1809,2716
12345678M_mono_0156,132.3,0.05,UW,17,Cyan,156,6643,400,1641,2787,401,1605,2815,418,1507,2770,410,1517,2505,394,1600,2558
12345678M_mono_0157,152.9,0.078,UW,17,Cyan,157,5571,412,1434,2494,438,1452,2491,453,1546,2480,442,1623,2464,460,1737,2586
12345678M_mono_0158,98.7,0.05,AY,7,Magenta,158,7000,515,1650,2679,500,1807,2677,474,1943,2650,441,2083,2620,414,2146,2596
12345678M_mono_0159,99.9,0.058,AH,3,Black,159,5929,451,1537,2612,466,1554,2640,466,1556,2652,426,1556,2671,400,1557,2670
12345678M_mono_0160,113.5,0.09,AW,5,Olive,160,4500,658,1538,1570,698,1403,1799,713,1375,1827,732,1394,1867,705,1402,1918
12345678M_mono_0161,97.1,0.07,EH,8,Black,161,7000,537,1709,2527,532,1763,2538,504,1869,2540,474,1950,2535,434,1969,2523
12345678M_mono_0162,92.3,0.068,AE,2,Blue,162,6643,568,1683,2503,597,1643,2498,567,1636,2527,551,1634,2494,489,1597,2533
12345678M_mono_0163,100.1,0.07,AH,3,Black,163,4500,635,1435,1980,641,1382,1926,646,1308,1867,697,1302,1962,673,1355,1972
12345678M_mono_0164,95.1,0.04,AH,3,Black,164,7000,503,1606,2638,506,1698,2684,492,1742,2768,462,1772,2796,354,1762,2792
12345678M_mono_0165,97.3,0.07,IY,13,Pink,165,6286,331,2148,2697,328,2243,2813,327,2219,2801,317,2310,2768,296,2302,2821
12345678M_mono_0166,103.8,0.05,AY,7,Magenta,166,6643,743,1592,2420,665,1588,2478,599,1599,2585,615,1719,2676,555,1732,2663
12345678M_mono_0167,100.8,0.088,AE,2,Blue,167,5929,527,1698,2662,597,1685,2629,626,1627,2663,680,1586,2666,660,1556,2639
12345678M_mono_0168,103.1,0.068,AH,3,Black,168,5214,724,1382,1998,646,1340,2046,630,1417,2165,600,1438,2109,548,1439,1948
12345678M_mono_0169,95.5,0.07,ER,9,Lime,169,5929,427,1565,1927,439,1570,1959,447,1570,1977,455,1586,1999,462,1620,2049
12345678M_mono_0170,90.2,0.048,AH,3,Black,170,5571,456,1604,2039,449,1657,2028,432,1630,1976,416,1645,2025,395,1564,2003
12345678M_mono_0171,95.4,0.18,IY,13,Pink,171,6643,392,1908,2737,379,2127,2754,378,2118,2815,371,2165,2798,365,1956,2630
12345678M_mono_0172,90.8,0.048,IH,11,Teal,172,6286,436,1621,2677,438,1723,2680,436,1766,2669,417,1737,2660,383,1724,2734
12345678M_mono_0173,85.1,0.038,AH,3,Black,173,5929,393,1734,2709,396,1735,2689,388,1698,2702,380,1652,2683,373,1627,2687
12345678M_mono_0174,82.6,0.038,AH,3,Black,174,5929,437,1723,2646,439,1719,2612,427,1701,2582,407,1666,2524,395,1675,2512
12345678M_mono_0175,89.9,0.2,IY,13,Pink,175,7000,389,1822,2811,365,1959,2772,351,2179,2889,348,2151,2923,346,2148,2851
12345678M_mono_0176,87.2,0.098,AA,1,Red,176,4500,679,974,1696,712,1195,1799,715,1347,2021,716,1406,2068,726,1529,2169
12345678M_mono_0177,0,0.04,AH,3,Black,177,5571,431,1798,2719,387,1827,2719,362,1866,2763,377,2006,2791,363,2082,2839
12345678M_mono_0178,88,0.05,EH,8,Black,178,5929,465,1891,2689,505,1823,2671,504,1782,2674,528,1744,2680,530,1689,2701
12345678M_mono_0179,86.3,0.068,OW,14,Maroon,179,6643,448,1409,2679,479,1404,2630,458,1419,2659,354,1501,2578,445,1594,2702
12345678M_mono_0180,97.2,0.038,AH,3,Black,180,5929,441,1382,2566,456,1350,2579,453,1381,2580,450,1354,2574,456,1352,2590
12345678M_mono_0181,91,0.04,IH,11,Teal,181,5214,387,1506,1871,394,1520,1874,402,1553,1911,383,1544,1860,356,1584,1826
12345678M_mono_0182,86.1,0.06,AH,3,Black,182,4857,402,1580,1969,437,1541,2085,470,1509,2287,417,1482,2283,309,1440,2187
12345678M_mono_0183,99.9,0.048,ER,9,Lime,183,5571,630,1435,2024,663,1429,2146,679,1444,2294,604,1348,2335,712,1404,2464
12345678M_mono_0184,95.6,0.12,AY,7,Magenta,184,6643,629,1377,2533,633,1400,2447,632,1452,2400,600,1450,2497,556,1540,2545
12345678M_mono_0185,102.7,0.07,IH,11,Teal,185,4500,379,1661,2107,395,1710,2118,402,1767,2070,421,1789,2085,420,1765,2005
12345678M_mono_0186,99.5,0.04,AO,4,Green,186,7000,626,1897,2459,665,1932,2380,707,1993,2363,727,2006,2476,720,1982,2578
12345678M_mono_0187,88.9,0.05,IH,11,Teal,187,6643,487,1827,2512,496,1886,2758,510,1901,2751,459,1908,2778,421,1798,2806
12345678M_mono_0188,95.2,0.08,AA,1,Red,188,5929,725,1089,1819,747,1088,1897,743,1283,1960,725,1302,1927,677,1367,2058
12345678M_mono_0189,105.9,0.048,AH,3,Black,189,6286,974,1664,2670,772,1644,2606,458,1658,2726,368,1649,2647,498,1622,2722
12345678M_mono_0190,108.6,0.11,IY,13,Pink,190,5571,412,1802,2691,397,1939,2708,417,2105,2714,413,2107,2734,384,2198,2719
12345678M_mono_0191,92.6,0.038,AA,1,Red,191,4857,652,1325,1826,658,1330,1879,669,1328,1884,649,1332,1855,630,1336,1900
12345678M_mono_0192,64.9,0.038,ER,9,Lime,192,6286,522,1788,2965,540,1658,2938,558,1720,2961,537,1654,2970,569,1682,2979
1JCR8D9J7_mono_0001,147,0.05,OW,14,Maroon,193,5214,468,1324,2602,455,1322,2621,453,1308,2624,446,1307,2646,440,1307,2652
1JCR8D9J7_mono_0002,138.6,0.05,IH,11,Teal,194,5929,476,1337,2723,485,1341,2710,466,1320,2699,424,1323,2689,412,1300,2671
1JCR8D9J7_mono_0003,154.8,0.048,AO,4,Green,195,5571,498,950,2554,488,902,2567,494,914,2503,511,938,2487,527,979,2448
1JCR8D9J7_mono_0004,94.7,0.05,IH,11,Teal,196,5214,548,1699,2429,512,1667,2271,521,1729,2265,501,1747,2301,521,1721,2282
1JCR8D9J7_mono_0005,132.5,0.058,AY,7,Magenta,197,5214,704,1309,2581,649,1304,2562,651,1331,2588,630,1308,2611,581,1289,2553
1JCR8D9J7_mono_0006,134.8,0.058,OW,14,Maroon,198,5214,430,918,2591,428,921,2565,415,922,2522,400,922,2541,409,879,2517
1JCR8D9J7_mono_0007,150.2,0.058,AH,3,Black,199,5214,531,1148,2418,527,1112,2553,514,1058,2596,476,1000,2594,444,976,2579
1JCR8D9J7_mono_0008,116.5,0.18,EY,10,Purple,200,6643,499,1736,2809,436,2136,2859,407,2253,3011,411,2267,3261,459,2219,3637
1JCR8D9J7_mono_0009,110.2,0.058,AH,3,Black,201,6643,469,2216,3435,476,2165,3296,489,2001,3076,494,1904,2833,489,1777,2818
1JCR8D9J7_mono_0010,110.5,0.06,IH,11,Teal,202,5571,472,1165,1876,458,1094,1864,441,1279,1920,410,1283,1920,365,1348,1959
1JCR8D9J7_mono_0011,131.4,0.08,IY,13,Pink,203,7000,390,2216,4776,368,2439,4577,378,2595,4742,415,2571,4866,403,2868,5055
1JCR8D9J7_mono_0012,131,0.078,IY,13,Pink,204,5571,380,2264,2941,378,2212,2972,367,2289,2998,349,2296,2957,365,2200,2834
1JCR8D9J7_mono_0013,124.7,0.04,AH,3,Black,205,6643,386,2036,2786,394,1823,2783,394,1567,2774,393,1485,2791,386,1428,2793
1JCR8D9J7_mono_0014,122.6,0.078,IY,13,Pink,206,6286,363,1573,2685,367,1954,2722,366,2077,2728,355,2125,2668,348,2052,2677
1JCR8D9J7_mono_0015,120.3,0.108,AH,3,Black,207,5214,569,1363,2778,625,1281,2728,619,1263,2727,563,1265,2668,466,1242,2605
1JCR8D9J7_mono_0016,108.6,0.1,AY,7,Magenta,208,6286,657,1262,2194,679,1448,2274,639,1615,2344,595,1806,2829,488,1822,2792
1JCR8D9J7_mono_0017,109,0.09,OW,14,Maroon,209,5571,540,1005,2339,519,935,2305,518,841,2356,515,812,2293,536,818,2484
1JCR8D9J7_mono_0018,106.2,0.07,AA,1,Red,210,4500,580,890,2281,587,981,2066,602,1072,2065,605,1179,1806,570,1244,1872
1JCR8D9J7_mono_0019,90,0.03,AH,3,Black,211,6643,517,1553,2820,516,1569,2845,506,1558,2858,511,1550,2846,511,1628,2758
1JCR8D9J7_mono_0020,95.5,0.05,EH,8,Black,212,5929,559,1470,2688,554,1465,2755,555,1465,2768,537,1446,2766,537,1445,2802
1JCR8D9J7_mono_0021,96.9,0.128,ER,9,Lime,213,5929,460,1463,2829,481,1559,2896,493,1625,2863,536,1707,2849,571,1708,2972
1JCR8D9J7_mono_0022,126.5,0.038,EY,10,Purple,214,4857,462,1161,1763,479,1023,1769,478,957,1777,475,988,1762,466,894,1732
1JCR8D9J7_mono_0023,119.5,0.07,AA,1,Red,215,7000,560,1417,2830,614,1373,2843,643,1326,2980,649,1278,2744,649,1303,2699
1JCR8D9J7_mono_0024,110.6,0.11,AY,7,Magenta,216,4500,601,1542,1982,622,1587,2039,579,1684,1902,551,1664,1864,503,1529,1900
1JCR8D9J7_mono_0025,126.2,0.07,AY,7,Magenta,217,6286,673,1546,2734,623,1565,2764,544,1706,2809,485,1784,2662,421,1833,2500
1JCR8D9J7_mono_0026,143.3,0.058,AH,3,Black,218,5214,552,1093,2363,561,1092,2384,553,1015,2336,540,974,2336,494,901,2347
1JCR8D9J7_mono_0027,154,0.05,AH,3,Black,219,6643,515,1199,4205,561,1192,4290,550,1168,4407,514,1120,2847,481,1114,2738
1JCR8D9J7_mono_0028,134,0.04,IH,11,Teal,220,6643,475,1678,2791,483,1787,2794,474,1850,2751,479,1752,2748,491,1240,2750
1JCR8D9J7_mono_0029,126.9,0.058,AE,2,Blue,221,5929,797,1276,2241,761,1283,2372,736,1253,2339,701,1235,2238,678,1217,2212
1JCR8D9J7_mono_0030,119.4,0.08,AA,1,Red,222,5929,664,1054,2443,656,1079,2398,659,1130,2475,659,1208,2402,605,1267,2232
1JCR8D9J7_mono_0031,82.2,0.08,AH,3,Black,223,5214,471,1693,2883,481,1615,2763,482,1575,2749,468,1537,2732,483,1563,2713
1JCR8D9J7_mono_0032,128.7,0.11,AE,2,Blue,224,7000,661,1449,2190,713,1388,2392,728,1344,2475,723,1331,2561,635,1350,2596
1JCR8D9J7_mono_0033,140.1,0.058,EH,8,Black,225,5214,552,1393,2621,564,1383,2499,567,1368,2420,556,1334,2353,532,1287,2296
1JCR8D9J7_mono_0034,131.4,0.11,ER,9,Lime,226,6643,516,1286,3205,536,1402,3144,546,1506,3101,531,1574,3078,499,1744,3063
1JCR8D9J7_mono_0035,131.6,0.078,ER,9,Lime,227,5571,470,1526,1614,463,1470,1639,474,1433,1644,483,1326,1715,459,1251,1839
1JCR8D9J7_mono_0036,112.3,0.038,IY,13,Pink,228,5929,445,1617,2532,456,1613,2554,469,1663,2563,475,1697,2550,472,1663,2490
1JCR8D9J7_mono_0037,100.1,0.038,IH,11,Teal,229,6286,548,1657,2453,557,1668,2287,572,1671,2625,554,1690,2854,551,1701,2793
1JCR8D9J7_mono_0038,126.5,0.038,AH,3,Black,230,6286,314,1619,2745,271,1553,2799,323,1544,2769,366,1547,2701,516,1643,2687
1JCR8D9J7_mono_0039,121,0.04,EH,8,Black,231,5571,686,1676,2837,652,1648,2817,605,1695,2830,549,1708,2808,487,1713,2836
1JCR8D9J7_mono_0040,108.8,0.068,IH,11,Teal,232,6643,456,1726,2879,473,1773,2863,506,1688,2855,523,1661,2851,499,1658,2801
1JCR8D9J7_mono_0041,90.2,0.15,AW,5,Olive,233,5214,632,1518,2689,724,1410,2629,776,1288,2436,764,1203,2329,704,1118,2279
1JCR8D9J7_mono_0042,148,0.078,AY,7,Magenta,234,5571,580,1505,2612,639,1458,2614,668,1458,2732,656,1456,2787,626,1425,2610
1JCR8D9J7_mono_0043,112.5,0.058,UH,16,Silver,235,5214,502,1190,2656,493,1259,2671,472,1297,2593,474,1395,2457,446,1374,2439
1JCR8D9J7_mono_0044,96.1,0.048,IH,11,Teal,236,6286,418,1327,1934,437,1403,1904,466,1482,1961,470,1535,1937,486,1590,1984
1JCR8D9J7_mono_0045,113.4,0.048,AY,7,Magenta,237,6286,537,1648,2400,514,1808,2493,439,1953,2541,424,2125,2608,396,2051,2638
1JCR8D9J7_mono_0046,117.8,0.07,AE,2,Blue,238,5929,569,1572,2594,624,1559,2645,634,1552,2606,601,1561,2537,578,1579,2526
1JCR8D9J7_mono_0047,133.1,0.15,EY,10,Purple,239,4500,409,1098,2066,406,1051,2129,399,1134,2171,399,1034,2146,399,1035,1972
1JCR8D9J7_mono_0048,104.9,0.15,AH,3,Black,240,5929,472,1469,2672,498,1410,2706,516,1249,2770,545,1148,2864,481,1112,2599
1JCR8D9J7_mono_0049,114.9,0.078,UW,17,Cyan,241,5571,395,1260,2918,391,1236,2467,372,1180,2466,346,1152,2383,336,1100,2378
1JCR8D9J7_mono_0050,116.9,0.09,EY,10,Purple,242,5214,483,1565,2144,482,1592,2214,483,1644,2258,487,1652,2326,488,1642,2495
1JCR8D9J7_mono_0051,112.9,0.078,AE,2,Blue,243,6286,602,1600,2653,612,1591,2629,606,1590,2673,587,1583,2586,533,1532,2545
1JCR8D9J7_mono_0052,107.7,0.06,EY,10,Purple,244,4857,442,782,2094,444,799,2250,438,823,2318,425,954,2216,393,887,2272
1JCR8D9J7_mono_0053,108.5,0.06,EH,8,Black,245,7000,609,1307,2633,611,1397,3158,591,1483,3066,556,1589,3151,511,1628,3049
1JCR8D9J7_mono_0054,112,0.048,AH,3,Black,246,6286,471,1808,3250,462,1668,3295,452,1701,3201,438,1629,2914,401,1531,2769
1JCR8D9J7_mono_0055,102.7,0.058,IH,11,Teal,247,6643,415,1321,2748,405,1237,2779,388,1192,2801,378,1236,2793,367,1222,2711
1JCR8D9J7_mono_0056,103.9,0.05,AH,3,Black,248,5214,477,1411,2669,468,1482,2647,454,1423,2616,422,1352,2600,405,1402,2615
1JCR8D9J7_mono_0057,110.9,0.1,AW,5,Olive,249,5929,614,1047,2418,651,1072,2500,638,1076,3157,606,1127,2972,582,1251,2677
1JCR8D9J7_mono_0058,96.4,0.05,AH,3,Black,250,7000,639,1576,3351,374,1394,3369,370,1330,3437,360,1323,3407,352,1274,3403
1JCR8D9J7_mono_0059,109.5,0.098,EY,10,Purple,251,5571,528,1647,2364,495,1797,2511,475,1985,2518,488,2036,2489,519,1868,2517
1JCR8D9J7_mono_0060,89.9,0.09,ER,9,Lime,252,7000,494,1539,2781,498,1471,2532,497,1463,2570,497,1519,2735,373,1512,2864
1JCR8D9J7_mono_0061,70.4,0.11,AA,1,Red,253,4500,627,1269,1390,626,949,1226,683,970,1196,687,944,1169,673,1186,1524
1JCR8D9J7_mono_0062,109.6,0.068,AY,7,Magenta,254,6643,678,1412,2826,643,1480,2845,611,1536,2825,548,1569,2848,514,1584,2799
1JCR8D9J7_mono_0063,125.1,0.12,AA,1,Red,255,7000,588,1217,2797,660,1173,2833,686,1152,2751,662,1146,2727,585,1127,2691
1JCR8D9J7_mono_0064,125.2,0.1,AY,7,Magenta,256,7000,651,1221,2582,708,1344,2632,702,1483,2780,657,1585,2834,616,1639,2855
1JCR8D9J7_mono_0065,119.1,0.07,AH,3,Black,257,7000,589,1602,2747,593,1568,2871,545,1481,2838,485,1333,2598,476,1270,2482
1JCR8D9J7_mono_0066,119.3,0.058,ER,9,Lime,258,6643,549,1528,2929,548,1579,2943,518,1572,2973,504,1602,2940,446,1588,3142
1JCR8D9J7_mono_0067,113.2,0.05,AO,4,Green,259,5214,468,1237,1963,473,1158,1958,477,1125,1995,487,1105,1914,516,1142,1886
1JCR8D9J7_mono_0068,106.4,0.058,AH,3,Black,260,6643,468,1734,2544,466,1766,2410,437,1820,2482,396,1765,2412,376,1587,2092
1JCR8D9J7_mono_0069,112.2,0.15,AE,2,Blue,261,4857,667,1352,1912,716,1324,2089,693,1333,2221,656,1324,2301,550,1278,2329
1JCR8D9J7_mono_0070,171.6,0.148,AH,3,Black,262,6286,455,1518,2991,470,1650,2846,458,1900,2828,420,2113,2923,393,2091,2877
1JCR8D9J7_mono_0071,121.6,0.05,OW,14,Maroon,263,5214,424,1065,2348,428,1061,2404,427,1106,2429,447,1180,2442,454,1257,2514
1JCR8D9J7_mono_0072,116.8,0.08,IH,11,Teal,264,5214,373,1501,2653,366,1517,2694,317,1535,2686,322,1543,2699,319,1497,2826
1JCR8D9J7_mono_0073,108.9,0.1,EY,10,Purple,265,7000,440,1756,2740,425,1888,2767,415,2022,2796,397,2169,2919,358,2059,2889
1JCR8D9J7_mono_0074,103.7,0.038,AH,3,Black,266,4857,479,1072,2229,478,942,2235,503,919,2177,526,911,2151,533,913,2207
1JCR8D9J7_mono_0075,94.5,0.03,AH,3,Black,267,5929,497,1013,2106,490,1044,2137,487,1063,2236,484,1104,2480,460,1114,2519
1JCR8D9J7_mono_0076,97.1,0.108,AO,4,Green,268,5929,510,918,2724,523,847,2637,506,852,2777,489,846,2751,506,929,2979
1JCR8D9J7_mono_0077,96.5,0.03,AH,3,Black,269,7000,526,1421,2834,519,1461,2847,504,1501,2851,481,1525,2863,441,1533,2852
1JCR8D9J7_mono_0078,71.9,0.098,UW,17,Cyan,270,5571,387,1697,2556,398,1653,2796,410,1550,2386,406,1499,2529,409,1459,2551
1JCR8D9J7_mono_0079,108.1,0.028,AH,3,Black,271,5571,436,1321,2665,471,1375,2662,471,1419,2703,477,1508,2689,472,1586,2680
1JCR8D9J7_mono_0080,117.7,0.07,EY,10,Purple,272,5929,473,1823,2714,465,1822,2699,459,1811,2613,465,1795,2507,464,1486,2324
1JCR8D9J7_mono_0081,118.1,0.05,ER,9,Lime,273,5214,487,1200,1941,502,1280,1879,524,1330,1909,558,1389,1907,574,1413,1886
1JCR8D9J7_mono_0082,159.7,0.17,AW,5,Olive,274,5929,624,1418,2100,732,1293,2276,737,1252,2406,730,1189,2510,642,1201,2502
1JCR8D9J7_mono_0083,112.8,0.06,AH,3,Black,275,5571,498,1322,2744,497,1288,2761,495,1301,2757,477,1288,2768,445,1209,2820
1JCR8D9J7_mono_0084,80,0.12,OW,14,Maroon,276,4500,513,1009,2612,530,1031,2650,516,992,2590,493,951,2538,502,906,2547
1JCR8D9J7_mono_0085,118.9,0.03,AH,3,Black,277,5929,479,1907,2631,454,1927,2629,428,1930,2627,377,1830,2566,291,1687,2685
1JCR8D9J7_mono_0086,129.4,0.1,AE,2,Blue,278,6643,569,1675,2190,658,1561,2217,682,1551,2235,644,1635,2372,550,1641,2411
1JCR8D9J7_mono_0087,97,0.108,OW,14,Maroon,279,5929,486,1462,2138,516,1243,2188,501,1135,2227,439,1124,2177,388,1136,2169
1JCR8D9J7_mono_0088,119.2,0.03,IH,11,Teal,280,6286,508,1633,2401,514,1624,2457,515,1572,2443,502,1556,2437,497,1590,2474
1JCR8D9J7_mono_0089,126.1,0.06,AH,3,Black,281,5571,612,1019,2497,661,1128,2453,655,1170,2431,650,1257,2458,630,1356,2491
1JCR8D9J7_mono_0090,105.8,0.078,EY,10,Purple,282,5571,512,1815,2682,548,1870,2661,531,1922,2649,529,1984,2643,547,2018,2600
1JCR8D9J7_mono_0091,94.6,0.058,EH,8,Black,283,5214,590,1913,2534,600,1836,2483,644,1807,2477,650,1777,2434,619,1749,2437
1JCR8D9J7_mono_0092,91.7,0.04,ER,9,Lime,284,5214,470,1909,2593,472,1926,2549,469,1912,2552,464,1918,2554,451,1938,2581
1JCR8D9J7_mono_0093,92.2,0.108,IY,13,Pink,285,5929,385,2097,2917,403,2087,2823,432,2099,2846,470,2066,2719,515,2036,2685
1JCR8D9J7_mono_0094,116.4,0.048,AY,7,Magenta,286,6286,709,1557,2560,705,1565,2545,742,1579,2535,767,1595,2482,774,1612,2488
1JCR8D9J7_mono_0095,140.5,0.078,AE,2,Blue,287,6286,877,1403,2294,844,1398,2345,833,1391,2353,806,1359,2323,766,1334,2292
1JCR8D9J7_mono_0096,125.3,0.068,AE,2,Blue,288,6643,677,1239,2385,700,1274,2405,712,1293,2433,668,1369,2423,580,1405,2380
1JCR8D9J7_mono_0097,103.5,0.14,AH,3,Black,289,7000,580,1433,2775,621,1467,2740,605,1527,2838,544,1517,2689,448,1484,2605
1JCR8D9J7_mono_0098,114.3,0.12,AE,2,Blue,290,7000,539,1832,2729,647,1678,2631,683,1558,2470,706,1538,2381,637,1559,2298
1JCR8D9J7_mono_0099,104.4,0.12,UW,17,Cyan,291,5214,443,1452,1506,467,1377,1936,482,1297,1997,481,1113,2025,484,997,1971
1JCR8D9J7_mono_0100,124,0.1,AY,7,Magenta,292,5929,682,1288,2632,649,1327,2628,631,1388,2588,570,1528,2572,480,1636,2624
1JCR8D9J7_mono_0101,141.2,0.06,UH,16,Silver,293,4500,419,932,1698,427,916,1674,436,985,1657,423,984,1607,373,912,1569
1JCR8D9J7_mono_0102,162.9,0.068,AH,3,Black,294,5571,439,1455,2372,473,1494,2433,488,1511,2431,495,1512,2579,451,1612,2656
1JCR8D9J7_mono_0103,156.6,0.108,IY,13,Pink,295,5929,352,1841,2806,347,1980,2941,345,2181,3051,345,2354,3035,388,2308,2891
1JCR8D9J7_mono_0104,135.6,0.068,AH,3,Black,296,5571,452,1525,2625,476,1453,2547,468,1311,2486,443,1108,2316,449,997,2360
1JCR8D9J7_mono_0105,130.2,0.058,IH,11,Teal,297,5214,504,1233,2374,515,1407,2390,522,1520,2409,501,1523,2428,435,1614,2548
1JCR8D9J7_mono_0106,107.9,0.17,OW,14,Maroon,298,5929,557,1289,2734,566,1104,2517,545,1010,2485,482,1006,2488,447,1137,2654
1JCR8D9J7_mono_0107,132.1,0.038,OW,14,Maroon,299,4857,502,924,2323,502,940,2325,498,949,2347,514,960,2336,519,961,2300
1JCR8D9J7_mono_0108,137.5,0.09,AY,7,Magenta,300,7000,630,1151,2415,698,1299,2482,663,1438,2617,585,1492,2576,562,1542,2544
1JCR8D9J7_mono_0109,106.9,0.158,OW,14,Maroon,301,6286,499,907,2595,529,892,2597,539,895,2651,524,918,2664,516,1096,2660
1JCR8D9J7_mono_0110,0,0.028,AH,3,Black,302,4857,576,1552,2264,535,1560,2227,517,1555,2227,546,1503,2249,508,1491,2325
1JCR8D9J7_mono_0111,118.3,0.17,OW,14,Maroon,303,5929,474,1211,2314,480,1041,2313,459,900,2327,430,844,2357,438,809,2368
1JCR8D9J7_mono_0112,135.1,0.08,ER,9,Lime,304,4857,463,1050,2356,497,1197,2227,513,1266,2108,538,1348,1914,560,1377,1883
1JCR8D9J7_mono_0113,127.6,0.068,ER,9,Lime,305,6643,503,1540,2835,493,1544,2863,468,1560,2826,437,1517,2784,387,1529,2738
1JCR8D9J7_mono_0114,122.2,0.04,AH,3,Black,306,5214,577,1136,2505,585,1105,2311,569,1058,2256,552,987,2262,484,904,2304
1JCR8D9J7_mono_0115,112.6,0.048,AH,3,Black,307,6286,590,1143,2636,580,1203,2616,568,1270,2615,553,1336,2609,524,1385,2593
1JCR8D9J7_mono_0116,102.1,0.168,EY,10,Purple,308,5214,532,1675,2644,536,1668,2561,533,1752,2547,507,1796,2535,497,1852,2554
1JCR8D9J7_mono_0117,114.4,0.04,AH,3,Black,309,7000,376,1762,2803,374,1768,2811,366,1745,2880,345,1775,2922,302,1808,2906
1JCR8D9J7_mono_0118,131,0.088,AE,2,Blue,310,6286,611,1556,2590,654,1495,2474,691,1466,2476,694,1490,2536,655,1526,2574
1JCR8D9J7_mono_0119,135.4,0.048,IH,11,Teal,311,6286,457,1742,2779,445,1838,2708,417,1902,2679,384,1986,2585,357,1842,2538
1JCR8D9J7_mono_0120,115.8,0.068,IH,11,Teal,312,5214,400,1739,2585,449,1704,2586,459,1711,2627,445,1700,2589,422,1677,2504
1JCR8D9J7_mono_0121,119,0.058,IH,11,Teal,313,5929,444,1521,2505,478,1526,2534,479,1480,2550,482,1426,2577,502,1319,2519
1JCR8D9J7_mono_0122,106.2,0.11,OW,14,Maroon,314,5571,500,1058,2528,469,887,2554,432,863,2515,409,695,2494,375,722,2461
1JCR8D9J7_mono_0123,114.3,0.058,AH,3,Black,315,5929,438,1129,2448,461,1351,2420,452,1355,2534,442,1458,2659,380,1460,2599
1JCR8D9J7_mono_0124,95.4,0.05,AE,2,Blue,316,5214,544,1566,2645,557,1538,2635,594,1544,2664,575,1568,2623,570,1594,2598
1JCR8D9J7_mono_0125,92.7,0.068,UW,17,Cyan,317,5571,453,1820,2434,476,1841,2538,462,1733,2303,443,1451,2353,442,1402,2218
1JCR8D9J7_mono_0126,114,0.04,IH,11,Teal,318,7000,462,1475,2874,453,1465,2792,445,1583,2781,411,1606,2946,376,1582,2826
1JCR8D9J7_mono_0127,148,0.05,EH,8,Black,319,5214,512,1505,2892,575,1302,2459,584,1268,2438,597,1228,2411,593,1170,2456
1JCR8D9J7_mono_0128,120.5,0.118,AA,1,Red,320,6286,668,934,3278,677,922,3069,691,959,2958,689,1016,2980,678,1090,2791
1JCR8D9J7_mono_0129,148.3,0.058,IY,13,Pink,321,5214,453,1553,2668,442,1602,2647,436,1845,2688,409,1759,2569,417,1573,2424
1JCR8D9J7_mono_0130,122.6,0.06,AW,5,Olive,322,7000,726,1142,3710,683,1063,1983,669,1066,1986,666,1105,2060,672,1177,3066
1JCR8D9J7_mono_0131,94.4,0.05,AE,2,Blue,323,6643,670,1474,3284,653,1486,3285,645,1527,3403,654,1592,3453,629,1617,3552
1JCR8D9J7_mono_0132,81.2,0.06,AE,2,Blue,324,7000,600,1459,3260,632,1461,3095,656,1460,2955,667,1472,2896,621,1428,2693
1JCR8D9J7_mono_0133,82.3,0.108,AY,7,Magenta,325,5214,711,1309,1380,695,1293,1496,669,1352,1690,593,1308,1644,542,1498,1583
1JCR8D9J7_mono_0134,149.6,0.08,AE,2,Blue,326,5214,749,1341,2447,771,1329,2406,758,1351,2311,765,1373,2294,701,1365,2223
1JCR8D9J7_mono_0135,144.5,0.038,ER,9,Lime,327,6286,404,1619,3075,428,1637,2998,442,1651,2938,448,1666,2940,444,1676,2936
1JCR8D9J7_mono_0136,137.3,0.05,AH,3,Black,328,7000,439,1660,2954,439,1646,2909,441,1623,2910,444,1632,2960,422,1683,2952
1JCR8D9J7_mono_0137,140.4,0.08,UW,17,Cyan,329,5214,326,1562,2325,324,1444,2286,319,1287,2195,320,1107,2255,300,995,2285
1JCR8D9J7_mono_0138,129.6,0.098,AY,7,Magenta,330,5214,579,1200,2347,609,1376,2326,594,1539,2345,530,1649,2408,471,1784,2508
1JCR8D9J7_mono_0139,133.2,0.038,AH,3,Black,331,5929,507,1229,2489,529,1239,2324,546,1272,2433,539,1275,2517,489,1229,2615
1JCR8D9J7_mono_0140,119.9,0.03,IH,11,Teal,332,5929,374,1831,2780,376,1939,2677,385,2070,2691,412,2227,2731,441,2313,2703
1JCR8D9J7_mono_0141,120.1,0.128,EY,10,Purple,333,5571,448,1922,2635,470,2096,2743,452,2137,2813,373,2240,2844,338,2364,2737
1JCR8D9J7_mono_0142,124.5,0.11,IY,13,Pink,334,6286,362,2383,2756,364,2287,2893,379,2274,2887,431,2261,2723,489,2076,2694
1JCR8D9J7_mono_0143,103.7,0.09,EH,8,Black,335,5571,537,2067,2722,592,1679,2504,577,1707,2471,544,1762,2486,465,1630,2409
1JCR8D9J7_mono_0144,185.3,0.118,EY,10,Purple,336,5571,439,2085,2701,431,2209,2730,418,2229,2798,416,2273,2762,421,2051,2521
1JCR8D9J7_mono_0145,117.5,0.15,AY,7,Magenta,337,5214,707,1281,2368,701,1313,2406,695,1317,2377,644,1427,2448,523,1410,2339
1JCR8D9J7_mono_0146,113.5,0.108,AA,1,Red,338,5929,603,863,2257,624,932,2190,651,1042,2060,656,1160,2054,608,1288,2119
1JCR8D9J7_mono_0147,126.9,0.098,ER,9,Lime,339,4857,465,1126,1614,474,1170,1631,477,1242,1649,432,1330,1698,377,1381,1692
1JCR8D9J7_mono_0148,125.8,0.048,IH,11,Teal,340,5571,354,1832,2593,371,1958,2514,365,1855,2556,359,1824,2593,350,1653,2586
1JCR8D9J7_mono_0149,92.4,0.058,AH,3,Black,341,5929,438,1288,2439,479,1360,2597,477,1199,2307,416,1055,2250,336,993,1954
1JCR8D9J7_mono_0150,115.2,0.038,AA,1,Red,342,4857,693,990,2432,700,1014,2388,699,1057,2415,668,1090,2403,656,1129,2323
1JCR8D9J7_mono_0151,109,0.068,AH,3,Black,343,5214,561,1576,2577,538,1684,2472,492,1765,2327,419,1922,2363,372,1719,2052
1JCR8D9J7_mono_0152,167.7,0.048,IH,11,Teal,344,5571,376,930,2626,389,1247,2642,385,1798,2728,375,1746,2711,340,1689,2696
1JCR8D9J7_mono_0153,128.2,0.078,UW,17,Cyan,345,5571,385,1616,2418,414,1477,2364,434,1287,2382,443,1196,2409,422,1166,2426
1JCR8D9J7_mono_0154,116.4,0.128,AY,7,Magenta,346,6643,713,1119,2651,740,1196,2690,734,1341,2777,726,1469,3195,695,1484,3272
1JCR8D9J7_mono_0155,110.1,0.058,AA,1,Red,347,5214,640,1403,2179,620,1392,2205,594,1393,2206,592,1397,2206,565,1417,2248
1JCR8D9J7_mono_0156,112.5,0.048,AH,3,Black,348,5571,478,1482,2458,486,1495,2442,485,1525,2441,478,1585,2368,456,1597,2344
1JCR8D9J7_mono_0157,125.2,0.06,UW,17,Cyan,349,5571,352,1243,2144,372,1401,2220,383,1439,2299,386,1472,2353,395,1522,2384
1JCR8D9J7_mono_0158,109.7,0.068,ER,9,Lime,350,6643,418,1614,2908,431,1651,2985,430,1685,2974,425,1804,3037,424,1890,3108
1JCR8D9J7_mono_0159,110.7,0.058,EH,8,Black,351,5214,449,1718,2719,491,1611,2660,564,1524,2465,586,1430,2435,583,1337,2533
1JCR8D9J7_mono_0160,105.3,0.07,IH,11,Teal,352,5929,549,1359,3062,522,1396,2793,486,1421,2758,470,1490,2588,452,1598,2477
1JCR8D9J7_mono_0161,141,0.22,UW,17,Cyan,353,4500,402,1494,2311,367,1101,2334,351,911,2349,314,855,2021,297,829,1933
1JCR8D9J7_mono_0162,133.2,0.26,UW,17,Cyan,354,5214,343,1411,2360,421,1248,2466,386,1082,2538,368,973,2439,364,874,2448
1JCR8D9J7_mono_0163,119.5,0.068,AY,7,Magenta,355,6643,503,1292,2454,515,1500,2513,483,1797,2530,441,2295,2623,375,2347,2702
1JCR8D9J7_mono_0164,134.9,0.048,IH,11,Teal,356,5571,396,1836,2510,404,1807,2443,414,1827,2360,420,1664,2299,429,1379,2316
1JCR8D9J7_mono_0165,123.8,0.088,AH,3,Black,357,5929,433,922,2478,472,1064,2530,477,1214,2573,458,1307,2626,395,1398,2667
1JCR8D9J7_mono_0166,111.5,0.148,AH,3,Black,358,5571,445,1352,2658,497,1362,2681,518,1386,2675,476,1411,2611,443,1404,2601
1JCR8D9J7_mono_0167,128.3,0.098,AW,5,Olive,359,5571,631,1258,2562,672,1147,2476,661,1114,2372,632,1095,2127,600,1118,1967
1JCR8D9J7_mono_0168,123.3,0.05,AH,3,Black,360,5214,546,1380,2541,562,1398,2568,558,1407,2590,587,1432,2594,642,1394,2629
1JCR8D9J7_mono_0169,111.3,0.058,EH,8,Black,361,5214,586,1422,2481,584,1482,2457,559,1523,2449,538,1595,2446,504,1699,2416
1JCR8D9J7_mono_0170,99.5,0.1,AE,2,Blue,362,5929,567,1438,2594,618,1472,2651,623,1412,2805,581,1414,2670,558,1305,2444
1JCR8D9J7_mono_0171,123.7,0.058,AH,3,Black,363,5214,565,1280,2560,600,1257,2423,602,1228,2392,582,1182,2319,509,1111,2286
1JCR8D9J7_mono_0172,109.9,0.09,IY,13,Pink,364,5214,366,2123,3001,360,2153,3046,348,2330,3048,345,2097,2984,332,2244,2980
1JCR8D9J7_mono_0173,117.7,0.1,AY,7,Magenta,365,7000,781,1389,3468,778,1526,3300,752,1623,2955,663,1817,2896,549,1851,2690
1JCR8D9J7_mono_0174,154.7,0.11,AE,2,Blue,366,5571,572,1516,2690,659,1460,2517,711,1397,2511,688,1285,2482,665,1241,2300
1JCR8D9J7_mono_0175,139.1,0.08,AH,3,Black,367,5214,644,1214,2259,639,1226,2316,603,1235,2299,576,1292,2311,558,1379,2377
1JCR8D9J7_mono_0176,128,0.088,ER,9,Lime,368,6643,428,1525,3037,452,1518,3068,464,1518,3111,488,1539,3071,475,1541,3116
1JCR8D9J7_mono_0177,116.7,0.038,AH,3,Black,369,6286,481,1573,3050,483,1579,2995,457,1594,2993,393,1592,2964,332,1668,2892
1JCR8D9J7_mono_0178,102.1,0.158,IY,13,Pink,370,5929,397,2355,2912,364,2293,3002,363,2333,2962,404,2121,2623,421,1554,2433
1JCR8D9J7_mono_0179,146.3,0.05,AH,3,Black,371,4500,448,1671,2778,443,1552,2787,442,1560,2775,432,1541,2773,389,1586,2640
1JCR8D9J7_mono_0180,140.6,0.07,AH,3,Black,372,4500,427,990,1631,439,1018,1636,435,1184,1681,426,1423,1925,389,1343,1796
1JCR8D9J7_mono_0181,104.6,0.138,IY,13,Pink,373,5214,396,1867,2861,409,1986,2876,396,2000,2826,407,2037,2707,411,1762,2646
1JCR8D9J7_mono_0182,117.3,0.09,AA,1,Red,374,5214,618,944,2233,638,1028,2259,649,1120,2291,648,1218,2313,625,1348,2313
1JCR8D9J7_mono_0183,111.5,0.06,AH,3,Black,375,6286,424,1900,2758,414,1878,2764,398,2219,2814,387,2270,2878,354,2287,3007
1JCR8D9J7_mono_0184,127.3,0.048,EH,8,Black,376,5571,433,1895,2732,498,1690,2651,517,1565,2646,523,1415,2592,522,1296,2603
1JCR8D9J7_mono_0185,128.8,0.068,OW,14,Maroon,377,5214,503,1094,2681,502,1064,2684,484,1041,2668,434,1012,2656,383,944,2642
1JCR8D9J7_mono_0186,116.6,0.078,UW,17,Cyan,378,6643,397,1206,2567,411,1219,2513,425,1280,2457,431,1352,2367,425,1496,2321
1JCR8D9J7_mono_0187,88.1,0.058,IH,11,Teal,379,5929,430,2155,2676,442,2119,2637,459,1978,2656,474,1875,2639,457,1838,2639
1JCR8D9J7_mono_0188,115.3,0.038,AH,3,Black,380,5929,646,1015,2611,461,964,2609,451,965,2588,454,954,2594,458,952,2612
1JCR8D9J7_mono_0189,103.5,0.06,IH,11,Teal,381,4857,431,1456,2630,431,1453,2589,449,1489,2582,460,1472,2568,466,1454,2514
1JCR8D9J7_mono_0190,97.4,0.06,AH,3,Black,382,4857,538,1384,2426,574,1356,2425,586,1322,2366,569,1229,2335,510,1215,2365
1JCR8D9J7_mono_0191,96.2,0.09,AW,5,Olive,383,7000,810,1214,3603,718,1112,3341,658,1053,3382,635,1040,2201,611,1022,1778
1JCR8D9J7_mono_0192,89.8,0.088,ER,9,Lime,384,6286,543,1026,1710,546,1093,1666,539,1175,1717,542,1263,1828,540,1313,1885
1JCR8D9J7_mono_0193,79.2,0.07,AY,7,Magenta,385,7000,732,1191,4435,772,1249,4335,808,1280,4187,797,1295,4251,739,1303,1785
1JCR8D9J7_mono_0194,142.4,0.04,IH,11,Teal,386,7000,423,1468,3233,426,1534,3224,432,1568,3225,440,1614,3203,459,1661,3190
1JCR8D9J7_mono_0195,123.6,0.028,AO,4,Green,387,5571,491,864,2513,492,851,2505,502,872,2495,511,901,2471,513,939,2440
1JCR8D9J7_mono_0196,84.7,0.048,IH,11,Teal,388,5571,547,1682,2501,533,1640,2497,541,1729,2629,523,1795,2625,506,1890,2639
1JCR8D9J7_mono_0197,97.9,0.1,AA,1,Red,389,7000,662,999,3782,651,972,3516,653,966,3497,656,1006,3306,625,1094,2990
1JCR8D9J7_mono_0198,134.3,0.068,AH,3,Black,390,5214,509,1367,2302,518,1392,2390,510,1373,2371,519,1454,2578,440,1348,2494
1JCR8D9J7_mono_0199,161.9,0.098,IY,13,Pink,391,4500,439,1041,1708,420,1052,2057,377,558,2031,285,575,2091,218,594,2130
1JCR8D9J7_mono_0200,106.6,0.048,AA,1,Red,392,5571,639,1176,2488,645,1186,2231,645,1207,2293,607,1192,2355,561,1204,2311
1JCR8D9J7_mono_0201,102.9,0.06,AH,3,Black,393,4857,475,1231,2520,453,1100,2208,406,990,1850,400,814,1272,375,740,1034
1JCR8D9J7_mono_0202,89.8,0.118,ER,9,Lime,394,5571,456,1017,2015,471,1185,1738,493,1290,1726,482,1294,1622,454,1259,1586
25DM30Y18_mono_0001,108.3,0.038,OW,14,Maroon,395,4857,374,1371,2972,383,1391,2935,390,1422,2908,384,1427,2936,375,1434,2938
25DM30Y18_mono_0002,122.6,0.06,IH,11,Teal,396,4857,386,1628,2898,400,1650,2935,409,1662,2954,400,1737,2945,366,1741,3071
25DM30Y18_mono_0003,114,0.03,AO,4,Green,397,4500,351,887,1479,345,891,1583,351,925,1629,350,967,1468,354,1002,1485
25DM30Y18_mono_0004,169.4,0.04,IH,11,Teal,398,7000,409,1894,3183,414,1855,3140,394,1934,3008,403,2107,2903,408,2138,2908
25DM30Y18_mono_0005,167.8,0.08,AY,7,Magenta,399,4500,318,1368,1956,345,1255,1956,374,1215,1832,343,1447,1789,333,1084,1687
25DM30Y18_mono_0006,114.3,0.038,OW,14,Maroon,400,5929,385,923,3123,379,928,3028,344,901,2951,328,889,2808,341,916,2369
25DM30Y18_mono_0007,0,0.038,AH,3,Black,401,6286,468,1168,2871,448,1244,2884,549,1255,2861,444,1220,2866,385,1193,2832
25DM30Y18_mono_0008,66.8,0.1,EY,10,Purple,402,6643,450,1572,2945,427,1942,2859,406,2225,2895,378,2323,2908,374,2579,2913
25DM30Y18_mono_0009,99.9,0.048,AE,2,Blue,403,5571,881,2013,3019,844,1984,2891,912,2011,2942,853,2016,2926,696,1954,2871
25DM30Y18_mono_0010,87.9,0.108,AY,7,Magenta,404,5929,943,1743,2898,994,1756,2967,899,1763,2755,840,1857,2599,738,2127,2897
25DM30Y18_mono_0011,84.2,0.088,IH,11,Teal,405,6643,503,2157,2929,471,2226,2919,381,2304,2937,359,2250,2983,343,2117,2917
25DM30Y18_mono_0012,112.4,0.058,IY,13,Pink,406,5929,310,2651,2960,325,2723,3179,334,2666,3153,337,2614,3102,331,2377,3012
25DM30Y18_mono_0013,124.9,0.028,IY,13,Pink,407,5571,343,2011,3068,353,1938,2976,370,1944,2933,370,1929,2863,373,1920,2838
25DM30Y18_mono_0014,139.9,0.06,IY,13,Pink,408,5571,372,2065,2933,347,2226,2922,316,2205,2891,334,2299,2927,289,2155,2987
25DM30Y18_mono_0015,95.1,0.05,AH,3,Black,409,4500,350,1029,1659,358,1091,1710,369,1146,1556,375,1279,1360,320,1231,1420
25DM30Y18_mono_0016,93.7,0.058,AY,7,Magenta,410,5214,678,1574,2855,653,1621,2662,653,1721,2807,532,1919,2830,413,1824,2811
25DM30Y18_mono_0017,86.8,0.048,OW,14,Maroon,411,4857,314,1307,2380,484,1281,2780,537,1207,2555,608,1186,2605,558,1155,2578
25DM30Y18_mono_0018,79.9,0.12,AA,1,Red,412,5214,531,1086,2713,835,1041,2744,877,1055,2725,883,1235,2731,929,1344,2913
25DM30Y18_mono_0019,72.9,0.03,AH,3,Black,413,6286,421,1663,2833,397,1680,2837,372,1734,2872,359,1745,2879,335,1739,2962
25DM30Y18_mono_0020,57.2,0.028,EH,8,Black,414,5571,460,1611,2057,468,1681,2250,387,1626,2415,331,1420,2201,148,1374,2203
25DM30Y18_mono_0021,63.5,0.038,ER,9,Lime,415,4857,375,1637,2373,296,1906,2752,187,1822,2696,321,1769,2618,254,1617,2492
25DM30Y18_mono_0022,170.1,0.098,EY,10,Purple,416,5571,392,1803,2253,378,1847,2415,383,2123,2440,377,2333,2662,342,2360,2581
25DM30Y18_mono_0023,68,0.03,AA,1,Red,417,4500,439,1448,1797,536,1316,1723,636,1359,1765,369,1405,1716,505,1311,1651
25DM30Y18_mono_0024,84.7,0.138,AY,7,Magenta,418,5214,558,1813,2025,596,1829,2455,336,1796,2560,367,2330,2538,345,2320,2771
25DM30Y18_mono_0025,83,0.028,AY,7,Magenta,419,5214,428,1462,1796,440,1456,2199,388,1505,2517,380,1427,2534,357,1511,2542
25DM30Y18_mono_0026,111.5,0.08,AA,1,Red,420,5929,387,1245,2275,389,1241,2341,369,1239,2499,402,1212,2813,371,1096,2689
25DM30Y18_mono_0027,134.4,0.028,AH,3,Black,421,4857,373,1070,2569,381,1086,2569,389,1104,2582,398,1107,2532,394,1083,2564
25DM30Y18_mono_0028,148.7,0.07,AY,7,Magenta,422,4500,409,1135,1401,397,1215,1417,384,1313,1623,387,1318,1768,374,1299,1750
25DM30Y18_mono_0029,112.4,0.088,EH,8,Black,423,6286,396,1472,3030,391,1381,2962,387,1395,2952,368,1401,3009,430,1374,3030
25DM30Y18_mono_0030,89.3,0.14,AE,2,Blue,424,6286,370,1355,2374,570,1392,2410,470,1360,2442,530,1298,2492,397,1261,2587
25DM30Y18_mono_0031,97.2,0.098,AA,1,Red,425,4500,165,1242,1686,205,1270,1846,189,1285,1811,203,1335,1604,198,1394,1981
25DM30Y18_mono_0032,89.3,0.098,AH,3,Black,426,5214,367,1955,2842,353,1991,2828,380,1995,2831,395,1813,2864,352,1797,2841
25DM30Y18_mono_0033,88.9,0.118,AE,2,Blue,427,6286,509,1331,2003,533,1328,1963,562,1285,1831,486,1363,1945,447,1442,1956
25DM30Y18_mono_0034,97.4,0.05,AH,3,Black,428,5214,407,1075,2987,442,1182,2955,510,1275,2935,507,1364,2894,528,1428,2932
25DM30Y18_mono_0035,94.7,0.04,EH,8,Black,429,5571,422,1715,2823,409,1721,2649,463,1721,2476,460,1636,2411,417,1473,2336
25DM30Y18_mono_0036,100.2,0.04,ER,9,Lime,430,4500,387,1327,1768,374,1357,1790,356,1461,1849,271,1524,1826,238,1500,1941
25DM30Y18_mono_0037,84.4,0.09,ER,9,Lime,431,5214,389,1485,1770,401,1430,1722,414,1405,1670,404,1282,1638,382,1173,1770
25DM30Y18_mono_0038,84,0.12,IY,13,Pink,432,4500,360,1391,2835,346,1019,2822,361,1240,2797,348,934,2798,341,1079,2730
25DM30Y18_mono_0039,78.4,0.22,IH,11,Teal,433,5929,416,2320,3158,383,2371,3089,422,2225,3041,437,2148,2999,401,2119,2941
25DM30Y18_mono_0040,89.5,0.178,AE,2,Blue,434,5929,820,1950,2976,732,2057,3090,656,2135,3183,745,1939,3150,535,1928,3156
25DM30Y18_mono_0041,96.7,0.04,EH,8,Black,435,7000,534,2004,3005,365,1943,3079,370,1955,3098,390,2041,3054,406,2015,3005
25DM30Y18_mono_0042,82.6,0.06,IH,11,Teal,436,7000,416,1899,2985,429,1964,2999,432,1958,3059,415,1942,3044,432,1906,3028
25DM30Y18_mono_0043,67.8,0.098,AW,5,Olive,437,5214,503,1838,2634,559,1823,2484,1039,1533,2305,1056,1534,2331,994,1371,2354
25DM30Y18_mono_0044,110.4,0.098,AY,7,Magenta,438,5571,752,1482,2677,1010,1582,2521,990,1518,2529,832,1660,2770,719,1548,2920
25DM30Y18_mono_0045,140.8,0.06,UH,16,Silver,439,4500,359,1048,1337,368,1111,1355,365,1079,1337,342,1015,1334,334,1087,1365
25DM30Y18_mono_0046,101.1,0.32,IH,11,Teal,440,4500,325,2166,2556,365,2012,2432,363,1878,2325,353,1924,2282,379,1943,2411
25DM30Y18_mono_0047,86.8,0.04,AY,7,Magenta,441,5214,490,1779,3052,462,1847,3044,415,1905,3001,381,2061,2929,364,2074,2924
25DM30Y18_mono_0048,85,0.15,AE,2,Blue,442,5214,820,1698,2521,1016,1688,2509,859,1693,2442,965,1724,2457,870,1789,2808
25DM30Y18_mono_0049,90.1,0.1,EY,10,Purple,443,6286,377,2377,3414,361,2436,3520,354,2389,3503,376,2368,3471,373,2255,3237
25DM30Y18_mono_0050,112.7,0.058,AH,3,Black,444,6643,382,1710,2969,367,1654,2981,348,1561,3143,347,1495,3203,344,1424,3226
25DM30Y18_mono_0051,104.7,0.11,UW,17,Cyan,445,5571,309,1287,2634,302,1266,2536,300,1250,2657,307,1208,2597,273,1128,2628
25DM30Y18_mono_0052,86.5,0.128,EY,10,Purple,446,5214,389,1850,2270,353,1946,2442,346,1973,2459,360,2287,2541,366,2131,2904
25DM30Y18_mono_0053,83.8,0.05,EY,10,Purple,447,7000,347,2062,3458,343,2257,3326,333,2396,3316,322,2442,3132,308,2537,3182
25DM30Y18_mono_0054,80.4,0.028,UW,17,Cyan,448,4857,340,1687,2513,334,1641,2470,324,1498,2381,325,1658,2463,324,1779,2506
25DM30Y18_mono_0055,88,0.04,EH,8,Black,449,6286,436,1603,2144,386,1659,2183,379,1670,2279,350,1742,2474,312,1817,2462
25DM30Y18_mono_0056,95,0.08,AH,3,Black,450,4857,355,1917,3009,361,1923,2935,385,1879,2949,384,1871,2962,383,1874,2959
25DM30Y18_mono_0057,89.9,0.08,IH,11,Teal,451,4857,394,1912,3026,412,1943,2992,413,2022,2965,404,1984,2947,388,1958,2911
25DM30Y18_mono_0058,80.3,0.05,IH,11,Teal,452,5214,397,1781,2702,376,1797,2879,391,1785,2886,387,1769,2885,340,1787,2961
25DM30Y18_mono_0059,91.6,0.07,AW,5,Olive,453,4857,960,1292,1992,895,1303,2355,975,1365,2252,998,1423,2251,931,1402,2099
25DM30Y18_mono_0060,119.7,0.06,AH,3,Black,454,5571,404,1246,1544,375,1241,1576,365,1234,1617,347,1154,1701,334,1070,1722
25DM30Y18_mono_0061,114.2,0.08,EY,10,Purple,455,4500,346,1895,2129,361,1874,2351,351,1977,2365,345,1945,2377,348,2102,2341
25DM30Y18_mono_0062,110.2,0.08,ER,9,Lime,456,4857,392,1880,2602,365,1879,2374,342,1877,2417,361,1916,2438,355,1949,2466
25DM30Y18_mono_0063,106.5,0.2,AA,1,Red,457,7000,361,1577,3097,280,1429,3063,274,1450,3172,316,1533,3135,270,1671,3169
25DM30Y18_mono_0064,0,0.05,AY,7,Magenta,458,5929,409,1647,2427,1253,2049,2942,945,1927,2751,431,1911,2854,699,1964,2920
25DM30Y18_mono_0065,116.2,0.098,AA,1,Red,459,4857,492,1376,2410,566,1332,2554,571,1319,2552,534,1256,2553,502,1230,2593
25DM30Y18_mono_0066,107.4,0.11,AY,7,Magenta,460,6286,338,1372,2488,334,1560,2455,311,1719,2540,302,1760,2552,307,1811,2621
25DM30Y18_mono_0067,102.9,0.04,AH,3,Black,461,7000,384,1747,3489,369,1676,3479,339,1534,3362,311,1585,3351,252,1596,3478
25DM30Y18_mono_0068,109.6,0.03,AO,4,Green,462,6643,383,1202,2589,344,1017,2627,282,1007,2652,263,1072,2660,265,1138,2674
25DM30Y18_mono_0069,107.1,0.07,ER,9,Lime,463,4857,383,1797,2391,367,1817,2387,392,1890,2469,382,1831,2387,208,1832,2430
25DM30Y18_mono_0070,106.8,0.03,AO,4,Green,464,6286,370,1646,3243,381,1522,3292,340,1508,3320,329,1588,3363,320,1615,3351
25DM30Y18_mono_0071,82.7,0.078,AE,2,Blue,465,5571,339,1471,1952,386,1404,1958,393,1417,1846,420,1420,2123,387,1378,2344
25DM30Y18_mono_0072,84.1,0.088,AH,3,Black,466,6643,404,1325,3292,391,1352,3267,373,1396,3235,353,1458,3095,269,1558,3235
25DM30Y18_mono_0073,107.1,0.058,OW,14,Maroon,467,5214,314,1415,2880,324,1367,3020,359,1348,3105,357,1317,3096,350,1351,3182
25DM30Y18_mono_0074,97.7,0.088,EY,10,Purple,468,6643,381,2222,3141,379,2311,3155,389,2386,3131,380,2419,3084,355,2464,3076
25DM30Y18_mono_0075,96,0.06,AH,3,Black,469,5571,359,1450,2582,327,1283,2747,333,1117,2656,339,1076,2605,356,1021,2565
25DM30Y18_mono_0076,89.2,0.058,AH,3,Black,470,6643,387,1242,3165,393,1345,3193,420,1466,3176,415,1632,3114,400,1706,3177
25DM30Y18_mono_0077,0,0.058,AO,4,Green,471,6643,1075,1631,3218,1072,1834,3248,1060,1698,3257,1054,1845,3123,1056,1944,3009
25DM30Y18_mono_0078,81.7,0.028,AH,3,Black,472,5214,365,1490,1845,351,1531,1880,370,1642,1909,346,1793,2132,352,1811,2361
25DM30Y18_mono_0079,0,0.068,UW,17,Cyan,473,5214,354,1967,2510,368,1864,2434,393,1753,2478,360,1738,2823,366,1765,2779
25DM30Y18_mono_0080,93.8,0.038,EY,10,Purple,474,6286,425,1924,2693,426,1871,2425,425,1828,2334,437,1786,2225,452,1694,2054
25DM30Y18_mono_0081,106,0.09,AA,1,Red,475,5571,495,1057,2218,514,1036,2434,500,1040,2570,497,1044,2816,517,1000,3002
25DM30Y18_mono_0082,80.9,0.058,AW,5,Olive,476,5929,613,1216,2921,797,1265,2882,1004,1367,2756,976,1446,2817,1133,1397,2548
25DM30Y18_mono_0083,104.1,0.048,AH,3,Black,477,5571,729,1520,2688,719,1610,2762,574,1813,2783,380,1711,2836,283,1709,2810
25DM30Y18_mono_0084,92.9,0.07,EY,10,Purple,478,5929,430,2142,2847,427,2092,2754,432,2055,2637,449,1666,2516,435,1422,2358
25DM30Y18_mono_0085,81.8,0.1,ER,9,Lime,479,5929,465,1159,1936,489,1238,1906,547,1298,1929,582,1299,2009,613,1271,2014
25DM30Y18_mono_0086,0,0.028,OW,14,Maroon,480,5571,545,1262,2132,549,1144,2351,551,1127,2369,579,1107,2393,603,1128,2433
25DM30Y18_mono_0087,102.2,0.07,EY,10,Purple,481,4857,420,2078,2770,441,2090,2672,438,1999,2737,415,1984,2622,410,1657,2580
25DM30Y18_mono_0088,103.3,0.04,ER,9,Lime,482,7000,1157,2314,3886,1258,2151,3818,1386,2193,3701,1452,2118,3771,1566,1984,3597
25DM30Y18_mono_0089,127.5,0.158,AW,5,Olive,483,6286,1516,2105,3381,1513,2039,3321,1505,2008,3424,931,1895,3284,523,1422,2290
25DM30Y18_mono_0090,102.3,0.04,AH,3,Black,484,6643,509,1514,2257,492,1486,2337,454,1417,2433,428,1358,2451,363,1378,2444
25DM30Y18_mono_0091,77,0.098,OW,14,Maroon,485,5214,498,1116,2602,522,1136,2623,522,1123,2642,515,1125,2580,510,1140,2566
25DM30Y18_mono_0092,97.7,0.038,AH,3,Black,486,4857,380,1604,2560,386,1835,2542,383,1915,2532,353,1965,2479,319,1931,2470
25DM30Y18_mono_0093,105.8,0.07,AE,2,Blue,487,5929,325,1980,2820,300,2172,2655,343,1948,2824,271,1756,2682,225,1893,2655
25DM30Y18_mono_0094,152.2,0.068,IH,11,Teal,488,5214,330,2286,2887,382,2285,2783,397,2259,2423,374,2126,2266,369,2129,2244
25DM30Y18_mono_0095,87.7,0.098,OW,14,Maroon,489,5571,359,1506,2482,385,1350,2383,370,1363,2461,364,1265,2537,337,1255,2546
25DM30Y18_mono_0096,0,0.05,IH,11,Teal,490,4500,313,1328,1962,435,1481,2359,424,1650,2365,358,1598,2369,307,1816,2318
25DM30Y18_mono_0097,92,0.06,AH,3,Black,491,5571,453,1260,3035,495,1365,3008,574,1480,2896,702,1688,2901,532,1775,2944
25DM30Y18_mono_0098,82.4,0.07,EY,10,Purple,492,7000,380,2454,3139,392,2390,3399,410,2504,3286,439,2430,3254,412,2375,3163
25DM30Y18_mono_0099,81.3,0.11,EH,8,Black,493,6286,376,2153,2774,456,2124,2704,593,2073,2724,622,1990,2693,473,1990,2740
25DM30Y18_mono_0100,68.7,0.038,ER,9,Lime,494,4857,389,1975,2311,436,1957,2341,397,1914,2210,387,1897,2173,328,1932,2215
25DM30Y18_mono_0101,65.7,0.07,IY,13,Pink,495,4857,377,1921,2418,360,2168,2434,265,2040,2496,338,1474,2525,218,1563,2550
25DM30Y18_mono_0102,0,0.038,AH,3,Black,496,6286,470,1353,2524,401,1363,2556,413,1508,3142,541,1606,3127,528,1675,3105
25DM30Y18_mono_0103,86.7,0.04,AY,7,Magenta,497,4500,545,1204,1985,494,1147,1895,509,1138,1839,611,1051,1912,403,1045,1926
25DM30Y18_mono_0104,147.5,0.078,AE,2,Blue,498,5571,1168,1571,2211,1061,1477,2090,1014,1470,2252,978,1431,2230,783,1423,2443
25DM30Y18_mono_0105,107.6,0.138,AE,2,Blue,499,6643,475,1279,3128,525,1315,3037,506,1300,3005,486,1261,2921,369,1197,2781
25DM30Y18_mono_0106,99,0.04,IH,11,Teal,500,5214,333,2073,2528,324,2254,2569,328,2316,2740,318,2342,2713,329,2266,2703
25DM30Y18_mono_0107,91.1,0.048,AH,3,Black,501,5571,280,1636,3021,408,1657,2975,391,1581,2982,370,1581,2973,351,1569,2965
25DM30Y18_mono_0108,71.7,0.12,AE,2,Blue,502,5214,550,1979,2585,731,1847,2519,957,1678,2374,901,1689,2408,724,1648,2522
25DM30Y18_mono_0109,98.6,0.038,AY,7,Magenta,503,5929,866,1866,2510,776,1929,2528,667,2034,2583,623,2158,2588,463,2101,2633
25DM30Y18_mono_0110,112.8,0.04,UH,16,Silver,504,5214,380,2004,2818,368,1845,2832,286,1757,2850,210,1721,2729,739,1711,2819
25DM30Y18_mono_0111,141.8,0.1,IY,13,Pink,505,7000,362,2711,3559,424,2789,3520,444,2815,3471,412,2842,3499,372,2651,3359
25DM30Y18_mono_0112,152.1,0.07,IH,11,Teal,506,4857,388,2462,3065,434,2520,2915,456,2397,2541,469,2109,2539,490,1939,2511
25DM30Y18_mono_0113,142.6,0.048,AH,3,Black,507,4857,521,1385,2543,518,1306,2597,509,1261,2528,534,1246,2641,493,1163,2683
25DM30Y18_mono_0114,112.8,0.048,IH,11,Teal,508,4857,477,1409,2623,499,1633,2730,505,1823,2787,496,2033,2889,484,2003,2944
25DM30Y18_mono_0115,105.8,0.168,OW,14,Maroon,509,4857,543,1644,2698,540,1388,2634,524,1289,2730,529,1274,2733,445,1342,2753
25DM30Y18_mono_0116,95.3,0.07,OW,14,Maroon,510,4500,543,1104,2172,555,1056,2237,546,1036,2302,541,1003,2360,515,937,2347
25DM30Y18_mono_0117,91.8,0.028,UW,17,Cyan,511,5214,388,1878,2885,362,1366,2838,352,1340,2739,435,2185,2709,341,2188,2710
25DM30Y18_mono_0118,94.5,0.12,AY,7,Magenta,512,7000,689,1279,3330,893,1372,3263,754,1816,2964,690,2121,2892,465,2129,2833
25DM30Y18_mono_0119,90.8,0.31,OW,14,Maroon,513,6643,582,1136,3248,593,1067,3302,593,1042,3142,599,924,2799,553,1065,2862
25DM30Y18_mono_0120,82.3,0.06,AH,3,Black,514,6286,521,1941,3471,575,2109,3677,561,2119,3323,539,2063,3338,503,2055,3052
25DM30Y18_mono_0121,90.2,0.08,OW,14,Maroon,515,4857,591,1000,2521,536,981,2366,524,982,2566,521,952,2665,478,940,2399
25DM30Y18_mono_0122,94.2,0.048,ER,9,Lime,516,4857,464,1152,2099,473,1151,2222,502,1404,2509,495,1395,2261,499,1654,2531
25DM30Y18_mono_0123,91.7,0.06,ER,9,Lime,517,4857,496,1650,1900,511,1663,2013,508,1705,2068,480,1759,2147,462,1792,2147
25DM30Y18_mono_0124,87.9,0.04,AH,3,Black,518,5214,446,1060,2487,446,1114,2478,455,1155,2181,458,1201,2254,447,1227,2223
25DM30Y18_mono_0125,78.5,0.128,EY,10,Purple,519,5214,481,1952,2857,516,2111,2777,476,2131,2767,454,2163,2669,478,2144,2795
25DM30Y18_mono_0126,82.8,0.118,AH,3,Black,520,4857,497,1752,2840,509,1728,2821,512,1768,2759,502,1718,2805,499,1802,2804
25DM30Y18_mono_0127,77.2,0.14,ER,9,Lime,521,4857,468,1284,2160,470,1185,2169,467,1098,1680,512,1148,1473,578,1287,1391
25DM30Y18_mono_0128,96.7,0.178,AE,2,Blue,522,5929,751,1375,2022,813,1238,2376,882,1239,2320,813,1150,3060,673,1163,2564
25DM30Y18_mono_0129,88.8,0.04,IH,11,Teal,523,4500,371,1011,2027,370,953,2052,341,1096,2179,314,1135,2159,307,1248,2208
25DM30Y18_mono_0130,93.2,0.098,IH,11,Teal,524,4857,368,2032,2883,407,1905,2832,442,1910,2808,431,1882,2750,398,1858,2709
25DM30Y18_mono_0131,89.2,0.068,IH,11,Teal,525,5214,397,1815,2726,428,1897,2754,426,2076,2799,441,2005,2781,458,1999,2788
25DM30Y18_mono_0132,73.3,0.178,OW,14,Maroon,526,5929,526,1435,2754,525,1195,2812,508,1031,2837,466,870,2926,442,805,2889
25DM30Y18_mono_0133,76.9,0.19,AE,2,Blue,527,5214,632,1808,2821,744,1673,2815,761,1645,2747,813,1529,2687,764,1610,2698
25DM30Y18_mono_0134,71.6,0.028,UW,17,Cyan,528,4857,480,2054,2962,490,2067,2833,488,2055,2709,506,2045,2699,487,2045,2700
25DM30Y18_mono_0135,101.5,0.038,IH,11,Teal,529,4857,382,1231,2622,371,1305,2697,352,1671,2804,355,1943,2826,309,1930,2840
25DM30Y18_mono_0136,136.1,0.118,EH,8,Black,530,6286,569,1119,2405,562,1130,2616,542,1106,2596,555,1271,2868,481,1124,2934
25DM30Y18_mono_0137,0,0.028,EH,8,Black,531,5571,819,1993,2994,960,1980,3024,1098,1926,2969,1110,1845,2864,1188,1876,2901
25DM30Y18_mono_0138,134.3,0.188,AA,1,Red,532,5571,948,1080,2596,555,1038,2692,484,1019,2733,583,1100,2740,590,1174,3067
25DM30Y18_mono_0139,170,0.07,IY,13,Pink,533,6286,358,2341,2872,341,2567,2780,340,2743,2863,337,2647,3002,335,2099,2838
25DM30Y18_mono_0140,110.9,0.028,OW,14,Maroon,534,5571,1203,1491,2829,1250,1350,2657,1297,1463,2907,1261,1724,2948,1305,1977,2964
25DM30Y18_mono_0141,111.2,0.148,AW,5,Olive,535,5571,642,1775,2746,671,1615,2772,1089,1644,3093,821,1595,3202,807,1502,3237
25DM30Y18_mono_0142,111.3,0.08,AE,2,Blue,536,5571,1075,1399,2769,1114,1794,2911,1253,1485,2908,1134,1761,2840,1043,1555,2815
25DM30Y18_mono_0143,139.9,0.038,AH,3,Black,537,5929,399,1431,1791,361,1643,1919,344,1803,1995,318,1673,2114,230,1748,2705
25DM30Y18_mono_0144,149.1,0.06,UW,17,Cyan,538,6286,319,1805,2470,320,1719,2554,320,1433,2640,308,1310,2742,280,1381,2534
25DM30Y18_mono_0145,96.7,0.12,AY,7,Magenta,539,5214,606,1431,2798,633,1788,2812,596,1920,2807,543,2103,2833,471,2126,2919
25DM30Y18_mono_0146,98.4,0.038,AH,3,Black,540,6286,493,1166,3091,540,1221,3058,547,1194,3028,534,1144,2967,520,1152,2918
25DM30Y18_mono_0147,103.3,0.06,IH,11,Teal,541,6286,383,1900,3077,387,2138,3079,364,2259,2917,348,2261,2743,340,2282,2603
25DM30Y18_mono_0148,96.8,0.13,EY,10,Purple,542,7000,376,2204,3571,388,2610,3452,385,2597,3471,369,2602,3457,314,2607,3485
25DM30Y18_mono_0149,101.5,0.16,IY,13,Pink,543,7000,345,2179,2934,375,2450,2973,478,2349,3218,478,2305,3198,484,2275,3413
25DM30Y18_mono_0150,81.1,0.098,EH,8,Black,544,5214,807,2096,2756,681,2080,2723,616,2102,2680,501,2127,2668,474,2138,2699
25DM30Y18_mono_0151,89.3,0.07,EY,10,Purple,545,4857,434,2129,2774,386,2250,2643,375,2191,2683,435,2236,2665,359,2085,2664
25DM30Y18_mono_0152,88,0.138,AY,7,Magenta,546,5929,928,1408,2471,798,1277,2229,583,1602,2227,504,1536,2177,415,1502,2235
25DM30Y18_mono_0153,96.7,0.118,AA,1,Red,547,5571,398,809,2348,471,958,2433,581,1071,2888,686,1181,2860,653,1402,2889
25DM30Y18_mono_0154,131.4,0.058,ER,9,Lime,548,5214,356,2078,2600,387,2043,2646,356,2083,2623,314,2075,2607,286,2141,2678
25DM30Y18_mono_0155,113.3,0.038,AH,3,Black,549,4857,402,1888,2940,377,1840,2942,386,1764,2928,370,1668,2945,374,1672,2952
25DM30Y18_mono_0156,77.1,0.038,AA,1,Red,550,4857,570,1119,2553,625,1098,2490,640,1142,2352,621,1169,2253,642,1191,2118
25DM30Y18_mono_0157,99.7,0.038,AH,3,Black,551,6286,617,1602,2830,535,1618,2811,437,1624,2835,332,1617,2806,296,1627,2780
25DM30Y18_mono_0158,129.4,0.048,IH,11,Teal,552,4857,382,2443,2981,385,2332,2928,375,2261,2927,373,2158,2891,342,2070,2916
25DM30Y18_mono_0159,101.1,0.108,UW,17,Cyan,553,5214,300,1991,2840,329,1885,2821,356,1661,2867,367,1605,2801,337,1489,2839
25DM30Y18_mono_0160,107,0.168,AY,7,Magenta,554,5214,494,1314,2686,972,1546,2773,937,1606,2730,737,1734,2796,722,1761,2690
25DM30Y18_mono_0161,92.7,0.098,AA,1,Red,555,4500,468,968,1717,447,1048,1670,515,1185,1765,494,1176,1885,431,1180,1934
25DM30Y18_mono_0162,92.3,0.06,AH,3,Black,556,4500,617,1556,2378,598,1484,2314,511,1257,2141,505,1228,2059,426,1184,1942
25DM30Y18_mono_0163,89.5,0.09,OW,14,Maroon,557,4857,469,1132,2666,479,1108,2681,455,1082,2748,457,1061,2720,443,1034,2827
25DM30Y18_mono_0164,78.6,0.058,ER,9,Lime,558,5214,465,1446,2692,481,1582,2651,464,1614,2504,476,1639,2525,463,1676,2552
25DM30Y18_mono_0165,89.8,0.07,AA,1,Red,559,6286,1090,1278,2241,1013,1324,2114,863,1276,2039,636,1293,2246,553,1402,2321
25DM30Y18_mono_0166,90.4,0.07,AH,3,Black,560,4857,430,1652,2368,486,1764,2876,400,1761,2618,348,1729,3005,636,1761,2911
25DM30Y18_mono_0167,107.1,0.08,UW,17,Cyan,561,5214,324,1236,2649,328,1225,2649,325,1298,2670,334,1563,2626,334,1782,2589
25DM30Y18_mono_0168,87.5,0.06,EH,8,Black,562,6286,444,2158,2853,481,2047,2894,488,1867,3005,475,1658,3106,448,1579,3167
25DM30Y18_mono_0169,91.2,0.058,IH,11,Teal,563,5929,492,1575,3123,491,1723,3072,471,1960,3032,443,2128,2942,411,2049,2933
25DM30Y18_mono_0170,110.9,0.09,UW,17,Cyan,564,5571,324,1776,2519,347,1690,2436,351,1545,2430,341,1372,2453,303,1159,2466
25DM30Y18_mono_0171,70.7,0.09,UW,17,Cyan,565,5214,371,1865,2667,400,1840,2655,429,1792,2663,448,1725,2654,465,1663,2682
25DM30Y18_mono_0172,103,0.05,AY,7,Magenta,566,6643,509,1598,3087,491,1682,3076,464,1902,3039,441,2189,2922,363,2264,2890
25DM30Y18_mono_0173,105.9,0.06,IH,11,Teal,567,4857,380,2277,2817,394,2203,2743,374,1943,2723,368,1703,2744,396,1649,2716
25DM30Y18_mono_0174,98.4,0.038,AH,3,Black,568,4857,378,1302,2855,389,1520,2867,386,1558,2908,362,1559,2900,355,1582,2966
25DM30Y18_mono_0175,100.4,0.048,AH,3,Black,569,5571,365,1639,2949,357,1609,2975,356,1619,2968,369,1793,2985,356,1791,3042
25DM30Y18_mono_0176,105.7,0.088,AW,5,Olive,570,6643,552,1428,2864,580,1423,2892,617,1402,2996,545,1364,3061,487,1266,3101
25DM30Y18_mono_0177,84.3,0.058,EH,8,Black,571,5214,606,1659,2711,578,1713,2700,523,1841,2727,464,1933,2722,443,2108,2683
25DM30Y18_mono_0178,81.3,0.05,AE,2,Blue,572,5214,582,1828,2757,598,1803,2724,606,1802,2735,588,1765,2742,538,1704,2769
25DM30Y18_mono_0179,91.6,0.05,AH,3,Black,573,4500,497,1053,1539,418,984,1542,465,1040,1554,475,1069,1554,241,1180,1989
25DM30Y18_mono_0180,70.2,0.13,IY,13,Pink,574,5571,304,2596,3271,308,2638,3384,256,2679,3085,292,2625,3045,346,2376,2988
25DM30Y18_mono_0181,95.4,0.058,AY,7,Magenta,575,5929,905,1766,2643,796,1775,2687,774,2028,2713,767,2024,2750,583,2146,2797
25DM30Y18_mono_0182,112.9,0.128,AE,2,Blue,576,5214,649,1651,2822,879,1520,2773,973,1557,2785,999,1570,2801,1004,1601,2929
25DM30Y18_mono_0183,80.5,0.048,AH,3,Black,577,6286,750,1503,2829,739,1569,2852,689,1583,2845,666,1639,2938,579,1645,2948
25DM30Y18_mono_0184,69.9,0.048,ER,9,Lime,578,4857,404,1934,2425,408,1940,2353,398,1952,2194,373,1983,2116,392,1886,2201
25DM30Y18_mono_0185,128.3,0.138,AH,3,Black,579,5214,443,1869,2218,445,1776,2253,424,1772,2398,418,1853,2410,306,2108,2616
25DM30Y18_mono_0186,88.9,0.14,IY,13,Pink,580,4857,334,2160,2436,335,2302,2576,342,2360,2646,355,2324,2668,351,1998,2744
25DM30Y18_mono_0187,89.1,0.038,IH,11,Teal,581,5929,368,1546,2811,366,1575,2960,376,1614,2951,353,1680,2982,287,1697,2849
25DM30Y18_mono_0188,104.7,0.038,AH,3,Black,582,6286,374,1696,2761,378,1707,2771,368,1695,2795,348,1654,2758,307,1627,2828
25DM30Y18_mono_0189,76.6,0.148,IY,13,Pink,583,6286,329,2164,2381,329,2243,2575,328,2343,2585,348,2349,2626,350,2176,2661
25DM30Y18_mono_0190,0,0.038,AH,3,Black,584,4857,720,1882,2653,757,1868,2638,721,1818,2702,662,1761,2776,629,1813,2771
25DM30Y18_mono_0191,96.3,0.088,AA,1,Red,585,5929,606,1050,2505,619,1115,2496,593,1216,2435,638,1446,2412,356,1534,2394
25DM30Y18_mono_0192,101.5,0.038,AH,3,Black,586,4857,341,1939,2690,338,2059,2653,349,2090,2591,363,2165,2588,339,2214,2570
25DM30Y18_mono_0193,85.2,0.048,EH,8,Black,587,5571,469,1901,2719,478,1776,2780,470,1651,2840,490,1609,2935,493,1481,2996
25DM30Y18_mono_0194,98.9,0.038,OW,14,Maroon,588,6286,437,913,3119,429,906,3145,414,893,3176,394,833,3138,374,767,3063
25DM30Y18_mono_0195,83.6,0.07,UW,17,Cyan,589,4500,383,1182,2296,413,1223,2332,402,1254,2299,403,1308,2336,402,1470,2258
25DM30Y18_mono_0196,0,0.028,AE,2,Blue,590,5571,293,2434,3054,240,2392,3024,442,2470,2964,444,2464,2972,431,2472,3024
25DM30Y18_mono_0197,104.4,0.05,AH,3,Black,591,6643,362,1965,2879,372,2034,2864,337,2075,2792,289,1887,2853,259,1778,2940
25DM30Y18_mono_0198,139.7,0.12,AW,5,Olive,592,4500,826,1445,2216,718,1074,2174,561,1061,2183,554,1092,2128,570,1106,2178
25DM30Y18_mono_0199,66.6,0.03,AY,7,Magenta,593,5929,606,1067,2547,612,1119,2509,555,1132,2587,381,1155,2559,579,1240,2585
25DM30Y18_mono_0200,134.5,0.07,AO,4,Green,594,4500,524,1072,2242,589,971,2117,584,1064,2192,565,1012,2145,539,1013,2110
25DM30Y18_mono_0201,69.3,0.058,IH,11,Teal,595,5214,492,1984,2243,509,2036,2310,506,2120,2376,500,2122,2344,509,2050,2321
25DM30Y18_mono_0202,89.7,0.12,AY,7,Magenta,596,5214,688,1717,2105,683,1819,2153,607,1980,2207,533,1994,2498,462,2067,2540
25DM30Y18_mono_0203,90.8,0.07,AH,3,Black,597,5929,555,1153,2899,656,1179,2824,732,1202,2736,766,1206,2732,815,1151,2694
25DM30Y18_mono_0204,113.2,0.08,AA,1,Red,598,7000,899,1205,2921,1024,1153,3072,780,1209,3016,678,1212,2947,628,1357,2997
25DM30Y18_mono_0205,136.8,0.07,AH,3,Black,599,4857,519,1796,2381,515,1945,2327,484,1914,2619,213,1487,1959,409,1915,2432
25DM30Y18_mono_0206,142.6,0.1,IY,13,Pink,600,5929,326,2277,2908,365,2665,2977,353,2588,3041,227,2420,2972,210,2224,2889
25DM30Y18_mono_0207,100.1,0.06,AA,1,Red,601,6286,567,1843,2803,708,1756,2778,820,1717,2797,680,1373,2793,620,1497,3178
25DM30Y18_mono_0208,120.1,0.038,AH,3,Black,602,6286,500,1436,2809,433,1341,2819,414,1303,2809,408,1223,2834,406,1102,2784
25DM30Y18_mono_0209,95.8,0.098,ER,9,Lime,603,5214,463,1224,2092,479,1505,1958,466,1611,1977,461,1622,2048,352,1768,2233
3737P3737_mono_0001,202.8,0.31,OW,14,Maroon,604,5929,612,1671,2847,663,1473,2803,630,1283,2736,489,1153,2761,401,1158,2703
3737P3737_mono_0002,207.8,0.04,AO,4,Green,605,5571,518,1238,2270,573,1226,2298,690,1179,2247,805,1178,2278,819,1144,2270
3737P3737_mono_0003,120.8,0.13,IH,11,Teal,606,5571,507,1951,2793,464,2063,2826,475,2050,2790,440,2174,2805,419,2339,2751
3737P3737_mono_0004,154.3,0.088,AY,7,Magenta,607,5929,817,1605,2792,878,1683,2759,821,1732,2729,700,1772,2712,575,1644,2572
3737P3737_mono_0005,181,0.08,OW,14,Maroon,608,4500,518,1077,1830,529,1079,1897,518,1078,1861,431,1037,2060,328,973,2064
3737P3737_mono_0006,223.1,0.058,AH,3,Black,609,5214,790,1541,2805,837,1527,2758,843,1455,2803,755,1344,2884,608,1287,2795
3737P3737_mono_0007,122.1,0.138,EY,10,Purple,610,5929,554,1754,2844,490,2140,2719,457,2292,2776,380,2348,2833,387,2291,2803
3737P3737_mono_0008,164.6,0.058,IY,13,Pink,611,5929,330,2364,2800,322,2416,2967,329,2425,3058,337,2460,3087,357,2459,3017
3737P3737_mono_0009,205.6,0.048,IY,13,Pink,612,6286,390,2425,2942,399,2418,3038,410,2384,2938,429,2346,2979,442,2312,2912
3737P3737_mono_0010,198.4,0.038,AH,3,Black,613,4857,432,1586,2292,444,1531,2250,466,1577,2165,481,1577,2081,426,1476,2003
3737P3737_mono_0011,202.6,0.058,IY,13,Pink,614,5929,402,1985,3021,379,2130,3089,361,2089,2936,340,2086,3065,335,2123,2988
3737P3737_mono_0012,161.6,0.058,AH,3,Black,615,5214,805,1613,2842,764,1555,2916,770,1538,2894,731,1476,2869,635,1416,2807
3737P3737_mono_0013,148.4,0.078,AY,7,Magenta,616,5571,833,1654,2837,802,1760,2797,612,1868,2757,412,2078,2752,378,2169,2821
3737P3737_mono_0014,140.6,0.098,OW,14,Maroon,617,5214,700,1523,2750,702,1454,2802,693,1376,2814,643,1215,2838,635,1111,2915
3737P3737_mono_0015,127.1,0.09,AA,1,Red,618,5214,900,1232,2944,890,1376,3011,994,1398,2980,1063,1345,2978,992,1393,2834
3737P3737_mono_0016,140.9,0.06,EH,8,Black,619,5571,693,1577,2481,729,1555,2586,761,1547,2703,776,1543,2733,654,1586,2828
3737P3737_mono_0017,0,0.128,ER,9,Lime,620,5214,609,1614,2489,608,1618,2337,575,1608,2242,547,1614,2201,536,1591,2217
3737P3737_mono_0018,190.9,0.068,EY,10,Purple,621,5214,613,1751,2328,576,1904,2435,561,2048,2563,482,2166,2768,444,2145,2916
3737P3737_mono_0019,193.3,0.058,AA,1,Red,622,5929,725,1577,2878,763,1548,2665,797,1517,2524,804,1463,2356,827,1436,2249
3737P3737_mono_0020,160.4,0.14,AY,7,Magenta,623,4500,597,1508,1731,505,1416,2030,459,1364,2237,449,1384,2285,419,1352,2206
3737P3737_mono_0021,183.9,0.06,AY,7,Magenta,624,4500,711,1488,1859,636,1549,1881,561,1574,2085,502,1584,2238,357,1660,2360
3737P3737_mono_0022,181.6,0.05,AH,3,Black,625,5214,769,1407,2330,860,1419,2384,879,1424,2469,936,1375,2529,865,1279,2490
3737P3737_mono_0023,187.5,0.038,AH,3,Black,626,5929,632,1529,3184,728,1517,3102,884,1528,3111,919,1494,3012,970,1467,3049
3737P3737_mono_0024,175.5,0.13,IH,11,Teal,627,6286,427,1818,2807,466,2081,2841,475,2283,2952,425,2422,2971,414,2555,3051
3737P3737_mono_0025,162.3,0.058,AE,2,Blue,628,5929,1005,1574,2941,992,1581,2923,973,1559,2919,940,1516,2929,923,1471,2837
3737P3737_mono_0026,148.1,0.068,AA,1,Red,629,5214,989,1401,3071,1028,1378,3007,1091,1472,2993,1027,1516,2953,999,1599,2982
3737P3737_mono_0027,135.7,0.108,AH,3,Black,630,5929,494,1704,2810,495,1686,2771,542,1681,2776,471,1692,2801,391,1706,2774
3737P3737_mono_0028,164.2,0.09,AE,2,Blue,631,5214,733,1506,2235,752,1532,2331,786,1527,2416,797,1488,2572,752,1470,2633
3737P3737_mono_0029,170.2,0.038,AH,3,Black,632,4857,499,1216,2767,527,1252,2737,571,1353,2734,589,1429,2720,598,1503,2698
3737P3737_mono_0030,169.6,0.048,EH,8,Black,633,5571,648,1687,2627,650,1678,2492,646,1676,2420,633,1642,2291,633,1557,2195
3737P3737_mono_0031,182.5,0.06,ER,9,Lime,634,4500,467,1249,1878,487,1291,1759,488,1377,1726,460,1481,1745,320,1563,1825
3737P3737_mono_0032,164,0.098,ER,9,Lime,635,4500,498,1527,1667,508,1613,1701,531,1606,1925,519,1552,1944,534,1454,2087
3737P3737_mono_0033,164.1,0.038,AH,3,Black,636,5929,498,1247,2821,503,1351,2832,471,1428,2844,423,1449,2832,301,1439,2812
3737P3737_mono_0034,144.2,0.108,IY,13,Pink,637,5929,382,2040,2595,363,2355,2737,353,2371,2791,361,2390,2814,365,2295,2761
3737P3737_mono_0035,131.7,0.12,IH,11,Teal,638,5929,414,1896,2676,530,1891,2692,542,1851,2737,580,1818,2806,515,1778,2860
3737P3737_mono_0036,134.1,0.09,AE,2,Blue,639,5571,614,1840,2780,548,1829,2778,554,1791,2739,591,1819,2693,564,1798,2698
3737P3737_mono_0037,146.9,0.048,IH,11,Teal,640,5571,452,1731,2727,458,1749,2765,430,1752,2769,419,1771,2768,379,1755,2742
3737P3737_mono_0038,0,0.13,AW,5,Olive,641,5571,599,1742,2752,708,1707,2751,760,1642,2798,783,1545,2774,783,1445,2778
3737P3737_mono_0039,177.7,0.04,AH,3,Black,642,5214,378,1626,2337,383,1616,2310,375,1583,2199,336,1552,2529,252,1579,2611
3737P3737_mono_0040,205.5,0.138,AY,7,Magenta,643,5929,753,1607,2930,922,1585,2967,907,1614,2900,800,1657,2829,751,1572,2831
3737P3737_mono_0041,206.1,0.048,UH,16,Silver,644,6286,635,1432,2984,650,1430,2974,640,1401,2972,554,1311,2952,346,1269,2850
3737P3737_mono_0042,137.4,0.13,IH,11,Teal,645,4500,322,1836,2454,324,2345,2520,312,1973,2341,348,1788,2284,422,1842,2305
3737P3737_mono_0043,148.7,0.058,AY,7,Magenta,646,5929,640,1518,2899,609,1628,2833,537,1848,2807,468,2082,2720,388,2268,2506
3737P3737_mono_0044,198.9,0.08,AE,2,Blue,647,4857,672,1703,2735,676,1702,2725,683,1694,2765,674,1677,2802,612,1708,2831
3737P3737_mono_0045,179,0.1,EY,10,Purple,648,6286,447,2118,2803,429,2275,2824,407,2332,2872,406,2334,2878,402,2242,2886
3737P3737_mono_0046,173.4,0.048,AH,3,Black,649,4857,457,1884,2689,490,1855,2664,514,1729,2616,511,1661,2591,454,1518,2613
3737P3737_mono_0047,190.1,0.118,UW,17,Cyan,650,4857,358,1599,2657,369,1714,2563,367,1718,2525,344,1604,2498,311,1577,2513
3737P3737_mono_0048,129.1,0.218,EY,10,Purple,651,6643,670,1771,2407,668,1874,2689,651,1927,2822,579,2019,2811,486,2076,2789
3737P3737_mono_0049,138.3,0.04,AE,2,Blue,652,6643,567,1759,2791,615,1769,2816,638,1761,2798,651,1753,2780,656,1696,2764
3737P3737_mono_0050,147.7,0.08,EY,10,Purple,653,5929,448,2113,2746,387,2272,2939,364,2377,2945,356,2433,2918,304,2445,2858
3737P3737_mono_0051,146.6,0.03,UW,17,Cyan,654,4500,308,1379,2335,298,1303,2301,289,1379,2290,260,1199,2231,193,1294,2078
3737P3737_mono_0052,161.6,0.048,EH,8,Black,655,5571,826,1341,2707,858,1445,2719,838,1501,2713,833,1584,2763,806,1612,2813
3737P3737_mono_0053,166.2,0.06,AH,3,Black,656,4500,267,1497,2127,309,1257,1801,292,1166,1811,302,1216,1821,277,1290,1800
3737P3737_mono_0054,136.4,0.038,EH,8,Black,657,5929,596,1331,2633,594,1395,2652,611,1442,2683,611,1482,2692,591,1485,2700
3737P3737_mono_0055,137.9,0.29,ER,9,Lime,658,4857,518,1617,2039,502,1517,1923,485,1553,1968,533,1597,2012,515,1620,2136
3737P3737_mono_0056,131.7,0.08,AH,3,Black,659,4857,698,1439,2404,720,1440,2412,729,1457,2553,691,1435,2528,566,1359,2452
3737P3737_mono_0057,128.9,0.08,IH,11,Teal,660,4857,1132,2059,2904,963,2000,2791,868,2024,2709,446,1966,2650,312,1831,2481
3737P3737_mono_0058,136.9,0.04,IH,11,Teal,661,5571,509,1702,2580,449,1784,2671,400,1791,2726,358,1752,2756,273,1698,2735
3737P3737_mono_0059,0,0.03,AH,3,Black,662,4500,400,1605,1759,360,1447,1666,322,1343,1652,283,1553,2025,507,1410,2424
3737P3737_mono_0060,177.5,0.038,EH,8,Black,663,4857,527,1429,2609,536,1452,2626,542,1481,2636,534,1496,2643,510,1476,2658
3737P3737_mono_0061,176.9,0.078,ER,9,Lime,664,6643,574,1678,2674,571,1719,2584,564,1709,2474,567,1658,2479,565,1665,2410
3737P3737_mono_0062,167.3,0.05,IH,11,Teal,665,5214,516,1614,2053,509,1628,2258,499,1615,2490,479,1652,2632,429,1752,2835
3737P3737_mono_0063,0,0.028,AH,3,Black,666,5214,344,1620,2642,294,1620,2219,284,1649,2256,223,1573,2313,149,1508,2326
3737P3737_mono_0064,144.4,0.098,AW,5,Olive,667,5571,622,1562,2588,655,1553,2604,662,1489,2642,628,1420,2702,545,1384,2733
3737P3737_mono_0065,127.1,0.078,EY,10,Purple,668,5571,622,1750,2438,636,1884,2604,569,1946,2682,499,1977,2663,441,1940,2669
3737P3737_mono_0066,118.5,0.08,ER,9,Lime,669,4500,496,1589,2081,516,1556,2018,548,1561,1996,518,1620,2028,426,1653,2210
3737P3737_mono_0067,102.8,0.038,AA,1,Red,670,6286,642,1611,2658,736,1609,2671,780,1572,2695,819,1535,2697,765,1503,2732
3737P3737_mono_0068,175.9,0.068,AY,7,Magenta,671,5571,610,1692,2558,542,1754,2635,529,1940,2671,525,2044,2608,489,2077,2754
3737P3737_mono_0069,198,0.098,AA,1,Red,672,5571,703,1689,2805,760,1561,2823,788,1486,2780,769,1385,2785,740,1334,2839
3737P3737_mono_0070,86.8,0.048,AY,7,Magenta,673,6286,584,1692,2597,583,1746,2546,596,1822,2596,582,1849,2640,530,1769,2637
3737P3737_mono_0071,220.2,0.048,AH,3,Black,674,6286,555,1859,2611,531,1960,2619,454,1966,2591,381,1945,2581,337,2050,2584
3737P3737_mono_0072,173.1,0.04,AO,4,Green,675,5571,270,889,2213,308,909,2232,425,927,2156,443,924,2009,544,965,1890
3737P3737_mono_0073,147.9,0.15,ER,9,Lime,676,4500,612,1523,1938,627,1524,1935,702,1559,1897,574,1591,1957,507,1733,2019
3737P3737_mono_0074,130.6,0.128,AO,4,Green,677,5214,450,1273,2148,463,1049,2272,445,918,2199,499,906,2266,521,970,2087
3737P3737_mono_0075,135.5,0.028,AH,3,Black,678,5214,477,1893,2539,383,1771,2457,347,1743,2367,330,1752,2176,296,1824,2058
3737P3737_mono_0076,143.1,0.108,AE,2,Blue,679,5929,810,1531,2267,840,1540,2416,851,1551,2524,861,1555,2583,837,1500,2595
3737P3737_mono_0077,149.2,0.038,AH,3,Black,680,5929,574,1528,2520,518,1544,2545,486,1645,2634,441,1662,2706,382,1699,2762
3737P3737_mono_0078,73.6,0.058,OW,14,Maroon,681,5929,393,1431,2592,401,1410,2598,389,1428,2604,390,1446,2619,383,1543,2592
3737P3737_mono_0079,189.4,0.038,IH,11,Teal,682,5929,411,1926,2863,406,1925,2843,396,1911,2782,381,1876,2773,339,1828,2751
3737P3737_mono_0080,141.5,0.14,EY,10,Purple,683,6286,470,1965,2651,444,2126,2712,426,2233,2778,373,2355,2846,289,2400,2859
3737P3737_mono_0081,120.7,0.058,AH,3,Black,684,5214,365,1436,2472,432,1312,2573,506,1233,2632,542,1181,2732,573,1113,2782
3737P3737_mono_0082,125.2,0.088,AH,3,Black,685,5929,681,1224,2862,783,1361,2854,734,1458,2864,699,1539,2641,594,1594,2686
3737P3737_mono_0083,160.2,0.12,AO,4,Green,686,5214,525,1073,2211,588,997,2188,578,904,2104,489,931,1974,468,946,1861
3737P3737_mono_0084,158.4,0.038,AH,3,Black,687,4857,608,1567,2024,568,1639,2180,506,1691,2290,454,1720,2435,440,1775,2471
3737P3737_mono_0085,105.5,0.16,UW,17,Cyan,688,5214,347,1983,2547,348,1955,2498,374,1840,2442,363,1728,2384,337,1696,2543
3737P3737_mono_0086,182,0.088,AH,3,Black,689,5929,562,1462,2647,627,1553,2707,687,1614,2721,688,1684,2761,607,1718,2785
3737P3737_mono_0087,165.5,0.058,EY,10,Purple,690,5214,437,1964,2654,460,2008,2671,473,2027,2579,470,1883,2422,458,1473,2350
3737P3737_mono_0088,162,0.048,ER,9,Lime,691,5571,515,1161,1987,539,1235,1953,570,1381,1954,617,1510,1976,629,1626,2046
3737P3737_mono_0089,155.8,0.138,AW,5,Olive,692,6643,754,1788,2582,786,1722,2640,729,1565,2651,645,1395,2680,594,1357,2713
3737P3737_mono_0090,142.8,0.04,AH,3,Black,693,5214,409,1425,2461,405,1433,2424,404,1417,2410,394,1396,2524,382,1417,2571
3737P3737_mono_0091,145.9,0.128,OW,14,Maroon,694,5929,522,1352,2730,603,1336,2741,626,1291,2730,619,1251,2717,593,1200,2690
3737P3737_mono_0092,208,0.118,AE,2,Blue,695,5571,618,1981,2975,815,1749,2918,813,1745,2837,840,1715,2865,839,1733,2894
3737P3737_mono_0093,215.4,0.028,IH,11,Teal,696,5214,406,1965,2429,413,1949,2334,432,1919,2232,448,1838,2225,456,1778,2210
3737P3737_mono_0094,138.4,0.168,OW,14,Maroon,697,5571,518,1765,2624,581,1613,2630,578,1469,2604,541,1313,2558,462,1155,2487
3737P3737_mono_0095,178.7,0.068,IH,11,Teal,698,5571,575,2133,2780,441,2039,2774,531,2033,2746,481,2052,2822,371,1959,2899
3737P3737_mono_0096,253.2,0.078,AH,3,Black,699,5571,982,1456,2975,1004,1495,2976,993,1531,3021,943,1578,3051,826,1684,3070
3737P3737_mono_0097,143.5,0.17,EY,10,Purple,700,6286,485,1871,2805,633,1892,2738,662,1985,2745,582,2032,2755,588,2067,2774
3737P3737_mono_0098,163.1,0.11,EH,8,Black,701,5571,593,2008,2761,693,1963,2847,808,1940,2872,814,1894,2874,748,1883,2910
3737P3737_mono_0099,137,0.09,ER,9,Lime,702,4857,453,1688,2131,411,1639,2072,445,1659,2013,375,1728,1920,331,1509,1875
3737P3737_mono_0100,108.9,0.18,IY,13,Pink,703,4500,321,1240,2177,347,1372,2264,344,1292,2260,355,1283,2250,324,1181,2189
3737P3737_mono_0101,173.9,0.108,AE,2,Blue,704,5214,760,1909,2800,804,1923,2822,745,1913,2831,729,1926,2848,657,1901,2850
3737P3737_mono_0102,166.7,0.098,AY,7,Magenta,705,4857,846,1575,2765,855,1577,2796,809,1607,2814,670,1599,2802,629,1809,2734
3737P3737_mono_0103,183.8,0.108,AE,2,Blue,706,5929,1046,1640,2836,1045,1630,2856,1028,1595,2900,1009,1571,2885,932,1512,2908
3737P3737_mono_0104,115.1,0.148,AE,2,Blue,707,5571,806,1451,2785,849,1511,2675,932,1528,2703,909,1516,2696,883,1466,2713
3737P3737_mono_0105,146.9,0.038,IH,11,Teal,708,4857,357,1962,2521,352,2034,2531,334,2128,2519,330,2184,2509,333,2239,2461
3737P3737_mono_0106,146.5,0.088,AH,3,Black,709,6286,414,1762,2750,410,1764,2683,394,1734,2666,387,1700,2668,307,1681,2668
3737P3737_mono_0107,121.1,0.178,AE,2,Blue,710,5929,636,1942,2778,756,1716,2684,823,1568,2670,771,1523,2716,670,1546,2749
3737P3737_mono_0108,117.2,0.238,UW,17,Cyan,711,5214,407,1640,2264,437,1615,2312,444,1467,2346,454,1244,2437,382,1235,2385
3737P3737_mono_0109,174.8,0.048,AY,7,Magenta,712,6286,623,1677,2656,576,1763,2657,548,1870,2704,543,2005,2881,477,2017,2919
3737P3737_mono_0110,239.8,0.06,UH,16,Silver,713,5571,435,2053,2811,429,2069,2787,451,2126,2683,398,2136,2657,343,2114,2632
3737P3737_mono_0111,244,0.048,AH,3,Black,714,5571,382,2108,2653,385,2053,2731,389,2030,2792,364,2042,2815,321,1994,2865
3737P3737_mono_0112,217.6,0.11,IY,13,Pink,715,6643,270,2595,3153,278,2606,3044,279,2620,3120,294,2629,3137,312,2553,3131
3737P3737_mono_0113,159.1,0.07,IH,11,Teal,716,6286,301,2359,3145,322,2327,3069,360,2176,2686,395,2055,2534,479,1935,2465
3737P3737_mono_0114,192.9,0.048,AH,3,Black,717,6286,498,1549,2681,466,1494,2656,446,1362,2682,393,1207,2728,326,1132,2661
3737P3737_mono_0115,166.6,0.048,IH,11,Teal,718,6286,478,1466,2711,488,1625,2722,517,1785,2785,517,1891,2822,428,1893,2845
3737P3737_mono_0116,121.7,0.308,OW,14,Maroon,719,5214,575,1733,2706,675,1539,2590,630,1338,2739,471,1108,2408,420,1198,2461
3737P3737_mono_0117,155.8,0.08,OW,14,Maroon,720,4857,505,1036,2502,536,1049,2592,537,1001,2669,530,951,2742,499,934,2818
3737P3737_mono_0118,186.1,0.098,AY,7,Magenta,721,4857,615,1134,1562,581,1084,1718,393,1007,1990,354,1007,2118,296,984,2097
3737P3737_mono_0119,123.7,0.25,OW,14,Maroon,722,5571,659,1501,2811,708,1360,2886,675,1170,2899,595,1084,2879,499,1354,2778
3737P3737_mono_0120,154.4,0.12,AE,2,Blue,723,5214,846,1904,2822,789,1879,2820,722,1861,2825,659,1853,2831,562,1850,2841
3737P3737_mono_0121,154.9,0.13,OW,14,Maroon,724,4857,517,1692,2689,561,1505,2622,561,1359,2669,525,1250,2603,484,1108,2578
3737P3737_mono_0122,179.7,0.078,ER,9,Lime,725,5571,471,1241,1953,507,1319,1918,522,1414,1897,508,1409,1877,477,1411,1886
3737P3737_mono_0123,165.5,0.07,ER,9,Lime,726,4857,543,1457,1863,541,1480,1921,516,1488,1971,514,1566,2011,458,1598,2119
3737P3737_mono_0124,156.4,0.05,AH,3,Black,727,5929,544,1504,2790,452,1462,2822,488,1377,2821,515,1279,2823,331,1145,2505
3737P3737_mono_0125,155.6,0.038,AH,3,Black,728,4857,649,1218,2809,632,1307,2796,632,1413,2774,595,1458,2769,606,1507,2746
3737P3737_mono_0126,148.2,0.268,EY,10,Purple,729,5571,542,1785,2727,594,1886,2742,571,1942,2739,496,2030,2711,441,2074,2695
3737P3737_mono_0127,178.4,0.118,ER,9,Lime,730,4857,367,1444,2050,365,1126,2002,355,1065,1976,443,1096,1951,614,1396,2008
3737P3737_mono_0128,214.6,0.098,AE,2,Blue,731,5571,814,1566,2290,934,1580,2565,923,1581,2658,931,1586,2724,891,1653,2720
3737P3737_mono_0129,141.4,0.038,IH,11,Teal,732,5929,421,1796,2696,440,1825,2720,442,1808,2706,444,1774,2680,422,1675,2654
3737P3737_mono_0130,132.4,0.08,IH,11,Teal,733,5929,477,1671,2608,496,1723,2651,524,1725,2662,533,1720,2694,538,1677,2685
3737P3737_mono_0131,138.6,0.118,OW,14,Maroon,734,5571,577,1352,2726,558,1215,2739,523,1152,2746,433,1092,2733,406,1020,2741
3737P3737_mono_0132,152,0.07,AH,3,Black,735,5929,402,1605,2715,401,1652,2674,423,1687,2730,399,1772,2772,381,1773,2847
3737P3737_mono_0133,144.1,0.05,AE,2,Blue,736,5929,479,1662,2746,504,1681,2760,531,1695,2774,570,1727,2762,530,1742,2759
3737P3737_mono_0134,163.5,0.148,UW,17,Cyan,737,5571,359,2029,2670,355,2066,2643,345,2019,2558,328,1974,2544,314,1818,2462
3737P3737_mono_0135,196.2,0.038,EH,8,Black,738,5929,601,1461,2672,684,1441,2692,706,1400,2712,706,1373,2758,711,1352,2855
3737P3737_mono_0136,183.3,0.12,AA,1,Red,739,5929,813,1151,3009,808,1191,2936,867,1223,2976,814,1333,2870,732,1425,3026
3737P3737_mono_0137,225.8,0.04,IY,13,Pink,740,5214,393,1697,2408,380,1525,2440,358,1435,2415,360,1403,2444,354,1346,2474
3737P3737_mono_0138,167.4,0.038,OW,14,Maroon,741,6286,478,1227,2535,455,1201,2600,446,1167,2639,418,1121,2770,320,1173,2804
3737P3737_mono_0139,163.5,0.2,AW,5,Olive,742,5571,878,1615,2860,952,1655,2879,975,1586,2924,897,1411,2981,823,1357,2960
3737P3737_mono_0140,128.5,0.04,AE,2,Blue,743,5571,410,1615,2665,455,1617,2664,483,1611,2676,487,1621,2672,481,1605,2659
3737P3737_mono_0141,112.9,0.03,AH,3,Black,744,6286,422,1638,2669,405,1650,2676,392,1668,2681,341,1674,2727,312,1689,2775
3737P3737_mono_0142,109.6,0.238,AY,7,Magenta,745,5571,838,1495,2892,742,1490,2818,718,1639,2742,628,1780,2702,530,1799,2674
3737P3737_mono_0143,176.8,0.08,AE,2,Blue,746,4857,603,1615,2741,923,1661,2741,911,1637,2758,883,1615,2720,851,1607,2709
3737P3737_mono_0144,195.1,0.038,ER,9,Lime,747,4857,419,1800,2102,388,1788,1893,383,1728,1879,397,1731,1857,403,1725,1817
3737P3737_mono_0145,183.6,0.048,AH,3,Black,748,4857,406,1721,1768,409,1680,2018,409,1678,1900,396,1657,2180,351,1886,2152
3737P3737_mono_0146,269.7,0.048,UW,17,Cyan,749,6286,287,2075,2639,296,1913,2710,300,1755,2715,295,1508,2702,278,1449,2668
3737P3737_mono_0147,136.9,0.17,AY,7,Magenta,750,6643,641,1509,2891,681,1594,2915,675,1744,2790,581,1884,2749,486,2116,2744
3737P3737_mono_0148,149.1,0.05,AH,3,Black,751,5929,464,1642,2752,421,1644,2801,424,1589,2769,419,1592,2839,359,1571,2800
3737P3737_mono_0149,155.7,0.058,AH,3,Black,752,5929,582,1580,2851,665,1536,2876,666,1507,2887,628,1475,2883,507,1449,2864
3737P3737_mono_0150,159.5,0.058,IH,11,Teal,753,5929,391,2024,2704,401,2161,2712,401,2284,2701,359,2355,2679,323,2434,2692
3737P3737_mono_0151,189.8,0.148,EY,10,Purple,754,6643,450,2073,2660,420,2419,2875,405,2479,2953,411,2519,2942,389,2575,2885
3737P3737_mono_0152,195.5,0.208,IY,13,Pink,755,5929,397,2376,2810,384,2522,2920,385,2404,2859,428,2104,2865,449,2245,2916
3737P3737_mono_0153,152.8,0.108,EH,8,Black,756,5929,663,1888,2852,680,1894,2818,648,1909,2820,583,1931,2785,396,1955,2768
3737P3737_mono_0154,95,0.148,EY,10,Purple,757,5571,420,1948,2668,464,2059,2651,468,2104,2643,459,2137,2641,441,2042,2621
3737P3737_mono_0155,166.2,0.098,AY,7,Magenta,758,5214,693,1627,2799,702,1682,2764,676,1722,2707,635,1739,2662,522,1610,2562
3737P3737_mono_0156,179.9,0.118,AA,1,Red,759,6286,796,880,3169,934,989,3152,949,1097,3073,806,1405,3021,596,1549,2996
3737P3737_mono_0157,229.9,0.088,ER,9,Lime,760,6286,419,1776,2542,438,1782,2531,448,1789,2526,451,1806,2583,408,1808,2632
3737P3737_mono_0158,0,0.048,IH,11,Teal,761,5571,547,1754,3004,588,1826,2979,925,1893,3119,454,1575,2671,1065,1929,3029
3737P3737_mono_0159,219.2,0.048,AH,3,Black,762,6286,466,1606,2787,486,1560,2749,461,1519,2714,349,1486,2723,281,1692,2728
3737P3737_mono_0160,169.9,0.038,AH,3,Black,763,6286,572,1740,2768,541,1748,2762,485,1797,2740,447,1930,2740,352,1900,2736
3737P3737_mono_0161,226,0.078,IH,11,Teal,764,6286,357,1951,2716,402,2088,2811,422,2040,2751,418,2029,2782,373,1933,2784
3737P3737_mono_0162,214.6,0.16,UW,17,Cyan,765,5214,332,1967,2645,336,2054,2584,357,1707,2613,341,1452,2707,307,1506,2624
3737P3737_mono_0163,164.3,0.328,AY,7,Magenta,766,5929,708,1465,2861,819,1401,2921,726,1500,2820,623,1812,2742,586,1804,2705
3737P3737_mono_0164,153.3,0.1,AA,1,Red,767,5929,672,1647,2733,719,1546,2757,737,1474,2791,701,1485,2772,653,1535,2777
3737P3737_mono_0165,153.5,0.078,AH,3,Black,768,5571,446,1661,2142,482,1553,2167,449,1476,2166,426,1457,2104,407,1487,2084
3737P3737_mono_0166,189.7,0.08,UW,17,Cyan,769,7000,339,1673,2850,372,1609,2805,377,1484,2772,386,1564,2708,378,1554,2638
3737P3737_mono_0167,130.4,0.13,ER,9,Lime,770,4500,444,1616,2176,512,1524,1953,513,1541,1890,496,1557,1867,467,1688,1901
3737P3737_mono_0168,124.2,0.058,EH,8,Black,771,6643,484,2164,2713,541,1846,2706,634,1580,2753,645,1426,2842,647,1309,2949
3737P3737_mono_0169,130.9,0.088,IH,11,Teal,772,5929,570,1405,2984,487,1559,2850,441,1771,2786,374,2070,2722,316,2344,2619
3737P3737_mono_0170,125.2,0.098,UW,17,Cyan,773,4857,296,2001,2548,295,1963,2497,297,1755,2511,305,1566,2534,308,1382,2514
3737P3737_mono_0171,190.6,0.25,UW,17,Cyan,774,6286,403,1928,2708,406,1907,2644,394,1709,2599,393,1500,2581,370,1263,2566
3737P3737_mono_0172,160.8,0.1,AY,7,Magenta,775,6643,651,1537,3022,657,1703,2992,619,1968,2884,477,2338,2779,363,2526,2741
3737P3737_mono_0173,158.6,0.128,IH,11,Teal,776,5929,369,2480,2679,399,2410,2738,383,2322,2720,378,2208,2637,389,1742,2574
3737P3737_mono_0174,160.5,0.048,AH,3,Black,777,4857,420,1339,2707,423,1423,2721,424,1480,2707,348,1486,2693,298,1491,2669
3737P3737_mono_0175,157.3,0.038,AH,3,Black,778,5929,310,1562,2827,293,1571,2786,309,1593,2729,273,1654,2739,214,1699,2750
3737P3737_mono_0176,214.3,0.09,AW,5,Olive,779,5571,778,1747,2991,784,1654,2933,786,1551,3040,790,1483,3051,684,1443,2978
3737P3737_mono_0177,106.1,0.1,EH,8,Black,780,5929,626,1646,2686,670,1639,2672,695,1627,2663,720,1627,2651,701,1635,2675
3737P3737_mono_0178,146.2,0.06,AH,3,Black,781,5571,463,1647,2681,496,1649,2704,487,1663,2713,515,1675,2720,422,1657,2722
3737P3737_mono_0179,149.2,0.08,AH,3,Black,782,4857,700,1559,2817,770,1510,2808,880,1487,2702,870,1475,2750,837,1423,2739
3737P3737_mono_0180,142,0.05,AH,3,Black,783,5929,368,1619,2728,420,1687,2742,443,1693,2775,423,1698,2793,375,1704,2802
3737P3737_mono_0181,114,0.26,IY,13,Pink,784,4500,276,1362,2475,273,1234,2511,310,1226,2497,347,1281,2342,365,1186,2151
3737P3737_mono_0182,162.8,0.08,AY,7,Magenta,785,5929,596,1658,2914,786,1603,2818,711,1737,2726,653,1819,2738,602,1918,2845
3737P3737_mono_0183,217.8,0.12,AE,2,Blue,786,4500,536,1658,2412,747,1652,2487,841,1662,2527,895,1615,2600,943,1539,2655
3737P3737_mono_0184,171.4,0.048,AH,3,Black,787,5571,840,1462,2880,762,1491,2914,732,1539,2890,692,1564,2889,665,1597,2866
3737P3737_mono_0185,174.6,0.048,ER,9,Lime,788,5571,452,1735,2301,456,1692,2230,461,1649,2176,458,1643,2203,462,1665,2207
3737P3737_mono_0186,172.8,0.058,AH,3,Black,789,5929,461,1726,2340,440,1743,2488,408,1765,2640,367,1834,2762,336,1871,2836
3737P3737_mono_0187,132,0.24,IY,13,Pink,790,6643,376,2284,2811,302,2422,2900,313,2456,2885,348,2388,2698,367,2252,2601
3737P3737_mono_0188,154.8,0.028,IH,11,Teal,791,5571,404,1346,2784,397,1397,2827,373,1445,2831,351,1463,2808,300,1515,2816
3737P3737_mono_0189,188.5,0.04,AH,3,Black,792,5571,402,1761,2854,282,1727,2824,273,1682,2738,288,1686,2786,293,1730,2780
3737P3737_mono_0190,181.8,0.038,AH,3,Black,793,6286,463,1966,2763,466,1981,2780,425,1877,2672,358,1708,2563,290,1944,2893
3737P3737_mono_0191,131.2,0.248,IY,13,Pink,794,5929,329,2182,2846,291,2415,2860,297,2408,2815,330,2316,2732,346,1969,2671
3737P3737_mono_0192,149.4,0.04,AE,2,Blue,795,5214,715,1950,2777,678,1910,2791,691,1809,2763,629,1853,2673,601,1858,2704
3737P3737_mono_0193,161.1,0.128,AA,1,Red,796,5929,639,1057,2829,710,1129,2829,746,1251,2836,726,1387,2794,596,1498,2857
3737P3737_mono_0194,163.6,0.05,AH,3,Black,797,5929,502,1776,2733,363,1942,2762,344,2116,2772,338,2229,2744,335,2395,2795
3737P3737_mono_0195,144.4,0.05,EH,8,Black,798,5929,456,1945,2663,522,1699,2687,578,1561,2738,601,1459,2767,593,1372,2824
3737P3737_mono_0196,172,0.078,OW,14,Maroon,799,6643,552,1309,2936,549,1320,2906,530,1250,2917,484,1199,2921,392,1102,2909
3737P3737_mono_0197,138.2,0.078,UW,17,Cyan,800,5571,341,1590,2731,341,1669,2697,340,1819,2649,316,1880,2636,301,1896,2620
3737P3737_mono_0198,126.5,0.078,IH,11,Teal,801,5571,378,2123,2718,433,1945,2717,512,1879,2710,522,1826,2744,445,1762,2768
3737P3737_mono_0199,146.3,0.1,AE,2,Blue,802,6286,547,2372,3026,560,2387,2965,484,2438,2980,442,2448,2886,381,2515,2917
3737P3737_mono_0200,150.8,0.048,AH,3,Black,803,5571,430,1329,2765,414,1238,2849,431,1180,2916,448,1110,2946,440,1076,2932
3737P3737_mono_0201,144.3,0.05,AH,3,Black,804,6643,440,1755,2885,499,1748,2851,470,1673,2819,338,1563,2777,298,1627,2762
3737P3737_mono_0202,121,0.138,AW,5,Olive,805,5929,910,1620,2747,874,1553,2696,806,1424,2523,674,1261,2460,583,1153,2396
3737P3737_mono_0203,111.9,0.08,ER,9,Lime,806,5929,588,1204,2264,586,1276,2229,601,1349,2406,591,1361,2451,544,1255,2519
3737P3737_mono_0204,108.3,0.18,AY,7,Magenta,807,6643,660,1202,2913,627,1297,2885,679,1410,2874,654,1557,2797,599,1756,2748
3737P3737_mono_0205,245.4,0.08,IH,11,Teal,808,5929,305,1946,2543,315,2076,2483,347,1968,2472,375,1827,2490,436,1759,2491
3737P3737_mono_0206,217.1,0.048,AO,4,Green,809,5571,612,1515,2733,684,1463,2678,772,1393,2604,821,1399,2562,818,1343,2519
3737P3737_mono_0207,132.6,0.1,IH,11,Teal,810,5929,400,1960,2717,401,2052,2715,366,2125,2710,345,2256,2692,368,2297,2651
3737P3737_mono_0208,177.6,0.038,AH,3,Black,811,5929,541,1578,2721,544,1628,2740,549,1652,2740,545,1658,2762,523,1679,2786
3737P3737_mono_0209,160,0.088,AA,1,Red,812,5929,697,1442,2835,778,1371,2942,816,1331,2900,811,1348,2888,744,1437,2879
3737P3737_mono_0210,221.2,0.05,AH,3,Black,813,5929,529,1658,2843,453,1619,2855,426,1595,2926,311,1749,2908,236,1734,2850
3737P3737_mono_0211,125.5,0.16,IY,13,Pink,814,4500,427,1583,2279,363,1501,2401,316,1399,2471,292,1010,2479,275,1111,2296
3737P3737_mono_0212,161.9,0.06,AA,1,Red,815,5571,681,1530,2866,707,1475,2882,749,1420,2874,782,1416,2839,769,1381,2866
3737P3737_mono_0213,164.7,0.038,AH,3,Black,816,6286,506,1402,2681,467,1342,2686,453,1238,2665,439,1101,2658,410,996,2652
3737P3737_mono_0214,106.7,0.13,ER,9,Lime,817,4500,496,1121,1998,540,1299,1836,553,1427,1785,559,1520,1819,801,1671,2159
4G2A0GO67_mono_0001,167,0.038,IH,11,Teal,818,4857,423,1588,2756,388,1539,2778,408,1550,2783,409,1562,2761,356,1536,2630
4G2A0GO67_mono_0002,146.6,0.06,AO,4,Green,819,4857,452,887,2524,456,881,2513,472,922,2441,488,990,2409,497,985,2323
4G2A0GO67_mono_0003,176.9,0.06,IH,11,Teal,820,5571,453,2024,2934,485,2087,2788,503,2189,2780,504,2363,2708,470,2281,2692
4G2A0GO67_mono_0004,147.8,0.058,AY,7,Magenta,821,5214,623,1526,2703,592,1528,2676,585,1586,2588,567,1496,2479,552,1385,2326
4G2A0GO67_mono_0005,143,0.06,OW,14,Maroon,822,4857,519,948,2655,517,988,2707,522,1036,2662,499,1063,2551,411,1065,2535
4G2A0GO67_mono_0006,173.9,0.06,AH,3,Black,823,4857,534,1414,2591,554,1370,2530,531,1256,2491,502,1167,2534,475,1204,2571
4G2A0GO67_mono_0007,132.1,0.118,EY,10,Purple,824,4857,501,1647,2729,486,1925,2749,457,2126,2741,412,2263,2787,406,2263,2814
4G2A0GO67_mono_0008,156.5,0.17,AE,2,Blue,825,7000,450,2245,2877,434,2216,2915,472,2184,2937,500,2075,2940,501,1984,2916
4G2A0GO67_mono_0009,132,0.028,IH,11,Teal,826,4857,469,1959,2941,449,2032,2901,425,807,2471,385,857,2266,370,912,2164
4G2A0GO67_mono_0010,133.8,0.06,IY,13,Pink,827,4857,361,845,2410,367,820,2408,364,843,2389,359,794,2406,340,788,2474
4G2A0GO67_mono_0011,134.6,0.028,IY,13,Pink,828,5214,419,1863,2839,417,1957,2849,417,2035,2821,421,1995,2828,423,1963,2831
4G2A0GO67_mono_0012,140.9,0.028,AH,3,Black,829,5571,426,1932,2805,430,1911,2801,433,1871,2800,435,1867,2799,436,1843,2808
4G2A0GO67_mono_0013,155.2,0.048,IY,13,Pink,830,5571,404,1924,2743,401,2166,2817,374,2160,2817,393,2167,2799,288,2195,2828
4G2A0GO67_mono_0014,148,0.07,AH,3,Black,831,5929,480,1351,2525,497,1342,2626,504,1344,2443,475,1308,2415,435,1304,2470
4G2A0GO67_mono_0015,139.1,0.07,AY,7,Magenta,832,7000,489,1384,3219,495,1539,3336,503,1628,2607,503,1738,2775,461,1738,2728
4G2A0GO67_mono_0016,132.6,0.088,OW,14,Maroon,833,6286,484,1187,2416,490,1103,2602,491,992,2642,487,957,3076,500,1011,3195
4G2A0GO67_mono_0017,126.8,0.04,AA,1,Red,834,5214,504,1044,2842,515,1121,2926,512,1183,2930,507,1203,2911,514,1204,2972
4G2A0GO67_mono_0018,135.3,0.028,AH,3,Black,835,5214,419,1588,2872,407,1625,2907,465,1747,2944,449,1541,2794,438,1727,2886
4G2A0GO67_mono_0019,113.5,0.068,EH,8,Black,836,5571,480,1524,2283,462,1565,2352,491,1578,2474,519,1590,2622,591,1596,2822
4G2A0GO67_mono_0020,165,0.188,ER,9,Lime,837,5571,463,1659,2455,468,1629,2144,491,1670,2010,452,1724,2128,669,1822,2187
4G2A0GO67_mono_0021,136.2,0.078,EY,10,Purple,838,5571,445,1768,2125,425,1992,2331,396,2197,2756,389,2220,2884,361,2212,2933
4G2A0GO67_mono_0022,131,0.05,AA,1,Red,839,7000,550,1528,2446,576,1477,2312,612,1482,2268,639,1434,2110,627,1437,2041
4G2A0GO67_mono_0023,97.9,0.128,AY,7,Magenta,840,5929,517,1746,2243,505,1850,2361,477,2087,2505,444,2207,2723,444,2306,2848
4G2A0GO67_mono_0024,140.2,0.048,AY,7,Magenta,841,5571,740,1557,2249,569,1555,2051,519,1534,2058,500,1490,2050,458,1447,2115
4G2A0GO67_mono_0025,162.2,0.04,AH,3,Black,842,7000,567,1271,2340,565,1260,2457,558,1200,2504,538,1113,2506,527,1027,2539
4G2A0GO67_mono_0026,182.1,0.04,AH,3,Black,843,7000,492,1209,2719,498,1151,2802,494,1198,2847,469,1206,2928,406,931,2696
4G2A0GO67_mono_0027,176.9,0.05,IH,11,Teal,844,5929,491,1802,2856,499,2063,2940,517,2274,2962,537,2402,2960,558,2502,2920
4G2A0GO67_mono_0028,140.1,0.048,AE,2,Blue,845,5571,899,1587,2577,858,1581,2573,845,1554,2555,815,1496,2522,795,1409,2452
4G2A0GO67_mono_0029,143,0.048,AA,1,Red,846,6286,529,1076,2338,546,1057,2369,527,1048,2250,518,1012,2241,517,1043,2181
4G2A0GO67_mono_0030,152.5,0.108,AH,3,Black,847,5214,307,1694,2423,461,1706,2400,459,1626,2434,452,1611,2510,444,1567,2463
4G2A0GO67_mono_0031,142,0.068,AE,2,Blue,848,6643,703,1425,2161,685,1384,2211,639,1371,2237,547,1321,2184,477,1353,2198
4G2A0GO67_mono_0032,145.8,0.06,ER,9,Lime,849,4857,463,1422,1913,462,1436,1937,460,1437,1882,443,1463,1883,426,1470,2256
4G2A0GO67_mono_0033,149.7,0.038,ER,9,Lime,850,6286,447,1505,1896,456,1410,1793,459,1432,1804,465,1419,1778,457,1366,1804
4G2A0GO67_mono_0034,136.5,0.06,AH,3,Black,851,4500,465,1288,2233,459,1311,2347,476,1428,2413,486,1482,2564,487,1439,2646
4G2A0GO67_mono_0035,128.6,0.05,AY,7,Magenta,852,5214,440,1534,2780,441,1643,2755,419,1819,2727,411,1969,2682,360,2145,2683
4G2A0GO67_mono_0036,137.8,0.038,EH,8,Black,853,6286,644,1724,2789,682,1752,2836,674,1701,2844,606,1713,2904,523,1699,2879
4G2A0GO67_mono_0037,66.3,0.06,IH,11,Teal,854,6286,479,1644,2921,482,1743,2933,510,1756,2886,491,1740,2907,483,1765,2889
4G2A0GO67_mono_0038,122.5,0.158,AW,5,Olive,855,6286,650,1684,2837,745,1559,2730,790,1535,2694,699,1327,2582,680,1167,2580
4G2A0GO67_mono_0039,175.4,0.038,AH,3,Black,856,6286,313,1380,2766,351,1439,2672,382,1504,2750,342,1549,2920,255,1615,2870
4G2A0GO67_mono_0040,188.5,0.088,AY,7,Magenta,857,6643,687,1787,2620,683,1709,2630,697,1644,2605,686,1626,2652,647,1521,2699
4G2A0GO67_mono_0041,181.8,0.038,UH,16,Silver,858,6286,449,1338,2710,435,1429,2720,402,1572,2619,335,1738,2549,253,1846,2430
4G2A0GO67_mono_0042,159.4,0.118,IH,11,Teal,859,4857,419,1452,2296,441,1698,2281,466,1811,2282,469,1808,2292,481,1787,2310
4G2A0GO67_mono_0043,142.5,0.05,AY,7,Magenta,860,5929,483,1692,2943,475,1831,2934,447,1969,2893,415,2147,2777,382,2246,2748
4G2A0GO67_mono_0044,137.5,0.18,AE,2,Blue,861,6286,591,1624,2868,667,1653,2787,684,1674,2712,668,1672,2753,582,1709,2751
4G2A0GO67_mono_0045,168.9,0.058,EY,10,Purple,862,6643,432,2162,2951,450,2206,2912,450,2180,2890,452,2171,2883,444,2171,2830
4G2A0GO67_mono_0046,162.3,0.07,AH,3,Black,863,4857,480,1645,2508,486,1581,2518,484,1409,2488,479,1260,2453,466,1113,2450
4G2A0GO67_mono_0047,149.5,0.098,UW,17,Cyan,864,5571,367,1256,2568,354,1293,2533,338,1305,2449,314,1338,2438,299,1328,2422
4G2A0GO67_mono_0048,142.8,0.12,EY,10,Purple,865,6643,456,1809,2149,456,1922,2358,434,2043,2451,433,2121,2768,414,2026,2887
4G2A0GO67_mono_0049,136.3,0.058,AE,2,Blue,866,5929,554,1724,2737,559,1705,2697,582,1700,2680,561,1678,2651,495,1561,2518
4G2A0GO67_mono_0050,136.3,0.058,EY,10,Purple,867,5214,477,1944,2670,463,2067,2749,481,2209,2736,501,2313,2716,622,2339,2825
4G2A0GO67_mono_0051,134,0.03,UW,17,Cyan,868,6286,283,2186,2845,228,2130,3000,194,1937,2863,1603,2737,4048,1427,2471,4117
4G2A0GO67_mono_0052,131.7,0.04,IH,11,Teal,869,5214,480,1778,2725,512,1840,2698,538,1805,2574,553,1739,2586,611,1716,2562
4G2A0GO67_mono_0053,140.5,0.03,IH,11,Teal,870,4500,727,1760,2715,509,1697,2718,360,1726,2699,219,1716,2681,171,1668,2664
4G2A0GO67_mono_0054,145.9,0.038,AH,3,Black,871,4857,478,1508,2703,478,1480,2647,473,1433,2611,479,1392,2523,435,1293,2501
4G2A0GO67_mono_0055,133.3,0.09,AW,5,Olive,872,5571,660,1353,2608,712,1341,2605,711,1320,2730,695,1342,2699,650,1397,2666
4G2A0GO67_mono_0056,139.8,0.038,AH,3,Black,873,4857,342,1635,2128,351,1400,1815,362,1341,1559,401,1197,1412,400,953,1551
4G2A0GO67_mono_0057,132.6,0.078,EY,10,Purple,874,5571,496,1856,2461,501,2037,2694,495,2175,2847,483,2237,2888,474,2240,2817
4G2A0GO67_mono_0058,117.3,0.07,ER,9,Lime,875,4857,484,1743,2197,495,1683,1978,496,1694,1965,502,1658,1904,511,1654,1840
4G2A0GO67_mono_0059,114,0.11,AA,1,Red,876,5571,581,1383,2629,721,1359,2732,654,1260,2761,687,1237,2774,665,1242,2774
4G2A0GO67_mono_0060,167.2,0.038,AY,7,Magenta,877,5929,681,1402,2580,548,1471,2405,551,1517,2471,627,1533,2671,669,1586,2703
4G2A0GO67_mono_0061,174.2,0.078,AA,1,Red,878,6286,604,1391,2626,617,1344,2546,643,1292,2522,632,1278,2451,566,1153,2424
4G2A0GO67_mono_0062,173.8,0.068,AY,7,Magenta,879,6643,627,1315,2301,640,1417,2360,622,1431,2416,581,1446,2547,518,1450,2579
4G2A0GO67_mono_0063,155.4,0.05,AH,3,Black,880,7000,489,1592,2601,484,1610,2562,469,1676,2446,437,1669,2492,448,1673,2613
4G2A0GO67_mono_0064,155.1,0.028,AO,4,Green,881,5571,495,855,2164,507,906,2113,495,963,2101,489,991,2055,487,1018,2036
4G2A0GO67_mono_0065,156.7,0.06,ER,9,Lime,882,4500,473,1366,1654,480,1416,1748,480,1445,1833,483,1424,1816,462,1542,2391
4G2A0GO67_mono_0066,144.5,0.028,AH,3,Black,883,4857,438,1514,2092,429,1511,1995,419,1468,1899,406,1409,1939,382,1391,2139
4G2A0GO67_mono_0067,142.7,0.068,AE,2,Blue,884,6643,597,1452,2314,646,1275,2370,631,1356,2478,580,1225,2318,532,1204,2303
4G2A0GO67_mono_0068,141.5,0.07,AH,3,Black,885,4857,485,1163,2147,496,1256,2263,520,1408,2267,543,1542,2328,475,1647,2617
4G2A0GO67_mono_0069,151.3,0.048,OW,14,Maroon,886,4857,468,1297,2404,462,1322,2415,457,1375,2457,445,1433,2540,444,1515,2599
4G2A0GO67_mono_0070,150.7,0.03,IH,11,Teal,887,4500,268,1467,2248,218,1381,2414,211,1522,2437,201,1328,2480,240,1387,2461
4G2A0GO67_mono_0071,145.1,0.108,EY,10,Purple,888,5214,448,1897,2704,464,2013,2854,450,2067,2945,439,2192,2866,429,2327,2760
4G2A0GO67_mono_0072,145.9,0.058,AH,3,Black,889,5929,431,1450,2466,444,1258,2630,451,1173,2670,454,1068,2722,448,968,2817
4G2A0GO67_mono_0073,140.7,0.06,AO,4,Green,890,4857,466,1018,2269,486,977,2288,488,977,2290,493,979,2220,495,992,2048
4G2A0GO67_mono_0074,136.8,0.028,AH,3,Black,891,5571,437,1371,1869,426,1217,1844,415,1039,1881,387,957,1914,343,957,1955
4G2A0GO67_mono_0075,148.7,0.118,UW,17,Cyan,892,4857,389,2017,2354,378,2008,2337,371,2000,2348,393,2019,2401,399,2057,2575
4G2A0GO67_mono_0076,151.6,0.028,AH,3,Black,893,4857,674,1477,2550,563,1452,2552,494,1476,2567,354,1495,2636,407,1481,2664
4G2A0GO67_mono_0077,151,0.07,EY,10,Purple,894,7000,446,1982,2597,443,2005,2582,439,2105,2566,446,2086,2585,455,2060,2531
4G2A0GO67_mono_0078,150.3,0.048,ER,9,Lime,895,5571,456,1577,1846,451,1500,1741,446,1386,1714,433,1248,1649,413,1163,1719
4G2A0GO67_mono_0079,130.9,0.108,OW,14,Maroon,896,5929,515,1220,2318,516,1223,2442,491,1180,2514,478,1146,2529,482,1101,2612
4G2A0GO67_mono_0080,135.9,0.158,AW,5,Olive,897,6286,660,1315,2566,711,1330,2615,747,1229,2650,703,1167,2524,626,1174,2509
4G2A0GO67_mono_0081,141.1,0.04,IY,13,Pink,898,5571,426,1927,2572,436,2056,2571,429,2101,2562,383,2255,2489,389,2347,2446
4G2A0GO67_mono_0082,157.8,0.08,AE,2,Blue,899,7000,649,1830,2781,693,1741,2769,702,1653,2739,684,1635,2716,654,1675,2833
4G2A0GO67_mono_0083,154.4,0.028,IH,11,Teal,900,5214,435,1761,2271,436,1718,2187,443,1720,2158,445,1728,2213,448,1716,2253
4G2A0GO67_mono_0084,138.1,0.13,OW,14,Maroon,901,4857,453,1745,2446,530,1598,2352,540,1415,2328,508,1350,2291,461,1341,2270
4G2A0GO67_mono_0085,151.9,0.05,AH,3,Black,902,6643,508,1060,2896,558,1124,2971,570,1253,2909,569,1356,2919,542,1411,2916
4G2A0GO67_mono_0086,128.5,0.08,EY,10,Purple,903,5214,490,2044,3045,519,2147,3091,503,2268,3072,463,2333,3042,479,2260,2979
4G2A0GO67_mono_0087,62,0.05,EH,8,Black,904,7000,440,2281,2943,440,2165,3050,525,2128,2979,506,2043,2952,532,1942,2956
4G2A0GO67_mono_0088,121,0.098,ER,9,Lime,905,5214,495,1751,2759,483,1713,2532,444,1733,2188,420,1784,2180,426,1779,2243
4G2A0GO67_mono_0089,120.5,0.11,IY,13,Pink,906,7000,246,2286,3212,234,2278,3174,238,2282,3150,162,2384,3094,247,2370,3015
4G2A0GO67_mono_0090,156.3,0.078,AE,2,Blue,907,6643,509,1632,3044,598,1664,2897,672,1673,2906,681,1725,2927,696,1798,2950
4G2A0GO67_mono_0091,174,0.09,AE,2,Blue,908,5571,968,1581,2747,936,1579,2612,847,1534,2790,807,1525,2715,854,1428,2615
4G2A0GO67_mono_0092,147.6,0.11,AE,2,Blue,909,5571,749,1397,2682,744,1414,2642,729,1455,2652,708,1471,2656,697,1437,2569
4G2A0GO67_mono_0093,150.2,0.038,AY,7,Magenta,910,5929,460,1410,2812,451,1514,2815,447,1611,2868,437,1782,2895,413,1889,2921
4G2A0GO67_mono_0094,188.6,0.13,AE,2,Blue,911,7000,638,1883,2932,737,1710,2711,774,1636,2723,733,1620,2726,602,1635,2874
4G2A0GO67_mono_0095,131.7,0.178,UW,17,Cyan,912,4857,395,1386,1816,402,1572,1886,408,1472,2099,379,1263,2290,224,1129,2391
4G2A0GO67_mono_0096,151.9,0.05,AY,7,Magenta,913,6643,596,1454,2815,588,1449,2777,589,1489,2599,576,1514,2781,568,1617,2847
4G2A0GO67_mono_0097,200.5,0.048,UH,16,Silver,914,6286,452,1833,2721,436,1886,2665,413,1931,2527,412,2052,2462,406,1851,2476
4G2A0GO67_mono_0098,182.7,0.048,AH,3,Black,915,6286,432,2043,2611,424,2016,2630,438,1908,2664,439,1791,2680,407,1806,2921
4G2A0GO67_mono_0099,168.3,0.08,IY,13,Pink,916,7000,317,2432,3469,317,2491,3510,321,2482,3472,355,2472,3439,486,2533,3372
4G2A0GO67_mono_0100,163,0.048,IH,11,Teal,917,5571,516,2403,3016,496,2286,2849,492,2172,2646,497,2073,2563,487,2007,2546
4G2A0GO67_mono_0101,145.9,0.048,AH,3,Black,918,6286,467,1613,2758,455,1555,2687,443,1348,2562,422,1159,2502,424,1005,2451
4G2A0GO67_mono_0102,150,0.038,IH,11,Teal,919,5929,453,1408,2637,457,1608,2724,457,1747,2763,453,1814,2840,439,1792,2892
4G2A0GO67_mono_0103,153.5,0.098,OW,14,Maroon,920,5571,464,1766,2467,463,1626,2457,461,1443,2467,458,1374,2516,454,1390,2581
4G2A0GO67_mono_0104,148.4,0.07,AY,7,Magenta,921,6286,517,1219,2785,545,1366,2715,566,1448,2677,544,1466,2570,514,1524,2507
4G2A0GO67_mono_0105,147.7,0.118,OW,14,Maroon,922,6286,489,1224,2553,496,1181,2581,490,1145,2625,480,1121,2682,467,1136,2635
4G2A0GO67_mono_0106,146.8,0.07,OW,14,Maroon,923,5929,488,1323,2440,498,1252,2436,492,1137,2374,484,1027,2346,482,974,2227
4G2A0GO67_mono_0107,138.7,0.06,ER,9,Lime,924,4857,472,1133,1615,471,1187,1589,480,1239,1587,504,1263,1592,509,1238,1582
4G2A0GO67_mono_0108,143.9,0.07,ER,9,Lime,925,5929,466,1316,1596,455,1338,1619,443,1386,1690,435,1456,1825,409,1484,2111
4G2A0GO67_mono_0109,139.1,0.24,EY,10,Purple,926,5929,505,1725,2979,514,1976,2935,478,2185,2906,450,2206,2926,578,2063,2801
4G2A0GO67_mono_0110,181.7,0.05,ER,9,Lime,927,5214,419,1606,2148,440,1515,1950,480,1514,1906,519,1544,1933,535,1538,1958
4G2A0GO67_mono_0111,194.4,0.09,AE,2,Blue,928,4857,559,1448,1592,593,1278,1598,620,1206,1590,612,1098,1572,606,861,1534
4G2A0GO67_mono_0112,151.7,0.028,IH,11,Teal,929,5214,463,1787,2290,475,1808,2238,466,1822,2239,451,1829,2236,440,1828,2269
4G2A0GO67_mono_0113,132.9,0.058,IH,11,Teal,930,5214,425,1664,2538,426,1686,2507,428,1618,2501,426,1593,2421,419,1583,2429
4G2A0GO67_mono_0114,129,0.05,IH,11,Teal,931,5214,419,1567,2374,443,1559,2384,448,1626,2425,461,1672,2482,475,1634,2524
4G2A0GO67_mono_0115,142,0.108,OW,14,Maroon,932,4857,518,1564,2312,527,1432,2260,515,1372,2321,451,1125,2426,431,940,2286
4G2A0GO67_mono_0116,157.3,0.03,AH,3,Black,933,7000,436,1514,2647,408,1577,2647,408,1596,2675,410,1620,2711,384,1631,2741
4G2A0GO67_mono_0117,130.9,0.078,AE,2,Blue,934,5571,495,1574,2674,549,1600,2588,519,1601,2530,514,1577,2620,502,1544,2570
4G2A0GO67_mono_0118,137.5,0.148,UW,17,Cyan,935,5571,452,1996,2806,448,1935,2732,435,1735,2684,433,1621,2724,419,1683,2652
4G2A0GO67_mono_0119,134.6,0.03,IH,11,Teal,936,4500,429,1426,2222,450,1500,2217,403,1595,2152,312,1653,2289,233,1653,2217
4G2A0GO67_mono_0120,173.5,0.03,EH,8,Black,937,6286,499,1252,2471,525,1244,2503,524,1210,2553,522,1195,2609,527,1165,2608
4G2A0GO67_mono_0121,143,0.14,AA,1,Red,938,5571,701,1052,2517,719,1098,2609,669,1115,2519,634,1181,2516,553,1189,2680
4G2A0GO67_mono_0122,179.3,0.05,IY,13,Pink,939,5214,378,2183,2654,365,2249,2682,343,2178,2525,319,1880,2355,296,1665,2324
4G2A0GO67_mono_0123,140.2,0.04,OW,14,Maroon,940,5214,464,1310,1933,468,1273,2005,479,1261,2035,472,1222,2107,427,1319,2376
4G2A0GO67_mono_0124,140.7,0.08,AW,5,Olive,941,5214,564,1241,2463,582,1301,2478,608,1344,2478,600,1395,2454,626,1465,2446
4G2A0GO67_mono_0125,123.7,0.028,AE,2,Blue,942,5571,524,1573,2815,522,1562,2809,503,1547,2837,514,1633,2789,495,1663,2797
4G2A0GO67_mono_0126,152.3,0.028,AH,3,Black,943,5571,460,1653,2767,389,1654,2801,355,1603,2807,368,1518,2774,305,1487,2781
4G2A0GO67_mono_0127,113.4,0.13,AY,7,Magenta,944,7000,537,1408,2743,577,1407,2714,573,1445,2667,540,1476,2635,469,1488,2640
4G2A0GO67_mono_0128,153.9,0.048,AE,2,Blue,945,6286,691,1488,2219,709,1503,2271,699,1507,2384,672,1552,2419,670,1537,2422
4G2A0GO67_mono_0129,174.9,0.04,ER,9,Lime,946,5214,443,1653,2338,462,1642,2192,474,1613,2092,477,1607,2050,479,1605,2016
4G2A0GO67_mono_0130,155.4,0.05,AH,3,Black,947,4500,470,1575,1938,464,1538,1869,451,1553,1868,451,1619,1908,414,1729,2381
4G2A0GO67_mono_0131,177.2,0.04,UW,17,Cyan,948,5214,365,1801,2326,368,1631,2329,374,1508,2332,370,1302,2312,372,1195,2284
4G2A0GO67_mono_0132,165.5,0.078,AY,7,Magenta,949,6643,527,1342,2325,526,1516,2367,517,1686,2434,500,1857,2583,471,1868,2717
4G2A0GO67_mono_0133,158,0.038,AH,3,Black,950,4857,530,1272,2494,510,1232,2502,489,1221,2496,472,1204,2446,459,1235,2437
4G2A0GO67_mono_0134,146.9,0.108,EY,10,Purple,951,5929,452,1772,2735,450,1927,2826,428,2094,2851,407,2218,2943,355,2310,2897
4G2A0GO67_mono_0135,149.1,0.08,IY,13,Pink,952,7000,400,2089,2737,378,2172,2814,387,2197,2836,418,2163,2958,444,2003,2938
4G2A0GO67_mono_0136,143.9,0.12,EH,8,Black,953,5214,545,1779,2786,599,1649,2752,596,1650,2812,539,1882,2821,440,2155,2700
4G2A0GO67_mono_0137,148.5,0.108,EY,10,Purple,954,5214,451,2075,2825,439,2102,2778,431,2157,2569,431,2086,2559,411,1595,2433
4G2A0GO67_mono_0138,140.1,0.098,AY,7,Magenta,955,5571,948,1422,2433,730,1419,2354,660,1403,2494,635,1384,2307,608,1292,2251
4G2A0GO67_mono_0139,164,0.058,AA,1,Red,956,6643,542,931,2741,536,1010,2736,536,1132,2721,537,1255,2698,526,1409,2638
4G2A0GO67_mono_0140,167.2,0.06,ER,9,Lime,957,5571,435,1754,2103,425,1717,1989,416,1687,1970,404,1640,1914,383,1597,1832
4G2A0GO67_mono_0141,150,0.038,AH,3,Black,958,6286,456,1500,2781,457,1475,2741,450,1380,2627,427,1265,2571,380,1183,2596
4G2A0GO67_mono_0142,140.9,0.04,AA,1,Red,959,5571,645,980,2032,589,1085,1935,607,1130,1864,598,1137,1712,592,1126,1727
4G2A0GO67_mono_0143,0,0.04,AH,3,Black,960,5571,608,1676,2431,440,1673,2403,400,1741,2316,406,1775,2319,382,1748,2060
4G2A0GO67_mono_0144,178.7,0.04,IH,11,Teal,961,5214,415,2210,2977,409,2170,2978,402,2111,3013,397,2068,3015,393,2020,2960
4G2A0GO67_mono_0145,172.4,0.068,UW,17,Cyan,962,6643,370,2174,2750,390,2068,2690,391,1982,2869,399,1857,3027,406,1691,2841
4G2A0GO67_mono_0146,159.6,0.088,AY,7,Magenta,963,6643,614,1359,2597,685,1473,2646,673,1575,2702,651,1608,2757,649,1603,2738
4G2A0GO67_mono_0147,155.1,0.1,AA,1,Red,964,6643,650,1537,2737,641,1399,2790,636,1350,2828,632,1330,2826,596,1333,2871
4G2A0GO67_mono_0148,150.5,0.038,AH,3,Black,965,6286,468,1384,2741,474,1410,2903,482,1427,2869,458,1421,2848,453,1432,2883
4G2A0GO67_mono_0149,162,0.038,UW,17,Cyan,966,4857,354,1841,2360,354,1818,2356,359,1835,2359,373,1824,2310,374,1788,2293
4G2A0GO67_mono_0150,151.2,0.038,ER,9,Lime,967,4857,400,1800,2178,404,1821,2152,406,1825,2152,398,1830,2164,402,1856,2188
4G2A0GO67_mono_0151,144.2,0.07,EH,8,Black,968,5929,434,1977,3024,469,1760,2984,537,1601,2963,556,1441,2971,556,1367,3029
4G2A0GO67_mono_0152,134.5,0.07,IH,11,Teal,969,6286,493,1363,2959,471,1475,2976,446,1711,2969,394,2004,2970,433,2448,3142
4G2A0GO67_mono_0153,224.1,0.1,UW,17,Cyan,970,6286,414,1909,2948,426,1781,3023,379,1593,3111,312,1269,3086,309,1007,2518
4G2A0GO67_mono_0154,226.6,0.16,UW,17,Cyan,971,7000,404,1665,2969,433,1589,3243,428,1341,3282,395,1119,3037,393,1113,2838
4G2A0GO67_mono_0155,149.6,0.03,AY,7,Magenta,972,7000,482,1783,3075,465,1846,3040,447,1988,3002,334,2147,2986,271,2257,3008
4G2A0GO67_mono_0156,154.7,0.048,AH,3,Black,973,4857,457,1570,2697,451,1561,2775,439,1549,2812,427,1527,2871,411,1521,2877
4G2A0GO67_mono_0157,137.9,0.04,AH,3,Black,974,5214,433,1595,2843,432,1590,2826,433,1620,2835,438,1639,2807,410,1785,2747
4G2A0GO67_mono_0158,168.8,0.068,AW,5,Olive,975,5214,610,1444,1596,601,1451,1690,586,1437,1584,560,1436,1673,525,1476,1623
4G2A0GO67_mono_0159,134.7,0.1,EH,8,Black,976,5929,537,1482,2623,579,1452,2643,563,1569,2629,513,1730,2618,445,2021,2575
4G2A0GO67_mono_0160,0,0.05,AE,2,Blue,977,5929,514,1644,2565,543,1597,2594,551,1550,2582,556,1515,2585,543,1500,2543
4G2A0GO67_mono_0161,164.1,0.05,AH,3,Black,978,7000,528,1454,2780,521,1343,2714,506,1314,2661,473,1206,2834,417,1091,2527
4G2A0GO67_mono_0162,141.7,0.158,IY,13,Pink,979,5929,329,2281,3145,327,2367,3268,337,2402,3212,364,2356,3031,357,2262,2988
4G2A0GO67_mono_0163,161.7,0.048,AY,7,Magenta,980,6286,640,1635,2554,648,1618,2702,638,1636,2666,654,1599,2671,631,1606,2663
4G2A0GO67_mono_0164,170.2,0.09,AE,2,Blue,981,7000,656,1533,2761,689,1523,2644,692,1508,2628,684,1466,2546,691,1417,2521
4G2A0GO67_mono_0165,132.6,0.05,AH,3,Black,982,5929,633,1443,2477,596,1478,2455,553,1501,2435,517,1517,2497,484,1543,2538
4G2A0GO67_mono_0166,159.4,0.08,ER,9,Lime,983,5929,451,1654,2191,456,1565,2070,447,1548,1978,445,1544,1857,440,1539,1801
4G2A0GO67_mono_0167,145.5,0.06,AH,3,Black,984,4857,447,1626,1869,445,1658,1935,437,1665,1970,375,1729,2212,295,1859,2241
4G2A0GO67_mono_0168,150.2,0.18,IY,13,Pink,985,5571,342,2155,2780,335,2264,2981,360,2289,2862,385,2302,2817,297,1687,2487
4G2A0GO67_mono_0169,153.6,0.038,IH,11,Teal,986,5929,429,1257,2800,438,1315,2841,426,1332,2846,401,1358,2874,344,1451,2829
4G2A0GO67_mono_0170,157.6,0.04,AH,3,Black,987,5214,471,1667,2915,463,1648,2913,444,1610,2900,420,1575,2903,416,1534,2915
4G2A0GO67_mono_0171,141,0.04,AH,3,Black,988,7000,428,1663,2893,429,1632,2835,415,1563,2627,391,1510,2437,333,1557,2595
4G2A0GO67_mono_0172,151.6,0.12,IY,13,Pink,989,5214,377,1929,2215,352,2136,2442,346,2240,2591,354,2283,2876,381,2217,2986
4G2A0GO67_mono_0173,136.4,0.038,AH,3,Black,990,4857,482,1683,2991,486,1687,2850,487,1660,2852,496,1638,2616,495,1538,2511
4G2A0GO67_mono_0174,142.7,0.068,AA,1,Red,991,5571,549,940,2429,583,1034,2375,589,1104,2267,583,1182,2227,569,1325,2241
4G2A0GO67_mono_0175,138.7,0.038,AH,3,Black,992,6286,412,2021,2897,407,2107,2959,386,2147,3166,366,2222,3104,355,2250,3176
4G2A0GO67_mono_0176,140.8,0.038,EH,8,Black,993,5929,444,1751,2902,500,1604,2948,545,1447,2887,571,1347,2900,564,1271,3043
4G2A0GO67_mono_0177,151.7,0.058,OW,14,Maroon,994,6643,473,1102,2887,468,1121,2792,464,1066,2760,445,983,2694,410,942,2702
4G2A0GO67_mono_0178,141.7,0.09,UW,17,Cyan,995,5571,427,1587,2787,416,1610,2667,409,1569,2702,424,1569,2725,426,1660,2696
4G2A0GO67_mono_0179,139.5,0.048,IH,11,Teal,996,6286,401,1486,2877,436,1517,2971,450,1561,2937,462,1638,2836,470,1612,2792
4G2A0GO67_mono_0180,136.7,0.078,AW,5,Olive,997,5571,754,1347,2480,719,1333,2315,671,1304,2175,684,1290,2018,628,1255,1840
4G2A0GO67_mono_0181,130.2,0.11,ER,9,Lime,998,6643,578,1270,1748,538,1294,1755,538,1383,1896,534,1369,2256,518,1311,2520
4G2A0GO67_mono_0182,118.1,0.138,AY,7,Magenta,999,6643,565,1283,2910,515,1356,2924,495,1515,2937,391,1691,2917,337,1862,3067
4G2A0GO67_mono_0183,158.3,0.04,IH,11,Teal,1000,7000,387,1477,2202,406,1571,2175,428,1723,2132,448,1817,2119,459,1883,2106
4G2A0GO67_mono_0184,133.1,0.058,AO,4,Green,1001,6643,451,875,2683,481,794,2690,461,833,2579,470,857,2443,487,916,2370
4G2A0GO67_mono_0185,133.7,0.068,IH,11,Teal,1002,5214,482,1698,2633,605,1903,2687,708,1999,2786,731,2210,2854,671,2239,2850
4G2A0GO67_mono_0186,75.9,0.04,AH,3,Black,1003,7000,535,1268,2574,545,1340,2610,598,1348,2638,610,1344,2738,639,1316,2793
4G2A0GO67_mono_0187,159.9,0.05,AA,1,Red,1004,7000,730,1229,2540,722,1233,2447,702,1246,2432,686,1271,2457,686,1311,2457
4G2A0GO67_mono_0188,209.8,0.03,AH,3,Black,1005,6286,501,1483,2890,498,1437,3016,528,1374,2953,599,1545,2967,374,1431,2921
4G2A0GO67_mono_0189,126,0.14,IY,13,Pink,1006,6286,388,2046,3135,476,2358,3166,460,2579,3279,456,2244,3139,302,2163,3212
4G2A0GO67_mono_0190,137.1,0.078,AA,1,Red,1007,5571,624,1348,2840,646,1249,2953,660,1200,2925,652,1183,2798,632,1183,2751
4G2A0GO67_mono_0191,142.6,0.048,AH,3,Black,1008,5571,475,1103,2707,480,1036,2635,485,1015,2600,462,958,2543,446,911,2505
4G2A0GO67_mono_0192,90.6,0.12,ER,9,Lime,1009,5214,479,1074,1832,465,1230,1670,446,1354,1593,449,1418,1633,413,1517,1708
4HZ823KRH_mono_0001,99.5,0.06,OW,14,Maroon,1010,4857,414,1484,2330,410,1455,2337,428,1448,2292,450,1418,2303,424,1405,2295
4HZ823KRH_mono_0002,103.3,0.06,IH,11,Teal,1011,4500,409,1502,2304,408,1540,2340,411,1580,2395,420,1593,2492,321,1632,2535
4HZ823KRH_mono_0003,92,0.05,AO,4,Green,1012,5214,437,1632,2353,499,1618,2399,493,1681,2409,495,1647,2343,525,1594,2421
4HZ823KRH_mono_0004,71.7,0.05,IH,11,Teal,1013,5214,465,1769,2690,446,1756,2663,449,1791,2626,493,1814,2586,394,1821,2587
4HZ823KRH_mono_0005,84.6,0.08,AY,7,Magenta,1014,4857,591,1578,2185,567,1535,2137,622,1501,2156,575,1474,2177,560,1406,2177
4HZ823KRH_mono_0006,95.4,0.058,OW,14,Maroon,1015,5214,458,1034,2232,466,1040,2172,465,1063,2188,420,1073,2229,359,1074,2191
4HZ823KRH_mono_0007,104.9,0.06,AH,3,Black,1016,4500,549,1392,2252,546,1338,2253,527,1236,2287,490,1165,2336,470,1139,2333
4HZ823KRH_mono_0008,83.8,0.12,EY,10,Purple,1017,4500,505,1687,2418,454,1817,2426,413,1879,2475,407,1925,2518,432,1972,2543
4HZ823KRH_mono_0009,0,0.09,AH,3,Black,1018,5214,447,1956,2655,463,1913,2600,475,1888,2597,498,1862,2561,444,1779,2458
4HZ823KRH_mono_0010,76.4,0.03,IH,11,Teal,1019,5929,380,1750,2660,389,1775,2603,363,1757,2685,377,1743,2572,333,1686,2514
4HZ823KRH_mono_0011,91,0.058,IY,13,Pink,1020,6643,303,2165,2899,321,2161,2953,325,2282,2918,330,2198,2919,315,2264,2928
4HZ823KRH_mono_0012,95.6,0.078,IY,13,Pink,1021,6643,252,2337,3007,255,2223,2974,267,2188,2977,341,2155,2877,338,2071,2878
4HZ823KRH_mono_0013,82.1,0.048,AH,3,Black,1022,6286,352,2009,2749,368,2041,2716,384,1864,2692,360,1862,2660,357,1755,2616
4HZ823KRH_mono_0014,81.1,0.028,IY,13,Pink,1023,4857,301,1776,2375,287,1808,2405,241,1821,2444,193,1846,2444,157,1879,2489
4HZ823KRH_mono_0015,80.7,0.05,AH,3,Black,1024,6643,560,1515,2792,534,1480,2745,536,1438,2814,522,1377,2875,498,1321,2764
4HZ823KRH_mono_0016,0,0.07,AY,7,Magenta,1025,4500,578,1454,2336,620,1507,2242,597,1620,2295,611,1671,2366,531,1797,2630
4HZ823KRH_mono_0017,84.3,0.05,OW,14,Maroon,1026,4500,533,1466,2467,529,1410,2435,534,1342,2410,558,1227,2257,530,1203,2285
4HZ823KRH_mono_0018,78.8,0.098,AA,1,Red,1027,4857,513,1132,2260,510,1095,2286,530,1067,2270,526,1097,2230,525,1259,2223
4HZ823KRH_mono_0019,73.4,0.028,AH,3,Black,1028,4857,433,1640,2357,461,1678,2351,485,1688,2357,465,1681,2389,474,1682,2394
4HZ823KRH_mono_0020,80.5,0.058,EH,8,Black,1029,5929,501,1581,2386,529,1558,2471,541,1565,2554,532,1552,2615,548,1592,2679
4HZ823KRH_mono_0021,0,0.028,ER,9,Lime,1030,4857,462,1712,2412,419,1671,2448,413,1683,2445,442,1709,2402,481,1790,2418
4HZ823KRH_mono_0022,118.4,0.08,EY,10,Purple,1031,4500,454,1730,2163,454,1761,2236,444,1792,2356,419,1811,2417,381,1814,2419
4HZ823KRH_mono_0023,121.1,0.09,AA,1,Red,1032,4500,512,1390,2324,563,1371,2273,585,1353,2229,607,1386,2210,621,1401,2182
4HZ823KRH_mono_0024,86.3,0.14,AY,7,Magenta,1033,4500,601,1578,2233,597,1629,2278,594,1710,2315,579,1816,2402,535,1796,2406
4HZ823KRH_mono_0025,0,0.06,AY,7,Magenta,1034,4500,635,1644,2189,622,1643,2192,601,1799,2161,562,1825,2166,481,1823,2083
4HZ823KRH_mono_0026,100.9,0.04,AH,3,Black,1035,4500,532,1191,2071,551,1179,2135,551,1157,2173,516,1153,2188,496,1193,2204
4HZ823KRH_mono_0027,115.3,0.04,AH,3,Black,1036,4500,503,1416,2682,517,1383,2580,527,1379,2516,534,1348,2355,510,1313,2300
4HZ823KRH_mono_0028,98.8,0.03,IH,11,Teal,1037,5929,496,1629,2356,484,1761,2316,458,1733,2262,449,1719,2258,442,1558,2323
4HZ823KRH_mono_0029,90.4,0.08,AE,2,Blue,1038,4500,664,1592,2538,652,1555,2424,653,1496,2342,629,1487,2394,683,1445,2336
4HZ823KRH_mono_0030,82.5,0.08,AA,1,Red,1039,4500,634,1212,2181,615,1195,2160,608,1230,2128,599,1267,2173,552,1343,2183
4HZ823KRH_mono_0031,84.1,0.11,AH,3,Black,1040,4500,428,1682,2579,411,1670,2532,413,1664,2563,420,1656,2534,429,1705,2715
4HZ823KRH_mono_0032,94.7,0.1,AE,2,Blue,1041,6286,608,1635,2309,655,1574,2313,667,1501,2309,653,1456,2301,588,1414,2267
4HZ823KRH_mono_0033,97.9,0.038,AH,3,Black,1042,4857,428,1289,1931,434,1303,1971,448,1347,1985,460,1355,2008,458,1362,2012
4HZ823KRH_mono_0034,93.8,0.038,EH,8,Black,1043,4857,480,1437,2178,484,1431,2167,480,1420,2110,473,1410,2088,464,1406,2052
4HZ823KRH_mono_0035,90.9,0.05,ER,9,Lime,1044,5214,381,1354,1941,398,1462,1946,398,1499,1931,377,1593,1938,344,1647,1941
4HZ823KRH_mono_0036,85.6,0.11,ER,9,Lime,1045,4500,467,1470,1910,468,1453,1878,449,1413,1834,431,1407,1818,401,1351,1855
4HZ823KRH_mono_0037,84.5,0.05,AH,3,Black,1046,4500,408,1366,2017,382,1439,2081,370,1524,2229,346,1556,2306,278,1536,2350
4HZ823KRH_mono_0038,0,0.06,AE,2,Blue,1047,4500,629,1706,1950,610,1682,1978,586,1666,2070,572,1671,2123,534,1624,2118
4HZ823KRH_mono_0039,82,0.038,EH,8,Black,1048,6286,401,1698,2603,457,1698,2600,501,1694,2616,460,1669,2585,439,1658,2604
4HZ823KRH_mono_0040,81.8,0.06,IH,11,Teal,1049,5571,371,1611,2547,385,1546,2532,362,1590,2589,352,1606,2530,337,1567,2523
4HZ823KRH_mono_0041,0,0.098,AW,5,Olive,1050,5214,569,1600,2542,656,1597,2475,682,1520,2485,684,1482,2413,665,1451,2325
4HZ823KRH_mono_0042,95.7,0.04,AH,3,Black,1051,5214,399,1628,2402,401,1622,2398,377,1602,2396,349,1601,2425,323,1644,2847
4HZ823KRH_mono_0043,145.3,0.09,AY,7,Magenta,1052,5214,601,1579,2435,621,1551,2413,608,1622,2502,601,1648,2483,574,1639,2481
4HZ823KRH_mono_0044,132.4,0.06,UH,16,Silver,1053,5571,419,1310,2524,409,1454,2451,391,1468,2432,379,1527,2380,383,1428,2402
4HZ823KRH_mono_0045,111.4,0.08,IH,11,Teal,1054,4857,355,1497,2065,350,1694,2070,357,1804,2092,387,1833,2111,400,1790,2114
4HZ823KRH_mono_0046,0,0.028,AY,7,Magenta,1055,4857,487,1651,2354,538,1740,2311,499,1761,2268,467,1757,2264,439,1699,2207
4HZ823KRH_mono_0047,86.8,0.05,AE,2,Blue,1056,4500,510,1582,2361,536,1600,2383,542,1612,2400,547,1628,2402,507,1618,2431
4HZ823KRH_mono_0048,96.8,0.068,EY,10,Purple,1057,6643,440,1815,2749,458,1801,2697,469,1780,2627,463,1777,2582,441,1747,2544
4HZ823KRH_mono_0049,90.3,0.058,AH,3,Black,1058,5214,444,1648,2413,461,1532,2321,454,1426,2306,435,1334,2275,379,1360,2317
4HZ823KRH_mono_0050,102,0.08,UW,17,Cyan,1059,5214,357,1340,2246,327,1235,2240,326,1217,2246,321,1218,2187,313,1173,2129
4HZ823KRH_mono_0051,92.6,0.12,EY,10,Purple,1060,5929,473,1724,2063,481,1761,2169,470,1816,2256,448,1849,2381,438,1834,2399
4HZ823KRH_mono_0052,75.3,0.038,AE,2,Blue,1061,5929,472,1625,2339,482,1629,2325,506,1624,2298,494,1594,2281,460,1556,2334
4HZ823KRH_mono_0053,79.1,0.06,EY,10,Purple,1062,4500,464,1766,2282,474,1847,2329,454,1967,2360,427,1999,2409,409,2040,2397
4HZ823KRH_mono_0054,86.2,0.04,UW,17,Cyan,1063,5214,235,1889,2461,196,1962,2455,163,1944,2497,155,1971,2444,176,1940,2459
4HZ823KRH_mono_0055,90.6,0.05,EH,8,Black,1064,4500,552,1445,2192,554,1520,2216,554,1569,2201,542,1646,2247,526,1636,2279
4HZ823KRH_mono_0056,92.8,0.028,AH,3,Black,1065,4857,437,1765,2520,450,1713,2396,423,1655,2347,410,1617,2356,377,1565,2368
4HZ823KRH_mono_0057,76.7,0.04,IH,11,Teal,1066,4500,400,1673,2381,427,1605,2346,430,1606,2296,473,1553,2279,438,1535,2309
4HZ823KRH_mono_0058,99.8,0.05,AH,3,Black,1067,4500,517,1675,2645,524,1645,2619,663,1704,2629,421,1761,2702,282,1590,2615
4HZ823KRH_mono_0059,82.1,0.048,AW,5,Olive,1068,4857,560,1439,2425,566,1443,2461,566,1454,2474,564,1459,2465,542,1466,2500
4HZ823KRH_mono_0060,78.1,0.06,AH,3,Black,1069,4500,406,1647,2504,395,1500,2036,391,1439,1995,384,1405,1962,376,1306,1967
4HZ823KRH_mono_0061,79.3,0.18,EY,10,Purple,1070,4500,461,1708,2135,480,1806,2363,488,1857,2378,438,1784,2369,362,1623,2362
4HZ823KRH_mono_0062,69.9,0.038,ER,9,Lime,1071,6286,466,1630,2430,485,1671,2408,441,1665,2437,390,1630,2564,333,1626,2554
4HZ823KRH_mono_0063,65.2,0.03,AA,1,Red,1072,6286,586,1476,2477,557,1451,2709,492,1660,2773,425,1415,2821,510,1475,2795
4HZ823KRH_mono_0064,0,0.04,AY,7,Magenta,1073,4500,570,1546,2304,609,1588,2429,595,1609,2418,568,1646,2329,571,1645,2360
4HZ823KRH_mono_0065,111.3,0.078,AA,1,Red,1074,5571,585,1442,2648,637,1376,2667,651,1298,2638,626,1250,2536,534,1240,2515
4HZ823KRH_mono_0066,97.3,0.078,AY,7,Magenta,1075,6643,658,1452,2552,679,1501,2595,663,1504,2532,626,1510,2559,573,1509,2511
4HZ823KRH_mono_0067,93.3,0.048,AH,3,Black,1076,4857,459,1540,2272,463,1554,2233,454,1574,2215,449,1581,2216,460,1538,2253
4HZ823KRH_mono_0068,97.1,0.038,AO,4,Green,1077,4857,521,994,1955,484,968,1953,487,1013,1948,490,1034,1939,486,1060,1934
4HZ823KRH_mono_0069,91.9,0.058,ER,9,Lime,1078,6643,501,1771,2431,487,1751,2524,481,1788,2613,463,1820,2630,454,2098,2759
4HZ823KRH_mono_0070,80.2,0.07,AO,4,Green,1079,4857,451,1200,2265,454,1123,2070,458,1062,2159,475,1094,2052,486,1107,2047
4HZ823KRH_mono_0071,0,0.03,UW,17,Cyan,1080,6286,244,2019,3001,175,1991,2975,277,2055,2756,223,2051,2842,247,1936,2926
4HZ823KRH_mono_0072,83,0.19,AE,2,Blue,1081,4500,541,1549,2065,600,1554,2211,644,1485,2300,654,1490,2344,590,1392,2306
4HZ823KRH_mono_0073,0,0.048,AH,3,Black,1082,4857,576,1603,2426,555,1595,2449,534,1617,2407,482,1616,2443,429,1624,2472
4HZ823KRH_mono_0074,101.1,0.06,OW,14,Maroon,1083,4500,433,1525,2370,424,1506,2405,423,1481,2413,417,1487,2442,402,1495,2478
4HZ823KRH_mono_0075,90.2,0.118,EY,10,Purple,1084,5571,425,1686,2370,446,1799,2453,442,1864,2445,404,1910,2334,365,1979,2296
4HZ823KRH_mono_0076,85.1,0.06,AH,3,Black,1085,4500,408,1605,2149,435,1448,2157,438,1230,2183,442,1121,2161,447,1091,2153
4HZ823KRH_mono_0077,75.5,0.048,AH,3,Black,1086,5571,517,1204,2356,540,1334,2299,523,1358,2262,507,1339,2307,480,1349,2282
4HZ823KRH_mono_0078,78.6,0.08,AO,4,Green,1087,4500,515,1246,2292,538,1149,2149,568,1156,2191,575,1164,2102,561,1069,2051
4HZ823KRH_mono_0079,78.8,0.06,AH,3,Black,1088,4500,476,1595,1926,472,1605,2015,480,1645,2242,433,1702,2203,400,1781,2312
4HZ823KRH_mono_0080,67.6,0.098,UW,17,Cyan,1089,4500,340,1811,2488,349,1821,2467,347,1807,2430,368,1803,2490,336,1773,2520
4HZ823KRH_mono_0081,79.1,0.038,AH,3,Black,1090,4857,444,1515,2387,419,1493,2412,404,1507,2437,391,1474,2441,382,1492,2395
4HZ823KRH_mono_0082,82.2,0.048,EY,10,Purple,1091,5571,473,1675,2369,481,1710,2337,487,1717,2311,486,1675,2299,486,1594,2292
4HZ823KRH_mono_0083,82.5,0.07,ER,9,Lime,1092,4500,508,1236,2086,561,1270,2101,570,1354,2097,575,1383,2115,600,1488,2113
4HZ823KRH_mono_0084,77.7,0.13,AW,5,Olive,1093,4500,632,1522,2132,634,1487,2183,647,1516,2236,657,1509,2247,599,1490,2328
4HZ823KRH_mono_0085,72.3,0.13,OW,14,Maroon,1094,4500,475,1246,2329,504,1237,2362,498,1239,2417,531,1208,2390,521,1275,2416
4HZ823KRH_mono_0086,95.8,0.048,AE,2,Blue,1095,6286,581,1708,2487,598,1680,2532,597,1659,2508,581,1648,2498,547,1656,2530
4HZ823KRH_mono_0087,101.6,0.048,IH,11,Teal,1096,4857,387,1783,2193,405,1752,2179,408,1738,2155,412,1721,2105,416,1714,2104
4HZ823KRH_mono_0088,89.3,0.15,OW,14,Maroon,1097,4500,414,1640,2228,459,1554,2173,467,1457,2198,484,1449,2193,438,1391,2178
4HZ823KRH_mono_0089,0,0.048,IH,11,Teal,1098,5571,533,1921,2620,503,1904,2682,456,1881,2652,419,1815,2592,383,1796,2604
4HZ823KRH_mono_0090,89.7,0.04,AH,3,Black,1099,4500,509,1131,2269,529,1173,2266,542,1218,2268,539,1280,2245,530,1338,2270
4HZ823KRH_mono_0091,85.9,0.108,EY,10,Purple,1100,5214,474,1780,2479,484,1823,2477,477,1865,2466,481,1841,2468,512,1859,2485
4HZ823KRH_mono_0092,80.6,0.06,EH,8,Black,1101,4857,551,1797,2448,554,1767,2466,550,1776,2381,550,1686,2264,544,1626,2263
4HZ823KRH_mono_0093,77.6,0.068,ER,9,Lime,1102,5214,421,1587,2288,417,1626,2281,410,1698,2279,390,1760,2328,384,1827,2369
4HZ823KRH_mono_0094,81.8,0.09,IY,13,Pink,1103,4500,367,2042,2626,386,2031,2653,709,2050,2665,638,2056,2680,714,2010,2547
4HZ823KRH_mono_0095,77.3,0.028,AY,7,Magenta,1104,5571,614,1578,2285,599,1619,2301,606,1627,2246,616,1622,2247,610,1658,2398
4HZ823KRH_mono_0096,87.3,0.098,AE,2,Blue,1105,5571,732,1566,2661,746,1481,2630,725,1379,2530,680,1317,2484,630,1331,2487
4HZ823KRH_mono_0097,78.6,0.128,AE,2,Blue,1106,5214,666,1331,2479,689,1455,2550,666,1428,2508,668,1435,2555,639,1427,2445
4HZ823KRH_mono_0098,80,0.028,IH,11,Teal,1107,4857,367,1951,2422,362,1984,2425,335,2001,2414,367,2034,2333,356,2048,2370
4HZ823KRH_mono_0099,82.4,0.038,AH,3,Black,1108,6286,348,1953,2981,297,1973,2985,290,2074,3096,252,1982,3176,240,1985,3219
4HZ823KRH_mono_0100,78,0.118,AE,2,Blue,1109,4857,515,1775,2431,608,1649,2365,627,1600,2479,625,1603,2504,600,1634,2493
4HZ823KRH_mono_0101,81.4,0.14,UW,17,Cyan,1110,4500,445,1539,1997,420,1471,2128,399,1432,2343,386,1318,2098,228,1348,2108
4HZ823KRH_mono_0102,98.8,0.078,AY,7,Magenta,1111,5571,668,1607,2354,620,1588,2375,595,1655,2371,535,1670,2433,423,1635,2421
4HZ823KRH_mono_0103,128.9,0.048,UH,16,Silver,1112,4857,392,1711,2225,390,1720,2182,390,1679,2160,379,1645,2122,355,1657,2131
4HZ823KRH_mono_0104,130.6,0.07,AH,3,Black,1113,4500,398,1737,2146,414,1767,2206,415,1751,2282,400,1735,2345,405,1768,2294
4HZ823KRH_mono_0105,128.4,0.07,IY,13,Pink,1114,5929,365,2040,2775,350,2023,2694,339,2038,2660,332,1982,2484,367,1936,2417
4HZ823KRH_mono_0106,102.8,0.068,AH,3,Black,1115,5214,465,1457,2268,464,1426,2240,458,1244,2219,422,1191,2210,413,1180,2184
4HZ823KRH_mono_0107,86,0.038,IH,11,Teal,1116,6286,464,1464,2252,453,1608,2273,448,1598,2265,444,1695,2368,382,1697,2363
4HZ823KRH_mono_0108,78.4,0.21,OW,14,Maroon,1117,4500,534,1593,2414,563,1428,2368,516,1310,2284,472,1287,2432,539,1320,2326
4HZ823KRH_mono_0109,104.9,0.06,OW,14,Maroon,1118,4500,443,1045,2181,451,1042,2262,446,1034,2296,450,1007,2347,446,1004,2388
4HZ823KRH_mono_0110,93.9,0.07,AY,7,Magenta,1119,5929,582,1402,2325,576,1477,2254,569,1514,2246,531,1571,2241,495,1621,2212
4HZ823KRH_mono_0111,84.6,0.08,OW,14,Maroon,1120,4857,504,1181,2235,548,1168,2260,568,1184,2333,566,1132,2348,524,1099,2281
4HZ823KRH_mono_0112,0,0.06,AE,2,Blue,1121,4500,538,1672,2160,585,1650,2071,556,1665,2105,514,1649,2210,544,1587,2166
4HZ823KRH_mono_0113,84.2,0.07,OW,14,Maroon,1122,5929,465,1578,2427,491,1549,2435,477,1458,2279,462,1400,2240,429,1338,2203
4HZ823KRH_mono_0114,88.2,0.04,ER,9,Lime,1123,4500,413,1424,1964,411,1435,1963,427,1450,1985,447,1469,1974,430,1578,1974
4HZ823KRH_mono_0115,85.6,0.028,ER,9,Lime,1124,5571,121,1914,2144,200,1913,2807,189,1843,2759,211,1902,2869,143,1887,2915
4HZ823KRH_mono_0116,83.4,0.068,EY,10,Purple,1125,5214,445,1742,2520,449,1763,2504,432,1752,2465,426,1753,2435,411,1711,2342
4HZ823KRH_mono_0117,78.9,0.038,AH,3,Black,1126,5929,371,1677,2447,400,1699,2454,395,1696,2455,377,1688,2463,374,1684,2468
4HZ823KRH_mono_0118,90.5,0.098,ER,9,Lime,1127,4500,360,1540,1952,385,1467,1969,440,1421,1957,465,1355,1938,507,1375,1928
4HZ823KRH_mono_0119,95.2,0.178,AE,2,Blue,1128,5929,576,1561,2135,646,1551,2340,698,1524,2430,707,1530,2436,674,1522,2455
4HZ823KRH_mono_0120,79.4,0.06,IH,11,Teal,1129,4857,463,1689,2392,441,1759,2357,408,1818,2342,374,1861,2396,370,1907,2330
4HZ823KRH_mono_0121,82.8,0.07,IH,11,Teal,1130,4500,404,1754,2621,426,1684,2478,424,1669,2499,394,1633,2391,380,1519,2258
4HZ823KRH_mono_0122,75.3,0.048,IH,11,Teal,1131,5571,413,1706,2431,413,1740,2418,419,1671,2443,437,1620,2441,412,1609,2470
4HZ823KRH_mono_0123,104.5,0.13,OW,14,Maroon,1132,4857,460,1481,2424,474,1413,2352,463,1249,2316,433,1165,2255,381,1066,2242
4HZ823KRH_mono_0124,86.4,0.05,AH,3,Black,1133,5214,426,1592,2372,398,1609,2401,392,1653,2459,397,1676,2401,380,1660,2416
4HZ823KRH_mono_0125,75.4,0.05,AE,2,Blue,1134,4500,433,1637,2546,429,1651,2517,427,1641,2525,423,1660,2505,432,1650,2505
4HZ823KRH_mono_0126,75.2,0.18,UW,17,Cyan,1135,6286,391,1896,2352,396,1874,2372,396,1777,2436,404,1573,2361,417,1582,2509
4HZ823KRH_mono_0127,79.1,0.03,IH,11,Teal,1136,4500,419,1496,2140,407,1509,2116,407,1627,2077,389,1641,2165,360,1728,2236
4HZ823KRH_mono_0128,94.1,0.05,EH,8,Black,1137,4500,456,1497,2231,482,1466,2272,502,1389,2319,520,1325,2380,542,1289,2401
4HZ823KRH_mono_0129,200.9,0.168,AA,1,Red,1138,4857,542,1185,2611,621,1071,2735,641,1058,2743,646,1116,2687,555,1229,2640
4HZ823KRH_mono_0130,91.3,0.048,IY,13,Pink,1139,4857,447,1795,2454,419,1862,2466,392,1867,2401,368,1814,2280,298,1799,2397
4HZ823KRH_mono_0131,83.3,0.04,OW,14,Maroon,1140,4500,459,1353,1930,491,1409,1950,485,1474,2074,455,1425,2108,408,1477,2050
4HZ823KRH_mono_0132,84.2,0.16,AW,5,Olive,1141,5214,570,1467,2319,639,1457,2298,639,1427,2198,614,1392,2210,573,1356,2262
4HZ823KRH_mono_0133,65.2,0.038,AE,2,Blue,1142,4857,441,1530,2495,446,1600,2466,436,1559,2478,436,1520,2463,392,1499,2494
4HZ823KRH_mono_0134,86,0.028,AH,3,Black,1143,4857,457,1667,2637,470,1662,2646,415,1682,2741,311,1740,3051,576,1763,2844
4HZ823KRH_mono_0135,82.2,0.158,AY,7,Magenta,1144,5929,577,1341,2573,621,1354,2468,643,1455,2255,633,1547,2211,589,1558,2238
4HZ823KRH_mono_0136,81.3,0.08,AE,2,Blue,1145,4500,701,1534,2178,646,1519,2317,635,1524,2306,650,1505,2280,593,1490,2216
4HZ823KRH_mono_0137,91.4,0.07,ER,9,Lime,1146,4500,427,1549,2050,422,1566,2160,425,1622,1989,427,1595,2042,428,1566,1953
4HZ823KRH_mono_0138,86.5,0.038,AH,3,Black,1147,4857,432,1503,1920,424,1492,1886,391,1454,1872,337,1417,1872,318,1432,1887
4HZ823KRH_mono_0139,107.6,0.048,UW,17,Cyan,1148,5571,329,1875,2234,335,1777,2223,335,1619,2172,341,1538,2085,295,1680,2126
4HZ823KRH_mono_0140,94.7,0.118,AY,7,Magenta,1149,4857,531,1277,2341,569,1437,2317,561,1564,2294,499,1723,2355,454,1767,2421
4HZ823KRH_mono_0141,92.4,0.058,AH,3,Black,1150,5214,461,1360,2557,502,1339,2434,535,1320,2380,549,1279,2307,487,1207,2305
4HZ823KRH_mono_0142,82.9,0.058,IH,11,Teal,1151,5571,407,1919,2290,407,2048,2261,415,2121,2888,408,2167,3046,402,2186,2876
4HZ823KRH_mono_0143,89.5,0.098,EY,10,Purple,1152,4500,442,1782,2425,441,1897,2506,438,1923,2553,390,1976,2458,365,2039,2195
4HZ823KRH_mono_0144,114.6,0.128,IY,13,Pink,1153,6643,308,2216,3111,316,2180,3147,327,2233,3090,395,2040,3009,508,1934,2918
4HZ823KRH_mono_0145,192,0.09,EH,8,Black,1154,4500,524,1861,2511,518,1851,2491,504,1875,2515,483,1929,2555,409,2070,2536
4HZ823KRH_mono_0146,79,0.13,EY,10,Purple,1155,6286,420,1897,2844,413,1926,2705,431,2006,2775,409,1996,2714,384,1899,2664
4HZ823KRH_mono_0147,77.5,0.048,AY,7,Magenta,1156,5571,630,1518,2161,585,1507,2362,580,1422,2312,574,1344,2358,536,1260,2385
4HZ823KRH_mono_0148,90.6,0.048,AA,1,Red,1157,5571,550,1009,2309,567,1046,2274,568,1117,2300,569,1187,2299,584,1367,2239
4HZ823KRH_mono_0149,84.8,0.05,ER,9,Lime,1158,4500,407,1579,2024,403,1583,1982,365,1591,1983,321,1602,1998,372,1602,1995
4HZ823KRH_mono_0150,82.1,0.05,AH,3,Black,1159,4500,441,1422,2360,469,1402,2385,454,1353,2352,429,1320,2331,451,1345,2330
4HZ823KRH_mono_0151,78.2,0.05,AA,1,Red,1160,4500,663,1181,2166,633,1026,2020,645,1170,1908,637,1147,1915,628,1135,1890
4HZ823KRH_mono_0152,81.4,0.04,AH,3,Black,1161,4500,529,1787,2301,521,1948,2285,480,1944,2279,454,1954,2291,414,1934,2380
4HZ823KRH_mono_0153,108.1,0.07,IH,11,Teal,1162,4500,400,1887,2794,412,1876,2680,406,1821,2617,384,1762,2587,374,1700,2503
4HZ823KRH_mono_0154,95.4,0.098,UW,17,Cyan,1163,5571,238,1742,2969,321,1765,2719,363,1754,2557,405,1720,2379,398,1669,2305
4HZ823KRH_mono_0155,86.8,0.118,AY,7,Magenta,1164,4857,585,1192,2361,658,1315,2442,672,1397,2424,671,1475,2388,651,1486,2324
4HZ823KRH_mono_0156,85,0.068,AA,1,Red,1165,5571,648,1474,2310,650,1432,2284,628,1410,2246,609,1351,2184,600,1367,2142
4HZ823KRH_mono_0157,82,0.06,AH,3,Black,1166,4500,402,1452,2299,427,1433,2289,520,1456,2363,442,1476,2333,236,1386,2312
4HZ823KRH_mono_0158,93.3,0.06,UW,17,Cyan,1167,4500,381,1665,2096,385,1632,2103,383,1614,2138,363,1612,2136,351,1625,2150
4HZ823KRH_mono_0159,79.1,0.028,ER,9,Lime,1168,4857,327,1668,2209,321,1667,2259,354,1711,2217,342,1709,2223,386,1770,2254
4HZ823KRH_mono_0160,75.5,0.09,EH,8,Black,1169,4500,456,1884,2388,484,1826,2335,539,1702,2291,572,1515,2242,596,1434,2282
4HZ823KRH_mono_0161,74.8,0.07,IH,11,Teal,1170,6286,525,1504,2383,505,1656,2331,472,1792,2340,440,2093,2229,416,2168,2356
4HZ823KRH_mono_0162,91.8,0.2,UW,17,Cyan,1171,4857,293,1683,2446,361,1653,2261,407,1492,2268,406,1299,2293,385,1427,2311
4HZ823KRH_mono_0163,101.1,0.19,UW,17,Cyan,1172,4500,368,1665,2378,454,1632,2321,435,1484,2305,438,1296,2308,395,1223,2079
4HZ823KRH_mono_0164,77.4,0.048,AY,7,Magenta,1173,6286,517,1744,2429,487,1766,2416,433,1912,2432,401,2040,2476,386,2171,2452
4HZ823KRH_mono_0165,80,0.04,AH,3,Black,1174,4500,400,1578,2433,378,1556,2445,360,1529,2465,272,1571,2436,296,1536,2423
4HZ823KRH_mono_0166,80,0.06,AH,3,Black,1175,4500,404,1581,2500,393,1542,2497,418,1538,2498,426,1576,2615,383,1638,2674
4HZ823KRH_mono_0167,89.1,0.09,AW,5,Olive,1176,4500,530,1553,2480,619,1483,2424,657,1454,2369,657,1421,2340,637,1432,2268
4HZ823KRH_mono_0168,83.6,0.05,AH,3,Black,1177,4500,521,1494,2407,540,1508,2292,535,1517,2305,550,1550,2296,563,1531,2441
4HZ823KRH_mono_0169,77.5,0.08,EH,8,Black,1178,4857,528,1516,2257,529,1522,2217,515,1596,2216,486,1622,2150,456,1745,2214
4HZ823KRH_mono_0170,75,0.038,AH,3,Black,1179,5929,435,1541,2469,401,1563,2571,383,1570,2576,316,1597,2779,322,1597,3110
4HZ823KRH_mono_0171,85,0.058,AH,3,Black,1180,5214,517,1371,2563,560,1298,2440,578,1264,2375,530,1273,2328,457,1292,2371
4HZ823KRH_mono_0172,84,0.078,IY,13,Pink,1181,5571,344,1900,2512,316,1929,2569,307,1984,2654,328,1977,2610,353,1976,2709
4HZ823KRH_mono_0173,85.2,0.03,AY,7,Magenta,1182,4500,580,1698,2511,565,1696,2544,562,1704,2556,508,1711,2632,497,1730,2637
4HZ823KRH_mono_0174,117,0.068,AE,2,Blue,1183,5214,494,1556,2613,547,1534,2588,576,1526,2579,572,1500,2544,551,1482,2555
4HZ823KRH_mono_0175,110.1,0.08,AH,3,Black,1184,4500,512,1436,2350,510,1444,2337,512,1496,2384,489,1430,2306,467,1439,2298
4HZ823KRH_mono_0176,89.2,0.05,ER,9,Lime,1185,5214,421,1581,2068,429,1577,1999,431,1558,2002,431,1557,1970,426,1557,1966
4HZ823KRH_mono_0177,85.9,0.09,AH,3,Black,1186,4500,420,1561,1958,391,1600,1987,336,1648,2121,348,1619,2058,328,1651,2022
4HZ823KRH_mono_0178,81.4,0.21,IY,13,Pink,1187,5571,363,1864,2222,362,1915,2412,371,1977,2600,293,1952,2538,220,1765,2451
4HZ823KRH_mono_0179,98.2,0.04,IH,11,Teal,1188,4500,411,1453,2361,392,1511,2384,394,1523,2408,385,1543,2439,399,1561,2456
4HZ823KRH_mono_0180,94.2,0.03,AH,3,Black,1189,7000,462,2231,3480,443,2230,3518,444,2335,3517,422,2395,3501,373,2406,3554
4HZ823KRH_mono_0181,82.4,0.04,AH,3,Black,1190,4500,366,1437,2352,426,1431,2352,397,1424,2310,394,1400,2296,397,1402,2313
4HZ823KRH_mono_0182,84.2,0.15,IY,13,Pink,1191,4500,382,1832,2165,372,1937,2370,373,1921,2434,385,1910,2448,377,1870,2452
4HZ823KRH_mono_0183,94.5,0.028,AE,2,Blue,1192,4857,589,1642,2155,596,1592,2118,575,1563,2085,559,1563,2134,552,1530,2140
4HZ823KRH_mono_0184,91.9,0.07,AA,1,Red,1193,5929,567,1008,2243,602,1066,2252,594,1154,2277,575,1303,2277,527,1434,2294
4HZ823KRH_mono_0185,86.5,0.05,AH,3,Black,1194,4500,422,1736,2388,409,1760,2396,403,1791,2414,408,1861,2460,380,1899,2539
4HZ823KRH_mono_0186,89.7,0.058,EH,8,Black,1195,5214,458,1813,2432,492,1646,2364,533,1482,2365,545,1434,2371,535,1271,2438
4HZ823KRH_mono_0187,91.6,0.08,OW,14,Maroon,1196,4500,500,1169,2415,496,1217,2418,468,1209,2386,444,1144,2343,421,1114,2345
4HZ823KRH_mono_0188,84,0.08,UW,17,Cyan,1197,4857,416,1545,2367,431,1562,2349,395,1554,2324,400,1546,2315,405,1557,2424
4HZ823KRH_mono_0189,76.3,0.08,EH,8,Black,1198,4857,390,2014,2401,459,1863,2375,502,1795,2376,510,1738,2426,491,1702,2432
4HZ823KRH_mono_0190,83.9,0.08,AE,2,Blue,1199,4857,582,1926,2616,564,1900,2427,550,1900,2450,513,1978,2380,475,1987,2390
4HZ823KRH_mono_0191,81.7,0.05,IH,11,Teal,1200,5929,320,1510,2403,360,1575,2419,258,1721,2443,249,1840,2409,275,1585,2405
4HZ823KRH_mono_0192,69.9,0.04,AH,3,Black,1201,4500,538,1589,2293,452,1508,2206,538,1495,2339,425,1471,2256,339,1376,2219
4HZ823KRH_mono_0193,80.9,0.108,AW,5,Olive,1202,4857,701,1467,2322,661,1343,2170,637,1275,2200,603,1222,2134,532,1196,2069
4HZ823KRH_mono_0194,71.5,0.068,ER,9,Lime,1203,5571,500,1270,2113,488,1247,2055,492,1298,2208,460,1314,2213,422,1181,2227
4HZ823KRH_mono_0195,0,0.048,AY,7,Magenta,1204,4857,545,1138,2180,657,1308,2207,645,1380,2242,665,1396,2253,611,1466,2188
4HZ823KRH_mono_0196,108.3,0.038,IH,11,Teal,1205,4857,397,1387,1985,387,1449,1971,384,1490,1953,389,1550,1962,410,1573,1972
4HZ823KRH_mono_0197,99.2,0.038,AO,4,Green,1206,5929,504,1384,2357,511,1351,2381,520,1403,2366,532,1447,2372,558,1390,2348
4HZ823KRH_mono_0198,74.6,0.06,IH,11,Teal,1207,7000,508,1905,3020,512,1917,3079,503,2027,3106,414,2030,3072,426,1974,3015
4HZ823KRH_mono_0199,98.1,0.09,AA,1,Red,1208,4500,576,1273,2289,608,1225,2220,638,1175,2233,629,1189,2119,607,1208,2092
4HZ823KRH_mono_0200,116.1,0.05,AH,3,Black,1209,5929,528,1455,2551,526,1522,2467,486,1577,2537,484,1561,2681,301,1432,2657
4HZ823KRH_mono_0201,137.9,0.178,IY,13,Pink,1210,4857,421,1877,2705,419,1888,2502,405,1669,2293,368,1556,2303,276,1571,2546
4HZ823KRH_mono_0202,83.5,0.068,AA,1,Red,1211,5571,544,1362,2374,616,1339,2365,632,1315,2324,628,1292,2315,602,1269,2296
4HZ823KRH_mono_0203,85.7,0.05,AH,3,Black,1212,5214,519,1362,2366,494,1284,2313,456,1179,2307,430,1103,2236,417,1129,2307
4HZ823KRH_mono_0204,0,0.13,ER,9,Lime,1213,4857,524,1082,1962,549,1261,1889,530,1385,1853,515,1514,1891,494,1670,1925
87LQ7H085_mono_0001,114.7,0.21,OW,14,Maroon,1214,4500,477,1379,2755,488,1279,2569,486,1131,2441,469,1109,2406,420,1154,2403
87LQ7H085_mono_0002,143.4,0.05,IH,11,Teal,1215,4500,394,1451,2527,422,1438,2575,425,1461,2579,426,1492,2587,406,1430,2626
87LQ7H085_mono_0003,107.8,0.05,AO,4,Green,1216,4500,449,793,2411,457,803,2421,459,848,2400,459,868,2386,472,898,2382
87LQ7H085_mono_0004,111.8,0.058,IH,11,Teal,1217,5929,505,1738,2819,462,1926,2828,455,2040,2999,441,2085,3031,426,2040,3106
87LQ7H085_mono_0005,97.3,0.07,AY,7,Magenta,1218,4500,647,1257,2552,632,1239,2550,621,1254,2464,607,1244,2422,587,1169,2404
87LQ7H085_mono_0006,106.7,0.06,OW,14,Maroon,1219,4857,427,847,2509,430,839,2477,428,799,2397,403,794,2359,394,882,2439
87LQ7H085_mono_0007,125.1,0.05,AH,3,Black,1220,4500,425,1195,1997,416,1137,2067,444,1021,2108,414,923,2092,322,907,2121
87LQ7H085_mono_0008,96.1,0.14,EY,10,Purple,1221,4857,490,1548,2433,479,1666,2489,452,1789,2583,425,1806,2643,383,1829,2766
87LQ7H085_mono_0009,95.9,0.158,AE,2,Blue,1222,5929,551,2013,2930,514,1917,2797,515,1832,2727,532,1755,2584,512,1717,2519
87LQ7H085_mono_0010,109.8,0.07,IH,11,Teal,1223,4500,470,1714,2734,473,1721,2716,481,1731,2555,437,1728,2478,425,1674,2416
87LQ7H085_mono_0011,125.9,0.05,IY,13,Pink,1224,7000,354,2049,3094,368,2290,3129,368,2455,3176,373,2598,3236,365,2642,3281
87LQ7H085_mono_0012,130.8,0.08,IY,13,Pink,1225,4500,325,1984,2666,335,1988,2749,347,1831,2633,363,1935,2656,381,1908,2550
87LQ7H085_mono_0013,107.3,0.038,AH,3,Black,1226,4857,377,1815,2509,373,1733,2442,381,1655,2369,389,1625,2350,401,1458,2378
87LQ7H085_mono_0014,113.8,0.05,IY,13,Pink,1227,4500,353,1706,2418,338,1756,2422,309,1953,2472,327,2145,2444,328,1987,2483
87LQ7H085_mono_0015,106.9,0.09,AH,3,Black,1228,4500,519,1304,2645,539,1234,2521,542,1157,2521,525,1159,2484,486,1137,2424
87LQ7H085_mono_0016,96.6,0.08,AY,7,Magenta,1229,4500,572,1165,2443,580,1270,2456,570,1377,2357,512,1552,2372,454,1641,2469
87LQ7H085_mono_0017,100.5,0.098,OW,14,Maroon,1230,4500,535,1376,2394,523,1288,2401,506,1161,2408,491,1017,2381,498,980,2386
87LQ7H085_mono_0018,92.3,0.048,AA,1,Red,1231,4857,520,1000,2435,552,1004,2493,556,1024,2467,554,1045,2469,544,1051,2504
87LQ7H085_mono_0019,83.7,0.03,AH,3,Black,1232,4500,425,1560,2572,422,1588,2626,431,1589,2643,414,1622,2611,420,1647,2571
87LQ7H085_mono_0020,89.1,0.048,EH,8,Black,1233,4857,514,1409,2597,544,1438,2594,539,1467,2642,519,1455,2620,500,1450,2609
87LQ7H085_mono_0021,127.3,0.248,ER,9,Lime,1234,5214,456,1554,2859,459,1512,2811,490,1539,3023,739,1528,3000,894,1596,2890
87LQ7H085_mono_0022,121,0.068,EY,10,Purple,1235,5214,467,1601,2020,457,1663,2186,459,1712,2347,403,1721,2435,341,1714,2558
87LQ7H085_mono_0023,110.7,0.068,AA,1,Red,1236,5214,491,1415,2547,520,1364,2204,567,1341,2134,564,1321,2099,583,1323,2074
87LQ7H085_mono_0024,101.3,0.15,AY,7,Magenta,1237,4500,524,1474,2041,552,1529,2146,513,1557,2210,499,1581,2200,440,1536,2123
87LQ7H085_mono_0025,113.9,0.098,AY,7,Magenta,1238,4500,681,1225,2445,683,1256,2412,673,1281,2389,611,1319,2271,523,1418,2130
87LQ7H085_mono_0026,155,0.038,AH,3,Black,1239,4857,513,1232,2030,523,1177,2076,514,1060,2099,494,989,2144,478,985,2227
87LQ7H085_mono_0027,139.1,0.048,AH,3,Black,1240,4857,481,1176,2586,499,1131,2583,529,1090,2581,527,1046,2528,515,1055,2561
87LQ7H085_mono_0028,119.1,0.07,IH,11,Teal,1241,4500,470,1490,2390,488,1623,2389,486,1756,2372,503,1860,2351,590,1920,2316
87LQ7H085_mono_0029,98.8,0.098,AE,2,Blue,1242,4857,676,1630,2358,680,1452,2435,695,1378,2362,695,1351,2402,677,1323,2421
87LQ7H085_mono_0030,99.8,0.12,AA,1,Red,1243,4500,668,1163,2398,646,1105,2405,647,1087,2316,650,1143,2330,606,1269,2332
87LQ7H085_mono_0031,98.4,0.11,AH,3,Black,1244,4500,455,1620,2455,467,1585,2374,422,1518,2338,394,1470,2326,341,1456,2356
87LQ7H085_mono_0032,104.1,0.06,AE,2,Blue,1245,4500,584,1340,1803,619,1312,1863,626,1301,1937,627,1278,2028,604,1241,2094
87LQ7H085_mono_0033,110.2,0.048,AH,3,Black,1246,6286,452,1162,2221,459,1247,2255,463,1324,2426,461,1367,2412,447,1365,2512
87LQ7H085_mono_0034,122.6,0.06,ER,9,Lime,1247,4500,428,1176,1651,415,1275,1627,394,1317,1616,355,1370,1642,335,1547,1669
87LQ7H085_mono_0035,109.9,0.118,ER,9,Lime,1248,4857,429,1395,1621,415,1354,1606,408,1322,1552,407,1285,1556,417,1254,1598
87LQ7H085_mono_0036,153.4,0.07,IY,13,Pink,1249,5929,431,2169,3115,415,1947,2980,400,2000,2994,422,2444,2984,490,2180,2969
87LQ7H085_mono_0037,107.4,0.19,IH,11,Teal,1250,4500,518,1741,2613,476,1732,2630,458,1704,2679,456,1673,2691,396,1666,2694
87LQ7H085_mono_0038,0,0.08,AH,3,Black,1251,4500,580,1875,2589,478,1671,2622,489,1645,2632,473,1659,2593,480,1637,2536
87LQ7H085_mono_0039,111.8,0.04,EH,8,Black,1252,5571,598,1659,2600,581,1645,2618,554,1662,2680,520,1667,2707,472,1664,2695
87LQ7H085_mono_0040,103.4,0.058,IH,11,Teal,1253,5214,450,1602,2660,448,1613,2649,469,1642,2669,520,1629,2641,491,1624,2617
87LQ7H085_mono_0041,121.8,0.16,AW,5,Olive,1254,4857,547,1577,2616,640,1530,2576,641,1402,2530,626,1294,2534,620,1180,2564
87LQ7H085_mono_0042,145.2,0.08,AY,7,Magenta,1255,5214,566,1383,2238,619,1312,2314,652,1301,2405,619,1331,2417,612,1309,2444
87LQ7H085_mono_0043,128.4,0.038,UH,16,Silver,1256,4857,425,1184,2255,432,1333,2198,447,1459,2153,385,1574,2115,358,1544,2110
87LQ7H085_mono_0044,108,0.15,IH,11,Teal,1257,5929,302,1838,2103,290,1884,2621,306,1879,2674,339,1835,2476,362,1787,2274
87LQ7H085_mono_0045,97.4,0.038,AY,7,Magenta,1258,4857,534,1325,2421,519,1404,2407,497,1503,2358,487,1689,2298,466,1798,2181
87LQ7H085_mono_0046,93.2,0.08,AE,2,Blue,1259,5214,555,1549,2427,596,1522,2470,585,1545,2495,565,1579,2500,517,1592,2562
87LQ7H085_mono_0047,152.5,0.04,EY,10,Purple,1260,4500,449,1788,2425,446,1771,2441,456,1751,2425,472,1707,2407,483,1688,2432
87LQ7H085_mono_0048,131.2,0.028,AH,3,Black,1261,5214,509,1406,2284,521,1376,2280,526,1329,2268,525,1251,2251,521,1171,2227
87LQ7H085_mono_0049,117.2,0.118,UW,17,Cyan,1262,4857,336,1562,2126,314,1558,2031,315,1561,1966,296,1512,1914,271,1446,1877
87LQ7H085_mono_0050,106.6,0.168,EY,10,Purple,1263,5214,513,1610,2491,526,1671,2462,526,1772,2565,509,1814,2607,489,1736,2620
87LQ7H085_mono_0051,95.8,0.028,AH,3,Black,1264,4857,518,1608,2629,511,1607,2639,510,1606,2629,494,1605,2641,476,1594,2536
87LQ7H085_mono_0052,110.8,0.03,EY,10,Purple,1265,7000,448,1922,3341,450,2027,3299,444,2043,3384,427,2045,3337,368,2035,3358
87LQ7H085_mono_0053,0,0.03,UW,17,Cyan,1266,4500,583,1895,2479,639,1996,2453,559,2023,2428,691,1953,2408,818,2010,2438
87LQ7H085_mono_0054,136.4,0.05,EH,8,Black,1267,5214,545,1203,2282,550,1250,2296,549,1351,2243,537,1452,2219,476,1534,2177
87LQ7H085_mono_0055,145.6,0.058,AH,3,Black,1268,5214,468,1666,2679,426,1637,2697,421,1656,2632,396,1666,2546,389,1698,2555
87LQ7H085_mono_0056,111.9,0.038,IH,11,Teal,1269,4857,450,1645,2559,440,1643,2535,421,1647,2447,423,1613,2376,423,1595,2346
87LQ7H085_mono_0057,102.3,0.028,IH,11,Teal,1270,5214,435,1605,2466,395,1585,2574,346,1612,2582,310,1643,2513,281,1642,2546
87LQ7H085_mono_0058,89.5,0.028,AH,3,Black,1271,5571,421,1607,2708,387,1569,2689,336,1579,2598,306,1607,2584,261,1597,2612
87LQ7H085_mono_0059,275.3,0.048,AW,5,Olive,1272,4857,544,1153,2433,569,1151,2573,586,1167,2646,584,1174,2691,558,1190,2708
87LQ7H085_mono_0060,87,0.038,AH,3,Black,1273,6286,468,1601,3052,422,1613,3155,401,1582,3224,392,1522,3016,380,1458,3086
87LQ7H085_mono_0061,99.6,0.088,EY,10,Purple,1274,5929,505,1777,2395,503,1927,2477,513,1927,2580,510,1933,2639,493,1905,2700
87LQ7H085_mono_0062,0,0.08,ER,9,Lime,1275,4500,493,1650,2045,508,1590,1892,500,1538,1926,481,1539,1795,458,1530,1887
87LQ7H085_mono_0063,0,0.038,AA,1,Red,1276,4857,640,1335,2703,617,1320,2680,659,1304,2736,657,1304,2692,665,1276,2678
87LQ7H085_mono_0064,104,0.07,AY,7,Magenta,1277,4857,677,1359,2345,649,1415,2343,628,1467,2382,618,1518,2426,599,1545,2649
87LQ7H085_mono_0065,117,0.06,AA,1,Red,1278,5571,577,1265,2726,611,1258,2765,634,1243,2732,660,1226,2610,634,1192,2528
87LQ7H085_mono_0066,106.4,0.038,AY,7,Magenta,1279,4857,533,1173,2368,543,1229,2378,543,1289,2388,534,1331,2412,513,1333,2432
87LQ7H085_mono_0067,107.9,0.04,AH,3,Black,1280,4500,449,1547,2344,434,1612,2298,419,1639,2187,419,1610,2242,389,1646,2430
87LQ7H085_mono_0068,126.7,0.06,ER,9,Lime,1281,4500,479,1341,1710,488,1368,1837,506,1422,2029,503,1459,2328,465,1482,2340
87LQ7H085_mono_0069,123.9,0.028,AO,4,Green,1282,4857,480,1244,2231,464,1153,2041,445,1124,2005,441,1104,1988,458,1128,1971
87LQ7H085_mono_0070,101.5,0.048,AE,2,Blue,1283,4857,566,1384,1971,603,1352,2046,603,1320,2013,595,1293,2145,578,1239,2137
87LQ7H085_mono_0071,94.2,0.028,AH,3,Black,1284,5214,454,1321,2302,466,1393,2343,449,1416,2359,442,1440,2397,358,1448,2381
87LQ7H085_mono_0072,101.7,0.058,OW,14,Maroon,1285,5214,443,1499,2244,444,1482,2323,447,1482,2317,426,1484,2366,396,1519,2414
87LQ7H085_mono_0073,102.7,0.04,IH,11,Teal,1286,4500,431,1597,2481,427,1600,2461,418,1613,2456,414,1617,2449,404,1596,2411
87LQ7H085_mono_0074,105.8,0.128,EY,10,Purple,1287,5929,444,1854,2603,463,1856,2641,432,1850,2634,422,1910,2632,374,1964,2647
87LQ7H085_mono_0075,107.7,0.05,AH,3,Black,1288,4500,385,1152,1972,418,1069,2064,429,1027,2164,429,971,2251,426,941,2342
87LQ7H085_mono_0076,0,0.04,AO,4,Green,1289,4500,566,1151,2408,580,1121,2394,614,1119,2402,598,1102,2349,613,1089,2346
87LQ7H085_mono_0077,96.1,0.058,AH,3,Black,1290,6643,660,1519,2836,585,1600,2801,521,1620,2750,477,1658,2722,384,1676,2740
87LQ7H085_mono_0078,90.8,0.11,UW,17,Cyan,1291,4500,351,1677,2388,322,1673,2238,327,1648,2234,361,1657,2277,367,1636,2336
87LQ7H085_mono_0079,85.8,0.028,AH,3,Black,1292,5571,452,1490,2573,485,1500,2604,460,1503,2562,460,1526,2638,430,1529,2542
87LQ7H085_mono_0080,129.4,0.05,EY,10,Purple,1293,6643,480,1708,2808,516,1810,2878,491,1826,2872,455,1897,2841,460,1717,3010
87LQ7H085_mono_0081,137.8,0.038,ER,9,Lime,1294,4857,422,1188,1794,454,1248,1811,505,1320,1809,499,1396,1766,504,1458,1881
87LQ7H085_mono_0082,95.2,0.1,AW,5,Olive,1295,6286,621,1601,3108,661,1525,3073,799,1459,3084,748,1465,2959,709,1433,2964
87LQ7H085_mono_0083,81.5,0.028,AH,3,Black,1296,5214,502,1333,2637,494,1325,2676,470,1365,2499,446,1320,2496,396,1351,2362
87LQ7H085_mono_0084,235.8,0.2,OW,14,Maroon,1297,4500,478,1066,2511,504,984,2575,491,908,2616,480,859,2647,468,917,2636
87LQ7H085_mono_0085,115.5,0.028,IY,13,Pink,1298,4857,335,1977,2291,323,1985,2362,311,1994,2351,326,2032,2368,323,2070,2375
87LQ7H085_mono_0086,154.5,0.078,AE,2,Blue,1299,5571,508,1787,2378,559,1620,2394,588,1572,2442,574,1583,2600,492,1638,2622
87LQ7H085_mono_0087,175.4,0.04,IH,11,Teal,1300,5214,366,1806,2486,367,1811,2704,382,1774,2323,396,1723,2099,404,1687,2059
87LQ7H085_mono_0088,111.2,0.11,OW,14,Maroon,1301,4500,427,1570,2298,459,1429,2106,459,1311,2018,439,1256,2001,368,1230,2046
87LQ7H085_mono_0089,138.5,0.06,IH,11,Teal,1302,4500,403,1644,2346,426,1647,2329,425,1644,2337,413,1626,2320,382,1594,2291
87LQ7H085_mono_0090,145.6,0.11,AH,3,Black,1303,6286,925,2664,3721,974,2770,3654,609,1285,2660,642,1399,2565,520,1450,2651
87LQ7H085_mono_0091,126.4,0.118,EY,10,Purple,1304,4857,433,1608,2421,489,1739,2436,496,1811,2467,494,1816,2458,508,1818,2465
87LQ7H085_mono_0092,118.2,0.058,EH,8,Black,1305,5929,547,1867,2744,578,1856,2756,632,1822,2718,564,1756,2677,559,1734,2611
87LQ7H085_mono_0093,113.6,0.058,ER,9,Lime,1306,5929,479,1737,2748,447,1714,2735,410,1686,2801,403,1697,2796,345,1727,2812
87LQ7H085_mono_0094,103,0.168,IY,13,Pink,1307,5571,353,1865,2894,375,1873,2916,403,1911,2819,343,1931,2822,181,1908,2975
87LQ7H085_mono_0095,0,0.04,AH,3,Black,1308,7000,587,1935,3229,531,1936,3294,494,1930,3334,560,1875,3323,684,1688,3275
87LQ7H085_mono_0096,98.5,0.06,AY,7,Magenta,1309,5571,650,1466,2574,658,1516,2555,650,1584,2523,637,1624,2622,632,1663,2668
87LQ7H085_mono_0097,140.3,0.09,AE,2,Blue,1310,4857,729,1552,2561,718,1485,2497,717,1466,2595,710,1433,2605,688,1347,2627
87LQ7H085_mono_0098,110.7,0.118,AE,2,Blue,1311,4857,622,1248,2638,676,1331,2634,679,1342,2632,646,1386,2591,605,1425,2542
87LQ7H085_mono_0099,108.7,0.04,IH,11,Teal,1312,7000,286,1832,3101,330,1886,3229,337,1961,3308,344,1980,3386,332,1930,3430
87LQ7H085_mono_0100,99.3,0.068,AH,3,Black,1313,5571,448,1624,2642,498,1589,2582,497,1588,2579,476,1578,2609,403,1556,2607
87LQ7H085_mono_0101,171.8,0.12,AE,2,Blue,1314,5214,504,1764,2722,586,1622,2749,605,1561,2736,616,1594,2606,623,1518,2572
87LQ7H085_mono_0102,0,0.14,UW,17,Cyan,1315,4500,418,1333,1670,427,1300,1741,417,1208,1822,427,1073,1910,288,1128,1898
87LQ7H085_mono_0103,0,0.028,AY,7,Magenta,1316,4857,585,1442,2362,521,1456,2401,534,1518,2454,513,1613,2550,484,1579,2510
87LQ7H085_mono_0104,165.4,0.04,UH,16,Silver,1317,4500,397,1680,2475,390,1733,2342,362,1822,2253,345,1878,2146,338,1876,2354
87LQ7H085_mono_0105,0,0.03,AH,3,Black,1318,4500,651,1719,2252,515,1763,2259,344,1803,1912,269,1666,2065,246,1662,2272
87LQ7H085_mono_0106,162.8,0.068,IY,13,Pink,1319,5571,307,2030,2840,320,1997,2867,331,1969,2879,330,1991,2850,332,2026,2873
87LQ7H085_mono_0107,135.7,0.04,IH,11,Teal,1320,4500,357,1885,2389,378,1827,2294,412,1748,2302,428,1698,2318,442,1626,2341
87LQ7H085_mono_0108,122.5,0.05,AH,3,Black,1321,7000,1249,1965,3267,1153,1906,3258,994,2026,3263,840,2083,3195,764,2182,3238
87LQ7H085_mono_0109,127.6,0.048,IH,11,Teal,1322,4857,474,1417,2083,501,1497,2184,496,1544,2258,462,1574,2306,412,1586,2382
87LQ7H085_mono_0110,122.8,0.274,OW,14,Maroon,1323,5214,493,1448,2336,498,1265,2293,499,1106,2339,500,950,2529,412,944,2538
87LQ7H085_mono_0111,108.5,0.04,OW,14,Maroon,1324,4500,453,1100,1980,453,1083,2064,454,1069,2209,454,1059,2270,450,1056,2316
87LQ7H085_mono_0112,97.8,0.098,AY,7,Magenta,1325,4857,547,1097,2458,606,1178,2455,601,1244,2425,572,1305,2404,538,1324,2393
87LQ7H085_mono_0113,117.5,0.26,OW,14,Maroon,1326,4500,504,1202,2308,532,1177,2363,523,1132,2338,512,1106,2350,475,1158,2377
87LQ7H085_mono_0114,105.3,0.06,AH,3,Black,1327,4500,459,1462,2391,460,1505,2403,487,1542,2401,498,1544,2431,462,1525,2405
87LQ7H085_mono_0115,108.7,0.08,OW,14,Maroon,1328,5214,523,1344,2050,507,1246,1971,475,1191,1957,466,1153,1977,454,1092,1933
87LQ7H085_mono_0116,106.4,0.09,ER,9,Lime,1329,4857,438,1131,1643,440,1187,1637,440,1232,1638,464,1252,1646,456,1255,1658
87LQ7H085_mono_0117,107.2,0.07,ER,9,Lime,1330,6286,647,1487,3132,542,1494,3056,476,1492,2983,443,1578,2920,431,1590,2857
87LQ7H085_mono_0118,103,0.04,AH,3,Black,1331,5214,501,1408,2558,507,1323,2460,520,1239,2482,519,1133,2431,510,1021,2405
87LQ7H085_mono_0119,93.1,0.028,AH,3,Black,1332,5214,500,1183,2477,485,1266,2461,485,1296,2460,482,1367,2476,463,1385,2492
87LQ7H085_mono_0120,90.9,0.258,EY,10,Purple,1333,4857,474,1540,2641,508,1584,2510,467,1642,2459,437,1683,2327,429,1701,2345
87LQ7H085_mono_0121,106.5,0.04,AH,3,Black,1334,4500,485,1552,2537,442,1552,2538,432,1576,2659,416,1583,2636,407,1579,2613
87LQ7H085_mono_0122,112.8,0.23,ER,9,Lime,1335,4500,329,1423,1931,320,1164,1675,332,1227,1925,320,1158,1889,522,1338,1815
87LQ7H085_mono_0123,136.6,0.18,AE,2,Blue,1336,7000,697,1581,3101,676,1561,3099,758,1495,2953,696,1469,2852,732,1419,2910
87LQ7H085_mono_0124,117.8,0.048,IH,11,Teal,1337,5571,677,1838,2565,451,1956,2550,401,1945,2408,354,1969,2277,351,1946,2130
87LQ7H085_mono_0125,116.9,0.038,IH,11,Teal,1338,4857,328,1588,2508,332,1594,2487,337,1601,2502,333,1594,2504,318,1551,2366
87LQ7H085_mono_0126,125.2,0.07,IH,11,Teal,1339,4500,395,1597,2457,397,1649,2524,386,1638,2524,353,1606,2521,319,1631,2546
87LQ7H085_mono_0127,109,0.08,OW,14,Maroon,1340,4857,511,894,2366,439,876,2311,426,859,2324,417,805,2336,346,743,2327
87LQ7H085_mono_0128,107.8,0.048,AE,2,Blue,1341,4857,432,1636,2667,465,1642,2664,500,1658,2687,534,1661,2692,540,1646,2678
87LQ7H085_mono_0129,92.9,0.13,UW,17,Cyan,1342,4500,381,1970,2446,366,1855,2252,308,1614,2136,333,1460,2132,329,1307,2177
87LQ7H085_mono_0130,0,0.04,IH,11,Teal,1343,5571,369,1591,2553,362,1718,2595,334,1815,2547,329,1966,2706,314,1958,2807
87LQ7H085_mono_0131,83.7,0.048,EH,8,Black,1344,5571,484,1374,2500,508,1379,2566,532,1316,2558,544,1216,2545,563,1161,2528
87LQ7H085_mono_0132,147.4,0.028,AA,1,Red,1345,4857,647,1258,2681,635,1271,2701,625,1273,2706,591,1205,2700,553,1162,2716
87LQ7H085_mono_0133,170.9,0.05,IY,13,Pink,1346,5929,415,1651,2622,378,1744,2957,352,1772,2814,345,1731,2897,340,1751,3038
87LQ7H085_mono_0134,135.9,0.05,OW,14,Maroon,1347,4500,446,1118,1931,439,1109,1995,465,1093,2053,479,1081,2164,488,1122,2104
87LQ7H085_mono_0135,130,0.13,AW,5,Olive,1348,4857,566,1409,2374,640,1338,2521,691,1230,2561,678,1163,2501,648,1186,2615
87LQ7H085_mono_0136,225.8,0.028,AE,2,Blue,1349,5214,511,1398,2601,500,1415,2602,489,1409,2660,476,1395,2661,466,1375,2643
87LQ7H085_mono_0137,0,0.15,AY,7,Magenta,1350,5214,644,1276,2678,642,1233,2710,633,1225,2710,610,1306,2577,548,1411,2493
87LQ7H085_mono_0138,0,0.07,AE,2,Blue,1351,4500,614,1342,2109,639,1374,2207,645,1407,2096,600,1455,2284,544,1470,2263
87LQ7H085_mono_0139,154,0.04,UW,17,Cyan,1352,4500,314,1764,2085,312,1664,2009,306,1592,1960,301,1423,1940,311,1465,1939
87LQ7H085_mono_0140,127,0.098,AY,7,Magenta,1353,5571,528,1317,2137,570,1373,2158,571,1416,2162,526,1554,2237,492,1642,2419
87LQ7H085_mono_0141,125.7,0.048,AH,3,Black,1354,4857,539,1259,2504,515,1218,2502,513,1166,2474,492,1100,2481,453,1065,2478
87LQ7H085_mono_0142,124.4,0.04,IH,11,Teal,1355,4500,481,1591,2318,434,1686,2289,424,1771,2263,468,1889,2242,501,2001,2181
87LQ7H085_mono_0143,109.8,0.11,EY,10,Purple,1356,4500,417,1793,2360,427,1832,2431,428,1871,2496,379,1904,2517,348,1980,2433
87LQ7H085_mono_0144,102.9,0.098,IY,13,Pink,1357,5214,384,1799,2178,375,1826,2248,408,1831,2334,434,1732,2381,465,1700,2427
87LQ7H085_mono_0145,137,0.12,EH,8,Black,1358,4500,513,1636,2439,551,1624,2467,552,1622,2473,527,1667,2318,479,1794,2214
87LQ7H085_mono_0146,100,0.12,EY,10,Purple,1359,5214,416,1732,2713,424,1735,2435,417,1801,2437,394,1813,2430,332,1693,2187
87LQ7H085_mono_0147,103.7,0.098,AY,7,Magenta,1360,4500,660,1214,2221,666,1200,2433,658,1213,2313,623,1226,2337,568,1194,2350
87LQ7H085_mono_0148,116.5,0.078,AA,1,Red,1361,5571,583,813,2698,640,897,2689,648,991,2778,645,1097,2853,607,1224,2817
87LQ7H085_mono_0149,110.7,0.04,ER,9,Lime,1362,5571,417,1585,2810,395,1596,2802,381,1600,2741,360,1588,2635,354,1620,2582
87LQ7H085_mono_0150,0,0.028,AH,3,Black,1363,4857,647,1554,2604,576,1628,2694,475,1635,2797,473,1742,3039,358,1773,3183
87LQ7H085_mono_0151,95.8,0.04,AH,3,Black,1364,5214,404,1455,2573,393,1390,2344,370,1318,2319,352,1281,2326,307,1345,2365
87LQ7H085_mono_0152,89.5,0.05,AA,1,Red,1365,4500,551,930,2064,548,951,2101,557,989,2088,552,1018,2018,551,1061,1959
87LQ7H085_mono_0153,104.4,0.05,AH,3,Black,1366,7000,464,1617,3411,441,1680,3425,376,1789,3453,336,1927,3451,273,2019,3563
87LQ7H085_mono_0154,128.3,0.088,IH,11,Teal,1367,5929,390,1983,2916,393,1886,2787,393,1855,2833,348,1782,2884,350,1758,2813
87LQ7H085_mono_0155,118.1,0.09,UW,17,Cyan,1368,5214,316,1695,2747,316,1689,2616,297,1637,2474,314,1601,2310,314,1646,2352
87LQ7H085_mono_0156,105.3,0.108,AY,7,Magenta,1369,5214,566,1162,2738,628,1187,2730,639,1273,2758,651,1302,2720,654,1325,2684
87LQ7H085_mono_0157,105.1,0.06,AA,1,Red,1370,6286,661,1294,2738,649,1283,2764,626,1290,2725,613,1350,2688,586,1402,2669
87LQ7H085_mono_0158,97,0.038,AH,3,Black,1371,4857,344,1419,2491,380,1428,2504,370,1439,2525,323,1484,2573,319,1501,2560
87LQ7H085_mono_0159,112,0.05,UW,17,Cyan,1372,6643,306,1710,3305,324,1651,3276,333,1570,3247,323,1563,3129,316,1578,2908
87LQ7H085_mono_0160,104.2,0.03,ER,9,Lime,1373,5929,347,1634,2883,356,1646,2897,353,1662,2938,346,1673,2968,343,1685,3003
87LQ7H085_mono_0161,101.1,0.068,EH,8,Black,1374,5214,411,1838,2654,457,1702,2574,502,1554,2486,521,1420,2476,526,1306,2566
87LQ7H085_mono_0162,98.6,0.06,IH,11,Teal,1375,4857,500,1327,2541,504,1446,2481,498,1562,2432,489,1683,2416,480,1756,2396
87LQ7H085_mono_0163,137.3,0.168,UW,17,Cyan,1376,4500,328,1590,2140,374,1487,1953,347,1268,1889,341,1126,1922,313,1077,1950
87LQ7H085_mono_0164,117.3,0.16,UW,17,Cyan,1377,4857,353,1603,2354,397,1581,2183,415,1432,2007,365,1208,2086,336,1249,2058
87LQ7H085_mono_0165,111.4,0.028,AY,7,Magenta,1378,5214,363,1292,2251,360,1323,2272,360,1368,2296,354,1432,2313,345,1468,2350
87LQ7H085_mono_0166,99.3,0.03,AH,3,Black,1379,4500,411,1551,2530,416,1541,2513,438,1556,2523,468,1587,2561,428,1588,2532
87LQ7H085_mono_0167,0,0.07,AW,5,Olive,1380,5929,607,1596,2803,695,1539,2802,745,1467,2702,791,1411,2795,813,1315,2671
87LQ7H085_mono_0168,262.1,0.048,EH,8,Black,1381,4857,528,1519,2465,534,1534,2488,537,1547,2432,544,1546,2441,518,1583,2423
87LQ7H085_mono_0169,118.9,0.05,AH,3,Black,1382,5214,568,1380,2633,569,1339,2567,582,1275,2435,559,1176,2435,496,1154,2509
87LQ7H085_mono_0170,0,0.18,IY,13,Pink,1383,5571,319,2142,2946,275,2390,3168,296,2211,3177,304,2209,3199,314,2234,3118
87LQ7H085_mono_0171,0,0.07,AY,7,Magenta,1384,4857,725,1320,2235,704,1330,2299,661,1430,2385,629,1524,2479,568,1577,2716
87LQ7H085_mono_0172,168.6,0.07,AE,2,Blue,1385,4857,492,1530,2725,532,1549,2769,545,1496,2637,596,1444,2644,609,1385,2583
87LQ7H085_mono_0173,160.7,0.038,AH,3,Black,1386,4857,641,1354,2535,619,1340,2511,609,1366,2536,579,1379,2598,501,1413,2675
87LQ7H085_mono_0174,144,0.08,ER,9,Lime,1387,5214,404,1539,2440,409,1485,2429,411,1481,2214,406,1476,2130,383,1527,1942
87LQ7H085_mono_0175,127.1,0.038,AH,3,Black,1388,5929,381,1553,2964,400,1585,2963,422,1586,2941,392,1606,2822,371,1607,2794
87LQ7H085_mono_0176,119.2,0.3,IY,13,Pink,1389,5571,322,1798,2671,292,1811,2787,318,1957,2820,302,2030,2480,213,2003,2618
87LQ7H085_mono_0177,116.9,0.06,IH,11,Teal,1390,4500,400,1392,2411,430,1434,2424,426,1486,2425,415,1498,2472,401,1502,2542
87LQ7H085_mono_0178,123.4,0.048,AH,3,Black,1391,4857,370,1579,2473,371,1537,2486,365,1476,2465,356,1438,2453,340,1422,2446
87LQ7H085_mono_0179,100.6,0.178,IY,13,Pink,1392,5214,317,1747,2523,297,1824,2647,290,1837,2637,289,1807,2588,284,1775,2482
87LQ7H085_mono_0180,0,0.048,AH,3,Black,1393,6286,407,1867,3296,550,1809,2975,457,1666,2916,547,1566,2804,522,1421,2257
87LQ7H085_mono_0181,109,0.09,AA,1,Red,1394,4500,562,842,2399,569,906,2402,595,1005,2403,583,1116,2457,550,1242,2475
87LQ7H085_mono_0182,103.7,0.048,AH,3,Black,1395,4857,472,1580,2653,391,1667,2629,373,1789,2680,344,1873,2836,298,2009,2950
87LQ7H085_mono_0183,102.1,0.06,EH,8,Black,1396,5571,419,1807,2629,461,1675,2475,506,1567,2450,513,1400,2490,519,1257,2576
87LQ7H085_mono_0184,102.1,0.05,OW,14,Maroon,1397,4500,439,1000,2560,444,1017,2520,452,1008,2483,436,974,2453,363,957,2455
87LQ7H085_mono_0185,92.4,0.14,UW,17,Cyan,1398,4857,371,1509,2427,375,1557,2390,396,1540,2356,427,1496,2342,402,1507,2459
87LQ7H085_mono_0186,91.9,0.06,IH,11,Teal,1399,4500,403,1923,2575,440,1834,2527,451,1775,2565,446,1775,2539,426,1807,2522
87LQ7H085_mono_0187,98.1,0.03,AE,2,Blue,1400,4500,648,1891,2647,604,1933,2597,574,1924,2538,544,1979,2450,565,2097,2334
87LQ7H085_mono_0188,89.7,0.038,IH,11,Teal,1401,4857,361,1387,2480,365,1358,2451,371,1388,2436,427,1394,2464,400,1395,2480
87LQ7H085_mono_0189,88.2,0.04,AH,3,Black,1402,4500,465,1536,2425,477,1533,2381,471,1515,2377,447,1522,2316,362,1586,2279
87LQ7H085_mono_0190,86.4,0.11,AW,5,Olive,1403,6286,749,1356,3345,727,1314,3300,706,1328,3223,662,1252,3160,633,1250,3185
87LQ7H085_mono_0191,61.5,0.038,ER,9,Lime,1404,4857,504,1101,1937,523,1101,2039,494,1100,2092,506,1124,2603,485,1114,2751
87LQ7H085_mono_0192,65,0.08,AY,7,Magenta,1405,5214,610,1095,2917,662,1151,2913,697,1187,2880,664,1252,2835,650,1321,2788
87LQ7H085_mono_0193,133.2,0.09,IH,11,Teal,1406,4500,328,1469,1949,314,1558,2002,317,1756,2009,325,1877,1967,327,1561,1879
87LQ7H085_mono_0194,90.6,0.078,AO,4,Green,1407,6286,637,2404,3045,650,2367,3028,682,2343,3008,700,2375,2994,784,2383,2966
87LQ7H085_mono_0195,0,0.028,IH,11,Teal,1408,4857,532,1747,2538,518,1785,2501,483,1751,2401,522,1695,2373,530,1678,2402
87LQ7H085_mono_0196,159.6,0.028,AH,3,Black,1409,5571,518,1150,2871,501,1138,2879,513,1146,3092,542,1126,2980,609,1115,3090
87LQ7H085_mono_0197,98,0.108,AA,1,Red,1410,4857,639,1061,2652,660,1076,2673,668,1089,2646,661,1134,2534,607,1209,2527
87LQ7H085_mono_0198,105.1,0.208,IY,13,Pink,1411,5929,348,1779,3050,330,2036,3208,295,1914,3384,289,2231,3403,854,2252,3355
87LQ7H085_mono_0199,87.9,0.08,AA,1,Red,1412,5929,611,1312,3179,695,1258,3046,693,1246,3013,679,1230,2951,669,1119,2834
87LQ7H085_mono_0200,82.1,0.09,ER,9,Lime,1413,4500,416,1010,1763,429,1066,1690,441,1194,1654,433,1348,1699,382,1369,1695
ABC893DEF_mono_0001,0,0.028,OW,14,Maroon,1414,4857,814,1436,2521,817,1416,2425,777,1419,2456,768,1404,2490,764,1368,2445
ABC893DEF_mono_0002,145,0.07,IH,11,Teal,1415,4857,444,1401,2468,431,1412,2484,443,1440,2462,455,1429,2472,452,1417,2551
ABC893DEF_mono_0003,118.5,0.098,AO,4,Green,1416,4500,484,731,2443,480,743,2553,477,743,2511,477,847,2426,481,906,2377
ABC893DEF_mono_0004,107.6,0.13,IH,11,Teal,1417,4500,468,1409,2369,484,1544,2317,507,1619,2261,456,1832,2238,458,1766,2173
ABC893DEF_mono_0005,97.5,0.078,AY,7,Magenta,1418,6286,830,1459,2791,750,1573,2714,767,1661,2861,596,1550,2896,532,1570,2845
ABC893DEF_mono_0006,116.6,0.06,OW,14,Maroon,1419,4500,458,988,2153,462,1034,2150,464,1052,2143,475,1065,2153,466,1043,2210
ABC893DEF_mono_0007,247.2,0.08,AH,3,Black,1420,4500,444,1407,2012,483,1373,2032,516,1196,2091,515,1070,2135,494,1038,2163
ABC893DEF_mono_0008,92,0.138,EY,10,Purple,1421,5929,491,1630,2831,425,1789,2679,359,1937,2736,382,1979,2789,394,1930,2747
ABC893DEF_mono_0009,100.8,0.12,AE,2,Blue,1422,5214,600,1675,2478,668,1727,2507,699,1747,2732,769,1710,2667,477,1679,2444
ABC893DEF_mono_0010,170.9,0.14,IH,11,Teal,1423,4857,433,1566,2433,474,1515,2444,497,1496,2411,468,1484,2414,455,1472,2334
ABC893DEF_mono_0011,112.1,0.098,IY,13,Pink,1424,5214,386,1977,2703,364,2037,2813,330,2048,2761,336,2012,2746,357,2000,2663
ABC893DEF_mono_0012,112.4,0.08,IY,13,Pink,1425,4857,319,2046,2653,330,2075,2646,312,2083,2684,310,2094,2646,335,2003,2561
ABC893DEF_mono_0013,111.2,0.05,AH,3,Black,1426,4500,375,1904,2495,449,1777,2458,450,1665,2465,448,1584,2484,452,1450,2502
ABC893DEF_mono_0014,104.7,0.07,IY,13,Pink,1427,4857,407,1626,2489,396,1766,2389,338,1919,2450,313,2018,2447,333,1969,2447
ABC893DEF_mono_0015,96.7,0.108,AH,3,Black,1428,5214,533,1415,2615,614,1242,2589,659,1204,2582,640,1180,2632,483,1162,2477
ABC893DEF_mono_0016,92.4,0.12,AY,7,Magenta,1429,4500,550,1069,1893,627,1138,2083,658,1303,2302,580,1506,2257,460,1675,2458
ABC893DEF_mono_0017,88.2,0.18,OW,14,Maroon,1430,4500,506,1580,2330,519,1510,2291,517,1409,2242,488,1128,2173,440,889,2347
ABC893DEF_mono_0018,84.1,0.18,AO,4,Green,1431,4500,461,841,2741,527,850,2654,595,828,2705,569,830,2732,501,976,1878
ABC893DEF_mono_0019,80.8,0.04,AH,3,Black,1432,5571,471,1455,2590,485,1527,2779,473,1498,2774,459,1512,2820,486,1489,2807
ABC893DEF_mono_0020,75.2,0.07,EH,8,Black,1433,4857,549,1384,1973,549,1445,1868,605,1443,2523,606,1423,2582,576,1367,2554
ABC893DEF_mono_0021,236.6,0.15,ER,9,Lime,1434,4500,505,1323,1726,469,1335,1681,461,1319,1623,451,1156,1373,456,1392,1574
ABC893DEF_mono_0022,85.9,0.098,EY,10,Purple,1435,5571,516,1606,2476,505,1663,2514,434,1737,2759,414,1780,2684,330,1754,2656
ABC893DEF_mono_0023,140.7,0.07,AA,1,Red,1436,4500,493,1208,2192,517,1149,2165,556,1125,2088,553,1125,2052,569,1097,1890
ABC893DEF_mono_0024,105.6,0.188,AY,7,Magenta,1437,4857,606,1347,2133,607,1395,2307,514,1578,2575,476,1650,2638,460,1673,2541
ABC893DEF_mono_0025,90,0.038,AY,7,Magenta,1438,4857,588,1514,1826,519,1521,1853,458,1588,1941,445,1593,1952,413,1628,1992
ABC893DEF_mono_0026,114.9,0.07,AH,3,Black,1439,7000,683,1493,2816,711,1361,2846,692,1274,2859,717,999,2831,605,1126,2830
ABC893DEF_mono_0027,124.4,0.068,AH,3,Black,1440,5214,554,1274,2714,575,1208,2722,608,1142,2619,572,1135,2612,514,1158,2418
ABC893DEF_mono_0028,107.2,0.098,IH,11,Teal,1441,5571,509,1547,2649,527,1644,2694,490,1769,2791,420,1952,2912,439,2138,2837
ABC893DEF_mono_0029,99,0.098,AE,2,Blue,1442,5571,795,1586,2836,836,1517,2725,850,1457,2798,847,1422,2521,804,1395,2503
ABC893DEF_mono_0030,86,0.12,AA,1,Red,1443,4500,585,924,1898,538,916,2123,545,906,2367,524,895,2351,502,1057,2067
ABC893DEF_mono_0031,84.9,0.148,AH,3,Black,1444,6286,521,1590,2981,517,1536,2988,515,1474,2996,497,1478,2892,465,1540,3182
ABC893DEF_mono_0032,95.2,0.12,AE,2,Blue,1445,4500,592,1395,1836,659,1402,2166,696,1400,2176,722,1402,2287,668,1349,2239
ABC893DEF_mono_0033,92.7,0.05,AH,3,Black,1446,4500,481,907,2612,486,1031,2418,503,1121,2388,495,1259,2358,519,1338,2236
ABC893DEF_mono_0034,100.5,0.06,EH,8,Black,1447,4500,513,1525,2566,516,1511,2530,533,1557,2562,552,1478,2388,525,1484,2250
ABC893DEF_mono_0035,110.3,0.08,ER,9,Lime,1448,4857,451,1141,1657,445,1144,1563,435,1152,1571,425,1188,1562,415,1237,1570
ABC893DEF_mono_0036,99.4,0.14,ER,9,Lime,1449,4500,441,1221,1659,480,1154,1652,487,1196,1585,408,1244,1503,368,1240,1472
ABC893DEF_mono_0037,85.1,0.05,AH,3,Black,1450,4500,413,1143,2221,395,1227,2219,393,1387,2457,442,1407,2429,373,1354,2391
ABC893DEF_mono_0038,87.2,0.09,IY,13,Pink,1451,4500,377,1618,2296,364,1708,2467,391,2042,2588,400,2108,2628,440,2159,2652
ABC893DEF_mono_0039,80.3,0.138,IH,11,Teal,1452,5214,489,1679,2530,490,1660,2549,530,1592,2589,520,1553,2647,518,1498,2805
ABC893DEF_mono_0040,77.7,0.098,AH,3,Black,1453,5571,657,1535,2375,671,1543,2560,541,1575,2552,494,1629,2654,457,1692,2607
ABC893DEF_mono_0041,88.1,0.07,EH,8,Black,1454,4857,659,1583,2735,612,1601,2613,594,1613,2579,531,1583,2557,522,1601,2567
ABC893DEF_mono_0042,82.3,0.098,IH,11,Teal,1455,4500,458,1597,2576,471,1653,2564,480,1658,2554,467,1666,2600,439,1653,2575
ABC893DEF_mono_0043,107.9,0.16,AW,5,Olive,1456,5214,558,1656,2647,682,1616,2601,714,1505,2593,763,1478,2712,719,1419,2628
ABC893DEF_mono_0044,129.9,0.12,AY,7,Magenta,1457,4500,500,1335,2075,648,1100,2161,655,1008,2174,673,1165,2185,639,1341,2215
ABC893DEF_mono_0045,112.5,0.09,UH,16,Silver,1458,4500,470,948,2804,457,987,2805,452,1051,2480,462,1067,2497,464,1059,2453
ABC893DEF_mono_0046,93.8,0.088,IH,11,Teal,1459,6286,291,1914,2939,283,1914,3029,290,1897,2950,363,1876,2965,413,1783,2973
ABC893DEF_mono_0047,90.2,0.07,AY,7,Magenta,1460,4500,621,1097,2709,571,1238,2553,518,1453,2202,466,1615,2178,411,1623,2144
ABC893DEF_mono_0048,110,0.118,AE,2,Blue,1461,5571,507,1409,2510,660,1427,2633,714,1463,2673,683,1506,2569,639,1550,2724
ABC893DEF_mono_0049,103,0.28,EY,10,Purple,1462,4500,464,1719,2555,407,2001,2623,398,2162,2645,392,2005,2572,405,1812,2488
ABC893DEF_mono_0050,211.4,0.11,AH,3,Black,1463,4500,473,1445,2328,507,1420,2364,517,1310,2355,494,1169,2546,459,1113,2494
ABC893DEF_mono_0051,96.2,0.13,UW,17,Cyan,1464,4500,351,1474,2454,310,1443,2002,297,1391,1973,292,1306,1990,274,1248,2002
ABC893DEF_mono_0052,89.8,0.168,EY,10,Purple,1465,5571,568,1543,2428,512,1713,2586,451,1748,2563,446,1767,2555,440,1704,2575
ABC893DEF_mono_0053,88.6,0.068,AE,2,Blue,1466,5214,513,1512,2579,589,1483,2563,595,1441,2609,598,1419,2510,561,1432,2333
ABC893DEF_mono_0054,84,0.08,EY,10,Purple,1467,5214,479,1616,2510,482,1704,2439,465,2036,2492,428,1843,2501,382,1856,2485
ABC893DEF_mono_0055,85.4,0.07,UW,17,Cyan,1468,5929,333,1748,3146,312,1681,3123,308,1646,3248,329,1721,3489,336,1704,3500
ABC893DEF_mono_0056,92,0.048,EH,8,Black,1469,4857,619,1128,2243,641,1165,2286,638,1208,2272,626,1246,2254,625,1413,2479
ABC893DEF_mono_0057,90.1,0.108,AH,3,Black,1470,4857,414,1587,2527,453,1580,2342,451,1574,2354,450,1562,2357,443,1583,2331
ABC893DEF_mono_0058,79.5,0.1,IH,11,Teal,1471,5929,421,1864,2631,420,1907,2684,438,1826,2704,420,1771,2621,432,1680,2471
ABC893DEF_mono_0059,221.8,0.05,IH,11,Teal,1472,5214,442,1514,2704,436,1526,2597,409,1621,2652,406,1573,2643,446,1529,2617
ABC893DEF_mono_0060,74.1,0.07,AH,3,Black,1473,4500,428,1447,2691,455,1412,2714,394,1428,2657,424,1422,2801,388,1304,2779
ABC893DEF_mono_0061,83.6,0.07,AW,5,Olive,1474,5929,555,1503,2870,594,1537,2859,614,1522,2887,590,1545,2898,531,1550,2799
ABC893DEF_mono_0062,83.6,0.05,AH,3,Black,1475,5214,412,1557,2518,410,1486,2260,403,1331,2221,388,1297,2134,360,1289,1804
ABC893DEF_mono_0063,75.5,0.168,EY,10,Purple,1476,5571,514,1822,2641,435,2091,2786,394,2279,2762,402,2126,2770,346,2193,2654
ABC893DEF_mono_0064,71.3,0.118,ER,9,Lime,1477,4857,487,1264,1733,488,1118,1607,479,1184,1531,449,1201,1407,415,1221,1425
ABC893DEF_mono_0065,65.9,0.16,AA,1,Red,1478,4500,533,1220,2038,614,1079,2157,565,971,2108,573,1018,2125,641,1095,2171
ABC893DEF_mono_0066,82.8,0.038,AY,7,Magenta,1479,6286,612,1378,2476,650,1445,2685,631,1507,2709,609,1620,2896,542,1611,2918
ABC893DEF_mono_0067,161,0.098,AA,1,Red,1480,4857,518,1339,2580,550,1107,2360,731,1033,2419,662,956,2252,643,927,2233
ABC893DEF_mono_0068,109.9,0.098,AY,7,Magenta,1481,5214,680,1108,2536,676,1195,2504,655,1383,2393,544,1517,2479,488,1512,2492
ABC893DEF_mono_0069,98.9,0.048,AH,3,Black,1482,4857,470,1427,2455,473,1478,2426,461,1514,2414,402,1476,2396,420,1457,2387
ABC893DEF_mono_0070,105,0.06,AO,4,Green,1483,7000,488,1613,2861,478,2028,2842,522,1984,3055,528,1982,3012,544,2013,3310
ABC893DEF_mono_0071,92.2,0.09,ER,9,Lime,1484,4500,432,1262,1645,454,1190,1665,443,1290,1656,415,1322,1628,417,1384,1663
ABC893DEF_mono_0072,97.8,0.09,AO,4,Green,1485,5571,461,1499,2560,485,1503,2580,513,916,2086,471,882,1987,464,846,1840
ABC893DEF_mono_0073,89.5,0.06,UW,17,Cyan,1486,4500,405,1502,2091,397,1478,1939,367,1452,1956,334,1433,1956,305,1379,1980
ABC893DEF_mono_0074,87.1,0.128,AE,2,Blue,1487,5214,590,1379,2013,670,1404,2226,723,1458,2257,730,1470,2455,647,1390,2467
ABC893DEF_mono_0075,246.9,0.09,AH,3,Black,1488,4857,503,1200,2449,516,1331,2439,501,1359,2429,485,1408,2392,455,1498,2485
ABC893DEF_mono_0076,87.1,0.08,OW,14,Maroon,1489,4857,438,1521,2581,429,1509,2503,418,1483,2437,404,1473,2330,348,1500,2391
ABC893DEF_mono_0077,84.2,0.07,IH,11,Teal,1490,4857,406,1596,2486,425,1606,2441,426,1611,2490,412,1627,2517,380,1632,2412
ABC893DEF_mono_0078,118.8,0.128,EY,10,Purple,1491,5214,468,1589,2440,493,1685,2604,461,1740,2463,442,1871,2492,394,1785,2494
ABC893DEF_mono_0079,89.6,0.09,AH,3,Black,1492,5214,406,1337,2667,461,1116,2456,466,966,2505,480,877,2520,498,855,2498
ABC893DEF_mono_0080,82.9,0.11,AH,3,Black,1493,5571,578,1133,2629,598,1438,2498,530,1523,2415,492,1611,2430,470,1541,2484
ABC893DEF_mono_0081,231.1,0.098,AO,4,Green,1494,5214,465,1161,1978,484,967,2061,451,642,2048,454,653,1996,445,666,1896
ABC893DEF_mono_0082,85.8,0.08,AH,3,Black,1495,5214,469,1351,1794,483,1423,1890,466,1464,2041,441,1507,2223,419,1536,2406
ABC893DEF_mono_0083,79.7,0.168,UW,17,Cyan,1496,5571,320,1647,2735,344,1654,2807,362,1643,2827,338,1609,2807,313,1631,2842
ABC893DEF_mono_0084,227.4,0.048,AH,3,Black,1497,4857,456,1346,2551,478,1274,2506,465,1339,2493,442,1346,2511,418,1341,2452
ABC893DEF_mono_0085,122.8,0.08,EY,10,Purple,1498,5214,472,1561,2692,498,1559,2729,489,1608,2676,463,1565,2694,451,1529,2733
ABC893DEF_mono_0086,82,0.13,ER,9,Lime,1499,4500,419,1025,1709,433,1033,1551,461,1117,1463,478,1239,1482,548,1314,1635
ABC893DEF_mono_0087,74.5,0.118,AW,5,Olive,1500,4857,655,1433,1889,659,1425,2111,676,1402,2145,608,1446,2395,538,1441,2482
ABC893DEF_mono_0088,79.5,0.04,AH,3,Black,1501,5571,461,1504,2282,452,1456,2187,452,1392,2137,449,1355,1920,443,1384,1959
ABC893DEF_mono_0089,117.3,0.168,OW,14,Maroon,1502,4857,514,1206,2435,496,1263,2412,473,1250,2446,448,1285,2611,426,1327,2545
ABC893DEF_mono_0090,97.4,0.108,AE,2,Blue,1503,5214,558,1697,2691,654,1604,2750,689,1521,2305,679,1489,2347,667,1428,2572
ABC893DEF_mono_0091,101.9,0.058,IH,11,Teal,1504,5214,377,1805,2619,390,1698,2605,400,1665,2766,403,1673,2886,398,1657,2758
ABC893DEF_mono_0092,90.4,0.19,OW,14,Maroon,1505,4500,427,1531,1767,527,1426,1938,530,1401,2011,470,1288,1992,412,1236,2096
ABC893DEF_mono_0093,99.4,0.08,IH,11,Teal,1506,5214,419,1713,2603,441,1696,2554,420,1667,2467,416,1640,2524,375,1642,2508
ABC893DEF_mono_0094,98,0.08,AH,3,Black,1507,4500,474,895,2116,518,921,2158,520,930,2103,514,1054,1924,498,1097,1920
ABC893DEF_mono_0095,83.6,0.18,EY,10,Purple,1508,4500,477,1589,2474,524,1541,2442,496,1687,2545,481,1722,2557,508,1720,2505
ABC893DEF_mono_0096,79.7,0.068,EH,8,Black,1509,5571,596,1653,2631,660,1599,2687,652,1541,2397,581,1516,2460,518,1480,2374
ABC893DEF_mono_0097,73.4,0.13,ER,9,Lime,1510,6286,464,1423,1932,474,1407,1840,461,1409,1797,417,1447,1635,365,1456,1673
ABC893DEF_mono_0098,73.3,0.28,IY,13,Pink,1511,4500,425,1740,2536,426,2039,2560,433,2166,2639,446,2154,2611,501,1711,2461
ABC893DEF_mono_0099,66.6,0.028,AH,3,Black,1512,4857,564,1687,2177,597,1644,2222,583,1621,2266,543,1629,2315,515,1643,2348
ABC893DEF_mono_0100,88.2,0.138,AY,7,Magenta,1513,5929,672,1424,2752,752,1451,2982,756,1472,2958,693,1512,2994,612,1671,2782
ABC893DEF_mono_0101,85.4,0.148,AE,2,Blue,1514,6286,801,1553,3143,828,1514,3113,827,1401,3017,842,1370,3024,791,1379,2798
ABC893DEF_mono_0102,75.6,0.14,AE,2,Blue,1515,4500,753,1167,2765,771,1355,2670,787,1367,2533,793,1380,2578,757,1367,2564
ABC893DEF_mono_0103,87.6,0.068,IH,11,Teal,1516,6643,407,2165,3127,394,2345,3175,362,2233,3110,353,2249,3006,341,2202,3034
ABC893DEF_mono_0104,81.9,0.13,AH,3,Black,1517,4857,449,1593,2491,486,1502,2584,475,1519,2534,419,1518,2770,362,1494,2653
ABC893DEF_mono_0105,78.5,0.238,AE,2,Blue,1518,4857,527,1869,2705,629,1707,2627,701,1616,2649,732,1430,2670,723,1388,2638
ABC893DEF_mono_0106,81.3,0.2,UW,17,Cyan,1519,4500,424,1526,1781,428,1603,2027,448,1496,1879,429,1180,1934,483,1120,2093
ABC893DEF_mono_0107,101.4,0.038,AY,7,Magenta,1520,4857,594,1467,2246,547,1566,2224,521,1606,2234,509,1633,2238,496,1682,2419
ABC893DEF_mono_0108,130.8,0.08,UH,16,Silver,1521,4500,397,1512,2322,407,1431,2294,423,1321,2144,399,1275,2173,375,1240,2266
ABC893DEF_mono_0109,130,0.05,AH,3,Black,1522,5929,414,1665,2738,433,1660,2783,438,1624,2788,486,1615,2779,440,1622,2785
ABC893DEF_mono_0110,124,0.118,IY,13,Pink,1523,5571,330,2088,2734,315,2179,2852,312,2269,2839,307,2283,2863,359,2240,2821
ABC893DEF_mono_0111,103.2,0.078,IH,11,Teal,1524,6286,386,2171,2724,398,2271,2866,395,2160,2925,428,2031,2714,443,1946,2602
ABC893DEF_mono_0112,89.3,0.09,AH,3,Black,1525,5214,480,1239,2551,482,1243,2528,462,1133,2458,424,1039,2445,404,920,2547
ABC893DEF_mono_0113,89.8,0.06,IH,11,Teal,1526,4857,461,1171,2275,462,1331,2264,458,1487,2337,450,1531,2287,428,1536,2301
ABC893DEF_mono_0114,83.6,0.248,OW,14,Maroon,1527,4857,477,1526,2546,520,1459,2538,498,1436,2207,482,1275,2193,420,1226,2123
ABC893DEF_mono_0115,99.9,0.08,OW,14,Maroon,1528,4500,494,871,1994,494,851,2164,494,844,2312,491,840,2402,486,822,2493
ABC893DEF_mono_0116,85.5,0.128,AY,7,Magenta,1529,5214,548,948,2148,609,1178,2153,591,1419,2220,521,1536,2369,464,1695,2615
ABC893DEF_mono_0117,107.9,0.228,OW,14,Maroon,1530,5929,519,1345,2138,542,1316,2224,501,1203,2128,464,1204,2073,451,1270,2039
ABC893DEF_mono_0118,149.3,0.118,AE,2,Blue,1531,4857,512,1599,2502,616,1637,2546,615,1641,2501,608,1666,2518,537,1696,2537
ABC893DEF_mono_0119,245.3,0.16,OW,14,Maroon,1532,4857,534,1498,2484,574,1396,2448,538,1308,2255,496,1166,2281,443,1059,2231
ABC893DEF_mono_0120,88.6,0.128,ER,9,Lime,1533,5929,464,1026,1673,458,1055,1578,451,1055,1506,448,1058,1460,475,1039,1470
ABC893DEF_mono_0121,87.6,0.248,ER,9,Lime,1534,4857,469,1138,2129,467,1214,1947,436,1256,1691,431,1290,1651,416,1369,1658
ABC893DEF_mono_0122,138.6,0.068,AH,3,Black,1535,5214,500,1356,2553,522,1334,2539,542,1260,2363,518,1147,2328,487,1103,2254
ABC893DEF_mono_0123,83.6,0.038,AH,3,Black,1536,4857,485,933,2239,496,1004,2245,497,1157,2262,482,1179,2212,468,1321,2265
ABC893DEF_mono_0124,85,0.228,EY,10,Purple,1537,5929,488,1731,2665,504,1797,2734,436,1998,2971,403,2096,2886,384,1971,3001
ABC893DEF_mono_0125,0,0.038,AH,3,Black,1538,4857,436,1514,2534,427,1497,2515,402,1477,2582,405,1493,2674,402,1479,2629
ABC893DEF_mono_0126,93.8,0.098,ER,9,Lime,1539,4857,422,1328,1860,370,1109,1539,375,1110,1576,422,1148,1548,503,1195,1660
ABC893DEF_mono_0127,101.3,0.138,AE,2,Blue,1540,5214,615,1481,2420,701,1486,2559,780,1521,2457,789,1461,2230,740,1433,2414
ABC893DEF_mono_0128,94.6,0.058,IH,11,Teal,1541,5214,425,1626,2483,431,1658,2511,423,1737,2507,394,1842,2416,427,1854,2410
ABC893DEF_mono_0129,83.7,0.09,IH,11,Teal,1542,5214,415,1517,2570,493,1568,2567,508,1557,2567,498,1529,2544,486,1433,2648
ABC893DEF_mono_0130,233.1,0.098,IH,11,Teal,1543,4857,450,1423,2500,469,1503,2522,471,1585,2539,486,1595,2540,468,1599,2521
ABC893DEF_mono_0131,191.5,0.12,OW,14,Maroon,1544,4500,511,1431,2463,506,1381,2372,493,1295,2427,460,1157,2426,417,1101,2444
ABC893DEF_mono_0132,0,0.048,AH,3,Black,1545,4857,449,1422,2070,432,1530,2200,386,1572,2149,381,1573,2241,320,1548,2334
ABC893DEF_mono_0133,110.7,0.098,AE,2,Blue,1546,5214,538,1545,2552,629,1499,2624,636,1470,2554,594,1503,2485,512,1517,2426
ABC893DEF_mono_0134,72.6,0.23,UW,17,Cyan,1547,5214,420,1782,2304,419,1794,2368,434,1773,2142,429,1543,2138,424,1488,2116
ABC893DEF_mono_0135,77.6,0.04,IH,11,Teal,1548,4500,445,1228,2569,450,1477,2720,444,1563,2470,453,1490,2403,1283,1515,2553
ABC893DEF_mono_0136,0,0.04,EH,8,Black,1549,4500,520,1305,2180,497,1270,2317,514,1191,2113,524,1172,2281,545,1228,2298
ABC893DEF_mono_0137,81.1,0.168,AA,1,Red,1550,4857,592,913,2638,621,821,2594,617,821,2651,631,847,2566,537,973,2581
ABC893DEF_mono_0138,75.7,0.058,IY,13,Pink,1551,6643,390,1774,2839,350,1824,2859,321,1805,2820,353,1761,2919,398,1767,2913
ABC893DEF_mono_0139,78.5,0.04,OW,14,Maroon,1552,7000,501,1641,2766,490,1652,2785,510,1562,2799,549,1588,2828,536,1651,2946
ABC893DEF_mono_0140,66.1,0.19,AW,5,Olive,1553,4500,619,1499,2392,650,1493,2225,663,1469,2115,554,1393,2211,506,1354,1980
ABC893DEF_mono_0141,244.1,0.07,AH,3,Black,1554,4500,492,1400,2748,519,1399,2703,504,1388,2672,484,1403,2632,427,1500,2677
ABC893DEF_mono_0142,61.7,0.23,AY,7,Magenta,1555,4857,635,1222,2469,662,1208,1974,678,1213,1984,683,1394,2223,518,1596,2275
ABC893DEF_mono_0143,110.3,0.06,AE,2,Blue,1556,4500,750,1361,2345,756,1355,2288,777,1379,2156,758,1272,2328,697,1385,2358
ABC893DEF_mono_0144,114.2,0.08,ER,9,Lime,1557,4500,452,1455,1886,474,1236,1786,469,1217,1815,476,1183,1754,469,1182,1719
ABC893DEF_mono_0145,106.5,0.05,AH,3,Black,1558,4500,461,1172,1702,451,1200,1696,444,1247,1705,420,1207,1671,449,1188,1695
ABC893DEF_mono_0146,149.2,0.09,UW,17,Cyan,1559,5214,356,1723,2348,350,1604,2315,312,1503,2263,355,1619,2255,341,1775,2258
ABC893DEF_mono_0147,105.7,0.16,AY,7,Magenta,1560,5214,553,1065,2442,655,1060,2580,660,1298,2438,541,1594,2387,427,1735,2514
ABC893DEF_mono_0148,97.6,0.05,AH,3,Black,1561,4500,421,1473,2597,428,1451,2572,459,1440,2546,468,1440,2527,433,1444,2511
ABC893DEF_mono_0149,240.2,0.048,AH,3,Black,1562,4857,488,1338,2579,500,1221,2495,508,1186,2359,489,1198,2314,465,1146,2268
ABC893DEF_mono_0150,90.9,0.12,IH,11,Teal,1563,5214,467,1463,2548,446,1619,2441,369,1748,2579,390,1985,2539,425,2098,2308
ABC893DEF_mono_0151,102.5,0.12,EY,10,Purple,1564,5214,513,1576,2427,516,1648,2526,503,1705,2472,448,1957,2506,415,2048,2499
ABC893DEF_mono_0152,131.1,0.118,IY,13,Pink,1565,5571,420,1808,2515,374,1914,2513,340,1958,2741,431,1926,2654,463,1854,2741
ABC893DEF_mono_0153,175.1,0.12,EH,8,Black,1566,5214,512,1780,2720,525,1811,2683,526,1821,2586,532,1788,2527,492,1803,2497
ABC893DEF_mono_0154,105.4,0.18,EY,10,Purple,1567,5929,467,1615,2707,502,1671,2655,482,1764,2743,446,1877,2738,406,1840,2620
ABC893DEF_mono_0155,81.2,0.128,AY,7,Magenta,1568,5214,776,1253,2241,721,1430,2305,657,1495,2740,493,1600,2619,421,1674,2601
ABC893DEF_mono_0156,88.1,0.06,AA,1,Red,1569,4500,502,752,2479,518,782,2306,528,802,1987,486,893,2049,473,920,2068
ABC893DEF_mono_0157,83.7,0.11,ER,9,Lime,1570,4500,440,1300,1699,444,1268,1743,440,1278,1782,412,1378,1720,423,1422,1663
ABC893DEF_mono_0158,0,0.05,AH,3,Black,1571,4500,491,1452,2557,433,1555,2648,433,1312,2624,417,1307,2569,413,1308,2531
ABC893DEF_mono_0159,230,0.048,AH,3,Black,1572,5571,479,1268,2717,483,1235,2760,466,1198,2763,429,1215,2822,458,1101,2820
ABC893DEF_mono_0160,86.3,0.038,AA,1,Red,1573,4857,589,832,2168,544,846,2138,547,864,2098,569,857,1919,558,855,1741
ABC893DEF_mono_0161,86.6,0.058,AH,3,Black,1574,5214,523,1425,3010,477,1437,2731,455,1527,2553,428,1679,2433,326,1661,2454
ABC893DEF_mono_0162,107.8,0.07,IH,11,Teal,1575,4500,432,1669,2521,447,1653,2485,432,1654,2526,405,1678,2558,411,1664,2477
ABC893DEF_mono_0163,101,0.11,UW,17,Cyan,1576,4500,321,1685,2326,324,1704,2267,356,1594,2099,376,1361,2016,360,1168,1939
ABC893DEF_mono_0164,99.7,0.318,AY,7,Magenta,1577,5214,660,1007,2537,716,1012,2580,738,1147,2448,602,1596,2443,492,1727,2617
ABC893DEF_mono_0165,76.6,0.178,AA,1,Red,1578,4857,569,1426,2445,674,1101,2386,626,982,2203,624,969,2252,513,1116,2222
ABC893DEF_mono_0166,79.7,0.138,AH,3,Black,1579,5214,448,1437,2476,452,1490,2429,452,1496,2485,425,1532,2577,415,1562,2617
ABC893DEF_mono_0167,94.5,0.12,UW,17,Cyan,1580,4500,350,1633,2194,348,1586,2058,339,1508,2014,342,1522,2008,312,1491,2059
ABC893DEF_mono_0168,113.4,0.22,ER,9,Lime,1581,4500,445,1267,1640,482,1244,1619,468,1104,1326,460,1342,1588,422,1456,1915
ABC893DEF_mono_0169,171.3,0.05,EH,8,Black,1582,4500,462,1731,2597,483,1641,2574,543,1399,2576,584,1262,2596,604,1215,2635
ABC893DEF_mono_0170,80.3,0.07,IH,11,Teal,1583,6286,541,1303,3176,479,1452,2985,476,1599,3338,419,1823,3303,450,2022,3581
ABC893DEF_mono_0171,117.6,0.23,UW,17,Cyan,1584,4500,340,1639,2291,375,1633,2181,405,1480,2095,435,1431,2091,422,1228,2103
ABC893DEF_mono_0172,112.4,0.248,UW,17,Cyan,1585,4857,372,1674,2438,401,1704,2309,453,1583,2191,428,1350,2136,422,1080,2116
ABC893DEF_mono_0173,88.3,0.07,AY,7,Magenta,1586,6286,673,1148,3077,660,1325,2931,605,1452,2958,520,1624,2900,511,1737,2727
ABC893DEF_mono_0174,84.3,0.028,AH,3,Black,1587,5214,438,1210,2746,450,1213,2725,431,1232,2679,436,1232,2678,380,1309,2699
ABC893DEF_mono_0175,83.6,0.048,AH,3,Black,1588,5571,437,1376,2549,442,1338,2563,454,1404,2611,450,1449,2644,503,1527,2662
ABC893DEF_mono_0176,98.3,0.11,AW,5,Olive,1589,5571,634,1604,2657,698,1522,2647,813,1463,2310,727,1385,1986,582,1409,1991
ABC893DEF_mono_0177,231.6,0.04,AH,3,Black,1590,4500,478,1474,2226,477,1477,2181,482,1486,2351,495,1456,2406,480,1451,2403
ABC893DEF_mono_0178,71,0.088,EH,8,Black,1591,6643,598,1509,2753,666,1498,2628,688,1503,2537,652,1541,2176,611,1555,2363
ABC893DEF_mono_0179,0,0.05,AE,2,Blue,1592,4500,505,1377,2348,531,1406,2439,543,1410,2424,510,1409,2436,511,1419,2482
ABC893DEF_mono_0180,77.6,0.08,AH,3,Black,1593,5214,532,1270,2836,538,1183,2535,550,1164,2198,519,1151,2101,450,1127,2387
ABC893DEF_mono_0181,70.9,0.04,AH,3,Black,1594,5214,434,1336,2102,446,1430,2116,455,1496,2210,455,1524,2308,452,1529,2506
ABC893DEF_mono_0182,72,0.158,IY,13,Pink,1595,6643,359,2065,2801,369,2199,2899,348,2210,2939,370,2211,2861,364,2215,2884
ABC893DEF_mono_0183,114.7,0.138,AE,2,Blue,1596,5214,530,1571,2708,702,1413,2693,779,1405,2417,785,1470,2271,631,1479,2660
ABC893DEF_mono_0184,107.1,0.07,AH,3,Black,1597,4857,603,1031,2148,591,993,2169,578,1013,2159,554,1015,2240,523,1084,2304
ABC893DEF_mono_0185,102.9,0.098,ER,9,Lime,1598,4857,457,1237,1843,455,1194,1771,461,1162,1615,467,1173,1676,480,1185,1657
ABC893DEF_mono_0186,158.7,0.08,AH,3,Black,1599,4857,486,1212,1725,483,1276,1859,477,1327,1924,468,1462,1960,444,1443,1977
ABC893DEF_mono_0187,117.9,0.258,IY,13,Pink,1600,4857,311,1866,2715,326,2138,2702,367,2141,2680,381,1912,2578,379,1641,2652
ABC893DEF_mono_0188,100.1,0.05,IH,11,Teal,1601,4500,501,1390,2621,499,1419,2632,498,1434,2566,495,1437,2581,479,1437,2548
ABC893DEF_mono_0189,99,0.06,AH,3,Black,1602,4857,450,1548,2528,463,1567,2559,481,1574,2542,476,1590,2565,453,1627,2559
ABC893DEF_mono_0190,95.5,0.048,AH,3,Black,1603,4857,416,1616,2554,397,1587,2693,404,1457,2649,366,1435,2709,228,1407,2728
ABC893DEF_mono_0191,219,0.04,AH,3,Black,1604,5214,442,1354,2619,452,1344,2585,444,1281,2520,413,1281,2412,342,1253,2373
ABC893DEF_mono_0192,108.2,0.188,IY,13,Pink,1605,6286,366,1937,2629,329,2151,2819,327,2106,2690,354,1920,2636,300,1756,2625
ABC893DEF_mono_0193,90.1,0.09,AA,1,Red,1606,4857,519,725,2336,536,787,2310,545,948,2231,508,1067,2001,580,1167,1985
ABC893DEF_mono_0194,166.1,0.058,AH,3,Black,1607,5214,471,1623,2568,468,1627,2507,449,1766,2632,429,1802,2726,392,1928,2754
ABC893DEF_mono_0195,96.3,0.07,EH,8,Black,1608,4500,485,1744,2628,508,1591,2635,627,1438,2669,643,1399,2646,632,1299,2723
ABC893DEF_mono_0196,96.9,0.09,OW,14,Maroon,1609,5214,507,1007,2787,490,1036,2731,482,1036,2797,476,1011,2870,413,964,2900
ABC893DEF_mono_0197,87.4,0.13,UW,17,Cyan,1610,4857,428,1362,2329,390,1470,2283,369,1499,2284,373,1524,2216,370,1493,2205
ABC893DEF_mono_0198,245.4,0.08,EH,8,Black,1611,5214,437,1646,2596,492,1580,2609,552,1542,2600,538,1570,2645,506,1599,2628
ABC893DEF_mono_0199,0,0.068,AE,2,Blue,1612,5214,604,1722,2600,594,1723,2648,561,1746,2606,509,1810,2654,476,1809,2668
ABC893DEF_mono_0200,81.2,0.06,AH,3,Black,1613,4500,474,1152,1569,463,964,2284,477,918,2324,482,888,2400,479,837,2604
ABC893DEF_mono_0201,72.9,0.05,IH,11,Teal,1614,5214,479,1919,2801,465,1933,2851,445,1909,2838,457,1801,2823,406,1709,2816
ABC893DEF_mono_0202,79.4,0.06,AH,3,Black,1615,4857,490,1586,2069,515,1453,2023,552,1403,2162,510,1339,2182,499,1285,2262
ABC893DEF_mono_0203,78.2,0.12,AW,5,Olive,1616,5929,876,1456,3012,846,1432,2781,758,1212,2345,719,1027,2052,596,959,1737
ABC893DEF_mono_0204,72.3,0.098,ER,9,Lime,1617,4857,559,972,1626,525,906,1243,510,1017,1556,490,1102,1536,472,1161,1659
ABC893DEF_mono_0205,0,0.19,AY,7,Magenta,1618,5214,677,987,2722,690,1128,2646,773,1382,2848,592,1537,2753,483,1656,2719
ABC893DEF_mono_0206,114.4,0.05,IH,11,Teal,1619,4500,376,1371,1927,364,1453,1925,375,1505,1951,391,1529,1908,436,1527,1953
ABC893DEF_mono_0207,89,0.07,AO,4,Green,1620,4500,475,943,2280,485,774,2192,481,723,2296,492,726,2103,516,769,1962
ABC893DEF_mono_0208,61.4,0.14,IH,11,Teal,1621,4500,557,1474,2319,560,1525,2338,538,1574,2117,498,1611,2231,447,1680,2157
ABC893DEF_mono_0209,67.4,0.03,AH,3,Black,1622,4500,487,1153,2256,494,1187,2262,492,1196,2281,496,1200,2297,496,1235,2292
ABC893DEF_mono_0210,124.2,0.108,AA,1,Red,1623,4857,584,1155,2247,566,997,2059,564,962,2096,600,975,2098,674,1029,2210
ABC893DEF_mono_0211,131,0.05,AH,3,Black,1624,4500,597,1231,2181,554,1306,2201,572,1354,2154,496,1318,2136,478,1278,2206
ABC893DEF_mono_0212,115.7,0.14,IY,13,Pink,1625,4857,474,1658,2505,469,1730,2504,458,1839,2471,448,1846,2537,497,1947,2553
ABC893DEF_mono_0213,97.7,0.098,AA,1,Red,1626,5214,536,1251,2622,573,1124,2328,718,1089,2409,610,1038,2436,563,1046,2679
ABC893DEF_mono_0214,83.7,0.06,AH,3,Black,1627,4857,499,974,2692,496,964,2640,494,907,2596,466,864,2425,444,771,2397
ABC893DEF_mono_0215,238.8,0.12,ER,9,Lime,1628,4500,495,942,1571,491,1006,1489,494,1068,1516,485,1121,1527,461,1249,1545
AIRFORCE1_mono_0001,124.3,0.03,OW,14,Maroon,1629,4500,411,1400,2514,417,1415,2480,399,1416,2438,366,1419,2430,352,1381,2453
AIRFORCE1_mono_0002,170.6,0.06,IH,11,Teal,1630,4500,360,1444,2526,371,1490,2543,374,1507,2578,388,1472,2624,412,1543,2629
AIRFORCE1_mono_0003,124,0.06,AO,4,Green,1631,4500,407,641,2090,409,664,2062,417,715,2091,418,754,2061,428,776,2013
AIRFORCE1_mono_0004,101.4,0.098,IH,11,Teal,1632,4500,539,1563,2339,528,1603,2290,514,1652,2230,506,1707,2125,402,1734,1956
AIRFORCE1_mono_0005,111.1,0.04,AY,7,Magenta,1633,4500,672,1444,2176,647,1424,2196,651,1403,2308,637,1388,2420,615,1372,2463
AIRFORCE1_mono_0006,127.1,0.05,OW,14,Maroon,1634,4500,461,851,2522,468,848,2495,450,857,2509,419,830,2346,370,872,2371
AIRFORCE1_mono_0007,127.4,0.048,AH,3,Black,1635,4857,474,1329,2261,512,1319,2323,527,1258,2373,533,1082,2429,522,1174,2477
AIRFORCE1_mono_0008,106.8,0.098,EY,10,Purple,1636,4857,515,1571,2568,491,1685,2535,434,1746,2488,428,1836,2396,424,1852,2394
AIRFORCE1_mono_0009,62.8,0.028,AH,3,Black,1637,5214,476,1760,2773,496,1813,2654,472,1789,2515,508,1689,2680,488,1688,2715
AIRFORCE1_mono_0010,95.5,0.03,IH,11,Teal,1638,6286,459,1668,2654,455,1677,2669,442,1634,2663,415,1614,2655,405,1594,2539
AIRFORCE1_mono_0011,120.4,0.038,IY,13,Pink,1639,6286,355,2144,2581,360,2111,2632,358,2075,2669,352,1997,2650,348,1981,2661
AIRFORCE1_mono_0012,126.1,0.038,IY,13,Pink,1640,4857,328,1811,2445,324,1861,2449,326,1895,2452,335,1876,2434,355,1804,2432
AIRFORCE1_mono_0013,124.3,0.04,AH,3,Black,1641,5214,365,1745,2472,381,1719,2538,398,1744,2517,403,1707,2565,395,1738,2525
AIRFORCE1_mono_0014,115,0.038,IY,13,Pink,1642,4857,334,1862,2549,330,1875,2516,308,1952,2552,311,1967,2556,335,1951,2557
AIRFORCE1_mono_0015,269.8,0.05,AH,3,Black,1643,6643,516,1474,2845,543,1408,2876,569,1374,2952,561,1352,3062,541,1306,3116
AIRFORCE1_mono_0016,106.2,0.068,AY,7,Magenta,1644,5214,624,1274,2394,651,1382,2383,626,1451,2429,595,1518,2520,541,1616,2558
AIRFORCE1_mono_0017,116.6,0.118,OW,14,Maroon,1645,4857,531,1442,2501,510,1287,2508,488,1095,2317,460,1036,2367,485,779,2564
AIRFORCE1_mono_0018,100.9,0.04,AA,1,Red,1646,6643,596,813,2994,608,866,3023,597,997,3063,564,1011,3126,528,1073,3195
AIRFORCE1_mono_0019,94.7,0.028,AH,3,Black,1647,5571,355,1481,2649,358,1520,2751,343,1517,2761,345,1536,2740,322,1542,2645
AIRFORCE1_mono_0020,138.3,0.048,EH,8,Black,1648,5571,578,1416,2205,589,1400,2256,597,1399,2300,579,1430,2390,551,1432,2510
AIRFORCE1_mono_0021,0,0.07,ER,9,Lime,1649,4500,496,1603,1689,510,1558,1766,538,1501,1762,540,1521,1770,537,1483,1668
AIRFORCE1_mono_0022,149.9,0.06,EY,10,Purple,1650,6286,449,1670,1982,436,1810,2239,408,1818,2513,358,1871,2830,326,1881,3145
AIRFORCE1_mono_0023,172.2,0.06,AA,1,Red,1651,6286,550,1432,2723,604,1422,2627,689,1413,2384,704,1397,2286,716,1398,2142
AIRFORCE1_mono_0024,122.8,0.158,AY,7,Magenta,1652,5929,584,1483,2067,578,1546,2132,560,1691,2380,495,1785,2451,466,1828,2463
AIRFORCE1_mono_0025,0,0.05,AY,7,Magenta,1653,4500,667,1505,2093,633,1542,2050,542,1597,1995,475,1640,1879,399,1645,1812
AIRFORCE1_mono_0026,144.6,0.048,AH,3,Black,1654,5571,538,1482,2042,558,1405,2097,564,1352,2205,577,1397,2251,414,1435,2285
AIRFORCE1_mono_0027,157.9,0.06,AH,3,Black,1655,5571,519,1384,2658,483,1305,2598,528,1261,2442,526,1251,2412,449,1225,2296
AIRFORCE1_mono_0028,118.3,0.088,IH,11,Teal,1656,6643,478,1622,2582,420,1717,2600,351,1836,2721,371,1910,2790,306,2012,2898
AIRFORCE1_mono_0029,133.5,0.1,AE,2,Blue,1657,5929,736,1590,2409,841,1570,2393,805,1539,2328,768,1510,2302,699,1502,2391
AIRFORCE1_mono_0030,103.4,0.1,AA,1,Red,1658,5929,689,1150,2779,672,1106,2805,661,1172,2830,675,1321,2655,559,1470,2617
AIRFORCE1_mono_0031,116,0.128,AH,3,Black,1659,5214,438,1608,2639,481,1572,2639,482,1534,2664,466,1515,2544,457,1518,2656
AIRFORCE1_mono_0032,110,0.098,AE,2,Blue,1660,5214,621,1513,1994,714,1495,2160,751,1470,2216,685,1419,2212,600,1358,2212
AIRFORCE1_mono_0033,111.8,0.04,EH,8,Black,1661,5214,531,1434,2482,545,1470,2383,549,1437,2268,549,1409,2150,507,1391,2127
AIRFORCE1_mono_0034,119.7,0.07,ER,9,Lime,1662,4500,417,1214,1663,418,1244,1660,404,1320,1673,383,1365,1706,361,1503,1770
AIRFORCE1_mono_0035,132.6,0.07,ER,9,Lime,1663,4500,432,1510,1821,434,1486,1791,454,1456,1769,468,1427,1733,455,1341,1731
AIRFORCE1_mono_0036,93.7,0.028,AH,3,Black,1664,5214,405,1346,2316,400,1380,2357,410,1404,2460,442,1460,2477,491,1503,2492
AIRFORCE1_mono_0037,313.9,0.048,IY,13,Pink,1665,4857,336,1993,2485,341,2002,2497,333,2033,2509,325,2104,2530,318,1931,2509
AIRFORCE1_mono_0038,99.4,0.098,IH,11,Teal,1666,4857,425,1815,2526,411,1778,2510,431,1767,2498,481,1722,2494,373,1744,2472
AIRFORCE1_mono_0039,127.3,0.038,EH,8,Black,1667,6286,597,1739,2637,592,1733,2680,559,1723,2678,532,1745,2687,504,1736,2683
AIRFORCE1_mono_0040,110.8,0.038,IH,11,Teal,1668,5929,452,1634,2408,448,1625,2393,441,1618,2358,434,1618,2317,425,1609,2351
AIRFORCE1_mono_0041,92.3,0.158,AW,5,Olive,1669,5929,547,1594,2384,601,1580,2369,647,1484,2376,686,1427,2449,656,1295,2474
AIRFORCE1_mono_0042,154.1,0.11,AY,7,Magenta,1670,5571,613,1508,2244,757,1406,2263,770,1415,2282,655,1445,2332,618,1478,2373
AIRFORCE1_mono_0043,163.5,0.048,UH,16,Silver,1671,4857,499,1251,2486,489,1355,2416,465,1394,2355,443,1359,2258,425,1376,2256
AIRFORCE1_mono_0044,106.2,0.11,IH,11,Teal,1672,7000,288,2121,3219,295,2185,2942,311,2139,2920,339,2037,2788,406,1832,2383
AIRFORCE1_mono_0045,98.4,0.04,AY,7,Magenta,1673,5214,518,1404,2460,517,1481,2476,477,1564,2363,435,1621,2269,369,1695,2106
AIRFORCE1_mono_0046,111.2,0.068,AE,2,Blue,1674,5214,484,1549,2363,530,1533,2396,534,1538,2374,524,1559,2372,511,1612,2511
AIRFORCE1_mono_0047,113.3,0.07,EY,10,Purple,1675,6286,452,1814,2675,467,1836,2686,456,1839,2708,446,1842,2719,446,1786,2750
AIRFORCE1_mono_0048,104.5,0.08,AH,3,Black,1676,5929,447,1548,2404,475,1538,2404,465,1491,2391,446,1476,2366,429,1423,2345
AIRFORCE1_mono_0049,134.4,0.09,UW,17,Cyan,1677,4500,394,1303,2378,377,1279,2142,347,1180,2055,287,1132,2045,289,1098,2079
AIRFORCE1_mono_0050,109.9,0.15,EY,10,Purple,1678,5929,519,1519,2052,547,1571,2154,537,1655,2242,517,1716,2393,488,1741,2480
AIRFORCE1_mono_0051,0,0.04,AE,2,Blue,1679,5571,457,1607,2483,482,1628,2468,484,1627,2463,460,1611,2449,439,1609,2487
AIRFORCE1_mono_0052,100.5,0.078,EY,10,Purple,1680,5571,400,1793,2544,409,1853,2571,418,1903,2510,390,1953,2410,367,1901,2344
AIRFORCE1_mono_0053,97.4,0.038,UW,17,Cyan,1681,4857,313,1887,2288,310,1868,2245,310,1859,2227,304,1794,2141,297,1801,2242
AIRFORCE1_mono_0054,129.7,0.068,EH,8,Black,1682,5214,599,1334,2354,528,1424,2329,505,1557,2321,499,1595,2538,479,1617,2544
AIRFORCE1_mono_0055,113.6,0.05,IH,11,Teal,1683,5214,388,1678,2495,409,1658,2464,414,1611,2488,400,1644,2446,376,1652,2370
AIRFORCE1_mono_0056,0,0.04,IH,11,Teal,1684,5571,414,1658,2423,415,1674,2459,406,1676,2478,389,1666,2506,346,1631,2500
AIRFORCE1_mono_0057,108.3,0.088,AW,5,Olive,1685,5929,574,1486,2500,639,1461,2386,670,1431,2312,614,1419,2311,559,1441,2254
AIRFORCE1_mono_0058,104,0.05,AH,3,Black,1686,4500,516,1587,1975,406,1394,1771,399,1343,1711,393,1298,1649,375,1228,1622
AIRFORCE1_mono_0059,99.6,0.08,EY,10,Purple,1687,5929,452,1669,2142,417,1777,2229,422,1849,2445,411,1875,2596,401,1851,2549
AIRFORCE1_mono_0060,91.3,0.07,ER,9,Lime,1688,4500,385,1638,2051,384,1577,1919,383,1535,1838,382,1542,1783,362,1458,1772
AIRFORCE1_mono_0061,130.9,0.12,AA,1,Red,1689,5214,538,1363,2249,564,1319,2327,611,1323,2461,614,1300,2497,618,1328,2504
AIRFORCE1_mono_0062,0,0.06,AY,7,Magenta,1690,5571,735,1452,2299,725,1496,2253,664,1537,2223,635,1614,2217,562,1686,2312
AIRFORCE1_mono_0063,144,0.058,AA,1,Red,1691,5929,626,1364,2686,692,1370,2616,728,1355,2603,721,1284,2595,676,1248,2545
AIRFORCE1_mono_0064,130.3,0.048,AY,7,Magenta,1692,6286,604,1353,2607,597,1445,2599,577,1488,2613,539,1478,2617,494,1474,2626
AIRFORCE1_mono_0065,120,0.038,AH,3,Black,1693,4857,461,1485,2412,445,1534,2379,418,1587,2366,395,1609,2406,428,1585,2339
AIRFORCE1_mono_0066,142.8,0.04,AO,4,Green,1694,4500,406,748,2105,423,742,2086,484,781,2046,466,845,2019,477,877,1976
AIRFORCE1_mono_0067,132.1,0.05,ER,9,Lime,1695,6643,407,1612,2814,419,1623,2941,424,1621,2853,395,1606,2918,398,1687,2960
AIRFORCE1_mono_0068,120.9,0.07,AO,4,Green,1696,4500,422,1111,1927,429,1051,1874,458,929,1886,464,879,1857,471,1054,1850
AIRFORCE1_mono_0069,113.3,0.04,AH,3,Black,1697,5214,444,1520,2248,448,1513,2204,438,1498,2227,424,1508,2115,390,1451,2063
AIRFORCE1_mono_0070,100.7,0.09,AE,2,Blue,1698,5214,552,1504,1942,610,1501,2068,649,1481,2236,637,1445,2289,519,1389,2205
AIRFORCE1_mono_0071,101.3,0.03,AH,3,Black,1699,6286,423,1532,2499,423,1537,2590,404,1565,2671,391,1560,2913,393,1567,3253
AIRFORCE1_mono_0072,119.5,0.078,OW,14,Maroon,1700,5571,461,1278,2386,459,1286,2307,439,1212,2318,388,1231,2354,362,1315,2455
AIRFORCE1_mono_0073,317.9,0.028,IH,11,Teal,1701,5214,378,1686,2632,355,1668,2638,356,1639,2659,340,1643,2661,329,1669,2649
AIRFORCE1_mono_0074,99.6,0.118,EY,10,Purple,1702,6286,459,1871,2652,488,1900,2747,482,1919,2723,424,1979,2638,392,2050,2680
AIRFORCE1_mono_0075,104.3,0.05,AH,3,Black,1703,5214,399,1275,2312,409,1227,2384,411,1154,2456,412,1107,2606,418,1073,2646
AIRFORCE1_mono_0076,97.4,0.028,AH,3,Black,1704,4857,440,1242,2557,437,1254,2547,427,1255,2461,418,1263,2386,399,1231,2351
AIRFORCE1_mono_0077,93.8,0.06,AO,4,Green,1705,4500,400,1039,2046,408,972,2066,411,883,2041,412,875,2005,425,865,1912
AIRFORCE1_mono_0078,88.7,0.038,AH,3,Black,1706,6286,512,1630,3129,459,1620,3011,399,1579,2904,374,1590,2900,356,1550,2921
AIRFORCE1_mono_0079,101,0.108,UW,17,Cyan,1707,4857,350,1782,2462,362,1751,2396,360,1675,2337,363,1615,2336,340,1562,2341
AIRFORCE1_mono_0080,99.1,0.138,ER,9,Lime,1708,5214,461,1181,1717,491,1263,1699,497,1332,1803,504,1383,1853,550,1445,2042
AIRFORCE1_mono_0081,99.3,0.088,AW,5,Olive,1709,5929,627,1509,2311,718,1488,2349,720,1432,2347,670,1423,2358,608,1436,2367
AIRFORCE1_mono_0082,144.1,0.14,OW,14,Maroon,1710,4857,508,1356,2390,522,1346,2405,520,1227,2369,494,1189,2378,458,1179,2387
AIRFORCE1_mono_0083,0,0.028,AH,3,Black,1711,4857,1517,1549,2273,958,1579,2376,452,1737,2310,409,1784,2224,406,1744,2263
AIRFORCE1_mono_0084,116,0.098,AE,2,Blue,1712,4857,656,1584,2350,719,1542,2272,702,1539,2302,656,1563,2300,628,1618,2316
AIRFORCE1_mono_0085,119.7,0.06,IH,11,Teal,1713,4500,360,1823,2193,341,1870,2097,356,1798,2083,363,1757,2040,370,1720,1996
AIRFORCE1_mono_0086,95.9,0.128,OW,14,Maroon,1714,5214,448,1577,2329,501,1503,2268,501,1415,2346,461,1248,2216,419,1210,2178
AIRFORCE1_mono_0087,0,0.06,IH,11,Teal,1715,5571,457,1847,2435,449,1868,2509,408,1904,2606,398,1859,2610,334,1811,2673
AIRFORCE1_mono_0088,136.3,0.048,AH,3,Black,1716,5571,560,1093,2712,565,1131,2647,525,1252,2647,539,1297,2616,499,1377,2679
AIRFORCE1_mono_0089,126,0.11,EY,10,Purple,1717,5571,506,1726,2632,518,1770,2587,517,1808,2523,511,1798,2492,568,1757,2448
AIRFORCE1_mono_0090,115.4,0.05,EH,8,Black,1718,5929,594,1761,2523,584,1726,2489,582,1713,2496,575,1687,2506,538,1661,2469
AIRFORCE1_mono_0091,111.3,0.08,ER,9,Lime,1719,4500,415,1603,1995,429,1601,1969,411,1613,1931,390,1641,1927,382,1682,1909
AIRFORCE1_mono_0092,98.8,0.128,IY,13,Pink,1720,5214,371,1953,2569,381,1998,2570,389,2020,2532,400,2011,2401,410,2019,2489
AIRFORCE1_mono_0093,114.2,0.04,AE,2,Blue,1721,5571,525,1645,2434,658,1637,2262,645,1647,2320,620,1638,2330,604,1630,2357
AIRFORCE1_mono_0094,112.6,0.058,AY,7,Magenta,1722,5929,718,1581,2490,752,1566,2435,738,1583,2425,692,1597,2360,677,1634,2357
AIRFORCE1_mono_0095,131.8,0.1,AE,2,Blue,1723,6286,916,1593,2407,792,1568,2389,790,1562,2409,750,1554,2475,708,1508,2560
AIRFORCE1_mono_0096,91,0.11,AE,2,Blue,1724,5571,643,1374,2395,687,1434,2410,695,1425,2322,705,1425,2351,668,1424,2345
AIRFORCE1_mono_0097,104.8,0.04,IH,11,Teal,1725,5214,367,1830,2442,369,1898,2412,349,1993,2383,335,2046,2359,319,2023,2323
AIRFORCE1_mono_0098,107.6,0.108,AH,3,Black,1726,5929,486,1565,2443,494,1541,2482,493,1534,2534,411,1524,2523,392,1488,2532
AIRFORCE1_mono_0099,121.4,0.18,AE,2,Blue,1727,5571,516,1707,2488,615,1594,2460,698,1521,2439,683,1438,2413,667,1402,2385
AIRFORCE1_mono_0100,91.3,0.098,UW,17,Cyan,1728,4500,460,1231,1731,469,1228,1840,474,1225,1909,490,1149,1991,496,1151,2055
AIRFORCE1_mono_0101,0,0.038,AY,7,Magenta,1729,5929,610,1584,2299,601,1612,2345,584,1655,2344,548,1717,2359,477,1737,2333
AIRFORCE1_mono_0102,161.4,0.038,UH,16,Silver,1730,4857,419,1739,2440,406,1722,2410,392,1703,2337,360,1641,2281,336,1632,2251
AIRFORCE1_mono_0103,153.1,0.058,AH,3,Black,1731,5214,400,1756,2350,395,1756,2355,407,1692,2401,394,1784,2408,356,1741,2458
AIRFORCE1_mono_0104,158.7,0.098,IY,13,Pink,1732,5214,335,2078,2516,330,2188,2603,323,2250,2609,313,2232,2585,298,2123,2687
AIRFORCE1_mono_0105,138.2,0.028,IH,11,Teal,1733,4857,307,1806,2385,307,1797,2375,312,1778,2389,323,1736,2396,335,1721,2396
AIRFORCE1_mono_0106,143.7,0.048,AH,3,Black,1734,4857,404,1500,2379,421,1501,2350,404,1496,2344,389,1481,2336,381,1047,2268
AIRFORCE1_mono_0107,101.6,0.038,IH,11,Teal,1735,6286,457,1588,2665,477,1604,2663,463,1677,2690,417,1680,2708,396,1681,2695
AIRFORCE1_mono_0108,97.5,0.128,OW,14,Maroon,1736,5929,487,1645,2544,536,1600,2554,573,1502,2471,579,1380,2434,561,1273,2454
AIRFORCE1_mono_0109,137.9,0.048,OW,14,Maroon,1737,4857,472,912,2024,490,912,2148,498,847,2327,488,818,2422,482,821,2447
AIRFORCE1_mono_0110,142,0.078,AY,7,Magenta,1738,6286,589,1372,2679,660,1409,2669,659,1483,2667,588,1513,2622,496,1523,2722
AIRFORCE1_mono_0111,117.4,0.218,OW,14,Maroon,1739,5571,553,1307,2365,581,1274,2343,561,1124,2322,543,1065,2356,475,1266,2305
AIRFORCE1_mono_0112,117.2,0.04,AH,3,Black,1740,5571,509,1600,2468,509,1613,2517,578,1619,2544,476,1617,2647,396,1596,2675
AIRFORCE1_mono_0113,128,0.08,OW,14,Maroon,1741,4857,429,1412,2221,439,1299,2246,465,1257,2217,443,1110,2221,421,1069,2187
AIRFORCE1_mono_0114,160.2,0.038,ER,9,Lime,1742,4857,408,1217,1662,418,1155,1639,436,1155,1634,443,1205,1605,447,1255,1584
AIRFORCE1_mono_0115,166.8,0.068,ER,9,Lime,1743,5214,454,1410,1730,476,1411,1733,462,1481,1834,443,1476,1966,398,1479,2014
AIRFORCE1_mono_0116,134.3,0.03,AH,3,Black,1744,5929,368,1465,2619,413,1389,2554,411,1406,2534,384,1413,2547,370,1438,2537
AIRFORCE1_mono_0117,125.5,0.3,EY,10,Purple,1745,5214,524,1687,2596,540,1701,2570,542,1739,2515,477,1852,2455,451,1965,2470
AIRFORCE1_mono_0118,127.8,0.06,AH,3,Black,1746,4857,400,1616,2473,394,1635,2468,378,1648,2510,339,1671,2542,304,1673,2593
AIRFORCE1_mono_0119,126.6,0.09,ER,9,Lime,1747,4500,350,1382,2173,382,1223,1730,405,1228,1617,461,1262,1622,520,1404,1727
AIRFORCE1_mono_0120,133.2,0.11,AE,2,Blue,1748,5571,628,1466,1920,705,1425,2010,739,1452,2124,738,1470,2251,705,1501,2323
AIRFORCE1_mono_0121,140.2,0.04,IH,11,Teal,1749,5214,428,1646,2325,417,1688,2325,404,1775,2310,380,1823,2254,345,1888,2260
AIRFORCE1_mono_0122,112.8,0.048,IH,11,Teal,1750,4857,366,1581,2366,376,1570,2394,396,1586,2358,413,1559,2337,411,1541,2446
AIRFORCE1_mono_0123,110,0.038,IH,11,Teal,1751,5929,427,1456,2347,430,1490,2364,439,1514,2391,428,1552,2410,430,1537,2444
AIRFORCE1_mono_0124,148.8,0.098,OW,14,Maroon,1752,4500,558,1406,2490,569,1233,2433,522,1100,2528,477,1050,2560,435,909,2596
AIRFORCE1_mono_0125,120.3,0.048,AH,3,Black,1753,5571,472,1313,2443,421,1354,2443,395,1377,2397,382,1459,2458,356,1449,2506
AIRFORCE1_mono_0126,118.3,0.05,AE,2,Blue,1754,5214,376,1534,2631,389,1569,2579,405,1564,2566,399,1612,2585,395,1625,2614
AIRFORCE1_mono_0127,119.5,0.14,UW,17,Cyan,1755,4857,338,1760,2514,356,1784,2456,354,1630,2403,362,1531,2377,372,1415,2288
AIRFORCE1_mono_0128,110.7,0.04,IH,11,Teal,1756,5571,383,1409,2316,385,1484,2333,347,1562,2406,336,1593,2451,334,1617,2522
AIRFORCE1_mono_0129,127.7,0.06,EH,8,Black,1757,5571,512,1348,2477,540,1297,2512,566,1252,2555,591,1239,2637,602,1221,2629
AIRFORCE1_mono_0130,136,0.118,AA,1,Red,1758,4857,638,978,2862,685,974,2796,667,1026,2762,654,1143,2714,578,1210,2678
AIRFORCE1_mono_0131,142.2,0.04,OW,14,Maroon,1759,4500,441,1336,1667,442,1339,1653,445,1348,1774,427,1344,1772,394,1334,1766
AIRFORCE1_mono_0132,152.6,0.13,AW,5,Olive,1760,5571,605,1500,2275,692,1512,2354,723,1407,2419,632,1323,2173,500,1333,2398
AIRFORCE1_mono_0133,80.9,0.048,AH,3,Black,1761,4857,400,1505,2497,416,1516,2541,405,1550,2548,371,1547,2616,329,1536,2612
AIRFORCE1_mono_0134,97,0.2,AY,7,Magenta,1762,5214,547,1537,2737,609,1449,2568,608,1474,2532,630,1521,2478,511,1517,2439
AIRFORCE1_mono_0135,119.9,0.078,AE,2,Blue,1763,5571,650,1520,2449,702,1531,2362,734,1510,2290,710,1494,2310,621,1460,2327
AIRFORCE1_mono_0136,153.8,0.038,ER,9,Lime,1764,4857,380,1566,1899,363,1570,1865,360,1543,1825,380,1517,1807,397,1509,1789
AIRFORCE1_mono_0137,142,0.04,AH,3,Black,1765,4500,405,1489,1770,410,1460,1752,406,1466,1763,393,1446,1799,362,1497,1773
AIRFORCE1_mono_0138,311.3,0.058,UW,17,Cyan,1766,5214,325,1850,2314,326,1661,2222,323,1479,2192,315,1401,2153,300,1513,2191
AIRFORCE1_mono_0139,110.4,0.108,AY,7,Magenta,1767,6286,584,1263,2352,602,1360,2377,598,1515,2383,507,1669,2486,443,1741,2540
AIRFORCE1_mono_0140,134.2,0.038,AH,3,Black,1768,4857,526,1447,2556,565,1430,2581,559,1399,2578,488,1362,2543,438,1358,2491
AIRFORCE1_mono_0141,118.3,0.07,IH,11,Teal,1769,4500,422,1613,2444,409,1702,2420,385,1760,2405,371,1841,2361,346,1886,2333
AIRFORCE1_mono_0142,129.3,0.13,EY,10,Purple,1770,4857,407,1902,2577,387,1969,2630,383,2029,2723,349,2072,2423,312,2113,2449
AIRFORCE1_mono_0143,153.8,0.058,IY,13,Pink,1771,6643,325,1852,2581,328,1867,2647,342,1869,2659,414,1855,2738,457,1841,2742
AIRFORCE1_mono_0144,150.5,0.098,EH,8,Black,1772,5214,461,1761,2490,461,1776,2533,454,1795,2500,449,1843,2495,423,1919,2439
AIRFORCE1_mono_0145,99.4,0.148,EY,10,Purple,1773,6643,462,1884,2771,475,1946,2731,467,1972,2655,454,1916,2601,445,1806,2483
AIRFORCE1_mono_0146,112.2,0.13,AY,7,Magenta,1774,4857,650,1436,2404,702,1385,2267,717,1440,2171,636,1421,2093,556,1337,2222
AIRFORCE1_mono_0147,113.4,0.07,AA,1,Red,1775,4857,512,764,1986,593,777,2011,617,998,1952,650,1223,2313,605,1362,2336
AIRFORCE1_mono_0148,114.6,0.05,ER,9,Lime,1776,5929,396,1555,2226,384,1554,2157,379,1616,2181,375,1647,2264,353,1687,2256
AIRFORCE1_mono_0149,0,0.058,IH,11,Teal,1777,5214,551,1753,2839,498,1685,2655,542,1634,2663,660,1624,2736,570,1573,2486
AIRFORCE1_mono_0150,0,0.038,AH,3,Black,1778,5929,423,1609,2574,426,1515,2527,415,1468,2496,410,1419,2434,350,1406,2487
AIRFORCE1_mono_0151,144,0.118,IH,11,Teal,1779,4857,441,1938,2615,429,1882,2464,426,1894,2559,406,1872,2530,322,1818,2523
AIRFORCE1_mono_0152,156.8,0.16,UW,17,Cyan,1780,4857,290,1713,2298,307,1538,2142,316,1467,2148,437,1720,2327,412,1618,2142
AIRFORCE1_mono_0153,128.3,0.16,AY,7,Magenta,1781,4857,542,1168,2333,657,1199,2433,733,1293,2360,734,1391,2374,732,1490,2394
AIRFORCE1_mono_0154,121.8,0.068,AA,1,Red,1782,5571,660,1487,2384,609,1453,2402,575,1433,2427,546,1412,2301,539,1394,2394
AIRFORCE1_mono_0155,122.9,0.048,AH,3,Black,1783,5571,412,1358,2390,417,1366,2424,413,1439,2349,417,1416,2589,436,1564,2642
AIRFORCE1_mono_0156,123.5,0.11,UW,17,Cyan,1784,4500,311,1723,2160,349,1599,2138,366,1555,2145,365,1553,2191,340,1571,2206
AIRFORCE1_mono_0157,111,0.06,ER,9,Lime,1785,4500,353,1560,1866,353,1528,1831,351,1557,1845,348,1588,1891,342,1620,1965
AIRFORCE1_mono_0158,102.7,0.048,EH,8,Black,1786,5571,428,1724,2445,484,1614,2394,519,1522,2449,528,1430,2319,530,1383,2263
AIRFORCE1_mono_0159,103.9,0.058,IH,11,Teal,1787,5214,498,1403,2467,468,1446,2531,423,1500,2533,382,1574,2468,357,1669,2473
AIRFORCE1_mono_0160,168.4,0.178,UW,17,Cyan,1788,5214,365,1630,2313,365,1566,2120,353,1417,2045,330,1228,2053,307,1335,2048
AIRFORCE1_mono_0161,166.6,0.178,UW,17,Cyan,1789,5214,342,1600,2418,371,1577,2288,361,1562,2304,330,1375,2080,317,1170,2076
AIRFORCE1_mono_0162,125.1,0.038,IH,11,Teal,1790,4857,384,1771,2218,340,1740,2174,347,1662,2148,372,1554,2145,376,1464,2150
AIRFORCE1_mono_0163,109.4,0.048,AH,3,Black,1791,4857,356,1502,2428,399,1506,2482,404,1506,2471,400,1541,2527,385,1594,2473
AIRFORCE1_mono_0164,119.8,0.108,AW,5,Olive,1792,4857,582,1639,2224,695,1575,2202,847,1481,2234,735,1390,2130,643,1340,2190
AIRFORCE1_mono_0165,103.6,0.08,EH,8,Black,1793,5214,510,1552,2494,554,1580,2437,581,1600,2361,575,1596,2294,562,1605,2280
AIRFORCE1_mono_0166,0,0.04,AE,2,Blue,1794,5571,509,1566,2333,511,1567,2363,522,1550,2322,515,1557,2261,500,1559,2409
AIRFORCE1_mono_0167,122.8,0.068,AH,3,Black,1795,5214,542,1402,2611,600,1384,2632,582,1364,2568,557,1320,2541,505,1322,2468
AIRFORCE1_mono_0168,108,0.038,AH,3,Black,1796,4857,385,1311,2084,383,1341,2130,364,1379,2248,347,1409,2289,376,1493,2262
AIRFORCE1_mono_0169,94.8,0.19,IY,13,Pink,1797,5929,317,2043,2559,300,2134,2566,311,2232,2631,329,2215,2601,361,2060,2621
AIRFORCE1_mono_0170,115.9,0.078,AY,7,Magenta,1798,5571,752,1439,2233,714,1458,2231,685,1564,2230,648,1600,2263,552,1630,2258
AIRFORCE1_mono_0171,151.5,0.088,AE,2,Blue,1799,5929,503,1602,2636,598,1583,2635,668,1560,2421,731,1514,2388,724,1477,2381
AIRFORCE1_mono_0172,68.4,0.038,AH,3,Black,1800,5929,659,1396,2554,594,1387,2563,457,1427,2563,452,1394,2484,522,1388,2507
AIRFORCE1_mono_0173,152.7,0.04,ER,9,Lime,1801,5571,396,1589,1958,396,1579,1949,400,1570,1933,412,1572,1942,417,1556,1912
AIRFORCE1_mono_0174,155.3,0.07,AH,3,Black,1802,5929,415,1590,1970,406,1610,2160,394,1603,2286,402,1635,2465,429,1647,2542
AIRFORCE1_mono_0175,105.2,0.15,IY,13,Pink,1803,5214,382,1845,2162,375,2001,2320,375,2031,2399,379,2034,2517,358,2058,2537
AIRFORCE1_mono_0176,104.6,0.048,IH,11,Teal,1804,4857,427,1441,2465,434,1469,2491,429,1493,2529,417,1522,2535,490,1603,2544
AIRFORCE1_mono_0177,0,0.028,IH,11,Teal,1805,4857,523,1719,2752,478,1692,2543,502,1718,2578,461,1741,2582,474,1738,2468
AIRFORCE1_mono_0178,137.1,0.07,AH,3,Black,1806,5929,370,1618,2585,391,1647,2600,403,1633,2598,395,1590,2556,383,1679,2590
AIRFORCE1_mono_0179,99.9,0.188,IY,13,Pink,1807,6286,377,1861,2994,334,2008,3078,338,2085,2781,363,2079,2811,354,1948,2665
AIRFORCE1_mono_0180,133.5,0.048,AA,1,Red,1808,6286,589,1107,2592,634,1188,2552,635,1189,2470,628,1259,2486,586,1344,2436
AIRFORCE1_mono_0181,135,0.048,AH,3,Black,1809,5571,388,1747,2610,390,1805,2562,380,1861,2514,366,1935,2438,353,1994,2459
AIRFORCE1_mono_0182,114.5,0.048,EH,8,Black,1810,4857,450,1848,2384,469,1646,2437,509,1534,2492,545,1446,2518,544,1367,2543
AIRFORCE1_mono_0183,120.6,0.07,OW,14,Maroon,1811,4857,496,1144,2533,495,1151,2539,487,1179,2531,474,1164,2453,443,1155,2428
AIRFORCE1_mono_0184,102,0.13,UW,17,Cyan,1812,4500,403,1416,2429,400,1457,2384,372,1448,2287,376,1475,2243,359,1472,2273
AIRFORCE1_mono_0185,0,0.04,EH,8,Black,1813,5214,392,1734,2314,433,1682,2340,452,1660,2312,465,1644,2352,472,1659,2410
AIRFORCE1_mono_0186,118.9,0.058,AE,2,Blue,1814,5214,485,1823,2606,577,1848,2490,570,1824,2459,593,1835,2424,558,1850,2369
AIRFORCE1_mono_0187,109.6,0.04,AH,3,Black,1815,7000,497,1566,2773,493,1478,2837,499,1481,3004,510,1325,3104,504,1305,3173
AIRFORCE1_mono_0188,106.5,0.038,IH,11,Teal,1816,6286,392,1409,2753,402,1460,2721,420,1455,2708,404,1450,2657,367,1425,2628
AIRFORCE1_mono_0189,94.6,0.038,AH,3,Black,1817,6286,443,1445,2649,489,1493,2629,485,1478,2600,460,1433,2525,361,1462,2531
AIRFORCE1_mono_0190,98.1,0.138,AW,5,Olive,1818,5214,664,1429,2311,724,1385,2323,682,1328,2274,622,1225,2089,551,1188,1927
AIRFORCE1_mono_0191,95.5,0.078,ER,9,Lime,1819,6643,628,1641,3170,618,1677,3061,621,1648,2955,550,1456,2971,507,1408,2912
AIRFORCE1_mono_0192,92.8,0.138,AY,7,Magenta,1820,5929,552,1129,2540,607,1245,2509,619,1364,2498,650,1506,2546,598,1623,2660
AIRFORCE1_mono_0193,111.5,0.068,IH,11,Teal,1821,6643,323,2017,2943,320,2079,2992,330,2063,2977,356,1917,3021,373,1792,3017
AIRFORCE1_mono_0194,96.9,0.06,AO,4,Green,1822,7000,598,1974,3426,594,1928,3416,600,1906,3404,592,1894,3387,621,1840,3339
AIRFORCE1_mono_0195,93,0.08,IH,11,Teal,1823,5214,492,1533,2394,494,1579,2459,462,1707,2456,398,1761,2348,382,1784,2371
AIRFORCE1_mono_0196,0,0.028,AH,3,Black,1824,5571,539,1509,2630,457,1445,2509,454,1337,2442,452,1318,2391,451,1369,2348
AIRFORCE1_mono_0197,126.4,0.09,AA,1,Red,1825,4857,557,1251,2638,555,1236,2668,580,1217,2634,621,1254,2599,598,1266,2483
AIRFORCE1_mono_0198,211.5,0.038,AH,3,Black,1826,4857,640,1470,2725,641,1445,2739,454,1453,2728,433,1523,2637,413,1554,2421
AIRFORCE1_mono_0199,256.4,0.09,IY,13,Pink,1827,5214,346,1652,2709,391,1750,2687,402,1748,2625,400,1756,2621,418,1845,2623
AIRFORCE1_mono_0200,154.1,0.038,AA,1,Red,1828,5929,585,1418,2601,604,1397,2601,570,1339,2648,553,1353,2613,487,1347,2613
AIRFORCE1_mono_0201,166.2,0.048,AH,3,Black,1829,4857,444,1242,2473,433,1222,2418,414,1189,2418,388,939,2416,364,842,2367
AIRFORCE1_mono_0202,129.4,0.118,ER,9,Lime,1830,4857,474,1060,1718,479,1147,1574,476,1243,1591,461,1356,1645,408,1358,1777
BOOB69420_mono_0001,118.6,0.04,OW,14,Maroon,1831,4500,442,1319,2513,461,1319,2510,461,1334,2505,454,1371,2501,435,1410,2498
BOOB69420_mono_0002,148.7,0.048,IH,11,Teal,1832,5571,426,1517,2592,430,1538,2611,444,1530,2674,420,1448,2664,331,1576,2704
BOOB69420_mono_0003,100.7,0.03,AO,4,Green,1833,5929,623,856,2353,558,897,2302,566,957,2297,551,964,2288,547,1022,2196
BOOB69420_mono_0004,98.2,0.078,IH,11,Teal,1834,6643,467,2064,2776,474,2140,2825,479,2225,2872,474,2329,2873,551,2422,2987
BOOB69420_mono_0005,105.6,0.11,AY,7,Magenta,1835,6286,676,1363,2591,828,1387,2478,889,1401,2425,768,1399,2520,658,1311,2636
BOOB69420_mono_0006,110.5,0.048,OW,14,Maroon,1836,4857,445,943,2542,455,959,2534,462,985,2521,446,1005,2501,445,1031,2481
BOOB69420_mono_0007,153,0.048,AH,3,Black,1837,4857,491,1317,2609,511,1245,2625,517,1171,2649,459,1046,2673,463,1213,2554
BOOB69420_mono_0008,102.5,0.138,EY,10,Purple,1838,5214,512,1760,2520,428,2029,2563,415,2117,2691,394,2140,2721,465,2087,2651
BOOB69420_mono_0009,105.6,0.058,AE,2,Blue,1839,5929,560,1968,2580,607,1895,2553,694,1854,2562,663,1843,2526,650,1837,2598
BOOB69420_mono_0010,105.4,0.048,IY,13,Pink,1840,4857,347,2268,2608,351,2263,2633,346,2245,2627,322,2178,2666,319,2133,2636
BOOB69420_mono_0011,115.9,0.04,AH,3,Black,1841,5214,387,1978,2577,418,1901,2591,448,1807,2627,467,1648,2703,460,1484,2680
BOOB69420_mono_0012,127.6,0.048,IY,13,Pink,1842,5571,344,1956,2735,329,2193,2732,327,2189,2765,292,2113,2822,276,1981,2839
BOOB69420_mono_0013,104.5,0.05,AH,3,Black,1843,4500,661,1254,2625,658,1200,2622,649,1179,2616,625,1158,2613,585,1152,2621
BOOB69420_mono_0014,101.6,0.08,AY,7,Magenta,1844,5929,702,1341,2472,657,1509,2493,589,1733,2545,501,1891,2534,455,1994,2670
BOOB69420_mono_0015,97.9,0.08,OW,14,Maroon,1845,5214,610,1179,2481,562,1096,2482,514,982,2523,508,965,2548,521,962,2556
BOOB69420_mono_0016,89.7,0.028,AA,1,Red,1846,5214,512,993,2578,511,1029,2552,497,1034,2512,496,1080,2508,451,1140,2496
BOOB69420_mono_0017,83.4,0.04,EH,8,Black,1847,5571,561,1355,1949,575,1382,1993,556,1396,2036,546,1414,2129,520,1442,2113
BOOB69420_mono_0018,0,0.108,ER,9,Lime,1848,5214,462,1448,2164,463,1465,2059,440,1443,1826,466,1442,1793,407,1381,1721
BOOB69420_mono_0019,135.9,0.058,EY,10,Purple,1849,5929,483,1815,2094,452,1873,2204,414,1946,2521,392,2028,2612,371,2015,2788
BOOB69420_mono_0020,0,0.04,AA,1,Red,1850,4500,554,1365,2119,577,1355,2050,597,1332,1996,590,1315,1873,584,1306,1826
BOOB69420_mono_0021,102,0.098,AY,7,Magenta,1851,5214,574,1570,2040,562,1803,2200,512,1916,2387,477,2031,2494,441,2088,2611
BOOB69420_mono_0022,114.1,0.06,AY,7,Magenta,1852,4500,748,1394,2079,690,1433,2085,602,1486,1980,501,1524,1941,441,1510,1946
BOOB69420_mono_0023,122,0.04,AH,3,Black,1853,4500,594,1228,1814,621,1203,1870,590,1142,1918,582,1156,2021,563,1182,2128
BOOB69420_mono_0024,141,0.028,AH,3,Black,1854,4857,490,1069,1893,407,1053,1685,305,1045,1822,311,1004,2000,317,997,2042
BOOB69420_mono_0025,130.9,0.038,IH,11,Teal,1855,5929,560,1940,2930,507,2042,2919,453,2193,2902,476,2338,2878,649,2534,2873
BOOB69420_mono_0026,0,0.06,AE,2,Blue,1856,4857,922,1316,2128,875,1292,2118,891,1297,2175,875,1318,2217,799,1336,2198
BOOB69420_mono_0027,0,0.05,AA,1,Red,1857,4500,784,1127,2048,814,1147,2026,768,1210,2037,625,1280,2062,569,1356,2025
BOOB69420_mono_0028,103.2,0.09,AH,3,Black,1858,5214,451,1782,2138,442,1718,2145,453,1735,2326,418,1708,2401,374,1759,2614
BOOB69420_mono_0029,117.5,0.08,AE,2,Blue,1859,5929,777,1382,1884,834,1354,2036,798,1369,2058,737,1384,2136,619,1348,2187
BOOB69420_mono_0030,113,0.05,EH,8,Black,1860,4500,572,1429,2040,595,1419,1923,594,1415,1880,581,1401,1863,556,1354,1840
BOOB69420_mono_0031,152.9,0.08,ER,9,Lime,1861,4500,446,1298,1642,437,1376,1668,447,1387,1690,430,1399,1682,416,1504,1639
BOOB69420_mono_0032,107.8,0.098,ER,9,Lime,1862,4500,460,1404,1678,466,1396,1655,474,1408,1631,469,1405,1773,472,1272,1857
BOOB69420_mono_0033,105.7,0.038,AH,3,Black,1863,4857,451,968,2372,452,1014,2412,455,1098,2425,453,1172,2423,462,1183,2425
BOOB69420_mono_0034,112,0.07,AE,2,Blue,1864,7000,901,1903,2748,864,1856,2715,806,1823,2688,725,1829,2716,663,1865,2750
BOOB69420_mono_0035,110.2,0.03,EH,8,Black,1865,6286,783,1746,2592,710,1748,2608,640,1770,2639,564,1785,2654,490,1723,2675
BOOB69420_mono_0036,83.7,0.1,AW,5,Olive,1866,6286,632,1643,2636,768,1489,2589,831,1391,2602,793,1314,2611,738,1211,2636
BOOB69420_mono_0037,112.1,0.04,AH,3,Black,1867,5571,460,1516,2493,456,1500,2476,447,1475,2489,403,1487,2568,393,1491,2523
BOOB69420_mono_0038,130.4,0.09,AY,7,Magenta,1868,4857,657,1258,2243,758,1295,2285,763,1389,2352,721,1497,2448,674,1530,2498
BOOB69420_mono_0039,158.1,0.038,UH,16,Silver,1869,6286,517,1078,2884,488,1138,2858,469,1137,2855,450,1142,2844,411,1163,2819
BOOB69420_mono_0040,103.9,0.068,IH,11,Teal,1870,5214,318,1648,2258,315,1863,2250,325,1888,2192,345,1848,2116,395,1779,2048
BOOB69420_mono_0041,107.2,0.05,AY,7,Magenta,1871,5214,666,1312,2563,635,1449,2531,598,1594,2499,517,1845,2495,516,1912,2472
BOOB69420_mono_0042,105.2,0.07,AE,2,Blue,1872,6286,861,1594,2599,856,1549,2534,730,1534,2597,640,1600,2651,536,1620,2650
BOOB69420_mono_0043,115.2,0.098,EY,10,Purple,1873,5571,504,1873,2230,461,1969,2310,443,2040,2498,439,2052,2551,432,2006,2570
BOOB69420_mono_0044,110.9,0.048,AH,3,Black,1874,5571,481,1721,2566,485,1663,2543,485,1556,2500,475,1473,2498,464,1404,2472
BOOB69420_mono_0045,123.3,0.068,UW,17,Cyan,1875,5571,360,1358,2475,369,1300,2410,339,1270,2371,320,1229,2373,313,1227,2409
BOOB69420_mono_0046,96.9,0.108,EY,10,Purple,1876,5929,521,1641,2053,514,1808,2208,496,1906,2332,476,1943,2488,447,1881,2514
BOOB69420_mono_0047,94.5,0.05,AE,2,Blue,1877,5929,682,1560,2410,736,1543,2377,730,1482,2299,735,1427,2281,692,1441,2258
BOOB69420_mono_0048,100.8,0.048,EY,10,Purple,1878,5571,472,1973,2428,447,2030,2511,410,2069,2508,401,2104,2498,360,2134,2480
BOOB69420_mono_0049,122.4,0.058,AH,3,Black,1879,5214,435,1847,2251,417,1853,2214,465,1843,2405,509,1872,2494,522,1856,2597
BOOB69420_mono_0050,109.1,0.038,IH,11,Teal,1880,5929,441,1873,2758,493,1902,2694,481,1898,2671,451,1845,2656,411,1846,2660
BOOB69420_mono_0051,103.9,0.038,IH,11,Teal,1881,5929,529,1564,2284,485,1606,2378,471,1641,2444,452,1687,2473,429,1743,2573
BOOB69420_mono_0052,0,0.048,AH,3,Black,1882,5571,514,1462,2349,509,1440,2320,510,1431,2313,483,1401,2265,431,1419,2247
BOOB69420_mono_0053,96.8,0.068,AW,5,Olive,1883,5214,664,1247,2389,674,1236,2466,655,1244,2514,617,1251,2558,557,1318,2630
BOOB69420_mono_0054,92.6,0.048,AH,3,Black,1884,4857,410,1580,2120,373,1522,2110,364,1428,1995,370,1324,1992,351,1222,1913
BOOB69420_mono_0055,90.1,0.09,EY,10,Purple,1885,5214,573,1603,2022,553,1846,2243,529,1950,2425,505,2003,2483,460,1943,2531
BOOB69420_mono_0056,85.2,0.048,AO,4,Green,1886,5571,462,1341,2092,507,1248,2059,512,1185,1964,534,1138,1890,565,1122,1790
BOOB69420_mono_0057,0,0.078,AA,1,Red,1887,6286,684,1323,2485,837,1204,2435,856,1140,2420,734,1077,2429,770,1117,2574
BOOB69420_mono_0058,115.3,0.06,AY,7,Magenta,1888,4857,860,1403,2287,799,1448,2323,748,1491,2348,719,1519,2404,633,1562,2465
BOOB69420_mono_0059,130.7,0.078,AA,1,Red,1889,5571,758,1258,2624,784,1180,2632,765,1179,2578,716,1205,2598,601,1192,2524
BOOB69420_mono_0060,143,0.088,AY,7,Magenta,1890,5929,770,1212,2472,831,1301,2468,743,1437,2472,653,1498,2485,541,1528,2498
BOOB69420_mono_0061,130.2,0.05,AH,3,Black,1891,5929,493,1439,2553,523,1411,2542,477,1333,2535,447,1263,2531,475,1381,2539
BOOB69420_mono_0062,0,0.028,AO,4,Green,1892,4857,679,965,2224,594,938,2242,638,945,2265,641,946,2271,685,988,2265
BOOB69420_mono_0063,92.8,0.07,ER,9,Lime,1893,4857,546,1534,2016,507,1511,1911,448,1515,1852,409,1507,1888,354,1509,1910
BOOB69420_mono_0064,97.8,0.048,AO,4,Green,1894,4857,474,1148,1980,473,1072,1908,487,1015,1839,479,995,1766,491,997,1726
BOOB69420_mono_0065,100,0.03,AH,3,Black,1895,4500,387,1437,2044,382,1370,1971,360,1280,1942,322,1211,1884,303,1257,1758
BOOB69420_mono_0066,100.5,0.048,AE,2,Blue,1896,4857,674,1372,1872,701,1342,1934,708,1299,1983,689,1266,2027,627,1230,2068
BOOB69420_mono_0067,93,0.028,AH,3,Black,1897,5571,502,1423,2517,478,1450,2522,464,1452,2476,418,1453,2512,408,1484,2539
BOOB69420_mono_0068,106.9,0.038,OW,14,Maroon,1898,5929,471,1207,2451,451,1189,2427,429,1192,2383,416,1199,2390,389,1223,2412
BOOB69420_mono_0069,133.1,0.04,IH,11,Teal,1899,5214,446,1771,2623,431,1767,2592,425,1777,2621,408,1783,2628,389,1763,2602
BOOB69420_mono_0070,95.1,0.128,EY,10,Purple,1900,6643,495,1817,2503,480,1923,2575,462,2015,2663,419,2098,2718,346,2147,2656
BOOB69420_mono_0071,92.8,0.038,AH,3,Black,1901,4857,471,1032,2164,457,963,2219,452,934,2239,462,913,2234,473,888,2269
BOOB69420_mono_0072,96.2,0.05,AH,3,Black,1902,5929,631,1145,2366,627,1237,2397,626,1337,2449,616,1438,2498,571,1488,2531
BOOB69420_mono_0073,101.6,0.068,AO,4,Green,1903,5571,511,1159,2243,514,1042,2178,513,903,2060,469,845,1977,452,846,1829
BOOB69420_mono_0074,96,0.03,AH,3,Black,1904,7000,1297,1723,3174,1222,1832,3174,1013,1857,3018,943,1872,2958,836,1873,2980
BOOB69420_mono_0075,90.2,0.098,UW,17,Cyan,1905,4857,335,1877,2169,334,1816,2100,326,1737,2062,330,1568,2145,307,1459,2104
BOOB69420_mono_0076,117.3,0.048,EY,10,Purple,1906,6286,487,1871,2587,482,1877,2550,480,1853,2478,488,1814,2365,506,1620,2233
BOOB69420_mono_0077,127,0.05,ER,9,Lime,1907,5929,516,1225,1904,561,1311,1874,590,1352,1881,600,1415,1939,667,1448,1902
BOOB69420_mono_0078,100.6,0.128,AW,5,Olive,1908,5214,729,1443,1924,808,1349,2029,793,1317,2232,707,1344,2415,616,1456,2508
BOOB69420_mono_0079,91.4,0.028,AH,3,Black,1909,4857,474,1504,2403,460,1474,2399,475,1435,2336,444,1409,2333,436,1322,2336
BOOB69420_mono_0080,87,0.118,OW,14,Maroon,1910,4857,543,1058,2514,542,1024,2525,504,975,2555,467,943,2555,451,998,2543
BOOB69420_mono_0081,110.1,0.048,AH,3,Black,1911,4857,508,1532,2396,496,1582,2359,447,1677,2260,409,1747,2212,398,1836,2222
BOOB69420_mono_0082,114.3,0.058,AE,2,Blue,1912,5929,674,1501,2375,688,1464,2296,674,1442,2302,615,1451,2234,528,1506,2270
BOOB69420_mono_0083,125.9,0.058,IH,11,Teal,1913,5214,345,2004,2400,336,1971,2323,345,1935,2227,359,1876,2128,365,1804,2076
BOOB69420_mono_0084,104.4,0.13,OW,14,Maroon,1914,4857,456,1565,1999,519,1433,2063,535,1326,2071,503,1211,2101,488,1184,2094
BOOB69420_mono_0085,122.1,0.068,IH,11,Teal,1915,5214,433,1870,2634,489,1856,2583,485,1866,2603,464,1841,2578,419,1830,2629
BOOB69420_mono_0086,135.1,0.038,AH,3,Black,1916,4857,646,1108,2282,622,1178,2259,625,1278,2320,599,1336,2467,562,1398,2511
BOOB69420_mono_0087,106.4,0.088,EY,10,Purple,1917,5929,510,1874,2518,493,1949,2493,473,1982,2466,483,1973,2457,491,1887,2422
BOOB69420_mono_0088,93.5,0.04,EH,8,Black,1918,5214,530,1835,2433,548,1787,2450,546,1796,2456,551,1803,2468,586,1770,2509
BOOB69420_mono_0089,90.8,0.058,ER,9,Lime,1919,5214,480,1628,2013,491,1599,2014,431,1608,1979,376,1660,1939,316,1663,1900
BOOB69420_mono_0090,80.9,0.168,IY,13,Pink,1920,5571,328,2016,2250,307,2040,2401,331,2031,2444,346,1929,2457,310,1318,2496
BOOB69420_mono_0091,0,0.03,AE,2,Blue,1921,5929,836,1579,2433,774,1564,2454,691,1552,2454,648,1550,2451,610,1508,2409
BOOB69420_mono_0092,93.9,0.03,AY,7,Magenta,1922,6286,639,1604,2384,652,1587,2379,665,1603,2424,700,1603,2435,878,1722,2443
BOOB69420_mono_0093,123.7,0.068,AE,2,Blue,1923,5214,948,1362,2130,959,1354,2180,918,1329,2189,885,1320,2156,841,1288,2119
BOOB69420_mono_0094,91.3,0.09,AE,2,Blue,1924,4500,773,1200,2235,802,1217,2164,802,1228,2143,795,1214,2157,831,1224,2089
BOOB69420_mono_0095,100.7,0.038,IH,11,Teal,1925,5929,361,2071,2647,343,2091,2646,330,2124,2602,326,2189,2515,352,2197,2404
BOOB69420_mono_0096,94.5,0.09,AH,3,Black,1926,5571,602,1334,2390,519,1368,2436,447,1429,2452,397,1443,2462,302,1503,2486
BOOB69420_mono_0097,99.2,0.18,AE,2,Blue,1927,5571,564,1797,2504,731,1409,2437,824,1271,2413,807,1291,2489,759,1331,2515
BOOB69420_mono_0098,89.1,0.13,UW,17,Cyan,1928,4500,396,1428,1774,424,1349,1810,444,1320,1878,448,1268,2013,448,1202,2012
BOOB69420_mono_0099,124.6,0.058,AY,7,Magenta,1929,5929,837,1397,2298,772,1439,2349,758,1465,2468,683,1507,2569,590,1560,2622
BOOB69420_mono_0100,136.4,0.068,UH,16,Silver,1930,5571,449,1533,2634,477,1426,2435,484,1422,2303,403,1401,2299,345,1403,2304
BOOB69420_mono_0101,178.4,0.058,AH,3,Black,1931,5929,487,1563,2449,432,1522,2472,442,1547,2454,398,1498,2578,358,1603,2593
BOOB69420_mono_0102,112.4,0.1,IY,13,Pink,1932,6286,321,2337,2793,307,2382,2871,288,2437,2915,295,2466,2955,306,2385,2849
BOOB69420_mono_0103,109.5,0.058,IH,11,Teal,1933,6643,379,2506,2995,395,2386,2963,406,2160,3006,431,2029,3088,452,1958,3088
BOOB69420_mono_0104,132,0.058,AH,3,Black,1934,5929,468,1550,2594,502,1513,2542,462,1364,2502,432,1200,2461,418,1064,2474
BOOB69420_mono_0105,94,0.058,IH,11,Teal,1935,5214,499,1251,2479,505,1447,2480,506,1577,2492,539,1723,2505,512,1693,2499
BOOB69420_mono_0106,97.4,0.238,OW,14,Maroon,1936,5214,551,1410,2458,535,1192,2441,528,1112,2556,723,1304,2683,827,1397,2614
BOOB69420_mono_0107,141.4,0.08,AY,7,Magenta,1937,5214,781,1329,2466,739,1469,2438,679,1644,2496,634,1750,2427,607,1729,2431
BOOB69420_mono_0108,93.4,0.148,OW,14,Maroon,1938,5571,579,1162,2415,570,1107,2269,550,1022,2312,486,1015,2441,405,1165,2369
BOOB69420_mono_0109,102.8,0.08,OW,14,Maroon,1939,4857,580,1287,2535,547,1179,2513,522,1115,2456,500,1061,2375,459,979,2333
BOOB69420_mono_0110,119.8,0.048,ER,9,Lime,1940,5571,508,1231,1961,516,1259,1918,524,1274,1863,538,1300,1781,575,1284,1746
BOOB69420_mono_0111,112,0.07,ER,9,Lime,1941,4857,501,1328,1563,470,1365,1656,438,1445,1813,420,1491,1873,376,1525,1913
BOOB69420_mono_0112,105.1,0.03,AH,3,Black,1942,5929,659,1065,2308,587,1043,2343,651,1005,2408,856,1381,2486,872,1994,2529
BOOB69420_mono_0113,94.6,0.164,EY,10,Purple,1943,5571,561,1744,2483,562,1831,2479,489,1945,2489,461,2025,2497,427,1878,2465
BOOB69420_mono_0114,117,0.09,ER,9,Lime,1944,4500,378,1397,1754,421,1260,1575,417,1156,1554,455,1228,1565,533,1343,1664
BOOB69420_mono_0115,142.6,0.098,AE,2,Blue,1945,4500,638,1413,1826,722,1405,1885,795,1385,2002,854,1392,1976,778,1457,2069
BOOB69420_mono_0116,134.4,0.048,IH,11,Teal,1946,5571,512,1604,2300,469,1683,2397,421,1769,2389,378,1761,2429,356,1780,2460
BOOB69420_mono_0117,109.2,0.06,IH,11,Teal,1947,5571,391,1591,2431,460,1624,2450,460,1611,2428,448,1585,2436,421,1510,2352
BOOB69420_mono_0118,105.6,0.058,IH,11,Teal,1948,5929,466,1489,2333,483,1519,2359,497,1598,2475,499,1646,2518,498,1674,2554
BOOB69420_mono_0119,139.6,0.098,OW,14,Maroon,1949,5571,520,1312,2425,518,1181,2421,500,1057,2405,456,955,2393,412,975,2374
BOOB69420_mono_0120,105.6,0.05,AH,3,Black,1950,5929,459,1243,2372,470,1324,2402,425,1391,2426,385,1437,2464,333,1555,2500
BOOB69420_mono_0121,118.8,0.058,AE,2,Blue,1951,5929,572,1500,2458,570,1515,2456,544,1593,2496,506,1642,2526,479,1648,2589
BOOB69420_mono_0122,121.5,0.17,UW,17,Cyan,1952,5929,403,2001,2642,430,1561,2544,416,1362,2546,437,1330,2480,385,1450,2534
BOOB69420_mono_0123,126.7,0.048,EH,8,Black,1953,4857,579,1369,2358,567,1343,2408,584,1257,2448,610,1186,2473,630,1093,2531
BOOB69420_mono_0124,133.2,0.108,AA,1,Red,1954,5214,804,1046,2661,760,1024,2559,756,1043,2566,711,1106,2732,618,1122,2941
BOOB69420_mono_0125,133.1,0.038,IY,13,Pink,1955,4857,350,1962,2591,345,2029,2557,363,1915,2466,363,1756,2470,348,1762,2551
BOOB69420_mono_0126,104.2,0.028,OW,14,Maroon,1956,4857,443,1330,1955,397,1330,1945,393,1364,1942,374,1375,2140,318,1376,2245
BOOB69420_mono_0127,105.3,0.13,AW,5,Olive,1957,6286,749,1370,2504,857,1350,2605,841,1244,2633,818,1228,2732,737,1315,2779
BOOB69420_mono_0128,92.6,0.04,AH,3,Black,1958,5571,480,1430,2580,489,1440,2595,471,1449,2593,425,1454,2593,415,1479,2626
BOOB69420_mono_0129,91.2,0.12,AY,7,Magenta,1959,5929,772,1165,2523,801,1176,2526,783,1258,2458,716,1398,2511,589,1401,2563
BOOB69420_mono_0130,135.1,0.068,AE,2,Blue,1960,5571,903,1378,2247,931,1369,2235,931,1340,2257,883,1335,2287,785,1307,2329
BOOB69420_mono_0131,172.4,0.058,ER,9,Lime,1961,5214,503,1444,1746,531,1421,1699,547,1405,1715,573,1419,1663,549,1403,1677
BOOB69420_mono_0132,0,0.06,AH,3,Black,1962,4857,556,1370,1652,584,1372,1608,551,1360,1633,518,1350,1698,463,1392,1579
BOOB69420_mono_0133,119.8,0.038,UW,17,Cyan,1963,5929,298,2025,2467,329,1976,2457,341,1928,2447,312,1751,2408,276,1822,2322
BOOB69420_mono_0134,109.9,0.088,AY,7,Magenta,1964,5929,686,1200,2242,732,1341,2231,701,1421,2270,630,1520,2360,529,1587,2434
BOOB69420_mono_0135,110.2,0.038,AH,3,Black,1965,5929,509,1498,2503,473,1473,2472,459,1455,2476,429,1456,2444,378,1436,2454
BOOB69420_mono_0136,105.4,0.07,IH,11,Teal,1966,5929,519,1834,2661,449,1923,2666,417,2045,2645,381,2199,2611,455,2401,2524
BOOB69420_mono_0137,112.2,0.12,EY,10,Purple,1967,5929,455,1867,2480,453,1918,2546,440,2021,2696,404,2169,2820,338,2235,2667
BOOB69420_mono_0138,111.3,0.17,IY,13,Pink,1968,6643,326,2224,2692,272,2471,2837,300,2472,2900,408,2401,2882,382,2408,2785
BOOB69420_mono_0139,113.3,0.098,EH,8,Black,1969,5214,698,1756,2536,748,1743,2527,659,1815,2564,565,1922,2601,435,2046,2470
BOOB69420_mono_0140,93.2,0.12,EY,10,Purple,1970,6643,456,2046,2714,469,2089,2643,445,2151,2712,387,2177,2639,365,2143,2544
BOOB69420_mono_0141,106.5,0.06,AY,7,Magenta,1971,5571,865,1419,2404,804,1463,2406,725,1481,2391,679,1432,2370,593,1403,2377
BOOB69420_mono_0142,108.6,0.05,AA,1,Red,1972,4500,716,1007,2090,757,1008,2063,761,1071,2198,720,1150,2137,674,1254,2098
BOOB69420_mono_0143,114.1,0.028,ER,9,Lime,1973,5214,408,1566,1929,401,1561,1925,383,1541,1916,372,1485,1904,345,1633,1923
BOOB69420_mono_0144,0,0.03,AA,1,Red,1974,6643,973,1674,2804,987,1672,2626,1026,1570,2711,1033,1573,2747,1049,1533,2900
BOOB69420_mono_0145,115,0.08,AH,3,Black,1975,5214,792,1318,2337,724,1370,2346,649,1423,2405,585,1468,2454,522,1491,2436
BOOB69420_mono_0146,155.4,0.058,IH,11,Teal,1976,5214,465,1952,2370,465,1938,2460,468,1923,2597,452,1898,2705,374,1898,2783
BOOB69420_mono_0147,112.7,0.08,UW,17,Cyan,1977,4857,362,1557,2267,399,1446,2273,396,1317,2296,396,1215,2322,365,1118,2395
BOOB69420_mono_0148,106.6,0.178,AY,7,Magenta,1978,5214,754,1151,2423,776,1144,2399,818,1224,2367,733,1426,2315,607,1558,2405
BOOB69420_mono_0149,104.5,0.068,AA,1,Red,1979,5214,615,1430,2361,664,1338,2270,684,1242,2274,672,1240,2278,643,1266,2336
BOOB69420_mono_0150,109.5,0.068,UW,17,Cyan,1980,4857,340,1354,2078,349,1256,2120,367,1269,2147,385,1387,2159,385,1435,2168
BOOB69420_mono_0151,102.8,0.07,ER,9,Lime,1981,4500,432,1479,1899,445,1461,1828,455,1466,1835,432,1496,1828,386,1594,1889
BOOB69420_mono_0152,97,0.058,EH,8,Black,1982,5929,498,1900,2399,535,1742,2376,609,1487,2487,630,1368,2558,647,1285,2624
BOOB69420_mono_0153,96.6,0.068,IH,11,Teal,1983,5571,592,1378,2561,577,1501,2542,550,1810,2502,532,1926,2471,509,1993,2432
BOOB69420_mono_0154,146.7,0.098,UW,17,Cyan,1984,4857,374,1609,2281,369,1520,2216,371,1353,2291,379,1238,2277,381,1130,2323
BOOB69420_mono_0155,117.8,0.168,UW,17,Cyan,1985,5214,394,1545,2283,379,1467,2229,394,1417,2195,414,1351,2156,390,1216,2258
BOOB69420_mono_0156,112.1,0.048,AY,7,Magenta,1986,5571,676,1384,2621,655,1507,2576,604,1632,2534,540,1823,2497,461,1724,2485
BOOB69420_mono_0157,114.1,0.058,IH,11,Teal,1987,5929,431,2020,2458,464,1931,2485,492,1822,2474,520,1755,2503,442,1653,2490
BOOB69420_mono_0158,115.7,0.048,AH,3,Black,1988,5571,479,1216,2234,475,1225,2334,456,1302,2451,425,1316,2432,405,1371,2473
BOOB69420_mono_0159,108.3,0.048,AH,3,Black,1989,4857,435,1343,2479,460,1362,2464,460,1366,2452,455,1385,2451,445,1421,2431
BOOB69420_mono_0160,134.5,0.07,AW,5,Olive,1990,4500,684,1376,2383,724,1341,2341,757,1308,2351,787,1328,2448,776,1364,2498
BOOB69420_mono_0161,109.4,0.038,AH,3,Black,1991,4857,528,1502,2597,521,1495,2583,545,1499,2537,501,1498,2521,451,1496,2590
BOOB69420_mono_0162,102.1,0.058,EH,8,Black,1992,5214,638,1413,2322,666,1399,2238,657,1394,2167,642,1417,2087,582,1486,2122
BOOB69420_mono_0163,97.7,0.038,AH,3,Black,1993,5929,517,1537,2556,508,1528,2544,497,1518,2543,466,1504,2571,404,1511,2556
BOOB69420_mono_0164,113.2,0.048,AH,3,Black,1994,5571,608,1342,2476,597,1335,2470,610,1320,2492,582,1246,2490,528,1221,2423
BOOB69420_mono_0165,93.7,0.218,IY,13,Pink,1995,5571,316,2250,2518,291,2368,2443,292,2318,2553,302,2070,2520,321,1819,2501
BOOB69420_mono_0166,118.1,0.058,AY,7,Magenta,1996,5929,930,1462,2328,902,1503,2353,901,1551,2378,829,1675,2373,762,1711,2434
BOOB69420_mono_0167,158.8,0.088,AE,2,Blue,1997,6643,741,1486,2409,797,1480,2376,886,1483,2360,922,1483,2394,866,1385,2398
BOOB69420_mono_0168,150.6,0.048,AH,3,Black,1998,5571,775,1217,2421,696,1197,2425,684,1226,2319,591,1218,2191,570,1305,2077
BOOB69420_mono_0169,137.9,0.09,ER,9,Lime,1999,4500,433,1408,1957,434,1386,1861,460,1393,1789,487,1385,1620,522,1395,1619
BOOB69420_mono_0170,112.5,0.09,AH,3,Black,2000,4500,504,1431,1790,460,1476,1888,430,1499,1924,377,1485,1836,450,1533,1894
BOOB69420_mono_0171,100.2,0.188,IY,13,Pink,2001,5571,349,1940,2200,334,2064,2569,318,2112,2568,317,1991,2475,355,1459,2419
BOOB69420_mono_0172,146.1,0.038,UW,17,Cyan,2002,5929,391,1523,2455,396,1507,2473,386,1535,2503,356,1533,2506,310,1493,2520
BOOB69420_mono_0173,120,0.038,AH,3,Black,2003,5929,389,1550,2536,414,1517,2441,449,1500,2351,432,1430,2338,369,1430,2386
BOOB69420_mono_0174,96.9,0.14,IY,13,Pink,2004,5571,331,2002,2262,311,2080,2417,303,2132,2446,303,2127,2427,294,1934,2391
BOOB69420_mono_0175,0,0.058,AH,3,Black,2005,5929,468,1600,2427,529,1541,2407,551,1594,2355,627,1580,2423,505,1565,2408
BOOB69420_mono_0176,104,0.1,AA,1,Red,2006,5929,679,786,2613,756,857,2526,786,993,2515,787,1189,2424,751,1317,2408
BOOB69420_mono_0177,103.1,0.038,AH,3,Black,2007,4857,586,1665,2498,545,1698,2461,484,1792,2472,434,1855,2485,401,1907,2500
BOOB69420_mono_0178,107.5,0.048,EH,8,Black,2008,5571,453,1912,2501,498,1812,2502,538,1632,2530,551,1460,2576,550,1389,2688
BOOB69420_mono_0179,128.5,0.05,OW,14,Maroon,2009,7000,834,3021,3923,878,2988,3913,880,2965,3870,844,2949,3834,825,2949,3767
BOOB69420_mono_0180,99.6,0.07,UW,17,Cyan,2010,4857,384,1179,2614,386,1131,2590,374,1122,2474,352,1189,2383,304,1268,2476
BOOB69420_mono_0181,233,0.05,IH,11,Teal,2011,4500,411,2033,2496,443,1984,2460,476,1913,2468,471,1867,2512,467,1853,2547
BOOB69420_mono_0182,93,0.028,AE,2,Blue,2012,4857,631,2075,2612,609,2087,2597,556,2194,2622,546,2231,2632,572,2265,2586
BOOB69420_mono_0183,92.7,0.028,IH,11,Teal,2013,5571,408,1497,2594,387,1444,2567,337,1329,2586,343,1163,2594,318,1140,2598
BOOB69420_mono_0184,86.2,0.04,AH,3,Black,2014,5571,514,1664,2532,578,1590,2497,559,1514,2439,514,1350,2269,381,1375,2391
BOOB69420_mono_0185,88.8,0.11,AW,5,Olive,2015,7000,1128,1344,2063,1143,1383,1993,1023,1621,3119,924,1588,2594,918,1599,3960
BOOB69420_mono_0186,0,0.038,ER,9,Lime,2016,4857,524,1052,1742,540,1145,1752,550,1200,1824,528,1194,1858,545,1211,1925
BOOB69420_mono_0187,0,0.08,AY,7,Magenta,2017,5929,693,1015,3000,685,1088,2979,712,1130,2832,752,1226,2801,751,1288,2698
BOOB69420_mono_0188,112.7,0.03,AO,4,Green,2018,4500,522,1008,2121,538,932,2118,552,854,2121,610,832,2136,588,873,2113
BOOB69420_mono_0189,84.2,0.05,IH,11,Teal,2019,5214,566,1928,2518,538,1976,2526,515,2010,2508,503,2048,2492,497,2083,2484
BOOB69420_mono_0190,113.1,0.118,AA,1,Red,2020,5571,620,1301,2414,747,1114,2235,796,1043,2239,756,1066,2156,712,1179,2284
BOOB69420_mono_0191,163.2,0.148,IY,13,Pink,2021,6643,351,2413,2561,335,2471,2645,339,2458,2642,315,2313,2709,355,1664,2562
BOOB69420_mono_0192,95,0.028,AA,1,Red,2022,4857,712,1262,2316,701,1267,2355,676,1284,2363,653,1311,2393,625,1322,2425
BOOB69420_mono_0193,81.6,0.09,ER,9,Lime,2023,5214,484,1057,1834,476,1157,1818,461,1333,1794,493,1322,1855,417,1480,1894
BRG912QD5_mono_0001,107.6,0.07,IH,11,Teal,2024,4500,472,1419,2502,482,1379,2477,498,1391,2484,399,1390,2487,445,1344,2486
BRG912QD5_mono_0002,94.1,0.12,AO,4,Green,2025,6643,681,1922,3116,666,1890,3147,653,1820,3104,663,1679,3122,750,1527,3035
BRG912QD5_mono_0003,83.5,0.07,IH,11,Teal,2026,7000,619,1569,2530,597,1363,2602,580,1595,2589,573,1559,2692,588,789,2674
BRG912QD5_mono_0004,96,0.048,AY,7,Magenta,2027,4857,724,1478,2500,681,1462,2383,669,1437,2397,613,1362,2269,605,1263,2314
BRG912QD5_mono_0005,95,0.06,OW,14,Maroon,2028,4857,477,927,2366,469,944,2368,447,948,2325,421,900,2334,399,965,2332
BRG912QD5_mono_0006,113.6,0.05,AH,3,Black,2029,4500,498,1378,2080,480,1301,2151,515,1239,2292,542,1106,2327,529,1208,2244
BRG912QD5_mono_0007,92,0.118,EY,10,Purple,2030,4857,588,1700,2483,550,1885,2367,475,1983,2521,409,2045,2584,427,2170,2487
BRG912QD5_mono_0008,0,0.03,AH,3,Black,2031,6643,499,1952,3044,536,1860,3101,482,1613,2886,394,1588,2862,422,1423,2681
BRG912QD5_mono_0009,88.8,0.05,IY,13,Pink,2032,4500,327,1061,2248,334,982,2147,339,884,2222,312,948,2142,301,935,2111
BRG912QD5_mono_0010,92.2,0.048,IY,13,Pink,2033,6286,301,2296,3150,316,2153,3056,343,2167,3018,368,2128,2885,370,2104,2678
BRG912QD5_mono_0011,91.5,0.038,AH,3,Black,2034,5929,368,2022,2777,394,1957,2742,414,1894,2797,412,1636,2863,408,1446,2833
BRG912QD5_mono_0012,83.3,0.03,IY,13,Pink,2035,4500,357,909,1927,355,918,1941,344,1040,1954,330,1026,2013,318,950,2032
BRG912QD5_mono_0013,86.9,0.05,AH,3,Black,2036,5214,616,1374,2517,625,1354,2446,646,1336,2405,636,1279,2393,625,1193,2381
BRG912QD5_mono_0014,77.3,0.078,AY,7,Magenta,2037,6286,711,1264,2505,718,1358,2418,694,1539,2436,625,1772,2516,543,1828,2613
BRG912QD5_mono_0015,87.1,0.04,OW,14,Maroon,2038,7000,685,1111,2973,689,1173,3189,687,1127,3222,734,1138,3235,723,1153,3070
BRG912QD5_mono_0016,82.9,0.04,AA,1,Red,2039,7000,727,1047,3134,734,999,2936,738,1082,3087,713,1208,3079,674,1256,2956
BRG912QD5_mono_0017,65,0.028,AH,3,Black,2040,4857,602,1545,2563,550,1542,2539,536,1525,2549,514,1469,2538,311,1374,2495
BRG912QD5_mono_0018,75.8,0.06,EH,8,Black,2041,5571,619,1462,2216,637,1449,2379,659,1473,2381,636,1453,2372,593,1448,2443
BRG912QD5_mono_0019,0,0.038,ER,9,Lime,2042,6286,504,1618,2706,494,1575,2643,524,1621,2560,551,1566,2626,565,1523,2849
BRG912QD5_mono_0020,97.7,0.11,EY,10,Purple,2043,7000,489,1664,2560,445,1794,2841,392,1911,2805,368,2006,2985,330,1982,2976
BRG912QD5_mono_0021,83.7,0.07,AA,1,Red,2044,5929,606,1418,2572,637,1332,2375,664,1230,2150,669,1163,2125,657,1171,2009
BRG912QD5_mono_0022,87.5,0.13,AY,7,Magenta,2045,6286,594,1388,2021,605,1453,2257,594,1597,2333,540,1740,2581,469,1808,2667
BRG912QD5_mono_0023,92.3,0.088,AY,7,Magenta,2046,6643,836,1457,2705,791,1453,2612,743,1635,2465,644,1727,2234,474,1839,2076
BRG912QD5_mono_0024,105.3,0.068,AH,3,Black,2047,6643,702,1155,2517,756,851,2806,677,923,2839,648,906,2862,688,837,2882
BRG912QD5_mono_0025,101.3,0.038,AH,3,Black,2048,4857,610,1286,2747,626,1270,2632,648,1272,2632,640,1254,2481,573,1190,2346
BRG912QD5_mono_0026,87.9,0.1,AE,2,Blue,2049,6286,785,1569,2657,794,1485,2618,775,1387,2542,770,1375,2597,713,1344,2618
BRG912QD5_mono_0027,81.5,0.108,AA,1,Red,2050,5929,792,1223,2638,727,1111,2488,735,975,2248,729,1035,1902,681,1262,1790
BRG912QD5_mono_0028,77.9,0.118,AH,3,Black,2051,4857,538,1539,2563,566,1532,2560,580,1519,2551,637,1471,2589,641,1459,2607
BRG912QD5_mono_0029,86.1,0.108,AE,2,Blue,2052,5214,620,1458,1884,716,1425,2195,741,1374,2174,709,1378,2311,611,1352,2381
BRG912QD5_mono_0030,91.1,0.038,EH,8,Black,2053,6286,574,1458,2428,564,1452,2328,554,1436,2282,553,1400,2115,540,1365,1990
BRG912QD5_mono_0031,95.1,0.09,ER,9,Lime,2054,4857,512,1241,1730,507,1274,1757,495,1334,1787,456,1383,1794,433,1413,1744
BRG912QD5_mono_0032,99.7,0.04,ER,9,Lime,2055,4500,434,1401,1663,429,1386,1684,428,1373,1628,430,1357,1599,440,1336,1612
BRG912QD5_mono_0033,92.2,0.028,AH,3,Black,2056,4857,445,1264,1963,467,1331,2032,452,1347,2179,471,1376,2385,423,1351,2399
BRG912QD5_mono_0034,87.6,0.06,IY,13,Pink,2057,4500,562,1855,2434,569,1913,2450,570,1937,2497,548,1935,2522,587,1948,2580
BRG912QD5_mono_0035,85.8,0.088,IH,11,Teal,2058,5929,570,1771,2626,633,1772,2643,638,1751,2623,604,1702,2628,589,1692,2669
BRG912QD5_mono_0036,0,0.06,AH,3,Black,2059,4500,501,1519,2636,588,1593,2833,616,1376,2535,723,1504,2576,626,1631,2703
BRG912QD5_mono_0037,76.2,0.058,AH,3,Black,2060,5214,560,1551,2626,570,1560,2633,570,1546,2723,561,1471,2655,543,1463,2616
BRG912QD5_mono_0038,72.2,0.17,AW,5,Olive,2061,5929,636,1490,2638,691,1385,2865,690,1309,2605,662,1199,2702,595,1037,2633
BRG912QD5_mono_0039,93.8,0.038,AH,3,Black,2062,5929,509,1525,2767,557,1509,2642,540,1503,2661,474,1470,2700,439,1576,3416
BRG912QD5_mono_0040,100.1,0.11,AY,7,Magenta,2063,5571,668,1573,2069,744,1437,2114,749,1466,2058,714,1594,2066,661,1551,2349
BRG912QD5_mono_0041,117.2,0.06,UH,16,Silver,2064,4857,568,1320,2539,567,1446,2493,559,1550,2512,472,1588,2519,434,1680,2460
BRG912QD5_mono_0042,84.5,0.09,IH,11,Teal,2065,5571,337,1468,1937,341,1797,1860,364,1750,1986,382,1707,1935,418,1688,1915
BRG912QD5_mono_0043,75.7,0.038,AY,7,Magenta,2066,5929,673,1600,2644,668,1820,2587,637,1875,2594,612,1966,2606,615,2038,2599
BRG912QD5_mono_0044,84.2,0.058,AE,2,Blue,2067,5214,600,1665,2512,614,1642,2497,618,1593,2470,609,1651,2555,578,1668,2595
BRG912QD5_mono_0045,90.2,0.028,EY,10,Purple,2068,5214,475,1870,2624,454,1850,2585,472,1835,2575,479,1760,2567,479,1744,2565
BRG912QD5_mono_0046,86.9,0.048,AH,3,Black,2069,5571,508,1603,2486,527,1487,2371,516,1385,2322,493,1322,2230,491,1227,2319
BRG912QD5_mono_0047,85.3,0.108,UW,17,Cyan,2070,4857,409,1282,2427,390,1311,2395,354,1293,2252,354,1277,2261,344,1271,2185
BRG912QD5_mono_0048,80.9,0.12,EY,10,Purple,2071,5214,536,1603,1913,539,1762,2064,521,1807,2301,508,1848,2453,497,1857,2636
BRG912QD5_mono_0049,250.1,0.04,AE,2,Blue,2072,5214,527,1693,2625,527,1710,2661,548,1706,2616,525,1672,2632,512,1684,2600
BRG912QD5_mono_0050,78.7,0.058,EY,10,Purple,2073,6643,512,1940,2749,510,1940,2761,478,2155,2735,403,2537,3469,365,2479,3426
BRG912QD5_mono_0051,78.9,0.048,EH,8,Black,2074,6286,609,1278,2755,619,1315,2822,636,1384,2681,636,1426,2569,631,1438,2708
BRG912QD5_mono_0052,75.7,0.038,IH,11,Teal,2075,6286,650,1681,3214,640,1680,3235,599,1651,3148,518,1498,2912,440,1498,2962
BRG912QD5_mono_0053,0,0.028,IH,11,Teal,2076,5214,598,1596,2778,614,1587,2842,497,1580,2770,452,1562,2703,418,1573,2744
BRG912QD5_mono_0054,72.6,0.068,AW,5,Olive,2077,5571,660,1225,2366,671,1235,2355,673,1258,2456,654,1269,2458,623,1264,2561
BRG912QD5_mono_0055,77.6,0.038,AH,3,Black,2078,6286,587,1843,3083,521,1665,3295,545,1456,3143,469,1393,3048,439,1320,2960
BRG912QD5_mono_0056,73.9,0.08,EY,10,Purple,2079,7000,621,1734,3502,618,1795,3514,596,1829,3234,558,1812,3172,533,1883,3070
BRG912QD5_mono_0057,69.7,0.06,ER,9,Lime,2080,6286,659,1672,2950,593,1513,3007,582,1519,3036,505,1484,2987,405,1441,2942
BRG912QD5_mono_0058,67.9,0.068,AA,1,Red,2081,5214,680,1397,2874,749,1328,2692,756,1308,2700,758,1323,2639,705,1283,2615
BRG912QD5_mono_0059,0,0.058,AY,7,Magenta,2082,5929,790,1341,2346,784,1388,2472,749,1541,2591,746,1689,2655,687,1729,2706
BRG912QD5_mono_0060,101.3,0.108,AA,1,Red,2083,5929,705,1229,2563,725,1072,2518,722,1055,2544,703,1053,2542,628,1035,2545
BRG912QD5_mono_0061,115.8,0.058,AY,7,Magenta,2084,5929,682,1200,2404,689,1295,2443,680,1350,2519,666,1363,2510,617,1369,2634
BRG912QD5_mono_0062,124.4,0.05,AH,3,Black,2085,5214,611,1554,2490,601,1667,2510,557,1708,2441,514,1715,2464,487,1618,2430
BRG912QD5_mono_0063,97.4,0.038,AO,4,Green,2086,4857,544,763,2005,518,740,2026,479,751,2068,502,774,2135,538,795,2130
BRG912QD5_mono_0064,92.1,0.038,ER,9,Lime,2087,6286,690,1622,3070,694,1660,3226,657,1691,3113,641,1717,3045,551,1713,3222
BRG912QD5_mono_0065,95,0.038,AO,4,Green,2088,6286,563,1693,3286,678,1279,2742,609,917,2097,562,959,2036,675,726,1834
BRG912QD5_mono_0066,81,0.028,AH,3,Black,2089,5214,489,1381,1882,478,1382,1842,445,1404,1781,440,1369,1770,370,1334,1778
BRG912QD5_mono_0067,82.7,0.05,AE,2,Blue,2090,6643,660,1391,2027,667,1354,2100,672,1340,2175,666,1329,2227,648,1250,2252
BRG912QD5_mono_0068,0,0.048,AH,3,Black,2091,4857,566,1313,2342,580,1474,2413,563,1475,2465,530,1458,2543,469,1413,2469
BRG912QD5_mono_0069,90.9,0.06,OW,14,Maroon,2092,4857,552,1086,2449,509,1053,2488,509,1031,2517,469,1046,2447,437,1083,2492
BRG912QD5_mono_0070,104.5,0.028,IH,11,Teal,2093,5571,554,1521,2590,498,1433,2545,430,1407,2564,346,1321,2566,277,1207,2464
BRG912QD5_mono_0071,85.7,0.108,EY,10,Purple,2094,5214,524,1628,2515,537,1739,2487,539,1755,2490,533,1806,2446,511,1902,2308
BRG912QD5_mono_0072,81.4,0.038,AH,3,Black,2095,4857,449,949,1983,494,967,1877,515,963,2320,557,962,2122,563,933,2157
BRG912QD5_mono_0073,84.6,0.05,AH,3,Black,2096,7000,767,1037,3611,776,1175,3462,727,1012,3274,745,996,3222,734,992,2924
BRG912QD5_mono_0074,76.4,0.14,AO,4,Green,2097,7000,615,1073,2930,580,1127,2766,580,1060,2781,586,1062,2762,723,987,2268
BRG912QD5_mono_0075,76.9,0.13,UW,17,Cyan,2098,7000,402,2077,2863,410,1885,2975,425,1874,3095,390,1696,3074,367,1642,3134
BRG912QD5_mono_0076,80.4,0.028,EY,10,Purple,2099,5571,512,1443,1851,497,1460,1845,508,1452,1825,501,1428,1795,502,1423,1771
BRG912QD5_mono_0077,73.1,0.028,ER,9,Lime,2100,5214,477,1246,1729,456,1224,1779,449,1117,1786,387,1082,1778,344,1022,1756
BRG912QD5_mono_0078,83.2,0.15,OW,14,Maroon,2101,5214,560,974,2249,571,939,2352,530,930,2440,514,918,2525,491,946,2568
BRG912QD5_mono_0079,82.6,0.06,EY,10,Purple,2102,4857,577,1650,2456,565,1736,2414,561,1762,2316,563,1579,2026,584,1485,1991
BRG912QD5_mono_0080,78.2,0.038,ER,9,Lime,2103,4857,588,1115,1753,591,1142,1755,605,1152,1765,644,1195,1785,646,1184,1813
BRG912QD5_mono_0081,80.5,0.108,AW,5,Olive,2104,5929,717,1285,1820,741,1198,1904,754,1235,2022,745,1290,2226,719,1352,2487
BRG912QD5_mono_0082,73,0.15,OW,14,Maroon,2105,5929,563,1075,2452,572,1071,2467,526,986,2465,498,999,2477,524,1033,2554
BRG912QD5_mono_0083,97.8,0.09,AE,2,Blue,2106,7000,683,1746,2481,721,1676,2515,730,1638,2590,720,1651,2694,687,1798,2669
BRG912QD5_mono_0084,95,0.04,IH,11,Teal,2107,6643,370,2004,3132,360,1930,3123,364,1901,3092,387,1866,3052,388,1801,3063
BRG912QD5_mono_0085,85.2,0.12,OW,14,Maroon,2108,5214,488,1557,2508,571,1470,2393,577,1388,2367,542,1293,2322,467,1137,2349
BRG912QD5_mono_0086,0,0.05,IH,11,Teal,2109,4500,477,1088,1747,470,1387,1750,504,1229,1806,575,944,1740,579,744,1675
BRG912QD5_mono_0087,101.6,0.05,AH,3,Black,2110,5929,711,1091,2755,710,1155,2951,709,1159,2914,714,1244,2945,667,1262,3010
BRG912QD5_mono_0088,86.3,0.09,EY,10,Purple,2111,5214,594,1660,2564,580,1748,2548,570,1829,2565,566,1910,2606,605,1949,2620
BRG912QD5_mono_0089,80,0.09,EH,8,Black,2112,4857,618,1951,2631,655,1909,2598,681,1882,2534,701,1838,2609,706,1804,2805
BRG912QD5_mono_0090,75.9,0.038,ER,9,Lime,2113,5929,662,1817,3004,607,1836,3110,616,1795,3085,528,1831,3099,514,1912,3016
BRG912QD5_mono_0091,73.4,0.128,IY,13,Pink,2114,5214,387,1893,2904,385,1944,2872,469,1918,2856,622,1892,2817,671,2225,2635
BRG912QD5_mono_0092,0,0.03,AH,3,Black,2115,7000,739,1629,3571,692,1698,3824,747,1723,3714,738,1588,3671,758,1560,3597
BRG912QD5_mono_0093,74,0.028,AY,7,Magenta,2116,4857,770,1771,2638,775,1746,2624,779,1746,2627,806,1764,2607,818,1757,2630
BRG912QD5_mono_0094,80.5,0.1,AE,2,Blue,2117,5929,809,1656,2781,808,1538,2628,803,1498,2585,807,1486,2517,768,1463,2551
BRG912QD5_mono_0095,75.7,0.108,AE,2,Blue,2118,5929,688,1194,2547,723,1226,2456,722,1244,2517,715,1221,2470,668,1227,2380
BRG912QD5_mono_0096,71.7,0.03,IH,11,Teal,2119,4500,351,888,1949,362,926,2013,327,1095,1978,327,1070,2162,294,1042,2072
BRG912QD5_mono_0097,79.8,0.058,AH,3,Black,2120,5214,511,1725,2562,500,1578,2530,486,1588,2538,471,1541,2644,439,1570,2665
BRG912QD5_mono_0098,72.5,0.178,AE,2,Blue,2121,5214,579,1748,2814,673,1560,2597,692,1456,2559,796,1517,2837,843,1536,2965
BRG912QD5_mono_0099,76.8,0.11,UW,17,Cyan,2122,4500,476,1490,1844,484,1478,1843,470,1400,1889,455,1297,1841,441,1087,1773
BRG912QD5_mono_0100,91.3,0.048,AY,7,Magenta,2123,5571,777,1522,2594,774,1543,2599,749,1621,2595,732,1705,2596,690,1715,2662
BRG912QD5_mono_0101,103.1,0.048,UH,16,Silver,2124,6286,457,1690,2967,426,1708,2932,382,1705,2820,334,1624,2715,305,1633,2766
BRG912QD5_mono_0102,103.7,0.108,IY,13,Pink,2125,5929,318,2155,2812,290,2217,2868,293,2182,2888,317,2056,2848,319,1601,2818
BRG912QD5_mono_0103,106.5,0.048,IH,11,Teal,2126,5571,539,2184,3032,495,2192,2985,505,2098,3144,490,2036,2811,518,1903,2806
BRG912QD5_mono_0104,105.9,0.048,AH,3,Black,2127,4857,499,1495,2438,471,1408,2411,436,1144,2041,411,933,1924,398,843,1805
BRG912QD5_mono_0105,86.1,0.038,IH,11,Teal,2128,6286,658,1234,3042,641,1385,2901,618,1441,2880,617,1501,2886,512,1577,2847
BRG912QD5_mono_0106,80,0.18,OW,14,Maroon,2129,6643,556,1483,2705,577,1354,2537,592,1245,2561,639,1098,2807,669,900,2657
BRG912QD5_mono_0107,92.1,0.038,OW,14,Maroon,2130,6286,623,1043,2338,644,970,2182,605,952,2069,588,924,2180,579,894,2270
BRG912QD5_mono_0108,101.3,0.09,AY,7,Magenta,2131,5571,717,1139,2657,728,1327,2612,727,1429,2581,708,1495,2596,670,1493,2691
BRG912QD5_mono_0109,85.1,0.18,OW,14,Maroon,2132,6286,747,1096,2649,824,1086,2706,814,1014,2605,779,1229,2804,758,1491,2812
BRG912QD5_mono_0110,74.9,0.06,AH,3,Black,2133,7000,625,1457,2704,664,1491,2753,623,1510,2746,569,1512,2769,574,1515,2770
BRG912QD5_mono_0111,82,0.15,ER,9,Lime,2134,4857,645,1473,1916,652,1396,1801,590,1297,1812,513,1081,1802,436,1007,1852
BRG912QD5_mono_0112,95,0.07,OW,14,Maroon,2135,5929,724,1015,2428,559,968,2447,551,946,2484,522,917,2286,488,897,2283
BRG912QD5_mono_0113,86.1,0.06,ER,9,Lime,2136,7000,714,1392,3016,667,1264,3299,690,1235,3128,645,1382,3049,549,1415,3043
BRG912QD5_mono_0114,84.4,0.09,ER,9,Lime,2137,4500,511,1058,1541,513,1137,1570,522,1290,1650,506,1333,1702,470,1461,1801
BRG912QD5_mono_0115,80.1,0.03,AH,3,Black,2138,7000,625,975,2739,666,1082,2805,578,998,2788,486,1182,2825,404,1284,2624
BRG912QD5_mono_0116,72.1,0.18,EY,10,Purple,2139,5571,550,1544,2623,606,1587,2665,604,1672,2696,587,1749,2868,554,1841,2875
BRG912QD5_mono_0117,84,0.05,AH,3,Black,2140,5214,526,1627,2630,538,1706,2635,535,1706,2620,510,1729,2630,525,1730,2673
BRG912QD5_mono_0118,80.7,0.148,ER,9,Lime,2141,5571,455,1542,2182,440,1370,2007,391,1136,2203,428,1108,1603,532,1340,1615
BRG912QD5_mono_0119,97.5,0.2,AE,2,Blue,2142,7000,708,1544,2174,775,1542,2350,789,1504,2388,787,1469,2450,754,1470,2436
BRG912QD5_mono_0120,87.6,0.048,IH,11,Teal,2143,6286,567,1745,2625,497,1828,2612,489,1889,2614,446,1972,2626,398,2096,2612
BRG912QD5_mono_0121,84.8,0.088,IH,11,Teal,2144,6286,358,1715,2583,380,1739,2611,419,1736,2608,439,1684,2611,418,1589,2593
BRG912QD5_mono_0122,74.4,0.068,IH,11,Teal,2145,6643,455,1622,2619,458,1672,2634,494,1649,2634,487,1656,2631,461,1611,2621
BRG912QD5_mono_0123,174.8,0.12,OW,14,Maroon,2146,5929,538,1385,2631,541,1201,2606,560,1026,2618,530,901,2715,473,743,2683
BRG912QD5_mono_0124,195.3,0.038,AE,2,Blue,2147,5929,461,1529,2610,488,1524,2612,518,1552,2613,512,1549,2603,513,1540,2615
BRG912QD5_mono_0125,76.1,0.13,UW,17,Cyan,2148,7000,497,1837,2741,494,1856,2943,460,1811,2950,437,1670,3187,459,1613,3210
BRG912QD5_mono_0126,84.6,0.028,IH,11,Teal,2149,5214,508,1515,2644,435,1517,2723,367,1542,2992,386,1581,3185,376,1448,3087
BRG912QD5_mono_0127,90,0.11,AA,1,Red,2150,5571,685,992,2575,689,957,2544,640,906,2617,614,889,2615,555,855,2557
BRG912QD5_mono_0128,88.3,0.058,IY,13,Pink,2151,5214,406,1828,2567,395,1945,2596,378,2016,2617,333,2003,2542,358,1980,2373
BRG912QD5_mono_0129,81.5,0.03,OW,14,Maroon,2152,5929,593,1615,3069,566,1588,2983,563,1583,2928,645,1559,2890,615,1544,3035
BRG912QD5_mono_0130,77.9,0.148,AW,5,Olive,2153,6643,711,1473,2700,762,1417,2612,748,1358,2692,758,1294,2834,731,1190,2850
BRG912QD5_mono_0131,89.5,0.028,AE,2,Blue,2154,5214,609,1381,2549,627,1404,2567,598,1405,2656,584,1407,2656,535,1396,2638
BRG912QD5_mono_0132,124.7,0.028,AH,3,Black,2155,5571,577,1415,2848,518,1522,2906,503,1627,2823,451,1903,2738,881,1980,3031
BRG912QD5_mono_0133,100.3,0.14,AY,7,Magenta,2156,5571,738,1402,2847,763,1349,2879,764,1423,2838,763,1569,2764,687,1661,2711
BRG912QD5_mono_0134,99.6,0.13,AE,2,Blue,2157,5571,853,1429,2610,868,1412,2594,858,1373,2570,838,1272,2539,769,1307,2425
BRG912QD5_mono_0135,108.9,0.06,ER,9,Lime,2158,4500,405,1470,1886,458,1423,1805,469,1380,1767,470,1342,1750,518,1292,1733
BRG912QD5_mono_0136,102.7,0.05,AH,3,Black,2159,4500,550,1272,1792,541,1357,1788,540,1243,1753,498,1151,1730,533,1656,1866
BRG912QD5_mono_0137,134.1,0.048,UW,17,Cyan,2160,5571,342,1769,1884,308,1622,1875,294,1494,1885,297,1264,1968,251,1082,1969
BRG912QD5_mono_0138,98.5,0.128,AY,7,Magenta,2161,5214,584,1023,2184,639,1134,2225,659,1404,2321,542,1644,2361,453,1777,2644
BRG912QD5_mono_0139,100.8,0.04,AH,3,Black,2162,5214,594,1152,2639,629,1210,2631,640,1214,2652,637,1227,2621,557,1306,2451
BRG912QD5_mono_0140,98.9,0.04,IH,11,Teal,2163,5571,541,1684,2926,487,1886,2616,462,1989,2675,399,2073,2726,414,2088,2741
BRG912QD5_mono_0141,90.3,0.1,EY,10,Purple,2164,6286,488,1672,2369,496,1752,2308,490,1814,2502,451,1912,2482,378,2085,2490
BRG912QD5_mono_0142,0,0.098,IY,13,Pink,2165,5214,342,1584,2038,378,1349,2072,391,1341,2190,375,1162,2124,488,1560,2585
BRG912QD5_mono_0143,80.9,0.098,EH,8,Black,2166,5214,598,1550,2578,629,1528,2539,608,1577,2563,559,1640,2304,510,1730,2141
BRG912QD5_mono_0144,71.6,0.12,EY,10,Purple,2167,7000,479,1907,2974,483,1932,2923,447,2119,3041,445,2035,3209,430,1868,3035
BRG912QD5_mono_0145,86.4,0.08,AY,7,Magenta,2168,5214,799,1404,2350,776,1499,2444,768,1532,2438,718,1611,2452,626,1561,2367
BRG912QD5_mono_0146,91.9,0.06,AA,1,Red,2169,6286,714,1518,2971,759,1390,2942,806,1285,2944,817,1273,2930,800,1303,2941
BRG912QD5_mono_0147,90.6,0.028,AH,3,Black,2170,4857,478,1468,2629,440,1484,2590,460,1459,2575,439,1459,2587,440,1429,2583
BRG912QD5_mono_0148,0,0.048,AH,3,Black,2171,5571,554,1327,2573,527,1229,2563,507,1189,2565,468,1066,2396,402,1129,2455
BRG912QD5_mono_0149,81.6,0.05,AA,1,Red,2172,6643,665,765,2651,635,896,2622,683,913,2289,679,965,2175,660,987,2164
BRG912QD5_mono_0150,94.1,0.048,AH,3,Black,2173,4857,708,1512,2312,654,1610,2206,617,1846,2107,550,1825,2207,530,1846,2168
BRG912QD5_mono_0151,113.7,0.07,IH,11,Teal,2174,4857,471,1923,2496,479,1755,2571,472,1834,2574,431,1796,2591,409,1759,2589
BRG912QD5_mono_0152,96.2,0.12,UW,17,Cyan,2175,4500,379,1640,2393,380,1701,2344,396,1644,2279,432,1490,2129,435,1338,2144
BRG912QD5_mono_0153,93.8,0.128,AY,7,Magenta,2176,6643,615,1243,2573,717,1450,2685,742,1439,2692,751,1467,2785,746,1502,2740
BRG912QD5_mono_0154,88.4,0.048,AH,3,Black,2177,4857,637,1493,2638,656,1509,2617,601,1500,2584,506,1493,2605,354,1453,2579
BRG912QD5_mono_0155,95.3,0.05,UW,17,Cyan,2178,4500,359,1615,2030,353,1568,2035,364,1584,2089,374,1598,2089,368,1598,2098
BRG912QD5_mono_0156,89.7,0.03,ER,9,Lime,2179,4500,356,1619,1942,351,1624,1966,368,1645,1985,365,1690,2002,377,1755,2006
BRG912QD5_mono_0157,87.8,0.058,EH,8,Black,2180,5214,474,1777,2533,531,1696,2393,556,1566,2446,576,1473,2452,592,1370,2547
BRG912QD5_mono_0158,89.5,0.06,IH,11,Teal,2181,7000,663,1295,2620,635,1456,2672,585,1683,2770,518,1913,2811,452,2135,2989
BRG912QD5_mono_0159,111.9,0.24,UW,17,Cyan,2182,4500,422,1534,2240,488,1463,1988,462,1393,1995,337,944,1658,337,840,1737
BRG912QD5_mono_0160,99.6,0.22,UW,17,Cyan,2183,4500,409,1555,2184,439,1517,1990,437,1392,1925,425,1280,1903,416,1023,1893
BRG912QD5_mono_0161,89.3,0.05,AY,7,Magenta,2184,6643,681,1530,2517,630,1619,2402,565,1761,2444,506,1857,2452,472,1992,2477
BRG912QD5_mono_0162,86.4,0.07,IH,11,Teal,2185,4500,402,1896,2021,422,1875,2000,449,1810,2014,504,1570,2035,512,1444,2091
BRG912QD5_mono_0163,82.3,0.06,AH,3,Black,2186,5571,455,1305,2495,445,1366,2591,468,1363,2601,480,1342,2556,463,1447,2633
BRG912QD5_mono_0164,89.8,0.118,AW,5,Olive,2187,6286,607,1471,2616,728,1482,2565,777,1471,2706,788,1426,2750,744,1346,2904
BRG912QD5_mono_0165,78.9,0.038,AH,3,Black,2188,5929,584,1200,2573,635,1277,2588,643,1318,2633,627,1321,2643,527,1446,2666
BRG912QD5_mono_0166,73.1,0.068,EH,8,Black,2189,6643,541,1424,2626,550,1456,2522,571,1544,2667,568,1602,2787,530,1741,2686
BRG912QD5_mono_0167,86.5,0.068,AH,3,Black,2190,5571,634,1381,2567,614,1339,2572,647,1314,2581,657,1153,2438,548,1148,2399
BRG912QD5_mono_0168,73.7,0.028,AH,3,Black,2191,5571,317,1352,2198,344,1329,2324,367,1383,2579,472,1429,2760,383,1412,2650
BRG912QD5_mono_0169,82.3,0.138,IY,13,Pink,2192,5214,309,2053,2842,305,2044,2852,343,2035,2839,361,1986,2790,380,1893,2760
BRG912QD5_mono_0170,110.4,0.078,AE,2,Blue,2193,6643,552,1599,2593,652,1623,2616,675,1593,2614,677,1575,2600,662,1560,2615
BRG912QD5_mono_0171,117.2,0.05,AH,3,Black,2194,7000,664,1580,2699,681,1591,2662,682,1584,2688,697,1584,2666,683,1577,2641
BRG912QD5_mono_0172,102,0.06,ER,9,Lime,2195,4500,407,1679,1948,422,1587,1900,429,1540,1868,429,1529,1842,421,1529,1833
BRG912QD5_mono_0173,98.5,0.05,AH,3,Black,2196,7000,428,1659,2343,419,1658,2429,408,1689,2675,406,1704,2777,399,1678,2869
BRG912QD5_mono_0174,82.8,0.178,IY,13,Pink,2197,5929,387,1811,2640,388,1951,2889,369,1757,2751,375,1364,2694,355,1116,2670
BRG912QD5_mono_0175,95.4,0.038,IH,11,Teal,2198,5929,483,1368,2610,487,1436,2592,487,1461,2590,506,1491,2666,455,1551,2701
BRG912QD5_mono_0176,87.6,0.038,AH,3,Black,2199,4857,478,1507,2499,451,1502,2527,426,1475,2451,379,1459,2529,361,1384,2480
BRG912QD5_mono_0177,78.6,0.17,IY,13,Pink,2200,6286,351,1749,2859,376,1891,2831,365,1771,2776,372,1628,2712,360,1783,2621
BRG912QD5_mono_0178,82.1,0.088,AA,1,Red,2201,5929,729,821,1907,704,1001,1983,683,1046,2146,684,1191,2192,669,1189,2562
BRG912QD5_mono_0179,80.1,0.068,AH,3,Black,2202,5214,468,1653,2709,475,1696,2654,455,1748,2701,430,1829,2766,409,1891,2804
BRG912QD5_mono_0180,95.5,0.058,EH,8,Black,2203,6643,489,1814,2754,546,1696,2721,607,1563,2676,611,1454,2659,612,1331,2605
BRG912QD5_mono_0181,90.9,0.048,OW,14,Maroon,2204,6286,551,1049,2595,542,1062,2602,529,1043,2582,488,1003,2578,429,985,2581
BRG912QD5_mono_0182,82.3,0.1,UW,17,Cyan,2205,6643,511,1295,2707,528,1316,2670,534,1398,2768,504,1408,2733,486,1488,2831
BRG912QD5_mono_0183,0,0.05,IH,11,Teal,2206,5214,459,1824,2599,506,1816,2600,524,1766,2644,510,1733,2632,475,1729,2609
BRG912QD5_mono_0184,77.6,0.058,AE,2,Blue,2207,5214,730,1786,2634,722,1795,2644,692,1799,2645,683,1802,2618,655,1805,2644
BRG912QD5_mono_0185,75.6,0.038,AH,3,Black,2208,5929,600,1243,3098,552,1182,3006,560,1067,2806,524,983,2489,508,946,2453
BRG912QD5_mono_0186,75,0.04,IH,11,Teal,2209,5214,631,1359,2589,658,1384,2581,675,1423,2651,654,1416,2623,650,1397,2634
BRG912QD5_mono_0187,67.6,0.05,AH,3,Black,2210,7000,538,1403,2727,584,1331,2770,601,1368,2916,541,1338,2826,320,1369,2736
BRG912QD5_mono_0188,72.7,0.14,AW,5,Olive,2211,7000,778,1467,2497,754,1450,2469,732,1389,2305,718,1492,2638,678,1452,2703
BRG912QD5_mono_0189,0,0.06,AY,7,Magenta,2212,5571,673,1104,2748,662,1060,2660,746,1356,2844,730,1277,2859,711,1231,2687
BRG912QD5_mono_0190,108.1,0.038,IH,11,Teal,2213,5929,373,1411,1843,380,1472,1845,393,1497,1843,398,1553,1833,398,1549,1829
BRG912QD5_mono_0191,87.2,0.078,AO,4,Green,2214,6286,756,1591,2682,739,1563,2655,734,1590,2588,745,1627,2759,768,1639,2934
BRG912QD5_mono_0192,68.2,0.04,IH,11,Teal,2215,6643,627,1532,2637,568,1563,2683,611,1690,2714,603,1931,2726,608,2408,2751
BRG912QD5_mono_0193,96.6,0.03,AH,3,Black,2216,7000,648,1177,2533,654,1189,2593,687,1195,2670,685,1184,2699,698,1184,2738
BRG912QD5_mono_0194,107.3,0.078,AA,1,Red,2217,6643,713,1178,2753,717,1122,2851,737,1097,2807,734,1089,2721,721,1132,2694
BRG912QD5_mono_0195,113.2,0.038,AH,3,Black,2218,4857,628,1422,2742,639,1434,2760,636,1425,2753,660,1433,2808,671,1453,2974
BRG912QD5_mono_0196,106,0.118,IY,13,Pink,2219,4857,385,1829,2461,416,1867,2515,414,1483,2505,322,1149,2490,514,1446,2541
BRG912QD5_mono_0197,63.6,0.09,ER,9,Lime,2220,4857,475,923,1756,459,1042,1638,508,1227,1605,544,1541,1835,550,1563,1775
CAMPUSRD1_mono_0001,143.5,0.04,OW,14,Maroon,2221,4500,479,1473,2616,452,1515,2601,432,1515,2619,426,1449,2620,417,1423,2625
CAMPUSRD1_mono_0002,162,0.05,IH,11,Teal,2222,4500,439,1671,2661,484,1654,2651,504,1751,2665,488,1663,2680,436,1725,2717
CAMPUSRD1_mono_0003,129,0.048,AO,4,Green,2223,4857,431,754,1894,451,797,1986,508,873,2091,527,934,2289,523,979,2216
CAMPUSRD1_mono_0004,119.5,0.09,IH,11,Teal,2224,4857,591,1665,2367,602,1821,2526,619,1857,2513,618,1939,2500,605,1945,2406
CAMPUSRD1_mono_0005,137.3,0.038,AY,7,Magenta,2225,4857,672,1408,2481,679,1418,2467,648,1340,2521,600,1279,2558,577,1237,2618
CAMPUSRD1_mono_0006,144.1,0.06,OW,14,Maroon,2226,4857,485,1035,2495,484,1038,2547,456,990,2582,422,933,2592,434,994,2585
CAMPUSRD1_mono_0007,161,0.028,AH,3,Black,2227,5214,512,1358,2474,535,1306,2474,535,1361,2378,481,1426,2428,392,1341,2403
CAMPUSRD1_mono_0008,129.5,0.07,EY,10,Purple,2228,7000,511,1498,2709,505,1738,2645,497,1900,2654,496,2126,2729,483,2256,2723
CAMPUSRD1_mono_0009,129.6,0.048,AH,3,Black,2229,5571,501,2242,2821,481,2230,2844,502,2290,2823,525,2168,2834,478,2022,2817
CAMPUSRD1_mono_0010,122.1,0.03,IH,11,Teal,2230,7000,353,1320,2713,340,1261,2630,342,1231,2478,338,1283,2461,331,1256,2379
CAMPUSRD1_mono_0011,134.1,0.078,IY,13,Pink,2231,5571,346,2612,2953,361,2554,2933,363,2408,2861,355,2488,2937,350,2445,2952
CAMPUSRD1_mono_0012,143.4,0.068,IY,13,Pink,2232,5214,322,2411,2887,316,2415,2893,338,2398,2870,349,2417,2828,364,2449,2795
CAMPUSRD1_mono_0013,141.5,0.04,AH,3,Black,2233,5571,373,2320,2738,373,2071,2698,391,2024,2734,379,2056,2818,339,1812,2699
CAMPUSRD1_mono_0014,149.1,0.04,IY,13,Pink,2234,5214,404,2373,2703,403,2429,2727,401,2315,2694,403,2131,2654,376,2008,2672
CAMPUSRD1_mono_0015,126.6,0.07,AH,3,Black,2235,6286,521,1576,2851,571,1491,2832,597,1360,2794,595,1320,2727,545,1321,2754
CAMPUSRD1_mono_0016,128.9,0.08,AY,7,Magenta,2236,5214,684,1560,2569,657,1626,2579,639,1797,2504,571,1882,2665,506,1832,2715
CAMPUSRD1_mono_0017,118.7,0.06,OW,14,Maroon,2237,5571,543,1292,2434,554,1227,2381,603,1074,2401,602,979,2328,573,860,2381
CAMPUSRD1_mono_0018,108.5,0.07,AA,1,Red,2238,4500,505,807,1560,460,766,1574,565,828,2041,635,1035,2256,631,1200,2250
CAMPUSRD1_mono_0019,103.6,0.028,AH,3,Black,2239,4857,489,1719,2644,438,1725,2665,420,1700,2527,381,1702,2501,334,1711,2487
CAMPUSRD1_mono_0020,146.4,0.06,EH,8,Black,2240,5571,534,1613,2045,567,1633,2109,585,1635,2229,578,1641,2384,582,1692,2649
CAMPUSRD1_mono_0021,0,0.098,ER,9,Lime,2241,4857,518,1740,2465,457,1696,2245,514,1708,1890,448,1692,1882,548,1751,2543
CAMPUSRD1_mono_0022,136.5,0.06,EY,10,Purple,2242,5571,458,1903,2112,437,1921,2258,408,1995,2376,400,1992,2555,368,2052,2711
CAMPUSRD1_mono_0023,0,0.058,AA,1,Red,2243,5214,578,1149,2022,615,1266,2151,661,1246,2315,639,1256,2383,649,1277,2456
CAMPUSRD1_mono_0024,140.3,0.108,AY,7,Magenta,2244,5214,632,1793,2194,655,1893,2442,633,1960,2513,544,2029,2711,497,2193,2734
CAMPUSRD1_mono_0025,161.7,0.04,AH,3,Black,2245,5214,555,1295,2011,591,1270,2049,623,1239,2098,642,1208,2199,646,1181,2292
CAMPUSRD1_mono_0026,131.6,0.13,AE,2,Blue,2246,5571,823,1840,2633,840,1662,2537,837,1574,2405,822,1561,2651,765,1565,2656
CAMPUSRD1_mono_0027,118.1,0.07,AA,1,Red,2247,4857,756,1105,2444,767,929,2497,810,992,2407,790,1047,2446,780,1126,2504
CAMPUSRD1_mono_0028,141.1,0.08,AH,3,Black,2248,4500,497,1790,2682,492,1786,2700,483,1717,2675,468,1819,2828,374,1787,2750
CAMPUSRD1_mono_0029,130.4,0.07,AE,2,Blue,2249,4857,691,1489,2026,693,1499,2346,701,1499,2338,657,1405,2305,592,1352,2289
CAMPUSRD1_mono_0030,124.5,0.028,AH,3,Black,2250,5214,477,1484,2530,467,1516,2464,443,1537,2513,433,1552,2505,455,1599,2572
CAMPUSRD1_mono_0031,129.8,0.04,EH,8,Black,2251,7000,510,1558,2921,511,1558,2807,518,1569,2617,523,1599,2573,525,1640,2431
CAMPUSRD1_mono_0032,144.9,0.06,ER,9,Lime,2252,4500,418,1272,1704,436,1324,1640,439,1422,1694,437,1551,1811,427,1649,2132
CAMPUSRD1_mono_0033,144,0.08,ER,9,Lime,2253,4857,471,1559,2074,439,1550,1858,432,1537,1846,415,1521,1767,396,1495,1762
CAMPUSRD1_mono_0034,136.4,0.048,AE,2,Blue,2254,5571,508,2097,2835,544,2237,2884,543,2220,2870,564,2016,2863,560,2009,2827
CAMPUSRD1_mono_0035,118.1,0.058,EH,8,Black,2255,5214,730,2035,2830,686,2002,2832,655,2042,2772,614,1989,2779,527,1957,2796
CAMPUSRD1_mono_0036,105.1,0.028,IH,11,Teal,2256,5214,509,1861,2680,507,1868,2680,482,1852,2683,454,1846,2706,445,1831,2731
CAMPUSRD1_mono_0037,111.7,0.128,AW,5,Olive,2257,5214,648,1879,2763,746,1821,2606,780,1733,2426,793,1558,2418,729,1214,2422
CAMPUSRD1_mono_0038,179.5,0.088,AY,7,Magenta,2258,6643,611,1605,2410,689,1512,2370,699,1514,2374,613,1542,2519,591,1552,2575
CAMPUSRD1_mono_0039,170.3,0.038,UH,16,Silver,2259,4857,511,1299,2743,504,1275,2725,499,1366,2699,508,1438,2647,462,1452,2626
CAMPUSRD1_mono_0040,124.2,0.098,IH,11,Teal,2260,4857,348,1710,2270,396,2046,2363,400,2042,2321,411,2050,2583,383,1999,2542
CAMPUSRD1_mono_0041,138.2,0.05,AE,2,Blue,2261,5929,599,1826,2599,621,1800,2542,629,1798,2523,612,1858,2623,573,1840,2928
CAMPUSRD1_mono_0042,146.1,0.09,EY,10,Purple,2262,5214,437,2074,2593,425,2124,2543,428,2174,2540,433,2135,2552,439,2038,2536
CAMPUSRD1_mono_0043,154.1,0.05,AH,3,Black,2263,5929,456,1802,2580,473,1759,2590,473,1592,2581,461,1553,2576,438,1504,2631
CAMPUSRD1_mono_0044,139.7,0.06,UW,17,Cyan,2264,4857,413,1089,2680,409,1123,2674,406,1133,2691,388,1125,2642,338,1113,2698
CAMPUSRD1_mono_0045,118.1,0.09,EY,10,Purple,2265,5214,537,1629,2172,571,1784,2379,556,1860,2481,546,1934,2610,500,1938,2645
CAMPUSRD1_mono_0046,110.7,0.068,EY,10,Purple,2266,5214,543,1892,2431,537,2159,2530,510,2224,2503,441,2284,2543,442,2272,2538
CAMPUSRD1_mono_0047,118.2,0.03,UW,17,Cyan,2267,4500,354,1962,2444,350,1921,2461,347,1854,2394,320,1820,2410,338,1846,2377
CAMPUSRD1_mono_0048,144.3,0.05,EH,8,Black,2268,5214,655,1339,2474,649,1405,2442,686,1531,2610,682,1539,2741,651,1569,2827
CAMPUSRD1_mono_0049,117.2,0.03,AH,3,Black,2269,4500,516,1637,2831,484,1721,2848,463,1581,2560,425,1484,2580,420,1562,2613
CAMPUSRD1_mono_0050,114.1,0.038,IH,11,Teal,2270,6286,474,1805,2724,492,1725,2649,488,1637,2498,485,1572,2455,477,1540,2445
CAMPUSRD1_mono_0051,101.9,0.028,IH,11,Teal,2271,5571,335,1573,2519,258,1681,2477,288,1591,2662,338,1571,2906,304,1546,2960
CAMPUSRD1_mono_0052,0,0.04,AH,3,Black,2272,5214,577,1863,2793,677,1822,2799,601,1639,2548,546,1514,2374,395,1658,2757
CAMPUSRD1_mono_0053,0,0.068,AW,5,Olive,2273,5214,662,1394,2417,708,1352,2455,684,1400,2458,659,1432,2462,629,1468,2477
CAMPUSRD1_mono_0054,122.8,0.05,AH,3,Black,2274,7000,748,1962,3105,598,1660,3023,524,1543,2870,516,1502,2938,526,1406,2937
CAMPUSRD1_mono_0055,120.5,0.12,EY,10,Purple,2275,5929,607,1850,2649,619,1932,2613,564,2064,2620,543,2122,2655,466,2120,2714
CAMPUSRD1_mono_0056,110.3,0.08,ER,9,Lime,2276,7000,494,1811,2511,535,1745,2608,506,1670,2804,518,1671,3274,466,1593,2983
CAMPUSRD1_mono_0057,0,0.038,AA,1,Red,2277,4857,650,1561,1962,702,1350,2187,693,1373,2236,741,1326,2507,703,1240,2512
CAMPUSRD1_mono_0058,143.8,0.04,AY,7,Magenta,2278,7000,663,1514,2621,609,1664,2696,567,1635,2752,493,1738,2784,481,1683,2784
CAMPUSRD1_mono_0059,158.8,0.068,AA,1,Red,2279,5571,623,1572,2546,680,1522,2447,716,1438,2425,693,1318,2428,620,1250,2436
CAMPUSRD1_mono_0060,185,0.088,AY,7,Magenta,2280,6643,637,1120,2465,679,1259,2487,632,1476,2465,585,1675,2521,559,1883,2688
CAMPUSRD1_mono_0061,131.8,0.048,ER,9,Lime,2281,4857,519,1529,1903,522,1554,1999,511,1571,2145,503,1591,2273,401,1618,2557
CAMPUSRD1_mono_0062,121.7,0.07,AE,2,Blue,2282,4500,611,1417,1956,657,1412,1935,679,1490,1963,692,1470,2056,635,1427,1963
CAMPUSRD1_mono_0063,115.9,0.048,AH,3,Black,2283,4857,485,1428,2303,471,1493,2296,469,1573,2127,459,1617,2199,417,1544,2227
CAMPUSRD1_mono_0064,138.3,0.05,OW,14,Maroon,2284,5214,484,1540,2391,480,1476,2395,478,1473,2415,474,1517,2464,472,1559,2560
CAMPUSRD1_mono_0065,129.8,0.098,EY,10,Purple,2285,5214,468,2020,2618,465,2060,2679,482,2051,2721,487,2080,2788,487,2101,2964
CAMPUSRD1_mono_0066,115.5,0.038,AH,3,Black,2286,6286,522,1340,2561,501,1391,2652,507,1406,2451,504,1393,2326,443,1372,2468
CAMPUSRD1_mono_0067,117.1,0.04,AO,4,Green,2287,5214,462,637,2119,490,665,2143,531,703,2317,569,714,2227,613,705,2032
CAMPUSRD1_mono_0068,104.2,0.03,AH,3,Black,2288,6286,531,1546,3015,554,1595,3003,558,1650,2979,538,1755,2945,601,1809,2937
CAMPUSRD1_mono_0069,215.3,0.08,UW,17,Cyan,2289,4500,448,2027,2569,442,1989,2470,430,1976,2500,442,1903,2514,421,1881,2576
CAMPUSRD1_mono_0070,136.8,0.06,EY,10,Purple,2290,5571,531,2014,2878,543,2028,2723,549,1991,2590,555,1921,2397,559,1700,2321
CAMPUSRD1_mono_0071,136.9,0.06,ER,9,Lime,2291,4857,552,1381,2015,550,1376,1831,569,1396,1764,592,1410,1856,625,1478,1983
CAMPUSRD1_mono_0072,137.2,0.068,AW,5,Olive,2292,5214,673,1502,2135,708,1490,2415,717,1486,2479,710,1506,2521,688,1515,2541
CAMPUSRD1_mono_0073,133,0.04,AH,3,Black,2293,6643,594,1632,2408,591,1619,2451,556,1598,2523,458,1531,2595,501,1504,2676
CAMPUSRD1_mono_0074,162.4,0.098,OW,14,Maroon,2294,5214,598,1438,2369,640,1460,2397,632,1437,2468,573,1406,2445,563,1414,2470
CAMPUSRD1_mono_0075,145.5,0.028,AH,3,Black,2295,4857,641,1902,2465,474,1789,2547,427,1819,2808,309,1808,2744,306,1805,2472
CAMPUSRD1_mono_0076,158.9,0.078,AE,2,Blue,2296,5571,636,1981,2591,634,1971,2676,674,1945,2592,529,1955,2539,433,1962,2587
CAMPUSRD1_mono_0077,148.1,0.038,IH,11,Teal,2297,4857,401,2001,2551,418,1904,2586,419,1927,2570,408,1911,2663,400,1914,2508
CAMPUSRD1_mono_0078,127.5,0.09,OW,14,Maroon,2298,4500,511,1838,2399,519,1673,2231,510,1629,2157,498,1454,2179,505,1463,2275
CAMPUSRD1_mono_0079,160.2,0.058,IH,11,Teal,2299,5214,467,2353,2477,444,2311,2711,463,2238,2680,455,2223,2733,469,2092,2788
CAMPUSRD1_mono_0080,174.3,0.06,AH,3,Black,2300,4500,571,968,1973,599,1084,1796,614,1144,1828,598,1355,1844,617,1390,1668
CAMPUSRD1_mono_0081,159.6,0.098,EY,10,Purple,2301,5571,587,1878,2787,601,1944,2670,569,1977,2607,569,1994,2617,595,1977,2597
CAMPUSRD1_mono_0082,129.7,0.078,EH,8,Black,2302,5571,647,1966,2609,658,1942,2598,670,1941,2625,666,1908,2633,655,1887,2633
CAMPUSRD1_mono_0083,115.3,0.078,ER,9,Lime,2303,6643,487,1867,2716,499,1885,2811,479,1911,2831,451,1926,2862,427,1940,2963
CAMPUSRD1_mono_0084,63,0.108,IY,13,Pink,2304,5214,486,2041,2680,457,2064,2612,488,2195,2640,501,2299,2749,467,2343,2839
CAMPUSRD1_mono_0085,0,0.028,AH,3,Black,2305,5214,678,1911,2716,766,1892,2800,699,1889,2811,665,1886,2799,511,1904,2746
CAMPUSRD1_mono_0086,129.7,0.03,AY,7,Magenta,2306,5929,752,1796,2700,755,1796,2681,760,1823,2661,764,1852,2634,764,1878,2633
CAMPUSRD1_mono_0087,143.4,0.11,AE,2,Blue,2307,5571,850,1736,2546,772,1616,2543,764,1586,2479,747,1537,2531,714,1443,2561
CAMPUSRD1_mono_0088,120.5,0.09,AE,2,Blue,2308,5214,728,1295,2681,744,1318,2756,766,1325,2716,774,1465,2533,820,1492,2496
CAMPUSRD1_mono_0089,0,0.028,IH,11,Teal,2309,5571,597,1804,2434,424,1492,2372,405,1822,2371,358,1086,2382,334,969,2392
CAMPUSRD1_mono_0090,119.5,0.06,AH,3,Black,2310,5571,480,1865,2525,498,1798,2539,495,1754,2525,460,1698,2547,403,1664,2548
CAMPUSRD1_mono_0091,124.3,0.19,AE,2,Blue,2311,5214,577,2004,2643,690,1844,2415,734,1729,2561,775,1762,2511,782,1844,2519
CAMPUSRD1_mono_0092,114.5,0.14,UW,17,Cyan,2312,4857,487,1626,1930,459,1671,2003,451,1610,2101,460,1731,2065,464,1734,1900
CAMPUSRD1_mono_0093,159.5,0.05,UH,16,Silver,2313,4500,498,1790,2570,502,1796,2472,504,1771,2410,483,1720,2364,398,1793,2412
CAMPUSRD1_mono_0094,174.9,0.05,AH,3,Black,2314,5214,484,1931,2541,521,1875,2561,536,1851,2573,512,1771,2664,499,1780,2815
CAMPUSRD1_mono_0095,156.2,0.06,IY,13,Pink,2315,5571,359,2349,2799,341,2359,3102,333,2383,3113,343,2404,3033,329,2334,2855
CAMPUSRD1_mono_0096,139.2,0.05,IH,11,Teal,2316,6643,329,2585,2937,340,2511,2946,352,2235,2850,381,2033,2731,399,1852,2869
CAMPUSRD1_mono_0097,148.4,0.038,AH,3,Black,2317,4857,473,1414,2691,455,1233,2626,449,1203,2592,438,1115,2642,415,1082,2291
CAMPUSRD1_mono_0098,123.4,0.05,IH,11,Teal,2318,6643,466,1364,2422,481,1546,2418,519,1624,2504,560,1710,2580,514,1772,2603
CAMPUSRD1_mono_0099,112.2,0.188,OW,14,Maroon,2319,4857,593,1693,2404,621,1606,2353,625,1514,2388,656,1317,2356,579,1468,2445
CAMPUSRD1_mono_0100,133.9,0.06,OW,14,Maroon,2320,7000,520,900,2733,523,906,2819,518,887,3054,525,901,3313,522,887,3402
CAMPUSRD1_mono_0101,129.5,0.1,AY,7,Magenta,2321,5929,706,1317,2234,697,1492,2355,667,1641,2607,614,1785,2608,548,1871,2675
CAMPUSRD1_mono_0102,116.4,0.168,OW,14,Maroon,2322,4857,640,1257,2394,647,879,2395,566,1140,2417,558,1221,2400,554,1460,2386
CAMPUSRD1_mono_0103,132.8,0.068,AE,2,Blue,2323,5571,553,2094,2916,508,2020,2722,556,2091,2737,546,1993,2703,540,2017,2662
CAMPUSRD1_mono_0104,138.9,0.048,OW,14,Maroon,2324,4857,544,1511,2064,543,1471,2073,539,1436,2008,527,1288,2058,491,1257,2033
CAMPUSRD1_mono_0105,132.2,0.028,ER,9,Lime,2325,4857,560,1358,2223,616,1587,1927,545,799,1884,415,947,1898,476,1152,1887
CAMPUSRD1_mono_0106,143.8,0.08,ER,9,Lime,2326,5214,613,1617,1721,499,1598,1700,450,1613,1875,437,1613,1998,417,1645,2356
CAMPUSRD1_mono_0107,119,0.22,EY,10,Purple,2327,5214,604,1883,2783,606,1903,2616,563,1991,2601,546,1972,2661,609,1988,2640
CAMPUSRD1_mono_0108,154,0.09,ER,9,Lime,2328,4857,402,1645,2294,435,1642,2036,449,1495,1941,476,1558,1873,561,1593,1939
CAMPUSRD1_mono_0109,170.9,0.098,AE,2,Blue,2329,5214,630,1593,2013,675,1655,2270,672,1644,2343,605,1660,2397,689,1711,2453
CAMPUSRD1_mono_0110,183.3,0.028,IH,11,Teal,2330,5214,455,1905,2520,429,1944,2520,414,1950,2536,405,1949,2577,370,1956,2497
CAMPUSRD1_mono_0111,141,0.068,IH,11,Teal,2331,5571,371,1809,2731,412,1828,2759,425,1833,2803,427,1844,2750,381,1687,2725
CAMPUSRD1_mono_0112,133.5,0.068,IH,11,Teal,2332,5571,435,1602,2604,458,1651,2548,495,1709,2546,512,1768,2550,510,1751,2504
CAMPUSRD1_mono_0113,121.6,0.098,OW,14,Maroon,2333,4857,515,1389,2367,521,1370,2392,504,1088,2377,493,986,2397,459,945,2368
CAMPUSRD1_mono_0114,116.3,0.068,AE,2,Blue,2334,5214,520,1764,2938,611,1807,2918,650,1812,2896,630,1876,2907,596,1893,2882
CAMPUSRD1_mono_0115,106.6,0.038,UW,17,Cyan,2335,4857,511,1940,2478,536,1939,2515,544,1949,2527,547,1882,2522,528,1839,2451
CAMPUSRD1_mono_0116,134.9,0.04,IH,11,Teal,2336,5214,382,1350,2368,376,1484,2369,370,1563,2496,327,1650,2699,307,1711,2826
CAMPUSRD1_mono_0117,127,0.138,AA,1,Red,2337,5214,654,957,2825,679,980,2657,686,983,2723,650,1074,2878,629,1137,2923
CAMPUSRD1_mono_0118,136.7,0.028,IY,13,Pink,2338,5214,437,1489,2834,420,1377,2906,399,1242,2693,367,1275,2793,314,1251,2862
CAMPUSRD1_mono_0119,116.8,0.11,AW,5,Olive,2339,5214,726,1580,2457,767,1457,2309,677,1258,2122,665,1240,2176,655,1321,2352
CAMPUSRD1_mono_0120,112.7,0.138,AY,7,Magenta,2340,5214,792,1622,2610,802,1579,2644,783,1584,2793,762,1718,2630,601,1795,2659
CAMPUSRD1_mono_0121,139.4,0.078,AE,2,Blue,2341,5571,630,1760,2394,674,1797,2570,738,1697,2617,757,1833,2445,724,1687,2456
CAMPUSRD1_mono_0122,140.6,0.048,AH,3,Black,2342,4857,462,1560,1845,467,1560,1822,427,1576,1904,388,1669,2142,351,1673,2431
CAMPUSRD1_mono_0123,176.8,0.06,UW,17,Cyan,2343,6286,353,1949,2501,353,1908,2506,356,1683,2503,354,1585,2509,357,1537,2519
CAMPUSRD1_mono_0124,128.1,0.108,AY,7,Magenta,2344,5214,680,1408,2514,660,1547,2571,633,1720,2531,540,1826,2468,526,1915,2658
CAMPUSRD1_mono_0125,0,0.028,AH,3,Black,2345,5571,582,1800,2702,664,1796,2722,658,1768,2653,605,1777,2645,629,1741,2720
CAMPUSRD1_mono_0126,133.1,0.118,EY,10,Purple,2346,5571,505,1869,2477,504,2008,2575,469,2054,2689,423,2216,2720,381,2392,2698
CAMPUSRD1_mono_0127,133.2,0.118,IY,13,Pink,2347,5571,391,1908,2636,328,2311,2628,388,2241,2657,393,2095,2750,484,2044,2754
CAMPUSRD1_mono_0128,120.5,0.09,EH,8,Black,2348,5571,572,1932,2653,615,1897,2583,617,1878,2575,607,1872,2468,487,1913,2485
CAMPUSRD1_mono_0129,111.4,0.118,EY,10,Purple,2349,4857,489,1921,2595,465,1957,2587,450,1971,2614,439,2117,2577,436,1960,2455
CAMPUSRD1_mono_0130,140.6,0.04,AY,7,Magenta,2350,5571,793,1645,2495,501,1595,2309,634,1633,2429,662,1610,2577,639,1534,2465
CAMPUSRD1_mono_0131,120.6,0.068,AA,1,Red,2351,5214,629,884,2614,648,1017,2586,680,1154,2488,665,1273,2045,652,776,1536
CAMPUSRD1_mono_0132,119.6,0.048,ER,9,Lime,2352,5571,359,1591,1763,375,1592,1800,367,1592,1769,372,1668,1777,356,1726,1747
CAMPUSRD1_mono_0133,148.2,0.04,AA,1,Red,2353,5214,747,933,2421,698,987,2287,662,967,2177,681,879,2134,679,972,2024
CAMPUSRD1_mono_0134,131.4,0.048,AH,3,Black,2354,5571,598,1869,2612,528,1929,2646,499,1946,2514,468,1978,2628,460,1978,2602
CAMPUSRD1_mono_0135,151.7,0.068,IH,11,Teal,2355,5214,458,2108,2713,459,2060,2757,457,2040,2754,443,2031,2725,422,1955,2714
CAMPUSRD1_mono_0136,177.4,0.058,UW,17,Cyan,2356,5214,358,2075,2646,408,2084,2631,410,1965,2633,405,1902,2567,401,1973,2576
CAMPUSRD1_mono_0137,124.6,0.128,AA,1,Red,2357,5214,631,1526,2713,679,1296,2695,707,1165,2670,747,1274,2763,755,1543,2671
CAMPUSRD1_mono_0138,115.1,0.048,AY,7,Magenta,2358,4857,687,1172,2410,721,1421,2419,709,1587,2422,699,1625,2439,668,1713,2520
CAMPUSRD1_mono_0139,114.9,0.09,AH,3,Black,2359,5571,633,1846,2571,589,2009,2625,539,1989,2692,475,2008,2700,395,1877,2663
CAMPUSRD1_mono_0140,87.3,0.07,UW,17,Cyan,2360,4857,444,1710,2398,420,1636,2408,468,1762,2412,482,1740,2395,433,1652,2403
CAMPUSRD1_mono_0141,112.2,0.08,EH,8,Black,2361,7000,479,1963,2732,534,1842,2773,569,1817,2820,562,1774,2803,573,1678,2714
CAMPUSRD1_mono_0142,110.8,0.06,IH,11,Teal,2362,5571,587,1577,2812,601,1695,2700,596,1827,2570,627,1862,2760,628,2023,2644
CAMPUSRD1_mono_0143,152.3,0.178,UW,17,Cyan,2363,5214,382,1833,2507,475,1816,2396,486,1684,2340,434,1532,2438,417,1415,2441
CAMPUSRD1_mono_0144,124.1,0.15,UW,17,Cyan,2364,5214,397,1793,2587,394,1887,2532,492,1885,2456,481,1702,2401,513,1656,2450
CAMPUSRD1_mono_0145,137.5,0.048,AY,7,Magenta,2365,5571,564,1639,2714,513,1728,2750,433,1723,2752,470,1796,2760,383,1854,2630
CAMPUSRD1_mono_0146,140.1,0.048,IH,11,Teal,2366,4857,366,2256,2713,422,2215,2571,415,2101,2524,415,2025,2472,411,1935,2464
CAMPUSRD1_mono_0147,137.7,0.038,AH,3,Black,2367,4857,415,1546,2516,407,1584,2560,400,1602,2612,386,1547,2635,350,1575,2683
CAMPUSRD1_mono_0148,129.2,0.05,AH,3,Black,2368,4500,380,1765,2559,411,1710,2615,427,1799,2641,441,1723,2632,485,1709,2673
CAMPUSRD1_mono_0149,158.2,0.088,AW,5,Olive,2369,6286,521,1772,2852,511,1745,2946,501,1656,3054,536,1699,3063,488,1662,2887
CAMPUSRD1_mono_0150,135.1,0.03,AH,3,Black,2370,4500,503,1797,2651,493,1808,2618,478,1743,2592,461,1698,2586,360,1704,2638
CAMPUSRD1_mono_0151,117.9,0.07,EH,8,Black,2371,5214,669,1584,2587,694,1646,2650,712,1665,2593,697,1674,2648,616,1689,2681
CAMPUSRD1_mono_0152,113.9,0.028,AH,3,Black,2372,5214,530,1789,2573,520,1724,2580,504,1649,2599,496,1633,2620,486,1594,2631
CAMPUSRD1_mono_0153,127.4,0.038,AH,3,Black,2373,4857,616,1576,2784,630,1554,2755,600,1480,2744,583,1314,2741,579,1383,2746
CAMPUSRD1_mono_0154,115.1,0.03,AH,3,Black,2374,6286,348,1374,2535,339,1407,2517,347,1383,2525,355,1370,2541,349,1343,2492
CAMPUSRD1_mono_0155,0,0.028,IY,13,Pink,2375,5214,360,2238,2561,338,2249,2585,351,2216,2667,342,2220,2678,326,2274,2646
CAMPUSRD1_mono_0156,126.2,0.038,AY,7,Magenta,2376,5929,624,1987,2617,605,1962,2679,590,1940,2756,569,1968,2786,524,1974,2854
CAMPUSRD1_mono_0157,155.6,0.11,AE,2,Blue,2377,7000,578,1620,2784,611,1625,2768,607,1700,2674,658,1857,2705,624,1920,2745
CAMPUSRD1_mono_0158,162,0.038,AH,3,Black,2378,4857,566,1570,2644,516,1695,2679,478,1699,2516,498,1704,2509,539,1665,2523
CAMPUSRD1_mono_0159,170,0.048,ER,9,Lime,2379,4857,490,1757,2025,498,1731,2030,518,1669,1994,524,1604,2005,526,1677,2026
CAMPUSRD1_mono_0160,171.2,0.058,AH,3,Black,2380,4857,519,1721,2068,516,1843,2134,491,1832,2098,478,1900,2324,466,1937,2444
CAMPUSRD1_mono_0161,113.1,0.118,IY,13,Pink,2381,5571,427,1998,2372,420,2014,2442,412,2143,2554,412,2204,2660,398,2270,2712
CAMPUSRD1_mono_0162,133.9,0.04,IH,11,Teal,2382,5571,573,1540,2891,558,1471,2940,551,1489,3019,463,1645,3073,324,1599,3030
CAMPUSRD1_mono_0163,149.8,0.028,AH,3,Black,2383,5214,477,1855,2874,450,1895,2757,449,1887,2611,414,1899,2620,403,1986,2693
CAMPUSRD1_mono_0164,151.6,0.05,AH,3,Black,2384,5214,461,1733,2715,477,1761,2700,467,1645,2672,434,1643,2610,429,1637,2715
CAMPUSRD1_mono_0165,121.2,0.128,IY,13,Pink,2385,5214,466,1917,2236,441,1963,2542,407,2195,2606,397,2162,2779,377,2034,2712
CAMPUSRD1_mono_0166,64.3,0.028,AH,3,Black,2386,5571,505,1974,2538,414,2031,2611,319,1988,2601,328,1852,2521,293,1699,2471
CAMPUSRD1_mono_0167,126.3,0.068,AA,1,Red,2387,5214,584,895,2467,600,1045,2482,617,1174,2474,595,1516,2443,571,1552,2500
CAMPUSRD1_mono_0168,127.6,0.038,AH,3,Black,2388,4857,478,1952,2716,476,1989,2671,488,2028,2686,487,2074,2687,482,2123,2709
CAMPUSRD1_mono_0169,126.5,0.06,EH,8,Black,2389,7000,509,2192,2673,539,2000,2773,585,1947,2797,613,1743,2742,606,1401,2821
CAMPUSRD1_mono_0170,145.6,0.09,OW,14,Maroon,2390,5571,504,969,2725,507,1042,2684,469,1054,2633,449,910,2616,424,938,2615
CAMPUSRD1_mono_0171,127,0.07,UW,17,Cyan,2391,4857,470,1505,2452,506,1714,2578,501,1558,2746,514,1414,2489,564,1485,2528
CAMPUSRD1_mono_0172,60.3,0.04,IH,11,Teal,2392,5571,447,2245,2648,467,2138,2733,448,2168,2809,442,2147,2823,445,2146,2846
CAMPUSRD1_mono_0173,113.5,0.03,AE,2,Blue,2393,5929,576,2313,2909,554,2335,2905,522,2336,2885,499,2353,2859,466,2413,2864
CAMPUSRD1_mono_0174,122.2,0.038,AH,3,Black,2394,5929,478,911,2440,479,1081,2495,485,1036,2512,487,1064,2555,489,1039,2612
CAMPUSRD1_mono_0175,110,0.03,IH,11,Teal,2395,7000,555,1642,2907,568,1651,2926,572,1674,2930,557,1671,2909,522,1664,2881
CAMPUSRD1_mono_0176,103.1,0.04,AH,3,Black,2396,5571,370,1610,2615,454,1700,2541,444,1686,2503,285,1638,2307,285,1569,1958
CAMPUSRD1_mono_0177,112.1,0.108,AW,5,Olive,2397,5214,776,1503,2128,763,1241,2141,715,1169,2103,691,1126,2141,630,1069,2046
CAMPUSRD1_mono_0178,114.4,0.06,ER,9,Lime,2398,4500,649,1122,1949,634,1146,1870,583,1274,1700,530,1287,1614,549,1251,1577
CAMPUSRD1_mono_0179,98.2,0.07,AY,7,Magenta,2399,6286,657,1286,2969,709,1261,3070,757,1407,2944,753,1506,2923,729,1553,2859
CAMPUSRD1_mono_0180,140.7,0.108,IH,11,Teal,2400,4857,348,1741,2332,335,1846,2368,320,1888,2273,327,1933,2090,334,1906,2401
CAMPUSRD1_mono_0181,116.1,0.06,AO,4,Green,2401,7000,540,2342,2990,609,2351,3930,657,2348,3160,635,2171,3037,679,2622,3156
CAMPUSRD1_mono_0182,91,0.048,IH,11,Teal,2402,5571,624,1833,2802,634,1858,2669,647,1913,2609,607,1954,2583,576,1975,2558
CAMPUSRD1_mono_0183,134.3,0.11,AA,1,Red,2403,6643,643,1440,2580,639,1238,2682,662,1141,2801,708,1105,2668,711,1249,2960
CAMPUSRD1_mono_0184,182.2,0.038,AH,3,Black,2404,4857,512,1074,1795,528,988,1709,415,1000,1850,397,931,1836,334,934,1894
CAMPUSRD1_mono_0185,219.1,0.11,IY,13,Pink,2405,7000,450,1929,3007,431,2027,2750,423,2125,2817,424,1998,2872,424,2090,2978
CAMPUSRD1_mono_0186,133.8,0.08,AA,1,Red,2406,5214,535,1441,2411,622,1142,1935,707,935,1794,722,1213,2592,675,1291,2554
CAMPUSRD1_mono_0187,114.9,0.098,ER,9,Lime,2407,5571,523,975,1917,570,1094,1839,548,1345,1843,521,1309,1799,459,1415,1888
DHAY38F2P_mono_0001,82.6,0.098,OW,14,Maroon,2408,5214,375,1159,2289,377,1120,2310,344,1123,2312,309,1133,2321,326,1144,2301
DHAY38F2P_mono_0002,79.6,0.038,IH,11,Teal,2409,4857,309,1338,2265,317,1354,2267,316,1396,2282,305,1503,2227,314,1547,2235
DHAY38F2P_mono_0003,81.2,0.04,IH,11,Teal,2410,4500,359,1109,1743,327,1263,1841,277,1234,1877,299,1231,1879,287,1222,1956
DHAY38F2P_mono_0004,79.8,0.05,AY,7,Magenta,2411,5214,651,1394,2215,614,1412,2213,591,1427,2230,525,1381,2236,491,1331,2165
DHAY38F2P_mono_0005,80.7,0.04,OW,14,Maroon,2412,4500,384,795,2250,374,798,2185,363,843,2228,359,879,2256,331,952,2281
DHAY38F2P_mono_0006,78.1,0.04,AH,3,Black,2413,5214,433,1190,2112,418,1121,2114,433,1090,2214,409,1078,2387,323,1049,2378
DHAY38F2P_mono_0007,64.9,0.118,EY,10,Purple,2414,5571,429,1516,2344,417,1643,2331,363,1739,2309,350,1808,2436,322,1802,2414
DHAY38F2P_mono_0008,73.2,0.07,AE,2,Blue,2415,5929,714,1581,2254,612,1590,2265,490,1594,2257,514,1638,2264,421,1650,2233
DHAY38F2P_mono_0009,77.6,0.08,IY,13,Pink,2416,4857,313,1875,2343,293,1918,2522,280,1913,2607,275,1912,2554,273,1895,2489
DHAY38F2P_mono_0010,0,0.04,IY,13,Pink,2417,4500,317,1785,2281,300,1785,2272,287,1789,2280,295,1781,2307,316,1765,2246
DHAY38F2P_mono_0011,71.6,0.028,IY,13,Pink,2418,5571,268,1919,2448,302,1893,2436,289,1903,2498,288,1951,2629,280,1957,2532
DHAY38F2P_mono_0012,67.9,0.07,AH,3,Black,2419,4857,487,1278,2440,477,1178,2496,497,1133,2503,489,1152,2503,459,1117,2425
DHAY38F2P_mono_0013,71.3,0.058,AY,7,Magenta,2420,5929,526,1121,2309,555,1230,2295,541,1292,2303,447,1370,2254,432,1555,2242
DHAY38F2P_mono_0014,60.1,0.048,OW,14,Maroon,2421,5571,492,1012,2536,420,989,2523,481,949,2560,477,882,2532,452,873,2488
DHAY38F2P_mono_0015,62.7,0.068,AA,1,Red,2422,5214,420,879,2356,416,864,2314,469,1005,2300,452,1088,2397,362,1160,2337
DHAY38F2P_mono_0016,68.2,0.05,EH,8,Black,2423,4500,482,1354,2129,500,1311,2066,584,1323,2256,569,1344,2320,618,1469,2445
DHAY38F2P_mono_0017,0,0.13,ER,9,Lime,2424,4500,372,1399,2215,363,1461,1845,375,1487,1817,336,1533,1847,337,1487,1900
DHAY38F2P_mono_0018,80,0.06,EY,10,Purple,2425,4500,371,1636,1887,343,1707,1929,326,1770,2011,320,1782,2123,302,1772,2162
DHAY38F2P_mono_0019,77.9,0.04,AA,1,Red,2426,4500,529,1272,2236,541,1250,2184,548,1250,2174,524,1248,2132,540,1249,2054
DHAY38F2P_mono_0020,76.8,0.11,AY,7,Magenta,2427,4500,518,1482,1983,505,1553,1987,432,1613,1988,363,1627,1979,325,1706,1991
DHAY38F2P_mono_0021,78,0.07,AY,7,Magenta,2428,4500,621,1287,2336,568,1335,2282,560,1398,2207,511,1490,2061,420,1551,1916
DHAY38F2P_mono_0022,86.7,0.048,AH,3,Black,2429,5571,545,1185,1996,572,1134,2099,568,1072,2242,609,1060,2413,529,1109,2500
DHAY38F2P_mono_0023,83.8,0.04,AH,3,Black,2430,5571,554,1216,2410,381,1181,2403,423,1166,2387,323,1150,2433,226,1168,2457
DHAY38F2P_mono_0024,73.5,0.058,AE,2,Blue,2431,5214,674,1332,2504,663,1298,2482,676,1296,2486,641,1293,2474,594,1304,2478
DHAY38F2P_mono_0025,68.4,0.038,AA,1,Red,2432,4857,777,1038,2335,777,1051,2283,716,1096,2319,737,1130,2355,678,1103,2312
DHAY38F2P_mono_0026,0,0.108,AH,3,Black,2433,4857,356,1567,2294,358,1569,2363,336,1560,2341,319,1491,2334,305,1491,2351
DHAY38F2P_mono_0027,73.3,0.05,AE,2,Blue,2434,5929,608,1335,2276,617,1323,2300,610,1311,2280,583,1294,2263,484,1232,2192
DHAY38F2P_mono_0028,74.1,0.048,AH,3,Black,2435,4857,411,934,2348,452,1075,2334,457,1212,2328,452,1306,2387,396,1289,2393
DHAY38F2P_mono_0029,69.1,0.03,EH,8,Black,2436,4500,461,1361,2235,458,1375,2209,466,1399,2125,462,1347,2110,457,1331,1952
DHAY38F2P_mono_0030,68.1,0.08,ER,9,Lime,2437,4500,395,1161,1640,404,1243,1652,400,1241,1680,374,1172,1703,370,1215,1632
DHAY38F2P_mono_0031,80.2,0.04,AH,3,Black,2438,5214,476,1035,2220,503,1136,2177,490,1174,2151,491,1258,2122,484,1295,1982
DHAY38F2P_mono_0032,80.7,0.038,EH,8,Black,2439,4857,515,1343,1934,505,1337,1930,488,1323,1913,476,1300,1871,465,1287,1856
DHAY38F2P_mono_0033,84.1,0.09,ER,9,Lime,2440,4500,403,1232,1622,415,1325,1640,399,1381,1679,358,1423,1721,336,1418,1892
DHAY38F2P_mono_0034,0,0.038,ER,9,Lime,2441,4857,427,1373,1786,399,1355,1741,362,1333,1854,393,1391,1947,411,1407,2069
DHAY38F2P_mono_0035,68.3,0.04,EH,8,Black,2442,7000,770,1656,3378,624,1678,3424,545,1721,3459,544,1673,3476,517,1617,3393
DHAY38F2P_mono_0036,69.5,0.048,AH,3,Black,2443,6286,490,1570,2524,480,1531,2535,475,1529,2426,454,1457,2370,408,1525,2394
DHAY38F2P_mono_0037,62.3,0.08,AW,5,Olive,2444,4500,565,1413,2187,694,1427,2299,696,1319,2214,674,1262,2105,674,1218,2118
DHAY38F2P_mono_0038,0,0.038,AH,3,Black,2445,4857,401,1418,2299,427,1487,2329,398,1499,2391,386,1494,2458,282,1465,2528
DHAY38F2P_mono_0039,108.1,0.08,AY,7,Magenta,2446,7000,656,1436,2873,637,1404,3027,620,1461,3099,602,1453,3216,589,1455,3332
DHAY38F2P_mono_0040,128.7,0.038,UH,16,Silver,2447,4857,405,1326,2340,389,1397,2226,383,1466,2131,357,1470,2066,304,1409,1859
DHAY38F2P_mono_0041,99.3,0.09,IH,11,Teal,2448,5571,305,1474,1933,313,1752,1981,308,1783,2017,292,1832,2044,317,1823,2024
DHAY38F2P_mono_0042,0,0.038,AY,7,Magenta,2449,4857,581,1326,2498,521,1399,2261,478,1465,2120,434,1535,2046,342,1540,2004
DHAY38F2P_mono_0043,83.3,0.05,AE,2,Blue,2450,5929,603,1577,2219,640,1552,2235,651,1564,2229,621,1584,2135,553,1664,2270
DHAY38F2P_mono_0044,83.1,0.03,EY,10,Purple,2451,7000,377,1854,3431,309,1849,3353,394,1831,3323,388,1840,3352,419,1828,3330
DHAY38F2P_mono_0045,83.3,0.048,AH,3,Black,2452,4857,418,1466,2002,430,1414,2026,438,1352,2045,418,1287,2073,378,1191,2055
DHAY38F2P_mono_0046,87.3,0.098,UW,17,Cyan,2453,4500,315,1351,2082,309,1249,2036,310,1187,2015,309,1063,1961,272,1049,1955
DHAY38F2P_mono_0047,77.8,0.21,EY,10,Purple,2454,4857,408,1569,1957,379,1794,2017,332,1835,2027,289,1804,2227,306,1824,2506
DHAY38F2P_mono_0048,0,0.028,AH,3,Black,2455,5214,527,1437,2439,524,1376,2406,395,1327,2450,281,1463,2452,297,1468,2480
DHAY38F2P_mono_0049,71.5,0.04,EY,10,Purple,2456,5571,367,1951,2529,373,1974,2566,354,1956,2591,301,2029,2840,300,1974,2694
DHAY38F2P_mono_0050,65.6,0.028,UW,17,Cyan,2457,4857,279,1663,1884,249,1599,1909,248,1575,1970,268,1383,2064,297,1347,2052
DHAY38F2P_mono_0051,0,0.03,IH,11,Teal,2458,4500,469,1512,2093,518,1375,2064,470,1343,2063,453,1334,2013,321,1326,2034
DHAY38F2P_mono_0052,0,0.05,AH,3,Black,2459,4857,519,1537,2489,352,1394,2237,251,1443,2591,292,1425,2519,290,1418,2458
DHAY38F2P_mono_0053,63.3,0.028,AW,5,Olive,2460,5214,521,1081,2347,566,1091,2283,551,1053,2284,535,1156,2354,552,1175,2336
DHAY38F2P_mono_0054,0,0.03,AH,3,Black,2461,4500,447,1246,1893,367,1114,1768,304,1077,1751,258,1160,1734,272,1373,1643
DHAY38F2P_mono_0055,72.6,0.09,EY,10,Purple,2462,7000,986,1843,3718,509,1892,3607,347,1953,3708,296,1992,3641,307,2023,3607
DHAY38F2P_mono_0056,73.7,0.03,AO,4,Green,2463,6286,1166,2085,3591,1216,2153,3638,1119,2178,3654,1197,2240,3664,1247,2291,3654
DHAY38F2P_mono_0057,74,0.11,AA,1,Red,2464,5214,771,1484,2328,760,1271,2357,796,1328,2512,790,1413,2421,777,1409,2435
DHAY38F2P_mono_0058,90.5,0.04,AY,7,Magenta,2465,4500,713,1326,2152,696,1367,2127,679,1375,2089,649,1530,2118,645,1586,2140
DHAY38F2P_mono_0059,108,0.068,AA,1,Red,2466,5571,601,1121,2471,629,1079,2582,634,1052,2593,645,1066,2317,569,992,2244
DHAY38F2P_mono_0060,99.7,0.068,AY,7,Magenta,2467,5214,585,1153,2318,583,1248,2287,582,1330,2321,545,1404,2378,454,1415,2293
DHAY38F2P_mono_0061,78.1,0.048,ER,9,Lime,2468,4857,358,1152,1734,394,1223,1736,357,1324,1784,272,1285,1808,247,1333,2115
DHAY38F2P_mono_0062,71.2,0.13,AO,4,Green,2469,6286,484,1390,2928,491,1347,2986,490,1166,2914,454,1076,2907,458,1086,2912
DHAY38F2P_mono_0063,85.4,0.05,ER,9,Lime,2470,4500,605,1303,1730,595,1336,1723,584,1357,1742,605,1387,1768,511,1393,1805
DHAY38F2P_mono_0064,76.5,0.06,AO,4,Green,2471,7000,485,1516,3432,554,1702,4043,695,1866,4176,735,1811,4237,760,1694,4073
DHAY38F2P_mono_0065,0,0.15,AH,3,Black,2472,4857,315,1566,2597,279,1513,2719,454,1456,2216,1629,2043,2961,1557,1959,2875
DHAY38F2P_mono_0066,78.6,0.12,AE,2,Blue,2473,5214,622,1391,1913,673,1370,1947,703,1390,2112,716,1390,2107,693,1356,2242
DHAY38F2P_mono_0067,270.1,0.05,AH,3,Black,2474,5929,557,1351,2574,545,1385,2450,547,1441,2462,597,1502,2588,489,1553,2539
DHAY38F2P_mono_0068,76.5,0.04,OW,14,Maroon,2475,5571,478,959,2704,448,930,2599,452,1056,2730,432,1083,2630,405,1193,2514
DHAY38F2P_mono_0069,73,0.028,IH,11,Teal,2476,4857,361,1492,2502,368,1527,2451,370,1535,2493,377,1529,2498,356,1500,2488
DHAY38F2P_mono_0070,68.6,0.07,EY,10,Purple,2477,4500,449,1714,2253,426,1723,2242,424,1764,2266,383,1820,1975,371,1813,2051
DHAY38F2P_mono_0071,67.3,0.04,AH,3,Black,2478,4500,348,1113,1983,417,1056,1993,408,1023,2151,398,927,2198,412,916,2366
DHAY38F2P_mono_0072,0,0.03,AH,3,Black,2479,4500,503,1775,2265,643,1549,2086,641,1443,2050,615,1511,2042,576,1651,2078
DHAY38F2P_mono_0073,64,0.068,AO,4,Green,2480,5571,532,1452,2502,515,1610,2541,579,1340,2469,639,1562,2491,635,1623,2226
DHAY38F2P_mono_0074,0,0.11,UW,17,Cyan,2481,4500,287,1809,2313,275,1674,1997,309,1747,2110,306,1587,2068,270,1613,2086
DHAY38F2P_mono_0075,78.3,0.04,EY,10,Purple,2482,5214,457,1718,2437,450,1758,2499,428,1777,2474,395,1735,2132,390,1462,1874
DHAY38F2P_mono_0076,73.8,0.08,ER,9,Lime,2483,5214,418,1064,1676,447,1110,1632,486,1201,1712,524,1258,1807,561,1239,1917
DHAY38F2P_mono_0077,67.2,0.098,AW,5,Olive,2484,5571,635,1302,2334,660,1206,2366,669,1215,2342,667,1373,2382,606,1315,2278
DHAY38F2P_mono_0078,63.6,0.07,OW,14,Maroon,2485,4857,501,1122,2407,496,1152,2479,496,1130,2466,456,1069,2548,463,1082,2567
DHAY38F2P_mono_0079,87.6,0.06,AE,2,Blue,2486,4857,591,1637,2349,666,1594,2316,666,1590,2337,684,1626,2447,503,1688,2474
DHAY38F2P_mono_0080,0,0.03,IH,11,Teal,2487,5929,336,1696,2835,326,1667,2781,314,1719,2870,308,1804,2917,280,1818,2842
DHAY38F2P_mono_0081,65.5,0.058,OW,14,Maroon,2488,5214,392,1510,2304,419,1430,2145,410,1301,2156,427,1191,2228,407,1129,2282
DHAY38F2P_mono_0082,0,0.05,IH,11,Teal,2489,4500,953,1660,2388,527,1679,1974,479,1702,1900,415,1520,1693,380,1455,1722
DHAY38F2P_mono_0083,87.5,0.048,AH,3,Black,2490,5571,652,1077,2340,661,1100,2398,688,1170,2446,677,1240,2439,557,1282,2415
DHAY38F2P_mono_0084,74.8,0.09,EY,10,Purple,2491,5571,470,1614,2381,464,1694,2329,450,1752,2283,441,1781,2368,450,1818,2395
DHAY38F2P_mono_0085,0,0.06,EH,8,Black,2492,4500,473,1715,2241,532,1672,2278,559,1640,2259,578,1656,2306,631,1671,2419
DHAY38F2P_mono_0086,70.1,0.04,ER,9,Lime,2493,4500,474,1630,1952,385,1629,1938,427,1651,1940,280,1648,1900,273,1679,1917
DHAY38F2P_mono_0087,85.3,0.14,IY,13,Pink,2494,4500,303,1830,2487,293,1870,2501,307,1873,2405,281,1766,2291,179,1555,2146
DHAY38F2P_mono_0088,79.9,0.058,AY,7,Magenta,2495,6643,775,1463,2729,801,1514,2853,797,1574,2808,794,1614,2792,778,1690,2772
DHAY38F2P_mono_0089,91.4,0.068,AE,2,Blue,2496,5214,755,1427,2359,758,1379,2206,750,1354,2280,775,1357,2248,767,1386,2382
DHAY38F2P_mono_0090,68.7,0.118,AE,2,Blue,2497,5571,671,1309,2904,686,1318,2834,641,1333,2592,634,1312,2380,623,1385,2394
DHAY38F2P_mono_0091,0,0.04,IH,11,Teal,2498,4500,323,1766,2401,318,1822,2430,294,1787,2402,312,1568,2253,271,1352,2221
DHAY38F2P_mono_0092,76.8,0.058,AH,3,Black,2499,5214,429,1389,2241,477,1429,2304,440,1467,2250,414,1488,2343,374,1500,2514
DHAY38F2P_mono_0093,82.1,0.09,AE,2,Blue,2500,5214,484,1840,2464,572,1644,2326,646,1563,2292,653,1567,2301,659,1535,2471
DHAY38F2P_mono_0094,73.9,0.098,UW,17,Cyan,2501,5214,329,1525,1921,316,1510,2021,313,1396,2158,298,1299,2232,341,1399,2457
DHAY38F2P_mono_0095,83.1,0.028,AY,7,Magenta,2502,4857,606,1661,2348,545,1665,2390,483,1658,2464,410,1715,2485,359,1677,2430
DHAY38F2P_mono_0096,104.4,0.038,UH,16,Silver,2503,4857,352,1670,2044,307,1687,2054,292,1692,2078,263,1647,1981,239,1281,1763
DHAY38F2P_mono_0097,110,0.04,AH,3,Black,2504,5214,367,1655,2090,359,1661,2112,355,1716,2213,324,1659,2259,282,1743,2307
DHAY38F2P_mono_0098,129.5,0.08,IY,13,Pink,2505,5214,278,1866,2782,269,1953,2954,261,1990,2939,253,2027,2963,257,2004,3020
DHAY38F2P_mono_0099,80.3,0.08,IH,11,Teal,2506,7000,625,2646,3468,327,2547,3313,304,2269,3059,337,1967,3063,386,1844,3034
DHAY38F2P_mono_0100,73.8,0.04,AH,3,Black,2507,5571,437,1280,2454,423,1255,2409,422,1119,2378,413,1012,2317,379,910,2326
DHAY38F2P_mono_0101,69.5,0.15,OW,14,Maroon,2508,4500,461,1309,2401,466,1204,2453,428,1082,2522,398,949,2439,394,939,2443
DHAY38F2P_mono_0102,77,0.028,OW,14,Maroon,2509,4857,404,848,1986,390,823,2043,398,822,2181,389,806,2254,399,813,2304
DHAY38F2P_mono_0103,81.3,0.068,AY,7,Magenta,2510,5571,634,1094,2259,623,1169,2236,620,1288,2210,572,1334,2126,502,1362,2082
DHAY38F2P_mono_0104,77,0.078,OW,14,Maroon,2511,5571,527,987,2382,477,965,2376,478,988,2460,430,1009,2459,408,1058,2539
DHAY38F2P_mono_0105,79,0.05,AE,2,Blue,2512,7000,836,2093,3610,1447,2022,3586,1409,2029,3617,1481,2197,3604,1527,1684,3598
DHAY38F2P_mono_0106,70.8,0.078,OW,14,Maroon,2513,5571,551,1115,2513,506,1035,2517,482,972,2483,460,865,2482,436,856,2345
DHAY38F2P_mono_0107,77.3,0.09,ER,9,Lime,2514,4857,438,993,1715,435,1021,1540,442,1062,1532,444,1112,1597,416,1158,1606
DHAY38F2P_mono_0108,74.5,0.098,ER,9,Lime,2515,4857,430,1321,1707,446,1323,1705,437,1341,1765,428,1363,1783,375,1399,1791
DHAY38F2P_mono_0109,70.8,0.18,EY,10,Purple,2516,5571,445,1696,2514,372,1800,2479,365,1887,2493,348,1907,2429,291,1842,2345
DHAY38F2P_mono_0110,0,0.04,AH,3,Black,2517,5571,415,1406,2302,412,1412,2317,407,1446,2330,373,1442,2358,325,1417,2364
DHAY38F2P_mono_0111,77.8,0.16,ER,9,Lime,2518,4500,352,1478,1761,357,1329,1675,358,1197,1597,357,1127,1667,522,1281,1799
DHAY38F2P_mono_0112,82.4,0.08,AE,2,Blue,2519,5214,624,1266,1982,658,1278,2134,692,1286,2323,708,1337,2370,715,1330,2431
DHAY38F2P_mono_0113,153.2,0.068,IH,11,Teal,2520,5214,447,1533,2077,449,1616,2044,400,1681,1994,339,1679,2001,310,1736,1993
DHAY38F2P_mono_0114,0,0.028,IH,11,Teal,2521,5214,376,1538,2482,345,1507,2408,308,1489,2488,274,1459,2751,280,1463,2762
DHAY38F2P_mono_0115,71.6,0.07,IH,11,Teal,2522,4857,386,1544,2322,408,1589,2430,409,1598,2444,378,1581,2452,417,1586,2461
DHAY38F2P_mono_0116,65.7,0.09,OW,14,Maroon,2523,4857,604,1057,2438,486,1015,2479,565,923,2597,458,880,2622,388,800,2666
DHAY38F2P_mono_0117,75.6,0.038,AH,3,Black,2524,4857,418,1394,2206,441,1510,2138,419,1550,2321,413,1565,2410,384,1581,2483
DHAY38F2P_mono_0118,0,0.09,AE,2,Blue,2525,4500,476,1482,2552,552,1475,2365,599,1469,2427,715,1444,2256,709,1474,2341
DHAY38F2P_mono_0119,79.5,0.08,UW,17,Cyan,2526,5214,277,1611,2174,289,1608,2130,286,1537,2208,271,1439,2236,254,1377,2283
DHAY38F2P_mono_0120,0,0.03,IH,11,Teal,2527,4500,393,1311,1993,380,1368,1968,387,1486,1937,349,1522,2015,333,1544,1981
DHAY38F2P_mono_0121,81.7,0.028,EH,8,Black,2528,5214,524,1083,2378,450,1005,2364,453,963,2369,461,943,2402,445,943,2421
DHAY38F2P_mono_0122,86.2,0.12,AA,1,Red,2529,4500,644,866,1793,658,825,1760,687,988,2409,657,1081,2350,507,1150,2440
DHAY38F2P_mono_0123,79.7,0.04,IY,13,Pink,2530,5571,323,1831,2191,319,1847,2196,315,1804,2094,309,1839,2015,301,1757,1890
DHAY38F2P_mono_0124,71.9,0.138,AW,5,Olive,2531,5214,715,1363,2391,781,1326,2386,764,1232,2514,757,1170,2417,739,1260,2488
DHAY38F2P_mono_0125,70.5,0.108,AE,2,Blue,2532,4857,697,1432,2335,708,1443,2325,761,1487,2308,734,1418,2273,728,1439,2322
DHAY38F2P_mono_0126,64.3,0.14,AY,7,Magenta,2533,4857,763,1242,2472,765,1279,2365,790,1337,2377,754,1462,2398,787,1586,2371
DHAY38F2P_mono_0127,92.9,0.07,AE,2,Blue,2534,6286,894,1445,2465,785,1432,2578,806,1413,2430,816,1438,2474,758,1364,2707
DHAY38F2P_mono_0128,117.4,0.048,ER,9,Lime,2535,5571,380,1391,1763,379,1388,1746,383,1403,1752,389,1409,1747,389,1406,1714
DHAY38F2P_mono_0129,112.4,0.05,AH,3,Black,2536,4500,404,1406,1701,417,1391,1687,429,1472,1762,343,1467,1761,328,1429,1865
DHAY38F2P_mono_0130,102.6,0.05,UW,17,Cyan,2537,7000,277,1811,3021,285,1751,3004,272,1596,2941,303,1597,2876,261,1790,2740
DHAY38F2P_mono_0131,85.6,0.09,AY,7,Magenta,2538,7000,587,1109,3035,642,1219,3038,645,1416,3063,610,1588,2917,437,1767,2850
DHAY38F2P_mono_0132,0,0.028,AH,3,Black,2539,5214,697,1285,2668,613,1265,2646,605,1258,2591,802,1273,2537,811,1266,2537
DHAY38F2P_mono_0133,83.2,0.038,AH,3,Black,2540,4857,528,1143,2566,550,1081,2530,608,1081,2506,545,1056,2411,545,1076,2377
DHAY38F2P_mono_0134,82.8,0.03,IH,11,Teal,2541,7000,198,2079,3657,236,2078,3684,251,2091,3693,533,2177,3650,799,2178,3653
DHAY38F2P_mono_0135,85.6,0.158,EY,10,Purple,2542,5929,403,1779,2533,355,1923,2791,327,1959,2909,313,1981,2943,289,2067,2982
DHAY38F2P_mono_0136,152,0.11,IY,13,Pink,2543,6643,290,1999,2921,268,1988,3003,274,2039,3197,304,2175,3278,332,1988,3282
DHAY38F2P_mono_0137,71.7,0.108,EH,8,Black,2544,5929,637,1590,2558,736,1612,2481,639,1592,2454,627,1660,2441,486,1775,2271
DHAY38F2P_mono_0138,73.8,0.11,EY,10,Purple,2545,7000,385,1895,3207,318,1919,3459,362,1951,3411,332,1962,3276,314,1880,3306
DHAY38F2P_mono_0139,74.8,0.078,AY,7,Magenta,2546,5571,878,1351,2442,721,1364,2411,719,1371,2383,636,1359,2230,552,1274,2051
DHAY38F2P_mono_0140,80.7,0.048,AA,1,Red,2547,6286,497,905,2432,469,915,2464,424,1007,2462,430,1087,2424,439,1138,2672
DHAY38F2P_mono_0141,79.9,0.11,ER,9,Lime,2548,4500,352,1450,1808,350,1433,1782,344,1458,1770,336,1503,1821,316,1548,1861
DHAY38F2P_mono_0142,0,0.03,AH,3,Black,2549,4500,140,1652,2307,346,1628,2336,339,1507,2053,311,1471,2372,241,1429,2367
DHAY38F2P_mono_0143,63.5,0.04,AH,3,Black,2550,4500,441,1328,1919,426,1350,2151,448,1316,2210,434,1269,2170,365,1182,2121
DHAY38F2P_mono_0144,0,0.028,AA,1,Red,2551,4857,581,1025,2343,606,1111,2266,571,1084,2267,534,1044,2161,499,1093,1843
DHAY38F2P_mono_0145,0,0.048,AH,3,Black,2552,4857,461,1377,2021,466,1436,1979,433,1560,1889,386,1576,1867,334,1573,1849
DHAY38F2P_mono_0146,111.1,0.05,IH,11,Teal,2553,5214,353,1834,2603,381,1790,2592,392,1770,2529,375,1745,2541,322,1665,2507
DHAY38F2P_mono_0147,92.9,0.16,UW,17,Cyan,2554,4500,293,1603,2033,318,1483,2047,302,1214,2102,297,1174,2181,374,1320,2256
DHAY38F2P_mono_0148,77.5,0.098,AA,1,Red,2555,5214,737,1151,2579,782,1137,2560,770,1135,2677,814,1097,2638,766,1175,2650
DHAY38F2P_mono_0149,105.8,0.098,UW,17,Cyan,2556,4857,297,1597,1974,304,1440,1959,308,1282,2027,300,1283,2083,248,1281,2114
DHAY38F2P_mono_0150,81.3,0.258,AY,7,Magenta,2557,5214,655,1090,2501,720,1196,2654,719,1265,2566,683,1381,2485,578,1594,2431
DHAY38F2P_mono_0151,81.7,0.13,AA,1,Red,2558,5571,490,1454,2480,673,1324,2519,679,1121,2614,706,1123,2699,715,1277,2821
DHAY38F2P_mono_0152,80.7,0.04,AH,3,Black,2559,5214,393,1375,2199,426,1424,2211,328,1449,2130,327,1521,2236,293,1531,2494
DHAY38F2P_mono_0153,80,0.04,ER,9,Lime,2560,5571,365,1400,1743,367,1436,1741,362,1480,1749,354,1502,1752,344,1565,1765
DHAY38F2P_mono_0154,78.8,0.06,EH,8,Black,2561,5571,391,1780,2349,441,1668,2218,473,1538,2220,512,1408,2271,501,1336,2351
DHAY38F2P_mono_0155,70.6,0.028,IH,11,Teal,2562,5214,268,1365,2423,291,1371,2363,254,1386,2366,286,1415,2260,248,1393,2241
DHAY38F2P_mono_0156,98.2,0.22,UW,17,Cyan,2563,4857,310,1561,2158,308,1401,2108,293,1196,2143,270,1127,2173,327,1226,2221
DHAY38F2P_mono_0157,108.3,0.11,UW,17,Cyan,2564,4500,306,1625,2394,311,1635,2226,306,1586,2113,292,1411,2299,275,1259,2179
DHAY38F2P_mono_0158,86.2,0.04,AY,7,Magenta,2565,5571,510,1375,2432,502,1470,2256,483,1563,2311,464,1683,2383,404,1732,2385
DHAY38F2P_mono_0159,82.9,0.058,IH,11,Teal,2566,5929,349,1817,2605,341,1801,2827,346,1824,2515,354,1817,2239,356,1546,1952
DHAY38F2P_mono_0160,81.3,0.048,AH,3,Black,2567,4857,377,1220,2416,381,1284,2363,364,1292,2193,347,1283,2370,329,1273,2356
DHAY38F2P_mono_0161,75.4,0.038,AH,3,Black,2568,4857,391,1370,2475,392,1428,2463,387,1393,2440,379,1425,2486,369,1458,2484
DHAY38F2P_mono_0162,74.8,0.07,AW,5,Olive,2569,4857,672,1381,2526,687,1323,2454,688,1300,2431,692,1287,2417,710,1333,2385
DHAY38F2P_mono_0163,75.1,0.028,AH,3,Black,2570,5571,411,1349,2425,474,1339,2201,440,1328,2281,356,1319,2405,324,1306,2413
DHAY38F2P_mono_0164,80.5,0.08,EH,8,Black,2571,7000,648,1392,3261,650,1429,3311,634,1504,3321,563,1591,3328,455,1666,3330
DHAY38F2P_mono_0165,82.1,0.04,AH,3,Black,2572,4500,588,1345,2352,619,1322,2308,671,1315,2332,676,1251,2304,643,1182,2275
DHAY38F2P_mono_0166,77.3,0.048,AH,3,Black,2573,5571,363,1202,2301,372,1231,2311,415,1318,2361,459,1474,2363,321,1417,2393
DHAY38F2P_mono_0167,0,0.038,IY,13,Pink,2574,6286,284,2208,3120,296,2200,3041,275,2107,3099,272,2124,3112,300,2091,3166
DHAY38F2P_mono_0168,95.9,0.07,AY,7,Magenta,2575,4857,783,1328,2017,792,1316,2142,718,1407,2379,711,1504,2395,697,1623,2574
DHAY38F2P_mono_0169,93.3,0.098,AE,2,Blue,2576,5214,507,1418,2512,625,1397,2516,649,1370,2474,632,1379,2452,587,1344,2491
DHAY38F2P_mono_0170,97.7,0.038,AH,3,Black,2577,5929,537,1355,2488,530,1364,2449,490,1356,2488,460,1341,2522,422,1315,2557
DHAY38F2P_mono_0171,94.3,0.09,ER,9,Lime,2578,4500,366,1429,1896,367,1448,1868,372,1436,1873,376,1429,1856,380,1459,1848
DHAY38F2P_mono_0172,88.8,0.05,AH,3,Black,2579,4500,406,1445,1848,376,1444,1830,346,1449,1927,339,1466,2048,315,1503,2169
DHAY38F2P_mono_0173,79.6,0.158,IY,13,Pink,2580,6643,296,1867,3004,289,1857,3035,297,1861,3078,296,1900,3099,284,1887,3233
DHAY38F2P_mono_0174,95.1,0.048,IH,11,Teal,2581,5571,396,1394,2362,378,1464,2413,366,1511,2401,336,1519,2445,330,1528,2280
DHAY38F2P_mono_0175,97.5,0.07,UW,17,Cyan,2582,4500,324,1312,1931,333,1250,2006,345,1179,2014,343,1152,1979,350,1139,1989
DHAY38F2P_mono_0176,90.2,0.048,AH,3,Black,2583,5571,351,1131,1971,346,1099,1944,323,1080,2006,337,1028,2066,329,984,2118
DHAY38F2P_mono_0177,75.1,0.13,IY,13,Pink,2584,4857,315,1835,2013,286,1838,2296,285,1864,2459,281,1868,2604,286,1832,2585
DHAY38F2P_mono_0178,80.4,0.068,AA,1,Red,2585,5571,543,805,2846,601,879,2813,638,973,2702,595,1119,2434,504,1233,2349
DHAY38F2P_mono_0179,81.6,0.09,AH,3,Black,2586,4857,557,1370,2359,546,1401,2285,460,1552,2246,407,1647,1876,325,1875,2231
DHAY38F2P_mono_0180,80.7,0.05,EH,8,Black,2587,7000,416,1776,3208,473,1621,2882,504,1501,3126,499,1389,3036,530,1316,2943
DHAY38F2P_mono_0181,90.2,0.048,OW,14,Maroon,2588,5571,444,1022,3119,449,1023,3062,444,1014,2948,430,971,2885,375,1026,2900
DHAY38F2P_mono_0182,79.3,0.07,UW,17,Cyan,2589,4857,343,1599,2565,353,1482,2500,339,1471,2554,319,1352,2460,299,1335,2383
DHAY38F2P_mono_0183,77.1,0.028,IH,11,Teal,2590,5571,430,1674,2534,447,1613,2564,433,1621,2653,428,1607,2724,411,1594,2734
DHAY38F2P_mono_0184,0,0.04,IH,11,Teal,2591,4500,919,1718,2370,816,1639,2447,660,1662,2223,730,1624,2256,571,1575,2098
DHAY38F2P_mono_0185,69,0.05,AH,3,Black,2592,4500,473,1526,2236,647,1519,2263,680,1403,2341,670,1398,2324,366,1364,2302
DHAY38F2P_mono_0186,80.1,0.08,AW,5,Olive,2593,7000,851,1305,3897,764,1177,3813,720,1125,3778,811,1162,3968,927,1641,4471
DHAY38F2P_mono_0187,73.9,0.078,ER,9,Lime,2594,5571,585,1081,1697,546,1096,1594,530,1102,1607,516,1056,1691,495,1064,1910
DHAY38F2P_mono_0188,61.5,0.068,AY,7,Magenta,2595,5214,343,1014,2385,596,1258,2388,747,1280,2408,746,1376,2387,664,1421,2390
DHAY38F2P_mono_0189,97.8,0.048,IH,11,Teal,2596,4857,299,1429,1789,286,1580,1818,270,1693,1846,284,1699,1859,289,1664,1849
DHAY38F2P_mono_0190,80.2,0.028,AO,4,Green,2597,5571,523,756,2330,639,732,2302,521,794,2245,560,798,2145,476,811,2196
DHAY38F2P_mono_0191,84.5,0.06,AA,1,Red,2598,4500,654,1068,2378,691,1174,2284,705,1201,2319,747,1218,2365,760,1298,2244
DHAY38F2P_mono_0192,95.1,0.038,AH,3,Black,2599,4857,208,1452,1648,209,1373,1635,233,1452,2066,557,1550,2511,641,1630,2449
DHAY38F2P_mono_0193,106.5,0.098,IY,13,Pink,2600,4857,301,1800,2244,268,1830,2226,234,1644,2204,212,1312,2030,187,1521,2231
DHAY38F2P_mono_0194,82.5,0.04,AA,1,Red,2601,4500,813,1195,2378,817,1214,2433,846,1284,2454,839,1263,2430,808,1261,2446
DHAY38F2P_mono_0195,92,0.048,AH,3,Black,2602,4857,486,1298,2479,461,1257,2318,454,1198,2309,467,1034,2274,456,948,2252
DHAY38F2P_mono_0196,78.1,0.12,ER,9,Lime,2603,4500,444,1006,1686,417,1244,1635,385,1283,1615,351,1402,1674,352,1507,1954
EXP3918FP_mono_0001,143,0.178,OW,14,Maroon,2604,5929,490,1395,2697,502,1318,2645,453,1266,2601,439,1213,2580,428,1268,2528
EXP3918FP_mono_0002,167.4,0.03,IH,11,Teal,2605,5929,467,1549,2509,471,1545,2473,464,1541,2479,456,1551,2550,442,1595,2568
EXP3918FP_mono_0003,166.3,0.028,AO,4,Green,2606,5571,641,882,2404,622,882,2396,592,887,2408,605,936,2478,627,1015,2282
EXP3918FP_mono_0004,113.4,0.08,IH,11,Teal,2607,5214,580,1664,2518,616,1686,2411,638,1763,2362,662,1858,2347,641,1875,2204
EXP3918FP_mono_0005,116.6,0.06,AY,7,Magenta,2608,4857,698,1511,2223,702,1487,2278,718,1445,2272,695,1378,2308,629,1283,2336
EXP3918FP_mono_0006,115.2,0.09,OW,14,Maroon,2609,4857,484,1101,2454,476,1070,2488,474,1052,2456,463,1044,2421,436,1040,2437
EXP3918FP_mono_0007,117.4,0.05,AH,3,Black,2610,5929,504,1430,2352,518,1354,2391,518,1250,2379,491,1152,2407,440,1106,2442
EXP3918FP_mono_0008,102.7,0.15,EY,10,Purple,2611,5214,499,1627,2516,473,1791,2470,450,1850,2532,430,2029,2695,429,1915,2699
EXP3918FP_mono_0009,120.6,0.058,IY,13,Pink,2612,5929,383,2166,2870,382,2216,3079,369,2291,3140,366,2232,3168,364,2218,3103
EXP3918FP_mono_0010,119,0.05,IY,13,Pink,2613,5929,353,2172,3023,383,2166,2965,394,2137,2862,401,2083,2780,432,1979,2505
EXP3918FP_mono_0011,112.9,0.06,IY,13,Pink,2614,6286,354,1984,2339,341,2047,2510,345,2107,2695,334,2173,2775,326,2232,2827
EXP3918FP_mono_0012,112.4,0.038,AH,3,Black,2615,6286,551,1523,2771,577,1482,2757,595,1461,2765,558,1441,2748,512,1416,2741
EXP3918FP_mono_0013,99,0.068,AY,7,Magenta,2616,5214,679,1428,2511,686,1523,2511,601,1647,2383,549,1733,2629,463,1746,2668
EXP3918FP_mono_0014,108.3,0.08,OW,14,Maroon,2617,5214,631,1313,2566,599,1195,2614,552,1089,2573,541,995,2663,520,956,2692
EXP3918FP_mono_0015,103.5,0.07,AA,1,Red,2618,4857,544,982,2610,575,1008,2580,584,1079,2500,589,1167,2561,584,1357,2657
EXP3918FP_mono_0016,111,0.07,EH,8,Black,2619,4857,556,1529,2014,638,1523,2144,659,1511,2225,649,1558,2355,611,1578,2465
EXP3918FP_mono_0017,223.7,0.17,ER,9,Lime,2620,7000,486,1669,2880,500,1672,2927,517,1683,3091,486,1656,3058,285,1669,3158
EXP3918FP_mono_0018,101,0.06,EY,10,Purple,2621,7000,500,1755,3280,496,1787,3245,491,1870,3189,486,1892,3106,470,1844,3049
EXP3918FP_mono_0019,97,0.098,AA,1,Red,2622,5571,614,1358,2772,680,1317,2757,697,1305,2544,670,1325,2258,645,1338,2164
EXP3918FP_mono_0020,116.6,0.178,AY,7,Magenta,2623,5214,575,1596,2200,557,1690,2511,504,1715,2648,509,1881,2677,484,1793,2664
EXP3918FP_mono_0021,113.4,0.05,AY,7,Magenta,2624,7000,702,1578,3007,685,1612,2937,637,1718,2774,569,1784,2700,513,1851,2663
EXP3918FP_mono_0022,114.1,0.04,AH,3,Black,2625,5571,513,1436,1722,508,1362,1706,485,1265,1711,469,1193,1733,453,1115,1737
EXP3918FP_mono_0023,117.9,0.038,AH,3,Black,2626,5929,581,1237,2640,570,1214,2668,572,1217,2695,556,1228,2709,456,1222,2711
EXP3918FP_mono_0024,113.6,0.048,IH,11,Teal,2627,6286,549,1573,2393,560,1674,2360,555,1757,2309,544,1831,2262,547,1991,2249
EXP3918FP_mono_0025,116.8,0.09,AE,2,Blue,2628,5571,867,1694,2616,857,1649,2575,854,1591,2571,860,1543,2696,798,1507,2698
EXP3918FP_mono_0026,106.5,0.11,AA,1,Red,2629,6286,748,1204,2940,861,1254,2847,825,1382,3253,739,1473,2855,666,1579,2763
EXP3918FP_mono_0027,110.4,0.09,AH,3,Black,2630,4857,428,1726,2655,456,1733,2498,437,1694,2584,442,1702,2628,435,1741,2642
EXP3918FP_mono_0028,106.6,0.08,AE,2,Blue,2631,5214,543,1593,1820,624,1555,1898,671,1543,2030,670,1514,2239,594,1438,2126
EXP3918FP_mono_0029,110.7,0.038,EH,8,Black,2632,6286,488,1448,2112,490,1425,2123,498,1405,2182,495,1393,2138,475,1363,2116
EXP3918FP_mono_0030,0,0.04,ER,9,Lime,2633,4500,436,1410,1677,456,1462,1742,467,1479,1788,440,1520,1772,432,1586,1851
EXP3918FP_mono_0031,147.6,0.06,ER,9,Lime,2634,4500,449,1493,1674,453,1478,1765,469,1484,1740,491,1486,1795,468,1447,1836
EXP3918FP_mono_0032,113.3,0.098,IY,13,Pink,2635,4500,467,1637,2218,420,1239,2378,422,1340,2631,410,1235,2691,380,1018,2442
EXP3918FP_mono_0033,118.6,0.138,IH,11,Teal,2636,6643,485,1898,2784,503,1917,2846,511,1910,2912,500,1877,2916,412,1899,3000
EXP3918FP_mono_0034,107.7,0.048,EH,8,Black,2637,6286,645,1649,2815,688,1694,2780,671,1703,2669,655,1718,2730,618,1720,2771
EXP3918FP_mono_0035,229.6,0.048,IH,11,Teal,2638,6286,476,1728,2724,477,1687,2730,475,1736,2736,448,1735,2773,437,1666,2766
EXP3918FP_mono_0036,103.8,0.128,AW,5,Olive,2639,5929,651,1666,2816,701,1643,2777,729,1576,2738,715,1552,2708,690,1522,2666
EXP3918FP_mono_0037,148.3,0.058,AY,7,Magenta,2640,5929,578,1649,2370,664,1577,2463,681,1543,2538,647,1530,2629,624,1534,2701
EXP3918FP_mono_0038,151.3,0.05,UH,16,Silver,2641,6643,483,1278,2822,494,1339,2770,485,1443,2675,454,1529,2607,409,1545,2517
EXP3918FP_mono_0039,104.4,0.13,IH,11,Teal,2642,7000,346,2021,2982,326,2284,3111,325,2182,3101,366,2141,2988,428,1893,2973
EXP3918FP_mono_0040,106.2,0.05,AY,7,Magenta,2643,5214,562,1416,2737,551,1498,2646,519,1558,2527,477,1645,2421,431,1706,2346
EXP3918FP_mono_0041,152.1,0.09,AE,2,Blue,2644,5214,524,1623,2449,546,1605,2591,548,1661,2651,513,1646,2629,481,1665,2697
EXP3918FP_mono_0042,112.8,0.068,EY,10,Purple,2645,5214,463,1761,2691,463,1818,2687,447,1875,2668,442,1882,2640,426,1864,2649
EXP3918FP_mono_0043,107.4,0.04,AH,3,Black,2646,4500,442,1654,2401,439,1593,2383,434,1515,2332,430,1470,2351,418,1449,2341
EXP3918FP_mono_0044,118.4,0.11,UW,17,Cyan,2647,4500,366,1450,2416,375,1448,2392,370,1362,2372,361,1311,2360,320,1270,2353
EXP3918FP_mono_0045,107.6,0.09,EY,10,Purple,2648,4857,446,1593,1941,474,1676,2011,478,1710,2111,466,1725,2661,462,1678,2772
EXP3918FP_mono_0046,105.2,0.04,EY,10,Purple,2649,7000,565,1962,3249,524,2100,3349,488,2229,3515,483,2261,3657,467,2302,3812
EXP3918FP_mono_0047,105.8,0.05,EH,8,Black,2650,4500,564,1271,1516,566,1300,1546,557,1309,1578,523,1269,1611,484,1279,1626
EXP3918FP_mono_0048,0,0.03,AH,3,Black,2651,4500,573,1665,2361,379,1400,2317,388,1311,2559,397,1240,2620,410,1199,2587
EXP3918FP_mono_0049,101.1,0.058,AW,5,Olive,2652,5214,646,1384,2584,664,1398,2635,681,1425,2650,672,1451,2656,640,1499,2662
EXP3918FP_mono_0050,0,0.05,AH,3,Black,2653,4500,528,1504,2090,492,1428,1854,463,1332,1658,443,1261,1523,441,1223,1516
EXP3918FP_mono_0051,110.1,0.09,EY,10,Purple,2654,7000,630,1654,2596,592,1760,2812,568,1871,2757,503,2005,2792,430,1915,2650
EXP3918FP_mono_0052,97.1,0.06,ER,9,Lime,2655,6286,521,1718,2773,495,1708,2475,497,1679,2567,417,1619,2743,465,1636,2664
EXP3918FP_mono_0053,142.5,0.05,AA,1,Red,2656,7000,671,1302,2948,728,1301,2914,795,1295,2906,782,1286,2880,705,1268,2828
EXP3918FP_mono_0054,136.5,0.028,AY,7,Magenta,2657,4857,554,1268,2356,562,1305,2412,563,1330,2481,569,1347,2506,561,1339,2548
EXP3918FP_mono_0055,122.7,0.04,AH,3,Black,2658,5214,506,1491,2450,503,1553,2371,482,1641,2276,460,1670,2302,470,1656,2351
EXP3918FP_mono_0056,127.2,0.04,AO,4,Green,2659,5571,538,929,2516,544,918,2518,586,936,2561,638,959,2586,672,969,2590
EXP3918FP_mono_0057,129,0.028,ER,9,Lime,2660,4857,462,1449,1743,460,1469,1944,473,1460,1984,456,1486,2274,402,1491,2534
EXP3918FP_mono_0058,108.6,0.048,AE,2,Blue,2661,6286,686,1528,2038,701,1469,2115,722,1433,2096,730,1427,2167,737,1344,2241
EXP3918FP_mono_0059,0,0.03,AH,3,Black,2662,5929,426,1506,2289,437,1515,2297,428,1575,2307,425,1607,2255,416,1627,2234
EXP3918FP_mono_0060,109.9,0.068,OW,14,Maroon,2663,5571,509,1502,2423,486,1483,2445,478,1471,2442,454,1471,2427,434,1520,2468
EXP3918FP_mono_0061,135,0.12,EY,10,Purple,2664,5214,482,1708,2530,498,1777,2642,507,1910,2661,430,1976,2551,392,2071,2368
EXP3918FP_mono_0062,0,0.038,AH,3,Black,2665,5929,429,1479,2248,443,1367,2288,463,1281,2407,468,1219,2445,473,1154,2508
EXP3918FP_mono_0063,92.3,0.038,AH,3,Black,2666,6286,539,1221,2645,562,1307,2654,570,1374,2628,594,1447,2637,585,1476,2654
EXP3918FP_mono_0064,89.6,0.09,AO,4,Green,2667,4500,643,1159,2376,610,1070,2369,631,957,2419,636,972,2437,636,1084,2155
EXP3918FP_mono_0065,106.9,0.028,AH,3,Black,2668,4857,550,1360,1791,521,1387,1702,504,1441,1687,472,1469,1703,434,1483,1690
EXP3918FP_mono_0066,71.4,0.11,UW,17,Cyan,2669,4500,374,1750,2094,372,1766,2175,374,1686,2244,398,1684,2265,417,1704,2354
EXP3918FP_mono_0067,108.2,0.04,ER,9,Lime,2670,5214,462,1189,1785,478,1254,1725,508,1328,1728,548,1362,1718,597,1406,1798
EXP3918FP_mono_0068,106.8,0.06,AW,5,Olive,2671,4857,672,1392,1917,667,1341,1826,701,1345,2102,703,1372,2180,657,1354,2212
EXP3918FP_mono_0069,0,0.03,AH,3,Black,2672,5929,504,1461,2035,524,1359,2032,511,1344,2000,467,1321,2072,466,1310,2196
EXP3918FP_mono_0070,88.6,0.21,OW,14,Maroon,2673,4857,548,1303,2442,526,1286,2507,470,1156,2499,440,1099,2442,427,1186,2379
EXP3918FP_mono_0071,119.1,0.04,AE,2,Blue,2674,5571,567,1739,2267,606,1733,2321,608,1744,2283,569,1725,2318,538,1767,2410
EXP3918FP_mono_0072,112.2,0.09,OW,14,Maroon,2675,5571,476,1690,2327,475,1559,2204,469,1465,2188,437,1299,2195,392,1237,2210
EXP3918FP_mono_0073,0,0.048,IH,11,Teal,2676,6286,440,1962,2851,475,1986,2823,463,1998,2762,461,1927,2706,456,1880,2590
EXP3918FP_mono_0074,116,0.06,AH,3,Black,2677,6286,641,1140,2895,692,1211,2963,680,1297,2929,658,1415,2880,605,1531,2847
EXP3918FP_mono_0075,139.1,0.13,EY,10,Purple,2678,6286,477,1919,2728,479,1994,2712,439,2068,2778,436,2135,2845,479,2115,2857
EXP3918FP_mono_0076,101.2,0.088,EH,8,Black,2679,6643,517,2110,2889,554,1918,2873,670,1844,2841,667,1746,2728,626,1770,2717
EXP3918FP_mono_0077,106.6,0.07,ER,9,Lime,2680,4500,445,1695,2007,434,1649,1971,423,1648,1898,400,1648,1886,404,1704,1881
EXP3918FP_mono_0078,94.9,0.238,IY,13,Pink,2681,5214,358,2017,2869,373,2064,2903,388,2014,2876,482,2011,2753,471,1927,2725
EXP3918FP_mono_0079,64.9,0.05,AE,2,Blue,2682,5214,619,1804,2688,672,1690,2660,664,1693,2707,699,1605,2709,682,1563,2673
EXP3918FP_mono_0080,104.7,0.058,AY,7,Magenta,2683,6643,795,1579,2682,764,1586,2595,766,1604,2650,744,1654,2664,753,1689,2712
EXP3918FP_mono_0081,103.2,0.11,AE,2,Blue,2684,6286,830,1568,2608,868,1536,2616,841,1503,2649,804,1456,2659,767,1404,2649
EXP3918FP_mono_0082,96.7,0.18,AE,2,Blue,2685,5571,835,1346,2636,844,1478,2465,834,1518,2367,823,1515,2628,749,1500,2642
EXP3918FP_mono_0083,232.5,0.068,AH,3,Black,2686,5214,479,1673,2388,489,1642,2417,470,1578,2459,439,1555,2477,433,1541,2507
EXP3918FP_mono_0084,68.5,0.148,AE,2,Blue,2687,6286,505,1933,2763,607,1770,2785,649,1692,2719,644,1648,2776,590,1642,2703
EXP3918FP_mono_0085,107.4,0.26,UW,17,Cyan,2688,4500,464,1452,1737,469,1490,2088,474,1385,2167,539,1135,2357,655,1019,2527
EXP3918FP_mono_0086,0,0.03,AY,7,Magenta,2689,6643,629,1667,2946,517,1690,2937,472,1661,2966,464,1700,2958,405,1758,2951
EXP3918FP_mono_0087,142.9,0.04,UH,16,Silver,2690,5214,442,1703,2565,441,1746,2470,438,1752,2381,430,1756,2359,405,1764,2355
EXP3918FP_mono_0088,139.6,0.028,AH,3,Black,2691,4857,407,1751,2221,427,1710,2202,433,1737,2234,435,1760,2356,430,1762,2398
EXP3918FP_mono_0089,165.4,0.058,IY,13,Pink,2692,5929,415,1920,2668,373,2043,2779,349,2194,3026,348,2259,3170,353,2313,3159
EXP3918FP_mono_0090,171.7,0.048,AH,3,Black,2693,4857,524,1459,2659,535,1417,2601,525,1278,2457,513,1179,2492,479,1118,2432
EXP3918FP_mono_0091,105.3,0.038,IH,11,Teal,2694,5929,521,1368,2390,531,1489,2373,552,1544,2391,544,1588,2449,519,1593,2457
EXP3918FP_mono_0092,116.7,0.098,OW,14,Maroon,2695,4857,571,1504,2415,558,1475,2415,545,1441,2415,511,1403,2438,490,1408,2501
EXP3918FP_mono_0093,103.6,0.028,OW,14,Maroon,2696,5214,537,1100,2061,552,1077,2122,557,1053,2187,550,1035,2230,554,1024,2401
EXP3918FP_mono_0094,124.9,0.068,AY,7,Magenta,2697,5214,715,1275,2546,738,1418,2582,687,1493,2572,641,1532,2543,588,1532,2342
EXP3918FP_mono_0095,71.7,0.12,OW,14,Maroon,2698,5214,575,1280,2235,625,1264,2336,656,1215,2398,650,1194,2459,633,1277,2462
EXP3918FP_mono_0096,100,0.048,OW,14,Maroon,2699,6286,591,1354,2398,599,1273,2401,590,1203,2364,556,1131,2363,536,1019,2369
EXP3918FP_mono_0097,112.5,0.05,ER,9,Lime,2700,4500,514,1175,1852,528,1230,1768,536,1281,1737,518,1310,1740,482,1330,1762
EXP3918FP_mono_0098,115.5,0.038,ER,9,Lime,2701,4857,494,1436,1830,490,1454,1826,468,1499,1960,453,1506,2021,420,1512,1922
EXP3918FP_mono_0099,101.9,0.03,AH,3,Black,2702,6643,560,1316,2537,544,1371,2546,505,1391,2501,480,1405,2505,437,1436,2568
EXP3918FP_mono_0100,108.4,0.168,EY,10,Purple,2703,5571,495,1578,2562,518,1676,2539,501,1715,2473,471,1745,2437,490,1799,2449
EXP3918FP_mono_0101,129.1,0.11,ER,9,Lime,2704,4500,409,1499,1821,436,1346,1688,430,1196,1663,460,1202,1654,505,1198,1439
EXP3918FP_mono_0102,151.2,0.1,AE,2,Blue,2705,5929,638,1455,1687,797,1522,2123,835,1528,2522,825,1576,2875,571,1559,2811
EXP3918FP_mono_0103,216.8,0.038,IH,11,Teal,2706,5929,424,1673,2561,449,1664,2566,437,1644,2520,443,1642,2486,467,1647,2498
EXP3918FP_mono_0104,104.6,0.07,OW,14,Maroon,2707,4500,485,1407,2269,492,1276,2150,476,1177,2259,470,1076,2309,451,1007,2307
EXP3918FP_mono_0105,102.6,0.038,AH,3,Black,2708,6286,404,1628,2487,442,1707,2526,439,1754,2563,413,1751,2609,382,1747,2644
EXP3918FP_mono_0106,232.2,0.068,AE,2,Blue,2709,5214,446,1646,2694,449,1655,2693,472,1659,2691,484,1661,2647,471,1684,2651
EXP3918FP_mono_0107,116.3,0.058,UW,17,Cyan,2710,5214,401,2048,2592,404,2064,2534,368,2075,2441,351,2052,2366,330,1857,2320
EXP3918FP_mono_0108,69.3,0.038,IH,11,Teal,2711,4857,465,1396,2267,416,1541,2491,419,1606,2488,415,1651,2352,374,1649,2424
EXP3918FP_mono_0109,171.2,0.12,AA,1,Red,2712,6643,658,1147,3472,761,1126,3392,755,1122,3342,786,1050,3463,598,1091,3275
EXP3918FP_mono_0110,161.6,0.04,IY,13,Pink,2713,5214,409,1763,2612,397,1854,2614,374,1936,2607,379,1883,2522,394,1803,2414
EXP3918FP_mono_0111,114.2,0.03,OW,14,Maroon,2714,5929,472,1188,1619,470,1197,1619,474,1458,1696,459,1418,2937,433,1505,2928
EXP3918FP_mono_0112,142.4,0.12,AW,5,Olive,2715,6643,693,1449,2677,794,1479,2889,798,1465,2898,817,1374,2737,715,1345,2756
EXP3918FP_mono_0113,243,0.04,AH,3,Black,2716,6643,534,1522,2825,519,1527,2809,516,1538,2827,484,1541,2791,484,1550,2751
EXP3918FP_mono_0114,95.7,0.208,AY,7,Magenta,2717,5929,835,1442,2631,831,1422,2606,742,1461,2528,640,1587,2488,673,1632,2460
EXP3918FP_mono_0115,122.7,0.058,AE,2,Blue,2718,5214,865,1479,2737,827,1479,2683,795,1476,2681,748,1490,2631,656,1485,2489
EXP3918FP_mono_0116,110.8,0.028,UW,17,Cyan,2719,4857,359,1723,2190,355,1681,2161,341,1570,2139,306,1502,2155,258,1530,2102
EXP3918FP_mono_0117,112.1,0.08,AY,7,Magenta,2720,5214,549,1289,2467,590,1419,2429,575,1545,2384,532,1650,2448,466,1720,2463
EXP3918FP_mono_0118,0,0.028,AH,3,Black,2721,4857,489,1583,2533,325,1559,2616,300,1555,2654,297,1552,2808,231,1549,3001
EXP3918FP_mono_0119,116,0.028,AH,3,Black,2722,4857,537,1434,2660,556,1370,2581,513,1326,2605,429,1294,2599,378,1233,2618
EXP3918FP_mono_0120,107,0.048,IH,11,Teal,2723,5571,449,1718,2481,446,1820,2433,424,2016,2434,414,2114,2455,413,2241,2392
EXP3918FP_mono_0121,116.2,0.12,EY,10,Purple,2724,5929,421,1980,2515,433,2030,2723,424,2060,2801,368,2128,2869,315,2190,2944
EXP3918FP_mono_0122,97.1,0.088,IY,13,Pink,2725,6643,350,2093,2545,346,2153,2723,366,2185,2825,430,2092,2825,469,2021,2824
EXP3918FP_mono_0123,202.2,0.098,EH,8,Black,2726,5214,493,1787,2596,507,1745,2608,494,1732,2494,477,1762,2348,413,1856,2243
EXP3918FP_mono_0124,118.3,0.128,EY,10,Purple,2727,5214,438,1892,2682,434,1925,2657,451,1917,2613,465,1906,2599,418,1755,2323
EXP3918FP_mono_0125,111.7,0.09,AY,7,Magenta,2728,5214,801,1464,2727,767,1511,2703,698,1540,2561,665,1582,2385,575,1479,2279
EXP3918FP_mono_0126,111.4,0.078,AA,1,Red,2729,6286,751,844,2679,781,960,2746,791,1095,2730,774,1238,2684,738,1403,2632
EXP3918FP_mono_0127,163.6,0.05,ER,9,Lime,2730,6643,462,1619,2794,464,1629,2813,466,1650,2758,460,1669,2716,363,1658,2709
EXP3918FP_mono_0128,0,0.028,AH,3,Black,2731,4857,513,1513,2730,503,1496,2724,426,1430,2694,420,1407,2620,332,1347,2569
EXP3918FP_mono_0129,90.4,0.038,AH,3,Black,2732,5929,512,1333,2718,491,1319,2710,481,1286,2674,465,1279,2637,440,1254,2664
EXP3918FP_mono_0130,0,0.038,AA,1,Red,2733,6286,643,1100,2414,680,1128,2361,699,1175,2267,693,1189,2226,687,1244,2178
EXP3918FP_mono_0131,136.4,0.04,IH,11,Teal,2734,5214,443,2102,2745,429,2011,2642,412,1967,2688,405,1875,2646,350,1802,2575
EXP3918FP_mono_0132,128.7,0.048,UW,17,Cyan,2735,5571,313,2058,2558,316,2078,2587,301,1989,2237,305,1597,2264,329,1434,2244
EXP3918FP_mono_0133,116.1,0.128,AY,7,Magenta,2736,5214,610,1226,2574,745,1313,2618,776,1403,2577,798,1481,2554,789,1567,2486
EXP3918FP_mono_0134,136.2,0.098,UW,17,Cyan,2737,4857,319,1657,2022,329,1483,2099,348,1409,2086,340,1479,2111,327,1578,2109
EXP3918FP_mono_0135,113.5,0.068,ER,9,Lime,2738,5214,430,1574,2056,447,1536,2035,446,1543,1993,442,1559,1974,433,1616,1973
EXP3918FP_mono_0136,112.6,0.06,EH,8,Black,2739,5571,468,1753,2487,481,1661,2441,525,1532,2479,560,1433,2558,557,1362,2578
EXP3918FP_mono_0137,112.2,0.06,IH,11,Teal,2740,5571,480,1492,2472,475,1652,2424,456,1791,2372,435,1929,2344,425,1873,2345
EXP3918FP_mono_0138,148.3,0.12,UW,17,Cyan,2741,4500,290,1765,2068,312,1557,2027,311,1199,2001,293,1030,2001,284,978,2021
EXP3918FP_mono_0139,138.8,0.098,UW,17,Cyan,2742,4857,283,1698,2229,281,1509,2108,286,1209,2049,283,1108,2097,280,993,2127
EXP3918FP_mono_0140,112.2,0.058,AH,3,Black,2743,5214,454,1495,2470,462,1468,2503,463,1467,2547,453,1478,2559,445,1503,2617
EXP3918FP_mono_0141,123.1,0.108,AW,5,Olive,2744,5929,637,1521,2755,788,1562,2717,835,1540,2623,805,1412,2470,778,1415,2474
EXP3918FP_mono_0142,98.9,0.07,EH,8,Black,2745,4857,599,1585,2469,607,1613,2453,594,1681,2377,555,1714,2285,479,1737,2203
EXP3918FP_mono_0143,104.8,0.078,AH,3,Black,2746,5571,464,1504,2433,480,1510,2500,510,1528,2544,491,1506,2569,479,1495,2519
EXP3918FP_mono_0144,117.3,0.048,AH,3,Black,2747,6286,563,1397,2799,614,1394,2804,622,1337,2797,615,1280,2756,562,1223,2706
EXP3918FP_mono_0145,102.8,0.028,AH,3,Black,2748,4857,383,1439,2408,460,1559,2487,500,1658,2534,500,1676,2515,481,1631,2550
EXP3918FP_mono_0146,108,0.17,IY,13,Pink,2749,6286,304,2140,3071,278,2079,3229,284,2028,3148,294,2105,3108,336,2111,2913
EXP3918FP_mono_0147,130,0.058,AE,2,Blue,2750,5929,645,1541,2811,707,1527,2774,716,1523,2747,695,1517,2740,639,1499,2637
EXP3918FP_mono_0148,118.7,0.028,AH,3,Black,2751,5571,475,1447,2643,541,1426,2672,541,1441,2679,522,1446,2691,506,1448,2682
EXP3918FP_mono_0149,115.6,0.06,ER,9,Lime,2752,5571,482,1539,2269,480,1536,2164,476,1519,1991,470,1501,1951,466,1510,1897
EXP3918FP_mono_0150,108.5,0.048,AH,3,Black,2753,4857,453,1529,1905,437,1547,1889,428,1556,1834,412,1572,1844,416,1548,1896
EXP3918FP_mono_0151,120.7,0.218,IY,13,Pink,2754,6286,431,1755,2159,394,1934,2731,372,2081,2844,381,2139,2818,327,2297,3121
EXP3918FP_mono_0152,113.7,0.04,IH,11,Teal,2755,5571,459,1550,2476,458,1591,2478,454,1628,2506,438,1626,2531,391,1580,2673
EXP3918FP_mono_0153,112.9,0.082,AH,3,Black,2756,5214,455,1388,2528,415,1406,2451,377,1422,2487,328,1388,2496,261,1270,2524
EXP3918FP_mono_0154,105.8,0.158,IY,13,Pink,2757,6643,364,1777,2832,360,2037,2887,342,2157,3026,344,2165,2994,357,2059,2902
EXP3918FP_mono_0155,120.9,0.028,AH,3,Black,2758,4857,500,1540,2468,510,1542,2440,513,1541,2578,497,1503,2604,456,1477,2597
EXP3918FP_mono_0156,115.9,0.058,AA,1,Red,2759,5929,660,1119,2666,676,1192,2651,679,1271,2607,624,1364,2549,521,1410,2486
EXP3918FP_mono_0157,115.6,0.05,EH,8,Black,2760,7000,481,1972,2784,487,1781,2731,502,1683,2720,510,1494,2722,483,1333,2750
EXP3918FP_mono_0158,113.8,0.07,OW,14,Maroon,2761,4857,495,1175,2721,507,1195,2703,482,1176,2641,456,1132,2596,435,1081,2573
EXP3918FP_mono_0159,121.9,0.09,UW,17,Cyan,2762,4500,418,1576,2447,460,1581,2417,481,1534,2374,488,1522,2348,489,1537,2210
EXP3918FP_mono_0160,232.1,0.05,IH,11,Teal,2763,6643,433,2143,2921,470,2077,2872,502,2043,2926,494,1999,3041,477,1953,3138
EXP3918FP_mono_0161,102,0.058,AE,2,Blue,2764,5929,743,1728,2652,701,1739,2621,674,1793,2553,651,1848,2469,572,1950,2448
EXP3918FP_mono_0162,90.2,0.03,AH,3,Black,2765,5929,458,1398,2343,513,1244,2439,532,1166,2605,516,1145,2632,481,1109,2660
EXP3918FP_mono_0163,68.3,0.04,AH,3,Black,2766,4500,486,1460,2432,564,1467,2374,552,1451,2361,474,1358,2357,468,1337,2410
EXP3918FP_mono_0164,0,0.138,AW,5,Olive,2767,6643,862,1495,2702,844,1444,2540,791,1314,2536,702,1177,2453,657,1155,2259
EXP3918FP_mono_0165,66.3,0.168,AY,7,Magenta,2768,5571,705,1180,2508,734,1265,2495,731,1392,2517,694,1519,2507,679,1559,2506
EXP3918FP_mono_0166,155.6,0.048,IH,11,Teal,2769,5571,404,1366,2031,404,1475,2012,401,1601,1991,408,1646,1992,426,1693,1967
EXP3918FP_mono_0167,118.8,0.058,AO,4,Green,2770,5214,607,976,2570,613,976,2589,608,981,2515,608,992,2509,600,1007,2459
EXP3918FP_mono_0168,70.1,0.09,IH,11,Teal,2771,4857,592,1659,2363,632,1702,2414,626,1721,2424,646,1802,2357,651,1880,2297
EXP3918FP_mono_0169,117,0.03,AH,3,Black,2772,6643,510,1348,2464,516,1372,2453,536,1392,2531,541,1404,2617,528,1427,2684
EXP3918FP_mono_0170,159.4,0.07,AA,1,Red,2773,6286,712,1315,2746,743,1253,2744,806,1209,2830,787,1195,2840,784,1185,2886
EXP3918FP_mono_0171,167.2,0.038,AH,3,Black,2774,4857,695,1423,2470,663,1450,2690,619,1472,2742,531,1482,2749,551,1484,2864
EXP3918FP_mono_0172,140,0.118,IY,13,Pink,2775,5571,421,1727,2473,394,2064,2763,387,2088,2879,308,1997,2765,267,2133,2913
EXP3918FP_mono_0173,150.3,0.05,AA,1,Red,2776,6643,617,1256,2026,653,1213,2162,700,1254,2359,663,1232,2516,626,1183,2522
EXP3918FP_mono_0174,84.9,0.048,AH,3,Black,2777,4857,576,1288,2495,540,1229,2435,519,1121,2359,488,1038,2316,453,933,2331
EXP3918FP_mono_0175,219.7,0.138,ER,9,Lime,2778,5214,525,1280,1743,511,1315,1756,487,1325,1737,477,1389,1759,451,1434,1836
GE638AJD7_mono_0001,150.6,0.048,OW,14,Maroon,2779,5571,433,1664,2655,439,1621,2714,435,1564,2726,417,1511,2744,387,1498,2740
GE638AJD7_mono_0002,143.2,0.05,IH,11,Teal,2780,5214,333,1559,2756,357,1584,2806,373,1621,2820,376,1645,2900,306,1702,2898
GE638AJD7_mono_0003,131,0.068,AO,4,Green,2781,5214,398,1168,2500,477,939,2517,507,982,2498,502,962,2466,488,1060,2420
GE638AJD7_mono_0004,161.8,0.05,IH,11,Teal,2782,6643,483,1817,2904,456,1919,2852,440,1960,2952,455,2012,3020,477,2171,3088
GE638AJD7_mono_0005,178.7,0.048,AY,7,Magenta,2783,4857,556,1637,2671,549,1712,2648,529,1658,2582,518,1574,2515,503,1475,2528
GE638AJD7_mono_0006,116.3,0.09,OW,14,Maroon,2784,4500,401,961,2678,416,1007,2656,428,1005,2668,418,1017,2672,415,1002,2672
GE638AJD7_mono_0007,122.8,0.048,AH,3,Black,2785,4857,504,1484,2674,521,1436,2711,519,1349,2667,500,1286,2659,450,1264,2669
GE638AJD7_mono_0008,93.4,0.138,EY,10,Purple,2786,5214,541,1665,3066,477,1991,2972,455,2254,2902,440,2282,2935,410,2120,2915
GE638AJD7_mono_0009,0,0.028,AH,3,Black,2787,5571,564,1893,2861,571,1889,2893,554,1891,2905,550,1894,2985,535,1873,3060
GE638AJD7_mono_0010,98.2,0.038,AY,7,Magenta,2788,6286,526,1731,2840,533,1761,2897,537,1798,2884,540,1811,2911,540,1856,2932
GE638AJD7_mono_0011,99.3,0.09,IH,11,Teal,2789,5571,475,1878,2851,425,1958,2820,351,2028,2770,341,1985,2709,325,1910,2816
GE638AJD7_mono_0012,112.2,0.088,IY,13,Pink,2790,5929,334,2389,3044,351,2414,3098,324,2359,3026,305,2316,3012,315,2251,3016
GE638AJD7_mono_0013,133,0.028,IY,13,Pink,2791,4857,368,2044,2875,372,2042,2912,384,2012,2944,389,1991,2937,385,1957,2927
GE638AJD7_mono_0014,132.1,0.038,AH,3,Black,2792,5929,380,1901,2987,393,1861,2977,389,1797,2892,393,1833,2709,404,1703,2809
GE638AJD7_mono_0015,133.3,0.05,IY,13,Pink,2793,7000,390,1919,3508,390,2067,3463,391,2162,3636,384,2239,3741,357,2253,3801
GE638AJD7_mono_0016,105.4,0.07,AH,3,Black,2794,4500,540,1455,1835,615,1463,1862,598,1401,1777,543,1371,1756,480,1313,1657
GE638AJD7_mono_0017,98.4,0.06,AY,7,Magenta,2795,4500,573,1509,1644,564,1602,1784,537,1401,1906,506,1383,1977,381,1364,2046
GE638AJD7_mono_0018,101.2,0.048,OW,14,Maroon,2796,5571,531,1314,2548,553,1323,2454,573,1294,2422,582,1212,2299,581,1121,2413
GE638AJD7_mono_0019,88.7,0.068,AA,1,Red,2797,5571,613,1006,2505,633,926,2586,681,901,2643,661,1137,2620,641,1563,2623
GE638AJD7_mono_0020,0,0.05,EH,8,Black,2798,5214,671,1523,2020,685,1530,2058,686,1519,2062,679,1577,2324,727,1628,2445
GE638AJD7_mono_0021,166.9,0.09,ER,9,Lime,2799,5214,484,1688,2482,498,1551,2534,505,1587,2187,501,1571,2034,493,1598,2026
GE638AJD7_mono_0022,130.2,0.068,EY,10,Purple,2800,5214,432,1868,2320,442,2084,2408,407,2188,2587,388,2196,2618,373,2172,2699
GE638AJD7_mono_0023,0,0.048,AA,1,Red,2801,4857,558,1530,2211,609,1457,2127,624,1409,2094,657,1381,2046,669,1390,1976
GE638AJD7_mono_0024,101.3,0.12,AY,7,Magenta,2802,5929,600,1706,2286,590,1993,2447,516,2154,2685,451,2205,2924,366,2163,2972
GE638AJD7_mono_0025,117.8,0.068,AY,7,Magenta,2803,6643,823,1790,2566,695,1904,2574,594,2006,2627,497,2069,2803,405,2111,2808
GE638AJD7_mono_0026,132.4,0.05,AH,3,Black,2804,6643,640,1324,2470,658,1355,2641,645,1305,2811,640,1298,2948,582,1346,3029
GE638AJD7_mono_0027,142.1,0.04,AH,3,Black,2805,6643,490,1254,3345,546,1256,3362,581,1339,3472,527,1389,3258,388,1306,3063
GE638AJD7_mono_0028,154.4,0.05,IH,11,Teal,2806,5214,477,1698,3075,465,1863,3026,456,2050,2945,465,2168,2985,443,2320,2963
GE638AJD7_mono_0029,119.8,0.088,AE,2,Blue,2807,5929,793,1536,2647,846,1510,2430,851,1456,2365,769,1436,2119,568,1357,2009
GE638AJD7_mono_0030,97.3,0.108,AA,1,Red,2808,5929,616,998,2621,638,1138,2678,692,1243,2919,696,1307,2913,610,1427,2866
GE638AJD7_mono_0031,88.9,0.108,AH,3,Black,2809,4857,475,1839,2799,512,1821,2787,544,1717,2800,544,1684,2836,528,1763,2846
GE638AJD7_mono_0032,112.9,0.108,AE,2,Blue,2810,5929,678,1430,2402,800,1470,2520,829,1469,2597,771,1447,2636,645,1456,2688
GE638AJD7_mono_0033,135,0.028,AH,3,Black,2811,5214,460,1288,2768,459,1319,2800,469,1356,2808,493,1415,2805,512,1458,2828
GE638AJD7_mono_0034,135.7,0.07,EH,8,Black,2812,7000,537,1688,3134,569,1699,3188,614,1661,3269,615,1628,3287,570,1599,3229
GE638AJD7_mono_0035,134.6,0.05,ER,9,Lime,2813,7000,484,1491,3088,473,1497,3074,476,1524,3030,461,1509,3038,466,1542,3006
GE638AJD7_mono_0036,108.6,0.088,ER,9,Lime,2814,6643,523,1630,2946,514,1566,2949,512,1525,2955,494,1489,2945,474,1445,2910
GE638AJD7_mono_0037,96.7,0.078,IY,13,Pink,2815,5571,369,2644,2983,371,2693,3057,347,2679,3045,345,2544,3013,371,2190,3035
GE638AJD7_mono_0038,92.2,0.14,IH,11,Teal,2816,4857,527,1765,2817,602,1774,2889,607,1771,2852,593,1752,2878,552,1778,2872
GE638AJD7_mono_0039,86.6,0.048,AE,2,Blue,2817,4857,487,1787,2952,667,1792,2940,652,1781,2858,645,1754,2895,614,1750,2717
GE638AJD7_mono_0040,108.8,0.038,IH,11,Teal,2818,5929,513,1730,2872,530,1744,2881,539,1744,2889,544,1757,2899,548,1775,2882
GE638AJD7_mono_0041,92,0.138,AW,5,Olive,2819,6643,611,1738,2938,769,1720,3020,800,1661,3004,774,1591,2840,734,1448,2898
GE638AJD7_mono_0042,150.1,0.128,AY,7,Magenta,2820,5214,648,1539,2952,805,1527,2748,778,1554,2791,740,1664,2750,623,1659,2790
GE638AJD7_mono_0043,175.5,0.048,UH,16,Silver,2821,5571,458,1295,3108,482,1395,3076,471,1379,3084,424,1353,3098,374,1331,3070
GE638AJD7_mono_0044,104.8,0.11,IH,11,Teal,2822,7000,299,2255,3345,354,2372,3308,395,2340,3279,422,2162,3132,461,2079,3036
GE638AJD7_mono_0045,93.8,0.06,AY,7,Magenta,2823,4857,561,1382,3145,552,1551,3143,548,1630,3137,501,1794,3064,440,2011,2950
GE638AJD7_mono_0046,104.2,0.06,AE,2,Blue,2824,6286,601,1729,2935,635,1739,2963,604,1721,2913,571,1751,2865,510,1750,2871
GE638AJD7_mono_0047,118.9,0.08,EY,10,Purple,2825,5214,453,2188,2953,462,2247,2961,434,2298,2985,432,2270,2963,423,2083,2948
GE638AJD7_mono_0048,122,0.068,UW,17,Cyan,2826,5214,354,1559,2929,355,1654,2949,332,1668,2952,334,1735,2930,345,1646,2961
GE638AJD7_mono_0049,102.4,0.13,EY,10,Purple,2827,7000,529,1944,2479,532,2139,2945,494,2167,2963,479,2172,2991,450,2167,3034
GE638AJD7_mono_0050,100.3,0.05,AE,2,Blue,2828,5214,500,1865,2908,523,1852,2865,543,1854,2858,560,1846,2846,538,1824,2852
GE638AJD7_mono_0051,108.6,0.068,EY,10,Purple,2829,5571,446,2284,2969,450,2452,3100,479,2593,3101,423,2775,3117,276,2511,3115
GE638AJD7_mono_0052,104.9,0.09,AH,3,Black,2830,4857,430,2014,2958,396,1979,2996,306,1909,2990,303,1781,3036,289,1750,3040
GE638AJD7_mono_0053,96.6,0.038,IH,11,Teal,2831,4857,441,1913,3115,454,1963,3119,479,1977,3149,478,1971,3115,340,1961,3113
GE638AJD7_mono_0054,97.3,0.038,IH,11,Teal,2832,4857,456,1805,2972,436,1829,2971,409,1826,2983,392,1811,2974,417,1783,2992
GE638AJD7_mono_0055,95.1,0.03,AH,3,Black,2833,6286,417,1685,3095,369,1653,3088,328,1560,3021,278,1455,3057,260,1397,3066
GE638AJD7_mono_0056,94.5,0.09,AW,5,Olive,2834,5214,678,1481,2658,782,1535,2414,787,1479,2280,757,1415,2372,648,1340,2563
GE638AJD7_mono_0057,94,0.038,AH,3,Black,2835,5929,514,1598,2802,462,1522,3241,420,1497,3209,377,1421,3148,349,1422,3252
GE638AJD7_mono_0058,80.7,0.108,EY,10,Purple,2836,4857,566,1758,2299,569,1987,2818,534,2163,2828,543,2130,2905,536,2040,2934
GE638AJD7_mono_0059,0,0.08,ER,9,Lime,2837,7000,395,1552,2658,510,1463,2606,524,1466,2565,505,1477,2509,441,1434,2498
GE638AJD7_mono_0060,0,0.038,AY,7,Magenta,2838,6286,699,1914,2954,703,1870,3196,702,1969,3053,646,1988,3002,581,2081,3019
GE638AJD7_mono_0061,132.2,0.108,AA,1,Red,2839,5214,655,1460,2951,743,1373,2919,762,1316,2887,753,1295,2811,712,1274,2776
GE638AJD7_mono_0062,131,0.068,AY,7,Magenta,2840,5214,655,1409,2814,677,1549,2818,651,1636,2839,613,1704,2884,502,1679,2882
GE638AJD7_mono_0063,135.7,0.04,AH,3,Black,2841,7000,434,1668,3306,409,1622,3493,389,1551,3363,400,1602,3436,405,1495,3485
GE638AJD7_mono_0064,119.5,0.07,ER,9,Lime,2842,7000,417,1496,2744,445,1543,2769,454,1559,2763,435,1566,2797,383,1594,2981
GE638AJD7_mono_0065,105.8,0.06,AO,4,Green,2843,4500,451,1224,2579,447,1106,2599,455,962,2469,483,1091,2417,480,1094,2350
GE638AJD7_mono_0066,96,0.05,AE,2,Blue,2844,4500,617,1496,2115,647,1477,2103,643,1437,2091,623,1393,2077,549,1288,2089
GE638AJD7_mono_0067,100.9,0.028,AH,3,Black,2845,4857,447,1589,2752,444,1623,2864,435,1658,2897,415,1686,2865,384,1701,2785
GE638AJD7_mono_0068,111,0.028,OW,14,Maroon,2846,4857,452,1751,2783,450,1675,2796,428,1680,2851,424,1674,2850,430,1657,2826
GE638AJD7_mono_0069,88.7,0.09,EY,10,Purple,2847,5214,498,1928,2901,521,2034,2921,488,2088,2920,425,2221,2917,398,2262,2829
GE638AJD7_mono_0070,82.3,0.028,AH,3,Black,2848,4857,467,1063,2851,467,888,2830,470,857,2799,497,801,2865,496,794,2898
GE638AJD7_mono_0071,0,0.04,AE,2,Blue,2849,5214,559,1700,3013,560,1754,3007,558,1776,2969,537,1774,2905,516,1718,2948
GE638AJD7_mono_0072,74,0.09,AO,4,Green,2850,4500,475,1503,2905,557,1525,2816,550,1287,2686,561,1319,2570,555,1321,2323
GE638AJD7_mono_0073,87.1,0.06,AH,3,Black,2851,4500,520,1490,1903,506,1579,1942,489,1662,2020,459,1804,2055,403,1876,2106
GE638AJD7_mono_0074,81.9,0.108,UW,17,Cyan,2852,4857,377,2094,2813,352,1996,2859,351,1957,2812,365,1869,2811,388,1902,2903
GE638AJD7_mono_0075,100.5,0.058,EY,10,Purple,2853,6643,487,1943,3009,492,1991,2980,481,1931,2910,476,1748,2711,470,1598,2685
GE638AJD7_mono_0076,92.7,0.068,ER,9,Lime,2854,5571,498,1326,1903,534,1329,1834,575,1374,1822,576,1376,1793,620,1385,1779
GE638AJD7_mono_0077,95.9,0.098,AW,5,Olive,2855,4500,672,1437,1937,721,1444,1902,729,1440,2024,704,1437,2098,640,1452,2095
GE638AJD7_mono_0078,183.2,0.108,OW,14,Maroon,2856,5214,530,1338,2801,564,1340,2802,546,1199,2858,514,1234,2908,499,1192,2934
GE638AJD7_mono_0079,101.9,0.04,IY,13,Pink,2857,5571,454,1955,2837,434,2049,2928,415,2084,2939,404,2135,2940,407,2133,2944
GE638AJD7_mono_0080,149.6,0.078,AE,2,Blue,2858,5571,577,1791,2600,780,1625,2637,758,1641,2486,785,1680,2580,738,1751,3033
GE638AJD7_mono_0081,164.8,0.04,IH,11,Teal,2859,4500,448,1904,2563,444,1850,2356,462,1820,2354,471,1728,2254,471,1678,2030
GE638AJD7_mono_0082,105.4,0.13,OW,14,Maroon,2860,4857,473,1812,2520,531,1663,2608,516,1462,2649,478,1362,2734,422,1349,2741
GE638AJD7_mono_0083,96.3,0.06,IH,11,Teal,2861,6286,498,1784,3079,472,1804,3073,471,1867,3105,456,1846,3044,443,1825,3067
GE638AJD7_mono_0084,111.5,0.06,AH,3,Black,2862,5571,540,1290,3247,595,1385,3208,625,1486,3288,571,1554,3398,592,1584,3244
GE638AJD7_mono_0085,107.8,0.078,EY,10,Purple,2863,6286,490,1970,2984,532,2068,2976,536,2134,2993,538,2177,2992,520,2276,3037
GE638AJD7_mono_0086,95.5,0.098,EH,8,Black,2864,5214,516,2172,3000,581,2165,3029,624,2034,2898,614,1881,2759,604,1803,2692
GE638AJD7_mono_0087,89.8,0.068,ER,9,Lime,2865,5571,472,1648,1967,485,1610,1849,476,1569,1841,474,1621,1727,416,1635,1730
GE638AJD7_mono_0088,0,0.108,IY,13,Pink,2866,5214,423,2160,2877,409,2369,2976,415,2414,2970,425,2342,2899,412,2177,2877
GE638AJD7_mono_0089,97.4,0.028,AE,2,Blue,2867,5571,665,1789,3187,676,1801,3087,683,1807,3108,666,1771,3097,657,1736,3074
GE638AJD7_mono_0090,94.4,0.028,AY,7,Magenta,2868,5571,756,1661,2914,752,1700,2891,773,1719,2904,804,1736,2888,801,1776,2800
GE638AJD7_mono_0091,118.2,0.088,AE,2,Blue,2869,6643,958,1547,2753,918,1486,2737,849,1451,2717,729,1430,3003,493,1348,3074
GE638AJD7_mono_0092,90.2,0.128,AE,2,Blue,2870,5214,793,1368,2922,883,1424,2733,865,1445,2712,869,1446,2636,847,1460,2646
GE638AJD7_mono_0093,103,0.07,AH,3,Black,2871,4857,454,1788,2914,485,1774,2862,489,1750,2839,459,1767,2890,390,1736,2867
GE638AJD7_mono_0094,138.1,0.14,AE,2,Blue,2872,5571,660,1860,2898,844,1728,2773,746,1675,2570,846,1480,2595,766,1463,2394
GE638AJD7_mono_0095,122.2,0.15,UW,17,Cyan,2873,4857,465,1651,2060,485,1623,2167,509,1553,2209,486,1549,2277,348,1600,2177
GE638AJD7_mono_0096,0,0.03,AY,7,Magenta,2874,7000,799,1965,2903,714,1972,2944,670,1998,2962,615,2016,2984,575,2050,3126
GE638AJD7_mono_0097,160.1,0.038,UH,16,Silver,2875,4857,468,2002,2984,468,1813,2905,471,1757,2845,459,1768,2962,451,1744,2988
GE638AJD7_mono_0098,188.4,0.048,AH,3,Black,2876,4857,371,1848,3026,386,1742,3072,400,1655,3151,392,1848,3126,384,1910,3065
GE638AJD7_mono_0099,142.1,0.108,IY,13,Pink,2877,5214,384,2304,3059,354,2246,3019,359,2610,2980,362,2573,2985,351,2421,2945
GE638AJD7_mono_0100,110.3,0.08,IH,11,Teal,2878,4857,410,2210,2997,419,2212,2925,431,2115,2861,443,1913,2714,456,1787,2491
GE638AJD7_mono_0101,101.9,0.05,AH,3,Black,2879,4500,473,1595,2728,471,1506,2771,466,1422,2765,452,1337,2735,405,1473,2694
GE638AJD7_mono_0102,92.8,0.04,IH,11,Teal,2880,5214,493,1421,2932,521,1522,2969,531,1663,2999,526,1755,3039,519,1766,3057
GE638AJD7_mono_0103,85.4,0.16,OW,14,Maroon,2881,5214,590,1808,2871,670,1629,2843,687,1483,2875,648,1421,2865,570,1380,2895
GE638AJD7_mono_0104,107,0.028,OW,14,Maroon,2882,5571,501,820,2803,519,834,2832,521,850,2805,518,860,2793,521,887,2846
GE638AJD7_mono_0105,144.4,0.108,AY,7,Magenta,2883,5214,638,1456,3020,684,1543,2985,626,1830,2805,554,1886,2963,507,2002,2955
GE638AJD7_mono_0106,88.6,0.16,OW,14,Maroon,2884,5214,590,1456,2863,617,1423,2897,632,1393,2983,607,1442,3002,530,1456,2969
GE638AJD7_mono_0107,0,0.04,AE,2,Blue,2885,7000,736,1918,3482,652,1960,3396,675,1928,3355,662,1878,3165,590,1864,3302
GE638AJD7_mono_0108,114.1,0.09,OW,14,Maroon,2886,4857,594,1389,2779,593,1384,2834,549,1112,2956,510,1035,2920,461,1006,2849
GE638AJD7_mono_0109,120.5,0.05,ER,9,Lime,2887,4500,447,1131,1751,487,1188,1724,505,1233,1700,512,1240,1672,473,1280,1761
GE638AJD7_mono_0110,108.7,0.06,ER,9,Lime,2888,4500,517,1424,1786,514,1455,1764,494,1522,1812,445,1569,1807,406,1632,1675
GE638AJD7_mono_0111,99.7,0.168,EY,10,Purple,2889,5214,563,1896,2852,578,2085,2927,501,2166,3068,449,2097,3076,368,2007,2920
GE638AJD7_mono_0112,96.4,0.028,AH,3,Black,2890,5571,394,1826,2955,367,1830,2938,339,1845,2944,330,1867,2971,318,1828,2992
GE638AJD7_mono_0113,96.1,0.128,ER,9,Lime,2891,6643,392,1673,3002,391,1542,3086,394,1526,2880,449,1446,2737,609,1569,2765
GE638AJD7_mono_0114,121.8,0.158,AE,2,Blue,2892,6286,759,1530,2463,828,1520,2486,776,1560,2482,571,1567,2789,460,1639,2842
GE638AJD7_mono_0115,111.3,0.07,EH,8,Black,2893,4857,713,1830,2865,719,1877,2872,653,1935,2900,580,1903,2940,495,1947,2958
GE638AJD7_mono_0116,115.8,0.068,AH,3,Black,2894,5214,399,1907,3047,403,1932,3017,418,1945,2994,412,1918,2994,374,1910,3033
GE638AJD7_mono_0117,110.7,0.108,OW,14,Maroon,2895,5929,509,1417,2885,408,1274,2893,399,1036,3020,430,789,3058,367,740,3020
GE638AJD7_mono_0118,114.2,0.038,AH,3,Black,2896,4857,432,1515,2881,440,1620,2822,455,1770,2872,437,1792,2978,413,1718,2995
GE638AJD7_mono_0119,106.5,0.04,AE,2,Blue,2897,5214,443,1836,3121,447,1885,3115,436,1882,3043,418,1872,3017,404,1854,3006
GE638AJD7_mono_0120,110.1,0.178,UW,17,Cyan,2898,5214,466,2161,3038,499,2073,3000,472,1867,2939,473,1646,2867,440,1589,2931
GE638AJD7_mono_0121,124.5,0.128,AA,1,Red,2899,5214,674,1194,2852,731,1192,2888,728,1246,2799,628,1212,3001,650,1286,3081
GE638AJD7_mono_0122,152.6,0.048,IY,13,Pink,2900,4857,446,1876,3044,431,1975,3024,400,2026,3033,377,1994,2976,340,2131,2942
GE638AJD7_mono_0123,110,0.068,EH,8,Black,2901,5571,589,1566,2818,645,1452,2874,706,1435,2966,734,1397,2979,724,1343,3001
GE638AJD7_mono_0124,108.3,0.03,IH,11,Teal,2902,5929,409,1684,2791,399,1782,2792,379,1910,2885,342,1965,2927,289,1997,2995
GE638AJD7_mono_0125,135.9,0.048,EH,8,Black,2903,4857,631,1351,2714,650,1332,2708,664,1327,2871,672,1310,2925,664,1202,3051
GE638AJD7_mono_0126,117.5,0.138,AA,1,Red,2904,5214,710,1142,2888,736,1102,2768,700,1145,2784,684,1191,2816,603,1249,2912
GE638AJD7_mono_0127,125.5,0.038,IY,13,Pink,2905,4857,426,1732,2930,405,1914,2921,383,2031,2888,377,1919,2810,376,1700,2676
GE638AJD7_mono_0128,104.3,0.138,AW,5,Olive,2906,5214,674,1522,2504,770,1494,2567,789,1466,2721,781,1470,2821,653,1528,2774
GE638AJD7_mono_0129,71.7,0.03,AE,2,Blue,2907,6643,883,1552,3429,720,1629,3435,716,1580,3020,747,1541,3111,702,1562,3040
GE638AJD7_mono_0130,0,0.08,AY,7,Magenta,2908,5214,823,1511,2582,837,1518,2545,811,1548,2512,871,1612,2541,831,1670,2672
GE638AJD7_mono_0131,110.7,0.1,AE,2,Blue,2909,5571,928,1598,2802,922,1563,2849,927,1532,2726,911,1547,2760,881,1575,2787
GE638AJD7_mono_0132,127.6,0.028,ER,9,Lime,2910,5214,425,1621,2055,411,1667,2127,411,1647,2035,410,1616,2016,417,1595,1959
GE638AJD7_mono_0133,123.6,0.04,AH,3,Black,2911,6643,431,1639,2679,457,1640,3003,434,1692,3118,383,1623,3209,307,1640,3329
GE638AJD7_mono_0134,123.8,0.12,AY,7,Magenta,2912,5214,615,1476,2749,737,1612,2852,719,1668,2859,633,1798,2884,498,1792,2936
GE638AJD7_mono_0135,118.1,0.05,AH,3,Black,2913,5929,499,1548,3282,502,1465,3227,532,1411,3266,498,1332,3073,385,1367,2996
GE638AJD7_mono_0136,111,0.118,EY,10,Purple,2914,5571,469,1857,2891,504,2060,2976,465,2228,2972,416,2371,2951,381,2308,2857
GE638AJD7_mono_0137,121.1,0.09,IY,13,Pink,2915,5214,421,1755,3091,418,1818,3089,441,2145,3043,470,2226,2978,509,2105,2963
GE638AJD7_mono_0138,99.6,0.098,EH,8,Black,2916,4857,596,1886,2914,633,1846,2851,646,1764,2909,579,1741,2875,471,1726,2901
GE638AJD7_mono_0139,95.1,0.11,EY,10,Purple,2917,6643,491,2204,3048,468,2177,3096,449,2401,3121,442,2543,3307,430,2568,3403
GE638AJD7_mono_0140,109,0.058,AY,7,Magenta,2918,5214,754,1708,2585,685,1872,2671,682,1944,2864,581,1894,2860,527,1725,2834
GE638AJD7_mono_0141,110.9,0.08,AA,1,Red,2919,5214,671,1609,3050,703,1575,3095,712,1472,3065,758,1507,3048,658,1549,2889
GE638AJD7_mono_0142,112.4,0.05,ER,9,Lime,2920,7000,465,1745,2793,460,1725,2786,459,1765,2805,451,1808,2786,433,1840,2769
GE638AJD7_mono_0143,98.9,0.038,AH,3,Black,2921,4857,515,1465,2935,527,1446,2922,507,1415,2897,494,1419,2854,474,1428,2852
GE638AJD7_mono_0144,117.5,0.06,AH,3,Black,2922,4857,540,1741,2860,474,1821,2845,473,1830,2848,440,1886,2852,393,1867,2822
GE638AJD7_mono_0145,163.6,0.038,IH,11,Teal,2923,4857,410,1946,2930,407,1917,2971,405,1799,3000,394,1806,2992,382,1767,3001
GE638AJD7_mono_0146,133.6,0.098,UW,17,Cyan,2924,4500,349,1926,2812,357,1941,2796,376,1782,2754,387,1646,2787,381,1641,2660
GE638AJD7_mono_0147,112.8,0.168,AY,7,Magenta,2925,5571,713,1388,2492,786,1538,2582,744,1744,2752,690,1796,2783,641,1765,2860
GE638AJD7_mono_0148,109.4,0.038,AA,1,Red,2926,5929,613,1675,3008,594,1626,3025,573,1575,3036,541,1531,3059,514,1531,3038
GE638AJD7_mono_0149,105.9,0.04,AH,3,Black,2927,5571,395,1541,3069,428,1581,3080,439,1602,3087,406,1621,3075,378,1714,3083
GE638AJD7_mono_0150,106.3,0.08,UW,17,Cyan,2928,5929,344,1896,2877,353,1846,2865,381,1822,2863,391,1800,2836,381,1746,2851
GE638AJD7_mono_0151,96.6,0.09,ER,9,Lime,2929,7000,481,1684,2794,510,1672,2835,517,1709,2937,503,1718,2989,492,1722,3006
GE638AJD7_mono_0152,99.7,0.078,EH,8,Black,2930,6286,473,1946,2912,548,1716,2868,640,1657,2924,665,1559,2975,623,1463,3128
GE638AJD7_mono_0153,97.3,0.068,IH,11,Teal,2931,5214,506,1380,3157,476,1495,3149,462,1665,3122,432,1747,3076,390,1753,3030
GE638AJD7_mono_0154,152.5,0.168,UW,17,Cyan,2932,4857,397,1970,2829,443,1999,2820,460,1889,2810,406,1645,2847,376,1414,2845
GE638AJD7_mono_0155,126.2,0.21,UW,17,Cyan,2933,4857,427,1841,2804,451,1816,2812,470,1701,2777,455,1508,2735,433,1483,2697
GE638AJD7_mono_0156,107.2,0.05,AY,7,Magenta,2934,7000,584,1429,3172,580,1597,3115,548,1763,3139,503,1860,3150,471,1913,3078
GE638AJD7_mono_0157,114.3,0.038,IH,11,Teal,2935,4857,354,2281,2763,346,2251,2747,357,2083,2727,356,1903,2728,357,1805,2707
GE638AJD7_mono_0158,105.3,0.05,AH,3,Black,2936,5214,402,1655,2965,402,1672,2939,410,1687,2954,401,1730,2974,392,1819,2977
GE638AJD7_mono_0159,115.2,0.11,AW,5,Olive,2937,7000,528,1722,2908,669,1667,2832,858,1561,2900,849,1440,2853,585,1355,2953
GE638AJD7_mono_0160,0,0.06,EH,8,Black,2938,5571,648,1565,2675,659,1632,2707,728,1695,2390,782,1755,2533,784,1705,2459
GE638AJD7_mono_0161,100.3,0.048,AH,3,Black,2939,4857,485,1656,2846,501,1664,2856,490,1651,2873,473,1619,2866,421,1645,2883
GE638AJD7_mono_0162,119.3,0.05,AH,3,Black,2940,6643,532,1455,3892,526,1414,3622,526,1407,3171,501,1347,3127,449,1293,3046
GE638AJD7_mono_0163,111.5,0.038,AH,3,Black,2941,6286,408,1309,3128,417,1389,3011,435,1601,3201,414,1636,3204,385,1626,3148
GE638AJD7_mono_0164,88.1,0.098,IY,13,Pink,2942,5214,339,2344,2891,328,2393,2973,344,2455,3002,344,2477,2978,326,2477,2940
GE638AJD7_mono_0165,105.6,0.028,AY,7,Magenta,2943,5214,666,1860,2694,628,1876,2676,628,1943,2634,580,1990,2810,534,2029,2865
GE638AJD7_mono_0166,157.9,0.128,AE,2,Blue,2944,5214,624,1664,2824,751,1594,2870,702,1536,2882,716,1562,2826,696,1618,2912
GE638AJD7_mono_0167,65.4,0.05,AH,3,Black,2945,5929,671,1517,3287,605,1521,3373,647,1566,3356,602,1648,3249,352,1625,2966
GE638AJD7_mono_0168,103.9,0.07,ER,9,Lime,2946,7000,427,1876,2948,454,1796,3029,471,1696,3048,493,1637,3078,479,1626,3091
GE638AJD7_mono_0169,94.2,0.08,AH,3,Black,2947,4500,479,1507,1934,472,1534,1929,467,1604,2028,455,1859,2590,449,1681,2798
GE638AJD7_mono_0170,115.5,0.16,IY,13,Pink,2948,4857,421,1805,2274,418,1912,2374,429,2086,2379,416,2077,2463,306,1777,2772
GE638AJD7_mono_0171,117.9,0.05,IH,11,Teal,2949,5214,408,1367,3020,419,1481,3018,420,1544,3020,437,1612,3015,375,1623,3119
GE638AJD7_mono_0172,168.3,0.038,AH,3,Black,2950,4857,414,1788,3019,409,1790,2998,435,1775,3027,448,1752,3047,455,1725,3090
GE638AJD7_mono_0173,154.8,0.048,AH,3,Black,2951,5571,475,1709,2904,475,1711,2875,463,1677,2909,438,1641,2980,366,1641,2985
GE638AJD7_mono_0174,98.5,0.18,IY,13,Pink,2952,6286,405,2114,3053,389,2360,3084,369,2408,2935,347,2362,2763,345,2197,2727
GE638AJD7_mono_0175,0,0.028,AH,3,Black,2953,5571,909,1892,3258,504,1804,2912,566,1821,2910,533,1823,2920,491,1788,2954
GE638AJD7_mono_0176,102.6,0.08,AA,1,Red,2954,5929,649,946,2208,641,1093,2276,656,1196,2191,648,1311,2217,522,1289,2235
GE638AJD7_mono_0177,120.2,0.04,AH,3,Black,2955,5214,439,1746,2866,426,1877,2869,412,1986,2854,406,2087,2867,396,2161,2885
GE638AJD7_mono_0178,105.4,0.068,EH,8,Black,2956,6643,488,2042,2954,537,1762,2980,603,1625,3031,623,1538,2957,628,1437,2993
GE638AJD7_mono_0179,123.5,0.068,OW,14,Maroon,2957,5214,498,1207,3169,501,1247,3128,498,1230,3044,494,1184,2954,466,1205,2904
GE638AJD7_mono_0180,104.3,0.09,UW,17,Cyan,2958,4500,420,1451,2963,407,1564,2929,410,1723,2880,408,1724,2867,405,1717,2861
GE638AJD7_mono_0181,106.5,0.068,EH,8,Black,2959,5214,396,2098,2931,454,1953,2933,507,1893,2923,531,1853,2907,515,1826,2869
GE638AJD7_mono_0182,107.5,0.05,AE,2,Blue,2960,5214,540,2096,3048,529,2151,3007,494,2229,2999,468,2281,2963,448,2286,2964
GE638AJD7_mono_0183,105.9,0.038,AH,3,Black,2961,6286,423,1186,2863,431,1175,2995,439,1015,2978,464,805,3017,473,734,3014
GE638AJD7_mono_0184,100.1,0.038,IH,11,Teal,2962,4857,426,1635,2955,426,1654,2963,421,1655,2954,417,1666,2964,418,1664,2962
GE638AJD7_mono_0185,96,0.05,AH,3,Black,2963,5214,493,1716,2957,517,1719,2902,543,1688,2887,548,1662,2861,497,1629,2817
GE638AJD7_mono_0186,82.9,0.068,AW,5,Olive,2964,5571,781,1393,2050,765,1353,1988,700,1237,1989,630,1187,1857,584,1185,1943
GE638AJD7_mono_0187,82.3,0.07,ER,9,Lime,2965,7000,581,1387,2606,581,1424,2742,594,1506,2836,608,1518,2935,564,1445,2986
GE638AJD7_mono_0188,134.1,0.03,IH,11,Teal,2966,7000,397,1561,3214,412,1556,3201,413,1594,3201,420,1631,3195,432,1672,3172
GE638AJD7_mono_0189,118.7,0.07,AO,4,Green,2967,4857,473,1477,2590,488,1496,2579,518,1446,2555,542,1434,2457,558,1435,2379
GE638AJD7_mono_0190,111.4,0.058,IH,11,Teal,2968,5214,549,1894,2732,551,1946,2801,535,1951,2820,515,1957,2842,470,1882,2803
GE638AJD7_mono_0191,107.5,0.1,AA,1,Red,2969,7000,758,1447,3275,722,1662,3283,803,1684,3233,840,1507,3082,677,1420,2904
GE638AJD7_mono_0192,165.3,0.05,AH,3,Black,2970,6643,451,1665,3188,434,1711,3167,396,1724,3255,362,1581,3070,334,1636,3649
GE638AJD7_mono_0193,194.8,0.148,IY,13,Pink,2971,6643,359,1548,2957,247,1810,2961,208,2045,2978,208,1637,2978,219,1632,2965
GE638AJD7_mono_0194,113.4,0.068,AA,1,Red,2972,5214,717,1485,3009,748,1393,2993,750,1346,3222,742,1318,2812,728,1332,2719
GE638AJD7_mono_0195,118,0.048,AH,3,Black,2973,5571,487,1302,2906,474,1213,2860,439,1069,2809,420,791,2773,396,742,2720
GE638AJD7_mono_0196,75.3,0.12,ER,9,Lime,2974,6643,581,1399,3054,572,1526,3006,583,1502,3187,556,1491,3134,609,1634,3002
GOLDSCARS_mono_0001,127.5,0.04,OW,14,Maroon,2975,5214,374,1343,2309,383,1320,2296,382,1308,2293,376,1305,2283,368,1294,2286
GOLDSCARS_mono_0002,152.9,0.058,IH,11,Teal,2976,5929,407,1343,2336,430,1365,2370,421,1350,2383,410,1289,2397,364,1312,2437
GOLDSCARS_mono_0003,103,0.048,AO,4,Green,2977,4857,465,878,2111,487,859,2061,470,862,2018,473,914,2029,509,943,1963
GOLDSCARS_mono_0004,99.4,0.058,IH,11,Teal,2978,6643,513,1670,2315,465,1741,2416,459,1834,2468,443,1932,2562,384,2028,2633
GOLDSCARS_mono_0005,94.3,0.078,AY,7,Magenta,2979,5571,791,1339,2288,663,1251,2315,622,1181,2367,612,1160,2408,612,1086,2459
GOLDSCARS_mono_0006,134.4,0.038,AH,3,Black,2980,4857,411,1366,2127,419,1304,2120,415,1184,2182,402,1107,2227,385,1035,2118
GOLDSCARS_mono_0007,101.5,0.068,EY,10,Purple,2981,5571,476,1493,2348,449,1631,2322,412,1776,2308,401,1904,2294,409,1979,2251
GOLDSCARS_mono_0008,0,0.03,AE,2,Blue,2982,6643,598,1945,2525,777,1928,2532,673,1915,2514,538,1892,2468,441,1854,2426
GOLDSCARS_mono_0009,82.1,0.03,IH,11,Teal,2983,5929,361,1753,2362,319,1778,2353,336,1752,2319,297,1700,2325,282,1620,2333
GOLDSCARS_mono_0010,90.9,0.058,IY,13,Pink,2984,6643,258,2140,2737,276,2167,2858,295,2179,2877,306,2215,2851,317,2179,2777
GOLDSCARS_mono_0011,100.8,0.048,IY,13,Pink,2985,6286,258,2096,2538,272,2110,2562,286,2112,2491,291,2098,2458,301,2017,2437
GOLDSCARS_mono_0012,101.5,0.028,AH,3,Black,2986,5214,311,1817,2365,322,1711,2378,337,1609,2397,351,1552,2408,379,1460,2432
GOLDSCARS_mono_0013,98.9,0.048,IY,13,Pink,2987,5571,320,1797,2318,307,1892,2299,294,1874,2313,280,1946,2283,232,1910,2287
GOLDSCARS_mono_0014,90.8,0.078,AH,3,Black,2988,5571,513,1363,2647,568,1260,2626,562,1163,2687,543,1135,2705,464,1060,2636
GOLDSCARS_mono_0015,84.2,0.078,AY,7,Magenta,2989,5571,647,1213,2363,631,1321,2350,581,1421,2356,542,1542,2320,412,1610,2427
GOLDSCARS_mono_0016,76.3,0.11,OW,14,Maroon,2990,5571,504,1335,2235,482,1156,2298,459,992,2360,456,936,2453,440,926,2417
GOLDSCARS_mono_0017,75.2,0.04,AA,1,Red,2991,5214,481,980,2520,521,1025,2421,515,1060,2354,535,1076,2318,524,1132,2233
GOLDSCARS_mono_0018,82.9,0.048,EH,8,Black,2992,5571,629,1377,2162,626,1363,2234,601,1326,2332,580,1318,2412,590,1340,2475
GOLDSCARS_mono_0019,80.4,0.07,ER,9,Lime,2993,4500,404,1418,2348,508,1468,2014,500,1456,1891,481,1455,2035,511,1502,2058
GOLDSCARS_mono_0020,207.1,0.078,AA,1,Red,2994,5571,507,1368,2344,572,1300,2321,592,1226,2358,615,1187,2361,628,1187,2357
GOLDSCARS_mono_0021,88.2,0.118,AY,7,Magenta,2995,5571,522,1486,2194,558,1527,2373,572,1587,2389,574,1521,2394,571,1518,2439
GOLDSCARS_mono_0022,112.4,0.08,AY,7,Magenta,2996,5214,671,1271,2366,664,1303,2380,680,1379,2309,579,1415,2178,494,1499,1949
GOLDSCARS_mono_0023,135.1,0.04,AH,3,Black,2997,5571,550,1107,2130,550,1042,2117,545,997,2100,536,982,2095,514,994,2091
GOLDSCARS_mono_0024,121.3,0.038,AH,3,Black,2998,5929,503,1162,2622,495,1153,2592,496,1139,2556,485,1138,2541,473,1117,2516
GOLDSCARS_mono_0025,108.4,0.028,IH,11,Teal,2999,5571,432,1627,2242,429,1741,2228,415,1784,2215,387,1872,2186,361,1946,2171
GOLDSCARS_mono_0026,103,0.058,AE,2,Blue,3000,6643,906,1403,2472,889,1387,2479,857,1345,2492,825,1302,2472,780,1226,2426
GOLDSCARS_mono_0027,82.7,0.1,AA,1,Red,3001,5929,659,1099,2446,706,1094,2302,651,1093,2394,676,1134,2251,685,1219,2189
GOLDSCARS_mono_0028,77.2,0.09,AH,3,Black,3002,4857,419,1498,2324,444,1463,2348,465,1424,2350,515,1404,2314,480,1389,2320
GOLDSCARS_mono_0029,95,0.078,AE,2,Blue,3003,6286,714,1516,2275,785,1428,2336,905,1370,2374,860,1341,2392,720,1264,2400
GOLDSCARS_mono_0030,95.3,0.04,EH,8,Black,3004,5571,438,1364,2131,446,1390,2089,454,1386,2065,466,1376,2082,465,1342,2036
GOLDSCARS_mono_0031,107.7,0.038,ER,9,Lime,3005,4857,408,1176,1711,404,1237,1699,368,1205,1682,346,1227,1722,275,1333,1771
GOLDSCARS_mono_0032,102,0.05,ER,9,Lime,3006,4500,407,1379,1774,415,1370,1769,410,1356,1756,414,1326,1724,414,1291,1728
GOLDSCARS_mono_0033,0,0.05,AW,5,Olive,3007,5929,516,1531,2457,597,1501,2442,590,1502,2491,590,1476,2467,683,1446,2516
GOLDSCARS_mono_0034,155.5,0.068,AY,7,Magenta,3008,6643,604,1501,2309,685,1434,2317,696,1442,2394,682,1463,2460,657,1476,2492
GOLDSCARS_mono_0035,148.2,0.038,UH,16,Silver,3009,4857,410,1254,2404,398,1334,2358,371,1385,2269,366,1384,2186,358,1347,2109
GOLDSCARS_mono_0036,93.7,0.07,IH,11,Teal,3010,4500,314,1679,1938,311,1752,1987,314,1810,2089,324,1802,2077,340,1730,2003
GOLDSCARS_mono_0037,84,0.05,AY,7,Magenta,3011,6643,508,1331,2613,480,1508,2554,436,1650,2608,364,1776,2628,304,1824,2632
GOLDSCARS_mono_0038,91.9,0.058,AE,2,Blue,3012,5214,528,1582,2449,590,1539,2357,631,1521,2323,574,1536,2493,443,1606,2427
GOLDSCARS_mono_0039,129,0.128,EY,10,Purple,3013,5929,411,1934,2658,402,2013,2651,372,2111,2670,363,2184,2684,357,2154,2675
GOLDSCARS_mono_0040,164,0.12,AH,3,Black,3014,5214,442,1446,2520,527,1373,2533,538,1235,2629,525,1204,2619,449,1185,2544
GOLDSCARS_mono_0041,122.2,0.08,UW,17,Cyan,3015,4500,320,1140,2198,304,1112,2133,296,1068,2107,282,1015,2074,255,968,2075
GOLDSCARS_mono_0042,84.6,0.15,EY,10,Purple,3016,5929,463,1584,2243,455,1711,2392,438,1826,2463,400,1860,2437,384,1837,2512
GOLDSCARS_mono_0043,76.6,0.048,AH,3,Black,3017,6286,539,1605,2529,555,1584,2508,552,1550,2488,533,1514,2439,422,1490,2388
GOLDSCARS_mono_0044,80.4,0.038,EY,10,Purple,3018,5929,361,1842,2401,370,1884,2400,355,1972,2343,293,2015,2306,305,2018,2211
GOLDSCARS_mono_0045,91.3,0.04,AH,3,Black,3019,5214,431,1692,2466,372,1681,2447,359,1639,2446,339,1578,2442,299,1546,2393
GOLDSCARS_mono_0046,78.5,0.028,IH,11,Teal,3020,5571,337,1567,2372,384,1557,2359,357,1531,2341,349,1496,2326,247,1535,2375
GOLDSCARS_mono_0047,0,0.028,AH,3,Black,3021,5214,474,1477,2424,478,1374,2400,386,1274,2405,286,1262,2363,241,1247,2402
GOLDSCARS_mono_0048,79.4,0.058,AW,5,Olive,3022,5929,611,1376,2331,650,1340,2341,679,1321,2361,669,1266,2381,608,1262,2405
GOLDSCARS_mono_0049,87.1,0.048,AH,3,Black,3023,4857,479,1392,2068,363,1321,1842,350,1254,1772,341,1160,1720,326,1086,1656
GOLDSCARS_mono_0050,78.5,0.108,EY,10,Purple,3024,5929,456,1812,2615,395,1900,2681,397,2072,2750,389,2333,2766,376,2170,2654
GOLDSCARS_mono_0051,0,0.06,AO,4,Green,3025,4857,561,1479,2531,538,997,1654,490,981,1687,533,1007,1546,526,1059,1530
GOLDSCARS_mono_0052,99.7,0.03,AY,7,Magenta,3026,5929,676,1414,2399,652,1450,2423,631,1463,2452,600,1473,2483,581,1452,2437
GOLDSCARS_mono_0053,121.9,0.07,AA,1,Red,3027,5929,680,1234,2711,688,1166,2653,709,1126,2745,687,1069,2762,577,1036,2721
GOLDSCARS_mono_0054,116,0.028,AY,7,Magenta,3028,5571,541,1252,2492,524,1260,2502,494,1248,2497,463,1245,2468,460,1259,2454
GOLDSCARS_mono_0055,106.3,0.038,AH,3,Black,3029,4857,411,1451,2170,403,1484,2065,360,1553,1959,341,1623,1812,339,1656,1735
GOLDSCARS_mono_0056,100.1,0.06,ER,9,Lime,3030,4857,402,1326,1741,395,1321,1800,380,1308,1827,374,1287,1814,370,1366,1879
GOLDSCARS_mono_0057,104.4,0.07,AO,4,Green,3031,4500,377,1082,1979,396,962,1963,408,916,1992,411,878,1992,424,917,1926
GOLDSCARS_mono_0058,91.2,0.05,AH,3,Black,3032,5214,395,1579,2317,370,1590,2271,353,1639,2120,344,1644,2033,311,1631,1852
GOLDSCARS_mono_0059,94.9,0.078,AE,2,Blue,3033,5571,611,1464,2149,674,1340,2083,716,1244,2102,737,1184,2263,617,1171,2268
GOLDSCARS_mono_0060,106.8,0.068,OW,14,Maroon,3034,5214,417,1315,2220,384,1242,2212,365,1180,2216,347,1212,2189,324,1258,2197
GOLDSCARS_mono_0061,0,0.028,IH,11,Teal,3035,5571,352,1549,2428,343,1540,2425,338,1471,2398,316,1425,2351,284,1470,2363
GOLDSCARS_mono_0062,81.1,0.12,EY,10,Purple,3036,5929,462,1670,2417,457,1806,2451,434,1822,2415,384,1867,2398,368,1863,2361
GOLDSCARS_mono_0063,83.5,0.078,AH,3,Black,3037,5571,329,1206,2142,380,1057,2220,388,971,2315,380,938,2370,381,915,2426
GOLDSCARS_mono_0064,77.9,0.038,AH,3,Black,3038,5571,478,1027,2268,482,1055,2263,502,1117,2227,429,1140,2258,363,1134,2217
GOLDSCARS_mono_0065,74.5,0.05,AO,4,Green,3039,5929,790,1493,2689,775,1492,2700,759,1517,2751,740,1415,2787,735,1571,2749
GOLDSCARS_mono_0066,73.4,0.03,AH,3,Black,3040,6643,443,1399,2658,349,1468,2668,387,1454,2626,305,1466,2574,336,1506,2541
GOLDSCARS_mono_0067,75.8,0.108,UW,17,Cyan,3041,4857,318,1706,2178,329,1656,2055,354,1602,2057,369,1497,2140,365,1419,2198
GOLDSCARS_mono_0068,103.6,0.05,EY,10,Purple,3042,5929,380,1685,2403,389,1740,2413,391,1781,2366,402,1777,2343,421,1620,2319
GOLDSCARS_mono_0069,229,0.108,ER,9,Lime,3043,4857,459,1126,1675,521,1283,1757,583,1376,2083,655,1390,2276,753,1404,2372
GOLDSCARS_mono_0070,81.8,0.088,AW,5,Olive,3044,5929,785,1315,2468,821,1248,2446,738,1214,2519,679,1145,2498,576,1142,2405
GOLDSCARS_mono_0071,88.9,0.028,AH,3,Black,3045,4857,417,1130,2437,399,1109,2440,409,1111,2457,427,1125,2466,433,1154,2432
GOLDSCARS_mono_0072,217.9,0.118,OW,14,Maroon,3046,5571,535,1213,2409,555,1197,2389,547,1118,2373,497,1112,2304,469,1110,2271
GOLDSCARS_mono_0073,0,0.028,AH,3,Black,3047,5214,328,1643,2281,321,1706,2247,304,1751,2275,282,1786,2273,215,1711,2250
GOLDSCARS_mono_0074,99.6,0.078,AE,2,Blue,3048,5571,577,1662,2363,670,1615,2341,685,1534,2352,672,1460,2321,668,1490,2243
GOLDSCARS_mono_0075,104.6,0.03,IH,11,Teal,3049,4500,348,1493,1917,355,1480,1854,363,1477,1833,374,1473,1802,367,1479,1784
GOLDSCARS_mono_0076,91.8,0.12,OW,14,Maroon,3050,4500,406,1495,2066,501,1379,2006,551,1289,2068,533,1238,2057,441,1257,1831
GOLDSCARS_mono_0077,90.6,0.09,IH,11,Teal,3051,5214,421,1670,2206,412,1749,2288,447,1735,2305,434,1732,2335,415,1659,2354
GOLDSCARS_mono_0078,96.9,0.048,AH,3,Black,3052,6286,647,1008,2801,668,1107,2767,640,1191,2705,644,1253,2663,588,1326,2650
GOLDSCARS_mono_0079,90.9,0.108,EY,10,Purple,3053,5929,418,1772,2452,439,1810,2438,429,1850,2460,436,1883,2456,462,1886,2421
GOLDSCARS_mono_0080,86.7,0.068,EH,8,Black,3054,5571,521,1806,2235,565,1768,2227,593,1677,2177,610,1659,2187,592,1573,2073
GOLDSCARS_mono_0081,84.4,0.07,ER,9,Lime,3055,4857,549,1460,1845,534,1448,1822,518,1444,1772,407,1454,1756,338,1477,1701
GOLDSCARS_mono_0082,76.4,0.168,IY,13,Pink,3056,4500,352,1769,2162,346,1835,2283,348,1900,2302,381,1909,2241,628,1768,2287
GOLDSCARS_mono_0083,0,0.028,AH,3,Black,3057,5214,538,1774,2345,577,1733,2317,562,1655,2278,562,1660,2377,558,1692,2387
GOLDSCARS_mono_0084,83.3,0.06,AY,7,Magenta,3058,6286,748,1526,2532,787,1505,2479,811,1521,2469,834,1552,2468,842,1591,2477
GOLDSCARS_mono_0085,96.2,0.108,AE,2,Blue,3059,5214,925,1452,2446,916,1403,2460,892,1362,2458,877,1327,2428,844,1271,2403
GOLDSCARS_mono_0086,86.8,0.088,AE,2,Blue,3060,6286,740,1259,2621,786,1293,2534,844,1336,2521,857,1334,2504,807,1327,2474
GOLDSCARS_mono_0087,85.4,0.05,IH,11,Teal,3061,5214,365,1755,2417,362,1865,2405,338,1925,2327,326,2013,2306,322,2021,2252
GOLDSCARS_mono_0088,89.2,0.068,AH,3,Black,3062,5214,406,1685,2191,419,1606,2253,402,1518,2311,329,1476,2305,297,1493,2265
GOLDSCARS_mono_0089,91.8,0.23,AE,2,Blue,3063,5214,641,1711,2435,847,1436,2429,873,1381,2508,903,1454,2553,938,1478,2444
GOLDSCARS_mono_0090,73.2,0.16,UW,17,Cyan,3064,5214,459,1215,1732,464,1260,1893,453,1219,2074,426,1147,2184,461,1115,2212
GOLDSCARS_mono_0091,167.6,0.028,UH,16,Silver,3065,5214,401,1816,2345,335,1876,2252,319,1886,2131,315,1807,2074,318,1822,2047
GOLDSCARS_mono_0092,145.4,0.038,AH,3,Black,3066,4857,373,1664,2175,400,1646,2205,413,1614,2236,390,1566,2249,326,1569,2293
GOLDSCARS_mono_0093,138.9,0.08,IY,13,Pink,3067,4500,308,1962,2570,305,1994,2490,313,2022,2477,361,1972,2443,343,2003,2456
GOLDSCARS_mono_0094,104.6,0.03,IH,11,Teal,3068,4500,343,1790,2165,353,1753,2128,345,1740,2072,354,1686,2002,350,1616,2010
GOLDSCARS_mono_0095,97.2,0.048,AH,3,Black,3069,4857,398,1281,2303,402,1248,2273,399,1135,2216,387,1047,2207,330,999,2227
GOLDSCARS_mono_0096,86.4,0.038,IH,11,Teal,3070,6286,496,1267,2419,520,1389,2409,517,1531,2376,459,1548,2430,360,1540,2404
GOLDSCARS_mono_0097,80.1,0.108,OW,14,Maroon,3071,4857,448,1437,2325,466,1307,2332,461,1222,2326,450,1239,2344,419,1261,2337
GOLDSCARS_mono_0098,96.8,0.05,OW,14,Maroon,3072,5214,419,956,2001,433,925,2047,443,885,2161,444,863,2242,438,862,2363
GOLDSCARS_mono_0099,94.8,0.058,AA,1,Red,3073,5214,520,985,2794,537,993,2852,570,1022,2876,574,994,2858,580,977,2805
GOLDSCARS_mono_0100,92.3,0.068,AY,7,Magenta,3074,5571,505,1252,2291,497,1410,2273,501,1472,2404,493,1483,2423,453,1523,2352
GOLDSCARS_mono_0101,75.1,0.12,OW,14,Maroon,3075,5929,548,1248,2351,597,1211,2338,579,1167,2293,510,1170,2392,551,1174,2293
GOLDSCARS_mono_0102,92.4,0.06,OW,14,Maroon,3076,5571,510,1358,2139,494,1128,2163,478,1124,2092,445,1069,2101,416,1027,2043
GOLDSCARS_mono_0103,104.1,0.06,ER,9,Lime,3077,5571,401,1192,1743,419,1212,1743,421,1245,1754,422,1237,1759,417,1211,1708
GOLDSCARS_mono_0104,106.7,0.05,ER,9,Lime,3078,5929,413,1440,1706,403,1448,1811,395,1418,1989,380,1438,2226,369,1427,2404
GOLDSCARS_mono_0105,81.2,0.138,EY,10,Purple,3079,5929,529,1626,2423,563,1659,2397,540,1710,2368,501,1748,2384,447,1771,2411
GOLDSCARS_mono_0106,89.5,0.06,AH,3,Black,3080,4857,398,1587,2355,411,1561,2244,384,1526,1994,355,1518,1877,290,1511,1762
GOLDSCARS_mono_0107,99.3,0.08,ER,9,Lime,3081,4500,401,1172,1577,414,1086,1566,440,1047,1580,478,1047,1625,533,1116,1685
GOLDSCARS_mono_0108,185.7,0.118,AE,2,Blue,3082,5571,699,1316,1948,803,1409,2272,850,1426,2366,937,1456,2422,889,1524,2414
GOLDSCARS_mono_0109,0,0.048,IH,11,Teal,3083,4857,462,1532,2218,413,1575,2188,384,1618,2089,360,1809,1968,328,1873,1954
GOLDSCARS_mono_0110,0,0.04,IH,11,Teal,3084,4500,422,1561,2230,424,1525,2245,441,1505,2229,435,1477,2205,370,1412,2164
GOLDSCARS_mono_0111,72,0.06,AH,3,Black,3085,4500,462,1503,2286,463,1483,2291,453,1480,2329,426,1465,2324,351,1441,2320
GOLDSCARS_mono_0112,83.5,0.08,OW,14,Maroon,3086,4857,500,1141,2184,419,1106,2203,462,1011,2242,415,996,2283,321,937,2275
GOLDSCARS_mono_0113,76.6,0.04,AH,3,Black,3087,4500,470,1353,2298,512,1379,2326,497,1425,2363,491,1442,2393,437,1429,2403
GOLDSCARS_mono_0114,77.3,0.048,AE,2,Blue,3088,4857,569,1549,2478,564,1546,2462,561,1558,2417,542,1568,2373,511,1568,2440
GOLDSCARS_mono_0115,104.8,0.09,UW,17,Cyan,3089,4500,392,1733,2215,408,1685,2175,396,1589,2139,376,1502,2079,396,1459,2070
GOLDSCARS_mono_0116,105.2,0.098,OW,14,Maroon,3090,4500,530,1176,2152,438,1072,2225,403,973,2244,366,916,2287,311,903,2270
GOLDSCARS_mono_0117,131.1,0.04,AH,3,Black,3091,5571,412,1431,2384,412,1491,2401,396,1526,2417,380,1543,2384,358,1513,2360
GOLDSCARS_mono_0118,93.5,0.158,AE,2,Blue,3092,5929,504,1619,2539,718,1584,2522,851,1531,2402,807,1613,2472,644,1707,2537
GOLDSCARS_mono_0119,102.4,0.11,UW,17,Cyan,3093,4500,344,1905,2285,357,1781,2236,353,1618,2137,370,1471,2103,365,1451,2085
GOLDSCARS_mono_0120,158.2,0.058,AA,1,Red,3094,6643,593,1446,2565,634,1375,2542,640,1329,2517,645,1297,2519,600,1324,2578
GOLDSCARS_mono_0121,169.8,0.038,IY,13,Pink,3095,5929,386,1701,2658,356,1763,2593,337,1820,2503,318,1830,2477,303,1810,2477
GOLDSCARS_mono_0122,98.8,0.148,AW,5,Olive,3096,6643,630,1502,2439,786,1463,2472,842,1337,2370,806,1185,2414,796,1105,2462
GOLDSCARS_mono_0123,0,0.078,AY,7,Magenta,3097,5571,571,1226,2381,701,1320,2417,611,1368,2136,503,1377,2329,721,1496,2272
GOLDSCARS_mono_0124,113.3,0.058,AE,2,Blue,3098,5929,865,1419,2355,897,1380,2408,865,1354,2379,829,1332,2339,774,1336,2356
GOLDSCARS_mono_0125,137.5,0.048,ER,9,Lime,3099,4857,377,1424,2045,387,1405,1906,397,1389,1872,402,1374,1803,401,1378,1783
GOLDSCARS_mono_0126,122.8,0.05,AH,3,Black,3100,4500,391,1345,1766,374,1347,1765,357,1334,1754,375,1357,1825,297,1462,2174
GOLDSCARS_mono_0127,119.4,0.048,UW,17,Cyan,3101,4857,272,1687,1941,272,1603,1881,282,1501,1867,309,1385,1901,253,1548,2058
GOLDSCARS_mono_0128,101.6,0.09,AY,7,Magenta,3102,4857,635,1154,2428,628,1260,2382,588,1429,2290,524,1590,2296,467,1659,2449
GOLDSCARS_mono_0129,102.3,0.038,AH,3,Black,3103,4857,472,1473,2471,414,1418,2453,404,1390,2471,391,1337,2452,362,1327,2409
GOLDSCARS_mono_0130,102.6,0.04,AH,3,Black,3104,5214,476,1319,2469,502,1307,2451,509,1289,2452,503,1270,2463,462,1246,2475
GOLDSCARS_mono_0131,99.9,0.038,IH,11,Teal,3105,6286,361,1680,2171,338,1819,2186,333,1891,2155,321,1949,2114,333,2053,2116
GOLDSCARS_mono_0132,119.1,0.11,EY,10,Purple,3106,5571,379,1836,2555,404,1880,2661,359,2003,2727,327,2091,2723,261,2193,2701
GOLDSCARS_mono_0133,125.4,0.168,IY,13,Pink,3107,5571,294,2062,2540,278,2221,2613,316,1988,2422,303,1827,2395,300,1847,2376
GOLDSCARS_mono_0134,94.4,0.088,EH,8,Black,3108,5929,585,1893,2795,563,1870,2726,575,1882,2758,458,1929,2753,414,2065,2626
GOLDSCARS_mono_0135,66.1,0.14,EY,10,Purple,3109,6286,405,2082,2807,416,2048,2776,379,2061,2779,394,2132,2872,370,2212,2982
GOLDSCARS_mono_0136,90.9,0.058,AY,7,Magenta,3110,5929,445,1583,2514,485,1553,2466,505,1511,2405,550,1458,2389,563,1307,2380
GOLDSCARS_mono_0137,85.7,0.028,AA,1,Red,3111,5214,527,905,1921,548,939,2037,554,960,2148,567,1012,2338,542,1046,2395
GOLDSCARS_mono_0138,90.5,0.048,ER,9,Lime,3112,4857,368,1486,2004,362,1474,1903,352,1479,1890,337,1491,1851,318,1529,1868
GOLDSCARS_mono_0139,0,0.028,AH,3,Black,3113,4857,423,1495,2390,378,1429,2378,328,1385,2427,302,1374,2460,289,1341,2408
GOLDSCARS_mono_0140,73.7,0.048,AH,3,Black,3114,5571,425,1283,2471,456,1196,2477,455,1239,2447,413,1174,2413,392,1269,2434
GOLDSCARS_mono_0141,63.2,0.118,AA,1,Red,3115,5571,567,1010,2130,514,1000,2329,553,1016,2748,712,1018,1980,601,1066,1998
GOLDSCARS_mono_0142,129.1,0.058,IH,11,Teal,3116,5929,326,2020,2524,361,2054,2562,375,1957,2498,368,1912,2487,393,1829,2474
GOLDSCARS_mono_0143,110.7,0.098,EY,10,Purple,3117,4500,335,1228,2057,332,1183,2124,329,1115,2149,341,1041,2130,323,1297,2086
GOLDSCARS_mono_0144,0,0.058,AH,3,Black,3118,5214,753,1384,2599,610,1381,2577,509,1474,2431,410,1584,2362,328,1623,2309
GOLDSCARS_mono_0145,152.8,0.048,IH,11,Teal,3119,6286,354,1788,2578,407,1772,2547,434,1671,2579,422,1623,2603,391,1561,2601
GOLDSCARS_mono_0146,137.7,0.08,UW,17,Cyan,3120,4500,249,1485,2024,259,1372,1863,266,1187,1896,289,1231,2027,279,1351,2106
GOLDSCARS_mono_0147,133.3,0.14,AY,7,Magenta,3121,6286,639,1224,2887,676,1284,2874,711,1343,2746,663,1487,2535,559,1562,2551
GOLDSCARS_mono_0148,118.5,0.048,AA,1,Red,3122,5571,584,1578,2535,581,1535,2522,570,1483,2473,555,1460,2460,565,1440,2422
GOLDSCARS_mono_0149,107.6,0.04,AH,3,Black,3123,5571,387,1333,2446,406,1362,2414,403,1404,2451,338,1427,2439,246,1459,2425
GOLDSCARS_mono_0150,121.5,0.06,UW,17,Cyan,3124,4500,269,1570,1970,268,1495,1913,273,1452,1968,283,1442,1999,295,1442,2019
GOLDSCARS_mono_0151,74.2,0.108,ER,9,Lime,3125,5214,366,1485,1829,363,1495,1883,370,1504,1841,348,1520,1843,342,1525,1988
GOLDSCARS_mono_0152,86.1,0.038,EH,8,Black,3126,4857,388,1641,2552,451,1603,2519,507,1481,2497,548,1404,2529,541,1295,2535
GOLDSCARS_mono_0153,77.3,0.048,IH,11,Teal,3127,4857,505,1199,2265,490,1336,2372,542,1529,2486,577,1597,2341,637,1607,2261
GOLDSCARS_mono_0154,123,0.2,UW,17,Cyan,3128,4857,286,1411,1936,283,1087,1890,303,972,1934,333,1105,1902,313,1264,1925
GOLDSCARS_mono_0155,124.2,0.09,UW,17,Cyan,3129,4500,296,1485,1935,331,1386,1884,345,1265,1880,337,1094,1873,323,1106,1938
GOLDSCARS_mono_0156,89.9,0.058,AY,7,Magenta,3130,5214,520,1189,2237,502,1301,2205,448,1494,2199,387,1642,2227,295,1720,2301
GOLDSCARS_mono_0157,85.3,0.03,AH,3,Black,3131,4500,359,1053,2104,343,1057,2105,342,1093,2101,288,1091,2106,289,1105,2090
GOLDSCARS_mono_0158,88.7,0.05,AH,3,Black,3132,4500,414,1230,2225,419,1270,2237,429,1296,2242,413,1298,2287,265,1395,2296
GOLDSCARS_mono_0159,99.7,0.07,AW,5,Olive,3133,5929,579,1494,2430,640,1442,2418,732,1357,2446,760,1278,2458,719,1245,2453
GOLDSCARS_mono_0160,74.9,0.08,EH,8,Black,3134,4500,634,1356,2371,646,1414,2329,671,1421,2285,685,1483,2188,661,1539,2162
GOLDSCARS_mono_0161,87.5,0.04,AH,3,Black,3135,5214,647,1339,2481,542,1333,2472,521,1310,2442,479,1300,2428,412,1253,2395
GOLDSCARS_mono_0162,72.3,0.128,IY,13,Pink,3136,5214,272,2056,2853,286,2083,2830,298,2086,2836,282,2136,2759,295,2008,2651
GOLDSCARS_mono_0163,157.9,0.06,AE,2,Blue,3137,6286,571,1566,2535,657,1498,2461,708,1477,2440,734,1377,2384,757,1359,2412
GOLDSCARS_mono_0164,118.5,0.038,AH,3,Black,3138,5929,674,1153,2805,683,1188,2770,629,1199,2777,565,1201,2654,537,1243,2612
GOLDSCARS_mono_0165,96.9,0.08,ER,9,Lime,3139,4500,385,1467,1921,391,1442,1818,393,1430,1758,404,1410,1749,400,1398,1730
GOLDSCARS_mono_0166,88.4,0.05,AH,3,Black,3140,4500,382,1404,1727,368,1433,1711,333,1443,1700,298,1441,1759,275,1488,1800
GOLDSCARS_mono_0167,76.9,0.118,IY,13,Pink,3141,4857,350,1743,2172,296,1801,2299,280,1719,2261,282,1452,2305,231,1410,2183
GOLDSCARS_mono_0168,109.4,0.07,IH,11,Teal,3142,7000,1005,2674,3895,1057,2691,3962,1098,2684,3988,1208,2836,4101,1251,2659,4133
GOLDSCARS_mono_0169,127.6,0.048,AH,3,Black,3143,5571,345,1543,2541,354,1543,2512,372,1529,2522,356,1510,2517,325,1473,2497
GOLDSCARS_mono_0170,105,0.03,AH,3,Black,3144,4500,377,1443,2384,342,1429,2378,321,1413,2388,310,1379,2393,297,1325,2399
GOLDSCARS_mono_0171,109.4,0.038,AH,3,Black,3145,4857,340,1361,2393,348,1344,2384,352,1301,2371,308,1236,2368,245,1228,2327
GOLDSCARS_mono_0172,78.3,0.098,IY,13,Pink,3146,4500,339,1742,2307,329,1812,2469,331,1833,2451,346,1785,2463,324,1741,2382
GOLDSCARS_mono_0173,92.7,0.038,AH,3,Black,3147,4857,621,1480,2459,595,1436,2412,578,1418,2274,573,1349,2346,576,1331,2351
GOLDSCARS_mono_0174,99.6,0.068,AA,1,Red,3148,5571,599,925,2793,625,984,2784,643,1063,2719,607,1129,2658,583,1168,2602
GOLDSCARS_mono_0175,108.4,0.048,AH,3,Black,3149,4857,371,1589,2476,366,1614,2466,339,1705,2491,313,1769,2519,280,1793,2624
GOLDSCARS_mono_0176,100.5,0.038,EH,8,Black,3150,6286,395,1650,2603,437,1580,2665,454,1458,2721,492,1339,2770,496,1281,2752
GOLDSCARS_mono_0177,102.7,0.08,OW,14,Maroon,3151,5214,406,959,2627,388,925,2543,382,855,2537,358,793,2477,306,796,2470
GOLDSCARS_mono_0178,80.8,0.08,UW,17,Cyan,3152,4857,334,1230,2274,327,1198,2163,314,1144,2082,306,1092,2057,273,1106,2032
GOLDSCARS_mono_0179,82.6,0.04,IH,11,Teal,3153,4500,447,1755,2309,461,1690,2249,468,1702,2344,450,1652,2378,445,1648,2360
GOLDSCARS_mono_0180,82.8,0.038,AH,3,Black,3154,5929,394,1248,2306,432,1146,2422,415,1021,2478,403,977,2479,398,960,2556
GOLDSCARS_mono_0181,74.1,0.05,AH,3,Black,3155,4500,229,1448,1491,419,1373,1858,434,1374,1924,291,1280,1835,258,1328,2051
GOLDSCARS_mono_0182,72.7,0.05,AW,5,Olive,3156,5214,696,1242,2113,667,1240,2087,655,1240,2016,607,1179,1881,596,1210,1818
GOLDSCARS_mono_0183,69.5,0.07,ER,9,Lime,3157,4500,612,1184,1842,606,1124,1838,539,1099,1813,566,1111,1961,675,1130,2038
GOLDSCARS_mono_0184,137.7,0.04,AO,4,Green,3158,6643,511,1223,2681,569,937,2681,585,951,2663,627,901,2700,730,899,2662
GOLDSCARS_mono_0185,87.8,0.058,AA,1,Red,3159,6643,627,1203,2740,669,1181,2789,686,1159,2435,681,1156,2422,670,1168,2436
GOLDSCARS_mono_0186,140.1,0.048,AH,3,Black,3160,5571,649,1384,2472,621,1394,2456,555,1395,2425,434,1440,2460,242,1298,2459
GOLDSCARS_mono_0187,255,0.13,IY,13,Pink,3161,5571,280,1758,2447,285,1880,2457,265,1694,2430,275,1726,2404,276,1492,2340
GOLDSCARS_mono_0188,133.5,0.048,AA,1,Red,3162,6286,613,1270,2258,643,1222,2256,648,1217,2344,629,1212,2373,577,1205,2348
GOLDSCARS_mono_0189,77.5,0.08,ER,9,Lime,3163,4500,438,1063,1634,462,1170,1657,472,1278,1747,440,1350,1731,443,1408,2108
H015469YY_mono_0001,100.8,0.428,OW,14,Maroon,3164,5214,558,1346,2403,588,1184,2352,441,982,2446,365,788,2486,315,788,2381
H015469YY_mono_0002,168.5,0.028,IH,11,Teal,3165,4857,321,1798,2525,329,1866,2551,357,1798,2558,362,1836,2603,500,1843,2545
H015469YY_mono_0003,100.1,0.07,AO,4,Green,3166,4500,300,454,2118,323,509,1844,355,639,2124,390,788,2092,429,857,2077
H015469YY_mono_0004,97.3,0.108,IH,11,Teal,3167,4857,582,1662,2604,558,1683,2669,554,1951,2631,515,1971,2646,504,1899,2628
H015469YY_mono_0005,89.2,0.11,AY,7,Magenta,3168,6643,773,1186,3359,712,1197,3342,677,1488,3547,498,1657,3558,435,1801,3509
H015469YY_mono_0006,97.4,0.07,OW,14,Maroon,3169,7000,467,862,3241,466,864,3243,453,850,3244,424,795,3298,425,795,3271
H015469YY_mono_0007,88.9,0.06,AH,3,Black,3170,7000,630,1135,3420,604,1169,3545,617,1109,3536,615,1157,3525,541,1169,3504
H015469YY_mono_0008,88.6,0.138,EY,10,Purple,3171,5214,566,1629,2565,468,1898,2651,374,2009,2667,357,2147,2637,355,2039,2720
H015469YY_mono_0009,0,0.05,AE,2,Blue,3172,5214,561,1679,2631,572,1684,2688,584,1639,2578,572,1653,2612,585,1617,2567
H015469YY_mono_0010,84.2,0.028,IH,11,Teal,3173,5214,534,1616,2155,528,1623,2170,545,1584,2039,537,1555,2057,509,1566,2261
H015469YY_mono_0011,103.8,0.07,IY,13,Pink,3174,6286,328,2260,3091,310,2316,3138,305,2399,3232,307,2516,3137,312,2539,3075
H015469YY_mono_0012,97.5,0.1,IY,13,Pink,3175,6286,303,2822,3414,300,2814,3411,316,2812,3214,329,2728,3202,362,2523,2933
H015469YY_mono_0013,94.4,0.038,IY,13,Pink,3176,6286,383,2299,2530,353,2115,2530,320,2006,2500,349,1945,2474,352,1906,2542
H015469YY_mono_0014,82,0.05,AH,3,Black,3177,4500,550,1647,2130,621,1548,2060,632,1488,2068,616,1444,2058,555,1236,2065
H015469YY_mono_0015,80,0.048,AY,7,Magenta,3178,6286,611,1493,2242,626,1584,2222,609,1575,2234,568,1592,2243,515,1638,2280
H015469YY_mono_0016,74.2,0.108,OW,14,Maroon,3179,5214,546,1432,2117,531,1366,2084,501,1198,2141,463,888,2148,442,841,2063
H015469YY_mono_0017,75.6,0.08,AA,1,Red,3180,4500,464,897,2076,506,980,2054,555,1109,2024,545,1182,2194,533,1308,2210
H015469YY_mono_0018,71.5,0.03,IY,13,Pink,3181,6286,447,2276,3505,449,2280,3403,436,2264,3385,442,2240,3349,373,2131,3189
H015469YY_mono_0019,213.3,0.088,EH,8,Black,3182,6286,448,1214,2869,575,1418,3082,716,1484,2878,761,1361,3244,781,1373,3283
H015469YY_mono_0020,0,0.03,ER,9,Lime,3183,5929,448,1295,3452,469,1346,3522,511,1444,3474,575,1654,3496,629,1602,3447
H015469YY_mono_0021,109.8,0.07,EY,10,Purple,3184,7000,480,1648,3113,468,1817,2935,402,1935,3499,367,2071,3576,382,2005,3556
H015469YY_mono_0022,69.4,0.07,AA,1,Red,3185,4857,449,1500,2236,546,1348,2141,559,1132,2028,609,1099,1785,619,1055,1758
H015469YY_mono_0023,70.9,0.12,AY,7,Magenta,3186,5214,617,1272,1722,609,1508,1906,542,1587,2016,468,1701,2163,435,1889,2424
H015469YY_mono_0024,95.1,0.05,AH,3,Black,3187,5214,700,1128,1750,684,1082,1777,543,933,1698,454,915,1714,388,928,1688
H015469YY_mono_0025,79.3,0.058,AH,3,Black,3188,6643,635,1470,3936,683,1389,3880,613,1262,3727,586,1215,3698,507,1151,3555
H015469YY_mono_0026,0,0.03,IH,11,Teal,3189,7000,436,1666,3867,476,1663,3897,490,1663,3909,477,1671,3897,492,1715,3844
H015469YY_mono_0027,0,0.05,AE,2,Blue,3190,6643,759,1581,3085,802,1495,3319,802,1490,3015,764,1445,3191,805,1466,3390
H015469YY_mono_0028,83,0.088,AA,1,Red,3191,6643,766,1146,3457,695,1078,3300,670,1075,3563,693,1100,2192,655,1209,2042
H015469YY_mono_0029,76.4,0.118,AH,3,Black,3192,4857,422,1544,2803,451,1508,2854,460,1514,1763,424,992,1542,432,1080,1597
H015469YY_mono_0030,87.5,0.13,AE,2,Blue,3193,4857,667,1372,1712,710,1227,1732,708,1228,1577,700,1219,1675,597,1254,1697
H015469YY_mono_0031,85.8,0.038,AH,3,Black,3194,5929,547,1138,1317,565,1226,1349,597,1247,1383,589,1445,1614,569,1424,1963
H015469YY_mono_0032,94.9,0.09,EH,8,Black,3195,4500,626,1565,2185,637,1600,2447,658,1562,2398,650,1485,2424,621,1416,2186
H015469YY_mono_0033,99.5,0.09,ER,9,Lime,3196,5214,439,1152,1458,447,1157,1527,436,1229,1571,469,1133,1573,488,1340,1640
H015469YY_mono_0034,115.9,0.08,ER,9,Lime,3197,4500,425,1383,1838,430,1271,1672,431,1262,1615,431,1339,1599,416,1277,1588
H015469YY_mono_0035,109.9,0.05,IY,13,Pink,3198,4500,320,508,2528,310,471,2527,307,481,2515,277,519,2398,297,394,2369
H015469YY_mono_0036,104.4,0.058,IH,11,Teal,3199,5929,388,2114,3527,394,2135,3162,386,2104,3069,342,2181,2671,339,2144,2539
H015469YY_mono_0037,87.1,0.04,EH,8,Black,3200,7000,658,1657,2837,649,1629,2949,637,1579,2861,593,1567,2758,554,1494,2715
H015469YY_mono_0038,78.2,0.048,AH,3,Black,3201,5571,450,1478,2999,449,1351,2712,464,1338,2731,468,1337,2863,461,1311,2801
H015469YY_mono_0039,0,0.098,AW,5,Olive,3202,4500,670,1002,1384,716,1227,1406,717,1217,1293,706,1224,1560,678,1174,1537
H015469YY_mono_0040,135.2,0.16,AY,7,Magenta,3203,4857,682,1432,1954,837,1232,2024,851,1128,1980,832,1263,2102,715,1233,2138
H015469YY_mono_0041,0,0.048,UH,16,Silver,3204,6286,495,1059,2674,493,1104,2642,487,1123,2675,463,1136,2743,478,1110,2832
H015469YY_mono_0042,156.9,0.16,IH,11,Teal,3205,7000,321,2084,3455,295,2449,3315,268,2983,3480,290,2702,3314,367,2131,3050
H015469YY_mono_0043,90.5,0.078,AY,7,Magenta,3206,5571,621,1203,2873,618,1447,2892,556,1621,2826,445,1676,2809,412,1811,2645
H015469YY_mono_0044,113.2,0.04,AH,3,Black,3207,5214,590,1607,2759,568,1666,2716,578,1691,2758,570,1683,2799,545,1600,2793
H015469YY_mono_0045,130.4,0.06,EY,10,Purple,3208,7000,379,2868,3636,386,2818,3661,388,2796,3592,377,2782,3606,351,2746,3673
H015469YY_mono_0046,104.3,0.03,AH,3,Black,3209,7000,401,1640,2693,406,1566,2696,426,1463,2719,430,1272,2757,396,1172,2750
H015469YY_mono_0047,110.4,0.07,UW,17,Cyan,3210,4500,278,1342,2532,277,1314,2533,257,1154,2482,248,1132,2116,237,999,2024
H015469YY_mono_0048,124.4,0.19,EY,10,Purple,3211,5214,653,1679,2851,605,1734,2807,528,1581,2752,455,1592,2596,375,1883,2588
H015469YY_mono_0049,75.4,0.028,AE,2,Blue,3212,5571,597,1457,2509,578,1384,2524,564,1449,2520,553,1445,2548,539,1403,2593
H015469YY_mono_0050,0,0.034,UW,17,Cyan,3213,4857,343,2201,2737,320,1969,2636,291,1749,2506,239,1752,2557,253,1620,2542
H015469YY_mono_0051,97.3,0.08,EH,8,Black,3214,4500,678,1259,1726,765,1426,2099,760,1546,2254,811,1552,2261,809,1612,2335
H015469YY_mono_0052,91.7,0.058,AH,3,Black,3215,6643,373,1703,3443,394,1711,3338,436,1707,3289,473,1686,3256,443,1699,3236
H015469YY_mono_0053,0,0.03,IH,11,Teal,3216,4500,465,1352,1673,505,1636,1659,489,1659,1785,509,1684,1706,553,1642,1711
H015469YY_mono_0054,0,0.028,IH,11,Teal,3217,4857,632,1631,2471,715,1564,2471,822,1555,2448,771,1592,2363,787,1639,2338
H015469YY_mono_0055,0,0.04,AH,3,Black,3218,5214,755,1820,3271,828,1944,3204,919,1806,3174,978,1746,3000,1096,1696,2760
H015469YY_mono_0056,0,0.04,AW,5,Olive,3219,7000,695,1146,3517,691,1154,3475,718,1142,3417,665,1110,2644,637,1125,2614
H015469YY_mono_0057,79.9,0.128,EY,10,Purple,3220,5214,519,1642,2463,467,1802,2636,421,1992,2611,415,2119,2625,410,2298,2595
H015469YY_mono_0058,76.4,0.09,ER,9,Lime,3221,7000,478,1640,2784,518,1539,3407,520,1548,3592,512,1631,3682,458,1639,3431
H015469YY_mono_0059,76.5,0.19,AA,1,Red,3222,6643,688,1305,3469,740,1311,3424,743,1267,3428,726,1262,3608,753,1231,3444
H015469YY_mono_0060,95.8,0.04,AY,7,Magenta,3223,4500,676,1245,1480,666,1219,1500,706,1148,1579,771,1277,1644,825,1259,1633
H015469YY_mono_0061,111.8,0.09,AA,1,Red,3224,5571,730,1530,2994,806,1360,2988,815,1207,3080,792,1125,2890,719,1066,2277
H015469YY_mono_0062,89.1,0.05,AY,7,Magenta,3225,4500,566,1232,1500,543,1272,1526,542,1272,1585,508,1149,1592,445,1087,1603
H015469YY_mono_0063,79.4,0.048,IY,13,Pink,3226,5571,406,1902,2365,394,1992,2056,397,2031,2241,396,2008,2231,375,1710,2261
H015469YY_mono_0064,83.1,0.118,AO,4,Green,3227,4857,385,1334,2080,414,894,2055,402,712,1683,430,751,2319,464,895,1777
H015469YY_mono_0065,89.6,0.028,AH,3,Black,3228,5214,459,1405,1702,481,1428,1697,492,1432,1733,466,1460,1795,470,1480,1800
H015469YY_mono_0066,117.3,0.06,OW,14,Maroon,3229,4857,443,888,2490,486,899,2897,484,875,2621,394,845,2265,517,867,2171
H015469YY_mono_0067,97.1,0.068,AY,7,Magenta,3230,5214,673,1257,2151,681,1270,2096,675,1367,2446,632,1331,2461,578,1346,2457
H015469YY_mono_0068,91.7,0.028,AH,3,Black,3231,5214,427,1578,2352,419,1711,2338,410,1860,2310,394,1882,2248,406,1888,2327
H015469YY_mono_0069,115.5,0.038,AO,4,Green,3232,4857,483,882,2433,482,845,2312,476,849,2242,494,899,2131,507,942,2056
H015469YY_mono_0070,126.8,0.05,ER,9,Lime,3233,4500,404,1180,1560,440,1247,1560,491,1322,1743,449,1377,1772,396,1409,1822
H015469YY_mono_0071,121.3,0.078,AO,4,Green,3234,5571,388,1161,2814,411,1072,2432,434,938,2091,444,930,1893,435,928,1812
H015469YY_mono_0072,99,0.028,AH,3,Black,3235,5571,393,1623,1629,389,1618,1754,376,1598,1871,363,1576,2140,326,1510,2310
H015469YY_mono_0073,87.8,0.058,AE,2,Blue,3236,5214,573,1375,1851,655,1427,1883,659,1369,1886,627,1272,1882,543,1197,1878
H015469YY_mono_0074,0,0.03,AH,3,Black,3237,6643,488,1563,3449,449,1566,3677,434,1630,3330,389,1716,3199,372,1729,3093
H015469YY_mono_0075,102.1,0.058,OW,14,Maroon,3238,5214,517,1333,2165,480,1246,2193,448,1212,2221,432,1159,2067,414,1161,2076
H015469YY_mono_0076,84.7,0.1,EY,10,Purple,3239,5929,463,1641,1829,480,1906,2570,433,1982,2648,425,2026,2671,353,2094,2719
H015469YY_mono_0077,91.6,0.048,AH,3,Black,3240,5571,367,1117,2548,425,1098,3308,462,1007,3099,458,972,3328,443,920,3316
H015469YY_mono_0078,0,0.14,AO,4,Green,3241,5571,536,1134,2609,483,998,2651,469,831,2661,481,549,2535,490,855,2157
H015469YY_mono_0079,0,0.03,AH,3,Black,3242,4500,538,1272,1598,533,1346,1669,503,1400,1684,470,1408,1672,444,1460,1672
H015469YY_mono_0080,330.4,0.1,UW,17,Cyan,3243,6286,335,1755,3276,357,1685,3203,366,1653,2490,342,1692,2448,368,1724,2441
H015469YY_mono_0081,105.9,0.038,EY,10,Purple,3244,4857,438,1675,2626,446,1683,2519,437,1627,2275,437,1582,2036,443,1494,1808
H015469YY_mono_0082,91.6,0.098,OW,14,Maroon,3245,5571,608,1108,2132,612,1107,2114,585,1117,2153,521,1092,1914,480,1113,1860
H015469YY_mono_0083,79.4,0.078,AW,5,Olive,3246,6643,790,1096,3348,727,1062,3275,705,1082,3365,687,1061,3450,693,1057,3463
H015469YY_mono_0084,130.3,0.1,AE,2,Blue,3247,7000,503,2539,3237,656,2398,3004,719,2129,3033,727,2028,3009,671,1860,2564
H015469YY_mono_0085,113.1,0.09,IH,11,Teal,3248,4500,316,2123,2551,324,2050,2574,354,1960,2475,351,1883,2476,352,1693,2128
H015469YY_mono_0086,0,0.12,OW,14,Maroon,3249,7000,452,1656,3332,542,1501,3388,582,1424,3474,543,1334,3461,589,1254,3516
H015469YY_mono_0087,105.6,0.06,IH,11,Teal,3250,4500,426,578,1890,398,589,1900,416,1458,1837,418,1490,1819,306,1710,1810
H015469YY_mono_0088,101.3,0.1,AH,3,Black,3251,7000,629,1137,3314,700,1254,3106,679,1329,3142,644,1443,2685,601,1524,2640
H015469YY_mono_0089,113.6,0.14,EY,10,Purple,3252,6286,533,1726,2601,551,1817,2872,575,1802,3063,562,1833,3154,509,1914,3135
H015469YY_mono_0090,188.1,0.13,EH,8,Black,3253,7000,511,1943,3070,543,1923,3025,578,1853,2903,617,1669,2531,600,1620,2660
H015469YY_mono_0091,75.8,0.08,ER,9,Lime,3254,5214,464,1502,2504,468,1490,2185,431,1541,1978,384,1605,2097,354,1624,2104
H015469YY_mono_0092,271.8,0.15,IY,13,Pink,3255,4500,353,1834,2402,357,1879,2079,355,1987,2146,348,2038,2179,357,1980,2214
H015469YY_mono_0093,89.2,0.12,AY,7,Magenta,3256,5214,678,1386,2163,654,1524,2221,585,1528,2171,426,1446,2047,403,1685,2186
H015469YY_mono_0094,87.4,0.108,AE,2,Blue,3257,5929,816,1585,2921,830,1539,2826,847,1470,2496,854,1418,2605,809,1252,2457
H015469YY_mono_0095,0,0.08,AE,2,Blue,3258,7000,748,1310,3313,723,1327,3317,793,1315,3527,812,1322,3625,791,1314,3708
H015469YY_mono_0096,98.1,0.03,IH,11,Teal,3259,4500,299,1565,2150,303,1555,2119,323,1597,2196,331,1610,2224,331,1604,1802
H015469YY_mono_0097,149.3,0.09,AH,3,Black,3260,7000,357,1732,3657,390,1678,3680,387,1646,3648,337,1633,3095,321,1683,3253
H015469YY_mono_0098,0,0.16,AE,2,Blue,3261,5214,570,1815,3167,697,1678,2216,725,1526,2078,758,1370,1925,777,1189,1304
H015469YY_mono_0099,96.6,0.128,UW,17,Cyan,3262,5214,447,1269,1642,452,1357,1761,466,1347,1817,463,1234,1869,476,1170,1926
H015469YY_mono_0100,154.9,0.048,AY,7,Magenta,3263,5571,690,1469,2992,666,1481,3004,622,1483,2918,595,1491,2944,499,1536,2879
H015469YY_mono_0101,173.7,0.05,UH,16,Silver,3264,7000,381,1686,3760,374,1733,3787,368,1727,3801,339,1729,3739,327,1741,3766
H015469YY_mono_0102,165.5,0.048,AH,3,Black,3265,5571,357,1023,1800,367,1236,1746,381,1702,1754,364,1676,2035,381,1684,2436
H015469YY_mono_0103,119.2,0.23,IY,13,Pink,3266,4500,328,1828,2495,310,1942,2567,331,1959,2560,316,2023,2593,312,1936,2479
H015469YY_mono_0104,119.8,0.04,AH,3,Black,3267,4500,414,1365,1434,388,1183,1569,401,1050,1633,408,990,1931,392,928,1956
H015469YY_mono_0105,76.3,0.06,IH,11,Teal,3268,5571,433,1312,1947,450,1613,2109,453,1727,1898,464,1736,1841,436,1697,1912
H015469YY_mono_0106,76.5,0.228,OW,14,Maroon,3269,5929,542,1401,1590,553,1270,1538,548,1295,1997,520,1148,2185,413,1076,2235
H015469YY_mono_0107,85.4,0.048,AY,7,Magenta,3270,6286,718,1221,3463,701,1307,3488,702,1375,3463,747,1541,3458,758,1636,3458
H015469YY_mono_0108,78.8,0.18,OW,14,Maroon,3271,7000,638,1268,3579,695,1264,3547,563,1171,3575,500,1070,3235,455,1040,3437
H015469YY_mono_0109,180.2,0.068,AE,2,Blue,3272,5214,562,1777,2264,532,1761,2229,522,1772,2557,548,1755,1844,547,1719,1859
H015469YY_mono_0110,0,0.038,OW,14,Maroon,3273,4857,678,1070,2481,585,956,2728,497,963,2571,517,959,2646,506,921,2723
H015469YY_mono_0111,0,0.028,ER,9,Lime,3274,5214,443,1228,1511,413,1246,1556,412,1247,1560,410,1233,1601,400,1210,1631
H015469YY_mono_0112,0,0.038,AH,3,Black,3275,6286,491,1322,3472,503,1256,3354,484,1231,3334,446,1160,3354,435,1109,3368
H015469YY_mono_0113,77.9,0.03,AH,3,Black,3276,5929,477,1062,2983,478,1114,3142,486,1213,3128,464,1243,3182,422,1243,3361
H015469YY_mono_0114,173.1,0.26,EY,10,Purple,3277,5214,479,1649,2240,542,1681,1782,513,1769,2051,397,1918,2111,345,1996,2317
H015469YY_mono_0115,107.1,0.16,ER,9,Lime,3278,4500,347,1215,1948,371,943,1728,354,902,1578,347,867,1304,473,1007,1419
H015469YY_mono_0116,105.7,0.13,AE,2,Blue,3279,7000,744,1562,3221,770,1486,3079,765,1385,2909,787,1361,2732,741,1282,2596
H015469YY_mono_0117,101.2,0.038,IH,11,Teal,3280,4857,417,1471,2526,413,1659,2761,404,1695,2675,363,1615,2539,298,1624,2530
H015469YY_mono_0118,82.4,0.06,IH,11,Teal,3281,4857,379,1743,2715,401,1225,2649,409,635,1597,384,864,1498,363,937,1431
H015469YY_mono_0119,198.7,0.04,IH,11,Teal,3282,5214,402,1765,2825,414,1483,2723,452,1483,2744,441,1490,2587,401,1487,2526
H015469YY_mono_0120,90.1,0.07,OW,14,Maroon,3283,4500,534,933,2452,483,921,2524,425,809,2441,383,730,2494,367,751,2395
H015469YY_mono_0121,90.2,0.04,AH,3,Black,3284,7000,386,1311,3343,397,1432,3307,394,1469,3360,380,1467,3340,370,1424,3406
H015469YY_mono_0122,78.2,0.07,AE,2,Blue,3285,5929,481,1596,3137,502,1595,2868,516,1576,2641,512,1604,2675,549,1592,2664
H015469YY_mono_0123,70.5,0.128,UW,17,Cyan,3286,5214,398,1580,2765,408,1367,2617,386,1143,2758,356,1040,2529,345,969,2609
H015469YY_mono_0124,102.7,0.038,IH,11,Teal,3287,4857,401,1273,1606,415,1285,1629,408,1214,1685,247,1679,1930,271,1582,2115
H015469YY_mono_0125,99.7,0.14,AA,1,Red,3288,6286,701,1033,3231,762,1006,3427,795,1086,3686,768,1165,3556,655,1152,3502
H015469YY_mono_0126,98.7,0.028,OW,14,Maroon,3289,4857,390,1102,1671,449,1117,1661,452,1117,1668,483,1147,1707,486,1248,1728
H015469YY_mono_0127,90.7,0.158,AW,5,Olive,3290,5929,717,1589,3133,794,1560,2732,759,1446,2342,706,1250,1880,639,1197,2187
H015469YY_mono_0128,0,0.04,AE,2,Blue,3291,5571,622,1766,2550,599,725,2498,577,1427,2677,640,1455,2611,548,1510,2941
H015469YY_mono_0129,101.9,0.168,AY,7,Magenta,3292,4500,669,1242,1456,657,927,1289,662,1172,1563,629,1245,1640,638,1396,1800
H015469YY_mono_0130,0,0.038,AE,2,Blue,3293,4857,696,1131,1526,688,1210,1622,688,1257,1753,794,1351,1880,737,1370,1777
H015469YY_mono_0131,114.4,0.038,ER,9,Lime,3294,4857,386,1310,1730,393,1294,1692,415,1276,1703,424,1254,1723,416,1276,1730
H015469YY_mono_0132,111.8,0.05,AH,3,Black,3295,4500,432,1299,1712,431,1259,1695,421,1324,1738,388,1408,1775,436,1181,1766
H015469YY_mono_0133,149.4,0.05,UW,17,Cyan,3296,7000,300,1821,3386,308,1787,3278,308,1665,3369,307,1476,3359,300,1349,3334
H015469YY_mono_0134,120.5,0.118,AY,7,Magenta,3297,4857,534,1179,1619,606,1277,1968,645,1434,1877,576,1669,2028,483,1716,2034
H015469YY_mono_0135,77.7,0.028,AH,3,Black,3298,5214,404,1517,2518,393,1478,2417,406,1301,2254,396,1293,2351,387,1354,2386
H015469YY_mono_0136,66,0.078,AH,3,Black,3299,6643,534,1281,3895,587,1176,3796,623,1143,3759,590,1072,3715,485,1094,3031
H015469YY_mono_0137,145.5,0.06,IH,11,Teal,3300,4500,433,1135,1515,434,1327,1580,445,1168,1556,435,919,1599,419,889,1589
H015469YY_mono_0138,97.1,0.16,EY,10,Purple,3301,7000,443,2062,3502,405,2093,3607,390,2297,3493,365,2271,3452,291,2312,2835
H015469YY_mono_0139,74.4,0.09,IY,13,Pink,3302,4500,356,1067,2035,335,965,2138,346,630,2204,377,500,2154,440,623,2108
H015469YY_mono_0140,73.2,0.108,EH,8,Black,3303,5929,491,1968,3254,503,1804,3219,502,1659,3179,437,1740,3227,383,1840,3246
H015469YY_mono_0141,89.7,0.1,EY,10,Purple,3304,6286,407,1871,3337,449,1841,3224,430,1907,3266,445,1923,3407,417,2061,3555
H015469YY_mono_0142,92.6,0.058,AY,7,Magenta,3305,5214,634,1080,1525,679,1067,1619,681,1418,1661,634,1373,1638,611,1408,1670
H015469YY_mono_0143,95.7,0.07,AA,1,Red,3306,7000,615,999,3391,626,1072,3244,700,1146,3050,717,1224,3267,636,1239,3367
H015469YY_mono_0144,93.7,0.08,ER,9,Lime,3307,4500,356,1623,1838,370,1636,1829,355,1659,1715,347,1597,1744,281,955,1716
H015469YY_mono_0145,103,0.05,AH,3,Black,3308,5214,443,1632,3344,381,1599,3434,353,1551,3467,309,1513,3384,278,1508,3298
H015469YY_mono_0146,0,0.04,AA,1,Red,3309,4500,581,942,2271,558,916,2226,562,937,2276,583,981,2179,609,1013,2291
H015469YY_mono_0147,271.3,0.058,IH,11,Teal,3310,6643,319,2274,3565,298,2014,3683,288,1879,3609,276,1770,3598,256,1744,3636
H015469YY_mono_0148,124.5,0.18,UW,17,Cyan,3311,6286,305,1626,3394,317,1357,3400,340,1100,3349,333,1058,3195,319,1008,2580
H015469YY_mono_0149,92.9,0.31,AA,1,Red,3312,5929,733,1110,3464,760,1195,3502,725,1257,1863,523,1559,2506,550,1293,2848
H015469YY_mono_0150,118.2,0.11,UW,17,Cyan,3313,5571,281,1287,2052,309,1100,1958,308,1076,2570,307,1066,2757,324,1142,2440
H015469YY_mono_0151,79.2,0.25,ER,9,Lime,3314,4500,422,1284,1766,441,1227,1672,440,1227,1566,408,1219,1600,375,1330,1728
H015469YY_mono_0152,98.9,0.038,EH,8,Black,3315,4857,391,838,1753,418,1398,1726,441,1271,1629,473,1204,1593,498,1253,1539
H015469YY_mono_0153,83.2,0.078,IH,11,Teal,3316,6286,491,1230,3549,524,1472,3536,451,1532,3542,438,1545,3481,310,1611,3309
H015469YY_mono_0154,198.5,0.21,UW,17,Cyan,3317,5571,418,1166,3347,384,776,2863,364,660,2717,350,520,2624,360,488,2453
H015469YY_mono_0155,158.1,0.41,UW,17,Cyan,3318,7000,446,1097,3668,416,905,3540,401,929,3590,347,1021,3085,293,1040,3159
H015469YY_mono_0156,106.5,0.07,AY,7,Magenta,3319,4500,484,1097,1438,437,1214,1681,421,1707,2097,392,1803,2337,355,1830,2481
H015469YY_mono_0157,106.6,0.028,IH,11,Teal,3320,5571,357,1522,2868,352,1516,2610,351,1515,2363,330,1329,1493,326,1307,1707
H015469YY_mono_0158,113.5,0.04,AH,3,Black,3321,4500,332,1396,1923,331,1443,1804,344,1466,1606,338,1471,1661,323,1526,1659
H015469YY_mono_0159,98.6,0.04,AH,3,Black,3322,5214,317,1509,3456,323,1492,3554,353,1494,3685,325,1598,3604,306,1673,3567
H015469YY_mono_0160,97,0.128,AW,5,Olive,3323,6643,604,1611,2707,816,1543,2217,788,1269,2054,692,1154,1947,652,1000,1878
H015469YY_mono_0161,104.2,0.04,AH,3,Black,3324,5214,410,1118,1433,409,1127,1475,441,1169,1627,453,1220,2029,410,1164,2286
H015469YY_mono_0162,136.1,0.12,EH,8,Black,3325,5214,603,1234,1623,625,958,1640,649,946,1643,593,1574,1946,616,1664,2218
H015469YY_mono_0163,0,0.038,AE,2,Blue,3326,5929,463,1252,1568,471,1295,1540,491,1121,1486,458,1301,1519,440,1332,1512
H015469YY_mono_0164,97.2,0.068,AH,3,Black,3327,6643,645,1292,3750,725,1266,3624,738,1167,3442,683,1125,3355,553,1021,3259
H015469YY_mono_0165,130.1,0.24,IY,13,Pink,3328,5929,233,2146,3252,228,2138,3246,235,2260,3303,249,2200,3305,254,2287,3208
H015469YY_mono_0166,114.7,0.138,AE,2,Blue,3329,5214,640,1130,1650,770,1523,1614,785,1487,1594,744,1249,1490,720,1235,1515
H015469YY_mono_0167,0,0.06,AH,3,Black,3330,4857,494,859,1417,531,1205,1532,553,1260,1394,530,1293,1496,562,1327,1541
H015469YY_mono_0168,76.2,0.088,ER,9,Lime,3331,5929,413,1282,1677,423,1264,1670,427,1269,1679,431,1257,1710,438,1270,1707
H015469YY_mono_0169,73.4,0.048,AH,3,Black,3332,4857,441,1306,1756,427,1351,1688,406,1446,1723,350,1378,1716,464,1384,1747
H015469YY_mono_0170,304.7,0.12,IY,13,Pink,3333,7000,341,1993,3025,355,2056,3286,322,2091,3325,313,2147,3530,307,2151,3475
H015469YY_mono_0171,96.8,0.05,IH,11,Teal,3334,6643,305,1037,2739,310,1187,2680,340,1224,3682,336,1287,3613,452,1291,3680
H015469YY_mono_0172,104.3,0.07,AH,3,Black,3335,4500,341,1770,3274,348,1699,3116,299,1668,2956,289,1334,2544,316,1072,2428
H015469YY_mono_0173,89.9,0.03,AH,3,Black,3336,6643,426,1585,3561,390,1573,3491,341,1623,3483,258,1633,3394,221,1602,3301
H015469YY_mono_0174,100.7,0.37,IY,13,Pink,3337,7000,304,1997,2876,279,2314,3181,295,2696,3637,309,2380,3677,280,2399,3586
H015469YY_mono_0175,93.2,0.09,AA,1,Red,3338,5571,718,951,2638,738,1053,2558,739,1129,2456,735,1181,2491,728,1414,2531
H015469YY_mono_0176,98,0.038,AH,3,Black,3339,5929,350,1854,3596,334,1884,3490,313,1914,3485,312,2012,3430,305,2037,3475
H015469YY_mono_0177,90.9,0.05,EH,8,Black,3340,5214,461,1150,1977,502,1194,1755,572,1214,1624,592,1304,1482,608,1301,1523
H015469YY_mono_0178,90.5,0.05,OW,14,Maroon,3341,6643,552,1189,3603,545,1176,3598,534,1143,3485,449,1031,3372,401,1062,3282
H015469YY_mono_0179,101,0.04,UW,17,Cyan,3342,7000,351,1278,3358,333,1417,3386,324,1546,3438,315,1572,3464,299,1526,3538
H015469YY_mono_0180,87.4,0.068,IH,11,Teal,3343,5214,336,2000,2516,380,1910,2332,413,1830,2645,404,1789,2467,358,1717,2557
H015469YY_mono_0181,95.1,0.04,AE,2,Blue,3344,5214,557,1827,2598,523,1883,2115,520,1906,2208,498,1934,2496,462,1964,2366
H015469YY_mono_0182,92.1,0.05,AH,3,Black,3345,7000,377,1299,2702,395,1191,2823,414,1033,2728,427,1010,3159,423,981,3211
H015469YY_mono_0183,82.7,0.06,IH,11,Teal,3346,5571,440,1449,2628,432,1446,2662,439,1474,2646,458,1482,2738,442,1433,2641
H015469YY_mono_0184,80,0.048,AH,3,Black,3347,4857,516,570,1357,496,988,1345,527,1118,1242,465,1123,1552,455,1104,1622
H015469YY_mono_0185,85,0.15,AW,5,Olive,3348,4857,789,1389,2003,720,1267,2043,676,1108,2041,580,1052,1986,505,977,1991
H015469YY_mono_0186,80.2,0.06,ER,9,Lime,3349,5571,491,1022,1888,483,1076,1861,506,1125,2058,455,1115,2014,449,1081,2153
H015469YY_mono_0187,136.4,0.038,IH,11,Teal,3350,4857,368,1452,1793,370,1439,1767,351,1521,1760,361,1565,1759,371,1505,1715
H015469YY_mono_0188,131.4,0.08,AO,4,Green,3351,7000,498,966,2934,505,907,2997,527,857,2957,529,861,2924,649,971,2620
H015469YY_mono_0189,0,0.038,IH,11,Teal,3352,5929,500,1226,1637,497,1260,1700,487,1152,1713,492,1286,1716,505,1420,1788
H015469YY_mono_0190,95.4,0.068,AH,3,Black,3353,6643,488,1380,1989,507,1460,2127,489,1510,2076,476,1514,1934,445,1534,1913
H015469YY_mono_0191,104.9,0.088,AA,1,Red,3354,6643,723,1117,3213,769,1127,3452,803,1265,3483,851,1290,3394,804,1274,3289
H015469YY_mono_0192,154,0.05,AH,3,Black,3355,5929,664,1346,2519,668,1322,3002,714,1346,3518,708,1322,4013,603,1371,4066
H015469YY_mono_0193,197.6,0.048,IY,13,Pink,3356,5571,384,1720,3562,382,1746,3460,367,1814,3299,310,1790,3352,257,1834,3003
H015469YY_mono_0194,137.3,0.058,AA,1,Red,3357,6643,508,1235,3516,622,1286,3450,718,1207,3413,779,1258,3601,806,1130,3230
H015469YY_mono_0195,129.5,0.038,AH,3,Black,3358,5929,627,1259,3467,513,1125,3439,456,1059,3426,456,949,3408,440,901,3387
H015469YY_mono_0196,135.7,0.09,ER,9,Lime,3359,4500,459,819,983,442,1092,1495,440,1161,1499,424,1304,1607,435,1485,1684
JF68DEP64_mono_0001,109,0.03,OW,14,Maroon,3360,6286,339,1524,2940,307,1512,2863,261,1493,2872,242,1501,2887,202,1498,2790
JF68DEP64_mono_0002,130.9,0.038,IH,11,Teal,3361,4857,334,1675,2745,343,1671,2730,343,1688,2795,338,1670,2841,262,1694,2851
JF68DEP64_mono_0003,104.3,0.04,AO,4,Green,3362,6643,436,1564,3232,474,1442,3202,501,1395,3206,488,1362,3217,474,1268,3217
JF68DEP64_mono_0004,92.7,0.07,AY,7,Magenta,3363,4857,740,1612,2253,764,1601,2283,674,1611,2411,678,1572,2356,583,1425,2399
JF68DEP64_mono_0005,107.4,0.06,OW,14,Maroon,3364,7000,480,2698,3891,504,2628,3846,501,2648,3801,404,2762,3739,251,2215,3738
JF68DEP64_mono_0006,93.6,0.048,EY,10,Purple,3365,6286,459,1701,2959,448,1786,2903,438,1944,2873,413,2030,2875,392,2067,3000
JF68DEP64_mono_0007,0,0.038,AH,3,Black,3366,6286,417,1912,2988,519,1923,2928,532,1926,2948,471,1884,2920,440,1809,2875
JF68DEP64_mono_0008,97.1,0.08,IY,13,Pink,3367,7000,265,2608,3315,270,2527,3374,274,2539,3445,269,2622,3403,257,2677,3531
JF68DEP64_mono_0009,100.4,0.048,IY,13,Pink,3368,6286,255,2500,3070,254,2474,3065,253,2487,3020,253,2484,2936,258,2463,2858
JF68DEP64_mono_0010,89.5,0.038,IY,13,Pink,3369,6286,307,1902,2796,305,2034,2804,275,2213,2829,248,2307,2835,253,2116,2847
JF68DEP64_mono_0011,101.4,0.048,AH,3,Black,3370,5571,482,1617,2844,516,1597,2884,519,1532,2865,496,1417,2859,319,1301,2830
JF68DEP64_mono_0012,88.5,0.058,AY,7,Magenta,3371,5929,607,1452,2727,583,1652,2843,530,1741,2855,472,1899,2927,367,1987,2878
JF68DEP64_mono_0013,94.7,0.048,OW,14,Maroon,3372,4857,420,1267,2612,425,1107,2615,417,1064,2592,428,957,2508,434,924,2505
JF68DEP64_mono_0014,0,0.06,AA,1,Red,3373,4500,473,880,1885,468,834,2196,483,1036,1900,413,937,1939,460,1127,1968
JF68DEP64_mono_0015,58.2,0.028,EH,8,Black,3374,5214,484,1613,2800,535,1621,2784,559,1634,2791,565,1661,2812,555,1681,2872
JF68DEP64_mono_0016,0,0.09,ER,9,Lime,3375,5571,402,1597,2692,371,1656,2355,410,1670,2775,411,1702,2786,429,1694,2529
JF68DEP64_mono_0017,89.6,0.06,EY,10,Purple,3376,6286,444,1831,2304,406,2012,2494,355,2115,2608,337,2134,2596,311,2086,2881
JF68DEP64_mono_0018,0,0.038,AA,1,Red,3377,4857,503,1453,1828,543,1389,1849,588,1357,1817,589,1350,1836,590,1316,1825
JF68DEP64_mono_0019,97,0.1,AY,7,Magenta,3378,6643,688,1699,2251,645,1813,2515,560,1912,2647,481,2001,2772,447,2013,2752
JF68DEP64_mono_0020,111,0.05,AY,7,Magenta,3379,5929,963,1522,2972,812,1679,3071,595,1681,3029,499,1757,3026,359,1780,3046
JF68DEP64_mono_0021,112.1,0.028,AH,3,Black,3380,5214,417,1177,2086,403,1165,2095,401,1155,2080,403,1137,2022,357,1182,2114
JF68DEP64_mono_0022,108.9,0.03,AH,3,Black,3381,5929,386,1264,3022,309,1256,2729,253,1251,2598,217,1263,2396,238,1272,2368
JF68DEP64_mono_0023,91.4,0.03,IH,11,Teal,3382,5929,465,1875,2953,453,2016,2980,401,2059,2980,378,2219,2995,356,2142,3001
JF68DEP64_mono_0024,117.1,0.05,AE,2,Blue,3383,5929,928,1621,2501,907,1582,2636,938,1475,2738,1000,1771,2966,1018,1629,2914
JF68DEP64_mono_0025,91.8,0.07,AA,1,Red,3384,4500,558,1142,1527,538,1071,1582,589,1088,1616,632,1102,1702,554,1257,1517
JF68DEP64_mono_0026,104.4,0.07,AH,3,Black,3385,4857,411,1716,2088,414,1743,2057,433,1732,1811,400,1667,2448,337,1686,2558
JF68DEP64_mono_0027,107.5,0.078,AE,2,Blue,3386,5571,699,1476,2012,828,1469,2230,826,1499,2406,748,1509,2411,612,1462,2431
JF68DEP64_mono_0028,102.7,0.04,AH,3,Black,3387,4500,363,983,2527,378,1064,2494,387,1148,2167,384,1230,1754,332,1302,1548
JF68DEP64_mono_0029,111.2,0.048,EH,8,Black,3388,6286,517,1627,2260,524,1601,2199,519,1578,2171,466,1523,2118,411,1431,1891
JF68DEP64_mono_0030,135.4,0.06,ER,9,Lime,3389,4500,345,1317,1730,359,1400,1743,370,1525,1793,370,1604,1862,308,1777,1947
JF68DEP64_mono_0031,107.6,0.05,IY,13,Pink,3390,6643,255,2430,3248,237,2462,3206,237,2461,3188,248,2413,3089,262,2382,3063
JF68DEP64_mono_0032,99,0.03,ER,9,Lime,3391,4500,348,1505,1944,342,1414,2025,328,1322,2038,319,1215,2108,325,1173,2289
JF68DEP64_mono_0033,92.4,0.03,AH,3,Black,3392,4500,338,1204,2739,341,1273,2644,301,1373,1773,274,1423,1891,182,1480,2122
JF68DEP64_mono_0034,92.2,0.04,IY,13,Pink,3393,5571,328,2095,2831,372,2139,2927,367,2504,3004,361,2468,3046,370,2392,3059
JF68DEP64_mono_0035,91.2,0.09,IH,11,Teal,3394,5571,456,2075,2997,487,2023,2912,529,1946,2861,502,1894,2532,374,1871,2460
JF68DEP64_mono_0036,95.5,0.07,AE,2,Blue,3395,6286,563,1773,2889,700,1800,2556,665,1820,2728,636,1832,2759,527,1815,2636
JF68DEP64_mono_0037,92.1,0.028,EH,8,Black,3396,5214,1011,1978,2985,752,1947,2915,449,1899,2881,362,1891,2872,322,1904,2914
JF68DEP64_mono_0038,91.9,0.048,IH,11,Teal,3397,6286,341,1977,2975,364,1892,2919,355,1912,2890,351,1903,2893,337,1896,2869
JF68DEP64_mono_0039,0,0.09,AW,5,Olive,3398,5571,557,1861,2751,664,1757,2622,643,1667,2594,673,1504,2442,620,1363,2528
JF68DEP64_mono_0040,109.9,0.03,AH,3,Black,3399,6643,384,1765,3009,328,1811,2908,1944,2436,4092,1751,2764,4097,1792,2958,4294
JF68DEP64_mono_0041,140.7,0.078,AY,7,Magenta,3400,6643,558,1850,2748,609,1831,2545,575,1833,2660,577,1793,2860,581,1709,2751
JF68DEP64_mono_0042,138.5,0.048,UH,16,Silver,3401,4857,411,1193,2688,393,1244,2633,358,1320,2751,303,1352,2747,228,1351,2541
JF68DEP64_mono_0043,93.2,0.14,IH,11,Teal,3402,4500,271,1807,2424,276,2191,2475,306,2078,2403,343,1970,2414,358,1838,2249
JF68DEP64_mono_0044,103.6,0.068,AY,7,Magenta,3403,6643,506,1530,2759,488,1678,2792,429,1872,2767,369,1967,2788,346,1989,2783
JF68DEP64_mono_0045,97.4,0.04,AE,2,Blue,3404,5571,532,1734,2747,534,1757,2766,555,1787,2790,555,1819,2840,511,1799,2937
JF68DEP64_mono_0046,111.4,0.12,EY,10,Purple,3405,4500,362,2050,2494,332,2105,2482,311,2139,2514,311,2191,2526,312,2166,2506
JF68DEP64_mono_0047,78.3,0.09,AH,3,Black,3406,5571,468,1768,2568,527,1605,2579,520,1444,2670,515,1315,2639,464,1179,2611
JF68DEP64_mono_0048,112.7,0.078,UW,17,Cyan,3407,5571,298,1668,2732,300,1469,2664,294,1340,2621,280,1238,2610,254,1170,2600
JF68DEP64_mono_0049,98.6,0.172,EY,10,Purple,3408,5571,429,1786,2291,475,1933,2564,455,2081,2691,439,2082,2745,343,1852,2755
JF68DEP64_mono_0050,100.3,0.038,EH,8,Black,3409,4857,602,1485,2462,593,1557,2479,595,1662,2553,639,1742,2558,777,1790,2561
JF68DEP64_mono_0051,113.6,0.048,AH,3,Black,3410,4857,396,1867,2494,389,1866,2510,390,1876,2578,375,1866,2679,322,1807,2661
JF68DEP64_mono_0052,101.1,0.048,IH,11,Teal,3411,4857,396,1914,2584,447,1904,2571,457,1904,2667,423,1798,2543,256,1705,2506
JF68DEP64_mono_0053,102.9,0.028,IH,11,Teal,3412,5214,426,1640,2852,296,1673,2814,275,1633,2663,234,1438,2500,185,1378,2517
JF68DEP64_mono_0054,100.1,0.04,AH,3,Black,3413,5571,396,1669,2838,398,1699,2869,388,1651,2801,329,1523,2683,249,1597,2611
JF68DEP64_mono_0055,86.4,0.068,AW,5,Olive,3414,5571,629,1501,2342,641,1510,2459,609,1493,2486,569,1495,2530,495,1525,2553
JF68DEP64_mono_0056,87.1,0.03,UW,17,Cyan,3415,4500,346,1173,2084,357,1069,2012,321,1017,2069,344,997,1833,340,1115,1547
JF68DEP64_mono_0057,89.9,0.058,EY,10,Purple,3416,6643,442,1957,2536,439,2031,2621,429,2060,2674,432,2048,2726,419,1927,2716
JF68DEP64_mono_0058,85.5,0.06,ER,9,Lime,3417,4500,472,1493,1846,491,1470,1813,488,1464,1785,469,1452,1732,424,1449,1689
JF68DEP64_mono_0059,0,0.048,AA,1,Red,3418,5571,637,1332,1968,539,1322,2326,597,1164,2401,561,1239,2685,775,1221,2691
JF68DEP64_mono_0060,117.3,0.05,AY,7,Magenta,3419,5214,833,1548,2418,746,1638,2400,667,1707,2514,604,1746,2583,422,1941,2639
JF68DEP64_mono_0061,133.6,0.068,AA,1,Red,3420,5214,651,1336,2694,680,1280,2701,685,1217,2658,656,1149,2361,639,1091,2361
JF68DEP64_mono_0062,144.9,0.058,AY,7,Magenta,3421,5214,638,1412,2438,597,1601,2543,563,1742,2656,524,1756,2892,481,1659,2861
JF68DEP64_mono_0063,119.7,0.038,AH,3,Black,3422,4857,399,1757,2820,344,1695,2776,285,1658,2751,202,1605,2645,158,1472,2434
JF68DEP64_mono_0064,111.9,0.028,AO,4,Green,3423,4857,445,863,2566,467,951,2362,435,963,2541,403,939,2393,389,973,2238
JF68DEP64_mono_0065,97.9,0.05,ER,9,Lime,3424,4500,371,1408,1483,372,1438,1779,371,1502,1876,366,1570,2074,315,1609,2190
JF68DEP64_mono_0066,86.3,0.03,AO,4,Green,3425,6286,483,1243,2893,439,1246,2941,416,1235,2902,450,1224,2625,436,1190,2626
JF68DEP64_mono_0067,94.9,0.058,AH,3,Black,3426,4857,465,1658,2711,430,1740,2872,375,1782,2725,619,2152,2583,184,1698,2500
JF68DEP64_mono_0068,111.7,0.048,OW,14,Maroon,3427,4857,376,1233,2538,348,1203,2609,321,1162,2692,322,1183,2674,303,1234,2708
JF68DEP64_mono_0069,114.9,0.03,IH,11,Teal,3428,5929,315,1725,2793,269,1709,2749,224,1693,2700,193,1618,2731,172,1580,2653
JF68DEP64_mono_0070,92,0.078,EY,10,Purple,3429,6643,389,2116,2951,374,2188,2951,361,2239,2970,348,2362,3077,331,2530,2950
JF68DEP64_mono_0071,92.6,0.048,AH,3,Black,3430,5571,429,1365,2717,402,1211,2826,403,1144,2871,414,1065,2924,409,1033,2939
JF68DEP64_mono_0072,88.3,0.03,AH,3,Black,3431,4500,455,1200,2451,458,1219,2494,438,1218,2304,434,1168,2254,426,1432,2263
JF68DEP64_mono_0073,82.5,0.1,AO,4,Green,3432,7000,516,1470,3125,604,2051,3255,543,1723,3156,553,1556,3249,597,1504,3299
JF68DEP64_mono_0074,87.5,0.03,AH,3,Black,3433,6643,342,1603,3013,318,1730,2927,322,1735,2973,332,1808,2955,321,1829,2952
JF68DEP64_mono_0075,0,0.068,UW,17,Cyan,3434,5571,298,1969,2587,304,1840,2474,301,1620,2567,322,1651,2589,296,1598,2695
JF68DEP64_mono_0076,102.4,0.05,EY,10,Purple,3435,7000,431,1992,2901,454,1953,2883,492,1865,2868,509,1780,2823,517,1639,2583
JF68DEP64_mono_0077,82.6,0.11,ER,9,Lime,3436,4500,517,1312,1820,519,1352,1772,566,1439,1847,683,1492,2064,767,1484,2024
JF68DEP64_mono_0078,95.3,0.058,AW,5,Olive,3437,6643,806,1518,2419,786,1523,2466,746,1519,2444,705,1546,2492,625,1581,2494
JF68DEP64_mono_0079,96.8,0.028,AH,3,Black,3438,4857,501,1441,2348,455,1369,2198,398,1358,2260,240,1388,2430,214,1429,2411
JF68DEP64_mono_0080,78,0.108,OW,14,Maroon,3439,4857,523,1383,2568,519,1365,2587,496,1290,2572,445,1224,2560,401,1137,2504
JF68DEP64_mono_0081,106.3,0.028,IY,13,Pink,3440,5571,376,2113,2726,337,2147,2740,324,2323,2718,294,2260,2740,669,2261,2751
JF68DEP64_mono_0082,0,0.09,AE,2,Blue,3441,5571,564,1306,2234,546,1975,2714,797,1956,2811,702,1888,2707,652,1855,2740
JF68DEP64_mono_0083,110.7,0.048,IH,11,Teal,3442,5571,393,2021,2640,352,1983,2529,350,1929,2511,383,1880,2493,408,1842,2407
JF68DEP64_mono_0084,73.4,0.098,OW,14,Maroon,3443,5214,446,1643,2322,488,1517,2312,486,1365,2405,464,1202,2483,355,1050,2551
JF68DEP64_mono_0085,108.7,0.06,IH,11,Teal,3444,6286,1231,2518,3536,369,2359,3119,348,2260,3021,351,2169,2982,307,2049,2936
JF68DEP64_mono_0086,103.1,0.03,AH,3,Black,3445,7000,505,1289,3164,523,1350,3571,501,1399,3569,482,1469,3528,446,1527,3443
JF68DEP64_mono_0087,91.7,0.058,EY,10,Purple,3446,5929,488,1990,2949,517,2054,2961,534,2075,2909,527,2072,2843,539,2075,2844
JF68DEP64_mono_0088,0,0.088,EH,8,Black,3447,6286,556,2081,2873,573,2055,2915,631,2007,2964,598,1909,3019,604,1791,2955
JF68DEP64_mono_0089,0,0.038,ER,9,Lime,3448,4857,415,1640,1888,430,1667,1887,434,1687,1886,400,1695,1900,401,1734,1911
JF68DEP64_mono_0090,60.8,0.14,IY,13,Pink,3449,4500,311,1944,2307,320,1734,2422,358,1532,2463,358,1516,2525,272,1252,2406
JF68DEP64_mono_0091,119.2,0.048,AE,2,Blue,3450,6286,607,1835,2855,590,1816,2886,571,1827,2904,613,1817,2909,592,1764,2947
JF68DEP64_mono_0092,120,0.06,AY,7,Magenta,3451,7000,702,1662,2762,692,1687,2750,689,1734,2737,676,1775,2771,659,1858,2829
JF68DEP64_mono_0093,131.7,0.068,AE,2,Blue,3452,5571,856,1711,2748,762,1628,2695,739,1576,2710,689,1554,2691,700,1510,2679
JF68DEP64_mono_0094,0,0.098,AE,2,Blue,3453,5214,674,1500,2656,708,1501,2621,738,1500,2535,746,1468,2390,729,1451,2410
JF68DEP64_mono_0095,101.8,0.05,IH,11,Teal,3454,7000,306,2377,3023,296,2397,3058,296,2481,3104,285,2518,3176,268,2546,3221
JF68DEP64_mono_0096,91.6,0.17,AH,3,Black,3455,5929,467,1698,2836,479,1632,2827,428,1588,2861,377,1580,2838,338,1590,2837
JF68DEP64_mono_0097,0,0.088,AE,2,Blue,3456,5929,565,2055,2630,764,1817,2458,760,1695,2509,702,1528,2418,865,1528,2320
JF68DEP64_mono_0098,88.9,0.098,UW,17,Cyan,3457,4500,407,1573,1903,430,1569,2038,419,1512,2141,415,1396,2344,762,1460,2586
JF68DEP64_mono_0099,138,0.05,UH,16,Silver,3458,5214,395,1879,2555,335,1842,2589,315,1743,2536,282,1617,2501,235,1620,2538
JF68DEP64_mono_0100,133.8,0.038,AH,3,Black,3459,4857,425,1717,2692,367,1740,2708,336,1723,2757,267,1706,2239,912,1973,2840
JF68DEP64_mono_0101,119.6,0.078,IY,13,Pink,3460,6286,286,2390,2996,263,2508,3091,253,2517,3176,245,2542,3267,227,2531,3251
JF68DEP64_mono_0102,108.4,0.04,IH,11,Teal,3461,7000,318,2257,3085,335,2157,3066,364,2067,3040,386,1991,3005,401,1912,3018
JF68DEP64_mono_0103,103.2,0.06,AH,3,Black,3462,5571,441,1595,2831,431,1434,2763,405,1271,2770,385,1118,2643,360,971,2560
JF68DEP64_mono_0104,89.2,0.04,IH,11,Teal,3463,7000,414,1353,3157,404,1607,3174,402,1715,3181,393,1956,3126,341,1966,3048
JF68DEP64_mono_0105,82.7,0.138,OW,14,Maroon,3464,5214,529,1731,2570,550,1520,2553,504,1274,2608,423,1059,2695,399,1018,2461
JF68DEP64_mono_0106,108.9,0.028,UW,17,Cyan,3465,4857,323,1156,2168,302,1207,2216,278,1285,2249,268,1319,2210,275,1331,2121
JF68DEP64_mono_0107,108.6,0.08,AY,7,Magenta,3466,5214,559,1561,2844,543,1735,2875,488,1886,2865,427,1999,2803,346,1931,2684
JF68DEP64_mono_0108,87.9,0.14,OW,14,Maroon,3467,4500,496,1171,1669,503,1138,1717,473,1051,1695,463,1055,1925,446,1145,1910
JF68DEP64_mono_0109,69.6,0.06,AH,3,Black,3468,7000,594,1621,3200,575,1640,3293,582,1662,3335,574,1691,3334,539,1641,3408
JF68DEP64_mono_0110,85.8,0.09,OW,14,Maroon,3469,5571,492,1244,2606,489,1133,2661,466,1043,2649,467,920,2668,444,877,2656
JF68DEP64_mono_0111,104.9,0.048,ER,9,Lime,3470,4857,479,1142,1554,464,1160,1536,476,1185,1517,465,1200,1500,422,1181,1440
JF68DEP64_mono_0112,98.7,0.05,ER,9,Lime,3471,4500,414,1292,1464,408,1302,1534,389,1364,1581,349,1405,1581,315,1447,1560
JF68DEP64_mono_0113,93.6,0.028,AH,3,Black,3472,4857,259,1303,2394,279,1189,2442,305,1124,2487,296,1173,2235,308,1158,2083
JF68DEP64_mono_0114,92.9,0.17,EY,10,Purple,3473,5929,476,1829,2891,515,1941,2957,444,2185,2989,405,2276,2981,233,2395,2912
JF68DEP64_mono_0115,115,0.098,ER,9,Lime,3474,4500,326,1318,1956,341,1207,1696,338,1146,1722,386,1195,1580,522,1459,1827
JF68DEP64_mono_0116,140.8,0.07,AE,2,Blue,3475,4500,726,1498,1972,875,1530,2184,910,1571,2408,889,1602,2668,826,1614,2630
JF68DEP64_mono_0117,105.9,0.028,IH,11,Teal,3476,5571,360,1979,2870,346,2108,2845,301,2193,2867,272,2381,2840,250,2358,2800
JF68DEP64_mono_0118,95.1,0.038,IH,11,Teal,3477,6286,389,1906,2992,410,1835,2891,383,1801,2801,329,1728,2764,281,1696,2666
JF68DEP64_mono_0119,0,0.04,IH,11,Teal,3478,5571,476,1529,2722,455,1539,2767,472,1583,2789,448,1591,2892,409,1614,2924
JF68DEP64_mono_0120,87.7,0.08,OW,14,Maroon,3479,5214,472,1322,2582,487,1204,2505,449,1098,2576,392,995,2621,348,903,2649
JF68DEP64_mono_0121,93.9,0.028,AH,3,Black,3480,5571,415,1335,2550,379,1455,2728,336,1438,2740,280,1437,2647,270,1419,2552
JF68DEP64_mono_0122,85.6,0.048,AE,2,Blue,3481,6286,509,1709,2817,547,1748,2819,563,1759,2795,546,1779,2805,514,1786,2804
JF68DEP64_mono_0123,127.1,0.098,AA,1,Red,3482,4857,628,1101,2871,622,1018,2839,645,1011,2915,598,1024,2903,428,1051,2924
JF68DEP64_mono_0124,104.7,0.088,AW,5,Olive,3483,6286,551,1604,2874,551,1677,3077,515,1597,3219,477,1471,3447,397,1332,3090
JF68DEP64_mono_0125,0,0.03,AE,2,Blue,3484,5929,517,1628,2904,474,1585,2856,484,1573,2744,499,1584,2767,452,1588,2794
JF68DEP64_mono_0126,103,0.028,AH,3,Black,3485,5571,488,1642,2876,448,1665,2885,440,1695,2873,386,1705,2886,320,1567,2631
JF68DEP64_mono_0127,113.8,0.108,AY,7,Magenta,3486,5214,748,1459,2969,665,1405,2437,736,1570,2681,620,1654,2737,594,1799,2871
JF68DEP64_mono_0128,102.9,0.068,AE,2,Blue,3487,5214,759,1647,2223,744,1561,2310,762,1568,2467,745,1601,2556,816,1590,2566
JF68DEP64_mono_0129,108.2,0.038,AH,3,Black,3488,4857,377,1306,1669,372,1323,1804,338,1291,2151,189,1510,2431,789,1904,2706
JF68DEP64_mono_0130,109.8,0.068,AY,7,Magenta,3489,5571,517,1334,2524,532,1546,2597,474,1631,2666,371,1884,2782,311,1947,2891
JF68DEP64_mono_0131,102.8,0.028,AH,3,Black,3490,4857,447,1359,2229,390,1316,2255,340,1227,2392,276,1163,2433,258,1151,2509
JF68DEP64_mono_0132,100.5,0.028,IH,11,Teal,3491,5214,347,1991,2754,332,2029,2806,324,2222,2848,331,2311,2788,327,2292,2783
JF68DEP64_mono_0133,95.3,0.09,EY,10,Purple,3492,5571,383,2230,3056,369,2256,3076,345,2330,3101,312,2434,3117,290,2552,3151
JF68DEP64_mono_0134,110,0.078,IY,13,Pink,3493,6643,278,2327,2783,295,2393,2943,343,2325,3028,377,2229,2955,456,2160,3031
JF68DEP64_mono_0135,0,0.078,EH,8,Black,3494,6286,471,2099,3011,494,2060,2995,515,2006,2929,489,2075,2945,447,2198,2853
JF68DEP64_mono_0136,0,0.09,EY,10,Purple,3495,5571,398,1994,2648,444,2108,2933,384,2174,2653,357,2200,2550,323,2041,2424
JF68DEP64_mono_0137,99.9,0.048,AY,7,Magenta,3496,5571,663,1735,2703,608,1780,3030,561,1699,2806,496,1572,2666,461,1421,2647
JF68DEP64_mono_0138,99.4,0.07,AA,1,Red,3497,5929,279,664,2572,467,795,2529,497,832,2723,460,1083,2795,461,1231,3023
JF68DEP64_mono_0139,93.6,0.03,ER,9,Lime,3498,7000,346,1675,3089,344,1698,3078,321,1683,3044,304,1707,2936,256,1730,2910
JF68DEP64_mono_0140,101.2,0.03,AH,3,Black,3499,5929,459,1722,2772,408,1688,2879,373,1631,2910,325,1622,2896,196,1644,2819
JF68DEP64_mono_0141,74.3,0.04,AH,3,Black,3500,5214,477,1523,2818,490,1459,2850,449,1433,2776,326,1256,2555,155,1435,2552
JF68DEP64_mono_0142,104.9,0.058,AH,3,Black,3501,5929,917,1293,2567,675,1430,2626,517,1611,2718,336,1701,2727,155,1939,2655
JF68DEP64_mono_0143,124.8,0.04,IH,11,Teal,3502,6286,369,2137,2883,341,2105,2823,338,2054,2772,329,1989,2765,270,1845,2754
JF68DEP64_mono_0144,95.3,0.088,AY,7,Magenta,3503,6286,666,1415,2441,653,1526,2514,613,1613,2590,574,1596,2598,571,1602,2616
JF68DEP64_mono_0145,98.9,0.07,AA,1,Red,3504,5929,567,1539,2366,581,1502,2380,548,1311,2548,517,1295,2672,487,1302,2810
JF68DEP64_mono_0146,103.7,0.05,AH,3,Black,3505,4500,351,1462,2491,366,1608,2647,365,1649,2574,354,1734,2679,309,1681,2656
JF68DEP64_mono_0147,99.8,0.05,UW,17,Cyan,3506,5929,324,1102,2650,321,1117,2636,325,1154,2704,333,1221,2739,336,1334,2744
JF68DEP64_mono_0148,80.9,0.16,ER,9,Lime,3507,4500,387,1410,1754,402,1455,1795,395,1547,1827,368,1674,1841,370,1690,1935
JF68DEP64_mono_0149,114.6,0.098,UW,17,Cyan,3508,5214,267,1981,2793,255,1995,2561,245,1528,2568,245,1312,2598,260,1255,2577
JF68DEP64_mono_0150,104.4,0.128,UW,17,Cyan,3509,5929,290,2223,2883,291,2192,2698,298,1506,2819,313,1396,2799,319,1329,2673
JF68DEP64_mono_0151,98,0.05,AY,7,Magenta,3510,6643,430,1696,2867,402,1816,2854,361,1945,2848,329,2122,2792,292,2180,2798
JF68DEP64_mono_0152,96.7,0.038,IH,11,Teal,3511,5929,325,1898,2966,345,1861,2867,339,1769,2814,348,1719,2800,353,1574,2789
JF68DEP64_mono_0153,100,0.028,AH,3,Black,3512,4857,417,1362,1807,422,1337,1935,361,1304,2019,329,1203,1950,295,1214,2152
JF68DEP64_mono_0154,0,0.028,AO,4,Green,3513,5571,841,1228,2927,451,1228,2846,431,1239,2153,418,1197,1732,383,1192,1762
JF68DEP64_mono_0155,93.8,0.098,AE,2,Blue,3514,5571,629,1767,2664,755,1771,2696,742,1798,2643,718,1791,2626,605,1822,2643
JF68DEP64_mono_0156,90.3,0.058,EH,8,Black,3515,5214,545,1525,2822,595,1501,2859,626,1446,2772,662,1372,2738,670,1317,2756
JF68DEP64_mono_0157,86.8,0.05,AH,3,Black,3516,6643,508,1589,2877,514,1686,2890,488,1763,2867,428,1817,2887,346,1874,2860
JF68DEP64_mono_0158,94.3,0.07,EY,10,Purple,3517,6286,348,2292,2930,355,2203,2915,334,2295,2940,327,2245,2825,320,2167,2993
JF68DEP64_mono_0159,89.3,0.068,EH,8,Black,3518,5571,575,1813,2871,671,1842,2836,660,1830,2792,605,1849,2774,529,1845,2673
JF68DEP64_mono_0160,80.6,0.03,AH,3,Black,3519,4500,350,1459,1697,331,1413,1730,299,1683,1754,596,1723,2793,1188,1763,2875
JF68DEP64_mono_0161,70.5,0.13,IY,13,Pink,3520,4500,244,1263,2454,232,1270,2480,222,1366,2438,237,1381,2453,244,1411,2422
JF68DEP64_mono_0162,105.2,0.06,AY,7,Magenta,3521,5571,1042,1586,2480,944,1674,2634,682,1725,2762,562,1956,2813,873,2141,2809
JF68DEP64_mono_0163,123.8,0.078,AE,2,Blue,3522,5571,644,1752,2991,702,1731,2905,728,1633,2586,754,1526,2450,758,1402,2438
JF68DEP64_mono_0164,127.1,0.07,AH,3,Black,3523,4857,503,1164,1821,411,1204,1871,409,1216,1945,403,1231,1990,408,1333,2043
JF68DEP64_mono_0165,116.2,0.06,ER,9,Lime,3524,4500,365,1387,1727,372,1351,1669,373,1323,1698,376,1344,1701,380,1419,1757
JF68DEP64_mono_0166,105.2,0.048,AH,3,Black,3525,5571,381,1569,1829,367,1667,1882,329,1743,2091,297,1752,2148,195,1806,2387
JF68DEP64_mono_0167,82.6,0.178,IY,13,Pink,3526,5214,301,2055,2302,280,2231,2430,276,2039,2454,324,1820,2523,299,1916,2715
JF68DEP64_mono_0168,105.9,0.04,IH,11,Teal,3527,4500,342,1245,1648,356,1378,1503,375,1413,1658,372,1520,2639,209,1675,1967
JF68DEP64_mono_0169,122.3,0.028,AH,3,Black,3528,4857,371,1590,2216,306,1409,2179,281,1402,2181,270,1488,2148,265,1424,2148
JF68DEP64_mono_0170,0,0.06,IH,11,Teal,3529,4500,997,1796,2680,569,1405,2112,513,1398,2109,497,1383,2264,623,1404,2170
JF68DEP64_mono_0171,101.7,0.038,AH,3,Black,3530,5929,402,1717,2798,397,1675,2802,380,1577,2757,324,1364,2629,265,1292,2516
JF68DEP64_mono_0172,105,0.148,IY,13,Pink,3531,6286,284,2015,2483,271,2273,2721,262,2293,2883,282,2212,2910,303,2069,2902
JF68DEP64_mono_0173,96.9,0.048,AA,1,Red,3532,4857,602,1010,2527,621,1144,2483,608,1211,2443,677,1290,2379,1127,1512,2406
JF68DEP64_mono_0174,103.4,0.038,AH,3,Black,3533,5929,401,1873,2805,390,1892,2781,336,1921,2842,305,2010,2871,290,2148,2800
JF68DEP64_mono_0175,95.9,0.048,EH,8,Black,3534,5571,424,2030,2956,470,1899,2949,496,1777,2922,506,1672,2919,485,1516,2917
JF68DEP64_mono_0176,111.9,0.048,OW,14,Maroon,3535,5571,401,1180,2934,394,1174,2894,372,1090,2836,341,1018,2831,294,1042,2728
JF68DEP64_mono_0177,98.6,0.078,UW,17,Cyan,3536,5571,282,1261,2798,283,1181,2829,305,1167,2730,318,1189,2672,307,1221,2640
JF68DEP64_mono_0178,102.4,0.038,AH,3,Black,3537,6286,319,1316,3021,357,1154,2973,357,1135,2933,367,1102,2949,356,1005,2938
JF68DEP64_mono_0179,65.2,0.038,IH,11,Teal,3538,6286,425,1600,2951,448,1696,2963,426,1698,2958,431,1650,2920,400,1593,2917
JF68DEP64_mono_0180,92.5,0.05,AH,3,Black,3539,5929,482,1710,2982,514,1693,2934,468,1624,2947,323,1361,2771,218,1723,2593
JF68DEP64_mono_0181,95.3,0.08,AW,5,Olive,3540,5929,688,1448,2308,706,1286,2335,671,1215,2334,701,1146,2429,632,1062,2465
JF68DEP64_mono_0182,0,0.08,ER,9,Lime,3541,4500,582,1100,2130,522,1123,1958,478,1096,1568,625,1173,2331,424,1248,2269
JF68DEP64_mono_0183,0,0.028,AY,7,Magenta,3542,5214,586,1308,2677,647,1309,2776,503,1314,2715,1303,1449,2635,1297,1489,2595
JF68DEP64_mono_0184,131.6,0.06,AO,4,Green,3543,4857,374,1089,1891,369,912,2002,357,884,2173,364,942,2138,343,1000,2136
JF68DEP64_mono_0185,0,0.028,AH,3,Black,3544,5214,517,1126,2471,544,1118,2461,606,1106,2459,580,1086,2479,575,1070,2489
JF68DEP64_mono_0186,102,0.078,AA,1,Red,3545,6643,847,1219,2781,796,1250,2706,862,1096,2680,953,1104,2746,819,1181,2419
JF68DEP64_mono_0187,147.2,0.13,IY,13,Pink,3546,4500,295,1112,1990,247,1110,2561,246,1209,2496,262,1311,2447,220,1372,2182
JF68DEP64_mono_0188,98,0.068,AA,1,Red,3547,5214,444,1395,3031,466,1301,2486,854,1321,2832,758,1350,2802,869,1491,2928
JF68DEP64_mono_0189,70.6,0.04,AH,3,Black,3548,5571,486,1282,2759,464,1211,2783,445,1094,2770,436,1065,2709,399,1074,2754
JF68DEP64_mono_0190,62.1,0.08,ER,9,Lime,3549,4500,437,1095,1662,441,1219,1615,410,1326,1644,376,1486,1634,443,1505,1668
LADEEDOOD_mono_0001,116.7,0.038,OW,14,Maroon,3550,5929,492,1549,2925,482,1530,2918,477,1500,2888,470,1478,2900,452,1466,2911
LADEEDOOD_mono_0002,121.4,0.038,IH,11,Teal,3551,5929,490,1605,2901,491,1611,2931,481,1610,2993,472,1649,3004,443,1654,2988
LADEEDOOD_mono_0003,119.6,0.068,AO,4,Green,3552,5571,528,907,2470,514,1003,2403,568,816,2401,651,711,2426,719,938,2394
LADEEDOOD_mono_0004,86.5,0.078,IH,11,Teal,3553,6643,589,1839,2753,634,1916,2797,613,2008,2787,575,2190,2831,615,2309,2890
LADEEDOOD_mono_0005,120.1,0.058,OW,14,Maroon,3554,5214,487,894,2603,487,902,2642,489,985,2627,453,977,2470,430,980,2523
LADEEDOOD_mono_0006,141.9,0.04,AH,3,Black,3555,5214,465,1322,2428,464,1304,2443,482,1291,2508,498,1211,2523,468,989,2486
LADEEDOOD_mono_0007,96.1,0.11,EY,10,Purple,3556,4500,568,1690,2463,532,1944,2449,491,2054,2537,454,2176,2693,415,2199,2632
LADEEDOOD_mono_0008,0,0.03,AE,2,Blue,3557,6643,554,2165,2911,579,2123,2902,553,2098,2901,560,2069,2881,563,2048,2876
LADEEDOOD_mono_0009,103.3,0.038,IY,13,Pink,3558,5929,411,2314,2953,424,2298,3042,443,2270,3077,417,2231,3064,403,2188,3109
LADEEDOOD_mono_0010,109.2,0.028,AH,3,Black,3559,5571,404,1829,3157,411,1706,3133,397,1672,3123,375,1605,3122,311,1529,3047
LADEEDOOD_mono_0011,120.7,0.078,IY,13,Pink,3560,5571,407,2024,2966,392,2160,2860,371,2352,2812,351,2326,2792,363,2226,2828
LADEEDOOD_mono_0012,98.5,0.07,AH,3,Black,3561,4500,554,1486,2365,605,1383,2645,626,1343,2802,595,1295,2896,557,1308,2821
LADEEDOOD_mono_0013,95.1,0.068,AY,7,Magenta,3562,5571,693,1311,2786,706,1435,2824,680,1582,2806,627,1754,2808,526,1790,2857
LADEEDOOD_mono_0014,95.2,0.108,OW,14,Maroon,3563,5929,618,1786,2804,607,1661,2754,604,1454,2434,599,1247,2468,631,1034,2477
LADEEDOOD_mono_0015,87.7,0.04,AA,1,Red,3564,4500,647,995,2404,668,995,2383,678,1067,2357,699,1191,2345,693,1240,2332
LADEEDOOD_mono_0016,85.6,0.028,AH,3,Black,3565,5214,532,1699,2850,528,1771,2850,503,1784,2859,447,1839,2848,414,1810,2890
LADEEDOOD_mono_0017,85.1,0.048,EH,8,Black,3566,5571,610,1485,2385,638,1485,2510,662,1497,2625,672,1538,2671,674,1553,2862
LADEEDOOD_mono_0018,103.6,0.16,ER,9,Lime,3567,5214,514,1681,2515,513,1667,2129,513,1718,2051,492,1595,1764,415,1472,2002
LADEEDOOD_mono_0019,117.9,0.07,EY,10,Purple,3568,4500,496,1793,2099,486,1861,2129,472,1958,2220,455,2027,2538,426,2015,2708
LADEEDOOD_mono_0020,106.4,0.04,AA,1,Red,3569,4500,556,1604,2140,589,1576,1971,620,1543,1994,633,1498,1987,632,1468,1953
LADEEDOOD_mono_0021,92.6,0.128,AY,7,Magenta,3570,6643,531,1634,2037,541,1749,2338,530,1849,2489,520,1978,2583,501,2109,2749
LADEEDOOD_mono_0022,95.5,0.07,AY,7,Magenta,3571,4500,802,1520,2417,705,1658,2424,648,1680,2360,601,1703,2366,512,1642,2261
LADEEDOOD_mono_0023,111.7,0.038,AH,3,Black,3572,6286,628,1257,2158,649,1206,2237,645,1102,2312,617,1057,2381,588,997,2423
LADEEDOOD_mono_0024,108.8,0.03,AH,3,Black,3573,4500,467,818,2071,441,776,2058,512,762,2128,553,1156,2251,500,1168,2440
LADEEDOOD_mono_0025,107.5,0.04,IH,11,Teal,3574,5571,584,1623,2973,592,1686,2941,591,1821,2873,598,1956,2831,625,2116,2780
LADEEDOOD_mono_0026,95.8,0.06,AE,2,Blue,3575,7000,823,1636,2651,805,1577,2704,795,1530,2723,766,1510,2731,726,1452,2679
LADEEDOOD_mono_0027,83,0.07,AA,1,Red,3576,4500,723,1121,2369,747,1115,2364,745,1138,2302,664,1185,2321,758,1348,2027
LADEEDOOD_mono_0028,81.3,0.078,AH,3,Black,3577,6286,489,1734,2776,484,1691,2841,504,1652,2863,479,1630,3050,447,1599,3118
LADEEDOOD_mono_0029,90.3,0.058,AE,2,Blue,3578,6643,733,1614,2124,745,1567,2192,739,1460,2246,707,1429,2279,633,1348,2221
LADEEDOOD_mono_0030,97.4,0.068,AH,3,Black,3579,6643,487,938,2612,508,1117,2525,536,1349,2627,547,1480,2691,536,1557,2748
LADEEDOOD_mono_0031,105.2,0.08,EH,8,Black,3580,7000,542,1615,2733,592,1610,2722,602,1634,2617,588,1610,2265,535,1543,2081
LADEEDOOD_mono_0032,114.8,0.04,ER,9,Lime,3581,5214,497,1510,1788,498,1513,1846,498,1555,1904,534,1600,1959,459,1668,2080
LADEEDOOD_mono_0033,108.3,0.038,ER,9,Lime,3582,5929,514,1604,2069,517,1612,1989,522,1565,1810,531,1520,1829,516,1487,1830
LADEEDOOD_mono_0034,87.6,0.028,UH,16,Silver,3583,5214,499,1437,2575,513,1480,2656,515,1463,2677,544,1483,2767,484,1549,2808
LADEEDOOD_mono_0035,86.2,0.028,AH,3,Black,3584,4857,610,1814,2800,599,1811,2823,596,1819,2872,605,1812,2906,589,1836,2934
LADEEDOOD_mono_0036,82.2,0.048,IH,11,Teal,3585,4857,492,1756,2846,499,1797,2855,520,1744,2879,498,1772,2851,492,1758,2871
LADEEDOOD_mono_0037,0,0.098,AW,5,Olive,3586,5571,636,1678,2800,739,1627,2764,761,1519,2611,763,1397,2548,736,1305,2565
LADEEDOOD_mono_0038,0,0.028,AH,3,Black,3587,5571,713,1905,3016,647,1860,2884,678,1869,2833,924,1638,2869,905,1462,2940
LADEEDOOD_mono_0039,113.3,0.078,AY,7,Magenta,3588,5571,602,1760,2334,673,1662,2302,702,1613,2318,691,1602,2351,675,1578,2397
LADEEDOOD_mono_0040,121.5,0.048,UH,16,Silver,3589,5571,524,1447,2779,510,1633,2755,483,1743,2705,469,1960,2632,409,2020,2592
LADEEDOOD_mono_0041,94.7,0.06,IH,11,Teal,3590,4857,365,1910,2212,363,1958,2213,360,1963,2226,358,1948,2200,360,1940,2208
LADEEDOOD_mono_0042,86.2,0.028,AY,7,Magenta,3591,4857,522,1769,2767,509,1788,2710,477,1764,2613,409,1674,2499,361,1669,2511
LADEEDOOD_mono_0043,0,0.028,AE,2,Blue,3592,5571,536,1702,2777,533,1691,2807,563,1720,2832,559,1733,2882,548,1713,2871
LADEEDOOD_mono_0044,99.8,0.058,EY,10,Purple,3593,5214,478,1985,2756,475,2024,2723,488,1999,2729,488,1954,2735,479,1951,2745
LADEEDOOD_mono_0045,87.1,0.028,AH,3,Black,3594,4857,478,1836,2650,476,1826,2653,477,1809,2624,484,1803,2622,459,1836,2604
LADEEDOOD_mono_0046,95.8,0.07,UW,17,Cyan,3595,4500,407,1474,2562,408,1629,2476,382,1725,2357,358,1621,2268,338,1630,2226
LADEEDOOD_mono_0047,85.3,0.168,EY,10,Purple,3596,5571,517,1745,2152,510,1837,2354,514,1918,2549,537,1896,2632,513,1851,2690
LADEEDOOD_mono_0048,87.6,0.048,AE,2,Blue,3597,5571,541,1784,2714,551,1808,2730,564,1804,2804,583,1829,2764,580,1818,2720
LADEEDOOD_mono_0049,93.2,0.06,EY,10,Purple,3598,4857,534,1854,2419,543,1969,2502,544,2047,2452,471,2148,2457,379,2179,2345
LADEEDOOD_mono_0050,0,0.028,UW,17,Cyan,3599,4857,311,2095,2569,300,1882,2301,284,1614,2104,268,1536,2143,300,1546,2489
LADEEDOOD_mono_0051,93.1,0.04,EH,8,Black,3600,5214,611,1350,2430,606,1448,2441,625,1522,2491,610,1597,2557,585,1732,2700
LADEEDOOD_mono_0052,87.1,0.048,IH,11,Teal,3601,4857,555,1770,2850,576,1781,2804,592,1834,2750,612,1785,2640,628,1697,2500
LADEEDOOD_mono_0053,0,0.058,AW,5,Olive,3602,6643,609,1340,2537,680,1398,2582,666,1437,2632,649,1507,2737,600,1513,2795
LADEEDOOD_mono_0054,0,0.03,UW,17,Cyan,3603,6286,1391,2233,3039,1410,2252,3151,685,1594,2351,514,1369,1895,494,1335,1904
LADEEDOOD_mono_0055,86.1,0.048,EY,10,Purple,3604,6286,592,1716,2156,590,1729,2214,590,1788,2248,583,1807,2359,570,1809,2377
LADEEDOOD_mono_0056,82.4,0.07,ER,9,Lime,3605,4500,604,1735,2327,625,1692,2216,641,1674,2151,605,1701,2087,563,1623,2086
LADEEDOOD_mono_0057,65.3,0.058,AA,1,Red,3606,5214,664,1584,2598,716,1482,2611,733,1388,2579,743,1306,2627,788,1279,2730
LADEEDOOD_mono_0058,0,0.058,AY,7,Magenta,3607,6643,845,1555,2645,801,1539,2650,782,1614,2660,721,1641,2710,686,1697,2800
LADEEDOOD_mono_0059,116,0.078,AA,1,Red,3608,5571,690,1255,2959,738,1193,2683,752,1217,2711,740,1204,2717,679,1210,2539
LADEEDOOD_mono_0060,133.3,0.05,AY,7,Magenta,3609,5929,634,1337,2690,651,1337,2732,659,1354,2801,647,1403,2825,607,1394,2858
LADEEDOOD_mono_0061,125.1,0.06,AH,3,Black,3610,7000,559,1687,2774,528,1810,2710,502,1891,2497,466,1903,2439,423,1823,2379
LADEEDOOD_mono_0062,99.6,0.08,ER,9,Lime,3611,4500,531,1510,1811,566,1523,1837,548,1538,1829,530,1649,1888,524,1663,2705
LADEEDOOD_mono_0063,94,0.118,AO,4,Green,3612,4857,510,1242,2227,512,974,2225,490,852,2248,506,837,2200,533,884,2126
LADEEDOOD_mono_0064,87.7,0.458,UW,17,Cyan,3613,5214,423,1910,2725,432,1846,2622,434,1748,2513,425,1406,2395,395,1189,2346
LADEEDOOD_mono_0065,86.4,0.11,AE,2,Blue,3614,6643,717,1688,2369,761,1597,2494,775,1607,2516,767,1567,2625,685,1474,2593
LADEEDOOD_mono_0066,0,0.05,AH,3,Black,3615,5214,517,1405,2597,502,1430,2616,522,1557,2659,505,1608,2750,488,1663,2764
LADEEDOOD_mono_0067,93.6,0.028,OW,14,Maroon,3616,5214,519,1622,2631,497,1651,2633,485,1691,2718,480,1709,2726,453,1716,2725
LADEEDOOD_mono_0068,86.7,0.118,EY,10,Purple,3617,5571,485,1902,2765,492,1956,2728,496,2000,2763,450,2099,2758,396,2160,2578
LADEEDOOD_mono_0069,85.6,0.058,AH,3,Black,3618,5214,443,1365,2372,480,1286,2451,501,1195,2554,504,1145,2613,535,1052,2697
LADEEDOOD_mono_0070,83.5,0.04,AH,3,Black,3619,6643,517,1135,2976,499,1215,2886,503,1267,2873,520,1373,2838,488,1467,2710
LADEEDOOD_mono_0071,84.1,0.078,AO,4,Green,3620,6643,700,2453,3368,633,2506,3411,611,2383,3436,642,2422,3521,746,2179,3563
LADEEDOOD_mono_0072,61.8,0.09,UW,17,Cyan,3621,4857,415,1841,2351,403,1830,2313,406,1842,2354,413,1826,2430,413,1830,2654
LADEEDOOD_mono_0073,90.5,0.04,AH,3,Black,3622,5571,546,1571,2665,552,1591,2731,546,1604,2737,527,1623,2750,512,1619,2762
LADEEDOOD_mono_0074,93,0.038,EY,10,Purple,3623,6286,505,1855,2774,501,1861,2738,505,1837,2576,521,1823,2407,522,1750,2274
LADEEDOOD_mono_0075,86.2,0.048,ER,9,Lime,3624,5571,573,1513,1945,601,1498,1975,615,1485,2022,613,1495,2041,642,1427,2143
LADEEDOOD_mono_0076,90.1,0.058,AW,5,Olive,3625,6643,698,1478,2323,724,1468,2382,733,1502,2449,723,1540,2515,712,1561,2534
LADEEDOOD_mono_0077,136.8,0.12,OW,14,Maroon,3626,5214,515,1354,2443,545,1294,2454,538,1251,2509,517,1292,2578,493,1328,2640
LADEEDOOD_mono_0078,103.4,0.04,IY,13,Pink,3627,4500,498,1851,2712,500,1908,2723,446,2003,2730,433,2084,2800,387,2141,2844
LADEEDOOD_mono_0079,106.5,0.088,AE,2,Blue,3628,6286,673,1982,2566,720,1797,2467,798,1730,2475,813,1737,2552,769,1772,2714
LADEEDOOD_mono_0080,102.4,0.03,IH,11,Teal,3629,4500,413,1926,2427,379,1946,2371,404,1940,2307,383,1939,2242,377,1921,2220
LADEEDOOD_mono_0081,0,0.108,OW,14,Maroon,3630,5929,507,1680,2426,545,1552,2368,540,1449,2317,499,1442,2270,414,1426,2248
LADEEDOOD_mono_0082,120.5,0.068,IH,11,Teal,3631,5214,554,1788,2800,520,1893,2732,512,1850,2729,477,1853,2784,448,1846,2859
LADEEDOOD_mono_0083,102,0.058,AH,3,Black,3632,5929,636,1118,2962,697,1185,3023,702,1250,3042,701,1398,3080,664,1521,3162
LADEEDOOD_mono_0084,93.5,0.058,EY,10,Purple,3633,5214,528,1957,2831,549,2042,2854,544,2049,2830,544,2047,2827,554,2016,2769
LADEEDOOD_mono_0085,86.2,0.07,EH,8,Black,3634,7000,583,1976,2716,607,1888,2762,637,1909,2716,642,1879,2737,605,1838,2771
LADEEDOOD_mono_0086,85.8,0.05,ER,9,Lime,3635,4500,543,1791,2426,540,1786,2357,523,1796,2312,523,1831,2206,505,1822,2192
LADEEDOOD_mono_0087,0,0.08,IY,13,Pink,3636,5214,407,2003,2779,394,2064,2769,395,2091,2799,465,2103,2761,515,2175,2814
LADEEDOOD_mono_0088,120.7,0.1,AE,2,Blue,3637,7000,899,1573,2808,891,1526,2724,879,1500,2766,851,1505,2696,788,1445,2704
LADEEDOOD_mono_0089,93.3,0.11,AE,2,Blue,3638,6643,730,1281,2822,787,1349,2777,814,1355,2776,807,1344,2757,767,1437,2758
LADEEDOOD_mono_0090,87.6,0.04,IH,11,Teal,3639,5571,450,2049,2647,391,2061,2696,368,2124,2728,369,2152,2689,350,2188,2630
LADEEDOOD_mono_0091,90.8,0.09,AH,3,Black,3640,4857,449,2019,2469,491,1821,2525,492,1733,2654,447,1656,2704,407,1646,2750
LADEEDOOD_mono_0092,76.3,0.13,AE,2,Blue,3641,5571,564,1909,2683,669,1794,2724,729,1720,2704,771,1652,2805,756,1619,2693
LADEEDOOD_mono_0093,80.9,0.13,UW,17,Cyan,3642,4857,458,1625,2012,481,1565,2089,514,1427,2196,539,1313,2358,606,1450,2376
LADEEDOOD_mono_0094,93.4,0.028,AY,7,Magenta,3643,5571,666,1678,3031,588,1693,3055,501,1690,3073,440,1741,3117,301,1646,3134
LADEEDOOD_mono_0095,125.2,0.048,UH,16,Silver,3644,5571,439,1849,2795,438,1903,2829,443,2077,2718,366,2136,2740,318,2243,2686
LADEEDOOD_mono_0096,136,0.048,AH,3,Black,3645,5571,449,1955,2565,439,1960,2588,464,1853,2716,439,1828,2748,391,1759,2829
LADEEDOOD_mono_0097,113.8,0.1,IY,13,Pink,3646,7000,404,2315,2942,362,2355,3004,339,2350,3045,377,2370,3121,395,2365,3118
LADEEDOOD_mono_0098,109.4,0.05,IH,11,Teal,3647,5929,393,2259,3058,418,2210,2793,451,2124,2755,470,2021,2767,479,1946,2796
LADEEDOOD_mono_0099,100.2,0.038,AH,3,Black,3648,4857,484,1584,2456,481,1521,2383,468,1428,2377,455,1340,2385,475,1275,2371
LADEEDOOD_mono_0100,90.4,0.028,IH,11,Teal,3649,4857,584,1398,2468,581,1489,2481,582,1572,2503,559,1639,2479,559,1754,2479
LADEEDOOD_mono_0101,91.2,0.2,OW,14,Maroon,3650,4857,537,1700,2733,551,1569,2642,562,1401,2545,563,1263,2473,568,1388,2393
LADEEDOOD_mono_0102,99.7,0.04,OW,14,Maroon,3651,4500,508,980,2387,512,930,2515,514,905,2609,507,876,2658,506,866,2741
LADEEDOOD_mono_0103,98.3,0.028,UW,17,Cyan,3652,4857,326,1521,2361,371,1522,2360,373,1508,2352,386,1467,2359,382,1478,2350
LADEEDOOD_mono_0104,84.7,0.15,OW,14,Maroon,3653,5214,638,1571,2667,672,1485,2605,645,1321,2464,604,1250,2438,605,1362,2440
LADEEDOOD_mono_0105,84.7,0.05,AH,3,Black,3654,5214,528,1724,2542,555,1741,2504,572,1776,2638,549,1754,2636,523,1805,2740
LADEEDOOD_mono_0106,0,0.028,EY,10,Purple,3655,5571,770,1657,2471,754,1624,2462,706,1579,2433,721,1562,2415,712,1469,2395
LADEEDOOD_mono_0107,88.8,0.098,ER,9,Lime,3656,4500,457,1308,1807,450,1360,1796,457,1462,1778,456,1520,1844,432,1616,1848
LADEEDOOD_mono_0108,87.7,0.08,ER,9,Lime,3657,4500,458,1650,1864,432,1589,1819,428,1598,1805,412,1637,1853,362,1692,1917
LADEEDOOD_mono_0109,76.2,0.23,EY,10,Purple,3658,5214,523,1630,2848,613,1731,2779,617,1814,2752,610,1851,2709,721,1944,2725
LADEEDOOD_mono_0110,103.5,0.048,AH,3,Black,3659,4857,477,1751,2676,461,1749,2733,438,1814,2805,419,1820,2863,381,1831,2896
LADEEDOOD_mono_0111,118.2,0.038,ER,9,Lime,3660,4857,440,1688,2029,478,1642,2036,504,1650,2063,529,1612,2106,585,1589,2168
LADEEDOOD_mono_0112,121.8,0.078,AE,2,Blue,3661,6286,673,1561,2290,711,1538,2426,749,1557,2540,756,1603,2629,746,1637,2650
LADEEDOOD_mono_0113,110.7,0.04,IH,11,Teal,3662,5571,497,2021,2748,464,2070,2715,432,2103,2628,381,2195,2533,367,2202,2441
LADEEDOOD_mono_0114,102.3,0.05,IH,11,Teal,3663,5214,405,1815,2741,418,1798,2751,431,1809,2758,439,1823,2758,428,1781,2716
LADEEDOOD_mono_0115,101.6,0.058,IH,11,Teal,3664,5929,461,1815,2663,461,1857,2715,480,1849,2773,483,1853,2808,453,1852,2851
LADEEDOOD_mono_0116,94.9,0.08,OW,14,Maroon,3665,4857,521,1397,2373,512,1290,2372,487,1244,2411,485,1134,2380,469,1078,2368
LADEEDOOD_mono_0117,84.1,0.068,AE,2,Blue,3666,5571,530,1735,2920,561,1736,2881,597,1769,2920,606,1809,2961,585,1845,2987
LADEEDOOD_mono_0118,83.4,0.16,UW,17,Cyan,3667,5214,509,1991,2789,503,1967,2652,483,1858,2461,496,1781,2431,527,1832,2480
LADEEDOOD_mono_0119,91,0.028,IH,11,Teal,3668,5214,503,1607,2411,503,1729,2371,499,1812,2540,493,1871,2792,449,1909,3000
LADEEDOOD_mono_0120,104,0.028,EH,8,Black,3669,5571,584,1389,2630,604,1345,2663,606,1286,2675,627,1244,2701,640,1218,2720
LADEEDOOD_mono_0121,143,0.108,AA,1,Red,3670,5571,880,1218,2839,841,1367,2792,673,1462,2879,780,1509,3051,752,1430,3153
LADEEDOOD_mono_0122,142.2,0.04,IY,13,Pink,3671,7000,473,1953,3231,458,2049,3234,436,2144,3143,386,2029,2869,317,1991,3238
LADEEDOOD_mono_0123,113.4,0.03,OW,14,Maroon,3672,4500,486,1502,1999,475,1615,2234,456,1554,2253,314,1461,1954,218,1467,1991
LADEEDOOD_mono_0124,105.2,0.07,AW,5,Olive,3673,5929,735,1597,2462,779,1532,2515,822,1462,2618,813,1441,2620,773,1461,2654
LADEEDOOD_mono_0125,0,0.028,AH,3,Black,3674,4857,570,1790,2544,834,1815,2486,809,1717,2418,435,1483,2358,492,1393,2320
LADEEDOOD_mono_0126,86.9,0.08,AY,7,Magenta,3675,4500,770,1360,2168,778,1334,2263,776,1365,2240,752,1415,2260,774,1437,2318
LADEEDOOD_mono_0127,0,0.06,AE,2,Blue,3676,4857,826,1644,2755,774,1598,2760,776,1612,2759,707,1614,2748,654,1612,2697
LADEEDOOD_mono_0128,102.5,0.028,AH,3,Black,3677,4857,480,1806,2343,455,1808,2533,404,1888,2510,314,1821,2327,286,1743,2533
LADEEDOOD_mono_0129,136.1,0.048,UW,17,Cyan,3678,4857,356,1959,2199,375,1867,2225,371,1697,2282,360,1478,2269,339,1456,2234
LADEEDOOD_mono_0130,109.4,0.098,AY,7,Magenta,3679,5571,610,1301,2456,633,1495,2458,601,1643,2429,530,1811,2435,476,2011,2579
LADEEDOOD_mono_0131,0,0.028,AH,3,Black,3680,5571,633,1792,2890,630,1819,2890,642,1821,2875,774,1756,2872,677,1699,2868
LADEEDOOD_mono_0132,99.9,0.058,AH,3,Black,3681,6643,538,1411,3010,554,1381,3000,589,1318,3013,584,1287,3032,561,1289,3074
LADEEDOOD_mono_0133,93.2,0.048,IH,11,Teal,3682,4857,584,1745,2858,595,1833,2819,594,1976,2766,579,2086,2730,573,2260,2552
LADEEDOOD_mono_0134,93.8,0.09,EY,10,Purple,3683,5571,439,2074,2727,461,2063,2811,454,2115,2798,441,2187,2805,381,2291,2782
LADEEDOOD_mono_0135,80,0.078,IY,13,Pink,3684,5571,417,1958,2594,432,1962,2612,454,2022,2740,451,2000,2726,480,2000,2731
LADEEDOOD_mono_0136,80,0.048,EH,8,Black,3685,4857,468,2005,2669,464,2038,2664,476,2036,2619,448,2055,2588,431,2131,2531
LADEEDOOD_mono_0137,91.2,0.088,EY,10,Purple,3686,6286,462,1922,2755,482,1920,2683,479,1922,2600,458,1910,2482,412,1826,2433
LADEEDOOD_mono_0138,0,0.04,AY,7,Magenta,3687,5214,732,1274,2511,728,1281,2527,739,1256,2668,686,1106,2666,676,1006,2678
LADEEDOOD_mono_0139,0,0.038,IH,11,Teal,3688,4857,615,1897,2807,526,1740,2711,594,1729,2700,679,1699,2809,832,1730,2651
LADEEDOOD_mono_0140,81.5,0.028,AA,1,Red,3689,4857,675,1116,2070,648,1130,2043,645,1185,2001,637,1198,1951,650,1221,1904
LADEEDOOD_mono_0141,95.9,0.038,AH,3,Black,3690,4857,500,1887,2711,494,1936,2692,476,1992,2671,473,2109,2673,359,2120,2703
LADEEDOOD_mono_0142,117.1,0.08,IH,11,Teal,3691,5214,476,2060,2685,479,2001,2696,469,1975,2761,448,1938,2743,418,1909,2840
LADEEDOOD_mono_0143,109.7,0.09,UW,17,Cyan,3692,4857,398,1902,2705,437,2022,2655,449,2011,2414,447,1831,2384,403,1569,2373
LADEEDOOD_mono_0144,89.8,0.188,AY,7,Magenta,3693,5571,724,1236,2653,781,1243,2695,788,1408,2632,755,1626,2571,719,1657,2590
LADEEDOOD_mono_0145,83.7,0.148,AA,1,Red,3694,5571,743,1561,2656,781,1389,2768,747,1269,2860,779,1352,2861,706,1465,2793
LADEEDOOD_mono_0146,87.9,0.05,UW,17,Cyan,3695,4500,409,1989,2404,396,1958,2404,400,1925,2470,409,1904,2469,394,1873,2484
LADEEDOOD_mono_0147,87.2,0.22,ER,9,Lime,3696,5929,431,1726,2137,422,1626,1914,416,1577,1843,413,1521,1812,412,1608,1913
LADEEDOOD_mono_0148,0,0.05,EH,8,Black,3697,5929,482,1960,2496,501,1865,2639,581,1591,2557,600,1543,2613,631,1344,2768
LADEEDOOD_mono_0149,88.2,0.068,IH,11,Teal,3698,5571,645,1360,2868,626,1514,2800,610,1808,2652,579,1862,2675,604,2110,2593
LADEEDOOD_mono_0150,94.5,0.21,UW,17,Cyan,3699,4500,427,1832,2623,482,1854,2561,468,1788,2380,505,1638,2337,501,1557,2373
LADEEDOOD_mono_0151,97.5,0.12,UW,17,Cyan,3700,4500,424,1720,2684,434,1760,2620,494,1757,2529,500,1728,2426,512,1672,2394
LADEEDOOD_mono_0152,96.8,0.04,AY,7,Magenta,3701,5214,562,1797,2812,527,1903,2743,523,2080,2690,500,2177,2676,475,2318,2623
LADEEDOOD_mono_0153,87.7,0.028,AH,3,Black,3702,4857,469,1681,2602,455,1666,2637,413,1653,2669,376,1608,2614,368,1605,2617
LADEEDOOD_mono_0154,91.1,0.048,AH,3,Black,3703,5571,414,1648,2818,433,1634,2839,446,1625,2839,432,1630,2883,362,1621,2895
LADEEDOOD_mono_0155,109.4,0.09,AW,5,Olive,3704,5571,717,1654,2934,770,1525,2820,793,1417,2602,786,1381,2521,752,1430,2240
LADEEDOOD_mono_0156,91.6,0.098,EH,8,Black,3705,5214,611,1638,2653,657,1650,2594,667,1693,2565,589,1795,2491,521,1904,2422
LADEEDOOD_mono_0157,81,0.04,AH,3,Black,3706,4500,537,1586,2636,550,1569,2515,541,1528,2573,575,1508,2334,610,1560,2245
LADEEDOOD_mono_0158,84,0.03,IY,13,Pink,3707,4500,385,2010,2466,363,2060,2492,373,2100,2529,362,2125,2574,373,2134,2598
LADEEDOOD_mono_0159,0,0.06,AY,7,Magenta,3708,5571,787,1579,2408,791,1630,2463,768,1685,2485,725,1773,2585,683,1773,2692
LADEEDOOD_mono_0160,114,0.088,AE,2,Blue,3709,6286,645,1695,2838,699,1615,2842,760,1586,2856,790,1517,2869,808,1467,2895
LADEEDOOD_mono_0161,102,0.058,AH,3,Black,3710,5929,824,1398,2964,791,1461,2913,743,1500,2960,712,1558,2990,639,1656,3025
LADEEDOOD_mono_0162,114.8,0.09,ER,9,Lime,3711,5214,478,1564,2010,505,1533,1923,540,1510,1903,544,1494,1915,548,1473,1922
LADEEDOOD_mono_0163,88.2,0.218,IY,13,Pink,3712,6643,390,2002,2477,340,2101,2725,345,2184,2741,341,2258,2707,516,2451,3276
LADEEDOOD_mono_0164,93.4,0.038,IH,11,Teal,3713,5929,514,1262,2955,507,1307,2949,472,1295,3005,469,1300,3046,450,1539,2987
LADEEDOOD_mono_0165,0,0.03,AH,3,Black,3714,4500,530,1515,2403,358,1572,2413,320,1507,2218,522,1552,2342,528,1337,2445
LADEEDOOD_mono_0166,100.6,0.05,AH,3,Black,3715,6643,462,1742,2772,447,1724,2714,424,1694,2676,381,1760,2637,299,1676,2692
LADEEDOOD_mono_0167,86.9,0.128,IY,13,Pink,3716,5214,386,1947,2165,360,2081,2399,361,2132,2437,364,2110,2599,371,2068,2714
LADEEDOOD_mono_0168,0,0.03,AH,3,Black,3717,4500,462,1354,2217,410,1486,2045,488,1590,2110,480,1578,2270,499,1509,2271
LADEEDOOD_mono_0169,88.6,0.058,AA,1,Red,3718,5214,705,1002,2774,718,1125,2790,712,1281,2728,696,1396,2727,773,1581,2654
LADEEDOOD_mono_0170,0,0.038,AH,3,Black,3719,4857,426,1818,2929,410,1880,2869,392,1933,2872,407,1988,2895,385,2036,2983
LADEEDOOD_mono_0171,92.2,0.06,EH,8,Black,3720,5571,512,1940,2724,571,1812,2792,611,1654,2725,653,1448,2758,651,1345,2848
LADEEDOOD_mono_0172,103.9,0.16,OW,14,Maroon,3721,5214,517,939,2723,515,951,2725,358,879,2551,299,973,2290,452,1088,2249
LADEEDOOD_mono_0173,90.5,0.068,UW,17,Cyan,3722,5214,495,1466,2800,480,1518,2756,489,1604,2719,484,1698,2638,512,1759,2636
LADEEDOOD_mono_0174,77.1,0.05,IH,11,Teal,3723,5214,478,1897,2619,480,1861,2624,489,1861,2742,459,1836,2791,400,1875,2873
LADEEDOOD_mono_0175,101.9,0.04,AH,3,Black,3724,5571,467,1239,2455,473,1110,2491,474,1019,2585,470,942,2651,470,822,2700
LADEEDOOD_mono_0176,97,0.03,IH,11,Teal,3725,6643,511,1418,2978,536,1446,3012,534,1445,3000,538,1465,2954,544,1551,2943
LADEEDOOD_mono_0177,92.9,0.038,AH,3,Black,3726,5929,527,1662,2814,533,1696,2788,520,1726,2723,456,1699,2827,282,1739,2915
LADEEDOOD_mono_0178,87.6,0.098,AW,5,Olive,3727,5571,780,1376,2280,746,1347,2230,703,1325,2099,677,1255,2070,653,1186,2143
LADEEDOOD_mono_0179,63.3,0.088,AY,7,Magenta,3728,5929,671,1003,3211,694,1065,3146,716,1210,3065,676,1279,3018,615,1484,3010
LADEEDOOD_mono_0180,132.2,0.048,IH,11,Teal,3729,4857,417,1474,2027,420,1535,1985,428,1571,1964,433,1667,1902,432,1691,1905
LADEEDOOD_mono_0181,104.4,0.058,AO,4,Green,3730,5214,551,655,2311,564,587,2293,551,688,2330,545,780,2339,566,915,2312
LADEEDOOD_mono_0182,81.3,0.028,AH,3,Black,3731,5571,635,871,2938,657,917,2967,645,884,2978,670,915,3032,675,912,3043
LADEEDOOD_mono_0183,100.6,0.068,AA,1,Red,3732,6643,701,960,3076,756,1047,3092,758,1129,2971,787,1244,2981,770,1348,2895
LADEEDOOD_mono_0184,110.3,0.04,AH,3,Black,3733,6643,539,1540,2389,569,1583,2431,576,1616,3005,522,1621,3058,673,1735,3196
LADEEDOOD_mono_0185,131.8,0.15,IY,13,Pink,3734,5214,471,1991,2852,481,2180,2697,290,2208,2733,153,1400,2382,309,1454,2278
LADEEDOOD_mono_0186,84.6,0.058,AA,1,Red,3735,5929,756,1405,2879,757,1353,2886,709,1353,2888,717,1337,2880,696,1364,2882
LADEEDOOD_mono_0187,88.8,0.06,AH,3,Black,3736,4857,498,1479,2521,497,1399,2551,490,1240,2363,457,1091,2298,435,988,2252
LADEEDOOD_mono_0188,82.4,0.118,ER,9,Lime,3737,5571,491,1047,1973,503,1291,1857,500,1401,1884,486,1457,1883,542,1583,1940
LSKDJOZKD_mono_0001,98,0.06,OW,14,Maroon,3738,4500,389,1538,2707,398,1528,2575,373,1537,2515,371,1532,2461,369,1517,2466
LSKDJOZKD_mono_0002,120.6,0.07,IH,11,Teal,3739,6286,343,1596,2571,350,1630,2645,358,1634,2784,371,1657,3005,373,1650,2965
LSKDJOZKD_mono_0003,99.8,0.068,AO,4,Green,3740,5214,373,642,2700,375,689,2754,369,736,2736,373,780,2869,400,877,2704
LSKDJOZKD_mono_0004,80.1,0.06,IH,11,Teal,3741,4857,452,1663,2307,432,1757,2114,430,1808,2154,412,1841,2077,396,1931,2087
LSKDJOZKD_mono_0005,94.8,0.08,AY,7,Magenta,3742,4500,874,1383,2298,718,1457,2276,534,1550,2132,470,1563,2154,429,1479,2070
LSKDJOZKD_mono_0006,95.9,0.048,OW,14,Maroon,3743,6286,433,908,3112,439,892,3111,416,897,3166,370,897,3271,320,895,3214
LSKDJOZKD_mono_0007,66,0.048,AH,3,Black,3744,5571,421,1281,2186,445,1214,2294,444,1159,2310,444,1097,2388,399,1005,2546
LSKDJOZKD_mono_0008,84.3,0.12,EY,10,Purple,3745,5929,425,1665,2527,406,1886,2625,387,2007,2612,348,2111,2652,319,2118,2666
LSKDJOZKD_mono_0009,0,0.04,AH,3,Black,3746,4500,296,1692,2062,444,1632,1933,412,1619,1924,369,1544,1851,365,1471,1828
LSKDJOZKD_mono_0010,87,0.088,AY,7,Magenta,3747,6643,575,1440,2857,515,1456,2802,507,1515,3017,468,1588,2829,438,1772,2702
LSKDJOZKD_mono_0011,85.9,0.038,IH,11,Teal,3748,6286,432,1817,2824,414,1822,2854,388,1854,2816,362,1856,2898,319,1856,2940
LSKDJOZKD_mono_0012,96.7,0.038,IY,13,Pink,3749,4857,271,2013,2972,268,2002,2961,264,2058,2979,246,2048,2985,241,2073,2989
LSKDJOZKD_mono_0013,101.6,0.03,IY,13,Pink,3750,6643,232,2091,2935,237,2070,2885,243,1968,2826,259,1915,2725,279,1896,2521
LSKDJOZKD_mono_0014,106.3,0.03,AH,3,Black,3751,4500,298,1715,2150,320,1640,2241,326,1612,2258,335,1540,2257,337,1468,2312
LSKDJOZKD_mono_0015,114.5,0.05,IY,13,Pink,3752,6643,247,2001,2933,236,2073,3121,228,2256,3339,228,2169,3412,230,2171,3394
LSKDJOZKD_mono_0016,98.4,0.04,AH,3,Black,3753,6643,460,1394,3115,478,1352,3159,459,1302,3218,389,1258,3174,401,1202,3121
LSKDJOZKD_mono_0017,91.8,0.068,AY,7,Magenta,3754,5214,379,1224,2003,465,1348,2358,483,1472,2202,391,1602,2255,319,1717,2465
LSKDJOZKD_mono_0018,84.1,0.08,OW,14,Maroon,3755,4857,301,1082,2324,419,980,2298,405,868,2138,364,818,2224,385,816,2287
LSKDJOZKD_mono_0019,80.9,0.04,AH,3,Black,3756,4500,413,1532,2709,414,1553,2716,389,1586,2759,394,1595,2753,337,1632,2700
LSKDJOZKD_mono_0020,83.8,0.05,EH,8,Black,3757,7000,606,1607,3100,612,1482,3128,597,1471,3169,589,1475,3199,604,1468,3064
LSKDJOZKD_mono_0021,89.8,0.15,ER,9,Lime,3758,4500,391,1496,2073,369,1463,1696,379,1447,1686,398,1453,1618,345,1364,1683
LSKDJOZKD_mono_0022,93.8,0.058,EY,10,Purple,3759,6643,398,1823,2985,405,1919,3005,335,1964,3201,313,2077,3079,277,2220,3041
LSKDJOZKD_mono_0023,103.6,0.078,AA,1,Red,3760,6643,451,1345,3009,518,1258,3034,548,1158,3044,600,1093,3029,608,1090,3017
LSKDJOZKD_mono_0024,86.7,0.168,AY,7,Magenta,3761,5214,598,1425,2649,559,1640,2654,469,1815,2758,396,1985,2930,359,2036,2869
LSKDJOZKD_mono_0025,144.1,0.058,AY,7,Magenta,3762,5214,986,1345,2747,995,1422,2628,464,1426,2595,432,1503,2517,411,1500,2394
LSKDJOZKD_mono_0026,131.1,0.06,AH,3,Black,3763,7000,589,1183,2744,697,1103,3051,626,1081,3106,617,1034,3071,473,955,2931
LSKDJOZKD_mono_0027,144.6,0.048,AH,3,Black,3764,5571,377,1246,2913,412,1228,2914,438,1220,2843,428,1153,2767,359,1113,2732
LSKDJOZKD_mono_0028,138.2,0.048,IH,11,Teal,3765,5571,388,1632,2510,398,1722,2583,393,1876,2673,373,1979,2679,348,2092,2606
LSKDJOZKD_mono_0029,106.7,0.05,AH,3,Black,3766,5929,399,1315,2552,381,1435,2599,370,1493,2795,362,1540,2831,325,1525,2817
LSKDJOZKD_mono_0030,98.5,0.06,AE,2,Blue,3767,4857,885,1475,2086,895,1445,2063,887,1424,2116,846,1414,2084,798,1401,2108
LSKDJOZKD_mono_0031,88.2,0.098,AA,1,Red,3768,4500,381,1007,1468,448,1014,1391,457,1041,1159,419,1096,1341,395,1225,1349
LSKDJOZKD_mono_0032,85.1,0.098,AH,3,Black,3769,4857,371,1645,2562,394,1595,2628,401,1572,2731,385,1534,2749,314,1528,2860
LSKDJOZKD_mono_0033,97.8,0.09,AE,2,Blue,3770,4857,557,1464,1879,693,1450,2001,726,1416,1998,762,1405,2074,615,1402,2112
LSKDJOZKD_mono_0034,131,0.038,AH,3,Black,3771,6286,400,1095,2541,400,1120,2455,404,1144,2306,401,1194,2158,379,1260,2030
LSKDJOZKD_mono_0035,134.2,0.048,EH,8,Black,3772,6286,475,1499,2691,507,1506,2682,522,1498,2665,525,1481,2648,519,1460,2570
LSKDJOZKD_mono_0036,136.5,0.07,ER,9,Lime,3773,4500,372,1255,1660,398,1357,1669,393,1391,1688,376,1422,1695,333,1536,1992
LSKDJOZKD_mono_0037,98.7,0.108,ER,9,Lime,3774,5214,398,1415,1738,400,1371,1724,412,1365,1717,387,1330,1673,365,1216,1635
LSKDJOZKD_mono_0038,85,0.06,AH,3,Black,3775,4857,835,1717,2340,367,1730,2174,418,1732,2311,412,1716,2285,379,1630,2158
LSKDJOZKD_mono_0039,93.9,0.05,IH,11,Teal,3776,6643,401,1652,2741,414,1656,2787,406,1653,2788,397,1643,2772,373,1612,2739
LSKDJOZKD_mono_0040,73.1,0.108,AW,5,Olive,3777,5929,515,1565,2306,538,1466,2362,579,1378,2391,619,1253,2546,620,1067,2652
LSKDJOZKD_mono_0041,163,0.068,AY,7,Magenta,3778,5571,611,1408,2019,676,1367,1947,741,1329,1960,789,1298,1862,714,1291,1897
LSKDJOZKD_mono_0042,139.3,0.038,UH,16,Silver,3779,6286,456,1385,2950,437,1505,2936,401,1486,2838,349,1398,2675,318,1528,2819
LSKDJOZKD_mono_0043,101.3,0.088,IH,11,Teal,3780,6643,302,1963,3151,301,2042,3118,308,1994,3067,314,1936,3002,369,1817,2945
LSKDJOZKD_mono_0044,86.7,0.03,AY,7,Magenta,3781,7000,423,1631,3358,404,1678,3138,354,1758,3123,312,2028,3162,276,2059,3221
LSKDJOZKD_mono_0045,86.5,0.058,AE,2,Blue,3782,6643,478,1618,2775,512,1627,2930,511,1641,2899,517,1660,2894,490,1675,2861
LSKDJOZKD_mono_0046,117.8,0.058,EY,10,Purple,3783,6643,366,2011,2949,367,2033,2905,364,2041,2939,361,1985,2874,346,1929,2895
LSKDJOZKD_mono_0047,106.6,0.038,AH,3,Black,3784,6286,422,1672,2644,439,1625,2590,431,1525,2522,409,1429,2424,369,1355,2470
LSKDJOZKD_mono_0048,110.7,0.12,UW,17,Cyan,3785,4500,318,1385,2308,315,1385,2278,304,1263,2243,294,1181,2257,236,975,2263
LSKDJOZKD_mono_0049,98.3,0.188,EY,10,Purple,3786,4857,489,1681,2519,471,1777,2608,481,1876,2524,438,2065,2616,398,2013,2549
LSKDJOZKD_mono_0050,85.8,0.058,EY,10,Purple,3787,5214,427,1949,2616,407,1998,2648,381,2130,2654,316,2251,2666,266,2315,2821
LSKDJOZKD_mono_0051,81.1,0.04,UW,17,Cyan,3788,7000,262,2116,3358,263,2016,3495,251,2140,3634,255,2378,3626,221,2513,3699
LSKDJOZKD_mono_0052,84.3,0.048,EH,8,Black,3789,4857,550,1390,2191,482,1454,1996,472,1526,1972,501,1528,2112,535,1573,2141
LSKDJOZKD_mono_0053,87.3,0.058,AH,3,Black,3790,5214,364,1748,2704,361,1772,2671,373,1755,2743,366,1726,2749,340,1704,2811
LSKDJOZKD_mono_0054,79.3,0.04,IH,11,Teal,3791,7000,345,1731,3162,340,1766,3163,360,1785,3096,342,1735,3051,312,1741,3054
LSKDJOZKD_mono_0055,0,0.028,IH,11,Teal,3792,5571,400,1665,2499,388,1640,2542,377,1659,2757,363,1658,2945,315,1575,2955
LSKDJOZKD_mono_0056,72.9,0.038,AH,3,Black,3793,4857,374,1517,2790,383,1509,2637,379,1518,2637,288,1521,2698,207,1559,2664
LSKDJOZKD_mono_0057,79.3,0.07,AW,5,Olive,3794,7000,549,1445,3027,550,1330,3040,521,1316,3011,558,1346,3107,486,1406,2969
LSKDJOZKD_mono_0058,75.9,0.028,UW,17,Cyan,3795,4857,328,1395,1874,310,1371,1861,314,1402,1816,305,1459,1811,312,1232,1807
LSKDJOZKD_mono_0059,82.2,0.07,EY,10,Purple,3796,7000,442,1669,2921,427,1876,2872,406,1979,2804,369,2015,2789,367,1959,2860
LSKDJOZKD_mono_0060,75.5,0.088,ER,9,Lime,3797,6286,1203,1689,2832,956,1547,2716,703,1588,2871,321,1521,2832,294,1442,2793
LSKDJOZKD_mono_0061,0,0.03,AA,1,Red,3798,4500,296,1405,1882,365,1387,2123,548,1382,2468,605,1371,2419,787,1350,2443
LSKDJOZKD_mono_0062,0,0.028,AY,7,Magenta,3799,5214,571,1409,2501,876,1464,2541,784,1505,2546,1092,1589,2721,1488,1588,2767
LSKDJOZKD_mono_0063,122.5,0.078,AA,1,Red,3800,5571,592,1260,2987,655,1193,2881,709,1164,2833,688,1113,2790,639,1126,2837
LSKDJOZKD_mono_0064,128.1,0.048,AY,7,Magenta,3801,4857,570,1150,2282,615,1270,2361,609,1338,2460,603,1435,2584,573,1485,2633
LSKDJOZKD_mono_0065,117,0.038,AH,3,Black,3802,5929,472,1614,2575,453,1629,2462,405,1517,2442,349,1416,2396,272,1305,2454
LSKDJOZKD_mono_0066,113.1,0.048,AO,4,Green,3803,4857,425,993,2635,440,957,2416,434,996,2889,400,697,2853,396,710,2748
LSKDJOZKD_mono_0067,97.9,0.06,ER,9,Lime,3804,4500,329,1429,1614,368,1429,1839,384,1489,1989,374,1512,2144,311,1482,2360
LSKDJOZKD_mono_0068,98.9,0.07,AO,4,Green,3805,4857,370,965,1987,385,845,2006,382,819,2066,387,811,2084,392,837,2011
LSKDJOZKD_mono_0069,89.8,0.04,AH,3,Black,3806,4500,340,1639,2491,348,1692,2264,354,1702,2225,328,1720,2132,303,1582,2142
LSKDJOZKD_mono_0070,87.5,0.09,AE,2,Blue,3807,4857,524,1392,2027,525,1359,1978,578,1349,1893,505,1375,2167,498,1469,2363
LSKDJOZKD_mono_0071,87.1,0.038,AH,3,Black,3808,6286,395,1341,2608,411,1443,2610,405,1504,2634,352,1536,2647,298,1539,2705
LSKDJOZKD_mono_0072,113.9,0.08,OW,14,Maroon,3809,4857,411,1439,2290,400,1332,2385,424,1285,2536,427,1233,2493,407,1372,2524
LSKDJOZKD_mono_0073,57.5,0.028,IH,11,Teal,3810,4857,340,1652,2590,315,1603,2357,296,1556,2370,287,1550,2424,264,1589,2560
LSKDJOZKD_mono_0074,89.7,0.128,EY,10,Purple,3811,5929,396,1738,2486,428,1802,2483,405,1857,2488,379,1935,2417,328,1959,2250
LSKDJOZKD_mono_0075,84.3,0.06,AH,3,Black,3812,4500,371,1197,2197,409,1173,2382,462,1105,2462,455,1067,2677,457,997,2768
LSKDJOZKD_mono_0076,0,0.038,AE,2,Blue,3813,4857,940,1724,2489,408,1717,2524,362,1697,2455,392,1701,2522,441,1668,2517
LSKDJOZKD_mono_0077,95.3,0.138,AO,4,Green,3814,5214,459,1062,2735,486,1609,2859,464,1611,2966,443,1698,2900,471,1537,2843
LSKDJOZKD_mono_0078,72.3,0.108,UW,17,Cyan,3815,5214,286,1933,2501,305,1850,2278,311,1704,2296,305,1600,2277,296,1639,2334
LSKDJOZKD_mono_0079,0,0.03,AH,3,Black,3816,4500,328,1425,2293,363,1411,2377,371,1443,2473,375,1460,2494,391,1461,2488
LSKDJOZKD_mono_0080,83.4,0.038,EY,10,Purple,3817,5929,406,1837,2552,402,1828,2466,401,1784,2302,399,1660,2184,408,1485,2084
LSKDJOZKD_mono_0081,81.1,0.06,ER,9,Lime,3818,4500,421,1220,1845,405,1244,1625,403,1310,1606,452,1365,1700,471,1349,1552
LSKDJOZKD_mono_0082,80.8,0.1,AW,5,Olive,3819,6286,529,1363,2135,620,1353,2390,665,1350,2464,633,1355,2552,584,1406,2745
LSKDJOZKD_mono_0083,82.1,0.03,AH,3,Black,3820,6286,457,1436,2785,480,1441,2646,460,1409,2593,437,1369,2572,342,1315,2483
LSKDJOZKD_mono_0084,79.2,0.13,OW,14,Maroon,3821,4857,444,1067,2642,478,1078,2730,473,1018,2758,427,991,2735,408,1051,2703
LSKDJOZKD_mono_0085,110.1,0.048,AE,2,Blue,3822,4857,773,1692,2353,757,1616,1985,662,1607,2081,587,1658,1946,537,1763,2089
LSKDJOZKD_mono_0086,96.6,0.16,OW,14,Maroon,3823,4500,402,1621,2234,488,1359,2188,473,1251,2278,451,1118,2245,356,1017,2255
LSKDJOZKD_mono_0087,0,0.068,IH,11,Teal,3824,4857,284,1860,2545,358,1905,2604,332,1881,2607,329,1895,2619,313,1890,2709
LSKDJOZKD_mono_0088,114.7,0.06,AH,3,Black,3825,6286,459,1000,3155,523,1046,3060,556,1157,3015,541,1198,2978,496,1259,2937
LSKDJOZKD_mono_0089,104.7,0.108,EY,10,Purple,3826,4857,462,1766,2461,474,1835,2417,473,1918,2353,482,1912,2325,476,1873,2268
LSKDJOZKD_mono_0090,104.9,0.058,EH,8,Black,3827,5214,476,1867,2305,491,1796,2282,498,1745,2344,513,1719,2382,511,1675,2390
LSKDJOZKD_mono_0091,102.8,0.06,ER,9,Lime,3828,4500,382,1593,1841,374,1593,1845,354,1586,1835,346,1671,1814,309,1692,1841
LSKDJOZKD_mono_0092,79,0.148,IY,13,Pink,3829,6643,308,2110,3091,314,2131,3168,308,2221,3152,297,2238,3199,294,2190,3108
LSKDJOZKD_mono_0093,80.6,0.188,AE,2,Blue,3830,6286,360,1875,2571,446,1863,2524,456,1811,2492,464,1732,2561,436,1655,2604
LSKDJOZKD_mono_0094,84.8,0.06,AY,7,Magenta,3831,5571,862,1398,2611,857,1458,2575,834,1561,2568,811,1593,2641,811,1657,2623
LSKDJOZKD_mono_0095,117.6,0.088,AE,2,Blue,3832,6643,944,1543,2457,965,1477,2442,957,1458,2451,878,1438,2503,845,1397,2517
LSKDJOZKD_mono_0096,88.7,0.138,AE,2,Blue,3833,6643,775,1312,2737,792,1375,2594,745,1355,2519,739,1328,2409,657,1291,2288
LSKDJOZKD_mono_0097,82.7,0.05,IH,11,Teal,3834,5929,285,1953,2602,277,2031,2682,264,2124,2829,227,2165,2864,214,2143,2894
LSKDJOZKD_mono_0098,91,0.098,AH,3,Black,3835,5214,394,1582,2375,450,1556,2553,423,1543,2636,409,1559,2758,359,1558,2720
LSKDJOZKD_mono_0099,92,0.22,AE,2,Blue,3836,5214,517,1838,2628,610,1678,2610,655,1513,2301,699,1398,2363,879,1410,2425
LSKDJOZKD_mono_0100,77.9,0.208,UW,17,Cyan,3837,5214,374,1408,1919,406,1304,2279,370,1076,2361,368,930,2153,275,936,2161
LSKDJOZKD_mono_0101,88.1,0.09,AY,7,Magenta,3838,5214,418,1324,2287,529,1392,2350,595,1439,2417,512,1526,2397,437,1629,2696
LSKDJOZKD_mono_0102,145.2,0.038,UH,16,Silver,3839,4857,416,1611,2518,385,1618,2318,386,1640,2249,351,1670,2005,310,1656,1819
LSKDJOZKD_mono_0103,159.6,0.06,AH,3,Black,3840,5571,385,1728,2273,398,1698,2373,426,1686,2488,416,1637,2563,370,1656,2605
LSKDJOZKD_mono_0104,126,0.14,IY,13,Pink,3841,5571,277,2100,2723,272,2137,2774,272,2160,2777,292,2170,2827,268,2197,2869
LSKDJOZKD_mono_0105,103.9,0.048,IH,11,Teal,3842,4857,303,1999,2677,296,1963,2541,311,1915,2301,333,1819,2126,354,1742,2075
LSKDJOZKD_mono_0106,120.5,0.048,AH,3,Black,3843,5571,411,1356,2636,405,1290,2628,377,1147,2595,348,1042,2612,328,934,2548
LSKDJOZKD_mono_0107,94.2,0.04,IH,11,Teal,3844,4500,423,1431,2221,442,1529,2228,426,1598,2262,415,1620,2203,398,1611,2240
LSKDJOZKD_mono_0108,92.3,0.27,OW,14,Maroon,3845,4500,493,1427,2380,492,1201,2541,460,1082,2467,242,1040,2454,196,1141,2035
LSKDJOZKD_mono_0109,127.4,0.078,AY,7,Magenta,3846,6286,609,1034,2959,705,1246,2861,610,1363,2703,568,1453,2626,437,1536,2642
LSKDJOZKD_mono_0110,88.6,0.168,OW,14,Maroon,3847,4857,490,1093,2497,527,1021,2589,491,937,2484,500,960,2742,401,969,2599
LSKDJOZKD_mono_0111,82.7,0.048,AE,2,Blue,3848,6286,334,1768,2624,395,1728,2359,353,1739,2317,449,1711,2156,401,1722,2316
LSKDJOZKD_mono_0112,86.7,0.09,OW,14,Maroon,3849,5214,484,1409,2320,495,1212,2404,481,1073,2457,456,964,2544,387,875,2545
LSKDJOZKD_mono_0113,112.6,0.058,ER,9,Lime,3850,5214,416,1066,1628,435,1107,1585,439,1146,1567,430,1140,1557,376,1136,1616
LSKDJOZKD_mono_0114,96.9,0.15,ER,9,Lime,3851,4857,479,1295,1666,478,1306,1655,473,1345,1650,433,1390,1664,348,1474,1680
LSKDJOZKD_mono_0115,99.7,0.05,AH,3,Black,3852,6643,454,1420,2717,518,1383,2735,558,1157,2872,510,973,2982,516,928,3002
LSKDJOZKD_mono_0116,74.5,0.248,EY,10,Purple,3853,5929,471,1683,2682,503,1747,2586,475,1839,2575,368,1998,2616,269,2004,2625
LSKDJOZKD_mono_0117,100.1,0.098,ER,9,Lime,3854,5214,320,1509,1967,322,1340,1677,328,1215,1659,377,1234,1605,522,1409,1967
LSKDJOZKD_mono_0118,123.6,0.098,AE,2,Blue,3855,5571,688,1449,2321,812,1452,2408,836,1457,2440,947,1524,2470,869,1581,2611
LSKDJOZKD_mono_0119,104.1,0.05,IH,11,Teal,3856,6643,333,1658,2585,350,1638,2550,389,1627,2566,394,1612,2532,361,1549,2516
LSKDJOZKD_mono_0120,95.9,0.078,IH,11,Teal,3857,6643,403,1552,2474,423,1595,2550,449,1602,2594,441,1552,2635,390,1498,2667
LSKDJOZKD_mono_0121,100.7,0.118,OW,14,Maroon,3858,4857,492,1171,2543,476,1010,2566,439,937,2589,399,883,2568,365,922,2498
LSKDJOZKD_mono_0122,120.4,0.048,AH,3,Black,3859,5571,336,1446,2234,350,1486,2271,356,1514,2248,345,1551,2333,319,1555,2401
LSKDJOZKD_mono_0123,95.1,0.06,AE,2,Blue,3860,6286,430,1585,2708,494,1592,2712,494,1605,2698,504,1601,2683,494,1614,2686
LSKDJOZKD_mono_0124,80.2,0.09,UW,17,Cyan,3861,5214,352,1699,2438,385,1687,2364,375,1545,2319,377,1390,2291,361,1326,2316
LSKDJOZKD_mono_0125,90.8,0.028,IH,11,Teal,3862,4857,351,1593,2454,334,1599,2479,303,1614,2514,226,1724,2533,166,1796,2589
LSKDJOZKD_mono_0126,124.8,0.04,EH,8,Black,3863,5214,464,1441,2478,493,1423,2552,510,1370,2578,515,1293,2642,549,1221,2679
LSKDJOZKD_mono_0127,159.6,0.098,AA,1,Red,3864,5571,694,991,2727,681,974,2630,697,1001,2688,629,1074,2781,511,1082,2956
LSKDJOZKD_mono_0128,170.5,0.038,IY,13,Pink,3865,5929,358,1714,2703,350,1758,2641,342,1754,2463,332,1638,2250,314,1536,2440
LSKDJOZKD_mono_0129,92.3,0.12,AW,5,Olive,3866,7000,567,1489,2554,665,1393,2520,791,1307,2663,784,1242,2826,682,1159,2947
LSKDJOZKD_mono_0130,74.5,0.04,AE,2,Blue,3867,5214,521,1404,2722,533,1430,2723,571,1423,2824,656,1428,2761,536,1432,2755
LSKDJOZKD_mono_0131,83.1,0.1,AY,7,Magenta,3868,7000,614,1290,2962,764,1210,2926,603,1157,3135,619,1242,3203,487,1275,3090
LSKDJOZKD_mono_0132,0,0.04,AE,2,Blue,3869,5214,1053,1483,2498,792,1492,2484,799,1473,2451,648,1455,2483,513,1416,2496
LSKDJOZKD_mono_0133,86.9,0.028,AH,3,Black,3870,5214,371,1483,1870,384,1461,1926,369,1458,1945,356,1432,1970,268,1439,2130
LSKDJOZKD_mono_0134,132.2,0.04,UW,17,Cyan,3871,5214,258,1954,2195,266,1806,2145,276,1552,2163,280,1371,2169,270,1214,2172
LSKDJOZKD_mono_0135,88.6,0.11,AY,7,Magenta,3872,7000,549,1184,2683,571,1353,2729,576,1515,2822,501,1823,2805,388,1971,2811
LSKDJOZKD_mono_0136,97.2,0.03,AH,3,Black,3873,5929,366,1383,2793,337,1384,2655,378,1355,2698,348,1320,2763,307,1299,2739
LSKDJOZKD_mono_0137,105.5,0.1,EY,10,Purple,3874,6643,397,1791,2591,431,1903,2655,409,1995,2735,380,2106,2750,306,2247,2727
LSKDJOZKD_mono_0138,86.5,0.17,IY,13,Pink,3875,6286,275,2060,2657,296,2160,2636,347,2169,2707,383,2219,2580,287,2171,2655
LSKDJOZKD_mono_0139,95.9,0.088,EH,8,Black,3876,5929,489,1798,2555,541,1810,2601,531,1840,2542,472,1879,2529,422,2045,2498
LSKDJOZKD_mono_0140,67,0.12,EY,10,Purple,3877,7000,389,2073,2919,402,2087,2859,386,2148,3062,367,2185,2921,348,2063,3086
LSKDJOZKD_mono_0141,90.7,0.128,AY,7,Magenta,3878,6643,814,1254,2668,768,1309,2635,684,1420,2623,593,1572,2634,519,1534,2553
LSKDJOZKD_mono_0142,122.8,0.06,AA,1,Red,3879,4500,525,827,2051,557,905,2096,563,999,2233,594,1095,2290,530,1194,2413
LSKDJOZKD_mono_0143,129.2,0.06,ER,9,Lime,3880,4857,365,1503,1924,361,1474,1781,354,1478,1781,345,1496,1875,323,1514,2032
LSKDJOZKD_mono_0144,89.5,0.028,AH,3,Black,3881,5571,388,1381,2605,399,1361,2575,359,1303,2494,323,1252,2521,264,1280,2441
LSKDJOZKD_mono_0145,87.6,0.038,AA,1,Red,3882,6286,531,904,2554,517,928,2485,509,914,2462,540,942,2277,572,1004,2210
LSKDJOZKD_mono_0146,93.5,0.07,AH,3,Black,3883,4857,487,1464,2482,460,1467,2473,408,1568,2170,371,1838,2123,320,1872,2271
LSKDJOZKD_mono_0147,138.4,0.058,IH,11,Teal,3884,5929,305,1892,2655,339,1865,2631,336,1842,2635,308,1794,2627,278,1755,2615
LSKDJOZKD_mono_0148,115.8,0.068,UW,17,Cyan,3885,5214,287,1691,2368,329,1700,2343,330,1616,2326,327,1459,2303,310,1319,2307
LSKDJOZKD_mono_0149,91.6,0.038,AY,7,Magenta,3886,6286,496,1171,2469,524,1153,2458,592,1156,2508,644,1179,2521,651,1164,2517
LSKDJOZKD_mono_0150,86.9,0.128,AA,1,Red,3887,5214,749,1194,2340,779,1264,2224,784,1392,2381,617,1565,2584,567,1634,2592
LSKDJOZKD_mono_0151,99.7,0.068,UW,17,Cyan,3888,5571,279,1581,2197,286,1458,2209,297,1453,2242,308,1487,2265,320,1477,2317
LSKDJOZKD_mono_0152,78,0.09,ER,9,Lime,3889,4857,312,1412,1740,319,1385,1740,329,1422,1755,344,1423,1784,326,1505,1816
LSKDJOZKD_mono_0153,75.8,0.06,EH,8,Black,3890,6286,391,1912,2706,457,1849,2704,466,1616,2629,515,1486,2588,548,1362,2687
LSKDJOZKD_mono_0154,71.9,0.098,IH,11,Teal,3891,5214,497,1326,2614,462,1558,2601,434,1764,2576,470,1928,2529,409,2062,2508
LSKDJOZKD_mono_0155,151.8,0.118,UW,17,Cyan,3892,4857,293,1584,2314,314,1482,2154,312,1272,2128,303,1044,2187,302,875,2213
LSKDJOZKD_mono_0156,128.5,0.11,UW,17,Cyan,3893,4500,271,1542,2301,282,1482,2057,280,1288,2044,293,991,2124,307,791,2146
LSKDJOZKD_mono_0157,94,0.12,AY,7,Magenta,3894,7000,563,1252,2814,565,1415,2744,511,1634,2634,415,1958,2696,334,2195,2858
LSKDJOZKD_mono_0158,91.4,0.07,IH,11,Teal,3895,7000,350,2180,2692,340,2026,2657,345,2020,2652,365,1919,2862,370,1763,2776
LSKDJOZKD_mono_0159,87.8,0.04,AH,3,Black,3896,5571,349,1220,2536,356,1314,2605,347,1419,2602,312,1411,2602,315,1501,2809
LSKDJOZKD_mono_0160,82.9,0.048,AH,3,Black,3897,4857,355,1457,2756,327,1473,2583,315,1470,2571,299,1472,2633,271,1527,3147
LSKDJOZKD_mono_0161,123.5,0.088,AW,5,Olive,3898,5929,669,1564,2564,706,1451,2576,659,1316,2528,649,1244,2598,614,1203,2598
LSKDJOZKD_mono_0162,86.6,0.038,AH,3,Black,3899,4857,450,1423,2553,470,1462,2522,461,1457,2539,485,1457,2454,357,1420,2537
LSKDJOZKD_mono_0163,80.5,0.09,EH,8,Black,3900,5571,527,1450,2278,566,1465,2174,580,1441,2186,584,1470,2134,447,1454,2145
LSKDJOZKD_mono_0164,76.4,0.08,AH,3,Black,3901,5929,444,1524,2593,473,1504,2656,462,1464,2693,419,1457,2748,390,1456,2798
LSKDJOZKD_mono_0165,92.4,0.068,AH,3,Black,3902,6643,512,1376,2690,555,1339,2762,591,1308,2838,500,1247,2830,380,1314,3151
LSKDJOZKD_mono_0166,95.2,0.05,IY,13,Pink,3903,5214,262,2118,2603,269,2144,2680,259,2188,2736,252,2246,2809,251,2288,2795
LSKDJOZKD_mono_0167,0,0.07,AY,7,Magenta,3904,6286,971,1331,2552,937,1426,2523,676,1458,2501,645,1532,2546,618,1751,2629
LSKDJOZKD_mono_0168,128.5,0.098,AE,2,Blue,3905,5214,508,1511,1625,599,1524,1685,616,1488,1637,622,1452,1646,596,1391,1548
LSKDJOZKD_mono_0169,122.9,0.058,AH,3,Black,3906,6643,577,1155,2660,566,1179,2692,552,1208,2620,524,1259,2738,478,1336,2650
LSKDJOZKD_mono_0170,114.2,0.08,ER,9,Lime,3907,4500,327,1458,1701,332,1418,1663,342,1399,1682,356,1390,1744,389,1408,1860
LSKDJOZKD_mono_0171,100.1,0.06,AH,3,Black,3908,7000,416,1525,2642,410,1520,2671,390,1515,2606,362,1550,2660,300,1630,2616
LSKDJOZKD_mono_0172,79.6,0.18,IY,13,Pink,3909,6286,328,1951,2692,266,1944,2676,265,2270,2589,251,2121,2556,201,1798,2621
LSKDJOZKD_mono_0173,97.3,0.038,IH,11,Teal,3910,4857,382,1474,2553,373,1483,2534,359,1548,2598,345,1595,2618,303,1628,2596
LSKDJOZKD_mono_0174,135.5,0.04,AH,3,Black,3911,5571,261,1652,2697,324,1627,2705,359,1614,2683,365,1567,2683,332,1516,2669
LSKDJOZKD_mono_0175,127.8,0.038,AH,3,Black,3912,6286,394,1485,2689,389,1464,2650,379,1432,2606,360,1388,2519,329,1382,2524
LSKDJOZKD_mono_0176,84.6,0.13,IY,13,Pink,3913,4857,337,1788,2196,325,1951,2528,315,2098,2598,312,2021,2581,306,1935,2579
LSKDJOZKD_mono_0177,102.1,0.06,AE,2,Blue,3914,6286,509,1731,2541,588,1678,2513,547,1675,2569,484,1647,2544,477,1614,2621
LSKDJOZKD_mono_0178,96.6,0.108,AA,1,Red,3915,5214,663,893,2850,699,993,2754,696,1107,2656,696,1236,2545,640,1459,2546
LSKDJOZKD_mono_0179,95.8,0.08,AH,3,Black,3916,5929,446,1586,2620,440,1640,2602,420,1736,2612,357,1859,2628,285,2001,2836
LSKDJOZKD_mono_0180,97.1,0.06,EH,8,Black,3917,4500,444,1739,1968,481,1583,1935,533,1428,1885,574,1383,1793,581,1264,1731
LSKDJOZKD_mono_0181,135.6,0.088,OW,14,Maroon,3918,6286,466,1141,2901,481,1172,2820,439,1128,2743,417,1045,2760,378,934,2748
LSKDJOZKD_mono_0182,92.8,0.16,UW,17,Cyan,3919,5571,379,1379,2462,357,1300,2265,337,1148,2181,353,1141,2180,330,1338,2177
LSKDJOZKD_mono_0183,76.8,0.07,EH,8,Black,3920,6286,376,1978,2652,420,1879,2610,435,1795,2547,451,1726,2571,473,1719,2605
LSKDJOZKD_mono_0184,101.6,0.088,AE,2,Blue,3921,6643,441,1801,2523,449,1776,2421,521,1841,2462,500,1920,2470,450,2004,2478
LSKDJOZKD_mono_0185,115.7,0.04,AH,3,Black,3922,6643,405,1130,2489,436,1097,2544,445,1056,2600,442,991,2643,445,957,2684
LSKDJOZKD_mono_0186,0,0.05,IH,11,Teal,3923,5929,406,1743,2554,377,1772,2568,420,1778,2534,407,1760,2549,421,1707,2525
LSKDJOZKD_mono_0187,86,0.07,AH,3,Black,3924,4857,408,1498,2499,406,1506,2438,427,1477,2443,442,1426,2387,263,1495,2442
LSKDJOZKD_mono_0188,91.1,0.048,AW,5,Olive,3925,4857,798,1162,2409,779,1139,2338,698,1096,2234,609,1069,2099,539,1055,2024
LSKDJOZKD_mono_0189,84,0.06,ER,9,Lime,3926,6286,482,1015,1941,490,1007,1920,477,993,1940,465,1006,2386,456,1002,2662
LSKDJOZKD_mono_0190,164.2,0.04,IH,11,Teal,3927,7000,299,1480,2085,311,1610,2090,324,1702,2107,337,1733,2054,352,1783,2032
LSKDJOZKD_mono_0191,103.6,0.06,AO,4,Green,3928,5571,433,603,2635,445,612,2610,448,651,2635,430,734,2525,423,865,2505
LSKDJOZKD_mono_0192,87.3,0.058,AH,3,Black,3929,5214,467,1149,2579,492,1165,2619,539,1198,2613,527,1236,2596,528,1252,2632
LSKDJOZKD_mono_0193,90,0.09,AA,1,Red,3930,7000,714,1120,3209,577,979,3190,709,973,3117,762,1127,3019,825,1221,2718
LSKDJOZKD_mono_0194,121.5,0.038,AH,3,Black,3931,5929,485,1421,2691,477,1470,2729,431,1470,2740,371,1494,2760,280,1377,2815
LSKDJOZKD_mono_0195,131.7,0.15,IY,13,Pink,3932,4857,356,1771,2420,362,1958,2556,202,2221,2303,160,1365,2192,208,1415,1919
LSKDJOZKD_mono_0196,121,0.06,AA,1,Red,3933,4500,496,1253,1790,527,1199,1772,565,1172,1810,579,1146,1822,548,1096,1807
LSKDJOZKD_mono_0197,88,0.038,AH,3,Black,3934,4857,431,1251,2530,424,1171,2543,405,1096,2556,387,943,2588,373,1045,2609
LSKDJOZKD_mono_0198,67.5,0.098,ER,9,Lime,3935,4500,442,1059,1870,458,1242,1714,455,1294,1688,443,1321,1671,394,1422,1695
NOISY6969_mono_0001,182.5,0.07,OW,14,Maroon,3936,5929,484,1226,2705,535,1174,2698,533,1151,2638,528,1190,2754,474,1242,2813
NOISY6969_mono_0002,204,0.058,IH,11,Teal,3937,5929,512,1419,2856,525,1447,2878,520,1455,2871,488,1432,2865,471,1426,2920
NOISY6969_mono_0003,192.6,0.07,AO,4,Green,3938,5929,510,992,2754,533,934,2704,556,934,2741,576,975,2742,594,1009,2557
NOISY6969_mono_0004,191.1,0.12,IH,11,Teal,3939,5929,562,1761,2734,557,1852,2738,549,2007,2734,501,2176,2772,475,2292,2632
NOISY6969_mono_0005,151.9,0.1,AY,7,Magenta,3940,6643,608,1571,2595,766,1472,2366,854,1387,2362,862,1321,2517,709,1300,2635
NOISY6969_mono_0006,170.6,0.078,OW,14,Maroon,3941,5571,514,968,2761,530,946,2743,541,922,2746,510,904,2674,543,927,2538
NOISY6969_mono_0007,179.3,0.068,AH,3,Black,3942,5214,570,1332,2432,592,1208,2554,610,1099,2601,608,1072,2694,528,1034,2745
NOISY6969_mono_0008,151.9,0.208,EY,10,Purple,3943,5929,618,1624,2802,555,1891,2743,495,2056,2736,461,2130,2762,466,2132,2852
NOISY6969_mono_0009,172.1,0.09,AE,2,Blue,3944,5571,583,1801,2721,617,1800,2706,644,1778,2618,650,1754,2643,638,1748,2644
NOISY6969_mono_0010,157.2,0.06,IY,13,Pink,3945,6286,414,2180,2645,424,2142,2764,422,2166,2819,427,2115,2806,408,2100,2866
NOISY6969_mono_0011,162.5,0.028,AH,3,Black,3946,5571,533,1688,2742,539,1653,2753,537,1627,2777,526,1565,2809,496,1484,2794
NOISY6969_mono_0012,164.2,0.058,IY,13,Pink,3947,5929,405,1861,2645,388,1959,2655,389,1986,2653,408,1904,2700,438,1861,2823
NOISY6969_mono_0013,159.9,0.06,AH,3,Black,3948,5571,602,1502,2558,664,1411,2592,693,1327,2605,681,1237,2669,621,1205,2693
NOISY6969_mono_0014,140.2,0.088,AY,7,Magenta,3949,6286,726,1284,2578,737,1479,2580,674,1653,2522,589,1785,2515,532,1796,2651
NOISY6969_mono_0015,139,0.158,OW,14,Maroon,3950,5929,599,1470,2431,589,1290,2554,582,1106,2648,559,1002,2733,579,911,2703
NOISY6969_mono_0016,131.2,0.06,AA,1,Red,3951,5571,655,940,2776,657,993,2796,665,1060,2762,652,1109,2707,636,1204,2662
NOISY6969_mono_0017,122.3,0.04,AH,3,Black,3952,5214,508,1518,2615,513,1549,2603,504,1584,2613,486,1582,2659,464,1573,2693
NOISY6969_mono_0018,117.1,0.058,EH,8,Black,3953,5929,624,1417,2456,628,1424,2471,635,1463,2495,617,1458,2515,615,1478,2533
NOISY6969_mono_0019,101,0.2,ER,9,Lime,3954,4500,480,1445,1985,514,1427,1855,490,1441,1843,468,1488,1814,436,1539,1769
NOISY6969_mono_0020,175.9,0.07,EY,10,Purple,3955,5929,501,1736,2427,469,1843,2512,407,1956,2594,372,2014,2727,359,1946,2775
NOISY6969_mono_0021,128.7,0.098,AA,1,Red,3956,4857,604,1344,2124,641,1158,2161,667,1094,2056,645,1066,1973,641,1110,1946
NOISY6969_mono_0022,131.1,0.158,AY,7,Magenta,3957,6643,718,1345,2492,714,1560,2598,669,1715,2604,584,1821,2611,531,1957,2711
NOISY6969_mono_0023,163,0.068,AY,7,Magenta,3958,5571,831,1302,2593,800,1295,2550,734,1320,2511,680,1332,2532,586,1342,2476
NOISY6969_mono_0024,191.2,0.06,AH,3,Black,3959,5571,607,1168,2301,624,1130,2388,615,1131,2502,591,1136,2610,570,1093,2698
NOISY6969_mono_0025,214.8,0.05,AH,3,Black,3960,7000,591,1298,3077,584,1257,3057,612,1230,2945,627,1140,2854,599,1095,2788
NOISY6969_mono_0026,201.5,0.038,IH,11,Teal,3961,5929,512,1815,2699,498,1895,2673,469,1998,2658,448,2111,2650,447,2121,2597
NOISY6969_mono_0027,175,0.14,AE,2,Blue,3962,7000,869,1542,2581,936,1460,2594,887,1415,2579,859,1380,2591,744,1196,2742
NOISY6969_mono_0028,168,0.11,AA,1,Red,3963,6643,687,1059,2925,677,1084,2949,687,1110,2962,650,1207,3014,560,1406,2934
NOISY6969_mono_0029,152.8,0.098,AH,3,Black,3964,5214,477,1639,2562,490,1600,2422,500,1580,2497,473,1563,2683,419,1523,2607
NOISY6969_mono_0030,163.6,0.1,AE,2,Blue,3965,5929,697,1342,2345,767,1333,2358,784,1317,2392,760,1328,2530,651,1259,2596
NOISY6969_mono_0031,182.6,0.04,AH,3,Black,3966,5214,546,1036,2630,558,1152,2616,560,1252,2575,556,1316,2555,546,1403,2552
NOISY6969_mono_0032,177.2,0.07,EH,8,Black,3967,6286,617,1578,2773,677,1573,2592,687,1565,2468,662,1485,2281,590,1384,2102
NOISY6969_mono_0033,174.8,0.068,ER,9,Lime,3968,5571,527,1413,1911,530,1473,1922,518,1551,1896,488,1538,1905,437,1652,2403
NOISY6969_mono_0034,170.5,0.08,ER,9,Lime,3969,4500,503,1451,1811,522,1408,1793,513,1429,1772,510,1454,1808,515,1431,1838
NOISY6969_mono_0035,143.5,0.04,AH,3,Black,3970,5571,521,1082,2458,533,1169,2465,532,1221,2486,502,1321,2512,447,1373,2517
NOISY6969_mono_0036,136.7,0.05,AE,2,Blue,3971,6643,685,1821,2925,676,1832,2921,675,1828,2845,649,1823,2813,616,1818,2809
NOISY6969_mono_0037,164.3,0.138,AE,2,Blue,3972,5929,595,1991,2624,601,2000,2628,623,1878,2618,636,1809,2655,594,1820,2795
NOISY6969_mono_0038,158.3,0.088,IH,11,Teal,3973,6286,499,1828,2892,505,1832,2876,514,1825,2879,499,1809,2859,468,1731,2845
NOISY6969_mono_0039,135.6,0.1,AE,2,Blue,3974,6286,624,1737,2798,657,1730,2791,651,1783,2830,611,1785,2854,558,1805,2830
NOISY6969_mono_0040,145.4,0.078,AE,2,Blue,3975,6286,577,1837,2811,594,1815,2757,611,1817,2737,606,1827,2784,586,1830,2776
NOISY6969_mono_0041,156.3,0.07,EH,8,Black,3976,5929,722,1775,2854,741,1797,2763,681,1809,2765,640,1822,2798,593,1790,2808
NOISY6969_mono_0042,141.7,0.05,IH,11,Teal,3977,5929,472,1718,2748,461,1719,2761,457,1697,2734,451,1679,2734,441,1664,2742
NOISY6969_mono_0043,110.6,0.13,AW,5,Olive,3978,5571,636,1663,2670,768,1586,2635,802,1431,2498,814,1315,2378,784,1215,2561
NOISY6969_mono_0044,145.9,0.038,AH,3,Black,3979,6286,453,1553,2822,456,1559,2827,455,1552,2811,445,1528,2779,423,1514,2792
NOISY6969_mono_0045,207.5,0.12,AY,7,Magenta,3980,6643,720,1504,2828,784,1475,2796,808,1528,2649,766,1571,2779,665,1568,2817
NOISY6969_mono_0046,212.6,0.06,UH,16,Silver,3981,7000,573,1386,3208,562,1372,3199,528,1427,3282,437,1469,3134,427,1509,3120
NOISY6969_mono_0047,145.5,0.118,IH,11,Teal,3982,5571,364,1762,2212,357,1945,2173,381,1975,2161,415,1906,2117,420,1813,2008
NOISY6969_mono_0048,135.5,0.058,AY,7,Magenta,3983,5214,697,1296,2732,706,1393,2639,642,1561,2497,538,1757,2417,426,1902,2460
NOISY6969_mono_0049,145.3,0.04,AH,3,Black,3984,5571,380,1820,2586,411,1799,2601,415,1761,2635,417,1753,2799,406,1767,2881
NOISY6969_mono_0050,183.5,0.09,EY,10,Purple,3985,5214,479,1817,2408,502,1917,2522,479,1957,2592,449,1991,2674,426,1893,2666
NOISY6969_mono_0051,182.7,0.048,AH,3,Black,3986,4857,507,1660,2558,536,1581,2457,543,1449,2416,538,1394,2365,517,1288,2268
NOISY6969_mono_0052,165.5,0.13,UW,17,Cyan,3987,5571,384,1293,2598,381,1326,2472,380,1309,2348,363,1207,2274,347,1108,2272
NOISY6969_mono_0053,147.4,0.108,EY,10,Purple,3988,5214,576,1544,2270,572,1737,2331,553,1857,2437,506,1922,2596,456,1931,2760
NOISY6969_mono_0054,142.5,0.06,AE,2,Blue,3989,4500,581,1192,1724,626,1189,1709,648,1178,1658,646,1261,1570,611,1301,1531
NOISY6969_mono_0055,145.2,0.078,EY,10,Purple,3990,6643,501,1835,2579,541,1913,2693,517,1978,2615,469,2056,2566,441,2066,2475
NOISY6969_mono_0056,137.6,0.028,UW,17,Cyan,3991,4857,379,1737,2157,372,1631,2151,382,1422,2126,385,1336,2137,342,1344,2129
NOISY6969_mono_0057,155.9,0.06,EH,8,Black,3992,5571,674,1472,2279,669,1527,2411,643,1575,2526,628,1658,2641,604,1694,2823
NOISY6969_mono_0058,154.9,0.048,AH,3,Black,3993,5571,489,1678,2720,505,1704,2697,512,1701,2676,513,1695,2690,491,1679,2741
NOISY6969_mono_0059,136.5,0.038,IH,11,Teal,3994,6286,499,1811,2740,520,1803,2712,525,1786,2694,515,1762,2629,504,1731,2565
NOISY6969_mono_0060,132.1,0.058,IH,11,Teal,3995,5929,546,1551,2388,552,1568,2445,543,1585,2520,525,1555,2582,466,1538,2668
NOISY6969_mono_0061,133.9,0.038,AH,3,Black,3996,6286,514,1482,2743,562,1448,2709,559,1441,2702,519,1454,2713,518,1607,2742
NOISY6969_mono_0062,130.1,0.078,AW,5,Olive,3997,6643,693,1367,2615,764,1375,2628,762,1374,2638,740,1351,2685,677,1371,2708
NOISY6969_mono_0063,127.8,0.048,AH,3,Black,3998,5571,510,1497,2432,501,1422,2180,518,1347,1964,522,1279,1888,524,1274,1707
NOISY6969_mono_0064,123.8,0.088,EY,10,Purple,3999,6643,604,1650,2375,562,1727,2449,510,1793,2462,499,1841,2459,489,1783,2431
NOISY6969_mono_0065,113.1,0.08,ER,9,Lime,4000,4500,474,1299,1706,481,1241,1690,501,1221,1676,495,1257,1662,466,1358,1627
NOISY6969_mono_0066,94.5,0.15,AA,1,Red,4001,5214,705,1279,2579,736,1080,2525,738,1073,2603,744,1048,2484,730,1111,2466
NOISY6969_mono_0067,147.9,0.088,AY,7,Magenta,4002,5929,849,1325,2477,823,1392,2452,803,1516,2554,729,1651,2609,665,1707,2882
NOISY6969_mono_0068,209.9,0.1,AA,1,Red,4003,5929,630,1485,2662,775,1364,2660,826,1263,2703,792,1276,2676,659,1275,2742
NOISY6969_mono_0069,211,0.078,AY,7,Magenta,4004,6286,726,1322,2498,783,1483,2548,759,1582,2548,700,1673,2708,621,1697,2805
NOISY6969_mono_0070,181.8,0.048,AH,3,Black,4005,5571,607,1600,2590,616,1618,2372,587,1595,2221,534,1455,2054,472,1367,2051
NOISY6969_mono_0071,183.7,0.04,AO,4,Green,4006,5214,668,727,1976,569,866,2118,580,889,2129,573,913,2048,564,954,2066
NOISY6969_mono_0072,184.5,0.058,ER,9,Lime,4007,5214,447,1590,2374,486,1585,2441,511,1619,2481,517,1596,2660,497,1577,2646
NOISY6969_mono_0073,175.7,0.058,AO,4,Green,4008,5214,446,1267,2063,483,1116,2089,513,1027,2011,522,1013,2011,531,1007,1981
NOISY6969_mono_0074,150.7,0.038,AH,3,Black,4009,4857,436,1614,2465,468,1759,2336,402,1706,2018,405,1643,2071,384,1567,2090
NOISY6969_mono_0075,146.9,0.078,AE,2,Blue,4010,5571,659,1454,2073,734,1448,2248,749,1439,2273,747,1442,2348,721,1432,2331
NOISY6969_mono_0076,143.7,0.048,AH,3,Black,4011,5571,586,1336,2292,595,1445,2373,577,1497,2463,542,1545,2561,477,1543,2607
NOISY6969_mono_0077,148.4,0.108,OW,14,Maroon,4012,5214,572,1328,2378,575,1213,2335,501,1173,2381,449,1200,2351,451,1311,2351
NOISY6969_mono_0078,147,0.03,IH,11,Teal,4013,5929,492,1694,2776,452,1674,2757,450,1651,2769,433,1645,2756,407,1646,2732
NOISY6969_mono_0079,131.2,0.108,EY,10,Purple,4014,6643,540,1753,2636,529,1809,2750,511,1855,2824,449,1920,2889,408,2022,2920
NOISY6969_mono_0080,124.2,0.05,AH,3,Black,4015,5929,500,1398,2457,552,1306,2560,583,1132,2725,594,1006,2808,601,886,2870
NOISY6969_mono_0081,126.9,0.048,AH,3,Black,4016,4857,596,1189,2618,596,1273,2602,589,1351,2508,552,1464,2456,535,1525,2392
NOISY6969_mono_0082,124.8,0.108,AO,4,Green,4017,4857,612,916,2065,657,727,2077,607,711,1912,521,817,2132,511,935,2000
NOISY6969_mono_0083,130.5,0.04,AH,3,Black,4018,6643,500,1633,2483,470,1643,2521,438,1673,2533,410,1716,2562,395,1755,2558
NOISY6969_mono_0084,97.8,0.13,UW,17,Cyan,4019,6643,342,1765,2955,421,1754,2954,430,1705,2989,412,1644,2867,417,1648,2994
NOISY6969_mono_0085,165.9,0.18,AH,3,Black,4020,5571,630,1039,2696,699,1096,2736,713,1196,2691,677,1424,2778,516,1609,2784
NOISY6969_mono_0086,179.9,0.058,EY,10,Purple,4021,5929,428,1724,2750,495,1721,2628,527,1730,2377,533,1638,2193,533,1558,1997
NOISY6969_mono_0087,192.9,0.078,ER,9,Lime,4022,5571,520,1270,1841,520,1396,1866,501,1530,1902,476,1647,1914,418,1660,2278
NOISY6969_mono_0088,165.5,0.138,AW,5,Olive,4023,5214,822,1343,2314,832,1270,2392,802,1198,2640,785,1200,2680,664,1298,2460
NOISY6969_mono_0089,149.2,0.038,AH,3,Black,4024,6286,484,1470,2659,502,1470,2641,512,1438,2571,509,1403,2549,487,1354,2608
NOISY6969_mono_0090,120.4,0.17,OW,14,Maroon,4025,6286,600,1157,2607,630,1164,2669,574,1079,2749,534,1074,2724,504,1177,2678
NOISY6969_mono_0091,153.9,0.028,AH,3,Black,4026,5571,544,1727,2186,532,1765,2092,503,1813,1986,481,1828,2029,498,1807,1943
NOISY6969_mono_0092,179.3,0.08,AE,2,Blue,4027,5214,628,1740,2119,673,1701,2093,751,1648,2104,741,1684,2107,648,1754,2084
NOISY6969_mono_0093,214.1,0.05,IH,11,Teal,4028,6643,425,1898,2819,447,1890,2707,453,1879,2432,469,1876,2287,491,1856,2381
NOISY6969_mono_0094,183.4,0.108,OW,14,Maroon,4029,5929,458,1638,2087,573,1365,2177,561,1210,2285,530,1095,2421,458,1087,2405
NOISY6969_mono_0095,178.4,0.068,IH,11,Teal,4030,6643,526,1911,2784,536,1895,2720,540,1859,2759,494,1853,2821,394,1782,2810
NOISY6969_mono_0096,188,0.08,AH,3,Black,4031,5929,611,1043,2912,675,1197,2931,680,1316,2943,669,1486,3014,612,1665,3118
NOISY6969_mono_0097,209.1,0.11,EY,10,Purple,4032,7000,575,2040,3014,602,2125,2981,583,2190,2949,575,2262,3003,592,2243,3034
NOISY6969_mono_0098,157.8,0.07,EH,8,Black,4033,5929,720,1910,2719,755,1866,2674,756,1838,2711,724,1787,2717,679,1767,2751
NOISY6969_mono_0099,153.4,0.08,ER,9,Lime,4034,7000,527,1762,2864,526,1759,2909,497,1742,2745,474,1783,2667,440,1868,2607
NOISY6969_mono_0100,106.7,0.26,IY,13,Pink,4035,4500,382,1334,1991,360,1296,2029,405,1316,1994,416,1309,1956,434,1282,1973
NOISY6969_mono_0101,147.9,0.1,AY,7,Magenta,4036,5929,738,1676,2742,831,1719,2799,860,1735,2789,901,1725,2787,932,1728,2749
NOISY6969_mono_0102,168.5,0.138,AE,2,Blue,4037,5929,986,1564,2576,931,1437,2499,920,1358,2431,840,1370,2433,702,1297,2538
NOISY6969_mono_0103,136.2,0.148,AE,2,Blue,4038,5571,782,1256,2858,832,1361,2816,858,1348,2746,852,1329,2571,765,1411,2570
NOISY6969_mono_0104,140.2,0.038,IH,11,Teal,4039,5929,401,1827,2552,405,1849,2431,410,1903,2333,412,1933,2188,410,1875,2221
NOISY6969_mono_0105,147.7,0.1,AH,3,Black,4040,5929,487,1635,2315,586,1454,2389,612,1424,2498,593,1474,2587,535,1536,2727
NOISY6969_mono_0106,148,0.188,AE,2,Blue,4041,5571,625,1750,2618,813,1577,2635,854,1446,2851,887,1413,2898,888,1441,2928
NOISY6969_mono_0107,114.8,0.178,UW,17,Cyan,4042,5214,430,1296,1880,458,1320,2012,448,1326,2065,421,1296,2091,405,1321,2170
NOISY6969_mono_0108,162.8,0.038,AY,7,Magenta,4043,6286,762,1446,2423,733,1539,2493,689,1633,2745,655,1703,2894,572,1740,2896
NOISY6969_mono_0109,233.5,0.048,UH,16,Silver,4044,6286,488,1802,2799,516,1824,2743,526,1716,2640,510,1665,2633,509,1634,2603
NOISY6969_mono_0110,215.1,0.038,AH,3,Black,4045,6643,533,1747,2689,561,1751,2690,585,1722,2712,597,1692,2775,566,1702,2842
NOISY6969_mono_0111,215.8,0.088,IY,13,Pink,4046,6286,436,1967,2794,448,2193,2873,439,2275,2838,442,2341,2856,417,2251,2867
NOISY6969_mono_0112,194,0.04,IH,11,Teal,4047,6643,408,2146,2842,411,2085,2727,428,1985,2597,460,1839,2473,511,1732,2384
NOISY6969_mono_0113,164.8,0.06,AH,3,Black,4048,5571,546,1563,2664,546,1502,2522,530,1296,2382,496,1122,2374,454,972,2351
NOISY6969_mono_0114,158.7,0.08,IH,11,Teal,4049,5929,490,1398,2250,512,1663,2316,517,1764,2443,486,1794,2579,452,1765,2645
NOISY6969_mono_0115,132.4,0.142,OW,14,Maroon,4050,4500,546,1195,1640,569,1224,1446,598,1203,1271,545,1159,1351,510,1206,1283
NOISY6969_mono_0116,191.7,0.038,OW,14,Maroon,4051,5929,531,1128,2273,552,1140,2321,567,1162,2377,580,1135,2423,586,1084,2485
NOISY6969_mono_0117,178.7,0.088,AY,7,Magenta,4052,5929,658,1213,2623,682,1364,2613,655,1572,2633,589,1704,2596,525,1760,2523
NOISY6969_mono_0118,159,0.15,OW,14,Maroon,4053,5929,561,1191,2531,606,1145,2617,610,1069,2642,574,1046,2630,550,1188,2567
NOISY6969_mono_0119,134.1,0.04,AH,3,Black,4054,6643,526,1530,2571,537,1554,2562,542,1598,2573,532,1584,2561,501,1530,2541
NOISY6969_mono_0120,147.4,0.09,OW,14,Maroon,4055,5571,576,1215,2392,576,1127,2484,572,1051,2486,529,931,2451,482,912,2465
NOISY6969_mono_0121,156.6,0.028,ER,9,Lime,4056,5571,509,1128,1928,524,1142,1901,538,1125,1876,542,1127,1875,542,1064,1878
NOISY6969_mono_0122,168.7,0.068,ER,9,Lime,4057,5214,581,1387,1849,542,1409,1850,505,1466,1939,490,1532,2038,448,1563,2069
NOISY6969_mono_0123,160.8,0.07,AH,3,Black,4058,5929,564,1432,2811,623,1376,2767,664,1310,2590,662,1205,2444,611,1061,2451
NOISY6969_mono_0124,146.3,0.048,AH,3,Black,4059,6286,595,1165,2628,591,1254,2616,587,1365,2651,573,1429,2670,546,1458,2667
NOISY6969_mono_0125,134.2,0.176,EY,10,Purple,4060,4500,545,1231,1660,564,1186,1790,514,1275,1915,484,1075,1988,466,1114,1987
NOISY6969_mono_0126,163.1,0.04,AH,3,Black,4061,7000,513,1667,2859,506,1682,2850,488,1707,2883,453,1744,2898,433,1780,2896
NOISY6969_mono_0127,162,0.14,ER,9,Lime,4062,4500,455,1482,1983,486,1306,1839,394,1104,1700,356,1026,1675,530,1298,1538
NOISY6969_mono_0128,198.5,0.17,AE,2,Blue,4063,6286,806,1440,2558,890,1466,2591,951,1501,2689,912,1538,2796,875,1595,2921
NOISY6969_mono_0129,173.8,0.088,IH,11,Teal,4064,6286,587,1752,2908,630,1786,2986,583,1853,2916,520,1849,2716,392,1846,2626
NOISY6969_mono_0130,163.5,0.08,IH,11,Teal,4065,7000,456,1673,2725,524,1763,2826,546,1784,2920,529,1711,2961,489,1658,3094
NOISY6969_mono_0131,172.4,0.07,IH,11,Teal,4066,6286,495,1643,2459,535,1733,2567,541,1736,2620,527,1722,2702,486,1680,2748
NOISY6969_mono_0132,153,0.118,OW,14,Maroon,4067,5571,600,1214,2592,561,1084,2602,499,960,2617,463,907,2650,428,823,2688
NOISY6969_mono_0133,178.3,0.07,AH,3,Black,4068,6286,481,1247,2658,496,1310,2642,507,1454,2685,512,1600,2676,437,1638,2688
NOISY6969_mono_0134,145,0.12,AE,2,Blue,4069,7000,539,1716,2904,710,1742,2865,801,1767,2855,704,1790,2802,555,1834,2833
NOISY6969_mono_0135,128.2,0.14,UW,17,Cyan,4070,5571,391,1858,2647,406,1843,2558,401,1812,2409,401,1687,2254,417,1541,2190
NOISY6969_mono_0136,155.4,0.048,IH,11,Teal,4071,6286,470,1483,2367,464,1620,2327,435,1700,2366,402,1790,2635,412,1902,2701
NOISY6969_mono_0137,168.9,0.06,EH,8,Black,4072,4500,551,1355,1737,590,1340,1639,659,1295,1584,681,1240,1594,683,1166,1454
NOISY6969_mono_0138,175,0.18,AA,1,Red,4073,6643,844,938,3279,824,973,3298,824,1046,3423,877,1082,3394,691,1293,3161
NOISY6969_mono_0139,207.7,0.05,IY,13,Pink,4074,4500,449,1222,1902,432,1178,1981,423,1187,1993,413,1314,1852,402,1234,1719
NOISY6969_mono_0140,162.5,0.038,OW,14,Maroon,4075,4857,558,1211,1958,541,1202,1970,529,1210,1962,500,1181,1989,421,1178,2019
NOISY6969_mono_0141,147.1,0.14,AW,5,Olive,4076,4500,637,1330,1589,714,1306,1481,696,1231,1473,618,1167,1536,569,1188,1412
NOISY6969_mono_0142,136.7,0.058,AE,2,Blue,4077,5929,669,1521,2592,724,1498,2563,726,1484,2618,695,1485,2605,614,1481,2629
NOISY6969_mono_0143,123.2,0.038,AH,3,Black,4078,6286,511,1495,2663,506,1512,2633,497,1513,2653,477,1505,2632,466,1508,2677
NOISY6969_mono_0144,107,0.168,AY,7,Magenta,4079,5929,687,1327,2667,693,1283,2475,683,1347,2517,663,1456,2464,588,1596,2506
NOISY6969_mono_0145,163.1,0.08,AE,2,Blue,4080,5214,825,1299,2401,816,1280,2334,819,1278,2299,784,1300,2309,733,1341,2336
NOISY6969_mono_0146,207.5,0.04,ER,9,Lime,4081,5214,445,1516,2047,453,1502,2052,462,1476,2024,486,1487,2097,509,1476,2096
NOISY6969_mono_0147,192.7,0.04,AH,3,Black,4082,5571,518,1458,2142,529,1453,2183,525,1440,2171,467,1377,2212,354,1431,2500
NOISY6969_mono_0148,204.1,0.058,UW,17,Cyan,4083,5929,428,1754,2367,427,1527,2407,419,1339,2431,410,1163,2450,402,1212,2387
NOISY6969_mono_0149,162.9,0.128,AY,7,Magenta,4084,5214,686,1045,2529,754,1264,2342,714,1558,2506,598,1828,2560,523,1845,2611
NOISY6969_mono_0150,162.7,0.028,AH,3,Black,4085,5214,523,1610,2482,528,1547,2429,528,1502,2404,526,1476,2378,516,1441,2386
NOISY6969_mono_0151,171.5,0.078,AH,3,Black,4086,5571,522,1331,2822,598,1227,2543,637,1200,2463,591,1160,2391,479,1129,2336
NOISY6969_mono_0152,164.8,0.1,IH,11,Teal,4087,6643,475,1708,2715,511,1872,2801,513,1987,2857,492,2116,2923,464,2240,2921
NOISY6969_mono_0153,161.6,0.14,EY,10,Purple,4088,4500,509,1213,1715,477,1209,1890,451,1255,1981,362,1521,2147,372,1467,2337
NOISY6969_mono_0154,190.4,0.088,IY,13,Pink,4089,6643,430,1886,2860,419,2124,2839,437,2214,2923,534,2088,2953,533,1959,2980
NOISY6969_mono_0155,202.8,0.13,EH,8,Black,4090,6286,613,1863,2483,673,1834,2668,711,1779,2586,678,1753,2535,546,1764,2448
NOISY6969_mono_0156,139.1,0.108,EY,10,Purple,4091,5929,459,1757,2427,478,1805,2403,496,1847,2427,443,1874,2452,392,1842,2313
NOISY6969_mono_0157,161.4,0.06,AA,1,Red,4092,5571,631,897,2503,619,988,2443,600,1075,2505,563,1179,2557,522,1272,2494
NOISY6969_mono_0158,191.1,0.06,ER,9,Lime,4093,5571,444,1561,2112,465,1528,2065,474,1529,2027,463,1528,2034,409,1658,1996
NOISY6969_mono_0159,167.6,0.05,AH,3,Black,4094,5929,422,1670,2746,455,1666,2781,468,1656,2785,466,1609,2841,417,1585,2803
NOISY6969_mono_0160,141,0.06,AH,3,Black,4095,4500,559,1230,1382,580,1275,1444,557,1183,1560,500,1087,1857,487,1102,1949
NOISY6969_mono_0161,146.3,0.068,AA,1,Red,4096,5571,665,960,2402,657,976,2344,663,1011,2265,665,1060,2160,658,1145,2080
NOISY6969_mono_0162,148.9,0.058,AH,3,Black,4097,6643,764,1376,2665,720,1412,2653,647,1487,2694,567,1571,2611,459,1620,2850
NOISY6969_mono_0163,248.6,0.1,IH,11,Teal,4098,5929,477,1855,2504,517,1886,2663,522,1819,2758,520,1820,2911,484,1735,3013
NOISY6969_mono_0164,194.9,0.078,UW,17,Cyan,4099,5571,388,1625,2559,398,1528,2522,406,1361,2572,417,1165,2557,412,1114,2598
NOISY6969_mono_0165,172.8,0.08,AY,7,Magenta,4100,5929,642,1138,2627,749,1199,2611,800,1246,2568,805,1344,2580,800,1374,2600
NOISY6969_mono_0166,161.2,0.08,AA,1,Red,4101,5929,802,1364,2579,784,1339,2537,762,1321,2550,688,1337,2609,624,1398,2639
NOISY6969_mono_0167,144.8,0.078,AH,3,Black,4102,5571,498,1415,2678,507,1440,2678,507,1458,2646,476,1491,2678,427,1510,2623
NOISY6969_mono_0168,184.2,0.11,UW,17,Cyan,4103,5571,385,1535,2133,380,1406,2255,385,1348,2254,382,1336,2327,379,1466,2346
NOISY6969_mono_0169,136.1,0.208,ER,9,Lime,4104,5214,503,1420,2000,527,1357,1856,514,1345,1783,487,1435,1865,405,1634,1921
NOISY6969_mono_0170,146.8,0.068,EH,8,Black,4105,5214,526,1812,2649,609,1687,2581,685,1528,2531,719,1359,2558,712,1262,2581
NOISY6969_mono_0171,140.1,0.078,IH,11,Teal,4106,6286,584,1433,2784,571,1655,2767,542,1787,2686,454,1955,2657,417,2103,2620
NOISY6969_mono_0172,212.8,0.15,UW,17,Cyan,4107,5929,382,1586,2533,431,1595,2458,460,1379,2512,462,1333,2697,447,1270,2628
NOISY6969_mono_0173,188,0.228,UW,17,Cyan,4108,5929,422,1687,2535,455,1578,2450,424,1426,2422,387,1228,2386,421,1164,2090
NOISY6969_mono_0174,152.5,0.08,AY,7,Magenta,4109,5929,646,1596,2832,654,1685,2844,622,1747,2640,573,1845,2394,446,1871,2334
NOISY6969_mono_0175,157.3,0.06,AH,3,Black,4110,6286,543,1168,2761,547,1277,2734,570,1346,2752,550,1415,2752,458,1510,2788
NOISY6969_mono_0176,176.4,0.14,AW,5,Olive,4111,7000,569,1668,2886,795,1503,2719,868,1345,2732,792,1211,2783,622,1294,2756
NOISY6969_mono_0177,152.5,0.108,EH,8,Black,4112,5214,655,1451,2523,719,1528,2463,699,1548,2364,594,1578,2298,461,1654,2293
NOISY6969_mono_0178,140.9,0.078,AE,2,Blue,4113,6643,633,1582,2852,733,1518,2860,764,1459,2873,758,1436,2893,688,1492,2822
NOISY6969_mono_0179,159.3,0.078,AH,3,Black,4114,6286,554,1445,2860,635,1434,2872,640,1395,2778,607,1232,2660,509,1118,2527
NOISY6969_mono_0180,145.5,0.04,AH,3,Black,4115,5571,459,1255,2648,474,1322,2745,479,1410,2767,469,1470,2801,463,1565,2879
NOISY6969_mono_0181,126.5,0.2,IY,13,Pink,4116,7000,336,2085,2892,317,2167,3038,337,2157,3075,358,2047,3125,368,1905,2894
NOISY6969_mono_0182,148.4,0.068,AY,7,Magenta,4117,5571,852,1398,2505,843,1449,2475,815,1556,2463,748,1653,2709,694,1735,2797
NOISY6969_mono_0183,206.2,0.058,AE,2,Blue,4118,6643,598,1649,2847,673,1603,2862,773,1601,2794,838,1525,2625,857,1395,2579
NOISY6969_mono_0184,213.9,0.05,AH,3,Black,4119,6643,706,1307,2737,680,1336,2804,653,1408,2824,635,1510,2838,579,1549,2866
NOISY6969_mono_0185,203,0.048,ER,9,Lime,4120,5571,460,1654,2251,485,1610,2272,512,1546,2221,543,1541,2224,562,1544,2217
NOISY6969_mono_0186,178.3,0.058,AH,3,Black,4121,5214,557,1515,2164,539,1528,2115,501,1577,2072,419,1579,1919,361,1600,1928
NOISY6969_mono_0187,176.7,0.12,IY,13,Pink,4122,4500,401,1622,1739,370,1663,1982,349,1561,2063,350,1545,2057,358,1650,1745
NOISY6969_mono_0188,168.7,0.058,IH,11,Teal,4123,5929,517,1511,2716,526,1525,2724,555,1544,2735,533,1537,2727,444,1532,2741
NOISY6969_mono_0189,168.7,0.05,AH,3,Black,4124,6643,397,1775,2746,416,1719,2757,407,1687,2719,381,1665,2728,369,1602,2684
NOISY6969_mono_0190,146.6,0.048,AH,3,Black,4125,5571,489,1560,2682,495,1547,2546,491,1509,2453,454,1418,2269,397,1359,2158
NOISY6969_mono_0191,148.7,0.21,IY,13,Pink,4126,5571,383,1826,2448,344,1996,2638,331,2064,2547,346,2029,2576,416,1839,2572
NOISY6969_mono_0192,146.8,0.038,AE,2,Blue,4127,6286,729,1613,2531,722,1580,2579,716,1551,2614,717,1521,2611,691,1492,2648
NOISY6969_mono_0193,173.9,0.138,AA,1,Red,4128,5214,637,953,2676,697,1020,2642,758,1115,2565,725,1262,2469,637,1510,2605
NOISY6969_mono_0194,177.9,0.058,AH,3,Black,4129,5214,440,1621,2694,488,1692,2698,484,1774,2681,421,1830,2667,360,1915,2867
NOISY6969_mono_0195,156.4,0.05,EH,8,Black,4130,7000,512,1822,2891,587,1661,2994,648,1529,3074,664,1392,3130,672,1296,3197
NOISY6969_mono_0196,167.3,0.06,OW,14,Maroon,4131,5571,541,1080,2892,555,1072,2861,540,1072,2800,515,1049,2681,493,1083,2569
NOISY6969_mono_0197,145.6,0.18,UW,17,Cyan,4132,6643,455,1540,2718,459,1558,2667,462,1560,2969,457,1526,2972,437,1671,3054
NOISY6969_mono_0198,138.8,0.058,EH,8,Black,4133,5214,499,1814,2272,555,1778,2363,571,1752,2407,567,1737,2515,540,1717,2617
NOISY6969_mono_0199,154.4,0.058,AE,2,Blue,4134,5214,613,1774,2581,607,1821,2540,583,1878,2530,559,1899,2512,526,1892,2520
NOISY6969_mono_0200,142.6,0.028,AH,3,Black,4135,5571,532,1069,2555,549,1037,2547,558,1023,2624,563,998,2693,559,945,2712
NOISY6969_mono_0201,147.5,0.058,IH,11,Teal,4136,5214,489,1638,2549,512,1644,2565,551,1630,2548,564,1604,2539,554,1541,2577
NOISY6969_mono_0202,132,0.04,AH,3,Black,4137,4500,531,1482,1932,545,1422,1959,538,1319,1929,493,1215,1920,353,1191,2023
NOISY6969_mono_0203,136.1,0.098,AW,5,Olive,4138,4857,745,1117,1960,725,1081,2060,692,1098,2073,651,1135,1995,611,1139,1984
NOISY6969_mono_0204,127.2,0.078,ER,9,Lime,4139,6286,644,1206,2090,643,1201,2181,644,1249,2368,606,1251,2629,556,1238,2758
NOISY6969_mono_0205,103.5,0.148,AY,7,Magenta,4140,5571,727,1109,2917,767,1292,2594,712,1475,2526,618,1666,2449,552,1719,2481
NOISY6969_mono_0206,200.4,0.08,IH,11,Teal,4141,5929,420,1404,2217,443,1610,2224,469,1662,2207,499,1656,2226,536,1671,2298
NOISY6969_mono_0207,170.2,0.078,AO,4,Green,4142,5571,518,891,2068,536,881,2199,527,870,2359,546,882,2267,577,960,2332
NOISY6969_mono_0208,116.1,0.108,IH,11,Teal,4143,5214,552,1801,2637,537,1847,2633,522,1874,2577,501,1906,2516,496,1962,2314
NOISY6969_mono_0209,142.4,0.03,AH,3,Black,4144,6286,606,1056,2624,620,1056,2644,640,1053,2664,664,1037,2692,695,1029,2717
NOISY6969_mono_0210,165.5,0.128,AA,1,Red,4145,6643,737,1026,2912,770,986,2869,775,1023,2933,797,1112,2967,721,1310,2956
NOISY6969_mono_0211,188.2,0.05,AH,3,Black,4146,5929,477,1486,2982,516,1512,2928,517,1502,2958,510,1481,2808,472,1491,2804
NOISY6969_mono_0212,192.4,0.158,IY,13,Pink,4147,6643,538,1817,2764,469,1983,2745,414,2094,2778,408,2166,2786,463,2192,2830
NOISY6969_mono_0213,148.8,0.088,AA,1,Red,4148,6286,678,1422,3167,828,1263,3047,772,1164,2841,730,1199,2752,610,1266,2752
NOISY6969_mono_0214,139.7,0.06,AH,3,Black,4149,4857,519,1423,2483,537,1340,2330,545,1167,2200,515,983,2167,475,897,2229
NOISY6969_mono_0215,108,0.15,ER,9,Lime,4150,4857,534,1090,1828,551,1252,1783,518,1373,1773,498,1445,1792,437,1488,1857
PEEPOOPEE_mono_0001,122.2,0.03,OW,14,Maroon,4151,4500,436,1462,2586,421,1461,2593,412,1471,2557,396,1474,2526,396,1465,2517
PEEPOOPEE_mono_0002,158.1,0.06,IH,11,Teal,4152,4857,420,1535,2609,443,1587,2650,458,1631,2654,470,1649,2670,469,1662,2831
PEEPOOPEE_mono_0003,129.4,0.048,AO,4,Green,4153,6286,542,770,2951,527,798,2925,535,817,2894,533,857,2867,539,976,2840
PEEPOOPEE_mono_0004,122.7,0.098,IH,11,Teal,4154,5214,511,1727,2600,523,1777,2613,528,1829,2674,521,1934,2613,501,1977,2490
PEEPOOPEE_mono_0005,120.7,0.06,AY,7,Magenta,4155,5571,763,1785,2124,718,1454,2165,706,1444,2106,691,1304,2098,610,1249,2100
PEEPOOPEE_mono_0006,140.2,0.07,OW,14,Maroon,4156,4857,441,874,2134,458,938,2144,446,977,2129,426,1007,2119,385,988,2115
PEEPOOPEE_mono_0007,173.3,0.048,AH,3,Black,4157,4857,485,1209,2154,512,1203,2144,511,1178,2148,505,1133,2151,488,1077,2126
PEEPOOPEE_mono_0008,155.6,0.13,EY,10,Purple,4158,4857,510,1771,2745,505,2027,2717,409,2158,2690,406,2179,2646,429,2129,2678
PEEPOOPEE_mono_0009,121,0.038,AH,3,Black,4159,4857,448,2142,2833,475,2136,2776,502,2090,2777,516,2042,2802,508,1959,2799
PEEPOOPEE_mono_0010,110.9,0.028,IH,11,Teal,4160,4857,484,1802,2640,497,1781,2553,473,1726,2344,441,1714,2248,393,1697,2133
PEEPOOPEE_mono_0011,126.9,0.07,IY,13,Pink,4161,7000,314,2447,3526,309,2477,3491,314,2460,3514,322,2474,3534,331,2390,3583
PEEPOOPEE_mono_0012,139.3,0.048,IY,13,Pink,4162,4857,312,2172,2880,311,2149,2781,331,2141,2767,381,2121,2692,387,2094,2522
PEEPOOPEE_mono_0013,94.1,0.03,AH,3,Black,4163,6643,391,2089,3580,408,1982,3523,412,1849,3510,410,1779,3520,411,1814,3432
PEEPOOPEE_mono_0014,145.9,0.098,IY,13,Pink,4164,4857,324,2173,2802,296,2267,2734,286,2179,2677,324,2192,2743,377,2129,2770
PEEPOOPEE_mono_0015,126.8,0.08,AH,3,Black,4165,4857,544,1358,2645,610,1289,2624,629,1232,2588,627,1229,2515,516,1185,2272
PEEPOOPEE_mono_0016,122.9,0.068,AY,7,Magenta,4166,5214,698,1282,2506,700,1441,2407,634,1801,2253,556,1919,2340,487,2097,2568
PEEPOOPEE_mono_0017,124.2,0.12,OW,14,Maroon,4167,4500,574,1365,2173,542,1118,2084,498,919,2226,461,764,2185,479,793,2125
PEEPOOPEE_mono_0018,118.9,0.07,AA,1,Red,4168,7000,599,744,3024,634,785,3011,659,875,2952,667,1038,3188,673,1067,2901
PEEPOOPEE_mono_0019,100.5,0.028,AH,3,Black,4169,4857,439,1775,3622,433,1770,2965,400,1862,2755,329,1853,2628,237,1813,2477
PEEPOOPEE_mono_0020,0,0.06,EH,8,Black,4170,7000,526,1838,3438,588,1896,3375,607,1835,3194,619,1841,3231,668,1899,3189
PEEPOOPEE_mono_0021,0,0.04,ER,9,Lime,4171,7000,460,1848,2929,455,1973,3461,489,2069,3633,506,2044,3646,477,1975,3500
PEEPOOPEE_mono_0022,145.2,0.058,EY,10,Purple,4172,5214,413,1889,1998,407,1993,2095,420,2064,2518,416,2078,2660,389,2058,2819
PEEPOOPEE_mono_0023,155,0.06,AA,1,Red,4173,4500,537,1293,2194,544,1255,2157,575,1241,2053,600,1232,1967,601,1238,1931
PEEPOOPEE_mono_0024,113.9,0.138,AY,7,Magenta,4174,5214,540,1722,1856,559,1828,2112,549,1898,2490,532,2042,2681,502,2083,2700
PEEPOOPEE_mono_0025,120.8,0.058,AY,7,Magenta,4175,5214,814,1535,2494,746,1538,2437,725,1622,2409,715,1684,2403,579,1731,2239
PEEPOOPEE_mono_0026,126,0.05,AH,3,Black,4176,4500,591,1203,1730,623,1183,1842,617,1114,1969,585,1076,2002,526,978,2064
PEEPOOPEE_mono_0027,147.3,0.028,IH,11,Teal,4177,5571,413,1990,2823,423,2083,2767,448,2284,2683,440,2531,2600,426,2543,2577
PEEPOOPEE_mono_0028,125.2,0.068,AE,2,Blue,4178,5571,784,1723,2351,817,1563,2196,850,1547,2196,801,1387,2213,762,1332,2114
PEEPOOPEE_mono_0029,115.6,0.09,AA,1,Red,4179,7000,739,1023,3286,723,1041,3291,720,1106,2960,699,1200,3160,697,1359,3085
PEEPOOPEE_mono_0030,110.5,0.138,AH,3,Black,4180,5214,414,1413,2877,442,1872,2895,450,1866,3017,459,1779,2999,467,1756,2862
PEEPOOPEE_mono_0031,125,0.098,AE,2,Blue,4181,5214,624,1568,2028,720,1512,2015,756,1430,2005,757,1526,2140,715,1445,2158
PEEPOOPEE_mono_0032,117.5,0.03,AH,3,Black,4182,4500,414,1246,2111,417,1253,2083,427,1258,2002,436,1253,1856,441,1097,1679
PEEPOOPEE_mono_0033,121.6,0.058,EH,8,Black,4183,5214,518,1634,2498,559,1677,2525,580,1713,2423,565,1628,2316,544,1420,2160
PEEPOOPEE_mono_0034,154.9,0.07,ER,9,Lime,4184,7000,488,1510,3442,454,1655,3398,440,1824,3338,392,1840,3322,358,1908,3322
PEEPOOPEE_mono_0035,149,0.058,ER,9,Lime,4185,5214,427,1236,1765,448,1307,1767,444,1351,1764,444,1475,1750,436,1294,1688
PEEPOOPEE_mono_0036,113.6,0.028,AH,3,Black,4186,5214,571,2021,2965,586,1991,2901,606,1938,2753,603,1959,2806,599,1943,2803
PEEPOOPEE_mono_0037,125.9,0.048,EH,8,Black,4187,5571,722,1922,2745,662,1906,2759,656,1874,2741,636,1884,2731,581,1869,2719
PEEPOOPEE_mono_0038,121.5,0.05,IH,11,Teal,4188,5214,490,1891,2789,495,1914,2793,495,1876,2790,486,1876,2790,470,1851,2758
PEEPOOPEE_mono_0039,109,0.09,AW,5,Olive,4189,5214,614,1863,2733,663,1776,2492,720,1771,2516,725,1796,2415,769,1630,2322
PEEPOOPEE_mono_0040,148.4,0.118,AY,7,Magenta,4190,5571,672,1865,2397,774,1663,2297,771,1675,2338,760,1715,2263,745,1597,2256
PEEPOOPEE_mono_0041,149.6,0.04,UH,16,Silver,4191,5571,466,1288,2877,459,1416,2863,434,1423,2743,420,1563,2729,426,1640,2725
PEEPOOPEE_mono_0042,102,0.068,IH,11,Teal,4192,5214,367,1650,2441,377,1890,2398,378,2023,2360,403,2027,2315,420,2017,2239
PEEPOOPEE_mono_0043,121.3,0.048,AY,7,Magenta,4193,5571,595,1282,3266,589,1613,3154,529,1768,2997,506,2040,2824,493,2147,2731
PEEPOOPEE_mono_0044,0,0.048,AE,2,Blue,4194,5571,528,1944,2690,550,1929,2732,557,1924,2778,549,1930,2806,532,1927,2830
PEEPOOPEE_mono_0045,148.9,0.08,EY,10,Purple,4195,4857,423,2159,2950,432,2109,2747,439,2169,2768,442,2178,2698,438,2048,2676
PEEPOOPEE_mono_0046,129.2,0.07,AH,3,Black,4196,7000,373,1825,3231,384,1791,3286,392,1505,3450,446,1638,3338,414,1432,3555
PEEPOOPEE_mono_0047,135.8,0.078,UW,17,Cyan,4197,5571,309,1690,2318,299,1511,2460,285,1231,2496,285,995,2466,283,875,2484
PEEPOOPEE_mono_0048,114.7,0.098,EY,10,Purple,4198,5214,590,1682,2067,589,1911,2070,591,1967,2414,536,2070,2739,488,2029,2827
PEEPOOPEE_mono_0049,108.9,0.038,AE,2,Blue,4199,4857,468,1838,2779,479,1854,2797,499,1883,2808,515,1891,2828,518,1834,2857
PEEPOOPEE_mono_0050,117.1,0.068,EY,10,Purple,4200,5214,477,2121,2663,477,2260,2725,456,2399,2743,387,2451,2863,342,2418,2646
PEEPOOPEE_mono_0051,112.8,0.04,UW,17,Cyan,4201,7000,288,2314,3658,287,2314,3675,285,2236,3699,287,2353,3879,227,2289,3906
PEEPOOPEE_mono_0052,116.9,0.06,EH,8,Black,4202,4857,635,1238,2085,613,1245,2088,608,1352,2141,615,1467,2114,557,1677,2151
PEEPOOPEE_mono_0053,127.5,0.048,AH,3,Black,4203,5571,405,2071,3123,426,2022,3169,432,2003,3077,456,1986,3061,468,1991,3077
PEEPOOPEE_mono_0054,115.2,0.068,IH,11,Teal,4204,5214,482,1973,2836,497,1978,2831,505,1941,2845,483,1938,2726,483,1900,2697
PEEPOOPEE_mono_0055,115.1,0.04,IH,11,Teal,4205,5571,477,1822,2574,457,1835,2733,461,1816,2756,466,1785,2832,460,1808,2880
PEEPOOPEE_mono_0056,112.1,0.048,AH,3,Black,4206,4857,437,1627,2698,447,1606,2678,456,1581,2595,456,1512,2503,402,1557,2468
PEEPOOPEE_mono_0057,115.7,0.09,AW,5,Olive,4207,4857,631,1380,2104,695,1326,2224,694,1356,2273,692,1353,2407,636,1398,2493
PEEPOOPEE_mono_0058,107.4,0.06,EY,10,Purple,4208,7000,528,1881,3235,537,1955,3294,541,2022,3290,525,2073,3255,497,2090,3211
PEEPOOPEE_mono_0059,90.9,0.05,ER,9,Lime,4209,7000,477,2002,2260,488,1941,2300,499,1925,2211,491,1884,2098,461,1838,2090
PEEPOOPEE_mono_0060,0,0.048,AA,1,Red,4210,5571,565,1349,2157,686,1247,2166,674,1246,2108,714,1217,2192,709,1179,2073
PEEPOOPEE_mono_0061,122.3,0.09,AY,7,Magenta,4211,5214,858,1677,2454,775,1777,2542,684,1853,2678,621,2058,2902,588,2060,3000
PEEPOOPEE_mono_0062,125.2,0.108,AA,1,Red,4212,4857,648,1259,2565,758,1169,2536,761,1164,2445,754,1174,2450,668,1156,2375
PEEPOOPEE_mono_0063,163.5,0.08,AY,7,Magenta,4213,5214,614,1150,2126,640,1262,2190,651,1319,2323,639,1591,2371,587,1636,2599
PEEPOOPEE_mono_0064,158.4,0.038,AH,3,Black,4214,4857,506,1608,2628,499,1643,2593,488,1647,2574,467,1656,2551,424,1602,2517
PEEPOOPEE_mono_0065,134.7,0.03,AO,4,Green,4215,6643,546,773,3237,540,848,3324,567,850,2103,588,879,1999,597,978,1956
PEEPOOPEE_mono_0066,123.1,0.04,ER,9,Lime,4216,4500,482,1669,1698,485,1650,1721,494,1689,1753,511,1673,1764,558,1735,1877
PEEPOOPEE_mono_0067,118.5,0.05,AO,4,Green,4217,4500,443,1140,2431,437,1028,2414,456,982,2145,452,953,2055,460,966,1928
PEEPOOPEE_mono_0068,111.6,0.04,AH,3,Black,4218,5571,447,1784,2498,439,1775,2453,408,1841,2264,399,1884,2123,406,1903,2028
PEEPOOPEE_mono_0069,110,0.09,AE,2,Blue,4219,4857,670,1361,1945,745,1235,1980,749,1286,2020,743,1351,2000,645,1235,1958
PEEPOOPEE_mono_0070,104.3,0.05,AH,3,Black,4220,5214,469,1256,2142,499,1371,2196,510,1600,2363,492,1709,2582,426,1645,2759
PEEPOOPEE_mono_0071,115.9,0.06,OW,14,Maroon,4221,7000,458,1744,3381,462,1797,3361,439,1775,3388,439,1875,3399,442,1904,3459
PEEPOOPEE_mono_0072,113.9,0.09,EY,10,Purple,4222,7000,452,2052,3518,452,2154,3580,451,2202,3557,444,2260,3526,402,2248,3536
PEEPOOPEE_mono_0073,117.9,0.048,AH,3,Black,4223,4857,465,1316,2461,479,1236,2500,483,1174,2503,473,1125,2744,465,1107,2781
PEEPOOPEE_mono_0074,103.9,0.03,AH,3,Black,4224,6643,527,1223,3424,557,1201,3377,561,1173,3357,541,1167,3287,509,1141,3218
PEEPOOPEE_mono_0075,104.8,0.04,AO,4,Green,4225,6643,520,859,3074,542,792,3097,508,744,3101,572,698,3098,601,752,3106
PEEPOOPEE_mono_0076,62.9,0.1,UW,17,Cyan,4226,7000,345,2107,3430,348,2072,3484,371,2055,3417,362,2109,3603,369,2065,3515
PEEPOOPEE_mono_0077,132,0.04,EY,10,Purple,4227,7000,500,2001,3522,498,1984,3365,477,1939,3372,472,1914,3084,495,1944,3322
PEEPOOPEE_mono_0078,115.8,0.15,ER,9,Lime,4228,4857,497,1305,1843,490,1282,1754,363,1150,1797,303,1370,1945,428,1339,2000
PEEPOOPEE_mono_0079,121.7,0.12,AW,5,Olive,4229,5214,574,1441,2065,729,1449,2126,745,1351,2191,737,1366,2264,726,1437,2377
PEEPOOPEE_mono_0080,100.6,0.07,OW,14,Maroon,4230,5929,460,772,2841,473,758,2806,486,763,2781,502,760,2861,507,753,2849
PEEPOOPEE_mono_0081,129.3,0.088,AE,2,Blue,4231,5929,631,2064,3068,738,1947,2944,751,1967,2902,744,1960,2915,689,1997,2973
PEEPOOPEE_mono_0082,164.5,0.058,IH,11,Teal,4232,5214,351,2230,2685,346,2127,2606,360,2091,2410,389,1972,2368,374,1951,2349
PEEPOOPEE_mono_0083,110.2,0.14,OW,14,Maroon,4233,4857,455,1909,2441,528,1724,2276,544,1518,2233,549,1391,2171,473,1266,2251
PEEPOOPEE_mono_0084,145.1,0.06,AH,3,Black,4234,7000,630,1081,3143,648,1119,3143,618,1291,3130,608,1446,3221,535,1557,3193
PEEPOOPEE_mono_0085,111.1,0.108,EY,10,Purple,4235,5214,515,2039,2924,550,2164,3009,534,2165,2982,527,2228,3068,539,2214,2858
PEEPOOPEE_mono_0086,97.3,0.08,EH,8,Black,4236,5214,582,2103,2773,584,2066,2701,580,2049,2709,559,2032,2820,482,2019,2881
PEEPOOPEE_mono_0087,100.9,0.048,ER,9,Lime,4237,6286,424,2237,2964,438,2475,2911,441,2471,2948,417,2244,2939,359,2452,3003
PEEPOOPEE_mono_0088,121.1,0.148,IY,13,Pink,4238,6286,366,2439,3376,361,2408,3105,301,2537,3412,491,2502,3366,498,2579,3327
PEEPOOPEE_mono_0089,129.7,0.068,AE,2,Blue,4239,5571,618,2206,3180,600,2168,3092,606,2105,2922,651,2041,2960,642,2005,3009
PEEPOOPEE_mono_0090,122.1,0.07,AY,7,Magenta,4240,4857,723,1711,2698,759,1717,2700,770,1781,2748,773,1861,2780,752,1931,2823
PEEPOOPEE_mono_0091,130.2,0.13,AE,2,Blue,4241,5571,849,1659,2325,859,1618,2321,867,1561,2399,838,1496,2325,804,1404,2280
PEEPOOPEE_mono_0092,116.2,0.14,AE,2,Blue,4242,5571,766,1387,2816,804,1472,2639,801,1446,2447,798,1366,2153,789,1355,2271
PEEPOOPEE_mono_0093,124.4,0.04,IH,11,Teal,4243,5214,304,2320,2718,346,2284,2788,369,2342,2492,385,2317,2425,338,2390,2505
PEEPOOPEE_mono_0094,135.1,0.108,AH,3,Black,4244,5214,568,1778,2478,555,1681,2527,530,1684,2608,495,1704,2773,442,1681,2859
PEEPOOPEE_mono_0095,117.2,0.178,AE,2,Blue,4245,5214,585,1958,2758,687,1882,2602,727,1651,2379,767,1606,2310,734,1427,2292
PEEPOOPEE_mono_0096,122.5,0.168,UW,17,Cyan,4246,4500,436,1656,1956,475,1530,1967,500,1307,1921,508,1247,1940,640,1119,1979
PEEPOOPEE_mono_0097,127,0.2,AY,7,Magenta,4247,5214,813,1523,2542,776,1699,2640,685,1857,2637,530,2019,2669,485,1858,2821
PEEPOOPEE_mono_0098,173.1,0.14,UH,16,Silver,4248,7000,559,1652,3590,498,1303,3486,507,1319,3340,512,1331,3567,468,1314,3580
PEEPOOPEE_mono_0099,135.7,0.12,EY,10,Purple,4249,7000,420,2166,3326,397,2305,3543,308,2396,3602,311,2530,3799,321,2417,3884
PEEPOOPEE_mono_0100,158.3,0.148,IY,13,Pink,4250,6643,303,2502,3744,311,2802,3737,322,2728,3633,337,2882,3674,303,2538,3487
PEEPOOPEE_mono_0101,136.4,0.12,IH,11,Teal,4251,7000,342,2650,3779,339,2656,3747,342,2588,3700,385,2263,3638,403,2042,3584
PEEPOOPEE_mono_0102,141.9,0.048,AH,3,Black,4252,4857,423,1389,2556,419,1264,2500,412,1140,2458,386,1043,2475,358,948,2485
PEEPOOPEE_mono_0103,119.5,0.058,IH,11,Teal,4253,6643,495,1368,3291,510,1635,3292,511,1693,3279,489,1813,3196,460,1816,3090
PEEPOOPEE_mono_0104,115,0.218,OW,14,Maroon,4254,6643,545,1746,3377,574,1876,3304,570,1355,3354,540,1236,3197,610,1118,3319
PEEPOOPEE_mono_0105,131.7,0.06,OW,14,Maroon,4255,4500,447,962,2022,474,892,2183,479,876,2367,488,869,2554,498,843,2642
PEEPOOPEE_mono_0106,160.3,0.078,AY,7,Magenta,4256,5571,590,1266,2752,615,1402,2675,608,1631,2706,535,1728,2678,540,1786,2616
PEEPOOPEE_mono_0107,114.8,0.2,OW,14,Maroon,4257,4857,539,1232,2278,579,1237,2197,580,1174,2206,563,1115,2225,533,1247,2231
PEEPOOPEE_mono_0108,105.4,0.15,AE,2,Blue,4258,4857,484,1853,2552,493,1924,2554,527,1951,2643,540,1993,2654,545,1894,2641
PEEPOOPEE_mono_0109,131.2,0.088,OW,14,Maroon,4259,6286,474,937,3056,452,846,3242,438,818,3133,437,815,3213,406,819,3217
PEEPOOPEE_mono_0110,140.7,0.068,ER,9,Lime,4260,5214,423,998,1395,439,1060,1321,455,1255,1298,460,1275,1321,463,1269,1414
PEEPOOPEE_mono_0111,140.5,0.098,ER,9,Lime,4261,4500,473,1312,1622,460,1321,1638,446,1478,1714,425,1569,1816,409,1683,1839
PEEPOOPEE_mono_0112,118.9,0.05,AH,3,Black,4262,4500,559,1299,2455,552,1273,2438,591,1145,2371,573,1033,2316,507,965,2253
PEEPOOPEE_mono_0113,107.1,0.27,EY,10,Purple,4263,5214,555,1739,2726,604,1766,2678,560,1948,2611,563,2231,2612,630,2226,2605
PEEPOOPEE_mono_0114,130.1,0.048,AH,3,Black,4264,4857,431,1748,2765,447,1765,2753,420,1792,2777,411,1799,2724,394,1822,2779
PEEPOOPEE_mono_0115,124.9,0.108,ER,9,Lime,4265,5214,367,1629,1784,369,1213,1735,368,1169,1752,436,1206,1658,519,1324,1804
PEEPOOPEE_mono_0116,138.9,0.18,AE,2,Blue,4266,5571,648,1247,2001,748,1320,1986,783,1610,2046,778,1566,2305,687,1503,2366
PEEPOOPEE_mono_0117,152.1,0.028,IH,11,Teal,4267,5571,376,1999,2223,381,2024,2303,375,2062,2518,350,2089,2419,329,2090,2342
PEEPOOPEE_mono_0118,133.4,0.08,IH,11,Teal,4268,4857,409,1863,2658,405,1853,2637,417,1799,2551,413,1762,2516,400,1652,2350
PEEPOOPEE_mono_0119,136.1,0.09,IH,11,Teal,4269,4857,434,1805,2427,441,1872,2484,446,1893,2565,442,1905,2630,456,1921,2752
PEEPOOPEE_mono_0120,129.6,0.11,OW,14,Maroon,4270,7000,494,1149,3192,481,1073,3413,451,975,3476,414,854,3567,358,800,3465
PEEPOOPEE_mono_0121,132.9,0.05,AH,3,Black,4271,7000,404,1549,3178,400,1736,3092,396,1889,2996,375,1824,2954,341,1885,2915
PEEPOOPEE_mono_0122,128.6,0.08,AE,2,Blue,4272,4857,494,1687,2616,527,1719,2589,527,1763,2609,542,1787,2642,503,1833,2751
PEEPOOPEE_mono_0123,107.7,0.16,UW,17,Cyan,4273,4857,471,2063,2459,467,2001,2443,496,1937,2263,502,1802,2352,496,1796,2442
PEEPOOPEE_mono_0124,124.8,0.038,IH,11,Teal,4274,4857,474,1501,2017,449,1697,2080,404,1796,2348,406,1790,2578,364,1781,2709
PEEPOOPEE_mono_0125,146.5,0.028,EH,8,Black,4275,5214,476,1244,2519,486,1211,2562,497,1173,2637,515,1144,2667,531,1116,2732
PEEPOOPEE_mono_0126,134.5,0.13,AA,1,Red,4276,4857,698,858,2471,727,888,2525,753,952,2640,722,931,2599,613,1018,2694
PEEPOOPEE_mono_0127,138,0.03,IY,13,Pink,4277,7000,328,2217,3542,329,2293,3710,325,2227,3566,330,2237,3453,349,2282,3532
PEEPOOPEE_mono_0128,133.8,0.1,AW,5,Olive,4278,6643,591,1728,1928,676,1602,2011,718,1417,2342,698,1342,2570,633,1278,2827
PEEPOOPEE_mono_0129,93.3,0.13,AY,7,Magenta,4279,5571,703,1258,2480,722,1381,2758,710,1498,2768,642,1581,2596,669,1630,2595
PEEPOOPEE_mono_0130,127.7,0.098,AE,2,Blue,4280,5571,802,1763,2589,833,1706,2568,787,1581,2382,797,1516,2331,727,1444,2397
PEEPOOPEE_mono_0131,173.7,0.048,ER,9,Lime,4281,4857,351,1420,1763,354,1403,1815,367,1424,1769,382,1385,1775,382,1353,1744
PEEPOOPEE_mono_0132,165.6,0.04,AH,3,Black,4282,7000,440,1653,3331,442,1640,3307,446,1599,3336,455,1452,3462,492,1474,3335
PEEPOOPEE_mono_0133,161.3,0.04,UW,17,Cyan,4283,4500,333,1891,2208,334,1754,2263,333,1597,2294,333,1418,2246,318,1293,2376
PEEPOOPEE_mono_0134,128.6,0.12,AY,7,Magenta,4284,5214,582,1194,2318,628,1336,2387,609,1592,2387,514,1894,2444,437,2061,2696
PEEPOOPEE_mono_0135,138.9,0.05,AH,3,Black,4285,4500,431,1615,2762,425,1557,2821,425,1498,2759,414,1467,2766,405,1428,2751
PEEPOOPEE_mono_0136,129.7,0.06,AH,3,Black,4286,4857,531,1349,2581,573,1309,2535,622,1255,2565,592,1207,2601,498,1154,2444
PEEPOOPEE_mono_0137,120.6,0.098,EY,10,Purple,4287,5571,424,2010,2605,455,2154,2838,458,2274,2969,426,2384,2981,356,2454,2835
PEEPOOPEE_mono_0138,137.5,0.12,IY,13,Pink,4288,5214,343,1981,2770,319,2371,2819,369,2436,2827,411,2386,2951,487,2147,2847
PEEPOOPEE_mono_0139,104.2,0.09,EH,8,Black,4289,7000,542,2090,3076,572,2130,3595,582,1983,3603,572,1999,3606,529,2068,3466
PEEPOOPEE_mono_0140,112,0.14,EY,10,Purple,4290,7000,423,2111,3497,424,2218,3557,436,2242,3790,448,2204,3497,449,1987,3505
PEEPOOPEE_mono_0141,130.6,0.07,AY,7,Magenta,4291,4857,737,1736,2321,744,1714,2335,709,1748,2285,649,1590,2194,580,1241,2162
PEEPOOPEE_mono_0142,126,0.07,AA,1,Red,4292,7000,636,758,3135,642,897,3119,683,1049,3151,694,1181,3154,686,1521,3121
PEEPOOPEE_mono_0143,129.2,0.038,ER,9,Lime,4293,6286,387,1840,3280,383,1847,3245,376,1872,3220,365,1895,3163,357,1923,2818
PEEPOOPEE_mono_0144,118.7,0.028,AH,3,Black,4294,4857,435,1907,2972,365,1821,2770,389,1738,2635,445,1657,2662,425,1633,2609
PEEPOOPEE_mono_0145,115.9,0.038,AH,3,Black,4295,4857,450,1487,2715,468,1403,2695,468,1317,2661,477,1259,2695,454,1390,2715
PEEPOOPEE_mono_0146,153,0.048,AH,3,Black,4296,4857,548,1885,2654,512,1974,2709,490,2058,2555,443,2067,2578,493,2348,2646
PEEPOOPEE_mono_0147,167.6,0.08,IH,11,Teal,4297,5214,403,2145,2935,437,2115,2975,428,2105,2880,390,2031,2776,405,1970,2739
PEEPOOPEE_mono_0148,140.4,0.13,UW,17,Cyan,4298,4500,332,1951,2439,324,1875,2265,365,1669,2192,407,1376,2112,416,1167,2156
PEEPOOPEE_mono_0149,125.6,0.19,AY,7,Magenta,4299,5214,623,1057,2205,782,1148,2133,812,1219,2176,768,1345,2153,748,1536,2222
PEEPOOPEE_mono_0150,132,0.088,AA,1,Red,4300,5929,683,1247,2078,705,1151,2169,701,1129,2097,689,1068,2069,629,1101,2253
PEEPOOPEE_mono_0151,121.3,0.038,AH,3,Black,4301,4857,355,1375,2322,412,1353,2455,461,1393,2513,447,1464,2559,422,1516,2802
PEEPOOPEE_mono_0152,125.7,0.11,UW,17,Cyan,4302,7000,302,1994,3467,337,1915,3378,355,1904,3349,365,1909,3366,367,1956,3398
PEEPOOPEE_mono_0153,116.5,0.19,ER,9,Lime,4303,4500,443,1865,1996,447,1775,1963,464,1614,1969,493,1829,1997,473,1864,2047
PEEPOOPEE_mono_0154,133.2,0.07,AH,3,Black,4304,4857,662,1398,2616,681,1468,2659,647,1568,2621,528,1711,2571,478,1874,2533
PEEPOOPEE_mono_0155,172.3,0.08,IH,11,Teal,4305,4857,373,2110,2824,416,2079,2802,459,2016,2731,425,1959,2736,381,1861,2726
PEEPOOPEE_mono_0156,152.4,0.11,UW,17,Cyan,4306,4500,300,1819,2672,324,1800,2380,347,1614,2061,354,1319,2081,331,895,1611
PEEPOOPEE_mono_0157,132.2,0.178,AY,7,Magenta,4307,4857,681,1097,2216,762,1174,2277,778,1286,2193,778,1697,2470,642,1765,2496
PEEPOOPEE_mono_0158,121.4,0.118,AA,1,Red,4308,6286,669,1381,2465,744,1175,2272,776,1099,2427,700,1093,2377,672,1181,2379
PEEPOOPEE_mono_0159,124,0.04,AH,3,Black,4309,7000,487,1409,2485,505,1588,2570,505,1829,2963,482,1943,3435,494,2302,3634
PEEPOOPEE_mono_0160,135.2,0.07,UW,17,Cyan,4310,6286,299,1858,3468,299,1824,3411,311,1759,3404,322,1808,3386,332,1836,3328
PEEPOOPEE_mono_0161,123.1,0.05,ER,9,Lime,4311,7000,371,1867,3352,378,1817,3332,381,1847,3333,390,1912,3345,387,1924,3410
PEEPOOPEE_mono_0162,110.1,0.078,EH,8,Black,4312,5571,482,2022,3249,582,1907,3061,636,1652,2775,651,1378,2719,621,1251,2808
PEEPOOPEE_mono_0163,107,0.08,IH,11,Teal,4313,7000,536,1184,3048,588,1632,3395,547,1839,3356,502,2070,3432,537,2469,3464
PEEPOOPEE_mono_0164,151.1,0.11,UW,17,Cyan,4314,6643,330,1952,3256,317,1902,3284,321,1916,3329,357,1806,3305,400,1990,3216
PEEPOOPEE_mono_0165,156,0.22,UW,17,Cyan,4315,4500,436,1749,2326,449,1729,1983,450,1445,1998,449,1256,2067,419,1144,2128
PEEPOOPEE_mono_0166,139.3,0.09,AY,7,Magenta,4316,5214,553,1262,2831,558,1410,2825,552,1660,2689,462,1832,2614,409,2004,2454
PEEPOOPEE_mono_0167,149.1,0.058,IH,11,Teal,4317,6643,340,2107,3228,378,2082,2973,427,1965,2635,444,1867,2580,446,1731,2174
PEEPOOPEE_mono_0168,140.4,0.08,AH,3,Black,4318,5214,434,972,2376,453,1077,2430,473,1135,2508,485,1309,2593,426,1333,2584
PEEPOOPEE_mono_0169,128.9,0.07,AH,3,Black,4319,4857,430,1388,2562,427,1423,2582,417,1428,2605,415,1432,2606,410,1518,2688
PEEPOOPEE_mono_0170,140.8,0.2,AW,5,Olive,4320,6643,499,1703,2612,678,1682,2613,753,1515,2636,712,1337,2736,586,1392,2754
PEEPOOPEE_mono_0171,147.8,0.038,AH,3,Black,4321,4857,453,1597,2671,450,1613,2497,436,1568,2590,471,1484,2635,465,1204,2455
PEEPOOPEE_mono_0172,131.7,0.108,EH,8,Black,4322,4857,584,1645,2347,659,1691,2490,652,1718,2448,625,1803,2472,533,1933,2416
PEEPOOPEE_mono_0173,265.3,0.058,AE,2,Blue,4323,5214,542,1710,2603,567,1697,2588,558,1707,2595,556,1718,2615,514,1690,2609
PEEPOOPEE_mono_0174,129.7,0.06,AH,3,Black,4324,4857,548,1388,2546,589,1395,2492,603,1358,2439,568,1293,2403,467,1261,2221
PEEPOOPEE_mono_0175,120.5,0.03,AH,3,Black,4325,4500,396,1419,2270,398,1442,2250,429,1515,2248,443,1582,2374,418,1611,2455
PEEPOOPEE_mono_0176,103,0.16,IY,13,Pink,4326,5214,308,2370,2973,306,2444,3214,307,2443,3172,338,2388,3021,347,2361,3035
PEEPOOPEE_mono_0177,129.7,0.05,AY,7,Magenta,4327,5214,816,1695,2546,780,1727,2634,760,1760,2790,745,1816,2727,690,1944,2723
PEEPOOPEE_mono_0178,134.1,0.19,AE,2,Blue,4328,5214,622,1744,2710,768,1701,2643,791,1667,2556,773,1618,2492,705,1412,2372
PEEPOOPEE_mono_0179,133.8,0.06,ER,9,Lime,4329,7000,402,1876,3333,402,1841,3367,402,1785,3370,403,1795,3429,407,1834,3426
PEEPOOPEE_mono_0180,125.5,0.05,AH,3,Black,4330,4500,421,1687,1985,419,1712,1984,405,1784,2003,390,1898,2009,388,1900,2162
PEEPOOPEE_mono_0181,112.1,0.14,IY,13,Pink,4331,6286,374,1984,3364,363,2138,3301,362,2319,3528,380,2542,3654,541,2538,3737
PEEPOOPEE_mono_0182,124.7,0.05,IH,11,Teal,4332,5214,477,1325,2888,486,1414,2908,494,1506,2837,500,1638,2877,489,1690,2881
PEEPOOPEE_mono_0183,158.5,0.04,AH,3,Black,4333,5571,338,1683,2995,376,1636,3005,394,1604,2874,403,1579,2826,379,1519,2736
PEEPOOPEE_mono_0184,114,0.17,IY,13,Pink,4334,7000,340,1876,3351,316,2258,3494,314,2319,3509,324,2270,3511,344,2163,3331
PEEPOOPEE_mono_0185,133.1,0.08,AE,2,Blue,4335,5214,533,2067,2824,525,2087,2875,548,2069,2865,544,2060,2953,544,1978,2886
PEEPOOPEE_mono_0186,125.7,0.13,AA,1,Red,4336,4500,608,834,2350,681,872,2226,728,1053,2189,741,1182,2167,635,1332,2108
PEEPOOPEE_mono_0187,132,0.08,AH,3,Black,4337,5214,458,1718,2834,469,1763,2794,464,1897,2690,423,2004,2770,378,2181,3085
PEEPOOPEE_mono_0188,122.8,0.08,EH,8,Black,4338,7000,443,2049,3413,530,1838,3383,604,1688,3511,629,1536,3335,623,1313,3202
PEEPOOPEE_mono_0189,140.6,0.1,OW,14,Maroon,4339,7000,488,1087,3194,483,1091,3181,458,1038,3198,429,1001,3230,386,904,3239
PEEPOOPEE_mono_0190,124.1,0.13,UW,17,Cyan,4340,4857,371,1385,2620,371,1561,2451,400,1430,2323,431,1472,2241,425,1631,2365
PEEPOOPEE_mono_0191,123.4,0.048,IH,11,Teal,4341,4857,391,2117,2665,403,2045,2660,424,2018,2680,411,1975,2720,411,1959,2700
PEEPOOPEE_mono_0192,129.1,0.04,AE,2,Blue,4342,5214,616,2145,2962,593,2165,2908,561,2229,3007,533,2275,3008,524,2291,2909
PEEPOOPEE_mono_0193,132.3,0.038,AH,3,Black,4343,4857,382,1012,2518,378,863,2443,399,835,2663,395,813,2780,392,796,2819
PEEPOOPEE_mono_0194,149.2,0.12,IH,11,Teal,4344,5214,406,1864,2850,453,2016,2924,512,2011,2960,508,2030,2965,497,1897,2906
PEEPOOPEE_mono_0195,114.6,0.058,AH,3,Black,4345,6643,507,1684,2987,550,1681,3048,562,1643,3060,470,1537,3081,303,1573,3051
PEEPOOPEE_mono_0196,113,0.1,AW,5,Olive,4346,7000,828,1639,2948,774,1299,3268,715,1178,3342,673,1143,3385,587,1060,3133
PEEPOOPEE_mono_0197,146.3,0.07,IH,11,Teal,4347,5929,314,1343,2147,317,1561,2039,323,1669,2043,347,1749,2000,362,1843,2005
PEEPOOPEE_mono_0198,120.6,0.048,AO,4,Green,4348,4857,464,702,2145,478,712,2077,476,735,2026,481,764,1936,483,832,1821
PEEPOOPEE_mono_0199,0,0.058,IH,11,Teal,4349,5214,529,1838,2736,570,1910,2743,556,1937,2650,578,1940,2653,594,2103,2619
PEEPOOPEE_mono_0200,99.6,0.03,AH,3,Black,4350,6286,619,1130,2502,656,1126,2474,683,1140,2551,709,1158,2635,732,1160,2758
PEEPOOPEE_mono_0201,133.7,0.058,AA,1,Red,4351,5929,729,1139,2816,738,1128,2844,714,1132,2888,704,1152,2865,671,1202,2795
PEEPOOPEE_mono_0202,203.4,0.168,IY,13,Pink,4352,5571,414,2043,2859,418,2278,2747,580,2421,2695,452,1936,2845,432,1806,2809
PEEPOOPEE_mono_0203,112.6,0.05,AA,1,Red,4353,7000,663,1108,2888,682,1128,2880,698,1207,3051,687,1236,2944,642,1222,2781
PEEPOOPEE_mono_0204,105.4,0.04,AH,3,Black,4354,4500,494,1083,2568,485,1045,2580,448,956,2582,419,892,2489,410,874,2405
PEEPOOPEE_mono_0205,78.2,0.098,ER,9,Lime,4355,5214,505,1045,1864,510,1170,1711,515,1447,1811,555,1590,1843,734,1674,1868
PLM47TO8W_mono_0001,159.5,0.118,OW,14,Maroon,4356,4857,492,1555,2826,523,1456,2751,545,1386,2770,486,1381,2769,423,1416,2780
PLM47TO8W_mono_0002,156.9,0.05,IH,11,Teal,4357,4500,404,1611,2781,426,1642,2799,437,1657,2809,445,1702,2817,451,1662,2818
PLM47TO8W_mono_0003,163.5,0.088,AO,4,Green,4358,6286,353,709,3001,396,726,3014,445,790,2998,494,863,2970,541,928,2816
PLM47TO8W_mono_0004,126.8,0.098,IH,11,Teal,4359,4500,580,1887,2646,606,1987,2632,613,2098,2674,617,2181,2597,597,2246,2515
PLM47TO8W_mono_0005,104.7,0.14,AY,7,Magenta,4360,5571,789,1159,2573,794,1189,2471,752,1222,2421,713,1194,2321,597,1161,2250
PLM47TO8W_mono_0006,158.8,0.07,OW,14,Maroon,4361,4500,460,906,2463,471,939,2475,479,966,2453,468,999,2453,421,1006,2380
PLM47TO8W_mono_0007,173.3,0.058,AH,3,Black,4362,5214,553,1523,2483,554,1447,2515,566,1352,2549,576,1293,2583,517,1343,2555
PLM47TO8W_mono_0008,117.2,0.15,EY,10,Purple,4363,4857,554,1909,2891,518,2104,2838,471,2304,2786,467,2407,2847,451,2355,2862
PLM47TO8W_mono_0009,126.2,0.11,AE,2,Blue,4364,4500,521,2224,2909,535,2160,2937,523,2185,2952,634,2066,2939,635,2039,3036
PLM47TO8W_mono_0010,111.9,0.028,IH,11,Teal,4365,4857,593,1902,2876,540,1884,2795,537,1870,2687,524,1835,2631,487,1835,2515
PLM47TO8W_mono_0011,135.5,0.08,IY,13,Pink,4366,5929,309,2399,2936,302,2436,3085,313,2426,3140,323,2384,3182,331,2319,3121
PLM47TO8W_mono_0012,145.8,0.108,IY,13,Pink,4367,5214,350,2340,3018,362,2334,2904,372,2385,2979,364,2330,3063,343,2216,2976
PLM47TO8W_mono_0013,145.2,0.028,AH,3,Black,4368,5214,346,2220,2942,333,2174,2988,346,2113,2997,375,1973,2945,378,1950,2913
PLM47TO8W_mono_0014,133.3,0.038,IY,13,Pink,4369,4857,393,2253,2801,379,2332,2831,360,2329,2885,346,2331,3007,331,2390,2973
PLM47TO8W_mono_0015,127.5,0.09,AH,3,Black,4370,4857,545,1709,3026,612,1664,2853,612,1597,2833,598,1535,2758,503,1588,2713
PLM47TO8W_mono_0016,121.4,0.098,AY,7,Magenta,4371,5214,771,1369,2805,792,1634,2702,734,1819,2648,633,2067,2636,553,2116,2690
PLM47TO8W_mono_0017,127.6,0.138,OW,14,Maroon,4372,5929,594,1352,2622,537,1176,2558,511,966,2542,483,891,2515,476,844,2658
PLM47TO8W_mono_0018,116.8,0.098,AA,1,Red,4373,4857,506,855,2628,580,925,2791,646,1027,3039,703,1132,3079,718,1353,3135
PLM47TO8W_mono_0019,107.9,0.03,AH,3,Black,4374,4500,472,1826,3030,467,1830,3020,466,1839,2991,453,1835,2989,434,1827,2962
PLM47TO8W_mono_0020,128.7,0.07,EH,8,Black,4375,4500,554,1733,2192,610,1703,2282,625,1717,2422,615,1731,2606,578,1725,2772
PLM47TO8W_mono_0021,108.7,0.15,ER,9,Lime,4376,4857,481,1884,2875,476,1953,2703,463,1969,2582,444,1950,2401,510,1974,2390
PLM47TO8W_mono_0022,150.8,0.1,EY,10,Purple,4377,6286,499,1836,2109,512,1902,2201,463,2050,2284,423,2116,2257,354,2108,2212
PLM47TO8W_mono_0023,171.5,0.098,AA,1,Red,4378,4500,582,1444,2692,665,1332,2405,683,1254,2285,692,1212,2218,678,1243,2151
PLM47TO8W_mono_0024,155.8,0.19,AY,7,Magenta,4379,5214,692,1552,2043,678,1772,2253,561,1978,2304,473,2134,2524,398,2194,2596
PLM47TO8W_mono_0025,148,0.088,AY,7,Magenta,4380,5929,844,1423,2541,844,1738,2548,669,1787,2583,577,1903,2581,475,2067,2590
PLM47TO8W_mono_0026,155.4,0.058,AH,3,Black,4381,5214,612,1144,2089,630,1082,2252,625,1044,2491,615,1032,2652,628,1057,2613
PLM47TO8W_mono_0027,140.6,0.058,AH,3,Black,4382,5214,643,1224,3192,618,1187,3111,603,1175,3063,574,1147,2781,449,1011,2363
PLM47TO8W_mono_0028,133.3,0.048,IH,11,Teal,4383,4857,480,1931,2894,463,1973,2965,429,2084,2939,478,2180,2949,477,2286,2988
PLM47TO8W_mono_0029,137.7,0.11,AE,2,Blue,4384,5571,913,1730,2558,889,1704,2558,892,1701,2600,868,1629,2474,766,1474,2432
PLM47TO8W_mono_0030,121.6,0.118,AA,1,Red,4385,4857,729,1126,2963,727,1138,3007,735,1163,2957,736,1228,2779,732,1478,2456
PLM47TO8W_mono_0031,113.8,0.1,AH,3,Black,4386,5929,443,2010,2837,391,1953,2906,394,1907,2981,390,1885,3048,365,1786,3031
PLM47TO8W_mono_0032,140.9,0.178,AE,2,Blue,4387,5214,599,1723,2108,731,1686,2204,808,1655,2240,804,1606,2303,645,1544,2427
PLM47TO8W_mono_0033,124.4,0.06,AH,3,Black,4388,4857,495,1028,2420,523,1196,2429,544,1439,2468,553,1572,2490,543,1643,2465
PLM47TO8W_mono_0034,128.6,0.09,EH,8,Black,4389,5214,536,1756,2776,603,1762,2760,628,1756,2689,596,1691,2657,537,1569,2503
PLM47TO8W_mono_0035,136.7,0.058,ER,9,Lime,4390,5929,417,1484,1944,414,1559,1946,406,1653,1962,381,1696,2012,344,1777,2053
PLM47TO8W_mono_0036,142.5,0.08,ER,9,Lime,4391,5214,439,1745,2089,446,1727,2108,471,1708,2038,487,1675,2116,501,1855,2019
PLM47TO8W_mono_0037,124.4,0.038,AH,3,Black,4392,4857,456,1356,2446,484,1561,2603,486,1628,2680,473,1647,2818,469,1614,2840
PLM47TO8W_mono_0038,172.6,0.118,IY,13,Pink,4393,4857,377,2122,2697,427,2125,2665,422,2231,2711,443,2468,2727,445,2290,2829
PLM47TO8W_mono_0039,110.8,0.118,IH,11,Teal,4394,4857,553,2127,2867,562,2089,2879,599,2064,2889,590,2052,2892,568,2064,2761
PLM47TO8W_mono_0040,121.2,0.058,AE,2,Blue,4395,5214,699,1929,2857,748,1934,2990,733,1942,3031,650,1935,3098,630,1994,3091
PLM47TO8W_mono_0041,130,0.048,EH,8,Black,4396,5571,690,2042,2902,667,1995,2867,643,2000,2887,588,1989,2916,513,1930,3017
PLM47TO8W_mono_0042,124.3,0.09,IH,11,Teal,4397,5214,486,2014,2983,494,2020,2994,496,2011,2991,490,2013,2994,479,2018,3004
PLM47TO8W_mono_0043,109.7,0.2,AW,5,Olive,4398,4857,548,1908,2867,738,1861,2638,830,1738,2467,789,1432,2466,708,1165,2571
PLM47TO8W_mono_0044,143.2,0.2,AY,7,Magenta,4399,6286,620,1864,2564,839,1651,2352,884,1942,2343,751,1750,2394,591,1895,2768
PLM47TO8W_mono_0045,133.8,0.04,UH,16,Silver,4400,5214,429,1673,2829,420,1709,2739,404,1800,2509,378,1833,2364,338,1861,2363
PLM47TO8W_mono_0046,108.3,0.238,IH,11,Teal,4401,4857,346,2045,2291,354,2164,2749,417,2111,2610,453,2039,2272,457,1958,2197
PLM47TO8W_mono_0047,128.2,0.048,AY,7,Magenta,4402,5571,575,1436,3158,570,1699,3138,518,1795,3138,480,1923,2911,463,1977,2906
PLM47TO8W_mono_0048,134.3,0.04,AH,3,Black,4403,5214,427,2079,3020,403,2072,3030,391,2081,3071,378,2131,3037,381,2135,2923
PLM47TO8W_mono_0049,148.9,0.118,EY,10,Purple,4404,4857,442,2123,2679,438,2142,2596,426,2170,2610,423,2187,2648,426,2155,2631
PLM47TO8W_mono_0050,147.4,0.06,AH,3,Black,4405,4857,463,1970,2623,467,1930,2578,464,1824,2507,460,1722,2440,443,1649,2406
PLM47TO8W_mono_0051,120.7,0.308,EY,10,Purple,4406,4857,518,1832,2141,515,2094,2596,502,2164,2679,512,2056,2628,513,1829,2640
PLM47TO8W_mono_0052,148.2,0.11,UW,17,Cyan,4407,4500,398,1635,2296,386,1621,2125,373,1505,2098,343,1480,2108,309,1361,2042
PLM47TO8W_mono_0053,118.9,0.268,EY,10,Purple,4408,4857,493,1753,2075,529,1843,2286,496,1983,2458,466,2140,2606,468,2201,2611
PLM47TO8W_mono_0054,129.3,0.08,AE,2,Blue,4409,4857,580,1747,2795,675,1746,2774,736,1749,2747,715,1691,2600,645,1643,2575
PLM47TO8W_mono_0055,131.3,0.08,EY,10,Purple,4410,5214,522,2029,2659,511,2129,2766,444,2229,2826,350,2234,2771,395,2283,2822
PLM47TO8W_mono_0056,130.2,0.04,UW,17,Cyan,4411,4500,334,2051,2325,355,1986,2302,330,1864,2471,269,1524,1978,198,1287,2126
PLM47TO8W_mono_0057,133.2,0.048,EH,8,Black,4412,4857,584,1277,2389,590,1421,2346,574,1538,2390,574,1657,2401,553,1751,2370
PLM47TO8W_mono_0058,127,0.038,AH,3,Black,4413,4857,484,2068,2681,519,2034,2666,522,2046,2794,526,2054,2897,529,2047,2923
PLM47TO8W_mono_0059,123.6,0.09,IH,11,Teal,4414,4500,496,2052,2894,496,2075,2848,490,2009,2907,450,2028,2747,449,2038,2635
PLM47TO8W_mono_0060,128.9,0.038,IH,11,Teal,4415,4857,476,1923,2733,458,1912,2748,433,1889,2813,405,1870,2843,405,1886,2868
PLM47TO8W_mono_0061,125.6,0.048,AH,3,Black,4416,5571,492,1731,2958,482,1646,2920,502,1651,2922,463,1610,2904,432,1597,2977
PLM47TO8W_mono_0062,125.5,0.118,AW,5,Olive,4417,4857,712,1560,2566,726,1370,2525,695,1203,2592,708,1179,2601,599,1260,2830
PLM47TO8W_mono_0063,122.1,0.07,AH,3,Black,4418,4500,555,1601,2408,505,1524,2164,482,1395,1982,476,1360,1902,450,1244,1832
PLM47TO8W_mono_0064,126.1,0.168,EY,10,Purple,4419,4500,536,1727,2196,512,2004,2534,533,2217,2773,521,2408,2807,507,2434,3052
PLM47TO8W_mono_0065,109.5,0.1,ER,9,Lime,4420,7000,524,2166,3322,482,1992,3275,452,1895,3404,437,1894,3527,405,1887,3285
PLM47TO8W_mono_0066,99.9,0.2,AA,1,Red,4421,4857,707,1691,2755,782,1395,2742,805,1354,2746,821,1452,2709,812,1640,2738
PLM47TO8W_mono_0067,121.7,0.05,AY,7,Magenta,4422,5214,772,1740,2655,738,1788,2664,670,1864,2674,636,1982,2704,593,2027,2736
PLM47TO8W_mono_0068,147.3,0.138,AA,1,Red,4423,6286,602,1426,3076,721,1335,2951,722,1243,2908,704,1192,2618,658,1161,2473
PLM47TO8W_mono_0069,118.1,0.108,AY,7,Magenta,4424,5214,716,1305,2602,737,1437,2658,717,1457,2573,683,1739,2766,564,1738,2755
PLM47TO8W_mono_0070,114.9,0.038,AH,3,Black,4425,4857,507,1808,2513,491,1819,2430,468,1821,2523,386,1792,2416,363,1675,2418
PLM47TO8W_mono_0071,153.6,0.038,AO,4,Green,4426,5929,510,766,3164,490,820,3141,482,853,3093,490,890,3078,510,921,2951
PLM47TO8W_mono_0072,135.8,0.08,ER,9,Lime,4427,7000,386,1944,3158,384,1879,3314,405,1910,3190,434,1913,3243,378,1932,3065
PLM47TO8W_mono_0073,116.7,0.09,AO,4,Green,4428,5571,479,1236,2573,468,1124,2340,455,1022,2226,441,998,2174,431,951,2111
PLM47TO8W_mono_0074,0,0.04,AH,3,Black,4429,4500,577,1932,2699,681,2069,2662,351,2089,2500,722,1963,2595,802,1896,2681
PLM47TO8W_mono_0075,119.9,0.188,AE,2,Blue,4430,4857,641,1635,2193,775,1580,2194,824,1606,2318,822,1535,2464,736,1461,2527
PLM47TO8W_mono_0076,122.8,0.108,AH,3,Black,4431,4857,541,1337,2568,548,1493,2614,538,1629,2725,521,1780,2784,448,1815,2987
PLM47TO8W_mono_0077,145.4,0.08,OW,14,Maroon,4432,4857,474,1559,2473,437,1499,2291,429,1468,2226,419,1391,2283,371,1434,2199
PLM47TO8W_mono_0078,134.3,0.038,IH,11,Teal,4433,4857,402,1890,2899,418,1879,2938,417,1892,2890,402,1898,2877,381,1905,2882
PLM47TO8W_mono_0079,117.4,0.18,EY,10,Purple,4434,7000,487,2252,3177,453,2241,3048,446,2356,3252,399,2404,3112,334,2438,3229
PLM47TO8W_mono_0080,100.9,0.04,AH,3,Black,4435,4500,493,1146,2387,479,1061,2398,480,1008,2412,482,972,2422,481,927,2462
PLM47TO8W_mono_0081,116.1,0.048,AE,2,Blue,4436,5571,660,2059,2927,614,2051,2982,581,2010,2987,565,1974,2962,538,1957,2965
PLM47TO8W_mono_0082,133.4,0.08,AO,4,Green,4437,5929,747,963,2847,570,799,2864,500,844,2943,534,905,2322,545,981,2048
PLM47TO8W_mono_0083,127.3,0.06,AH,3,Black,4438,6286,522,1614,3669,492,1687,3481,427,1748,3341,401,1871,3270,341,2032,3101
PLM47TO8W_mono_0084,104,0.13,UW,17,Cyan,4439,4500,343,2024,2604,352,2021,2396,360,1995,2299,378,1772,2182,429,1767,2215
PLM47TO8W_mono_0085,115.7,0.038,AH,3,Black,4440,5929,579,1516,2741,568,1579,2828,550,1601,2890,512,1606,2960,426,1617,3006
PLM47TO8W_mono_0086,127,0.1,EY,10,Purple,4441,7000,494,2181,3084,472,2260,3144,431,2240,3168,423,2150,3237,426,1857,3283
PLM47TO8W_mono_0087,121.8,0.08,ER,9,Lime,4442,5214,475,1052,1937,488,1185,1968,499,1398,1982,504,1616,2078,568,1709,2140
PLM47TO8W_mono_0088,114.8,0.22,AW,5,Olive,4443,4857,787,1694,2427,858,1591,2562,851,1472,2528,755,1296,2629,575,1113,2520
PLM47TO8W_mono_0089,118.2,0.12,AH,3,Black,4444,4500,572,1226,2529,642,1289,2519,664,1274,2506,596,1237,2429,572,1165,2423
PLM47TO8W_mono_0090,109.2,0.188,OW,14,Maroon,4445,5571,508,1133,2528,516,1131,2458,468,1017,2348,460,1024,2353,460,1130,2488
PLM47TO8W_mono_0091,143.3,0.038,IY,13,Pink,4446,4857,470,1922,2684,448,1985,2699,423,2051,2648,399,2122,2546,386,2172,2478
PLM47TO8W_mono_0092,169.1,0.13,AE,2,Blue,4447,5571,900,1675,2466,971,1626,2584,906,1662,2533,863,1634,2561,833,1851,2730
PLM47TO8W_mono_0093,158.6,0.108,IH,11,Teal,4448,4857,328,2090,2740,323,2091,2515,333,2026,2356,385,1954,2214,425,1866,2175
PLM47TO8W_mono_0094,111.9,0.14,OW,14,Maroon,4449,4500,462,1777,2196,541,1591,2209,545,1444,2226,524,1331,2238,504,1227,2227
PLM47TO8W_mono_0095,138.4,0.07,IH,11,Teal,4450,4857,477,2101,2917,462,2017,2898,434,1988,2917,407,1973,2915,380,1959,3028
PLM47TO8W_mono_0096,134.4,0.068,AH,3,Black,4451,5571,706,1313,2874,731,1403,2880,706,1521,2861,642,1632,2847,577,1682,2857
PLM47TO8W_mono_0097,134.5,0.118,EY,10,Purple,4452,4857,522,1935,2813,518,2008,2794,498,2089,2831,475,2156,2793,484,2156,2690
PLM47TO8W_mono_0098,129.6,0.168,EH,8,Black,4453,4857,504,2141,2749,530,1940,2740,685,1847,2699,670,1848,2703,583,1822,2849
PLM47TO8W_mono_0099,123.9,0.088,ER,9,Lime,4454,6643,500,2442,3135,486,2361,3150,476,2246,3157,453,2128,3125,371,2162,3046
PLM47TO8W_mono_0100,103.2,0.16,IY,13,Pink,4455,4857,312,2105,2782,302,2076,2946,341,2070,2973,364,2114,2879,411,2131,2841
PLM47TO8W_mono_0101,127.6,0.05,AE,2,Blue,4456,5214,750,2032,2791,701,2012,2822,629,1913,2822,599,1929,2830,579,1902,2930
PLM47TO8W_mono_0102,131.8,0.14,AY,7,Magenta,4457,4857,768,1568,2627,889,1555,2344,880,1585,2346,839,1606,2298,748,1777,2361
PLM47TO8W_mono_0103,138.1,0.14,AE,2,Blue,4458,4857,888,1546,2237,904,1537,2284,913,1515,2334,887,1454,2361,882,1431,2436
PLM47TO8W_mono_0104,114.9,0.18,AE,2,Blue,4459,4500,772,1487,2560,836,1528,2441,839,1510,2415,943,1456,2376,785,1349,2408
PLM47TO8W_mono_0105,128.8,0.058,IH,11,Teal,4460,6643,365,2110,2872,355,2143,2961,343,2236,3141,300,2378,3202,167,2556,3309
PLM47TO8W_mono_0106,129.4,0.118,AH,3,Black,4461,4857,463,1782,2390,513,1741,2471,504,1778,2556,471,1797,2696,388,1766,2740
PLM47TO8W_mono_0107,108.9,0.258,AE,2,Blue,4462,4857,555,1948,2609,704,1785,2604,782,1664,2535,835,1614,2570,882,1654,2564
PLM47TO8W_mono_0108,121.1,0.208,UW,17,Cyan,4463,5214,400,1543,1830,406,1572,1840,394,1429,1891,396,1269,1968,418,1112,1997
PLM47TO8W_mono_0109,126.9,0.05,AY,7,Magenta,4464,4500,765,1617,2513,692,1794,2643,623,1822,2727,497,1869,2887,449,1882,2944
PLM47TO8W_mono_0110,178.2,0.04,UH,16,Silver,4465,4500,408,1844,2347,400,1914,2380,380,1945,2336,377,1994,2233,384,2066,2164
PLM47TO8W_mono_0111,162.6,0.05,AH,3,Black,4466,5929,418,1991,2864,392,1974,2869,411,1900,2878,411,1888,2873,395,1894,2856
PLM47TO8W_mono_0112,125.5,0.148,IY,13,Pink,4467,5571,318,2233,3088,302,2467,3096,293,2370,2985,268,2325,3162,272,2230,2928
PLM47TO8W_mono_0113,122.2,0.06,IH,11,Teal,4468,6286,337,2170,2775,373,2197,2753,389,2116,2725,403,2020,2667,412,1963,2584
PLM47TO8W_mono_0114,118.3,0.07,AH,3,Black,4469,4857,453,1445,2121,489,1353,2197,508,1206,2261,487,1035,2358,455,935,2428
PLM47TO8W_mono_0115,115.4,0.048,IH,11,Teal,4470,4857,494,1244,2244,515,1490,2386,535,1665,2469,532,1778,2581,462,1788,2676
PLM47TO8W_mono_0116,103.7,0.16,OW,14,Maroon,4471,4500,530,1724,2712,570,1523,2596,549,1335,2517,588,1152,2543,580,1095,2598
PLM47TO8W_mono_0117,138.6,0.098,OW,14,Maroon,4472,4857,439,934,1862,445,893,1970,440,851,2222,422,823,2564,418,793,2729
PLM47TO8W_mono_0118,117.7,0.108,AY,7,Magenta,4473,5214,720,1376,2950,766,1545,2905,705,1805,2826,640,1927,2830,600,2065,2834
PLM47TO8W_mono_0119,112.8,0.2,OW,14,Maroon,4474,4857,572,1385,2559,571,1433,2585,582,1365,2732,523,1149,2317,369,1033,2129
PLM47TO8W_mono_0120,117.2,0.06,AE,2,Blue,4475,5571,870,1930,2893,725,1947,2871,634,1981,2854,637,1938,2931,585,1902,2964
PLM47TO8W_mono_0121,133.6,0.14,OW,14,Maroon,4476,4500,572,1613,2498,556,1402,2472,546,1218,2432,506,1076,2354,455,945,2289
PLM47TO8W_mono_0122,133.9,0.048,ER,9,Lime,4477,5571,465,1183,1840,487,1284,1820,504,1367,1856,499,1438,1867,429,1449,1855
PLM47TO8W_mono_0123,124.2,0.09,ER,9,Lime,4478,5214,466,1665,1923,454,1625,1867,439,1658,1882,421,1737,1919,375,1761,1986
PLM47TO8W_mono_0124,126.2,0.04,AH,3,Black,4479,7000,744,1371,3184,659,1291,3140,628,1135,3126,604,1023,3092,550,984,3088
PLM47TO8W_mono_0125,112.9,0.19,EY,10,Purple,4480,5214,525,1860,2885,528,2036,2898,500,2159,2894,411,2202,2859,281,2265,2881
PLM47TO8W_mono_0126,120.8,0.058,AH,3,Black,4481,5929,423,1805,2930,447,1831,2969,435,1863,2951,397,1901,2961,294,1902,2967
PLM47TO8W_mono_0127,129.8,0.06,ER,9,Lime,4482,4500,402,1803,2052,403,1731,2046,443,1660,2013,482,1678,1980,512,1689,2090
PLM47TO8W_mono_0128,127.9,0.16,AE,2,Blue,4483,5214,588,1727,2155,733,1664,2245,796,1530,2314,799,1504,2464,836,1776,2540
PLM47TO8W_mono_0129,130.9,0.07,IH,11,Teal,4484,4857,468,2117,2829,456,2141,2844,409,2189,2752,364,2236,2741,355,2181,2724
PLM47TO8W_mono_0130,123.6,0.09,IH,11,Teal,4485,5214,386,1812,2771,411,1841,2795,442,1838,2779,447,1800,2702,394,1712,2593
PLM47TO8W_mono_0131,123.6,0.108,IH,11,Teal,4486,5214,423,1875,2604,474,1942,2709,482,1943,2747,483,1933,2727,491,1877,2746
PLM47TO8W_mono_0132,122.2,0.15,OW,14,Maroon,4487,4857,580,1292,2456,549,1248,2325,502,1109,2243,455,959,2195,398,837,2174
PLM47TO8W_mono_0133,116.2,0.06,AH,3,Black,4488,4857,477,1878,2643,477,1890,2702,440,1855,2810,467,1868,2800,497,1863,2807
PLM47TO8W_mono_0134,125.5,0.17,AE,2,Blue,4489,6286,512,1769,2906,598,1819,2871,729,1703,2687,748,1728,2792,676,1698,2873
PLM47TO8W_mono_0135,108.5,0.22,UW,17,Cyan,4490,5214,424,2013,2608,412,1935,2435,399,1783,2368,388,1571,2341,382,1743,2409
PLM47TO8W_mono_0136,114.7,0.038,IH,11,Teal,4491,4857,389,1313,2076,398,1476,2045,403,1635,2140,369,1740,2157,308,1855,2195
PLM47TO8W_mono_0137,115.9,0.038,EH,8,Black,4492,4857,610,1390,2452,576,1390,2492,585,1388,2511,588,1365,2510,591,1310,2545
PLM47TO8W_mono_0138,122.4,0.22,AA,1,Red,4493,5214,785,1072,2606,769,1074,2666,807,1112,2662,804,1205,2642,678,1510,2669
PLM47TO8W_mono_0139,127,0.07,IY,13,Pink,4494,7000,383,1927,3006,355,2033,3039,337,2095,2964,329,2126,2827,325,2084,2536
PLM47TO8W_mono_0140,110.5,0.05,OW,14,Maroon,4495,4500,502,1133,1760,509,1098,1767,488,1015,1794,419,1021,1826,272,1071,1924
PLM47TO8W_mono_0141,117.3,0.22,AW,5,Olive,4496,7000,791,1840,3066,866,1824,2954,746,1469,3152,721,1242,3263,680,1268,3215
PLM47TO8W_mono_0142,106.6,0.07,AE,2,Blue,4497,4857,589,1674,2927,629,1655,2929,644,1653,2975,597,1647,2955,502,1685,2960
PLM47TO8W_mono_0143,100.5,0.03,AH,3,Black,4498,5929,409,1643,2930,380,1641,2933,365,1649,2950,292,1641,2966,196,1653,2947
PLM47TO8W_mono_0144,109.8,0.19,AY,7,Magenta,4499,4857,809,1459,2903,711,1493,2865,721,1583,2825,734,1693,2785,697,1792,2698
PLM47TO8W_mono_0145,138.6,0.098,AE,2,Blue,4500,4857,813,1502,2187,812,1489,2279,813,1508,2388,854,1503,2281,774,1492,2310
PLM47TO8W_mono_0146,150.5,0.07,ER,9,Lime,4501,4500,438,1659,2073,458,1633,2031,454,1601,1960,446,1570,1919,444,1534,1913
PLM47TO8W_mono_0147,127.5,0.04,AH,3,Black,4502,4500,451,1531,1875,433,1515,1863,443,1499,1848,413,1578,1919,361,1681,1982
PLM47TO8W_mono_0148,181.3,0.04,UW,17,Cyan,4503,4500,361,1948,2225,361,1780,2230,359,1582,2231,342,1370,2222,289,1267,2209
PLM47TO8W_mono_0149,125.6,0.148,AY,7,Magenta,4504,5571,665,1378,2717,710,1536,2613,673,1768,2557,506,1961,2764,441,2052,3100
PLM47TO8W_mono_0150,122.5,0.038,AH,3,Black,4505,5929,436,1482,3024,374,1458,2924,361,1483,2886,314,1494,2848,337,1488,2837
PLM47TO8W_mono_0151,129.1,0.04,AH,3,Black,4506,6643,793,1441,3302,687,1314,3236,611,1257,3313,549,1191,3355,368,1102,3045
PLM47TO8W_mono_0152,123.5,0.038,IH,11,Teal,4507,5929,435,2001,3116,403,2035,3110,367,2089,3186,364,2435,3235,375,2419,3236
PLM47TO8W_mono_0153,121.9,0.21,EY,10,Purple,4508,5571,468,2087,2860,446,2162,3023,392,2277,3065,358,2343,3041,320,2460,3105
PLM47TO8W_mono_0154,129.2,0.14,IY,13,Pink,4509,7000,374,2106,2804,349,2269,2954,353,2462,3233,398,2498,3276,475,2475,3259
PLM47TO8W_mono_0155,119.7,0.19,EH,8,Black,4510,5214,633,1999,2846,779,1961,2803,662,1946,2858,603,1961,2748,488,2088,2628
PLM47TO8W_mono_0156,99.3,0.15,EY,10,Purple,4511,4857,464,2017,2718,499,2058,2729,480,2151,2791,435,2179,2728,401,2011,2470
PLM47TO8W_mono_0157,116.8,0.078,AY,7,Magenta,4512,5571,894,1452,2624,780,1566,2570,688,1642,2473,592,1685,2386,541,1483,2294
PLM47TO8W_mono_0158,122.5,0.16,AA,1,Red,4513,7000,667,820,3149,693,990,3264,735,1068,3229,739,1230,3088,605,1481,2979
PLM47TO8W_mono_0159,127.2,0.09,ER,9,Lime,4514,4500,417,1800,2567,395,1867,2452,379,1908,2348,375,1890,2346,373,1885,2439
PLM47TO8W_mono_0160,121.9,0.04,AH,3,Black,4515,5571,478,1794,2957,440,1730,2878,430,1689,2870,423,1622,2867,415,1607,2877
PLM47TO8W_mono_0161,109.2,0.048,AH,3,Black,4516,4857,479,1420,2825,555,1362,2768,549,1294,2724,535,1247,2648,537,1130,2624
PLM47TO8W_mono_0162,115.2,0.03,AA,1,Red,4517,4500,709,1115,2365,719,1117,2350,719,1131,2295,694,1153,2261,689,1173,2208
PLM47TO8W_mono_0163,119.3,0.048,AH,3,Black,4518,5571,862,1655,2674,810,1781,2610,600,1865,2642,260,1898,2479,224,1968,2436
PLM47TO8W_mono_0164,153.1,0.068,IH,11,Teal,4519,5214,409,2098,2867,408,2047,2865,380,2043,2864,369,2004,2854,350,1965,2849
PLM47TO8W_mono_0165,173,0.13,UW,17,Cyan,4520,4500,316,1732,2039,331,1646,2008,331,1584,2004,314,1340,1736,287,1067,1936
PLM47TO8W_mono_0166,149.1,0.218,AY,7,Magenta,4521,5571,698,1265,2633,805,1328,2504,878,1523,2484,657,1779,2613,591,1897,2572
PLM47TO8W_mono_0167,128.4,0.068,AA,1,Red,4522,5214,626,1721,2470,656,1607,2542,686,1510,2699,668,1514,2612,638,1517,2572
PLM47TO8W_mono_0168,119.9,0.048,AH,3,Black,4523,4857,512,1655,2537,502,1678,2723,491,1705,2775,471,1716,2788,455,1753,2874
PLM47TO8W_mono_0169,141.6,0.098,UW,17,Cyan,4524,5214,318,1814,2084,326,1756,2075,329,1728,2094,334,1707,2017,338,1689,2014
PLM47TO8W_mono_0170,120.5,0.08,EH,8,Black,4525,4857,426,1926,2684,494,1840,2620,541,1761,2665,595,1566,2659,599,1425,2716
PLM47TO8W_mono_0171,115.8,0.068,IH,11,Teal,4526,5214,571,1454,2877,592,1630,2796,580,1801,2766,579,1912,2800,591,2147,2672
PLM47TO8W_mono_0172,141.5,0.07,UW,17,Cyan,4527,4500,346,1759,2292,341,1677,2057,342,1553,2055,330,1209,2057,311,1153,2077
PLM47TO8W_mono_0173,221.8,0.26,UW,17,Cyan,4528,5929,392,1717,2618,395,1423,2216,382,1123,2266,355,1533,2568,329,1172,2503
PLM47TO8W_mono_0174,124.7,0.058,AE,2,Blue,4529,5214,513,1675,2764,531,1708,2733,531,1641,2806,508,1656,2814,493,1675,2775
PLM47TO8W_mono_0175,130.6,0.11,AW,5,Olive,4530,4500,657,1573,2180,685,1453,2157,675,1337,2341,650,1169,2291,622,1178,2516
PLM47TO8W_mono_0176,139.6,0.038,AH,3,Black,4531,5929,419,1572,2777,408,1565,2789,396,1540,2795,371,1534,2794,332,1538,2812
PLM47TO8W_mono_0177,119.5,0.06,AY,7,Magenta,4532,4500,608,1368,2719,612,1455,2679,599,1588,2539,572,1717,2412,488,1902,2366
PLM47TO8W_mono_0178,149.1,0.14,AW,5,Olive,4533,4857,610,1542,2495,721,1408,2330,775,1348,2339,704,1171,2414,642,1068,2644
PLM47TO8W_mono_0179,110.8,0.07,EH,8,Black,4534,4500,615,1598,2418,606,1635,2531,623,1772,2542,583,1803,2517,507,1945,2401
PLM47TO8W_mono_0180,114.8,0.05,AE,2,Blue,4535,6643,577,1858,2806,577,1863,2782,568,1799,2777,557,1683,2731,529,1617,2762
PLM47TO8W_mono_0181,122.9,0.068,AH,3,Black,4536,5214,599,1494,2763,634,1479,2795,645,1433,2810,678,1389,2744,508,1150,2778
PLM47TO8W_mono_0182,144.4,0.26,IY,13,Pink,4537,6643,332,2202,3199,341,2346,3249,321,2392,3265,323,2368,3332,318,2332,3213
PLM47TO8W_mono_0183,121.4,0.07,AY,7,Magenta,4538,4857,820,1562,2262,786,1739,2264,828,1795,2391,710,1865,2496,641,1973,2594
PLM47TO8W_mono_0184,138.6,0.15,AE,2,Blue,4539,5214,649,1671,2651,798,1692,2498,823,1668,2359,789,1633,2354,746,1579,2513
PLM47TO8W_mono_0185,138.7,0.058,AH,3,Black,4540,5214,678,1564,2693,670,1540,2675,632,1576,2739,599,1595,2737,527,1601,2794
PLM47TO8W_mono_0186,121,0.09,ER,9,Lime,4541,4500,404,1761,2272,437,1739,2240,449,1746,2194,456,1709,2058,457,1690,2066
PLM47TO8W_mono_0187,111.6,0.068,AH,3,Black,4542,5214,458,1700,2067,458,1726,2096,449,1753,2286,406,1801,2357,352,1884,2572
PLM47TO8W_mono_0188,114.5,0.21,IY,13,Pink,4543,4857,363,1943,2260,344,2058,2360,324,2157,2645,351,2168,2638,350,2199,2731
PLM47TO8W_mono_0189,135.6,0.048,IH,11,Teal,4544,5571,371,1547,2827,385,1621,2889,383,1684,2941,371,1761,3057,286,1742,3063
PLM47TO8W_mono_0190,131.8,0.05,AH,3,Black,4545,5214,484,1791,2921,418,1781,2837,407,1743,2821,405,1688,2867,384,1660,2904
PLM47TO8W_mono_0191,114.1,0.05,AH,3,Black,4546,6643,445,1816,2995,468,1781,2998,469,1741,2980,444,1631,2891,366,1519,3018
PLM47TO8W_mono_0192,116.3,0.22,IY,13,Pink,4547,7000,318,1987,2972,317,2194,3204,307,2339,3300,301,2468,3321,309,2494,3358
PLM47TO8W_mono_0193,122.7,0.14,AA,1,Red,4548,4500,598,882,2097,673,982,2170,729,1071,2328,727,1223,2466,606,1457,2438
PLM47TO8W_mono_0194,124,0.038,AH,3,Black,4549,6286,426,2034,3131,431,2047,3112,416,2078,3078,414,2199,3111,408,2216,3103
PLM47TO8W_mono_0195,118.2,0.08,EH,8,Black,4550,4857,475,2024,2735,547,1865,2622,597,1737,2634,628,1526,2715,612,1363,2910
PLM47TO8W_mono_0196,124.9,0.08,OW,14,Maroon,4551,5214,498,1150,3007,502,1159,2994,506,1166,2961,497,1082,2798,471,960,2846
PLM47TO8W_mono_0197,118,0.188,UW,17,Cyan,4552,4857,462,1536,2634,444,1597,2462,430,1576,2395,456,1522,2438,455,1558,2359
PLM47TO8W_mono_0198,115.2,0.07,EH,8,Black,4553,4857,453,2187,2927,479,2148,2890,505,2014,2930,502,2006,2943,497,1915,2994
PLM47TO8W_mono_0199,120.4,0.09,AE,2,Blue,4554,5571,667,2285,2924,625,2329,3082,607,2356,3111,558,2512,3044,558,2601,3107
PLM47TO8W_mono_0200,111,0.038,AH,3,Black,4555,4857,419,1194,2564,437,1143,2561,442,1094,2496,441,1023,2558,438,987,2603
PLM47TO8W_mono_0201,101.5,0.038,IH,11,Teal,4556,4857,439,1629,2936,429,1629,2966,413,1617,2955,417,1672,2935,391,1741,2953
PLM47TO8W_mono_0202,103.9,0.048,AH,3,Black,4557,4857,568,1592,2869,597,1575,2769,628,1530,2764,617,1467,2669,547,1469,2573
PLM47TO8W_mono_0203,115.5,0.158,AW,5,Olive,4558,5929,851,1391,2435,798,1311,2376,737,1244,2330,690,1214,2314,636,1214,2185
PLM47TO8W_mono_0204,113.8,0.048,ER,9,Lime,4559,4857,604,1258,2181,577,1281,2252,581,1334,2552,565,1307,2861,551,1287,3002
PLM47TO8W_mono_0205,95.4,0.168,AY,7,Magenta,4560,4857,702,1258,2817,809,1456,2737,789,1555,2787,779,1643,2854,658,1696,2792
PLM47TO8W_mono_0206,119.7,0.07,IH,11,Teal,4561,7000,378,1450,3299,362,1667,3312,375,1774,3311,411,1898,3341,423,1900,3357
PLM47TO8W_mono_0207,118.7,0.05,AO,4,Green,4562,7000,618,881,2979,673,761,3003,677,782,3009,585,909,3004,579,972,3029
PLM47TO8W_mono_0208,122,0.08,IH,11,Teal,4563,5214,513,1730,2762,537,1901,2718,544,2051,2709,535,2222,2689,551,2349,2799
PLM47TO8W_mono_0209,0,0.028,AH,3,Black,4564,4857,615,1120,2711,632,1153,2718,638,1151,2743,585,1107,2748,640,1042,2749
PLM47TO8W_mono_0210,135.7,0.17,AA,1,Red,4565,6286,713,967,3041,783,1179,3296,822,1177,3333,780,1286,2917,729,1515,2928
PLM47TO8W_mono_0211,141.5,0.038,AH,3,Black,4566,4857,395,1638,3087,473,1654,3118,475,1650,3075,358,1598,2905,267,1551,2917
PLM47TO8W_mono_0212,144,0.2,IY,13,Pink,4567,5214,417,1952,2912,375,2184,2804,383,2183,2794,409,2142,2938,485,2038,2987
PLM47TO8W_mono_0213,123.1,0.16,AA,1,Red,4568,4857,764,1395,2811,820,1313,2765,809,1251,2752,799,1323,2693,742,1359,2710
PLM47TO8W_mono_0214,114.8,0.038,AH,3,Black,4569,4857,503,1068,2678,486,992,2629,468,927,2602,447,876,2577,445,817,2576
PLM47TO8W_mono_0215,97.5,0.148,ER,9,Lime,4570,5571,499,1202,2014,502,1457,1964,502,1588,1970,437,1656,1909,392,1786,1826
PRT9XWARA_mono_0001,153.9,0.36,OW,14,Maroon,4571,7000,569,1278,2876,638,1162,2750,535,1025,2748,406,718,3011,311,1171,3124
PRT9XWARA_mono_0002,144.1,0.03,IH,11,Teal,4572,5929,420,1602,2857,438,1638,2828,411,1668,2860,375,1632,2776,346,1602,2670
PRT9XWARA_mono_0003,146.6,0.07,AO,4,Green,4573,7000,506,779,1979,519,781,2023,553,870,2041,591,799,2056,557,898,2004
PRT9XWARA_mono_0004,116,0.07,IH,11,Teal,4574,4500,553,1104,1868,527,983,1895,521,1204,2027,509,1181,2247,486,1198,2293
PRT9XWARA_mono_0005,168.9,0.06,AY,7,Magenta,4575,7000,829,1291,2963,748,1259,2999,720,1335,2986,680,1261,2961,618,1160,2952
PRT9XWARA_mono_0006,154.7,0.038,OW,14,Maroon,4576,5929,430,786,3095,432,782,3009,405,773,2916,374,795,2857,322,820,2770
PRT9XWARA_mono_0007,127,0.09,EY,10,Purple,4577,7000,491,1385,2989,464,1489,2893,426,1891,2913,409,2007,2855,416,2249,2870
PRT9XWARA_mono_0008,131.5,0.05,AE,2,Blue,4578,4500,447,1260,2274,442,1269,2469,495,850,2107,509,667,2020,524,554,2005
PRT9XWARA_mono_0009,119.4,0.03,IH,11,Teal,4579,7000,505,1488,3164,507,1450,3140,488,1432,3149,415,1456,3141,242,1413,3150
PRT9XWARA_mono_0010,127.4,0.07,IY,13,Pink,4580,4500,283,564,2138,271,616,2160,275,705,2183,281,686,2139,257,659,2052
PRT9XWARA_mono_0011,124.8,0.03,IY,13,Pink,4581,6643,462,1697,3212,386,1612,3273,375,1351,3312,383,1235,3076,387,1118,3113
PRT9XWARA_mono_0012,117,0.048,IY,13,Pink,4582,5571,274,1966,2615,269,2114,2666,280,2138,2793,275,2175,2731,282,2131,2679
PRT9XWARA_mono_0013,117.8,0.06,AH,3,Black,4583,7000,539,1324,2770,618,1284,3050,629,1174,3026,622,1176,2873,512,1164,2947
PRT9XWARA_mono_0014,107.8,0.07,AY,7,Magenta,4584,5929,637,1182,2066,667,1415,2084,651,1576,2828,599,1644,3010,544,1727,2925
PRT9XWARA_mono_0015,118.9,0.05,OW,14,Maroon,4585,7000,446,1372,3026,491,1280,3010,544,1238,3005,526,1153,2944,525,1170,2988
PRT9XWARA_mono_0016,96.2,0.05,EH,8,Black,4586,5214,567,1459,2287,604,1483,2528,607,1487,2402,638,1400,2537,633,1420,2586
PRT9XWARA_mono_0017,113.7,0.15,ER,9,Lime,4587,4500,443,1601,2337,492,1564,1953,501,1538,1844,567,1351,1894,536,1412,2082
PRT9XWARA_mono_0018,117.5,0.07,EY,10,Purple,4588,4500,441,966,1961,414,1013,1973,408,1401,2000,388,2011,2375,338,1790,2447
PRT9XWARA_mono_0019,119.3,0.058,AA,1,Red,4589,5214,548,1227,2797,594,1223,2564,626,1186,2191,629,1243,2050,629,1266,2013
PRT9XWARA_mono_0020,111.2,0.14,AY,7,Magenta,4590,6286,572,1344,1928,629,1609,2050,602,1806,2765,552,1972,2983,469,2029,2983
PRT9XWARA_mono_0021,137.9,0.038,AY,7,Magenta,4591,6286,641,1599,2876,622,1707,2849,546,1817,2911,499,1993,3024,424,2014,3022
PRT9XWARA_mono_0022,147.4,0.038,AH,3,Black,4592,4857,588,1193,1808,592,1190,1847,586,1175,1833,571,1145,1839,515,1116,1855
PRT9XWARA_mono_0023,170.5,0.04,AH,3,Black,4593,4500,519,1005,1319,531,1155,1281,546,1170,1632,533,1156,1853,471,1183,2018
PRT9XWARA_mono_0024,141,0.03,IH,11,Teal,4594,5929,565,1581,3033,563,1683,3063,550,1781,3028,521,1846,3029,477,1968,2988
PRT9XWARA_mono_0025,138,0.1,AE,2,Blue,4595,6286,707,1916,3142,724,1579,2728,761,1442,2700,752,1422,2888,697,1429,2714
PRT9XWARA_mono_0026,120.8,0.11,AA,1,Red,4596,7000,717,1202,3070,703,1146,2056,678,1152,2002,676,1189,2099,625,1260,2943
PRT9XWARA_mono_0027,117.6,0.118,AH,3,Black,4597,5571,386,1877,2999,405,1904,2980,450,1819,2898,465,1660,2935,471,1566,3052
PRT9XWARA_mono_0028,125.7,0.07,AE,2,Blue,4598,6286,627,1347,2574,653,1300,2492,676,1257,2197,648,1238,2295,566,1165,2480
PRT9XWARA_mono_0029,131.5,0.14,AH,3,Black,4599,4500,507,633,1302,517,749,1452,480,1436,1715,478,1379,1907,451,1394,1877
PRT9XWARA_mono_0030,134.3,0.04,ER,9,Lime,4600,4500,481,1470,1863,462,1420,1853,463,1397,1825,461,1351,1813,465,1237,1660
PRT9XWARA_mono_0031,113.8,0.11,IY,13,Pink,4601,6286,447,1840,2932,421,2041,2953,409,2108,2899,415,2075,2957,432,1990,2965
PRT9XWARA_mono_0032,115.3,0.18,IH,11,Teal,4602,7000,242,1683,2438,430,1801,2742,477,1825,2861,497,1675,2794,502,1666,3096
PRT9XWARA_mono_0033,125.2,0.088,AE,2,Blue,4603,6286,650,1948,2971,655,1920,2881,637,1899,2886,633,1918,2825,637,1848,2823
PRT9XWARA_mono_0034,129.6,0.038,EH,8,Black,4604,5929,681,1819,2910,657,1773,3130,636,1747,2913,599,1692,2748,574,1743,2869
PRT9XWARA_mono_0035,117.6,0.048,IH,11,Teal,4605,6286,462,1750,2915,465,1726,2902,472,1742,3020,474,1738,2927,462,1724,2929
PRT9XWARA_mono_0036,94.4,0.158,AW,5,Olive,4606,6286,657,1672,2615,734,1593,2717,732,1523,2731,702,1335,2777,612,1272,2717
PRT9XWARA_mono_0037,161.2,0.09,AY,7,Magenta,4607,4500,567,1316,1771,648,1179,1876,659,1152,1724,648,1197,1775,635,1264,1555
PRT9XWARA_mono_0038,123.4,0.068,IH,11,Teal,4608,6643,351,1922,3182,362,1951,3273,373,1971,3293,395,1944,3305,447,1924,3076
PRT9XWARA_mono_0039,118,0.038,AY,7,Magenta,4609,6286,570,1227,3052,531,1293,3013,491,1516,2984,445,1541,3356,379,1441,3049
PRT9XWARA_mono_0040,118.5,0.058,AE,2,Blue,4610,6643,547,1379,2790,599,1401,2642,608,1352,2610,625,1359,2446,602,1365,2383
PRT9XWARA_mono_0041,135,0.07,EY,10,Purple,4611,5929,461,1956,2832,422,1969,2749,430,2004,2806,454,1957,2825,413,1884,2881
PRT9XWARA_mono_0042,112.1,0.058,UW,17,Cyan,4612,6643,325,1221,2809,311,1200,2765,297,1346,2600,280,1323,2659,248,1296,2627
PRT9XWARA_mono_0043,106,0.078,EY,10,Purple,4613,5571,522,1723,1976,514,1790,2040,509,1833,2523,509,1814,2553,493,1738,2630
PRT9XWARA_mono_0044,105.9,0.06,AE,2,Blue,4614,5571,572,1587,2816,583,1606,2640,574,1535,2482,558,1498,2380,535,1495,2387
PRT9XWARA_mono_0045,104.1,0.03,EY,10,Purple,4615,7000,574,1890,3257,652,1949,3305,740,1964,3347,820,1971,3318,718,2212,3533
PRT9XWARA_mono_0046,109.5,0.04,UW,17,Cyan,4616,5214,283,1952,2820,283,1978,2733,271,1964,2371,207,1518,2268,279,1704,2126
PRT9XWARA_mono_0047,106.9,0.048,EH,8,Black,4617,4857,563,1213,1999,585,1384,2093,600,1428,2026,611,1452,2057,610,1622,2193
PRT9XWARA_mono_0048,122.2,0.038,AH,3,Black,4618,5929,697,1796,2656,593,1830,2804,522,1806,2860,424,1769,2993,367,1782,2786
PRT9XWARA_mono_0049,105.7,0.048,AW,5,Olive,4619,5571,550,1296,2525,565,1330,2559,581,1342,2464,557,1333,2504,516,1279,2507
PRT9XWARA_mono_0050,93.9,0.028,AH,3,Black,4620,4857,483,1451,2152,441,1461,2124,425,1415,2090,379,1360,1945,364,1266,1855
PRT9XWARA_mono_0051,101.5,0.06,EY,10,Purple,4621,4500,523,1568,1987,502,1522,2055,454,1189,2048,327,895,1930,290,924,1922
PRT9XWARA_mono_0052,102,0.07,ER,9,Lime,4622,4857,213,1364,1962,294,1492,1858,264,1526,2075,477,1466,2017,438,1502,2097
PRT9XWARA_mono_0053,103.1,0.12,AA,1,Red,4623,4500,641,1364,2044,681,1275,2066,694,1267,2044,690,1290,2054,687,1347,1954
PRT9XWARA_mono_0054,141.1,0.068,AY,7,Magenta,4624,5214,780,1439,2445,737,1495,2445,696,1581,2299,593,1747,2321,546,1792,2723
PRT9XWARA_mono_0055,174.6,0.118,AA,1,Red,4625,6286,582,1206,2928,690,1169,2632,787,1171,2489,789,1167,2290,674,1148,2526
PRT9XWARA_mono_0056,168.8,0.058,AY,7,Magenta,4626,5214,555,1197,2137,628,1270,2099,642,1327,2145,628,1361,2100,551,1362,2179
PRT9XWARA_mono_0057,145.4,0.04,AH,3,Black,4627,5214,376,1522,2402,393,1585,2308,381,1789,2210,350,1904,2215,297,1964,2081
PRT9XWARA_mono_0058,134.8,0.028,AO,4,Green,4628,5571,490,840,2027,474,857,2015,526,842,2010,472,851,1954,452,870,2000
PRT9XWARA_mono_0059,128,0.07,ER,9,Lime,4629,4500,563,1452,1912,560,1489,1933,543,1455,1971,499,1404,1965,625,1598,2111
PRT9XWARA_mono_0060,133,0.06,AO,4,Green,4630,4500,477,1305,2058,435,1211,1985,453,1125,1960,499,1112,1897,510,1150,1866
PRT9XWARA_mono_0061,121.6,0.058,AE,2,Blue,4631,5214,608,1559,2101,621,1491,2109,620,1361,2082,607,1295,2080,556,1180,2169
PRT9XWARA_mono_0062,140.9,0.07,OW,14,Maroon,4632,4857,524,1540,2401,466,1437,2389,456,1375,2535,455,1329,2578,448,1329,2593
PRT9XWARA_mono_0063,117.6,0.068,EY,10,Purple,4633,5214,457,1773,2397,467,1873,2439,460,1920,2402,447,1966,2371,398,1983,2290
PRT9XWARA_mono_0064,111.5,0.038,AH,3,Black,4634,4857,445,1211,2298,453,1139,2367,453,1071,2392,451,1031,2442,446,936,2410
PRT9XWARA_mono_0065,115.3,0.098,AO,4,Green,4635,5571,576,1167,1930,592,1227,2148,597,934,2130,574,780,2085,549,831,2045
PRT9XWARA_mono_0066,101.3,0.098,UW,17,Cyan,4636,5571,324,1877,2374,314,1843,2300,330,1664,2441,338,1627,2510,345,1579,2541
PRT9XWARA_mono_0067,100.2,0.028,AH,3,Black,4637,4857,407,1369,2363,406,1387,2372,410,1441,2370,409,1431,2392,397,1348,2383
PRT9XWARA_mono_0068,105.8,0.028,EY,10,Purple,4638,5571,431,1661,2382,425,1644,2328,419,1569,2229,413,1542,2227,413,1491,2130
PRT9XWARA_mono_0069,104.8,0.05,ER,9,Lime,4639,5214,430,1210,1849,471,1273,1794,513,1315,1776,533,1329,1826,569,1399,1883
PRT9XWARA_mono_0070,94.2,0.11,AW,5,Olive,4640,7000,622,1478,2060,707,1424,2083,706,1364,2144,703,1355,2164,644,1330,2341
PRT9XWARA_mono_0071,98.2,0.03,AH,3,Black,4641,5929,449,1444,2426,417,1434,2291,366,1433,2374,314,1335,2373,267,1275,2389
PRT9XWARA_mono_0072,101.5,0.168,OW,14,Maroon,4642,5214,552,1184,2462,551,1170,2536,486,1079,2489,423,996,2536,422,1064,2541
PRT9XWARA_mono_0073,118.7,0.05,AH,3,Black,4643,5214,428,1471,2354,428,1592,2449,418,1868,2299,377,1950,2305,282,2056,2208
PRT9XWARA_mono_0074,109.2,0.15,OW,14,Maroon,4644,5214,457,1582,2081,543,1513,2112,554,1374,2381,532,1227,2381,412,1078,2478
PRT9XWARA_mono_0075,129,0.068,IH,11,Teal,4645,6643,619,2049,3606,489,1858,3219,484,1922,3176,464,1979,3350,404,2227,3676
PRT9XWARA_mono_0076,135.1,0.068,AH,3,Black,4646,6643,537,1085,2738,609,1110,2866,625,1178,2820,607,1177,2863,590,1368,2976
PRT9XWARA_mono_0077,128.2,0.09,EY,10,Purple,4647,5214,534,1864,2567,526,1909,2487,517,1971,2498,511,2094,2582,580,2039,2574
PRT9XWARA_mono_0078,114.1,0.08,ER,9,Lime,4648,4500,486,736,1598,478,1331,2024,467,1365,2014,456,1376,2093,439,1743,2106
PRT9XWARA_mono_0079,106.9,0.16,IY,13,Pink,4649,4857,398,1997,2613,411,2032,2481,447,2065,2590,467,2035,2493,564,1685,2463
PRT9XWARA_mono_0080,0,0.03,AH,3,Black,4650,4500,627,1539,2190,568,1540,2308,284,1509,2382,974,1691,2600,874,1729,2512
PRT9XWARA_mono_0081,126.5,0.06,AY,7,Magenta,4651,7000,637,1364,2830,653,1351,2742,663,1361,2464,690,1505,2701,797,1793,2742
PRT9XWARA_mono_0082,149.1,0.1,AE,2,Blue,4652,6643,846,1606,3008,862,1456,2681,843,1407,2394,788,1394,2350,711,1364,2558
PRT9XWARA_mono_0083,119.6,0.088,AE,2,Blue,4653,6286,689,1295,3008,745,1306,2770,749,1299,2576,707,1324,2348,655,1368,3098
PRT9XWARA_mono_0084,122.6,0.05,IH,11,Teal,4654,7000,259,1927,3011,260,1989,3281,253,2013,3570,235,2004,3404,218,2124,3721
PRT9XWARA_mono_0085,124.8,0.078,AH,3,Black,4655,5571,428,1580,2404,493,1516,2754,477,1463,2477,456,1424,2545,397,1302,2519
PRT9XWARA_mono_0086,111.9,0.178,AE,2,Blue,4656,5214,533,1917,2521,618,1077,2161,694,1428,2241,704,1447,2343,623,1416,2485
PRT9XWARA_mono_0087,114,0.2,UW,17,Cyan,4657,4857,472,1476,1809,444,1468,1952,419,1244,2093,381,1066,2241,286,976,2366
PRT9XWARA_mono_0088,135.9,0.13,AY,7,Magenta,4658,6286,818,1214,2757,815,1257,2455,769,1352,2608,647,1415,2805,511,1941,2951
PRT9XWARA_mono_0089,162.8,0.05,UH,16,Silver,4659,5929,496,1570,3010,459,1555,3063,405,1460,2487,328,1340,2643,261,1354,2493
PRT9XWARA_mono_0090,166.3,0.038,AH,3,Black,4660,6286,507,1688,3254,420,1679,2997,399,1649,3041,363,1655,3120,316,1598,3503
PRT9XWARA_mono_0091,125.2,0.158,IY,13,Pink,4661,6286,288,2200,3107,293,2279,2983,320,2255,2967,339,2233,2970,310,2127,2971
PRT9XWARA_mono_0092,119.2,0.08,IH,11,Teal,4662,4857,354,744,2168,434,528,2099,477,1907,2029,476,1909,1956,474,1761,2026
PRT9XWARA_mono_0093,111.5,0.04,IH,11,Teal,4663,4500,487,1272,2084,504,1350,2042,501,1398,2016,494,1468,2024,451,1515,2055
PRT9XWARA_mono_0094,104.5,0.14,OW,14,Maroon,4664,7000,491,1712,2995,519,1528,3093,521,1322,3051,498,1204,2969,408,1089,3020
PRT9XWARA_mono_0095,122.6,0.06,OW,14,Maroon,4665,4500,527,999,1968,522,980,2156,492,932,2486,479,871,2569,473,853,2531
PRT9XWARA_mono_0096,116.1,0.078,AY,7,Magenta,4666,6643,670,1200,2294,693,1297,2824,666,1355,2613,629,1534,2470,599,1660,3170
PRT9XWARA_mono_0097,105.5,0.2,OW,14,Maroon,4667,4857,556,1213,2419,588,1046,2556,574,965,2621,577,847,2077,533,1031,2061
PRT9XWARA_mono_0098,114.8,0.05,AE,2,Blue,4668,6643,601,1875,3069,596,1869,3043,592,1890,3099,519,1870,2942,520,1859,2968
PRT9XWARA_mono_0099,115.6,0.09,OW,14,Maroon,4669,4857,570,1215,2488,540,1033,2567,477,918,2377,458,841,2421,461,844,2373
PRT9XWARA_mono_0100,112.5,0.058,ER,9,Lime,4670,5929,444,962,1534,453,1009,1395,453,1013,1361,460,1087,1297,432,1127,1358
PRT9XWARA_mono_0101,115.8,0.08,ER,9,Lime,4671,4857,531,1245,1475,485,1225,1480,475,1267,1647,460,1343,1816,420,1520,1925
PRT9XWARA_mono_0102,119.4,0.05,AH,3,Black,4672,7000,673,1355,3271,628,1315,3043,608,1250,2994,591,1222,2901,508,1319,2810
PRT9XWARA_mono_0103,102,0.03,AH,3,Black,4673,4500,509,1185,1986,522,1247,1994,530,1263,2000,529,1312,2014,509,1343,2074
PRT9XWARA_mono_0104,105.3,0.26,EY,10,Purple,4674,5214,513,1628,2694,523,1821,2633,485,1930,2595,435,1984,2477,434,1914,2510
PRT9XWARA_mono_0105,117.8,0.04,AH,3,Black,4675,5214,408,1626,2517,403,1719,2597,417,1794,2537,403,1710,2543,234,1835,2508
PRT9XWARA_mono_0106,116.5,0.108,ER,9,Lime,4676,4857,384,1434,2246,416,1219,2554,402,1090,2094,484,1189,1763,581,1062,1462
PRT9XWARA_mono_0107,119.1,0.12,AE,2,Blue,4677,5929,671,1383,2195,727,1357,2331,759,1225,2373,749,1308,2424,726,1335,2511
PRT9XWARA_mono_0108,126.8,0.028,IH,11,Teal,4678,4857,374,1802,2342,335,1985,2383,311,1923,2378,253,1494,2306,213,1244,2270
PRT9XWARA_mono_0109,113.9,0.058,IH,11,Teal,4679,5214,345,1751,2497,418,1701,2446,460,1706,2491,455,1561,2406,413,1361,2360
PRT9XWARA_mono_0110,109.1,0.038,IH,11,Teal,4680,4857,475,1341,2086,471,1287,2224,479,1277,2221,510,1315,2240,531,1350,2274
PRT9XWARA_mono_0111,104.7,0.108,OW,14,Maroon,4681,5929,574,1049,3094,523,926,3063,459,771,3020,418,749,3039,381,734,2934
PRT9XWARA_mono_0112,111.6,0.058,AH,3,Black,4682,6643,347,1366,3140,391,1378,3176,382,1374,3153,406,1329,3198,371,1360,3525
PRT9XWARA_mono_0113,88.8,0.078,AE,2,Blue,4683,6286,477,1401,2529,567,1558,2411,609,1452,2470,617,1477,2544,596,1585,2459
PRT9XWARA_mono_0114,89.9,0.108,UW,17,Cyan,4684,5929,476,1779,2573,473,1842,2554,489,1730,2524,401,1595,2462,348,1387,2557
PRT9XWARA_mono_0115,137.1,0.048,EH,8,Black,4685,5571,511,1327,2715,554,1319,2698,568,1290,2752,586,1249,2867,614,1233,2890
PRT9XWARA_mono_0116,141.6,0.18,AA,1,Red,4686,5571,709,998,2450,713,1054,2456,714,1083,2518,669,1125,2466,615,1151,2586
PRT9XWARA_mono_0117,142.5,0.07,IY,13,Pink,4687,4857,353,1929,2384,312,1997,2407,288,1804,2375,296,1936,2259,257,1383,2123
PRT9XWARA_mono_0118,140.1,0.04,OW,14,Maroon,4688,4500,390,1168,1888,382,1174,1848,371,1196,1909,309,1257,1894,193,1251,1981
PRT9XWARA_mono_0119,156.9,0.138,AW,5,Olive,4689,5929,622,1262,1732,666,1284,1628,654,1211,1471,624,1195,1452,570,1117,1468
PRT9XWARA_mono_0120,243.6,0.13,AE,2,Blue,4690,4857,553,1520,2701,637,1571,2688,662,1491,2651,659,1405,2461,651,1334,2543
PRT9XWARA_mono_0121,141.2,0.21,AY,7,Magenta,4691,6286,676,1233,2451,737,1248,2456,825,1331,2501,733,1428,2615,628,1639,2510
PRT9XWARA_mono_0122,127.8,0.17,AH,3,Black,4692,6643,646,1254,3096,641,1184,3067,641,1153,3009,629,1112,3015,579,1088,3162
PRT9XWARA_mono_0123,148.8,0.11,AE,2,Blue,4693,6286,796,1389,2634,786,1399,2551,795,1399,2526,824,1349,2606,751,1349,2524
PRT9XWARA_mono_0124,188.3,0.07,ER,9,Lime,4694,4500,409,1380,1828,405,1334,1739,417,1215,1665,443,1274,1649,438,1328,1643
PRT9XWARA_mono_0125,167.7,0.048,AH,3,Black,4695,4857,464,1379,1657,556,1451,1775,540,1412,1821,308,1394,1824,188,1240,1966
PRT9XWARA_mono_0126,147.1,0.07,UW,17,Cyan,4696,4857,317,1729,1985,310,1508,2061,292,1374,2034,286,1210,2193,231,1159,2202
PRT9XWARA_mono_0127,123.2,0.128,AY,7,Magenta,4697,5214,640,1261,2449,646,1304,2489,611,1377,2421,524,1601,2383,479,1964,2495
PRT9XWARA_mono_0128,161.4,0.168,AH,3,Black,4698,5214,440,1391,2998,492,1486,2877,657,1261,2626,611,1217,2798,571,1200,2628
PRT9XWARA_mono_0129,131.6,0.05,AH,3,Black,4699,7000,557,1241,3517,568,1214,3465,620,1205,3277,620,1210,3169,573,1235,3155
PRT9XWARA_mono_0130,130.4,0.04,IH,11,Teal,4700,5214,492,1570,3013,496,1431,2639,499,1509,2445,488,1415,2350,459,1533,2402
PRT9XWARA_mono_0131,112.6,0.11,EY,10,Purple,4701,5571,420,1910,2538,437,1979,2528,432,2101,2589,398,2157,2755,332,2309,2742
PRT9XWARA_mono_0132,110.6,0.118,IY,13,Pink,4702,4857,281,1709,2482,254,1866,2419,295,1068,2411,430,2078,2605,460,2194,2590
PRT9XWARA_mono_0133,149.8,0.108,EH,8,Black,4703,5214,616,1762,2557,636,1781,2547,627,1847,2377,599,1921,2424,490,2049,2426
PRT9XWARA_mono_0134,131.9,0.128,EY,10,Purple,4704,5214,417,2017,2610,495,1965,2645,499,1974,2500,493,1982,2505,397,1673,2408
PRT9XWARA_mono_0135,123.5,0.148,AY,7,Magenta,4705,6286,781,1240,2543,806,1275,2520,769,1294,2409,723,1421,2479,562,1269,2446
PRT9XWARA_mono_0136,119.4,0.09,AA,1,Red,4706,7000,715,1164,2991,782,1067,1899,795,1068,1878,728,1137,2489,678,1180,2419
PRT9XWARA_mono_0137,116.5,0.048,ER,9,Lime,4707,4857,392,1405,1899,374,1278,1938,336,895,1912,320,783,1949,309,755,2000
PRT9XWARA_mono_0138,112.3,0.07,AA,1,Red,4708,4857,605,984,2276,652,989,2181,666,970,2024,665,1074,2012,650,1146,1985
PRT9XWARA_mono_0139,127.6,0.048,AH,3,Black,4709,4857,501,1827,2616,508,1887,2449,425,1984,2326,349,2018,2324,302,2263,2460
PRT9XWARA_mono_0140,153.3,0.06,IH,11,Teal,4710,6286,428,2075,2837,415,2045,2840,447,1934,2722,414,1875,2633,346,1781,2530
PRT9XWARA_mono_0141,126.3,0.11,UW,17,Cyan,4711,6286,296,2181,3427,358,2149,3190,388,1701,3166,400,1388,3182,459,1416,3109
PRT9XWARA_mono_0142,112.7,0.178,AY,7,Magenta,4712,5929,694,1106,2388,743,1151,2397,765,1248,2386,722,1459,2416,611,1153,2212
PRT9XWARA_mono_0143,104.2,0.06,AA,1,Red,4713,4857,628,1463,2355,627,1431,2264,625,1383,2238,628,1325,2212,621,1272,2067
PRT9XWARA_mono_0144,126,0.05,UW,17,Cyan,4714,4500,369,1083,2100,372,1076,2024,380,1145,1983,383,1214,1952,366,1298,1926
PRT9XWARA_mono_0145,108.9,0.058,EH,8,Black,4715,5214,461,1921,2484,527,1891,2336,560,1526,2332,590,1313,2504,607,1257,2614
PRT9XWARA_mono_0146,104.8,0.06,IH,11,Teal,4716,6286,516,1308,2827,507,1457,3330,480,1618,2858,462,1765,2876,440,1906,3189
PRT9XWARA_mono_0147,141.2,0.118,UW,17,Cyan,4717,6286,295,1954,3520,346,1996,3393,406,1938,3215,386,1362,3042,410,1633,2456
PRT9XWARA_mono_0148,123.7,0.22,UW,17,Cyan,4718,4857,416,1604,2248,486,1324,2030,533,1374,2038,522,1266,2024,471,1154,2099
PRT9XWARA_mono_0149,124.6,0.06,AY,7,Magenta,4719,6286,556,1380,2987,539,1568,2707,542,1835,2835,507,1975,2960,366,2195,2896
PRT9XWARA_mono_0150,114.7,0.028,AH,3,Black,4720,5214,426,1256,2498,397,1308,2655,389,1333,2793,342,1346,3084,259,1316,3164
PRT9XWARA_mono_0151,116,0.048,AH,3,Black,4721,4857,442,1413,2786,432,1408,2798,411,1426,2913,408,1430,2862,293,1456,3086
PRT9XWARA_mono_0152,130.5,0.1,AW,5,Olive,4722,6643,589,1367,2808,678,1294,2610,708,1270,1783,718,1282,1998,694,1343,1528
PRT9XWARA_mono_0153,121.7,0.078,EH,8,Black,4723,5571,540,1477,2470,601,1536,2446,593,1572,2253,552,1612,2308,453,1779,2417
PRT9XWARA_mono_0154,167.5,0.068,AE,2,Blue,4724,6286,555,1499,2532,605,1460,2369,631,1221,2386,649,1234,2368,634,1402,2533
PRT9XWARA_mono_0155,122.7,0.05,AH,3,Black,4725,6643,589,1315,3287,558,1297,3237,575,1301,3155,551,1283,3044,381,1274,3057
PRT9XWARA_mono_0156,104.3,0.03,AH,3,Black,4726,4500,454,1296,2056,469,1373,2062,473,1494,2100,445,1487,2206,343,1481,2379
PRT9XWARA_mono_0157,112,0.068,IY,13,Pink,4727,5214,334,1951,2460,347,2028,2560,353,2092,2499,358,2090,2648,355,2251,2693
PRT9XWARA_mono_0158,141.1,0.058,AY,7,Magenta,4728,5214,724,1414,2485,706,1452,2509,680,1434,2491,655,1470,2484,647,1557,2479
PRT9XWARA_mono_0159,163,0.04,AE,2,Blue,4729,5571,657,1399,2760,664,1407,2764,670,1336,2647,660,1268,2372,661,1252,2144
PRT9XWARA_mono_0160,144.7,0.118,AH,3,Black,4730,4857,645,968,1262,668,1162,1298,669,1215,1246,667,1183,1307,633,1279,1394
PRT9XWARA_mono_0161,143.1,0.06,ER,9,Lime,4731,4857,420,1512,2010,433,1501,1939,436,1496,1886,428,1462,1863,416,1359,1832
PRT9XWARA_mono_0162,134.8,0.04,AH,3,Black,4732,6643,412,1680,3215,405,1761,3215,395,1842,3121,335,1904,2234,161,1896,2419
PRT9XWARA_mono_0163,120.2,0.2,IY,13,Pink,4733,4857,452,1914,2178,455,1910,2114,443,2022,2195,560,1942,2444,640,1741,2503
PRT9XWARA_mono_0164,118.4,0.038,IH,11,Teal,4734,5929,344,1381,2668,349,1497,2799,324,1499,2756,310,1551,2645,216,1544,2622
PRT9XWARA_mono_0165,136.6,0.038,AH,3,Black,4735,4857,505,1266,2067,150,1219,2044,245,1509,2089,374,1523,2315,369,1566,2406
PRT9XWARA_mono_0166,136.3,0.038,AH,3,Black,4736,6286,484,1968,3423,354,1813,3303,333,1767,2773,317,1627,2435,292,1544,2426
PRT9XWARA_mono_0167,103.4,0.138,IY,13,Pink,4737,4857,400,1882,2007,404,1951,2376,403,1942,2456,406,1948,2480,403,1840,2507
PRT9XWARA_mono_0168,118.4,0.048,AA,1,Red,4738,4857,681,1065,2208,686,1205,2383,688,1204,2430,701,1391,2424,690,1400,2482
PRT9XWARA_mono_0169,115.3,0.03,AH,3,Black,4739,6286,204,2200,3460,198,2171,3488,245,2123,3460,242,2076,3528,235,2184,3441
PRT9XWARA_mono_0170,120.4,0.05,EH,8,Black,4740,7000,455,1526,2003,496,1570,1983,514,1099,2336,549,1128,2435,533,1107,2549
PRT9XWARA_mono_0171,114.7,0.028,OW,14,Maroon,4741,5214,329,1130,2920,396,1101,2914,430,1066,3005,424,1051,3062,419,1017,3044
PRT9XWARA_mono_0172,114.1,0.07,UW,17,Cyan,4742,6286,417,959,3093,432,1237,2831,434,1392,2984,440,1876,2735,319,1597,2402
PRT9XWARA_mono_0173,112.2,0.048,EH,8,Black,4743,6286,478,2122,2741,492,1975,2684,516,2009,2590,501,1962,2591,503,1997,2658
PRT9XWARA_mono_0174,105.1,0.04,IH,11,Teal,4744,6643,366,1302,3024,375,1321,3055,369,1333,3079,365,1335,2581,335,1371,2486
PRT9XWARA_mono_0175,103.2,0.038,AH,3,Black,4745,4857,517,1428,2216,583,1417,2301,566,1306,2213,421,1255,2259,312,1237,2357
PRT9XWARA_mono_0176,106.9,0.078,AW,5,Olive,4746,5571,697,1268,2325,706,1287,2273,680,1238,2110,644,1221,2049,590,1187,1957
PRT9XWARA_mono_0177,97.8,0.06,ER,9,Lime,4747,4857,600,1182,1932,602,1206,1969,585,1227,1986,593,1252,2099,576,1224,2313
PRT9XWARA_mono_0178,91.5,0.07,AY,7,Magenta,4748,4857,639,1082,1987,648,1151,2085,653,1210,2254,672,1256,2420,699,1324,2356
PRT9XWARA_mono_0179,133.4,0.068,IH,11,Teal,4749,6643,290,1452,3401,326,1861,3374,338,1889,3249,369,1909,3263,389,1905,3126
PRT9XWARA_mono_0180,116.5,0.06,AO,4,Green,4750,5571,534,1372,2337,565,1471,2345,589,1320,2238,617,744,1953,492,798,1955
PRT9XWARA_mono_0181,94.5,0.038,IH,11,Teal,4751,4857,566,1709,2410,543,1768,2370,570,1721,2020,594,1764,2327,587,1629,2423
PRT9XWARA_mono_0182,121.3,0.088,AA,1,Red,4752,6643,702,881,2172,709,990,1991,730,1066,1984,725,1151,1974,719,1259,2652
PRT9XWARA_mono_0183,163.5,0.04,AH,3,Black,4753,6643,552,1498,3153,538,1504,3299,561,1542,3247,571,1586,3621,324,1406,3606
PRT9XWARA_mono_0184,191.1,0.14,IY,13,Pink,4754,5571,391,1093,2320,388,1019,2356,385,1017,2348,339,1007,2075,208,1406,2495
PRT9XWARA_mono_0185,130.7,0.06,AA,1,Red,4755,4857,666,1299,2304,675,1199,2212,680,1193,2170,650,1160,2232,618,1134,2295
PRT9XWARA_mono_0186,98.1,0.128,ER,9,Lime,4756,5214,496,1002,1641,491,1220,1565,478,1358,1573,455,1482,1767,440,1292,1942
PS92JDABC_mono_0001,139.6,0.34,OW,14,Maroon,4757,4500,497,1069,1354,495,1071,1306,431,1056,1197,411,1019,1088,369,1057,1190
PS92JDABC_mono_0002,179.1,0.08,IH,11,Teal,4758,4500,461,1262,1699,494,1396,1715,478,1398,1744,491,1406,1672,413,1460,1700
PS92JDABC_mono_0003,168.9,0.07,AO,4,Green,4759,6286,499,902,3228,521,774,3204,489,962,3089,653,992,3132,850,1071,2792
PS92JDABC_mono_0004,143.6,0.11,IH,11,Teal,4760,6286,624,1829,2666,520,1851,2557,454,1885,2371,442,1948,2330,440,1932,2389
PS92JDABC_mono_0005,125.7,0.128,AY,7,Magenta,4761,6643,917,1250,2852,884,1284,2795,875,1370,2885,838,1529,2805,714,1498,2569
PS92JDABC_mono_0006,135.3,0.07,OW,14,Maroon,4762,4857,628,1045,2501,622,1055,2529,711,1050,2530,610,1032,2478,557,1071,2464
PS92JDABC_mono_0007,139.4,0.048,AH,3,Black,4763,6286,523,1355,2438,536,1255,2488,551,1203,2493,556,1162,2592,476,1268,2633
PS92JDABC_mono_0008,98.8,0.14,EY,10,Purple,4764,6286,527,1652,2733,462,1856,2575,427,1955,2543,406,2003,2478,364,2154,2508
PS92JDABC_mono_0009,115.2,0.07,AE,2,Blue,4765,4500,593,1927,2261,543,1940,2303,567,1882,2191,680,1689,1972,726,1751,1949
PS92JDABC_mono_0010,114.6,0.048,IH,11,Teal,4766,4857,452,1237,1885,466,1188,1924,447,1208,1920,414,1345,1861,364,1416,1907
PS92JDABC_mono_0011,131.7,0.07,IY,13,Pink,4767,4857,339,1647,2494,387,1705,2481,423,1942,2491,464,1929,2494,457,2019,2434
PS92JDABC_mono_0012,123.4,0.038,IY,13,Pink,4768,4857,354,1941,2389,362,1958,2337,349,1924,2262,364,1909,2252,390,1895,2225
PS92JDABC_mono_0013,120.2,0.04,AH,3,Black,4769,4500,415,1834,2067,449,1741,1948,467,1543,1950,473,1521,1950,435,1413,1929
PS92JDABC_mono_0014,117.3,0.048,IY,13,Pink,4770,4857,363,1294,1844,353,1509,1910,349,1637,2028,353,1594,2256,352,1771,2322
PS92JDABC_mono_0015,129.4,0.07,AH,3,Black,4771,5929,750,1362,3001,776,1274,2932,797,1257,3035,722,1193,2994,652,1170,2922
PS92JDABC_mono_0016,127.2,0.08,AY,7,Magenta,4772,4500,630,1239,1382,647,1429,1494,592,1415,1850,433,1121,1909,388,1251,1902
PS92JDABC_mono_0017,150.4,0.318,OW,14,Maroon,4773,4857,595,1467,2283,651,1280,2400,739,1101,2188,595,953,2342,645,935,2705
PS92JDABC_mono_0018,185.3,0.1,AA,1,Red,4774,5929,974,1027,3035,884,1052,2689,903,1117,3378,884,1170,2992,788,1221,3078
PS92JDABC_mono_0019,101.8,0.05,EH,8,Black,4775,7000,579,1361,2823,640,1390,2897,672,1406,2951,681,1389,3413,702,1412,3501
PS92JDABC_mono_0020,0,0.028,ER,9,Lime,4776,5571,523,1966,2665,517,1879,2632,530,1823,2545,515,1724,2752,539,1677,2726
PS92JDABC_mono_0021,130.6,0.12,EY,10,Purple,4777,5214,510,1806,1911,454,1909,2182,413,1922,2379,363,1886,2629,377,1916,2570
PS92JDABC_mono_0022,0,0.05,AA,1,Red,4778,7000,632,1271,3451,645,1224,3551,673,1173,3341,782,1189,3103,788,1236,3019
PS92JDABC_mono_0023,109.1,0.18,AY,7,Magenta,4779,7000,551,1727,3005,530,1738,3031,521,1811,2654,476,1870,2605,433,1940,2531
PS92JDABC_mono_0024,125.6,0.068,AY,7,Magenta,4780,6643,798,1345,3066,791,1451,3081,756,1659,3110,570,1752,3158,545,1831,2875
PS92JDABC_mono_0025,160.7,0.068,AH,3,Black,4781,5214,706,1129,2377,769,1173,2708,836,1227,2970,878,1203,3123,718,1152,3175
PS92JDABC_mono_0026,153.1,0.038,AH,3,Black,4782,5929,611,1142,3240,618,1155,3276,658,1189,3242,645,1231,3358,591,1267,3396
PS92JDABC_mono_0027,133.6,0.08,IH,11,Teal,4783,5929,521,1638,2948,600,1782,2743,599,1908,2714,552,1992,2646,506,1968,2602
PS92JDABC_mono_0028,118.4,0.1,AE,2,Blue,4784,7000,878,1624,3042,959,1520,3097,967,1567,3187,938,1529,3203,872,1441,3164
PS92JDABC_mono_0029,105.7,0.088,AA,1,Red,4785,5929,891,1252,2227,927,1242,2167,941,1146,2209,908,1175,2110,873,1241,2312
PS92JDABC_mono_0030,61.9,0.098,AH,3,Black,4786,4857,456,1647,2866,469,1647,2822,481,1642,2976,472,1623,3021,343,1532,3084
PS92JDABC_mono_0031,121.7,0.128,AE,2,Blue,4787,5929,732,1409,1964,829,1356,2184,866,1338,2329,850,1326,2510,803,1286,2538
PS92JDABC_mono_0032,112,0.038,AH,3,Black,4788,6286,484,1047,2498,557,1202,2440,577,1313,2052,582,1411,2030,559,1448,1966
PS92JDABC_mono_0033,138.6,0.068,EH,8,Black,4789,6643,658,1671,2662,622,1645,2540,607,1525,2180,602,1473,2067,589,1398,2001
PS92JDABC_mono_0034,148.2,0.068,ER,9,Lime,4790,5571,503,1240,1689,507,1282,1737,477,1373,1789,457,1397,1799,415,1470,1914
PS92JDABC_mono_0035,129.4,0.12,ER,9,Lime,4791,4500,445,1453,1888,514,1404,1797,520,1409,1741,532,1372,1761,506,1291,1763
PS92JDABC_mono_0036,111.9,0.04,AH,3,Black,4792,4500,447,1190,1284,443,1237,1323,435,1286,1422,437,1355,1630,412,1325,1695
PS92JDABC_mono_0037,113.4,0.09,IY,13,Pink,4793,7000,450,1918,2631,445,2103,2629,408,2297,2757,414,2254,2694,418,2110,2867
PS92JDABC_mono_0038,0,0.088,IH,11,Teal,4794,6643,374,1885,2853,440,1869,2847,488,1886,2845,518,1870,2905,487,1872,3024
PS92JDABC_mono_0039,0,0.03,AH,3,Black,4795,6286,776,1860,2998,713,1850,3015,727,1855,2893,730,1842,2977,681,1826,2987
PS92JDABC_mono_0040,115.2,0.038,EH,8,Black,4796,6286,794,1856,3019,798,1863,2985,780,1862,3019,708,1859,3052,614,1846,2987
PS92JDABC_mono_0041,108.2,0.058,IH,11,Teal,4797,6643,434,1795,2925,436,1783,2875,446,1763,2877,442,1794,2875,444,1830,2954
PS92JDABC_mono_0042,111.5,0.14,AW,5,Olive,4798,7000,683,1794,3042,855,1659,2652,915,1403,2593,863,1338,2671,847,1205,2700
PS92JDABC_mono_0043,124.5,0.038,AH,3,Black,4799,5929,458,1535,2825,462,1555,2816,437,1542,2906,438,1468,2928,404,1476,2981
PS92JDABC_mono_0044,176.4,0.16,AY,7,Magenta,4800,4500,691,1314,1572,755,1338,1717,771,1345,1727,728,1315,1680,606,1362,1663
PS92JDABC_mono_0045,137.1,0.07,UH,16,Silver,4801,6286,507,1280,3304,520,1378,3180,532,1413,3132,428,1420,3180,450,1415,3229
PS92JDABC_mono_0046,117,0.08,IH,11,Teal,4802,5929,341,1283,2197,337,1418,2142,351,1729,1874,354,1896,2143,418,1895,2046
PS92JDABC_mono_0047,119.2,0.05,AY,7,Magenta,4803,6643,639,1655,3283,587,1747,2872,511,1851,2823,467,1915,2667,414,1917,2458
PS92JDABC_mono_0048,128.8,0.21,AE,2,Blue,4804,7000,828,1702,2984,934,1574,2825,886,1585,2946,842,1630,2863,820,1539,2869
PS92JDABC_mono_0049,150.4,0.11,EY,10,Purple,4805,6286,509,1955,3318,546,1904,3108,481,1950,2997,448,1943,2616,438,1944,2597
PS92JDABC_mono_0050,139.9,0.048,AH,3,Black,4806,5571,416,1832,2447,448,1808,2127,444,1585,2192,423,1405,2300,418,1296,2363
PS92JDABC_mono_0051,142.2,0.1,UW,17,Cyan,4807,5929,304,1331,2614,299,1462,2547,293,1296,2441,285,1208,2616,281,1213,2665
PS92JDABC_mono_0052,118.3,0.13,EY,10,Purple,4808,6286,546,1546,1929,533,1598,1875,475,1775,1943,445,1824,1967,423,1951,2072
PS92JDABC_mono_0053,111.7,0.068,AE,2,Blue,4809,6643,614,1535,1799,649,1718,1741,653,1495,1941,697,1216,1783,652,1398,1735
PS92JDABC_mono_0054,116.7,0.048,EY,10,Purple,4810,4857,542,1905,2448,459,1916,2460,398,2168,2405,393,2197,2464,376,2207,2457
PS92JDABC_mono_0055,114.3,0.03,UW,17,Cyan,4811,4500,341,1867,2574,344,1855,2562,352,1843,2516,349,1428,2446,337,1364,2385
PS92JDABC_mono_0056,123.9,0.05,EH,8,Black,4812,5214,807,1357,2582,800,1407,2694,748,1425,2773,672,1448,2851,690,1488,2857
PS92JDABC_mono_0057,123.7,0.03,AH,3,Black,4813,6643,1726,3172,3802,1653,3113,3848,1623,3428,3994,1604,3507,4015,1606,3381,4058
PS92JDABC_mono_0058,116.2,0.038,IH,11,Teal,4814,4857,345,1592,1955,376,1549,1957,389,1544,2054,393,1563,2125,377,1554,2147
PS92JDABC_mono_0059,118.9,0.038,IH,11,Teal,4815,4857,452,1426,1746,451,1474,1745,418,1487,1794,387,1501,1798,365,1514,1859
PS92JDABC_mono_0060,0,0.04,AH,3,Black,4816,4500,438,1444,1884,431,1437,1917,393,1416,1793,295,1471,1686,260,1503,1765
PS92JDABC_mono_0061,110.4,0.08,AW,5,Olive,4817,4857,767,1334,1586,778,1311,1336,780,1276,1544,788,1281,1777,706,1301,1543
PS92JDABC_mono_0062,109.7,0.038,AH,3,Black,4818,4857,568,1400,2284,473,1333,1868,432,1317,1906,413,1296,1872,427,1260,1863
PS92JDABC_mono_0063,108.1,0.058,EY,10,Purple,4819,5929,527,1663,1871,534,1799,1891,535,1911,2179,503,1828,2313,485,1872,2453
PS92JDABC_mono_0064,98.6,0.03,ER,9,Lime,4820,4500,417,1789,2062,403,1754,2125,470,1790,2096,437,1752,2301,392,1809,2243
PS92JDABC_mono_0065,0,0.03,AA,1,Red,4821,4500,492,1668,1948,496,1612,2025,494,1591,1934,494,1599,1964,497,1649,2051
PS92JDABC_mono_0066,131.1,0.05,AY,7,Magenta,4822,5929,835,1470,2901,806,1481,2887,749,1596,2988,710,1678,3001,704,1769,2918
PS92JDABC_mono_0067,177.1,0.12,AA,1,Red,4823,6643,789,1300,3195,810,1279,3186,812,1224,3063,731,1206,3040,659,1204,3040
PS92JDABC_mono_0068,181.7,0.078,AY,7,Magenta,4824,6643,678,1425,2730,609,1599,2687,571,1812,2852,558,1827,3108,528,1762,3113
PS92JDABC_mono_0069,151.8,0.05,AH,3,Black,4825,5929,510,1637,2656,503,1706,2591,502,1707,2469,444,1680,2406,400,1616,2337
PS92JDABC_mono_0070,151.6,0.038,AO,4,Green,4826,4857,480,945,1709,487,929,1759,604,933,2183,711,936,2233,754,951,2143
PS92JDABC_mono_0071,128.8,0.05,ER,9,Lime,4827,4500,615,1389,1881,602,1447,1829,470,1371,1764,405,1320,1778,329,1309,1773
PS92JDABC_mono_0072,120.7,0.058,AO,4,Green,4828,6643,703,1170,3219,592,1079,3186,592,966,3221,563,963,3260,596,967,3246
PS92JDABC_mono_0073,0,0.04,AH,3,Black,4829,4500,438,1619,2075,411,1623,2049,395,1592,1895,374,1472,1880,395,1481,1937
PS92JDABC_mono_0074,116.2,0.08,AE,2,Blue,4830,4857,653,1156,1631,679,1187,1732,691,1187,1567,694,1216,1670,605,1185,1650
PS92JDABC_mono_0075,109.7,0.04,AH,3,Black,4831,7000,546,1355,3170,522,1403,3180,501,1482,3155,461,1693,3159,495,1783,3106
PS92JDABC_mono_0076,138.2,0.05,OW,14,Maroon,4832,5214,511,1422,2341,469,1403,2302,427,1407,2290,399,1427,2223,370,1471,2216
PS92JDABC_mono_0077,129.1,0.038,IH,11,Teal,4833,5929,319,1751,2860,325,1762,2780,317,1733,2749,308,1684,2716,273,1661,2724
PS92JDABC_mono_0078,116.1,0.15,EY,10,Purple,4834,4857,498,1857,2239,466,1850,2384,424,1877,2386,373,2017,2350,350,1961,2462
PS92JDABC_mono_0079,112.5,0.04,AH,3,Black,4835,7000,613,1169,3405,433,1016,3359,476,1004,3467,462,950,3466,452,894,3590
PS92JDABC_mono_0080,103.1,0.06,AH,3,Black,4836,4500,574,920,1205,556,1018,1342,531,1075,1390,517,1127,1457,485,1203,1632
PS92JDABC_mono_0081,96.5,0.03,AO,4,Green,4837,6286,704,903,3102,730,757,3071,758,792,3041,760,1127,3090,725,1436,3142
PS92JDABC_mono_0082,92.5,0.028,AH,3,Black,4838,5571,450,1377,1843,441,1454,1822,440,1509,1825,436,1593,1804,435,1607,1773
PS92JDABC_mono_0083,116.5,0.08,UW,17,Cyan,4839,4500,343,1831,2492,327,1800,2406,340,1805,2444,349,1798,2450,340,1778,2480
PS92JDABC_mono_0084,0,0.03,AH,3,Black,4840,4500,508,1261,1439,512,1227,1469,490,1212,1496,466,1211,1523,472,1094,1526
PS92JDABC_mono_0085,133.9,0.07,EY,10,Purple,4841,7000,490,1788,3377,549,1795,3123,574,1770,3085,589,1753,2848,598,1531,2679
PS92JDABC_mono_0086,117.1,0.148,AW,5,Olive,4842,5571,672,1515,2092,845,1447,2371,891,1385,2396,897,1322,2435,843,1343,2462
PS92JDABC_mono_0087,110,0.028,AH,3,Black,4843,4857,632,1362,2339,674,1350,2274,690,1361,2269,725,1355,2207,670,1356,2150
PS92JDABC_mono_0088,266.1,0.078,OW,14,Maroon,4844,6286,597,1337,2577,527,1327,2599,532,1298,2623,645,1254,2644,502,1227,2694
PS92JDABC_mono_0089,114.9,0.028,IY,13,Pink,4845,4857,384,1910,2378,354,1922,2367,333,1946,2406,334,2005,2415,337,2045,2442
PS92JDABC_mono_0090,152.7,0.11,AE,2,Blue,4846,7000,577,1958,3244,825,1784,3181,851,1723,2864,774,1714,3071,730,1720,2946
PS92JDABC_mono_0091,154.7,0.038,IH,11,Teal,4847,5929,397,1940,3057,419,1920,2978,488,1859,2487,535,1806,2322,523,1726,2179
PS92JDABC_mono_0092,117.5,0.118,OW,14,Maroon,4848,5571,507,1692,2164,499,1577,1890,504,1330,2137,449,1238,2216,404,1242,2181
PS92JDABC_mono_0093,145.3,0.078,IH,11,Teal,4849,6286,453,1901,2479,435,1973,2536,444,1940,2759,450,1885,2776,381,1871,2800
PS92JDABC_mono_0094,183.7,0.068,AH,3,Black,4850,6643,733,1137,3141,733,1236,3137,718,1298,3098,726,1329,3097,667,1453,2995
PS92JDABC_mono_0095,150.8,0.1,EY,10,Purple,4851,5929,515,1810,2725,506,1866,2671,479,1961,2670,451,1987,2668,451,2026,2552
PS92JDABC_mono_0096,133.7,0.11,EH,8,Black,4852,5571,438,2017,2519,616,1937,2478,717,1914,2526,865,1842,2667,935,1812,2684
PS92JDABC_mono_0097,116.5,0.09,ER,9,Lime,4853,4857,829,1710,2208,784,1699,2173,699,1709,2048,480,1716,2010,421,1726,1852
PS92JDABC_mono_0098,69.1,0.07,IY,13,Pink,4854,6286,320,2207,3237,354,2282,3458,371,2315,3377,371,2321,3214,331,2330,3362
PS92JDABC_mono_0099,0,0.04,AE,2,Blue,4855,7000,739,1845,3047,805,1871,2981,743,1872,3044,742,1859,3035,753,1858,2998
PS92JDABC_mono_0100,127.4,0.118,AY,7,Magenta,4856,6286,941,1609,2765,946,1576,2699,941,1642,2716,948,1704,3020,874,1678,3021
PS92JDABC_mono_0101,116.4,0.14,AE,2,Blue,4857,7000,736,1361,3246,843,1392,3237,892,1402,3144,864,1412,3146,879,1521,3089
PS92JDABC_mono_0102,115.1,0.038,IH,11,Teal,4858,4857,365,1825,2425,350,1847,2369,335,1842,2375,340,1969,2525,354,1916,2476
PS92JDABC_mono_0103,109.5,0.07,AH,3,Black,4859,6286,465,1857,3427,477,1765,3642,488,1742,3531,454,1738,3782,431,1728,3795
PS92JDABC_mono_0104,147,0.16,AE,2,Blue,4860,7000,632,1942,3027,832,1779,3056,905,1658,2920,980,1585,2904,959,1527,2895
PS92JDABC_mono_0105,97.4,0.14,UW,17,Cyan,4861,4500,420,1378,1934,407,1372,1998,386,1264,1869,395,1295,1931,351,1264,2043
PS92JDABC_mono_0106,130.2,0.058,AY,7,Magenta,4862,5214,814,1386,2820,786,1483,2789,706,1551,2300,673,1709,2198,576,1760,2300
PS92JDABC_mono_0107,161,0.06,UH,16,Silver,4863,6286,479,1762,3080,490,1768,3081,496,1789,2811,483,1795,2626,477,1802,2477
PS92JDABC_mono_0108,157.9,0.04,AH,3,Black,4864,4500,398,1184,1831,419,1170,1804,432,1147,1770,457,1146,1768,452,1232,1785
PS92JDABC_mono_0109,116.3,0.13,IY,13,Pink,4865,6286,354,2172,2859,313,2380,2779,294,2385,2937,313,2384,3044,319,2343,3014
PS92JDABC_mono_0110,122,0.06,IH,11,Teal,4866,4857,433,1949,2298,438,1959,2394,454,1930,2360,466,1923,2252,472,1888,2191
PS92JDABC_mono_0111,114.3,0.04,AH,3,Black,4867,5214,410,1372,1691,439,1320,1761,410,1212,1826,367,1087,1621,359,979,1666
PS92JDABC_mono_0112,111.5,0.05,IH,11,Teal,4868,4500,469,1289,1357,508,1350,1544,512,1330,1711,461,1264,1745,434,1174,1714
PS92JDABC_mono_0113,243.9,0.12,OW,14,Maroon,4869,5929,488,1718,2971,503,1632,2625,486,1499,2753,446,1394,2405,426,1376,2398
PS92JDABC_mono_0114,139.9,0.07,OW,14,Maroon,4870,5929,451,942,2436,487,922,2589,519,913,2857,485,868,3034,498,902,3087
PS92JDABC_mono_0115,148.2,0.07,AY,7,Magenta,4871,4500,548,1153,1355,605,1300,1447,533,1297,1572,455,1230,1661,380,1161,1679
PS92JDABC_mono_0116,119.1,0.18,OW,14,Maroon,4872,7000,615,1472,3408,874,1437,3176,1043,1360,3231,1053,1360,3320,993,1375,3207
PS92JDABC_mono_0117,109.6,0.04,AH,3,Black,4873,6643,518,1767,2882,512,1771,2860,538,1805,2971,512,1831,3014,505,1826,3090
PS92JDABC_mono_0118,117.4,0.08,OW,14,Maroon,4874,5929,503,1400,1752,475,1340,1983,456,1321,1923,424,1144,2059,396,1107,1950
PS92JDABC_mono_0119,107.7,0.028,ER,9,Lime,4875,4857,367,1152,1813,383,1137,1740,388,1155,1744,402,1180,1801,404,1240,1784
PS92JDABC_mono_0120,117.2,0.048,ER,9,Lime,4876,5571,473,1306,1696,475,1333,1691,460,1330,1714,429,1378,1692,396,1365,1615
PS92JDABC_mono_0121,111.3,0.05,AH,3,Black,4877,5214,782,1288,2962,847,1230,2984,855,1156,3059,737,1032,3081,688,1032,3302
PS92JDABC_mono_0122,175.6,0.2,EY,10,Purple,4878,5929,510,1766,2780,533,1837,2616,528,1910,2596,470,1936,2579,436,2014,2584
PS92JDABC_mono_0123,119.9,0.04,AH,3,Black,4879,4500,453,1229,1647,429,1282,1689,394,1378,1713,374,1549,1898,313,1671,1955
PS92JDABC_mono_0124,124.4,0.12,ER,9,Lime,4880,5214,385,1492,2089,405,1318,1932,427,1164,1809,428,1132,1784,610,1277,1866
PS92JDABC_mono_0125,158.6,0.16,AE,2,Blue,4881,7000,709,1345,2114,890,1347,2303,932,1317,2840,913,1394,2829,834,1455,3098
PS92JDABC_mono_0126,140,0.038,IH,11,Teal,4882,4857,443,1710,2122,421,1821,2193,398,1893,2305,370,1887,2389,363,1895,2393
PS92JDABC_mono_0127,122.4,0.078,IH,11,Teal,4883,5929,369,1599,2853,393,1657,2622,388,1709,2629,364,1626,2559,357,1558,2618
PS92JDABC_mono_0128,99.4,0.09,IH,11,Teal,4884,4500,441,1191,1577,452,1045,1621,487,1207,1607,496,1251,1582,496,1267,1599
PS92JDABC_mono_0129,121.9,0.138,OW,14,Maroon,4885,5214,564,1328,2503,516,1281,2518,457,1214,2648,383,1086,2576,360,1007,2574
PS92JDABC_mono_0130,111.4,0.05,AE,2,Blue,4886,4500,550,1050,1679,593,1080,1686,620,1076,1655,619,1129,1717,549,1098,1734
PS92JDABC_mono_0131,97.9,0.12,UW,17,Cyan,4887,5929,456,1884,2857,422,1898,2866,425,1880,2994,405,1748,2925,398,1615,2923
PS92JDABC_mono_0132,140.7,0.038,EH,8,Black,4888,5929,682,1458,2979,702,1432,2915,708,1319,2670,742,1269,2765,744,1234,2903
PS92JDABC_mono_0133,130.4,0.158,AA,1,Red,4889,6643,858,1131,3026,839,1139,3036,836,1061,3079,698,1039,3207,570,1067,3322
PS92JDABC_mono_0134,112.1,0.128,AW,5,Olive,4890,6643,738,1605,3022,908,1500,2647,929,1357,2756,912,1328,2916,881,1379,2870
PS92JDABC_mono_0135,0,0.03,AE,2,Blue,4891,6643,880,1596,3185,837,1359,3273,766,1362,3299,567,1254,3212,534,1249,3191
PS92JDABC_mono_0136,62.9,0.058,AY,7,Magenta,4892,6643,903,1327,3113,920,1320,3089,912,1323,3114,936,1338,3250,954,1392,3196
PS92JDABC_mono_0137,114.5,0.1,AE,2,Blue,4893,7000,906,1642,2932,962,1567,2966,956,1534,2984,924,1468,2799,867,1432,2759
PS92JDABC_mono_0138,142.3,0.038,ER,9,Lime,4894,4857,421,1442,1875,441,1444,1887,446,1437,1882,441,1457,1880,433,1474,1884
PS92JDABC_mono_0139,138.9,0.048,AH,3,Black,4895,4857,429,1467,1902,413,1485,1882,389,1466,1911,378,1413,1902,386,1440,1893
PS92JDABC_mono_0140,174.9,0.058,UW,17,Cyan,4896,5929,365,1814,2792,368,1769,2831,369,1515,2839,361,1425,2740,347,1652,2746
PS92JDABC_mono_0141,144.1,0.11,AY,7,Magenta,4897,5571,615,1313,2718,590,1443,2634,538,1690,2399,432,1903,2251,383,1963,2268
PS92JDABC_mono_0142,0,0.028,AH,3,Black,4898,4857,374,1554,2031,365,1501,1836,354,1509,1996,345,1506,1956,349,1444,1908
PS92JDABC_mono_0143,123.1,0.038,AH,3,Black,4899,4857,489,1269,1778,472,1270,1546,475,1261,1419,422,1246,1308,346,1236,1263
PS92JDABC_mono_0144,117.5,0.038,IH,11,Teal,4900,6286,458,1890,2548,409,1940,2537,402,1958,2631,389,1951,2613,386,1956,2500
PS92JDABC_mono_0145,122,0.19,EY,10,Purple,4901,5929,470,1967,2764,458,2265,2880,370,2377,2998,320,2368,3084,297,2395,2968
PS92JDABC_mono_0146,128.4,0.128,IY,13,Pink,4902,6643,353,1937,2605,272,2259,2612,261,2231,2646,345,2202,2850,459,1979,2883
PS92JDABC_mono_0147,149.3,0.1,EH,8,Black,4903,7000,584,1955,3132,653,1932,3134,645,1939,3192,545,1982,3042,441,2182,3053
PS92JDABC_mono_0148,70.2,0.1,EY,10,Purple,4904,6643,469,1935,3478,438,2093,3482,386,2124,3474,403,2283,3520,364,2311,3537
PS92JDABC_mono_0149,127,0.08,AY,7,Magenta,4905,7000,880,1379,2950,858,1397,2981,787,1464,3016,768,1495,3062,694,1480,2875
PS92JDABC_mono_0150,141.8,0.12,AA,1,Red,4906,7000,734,923,3162,877,963,3147,921,1108,3125,880,1207,3145,895,1408,3125
PS92JDABC_mono_0151,144.3,0.048,ER,9,Lime,4907,4857,457,1513,1995,430,1435,1987,418,1445,1931,421,1525,1904,366,1610,1913
PS92JDABC_mono_0152,0,0.06,IH,11,Teal,4908,6286,1698,2776,3768,1769,2763,3819,1669,2631,3755,1297,2707,3819,1109,2711,3852
PS92JDABC_mono_0153,119.1,0.058,AH,3,Black,4909,6643,535,1257,3023,505,1202,3062,518,1304,3093,450,1250,3327,438,1104,3209
PS92JDABC_mono_0154,0,0.03,AA,1,Red,4910,7000,867,1045,2656,836,1105,2478,850,1117,2028,875,1079,1947,839,1099,1887
PS92JDABC_mono_0155,0,0.07,AH,3,Black,4911,6286,732,1452,2917,808,1485,2825,705,1543,2690,604,1695,2704,502,1737,2754
PS92JDABC_mono_0156,177.7,0.07,IH,11,Teal,4912,5929,397,1979,2921,400,1980,2802,394,1971,2877,385,1847,2866,365,1757,2755
PS92JDABC_mono_0157,150.7,0.068,UW,17,Cyan,4913,5571,399,1820,2673,406,1747,2708,385,1623,2576,363,1478,2380,349,1369,2493
PS92JDABC_mono_0158,124.1,0.15,AY,7,Magenta,4914,7000,840,1224,2834,826,1269,2852,880,1329,2855,881,1528,2920,864,1623,2914
PS92JDABC_mono_0159,120.7,0.09,AA,1,Red,4915,7000,834,1617,2902,845,1546,2892,859,1493,3017,875,1434,3125,858,1353,3104
PS92JDABC_mono_0160,112.4,0.04,AH,3,Black,4916,4500,535,1329,1592,584,1359,1610,475,1292,1610,438,1280,1577,452,1343,1573
PS92JDABC_mono_0161,122,0.068,UW,17,Cyan,4917,5214,315,1652,2195,334,1631,2239,332,1635,2204,339,1642,2041,362,1656,2099
PS92JDABC_mono_0162,102.9,0.13,ER,9,Lime,4918,4857,429,1570,1920,464,1498,1876,472,1522,1876,476,1518,1944,438,1592,1984
PS92JDABC_mono_0163,114.8,0.07,EH,8,Black,4919,6286,509,1897,3060,602,1725,3029,737,1638,3164,756,1488,2985,767,1291,2972
PS92JDABC_mono_0164,108.9,0.12,IH,11,Teal,4920,5929,650,1374,3054,679,1637,3059,609,1731,2981,535,2017,2844,546,2380,2595
PS92JDABC_mono_0165,197.8,0.19,UW,17,Cyan,4921,5929,390,1711,2717,451,1737,2541,492,1418,2542,580,1571,2392,416,1399,2322
PS92JDABC_mono_0166,169.6,0.308,UW,17,Cyan,4922,5571,441,1677,2324,522,1456,2424,608,1393,2224,766,1414,2320,841,1462,2485
PS92JDABC_mono_0167,122.4,0.038,AY,7,Magenta,4923,5929,675,1512,2976,639,1603,2876,599,1678,2801,586,1770,2788,462,1805,2771
PS92JDABC_mono_0168,120.1,0.03,IH,11,Teal,4924,4500,350,1659,1916,353,1681,1886,364,1578,1792,380,1486,1757,406,1423,1715
PS92JDABC_mono_0169,117.2,0.06,AH,3,Black,4925,5571,368,1471,2846,421,1521,2783,439,1554,2849,432,1549,2843,388,1575,2850
PS92JDABC_mono_0170,128.1,0.118,AW,5,Olive,4926,6286,764,1659,2958,933,1592,2892,952,1390,2908,965,1340,3014,961,1332,3048
PS92JDABC_mono_0171,111.6,0.03,AH,3,Black,4927,4500,443,1544,1647,433,1566,1587,417,1479,1586,396,1571,1675,392,1595,1723
PS92JDABC_mono_0172,305.7,0.05,EH,8,Black,4928,5214,629,1524,1556,641,1520,1589,660,1529,1616,691,1550,1716,734,1587,1774
PS92JDABC_mono_0173,133,0.068,AH,3,Black,4929,6643,821,1424,2982,835,1357,2970,866,1313,2990,870,1282,2989,853,1304,3054
PS92JDABC_mono_0174,114.6,0.03,AH,3,Black,4930,6286,537,1562,2062,499,1611,2085,460,1636,2076,421,1652,2179,433,1624,2355
PS92JDABC_mono_0175,234.5,0.068,IY,13,Pink,4931,5571,282,2391,2799,273,2399,3003,271,2413,3028,273,2422,3071,283,2371,3024
PS92JDABC_mono_0176,128.4,0.06,AY,7,Magenta,4932,7000,825,1530,3076,805,1640,3054,823,1741,2780,792,1859,3014,641,1911,2989
PS92JDABC_mono_0177,165.5,0.1,AE,2,Blue,4933,6643,657,1788,3048,836,1792,2956,1015,1626,3077,1103,1649,2905,988,1575,2974
PS92JDABC_mono_0178,137.8,0.07,AH,3,Black,4934,7000,966,1336,3215,892,1230,3222,890,1268,3268,765,1364,3169,752,1587,2968
PS92JDABC_mono_0179,120.8,0.1,ER,9,Lime,4935,5929,445,1571,1941,473,1408,1904,472,1353,1873,455,1378,1897,428,1424,1936
PS92JDABC_mono_0180,117,0.07,AH,3,Black,4936,4857,419,1485,1916,400,1635,1889,366,1623,1851,348,1593,1844,341,1641,1879
PS92JDABC_mono_0181,115.5,0.18,IY,13,Pink,4937,7000,357,2055,3386,321,2291,3317,344,2377,3270,355,2370,3230,377,2133,2937
PS92JDABC_mono_0182,124,0.038,IH,11,Teal,4938,5929,492,1435,3074,516,1499,3069,519,1505,3087,469,1487,3066,425,1517,3003
PS92JDABC_mono_0183,135.1,0.03,AH,3,Black,4939,6643,1610,3059,4177,1703,3081,4235,1673,3164,4151,1663,3097,4061,1656,3316,4024
PS92JDABC_mono_0184,143.7,0.048,AH,3,Black,4940,4857,489,1507,1961,473,1497,1917,433,1412,1929,380,1358,1923,356,1451,2005
PS92JDABC_mono_0185,117.3,0.18,IY,13,Pink,4941,7000,323,1944,3136,352,2209,3083,329,2341,3117,330,2288,3190,329,2178,3326
PS92JDABC_mono_0186,0,0.038,AE,2,Blue,4942,6286,1052,1789,2952,874,1789,2922,834,1790,2942,828,1753,2944,819,1731,2990
PS92JDABC_mono_0187,118.8,0.13,AA,1,Red,4943,6286,654,934,2985,811,996,2931,892,1119,2907,896,1249,2924,886,1473,2966
PS92JDABC_mono_0188,113.8,0.078,AH,3,Black,4944,6286,866,1495,3013,780,1549,3017,695,1632,3000,554,1734,2939,415,1821,2890
PS92JDABC_mono_0189,114.1,0.05,EH,8,Black,4945,6643,498,1768,2890,553,1666,2919,613,1578,2908,654,1494,3018,680,1327,3013
PS92JDABC_mono_0190,122.4,0.05,OW,14,Maroon,4946,7000,545,1168,3075,513,1209,3093,473,1229,3134,423,1217,3176,381,1212,3208
PS92JDABC_mono_0191,113.6,0.1,UW,17,Cyan,4947,7000,360,1607,3252,370,1672,3215,360,1640,3042,373,1612,3015,367,1605,2925
PS92JDABC_mono_0192,252.6,0.058,EH,8,Black,4948,5929,489,1939,2970,530,1858,3000,609,1872,2964,781,1882,2981,681,1833,2965
PS92JDABC_mono_0193,117.7,0.048,AE,2,Blue,4949,6286,566,2422,2951,534,2590,2925,509,2638,3002,493,2603,2925,539,2527,2906
PS92JDABC_mono_0194,114.5,0.05,AH,3,Black,4950,6643,746,1249,3273,588,963,3204,525,875,2964,489,821,3137,466,820,3052
PS92JDABC_mono_0195,111.5,0.178,IH,11,Teal,4951,5929,473,2085,2829,500,2092,2841,474,1964,2825,520,1892,2817,441,1804,2799
PS92JDABC_mono_0196,0,0.048,AH,3,Black,4952,6286,856,1417,2882,839,1411,2846,861,1446,2795,818,1440,2745,843,1409,2792
PS92JDABC_mono_0197,106.7,0.08,AW,5,Olive,4953,7000,901,1459,2931,903,1398,2747,904,1372,2843,871,1283,2963,800,1286,3016
PS92JDABC_mono_0198,62.2,0.03,AY,7,Magenta,4954,6643,925,1440,3130,881,1357,3086,927,1380,3079,906,1206,3067,863,1157,3029
PS92JDABC_mono_0199,160.7,0.048,IH,11,Teal,4955,5571,404,1369,2108,429,1508,2130,439,1601,2131,478,1639,2119,476,1651,2120
PS92JDABC_mono_0200,134.4,0.04,AO,4,Green,4956,7000,538,1391,3016,586,1366,2988,657,1424,2917,731,1461,2926,834,1287,2913
PS92JDABC_mono_0201,0,0.03,IH,11,Teal,4957,5929,869,1750,3098,765,1805,2993,809,1808,3040,941,1790,3069,976,1789,3083
PS92JDABC_mono_0202,0,0.028,AH,3,Black,4958,5571,633,1203,2909,643,1174,2880,631,1149,2871,695,1155,2884,747,1165,2908
PS92JDABC_mono_0203,103.8,0.138,AA,1,Red,4959,6643,769,1117,3022,877,1141,3072,899,1105,3107,968,1217,3163,985,1318,3084
PS92JDABC_mono_0204,136.1,0.048,AH,3,Black,4960,4857,573,1492,1520,557,1461,1518,539,1454,1510,498,1384,1547,474,1335,1498
PS92JDABC_mono_0205,105.9,0.13,IY,13,Pink,4961,5571,393,1907,2350,363,1941,2466,412,2066,2645,361,2361,2646,344,2322,2751
PS92JDABC_mono_0206,111.4,0.068,AA,1,Red,4962,6643,895,1348,3062,909,1299,2998,904,1261,2918,887,1264,2913,862,1335,3018
PS92JDABC_mono_0207,100.2,0.038,AH,3,Black,4963,6286,632,1432,2849,623,1230,2877,587,1173,2941,585,943,2950,615,990,2988
PS92JDABC_mono_0208,0,0.09,ER,9,Lime,4964,4500,529,1102,1489,509,1174,1520,556,1214,1480,796,1370,1699,601,1266,1672
SCAMMEPLZ_mono_0001,122,0.028,OW,14,Maroon,4965,5571,369,1394,2683,361,1380,2692,359,1372,2635,360,1369,2590,347,1372,2590
SCAMMEPLZ_mono_0002,147.6,0.048,IH,11,Teal,4966,5571,406,1425,2672,401,1437,2675,407,1416,2703,403,1439,2724,378,1430,2738
SCAMMEPLZ_mono_0003,133.2,0.068,AO,4,Green,4967,5571,538,1016,2593,582,966,2494,592,963,2477,596,928,2436,576,903,2428
SCAMMEPLZ_mono_0004,125.6,0.098,IH,11,Teal,4968,5571,531,1479,2595,519,1596,2549,510,1724,2517,494,1813,2278,469,1957,2143
SCAMMEPLZ_mono_0005,126,0.068,AY,7,Magenta,4969,5214,839,1422,2621,750,1440,2600,699,1454,2433,664,1483,2417,581,1372,2394
SCAMMEPLZ_mono_0006,113.9,0.048,OW,14,Maroon,4970,4857,452,902,2562,454,925,2568,455,944,2528,443,950,2494,416,983,2469
SCAMMEPLZ_mono_0007,107.6,0.06,AH,3,Black,4971,5571,524,1329,2600,511,1269,2622,521,1171,2637,517,1119,2641,481,1054,2592
SCAMMEPLZ_mono_0008,95.1,0.138,EY,10,Purple,4972,6643,482,1713,2794,454,1840,2779,398,2030,2695,360,2012,2965,310,1947,2938
SCAMMEPLZ_mono_0009,105.9,0.05,AE,2,Blue,4973,6643,769,1732,2916,732,1731,2917,673,1685,2897,672,1689,2856,630,1701,2846
SCAMMEPLZ_mono_0010,105.6,0.048,IY,13,Pink,4974,6286,361,1969,2398,360,2267,2445,360,2090,2704,360,2066,2901,355,2081,2959
SCAMMEPLZ_mono_0011,105.3,0.04,AH,3,Black,4975,5214,415,2054,2793,408,2030,2756,386,1984,2727,363,1749,2608,349,1772,2496
SCAMMEPLZ_mono_0012,100.7,0.09,AH,3,Black,4976,5214,547,1402,2815,569,1302,2700,574,1208,2736,509,1137,2682,482,1094,2673
SCAMMEPLZ_mono_0013,96.6,0.088,AY,7,Magenta,4977,6643,597,1144,3407,602,1317,3558,569,1497,3141,507,1633,2855,489,1716,2682
SCAMMEPLZ_mono_0014,94.4,0.138,OW,14,Maroon,4978,5929,523,1312,2332,521,1197,2171,502,1040,2212,545,936,2314,521,892,2361
SCAMMEPLZ_mono_0015,89.1,0.028,AA,1,Red,4979,5571,500,890,2290,476,907,2386,466,945,2401,482,971,2410,492,1000,2471
SCAMMEPLZ_mono_0016,74.9,0.038,EH,8,Black,4980,6286,594,1452,2127,618,1441,2190,636,1448,2217,623,1458,2197,625,1512,2179
SCAMMEPLZ_mono_0017,261.3,0.12,ER,9,Lime,4981,5929,501,1334,2757,520,1348,2719,540,1339,2680,561,1390,2672,579,1482,2716
SCAMMEPLZ_mono_0018,112.4,0.07,EY,10,Purple,4982,4857,466,1635,1950,451,1707,2010,439,1766,1970,422,1815,1954,401,1665,1904
SCAMMEPLZ_mono_0019,94.5,0.058,AA,1,Red,4983,5929,572,1270,2630,603,1224,2596,626,1151,2510,632,1119,2599,634,1106,2576
SCAMMEPLZ_mono_0020,88.2,0.098,AY,7,Magenta,4984,4857,599,1397,1828,589,1499,1871,542,1639,1985,490,1739,2127,460,1857,2032
SCAMMEPLZ_mono_0021,108.6,0.05,AY,7,Magenta,4985,5214,617,1445,1852,554,1516,1825,518,1562,1836,470,1589,1869,455,1573,1886
SCAMMEPLZ_mono_0022,113.8,0.05,AH,3,Black,4986,6643,545,1167,1900,552,1120,2029,540,1057,2357,520,1020,2527,503,959,2631
SCAMMEPLZ_mono_0023,121.3,0.048,AH,3,Black,4987,6286,507,1169,2949,516,1145,2976,507,1131,2968,490,1107,2989,482,1079,2940
SCAMMEPLZ_mono_0024,115.7,0.04,IH,11,Teal,4988,5214,451,1694,2576,462,1710,2534,471,1794,2547,457,1886,2498,424,1949,2384
SCAMMEPLZ_mono_0025,117.2,0.1,AE,2,Blue,4989,5929,749,1214,2873,667,1083,2811,607,1028,2845,605,987,2809,585,966,2917
SCAMMEPLZ_mono_0026,120,0.048,AA,1,Red,4990,5571,553,943,2917,551,972,2937,572,997,2853,583,1070,2810,596,1099,2797
SCAMMEPLZ_mono_0027,109.5,0.13,AH,3,Black,4991,4857,399,1439,2661,447,1443,2579,450,1442,2627,444,1423,2713,404,1435,2725
SCAMMEPLZ_mono_0028,102.4,0.11,AE,2,Blue,4992,6286,622,1492,1945,708,1501,1860,719,1447,1643,713,1325,2161,606,1267,2259
SCAMMEPLZ_mono_0029,105.2,0.028,AH,3,Black,4993,5214,468,1155,2549,468,1149,2499,481,1170,2481,490,1174,2451,495,1182,2431
SCAMMEPLZ_mono_0030,105.2,0.058,ER,9,Lime,4994,5214,451,1245,2258,451,1265,2300,450,1307,2395,449,1344,2524,454,1374,2567
SCAMMEPLZ_mono_0031,105.8,0.12,ER,9,Lime,4995,5929,533,1279,2740,566,1199,2636,580,1194,2647,573,1270,2589,531,1322,2563
SCAMMEPLZ_mono_0032,109.8,0.048,IY,13,Pink,4996,4857,372,2078,2722,387,2114,2658,416,2089,2779,442,1968,2706,442,1941,2700
SCAMMEPLZ_mono_0033,100.6,0.12,IH,11,Teal,4997,5214,475,1712,2634,495,1654,2632,493,1626,2648,491,1559,2710,466,1583,2707
SCAMMEPLZ_mono_0034,281.8,0.048,AE,2,Blue,4998,5571,604,1648,2498,588,1654,2536,611,1673,2571,604,1690,2570,610,1697,2571
SCAMMEPLZ_mono_0035,90.3,0.048,IH,11,Teal,4999,6286,511,1696,2770,529,1697,2758,549,1696,2776,544,1679,2778,529,1645,2790
SCAMMEPLZ_mono_0036,285.2,0.1,AW,5,Olive,5000,5929,564,1596,2764,616,1557,2694,690,1466,2592,722,1394,2558,702,1298,2501
SCAMMEPLZ_mono_0037,152.5,0.118,AY,7,Magenta,5001,6286,568,1483,2518,648,1450,2484,668,1480,2462,661,1538,2408,613,1511,2451
SCAMMEPLZ_mono_0038,149.9,0.048,UH,16,Silver,5002,5571,472,1379,2471,459,1377,2468,443,1372,2464,438,1348,2491,452,1361,2375
SCAMMEPLZ_mono_0039,133,0.168,IH,11,Teal,5003,4857,422,1544,1961,425,1654,1850,446,1583,1845,477,1607,1845,474,1633,1819
SCAMMEPLZ_mono_0040,116,0.058,AY,7,Magenta,5004,6643,574,1531,2815,524,1743,2718,475,1937,2641,474,2013,2721,454,2035,2788
SCAMMEPLZ_mono_0041,107.7,0.098,AE,2,Blue,5005,5571,542,1609,2644,577,1558,2701,598,1562,2491,586,1603,2626,530,1630,2810
SCAMMEPLZ_mono_0042,117.7,0.128,EY,10,Purple,5006,5929,477,1893,2898,422,2058,2485,385,2149,2658,333,2175,2995,353,2036,3073
SCAMMEPLZ_mono_0043,116.2,0.12,AH,3,Black,5007,4500,445,1302,1731,454,1310,1637,424,1389,1536,376,1352,1506,421,1350,1379
SCAMMEPLZ_mono_0044,118.3,0.13,UW,17,Cyan,5008,5571,332,1392,1988,342,1320,1959,342,1280,1941,329,1187,1969,330,1120,1967
SCAMMEPLZ_mono_0045,107.3,0.18,EY,10,Purple,5009,6286,512,1611,1881,471,1739,1945,431,2014,2169,420,2093,2613,402,1933,2891
SCAMMEPLZ_mono_0046,103.5,0.05,AE,2,Blue,5010,6643,512,1716,2690,524,1656,2700,524,1642,2786,520,1645,2797,500,1646,2826
SCAMMEPLZ_mono_0047,103.5,0.068,EY,10,Purple,5011,5214,467,1882,2519,468,1967,2526,440,1995,2441,372,2139,2243,341,2011,2303
SCAMMEPLZ_mono_0048,109.7,0.058,EH,8,Black,5012,5929,582,1224,2056,581,1314,2018,563,1341,2279,554,1480,2393,573,1537,2503
SCAMMEPLZ_mono_0049,102.7,0.028,IH,11,Teal,5013,5571,455,1630,2934,455,1654,2779,442,1705,2730,454,1734,2720,498,1746,2684
SCAMMEPLZ_mono_0050,102.5,0.04,AH,3,Black,5014,5214,343,1537,2735,338,1569,2745,337,1554,2730,322,1551,2694,365,1518,2657
SCAMMEPLZ_mono_0051,100.8,0.11,AW,5,Olive,5015,5571,566,1247,2812,627,1218,2798,628,1182,2837,622,1163,2862,586,1179,2855
SCAMMEPLZ_mono_0052,104.1,0.058,AH,3,Black,5016,5214,593,1475,2668,427,1404,2649,428,1341,2305,422,1287,1608,424,1205,1498
SCAMMEPLZ_mono_0053,101.1,0.098,EY,10,Purple,5017,4857,508,1626,1941,505,1702,1879,502,1712,1931,481,1812,1993,487,1944,1993
SCAMMEPLZ_mono_0054,90,0.05,ER,9,Lime,5018,5214,568,1428,1955,559,1326,1947,556,1272,1826,549,1252,1808,539,1240,1738
SCAMMEPLZ_mono_0055,88.3,0.14,AA,1,Red,5019,7000,667,1181,2632,688,1177,3055,661,1061,3033,633,993,3082,673,1034,2986
SCAMMEPLZ_mono_0056,121.6,0.07,AY,7,Magenta,5020,5929,709,1318,2557,699,1385,2547,619,1476,2471,583,1551,2415,579,1622,2684
SCAMMEPLZ_mono_0057,131.4,0.078,AA,1,Red,5021,6643,563,1189,2743,590,1153,2794,599,1110,2779,566,1062,2776,554,1029,2707
SCAMMEPLZ_mono_0058,144.2,0.038,AH,3,Black,5022,5929,439,1472,2532,434,1532,2485,430,1592,2405,429,1632,2345,442,1647,2277
SCAMMEPLZ_mono_0059,136.5,0.038,AO,4,Green,5023,4857,534,957,2401,477,861,2391,491,859,2356,515,855,2340,525,864,2347
SCAMMEPLZ_mono_0060,121.7,0.05,ER,9,Lime,5024,5214,422,1183,1822,461,1253,1863,482,1286,2502,480,1328,2668,487,1349,2711
SCAMMEPLZ_mono_0061,122.3,0.09,AO,4,Green,5025,5214,486,1146,2634,496,1054,2659,486,958,2729,486,966,2782,484,945,2813
SCAMMEPLZ_mono_0062,106.2,0.07,AE,2,Blue,5026,5929,637,1443,1766,662,1454,1593,657,1478,1649,634,1495,1550,568,1420,1586
SCAMMEPLZ_mono_0063,103.4,0.05,AH,3,Black,5027,4500,483,1022,1239,460,1102,1285,462,1168,1406,458,1215,1455,434,1129,1578
SCAMMEPLZ_mono_0064,115.7,0.098,OW,14,Maroon,5028,5571,475,1229,2508,459,1200,2510,448,1248,2500,446,1283,2476,426,1395,2476
SCAMMEPLZ_mono_0065,126.6,0.04,IH,11,Teal,5029,5214,364,1598,2599,354,1659,2650,373,1682,2665,380,1671,2670,327,1637,2719
SCAMMEPLZ_mono_0066,107.2,0.13,EY,10,Purple,5030,7000,467,1829,2859,464,1865,2832,412,1958,2825,356,1933,2648,319,2131,2546
SCAMMEPLZ_mono_0067,107.2,0.048,AH,3,Black,5031,4857,394,1344,2465,434,1286,2557,441,1213,2611,437,1158,2769,433,1105,2803
SCAMMEPLZ_mono_0068,97.9,0.048,AH,3,Black,5032,4857,530,1214,2706,531,1259,2766,511,1309,2583,506,1321,2477,496,1302,2465
SCAMMEPLZ_mono_0069,201.8,0.058,AO,4,Green,5033,5214,505,1242,2409,540,1160,2259,547,1096,2058,555,1040,1971,582,1071,1830
SCAMMEPLZ_mono_0070,95.3,0.04,AH,3,Black,5034,5214,512,1305,1666,487,1249,1682,472,1232,1695,461,1002,1569,436,945,1677
SCAMMEPLZ_mono_0071,92.7,0.098,UW,17,Cyan,5035,4500,324,1796,2091,356,1703,2136,367,1536,2168,368,1582,2180,376,1726,2274
SCAMMEPLZ_mono_0072,108.6,0.028,AH,3,Black,5036,5214,441,1436,2528,446,1476,2534,443,1488,2551,444,1495,2594,429,1493,2596
SCAMMEPLZ_mono_0073,110.7,0.068,EY,10,Purple,5037,5214,477,1673,2653,480,1761,2548,476,1763,2439,484,1650,2279,447,1461,2151
SCAMMEPLZ_mono_0074,105.3,0.038,ER,9,Lime,5038,5929,495,1173,2115,524,1207,2067,538,1246,2091,565,1305,2074,595,1349,2140
SCAMMEPLZ_mono_0075,90,0.14,AW,5,Olive,5039,7000,691,1487,2491,742,1475,2502,757,1330,2727,734,1179,2937,677,1125,3246
SCAMMEPLZ_mono_0076,99.4,0.038,AH,3,Black,5040,4857,474,1396,2716,422,1378,2724,429,1380,2686,458,1405,2666,442,1386,2667
SCAMMEPLZ_mono_0077,93,0.15,OW,14,Maroon,5041,5214,494,1101,2336,485,1034,2327,484,973,2439,445,1005,2441,396,1081,2351
SCAMMEPLZ_mono_0078,118.6,0.028,AH,3,Black,5042,5214,433,1746,2506,415,1780,2471,382,1814,2242,355,1874,2221,306,1913,2244
SCAMMEPLZ_mono_0079,127.8,0.12,AE,2,Blue,5043,5929,668,1788,2488,761,1709,2292,727,1657,2353,736,1640,2360,697,1638,2466
SCAMMEPLZ_mono_0080,130.9,0.048,IH,11,Teal,5044,5571,436,1789,2606,435,1807,2611,454,1835,2675,468,1836,2488,475,1814,2680
SCAMMEPLZ_mono_0081,107.9,0.13,OW,14,Maroon,5045,7000,459,1536,3122,466,1374,3405,504,1223,3488,492,1126,3080,443,1070,2833
SCAMMEPLZ_mono_0082,123.5,0.06,IH,11,Teal,5046,5571,551,1937,2488,483,1925,2508,487,1932,2548,469,1898,2569,445,1845,2641
SCAMMEPLZ_mono_0083,135,0.058,AH,3,Black,5047,6643,560,1053,2658,576,1118,2629,592,1204,2695,595,1238,2696,572,1287,2652
SCAMMEPLZ_mono_0084,111.6,0.06,EY,10,Purple,5048,5929,497,1771,2710,508,1835,2643,518,1876,2660,527,1918,2617,523,1944,2595
SCAMMEPLZ_mono_0085,85.8,0.108,EH,8,Black,5049,5929,495,1954,2595,502,1895,2657,545,1910,2664,532,1875,2714,532,1745,2675
SCAMMEPLZ_mono_0086,96.4,0.038,ER,9,Lime,5050,4857,494,1700,2661,494,1702,2672,487,1686,2703,460,1670,2732,452,1658,2740
SCAMMEPLZ_mono_0087,91.3,0.158,IY,13,Pink,5051,6286,343,2238,2697,348,2309,2593,384,2315,2599,416,2245,2585,512,2043,2621
SCAMMEPLZ_mono_0088,134.5,0.048,AY,7,Magenta,5052,6286,662,1485,2425,656,1549,2440,622,1604,2301,618,1648,2299,586,1677,2248
SCAMMEPLZ_mono_0089,138.1,0.078,AE,2,Blue,5053,5571,772,1164,2655,688,1143,2677,678,1118,2690,655,1078,2681,627,1040,2628
SCAMMEPLZ_mono_0090,111.5,0.068,AE,2,Blue,5054,5571,625,1125,3085,632,1095,2838,613,1087,2748,601,1018,2727,571,968,2678
SCAMMEPLZ_mono_0091,117.7,0.028,IH,11,Teal,5055,5214,355,1930,2463,353,1976,2452,343,2070,2435,308,2149,2453,305,2197,2394
SCAMMEPLZ_mono_0092,136.8,0.08,AH,3,Black,5056,5214,469,1506,2517,499,1471,2639,504,1471,2619,482,1486,2696,457,1490,2687
SCAMMEPLZ_mono_0093,283.4,0.048,AE,2,Blue,5057,5571,535,1742,2581,578,1645,2510,605,1597,2491,669,1532,2542,662,1512,2570
SCAMMEPLZ_mono_0094,90.7,0.138,UW,17,Cyan,5058,5929,456,1274,1744,461,1116,1817,466,982,2112,489,912,2306,529,905,2423
SCAMMEPLZ_mono_0095,123,0.048,AY,7,Magenta,5059,6286,759,1451,2543,738,1514,2531,724,1540,2599,704,1629,2633,652,1666,2717
SCAMMEPLZ_mono_0096,152.8,0.06,UH,16,Silver,5060,6286,443,1698,2723,440,1684,2565,406,1681,2443,361,1672,2360,369,1628,2344
SCAMMEPLZ_mono_0097,138.2,0.048,AH,3,Black,5061,5571,384,1549,2217,399,1601,2274,427,1638,2366,431,1651,2561,398,1710,2674
SCAMMEPLZ_mono_0098,150.1,0.098,IY,13,Pink,5062,5571,330,2241,2723,308,2293,2758,305,2302,2723,298,2311,2732,300,2233,2579
SCAMMEPLZ_mono_0099,131.2,0.048,IH,11,Teal,5063,5571,424,1969,2620,427,1910,2594,420,1806,2604,420,1732,2621,419,1727,2620
SCAMMEPLZ_mono_0100,129.2,0.06,AH,3,Black,5064,5571,397,1481,2438,415,1385,2452,410,1250,2406,411,1097,2370,391,988,2406
SCAMMEPLZ_mono_0101,120.8,0.058,IH,11,Teal,5065,5929,485,1395,2230,485,1545,2239,483,1650,2287,472,1722,2399,482,1687,2405
SCAMMEPLZ_mono_0102,116.9,0.13,OW,14,Maroon,5066,5571,483,1472,2451,484,1295,2374,467,1153,2427,451,1043,2460,405,1088,2461
SCAMMEPLZ_mono_0103,110.2,0.058,OW,14,Maroon,5067,5929,466,929,2286,464,879,2481,460,876,2625,457,876,2728,455,884,2965
SCAMMEPLZ_mono_0104,104.6,0.078,AY,7,Magenta,5068,5571,665,1210,2325,666,1322,2283,655,1458,2399,627,1525,2483,705,1561,2467
SCAMMEPLZ_mono_0105,102.5,0.168,OW,14,Maroon,5069,4857,522,1148,2392,542,1102,2430,531,1038,2390,511,1005,2362,487,1064,2356
SCAMMEPLZ_mono_0106,109.4,0.13,AE,2,Blue,5070,5571,717,1732,2614,666,1726,2648,686,1677,2645,646,1699,2683,579,1623,2664
SCAMMEPLZ_mono_0107,123,0.08,OW,14,Maroon,5071,5929,517,1307,2398,477,1199,2448,482,1095,2497,465,1084,2535,416,1002,2572
SCAMMEPLZ_mono_0108,115.3,0.028,ER,9,Lime,5072,5214,450,954,2575,481,968,2592,496,972,2594,502,983,2606,519,1006,2598
SCAMMEPLZ_mono_0109,124.2,0.058,ER,9,Lime,5073,5929,640,1140,2639,585,1159,2666,575,1208,2659,568,1253,2642,513,1318,2673
SCAMMEPLZ_mono_0110,109.7,0.04,AH,3,Black,5074,4500,516,979,1249,520,1050,1143,514,1020,1172,514,995,1220,501,1056,1233
SCAMMEPLZ_mono_0111,111.1,0.266,EY,10,Purple,5075,5929,517,1723,2608,496,1810,2550,460,1810,2526,439,1821,2448,445,1838,2504
SCAMMEPLZ_mono_0112,115.7,0.04,AH,3,Black,5076,5214,391,1640,2735,369,1669,2765,372,1666,2875,363,1674,2821,351,1673,2777
SCAMMEPLZ_mono_0113,136.1,0.11,ER,9,Lime,5077,4500,387,1403,1724,378,1143,1569,371,980,1552,464,977,1604,541,1031,1873
SCAMMEPLZ_mono_0114,157.5,0.058,AE,2,Blue,5078,6643,698,1055,2240,669,1114,2354,676,1115,2475,686,1125,2541,678,1145,2589
SCAMMEPLZ_mono_0115,140.8,0.038,IH,11,Teal,5079,5929,507,1500,2612,462,1666,2580,426,1768,2567,430,1806,2519,491,1871,2432
SCAMMEPLZ_mono_0116,114.9,0.068,IH,11,Teal,5080,6643,401,1697,2681,462,1687,2671,455,1639,2666,444,1601,2669,453,1518,2698
SCAMMEPLZ_mono_0117,110.4,0.048,IH,11,Teal,5081,5571,457,1590,2489,448,1621,2492,440,1634,2607,429,1632,2652,443,1653,2729
SCAMMEPLZ_mono_0118,154.8,0.12,OW,14,Maroon,5082,5929,471,1488,2408,492,1324,2363,512,1153,2381,457,1081,2384,440,963,2337
SCAMMEPLZ_mono_0119,117,0.038,AH,3,Black,5083,5929,427,1369,2385,431,1376,2433,431,1373,2335,426,1343,2280,417,1309,2307
SCAMMEPLZ_mono_0120,105.8,0.048,AE,2,Blue,5084,5571,474,1534,2690,476,1534,2693,477,1533,2679,491,1521,2685,477,1530,2673
SCAMMEPLZ_mono_0121,100,0.168,UW,17,Cyan,5085,5214,400,1674,2272,391,1554,2201,404,1252,2215,388,1185,2229,437,1341,2222
SCAMMEPLZ_mono_0122,140.6,0.038,EH,8,Black,5086,6286,535,1369,2508,524,1350,2497,549,1262,2531,576,1240,2549,586,1209,2626
SCAMMEPLZ_mono_0123,131.1,0.118,AA,1,Red,5087,6286,763,911,2939,593,898,2881,565,919,2820,562,993,2742,568,1099,2673
SCAMMEPLZ_mono_0124,131.1,0.05,IY,13,Pink,5088,5214,379,1791,2710,375,1723,2726,361,1638,2629,341,1566,2475,305,1531,2597
SCAMMEPLZ_mono_0125,103.1,0.118,AW,5,Olive,5089,6286,644,1480,2025,712,1351,1795,703,1243,2058,710,1141,2257,656,1123,2296
SCAMMEPLZ_mono_0126,77.7,0.088,AY,7,Magenta,5090,6286,721,1267,2796,744,1281,2740,742,1298,2678,768,1331,2682,741,1375,2607
SCAMMEPLZ_mono_0127,127.8,0.06,AE,2,Blue,5091,7000,668,1083,2778,650,1049,2812,634,1033,2813,635,1030,2835,598,1039,2782
SCAMMEPLZ_mono_0128,148.2,0.06,AH,3,Black,5092,4500,452,1414,1808,430,1439,1842,425,1451,1604,448,1412,1793,444,1423,1838
SCAMMEPLZ_mono_0129,152.1,0.038,UW,17,Cyan,5093,4857,340,1721,2093,340,1594,2104,340,1476,2110,351,1370,2120,338,1288,2129
SCAMMEPLZ_mono_0130,135.8,0.148,AY,7,Magenta,5094,6286,618,1154,2499,678,1291,2445,711,1438,2344,617,1590,2317,519,1763,2318
SCAMMEPLZ_mono_0131,135.2,0.038,AH,3,Black,5095,6286,599,1256,3042,601,1191,2756,589,1164,2698,555,1147,2524,523,1128,2418
SCAMMEPLZ_mono_0132,124.6,0.058,IH,11,Teal,5096,5929,479,1724,2678,495,1814,2650,464,1834,2612,441,1929,2549,450,2099,2514
SCAMMEPLZ_mono_0133,111.5,0.13,EY,10,Purple,5097,6286,476,1754,2411,460,1837,2489,442,1991,2682,428,2072,2904,386,2206,2689
SCAMMEPLZ_mono_0134,137.8,0.138,IY,13,Pink,5098,6643,348,2350,2779,336,2188,2874,340,2192,2770,382,2160,2786,485,2045,2700
SCAMMEPLZ_mono_0135,110.7,0.138,EH,8,Black,5099,6643,620,1925,2673,616,1905,2707,582,1898,2756,565,1802,2585,485,1957,2454
SCAMMEPLZ_mono_0136,94.8,0.128,EY,10,Purple,5100,5214,444,1880,2673,461,1942,2505,437,1839,2344,435,1936,2348,383,1658,2281
SCAMMEPLZ_mono_0137,107.8,0.078,AY,7,Magenta,5101,5571,767,1396,2449,740,1417,2413,670,1448,2138,564,1498,1928,509,1358,2086
SCAMMEPLZ_mono_0138,104.7,0.05,AA,1,Red,5102,6643,560,785,2490,550,881,2490,537,942,2586,545,990,2817,533,1112,2759
SCAMMEPLZ_mono_0139,62.4,0.04,AH,3,Black,5103,5571,478,1550,2807,413,1563,2733,264,1435,2861,326,1288,2880,331,1373,2687
SCAMMEPLZ_mono_0140,0,0.04,AH,3,Black,5104,5571,467,1360,2629,437,1351,2640,412,1332,2596,409,1318,2548,399,1342,2647
SCAMMEPLZ_mono_0141,87.9,0.158,AA,1,Red,5105,5929,674,994,2619,682,1024,2686,700,1074,2721,706,1090,2717,702,1149,2672
SCAMMEPLZ_mono_0142,115.3,0.058,AH,3,Black,5106,5214,667,1509,2427,633,1523,2430,578,1568,2350,518,1636,2315,545,1662,2281
SCAMMEPLZ_mono_0143,137.8,0.08,IH,11,Teal,5107,5929,431,2044,2544,429,2024,2595,428,1967,2647,416,1923,2703,396,1868,2759
SCAMMEPLZ_mono_0144,146,0.09,UW,17,Cyan,5108,4857,322,1685,2427,306,1688,2237,308,1555,2170,309,1308,2166,323,1085,2168
SCAMMEPLZ_mono_0145,106.3,0.148,AY,7,Magenta,5109,5571,691,1138,2610,758,1181,2608,818,1299,2602,789,1438,2481,751,1457,2483
SCAMMEPLZ_mono_0146,104.6,0.08,AA,1,Red,5110,4857,683,1172,1375,645,1211,1266,620,1182,1199,588,1112,1191,537,1124,1288
SCAMMEPLZ_mono_0147,89.5,0.048,AH,3,Black,5111,5571,547,1479,2475,530,1515,2521,506,1522,2553,499,1493,2574,530,1566,2603
SCAMMEPLZ_mono_0148,117.2,0.078,UW,17,Cyan,5112,5571,312,1492,2244,317,1362,2267,327,1367,2280,339,1413,2314,335,1547,2321
SCAMMEPLZ_mono_0149,99.2,0.048,EH,8,Black,5113,5571,455,1825,2631,497,1702,2750,509,1598,2741,519,1613,2731,513,1640,2770
SCAMMEPLZ_mono_0150,98.3,0.078,IH,11,Teal,5114,5571,482,1597,2715,502,1830,2772,492,2083,2686,476,2272,2623,466,2399,2449
SCAMMEPLZ_mono_0151,161.2,0.14,UW,17,Cyan,5115,4857,341,1672,2432,343,1706,2308,357,1498,2195,373,1296,2269,409,995,2165
SCAMMEPLZ_mono_0152,153.7,0.188,UW,17,Cyan,5116,4857,365,1538,2454,391,1514,2290,407,1339,2220,405,1095,2208,381,982,2192
SCAMMEPLZ_mono_0153,126.2,0.038,IH,11,Teal,5117,5929,404,1919,2353,393,1966,2320,365,1888,2280,353,1706,2289,354,1437,2295
SCAMMEPLZ_mono_0154,116.5,0.04,AH,3,Black,5118,4500,381,1136,1166,386,1174,1203,384,1153,1319,359,1304,1326,342,1355,1583
SCAMMEPLZ_mono_0155,0,0.04,AH,3,Black,5119,5214,372,1441,2639,412,1405,2635,394,1408,2652,396,1434,2681,396,1448,2651
SCAMMEPLZ_mono_0156,125.2,0.108,AW,5,Olive,5120,5929,615,1586,2681,744,1441,2565,734,1297,2545,698,1244,2572,660,1267,2645
SCAMMEPLZ_mono_0157,116,0.038,AH,3,Black,5121,5929,477,1476,2657,489,1502,2635,512,1542,2604,510,1565,2578,541,1584,2588
SCAMMEPLZ_mono_0158,117.2,0.078,EH,8,Black,5122,5571,665,1604,2619,647,1608,2508,665,1616,2428,633,1615,2418,573,1665,2432
SCAMMEPLZ_mono_0159,243.8,0.028,AE,2,Blue,5123,5571,533,1575,2561,533,1579,2566,523,1589,2585,512,1581,2670,502,1576,2697
SCAMMEPLZ_mono_0160,123.3,0.068,AH,3,Black,5124,5571,586,1361,2844,625,1279,2735,643,1202,2783,630,1169,2759,643,1130,2775
SCAMMEPLZ_mono_0161,102.9,0.18,IY,13,Pink,5125,5571,306,2276,2730,322,2384,3045,310,2447,2995,326,2417,2940,358,2243,2852
SCAMMEPLZ_mono_0162,0,0.078,AY,7,Magenta,5126,6286,729,1481,2490,694,1524,2534,660,1662,2593,669,1703,2593,677,1674,2560
SCAMMEPLZ_mono_0163,120.5,0.1,AE,2,Blue,5127,5929,602,1592,2727,715,1472,2591,736,1405,2602,724,1463,2625,715,1511,2629
SCAMMEPLZ_mono_0164,125.2,0.038,AH,3,Black,5128,5929,562,1398,2697,505,1382,2601,536,1356,2606,535,1353,2626,522,1343,2627
SCAMMEPLZ_mono_0165,121.6,0.09,ER,9,Lime,5129,5571,488,1446,2247,480,1352,1990,472,1325,1844,473,1323,1765,472,1354,1746
SCAMMEPLZ_mono_0166,120.4,0.048,AH,3,Black,5130,4857,478,1421,1758,471,1447,1780,463,1507,1709,435,1554,1672,385,1527,2074
SCAMMEPLZ_mono_0167,112.9,0.2,IY,13,Pink,5131,4857,365,1696,2144,351,2052,2243,351,2079,2274,377,2009,2278,378,1861,2278
SCAMMEPLZ_mono_0168,112.8,0.038,IH,11,Teal,5132,5929,465,1594,2731,468,1605,2722,456,1593,2678,443,1571,2707,429,1553,2713
SCAMMEPLZ_mono_0169,240.3,0.028,AH,3,Black,5133,5571,487,1491,2391,360,1388,2407,317,1169,2517,327,1178,2515,329,1116,2457
SCAMMEPLZ_mono_0170,119.9,0.038,AH,3,Black,5134,6286,443,1503,2656,440,1520,2667,409,1502,2631,385,1483,2586,408,1429,2571
SCAMMEPLZ_mono_0171,103.7,0.2,IY,13,Pink,5135,5214,335,1586,2099,318,1938,2346,320,2115,2492,321,2143,2738,313,1880,2585
SCAMMEPLZ_mono_0172,109.8,0.138,AE,2,Blue,5136,5929,705,1694,2704,646,1722,2700,618,1746,2763,593,1746,2688,564,1744,2725
SCAMMEPLZ_mono_0173,109,0.088,AA,1,Red,5137,6286,552,874,2766,566,934,2732,567,1025,2624,561,1098,2508,551,1178,2478
SCAMMEPLZ_mono_0174,112.3,0.058,AH,3,Black,5138,6643,537,1579,2896,552,1690,2959,515,1757,2970,456,1821,2975,427,1899,2942
SCAMMEPLZ_mono_0175,109.5,0.048,EH,8,Black,5139,4857,452,984,1823,457,1172,1713,468,1161,1565,476,1201,1434,470,1159,1335
SCAMMEPLZ_mono_0176,104.5,0.048,OW,14,Maroon,5140,5571,509,1187,2747,498,1152,2753,477,1127,2722,447,1050,2709,442,1055,2726
SCAMMEPLZ_mono_0177,99.1,0.12,UW,17,Cyan,5141,5214,401,1413,2492,398,1362,2250,390,1301,2231,395,1318,2238,407,1317,2090
SCAMMEPLZ_mono_0178,102.5,0.04,EH,8,Black,5142,6643,454,1872,2477,457,1784,2422,490,1754,2519,486,1812,2842,469,1803,2651
SCAMMEPLZ_mono_0179,93,0.08,AE,2,Blue,5143,4500,732,1409,1861,704,1655,1798,616,1168,1966,563,987,2049,522,1004,2227
SCAMMEPLZ_mono_0180,99,0.04,IH,11,Teal,5144,5571,432,1416,2671,430,1439,2670,432,1471,2638,436,1493,2670,437,1457,2632
SCAMMEPLZ_mono_0181,90.2,0.048,AH,3,Black,5145,5571,479,1450,2639,503,1429,2638,525,1419,2509,481,1377,2373,481,1366,2331
SCAMMEPLZ_mono_0182,87.2,0.19,AW,5,Olive,5146,5214,894,1440,2361,772,1232,2258,740,1142,2386,690,1078,2661,571,997,2649
SCAMMEPLZ_mono_0183,72.8,0.06,AY,7,Magenta,5147,5571,703,1223,2606,738,1295,2614,736,1359,2577,729,1406,2589,751,1470,2536
SCAMMEPLZ_mono_0184,138.5,0.068,IH,11,Teal,5148,5571,393,1353,2305,418,1575,2328,426,1688,2348,432,1779,2379,432,1791,2369
SCAMMEPLZ_mono_0185,109.3,0.08,AO,4,Green,5149,4857,477,858,2349,478,815,2391,475,794,2379,512,802,2353,528,884,2392
SCAMMEPLZ_mono_0186,74.3,0.088,IH,11,Teal,5150,5929,599,1652,2612,614,1777,2614,579,1891,2586,552,1952,2412,556,1912,2287
SCAMMEPLZ_mono_0187,134.9,0.06,AH,3,Black,5151,5571,535,1271,2416,537,1339,2425,553,1435,2418,582,1480,2497,572,1491,2584
SCAMMEPLZ_mono_0188,134.8,0.12,AA,1,Red,5152,4857,638,954,2494,626,956,2481,594,953,2376,661,985,2368,585,1141,1969
SCAMMEPLZ_mono_0189,153.7,0.05,AH,3,Black,5153,5929,463,1353,2618,478,1381,2549,469,1407,2652,453,1420,2693,453,1399,2764
SCAMMEPLZ_mono_0190,172.3,0.17,IY,13,Pink,5154,5929,378,1988,2543,386,2026,2425,365,1991,2399,385,1994,2499,362,1723,2476
SCAMMEPLZ_mono_0191,120.1,0.038,AA,1,Red,5155,4857,526,960,2330,534,966,2345,550,975,2352,538,970,2370,525,977,2412
SCAMMEPLZ_mono_0192,103.6,0.04,AH,3,Black,5156,5214,450,1212,2457,423,1065,2458,440,1004,2457,433,932,2505,480,919,2494
SCAMMEPLZ_mono_0193,73.5,0.108,ER,9,Lime,5157,5929,630,1112,2655,651,1147,2669,657,1196,2679,694,1265,2726,699,1424,2744
SIGMABOY1_mono_0001,141,0.058,OW,14,Maroon,5158,5929,563,1565,3014,613,1529,2904,600,1511,2936,565,1485,2800,510,1394,2861
SIGMABOY1_mono_0002,205.5,0.048,IH,11,Teal,5159,5571,538,1720,2799,509,1794,3046,446,1829,3173,343,1883,3135,273,1846,3202
SIGMABOY1_mono_0003,146.6,0.04,AO,4,Green,5160,7000,671,1371,3711,716,1495,3703,727,1491,3613,801,1342,3643,847,1502,3643
SIGMABOY1_mono_0004,147.6,0.078,IH,11,Teal,5161,5571,638,1880,2981,633,1974,3005,610,2095,3003,517,2182,2966,437,2252,2813
SIGMABOY1_mono_0005,119.8,0.08,AY,7,Magenta,5162,4857,755,1845,2484,744,1813,2364,713,1851,2458,711,1762,2493,411,1611,2592
SIGMABOY1_mono_0006,161.5,0.07,OW,14,Maroon,5163,4857,472,1010,2894,486,1004,2928,482,996,2941,466,1027,2977,388,995,2957
SIGMABOY1_mono_0007,179.4,0.04,AH,3,Black,5164,6643,519,1421,3031,548,1330,2991,550,1213,2986,526,1104,3004,469,1078,2983
SIGMABOY1_mono_0008,119.6,0.098,EY,10,Purple,5165,5214,421,1872,3038,389,2182,2929,334,2261,2955,364,2435,2983,346,2357,2847
SIGMABOY1_mono_0009,117.7,0.038,IH,11,Teal,5166,6286,160,1898,3115,191,1903,3107,194,1860,3010,182,1653,3024,147,1609,3056
SIGMABOY1_mono_0010,129.5,0.058,IY,13,Pink,5167,5214,340,2339,2870,341,2440,2922,346,2521,2935,338,2557,2986,320,2502,2990
SIGMABOY1_mono_0011,129.6,0.078,IY,13,Pink,5168,6286,269,2427,3001,278,2562,3098,292,2418,3040,304,2456,3018,344,2437,2965
SIGMABOY1_mono_0012,116.3,0.058,IY,13,Pink,5169,5929,326,1759,2867,301,1902,2943,293,2066,2966,247,2195,2923,161,2188,2963
SIGMABOY1_mono_0013,114.6,0.048,AH,3,Black,5170,4857,670,1538,2702,720,1516,2696,734,1497,2674,683,1457,2680,612,1419,2656
SIGMABOY1_mono_0014,107.6,0.078,AY,7,Magenta,5171,6286,727,1497,2918,710,1646,2911,658,1891,2844,564,2042,2851,353,2065,2907
SIGMABOY1_mono_0015,113.3,0.048,OW,14,Maroon,5172,4857,738,1462,2583,695,1334,2456,691,1268,2512,687,1221,2610,721,1209,2701
SIGMABOY1_mono_0016,104.8,0.068,AA,1,Red,5173,5571,758,1117,2888,864,1165,3029,905,1444,3022,865,1569,2932,857,1538,2945
SIGMABOY1_mono_0017,93.7,0.06,EH,8,Black,5174,4857,567,1522,1979,609,1527,2095,624,1525,2144,625,1568,2183,524,1595,2194
SIGMABOY1_mono_0018,113.7,0.14,ER,9,Lime,5175,4500,511,1585,1993,537,1550,1886,447,1596,1880,447,1679,1853,401,1749,2101
SIGMABOY1_mono_0019,107.7,0.09,EY,10,Purple,5176,5571,423,1868,2206,414,2062,2303,355,2087,2361,292,2180,2483,280,2149,2545
SIGMABOY1_mono_0020,0,0.038,AA,1,Red,5177,4857,629,1521,2185,655,1485,2159,686,1453,2033,681,1422,1919,695,1397,1863
SIGMABOY1_mono_0021,110.4,0.168,AY,7,Magenta,5178,5571,604,1696,2171,573,1888,2343,529,2084,2434,447,2166,2844,433,2277,2984
SIGMABOY1_mono_0022,131,0.048,AY,7,Magenta,5179,6286,678,1926,2753,584,2025,2807,520,2146,2887,435,2355,2858,362,2459,3013
SIGMABOY1_mono_0023,181.7,0.028,AH,3,Black,5180,4857,610,1543,2479,643,1591,2491,639,1572,2475,603,1297,2497,518,1257,2509
SIGMABOY1_mono_0024,196.4,0.05,AH,3,Black,5181,7000,524,1323,3337,561,1179,3208,546,1163,3235,451,1228,3183,391,1390,3243
SIGMABOY1_mono_0025,173.8,0.04,IH,11,Teal,5182,4500,572,604,1671,477,796,1706,391,905,1776,365,879,1844,369,957,1905
SIGMABOY1_mono_0026,143.2,0.068,AE,2,Blue,5183,5214,925,1765,2831,937,1705,2830,942,1694,2827,933,1634,2870,911,1651,2916
SIGMABOY1_mono_0027,121.2,0.08,AA,1,Red,5184,5929,902,1650,3097,925,1570,2683,966,1664,2925,924,1658,3174,852,1643,3256
SIGMABOY1_mono_0028,116.9,0.098,AH,3,Black,5185,4857,464,1799,2814,474,1738,2723,463,1699,2744,429,1690,2760,318,1668,2800
SIGMABOY1_mono_0029,126.7,0.07,AE,2,Blue,5186,4857,815,1565,2173,813,1611,2222,830,1610,2316,774,1520,2412,686,1513,2472
SIGMABOY1_mono_0030,123.5,0.05,AH,3,Black,5187,4500,479,1029,2563,498,1138,2427,499,1326,2105,472,1491,1806,468,1492,1825
SIGMABOY1_mono_0031,124.9,0.06,EH,8,Black,5188,4857,754,1782,2583,793,1778,2553,740,1753,2580,724,1753,2546,762,1709,2485
SIGMABOY1_mono_0032,140.1,0.06,ER,9,Lime,5189,4500,480,1487,1870,457,1476,1886,377,1538,1917,319,1591,1893,247,1583,2077
SIGMABOY1_mono_0033,134.6,0.058,ER,9,Lime,5190,6643,352,1732,3538,364,1649,3464,393,1593,3430,432,1601,3529,450,1578,3572
SIGMABOY1_mono_0034,114.6,0.068,IY,13,Pink,5191,5214,421,1742,3074,372,1776,2916,265,1820,2899,265,2017,2829,287,1946,2617
SIGMABOY1_mono_0035,115.9,0.088,IH,11,Teal,5192,6286,269,1819,2700,307,1829,2838,324,1841,2654,234,1832,2930,162,1914,2993
SIGMABOY1_mono_0036,112.6,0.028,EH,8,Black,5193,4857,826,1896,2520,740,1861,2537,659,1960,2587,564,1895,2625,466,1827,2680
SIGMABOY1_mono_0037,106.2,0.038,IH,11,Teal,5194,5929,456,1772,2609,453,1771,2594,429,1766,2621,367,1726,2630,319,1726,2654
SIGMABOY1_mono_0038,0,0.108,AW,5,Olive,5195,4857,692,1810,2666,761,1789,2550,798,1703,2506,819,1646,2520,813,1589,2524
SIGMABOY1_mono_0039,190.5,0.098,AY,7,Magenta,5196,4857,784,1582,2851,888,1632,2794,895,1811,2701,815,1833,2710,418,1727,2676
SIGMABOY1_mono_0040,168.3,0.04,UH,16,Silver,5197,6643,469,1017,2914,461,1004,2843,429,982,2851,389,1139,2864,376,1157,2955
SIGMABOY1_mono_0041,115.8,0.09,IH,11,Teal,5198,4500,306,1835,2511,311,1952,2546,336,2033,2345,355,2002,2302,385,1916,2214
SIGMABOY1_mono_0042,114.8,0.03,AY,7,Magenta,5199,6286,383,1593,3088,386,1699,3023,337,1722,3005,282,1724,2974,205,1654,2862
SIGMABOY1_mono_0043,176,0.09,EY,10,Purple,5200,7000,368,2485,3389,381,2476,3286,357,2534,3182,353,2538,3266,341,2427,3343
SIGMABOY1_mono_0044,173.3,0.05,AH,3,Black,5201,6643,376,1814,3140,410,1736,3113,419,1633,3028,387,1610,3123,337,1597,3101
SIGMABOY1_mono_0045,133,0.07,UW,17,Cyan,5202,4857,297,1275,2987,292,1298,2975,302,1468,2907,302,1332,2754,259,1375,2771
SIGMABOY1_mono_0046,62.2,0.158,EY,10,Purple,5203,5571,554,1969,2234,494,2115,2415,439,2198,2444,418,2312,2488,389,2251,2631
SIGMABOY1_mono_0047,134.7,0.06,EY,10,Purple,5204,7000,460,2106,2838,439,2136,2981,414,2277,2827,345,2274,3030,227,2266,3122
SIGMABOY1_mono_0048,118,0.038,EH,8,Black,5205,6286,692,1605,2476,654,1671,2565,548,1720,2643,413,1757,2624,297,1810,2788
SIGMABOY1_mono_0049,101,0.028,AH,3,Black,5206,4857,506,1878,2934,435,1847,2886,352,1854,2852,292,1830,2864,305,1818,2821
SIGMABOY1_mono_0050,109.1,0.04,IH,11,Teal,5207,4500,503,1843,1946,271,1732,1935,375,1650,1905,394,1752,2457,115,1621,2440
SIGMABOY1_mono_0051,143.2,0.05,AH,3,Black,5208,5214,388,1759,2841,408,1885,3012,379,1881,3070,306,1779,3042,267,1839,2817
SIGMABOY1_mono_0052,156.2,0.078,AW,5,Olive,5209,6643,593,1507,2720,656,1468,2722,637,1450,2782,591,1443,2883,491,1486,2972
SIGMABOY1_mono_0053,133.4,0.05,AH,3,Black,5210,4500,215,1536,1719,216,1521,1819,211,1403,1861,239,1411,1550,236,1475,1842
SIGMABOY1_mono_0054,108.7,0.078,EY,10,Purple,5211,6643,266,2104,2363,302,2247,2632,348,2386,2583,312,2238,2473,345,2284,2843
SIGMABOY1_mono_0055,0,0.038,ER,9,Lime,5212,4857,307,1533,1773,527,1469,1745,531,1653,1679,358,1651,1764,505,1738,1808
SIGMABOY1_mono_0056,0,0.04,AA,1,Red,5213,5214,1505,2052,2988,829,1574,2879,862,1549,2809,813,1452,2660,774,1447,2718
SIGMABOY1_mono_0057,91.9,0.058,AY,7,Magenta,5214,4857,785,1686,2720,762,1712,2682,721,1747,2654,653,1908,2714,757,1892,2711
SIGMABOY1_mono_0058,173.7,0.07,AA,1,Red,5215,4857,741,1426,2619,802,1349,2510,806,1297,2472,792,971,2522,619,1087,2536
SIGMABOY1_mono_0059,169.7,0.068,AY,7,Magenta,5216,5571,823,1158,2624,793,1555,2651,734,1561,2654,668,1611,2683,623,1691,2796
SIGMABOY1_mono_0060,160.1,0.06,AH,3,Black,5217,4857,515,1746,2579,501,1838,2575,478,1838,2507,455,1792,2621,331,1670,2713
SIGMABOY1_mono_0061,146.6,0.04,AO,4,Green,5218,7000,959,1808,3860,878,1760,3748,898,1784,3660,901,1817,3569,890,1732,3432
SIGMABOY1_mono_0062,134.8,0.05,ER,9,Lime,5219,4857,500,1396,1757,498,1524,1828,451,1579,2232,355,1639,2554,371,1678,2723
SIGMABOY1_mono_0063,133,0.06,AO,4,Green,5220,4500,439,1280,2403,448,1106,2377,463,1069,2242,467,1014,2102,461,1023,1936
SIGMABOY1_mono_0064,123,0.028,AH,3,Black,5221,5571,557,1739,2810,368,1705,2824,327,1645,2658,280,1601,2654,215,1603,2715
SIGMABOY1_mono_0065,107.7,0.07,AE,2,Blue,5222,4500,747,1561,1728,791,1443,2047,790,1455,2046,778,1548,2133,739,1512,2142
SIGMABOY1_mono_0066,132,0.05,OW,14,Maroon,5223,5214,475,1615,3004,471,1523,2838,456,1514,2818,440,1526,2824,381,1594,2980
SIGMABOY1_mono_0067,132.4,0.05,IH,11,Teal,5224,5929,396,1760,2875,393,1752,2902,386,1760,2839,356,1780,2791,298,1764,3205
SIGMABOY1_mono_0068,104.2,0.08,EY,10,Purple,5225,4857,466,1848,2659,434,1946,2659,353,2098,2637,401,2153,2685,393,2305,2732
SIGMABOY1_mono_0069,91.2,0.06,AH,3,Black,5226,5571,356,1316,2726,336,1098,2703,294,1051,2677,305,981,2656,383,979,2676
SIGMABOY1_mono_0070,197.1,0.038,AH,3,Black,5227,4857,574,1124,2771,786,1647,2925,689,1617,2934,634,1611,2887,556,1673,2765
SIGMABOY1_mono_0071,113.6,0.098,AO,4,Green,5228,5214,642,1437,2571,622,1362,2488,626,1423,2374,688,1574,2222,774,1787,1876
SIGMABOY1_mono_0072,141.3,0.04,AH,3,Black,5229,4500,479,1184,1714,471,1223,1687,369,1244,1571,305,1211,1514,269,1173,1566
SIGMABOY1_mono_0073,0,0.098,UW,17,Cyan,5230,5571,339,2056,2666,351,1989,2596,357,1694,2640,355,1653,2634,381,1588,2693
SIGMABOY1_mono_0074,164.6,0.048,EY,10,Purple,5231,4857,421,2297,2708,429,2147,2654,432,1973,2569,442,1810,2539,451,1642,2532
SIGMABOY1_mono_0075,161.1,0.05,ER,9,Lime,5232,4500,272,1351,1789,315,1410,1553,405,1565,1809,477,1606,1853,612,1679,1912
SIGMABOY1_mono_0076,161,0.118,AW,5,Olive,5233,4857,682,1670,2044,837,1664,2287,989,1688,2281,1010,1719,2507,1002,1693,2597
SIGMABOY1_mono_0077,137.4,0.12,OW,14,Maroon,5234,5929,566,1484,2575,579,1449,2612,567,1387,2631,539,1239,2662,517,1073,2582
SIGMABOY1_mono_0078,0,0.028,AH,3,Black,5235,5214,1102,2090,2996,1086,2133,2894,1034,2195,2906,915,2252,2999,807,2238,2881
SIGMABOY1_mono_0079,131.3,0.06,AE,2,Blue,5236,4500,754,1768,2391,850,1894,2597,760,1951,2535,764,1913,2262,725,1937,2374
SIGMABOY1_mono_0080,106.8,0.108,OW,14,Maroon,5237,4857,509,1707,2351,545,1606,2304,532,1522,2333,532,1412,2406,449,1312,2409
SIGMABOY1_mono_0081,139.1,0.048,IH,11,Teal,5238,5571,594,2007,2638,552,2001,2657,459,1979,2792,336,1984,2822,270,1974,2817
SIGMABOY1_mono_0082,138,0.04,AH,3,Black,5239,5571,848,1663,3211,852,1681,3214,905,1659,3237,913,1629,3272,786,1628,3242
SIGMABOY1_mono_0083,115.4,0.09,EY,10,Purple,5240,4857,293,1883,3001,280,2024,2940,338,2162,2797,373,2292,2743,436,2238,2688
SIGMABOY1_mono_0084,0,0.09,EH,8,Black,5241,5214,426,2269,2844,463,2127,2689,536,2026,2671,725,1975,2602,519,1825,2636
SIGMABOY1_mono_0085,60.3,0.06,ER,9,Lime,5242,4500,526,1717,2148,460,1690,2041,562,1681,2024,468,1706,2051,393,1782,2041
SIGMABOY1_mono_0086,97,0.168,IY,13,Pink,5243,4857,328,2375,2731,317,2371,2649,361,2319,2671,288,2256,2741,1314,2186,2988
SIGMABOY1_mono_0087,133.4,0.03,AY,7,Magenta,5244,7000,546,1769,2900,535,1799,2905,562,1867,2889,573,1958,2911,553,2207,2964
SIGMABOY1_mono_0088,225.8,0.06,AE,2,Blue,5245,5571,1062,1800,2761,1021,1764,2814,874,1800,2870,866,1791,2915,852,1683,2900
SIGMABOY1_mono_0089,0,0.14,AE,2,Blue,5246,5571,845,1509,2889,865,1571,2652,889,1617,2631,884,1620,2678,844,1623,2560
SIGMABOY1_mono_0090,111.6,0.03,IH,11,Teal,5247,5929,315,2542,3628,305,2594,3598,280,2497,3436,270,2443,3278,233,2316,3249
SIGMABOY1_mono_0091,110.2,0.12,AH,3,Black,5248,5929,466,1581,2551,527,1612,2578,509,1633,2571,410,1693,2808,327,1685,2924
SIGMABOY1_mono_0092,111.4,0.19,AE,2,Blue,5249,6643,612,2084,2966,731,1903,2813,799,1706,2905,808,1606,2912,824,1625,3043
SIGMABOY1_mono_0093,104,0.178,UW,17,Cyan,5250,5214,415,1678,1952,367,1639,2082,368,1449,2183,342,1397,2243,601,1622,2762
SIGMABOY1_mono_0094,115.6,0.048,AY,7,Magenta,5251,5571,769,1858,2645,742,1862,2670,573,1949,2667,432,1977,2586,289,2016,2713
SIGMABOY1_mono_0095,189.8,0.048,UH,16,Silver,5252,4857,440,1956,2856,422,1776,2868,409,1723,2908,388,1765,2938,400,1772,2874
SIGMABOY1_mono_0096,185.9,0.04,AH,3,Black,5253,5571,339,1887,2967,260,1903,2959,257,1890,2951,230,1873,2957,199,1879,2906
SIGMABOY1_mono_0097,172,0.088,IY,13,Pink,5254,6286,343,2363,2859,345,2434,2914,344,2284,2981,350,2275,2924,358,2148,2894
SIGMABOY1_mono_0098,141.1,0.028,IH,11,Teal,5255,5214,459,2072,2330,475,2063,2501,470,2060,2534,483,2045,2686,475,2031,2705
SIGMABOY1_mono_0099,139.1,0.048,AH,3,Black,5256,5571,425,1647,2422,422,1445,2646,389,1247,2804,367,1062,2858,356,959,2755
SIGMABOY1_mono_0100,120,0.04,IH,11,Teal,5257,7000,443,1384,3445,419,1436,3352,439,1513,3349,402,1531,3264,354,1573,3225
SIGMABOY1_mono_0101,120.1,0.2,OW,14,Maroon,5258,5571,489,1650,2916,484,1548,2948,535,1355,2984,546,1396,3014,559,1541,2768
SIGMABOY1_mono_0102,131.5,0.04,OW,14,Maroon,5259,4500,540,1056,2035,548,1046,2075,558,1024,2123,543,996,2278,540,1019,2434
SIGMABOY1_mono_0103,154.7,0.08,AY,7,Magenta,5260,5214,659,1628,2879,622,1634,2958,579,1703,2935,603,1792,3012,563,1770,2992
SIGMABOY1_mono_0104,114.8,0.148,OW,14,Maroon,5261,6643,453,1283,2931,398,1340,2966,389,1302,3110,329,1212,3204,301,1620,3504
SIGMABOY1_mono_0105,122.9,0.04,AE,2,Blue,5262,5214,702,1853,2733,682,1912,2773,656,1876,2801,669,1860,2830,628,1859,2901
SIGMABOY1_mono_0106,128.3,0.058,OW,14,Maroon,5263,5214,682,1458,3082,690,1428,2770,687,1426,2748,661,1381,2562,598,1272,2186
SIGMABOY1_mono_0107,142.2,0.048,ER,9,Lime,5264,5571,562,1196,1777,551,1235,1709,500,1243,1655,459,1361,1502,408,1456,1470
SIGMABOY1_mono_0108,128.9,0.07,ER,9,Lime,5265,4500,490,1459,1866,498,1470,1850,486,1492,1937,458,1573,2043,421,1565,2052
SIGMABOY1_mono_0109,125.3,0.028,AH,3,Black,5266,5571,609,1583,3418,678,1484,3076,635,1353,2974,573,1368,3069,311,1328,2168
SIGMABOY1_mono_0110,114.5,0.03,AH,3,Black,5267,4500,406,1470,2137,369,1476,2059,351,1481,2086,324,1485,2088,286,1501,2081
SIGMABOY1_mono_0111,110.3,0.248,EY,10,Purple,5268,5929,551,1875,2848,532,2017,2905,455,2129,2796,292,2194,2881,121,1972,2975
SIGMABOY1_mono_0112,122.1,0.098,ER,9,Lime,5269,4500,383,1617,1966,433,1478,1919,441,1401,1784,479,1379,1709,600,1465,1809
SIGMABOY1_mono_0113,124,0.09,AE,2,Blue,5270,4857,690,1482,1945,800,1451,2059,809,1469,2187,843,1631,2308,951,1687,2491
SIGMABOY1_mono_0114,113.7,0.058,IH,11,Teal,5271,5214,413,1845,2689,390,1845,2735,407,1789,2723,346,1626,2497,268,1612,2508
SIGMABOY1_mono_0115,0,0.038,IH,11,Teal,5272,4857,397,1640,2503,370,1647,2541,401,1688,2530,459,1704,2568,463,1720,2614
SIGMABOY1_mono_0116,114,0.108,OW,14,Maroon,5273,4857,555,1529,2330,542,1495,2452,524,1411,2496,495,1296,2520,441,1151,2553
SIGMABOY1_mono_0117,118.9,0.028,AH,3,Black,5274,5214,517,1576,2898,476,1573,2877,431,1565,2841,402,1554,2806,382,1568,2854
SIGMABOY1_mono_0118,115.8,0.058,AE,2,Blue,5275,5214,466,1713,2800,586,1781,2809,605,1818,2778,596,1804,2816,564,1779,2817
SIGMABOY1_mono_0119,109,0.08,UW,17,Cyan,5276,4857,420,1977,2805,521,2002,2767,420,1986,2711,430,1844,2728,448,1760,2713
SIGMABOY1_mono_0120,135.8,0.04,IH,11,Teal,5277,4500,405,1463,2519,393,1520,2557,375,1672,2413,281,1801,2156,239,1856,2050
SIGMABOY1_mono_0121,160.6,0.118,AA,1,Red,5278,5571,822,1212,2568,863,1477,2599,876,1549,2555,930,1617,2752,819,1494,2812
SIGMABOY1_mono_0122,113.8,0.03,OW,14,Maroon,5279,4500,493,1459,1974,489,1421,2036,457,1409,2026,258,1420,2043,198,1626,2209
SIGMABOY1_mono_0123,128.3,0.108,AW,5,Olive,5280,5929,664,1698,2336,823,1693,3123,846,1540,3197,836,1511,3216,812,1527,3277
SIGMABOY1_mono_0124,109.2,0.15,AY,7,Magenta,5281,5214,881,1500,2458,966,1478,2799,799,1636,2784,781,1885,2820,721,1960,2798
SIGMABOY1_mono_0125,118.7,0.09,AE,2,Blue,5282,4500,879,1456,2243,899,1464,2335,846,1535,2357,835,1597,2545,927,1585,2612
SIGMABOY1_mono_0126,125,0.048,AH,3,Black,5283,4857,477,1472,1816,463,1552,1837,398,1561,1840,311,1588,2011,196,1598,2131
SIGMABOY1_mono_0127,173.4,0.05,UW,17,Cyan,5284,4500,349,2013,2629,363,1896,2653,355,1873,2547,330,1508,2502,306,1562,2464
SIGMABOY1_mono_0128,0,0.13,AY,7,Magenta,5285,6286,711,1417,2821,690,1642,2832,572,1842,2816,488,2166,2937,422,2290,3081
SIGMABOY1_mono_0129,117.5,0.04,AH,3,Black,5286,5571,457,1692,2855,449,1549,2841,455,1523,2787,445,1512,2787,334,1467,2793
SIGMABOY1_mono_0130,127.5,0.04,AH,3,Black,5287,5214,713,1532,2924,726,1497,2848,705,1476,2367,699,1491,2459,381,1393,1882
SIGMABOY1_mono_0131,109.7,0.088,IH,11,Teal,5288,6286,566,1862,2838,550,1962,2839,513,2026,2868,415,2081,2820,262,2138,2685
SIGMABOY1_mono_0132,134.3,0.118,EY,10,Purple,5289,4857,476,2068,2838,447,2165,2839,388,2167,2836,345,2136,2862,296,2439,2896
SIGMABOY1_mono_0133,104.4,0.11,IY,13,Pink,5290,5571,278,1937,2836,291,2183,2783,322,2418,2835,336,2301,2712,478,2090,2859
SIGMABOY1_mono_0134,107.9,0.09,EH,8,Black,5291,4857,513,2045,2829,554,2000,2764,536,1966,2748,532,2014,2702,469,2092,2724
SIGMABOY1_mono_0135,0,0.04,EY,10,Purple,5292,5214,448,2184,2972,400,2176,2773,370,2196,2729,439,2160,2706,416,2208,2720
SIGMABOY1_mono_0136,137.1,0.05,AA,1,Red,5293,5214,786,1362,3038,800,1286,3054,838,1305,2982,845,1386,2887,841,1434,2765
SIGMABOY1_mono_0137,168.4,0.06,ER,9,Lime,5294,4857,536,1547,1930,503,1555,1918,491,1580,1992,435,1582,1971,402,1674,1921
SIGMABOY1_mono_0138,111.3,0.04,AH,3,Black,5295,4500,432,1594,2416,464,1585,2209,455,1553,2246,427,1509,2297,491,1597,2431
SIGMABOY1_mono_0139,120,0.04,AH,3,Black,5296,7000,550,1902,2949,504,1951,2968,393,2001,2983,298,1978,3000,204,2041,3004
SIGMABOY1_mono_0140,204.5,0.058,IH,11,Teal,5297,5929,327,2164,2920,358,2121,2847,375,2115,2844,343,2090,2847,325,2090,2808
SIGMABOY1_mono_0141,151.4,0.05,UW,17,Cyan,5298,4500,344,1703,2150,351,1559,2144,337,1468,2237,320,1354,2085,294,1187,2014
SIGMABOY1_mono_0142,123.4,0.13,AY,7,Magenta,5299,4857,818,1234,2718,837,1438,2685,812,1486,2758,762,1601,2764,704,1702,2804
SIGMABOY1_mono_0143,125.4,0.05,AA,1,Red,5300,5214,671,1679,2887,702,1578,2872,663,1458,2948,727,1434,2990,754,1424,3077
SIGMABOY1_mono_0144,105.9,0.038,AH,3,Black,5301,4857,322,1589,2516,402,1659,2632,475,1659,2848,371,1649,2756,165,1695,2865
SIGMABOY1_mono_0145,139,0.07,UW,17,Cyan,5302,4857,340,1806,2388,344,1720,2390,346,1732,2449,365,1784,2505,342,1779,2622
SIGMABOY1_mono_0146,116.6,0.208,ER,9,Lime,5303,5214,448,1554,1937,467,1537,1780,463,1612,1896,193,1704,2063,111,1797,2082
SIGMABOY1_mono_0147,121.6,0.058,EH,8,Black,5304,5214,471,2130,2947,516,1830,2938,579,1655,2896,630,1563,2808,701,1445,2763
SIGMABOY1_mono_0148,108,0.07,IH,11,Teal,5305,4857,670,1401,2887,630,1562,2965,541,1658,2897,501,1816,2837,430,1870,2820
SIGMABOY1_mono_0149,155,0.238,UW,17,Cyan,5306,5214,331,1892,2840,319,1772,2826,331,1527,2914,342,1391,2861,255,1133,2745
SIGMABOY1_mono_0150,134.2,0.2,UW,17,Cyan,5307,4857,363,1787,2941,397,1618,2811,380,1433,2823,373,1279,2826,377,1233,2580
SIGMABOY1_mono_0151,138.2,0.068,IH,11,Teal,5308,5214,284,2220,2865,356,2216,2904,379,2082,2895,389,1974,2728,394,1634,2420
SIGMABOY1_mono_0152,130.4,0.05,AH,3,Black,5309,5214,436,1171,2743,419,1240,2846,413,1272,2812,370,1496,2905,177,1538,2508
SIGMABOY1_mono_0153,122.2,0.04,AH,3,Black,5310,5214,502,1842,2977,409,1841,2913,298,1832,2890,213,1836,2870,178,1823,2833
SIGMABOY1_mono_0154,129.9,0.08,AW,5,Olive,5311,5214,799,1769,2853,841,1691,2860,847,1592,2925,832,1443,2967,788,1411,2876
SIGMABOY1_mono_0155,105.4,0.028,AH,3,Black,5312,5571,333,1692,2956,293,1703,2938,230,1693,2914,160,1662,2894,125,1748,2911
SIGMABOY1_mono_0156,0,0.09,EH,8,Black,5313,5214,635,1915,2826,702,1855,2778,727,1852,2860,714,1864,2786,572,1868,2772
SIGMABOY1_mono_0157,0,0.038,AE,2,Blue,5314,6286,555,1706,2746,742,1666,2665,706,1652,2618,744,1646,2613,733,1654,2679
SIGMABOY1_mono_0158,110.9,0.068,AH,3,Black,5315,5214,744,1481,2784,798,1464,2850,799,1471,2900,767,1442,2932,812,1583,2923
SIGMABOY1_mono_0159,105.2,0.058,IY,13,Pink,5316,6643,320,2501,2986,291,2580,3055,281,2719,3131,304,2666,3111,299,2357,3218
SIGMABOY1_mono_0160,110.5,0.09,AY,7,Magenta,5317,5571,1025,1829,2563,864,1799,2621,743,1834,2855,699,1936,2878,641,2047,3139
SIGMABOY1_mono_0161,168.3,0.128,AE,2,Blue,5318,5929,630,1903,2921,715,1891,2936,741,1852,2861,747,1850,2856,819,1715,2763
SIGMABOY1_mono_0162,0,0.038,AH,3,Black,5319,6286,812,1535,3163,821,1531,3160,804,1532,3172,810,1590,3151,803,1576,2994
SIGMABOY1_mono_0163,146.3,0.068,ER,9,Lime,5320,5571,402,1443,1969,415,1368,1942,437,1383,1924,473,1450,1589,458,1504,1640
SIGMABOY1_mono_0164,135.4,0.05,AH,3,Black,5321,5214,423,1545,1665,410,1575,1816,379,1600,1932,318,1618,1916,205,1669,1879
SIGMABOY1_mono_0165,112.4,0.188,IY,13,Pink,5322,4857,364,1985,2623,348,2351,2693,329,2389,2761,215,2318,2757,130,1936,2805
SIGMABOY1_mono_0166,127.7,0.028,IH,11,Teal,5323,5214,469,1535,3044,412,1490,3072,365,1512,3017,322,1572,2943,234,1587,2865
SIGMABOY1_mono_0167,146.6,0.028,IH,11,Teal,5324,5214,240,1766,2849,279,1770,2824,297,1826,3179,300,1838,3232,279,1756,3312
SIGMABOY1_mono_0168,138.9,0.05,AH,3,Black,5325,5929,409,1837,2868,409,1813,2523,399,1853,2347,372,1629,2045,352,1676,1977
SIGMABOY1_mono_0169,120.5,0.14,IY,13,Pink,5326,4500,360,1775,2160,322,1904,2410,331,1974,2726,343,2025,2743,343,2012,2774
SIGMABOY1_mono_0170,0,0.05,AE,2,Blue,5327,5214,604,1950,2809,667,1962,2722,680,1924,2699,683,1900,2698,688,1827,2721
SIGMABOY1_mono_0171,113.1,0.09,AA,1,Red,5328,4857,788,1130,2524,814,1244,2600,791,1286,2624,781,1434,2653,672,1579,2575
SIGMABOY1_mono_0172,131.1,0.07,EH,8,Black,5329,6286,345,2032,2600,464,1928,2754,548,1820,2659,595,1629,2718,583,1452,2876
SIGMABOY1_mono_0173,146.3,0.078,OW,14,Maroon,5330,6643,548,1230,3159,536,1223,3316,508,1155,3456,435,1022,3166,343,1090,3309
SIGMABOY1_mono_0174,109.3,0.048,UW,17,Cyan,5331,5571,401,1412,2911,402,1466,2878,426,1527,2876,419,1543,2863,408,1581,2874
SIGMABOY1_mono_0175,138.8,0.058,AE,2,Blue,5332,5214,660,2020,3020,706,2013,3029,720,2035,2934,730,2046,2856,711,2011,2924
SIGMABOY1_mono_0176,114,0.048,IH,11,Teal,5333,6286,387,1562,2973,373,1622,2991,398,1666,3055,408,1671,3099,376,1682,3203
SIGMABOY1_mono_0177,106.3,0.058,AH,3,Black,5334,6643,365,1730,2816,364,1726,2645,160,1676,2622,184,1632,2662,181,1672,2710
SIGMABOY1_mono_0178,110.5,0.08,AW,5,Olive,5335,5929,734,1366,2254,748,1321,2133,703,1254,2095,635,1187,2012,590,1162,1889
SIGMABOY1_mono_0179,0,0.07,ER,9,Lime,5336,4857,644,1197,1869,582,1170,1949,500,1231,2025,502,1254,2101,484,1171,2251
SIGMABOY1_mono_0180,0,0.06,AY,7,Magenta,5337,5571,648,1095,2419,616,1114,2879,763,1185,2875,804,1437,2962,783,1417,2924
SIGMABOY1_mono_0181,192.9,0.068,IH,11,Teal,5338,5214,345,1700,2751,354,1890,2685,376,1956,2614,388,2007,2581,396,2025,2628
SIGMABOY1_mono_0182,151.5,0.038,AO,4,Green,5339,6286,475,762,2375,356,755,2320,367,740,2208,484,760,2119,523,796,2091
SIGMABOY1_mono_0183,0,0.028,IH,11,Teal,5340,4857,660,1994,2773,654,2044,2761,654,2009,2891,663,1958,2847,660,1948,2634
SIGMABOY1_mono_0184,142.4,0.078,AA,1,Red,5341,6643,732,1178,2992,716,1124,3287,714,1195,3305,621,1135,3393,575,1155,2995
SIGMABOY1_mono_0185,181.5,0.048,AH,3,Black,5342,6286,240,1722,2893,246,1658,3181,223,1623,3232,205,1676,3190,193,1666,3209
SIGMABOY1_mono_0186,186.5,0.06,IY,13,Pink,5343,6286,295,1609,3023,246,1666,3045,224,1824,3099,208,1897,3004,207,1981,3056
SIGMABOY1_mono_0187,183.4,0.06,AA,1,Red,5344,7000,796,1454,2636,732,1354,2958,660,1374,3277,593,1364,3212,372,1345,3625
SIGMABOY1_mono_0188,111.8,0.09,ER,9,Lime,5345,4500,470,1045,1639,486,1199,1596,487,1320,1576,526,1460,1739,476,1352,1782
TUTUTANGO_mono_0001,91,0.068,OW,14,Maroon,5346,5571,456,1272,2545,441,1253,2541,435,1215,2564,406,1189,2571,385,1161,2572
TUTUTANGO_mono_0002,98.9,0.06,IH,11,Teal,5347,4857,434,1499,2577,451,1542,2575,409,1544,2612,399,1529,2602,347,1556,2615
TUTUTANGO_mono_0003,79.1,0.06,AO,4,Green,5348,7000,558,2590,3295,572,2556,3309,615,2583,3370,679,2582,3300,772,2585,3156
TUTUTANGO_mono_0004,75.4,0.108,IH,11,Teal,5349,4857,597,1849,2635,586,1907,2560,624,1904,2581,575,1827,2562,502,1714,2550
TUTUTANGO_mono_0005,89.3,0.038,AY,7,Magenta,5350,5929,709,1238,2525,707,1238,2438,682,1241,2391,655,1228,2351,646,1204,2374
TUTUTANGO_mono_0006,84.4,0.038,OW,14,Maroon,5351,5929,440,722,2489,431,777,2496,426,819,2612,414,856,2576,454,881,2560
TUTUTANGO_mono_0007,106.2,0.038,AH,3,Black,5352,5929,542,1198,2257,511,1162,2251,498,1061,2282,465,983,2274,462,1099,2239
TUTUTANGO_mono_0008,77.5,0.138,EY,10,Purple,5353,5214,528,1644,2521,493,1832,2503,449,1898,2545,432,1931,2537,432,1907,2587
TUTUTANGO_mono_0009,0,0.04,AE,2,Blue,5354,7000,593,1841,3105,657,1804,3077,691,1794,2987,648,1660,2914,642,1667,2863
TUTUTANGO_mono_0010,85.2,0.068,IY,13,Pink,5355,5214,343,2144,2849,358,2138,2945,351,2123,2954,341,2150,2990,339,2126,2943
TUTUTANGO_mono_0011,102.2,0.07,IY,13,Pink,5356,6286,325,2117,2823,324,2098,2779,325,2070,2655,337,1986,2610,357,1916,2519
TUTUTANGO_mono_0012,102.5,0.04,AH,3,Black,5357,5214,379,1903,2504,391,1907,2541,364,1733,2507,395,1662,2553,386,1763,2604
TUTUTANGO_mono_0013,111.4,0.068,IY,13,Pink,5358,6643,380,1996,2506,340,2211,2743,340,2122,2875,325,2121,2955,313,2104,2895
TUTUTANGO_mono_0014,80.9,0.068,AH,3,Black,5359,6643,540,1372,2702,578,1315,2647,595,1263,2677,591,1176,2699,574,1157,2651
TUTUTANGO_mono_0015,84,0.08,AY,7,Magenta,5360,7000,655,1094,2811,681,1244,2701,667,1369,2591,627,1532,2440,573,1691,2430
TUTUTANGO_mono_0016,70.7,0.168,OW,14,Maroon,5361,5571,580,1264,2342,563,1093,2452,532,952,2439,515,841,2542,517,816,2504
TUTUTANGO_mono_0017,72.2,0.108,AA,1,Red,5362,5929,536,803,3099,589,876,2898,607,974,2988,648,986,3088,650,1090,2921
TUTUTANGO_mono_0018,73.5,0.03,AH,3,Black,5363,4500,505,1446,2719,464,1407,2738,442,1488,2720,443,1512,2646,496,1560,2652
TUTUTANGO_mono_0019,71.5,0.05,EH,8,Black,5364,6643,585,1438,2779,586,1390,3004,593,1463,2635,601,1463,2662,595,1505,2671
TUTUTANGO_mono_0020,62.5,0.18,ER,9,Lime,5365,6643,464,1646,3293,526,1564,3168,546,1513,3221,623,1575,3407,598,1634,3309
TUTUTANGO_mono_0021,98,0.058,EY,10,Purple,5366,6643,474,1688,2241,463,1706,2384,455,1748,2527,409,1775,2637,407,1746,2563
TUTUTANGO_mono_0022,291,0.06,AA,1,Red,5367,5571,524,1302,2725,575,1288,2859,606,1256,2395,608,1211,2263,620,1155,2068
TUTUTANGO_mono_0023,80.2,0.14,AY,7,Magenta,5368,7000,661,1463,2456,663,1613,2565,616,1722,2630,574,1954,2720,529,2074,2785
TUTUTANGO_mono_0024,84.6,0.08,AY,7,Magenta,5369,5214,741,1336,2484,699,1394,2467,644,1505,2364,574,1620,1920,485,1721,1921
TUTUTANGO_mono_0025,100,0.068,AH,3,Black,5370,5571,606,1071,2253,634,1043,2366,623,981,2411,607,949,2457,584,991,2607
TUTUTANGO_mono_0026,68.2,0.05,AH,3,Black,5371,5929,575,1204,2738,592,1218,2749,604,1215,2770,623,1152,2852,591,1150,2713
TUTUTANGO_mono_0027,63.8,0.11,IH,11,Teal,5372,4500,562,1393,2564,577,1572,2551,589,1735,2526,587,1764,2542,577,1736,2434
TUTUTANGO_mono_0028,83.6,0.08,AE,2,Blue,5373,4857,736,1424,2144,749,1356,2210,737,1334,2280,712,1275,2198,667,1206,2119
TUTUTANGO_mono_0029,74.5,0.1,AA,1,Red,5374,5929,669,1028,2165,675,1002,2426,688,1026,2406,693,1163,2424,650,1275,2496
TUTUTANGO_mono_0030,0,0.12,AH,3,Black,5375,4500,479,1531,2391,456,1526,2535,465,1495,2261,447,1498,2450,466,1567,2610
TUTUTANGO_mono_0031,86.8,0.098,AE,2,Blue,5376,5571,659,1437,2079,702,1432,2032,715,1381,2273,731,1351,2336,711,1297,2313
TUTUTANGO_mono_0032,77.1,0.04,AH,3,Black,5377,5571,441,933,2319,503,1040,2300,536,1155,2330,552,1249,2344,542,1283,2357
TUTUTANGO_mono_0033,84.2,0.08,EH,8,Black,5378,4500,580,1432,2274,602,1410,2148,602,1368,2060,589,1310,1905,546,1291,1818
TUTUTANGO_mono_0034,101.1,0.04,ER,9,Lime,5379,4500,464,1163,1619,432,1256,1627,443,1248,1583,450,1260,1585,403,1327,1596
TUTUTANGO_mono_0035,90.2,0.068,ER,9,Lime,5380,5214,469,1315,1943,492,1312,1881,502,1288,1735,489,1239,1756,498,1175,1721
TUTUTANGO_mono_0036,94,0.05,IY,13,Pink,5381,6643,525,2014,2441,523,2098,2564,516,2035,2664,510,2048,2698,508,2209,2820
TUTUTANGO_mono_0037,68,0.098,IH,11,Teal,5382,4500,565,1825,2568,580,1662,2528,586,1636,2527,590,1658,2478,541,1681,2437
TUTUTANGO_mono_0038,72.4,0.09,AH,3,Black,5383,5214,645,1589,2660,626,1548,2691,593,1623,2715,627,1628,2799,617,1689,2806
TUTUTANGO_mono_0039,76.1,0.078,IH,11,Teal,5384,5571,464,1606,2606,475,1613,2601,493,1647,2676,489,1624,2682,435,1641,2674
TUTUTANGO_mono_0040,324.3,0.09,AW,5,Olive,5385,4857,601,1580,2709,676,1554,2606,696,1453,2515,724,1386,2363,732,1307,2377
TUTUTANGO_mono_0041,96.4,0.12,AY,7,Magenta,5386,5214,632,1363,2380,701,1243,2404,731,1297,2395,709,1456,2380,639,1485,2440
TUTUTANGO_mono_0042,106.3,0.058,UH,16,Silver,5387,5214,560,1247,2677,550,1270,2609,532,1267,2528,481,1271,2611,428,1370,2607
TUTUTANGO_mono_0043,82.9,0.11,IH,11,Teal,5388,6643,369,1820,2046,320,2006,2316,327,1991,2384,341,1969,2304,389,1863,2237
TUTUTANGO_mono_0044,82.8,0.058,AY,7,Magenta,5389,6643,670,1302,2721,662,1408,2680,624,1625,2714,560,1770,2614,511,1723,2680
TUTUTANGO_mono_0045,331.2,0.07,AE,2,Blue,5390,7000,560,1601,2605,616,1558,2627,649,1465,2460,678,1433,2392,682,1424,2399
TUTUTANGO_mono_0046,83.1,0.14,EY,10,Purple,5391,4500,498,1652,2443,488,1767,2467,476,1861,2468,466,1897,2511,448,1897,2564
TUTUTANGO_mono_0047,193,0.09,AH,3,Black,5392,4857,663,1286,2448,646,1218,2468,626,1193,2622,602,1163,2495,537,1095,2453
TUTUTANGO_mono_0048,92.5,0.06,UW,17,Cyan,5393,4857,358,1266,2358,363,1224,2327,350,1217,2301,334,1165,2203,324,1168,2259
TUTUTANGO_mono_0049,66.7,0.21,EY,10,Purple,5394,4857,531,1673,2340,507,1751,2481,498,1914,2618,532,2074,2617,527,2089,2658
TUTUTANGO_mono_0050,87.1,0.068,AE,2,Blue,5395,5214,615,1570,2651,642,1521,2630,636,1533,2552,647,1525,2506,626,1480,2516
TUTUTANGO_mono_0051,76.6,0.048,EY,10,Purple,5396,4857,528,1899,2503,527,1899,2739,500,2004,2596,403,2023,2588,412,2130,2664
TUTUTANGO_mono_0052,74.8,0.028,UW,17,Cyan,5397,4857,357,1919,2662,337,1832,2598,341,1855,2624,314,1882,2660,321,1908,2623
TUTUTANGO_mono_0053,75.4,0.03,EH,8,Black,5398,6286,593,1400,2386,574,1375,2433,570,1367,2352,576,1410,2414,592,1343,2402
TUTUTANGO_mono_0054,0,0.098,AH,3,Black,5399,4500,474,1796,2412,464,1848,2560,546,1742,2612,498,1683,2588,495,1657,2612
TUTUTANGO_mono_0055,81.5,0.168,IH,11,Teal,5400,5214,593,1655,2822,498,1692,2716,604,1752,2647,592,1678,2613,631,1669,2582
TUTUTANGO_mono_0056,106.3,0.028,AH,3,Black,5401,5571,582,1475,2612,541,1465,2568,436,1453,2513,304,1533,2561,199,1584,2639
TUTUTANGO_mono_0057,74,0.098,AW,5,Olive,5402,5571,627,1355,2324,678,1352,2310,698,1295,2596,678,1249,2319,659,1200,2549
TUTUTANGO_mono_0058,69.1,0.04,AH,3,Black,5403,5214,523,1273,2502,457,1380,2712,410,1402,2736,446,1331,2538,422,1333,2524
TUTUTANGO_mono_0059,71.8,0.08,EY,10,Purple,5404,4500,575,1517,2100,572,1649,2312,553,1757,2476,546,1884,2552,539,1855,2551
TUTUTANGO_mono_0060,63.7,0.028,AO,4,Green,5405,5214,508,1286,1848,539,1131,1854,535,1146,1780,510,1170,1798,536,1194,1770
TUTUTANGO_mono_0061,0,0.048,AA,1,Red,5406,5571,657,1295,2573,685,1231,2741,679,1207,2858,679,1218,2994,693,1118,2985
TUTUTANGO_mono_0062,84.1,0.06,AY,7,Magenta,5407,5571,719,1360,2393,699,1407,2381,679,1508,2369,658,1577,2546,638,1657,2554
TUTUTANGO_mono_0063,103.8,0.07,AA,1,Red,5408,5929,619,1261,2602,670,1201,2589,694,1126,2676,681,1106,2612,649,1050,2587
TUTUTANGO_mono_0064,114.7,0.048,AY,7,Magenta,5409,5571,649,1287,2361,620,1363,2394,621,1464,2454,616,1521,2449,591,1535,2502
TUTUTANGO_mono_0065,90,0.048,AH,3,Black,5410,5571,488,1559,2422,498,1497,2334,465,1474,2298,442,1365,2253,424,1417,2170
TUTUTANGO_mono_0066,0,0.03,AO,4,Green,5411,6286,658,1415,2247,579,695,2050,548,829,2264,509,902,2198,529,960,2050
TUTUTANGO_mono_0067,85.4,0.06,ER,9,Lime,5412,7000,538,1411,2744,528,1449,2776,516,1529,2787,500,1526,2739,366,1587,2790
TUTUTANGO_mono_0068,0,0.08,AO,4,Green,5413,5929,437,1224,2819,470,1189,2717,479,1036,2393,580,790,2323,581,785,2261
TUTUTANGO_mono_0069,77.1,0.1,AE,2,Blue,5414,6643,604,1484,1901,652,1463,2045,696,1419,2158,697,1397,2280,642,1308,2264
TUTUTANGO_mono_0070,76.1,0.04,AH,3,Black,5415,6643,537,1288,2275,536,1343,2352,515,1385,2406,492,1417,2475,454,1437,2428
TUTUTANGO_mono_0071,78,0.06,OW,14,Maroon,5416,5571,478,1290,2406,484,1276,2436,424,1252,2375,429,1266,2344,408,1301,2416
TUTUTANGO_mono_0072,0,0.038,IH,11,Teal,5417,4857,456,1544,2647,413,1489,2662,406,1549,2666,383,1581,2598,340,1616,2671
TUTUTANGO_mono_0073,73.7,0.098,EY,10,Purple,5418,4500,467,1711,2401,477,1716,2473,466,1836,2386,427,1916,2417,384,1934,2258
TUTUTANGO_mono_0074,63.2,0.038,AH,3,Black,5419,4857,504,1031,1980,510,948,2272,511,922,2308,502,901,2328,505,831,2419
TUTUTANGO_mono_0075,77.9,0.038,AH,3,Black,5420,4857,577,1597,2476,590,1549,2470,616,1490,2354,603,1441,2338,612,1353,2302
TUTUTANGO_mono_0076,75.4,0.148,AO,4,Green,5421,6643,613,1324,2430,611,1220,2811,580,1216,2944,569,825,2517,568,883,2397
TUTUTANGO_mono_0077,71.7,0.06,AH,3,Black,5422,4857,539,1369,1606,490,1277,1623,402,1222,1707,462,910,1695,369,1015,1730
TUTUTANGO_mono_0078,65.4,0.12,UW,17,Cyan,5423,4500,377,1957,2201,374,1757,2249,364,1659,2292,349,1633,2282,378,1600,2399
TUTUTANGO_mono_0079,0,0.03,AH,3,Black,5424,5929,486,1324,2553,396,1281,2467,381,1287,2537,254,1369,2616,204,1435,2784
TUTUTANGO_mono_0080,91.4,0.048,EY,10,Purple,5425,4857,499,1639,2543,492,1675,2442,468,1672,2287,456,1562,2154,445,1518,2177
TUTUTANGO_mono_0081,83.5,0.07,ER,9,Lime,5426,4500,483,1052,1817,513,1165,1715,545,1259,1709,575,1327,1835,618,1343,1825
TUTUTANGO_mono_0082,78.2,0.098,AW,5,Olive,5427,5571,669,1405,2065,688,1367,2176,717,1326,2285,701,1308,2415,660,1267,2468
TUTUTANGO_mono_0083,81.7,0.038,AH,3,Black,5428,5929,548,1294,2501,567,1289,2435,580,1290,2410,564,1258,2414,514,1221,2352
TUTUTANGO_mono_0084,71.2,0.13,OW,14,Maroon,5429,4857,529,975,2371,523,951,2388,510,923,2391,493,927,2460,494,1009,2431
TUTUTANGO_mono_0085,85.5,0.038,AH,3,Black,5430,6286,478,1727,2434,453,1834,2425,403,1896,2417,384,2014,2374,368,1849,2466
TUTUTANGO_mono_0086,79.3,0.058,AE,2,Blue,5431,5929,731,1402,2216,732,1350,2179,723,1339,2251,704,1365,2315,681,1414,2359
TUTUTANGO_mono_0087,81.2,0.04,IH,11,Teal,5432,7000,559,2480,3358,421,2350,3466,437,2227,3001,430,1911,2952,426,1874,3112
TUTUTANGO_mono_0088,67.2,0.12,OW,14,Maroon,5433,4500,500,1482,2173,548,1277,2096,557,1198,2007,531,1061,2003,487,1058,2104
TUTUTANGO_mono_0089,0,0.028,IH,11,Teal,5434,5214,627,1526,2444,612,1541,2442,595,1586,2485,586,1649,2635,591,1655,2522
TUTUTANGO_mono_0090,85.1,0.04,AH,3,Black,5435,4500,646,1211,2342,649,1277,2370,652,1303,2419,663,1339,2514,634,1369,2553
TUTUTANGO_mono_0091,97.7,0.108,EY,10,Purple,5436,4857,549,1670,2602,537,1701,2519,519,1797,2485,541,1811,2506,577,1849,2543
TUTUTANGO_mono_0092,97.8,0.048,EH,8,Black,5437,4857,600,1847,2551,620,1796,2567,629,1741,2622,635,1721,2637,628,1645,2640
TUTUTANGO_mono_0093,92.6,0.09,ER,9,Lime,5438,4500,588,1508,2251,587,1578,2183,569,1606,2119,499,1620,2045,513,1655,2094
TUTUTANGO_mono_0094,79.4,0.168,IY,13,Pink,5439,5214,350,1848,2467,347,1925,2713,342,1948,2738,361,1996,2786,447,2093,2741
TUTUTANGO_mono_0095,83.4,0.04,AY,7,Magenta,5440,6643,697,1541,2694,700,1551,2698,703,1590,2654,700,1606,2637,696,1626,2674
TUTUTANGO_mono_0096,87.2,0.088,AE,2,Blue,5441,5929,781,1535,2536,764,1507,2480,759,1496,2510,762,1457,2567,784,1455,2604
TUTUTANGO_mono_0097,62.1,0.13,AE,2,Blue,5442,5571,739,1287,2630,751,1358,2507,766,1426,2496,770,1383,2516,763,1387,2444
TUTUTANGO_mono_0098,83.7,0.06,IH,11,Teal,5443,4500,530,1559,2337,511,1615,2302,484,1668,2297,423,1756,2286,399,1713,2286
TUTUTANGO_mono_0099,77.5,0.098,AH,3,Black,5444,5214,520,1564,2381,538,1484,2385,544,1492,2400,469,1463,2494,439,1541,2496
TUTUTANGO_mono_0100,322.8,0.2,AE,2,Blue,5445,5571,582,1700,1892,713,1591,2141,733,1413,2227,730,1533,2377,762,1552,2359
TUTUTANGO_mono_0101,101.5,0.16,UW,17,Cyan,5446,4500,426,1499,1868,419,1443,1825,426,1398,1939,484,1089,1940,445,1079,1986
TUTUTANGO_mono_0102,84,0.068,AY,7,Magenta,5447,5214,679,1379,2244,718,1427,2325,685,1478,2402,652,1488,2433,626,1547,2504
TUTUTANGO_mono_0103,104.8,0.058,UH,16,Silver,5448,5214,580,1648,2342,517,1586,2350,446,1601,2247,442,1613,2185,408,1632,2082
TUTUTANGO_mono_0104,94.8,0.08,AH,3,Black,5449,4857,437,1658,2209,456,1584,2305,491,1593,2339,475,1568,2340,492,1635,2407
TUTUTANGO_mono_0105,88.9,0.12,IY,13,Pink,5450,4500,360,2061,2852,357,2062,2891,350,2060,2866,374,2101,2891,407,2071,2823
TUTUTANGO_mono_0106,82.8,0.028,IH,11,Teal,5451,4857,532,1768,2324,519,1706,2328,535,1675,2330,530,1628,2330,532,1612,2339
TUTUTANGO_mono_0107,81.1,0.048,AH,3,Black,5452,5571,390,1339,2446,417,1280,2340,402,1157,2318,392,1051,2290,374,996,2336
TUTUTANGO_mono_0108,75.7,0.04,IH,11,Teal,5453,4500,558,1312,2377,562,1470,2412,560,1502,2495,548,1487,2557,538,1578,2586
TUTUTANGO_mono_0109,202.6,0.19,OW,14,Maroon,5454,4500,576,1554,2425,622,1263,2324,603,1078,2348,615,1054,2224,695,1134,2337
TUTUTANGO_mono_0110,88.4,0.05,OW,14,Maroon,5455,4500,476,855,1861,472,772,1985,475,759,2191,481,766,2212,481,772,2366
TUTUTANGO_mono_0111,82.6,0.108,AY,7,Magenta,5456,5929,677,1230,2859,688,1307,2821,655,1417,2717,605,1452,2558,622,1696,2442
TUTUTANGO_mono_0112,66.2,0.09,OW,14,Maroon,5457,4500,562,1258,2309,594,1269,2270,635,1252,2133,634,1209,2108,642,1146,2281
TUTUTANGO_mono_0113,184.7,0.09,OW,14,Maroon,5458,7000,621,1453,2481,630,1356,2407,612,1189,2352,572,1034,2403,563,978,2475
TUTUTANGO_mono_0114,83.1,0.05,ER,9,Lime,5459,5929,482,1085,1789,502,1115,1672,519,1151,1664,549,1188,1565,604,1227,1547
TUTUTANGO_mono_0115,80.4,0.038,ER,9,Lime,5460,4857,450,1310,1610,409,1369,1526,391,1346,1548,376,1290,1573,377,1263,1534
TUTUTANGO_mono_0116,0,0.048,AH,3,Black,5461,5571,591,1211,2429,597,1169,2429,612,1116,2306,596,1026,2377,599,1086,2436
TUTUTANGO_mono_0117,64.2,0.03,AH,3,Black,5462,4500,601,1230,2142,603,1336,2279,610,1352,2404,584,1342,2445,618,1308,2540
TUTUTANGO_mono_0118,68.7,0.23,EY,10,Purple,5463,4500,538,1566,2516,590,1661,2501,587,1726,2498,597,1809,2477,622,1885,2540
TUTUTANGO_mono_0119,85.5,0.118,ER,9,Lime,5464,4857,412,1515,2175,421,1436,1989,441,1294,1650,447,1218,1647,561,1307,1765
TUTUTANGO_mono_0120,86.3,0.168,AE,2,Blue,5465,5571,673,1506,2257,742,1532,2427,743,1555,2455,740,1639,2570,739,1631,2562
TUTUTANGO_mono_0121,290.8,0.08,EH,8,Black,5466,5214,600,1494,2467,603,1570,2396,592,1586,2330,568,1647,2130,465,1742,2126
TUTUTANGO_mono_0122,0,0.038,AH,3,Black,5467,4857,504,1618,2369,441,1574,2351,456,1486,2337,456,1530,2351,329,1702,2434
TUTUTANGO_mono_0123,82.8,0.04,IH,11,Teal,5468,4500,466,1519,2388,458,1535,2380,439,1557,2424,430,1572,2417,457,1636,2417
TUTUTANGO_mono_0124,66.9,0.04,AH,3,Black,5469,4500,526,2039,2457,509,1840,2507,527,1683,2507,524,1677,2475,513,1664,2451
TUTUTANGO_mono_0125,76.1,0.08,OW,14,Maroon,5470,4500,628,1133,2160,588,1070,2255,578,1041,2291,600,990,2326,546,842,2203
TUTUTANGO_mono_0126,0,0.028,AH,3,Black,5471,5214,570,1287,2424,544,1435,2538,541,1493,2628,507,1495,2631,543,1433,2659
TUTUTANGO_mono_0127,70.1,0.078,AE,2,Blue,5472,5571,545,1433,2878,607,1436,2815,647,1475,2678,669,1487,2676,656,1525,2677
TUTUTANGO_mono_0128,69.8,0.098,UW,17,Cyan,5473,4857,522,1841,2603,492,1779,2473,488,1741,2419,501,1731,2410,499,1598,2408
TUTUTANGO_mono_0129,110.6,0.038,EH,8,Black,5474,4857,579,1351,2366,577,1324,2365,606,1275,2420,623,1216,2461,621,1186,2480
TUTUTANGO_mono_0130,125.5,0.18,AA,1,Red,5475,7000,663,933,2899,672,920,2869,684,1004,2897,689,1154,2738,646,1089,2816
TUTUTANGO_mono_0131,112.5,0.038,IY,13,Pink,5476,5929,435,1697,2512,431,1759,2498,409,1869,2456,369,2080,2344,345,1737,2349
TUTUTANGO_mono_0132,81.1,0.11,AW,5,Olive,5477,5571,673,1309,2357,683,1284,2369,695,1314,2484,682,1308,2491,647,1327,2600
TUTUTANGO_mono_0133,74.4,0.048,AE,2,Blue,5478,6286,617,1329,2627,625,1300,2623,606,1296,2624,581,1392,2675,567,1361,2616
TUTUTANGO_mono_0134,0,0.038,AH,3,Black,5479,4857,475,1349,2660,489,1393,2659,460,1361,2603,431,1419,2645,416,1354,2701
TUTUTANGO_mono_0135,65.9,0.128,AY,7,Magenta,5480,5214,700,1291,2635,683,1345,2684,671,1543,2674,670,1591,2699,656,1629,2616
TUTUTANGO_mono_0136,84.4,0.058,AE,2,Blue,5481,5214,738,1324,2351,742,1319,2323,736,1310,2473,742,1288,2428,689,1332,2438
TUTUTANGO_mono_0137,91.7,0.08,ER,9,Lime,5482,4857,422,1403,1738,422,1373,1703,419,1298,1521,425,1273,1562,414,1253,1550
TUTUTANGO_mono_0138,81.5,0.05,AH,3,Black,5483,4500,410,1225,1570,367,1177,1605,379,1183,1574,341,1198,1621,379,1277,1709
TUTUTANGO_mono_0139,99.5,0.04,UW,17,Cyan,5484,4500,315,1873,2109,309,1616,2104,311,1507,2080,303,1281,2018,307,968,1911
TUTUTANGO_mono_0140,74.4,0.15,AY,7,Magenta,5485,5571,624,1260,2211,712,1277,2277,697,1336,2278,626,1642,2320,574,1802,2462
TUTUTANGO_mono_0141,0,0.168,AH,3,Black,5486,5214,484,1548,2668,565,1399,2502,585,1288,2503,635,1253,2477,588,1243,2548
TUTUTANGO_mono_0142,0,0.03,AH,3,Black,5487,4500,562,1301,2551,562,1321,2508,545,1324,2484,537,1301,2406,526,1268,2413
TUTUTANGO_mono_0143,83.7,0.078,IH,11,Teal,5488,5214,487,1386,2456,494,1692,2420,489,1847,2477,470,1979,2517,457,1920,2422
TUTUTANGO_mono_0144,81.4,0.098,EY,10,Purple,5489,4857,432,1728,2259,434,1833,2385,411,1883,2464,390,1946,2470,357,1994,2582
TUTUTANGO_mono_0145,83.8,0.11,IY,13,Pink,5490,6643,446,1841,2397,433,1967,2506,432,2036,2646,466,2054,2691,518,1950,2607
TUTUTANGO_mono_0146,70.6,0.098,EH,8,Black,5491,4857,595,1827,2476,633,1670,2463,626,1713,2001,604,1691,2012,535,1802,1966
TUTUTANGO_mono_0147,84.2,0.108,EY,10,Purple,5492,4857,465,1705,2488,499,1807,2528,485,1819,2491,482,1856,2473,453,1843,2400
TUTUTANGO_mono_0148,82.9,0.048,AY,7,Magenta,5493,6286,751,1282,3366,701,1296,3327,721,1356,3120,680,1320,2211,652,1259,2089
TUTUTANGO_mono_0149,86.3,0.068,AA,1,Red,5494,6643,597,799,2820,661,882,2905,700,1024,3026,691,1096,3104,667,1202,3155
TUTUTANGO_mono_0150,100.5,0.058,ER,9,Lime,5495,4857,546,1313,1840,526,1375,1923,519,1466,1931,497,1240,1931,455,1228,1849
TUTUTANGO_mono_0151,0,0.038,AH,3,Black,5496,6286,412,1505,2522,415,1460,2518,443,1405,2465,395,1447,2511,397,1546,2585
TUTUTANGO_mono_0152,84.1,0.038,AH,3,Black,5497,4857,557,1897,2337,513,1877,2395,473,1947,2379,437,2108,2321,411,1999,2440
TUTUTANGO_mono_0153,97.1,0.048,IH,11,Teal,5498,5571,432,1974,2573,402,1881,2584,405,1793,2626,382,1682,2628,358,1689,2630
TUTUTANGO_mono_0154,88.8,0.088,UW,17,Cyan,5499,5929,375,1874,2308,400,1730,2278,420,1503,2274,429,1302,2355,406,1554,2437
TUTUTANGO_mono_0155,83.2,0.148,AY,7,Magenta,5500,6286,652,1101,2317,703,1155,2337,681,1298,2323,665,1287,2279,614,1408,2211
TUTUTANGO_mono_0156,79.1,0.06,AA,1,Red,5501,4857,636,1479,2241,637,1344,2210,647,1308,2158,675,1219,2154,601,1185,2149
TUTUTANGO_mono_0157,75.8,0.038,AH,3,Black,5502,4857,547,1324,2549,595,1286,2533,528,1519,2589,519,1531,2553,559,1610,2452
TUTUTANGO_mono_0158,77.4,0.09,UW,17,Cyan,5503,4500,343,1069,2002,331,1072,2018,359,1120,2057,381,1287,2140,402,1369,2105
TUTUTANGO_mono_0159,110,0.21,ER,9,Lime,5504,4500,436,1377,1651,449,1381,1586,516,1390,1734,580,1555,1794,504,1519,1887
TUTUTANGO_mono_0160,78.9,0.04,EH,8,Black,5505,4500,504,1790,2118,525,1663,2164,577,1406,2190,591,1318,2282,621,1279,2320
TUTUTANGO_mono_0161,62.6,0.08,IH,11,Teal,5506,4857,591,1276,2675,598,1231,2655,602,1379,2633,595,1631,2650,625,1792,2665
TUTUTANGO_mono_0162,103.6,0.11,UW,17,Cyan,5507,4500,347,1590,2236,357,1449,2169,409,1298,2179,379,1052,2228,376,939,2334
TUTUTANGO_mono_0163,101.3,0.14,UW,17,Cyan,5508,6286,406,1840,2333,405,1536,2325,394,1361,2299,382,1329,2365,457,1092,2440
TUTUTANGO_mono_0164,85.6,0.038,AY,7,Magenta,5509,4857,646,1462,2471,631,1630,2525,612,1732,2557,620,1878,2466,704,2023,2432
TUTUTANGO_mono_0165,92.2,0.03,IH,11,Teal,5510,5929,444,1920,2343,445,1923,2276,446,1775,2245,497,1739,2295,483,1451,2271
TUTUTANGO_mono_0166,84.8,0.038,AH,3,Black,5511,6286,443,1094,2538,447,1217,2589,440,1228,2613,418,1238,2631,402,1148,2659
TUTUTANGO_mono_0167,71.7,0.07,AH,3,Black,5512,4857,400,1325,2596,384,1401,2586,387,1385,2619,358,1402,2563,407,1505,2555
TUTUTANGO_mono_0168,77.9,0.09,AW,5,Olive,5513,5214,697,1778,2578,722,1306,2468,717,1302,2621,717,1292,2702,681,1294,2656
TUTUTANGO_mono_0169,300.4,0.09,EH,8,Black,5514,4857,584,1411,2418,618,1475,2472,635,1557,2405,621,1621,2358,621,1621,2360
TUTUTANGO_mono_0170,65.9,0.038,AE,2,Blue,5515,4857,650,1371,2654,666,1404,2632,668,1356,2633,673,1341,2599,654,1321,2598
TUTUTANGO_mono_0171,0,0.038,AH,3,Black,5516,5929,558,1021,2556,568,1153,2520,590,1169,2517,584,1004,2450,512,1116,2483
TUTUTANGO_mono_0172,76.7,0.06,IY,13,Pink,5517,7000,317,2264,3088,304,2227,3184,283,2119,3431,315,2158,3391,341,2263,3411
TUTUTANGO_mono_0173,79.9,0.058,AY,7,Magenta,5518,5214,703,1387,2353,683,1516,2350,688,1573,2464,685,1569,2582,671,1848,2700
TUTUTANGO_mono_0174,96.1,0.12,AE,2,Blue,5519,6643,611,1565,2600,693,1511,2524,740,1460,2349,746,1449,2577,749,1427,2484
TUTUTANGO_mono_0175,335.2,0.048,AH,3,Black,5520,6286,698,1319,2313,678,1300,2617,689,1307,2704,678,1296,2693,637,1342,2647
TUTUTANGO_mono_0176,101,0.118,ER,9,Lime,5521,5571,416,1373,1753,420,1295,1722,421,1278,1659,427,1279,1673,441,1265,1710
TUTUTANGO_mono_0177,86.9,0.068,AH,3,Black,5522,5571,435,1355,1680,420,1413,1602,390,1375,1637,392,1333,1680,380,1547,1671
TUTUTANGO_mono_0178,71.7,0.168,IY,13,Pink,5523,4500,397,1677,2304,383,1871,2461,423,1902,2479,439,1967,2499,554,1963,2508
TUTUTANGO_mono_0179,81.1,0.048,IH,11,Teal,5524,6286,538,1331,2485,520,1403,2508,479,1431,2513,453,1393,2520,408,1432,2537
TUTUTANGO_mono_0180,104.7,0.04,AH,3,Black,5525,4500,563,1405,2649,438,1397,2578,381,1364,2597,344,1326,2653,465,1380,2652
TUTUTANGO_mono_0181,96.6,0.05,AH,3,Black,5526,5214,253,1472,2695,352,1423,2670,344,1421,2629,359,1456,2636,368,1393,2587
TUTUTANGO_mono_0182,83.5,0.038,AH,3,Black,5527,4857,376,1458,2561,394,1463,2535,401,1447,2486,380,1470,2440,357,1492,2435
TUTUTANGO_mono_0183,76.3,0.14,IY,13,Pink,5528,7000,353,1905,2777,323,1968,2805,312,1926,2785,309,1979,2734,302,2071,2761
TUTUTANGO_mono_0184,85.5,0.068,AH,3,Black,5529,5214,694,1508,2689,683,1527,2777,680,1513,2709,641,1524,2643,628,1534,2677
TUTUTANGO_mono_0185,86.3,0.09,AA,1,Red,5530,4857,671,1031,2420,696,1104,2470,709,1201,2467,712,1269,2384,633,1253,2459
TUTUTANGO_mono_0186,78.2,0.038,AH,3,Black,5531,4857,460,1442,2549,363,1602,2653,372,1768,2698,349,1867,2749,333,1929,2776
TUTUTANGO_mono_0187,81.3,0.05,EH,8,Black,5532,5929,415,1919,2644,457,1726,2610,525,1477,2573,559,1306,2412,576,1234,2445
TUTUTANGO_mono_0188,97.8,0.058,OW,14,Maroon,5533,5929,542,1047,2654,545,1042,2619,529,1027,2535,471,980,2473,414,919,2490
TUTUTANGO_mono_0189,73.2,0.14,UW,17,Cyan,5534,4500,418,1275,2417,467,1276,2366,476,1317,2362,480,1272,2233,477,1347,2332
TUTUTANGO_mono_0190,73.3,0.068,EH,8,Black,5535,5214,464,1730,2967,550,1613,2972,579,1570,2824,570,1592,2700,528,1629,2487
TUTUTANGO_mono_0191,84.4,0.038,AE,2,Blue,5536,4857,622,2005,2623,623,1906,2617,589,1837,2580,597,1831,2566,606,1990,2544
TUTUTANGO_mono_0192,76,0.03,IH,11,Teal,5537,5929,529,1394,2541,544,1408,2609,527,1441,2794,508,1473,3080,475,1493,3194
TUTUTANGO_mono_0193,72.1,0.048,AH,3,Black,5538,5571,554,1458,2563,593,1487,2622,599,1421,2711,583,1447,2632,566,1622,2777
TUTUTANGO_mono_0194,68.7,0.158,AW,5,Olive,5539,6643,730,1340,1707,686,1260,1932,653,1178,1869,618,1118,1938,566,1109,2311
TUTUTANGO_mono_0195,62.2,0.03,ER,9,Lime,5540,6286,512,944,2128,469,960,2263,442,1055,2427,452,1031,2341,430,1034,2363
TUTUTANGO_mono_0196,0,0.07,AY,7,Magenta,5541,7000,658,1096,3135,674,1187,3033,661,1177,3088,693,1295,2943,670,1310,2874
TUTUTANGO_mono_0197,103.3,0.05,IH,11,Teal,5542,4500,349,1292,1935,362,1477,1930,371,1581,1937,381,1610,1915,394,1605,1915
TUTUTANGO_mono_0198,91.8,0.07,AO,4,Green,5543,4500,507,610,2037,570,608,2259,612,647,2189,565,791,2208,553,899,2205
TUTUTANGO_mono_0199,63.9,0.04,IH,11,Teal,5544,4500,578,1563,2552,586,1565,2581,539,1580,2517,519,1669,2654,549,1468,2602
TUTUTANGO_mono_0200,220.7,0.18,AA,1,Red,5545,6286,655,949,2604,686,976,2734,711,1063,2864,702,1154,2967,669,1271,2775
TUTUTANGO_mono_0201,88.6,0.06,AH,3,Black,5546,5571,611,1489,2649,606,1562,2697,556,1608,2631,559,1580,2664,578,1602,2694
TUTUTANGO_mono_0202,132.7,0.11,IY,13,Pink,5547,4500,468,1699,2415,461,1899,2457,450,1953,2452,456,1968,2518,438,1846,2490
TUTUTANGO_mono_0203,85.1,0.058,AA,1,Red,5548,5929,658,1259,2727,676,1187,2692,676,1126,2735,664,1126,2697,601,1148,2686
TUTUTANGO_mono_0204,70.6,0.038,AH,3,Black,5549,6286,457,1287,2557,441,1220,2450,474,1117,2461,423,1090,2571,457,1062,2560
TUTUTANGO_mono_0205,0,0.11,ER,9,Lime,5550,4500,484,1045,1649,483,1181,1613,464,1239,1625,464,1268,1582,470,1260,1573
TYSJ69FW5_mono_0001,97.8,0.058,OW,14,Maroon,5551,5214,403,1439,2460,399,1404,2469,363,1390,2470,347,1376,2458,336,1364,2489
TYSJ69FW5_mono_0002,117.2,0.058,IH,11,Teal,5552,5214,340,1528,2551,337,1557,2562,341,1554,2598,333,1539,2611,307,1562,2593
TYSJ69FW5_mono_0003,95.1,0.048,AO,4,Green,5553,6286,647,2086,3126,709,2030,3111,781,2013,3175,847,2015,3230,909,2035,3279
TYSJ69FW5_mono_0004,95,0.09,IH,11,Teal,5554,5571,385,1786,2455,374,1814,2361,357,1832,2341,329,1930,2313,310,1752,2372
TYSJ69FW5_mono_0005,78.5,0.028,AY,7,Magenta,5555,5214,553,1413,2359,484,1405,2334,478,1373,2270,436,1359,2240,427,1288,2162
TYSJ69FW5_mono_0006,96,0.07,OW,14,Maroon,5556,4500,383,976,2392,407,971,2407,373,962,2421,352,998,2405,332,1009,2399
TYSJ69FW5_mono_0007,132.5,0.038,AH,3,Black,5557,4857,396,1340,2419,404,1304,2412,403,1256,2428,398,1214,2475,362,1095,2525
TYSJ69FW5_mono_0008,87.1,0.07,EY,10,Purple,5558,5929,416,1739,2530,401,1958,2472,367,2051,2545,335,2066,2525,336,2078,2599
TYSJ69FW5_mono_0009,80.7,0.028,AE,2,Blue,5559,4857,539,1868,2566,497,1871,2526,540,1851,2535,462,1858,2572,465,1847,2581
TYSJ69FW5_mono_0010,80.7,0.038,IH,11,Teal,5560,6286,362,1908,2668,375,1904,2678,385,1885,2625,344,1805,2615,284,1793,2616
TYSJ69FW5_mono_0011,77.5,0.03,IY,13,Pink,5561,6643,295,2357,2777,266,2367,2845,300,2348,2849,264,2387,2894,289,2424,2958
TYSJ69FW5_mono_0012,103.8,0.04,AH,3,Black,5562,5214,361,2030,2543,363,1940,2609,366,1689,2600,386,1562,2592,345,1450,2571
TYSJ69FW5_mono_0013,112.5,0.038,IY,13,Pink,5563,6286,309,2163,2708,312,2219,2675,307,2220,2722,289,2213,2688,261,2198,2732
TYSJ69FW5_mono_0014,87.8,0.048,AH,3,Black,5564,5571,540,1364,2634,496,1350,2647,475,1316,2629,430,1309,2636,383,1263,2603
TYSJ69FW5_mono_0015,82.8,0.058,AY,7,Magenta,5565,5929,473,1325,2459,444,1414,2488,409,1487,2481,399,1670,2480,375,1869,2567
TYSJ69FW5_mono_0016,74.8,0.168,OW,14,Maroon,5566,5214,469,1321,2381,399,1229,2354,398,1106,2345,389,1011,2348,443,960,2379
TYSJ69FW5_mono_0017,70,0.05,AA,1,Red,5567,5214,667,1045,2333,591,1047,2325,608,1132,2329,601,1170,2345,564,1230,2368
TYSJ69FW5_mono_0018,64.5,0.05,EH,8,Black,5568,4500,720,1445,2485,774,1462,2434,714,1431,2470,753,1451,2525,761,1500,2553
TYSJ69FW5_mono_0019,0,0.05,ER,9,Lime,5569,4500,380,1484,2425,405,1499,2255,403,1506,2431,402,1504,2500,371,1518,2326
TYSJ69FW5_mono_0020,89.3,0.068,EY,10,Purple,5570,5571,391,1735,2231,383,1900,2303,364,1966,2381,350,1974,2439,319,1981,2535
TYSJ69FW5_mono_0021,90.3,0.04,AA,1,Red,5571,5571,506,1345,2283,523,1319,2224,517,1318,2126,513,1296,2129,522,1304,2091
TYSJ69FW5_mono_0022,73.3,0.098,AY,7,Magenta,5572,5214,497,1529,2190,488,1622,2253,458,1777,2380,417,1909,2470,409,1989,2571
TYSJ69FW5_mono_0023,84,0.04,AY,7,Magenta,5573,5214,582,1556,2578,481,1569,2481,442,1627,2386,413,1622,2345,390,1706,2223
TYSJ69FW5_mono_0024,95.8,0.03,AH,3,Black,5574,4500,372,1269,2195,359,1206,2196,351,1190,2188,355,1179,2171,347,1162,2180
TYSJ69FW5_mono_0025,112.2,0.038,AH,3,Black,5575,5929,578,1159,2442,482,1106,2417,464,1099,2307,453,1053,2280,437,1065,2392
TYSJ69FW5_mono_0026,111.4,0.038,IH,11,Teal,5576,5929,371,1581,2676,374,1676,2676,372,1811,2664,367,1910,2666,342,1899,2678
TYSJ69FW5_mono_0027,77.7,0.04,AE,2,Blue,5577,4500,850,1517,2390,903,1452,2401,868,1434,2441,870,1427,2491,852,1406,2486
TYSJ69FW5_mono_0028,101.8,0.068,AA,1,Red,5578,5929,521,994,2750,563,1067,2661,555,1116,2703,449,1151,2723,401,1312,2659
TYSJ69FW5_mono_0029,103.6,0.06,AH,3,Black,5579,4500,302,1688,2599,318,1548,2624,309,1531,2683,289,1527,2720,280,1502,2733
TYSJ69FW5_mono_0030,101.3,0.09,AE,2,Blue,5580,5214,622,1430,2247,654,1354,2148,658,1352,2218,621,1271,2273,402,1163,2347
TYSJ69FW5_mono_0031,109.5,0.028,AH,3,Black,5581,4857,399,1114,2376,394,1209,2321,380,1314,2265,338,1357,2233,289,1430,2105
TYSJ69FW5_mono_0032,113.9,0.04,EH,8,Black,5582,5214,416,1537,2489,416,1546,2409,362,1581,2391,348,1566,2252,343,1545,2197
TYSJ69FW5_mono_0033,119.4,0.06,ER,9,Lime,5583,4500,307,1370,1932,320,1399,1782,338,1479,1862,350,1571,1983,340,1684,2154
TYSJ69FW5_mono_0034,89.6,0.04,ER,9,Lime,5584,5571,384,1534,2072,360,1514,2032,359,1476,2015,356,1425,1953,355,1367,1951
TYSJ69FW5_mono_0035,96.6,0.05,IY,13,Pink,5585,4500,317,1470,2426,313,1324,2410,316,1451,2356,325,1516,2145,322,1465,2115
TYSJ69FW5_mono_0036,95.6,0.078,IH,11,Teal,5586,5571,367,1809,2581,354,1838,2586,354,1825,2586,349,1792,2555,292,1749,2563
TYSJ69FW5_mono_0037,75.2,0.028,EH,8,Black,5587,5214,512,1929,2751,441,1911,2720,465,1855,2724,450,1781,2689,413,1750,2698
TYSJ69FW5_mono_0038,70,0.09,IH,11,Teal,5588,4857,388,1746,2665,419,1782,2694,434,1784,2653,427,1779,2663,405,1728,2743
TYSJ69FW5_mono_0039,0,0.04,AW,5,Olive,5589,5214,483,1701,2679,546,1618,2625,482,1560,2628,609,1518,2630,687,1393,2601
TYSJ69FW5_mono_0040,0,0.04,AH,3,Black,5590,5214,367,1516,2646,342,1497,2675,326,1486,2679,339,1512,2659,315,1547,2609
TYSJ69FW5_mono_0041,108.7,0.11,AY,7,Magenta,5591,5571,556,1415,2411,634,1435,2368,608,1517,2382,539,1567,2651,433,1505,2691
TYSJ69FW5_mono_0042,109,0.048,UH,16,Silver,5592,5571,411,1472,2575,396,1507,2554,360,1553,2479,323,1555,2423,273,1613,2494
TYSJ69FW5_mono_0043,80.8,0.068,IH,11,Teal,5593,5571,270,1941,2189,281,1927,2171,289,1930,2205,311,1799,2175,336,1748,2168
TYSJ69FW5_mono_0044,73.8,0.05,AY,7,Magenta,5594,4500,500,1349,2720,494,1433,2710,440,1528,2542,386,1730,2394,376,1910,2375
TYSJ69FW5_mono_0045,97.6,0.038,AE,2,Blue,5595,5929,428,1639,2665,427,1648,2662,420,1613,2686,441,1580,2696,464,1572,2679
TYSJ69FW5_mono_0046,97.2,0.08,EY,10,Purple,5596,5214,358,2020,2593,358,2060,2587,366,2054,2555,378,2008,2582,372,1944,2629
TYSJ69FW5_mono_0047,111.5,0.038,AH,3,Black,5597,4857,367,1610,2464,357,1565,2448,338,1507,2422,315,1403,2414,295,1363,2414
TYSJ69FW5_mono_0048,89.5,0.12,UW,17,Cyan,5598,5214,308,1402,2303,291,1361,2261,274,1348,2268,262,1372,2260,252,1367,2254
TYSJ69FW5_mono_0049,73.2,0.098,EY,10,Purple,5599,4857,391,1630,2173,408,1682,2237,408,1760,2334,412,1774,2463,399,1737,2509
TYSJ69FW5_mono_0050,0,0.05,AE,2,Blue,5600,5929,521,1560,2537,519,1581,2503,483,1601,2501,466,1579,2478,460,1548,2421
TYSJ69FW5_mono_0051,78.8,0.07,EY,10,Purple,5601,4857,409,1856,2518,394,1888,2485,381,2007,2423,360,2291,2379,308,2177,2434
TYSJ69FW5_mono_0052,93,0.028,UW,17,Cyan,5602,5214,258,1532,2253,249,1567,2226,233,1574,2284,219,1658,2356,235,1605,2304
TYSJ69FW5_mono_0053,75.5,0.048,EH,8,Black,5603,5571,491,1237,2394,543,1301,2406,529,1373,2395,461,1413,2402,402,1450,2447
TYSJ69FW5_mono_0054,0,0.03,AH,3,Black,5604,4500,593,1415,2149,1050,1438,2527,937,1719,2568,820,1818,2652,1024,1851,2721
TYSJ69FW5_mono_0055,71.6,0.08,AW,5,Olive,5605,5214,465,1465,2450,579,1385,2445,643,1328,2486,596,1296,2524,487,1250,2543
TYSJ69FW5_mono_0056,71.1,0.04,UW,17,Cyan,5606,5214,436,1296,2375,285,1210,2292,280,1172,2239,278,1185,2241,335,1232,2025
TYSJ69FW5_mono_0057,71.5,0.098,EY,10,Purple,5607,4500,387,1718,2258,384,1868,2345,407,1939,2379,421,1967,2456,407,1915,2486
TYSJ69FW5_mono_0058,0,0.038,ER,9,Lime,5608,4857,377,1487,2261,415,1453,2205,388,1454,2154,377,1427,2137,342,1407,2154
TYSJ69FW5_mono_0059,76.2,0.05,AY,7,Magenta,5609,5214,737,1534,2515,600,1548,2538,575,1626,2517,555,1586,2504,445,1701,2534
TYSJ69FW5_mono_0060,99.1,0.108,AA,1,Red,5610,5214,609,1261,2616,719,1144,2582,764,1118,2523,716,1173,2492,487,1183,2377
TYSJ69FW5_mono_0061,108.7,0.07,AY,7,Magenta,5611,5929,519,1396,2321,543,1422,2393,530,1447,2457,469,1453,2543,420,1463,2584
TYSJ69FW5_mono_0062,105.3,0.04,AH,3,Black,5612,5571,375,1605,2465,369,1645,2424,341,1610,2401,291,1566,2405,173,1535,2429
TYSJ69FW5_mono_0063,81.5,0.06,ER,9,Lime,5613,4500,385,1437,2198,387,1480,2223,378,1504,2268,370,1550,2307,364,1587,2434
TYSJ69FW5_mono_0064,87.1,0.05,AO,4,Green,5614,5214,385,1154,2326,377,1103,2307,377,1055,2291,395,1034,2283,388,1049,2250
TYSJ69FW5_mono_0065,76.1,0.09,AE,2,Blue,5615,4500,759,1489,2281,802,1415,2231,820,1395,2245,804,1397,2275,759,1329,2265
TYSJ69FW5_mono_0066,92.5,0.03,AH,3,Black,5616,4500,385,1473,2362,375,1514,2401,334,1524,2446,309,1525,2482,251,1581,2542
TYSJ69FW5_mono_0067,86,0.05,OW,14,Maroon,5617,4500,388,1509,2406,382,1514,2338,373,1503,2343,371,1504,2327,342,1507,2364
TYSJ69FW5_mono_0068,0,0.03,IH,11,Teal,5618,4500,1049,1930,2646,924,1869,2810,955,1766,2797,1011,1796,2756,1077,1882,2626
TYSJ69FW5_mono_0069,71.6,0.098,EY,10,Purple,5619,4500,400,1805,2396,411,1859,2493,417,1896,2458,391,1911,2499,360,2019,2408
TYSJ69FW5_mono_0070,78.3,0.048,AH,3,Black,5620,5571,315,1373,2282,339,1160,2279,364,1145,2313,371,1030,2350,367,942,2315
TYSJ69FW5_mono_0071,68.8,0.028,AH,3,Black,5621,4857,400,1199,2328,388,1261,2347,389,1321,2423,347,1424,2010,298,1436,1989
TYSJ69FW5_mono_0072,78.9,0.09,AO,4,Green,5622,4857,422,1209,2023,392,1080,2228,446,911,2199,361,877,1990,412,937,2216
TYSJ69FW5_mono_0073,98.1,0.09,UW,17,Cyan,5623,5214,332,1704,2280,293,1640,2284,275,1542,2294,288,1530,2332,282,1542,2370
TYSJ69FW5_mono_0074,111.1,0.11,ER,9,Lime,5624,5571,376,1484,2171,367,1502,2199,401,1553,2272,444,1541,2381,528,1539,2519
TYSJ69FW5_mono_0075,81.7,0.108,AW,5,Olive,5625,4857,868,1414,2376,822,1310,2354,812,1197,2417,743,1108,2527,570,1117,2468
TYSJ69FW5_mono_0076,76.9,0.038,AH,3,Black,5626,4857,407,1394,2568,397,1400,2576,403,1406,2577,372,1422,2562,371,1427,2527
TYSJ69FW5_mono_0077,75,0.09,OW,14,Maroon,5627,5214,387,921,2531,410,883,2582,413,849,2611,418,781,2641,424,814,2657
TYSJ69FW5_mono_0078,75.1,0.028,IY,13,Pink,5628,4857,389,1843,2358,371,1882,2358,345,1956,2385,344,2010,2374,287,2067,2406
TYSJ69FW5_mono_0079,86.6,0.06,AE,2,Blue,5629,4500,556,1606,2559,461,1582,2497,496,1561,2490,436,1517,2433,315,1522,2512
TYSJ69FW5_mono_0080,101.4,0.03,IH,11,Teal,5630,4500,367,1666,2153,359,1629,2086,344,1606,2059,356,1563,2040,355,1540,2020
TYSJ69FW5_mono_0081,80.7,0.11,OW,14,Maroon,5631,4500,377,1519,2167,429,1455,2143,415,1298,2168,377,1174,2177,349,1102,2167
TYSJ69FW5_mono_0082,0,0.04,IH,11,Teal,5632,5571,632,1846,2595,460,1893,2633,400,1686,2601,345,1614,2615,284,1567,2656
TYSJ69FW5_mono_0083,85.7,0.048,AH,3,Black,5633,5571,600,1256,2697,593,1332,2720,534,1341,2706,480,1366,2699,436,1416,2676
TYSJ69FW5_mono_0084,80.7,0.118,EY,10,Purple,5634,5571,446,1823,2665,401,1927,2698,369,2005,2747,357,2095,2716,373,2056,2604
TYSJ69FW5_mono_0085,73.2,0.06,EH,8,Black,5635,6286,411,2067,2558,448,1995,2468,461,1871,2460,442,1741,2493,415,1682,2565
TYSJ69FW5_mono_0086,0,0.07,IY,13,Pink,5636,4500,362,1770,2578,349,2015,2551,364,1996,2521,334,2009,2568,364,2106,2531
TYSJ69FW5_mono_0087,0,0.04,AH,3,Black,5637,5571,613,1708,2599,548,1719,2632,515,1710,2609,480,1682,2608,626,1666,2634
TYSJ69FW5_mono_0088,73,0.048,AY,7,Magenta,5638,6286,445,1642,2682,491,1692,2688,500,1786,2660,424,1994,2690,444,2024,2731
TYSJ69FW5_mono_0089,86.3,0.09,AE,2,Blue,5639,4857,865,1496,2465,858,1456,2419,862,1432,2439,826,1407,2471,806,1411,2501
TYSJ69FW5_mono_0090,71.3,0.078,AE,2,Blue,5640,5571,688,1213,2664,775,1242,2624,755,1286,2546,749,1284,2535,702,1336,2536
TYSJ69FW5_mono_0091,0,0.028,IH,11,Teal,5641,5214,354,1915,2244,338,1992,2284,338,2003,2272,287,2019,2284,265,2057,2278
TYSJ69FW5_mono_0092,68.7,0.09,AA,1,Red,5642,5571,448,1364,2453,425,1376,2547,408,1448,2551,386,1477,2550,368,1494,2554
TYSJ69FW5_mono_0093,69.2,0.15,AE,2,Blue,5643,4857,474,1837,2559,538,1589,2427,698,1513,2431,715,1466,2452,730,1486,2480
TYSJ69FW5_mono_0094,90.2,0.15,UW,17,Cyan,5644,4500,396,1510,2175,411,1431,2287,409,1335,2300,364,1211,2359,485,1130,2456
TYSJ69FW5_mono_0095,0,0.028,AY,7,Magenta,5645,4857,708,1523,2462,651,1537,2482,612,1568,2523,626,1571,2548,546,1603,2512
TYSJ69FW5_mono_0096,116.2,0.068,UH,16,Silver,5646,5214,532,1542,2463,417,1518,2422,418,1525,2404,372,1510,2398,272,1495,2393
TYSJ69FW5_mono_0097,116.4,0.03,AH,3,Black,5647,4500,294,1722,2414,289,1688,2465,298,1750,2453,203,1770,2490,107,1814,1844
TYSJ69FW5_mono_0098,89.4,0.09,IY,13,Pink,5648,5571,280,2098,2547,253,2132,2542,270,2066,2361,279,1659,2341,280,1817,2253
TYSJ69FW5_mono_0099,73.6,0.05,AH,3,Black,5649,4500,376,1414,2319,366,1382,2259,360,1250,2247,358,1215,2245,350,1081,2231
TYSJ69FW5_mono_0100,97.4,0.038,IH,11,Teal,5650,4857,345,1416,2255,344,1470,2300,341,1495,2360,329,1506,2441,279,1519,2474
TYSJ69FW5_mono_0101,103.4,0.116,OW,14,Maroon,5651,4500,389,1515,2361,391,1434,2332,365,1344,2333,359,1327,2337,288,1300,2369
TYSJ69FW5_mono_0102,86.4,0.038,OW,14,Maroon,5652,4857,406,1099,2288,413,1036,2331,418,1014,2352,414,955,2390,415,933,2420
TYSJ69FW5_mono_0103,104.2,0.07,AY,7,Magenta,5653,4857,447,1326,2392,432,1462,2434,381,1568,2442,347,1785,2437,279,1647,2365
TYSJ69FW5_mono_0104,76.1,0.108,OW,14,Maroon,5654,4857,431,1209,2288,428,1166,2294,395,1118,2255,392,1188,2242,381,1349,2252
TYSJ69FW5_mono_0105,0,0.08,AH,3,Black,5655,4500,455,1567,2330,442,1620,2468,516,1616,2451,479,1650,2556,455,1542,2529
TYSJ69FW5_mono_0106,83.7,0.068,OW,14,Maroon,5656,5214,712,855,2454,448,814,2485,437,813,2417,398,814,2399,407,839,2355
TYSJ69FW5_mono_0107,90.3,0.06,ER,9,Lime,5657,4857,373,1187,1815,368,1223,1712,359,1260,1679,345,1293,1674,323,1323,1686
TYSJ69FW5_mono_0108,78,0.06,ER,9,Lime,5658,4857,335,1391,1787,351,1402,1869,355,1419,1891,353,1463,1943,344,1491,2115
TYSJ69FW5_mono_0109,84,0.04,AH,3,Black,5659,4500,575,1195,2237,497,1181,2225,488,1123,2219,381,1074,2302,372,1048,2337
TYSJ69FW5_mono_0110,72.5,0.05,AH,3,Black,5660,5214,371,1106,2230,389,1183,2194,389,1299,2244,384,1357,2392,380,1394,2307
TYSJ69FW5_mono_0111,68.7,0.168,EY,10,Purple,5661,4500,429,1735,2509,390,1846,2517,397,1844,2499,390,1862,2377,253,1888,2278
TYSJ69FW5_mono_0112,85.7,0.08,AH,3,Black,5662,5214,402,1518,2493,420,1516,2482,423,1508,2422,408,1502,2427,384,1503,2402
TYSJ69FW5_mono_0113,81.6,0.06,ER,9,Lime,5663,4500,322,1445,2081,346,1394,2024,366,1385,2010,391,1349,1998,432,1356,2034
TYSJ69FW5_mono_0114,93.9,0.15,AE,2,Blue,5664,5929,456,1403,2191,632,1416,2280,815,1417,2340,793,1371,2374,711,1390,2432
TYSJ69FW5_mono_0115,176.6,0.068,IH,11,Teal,5665,5214,413,1720,2747,421,1816,2654,407,2096,2528,326,2247,2450,298,2333,2609
TYSJ69FW5_mono_0116,73.6,0.08,IH,11,Teal,5666,5929,343,1757,2511,359,1716,2527,364,1736,2541,360,1740,2502,336,1696,2423
TYSJ69FW5_mono_0117,76.2,0.08,AH,3,Black,5667,5214,384,1609,2430,382,1611,2462,404,1602,2494,424,1580,2485,430,1541,2504
TYSJ69FW5_mono_0118,61.7,0.068,AE,2,Blue,5668,5214,486,1515,2408,420,1599,2440,408,1783,2512,393,1746,2553,357,1822,2547
TYSJ69FW5_mono_0119,79.3,0.14,UW,17,Cyan,5669,4500,362,1728,2414,374,1515,2396,379,1445,2404,341,1359,2256,294,1407,2344
TYSJ69FW5_mono_0120,88.5,0.15,AA,1,Red,5670,5214,743,944,2684,677,892,2631,729,867,2670,712,876,2698,503,899,2682
TYSJ69FW5_mono_0121,115.8,0.04,IY,13,Pink,5671,5214,338,1722,2652,327,1838,2629,315,1858,2592,297,1760,2433,216,1460,2277
TYSJ69FW5_mono_0122,69.1,0.088,AW,5,Olive,5672,6286,494,1577,2479,567,1529,2456,550,1496,2586,507,1407,2573,539,1318,2640
TYSJ69FW5_mono_0123,0,0.058,AE,2,Blue,5673,5214,517,1384,2516,540,1249,2567,341,1495,2643,352,1529,2707,368,1481,2519
TYSJ69FW5_mono_0124,75.9,0.028,AH,3,Black,5674,5214,365,1567,2468,347,1483,2407,386,1488,2537,345,1503,2775,282,1538,2845
TYSJ69FW5_mono_0125,73,0.09,AY,7,Magenta,5675,4500,783,1472,2463,786,1360,2519,828,1357,2511,817,1341,2677,795,1354,2544
TYSJ69FW5_mono_0126,97.5,0.08,AE,2,Blue,5676,5214,818,1415,2511,778,1428,2502,723,1400,2443,749,1385,2445,714,1480,2446
TYSJ69FW5_mono_0127,111.1,0.098,ER,9,Lime,5677,5214,316,1474,2214,323,1479,2183,335,1461,2116,349,1476,2135,367,1472,2121
TYSJ69FW5_mono_0128,92.9,0.058,AH,3,Black,5678,6643,1385,1992,3188,1409,2142,3160,1429,2152,3177,1162,2078,3060,1464,2364,3353
TYSJ69FW5_mono_0129,119.9,0.06,UW,17,Cyan,5679,4500,303,1736,2244,305,1525,2239,309,1391,2258,320,1303,2291,309,1241,2332
TYSJ69FW5_mono_0130,80.1,0.118,AY,7,Magenta,5680,4857,650,1270,2353,703,1323,2323,631,1430,2309,450,1508,2237,381,1736,2335
TYSJ69FW5_mono_0131,72.9,0.04,AH,3,Black,5681,5214,399,1535,2454,392,1493,2488,402,1495,2504,425,1490,2478,414,1447,2473
TYSJ69FW5_mono_0132,0,0.028,AH,3,Black,5682,5571,537,1305,2546,457,1288,2523,473,1260,2462,408,1249,2472,360,1213,2302
TYSJ69FW5_mono_0133,83.7,0.15,EY,10,Purple,5683,4857,401,1881,2498,388,1947,2529,386,2009,2543,350,2103,2519,280,2211,2437
TYSJ69FW5_mono_0134,100.2,0.088,IY,13,Pink,5684,6643,291,2283,2563,274,2277,2669,224,2304,2793,297,2287,2852,304,2273,2775
TYSJ69FW5_mono_0135,69.8,0.09,EH,8,Black,5685,5214,684,1404,2560,625,1537,2505,540,1531,2523,469,1702,2505,393,1949,2473
TYSJ69FW5_mono_0136,69.6,0.088,EY,10,Purple,5686,5929,381,1961,2513,358,2023,2546,341,2030,2586,340,2028,2467,327,2004,2339
TYSJ69FW5_mono_0137,83.8,0.04,AY,7,Magenta,5687,5214,546,1501,2466,449,1509,2438,401,1382,2377,406,1371,2321,398,1283,2283
TYSJ69FW5_mono_0138,78.6,0.06,AA,1,Red,5688,4500,807,943,2335,781,956,2465,817,1040,2409,820,1096,2334,840,1171,2175
TYSJ69FW5_mono_0139,87.1,0.05,ER,9,Lime,5689,4500,409,1512,2129,386,1523,2103,356,1537,2048,327,1541,2045,305,1539,2066
TYSJ69FW5_mono_0140,69,0.04,AH,3,Black,5690,5214,385,1539,2477,393,1534,2480,384,1504,2424,309,1464,2369,228,1469,2405
TYSJ69FW5_mono_0141,0,0.05,AH,3,Black,5691,4500,530,1515,2455,533,1600,2431,488,1626,2467,427,1867,2436,271,2122,2391
TYSJ69FW5_mono_0142,104,0.038,IH,11,Teal,5692,5929,372,1900,2616,359,1926,2605,317,1907,2623,312,1862,2617,285,1825,2615
TYSJ69FW5_mono_0143,81.2,0.118,UW,17,Cyan,5693,5571,346,1761,2506,356,1786,2408,356,1586,2334,348,1513,2317,335,1454,2345
TYSJ69FW5_mono_0144,71.5,0.108,AY,7,Magenta,5694,4857,666,1327,2335,627,1416,2327,589,1468,2372,491,1591,2386,467,1553,2365
TYSJ69FW5_mono_0145,68.6,0.14,AA,1,Red,5695,4857,465,1515,2399,541,1387,2389,674,1283,2334,859,1254,2311,841,1274,2325
TYSJ69FW5_mono_0146,60.6,0.028,AH,3,Black,5696,4857,290,1483,2516,280,1457,2345,394,1396,2350,375,1370,2361,238,1456,2545
TYSJ69FW5_mono_0147,94,0.08,UW,17,Cyan,5697,4857,331,1500,2194,334,1482,2225,337,1493,2244,343,1490,2249,337,1493,2246
TYSJ69FW5_mono_0148,99.4,0.058,ER,9,Lime,5698,5214,352,1513,2240,349,1517,2226,345,1532,2205,342,1550,2210,328,1556,2192
TYSJ69FW5_mono_0149,71.9,0.03,IH,11,Teal,5699,4500,302,1514,2391,307,1517,2399,271,1550,2451,313,1596,2416,345,1850,2319
TYSJ69FW5_mono_0150,99.3,0.168,UW,17,Cyan,5700,4500,317,1734,2343,311,1643,2225,304,1441,2228,288,1280,2243,257,1195,2343
TYSJ69FW5_mono_0151,93.9,0.15,UW,17,Cyan,5701,4500,324,1551,2398,343,1557,2333,339,1487,2240,355,1359,2208,355,1257,2249
TYSJ69FW5_mono_0152,69.7,0.038,AY,7,Magenta,5702,4857,460,1525,2643,439,1548,2649,402,1680,2597,375,1753,2608,311,1819,2473
TYSJ69FW5_mono_0153,69.8,0.08,IH,11,Teal,5703,4857,247,2173,2648,321,2212,2654,390,2025,2474,395,1835,2375,400,1521,2380
TYSJ69FW5_mono_0154,66,0.03,AH,3,Black,5704,5929,362,1248,2572,371,1332,2555,354,1357,2576,345,1407,2591,340,1447,2608
TYSJ69FW5_mono_0155,66.8,0.04,AH,3,Black,5705,5571,368,1552,2616,362,1529,2616,363,1535,2613,344,1480,2630,245,1488,2577
TYSJ69FW5_mono_0156,91.9,0.058,AW,5,Olive,5706,6643,595,1507,2654,596,1458,2674,648,1405,2787,558,1376,2881,496,1363,2926
TYSJ69FW5_mono_0157,100.8,0.04,AH,3,Black,5707,4500,370,1438,2370,387,1461,2486,394,1508,2651,412,1524,2587,469,1524,2595
TYSJ69FW5_mono_0158,97.3,0.09,EH,8,Black,5708,4857,604,1525,2547,682,1533,2542,676,1518,2528,672,1517,2449,555,1636,2443
TYSJ69FW5_mono_0159,65.6,0.03,AE,2,Blue,5709,6286,690,1532,2677,672,1533,2686,733,1524,2656,684,1523,2669,646,1522,2677
TYSJ69FW5_mono_0160,88.2,0.058,AH,3,Black,5710,5214,704,1377,2656,628,1353,2608,558,1347,2571,426,1317,2482,320,1359,2485
TYSJ69FW5_mono_0161,77,0.038,IY,13,Pink,5711,5929,312,2143,2658,298,2169,2770,290,2226,2797,275,2248,2913,295,2253,2814
TYSJ69FW5_mono_0162,76.1,0.04,AY,7,Magenta,5712,5214,733,1578,2595,687,1608,2610,637,1638,2567,508,1742,2778,488,1766,2773
TYSJ69FW5_mono_0163,92.5,0.1,AE,2,Blue,5713,5929,710,1647,2745,785,1590,2711,781,1566,2699,793,1519,2654,776,1483,2614
TYSJ69FW5_mono_0164,118.2,0.12,ER,9,Lime,5714,5929,332,1703,2479,339,1591,2296,348,1557,2394,334,1481,2197,330,1515,2259
TYSJ69FW5_mono_0165,114.6,0.06,AH,3,Black,5715,4857,331,1536,2258,323,1562,2349,326,1605,2436,305,1648,2526,248,1686,2621
TYSJ69FW5_mono_0166,76.8,0.168,IY,13,Pink,5716,5571,328,1898,2421,316,1978,2504,317,1971,2504,336,1907,2528,333,1444,2519
TYSJ69FW5_mono_0167,83.8,0.04,IH,11,Teal,5717,5571,390,1493,2490,384,1520,2512,392,1540,2534,385,1539,2575,329,1588,2576
TYSJ69FW5_mono_0168,106.4,0.04,AH,3,Black,5718,5571,169,1738,2753,252,1643,2706,261,1675,2743,209,1680,2830,110,1779,2952
TYSJ69FW5_mono_0169,99.6,0.058,AH,3,Black,5719,5214,407,1646,2631,422,1667,2615,410,1641,2544,365,1529,2443,308,1607,2433
TYSJ69FW5_mono_0170,72.2,0.158,IY,13,Pink,5720,6643,311,2000,2816,309,2343,2883,295,2288,2662,309,2469,2698,320,2490,2670
TYSJ69FW5_mono_0171,73.7,0.058,AE,2,Blue,5721,5929,577,1676,2631,776,1674,2649,586,1681,2686,411,1668,2703,453,1654,2686
TYSJ69FW5_mono_0172,91.3,0.09,AA,1,Red,5722,4857,714,925,2618,794,1015,2604,782,1192,2550,740,1343,2541,708,1426,2590
TYSJ69FW5_mono_0173,89,0.08,AH,3,Black,5723,5214,483,1566,2760,475,1630,2783,410,1766,2803,342,1830,2857,290,1929,2866
TYSJ69FW5_mono_0174,77.1,0.048,EH,8,Black,5724,5571,402,1768,2574,425,1617,2581,459,1473,2461,485,1387,2572,456,1270,2552
TYSJ69FW5_mono_0175,74,0.07,OW,14,Maroon,5725,4500,398,1054,2530,387,1076,2517,388,1091,2507,380,1040,2487,330,1022,2499
TYSJ69FW5_mono_0176,78.6,0.04,EH,8,Black,5726,4500,367,1958,2347,399,1915,2360,404,1897,2422,439,1822,2485,481,1785,2512
TYSJ69FW5_mono_0177,91,0.048,AH,3,Black,5727,4857,347,962,2302,354,933,2343,354,895,2481,363,881,2520,362,873,2399
TYSJ69FW5_mono_0178,68.1,0.068,IH,11,Teal,5728,5571,366,1571,2502,372,1633,2395,387,1630,2454,327,1529,2496,347,1545,2298
TYSJ69FW5_mono_0179,74.2,0.04,AH,3,Black,5729,5571,403,1656,2296,373,1629,2346,319,1534,2349,239,1549,2360,227,1517,2321
TYSJ69FW5_mono_0180,72.3,0.05,AW,5,Olive,5730,5214,853,1490,2232,834,1473,2228,823,1415,2197,846,1392,1996,825,1440,1995
TYSJ69FW5_mono_0181,0,0.03,AY,7,Magenta,5731,4500,655,1383,1897,620,1382,1926,832,1442,2116,798,1435,2095,747,1439,2070
TYSJ69FW5_mono_0182,85.9,0.048,IH,11,Teal,5732,4857,341,1399,2036,341,1509,2025,341,1562,2027,350,1599,2057,346,1635,2078
TYSJ69FW5_mono_0183,75.2,0.058,AO,4,Green,5733,5929,376,1097,2432,388,902,2391,402,857,2372,395,858,2352,385,897,2336
TYSJ69FW5_mono_0184,95.6,0.13,AA,1,Red,5734,4857,758,1033,2708,799,1082,2758,803,1140,2645,881,1313,2603,837,1411,2603
TYSJ69FW5_mono_0185,107,0.04,AH,3,Black,5735,5214,419,1521,2537,419,1539,2686,377,1533,2658,362,1543,2576,333,1612,2268
TYSJ69FW5_mono_0186,102.8,0.108,IY,13,Pink,5736,4857,384,1745,2627,357,1901,2590,343,1979,2593,332,2020,2559,335,2020,2593
TYSJ69FW5_mono_0187,77.6,0.078,AA,1,Red,5737,6643,544,1288,2632,618,1175,2590,675,1080,2602,665,1055,2717,674,1037,2818
TYSJ69FW5_mono_0188,74.3,0.068,AH,3,Black,5738,5571,438,1439,2609,396,1418,2598,376,1215,2488,350,1068,2419,328,946,2472
TYSJ69FW5_mono_0189,69.3,0.11,ER,9,Lime,5739,4500,404,1216,1843,384,1277,1782,372,1392,1786,378,1381,1693,391,1484,1850
VIOLAGOD7_mono_0001,129.6,0.03,OW,14,Maroon,5740,5929,391,1456,2869,367,1437,2845,372,1395,2786,368,1398,2710,345,1434,2725
VIOLAGOD7_mono_0002,167.7,0.04,IH,11,Teal,5741,5571,339,1442,2842,367,1471,2856,370,1474,2847,350,1478,2915,295,1526,2960
VIOLAGOD7_mono_0003,107.3,0.068,AO,4,Green,5742,6643,442,1711,3287,491,1979,3329,518,1795,3292,507,1672,3328,584,1542,3396
VIOLAGOD7_mono_0004,95.5,0.068,IH,11,Teal,5743,5214,460,1668,2560,434,1731,2644,415,1782,2678,417,1793,2643,397,1782,2629
VIOLAGOD7_mono_0005,0,0.05,AY,7,Magenta,5744,4500,713,1233,2725,730,1206,2647,712,1243,2583,648,1216,2553,582,1174,2531
VIOLAGOD7_mono_0006,116.5,0.108,OW,14,Maroon,5745,5214,428,1036,2474,409,968,2491,392,916,2456,403,934,2345,380,972,2264
VIOLAGOD7_mono_0007,185.5,0.048,AH,3,Black,5746,5571,418,1261,2363,424,1193,2385,429,1143,2442,408,1080,2454,376,1046,2481
VIOLAGOD7_mono_0008,110.3,0.098,EY,10,Purple,5747,4500,431,1587,2493,425,1814,2483,415,1886,2523,383,1989,2573,382,2139,2627
VIOLAGOD7_mono_0009,93.7,0.038,IH,11,Teal,5748,4857,549,1563,2498,530,1532,2496,496,1509,2477,489,1513,2417,414,1503,2447
VIOLAGOD7_mono_0010,106.5,0.06,IY,13,Pink,5749,7000,319,2337,2938,330,2273,3176,320,2325,2923,319,2255,2976,324,2408,2862
VIOLAGOD7_mono_0011,118.3,0.028,IY,13,Pink,5750,4857,349,2129,2485,361,2120,2488,366,2027,2541,376,1971,2556,382,1903,2556
VIOLAGOD7_mono_0012,124.1,0.04,AH,3,Black,5751,5571,383,1831,2610,376,1737,2628,372,1659,2610,382,1584,2642,377,1529,2678
VIOLAGOD7_mono_0013,166.4,0.05,IY,13,Pink,5752,5929,336,1695,2687,340,1733,2537,339,1835,2542,324,1879,2585,298,1867,2573
VIOLAGOD7_mono_0014,106.8,0.068,AH,3,Black,5753,5571,497,1373,2670,551,1261,2663,547,1177,2639,531,1161,2622,479,1169,2598
VIOLAGOD7_mono_0015,107.5,0.06,AY,7,Magenta,5754,4857,590,1215,2434,584,1393,2404,512,1481,2035,453,1625,1962,415,1728,1828
VIOLAGOD7_mono_0016,97.2,0.098,OW,14,Maroon,5755,5571,492,1425,2275,486,1222,2285,496,1109,2382,499,1041,2475,498,1046,2550
VIOLAGOD7_mono_0017,88.7,0.028,AA,1,Red,5756,5571,492,1071,2504,466,1063,2624,457,1100,2685,441,1174,2708,423,1229,2630
VIOLAGOD7_mono_0018,91.1,0.05,AH,3,Black,5757,5929,396,1460,2639,385,1553,2616,367,1624,2701,359,1643,2802,359,1643,2894
VIOLAGOD7_mono_0019,81.8,0.058,EH,8,Black,5758,5214,501,1398,1974,549,1365,2016,563,1374,2117,577,1413,2247,533,1418,2265
VIOLAGOD7_mono_0020,0,0.09,ER,9,Lime,5759,4857,397,1410,2255,416,1410,2083,355,1399,2053,406,1415,1918,430,1464,2077
VIOLAGOD7_mono_0021,168.8,0.07,EY,10,Purple,5760,5929,364,1658,1858,379,1773,2048,364,1827,2228,371,1827,2821,359,1824,2954
VIOLAGOD7_mono_0022,93.6,0.06,AA,1,Red,5761,4857,521,1345,2156,558,1260,2137,586,1211,2087,598,1146,1928,599,1159,1865
VIOLAGOD7_mono_0023,101.1,0.118,AY,7,Magenta,5762,6286,577,1497,2123,527,1575,2357,474,1742,2409,427,1794,2541,417,1864,2639
VIOLAGOD7_mono_0024,108.1,0.068,AY,7,Magenta,5763,5214,770,1379,2409,695,1458,2313,596,1551,2198,474,1584,2050,428,1557,2018
VIOLAGOD7_mono_0025,124,0.028,AH,3,Black,5764,5214,498,1166,1697,491,1157,1736,467,1091,1754,434,1105,1749,433,1119,1738
VIOLAGOD7_mono_0026,147.6,0.03,AH,3,Black,5765,5929,462,1311,3018,439,1292,3077,430,1302,3079,416,1255,3060,380,1237,2988
VIOLAGOD7_mono_0027,135.6,0.038,IH,11,Teal,5766,5929,398,1491,2686,402,1706,2604,415,1834,2548,404,1938,2454,387,1910,2397
VIOLAGOD7_mono_0028,112.5,0.1,AE,2,Blue,5767,7000,971,1557,2475,1017,1482,2508,942,1439,2515,874,1421,2472,841,1309,2469
VIOLAGOD7_mono_0029,94.9,0.058,AA,1,Red,5768,5214,633,1171,2555,618,1158,2562,611,1193,2479,612,1271,2444,522,1378,2465
VIOLAGOD7_mono_0030,80.9,0.058,AH,3,Black,5769,5214,426,1594,2519,391,1576,2591,380,1514,2580,331,1344,2680,303,1484,2696
VIOLAGOD7_mono_0031,122.3,0.118,AE,2,Blue,5770,6286,668,1428,2048,703,1382,2361,719,1392,2488,666,1430,2596,517,1445,2670
VIOLAGOD7_mono_0032,103.1,0.03,AH,3,Black,5771,5929,426,1179,2619,440,1224,2738,457,1318,2831,450,1371,2832,429,1382,2900
VIOLAGOD7_mono_0033,112.4,0.058,EH,8,Black,5772,5214,529,1533,2306,532,1546,2366,538,1577,2311,539,1619,1993,482,1411,1870
VIOLAGOD7_mono_0034,154.4,0.06,ER,9,Lime,5773,4500,407,1294,1719,384,1393,1701,352,1443,1703,367,1487,1753,315,1524,1907
VIOLAGOD7_mono_0035,115.4,0.108,ER,9,Lime,5774,5214,415,1450,1878,400,1395,1731,397,1414,1672,408,1408,1700,416,1377,1766
VIOLAGOD7_mono_0036,0,0.028,AE,2,Blue,5775,5571,602,1751,2835,630,1739,2777,626,1753,2725,613,1754,2715,577,1742,2659
VIOLAGOD7_mono_0037,0,0.028,EH,8,Black,5776,5214,654,1722,2501,650,1674,2530,601,1659,2542,549,1655,2609,512,1663,2617
VIOLAGOD7_mono_0038,95.4,0.058,IH,11,Teal,5777,5929,399,1703,2744,392,1711,2739,394,1697,2685,397,1693,2691,372,1681,2692
VIOLAGOD7_mono_0039,76.5,0.098,AW,5,Olive,5778,4857,563,1594,2544,650,1474,2521,706,1339,2492,704,1303,2432,702,1205,2522
VIOLAGOD7_mono_0040,153.4,0.098,AY,7,Magenta,5779,5571,661,1442,2291,679,1449,2316,681,1481,2300,623,1489,2315,526,1486,2359
VIOLAGOD7_mono_0041,167.3,0.06,UH,16,Silver,5780,5571,396,1187,2912,404,1231,2797,408,1344,2664,378,1467,2518,308,1440,2559
VIOLAGOD7_mono_0042,101.5,0.1,IH,11,Teal,5781,7000,314,1784,3009,307,2078,2969,302,1982,3039,307,1925,3291,352,1802,3340
VIOLAGOD7_mono_0043,0,0.038,AY,7,Magenta,5782,6286,510,1451,2780,463,1649,2766,431,1801,2730,403,1890,2715,379,1936,2716
VIOLAGOD7_mono_0044,115.8,0.048,AE,2,Blue,5783,5571,458,1787,2554,514,1746,2607,536,1724,2615,531,1659,2591,522,1706,2617
VIOLAGOD7_mono_0045,143.8,0.1,EY,10,Purple,5784,5929,414,1822,2648,413,1877,2504,411,1931,2635,394,1956,2663,326,1960,2620
VIOLAGOD7_mono_0046,146,0.068,AH,3,Black,5785,5214,381,1637,2429,397,1513,2337,424,1359,2380,434,1307,2434,403,1277,2419
VIOLAGOD7_mono_0047,143.6,0.13,UW,17,Cyan,5786,4500,346,1357,2375,335,1380,2353,320,1233,2309,299,1186,2248,328,1142,2146
VIOLAGOD7_mono_0048,95.8,0.12,EY,10,Purple,5787,5214,500,1567,1951,479,1674,2005,458,1795,2201,388,1832,2494,370,1805,2660
VIOLAGOD7_mono_0049,94.3,0.038,AE,2,Blue,5788,6286,497,1641,2672,502,1654,2662,517,1653,2648,530,1663,2619,527,1660,2569
VIOLAGOD7_mono_0050,104.9,0.06,EY,10,Purple,5789,6286,407,1847,2597,400,2022,2637,372,2033,2633,347,2104,2869,313,2108,2602
VIOLAGOD7_mono_0051,113.7,0.058,EH,8,Black,5790,5929,598,1379,2276,576,1425,2295,550,1479,2309,556,1523,2362,488,1512,2336
VIOLAGOD7_mono_0052,148.8,0.048,AH,3,Black,5791,4857,360,1761,2596,376,1747,2597,399,1725,2661,391,1734,2665,355,1734,2742
VIOLAGOD7_mono_0053,131.4,0.08,IH,11,Teal,5792,5929,409,1737,2757,390,1717,2754,406,1777,2721,403,1827,2765,354,1716,2588
VIOLAGOD7_mono_0054,97.3,0.08,AW,5,Olive,5793,5929,651,1335,2383,658,1324,2465,657,1317,2521,632,1341,2564,588,1402,2659
VIOLAGOD7_mono_0055,94.9,0.04,AH,3,Black,5794,5571,538,1525,2563,376,1494,2505,378,1480,2485,389,1522,2639,385,1359,2352
VIOLAGOD7_mono_0056,90.2,0.09,EY,10,Purple,5795,5571,354,1709,1908,356,1813,2084,336,1839,2225,347,1905,2197,354,1826,2345
VIOLAGOD7_mono_0057,88.1,0.06,ER,9,Lime,5796,4857,375,1460,1798,376,1420,1778,390,1417,1721,411,1450,1644,398,1482,1623
VIOLAGOD7_mono_0058,0,0.068,AA,1,Red,5797,5214,634,1329,2478,575,1298,2491,528,1259,2538,663,1222,2527,686,1284,2558
VIOLAGOD7_mono_0059,98.1,0.098,AY,7,Magenta,5798,4857,854,1188,2493,797,1341,2329,721,1411,2324,692,1542,2323,710,1620,2478
VIOLAGOD7_mono_0060,143.6,0.108,AA,1,Red,5799,5214,606,1342,2665,677,1255,2643,690,1168,2660,662,1201,2689,605,1130,2641
VIOLAGOD7_mono_0061,174.5,0.048,AY,7,Magenta,5800,6286,648,1293,2536,645,1376,2615,629,1396,2703,589,1412,2822,516,1405,2855
VIOLAGOD7_mono_0062,173.1,0.048,AH,3,Black,5801,6286,440,1481,2780,418,1575,2721,414,1574,2684,380,1572,2695,338,1627,2797
VIOLAGOD7_mono_0063,97,0.07,ER,9,Lime,5802,6286,479,1505,3250,471,1475,3185,433,1456,2986,398,1480,2746,400,1480,2843
VIOLAGOD7_mono_0064,100.7,0.038,AO,4,Green,5803,4857,385,1179,1883,403,1000,1810,419,974,1809,431,988,1835,440,1003,1823
VIOLAGOD7_mono_0065,96.4,0.068,AE,2,Blue,5804,5214,653,1331,1887,702,1300,2124,660,1265,2131,635,1272,2230,563,1272,2224
VIOLAGOD7_mono_0066,89,0.028,AH,3,Black,5805,5214,351,1325,2184,337,1336,2366,344,1359,2326,396,1309,2445,436,1224,2480
VIOLAGOD7_mono_0067,126.2,0.08,OW,14,Maroon,5806,4857,482,1218,2455,435,1139,2463,417,1116,2434,403,1162,2355,370,1191,2351
VIOLAGOD7_mono_0068,153.5,0.038,IH,11,Teal,5807,5929,404,1698,2623,355,1728,2622,326,1712,2636,319,1644,2652,340,1668,2655
VIOLAGOD7_mono_0069,101.3,0.098,EY,10,Purple,5808,4857,408,1797,2556,402,1855,2583,395,1908,2522,372,1958,2488,347,1896,2365
VIOLAGOD7_mono_0070,101.4,0.058,AH,3,Black,5809,5929,383,1502,2538,415,1390,2534,420,1244,2597,425,1183,2668,440,1156,2745
VIOLAGOD7_mono_0071,95.3,0.05,AH,3,Black,5810,5929,494,1224,2660,496,1304,2642,489,1386,2601,487,1430,2647,472,1453,2619
VIOLAGOD7_mono_0072,92.8,0.068,AO,4,Green,5811,6643,636,1324,3087,640,1646,3303,619,1764,3449,597,1805,3402,601,1665,3376
VIOLAGOD7_mono_0073,90,0.038,AH,3,Black,5812,6286,406,1599,3115,434,1633,3164,382,1666,3123,301,1646,3219,288,1678,3109
VIOLAGOD7_mono_0074,0,0.09,UW,17,Cyan,5813,4857,359,1592,2031,372,1517,1958,337,1456,2037,380,1431,2173,411,1405,2178
VIOLAGOD7_mono_0075,0,0.03,AH,3,Black,5814,6286,463,1368,2727,445,1391,2776,401,1393,2834,395,1400,2838,414,1423,2896
VIOLAGOD7_mono_0076,102.8,0.028,EY,10,Purple,5815,5214,427,1767,2591,421,1773,2524,426,1752,2436,427,1652,2331,422,1562,2302
VIOLAGOD7_mono_0077,106.5,0.048,ER,9,Lime,5816,4857,471,1134,1714,510,1193,1719,506,1288,1697,519,1372,1730,579,1407,1774
VIOLAGOD7_mono_0078,92.4,0.118,AW,5,Olive,5817,4857,652,1406,1934,700,1297,2233,701,1181,2459,686,1194,2523,613,1282,2513
VIOLAGOD7_mono_0079,86,0.08,OW,14,Maroon,5818,5214,489,1118,2565,496,1119,2642,511,1090,2718,519,1064,2762,470,1188,2912
VIOLAGOD7_mono_0080,142.3,0.098,AE,2,Blue,5819,5571,750,1661,2435,787,1575,2400,763,1571,2408,729,1599,2488,671,1585,2536
VIOLAGOD7_mono_0081,148,0.04,IH,11,Teal,5820,4500,373,1862,1950,338,1735,1860,327,1721,1882,335,1707,1934,389,1641,1904
VIOLAGOD7_mono_0082,92.4,0.128,OW,14,Maroon,5821,5214,427,1477,1963,486,1334,2121,436,1177,2202,422,1130,2176,380,1153,2201
VIOLAGOD7_mono_0083,105.7,0.068,AH,3,Black,5822,5571,557,1190,2718,592,1216,2713,635,1329,2623,544,1441,2659,443,1498,2532
VIOLAGOD7_mono_0084,91.2,0.128,EY,10,Purple,5823,5929,460,1769,2632,444,1831,2604,413,1862,2615,425,1917,2566,519,1859,2518
VIOLAGOD7_mono_0085,88.9,0.07,EH,8,Black,5824,4857,554,1771,2410,573,1717,2457,594,1702,2504,603,1677,2562,566,1648,2553
VIOLAGOD7_mono_0086,77.7,0.03,ER,9,Lime,5825,6643,410,1688,2608,404,1716,2628,404,1715,2655,392,1757,2695,405,1726,2710
VIOLAGOD7_mono_0087,0,0.03,IY,13,Pink,5826,4500,618,1628,2548,782,1720,2475,731,1786,2498,673,1788,2608,675,1672,2406
VIOLAGOD7_mono_0088,93.8,0.04,AY,7,Magenta,5827,5214,724,1519,2467,725,1538,2467,727,1568,2465,754,1621,2413,744,1656,2409
VIOLAGOD7_mono_0089,99.9,0.088,AE,2,Blue,5828,5929,898,1441,2523,838,1387,2522,783,1363,2506,724,1346,2508,701,1342,2500
VIOLAGOD7_mono_0090,0,0.13,AE,2,Blue,5829,5571,714,1363,2685,757,1363,2587,734,1352,2563,697,1357,2525,684,1394,2539
VIOLAGOD7_mono_0091,101.2,0.06,IH,11,Teal,5830,4857,400,1748,2208,409,1689,2306,417,1657,2421,400,1606,2451,388,1598,2494
VIOLAGOD7_mono_0092,173.8,0.03,AH,3,Black,5831,4500,501,1640,2448,645,1593,2533,623,1459,2324,301,1274,2299,797,1479,2240
VIOLAGOD7_mono_0093,101.7,0.12,AE,2,Blue,5832,5929,500,1738,2547,607,1638,2499,678,1538,2464,686,1454,2464,716,1420,2440
VIOLAGOD7_mono_0094,86.4,0.07,UW,17,Cyan,5833,4857,435,1426,1811,444,1428,1817,437,1407,1826,478,1377,1851,487,1389,1842
VIOLAGOD7_mono_0095,109.2,0.038,AY,7,Magenta,5834,5929,747,1507,2538,725,1556,2538,754,1609,2546,633,1643,2572,550,1655,2581
VIOLAGOD7_mono_0096,165.8,0.038,UH,16,Silver,5835,5929,418,1746,2496,379,1741,2384,366,1706,2390,351,1656,2402,322,1625,2383
VIOLAGOD7_mono_0097,187.9,0.048,AH,3,Black,5836,4857,358,1721,2430,364,1734,2466,346,1737,2563,331,1704,2609,257,1762,2614
VIOLAGOD7_mono_0098,151.7,0.038,IY,13,Pink,5837,5929,304,1904,2575,310,1955,2611,309,1856,2623,310,1675,2656,306,1910,2639
VIOLAGOD7_mono_0099,133.7,0.038,IH,11,Teal,5838,5929,348,1781,2609,363,1843,2690,379,1835,2569,394,1811,2526,398,1765,2581
VIOLAGOD7_mono_0100,118.3,0.048,AH,3,Black,5839,4857,374,1398,2439,370,1353,2398,357,1215,2365,345,1168,2242,334,909,2247
VIOLAGOD7_mono_0101,97.9,0.038,IH,11,Teal,5840,6286,408,1498,2450,410,1620,2535,409,1731,2586,398,1731,2575,368,1678,2705
VIOLAGOD7_mono_0102,81.9,0.12,OW,14,Maroon,5841,5214,471,1477,2259,498,1376,2279,512,1255,2277,476,1262,2338,466,1114,2338
VIOLAGOD7_mono_0103,121.6,0.04,OW,14,Maroon,5842,5214,451,1059,2270,461,1052,2368,461,976,2426,462,976,2473,473,963,2636
VIOLAGOD7_mono_0104,163.9,0.038,AY,7,Magenta,5843,4857,522,1424,2529,524,1510,2468,497,1563,2413,469,1622,2399,459,1621,2460
VIOLAGOD7_mono_0105,91.4,0.188,OW,14,Maroon,5844,5571,495,1126,2442,524,1067,2492,439,1023,2488,434,1004,2507,402,1161,2434
VIOLAGOD7_mono_0106,0,0.058,AE,2,Blue,5845,5929,549,1521,2667,592,1681,2630,572,1680,2822,584,1739,2692,534,1732,2647
VIOLAGOD7_mono_0107,116.8,0.13,OW,14,Maroon,5846,4857,535,1205,2511,537,1119,2424,487,1059,2464,439,938,2472,376,862,2342
VIOLAGOD7_mono_0108,140.6,0.16,ER,9,Lime,5847,4500,420,1053,1595,383,1186,1570,344,1235,1641,428,1305,1550,414,1380,1651
VIOLAGOD7_mono_0109,0,0.028,EH,8,Black,5848,4857,305,1433,1665,235,1320,1783,311,1349,1851,379,1377,1849,287,1375,1902
VIOLAGOD7_mono_0110,88.9,0.178,EY,10,Purple,5849,5214,490,1630,2563,468,1724,2525,447,1771,2422,441,1778,2378,422,1796,2329
VIOLAGOD7_mono_0111,112.2,0.03,ER,9,Lime,5850,4500,392,1548,1751,419,1523,1771,448,1503,1796,478,1493,1872,499,1468,1836
VIOLAGOD7_mono_0112,128.8,0.1,AE,2,Blue,5851,5929,606,1469,2037,662,1432,2263,704,1399,2371,693,1439,2375,630,1443,2334
VIOLAGOD7_mono_0113,105.7,0.038,IH,11,Teal,5852,5929,398,1860,2608,395,1796,2523,339,1823,2489,330,1880,2315,349,1658,2394
VIOLAGOD7_mono_0114,103.7,0.05,IH,11,Teal,5853,5214,370,1634,2317,373,1652,2463,396,1640,2500,388,1627,2410,375,1602,2468
VIOLAGOD7_mono_0115,102.1,0.088,IH,11,Teal,5854,5929,400,1614,2484,424,1646,2486,424,1677,2519,415,1681,2562,407,1679,2579
VIOLAGOD7_mono_0116,96.4,0.098,OW,14,Maroon,5855,4857,500,1136,2460,481,1071,2520,442,940,2471,411,996,2470,392,1070,2395
VIOLAGOD7_mono_0117,92.4,0.03,AH,3,Black,5856,4500,368,1445,2357,367,1458,2383,378,1504,2426,373,1514,2444,368,1542,2488
VIOLAGOD7_mono_0118,90.1,0.08,AE,2,Blue,5857,5214,457,1498,2616,510,1513,2611,526,1505,2612,496,1551,2611,476,1567,2619
VIOLAGOD7_mono_0119,103.8,0.05,IH,11,Teal,5858,5929,413,1403,2555,407,1493,2378,402,1608,2543,382,1672,2753,342,1733,2737
VIOLAGOD7_mono_0120,0,0.028,EH,8,Black,5859,4857,522,1284,2396,554,1273,2451,550,1227,2497,570,1200,2547,583,1149,2596
VIOLAGOD7_mono_0121,111.8,0.168,AA,1,Red,5860,5214,718,1178,2783,712,1130,2792,745,1152,2711,747,1207,2742,631,1186,2932
VIOLAGOD7_mono_0122,135.6,0.028,IY,13,Pink,5861,5571,359,1839,2781,337,1835,2785,327,1765,2742,343,1644,2702,349,1604,2683
VIOLAGOD7_mono_0123,96.1,0.14,AW,5,Olive,5862,4857,658,1456,2290,686,1387,2369,694,1333,2484,701,1314,2550,629,1377,2579
VIOLAGOD7_mono_0124,0,0.068,AE,2,Blue,5863,5571,580,1556,2337,633,1487,2377,645,1535,2462,609,1503,2662,558,1485,2678
VIOLAGOD7_mono_0125,0,0.04,AY,7,Magenta,5864,5214,732,1298,2695,711,1286,2675,662,1292,2658,601,1303,2664,575,1324,2684
VIOLAGOD7_mono_0126,119.2,0.068,AE,2,Blue,5865,5571,920,1501,2557,862,1482,2554,842,1474,2520,801,1497,2492,675,1517,2420
VIOLAGOD7_mono_0127,116.6,0.04,AH,3,Black,5866,5214,391,1391,1695,379,1388,1729,364,1378,1740,241,1408,2019,377,1480,2505
VIOLAGOD7_mono_0128,180.7,0.058,UW,17,Cyan,5867,5214,328,1747,2063,321,1693,1851,324,1496,2016,340,1380,2141,337,1387,2222
VIOLAGOD7_mono_0129,111.6,0.108,AY,7,Magenta,5868,4857,536,1189,2431,565,1303,2393,521,1428,2371,472,1505,2257,417,1557,2132
VIOLAGOD7_mono_0130,0,0.028,AH,3,Black,5869,5214,496,1464,2697,319,1424,2483,307,1391,2424,340,1377,2357,381,1398,2553
VIOLAGOD7_mono_0131,121.8,0.118,EY,10,Purple,5870,5571,382,1778,2452,381,1873,2510,374,1862,2505,371,1875,2490,347,1917,2366
VIOLAGOD7_mono_0132,138.8,0.098,IY,13,Pink,5871,5571,412,1612,2673,413,1798,2589,403,1909,2612,437,1865,2657,482,1807,2626
VIOLAGOD7_mono_0133,94.7,0.108,EH,8,Black,5872,5214,628,1802,2603,655,1729,2543,621,1734,2466,577,1727,2380,500,1834,2333
VIOLAGOD7_mono_0134,93.6,0.118,EY,10,Purple,5873,5571,398,1772,2498,393,1829,2384,368,1873,2302,355,1854,2204,344,1828,2230
VIOLAGOD7_mono_0135,101.5,0.058,AY,7,Magenta,5874,5214,829,1342,2582,752,1357,2575,699,1340,2591,666,1267,2574,639,1231,2543
VIOLAGOD7_mono_0136,109,0.038,AA,1,Red,5875,4857,575,1042,2711,576,1080,2641,619,1132,2591,597,1166,2588,603,1211,2468
VIOLAGOD7_mono_0137,129.3,0.078,ER,9,Lime,5876,5571,437,1496,1784,413,1488,1774,408,1495,1788,391,1532,1824,356,1562,1792
VIOLAGOD7_mono_0138,89.2,0.038,AH,3,Black,5877,5929,423,1346,2626,431,1295,2598,388,1255,2536,386,1264,2610,305,1407,2671
VIOLAGOD7_mono_0139,0,0.048,AH,3,Black,5878,4857,421,1108,2233,533,1578,2496,484,1686,2417,443,1691,2382,398,1754,2366
VIOLAGOD7_mono_0140,163.3,0.058,IH,11,Teal,5879,5929,394,1873,2636,374,1863,2606,370,1845,2591,347,1807,2608,329,1754,2602
VIOLAGOD7_mono_0141,123.5,0.098,UW,17,Cyan,5880,5571,325,1551,2560,339,1449,2437,351,1362,2437,366,1267,2232,351,1198,2287
VIOLAGOD7_mono_0142,114.3,0.158,AY,7,Magenta,5881,6286,666,1190,2544,696,1319,2534,682,1495,2505,589,1641,2471,542,1644,2484
VIOLAGOD7_mono_0143,132.1,0.05,AH,3,Black,5882,5214,454,1544,2541,410,1511,2542,406,1513,2586,370,1525,2635,432,1483,2693
VIOLAGOD7_mono_0144,100.5,0.058,UW,17,Cyan,5883,5214,362,1521,2290,344,1453,2186,354,1468,2137,364,1455,2190,375,1469,2036
VIOLAGOD7_mono_0145,95,0.048,ER,9,Lime,5884,4857,378,1411,1833,376,1428,1820,373,1444,1823,366,1517,1816,361,1568,1813
VIOLAGOD7_mono_0146,93.9,0.06,EH,8,Black,5885,6286,417,1835,2665,490,1782,2610,523,1647,2603,574,1493,2638,544,1409,2650
VIOLAGOD7_mono_0147,90.7,0.07,IH,11,Teal,5886,5929,419,1333,2738,401,1420,2614,403,1568,2564,370,1686,2511,376,1731,2511
VIOLAGOD7_mono_0148,144.4,0.138,UW,17,Cyan,5887,5214,317,1687,2313,314,1494,2230,308,1386,2173,309,1323,2122,298,1288,2056
VIOLAGOD7_mono_0149,133.1,0.168,UW,17,Cyan,5888,5214,332,1559,2430,338,1455,2349,364,1335,2291,381,1165,2264,358,1094,2287
VIOLAGOD7_mono_0150,89.5,0.048,AH,3,Black,5889,4857,400,1392,2553,347,1437,2635,339,1457,2664,348,1471,2699,332,1462,2715
VIOLAGOD7_mono_0151,121.3,0.088,AW,5,Olive,5890,5929,676,1460,2585,752,1382,2544,742,1349,2596,654,1369,2711,625,1411,2753
VIOLAGOD7_mono_0152,57.9,0.028,AH,3,Black,5891,5571,389,1521,2680,396,1497,2630,326,1465,2617,310,1501,2647,453,1459,2680
VIOLAGOD7_mono_0153,91.6,0.07,EH,8,Black,5892,5929,513,1486,2430,528,1513,2423,517,1578,2394,493,1720,2375,389,1832,2241
VIOLAGOD7_mono_0154,87.6,0.038,AH,3,Black,5893,6286,417,1589,2464,444,1575,2410,421,1597,2468,357,1582,2521,372,1555,2529
VIOLAGOD7_mono_0155,96,0.06,AH,3,Black,5894,5571,557,1444,2618,553,1382,2607,568,1338,2625,543,1293,2607,478,1204,2585
VIOLAGOD7_mono_0156,91.8,0.038,AH,3,Black,5895,5929,390,1400,2537,396,1432,2524,390,1440,2561,380,1491,2626,351,1510,2561
VIOLAGOD7_mono_0157,88.5,0.04,IY,13,Pink,5896,4500,295,1242,2170,274,1217,2220,260,1175,2196,268,1251,2215,271,1236,2201
VIOLAGOD7_mono_0158,97.7,0.048,AY,7,Magenta,5897,6286,759,1617,2514,717,1674,2518,669,1748,2527,615,1790,2556,578,1828,2594
VIOLAGOD7_mono_0159,120.1,0.13,AE,2,Blue,5898,6286,659,1548,2725,708,1531,2701,624,1520,2704,611,1501,2739,627,1487,2738
VIOLAGOD7_mono_0160,136.8,0.068,AH,3,Black,5899,6643,667,1317,2772,650,1320,2789,611,1307,2830,565,1372,2670,491,1468,2873
VIOLAGOD7_mono_0161,164.8,0.08,ER,9,Lime,5900,4500,368,1482,1766,381,1450,1819,387,1406,1735,386,1430,1761,377,1419,1745
VIOLAGOD7_mono_0162,152.4,0.05,AH,3,Black,5901,4500,359,1422,1734,340,1433,1770,330,1476,1768,329,1465,1707,352,1445,1754
VIOLAGOD7_mono_0163,87.3,0.068,IY,13,Pink,5902,6643,358,1770,3172,356,1842,3198,339,1861,3302,352,1896,3241,324,1899,3219
VIOLAGOD7_mono_0164,144.6,0.038,AH,3,Black,5903,5929,380,1503,2652,367,1497,2649,358,1467,2640,393,1452,2660,363,1451,2691
VIOLAGOD7_mono_0165,95.3,0.148,IY,13,Pink,5904,6286,295,1851,3337,292,1890,3211,290,1979,2940,299,1990,2586,299,1878,2531
VIOLAGOD7_mono_0166,117,0.08,AH,3,Black,5905,5214,818,1696,2787,594,1648,2648,585,1593,2634,620,1592,2497,566,1467,2417
VIOLAGOD7_mono_0167,110,0.098,AA,1,Red,5906,4857,675,1102,2718,703,1163,2663,719,1240,2571,690,1356,2552,702,1495,2576
VIOLAGOD7_mono_0168,100,0.09,AH,3,Black,5907,5214,617,1481,2620,617,1440,2599,585,1442,2570,499,1549,2511,440,1717,2497
VIOLAGOD7_mono_0169,115,0.06,EH,8,Black,5908,6286,423,1808,2720,435,1597,2758,477,1514,2810,493,1436,2812,490,1368,2877
VIOLAGOD7_mono_0170,144.3,0.058,OW,14,Maroon,5909,5929,463,1155,2985,463,1160,2975,448,1139,2923,412,1162,2863,435,1141,2786
VIOLAGOD7_mono_0171,97.2,0.12,UW,17,Cyan,5910,4500,368,1406,2468,374,1457,2355,367,1441,2405,372,1447,2410,352,1450,2367
VIOLAGOD7_mono_0172,101.3,0.06,IH,11,Teal,5911,5571,438,1849,2438,462,1821,2526,473,1802,2428,458,1809,2524,458,1802,2478
VIOLAGOD7_mono_0173,102.9,0.068,AE,2,Blue,5912,5571,595,1783,2569,548,1798,2560,511,1831,2552,483,1849,2579,459,1879,2551
VIOLAGOD7_mono_0174,111.2,0.04,AH,3,Black,5913,5571,370,1300,2429,384,1202,2475,389,1137,2520,381,1089,2583,362,1044,2653
VIOLAGOD7_mono_0175,191.5,0.048,IH,11,Teal,5914,5571,389,1515,2599,376,1586,2598,408,1616,2618,396,1645,2606,380,1575,2592
VIOLAGOD7_mono_0176,94.3,0.04,AH,3,Black,5915,5214,476,1478,2388,485,1432,2395,471,1376,2361,363,1333,2379,331,1316,2352
VIOLAGOD7_mono_0177,82.8,0.14,AW,5,Olive,5916,5571,804,1285,2433,749,1187,2379,680,1147,2223,591,1083,2119,540,1191,2082
VIOLAGOD7_mono_0178,0,0.04,ER,9,Lime,5917,4500,449,992,1993,524,1126,1914,519,1169,1910,474,1227,2034,484,1238,2385
VIOLAGOD7_mono_0179,0,0.058,AY,7,Magenta,5918,5214,618,1121,2874,644,1186,2697,670,1182,2711,656,1204,2688,717,1362,2573
VIOLAGOD7_mono_0180,143.1,0.05,IH,11,Teal,5919,4500,299,1548,1861,304,1647,1864,329,1619,1876,322,1659,1772,319,1674,1780
VIOLAGOD7_mono_0181,121.4,0.07,AO,4,Green,5920,4857,451,684,2027,477,689,2017,484,733,2154,487,804,2053,505,932,1985
VIOLAGOD7_mono_0182,0,0.058,IH,11,Teal,5921,5929,463,1787,2854,459,1840,2832,435,1881,2751,411,1929,2657,493,2018,2740
VIOLAGOD7_mono_0183,81.8,0.028,AH,3,Black,5922,4857,473,1200,2568,494,1222,2603,484,1233,2611,492,1260,2596,543,1265,2585
VIOLAGOD7_mono_0184,102.5,0.14,AA,1,Red,5923,5571,684,1185,2729,706,1098,2834,685,1119,2827,727,1208,2700,664,1324,2630
VIOLAGOD7_mono_0185,153.1,0.108,IY,13,Pink,5924,4857,320,1684,2564,314,1836,2551,328,1856,2533,378,1854,2465,446,1384,2436
VIOLAGOD7_mono_0186,136.8,0.05,AA,1,Red,5925,5214,691,1306,2612,675,1301,2654,719,1301,2719,701,1312,2780,621,1349,2815
VIOLAGOD7_mono_0187,91.2,0.03,AH,3,Black,5926,4500,404,1234,1871,404,1189,1972,391,1168,2222,404,1139,2319,376,1194,2491
VIOLAGOD7_mono_0188,89.9,0.09,ER,9,Lime,5927,4500,471,1157,1822,511,1200,2037,683,1481,2238,747,1502,2168,704,1544,2424
W8C94LK3M_mono_0001,114.6,0.06,OW,14,Maroon,5928,4857,431,1371,2322,455,1346,2299,449,1336,2275,444,1325,2266,429,1324,2322
W8C94LK3M_mono_0002,126,0.04,IH,11,Teal,5929,5214,397,1402,2461,402,1408,2493,394,1397,2508,369,1371,2539,345,1289,2510
W8C94LK3M_mono_0003,102.5,0.03,AO,4,Green,5930,6286,586,653,2194,518,707,2173,509,777,2148,515,830,2133,520,864,2115
W8C94LK3M_mono_0004,103.2,0.12,IH,11,Teal,5931,7000,502,1918,2457,518,1958,3346,518,2117,3506,479,2130,3486,454,2184,3641
W8C94LK3M_mono_0005,98,0.09,AY,7,Magenta,5932,5214,716,1342,2308,729,1377,2312,698,1452,2189,671,1483,2171,561,1421,2115
W8C94LK3M_mono_0006,100,0.06,OW,14,Maroon,5933,4857,428,942,2326,428,936,2304,394,917,2276,341,913,2254,276,923,2277
W8C94LK3M_mono_0007,99,0.34,AH,3,Black,5934,5214,380,839,2708,458,1554,2355,399,1937,2250,363,1888,2432,572,1786,2326
W8C94LK3M_mono_0008,100.3,0.07,IY,13,Pink,5935,7000,340,2185,3257,339,2181,3357,332,2172,3362,320,2170,3322,308,2148,3255
W8C94LK3M_mono_0009,106.4,0.04,IY,13,Pink,5936,7000,325,2209,3675,325,2176,3589,330,2149,3560,333,2144,3602,339,2141,3633
W8C94LK3M_mono_0010,104.6,0.04,AH,3,Black,5937,5571,338,1274,2192,337,1385,2202,328,1409,2168,316,1391,2204,317,1373,2405
W8C94LK3M_mono_0011,103.8,0.04,IY,13,Pink,5938,7000,316,2206,3630,315,2255,3580,322,2252,3722,300,2238,3738,274,2219,3803
W8C94LK3M_mono_0012,97.3,0.06,AH,3,Black,5939,4857,539,1361,2444,546,1327,2320,536,1305,2342,512,1251,2332,469,1162,2315
W8C94LK3M_mono_0013,94.6,0.08,AY,7,Magenta,5940,4857,625,1243,2255,638,1448,2246,629,1553,2261,582,1652,2269,440,1743,2249
W8C94LK3M_mono_0014,94.7,0.06,OW,14,Maroon,5941,4500,528,1380,2203,532,1186,2218,533,1083,2228,544,1012,2240,554,960,2262
W8C94LK3M_mono_0015,92.1,0.09,AA,1,Red,5942,5571,536,898,2271,538,900,2234,524,975,2268,524,1035,2215,475,1131,2250
W8C94LK3M_mono_0016,85.9,0.028,AH,3,Black,5943,4857,517,1531,2528,496,1533,2556,467,1538,2594,370,1516,2549,310,1525,2592
W8C94LK3M_mono_0017,90.9,0.048,EH,8,Black,5944,4857,575,1363,1907,610,1357,1941,629,1386,2143,618,1358,2209,637,1476,2271
W8C94LK3M_mono_0018,95,0.19,ER,9,Lime,5945,4500,496,1469,2279,494,1474,2093,526,1500,1926,588,1504,2052,739,1557,2174
W8C94LK3M_mono_0019,105.4,0.09,EY,10,Purple,5946,4500,472,1539,1841,443,1614,2098,410,1683,2169,386,1796,2190,341,1910,2164
W8C94LK3M_mono_0020,103.7,0.048,AA,1,Red,5947,5571,580,1258,2126,577,1172,2085,573,1132,2049,579,1125,1928,573,1121,1863
W8C94LK3M_mono_0021,98.3,0.14,AY,7,Magenta,5948,4857,547,1533,1700,552,1657,2129,551,1744,2132,575,1693,2183,557,1930,2181
W8C94LK3M_mono_0022,102.1,0.07,AY,7,Magenta,5949,4857,635,1490,2741,633,1546,2174,581,1612,2243,526,1741,2163,427,1715,2129
W8C94LK3M_mono_0023,106.6,0.06,AH,3,Black,5950,4857,613,1145,2012,637,1084,2062,598,994,2163,554,917,2221,517,1029,2222
W8C94LK3M_mono_0024,121.6,0.048,AH,3,Black,5951,4857,570,1299,2036,560,1178,2462,576,1126,2451,539,1086,2436,397,982,2528
W8C94LK3M_mono_0025,118.3,0.05,IH,11,Teal,5952,7000,494,1627,2778,474,1754,2886,473,2113,3616,451,2191,3645,400,2194,3746
W8C94LK3M_mono_0026,102,0.09,AE,2,Blue,5953,5214,735,1478,2191,746,1419,2204,725,1375,2250,728,1328,2227,680,1241,2196
W8C94LK3M_mono_0027,96.8,0.09,AA,1,Red,5954,4857,706,1052,2172,663,1046,2193,662,1137,2164,679,1181,2171,702,1320,2101
W8C94LK3M_mono_0028,94,0.13,AH,3,Black,5955,4857,458,1485,2229,442,1520,2267,455,1492,2393,460,1435,2217,417,1423,2348
W8C94LK3M_mono_0029,98.1,0.118,AE,2,Blue,5956,4857,598,1424,1770,638,1381,1713,647,1319,1958,646,1243,2098,599,1199,2115
W8C94LK3M_mono_0030,102.8,0.028,AH,3,Black,5957,4857,429,1060,2258,437,1078,2251,442,1097,2234,446,1119,2225,451,1146,2209
W8C94LK3M_mono_0031,103.7,0.048,EH,8,Black,5958,4857,518,1315,2098,536,1349,2076,547,1357,2020,536,1359,1921,521,1336,1814
W8C94LK3M_mono_0032,109,0.05,ER,9,Lime,5959,4500,411,1178,1566,411,1230,1657,423,1366,1650,379,1487,1686,356,1526,1981
W8C94LK3M_mono_0033,103.5,0.068,ER,9,Lime,5960,5571,443,1364,1571,430,1342,1575,423,1278,1579,414,1210,1583,404,1098,1646
W8C94LK3M_mono_0034,102.7,0.09,IY,13,Pink,5961,4857,383,919,2259,312,924,2389,311,929,2322,323,926,2204,346,841,2129
W8C94LK3M_mono_0035,87.9,0.188,IH,11,Teal,5962,4857,602,1704,2270,634,1695,2295,644,1640,2408,649,1644,2412,593,1621,2562
W8C94LK3M_mono_0036,96.2,0.05,EH,8,Black,5963,5214,650,1566,2390,661,1536,2280,625,1512,2197,601,1502,2328,566,1474,2314
W8C94LK3M_mono_0037,92.8,0.168,AW,5,Olive,5964,5214,601,1420,2210,642,1344,2176,656,1242,2154,569,1200,2157,547,1163,2161
W8C94LK3M_mono_0038,101.2,0.04,AH,3,Black,5965,5214,430,1494,2486,424,1476,2463,425,1469,2512,400,1498,2630,313,1513,2565
W8C94LK3M_mono_0039,108.7,0.098,AY,7,Magenta,5966,5214,610,1309,2164,642,1328,2164,651,1390,2155,635,1471,2185,582,1535,2282
W8C94LK3M_mono_0040,93.1,0.098,IH,11,Teal,5967,4857,325,1583,2152,317,1746,2127,312,1656,2134,328,1795,2026,359,1721,2010
W8C94LK3M_mono_0041,97.3,0.048,AY,7,Magenta,5968,6286,556,1371,2613,533,1484,2303,499,1622,2322,435,1733,2304,349,1807,2396
W8C94LK3M_mono_0042,93.7,0.05,AE,2,Blue,5969,5214,547,1529,2134,533,1503,2196,527,1507,2190,492,1527,2191,441,1543,2361
W8C94LK3M_mono_0043,98.5,0.048,EY,10,Purple,5970,4857,410,1785,2387,411,1782,2328,401,1753,2280,402,1747,2266,401,1759,2284
W8C94LK3M_mono_0044,96,0.048,AH,3,Black,5971,6286,381,1645,2802,399,1546,2568,407,1508,2693,397,1391,2821,372,1399,2585
W8C94LK3M_mono_0045,106,0.06,UW,17,Cyan,5972,4500,349,1351,2378,346,1373,2335,329,1357,2313,313,1352,2308,293,1329,2333
W8C94LK3M_mono_0046,92.9,0.108,EY,10,Purple,5973,4857,494,1553,1884,502,1592,1988,508,1639,2029,507,1667,2233,494,1611,2294
W8C94LK3M_mono_0047,94.9,0.038,AE,2,Blue,5974,4857,512,1478,2277,527,1463,2285,539,1465,2281,554,1449,2268,559,1425,2253
W8C94LK3M_mono_0048,93.7,0.048,EY,10,Purple,5975,4857,493,1762,2246,494,1784,2208,494,1722,2222,476,1852,2199,411,1868,2189
W8C94LK3M_mono_0049,90.7,0.038,AH,3,Black,5976,4857,427,1613,2538,416,1630,2515,439,1615,2424,405,1598,2497,357,1584,2474
W8C94LK3M_mono_0050,94.2,0.038,IH,11,Teal,5977,4857,458,1541,2228,464,1548,2258,461,1559,2290,460,1562,2389,420,1532,2349
W8C94LK3M_mono_0051,101.1,0.038,AH,3,Black,5978,4857,449,1490,2444,460,1469,2409,427,1468,2408,434,1450,2383,378,1568,2477
W8C94LK3M_mono_0052,92.8,0.08,AW,5,Olive,5979,4857,532,1295,2201,580,1312,2222,601,1304,2236,593,1324,2226,569,1347,2238
W8C94LK3M_mono_0053,86.7,0.038,AH,3,Black,5980,4857,543,1436,1932,421,1340,1631,391,1255,1588,378,1162,1588,364,1082,1592
W8C94LK3M_mono_0054,92,0.08,EY,10,Purple,5981,5214,595,1712,2100,581,1736,2107,573,1752,2118,554,1730,2103,567,1714,2210
W8C94LK3M_mono_0055,89.2,0.09,ER,9,Lime,5982,4500,464,1632,2070,456,1423,1806,494,1423,1757,464,1397,1794,356,1441,1744
W8C94LK3M_mono_0056,90.7,0.048,AA,1,Red,5983,4857,259,1372,2174,606,1447,2216,687,1405,2230,683,1346,2257,680,1319,2332
W8C94LK3M_mono_0057,108.3,0.06,AY,7,Magenta,5984,4857,663,1449,2236,692,1554,2194,703,1584,2171,581,1574,2201,549,1660,2206
W8C94LK3M_mono_0058,100.8,0.098,AA,1,Red,5985,4857,619,1208,2246,664,1172,2279,671,1127,2307,666,1098,2291,649,1098,2277
W8C94LK3M_mono_0059,109.7,0.08,AY,7,Magenta,5986,5214,624,1263,2193,611,1400,2212,574,1457,2292,547,1473,2421,507,1482,2480
W8C94LK3M_mono_0060,107,0.04,AO,4,Green,5987,5214,570,814,2149,540,830,2184,573,876,2163,595,913,2084,596,974,2034
W8C94LK3M_mono_0061,94,0.07,ER,9,Lime,5988,4500,523,1444,1698,528,1465,1682,539,1469,1715,494,1489,1743,440,1573,2081
W8C94LK3M_mono_0062,96.9,0.078,AO,4,Green,5989,5571,474,1246,2163,471,1018,2026,477,978,1959,475,959,1810,478,964,1775
W8C94LK3M_mono_0063,108.4,0.04,AH,3,Black,5990,5214,477,1611,2427,423,1588,2297,382,1602,1998,359,1597,1846,313,1542,1885
W8C94LK3M_mono_0064,92.2,0.06,AE,2,Blue,5991,4857,587,1382,1756,609,1372,1676,620,1349,1676,611,1329,1817,584,1268,1971
W8C94LK3M_mono_0065,89.2,0.048,AH,3,Black,5992,4857,476,1353,2118,480,1436,2126,460,1503,2068,412,1539,2141,311,1585,2132
W8C94LK3M_mono_0066,93.5,0.06,OW,14,Maroon,5993,4500,476,1484,2177,462,1453,2213,451,1419,2229,437,1417,2267,421,1429,2263
W8C94LK3M_mono_0067,101.1,0.028,IH,11,Teal,5994,5214,377,1585,2289,370,1595,2347,341,1604,2356,345,1589,2359,332,1585,2415
W8C94LK3M_mono_0068,92,0.108,EY,10,Purple,5995,4857,417,1702,2297,430,1728,2338,436,1734,2279,421,1763,2212,376,1750,2130
W8C94LK3M_mono_0069,95.4,0.048,AH,3,Black,5996,5571,407,1062,2092,419,980,2116,446,959,2194,457,940,2191,469,940,2219
W8C94LK3M_mono_0070,94.6,0.08,AH,3,Black,5997,4857,492,1182,2381,598,1378,2337,596,1456,2276,617,1524,2234,616,1531,2257
W8C94LK3M_mono_0071,97.4,0.11,AO,4,Green,5998,7000,588,2053,3834,793,2201,3893,692,2180,3953,693,2136,3974,765,1875,4150
W8C94LK3M_mono_0072,93.2,0.15,UW,17,Cyan,5999,4500,344,1794,2303,350,1766,2167,334,1705,2124,390,1658,2170,362,1601,2215
W8C94LK3M_mono_0073,95.3,0.028,AH,3,Black,6000,5571,450,1342,2208,463,1386,2211,455,1416,2234,441,1427,2299,402,1400,2316
W8C94LK3M_mono_0074,102,0.048,EY,10,Purple,6001,5571,434,1733,2357,431,1743,2290,420,1742,2253,416,1691,2175,407,1486,2199
W8C94LK3M_mono_0075,92.6,0.12,ER,9,Lime,6002,5214,450,1098,1676,474,1196,1640,476,1312,1665,506,1344,1731,551,1336,1758
W8C94LK3M_mono_0076,94.1,0.068,AW,5,Olive,6003,5571,629,1281,1631,647,1246,1692,639,1230,1779,628,1248,1980,599,1299,1994
W8C94LK3M_mono_0077,87.1,0.028,AH,3,Black,6004,5571,435,1387,1822,455,1379,1891,440,1363,1916,441,1270,2050,402,1304,1976
W8C94LK3M_mono_0078,122.8,0.118,OW,14,Maroon,6005,4857,508,1286,2209,523,1305,2223,496,1306,2220,467,1277,2214,471,1214,2203
W8C94LK3M_mono_0079,102.4,0.038,AH,3,Black,6006,4857,475,1598,2583,435,1725,2347,407,1759,2343,349,1861,2574,287,1801,2481
W8C94LK3M_mono_0080,105.4,0.07,AE,2,Blue,6007,4857,599,1567,2201,630,1551,2158,635,1529,2185,636,1511,2135,598,1529,2158
W8C94LK3M_mono_0081,131.4,0.06,IH,11,Teal,6008,4857,399,1767,2502,353,1793,2305,344,1798,2197,343,1788,2131,341,1736,1981
W8C94LK3M_mono_0082,87.8,0.148,OW,14,Maroon,6009,5571,443,1559,2215,465,1483,2188,451,1418,2151,410,1333,2160,334,1197,2211
W8C94LK3M_mono_0083,126.7,0.048,AH,3,Black,6010,6286,664,1105,2651,667,1185,2491,655,1248,2515,648,1306,2464,633,1360,2438
W8C94LK3M_mono_0084,94.9,0.098,EY,10,Purple,6011,4857,488,1692,2425,481,1744,2338,453,1766,2324,459,1807,2336,456,1775,2292
W8C94LK3M_mono_0085,93.4,0.048,EH,8,Black,6012,4857,534,1779,2367,561,1750,2291,627,1723,2258,592,1698,2310,606,1670,2296
W8C94LK3M_mono_0086,93.5,0.08,ER,9,Lime,6013,4500,556,1589,2248,465,1608,2254,352,1593,1841,337,1614,1780,277,1657,1709
W8C94LK3M_mono_0087,101.2,0.17,IY,13,Pink,6014,5929,325,2067,2725,320,2058,3137,315,2123,3145,353,2158,3091,784,2113,3284
W8C94LK3M_mono_0088,97.2,0.04,AY,7,Magenta,6015,5214,677,1495,2541,679,1515,2500,670,1592,2370,656,1624,2360,654,1649,2311
W8C94LK3M_mono_0089,112.5,0.098,AE,2,Blue,6016,4857,774,1353,2147,742,1341,2182,742,1347,2163,756,1265,2173,737,1232,2257
W8C94LK3M_mono_0090,93.5,0.098,AE,2,Blue,6017,4857,662,1207,2354,673,1223,2351,668,1214,2293,658,1203,2278,648,1162,2257
W8C94LK3M_mono_0091,97.3,0.118,AH,3,Black,6018,4857,461,1626,2247,474,1598,2319,455,1564,2264,441,1534,2292,409,1483,2317
W8C94LK3M_mono_0092,91,0.188,AE,2,Blue,6019,4857,597,1612,2188,690,1430,2149,720,1379,2116,740,1331,2148,828,1403,2156
W8C94LK3M_mono_0093,95.6,0.188,UW,17,Cyan,6020,4857,401,1411,1645,402,1406,1747,408,1219,1777,475,1067,2120,771,1521,2565
W8C94LK3M_mono_0094,104.5,0.03,AY,7,Magenta,6021,4500,656,1580,2245,634,1615,2268,581,1703,2269,556,1715,2248,489,1758,2052
W8C94LK3M_mono_0095,141.5,0.04,UH,16,Silver,6022,4500,462,1677,2313,426,1709,2340,417,1750,2313,417,1775,2262,352,1787,2224
W8C94LK3M_mono_0096,168.4,0.058,AH,3,Black,6023,5214,317,1747,2257,412,1752,2264,466,1717,2315,429,1730,2376,306,1721,2479
W8C94LK3M_mono_0097,119.3,0.08,IY,13,Pink,6024,7000,331,2189,3357,325,2216,3399,324,2246,3492,312,2244,3522,293,2255,3396
W8C94LK3M_mono_0098,102.1,0.03,IH,11,Teal,6025,6286,487,2141,3121,477,1970,3086,475,1866,3103,503,1791,3078,498,1745,3106
W8C94LK3M_mono_0099,130.5,0.04,AH,3,Black,6026,5214,416,1469,2527,463,1355,2447,420,1163,2468,406,938,2260,377,862,2161
W8C94LK3M_mono_0100,95.4,0.038,IH,11,Teal,6027,4857,524,1411,2226,539,1501,2227,538,1565,2217,549,1564,2236,583,1497,2341
W8C94LK3M_mono_0101,97.7,0.23,OW,14,Maroon,6028,4500,533,1440,2182,533,1340,2070,505,1206,2131,646,1047,2289,938,1830,2416
W8C94LK3M_mono_0102,98.8,0.06,OW,14,Maroon,6029,5571,485,974,1999,490,940,2174,488,927,2308,484,929,2591,482,938,2659
W8C94LK3M_mono_0103,109.3,0.08,AY,7,Magenta,6030,4857,631,1275,2284,622,1430,2384,615,1543,2275,580,1660,2275,527,1671,2245
W8C94LK3M_mono_0104,0,0.05,OW,14,Maroon,6031,4500,447,1339,2297,472,1312,2244,513,1266,2237,603,1243,2241,572,1253,2242
W8C94LK3M_mono_0105,105.6,0.038,AH,3,Black,6032,4857,625,1653,2150,590,1593,2407,593,1598,2290,597,1647,2331,578,1639,2328
W8C94LK3M_mono_0106,99.6,0.048,OW,14,Maroon,6033,5571,507,1428,2163,500,1303,2132,479,1179,2105,452,1056,2102,444,991,2015
W8C94LK3M_mono_0107,101.8,0.07,ER,9,Lime,6034,4500,463,1017,1641,482,1066,1583,491,1121,1566,515,1163,1559,465,1171,1560
W8C94LK3M_mono_0108,100.1,0.06,ER,9,Lime,6035,4500,496,1303,1543,480,1332,1575,468,1376,1633,444,1447,1705,403,1505,1746
W8C94LK3M_mono_0109,95,0.04,AH,3,Black,6036,5214,546,1296,2336,545,1276,2321,545,1135,2302,497,1047,2277,397,979,2263
W8C94LK3M_mono_0110,89.1,0.23,EY,10,Purple,6037,4857,496,1531,2252,546,1606,2289,538,1643,2233,501,1698,2235,420,1780,2248
W8C94LK3M_mono_0111,94.4,0.098,ER,9,Lime,6038,4500,374,1522,1941,379,1308,1632,400,1208,1600,443,1223,1607,510,1279,1717
W8C94LK3M_mono_0112,101.4,0.08,AE,2,Blue,6039,4857,494,1247,1762,669,1186,1811,682,1168,1829,694,1196,2080,700,1200,2074
W8C94LK3M_mono_0113,103,0.038,IH,11,Teal,6040,4857,489,1535,2155,438,1576,2155,412,1625,2159,388,1714,2146,371,1728,2048
W8C94LK3M_mono_0114,93.6,0.038,IH,11,Teal,6041,4857,405,1581,2352,412,1585,2354,437,1570,2341,430,1525,2308,402,1515,2303
W8C94LK3M_mono_0115,93,0.06,IH,11,Teal,6042,4857,441,1499,2244,458,1549,2282,460,1553,2325,434,1558,2378,308,1598,2366
W8C94LK3M_mono_0116,93,0.108,OW,14,Maroon,6043,5214,464,1316,2147,440,1130,2166,414,1020,2218,378,897,2220,309,766,2086
W8C94LK3M_mono_0117,0,0.028,AH,3,Black,6044,5571,447,1583,2309,384,1596,2348,359,1519,2313,302,1519,2345,233,1339,2328
W8C94LK3M_mono_0118,94.3,0.12,UW,17,Cyan,6045,4500,490,1777,2290,439,1780,2256,503,1670,2177,470,1554,2162,545,1456,2188
W8C94LK3M_mono_0119,103.9,0.028,EH,8,Black,6046,5571,543,1073,2456,546,1052,2405,543,1042,2557,562,1048,2643,554,1047,2596
W8C94LK3M_mono_0120,106.9,0.128,AA,1,Red,6047,5214,673,933,2715,667,908,2733,677,911,2821,636,923,2818,574,967,2908
W8C94LK3M_mono_0121,118.1,0.05,IY,13,Pink,6048,5929,376,1616,2684,364,1670,2666,343,1696,2678,328,1654,2774,300,1624,2691
W8C94LK3M_mono_0122,99.7,0.06,OW,14,Maroon,6049,4500,452,1067,1772,445,1048,1808,421,1008,1933,423,1009,1927,355,972,1935
W8C94LK3M_mono_0123,96.6,0.108,AW,5,Olive,6050,4857,604,1413,1851,653,1363,2118,722,1320,2191,715,1204,2287,666,1185,2234
W8C94LK3M_mono_0124,84.2,0.028,AE,2,Blue,6051,5571,468,1355,2342,416,1298,2368,366,1295,2412,314,1196,2473,207,1170,2455
W8C94LK3M_mono_0125,99.8,0.14,AY,7,Magenta,6052,4857,707,1443,2248,708,1390,2241,737,1446,2276,699,1601,2250,500,1700,2287
W8C94LK3M_mono_0126,111.2,0.08,AE,2,Blue,6053,4857,699,1421,2239,681,1439,2173,680,1439,2140,676,1456,2127,662,1446,2031
W8C94LK3M_mono_0127,105.2,0.038,ER,9,Lime,6054,4857,424,1393,1687,425,1383,1668,425,1391,1657,436,1397,1654,434,1388,1633
W8C94LK3M_mono_0128,100.4,0.05,AH,3,Black,6055,5214,420,1395,1628,410,1343,1601,397,1299,1581,392,1445,2085,303,1546,2237
W8C94LK3M_mono_0129,120.6,0.048,UW,17,Cyan,6056,4857,313,1847,2181,315,1627,2181,326,1490,2128,313,1148,2080,254,1113,2060
W8C94LK3M_mono_0130,101.8,0.098,AY,7,Magenta,6057,5571,557,1192,2203,571,1341,2203,567,1456,2213,502,1578,2263,459,1709,2329
W8C94LK3M_mono_0131,102.2,0.038,AH,3,Black,6058,4857,520,1253,2404,502,1219,2396,547,1170,2375,504,1237,2356,384,1237,2374
W8C94LK3M_mono_0132,95.7,0.05,IH,11,Teal,6059,5214,452,1529,2472,474,1685,2368,480,1877,2352,448,2291,2336,385,2323,2387
W8C94LK3M_mono_0133,94,0.11,EY,10,Purple,6060,4500,400,1822,2401,398,1851,2386,375,1884,2344,375,1897,2352,329,1995,2227
W8C94LK3M_mono_0134,109.9,0.09,IY,13,Pink,6061,5571,352,1618,2342,331,1788,2355,322,1733,2265,341,1903,2447,490,1764,2492
W8C94LK3M_mono_0135,92.2,0.08,EH,8,Black,6062,4857,577,1636,2340,620,1557,2157,585,1561,2226,558,1661,2217,483,1762,2190
W8C94LK3M_mono_0136,87.7,0.13,EY,10,Purple,6063,4857,436,1758,2254,436,1820,2260,422,1816,2244,426,1752,2084,377,1569,1953
W8C94LK3M_mono_0137,96.9,0.098,AY,7,Magenta,6064,4857,684,1379,2311,684,1441,2228,653,1455,2171,631,1509,2178,605,1466,2130
W8C94LK3M_mono_0138,93,0.048,AA,1,Red,6065,5571,528,795,2346,551,863,2354,560,936,2326,577,993,2287,574,1044,1973
W8C94LK3M_mono_0139,88.9,0.038,ER,9,Lime,6066,4857,428,1477,1817,425,1486,1814,394,1539,1799,359,1555,1961,334,1558,2081
W8C94LK3M_mono_0140,91.7,0.048,AH,3,Black,6067,4857,369,1531,2682,371,1528,2608,363,1472,2485,358,1445,2466,324,1420,2448
W8C94LK3M_mono_0141,82.8,0.038,AH,3,Black,6068,5929,432,1334,2551,432,1261,2547,422,1200,2574,378,1204,2547,264,1083,2529
W8C94LK3M_mono_0142,105.5,0.048,AH,3,Black,6069,5571,638,1457,2373,515,1470,2226,508,1538,2255,456,1582,2137,333,1597,2174
W8C94LK3M_mono_0143,134.4,0.058,IH,11,Teal,6070,5214,399,1929,2378,396,1791,2400,397,1812,2431,397,1770,2468,343,1684,2407
W8C94LK3M_mono_0144,129.6,0.098,UW,17,Cyan,6071,5214,323,1699,2315,324,1590,2287,337,1452,2304,384,1289,2349,378,1243,2309
W8C94LK3M_mono_0145,95.1,0.23,AY,7,Magenta,6072,4857,604,1218,2270,678,1214,2293,700,1268,2279,696,1490,2253,615,1636,2283
W8C94LK3M_mono_0146,96.6,0.038,AH,3,Black,6073,4857,523,1434,2339,505,1453,2314,492,1475,2317,478,1506,2481,387,1550,2501
W8C94LK3M_mono_0147,101,0.06,UW,17,Cyan,6074,4500,314,1767,2014,307,1728,2052,309,1679,2106,313,1649,2128,311,1607,2097
W8C94LK3M_mono_0148,95.8,0.07,ER,9,Lime,6075,4857,399,1402,1794,419,1389,1792,418,1413,1791,408,1447,1792,385,1521,1803
W8C94LK3M_mono_0149,93.3,0.048,EH,8,Black,6076,4857,454,1695,2234,500,1589,2200,529,1526,2233,555,1421,2248,559,1328,2288
W8C94LK3M_mono_0150,89.9,0.05,IH,11,Teal,6077,5929,420,1060,2342,393,1295,2324,364,1318,2262,307,1187,2257,277,1121,2354
W8C94LK3M_mono_0151,129.4,0.1,UW,17,Cyan,6078,5929,345,1674,2515,386,1609,2385,392,1331,2283,421,1185,2364,434,1158,2364
W8C94LK3M_mono_0152,117.3,0.14,UW,17,Cyan,6079,4500,374,1594,2364,391,1599,2263,470,1490,2234,468,1410,2265,408,1327,2289
W8C94LK3M_mono_0153,109.1,0.05,AY,7,Magenta,6080,4500,591,1277,2432,558,1405,2308,518,1457,2335,543,1561,2352,537,1751,2437
W8C94LK3M_mono_0154,100.5,0.04,IH,11,Teal,6081,4500,354,1717,2240,338,1656,2228,371,1612,2213,396,1505,2207,404,1378,2207
W8C94LK3M_mono_0155,90.2,0.03,AH,3,Black,6082,6643,371,1459,3439,383,1604,3442,374,1627,3472,358,1620,3460,328,1663,3502
W8C94LK3M_mono_0156,91,0.06,AH,3,Black,6083,4500,348,1467,2459,382,1456,2518,398,1448,2495,396,1445,2451,372,1469,2474
W8C94LK3M_mono_0157,96.5,0.08,AW,5,Olive,6084,4857,669,1476,2343,691,1400,2348,698,1335,2408,715,1295,2425,677,1351,2338
W8C94LK3M_mono_0158,92.4,0.04,AH,3,Black,6085,4500,476,1427,2400,478,1421,2377,470,1415,2375,460,1419,2378,441,1423,2398
W8C94LK3M_mono_0159,90,0.08,EH,8,Black,6086,4500,558,1341,2070,588,1390,2119,598,1424,2155,538,1520,2008,444,1606,2033
W8C94LK3M_mono_0160,89.1,0.038,AH,3,Black,6087,4857,477,1514,2300,479,1503,2337,478,1475,2333,448,1446,2179,444,1469,2193
W8C94LK3M_mono_0161,89.4,0.058,AH,3,Black,6088,5214,600,1276,2373,572,1241,2374,567,1235,2392,549,1114,2367,440,980,2367
W8C94LK3M_mono_0162,98.4,0.068,IY,13,Pink,6089,6643,270,2300,3387,244,2331,3371,231,2394,3329,227,2368,3467,225,2345,3468
W8C94LK3M_mono_0163,102.4,0.09,AY,7,Magenta,6090,4857,709,1327,2264,696,1557,2281,677,1620,2293,609,1672,2307,509,1765,2364
W8C94LK3M_mono_0164,100.4,0.098,AE,2,Blue,6091,4857,606,1466,2366,661,1388,2263,675,1394,2275,673,1403,2310,652,1424,2327
W8C94LK3M_mono_0165,103,0.038,AH,3,Black,6092,4857,515,1343,2406,520,1359,2396,529,1406,2401,560,1448,2384,555,1425,2416
W8C94LK3M_mono_0166,112.1,0.09,ER,9,Lime,6093,5214,425,1339,1768,424,1274,1745,409,1234,1647,410,1168,1641,437,1217,1680
W8C94LK3M_mono_0167,115,0.05,AH,3,Black,6094,4500,467,1422,1733,465,1468,1749,450,1520,1780,433,1635,1823,398,1682,2212
W8C94LK3M_mono_0168,89.4,0.19,IY,13,Pink,6095,4500,347,1836,2046,304,1846,2406,306,1843,2336,304,1650,2354,274,1456,2359
W8C94LK3M_mono_0169,109.4,0.038,IH,11,Teal,6096,4857,435,1284,2371,430,1333,2359,428,1299,2502,389,1333,2575,299,1376,2615
W8C94LK3M_mono_0170,125.7,0.04,AH,3,Black,6097,5214,339,1486,2384,358,1467,2302,379,1453,2405,395,1437,2429,368,1473,2501
W8C94LK3M_mono_0171,125.5,0.04,AH,3,Black,6098,5214,413,1497,2613,418,1508,2647,418,1522,2622,411,1486,2493,334,1437,2380
W8C94LK3M_mono_0172,96,0.13,IY,13,Pink,6099,4500,318,1744,1890,330,1856,2039,333,1878,2230,336,1890,2332,332,1852,2429
W8C94LK3M_mono_0173,0,0.12,AE,2,Blue,6100,4500,421,1553,2582,491,1569,2528,592,1628,2329,631,1615,2351,611,1577,2219
W8C94LK3M_mono_0174,93.3,0.06,AA,1,Red,6101,4857,592,933,2431,624,1002,2338,632,1059,2303,638,1148,2251,638,1340,2189
W8C94LK3M_mono_0175,95.4,0.04,AH,3,Black,6102,7000,357,1731,3420,377,1790,3457,358,1965,3524,324,2079,3614,302,2027,3636
W8C94LK3M_mono_0176,92.2,0.048,EH,8,Black,6103,5571,443,1748,2383,498,1608,2369,538,1457,2259,550,1273,2282,539,1114,2288
W8C94LK3M_mono_0177,99.5,0.06,OW,14,Maroon,6104,4500,472,1047,2683,478,1085,2571,448,1053,2513,419,971,2495,391,901,2469
W8C94LK3M_mono_0178,90.7,0.15,UW,17,Cyan,6105,4857,414,1491,2399,440,1560,2372,438,1544,2346,403,1484,2324,363,1563,2346
W8C94LK3M_mono_0179,97.8,0.038,IH,11,Teal,6106,4857,438,1815,2293,474,1777,2310,481,1750,2378,466,1750,2385,459,1736,2364
W8C94LK3M_mono_0180,100.3,0.05,AE,2,Blue,6107,5214,622,1778,2393,633,1822,2390,641,1834,2348,626,1846,2314,602,1855,2330
W8C94LK3M_mono_0181,89.8,0.028,AH,3,Black,6108,5571,403,998,2449,406,991,2454,425,960,2513,419,957,2504,425,948,2594
W8C94LK3M_mono_0182,88.8,0.048,AH,3,Black,6109,4857,555,1408,2057,575,1402,2012,574,1345,2078,520,1223,2346,375,1282,2322
W8C94LK3M_mono_0183,95.2,0.12,AW,5,Olive,6110,7000,735,1648,3358,786,1656,3202,813,1683,3211,777,1401,2857,674,1283,3146
W8C94LK3M_mono_0184,89,0.07,ER,9,Lime,6111,4500,539,1088,1831,560,1085,1794,576,1183,1841,569,1178,1930,546,1191,2094
W8C94LK3M_mono_0185,0,0.068,AY,7,Magenta,6112,5214,647,1023,2631,634,1156,3145,695,1255,2811,730,1453,2643,745,1519,2959
W8C94LK3M_mono_0186,102,0.06,IH,11,Teal,6113,4857,355,1453,1931,360,1621,1916,362,1729,1922,377,1745,1903,389,1706,1884
W8C94LK3M_mono_0187,96,0.04,AO,4,Green,6114,5571,492,613,2298,552,647,2258,571,663,2135,532,767,2023,539,807,1996
W8C94LK3M_mono_0188,93.4,0.098,AA,1,Red,6115,4500,569,1154,2301,662,1094,2244,687,1048,2257,698,1060,2285,711,1113,2337
W8C94LK3M_mono_0189,103,0.048,AH,3,Black,6116,4857,588,1299,2352,612,1374,2384,601,1417,2413,604,1421,2447,464,1388,2533
W8C94LK3M_mono_0190,136.4,0.16,IY,13,Pink,6117,7000,411,2250,3421,384,2287,3428,356,2278,3415,284,2122,3409,222,1927,3410
W8C94LK3M_mono_0191,110.7,0.08,AA,1,Red,6118,4857,700,1169,2315,678,1084,2355,653,1050,2330,642,1018,2277,629,1032,2318
W8C94LK3M_mono_0192,92.7,0.04,AH,3,Black,6119,5214,516,1200,2337,496,1072,2262,476,1009,2252,440,932,2191,397,859,2170
W8C94LK3M_mono_0193,81.3,0.108,ER,9,Lime,6120,4857,406,902,1656,513,1106,1591,495,1153,1561,455,1266,1598,446,1191,1638
WCHU77581_mono_0001,123.7,0.11,OW,14,Maroon,6121,4500,540,1344,2486,575,1324,2506,592,1266,2485,546,1246,2446,450,1263,2489
WCHU77581_mono_0002,116.7,0.06,IH,11,Teal,6122,5571,377,1423,2519,372,1430,2556,370,1394,2532,343,1512,2484,272,1498,2567
WCHU77581_mono_0003,136.3,0.06,AO,4,Green,6123,4857,582,1288,2293,637,989,2254,507,810,2017,502,841,2000,724,960,1939
WCHU77581_mono_0004,163.4,0.12,IH,11,Teal,6124,4500,523,857,2178,407,827,2170,391,826,2176,389,792,2183,431,816,2155
WCHU77581_mono_0005,117.9,0.06,AY,7,Magenta,6125,4857,787,1563,2313,732,1597,2364,690,1625,2353,634,1634,2309,586,1551,2262
WCHU77581_mono_0006,139.2,0.068,OW,14,Maroon,6126,6643,469,856,3237,438,841,3395,398,869,3491,354,887,3542,307,936,3649
WCHU77581_mono_0007,169.6,0.06,AH,3,Black,6127,4500,478,1405,2282,511,1365,2336,549,1330,2389,567,1168,2407,493,1050,2390
WCHU77581_mono_0008,111.7,0.138,EY,10,Purple,6128,5929,494,1617,2468,443,2110,2541,416,2116,2609,379,2199,2665,361,2226,2734
WCHU77581_mono_0009,97.5,0.028,IH,11,Teal,6129,4857,373,1747,2592,356,1732,2580,336,1650,2479,310,1611,2461,300,1580,2378
WCHU77581_mono_0010,108.1,0.08,IY,13,Pink,6130,4857,341,2148,2462,342,2168,2579,334,2153,2626,339,2154,2499,347,2139,2490
WCHU77581_mono_0011,114.7,0.03,IY,13,Pink,6131,6286,335,2092,2665,334,2085,2633,336,2039,2670,342,2012,2654,352,1929,2632
WCHU77581_mono_0012,121.6,0.038,AH,3,Black,6132,4857,361,1723,2368,378,1549,2484,394,1525,2458,398,1489,2441,398,1438,2445
WCHU77581_mono_0013,128.9,0.078,IY,13,Pink,6133,6286,350,2083,2479,308,2155,2546,294,2285,2724,287,2345,2588,264,2288,2503
WCHU77581_mono_0014,102.1,0.088,AH,3,Black,6134,6286,609,1436,2660,679,1421,2581,665,1401,2607,609,1378,2572,502,1335,2523
WCHU77581_mono_0015,103.1,0.09,AY,7,Magenta,6135,5214,709,1392,2394,675,1495,2396,548,1670,2397,475,1872,2456,354,1973,2619
WCHU77581_mono_0016,91.5,0.118,OW,14,Maroon,6136,5571,507,1421,2431,572,1348,2410,524,1146,2426,507,1009,2420,516,972,2491
WCHU77581_mono_0017,68.5,0.038,AH,3,Black,6137,5929,459,1556,2563,419,1586,2560,399,1642,2596,351,1670,2624,255,1676,2638
WCHU77581_mono_0018,74.5,0.058,EH,8,Black,6138,5214,643,1496,2126,658,1469,2254,710,1487,2323,641,1503,2376,609,1540,2546
WCHU77581_mono_0019,0,0.12,ER,9,Lime,6139,5214,483,1544,2355,369,1536,2386,434,1599,2118,378,1589,2084,403,1561,2104
WCHU77581_mono_0020,128.5,0.088,EY,10,Purple,6140,6643,541,1819,2142,464,1973,2282,403,2079,2458,373,2142,2587,309,2130,2748
WCHU77581_mono_0021,107.4,0.078,AA,1,Red,6141,6286,646,1400,2509,724,1360,2393,775,1307,2368,775,1310,2301,746,1356,2258
WCHU77581_mono_0022,101.8,0.188,AY,7,Magenta,6142,6286,690,1425,2084,666,1633,2334,529,1903,2467,386,2081,2686,337,2175,2812
WCHU77581_mono_0023,121.8,0.08,AY,7,Magenta,6143,4857,794,1595,2407,718,1628,2400,622,1761,2352,499,1856,2304,398,1910,2195
WCHU77581_mono_0024,134.7,0.04,AH,3,Black,6144,5214,618,1279,2098,628,1221,2144,615,1124,2181,564,1041,2202,494,984,2224
WCHU77581_mono_0025,176,0.048,AH,3,Black,6145,4857,660,1211,2695,641,1182,2548,586,1127,2487,602,1115,2497,483,1097,2454
WCHU77581_mono_0026,155.5,0.038,IH,11,Teal,6146,6286,412,1686,2342,433,1737,2314,445,1699,2298,442,1823,2324,417,1714,2285
WCHU77581_mono_0027,120.2,0.11,AE,2,Blue,6147,5571,882,1491,2468,883,1406,2477,871,1363,2512,824,1314,2508,800,1298,2434
WCHU77581_mono_0028,99.7,0.098,AA,1,Red,6148,4857,800,1037,2644,768,1051,2692,771,1104,2614,755,1245,2530,722,1433,2514
WCHU77581_mono_0029,100.3,0.118,AH,3,Black,6149,4857,387,1641,2598,390,1642,2613,397,1651,2577,363,1635,2577,316,1626,2530
WCHU77581_mono_0030,105.2,0.128,AE,2,Blue,6150,6643,745,1516,2136,803,1463,2207,810,1443,2298,776,1428,2358,590,1415,2333
WCHU77581_mono_0031,105.1,0.058,AH,3,Black,6151,5214,437,969,2536,482,1056,2537,533,1255,2451,527,1385,2452,482,1469,2428
WCHU77581_mono_0032,108.6,0.07,EH,8,Black,6152,6286,481,1541,2502,529,1570,2446,533,1531,2410,531,1547,2402,506,1513,2229
WCHU77581_mono_0033,111.4,0.08,ER,9,Lime,6153,4500,358,1318,1686,390,1465,1719,390,1536,1798,372,1540,1880,301,1676,2218
WCHU77581_mono_0034,109.2,0.068,ER,9,Lime,6154,5214,437,1487,2064,449,1492,1991,450,1482,1862,445,1481,1807,435,1423,1772
WCHU77581_mono_0035,105.9,0.048,AH,3,Black,6155,5571,450,1271,2181,434,1411,2226,413,1460,2235,377,1517,2374,320,1467,2373
WCHU77581_mono_0036,105.3,0.058,AE,2,Blue,6156,5214,788,1738,2411,740,1759,2402,703,1779,2399,666,1827,2469,613,1748,2501
WCHU77581_mono_0037,108.6,0.028,EH,8,Black,6157,5571,739,1835,2659,713,1830,2651,680,1825,2664,656,1804,2659,612,1768,2656
WCHU77581_mono_0038,101.6,0.07,IH,11,Teal,6158,6286,484,1795,2641,501,1810,2680,510,1828,2684,492,1803,2689,435,1789,2637
WCHU77581_mono_0039,0,0.058,AW,5,Olive,6159,5214,593,1626,2497,664,1623,2467,709,1594,2411,691,1595,2433,740,1528,2368
WCHU77581_mono_0040,125.1,0.058,AH,3,Black,6160,5214,468,1493,2523,491,1501,2524,484,1492,2538,432,1483,2559,351,1460,2598
WCHU77581_mono_0041,149.5,0.12,AY,7,Magenta,6161,5929,672,1446,2215,773,1399,2273,788,1444,2333,753,1524,2347,698,1580,2380
WCHU77581_mono_0042,164.8,0.058,UH,16,Silver,6162,5214,502,1413,2484,452,1469,2378,383,1537,2408,316,1651,2270,241,1516,2306
WCHU77581_mono_0043,97.5,0.138,IH,11,Teal,6163,6643,289,2216,2515,300,2216,2599,304,2174,2690,324,2108,2511,354,1965,2257
WCHU77581_mono_0044,108.5,0.048,AY,7,Magenta,6164,6286,683,1503,2570,624,1695,2465,495,1913,2379,389,2082,2322,300,2117,2365
WCHU77581_mono_0045,112.9,0.078,AE,2,Blue,6165,6286,628,1640,2442,686,1686,2464,684,1716,2455,636,1764,2546,510,1763,2662
WCHU77581_mono_0046,118.5,0.08,EY,10,Purple,6166,7000,337,2259,3166,346,2234,3040,350,2219,2873,363,2136,2828,385,2074,2736
WCHU77581_mono_0047,110,0.04,AH,3,Black,6167,5214,396,1605,2558,422,1582,2532,424,1512,2475,396,1491,2419,332,1391,2411
WCHU77581_mono_0048,91.4,0.13,UW,17,Cyan,6168,4857,322,1461,2418,325,1485,2394,321,1501,2366,302,1500,2343,267,1436,2335
WCHU77581_mono_0049,90.8,0.108,EY,10,Purple,6169,5929,450,1610,2056,453,1671,2120,448,1768,2224,431,1779,2290,432,1805,2474
WCHU77581_mono_0050,93.7,0.068,AH,3,Black,6170,5571,571,1530,2409,585,1527,2447,587,1515,2444,527,1522,2398,383,1505,2222
WCHU77581_mono_0051,103.4,0.07,EY,10,Purple,6171,4857,488,1908,2371,440,2123,2362,364,2240,2475,334,2238,2468,265,2283,2410
WCHU77581_mono_0052,97.7,0.028,UW,17,Cyan,6172,5214,258,1931,2167,245,1783,2209,208,1585,2266,171,1581,2338,200,1524,2362
WCHU77581_mono_0053,112.5,0.038,EH,8,Black,6173,5929,716,1365,2312,704,1404,2285,681,1449,2245,641,1470,2219,592,1475,2258
WCHU77581_mono_0054,101.4,0.038,AH,3,Black,6174,4857,587,1925,2568,350,1685,2583,312,1485,2575,310,1479,2305,292,1470,2282
WCHU77581_mono_0055,93.6,0.028,IH,11,Teal,6175,5571,400,1636,2528,417,1636,2510,388,1611,2479,358,1618,2387,287,1525,2346
WCHU77581_mono_0056,0,0.038,IH,11,Teal,6176,4857,518,1624,2405,424,1680,2509,378,1704,2529,296,1632,2614,243,1638,2608
WCHU77581_mono_0057,96.4,0.04,AH,3,Black,6177,5571,412,1473,2496,423,1457,2500,402,1423,2408,359,1426,2380,277,1396,2331
WCHU77581_mono_0058,99,0.098,AW,5,Olive,6178,5214,724,1372,2372,812,1320,2480,816,1282,2605,794,1252,2630,754,1240,2680
WCHU77581_mono_0059,101,0.058,AH,3,Black,6179,5214,392,1568,2235,335,1444,2088,364,1417,1518,355,1177,1462,348,1071,1457
WCHU77581_mono_0060,88.7,0.098,EY,10,Purple,6180,5214,484,1958,2267,453,2101,2309,562,2163,2383,591,2292,2379,592,2295,2607
WCHU77581_mono_0061,0,0.05,ER,9,Lime,6181,4500,511,1513,2079,615,1459,1847,600,1466,1864,609,1422,1735,568,1428,1809
WCHU77581_mono_0062,0,0.09,AA,1,Red,6182,5214,764,1344,2135,741,1316,2255,821,1271,2300,818,1293,2405,797,1321,2281
WCHU77581_mono_0063,112,0.05,AY,7,Magenta,6183,4500,757,1537,2401,733,1581,2337,704,1610,2367,659,1837,2330,628,1836,2627
WCHU77581_mono_0064,145.6,0.098,AA,1,Red,6184,5571,709,1358,2717,805,1297,2695,844,1274,2749,822,1281,2796,748,1259,2738
WCHU77581_mono_0065,168.7,0.088,AY,7,Magenta,6185,6643,693,1343,2357,721,1457,2384,677,1489,2373,645,1553,2515,571,1500,2577
WCHU77581_mono_0066,162.8,0.05,AH,3,Black,6186,5214,450,1580,2337,413,1617,2264,369,1582,2354,317,1547,2347,230,1532,2407
WCHU77581_mono_0067,114.4,0.04,AO,4,Green,6187,7000,780,2132,3146,797,2137,3113,814,2131,3134,849,2108,3180,915,2071,3273
WCHU77581_mono_0068,112.5,0.064,ER,9,Lime,6188,6643,971,1453,2731,739,1495,2851,585,1548,3008,433,1595,3129,366,1702,3246
WCHU77581_mono_0069,109.7,0.058,AO,4,Green,6189,5214,451,1234,2419,467,1110,2342,498,1045,2159,537,1027,2062,526,1045,2016
WCHU77581_mono_0070,105.9,0.038,IH,11,Teal,6190,5929,384,1925,2671,339,1858,2459,323,1868,2343,301,1868,2247,274,1895,2144
WCHU77581_mono_0071,103.6,0.12,AY,7,Magenta,6191,4500,535,1464,1940,752,1439,1997,782,1408,2110,776,1392,2194,684,1351,2157
WCHU77581_mono_0072,99.7,0.05,AH,3,Black,6192,5214,297,1392,2229,358,1419,2237,354,1448,2238,328,1488,2294,239,1552,2356
WCHU77581_mono_0073,122,0.088,OW,14,Maroon,6193,5929,456,1433,2352,501,1406,2305,461,1394,2258,445,1428,2275,377,1475,2310
WCHU77581_mono_0074,129.5,0.03,IH,11,Teal,6194,4500,174,1542,2606,184,1541,2640,194,1609,2604,223,1847,2539,227,1614,2377
WCHU77581_mono_0075,97.8,0.16,EY,10,Purple,6195,7000,440,2024,2629,466,2139,2730,439,2148,2719,372,2200,2762,325,2175,2760
WCHU77581_mono_0076,100.2,0.06,AH,3,Black,6196,4857,488,1285,2300,469,1197,2343,465,1107,2378,466,1079,2430,468,1034,2507
WCHU77581_mono_0077,0,0.038,AE,2,Blue,6197,4857,578,2012,2524,645,2052,2506,631,1918,2405,585,1879,2402,562,1745,2388
WCHU77581_mono_0078,98.7,0.09,AO,4,Green,6198,5571,527,1136,2112,566,891,2198,640,790,2183,639,752,2224,649,889,2176
WCHU77581_mono_0079,69.7,0.12,UW,17,Cyan,6199,4500,332,1893,2286,333,1875,2203,316,1882,2135,322,1796,2150,330,1785,2291
WCHU77581_mono_0080,109.8,0.038,AH,3,Black,6200,6286,521,1394,2449,505,1424,2472,474,1449,2489,435,1449,2529,358,1416,2521
WCHU77581_mono_0081,109.6,0.06,EY,10,Purple,6201,6286,401,1793,2489,423,1852,2495,438,1806,2312,449,1666,2292,464,1540,2187
WCHU77581_mono_0082,106,0.18,ER,9,Lime,6202,4500,423,1401,1517,440,1277,1606,553,1386,1754,645,1316,1972,814,1396,2181
WCHU77581_mono_0083,117.8,0.078,AW,5,Olive,6203,5571,809,1391,2276,781,1358,2315,780,1314,2384,749,1345,2404,689,1379,2411
WCHU77581_mono_0084,107.4,0.048,AH,3,Black,6204,4857,470,1359,2402,475,1288,2428,438,1324,2382,372,1299,2347,335,1269,2351
WCHU77581_mono_0085,77.3,0.108,OW,14,Maroon,6205,5214,483,862,2673,481,835,2704,476,798,2719,485,780,2752,488,751,2777
WCHU77581_mono_0086,132.8,0.04,AH,3,Black,6206,5214,452,1756,2357,399,1786,2358,362,2172,2352,291,2165,2629,175,2201,2589
WCHU77581_mono_0087,142.4,0.108,AE,2,Blue,6207,5929,643,1674,2198,759,1641,2273,768,1588,2323,719,1564,2432,603,1542,2501
WCHU77581_mono_0088,138.6,0.038,IH,11,Teal,6208,5929,337,1963,2300,345,1913,2281,362,1873,2260,364,1823,2204,363,1791,2168
WCHU77581_mono_0089,100,0.168,OW,14,Maroon,6209,5214,419,1664,2358,514,1442,2363,517,1354,2326,449,1230,2317,336,1167,2282
WCHU77581_mono_0090,124.1,0.06,IH,11,Teal,6210,5571,617,2015,2590,473,1943,2575,445,1936,2579,397,1922,2569,329,1864,2614
WCHU77581_mono_0091,127.8,0.058,AH,3,Black,6211,6643,662,1029,2629,763,1104,2706,728,1288,2669,641,1411,2730,589,1463,2720
WCHU77581_mono_0092,148.8,0.12,EY,10,Purple,6212,5214,476,1761,2605,493,1984,2517,483,2020,2457,466,2071,2450,533,2053,2489
WCHU77581_mono_0093,88,0.098,EH,8,Black,6213,5214,579,2017,2470,627,1940,2479,646,1854,2534,619,1819,2556,590,1753,2606
WCHU77581_mono_0094,91.1,0.098,ER,9,Lime,6214,5571,537,1664,2144,514,1595,1929,464,1634,1955,402,1659,1949,313,1740,2100
WCHU77581_mono_0095,83.5,0.158,IY,13,Pink,6215,5929,315,2214,2782,305,2242,2808,289,2262,2793,301,2266,2872,203,2200,2680
WCHU77581_mono_0096,109,0.028,AE,2,Blue,6216,4857,760,1640,2444,739,1638,2464,755,1617,2473,744,1600,2463,734,1570,2467
WCHU77581_mono_0097,106.7,0.03,AY,7,Magenta,6217,5929,722,1619,2473,715,1668,2489,717,1694,2471,716,1739,2451,714,1758,2423
WCHU77581_mono_0098,128.2,0.118,AE,2,Blue,6218,4857,892,1542,2450,864,1456,2455,854,1434,2481,851,1385,2514,863,1312,2525
WCHU77581_mono_0099,95.6,0.108,AE,2,Blue,6219,5214,814,1338,2697,844,1362,2629,846,1388,2568,850,1372,2529,832,1426,2530
WCHU77581_mono_0100,104.2,0.03,IH,11,Teal,6220,6643,296,2178,2978,286,2206,3073,271,2224,3286,247,2229,3270,218,2292,3369
WCHU77581_mono_0101,101.5,0.108,AH,3,Black,6221,4857,387,1856,2295,388,1800,2364,355,1728,2451,313,1718,2513,291,1675,2530
WCHU77581_mono_0102,91.4,0.26,AE,2,Blue,6222,5214,595,1771,2358,779,1505,2332,799,1424,2376,797,1378,2414,778,1301,2422
WCHU77581_mono_0103,82.2,0.19,UW,17,Cyan,6223,4500,475,1516,1879,475,1552,1991,489,1453,2106,453,1131,2208,909,1285,2210
WCHU77581_mono_0104,110.6,0.08,AY,7,Magenta,6224,4500,793,1566,2336,752,1652,2334,712,1747,2377,629,1885,2362,438,2001,2353
WCHU77581_mono_0105,141.3,0.048,UH,16,Silver,6225,5571,450,1660,2375,442,1695,2289,419,1748,2237,367,1772,2186,313,1785,2142
WCHU77581_mono_0106,162.1,0.08,AH,3,Black,6226,5214,377,1842,2210,424,1782,2276,435,1754,2338,402,1648,2492,254,1766,2532
WCHU77581_mono_0107,116.9,0.138,IY,13,Pink,6227,6643,302,2267,2891,293,2318,3020,286,2354,3047,288,2343,3025,291,2253,2886
WCHU77581_mono_0108,97.6,0.058,IH,11,Teal,6228,5929,344,2212,2767,383,2195,2685,404,2163,2449,418,1988,2252,428,1858,2249
WCHU77581_mono_0109,99.5,0.058,AH,3,Black,6229,5214,411,1393,2320,408,1348,2318,394,1211,2273,377,1063,2281,359,961,2262
WCHU77581_mono_0110,84.8,0.038,IH,11,Teal,6230,4857,452,1364,2213,429,1420,2314,428,1528,2338,437,1593,2403,384,1630,2516
WCHU77581_mono_0111,92.6,0.168,OW,14,Maroon,6231,4857,460,1435,2363,468,1248,2408,451,1102,2409,442,1033,2523,490,1046,2644
WCHU77581_mono_0112,115.1,0.09,OW,14,Maroon,6232,4500,484,1031,2238,510,1010,2412,541,976,2601,512,918,2677,497,894,2772
WCHU77581_mono_0113,145.1,0.1,AY,7,Magenta,6233,6286,720,1474,2582,658,1643,2547,512,1621,2545,465,1664,2309,345,1700,2352
WCHU77581_mono_0114,94.7,0.2,OW,14,Maroon,6234,5214,634,1257,2082,599,1183,2070,574,1082,2077,579,1048,2096,515,1131,2083
WCHU77581_mono_0115,109,0.048,AE,2,Blue,6235,4857,612,1923,2598,555,1938,2618,543,1906,2618,549,1854,2642,513,1854,2661
WCHU77581_mono_0116,116.5,0.07,OW,14,Maroon,6236,5929,572,1468,2599,612,1301,2600,600,1144,2622,565,1031,2621,515,969,2593
WCHU77581_mono_0117,142.5,0.07,ER,9,Lime,6237,4500,524,1078,2111,566,1171,2074,559,1252,2031,579,1348,1967,634,1383,1930
WCHU77581_mono_0118,137,0.11,ER,9,Lime,6238,4500,518,1429,1689,501,1466,1759,485,1509,1907,450,1552,2068,398,1566,2147
WCHU77581_mono_0119,120.9,0.048,AH,3,Black,6239,5571,639,1295,2663,642,1115,2628,582,1057,2424,564,963,2256,485,882,2181
WCHU77581_mono_0120,111.9,0.028,AH,3,Black,6240,5214,480,1075,2181,502,1140,2143,493,1266,2179,473,1346,2210,470,1388,2227
WCHU77581_mono_0121,109.4,0.248,EY,10,Purple,6241,5929,501,1760,2590,495,1945,2587,410,2143,2655,374,2179,2740,251,2225,2927
WCHU77581_mono_0122,117.4,0.06,AH,3,Black,6242,4500,453,1534,2471,457,1557,2560,448,1656,2561,393,1689,2575,328,1700,2618
WCHU77581_mono_0123,118,0.08,ER,9,Lime,6243,4500,350,1531,1757,357,1475,1761,402,1446,1736,458,1421,1782,545,1466,1786
WCHU77581_mono_0124,130,0.16,AE,2,Blue,6244,4500,737,1491,2023,848,1459,2150,870,1448,2286,850,1448,2400,847,1516,2488
WCHU77581_mono_0125,104,0.048,IH,11,Teal,6245,4857,700,2048,2451,418,2049,2420,369,2087,2365,329,2112,2351,246,2136,2326
WCHU77581_mono_0126,98.4,0.07,IH,11,Teal,6246,5929,424,1750,2524,404,1766,2557,410,1723,2557,401,1706,2473,318,1585,2392
WCHU77581_mono_0127,86.2,0.138,IH,11,Teal,6247,5929,398,1698,2527,433,1744,2604,433,1776,2623,444,1786,2623,436,1790,2598
WCHU77581_mono_0128,101.6,0.09,OW,14,Maroon,6248,4857,692,1210,2382,537,1109,2363,464,1056,2383,399,956,2381,319,909,2382
WCHU77581_mono_0129,94.7,0.09,AE,2,Blue,6249,5214,468,1542,2469,584,1548,2443,601,1583,2412,570,1611,2426,486,1702,2508
WCHU77581_mono_0130,80,0.09,UW,17,Cyan,6250,4857,356,2181,2688,364,2185,2638,344,2185,2569,350,2201,2507,331,2142,2448
WCHU77581_mono_0131,112.7,0.03,IH,11,Teal,6251,4500,349,1542,2134,329,1599,2177,293,1616,2227,204,1536,2190,198,1585,2345
WCHU77581_mono_0132,130.2,0.038,EH,8,Black,6252,4857,676,1379,2420,696,1365,2453,703,1351,2497,712,1328,2515,729,1290,2536
WCHU77581_mono_0133,123.7,0.16,AA,1,Red,6253,5571,825,1081,2694,800,1066,2669,798,1111,2616,769,1169,2564,632,1100,2471
WCHU77581_mono_0134,172.1,0.05,IY,13,Pink,6254,7000,358,2178,2679,353,2196,2864,349,2184,2885,350,2131,2624,301,2095,2672
WCHU77581_mono_0135,118.6,0.04,OW,14,Maroon,6255,4500,528,1124,1580,467,1021,1608,670,1387,1739,622,1408,2187,620,1535,2307
WCHU77581_mono_0136,101.6,0.13,AW,5,Olive,6256,5571,759,1514,2352,842,1463,2414,837,1408,2485,845,1389,2582,811,1391,2607
WCHU77581_mono_0137,89.7,0.038,AE,2,Blue,6257,5929,427,1531,2646,428,1520,2636,409,1563,2600,381,1463,2519,315,1426,2508
WCHU77581_mono_0138,0,0.04,AH,3,Black,6258,5214,301,1487,2539,352,1485,2534,353,1502,2584,265,1517,2580,218,1532,2514
WCHU77581_mono_0139,86.9,0.08,AY,7,Magenta,6259,4500,611,1530,2451,761,1502,2514,789,1488,2476,768,1490,2301,819,1464,2386
WCHU77581_mono_0140,142.7,0.098,AE,2,Blue,6260,4857,863,1481,2374,870,1473,2386,868,1444,2385,862,1439,2498,846,1457,2531
WCHU77581_mono_0141,178.1,0.048,ER,9,Lime,6261,4857,398,1559,1939,415,1544,2010,441,1534,1989,468,1522,2021,471,1525,2059
WCHU77581_mono_0142,175.2,0.06,AH,3,Black,6262,4500,465,1515,1972,446,1485,1908,428,1524,1865,390,1522,2072,245,1565,2519
WCHU77581_mono_0143,140.5,0.06,UW,17,Cyan,6263,5571,323,1727,2244,337,1582,2205,345,1453,2187,342,1320,2159,296,1141,2052
WCHU77581_mono_0144,115.3,0.09,AY,7,Magenta,6264,4857,646,1364,2356,668,1481,2359,649,1583,2349,563,1727,2356,441,1770,2437
WCHU77581_mono_0145,122.4,0.04,IH,11,Teal,6265,5571,366,1847,2423,353,1989,2367,336,2115,2376,321,2203,2453,298,2211,2384
WCHU77581_mono_0146,93.2,0.14,EY,10,Purple,6266,6286,438,2061,2626,471,2089,2680,448,2127,2743,375,2188,2891,307,2269,2913
WCHU77581_mono_0147,95.1,0.248,IY,13,Pink,6267,5214,284,2176,2689,275,2235,2837,272,2223,2817,339,2157,2673,380,2093,2677
WCHU77581_mono_0148,105.7,0.138,EH,8,Black,6268,5929,838,1927,2538,742,1952,2582,736,1995,2595,577,2064,2550,376,2154,2361
WCHU77581_mono_0149,84.8,0.168,EY,10,Purple,6269,4857,399,2109,2620,399,2187,2608,367,2202,2598,339,2198,2626,307,2141,2406
WCHU77581_mono_0150,105.5,0.078,AY,7,Magenta,6270,5571,781,1713,2581,698,1771,2511,634,1774,2407,530,1623,2365,478,1452,2297
WCHU77581_mono_0151,107.4,0.11,AA,1,Red,6271,5571,582,778,2380,717,886,2423,748,974,2589,788,1062,2662,780,1229,2516
WCHU77581_mono_0152,124.6,0.068,ER,9,Lime,6272,6643,443,1590,2361,435,1605,2597,391,1641,2663,358,1671,2872,299,1686,2830
WCHU77581_mono_0153,109.1,0.028,AH,3,Black,6273,5571,338,1681,2585,309,1603,2587,293,1628,2605,286,1585,2579,287,1573,2561
WCHU77581_mono_0154,94.5,0.058,AH,3,Black,6274,5214,379,1449,2582,388,1426,2591,398,1388,2567,360,1352,2540,266,1304,2490
WCHU77581_mono_0155,74.7,0.04,AA,1,Red,6275,5214,659,924,2373,722,1021,2300,791,1105,2257,731,1078,2223,688,1079,2145
WCHU77581_mono_0156,120.8,0.068,AH,3,Black,6276,5214,702,1647,2346,617,1700,2343,540,1863,2361,450,2024,2410,291,2215,2309
WCHU77581_mono_0157,164.3,0.108,IH,11,Teal,6277,5929,362,2236,2708,475,2108,2637,481,2096,2632,409,1990,2656,329,1974,2682
WCHU77581_mono_0158,113.2,0.168,UW,17,Cyan,6278,5571,302,2042,2490,331,2045,2397,334,1904,2213,368,1527,2175,353,1520,2188
WCHU77581_mono_0159,96.1,0.168,AY,7,Magenta,6279,4500,781,1202,2405,821,1258,2499,814,1355,2416,762,1504,2362,729,1563,2335
WCHU77581_mono_0160,95.9,0.05,AA,1,Red,6280,4500,734,1521,2286,743,1468,2289,759,1435,2270,753,1436,2276,741,1435,2272
WCHU77581_mono_0161,88.1,0.028,IH,11,Teal,6281,5571,509,1694,2564,462,1775,2538,421,1769,2547,339,1628,2537,275,1555,2514
WCHU77581_mono_0162,102.9,0.07,UW,17,Cyan,6282,4857,285,1751,2174,298,1664,2158,317,1619,2151,332,1620,2121,340,1627,2120
WCHU77581_mono_0163,92.1,0.04,ER,9,Lime,6283,5214,325,1706,2028,340,1717,2055,351,1723,2048,337,1743,2032,321,1766,2017
WCHU77581_mono_0164,92.1,0.09,EH,8,Black,6284,5571,414,1849,2413,534,1681,2430,597,1539,2413,644,1471,2467,653,1400,2487
WCHU77581_mono_0165,92.3,0.078,IH,11,Teal,6285,5571,615,1476,2533,577,1607,2529,544,1861,2516,490,2171,2524,439,2171,2454
WCHU77581_mono_0166,146.3,0.268,UW,17,Cyan,6286,5571,306,1800,2352,359,1739,2253,415,1678,2182,373,1509,2211,359,1433,2250
WCHU77581_mono_0167,131,0.37,UW,17,Cyan,6287,4500,361,1723,2353,419,1706,2276,394,1540,2179,383,1424,2225,357,1067,2199
WCHU77581_mono_0168,113.1,0.058,AY,7,Magenta,6288,6643,669,1409,2606,632,1517,2551,564,1724,2491,434,2059,2391,317,2175,2475
WCHU77581_mono_0169,108.7,0.06,IH,11,Teal,6289,4500,334,2090,2448,361,2008,2330,404,1869,2259,438,1652,2255,448,1465,2260
WCHU77581_mono_0170,111.7,0.048,AH,3,Black,6290,5571,498,1197,2417,498,1350,2421,473,1411,2414,420,1399,2400,290,1368,2479
WCHU77581_mono_0171,105.5,0.058,AH,3,Black,6291,5214,364,1453,2495,398,1478,2521,406,1496,2497,367,1517,2534,270,1594,2537
WCHU77581_mono_0172,104.9,0.12,AW,5,Olive,6292,4500,747,1498,2361,824,1452,2322,835,1404,2360,812,1367,2395,789,1364,2403
WCHU77581_mono_0173,93.7,0.04,AH,3,Black,6293,4500,569,1432,2499,557,1444,2496,541,1445,2494,556,1424,2503,494,1462,2509
WCHU77581_mono_0174,89,0.08,EH,8,Black,6294,5214,586,1510,2439,613,1535,2415,596,1668,2367,519,1763,2275,419,1894,2221
WCHU77581_mono_0175,93,0.06,AE,2,Blue,6295,4500,609,1535,2326,631,1542,2351,633,1546,2360,629,1564,2397,601,1582,2408
WCHU77581_mono_0176,106.2,0.038,AH,3,Black,6296,4857,556,1379,2413,649,1382,2382,675,1334,2350,672,1310,2271,655,1215,2221
WCHU77581_mono_0177,92.6,0.05,AH,3,Black,6297,6643,381,1423,2231,400,1463,2244,408,1507,2244,401,1541,2248,354,1605,2295
WCHU77581_mono_0178,89.3,0.218,IY,13,Pink,6298,6286,254,2271,2993,231,2325,3191,232,2378,3217,239,2332,3236,230,2301,3118
WCHU77581_mono_0179,120.9,0.058,AY,7,Magenta,6299,5929,779,1732,2478,755,1795,2472,713,1908,2474,633,1980,2559,549,2052,2713
WCHU77581_mono_0180,160.6,0.13,AE,2,Blue,6300,7000,676,1590,2627,790,1543,2651,797,1531,2658,799,1528,2616,776,1539,2580
WCHU77581_mono_0181,128.9,0.09,AH,3,Black,6301,5571,845,1406,2659,765,1341,2671,774,1390,2709,672,1438,2778,627,1603,2715
WCHU77581_mono_0182,127.4,0.08,ER,9,Lime,6302,4500,377,1593,2085,389,1551,1943,398,1513,1874,414,1498,1847,421,1507,1843
WCHU77581_mono_0183,119.8,0.068,AH,3,Black,6303,5214,427,1547,1894,413,1648,1969,372,1686,2105,312,1719,2323,226,1682,2531
WCHU77581_mono_0184,98.6,0.238,IY,13,Pink,6304,4857,345,1999,2431,319,2124,2644,313,2175,2647,313,2174,2656,261,2229,2679
WCHU77581_mono_0185,113.5,0.038,IH,11,Teal,6305,5929,412,1359,2634,418,1409,2607,413,1464,2657,331,1456,2656,278,1539,2677
WCHU77581_mono_0186,142.9,0.058,AH,3,Black,6306,5214,299,1824,2690,303,1794,2658,305,1713,2569,303,1675,2500,290,1595,2471
WCHU77581_mono_0187,131.3,0.058,AH,3,Black,6307,5929,396,1586,2514,408,1603,2499,397,1594,2436,356,1530,2329,274,1511,2519
WCHU77581_mono_0188,97.1,0.028,AH,3,Black,6308,5214,740,1657,2455,638,1631,2434,541,1600,2417,441,1573,2360,324,1532,2288
WCHU77581_mono_0189,108.1,0.08,AA,1,Red,6309,4857,807,931,2272,809,1021,2427,847,1122,2409,813,1313,2382,748,1496,2368
WCHU77581_mono_0190,115.2,0.038,AH,3,Black,6310,4857,397,1790,2579,331,1722,2650,328,1868,2648,325,1959,2646,305,1966,2687
WCHU77581_mono_0191,94.8,0.078,EH,8,Black,6311,6286,465,1840,2485,573,1732,2512,659,1543,2528,710,1426,2664,719,1328,2528
WCHU77581_mono_0192,104.4,0.168,OW,14,Maroon,6312,5571,518,997,2692,480,927,2689,467,918,2784,410,891,2861,367,925,2881
WCHU77581_mono_0193,109.8,0.048,AA,1,Red,6313,4857,793,1021,2538,808,1118,2482,799,1288,2397,756,1383,2354,718,1419,2352
WCHU77581_mono_0194,114.3,0.028,AH,3,Black,6314,4857,401,1715,2489,376,1783,2483,358,1883,2519,348,1998,2609,338,2021,2651
WCHU77581_mono_0195,100.5,0.058,EH,8,Black,6315,5214,421,1887,2325,482,1703,2404,530,1507,2451,540,1430,2514,567,1357,2531
WCHU77581_mono_0196,95.7,0.088,OW,14,Maroon,6316,5929,548,1010,2723,541,983,2738,512,961,2756,489,943,2764,399,873,2767
WCHU77581_mono_0197,93.3,0.058,AH,3,Black,6317,6643,623,1308,2585,636,1310,2625,594,1295,2615,505,1283,2587,386,1258,2542
WCHU77581_mono_0198,87.8,0.08,UW,17,Cyan,6318,4500,328,1396,2230,345,1448,2244,341,1524,2138,338,1524,2062,346,1523,2089
WCHU77581_mono_0199,97.4,0.2,UW,17,Cyan,6319,4500,410,1460,2383,392,1650,2359,385,1651,2211,413,1555,2173,404,1581,2185
WCHU77581_mono_0200,98.4,0.068,EH,8,Black,6320,5214,388,1885,2369,455,1807,2375,470,1792,2396,443,1770,2389,417,1750,2475
WCHU77581_mono_0201,101.4,0.07,AE,2,Blue,6321,4857,676,2161,2605,668,2129,2594,614,2154,2619,592,2180,2565,508,2188,2606
WCHU77581_mono_0202,94.9,0.048,AH,3,Black,6322,5571,420,1343,2245,482,1283,2290,497,1117,2472,487,1052,2604,481,1025,2689
WCHU77581_mono_0203,69.2,0.058,IH,11,Teal,6323,5214,445,1576,2463,462,1657,2423,479,1687,2430,487,1698,2410,455,1662,2328
WCHU77581_mono_0204,86.2,0.038,AH,3,Black,6324,5929,528,1537,2485,518,1502,2437,525,1443,2381,402,1492,2306,220,1512,2295
WCHU77581_mono_0205,0,0.05,AW,5,Olive,6325,5214,858,1383,2419,838,1384,2356,821,1367,2358,829,1384,2323,817,1354,2289
WCHU77581_mono_0206,0,0.16,ER,9,Lime,6326,4857,758,1159,2027,715,1186,1837,675,1303,1778,649,1333,2098,504,1149,2211
WCHU77581_mono_0207,131.4,0.06,IH,11,Teal,6327,4857,313,1428,1962,331,1553,1990,353,1656,1982,375,1694,1999,382,1721,2003
WCHU77581_mono_0208,86.3,0.068,AO,4,Green,6328,5571,497,802,2220,543,763,2220,613,763,2200,631,805,2173,676,857,2164
WCHU77581_mono_0209,0,0.04,IH,11,Teal,6329,4500,476,1679,2198,396,1658,2246,510,1559,2263,402,1470,2270,469,1592,2227
WCHU77581_mono_0210,133.3,0.11,AA,1,Red,6330,4500,739,1212,2303,786,1181,2421,800,1109,2534,802,1158,2472,821,1285,2427
WCHU77581_mono_0211,162.5,0.04,AH,3,Black,6331,4500,649,1463,2296,660,1488,2296,650,1531,2308,607,1538,2445,574,1506,2592
WCHU77581_mono_0212,164.8,0.22,IY,13,Pink,6332,5929,354,2039,3001,345,2219,2885,332,2332,2924,317,2205,2751,532,2097,2733
WCHU77581_mono_0213,124.7,0.088,AA,1,Red,6333,5929,879,1303,2919,869,1136,2895,894,1119,2988,839,1094,3028,841,1237,2956
WCHU77581_mono_0214,101,0.058,AH,3,Black,6334,5214,518,1223,2556,505,1102,2503,470,1026,2460,429,923,2492,379,838,2431
WCHU77581_mono_0215,69.3,0.13,ER,9,Lime,6335,4500,461,1040,1809,492,1223,1704,480,1339,1626,448,1365,1610,439,1533,1624
WHU3354SD_mono_0001,131.2,0.04,OW,14,Maroon,6336,4500,465,1365,2676,441,1359,2654,429,1367,2669,437,1338,2723,417,1342,2679
WHU3354SD_mono_0002,144.6,0.06,IH,11,Teal,6337,4857,450,1495,2778,441,1497,2811,447,1526,2804,450,1555,2812,445,1549,2828
WHU3354SD_mono_0003,120.1,0.06,AO,4,Green,6338,4857,390,703,2223,384,714,2173,396,745,2230,419,792,2276,433,899,2249
WHU3354SD_mono_0004,119.8,0.088,IH,11,Teal,6339,5929,456,1872,2906,407,1873,2827,365,1969,2817,354,2070,2826,376,2163,2712
WHU3354SD_mono_0005,121.3,0.12,AY,7,Magenta,6340,5214,719,1317,2437,785,1440,2422,719,1535,2423,622,1592,2404,571,1498,2416
WHU3354SD_mono_0006,128.2,0.06,OW,14,Maroon,6341,4857,466,896,2546,477,889,2547,466,893,2554,403,931,2587,391,956,2575
WHU3354SD_mono_0007,160.3,0.05,AH,3,Black,6342,5929,459,1212,2245,472,1181,2334,478,1089,2417,458,1034,2402,433,954,2396
WHU3354SD_mono_0008,147.5,0.13,EY,10,Purple,6343,5571,493,1644,2719,455,1853,2651,446,2035,2662,415,2031,2701,418,2024,2657
WHU3354SD_mono_0009,0,0.028,AE,2,Blue,6344,5571,596,1765,2666,562,1750,2680,483,1768,2746,472,1720,2725,472,1703,2751
WHU3354SD_mono_0010,125.8,0.088,IY,13,Pink,6345,5929,317,2238,2810,316,2246,2862,330,2192,2878,338,2142,2818,350,2064,2809
WHU3354SD_mono_0011,131.8,0.028,IY,13,Pink,6346,5214,376,1941,2577,383,1928,2544,390,1883,2515,398,1828,2498,406,1806,2506
WHU3354SD_mono_0012,136.7,0.05,AH,3,Black,6347,5214,406,1803,2522,409,1783,2535,410,1742,2599,429,1734,2599,422,1607,2606
WHU3354SD_mono_0013,131.6,0.05,IY,13,Pink,6348,4500,387,1806,2685,391,1926,2665,362,1919,2634,355,2033,2591,340,2036,2598
WHU3354SD_mono_0014,113.6,0.08,AH,3,Black,6349,4857,549,1441,2787,578,1390,2645,593,1250,2582,556,1144,2616,455,1110,2572
WHU3354SD_mono_0015,108.6,0.098,AY,7,Magenta,6350,5571,583,1180,2750,586,1365,2802,530,1604,2765,440,1765,2708,403,1889,2683
WHU3354SD_mono_0016,0,0.048,OW,14,Maroon,6351,4857,538,1097,2326,536,1060,2558,523,777,2055,534,743,1989,442,728,2050
WHU3354SD_mono_0017,60.2,0.058,AA,1,Red,6352,5214,465,823,2023,475,844,1972,474,892,2008,496,948,2107,509,1037,1991
WHU3354SD_mono_0018,0,0.058,AH,3,Black,6353,5214,439,1528,2763,438,1593,2550,429,1642,2720,410,1679,2753,315,1740,2767
WHU3354SD_mono_0019,106.5,0.068,EH,8,Black,6354,5214,529,1355,2028,561,1427,2124,620,1536,2216,669,1495,2266,558,1595,2456
WHU3354SD_mono_0020,129.3,0.18,ER,9,Lime,6355,4500,453,1591,2507,466,1550,1874,461,1547,1848,397,1606,1894,240,1588,1834
WHU3354SD_mono_0021,119.5,0.068,EY,10,Purple,6356,5214,454,1721,2324,442,1785,2401,378,1971,2509,335,2040,2621,314,2087,2758
WHU3354SD_mono_0022,111.7,0.06,AA,1,Red,6357,4857,516,1415,2516,569,1353,2226,570,1318,2221,572,1277,2131,574,1324,2052
WHU3354SD_mono_0023,0,0.098,AY,7,Magenta,6358,4857,592,1418,1968,579,1497,2045,576,1617,2168,559,1710,2248,510,1788,2402
WHU3354SD_mono_0024,124,0.098,AY,7,Magenta,6359,5214,758,1561,2571,711,1598,2557,668,1751,2565,594,1856,2578,442,1949,2553
WHU3354SD_mono_0025,135,0.048,AH,3,Black,6360,4857,538,1015,1973,527,942,2081,436,830,2141,386,809,2018,348,905,1958
WHU3354SD_mono_0026,149.6,0.038,AH,3,Black,6361,6286,562,1161,2657,560,1056,2680,528,1020,2541,500,1019,2511,451,1172,2833
WHU3354SD_mono_0027,142,0.04,IH,11,Teal,6362,5214,453,1831,2709,445,1876,2685,437,1932,2645,432,1983,2611,370,1882,2439
WHU3354SD_mono_0028,127.3,0.068,AE,2,Blue,6363,5214,779,1530,2208,777,1507,2273,762,1467,2221,773,1433,2268,741,1364,2275
WHU3354SD_mono_0029,108.3,0.058,AA,1,Red,6364,5929,478,1094,2336,431,1081,2405,447,1114,2361,448,1156,2398,427,1306,2294
WHU3354SD_mono_0030,90,0.08,AH,3,Black,6365,4500,454,1728,2600,443,1699,2655,458,1704,2686,445,1703,2705,422,1664,2727
WHU3354SD_mono_0031,119.7,0.09,AE,2,Blue,6366,5214,604,1398,1948,639,1383,1976,671,1400,2077,672,1390,2157,606,1372,2171
WHU3354SD_mono_0032,114.5,0.05,AH,3,Black,6367,4500,437,1030,2467,461,1124,2426,456,1204,2391,440,1359,2325,428,1479,2173
WHU3354SD_mono_0033,121.7,0.068,EH,8,Black,6368,5214,511,1592,2676,531,1599,2563,549,1605,2535,546,1554,2390,495,1514,2280
WHU3354SD_mono_0034,143.8,0.08,ER,9,Lime,6369,4500,398,1315,1841,429,1393,1805,429,1475,1810,435,1566,1810,437,1671,2285
WHU3354SD_mono_0035,106.7,0.07,ER,9,Lime,6370,4500,423,1565,1822,456,1518,1804,453,1472,1741,442,1404,1703,448,1350,1726
WHU3354SD_mono_0036,0,0.098,AH,3,Black,6371,5571,430,1662,2564,439,1675,2601,498,1728,2693,472,1673,2740,455,1694,2815
WHU3354SD_mono_0037,110.1,0.038,EH,8,Black,6372,4857,619,1709,2635,593,1705,2671,552,1721,2718,531,1744,2679,479,1716,2700
WHU3354SD_mono_0038,107.8,0.068,IH,11,Teal,6373,5214,438,1765,2622,436,1785,2543,428,1759,2664,409,1776,2728,377,1747,2698
WHU3354SD_mono_0039,0,0.068,AW,5,Olive,6374,5571,572,1629,2610,623,1529,2489,673,1480,2419,666,1424,2347,672,1418,2396
WHU3354SD_mono_0040,153.8,0.128,AY,7,Magenta,6375,5214,614,1395,2311,689,1330,2276,675,1394,2301,645,1619,2539,612,1720,2673
WHU3354SD_mono_0041,134.7,0.048,UH,16,Silver,6376,4857,490,1211,2749,493,1247,2697,443,1274,2705,457,1305,2683,463,1410,2647
WHU3354SD_mono_0042,116.6,0.07,IH,11,Teal,6377,4857,315,1607,2159,309,1904,2215,308,1931,2207,333,1948,2243,348,1903,2204
WHU3354SD_mono_0043,114.2,0.058,AY,7,Magenta,6378,5214,576,1509,2697,536,1608,2704,457,1767,2605,436,1954,2504,407,2065,2413
WHU3354SD_mono_0044,110.3,0.07,AE,2,Blue,6379,6286,528,1668,2476,551,1640,2438,550,1636,2453,520,1674,2462,469,1700,2483
WHU3354SD_mono_0045,129.5,0.08,EY,10,Purple,6380,4857,430,1930,2489,426,1909,2472,440,1903,2468,443,1908,2534,443,1849,2540
WHU3354SD_mono_0046,123.7,0.038,AH,3,Black,6381,4857,419,1567,2210,437,1504,2239,445,1427,2260,442,1355,2233,430,1301,2247
WHU3354SD_mono_0047,123.8,0.09,UW,17,Cyan,6382,4500,359,1281,2519,352,1313,2473,351,1327,2412,350,1329,2446,320,1294,2352
WHU3354SD_mono_0048,111.7,0.098,EY,10,Purple,6383,5214,477,1651,2032,471,1742,2154,445,1853,2381,446,1885,2545,438,1846,2504
WHU3354SD_mono_0049,105.9,0.058,AE,2,Blue,6384,5214,498,1667,2600,546,1628,2618,564,1644,2541,577,1629,2513,565,1569,2484
WHU3354SD_mono_0050,115.7,0.068,EY,10,Purple,6385,5214,430,1934,2557,435,1996,2655,414,2108,2674,309,2132,2609,323,2188,2537
WHU3354SD_mono_0051,111.4,0.038,EH,8,Black,6386,4857,578,1291,2319,586,1308,2373,616,1373,2371,619,1441,2347,644,1545,2420
WHU3354SD_mono_0052,0,0.03,AH,3,Black,6387,4500,305,1762,2621,344,1980,2991,403,2280,2976,331,2030,2541,368,1870,2613
WHU3354SD_mono_0053,113,0.048,IH,11,Teal,6388,4857,439,1652,2444,486,1646,2370,492,1653,2417,465,1632,2419,325,1628,2437
WHU3354SD_mono_0054,109.7,0.038,IH,11,Teal,6389,4857,443,1635,2584,444,1676,2606,430,1669,2646,425,1663,2679,410,1639,2704
WHU3354SD_mono_0055,98.6,0.038,AH,3,Black,6390,4857,429,1487,2624,404,1465,2551,382,1464,2597,290,1449,2628,232,1439,2650
WHU3354SD_mono_0056,102.1,0.08,AW,5,Olive,6391,5214,500,1367,2509,552,1406,2507,588,1411,2545,566,1375,2572,558,1360,2553
WHU3354SD_mono_0057,0,0.09,AH,3,Black,6392,4857,470,1450,2200,483,1440,2128,472,1405,2099,441,1355,1988,402,1280,1862
WHU3354SD_mono_0058,103,0.08,EY,10,Purple,6393,4500,474,1668,2127,493,1868,2395,465,1884,2529,438,1924,2542,459,1943,2580
WHU3354SD_mono_0059,62.8,0.08,ER,9,Lime,6394,4500,475,1495,2120,448,1455,2036,499,1503,2009,459,1461,1999,477,1476,1929
WHU3354SD_mono_0060,0,0.04,AA,1,Red,6395,5214,441,1449,2496,651,1496,2576,596,1404,2527,576,1464,2461,573,1334,2272
WHU3354SD_mono_0061,122.7,0.068,AY,7,Magenta,6396,5571,720,1565,2491,660,1617,2521,601,1783,2528,563,1844,2589,514,1874,2672
WHU3354SD_mono_0062,145.9,0.098,AA,1,Red,6397,5571,620,1315,2640,655,1232,2554,665,1185,2512,621,1177,2551,599,1133,2531
WHU3354SD_mono_0063,146.4,0.08,AY,7,Magenta,6398,5214,585,1445,2424,584,1556,2565,577,1584,2618,567,1573,2654,493,1572,2667
WHU3354SD_mono_0064,135.5,0.05,AH,3,Black,6399,4500,497,1590,2426,462,1598,2482,416,1648,2461,399,1662,2415,444,1642,2501
WHU3354SD_mono_0065,123.9,0.028,AO,4,Green,6400,4857,417,798,2273,407,752,2128,413,746,2096,413,767,2016,416,802,1894
WHU3354SD_mono_0066,114.5,0.08,ER,9,Lime,6401,4500,423,1410,1918,444,1411,1899,467,1475,1862,441,1500,1833,415,1607,2144
WHU3354SD_mono_0067,61.6,0.07,AO,4,Green,6402,4857,422,963,2197,420,842,2104,422,791,2069,404,814,2034,418,826,1997
WHU3354SD_mono_0068,112.2,0.058,AE,2,Blue,6403,5214,555,1483,1977,571,1404,2006,598,1408,2086,596,1347,2109,560,1298,2136
WHU3354SD_mono_0069,113.1,0.06,AH,3,Black,6404,4500,448,1244,2345,439,1338,2504,444,1487,2557,437,1594,2650,360,1638,2683
WHU3354SD_mono_0070,130.9,0.058,OW,14,Maroon,6405,5214,353,1423,2562,385,1413,2525,397,1438,2526,363,1448,2530,338,1471,2539
WHU3354SD_mono_0071,135.2,0.03,IH,11,Teal,6406,6643,340,1784,2750,343,1789,2697,355,1798,2676,352,1778,2640,339,1728,2598
WHU3354SD_mono_0072,112.3,0.138,EY,10,Purple,6407,5214,448,1862,2610,437,1946,2684,430,1991,2720,420,2146,2712,342,2103,2561
WHU3354SD_mono_0073,113.7,0.05,AH,3,Black,6408,5214,385,1260,2481,427,1194,2472,433,1100,2531,428,901,2608,432,851,2617
WHU3354SD_mono_0074,122.3,0.08,AH,3,Black,6409,5929,554,1232,2583,520,1361,2532,486,1468,2613,448,1544,2567,394,1548,2578
WHU3354SD_mono_0075,114.5,0.14,AO,4,Green,6410,4857,403,1203,2026,402,892,2068,415,581,2061,246,677,1993,343,861,2000
WHU3354SD_mono_0076,126.8,0.04,UW,17,Cyan,6411,4500,287,1769,2428,360,1743,2448,321,1750,2444,314,1751,2435,332,1727,2507
WHU3354SD_mono_0077,121.8,0.04,AH,3,Black,6412,5214,448,1446,2463,436,1478,2503,448,1502,2515,427,1551,2529,411,1559,2526
WHU3354SD_mono_0078,118.1,0.068,EY,10,Purple,6413,5214,477,1808,2547,493,1793,2529,537,1768,2482,551,1689,2335,567,1618,2155
WHU3354SD_mono_0079,121.2,0.098,ER,9,Lime,6414,5214,526,1234,1880,516,1233,1806,561,1256,1813,580,1302,1819,627,1308,1861
WHU3354SD_mono_0080,118.4,0.138,AW,5,Olive,6415,5929,659,1287,1988,760,1296,2098,729,1244,2213,648,1173,2339,535,1147,2335
WHU3354SD_mono_0081,109.6,0.038,AH,3,Black,6416,5929,441,1349,2123,440,1333,2338,430,1301,2402,421,1267,2427,404,1284,2507
WHU3354SD_mono_0082,0,0.098,OW,14,Maroon,6417,5571,546,1201,2506,555,1197,2511,536,1161,2493,489,1103,2522,477,1096,2508
WHU3354SD_mono_0083,127.6,0.04,AH,3,Black,6418,4500,432,1670,2558,426,1715,2504,409,1796,2443,378,1908,2408,394,1913,2345
WHU3354SD_mono_0084,129.3,0.068,AE,2,Blue,6419,5214,716,1600,2195,718,1548,2235,695,1586,2205,663,1646,2188,620,1656,2170
WHU3354SD_mono_0085,145.2,0.04,IH,11,Teal,6420,4500,360,1915,2431,377,1944,2292,404,1919,2249,418,1905,2250,413,1859,2187
WHU3354SD_mono_0086,0,0.108,OW,14,Maroon,6421,4857,466,1644,2323,520,1484,2317,522,1310,2375,484,1262,2378,454,1133,2365
WHU3354SD_mono_0087,139,0.078,IH,11,Teal,6422,6286,549,1947,2838,501,1912,2751,493,1882,2738,446,1875,2727,364,1823,2717
WHU3354SD_mono_0088,120.8,0.06,AH,3,Black,6423,4500,480,1074,1902,501,1171,1935,509,1215,1950,512,1280,1996,479,1351,1939
WHU3354SD_mono_0089,107.7,0.14,EY,10,Purple,6424,4857,471,1836,2722,481,1894,2653,477,1971,2611,496,1964,2612,510,1897,2582
WHU3354SD_mono_0090,0,0.068,EH,8,Black,6425,5571,500,1766,2622,581,1736,2641,528,1711,2646,471,1688,2517,439,1702,2554
WHU3354SD_mono_0091,73.1,0.15,IY,13,Pink,6426,5214,309,2134,2615,328,2146,2699,328,2187,2719,371,2253,2608,509,2186,2609
WHU3354SD_mono_0092,129.5,0.06,AE,2,Blue,6427,5571,597,1638,2527,575,1639,2477,574,1678,2494,564,1718,2563,538,1661,2602
WHU3354SD_mono_0093,111.9,0.05,AY,7,Magenta,6428,5214,582,1526,2560,620,1566,2560,664,1594,2490,717,1627,2512,754,1677,2521
WHU3354SD_mono_0094,122.6,0.07,AE,2,Blue,6429,5929,793,1533,2282,816,1530,2276,812,1498,2332,675,1486,2244,412,1412,2160
WHU3354SD_mono_0095,114.2,0.108,AE,2,Blue,6430,5214,661,1469,2578,804,1414,2579,716,1417,2509,598,1421,2394,594,1388,2427
WHU3354SD_mono_0096,0,0.04,IH,11,Teal,6431,4500,387,2023,2449,359,2069,2476,378,2127,2404,362,2146,2391,372,2242,2324
WHU3354SD_mono_0097,101.4,0.098,AH,3,Black,6432,4857,469,1628,2558,449,1662,2617,429,1585,2629,427,1605,2683,405,1588,2651
WHU3354SD_mono_0098,112.3,0.138,AE,2,Blue,6433,6643,514,1905,2691,606,1750,2593,646,1641,2525,687,1482,2526,636,1418,2744
WHU3354SD_mono_0099,0,0.09,UW,17,Cyan,6434,4500,395,1417,1785,423,1402,1785,416,1429,1900,398,1391,1935,428,1353,2056
WHU3354SD_mono_0100,115.1,0.08,AY,7,Magenta,6435,5214,721,1466,2387,692,1474,2429,628,1753,2470,595,1812,2621,529,1839,2722
WHU3354SD_mono_0101,141.4,0.08,UH,16,Silver,6436,4857,509,1682,2667,455,1617,2590,444,1569,2539,423,1565,2490,411,1543,2495
WHU3354SD_mono_0102,157.9,0.058,AH,3,Black,6437,5214,367,1730,2566,379,1714,2581,392,1705,2583,384,1701,2629,360,1585,2627
WHU3354SD_mono_0103,138.5,0.088,IY,13,Pink,6438,5929,310,2271,2818,300,2328,2850,308,2419,2928,337,2439,2908,335,2424,2799
WHU3354SD_mono_0104,132.8,0.038,IH,11,Teal,6439,4857,365,2002,2450,406,1989,2381,400,1911,2305,391,1818,2256,399,1744,2232
WHU3354SD_mono_0105,139.1,0.058,AH,3,Black,6440,5929,454,1399,2626,460,1290,2644,454,1131,2656,435,977,2647,403,889,2700
WHU3354SD_mono_0106,107.5,0.038,IH,11,Teal,6441,4857,436,1311,2411,429,1459,2483,418,1500,2524,401,1553,2510,382,1562,2584
WHU3354SD_mono_0107,110.4,0.21,OW,14,Maroon,6442,4857,486,1556,2532,503,1442,2449,507,1378,2369,413,1225,2267,185,1394,2331
WHU3354SD_mono_0108,126.1,0.048,OW,14,Maroon,6443,5571,484,927,1986,480,903,2058,475,891,2157,468,900,2233,462,893,2316
WHU3354SD_mono_0109,130.8,0.09,AY,7,Magenta,6444,5214,499,1178,2572,557,1349,2353,535,1490,2584,515,1610,2592,465,1770,2554
WHU3354SD_mono_0110,0,0.04,AE,2,Blue,6445,5571,440,1692,2713,431,1699,2738,503,1747,2714,483,1764,2698,492,1653,2657
WHU3354SD_mono_0111,62.1,0.08,OW,14,Maroon,6446,5929,520,1299,2271,522,1242,2426,503,1151,2410,452,1021,2378,418,896,2326
WHU3354SD_mono_0112,128.2,0.078,ER,9,Lime,6447,5571,424,1193,1804,442,1222,1706,439,1249,1620,403,1266,1574,302,1216,1619
WHU3354SD_mono_0113,121.5,0.07,ER,9,Lime,6448,4500,466,1356,1676,465,1379,1660,458,1374,1713,445,1468,1794,392,1531,1957
WHU3354SD_mono_0114,0,0.038,AH,3,Black,6449,4857,402,865,1932,408,1006,1910,394,1058,1933,368,1132,1906,381,1130,1890
WHU3354SD_mono_0115,120.2,0.16,EY,10,Purple,6450,5214,507,1712,2629,509,1779,2638,499,1874,2578,469,1892,2577,411,1936,2558
WHU3354SD_mono_0116,119,0.06,AH,3,Black,6451,4500,445,1690,2626,440,1736,2651,424,1752,2644,386,1746,2637,358,1758,2664
WHU3354SD_mono_0117,114.7,0.09,ER,9,Lime,6452,4500,338,1520,2466,357,1395,1896,415,1297,1809,456,1277,1811,507,1334,1851
WHU3354SD_mono_0118,130.6,0.14,AE,2,Blue,6453,4857,581,1411,1936,684,1420,2049,736,1438,2157,760,1430,2243,700,1486,2252
WHU3354SD_mono_0119,130.5,0.04,IH,11,Teal,6454,4500,411,1772,2565,402,1813,2534,378,1861,2481,350,1946,2442,335,2009,2395
WHU3354SD_mono_0120,114.3,0.07,IH,11,Teal,6455,4500,354,1781,2558,400,1768,2552,428,1778,2540,433,1720,2533,404,1620,2440
WHU3354SD_mono_0121,109.1,0.088,IH,11,Teal,6456,6286,389,1545,2550,422,1546,2553,428,1628,2535,471,1560,2493,485,1511,2534
WHU3354SD_mono_0122,113.7,0.08,OW,14,Maroon,6457,4500,474,1050,2410,472,1000,2453,449,1176,2511,401,858,2449,339,796,2234
WHU3354SD_mono_0123,108.2,0.09,AE,2,Blue,6458,5214,490,1653,2686,538,1660,2650,555,1705,2687,501,1770,2662,513,1656,2696
WHU3354SD_mono_0124,104.5,0.098,UW,17,Cyan,6459,4857,387,1853,2561,400,1827,2460,424,1756,2375,430,1727,2287,396,1534,2215
WHU3354SD_mono_0125,178.8,0.048,EH,8,Black,6460,4857,531,1437,2432,549,1456,2370,563,1433,2302,571,1343,2372,563,1260,2435
WHU3354SD_mono_0126,123.8,0.128,AA,1,Red,6461,5214,654,1132,2562,717,1119,2601,739,1272,2582,669,1277,2515,621,1321,2593
WHU3354SD_mono_0127,129.8,0.048,IY,13,Pink,6462,6286,367,1880,2615,354,2041,2646,335,2075,2611,306,2085,2578,276,1963,2574
WHU3354SD_mono_0128,113.3,0.03,OW,14,Maroon,6463,4500,445,1288,1798,358,1124,1578,264,1321,1890,196,1538,2125,188,1436,2218
WHU3354SD_mono_0129,112.5,0.118,AW,5,Olive,6464,4857,712,1401,2204,717,1299,2146,622,1193,2065,507,1088,1911,520,1238,1956
WHU3354SD_mono_0130,0,0.038,AE,2,Blue,6465,5929,520,1559,2774,504,1554,2773,490,1565,2746,476,1524,2732,441,1520,2753
WHU3354SD_mono_0131,60.3,0.11,AY,7,Magenta,6466,6643,585,1412,2762,519,1484,2757,510,1513,2824,476,1505,2830,456,1686,2838
WHU3354SD_mono_0132,127.7,0.05,AE,2,Blue,6467,5214,727,1500,2389,798,1487,2412,796,1542,2487,776,1520,2505,758,1554,2447
WHU3354SD_mono_0133,66.1,0.038,ER,9,Lime,6468,4857,402,1645,2285,430,1628,2174,429,1624,2179,429,1632,2186,425,1614,2150
WHU3354SD_mono_0134,131.4,0.04,AH,3,Black,6469,4500,426,1600,2135,416,1583,2111,423,1573,2066,432,1609,2139,299,1652,2288
WHU3354SD_mono_0135,157.9,0.05,UW,17,Cyan,6470,5214,323,1914,2298,321,1753,2316,320,1406,2339,317,1262,2319,309,986,2259
WHU3354SD_mono_0136,128.5,0.108,AY,7,Magenta,6471,5214,631,1232,2408,674,1363,2402,638,1563,2460,526,1774,2518,405,1840,2608
WHU3354SD_mono_0137,58.6,0.028,AH,3,Black,6472,5214,391,1596,2690,390,1566,2692,405,1550,2684,397,1553,2688,384,1515,2704
WHU3354SD_mono_0138,124.1,0.038,AH,3,Black,6473,5929,516,1213,2378,476,1158,2346,460,1018,2027,470,876,2063,482,777,2139
WHU3354SD_mono_0139,119,0.028,IH,11,Teal,6474,5214,397,1987,2654,399,2030,2666,401,2074,2580,392,2147,2578,380,2186,2536
WHU3354SD_mono_0140,114.6,0.15,EY,10,Purple,6475,4857,432,1908,2491,441,1945,2588,440,1978,2704,390,2092,2623,318,2172,2519
WHU3354SD_mono_0141,121.5,0.148,IY,13,Pink,6476,6286,319,1991,2553,309,2180,2616,346,2193,2758,430,2105,2776,530,1982,2772
WHU3354SD_mono_0142,114.9,0.118,EH,8,Black,6477,5571,624,1794,2642,610,1812,2633,603,1856,2647,532,1943,2792,446,2163,2741
WHU3354SD_mono_0143,0,0.07,EY,10,Purple,6478,4857,449,1897,2581,425,2021,2569,423,1995,2575,412,2060,2559,399,2066,2559
WHU3354SD_mono_0144,124.6,0.09,AY,7,Magenta,6479,4857,711,1423,2409,720,1513,2411,683,1542,2397,635,1569,2348,555,1457,2305
WHU3354SD_mono_0145,123.6,0.08,AA,1,Red,6480,5929,568,802,2466,545,900,2435,552,959,2330,559,1081,2112,507,1260,2263
WHU3354SD_mono_0146,119.1,0.068,ER,9,Lime,6481,6643,380,1809,2781,389,1808,2764,373,1778,2679,343,1784,2758,283,1922,2667
WHU3354SD_mono_0147,0,0.05,AH,3,Black,6482,5214,500,1396,2700,492,1376,2694,493,1520,2535,432,1513,2691,281,1394,2643
WHU3354SD_mono_0148,100.9,0.07,AH,3,Black,6483,4857,540,1696,2503,530,1697,2459,490,1813,2400,424,1918,2430,395,2089,2365
WHU3354SD_mono_0149,154.9,0.048,IH,11,Teal,6484,5571,389,2065,2643,376,2019,2648,352,2012,2678,318,1892,2665,359,1958,2659
WHU3354SD_mono_0150,131.6,0.118,UW,17,Cyan,6485,4857,302,1817,2437,318,1692,2340,324,1414,2356,296,885,2121,306,920,2096
WHU3354SD_mono_0151,115.3,0.128,AY,7,Magenta,6486,6643,693,994,2584,751,1119,2601,747,1269,2615,663,1481,2630,577,1570,2731
WHU3354SD_mono_0152,112.3,0.07,AA,1,Red,6487,7000,554,1627,2846,549,1638,2923,546,1645,2919,535,1599,3035,517,1563,2928
WHU3354SD_mono_0153,110.6,0.048,AH,3,Black,6488,4857,462,1589,2265,479,1631,2635,468,1638,2692,433,1732,2689,177,1723,2741
WHU3354SD_mono_0154,63.2,0.048,UW,17,Cyan,6489,4857,306,1399,2163,336,1422,2174,329,1402,2182,327,1478,2205,327,1511,2264
WHU3354SD_mono_0155,0,0.08,ER,9,Lime,6490,4500,382,1547,2071,409,1587,2063,428,1633,2048,412,1697,2084,397,1755,2114
WHU3354SD_mono_0156,0,0.048,EH,8,Black,6491,5571,417,1857,2608,490,1729,2537,511,1612,2523,571,1415,2564,585,1356,2526
WHU3354SD_mono_0157,60.5,0.068,IH,11,Teal,6492,5571,488,1275,2550,483,1469,2668,472,1767,2700,430,1925,2688,383,1977,2659
WHU3354SD_mono_0158,134.3,0.14,UW,17,Cyan,6493,4857,293,1833,2435,314,1764,2318,351,1639,2254,297,920,2067,285,876,2071
WHU3354SD_mono_0159,119.9,0.11,UW,17,Cyan,6494,4500,356,1748,2502,355,1651,2453,365,1610,2345,375,1535,2274,394,1379,2330
WHU3354SD_mono_0160,112.3,0.04,AY,7,Magenta,6495,4500,567,1702,2571,543,1789,2401,517,1904,2571,482,1976,2514,425,2090,2537
WHU3354SD_mono_0161,129.1,0.028,IH,11,Teal,6496,4857,428,1994,2541,416,1902,2516,419,1867,2514,410,1800,2524,435,1766,2513
WHU3354SD_mono_0162,113.8,0.058,AH,3,Black,6497,5214,347,1358,2835,378,1314,2794,396,1330,2752,382,1346,2745,322,1404,2776
WHU3354SD_mono_0163,115.9,0.118,AW,5,Olive,6498,5571,654,1644,2559,677,1387,2257,586,1234,2088,563,1200,1961,495,1252,1989
WHU3354SD_mono_0164,0,0.068,EH,8,Black,6499,5214,580,1542,2407,619,1575,2370,624,1563,2264,617,1772,2442,567,1844,2436
WHU3354SD_mono_0165,0,0.038,AE,2,Blue,6500,4857,580,1580,2360,601,1587,2380,596,1596,2333,613,1612,2386,603,1609,2388
WHU3354SD_mono_0166,0,0.038,AH,3,Black,6501,6286,507,1395,2687,502,1315,2663,527,1362,2713,472,1325,2711,486,1346,2295
WHU3354SD_mono_0167,0,0.058,IY,13,Pink,6502,5214,292,2131,2605,318,2170,2702,300,2185,2723,283,2238,2855,318,2261,2870
WHU3354SD_mono_0168,122.7,0.078,AY,7,Magenta,6503,5571,681,1500,2548,695,1609,2652,696,1685,2666,677,1775,2834,601,1863,2920
WHU3354SD_mono_0169,146.9,0.138,AE,2,Blue,6504,6643,603,1626,2574,726,1582,2450,740,1532,2435,725,1405,2486,756,1374,2613
WHU3354SD_mono_0170,142.8,0.048,AH,3,Black,6505,5571,674,1271,2771,660,1310,2744,616,1358,2839,627,1431,2870,572,1414,2790
WHU3354SD_mono_0171,130.7,0.08,ER,9,Lime,6506,4500,399,1721,2338,408,1681,2225,421,1669,2147,436,1665,2067,428,1629,2052
WHU3354SD_mono_0172,122.9,0.06,AH,3,Black,6507,4857,418,1668,2060,401,1684,2067,401,1714,2102,373,1759,2179,256,1918,2322
WHU3354SD_mono_0173,110.8,0.208,IY,13,Pink,6508,5214,350,1938,2187,348,2053,2373,370,2078,2438,200,2204,2514,135,1917,2440
WHU3354SD_mono_0174,117.8,0.04,IH,11,Teal,6509,5571,422,1418,2699,430,1492,2706,425,1528,2722,358,1499,2760,261,1566,2802
WHU3354SD_mono_0175,127.5,0.04,AH,3,Black,6510,5214,549,2039,2771,358,1771,2468,339,1794,2646,348,1948,2682,322,1888,2699
WHU3354SD_mono_0176,133.9,0.048,AH,3,Black,6511,4857,321,1680,2713,366,1686,2708,360,1608,2692,358,1593,2692,340,1563,2667
WHU3354SD_mono_0177,125.7,0.058,AH,3,Black,6512,5214,398,1602,2643,396,1616,2632,362,1448,2456,335,1399,2329,288,1258,2255
WHU3354SD_mono_0178,105.7,0.15,IY,13,Pink,6513,4857,327,1889,2080,327,2013,2463,350,2059,2541,350,2053,2605,358,1957,2593
WHU3354SD_mono_0179,158.8,0.038,AH,3,Black,6514,5929,198,1669,2781,307,1571,2782,463,1593,2852,452,1591,2886,372,1618,3133
WHU3354SD_mono_0180,113.9,0.09,AA,1,Red,6515,5214,624,924,2497,667,979,2484,697,1196,2487,684,1264,2421,628,1414,2490
WHU3354SD_mono_0181,113.7,0.04,AH,3,Black,6516,5214,377,1737,2619,374,1795,2637,355,1838,2635,345,1906,2677,322,1951,2713
WHU3354SD_mono_0182,114.6,0.058,EH,8,Black,6517,5214,423,1931,2588,478,1754,2576,550,1610,2536,576,1466,2517,575,1362,2536
WHU3354SD_mono_0183,122.2,0.07,OW,14,Maroon,6518,5929,481,987,2650,474,1005,2641,456,987,2619,434,840,2570,291,789,2551
WHU3354SD_mono_0184,106.4,0.08,UW,17,Cyan,6519,5214,361,1341,2521,383,1351,2373,372,1424,2547,374,1393,2503,378,1847,2494
WHU3354SD_mono_0185,0,0.028,EH,8,Black,6520,4857,473,1863,2431,459,1871,2455,457,1889,2448,503,1777,2398,489,1790,2432
WHU3354SD_mono_0186,113.9,0.038,AH,3,Black,6521,4857,374,1128,2324,415,1110,2416,436,1062,2451,432,1015,2483,427,995,2514
WHU3354SD_mono_0187,105,0.038,IH,11,Teal,6522,6286,400,1494,2756,409,1494,2870,400,1480,3078,391,1478,3118,386,1488,3272
WHU3354SD_mono_0188,103.3,0.05,AH,3,Black,6523,4500,448,1491,2527,530,1477,2533,526,1486,2326,508,1382,2295,467,1374,2243
WHU3354SD_mono_0189,0,0.08,ER,9,Lime,6524,4857,715,1277,1985,754,1316,2015,679,1247,1906,629,1288,1903,623,1259,1857
WHU3354SD_mono_0190,127.2,0.07,IH,11,Teal,6525,6286,321,1478,2242,324,1572,2184,345,1669,2157,379,1703,2146,405,1698,2107
WHU3354SD_mono_0191,109.1,0.048,AO,4,Green,6526,4857,355,646,1902,377,662,1980,383,687,2145,376,703,2113,401,740,2312
WHU3354SD_mono_0192,0,0.03,IH,11,Teal,6527,5929,516,1357,1885,469,1342,1883,428,1388,1989,381,1526,2238,392,1420,2212
WHU3354SD_mono_0193,114.5,0.038,AH,3,Black,6528,6286,544,1014,2532,541,987,2527,565,985,2568,578,977,2571,585,972,2592
WHU3354SD_mono_0194,118.4,0.11,AA,1,Red,6529,5571,605,981,1968,603,987,2029,602,1039,2065,586,1173,2341,599,1274,2546
WHU3354SD_mono_0195,156.2,0.058,AH,3,Black,6530,6643,470,1536,2780,503,1588,2810,506,1642,2788,456,1669,2797,330,1686,2881
WHU3354SD_mono_0196,90,0.098,IY,13,Pink,6531,5214,447,1678,2587,427,1948,2664,422,2024,2680,410,2073,2623,353,2065,2650
WHU3354SD_mono_0197,115.8,0.078,AA,1,Red,6532,4500,557,1333,2097,656,1282,2050,659,1265,2036,652,1256,1995,635,1253,2047
WHU3354SD_mono_0198,118.7,0.058,AH,3,Black,6533,5929,497,1302,2673,457,1210,2626,435,1013,2533,422,937,2531,417,800,2497
WHU3354SD_mono_0199,0,0.118,ER,9,Lime,6534,4857,476,1120,1796,475,1235,1772,475,1276,1779,451,1359,1755,456,1594,1843
WTHELLYYY_mono_0001,131.6,0.13,OW,14,Maroon,6535,5571,395,1435,2625,463,1386,2615,381,1274,2554,311,1225,2541,252,1268,2500
WTHELLYYY_mono_0002,172.7,0.048,IH,11,Teal,6536,5571,258,1588,2617,262,1602,2617,330,1605,2617,299,1606,2649,263,1597,2688
WTHELLYYY_mono_0003,142.8,0.028,AO,4,Green,6537,5571,326,801,2266,344,836,2269,395,860,2208,431,888,2128,477,918,2112
WTHELLYYY_mono_0004,122.3,0.048,IH,11,Teal,6538,4857,504,1854,2628,502,1941,2626,496,2035,2632,492,2121,2602,590,2224,2569
WTHELLYYY_mono_0005,98,0.1,AY,7,Magenta,6539,5929,532,1485,2516,587,1472,2523,600,1494,2522,623,1490,2413,584,1448,2436
WTHELLYYY_mono_0006,115.2,0.07,OW,14,Maroon,6540,4500,390,934,2561,418,932,2583,474,924,2614,500,931,2614,453,933,2855
WTHELLYYY_mono_0007,85.9,0.08,EY,10,Purple,6541,5214,399,1733,2689,380,1866,2663,307,1924,2608,276,1936,2592,286,1945,2610
WTHELLYYY_mono_0008,78.2,0.038,AH,3,Black,6542,5929,427,1694,2611,487,1674,2600,435,1683,2638,457,1656,2692,342,1578,2645
WTHELLYYY_mono_0009,104.5,0.048,IY,13,Pink,6543,4857,257,2356,2728,275,2334,2983,285,2360,2929,303,2345,2939,347,2294,2933
WTHELLYYY_mono_0010,104.2,0.048,AH,3,Black,6544,5571,394,1970,2722,384,1850,2725,359,1734,2671,359,1654,2677,363,1736,2687
WTHELLYYY_mono_0011,84.7,0.048,IY,13,Pink,6545,5571,250,2243,2643,225,2193,2661,231,2170,2636,217,2147,2629,230,2088,2602
WTHELLYYY_mono_0012,87.5,0.038,AH,3,Black,6546,6286,550,1375,2790,530,1349,2782,510,1325,2786,494,1262,2788,458,1272,2708
WTHELLYYY_mono_0013,81,0.068,AY,7,Magenta,6547,5571,484,1397,2580,472,1537,2627,304,1656,2501,314,1807,2580,224,1751,2648
WTHELLYYY_mono_0014,90.7,0.048,OW,14,Maroon,6548,5571,303,1176,2347,377,1008,2308,383,967,2441,268,933,2503,284,906,2543
WTHELLYYY_mono_0015,81.3,0.038,AA,1,Red,6549,5929,304,920,2459,282,898,2496,263,976,2487,263,1017,2485,260,1056,2412
WTHELLYYY_mono_0016,80,0.038,EH,8,Black,6550,4857,520,1584,2506,503,1594,2553,479,1550,2567,524,1614,2577,442,1603,2601
WTHELLYYY_mono_0017,101.5,0.128,ER,9,Lime,6551,5214,403,1611,2423,370,1567,1978,444,1503,1843,298,1447,1663,131,1457,1765
WTHELLYYY_mono_0018,121.8,0.078,EY,10,Purple,6552,6286,451,1770,2298,424,1842,2607,286,1917,2719,293,1984,2751,278,2006,2705
WTHELLYYY_mono_0019,114.4,0.06,AA,1,Red,6553,6286,550,1389,2528,586,1363,2392,600,1368,2225,601,1378,2088,614,1337,2036
WTHELLYYY_mono_0020,99.7,0.148,AY,7,Magenta,6554,6286,575,1489,2489,585,1598,2547,507,1754,2573,398,1877,2584,386,1946,2611
WTHELLYYY_mono_0021,93.6,0.028,AY,7,Magenta,6555,4857,514,1692,2686,519,1716,2600,507,1783,2563,502,1829,2504,496,1883,2455
WTHELLYYY_mono_0022,125.5,0.058,AH,3,Black,6556,5929,551,1409,2548,563,1343,2505,509,1208,2508,466,1074,2533,379,950,2529
WTHELLYYY_mono_0023,129.2,0.05,AH,3,Black,6557,5214,534,1467,2776,514,1420,2791,515,1382,2730,487,1325,2682,416,1315,2572
WTHELLYYY_mono_0024,107.4,0.038,IH,11,Teal,6558,6286,472,1552,2582,443,1694,2566,429,1783,2571,416,1884,2502,403,1856,2431
WTHELLYYY_mono_0025,102.8,0.078,AE,2,Blue,6559,6286,830,1519,2699,811,1484,2646,807,1470,2652,780,1443,2628,666,1442,2606
WTHELLYYY_mono_0026,85.4,0.04,AA,1,Red,6560,5571,981,1031,3164,690,1008,2417,688,1064,2456,672,1087,2503,632,1064,2648
WTHELLYYY_mono_0027,82.1,0.098,AH,3,Black,6561,5571,281,1693,2630,322,1612,2648,281,1589,2575,258,1508,2569,214,1526,2613
WTHELLYYY_mono_0028,90.4,0.098,AE,2,Blue,6562,4500,555,1412,1906,618,1397,1771,630,1366,1928,615,1346,1959,579,1311,2216
WTHELLYYY_mono_0029,83.6,0.028,AH,3,Black,6563,4857,484,1152,2459,457,1190,2383,435,1348,2279,441,1356,2194,408,1436,2076
WTHELLYYY_mono_0030,97.7,0.058,EH,8,Black,6564,6643,496,1576,2733,510,1603,2679,520,1598,2632,566,1589,2602,546,1520,2394
WTHELLYYY_mono_0031,94,0.028,ER,9,Lime,6565,5214,312,1460,1863,319,1480,1919,296,1558,1901,266,1588,2011,257,1655,2081
WTHELLYYY_mono_0032,92.9,0.07,ER,9,Lime,6566,4500,343,1422,1874,382,1409,1830,408,1401,1820,393,1396,1777,419,1360,1777
WTHELLYYY_mono_0033,81.9,0.068,AH,3,Black,6567,5571,261,1110,2521,276,1208,2570,263,1285,2576,230,1331,2570,232,1348,2593
WTHELLYYY_mono_0034,87.8,0.1,IY,13,Pink,6568,6286,243,2203,2810,239,2475,2870,242,2521,2827,245,2510,2875,232,2574,2776
WTHELLYYY_mono_0035,86.3,0.178,IH,11,Teal,6569,5929,344,1970,2710,430,1944,2733,400,1893,2696,388,1815,2650,393,1794,2639
WTHELLYYY_mono_0036,85.7,0.08,AH,3,Black,6570,4857,503,1700,2575,611,1717,2592,607,1687,2616,658,1660,2628,619,1654,2563
WTHELLYYY_mono_0037,92.9,0.028,EH,8,Black,6571,4857,824,1734,2659,716,1703,2618,681,1679,2663,589,1674,2676,451,1627,2668
WTHELLYYY_mono_0038,83.7,0.04,IH,11,Teal,6572,5571,361,1697,2731,303,1700,2781,303,1752,2826,276,1732,2835,251,1719,2875
WTHELLYYY_mono_0039,78.1,0.118,AW,5,Olive,6573,6286,365,1636,2810,445,1541,2718,509,1417,2610,471,1339,2540,506,1198,2522
WTHELLYYY_mono_0040,120.6,0.088,AY,7,Magenta,6574,5929,542,1403,2402,616,1367,2443,650,1435,2391,635,1516,2441,601,1584,2590
WTHELLYYY_mono_0041,114.7,0.04,UH,16,Silver,6575,5214,488,1374,2825,470,1402,2743,436,1423,2677,378,1468,2606,307,1469,2565
WTHELLYYY_mono_0042,89.2,0.098,IH,11,Teal,6576,4857,293,1527,2171,300,1859,2248,294,1950,2412,337,1910,2391,398,1834,2184
WTHELLYYY_mono_0043,84.8,0.068,AY,7,Magenta,6577,5571,480,1497,2644,465,1637,2555,375,1786,2487,273,1898,2375,236,1870,2362
WTHELLYYY_mono_0044,86.6,0.06,AE,2,Blue,6578,6286,547,1721,2665,548,1717,2652,548,1697,2655,533,1676,2650,474,1691,2674
WTHELLYYY_mono_0045,106.1,0.078,EY,10,Purple,6579,5571,310,1808,2408,336,1835,2356,383,1862,2461,418,1793,2493,441,1718,2498
WTHELLYYY_mono_0046,89.2,0.04,AH,3,Black,6580,5214,324,1475,2583,306,1465,2544,298,1406,2556,252,1394,2526,283,1380,2508
WTHELLYYY_mono_0047,99.4,0.078,UW,17,Cyan,6581,6286,297,1454,2428,290,1439,2308,266,1370,2265,242,1325,2215,225,1261,2311
WTHELLYYY_mono_0048,84.3,0.098,EY,10,Purple,6582,5571,413,1688,2145,379,1795,2266,376,1857,2473,274,1824,2525,192,1772,2496
WTHELLYYY_mono_0049,84.7,0.078,EY,10,Purple,6583,5571,294,1933,2451,303,2046,2535,269,2106,2664,248,2127,2709,227,2208,2903
WTHELLYYY_mono_0050,79,0.028,AH,3,Black,6584,5214,170,1771,2729,260,1815,2655,247,1804,2643,242,1748,2658,215,1716,2619
WTHELLYYY_mono_0051,78.6,0.038,IH,11,Teal,6585,4857,190,1662,2640,189,1747,2665,203,1732,2696,197,1738,2672,229,1746,2641
WTHELLYYY_mono_0052,77.9,0.068,AW,5,Olive,6586,5571,426,1322,2541,526,1292,2593,532,1253,2618,503,1250,2598,403,1286,2621
WTHELLYYY_mono_0053,77.9,0.048,AH,3,Black,6587,5571,285,1750,2362,305,1727,2518,272,1381,1897,252,1381,1754,252,1350,1747
WTHELLYYY_mono_0054,87.1,0.098,EY,10,Purple,6588,5571,353,1711,2276,388,1885,2531,355,1979,2555,339,2035,2570,320,2014,2597
WTHELLYYY_mono_0055,78.6,0.068,ER,9,Lime,6589,5214,190,1655,2286,200,1522,2043,210,1500,1921,238,1529,1974,204,1543,1977
WTHELLYYY_mono_0056,147.7,0.068,AA,1,Red,6590,5214,597,1327,2759,618,1302,2834,620,1299,2805,615,1247,2793,606,1148,2765
WTHELLYYY_mono_0057,147.4,0.048,AY,7,Magenta,6591,5571,590,1414,2547,587,1448,2624,597,1503,2622,591,1567,2630,582,1444,2620
WTHELLYYY_mono_0058,117.7,0.038,AH,3,Black,6592,5929,460,1425,2550,447,1495,2524,423,1561,2473,418,1600,2473,373,1496,2530
WTHELLYYY_mono_0059,118.7,0.024,AO,4,Green,6593,5571,307,870,2121,366,910,2067,437,972,2040,480,977,2035,456,1049,2039
WTHELLYYY_mono_0060,105.9,0.068,ER,9,Lime,6594,5214,421,1384,1771,458,1441,1900,460,1439,1875,429,1495,1890,558,1616,1957
WTHELLYYY_mono_0061,86.4,0.048,AO,4,Green,6595,5571,244,1308,2067,331,1246,2052,318,1182,2037,305,1060,2000,357,1002,1938
WTHELLYYY_mono_0062,80.7,0.038,UW,17,Cyan,6596,4857,168,1715,2500,214,1659,2484,206,1577,2237,222,1491,2227,187,1440,2263
WTHELLYYY_mono_0063,84.2,0.07,AE,2,Blue,6597,6286,557,1493,2132,580,1512,2344,557,1494,2480,527,1433,2488,484,1376,2517
WTHELLYYY_mono_0064,79.4,0.028,AH,3,Black,6598,5214,328,1507,2626,257,1508,2640,273,1555,2643,240,1552,2635,262,1478,2591
WTHELLYYY_mono_0065,92.5,0.05,OW,14,Maroon,6599,5214,293,1331,2524,255,1244,2472,231,1211,2440,276,1253,2502,282,1284,2474
WTHELLYYY_mono_0066,90.8,0.138,EY,10,Purple,6600,5929,394,1854,2721,454,1909,2756,372,1978,2791,344,2114,2798,269,2136,2770
WTHELLYYY_mono_0067,79.8,0.08,AH,3,Black,6601,5929,334,1197,2653,253,1100,2716,230,943,2888,255,879,2819,304,919,2916
WTHELLYYY_mono_0068,138.6,0.078,AH,3,Black,6602,5571,294,1307,2647,271,1426,2644,263,1501,2596,197,1594,2591,242,1617,2577
WTHELLYYY_mono_0069,88,0.09,AO,4,Green,6603,4500,179,875,2289,183,795,2154,240,770,2121,323,798,2023,384,877,1940
WTHELLYYY_mono_0070,81.4,0.03,AH,3,Black,6604,7000,441,1707,2116,404,1762,2243,371,1761,2671,314,1803,2684,264,1793,2685
WTHELLYYY_mono_0071,118.2,0.04,UW,17,Cyan,6605,4500,161,1710,2276,190,1655,2167,221,1639,2114,245,1545,2116,289,1503,2148
WTHELLYYY_mono_0072,76.6,0.03,AH,3,Black,6606,6286,351,1420,2580,370,1415,2617,362,1445,2621,350,1423,2618,285,1401,2638
WTHELLYYY_mono_0073,93.8,0.04,EY,10,Purple,6607,5571,438,1727,2620,437,1725,2534,405,1713,2411,387,1648,2190,386,1480,2099
WTHELLYYY_mono_0074,86.4,0.048,ER,9,Lime,6608,4857,469,1257,1853,536,1322,1917,568,1325,1939,608,1351,1869,634,1354,1970
WTHELLYYY_mono_0075,88.3,0.068,AW,5,Olive,6609,5214,646,1312,1965,644,1268,2043,621,1268,2095,593,1280,2092,539,1284,2072
WTHELLYYY_mono_0076,75.6,0.03,AH,3,Black,6610,5929,262,1301,2496,291,1352,2584,338,1347,2554,324,1293,2505,269,1298,2520
WTHELLYYY_mono_0077,0,0.08,OW,14,Maroon,6611,4857,520,1330,2535,492,1334,2520,524,1301,2515,463,1257,2475,485,1198,2476
WTHELLYYY_mono_0078,92.9,0.098,AE,2,Blue,6612,5571,970,1638,2595,783,1641,2592,691,1641,2557,583,1694,2573,372,1803,2592
WTHELLYYY_mono_0079,89.9,0.028,IH,11,Teal,6613,5571,223,1795,2418,165,1688,2193,203,1672,2026,204,1630,1927,239,1599,1898
WTHELLYYY_mono_0080,80.5,0.098,OW,14,Maroon,6614,5571,350,1486,2339,384,1418,2380,342,1330,2343,324,1283,2341,275,1087,2287
WTHELLYYY_mono_0081,0,0.07,IH,11,Teal,6615,6286,367,1916,2377,256,1892,2414,399,1857,2532,302,1788,2565,263,1794,2614
WTHELLYYY_mono_0082,91.8,0.06,AH,3,Black,6616,6286,522,1100,2656,553,1231,2742,538,1283,2760,492,1336,2824,384,1386,2772
WTHELLYYY_mono_0083,86.5,0.08,EY,10,Purple,6617,5929,403,1696,2739,370,1827,2672,334,1915,2640,312,1993,2651,313,2003,2726
WTHELLYYY_mono_0084,85,0.088,EH,8,Black,6618,5929,352,1901,2589,462,1869,2570,527,1813,2533,507,1780,2560,475,1692,2557
WTHELLYYY_mono_0085,145.3,0.03,ER,9,Lime,6619,4500,189,901,1679,199,896,1717,194,869,1698,190,775,1696,184,980,1700
WTHELLYYY_mono_0086,136,0.128,IY,13,Pink,6620,5214,204,1948,2517,230,2050,2469,194,2096,2498,170,2179,2528,135,1649,2224
WTHELLYYY_mono_0087,84.6,0.048,AE,2,Blue,6621,5571,392,1835,2546,406,1780,2584,426,1762,2598,265,1747,2630,335,1736,2645
WTHELLYYY_mono_0088,105,0.078,AE,2,Blue,6622,5571,1067,1587,2693,879,1500,2648,812,1445,2679,857,1445,2643,811,1375,2575
WTHELLYYY_mono_0089,85.2,0.13,AE,2,Blue,6623,6286,658,1430,2787,703,1470,2747,729,1460,2728,676,1420,2690,722,1402,2684
WTHELLYYY_mono_0090,83.4,0.068,AE,2,Blue,6624,6643,500,1822,2616,558,1744,2562,548,1688,2581,534,1649,2557,586,1599,2541
WTHELLYYY_mono_0091,119.2,0.038,UH,16,Silver,6625,5929,309,1736,2712,410,1732,2630,418,1738,2571,414,1684,2533,344,1667,2498
WTHELLYYY_mono_0092,133.8,0.04,IH,11,Teal,6626,5214,365,1875,2432,450,1888,2445,419,1873,2416,426,1808,2328,459,1742,2382
WTHELLYYY_mono_0093,101.3,0.05,AH,3,Black,6627,5214,394,1540,2506,379,1471,2454,418,1387,2463,418,1204,2446,485,1127,2451
WTHELLYYY_mono_0094,101.5,0.048,IH,11,Teal,6628,5571,472,1459,2522,519,1640,2523,560,1782,2602,538,1778,2598,561,1782,2612
WTHELLYYY_mono_0095,136.4,0.178,OW,14,Maroon,6629,5929,442,1487,2615,407,1307,2596,394,1245,2597,292,1165,2543,230,1298,2525
WTHELLYYY_mono_0096,96.8,0.048,OW,14,Maroon,6630,4857,420,974,2411,411,960,2483,430,966,2531,458,982,2528,486,977,2518
WTHELLYYY_mono_0097,95.4,0.078,AY,7,Magenta,6631,5571,582,1420,2509,561,1526,2531,538,1644,2551,496,1732,2571,522,1748,2530
WTHELLYYY_mono_0098,83.7,0.13,OW,14,Maroon,6632,4857,595,1253,2494,596,1122,2487,579,1025,2489,265,1001,2496,209,1075,2468
WTHELLYYY_mono_0099,82.8,0.068,AH,3,Black,6633,5571,208,1592,2519,221,1613,2511,237,1628,2566,225,1658,2579,218,1650,2587
WTHELLYYY_mono_0100,97.6,0.07,OW,14,Maroon,6634,5929,283,1409,2477,489,1359,2433,491,1279,2297,481,1175,2221,454,1090,2080
WTHELLYYY_mono_0101,104.6,0.06,ER,9,Lime,6635,4500,329,1163,1683,430,1227,1719,489,1259,1727,541,1273,1733,665,1290,1746
WTHELLYYY_mono_0102,100.8,0.048,ER,9,Lime,6636,4857,346,1396,1755,401,1403,1778,430,1417,1814,435,1451,1828,391,1467,1867
WTHELLYYY_mono_0103,84.3,0.038,AH,3,Black,6637,5929,418,1287,2532,443,1267,2493,416,1200,2477,391,1072,2479,258,1036,2506
WTHELLYYY_mono_0104,77.3,0.03,AH,3,Black,6638,6286,181,1176,2508,215,1288,2523,207,1303,2524,195,1338,2531,185,1374,2544
WTHELLYYY_mono_0105,78.9,0.188,EY,10,Purple,6639,5571,351,1722,2652,267,1756,2608,272,1836,2567,255,1952,2634,192,1969,2534
WTHELLYYY_mono_0106,90,0.08,ER,9,Lime,6640,4500,247,1492,1900,216,1386,1775,273,1324,1759,401,1342,1774,493,1392,1838
WTHELLYYY_mono_0107,108.4,0.098,AE,2,Blue,6641,5571,526,1454,2013,642,1486,2428,706,1466,2639,749,1460,2649,774,1549,2663
WTHELLYYY_mono_0108,98.8,0.04,IH,11,Teal,6642,5571,397,1773,2530,370,1833,2438,352,1877,2453,293,1954,2306,265,1980,2187
WTHELLYYY_mono_0109,86.9,0.058,IH,11,Teal,6643,5929,247,1682,2624,258,1702,2603,275,1701,2603,267,1690,2565,216,1511,2480
WTHELLYYY_mono_0110,83.8,0.05,IH,11,Teal,6644,5929,273,1479,2439,366,1539,2514,366,1536,2528,372,1560,2564,295,1485,2542
WTHELLYYY_mono_0111,97.7,0.11,OW,14,Maroon,6645,5571,397,1405,2535,431,1278,2523,361,1162,2551,327,990,2539,339,969,2522
WTHELLYYY_mono_0112,151.5,0.06,AE,2,Blue,6646,5571,333,1596,2628,329,1626,2573,433,1524,2557,491,1584,2535,516,1516,2551
WTHELLYYY_mono_0113,86.8,0.08,UW,17,Cyan,6647,4857,290,1871,2455,267,1841,2306,256,1750,2210,269,1666,2138,286,1526,2127
WTHELLYYY_mono_0114,117.5,0.138,AA,1,Red,6648,5214,619,989,2685,602,960,2787,648,1003,2476,625,1016,2746,601,1100,2823
WTHELLYYY_mono_0115,131.2,0.038,IY,13,Pink,6649,5929,252,1828,2988,230,1866,2967,252,1787,2626,262,1609,2473,251,1383,2362
WTHELLYYY_mono_0116,84.6,0.028,OW,14,Maroon,6650,4857,315,1403,2125,353,1420,2253,286,1455,2339,261,1455,2335,208,1409,2467
WTHELLYYY_mono_0117,90.9,0.11,AW,5,Olive,6651,6286,587,1443,2599,639,1396,2610,665,1344,2611,677,1294,2591,583,1220,2528
WTHELLYYY_mono_0118,0,0.028,AE,2,Blue,6652,4857,528,1499,2572,467,1535,2563,342,1530,2557,203,1514,2517,196,1520,2547
WTHELLYYY_mono_0119,77.3,0.038,AH,3,Black,6653,6286,300,1523,2659,303,1512,2636,211,1524,2632,228,1563,2630,209,1632,2695
WTHELLYYY_mono_0120,83.2,0.138,AY,7,Magenta,6654,5929,501,1378,2574,609,1355,2662,569,1435,2652,557,1610,2580,542,1704,2547
WTHELLYYY_mono_0121,98.8,0.03,AE,2,Blue,6655,6286,622,1450,2577,660,1464,2547,599,1469,2526,465,1475,2574,403,1481,2734
WTHELLYYY_mono_0122,0,0.028,ER,9,Lime,6656,5214,264,1550,2327,382,1560,2301,440,1531,2144,438,1501,2005,482,1484,2071
WTHELLYYY_mono_0123,91.9,0.078,AH,3,Black,6657,6643,587,1509,2409,600,1496,2509,587,1502,2481,590,1542,2526,558,1551,2592
WTHELLYYY_mono_0124,113.8,0.058,UW,17,Cyan,6658,5929,240,1862,2220,236,1712,2221,244,1541,2299,244,1387,2391,258,1334,2364
WTHELLYYY_mono_0125,96.7,0.088,AY,7,Magenta,6659,5929,629,1431,2606,633,1498,2598,608,1583,2589,557,1720,2610,474,1798,2615
WTHELLYYY_mono_0126,91,0.03,AH,3,Black,6660,5929,251,1381,2661,286,1412,2631,262,1359,2579,259,1359,2520,217,1339,2538
WTHELLYYY_mono_0127,94.4,0.078,EY,10,Purple,6661,5571,362,1846,2612,360,1918,2650,361,1988,2641,367,2057,2626,350,2126,2572
WTHELLYYY_mono_0128,97.9,0.088,IY,13,Pink,6662,5929,283,1889,2580,308,2069,2593,285,2034,2577,377,1954,2657,504,1911,2721
WTHELLYYY_mono_0129,92.6,0.098,EH,8,Black,6663,5571,523,1784,2678,542,1694,2604,570,1679,2563,458,1730,2521,297,1860,2498
WTHELLYYY_mono_0130,137.4,0.04,EY,10,Purple,6664,5214,178,1885,2627,309,1635,2628,432,1810,2623,468,1806,2606,421,1851,2515
WTHELLYYY_mono_0131,92.8,0.078,AY,7,Magenta,6665,6643,585,1466,2695,586,1519,2737,580,1524,2694,570,1513,2693,521,1378,2658
WTHELLYYY_mono_0132,96.1,0.05,AA,1,Red,6666,5929,606,773,2536,579,881,2517,624,935,2501,628,1006,2500,622,1093,2455
WTHELLYYY_mono_0133,92,0.048,ER,9,Lime,6667,6286,486,1432,1964,457,1469,2048,410,1468,2011,372,1524,2072,291,1556,2161
WTHELLYYY_mono_0134,90.1,0.04,AH,3,Black,6668,5214,246,1642,2729,284,1528,2654,219,1515,2660,241,1484,2698,273,1462,2679
WTHELLYYY_mono_0135,0,0.048,AH,3,Black,6669,6286,272,1397,2699,312,1353,2685,315,1326,2552,263,1316,2553,314,1234,2579
WTHELLYYY_mono_0136,77.5,0.03,AA,1,Red,6670,6286,1004,1404,2131,834,1295,2132,833,1292,2061,756,1228,2047,718,1273,1973
WTHELLYYY_mono_0137,140.6,0.098,IH,11,Teal,6671,5214,301,1961,2652,355,1958,2648,408,1925,2656,404,1853,2694,297,1834,2664
WTHELLYYY_mono_0138,98.3,0.098,UW,17,Cyan,6672,5571,273,1628,2257,281,1641,2212,315,1480,2311,331,1411,2315,287,1129,2412
WTHELLYYY_mono_0139,90.7,0.108,AY,7,Magenta,6673,5929,686,1308,2556,689,1366,2482,677,1432,2373,618,1473,2426,566,1547,2320
WTHELLYYY_mono_0140,85.7,0.04,AA,1,Red,6674,5571,527,1545,2207,508,1572,2242,492,1561,2296,436,1540,2274,352,1538,2323
WTHELLYYY_mono_0141,83.4,0.04,AH,3,Black,6675,5571,240,1520,2534,233,1507,2542,220,1495,2542,205,1485,2471,208,1507,2474
WTHELLYYY_mono_0142,108,0.04,UW,17,Cyan,6676,5571,240,1434,2071,275,1454,2098,285,1479,2130,274,1513,2206,290,1551,2259
WTHELLYYY_mono_0143,89.8,0.07,ER,9,Lime,6677,4500,275,1512,1951,294,1511,1949,286,1587,1958,247,1732,2029,238,1854,2231
WTHELLYYY_mono_0144,82,0.07,EH,8,Black,6678,6286,253,1872,2647,249,1747,2645,354,1558,2738,423,1433,2699,388,1352,2764
WTHELLYYY_mono_0145,79.8,0.078,IH,11,Teal,6679,5571,265,1373,2710,278,1519,2632,239,1670,2641,229,1850,2571,220,2050,2471
WTHELLYYY_mono_0146,133.1,0.138,UW,17,Cyan,6680,5214,224,1658,2130,232,1533,2115,226,1402,2157,273,1312,2217,238,1071,2267
WTHELLYYY_mono_0147,103.1,0.108,UW,17,Cyan,6681,5214,244,1689,2211,308,1566,2115,297,1418,2108,317,1335,2183,266,1165,2219
WTHELLYYY_mono_0148,95.4,0.07,AY,7,Magenta,6682,5929,484,1473,2873,486,1558,2842,408,1696,2720,342,1848,2654,312,1985,2595
WTHELLYYY_mono_0149,91.5,0.038,IH,11,Teal,6683,6286,222,2071,2661,257,2040,2657,283,1951,2589,276,1970,2450,271,1881,2423
WTHELLYYY_mono_0150,92.2,0.05,AH,3,Black,6684,5929,320,1434,2703,342,1403,2696,328,1451,2652,321,1509,2625,313,1505,2657
WTHELLYYY_mono_0151,87.2,0.048,AH,3,Black,6685,5571,168,1558,2779,369,1449,2743,319,1538,2709,245,1573,2710,280,1554,2682
WTHELLYYY_mono_0152,117.7,0.1,AW,5,Olive,6686,5929,588,1504,2671,778,1488,2697,826,1398,2596,699,1343,2547,708,1311,2639
WTHELLYYY_mono_0153,105.9,0.038,AH,3,Black,6687,4857,460,1406,2528,421,1429,2549,356,1420,2570,309,1439,2673,267,1455,2741
WTHELLYYY_mono_0154,0,0.038,EH,8,Black,6688,4857,529,1621,2634,555,1576,2592,635,1581,2553,774,1587,2506,598,1566,2398
WTHELLYYY_mono_0155,0,0.028,AH,3,Black,6689,5214,570,1630,2551,522,1659,2557,540,1701,2531,561,1692,2508,562,1694,2468
WTHELLYYY_mono_0156,88.7,0.048,AH,3,Black,6690,5571,314,1437,2696,467,1392,2635,444,1329,2631,374,1295,2556,290,1233,2516
WTHELLYYY_mono_0157,79.1,0.03,AH,3,Black,6691,6286,254,1348,2522,290,1345,2514,307,1411,2502,306,1455,2495,244,1435,2474
WTHELLYYY_mono_0158,105,0.278,IY,13,Pink,6692,5929,245,2249,2878,217,2303,2963,199,2367,2942,196,2359,3583,223,1825,2593
WTHELLYYY_mono_0159,105.9,0.08,AY,7,Magenta,6693,5929,676,1459,2760,571,1435,2809,655,1522,2672,563,1581,2692,504,1606,2710
WTHELLYYY_mono_0160,117.5,0.068,AE,2,Blue,6694,6643,479,1639,2690,598,1636,2645,629,1590,2611,683,1556,2626,678,1540,2619
WTHELLYYY_mono_0161,122.8,0.078,AH,3,Black,6695,6286,652,1334,2592,674,1359,2661,637,1386,2662,528,1416,2721,500,1450,2794
WTHELLYYY_mono_0162,109.1,0.078,ER,9,Lime,6696,5571,364,1495,1912,364,1447,1897,374,1434,1872,391,1444,1865,407,1478,1883
WTHELLYYY_mono_0163,94.8,0.058,AH,3,Black,6697,5929,472,1574,1932,487,1662,2089,445,1751,2422,280,1792,2665,283,1798,2812
WTHELLYYY_mono_0164,90.3,0.06,IY,13,Pink,6698,5571,272,1962,2286,261,2011,2358,246,2054,2452,243,1991,2459,249,1915,2534
WTHELLYYY_mono_0165,91.1,0.05,IH,11,Teal,6699,5929,326,1509,2644,341,1581,2654,316,1609,2650,298,1609,2660,275,1576,2620
WTHELLYYY_mono_0166,81.9,0.028,AH,3,Black,6700,5214,220,1482,1607,202,1342,1569,189,1305,1455,189,1208,1437,187,1182,1440
WTHELLYYY_mono_0167,84.5,0.048,AH,3,Black,6701,4857,363,1494,2632,325,1508,2617,278,1509,2361,287,1468,2156,383,1460,1977
WTHELLYYY_mono_0168,81.2,0.13,IY,13,Pink,6702,5571,238,1820,2072,227,1932,2318,207,1986,2515,221,1968,2513,220,1901,2533
WTHELLYYY_mono_0169,92.9,0.09,AA,1,Red,6703,5214,509,908,2539,556,999,2570,636,1113,2541,640,1280,2484,824,1464,2583
WTHELLYYY_mono_0170,89.7,0.06,AH,3,Black,6704,4857,228,1694,2762,333,1783,2758,268,1820,2726,244,2037,2791,253,2196,3138
WTHELLYYY_mono_0171,99.2,0.07,EH,8,Black,6705,5929,381,1821,2630,462,1710,2674,525,1524,2670,558,1428,2749,528,1344,2805
WTHELLYYY_mono_0172,114.8,0.058,OW,14,Maroon,6706,6643,525,1243,2809,514,1196,2781,459,1109,2722,380,1047,2781,330,1008,2767
WTHELLYYY_mono_0173,86.2,0.05,IH,11,Teal,6707,5929,244,1875,2523,265,1932,2551,303,1868,2549,285,1841,2566,228,1782,2547
WTHELLYYY_mono_0174,111.8,0.06,AE,2,Blue,6708,4857,764,1929,2752,753,1950,2753,714,1999,2781,644,2133,2726,725,2216,2700
WTHELLYYY_mono_0175,78.5,0.04,IH,11,Teal,6709,6643,291,1570,2726,214,1583,2704,255,1574,2713,221,1553,2710,179,1543,2599
WTHELLYYY_mono_0176,81,0.038,AH,3,Black,6710,6286,206,1495,2693,374,1480,2654,376,1468,2628,253,1455,2536,135,1449,2516
WTHELLYYY_mono_0177,95.5,0.078,AW,5,Olive,6711,6286,695,1324,2227,692,1274,2138,606,1230,2045,544,1206,1887,531,1130,1826
WTHELLYYY_mono_0178,61.8,0.078,ER,9,Lime,6712,6286,390,1083,1738,341,1119,1735,381,1212,1740,484,1257,1800,235,1224,1937
WTHELLYYY_mono_0179,0,0.05,AY,7,Magenta,6713,4500,696,1280,2651,699,1293,2647,733,1361,2332,741,1386,2308,673,1356,2386
WTHELLYYY_mono_0180,104.6,0.06,IH,11,Teal,6714,5571,314,1305,2160,336,1377,2065,338,1514,2019,331,1569,1975,333,1636,1942
WTHELLYYY_mono_0181,0,0.028,IH,11,Teal,6715,4857,869,1868,2608,737,1906,2583,575,1920,2580,539,1966,2585,451,1978,2518
WTHELLYYY_mono_0182,88.5,0.048,AH,3,Black,6716,5571,480,1300,2480,502,1353,2502,494,1383,2538,474,1435,2592,466,1463,2627
WTHELLYYY_mono_0183,117.1,0.138,AA,1,Red,6717,5929,569,1408,2750,672,1186,2741,715,1086,2777,686,1113,2614,723,1197,2682
WTHELLYYY_mono_0184,157.2,0.148,IY,13,Pink,6718,5571,258,2190,2697,184,2292,2702,173,2278,2590,166,2254,2601,175,1777,2634
WTHELLYYY_mono_0185,93,0.078,AA,1,Red,6719,6286,605,1329,2772,690,1257,2687,689,1251,2627,650,1284,2479,466,1315,2509
WTHELLYYY_mono_0186,89.8,0.048,AH,3,Black,6720,5571,342,1452,2622,339,1256,2458,294,1123,2359,245,882,2323,238,898,2114
WTHELLYYY_mono_0187,152.8,0.108,ER,9,Lime,6721,4857,396,1097,1849,324,1292,1772,334,1359,1811,419,1414,1806,235,1592,1914
X08544611_mono_0001,149.4,0.068,OW,14,Maroon,6722,5214,454,1221,2496,462,1184,2438,461,1172,2468,442,1162,2507,418,1119,2518
X08544611_mono_0002,173.9,0.04,IH,11,Teal,6723,5214,375,1455,2633,378,1554,2694,366,1587,2711,366,1621,2760,345,1712,2562
X08544611_mono_0003,148.6,0.038,AO,4,Green,6724,4857,391,912,2260,449,922,2245,456,926,2219,458,948,2208,470,1031,2171
X08544611_mono_0004,133.1,0.05,IH,11,Teal,6725,4500,461,1804,2576,484,1890,2600,468,1915,2585,441,1988,2523,402,2025,2456
X08544611_mono_0005,130.7,0.068,AY,7,Magenta,6726,5571,539,1455,2448,597,1468,2456,588,1466,2381,548,1469,2326,466,1305,2239
X08544611_mono_0006,130.3,0.07,OW,14,Maroon,6727,4500,397,977,2437,413,930,2455,392,885,2491,353,931,2535,289,964,2547
X08544611_mono_0007,123.8,0.03,AH,3,Black,6728,4500,442,1187,2459,451,1169,2464,456,1143,2477,442,1116,2473,428,1089,2475
X08544611_mono_0008,110.8,0.08,EY,10,Purple,6729,4857,487,1680,2557,461,1963,2562,423,2069,2606,421,2125,2621,425,2146,2588
X08544611_mono_0009,103.8,0.04,AH,3,Black,6730,5571,488,2063,2590,496,1985,2451,499,1949,2539,514,2020,2527,512,1916,2526
X08544611_mono_0010,98.6,0.028,IH,11,Teal,6731,5571,459,1856,2600,441,1784,2563,407,1755,2560,338,1789,2488,290,1790,2485
X08544611_mono_0011,132.4,0.068,IY,13,Pink,6732,5214,314,2353,2658,281,2452,2627,275,2457,2657,277,2435,2781,269,2356,2674
X08544611_mono_0012,131.2,0.05,IY,13,Pink,6733,4500,276,2380,2739,275,2376,2734,272,2346,2739,269,2326,2752,270,2304,2733
X08544611_mono_0013,129.6,0.04,AH,3,Black,6734,5214,271,2279,2727,274,2201,2711,267,2212,2714,266,2281,2720,267,2308,2610
X08544611_mono_0014,112.9,0.048,AH,3,Black,6735,4857,468,1496,2633,550,1450,2630,566,1441,2586,561,1361,2457,530,1253,2455
X08544611_mono_0015,101.2,0.038,AY,7,Magenta,6736,5929,516,1212,2329,544,1314,2346,519,1528,2380,494,1759,2605,460,1846,2635
X08544611_mono_0016,95.1,0.06,AA,1,Red,6737,5571,465,1057,2492,505,1088,2653,496,1146,2723,482,1179,2772,469,1259,2764
X08544611_mono_0017,87.3,0.028,AH,3,Black,6738,4857,360,1896,2711,360,1909,2802,379,1911,2764,369,1901,2715,359,1929,2718
X08544611_mono_0018,82.7,0.048,EH,8,Black,6739,6286,543,1710,2231,598,1649,2332,611,1602,2448,603,1706,2542,567,1779,2636
X08544611_mono_0019,72,0.098,ER,9,Lime,6740,5214,405,2349,2571,432,1817,2786,434,1868,2896,370,1878,3010,383,1911,2541
X08544611_mono_0020,115.5,0.068,EY,10,Purple,6741,5571,466,1924,2013,454,1980,2190,404,2061,2424,341,2109,2591,326,2107,2757
X08544611_mono_0021,108.6,0.05,AA,1,Red,6742,4500,551,1242,2190,563,1264,2196,544,1253,2164,543,1227,2151,554,1210,2133
X08544611_mono_0022,93.7,0.108,AY,7,Magenta,6743,5214,563,1871,2328,590,2076,2192,530,2036,2460,480,2037,2576,487,2124,2644
X08544611_mono_0023,124.3,0.04,AY,7,Magenta,6744,4500,741,1293,2163,648,1267,2149,592,1347,2170,505,1493,2191,446,1436,2221
X08544611_mono_0024,194.8,0.038,AH,3,Black,6745,5929,458,1239,2674,505,1201,2651,537,1173,2571,540,1175,2514,503,1192,2434
X08544611_mono_0025,170.3,0.038,IH,11,Teal,6746,6286,369,2072,2696,351,2129,2649,362,2197,2619,370,2282,2551,367,2353,2564
X08544611_mono_0026,141.2,0.098,AE,2,Blue,6747,4857,868,1235,2400,878,1259,2410,896,1246,2443,757,1267,2440,700,1244,2454
X08544611_mono_0027,115.4,0.108,AA,1,Red,6748,5929,663,1189,2421,831,1221,2395,732,1216,2548,699,1338,2604,567,1407,2667
X08544611_mono_0028,154.4,0.09,AH,3,Black,6749,4857,371,1927,2609,379,1934,2621,379,1798,2618,366,1726,2638,352,1720,2664
X08544611_mono_0029,119.2,0.07,AE,2,Blue,6750,4857,610,1331,2057,682,1300,2128,736,1307,2217,681,1288,2311,594,1290,2381
X08544611_mono_0030,105,0.028,AH,3,Black,6751,5571,419,1040,2547,453,1080,2554,465,1150,2539,482,1212,2519,479,1249,2508
X08544611_mono_0031,118.2,0.06,EH,8,Black,6752,4857,570,1526,2557,589,1534,2565,587,1548,2279,576,1325,2111,521,1250,2046
X08544611_mono_0032,136.1,0.048,ER,9,Lime,6753,4857,369,1216,1977,377,1262,1987,386,1311,1951,386,1380,1962,356,1459,1987
X08544611_mono_0033,136.7,0.06,ER,9,Lime,6754,4857,398,1611,2594,402,1615,2607,403,1586,1914,386,1356,1929,358,1200,1957
X08544611_mono_0034,98.8,0.028,AH,3,Black,6755,5214,381,1228,2567,373,1291,2578,356,1337,2596,336,1452,2643,306,1457,2674
X08544611_mono_0035,121.9,0.058,IY,13,Pink,6756,5214,326,2049,2580,312,2156,2617,321,2201,2633,354,2207,2679,359,2186,2715
X08544611_mono_0036,146.4,0.07,IH,11,Teal,6757,4500,434,1968,2616,439,1979,2618,446,1931,2578,450,1920,2682,415,1925,2592
X08544611_mono_0037,95.1,0.038,AH,3,Black,6758,4857,416,2005,2668,442,2011,2653,467,2002,2665,479,2008,2737,468,1975,2697
X08544611_mono_0038,102.4,0.038,EH,8,Black,6759,4857,714,1886,2557,683,1888,2556,607,1852,2515,601,1848,2515,579,1884,2500
X08544611_mono_0039,88.4,0.038,IH,11,Teal,6760,4857,436,1859,2616,441,1874,2631,439,1853,2637,418,1862,2648,360,1828,2667
X08544611_mono_0040,77,0.098,AW,5,Olive,6761,5214,520,1796,2670,639,1636,2390,703,1514,2374,683,1306,2303,652,1252,2339
X08544611_mono_0041,113.1,0.038,AH,3,Black,6762,4857,426,1630,2518,426,1651,2519,407,1662,2539,401,1678,2549,358,1754,2515
X08544611_mono_0042,172.3,0.108,AY,7,Magenta,6763,4857,676,1365,2354,770,1350,2268,737,1405,2289,688,1523,2343,598,1543,2544
X08544611_mono_0043,173,0.048,UH,16,Silver,6764,6286,422,1379,2711,410,1541,2706,381,1892,2708,359,1908,2613,346,2062,2869
X08544611_mono_0044,108.3,0.098,IH,11,Teal,6765,5571,305,1913,2321,301,2209,2419,317,2234,2486,328,2264,2535,398,2072,2547
X08544611_mono_0045,105.2,0.07,AY,7,Magenta,6766,6286,679,1401,2558,612,1572,2579,543,1693,2529,473,2097,2515,344,2152,2428
X08544611_mono_0046,131.1,0.09,AE,2,Blue,6767,4857,685,1696,2624,779,1412,2269,767,1371,2264,728,1484,2284,626,1518,2418
X08544611_mono_0047,143,0.058,EY,10,Purple,6768,5929,381,2043,2672,414,2046,2658,424,2045,2645,414,2086,2628,404,2054,2616
X08544611_mono_0048,127.4,0.038,AH,3,Black,6769,5929,398,1881,2486,402,1844,2467,393,1811,2443,392,1469,2408,357,1257,2388
X08544611_mono_0049,135.1,0.07,UW,17,Cyan,6770,4857,311,1235,2474,309,1214,2441,290,1109,2408,274,1062,2365,224,1079,2323
X08544611_mono_0050,114.8,0.08,EY,10,Purple,6771,5929,447,1950,2485,447,2026,2501,439,2074,2572,416,2077,2585,388,1997,2517
X08544611_mono_0051,100.2,0.038,AE,2,Blue,6772,6286,459,1924,2592,491,1907,2585,491,1907,2569,488,1889,2567,471,1871,2560
X08544611_mono_0052,105.7,0.05,EY,10,Purple,6773,5214,368,2017,2548,343,2084,2569,336,2178,2583,305,2243,2559,278,2219,2506
X08544611_mono_0053,114.5,0.038,EH,8,Black,6774,4857,578,1338,2307,585,1415,2319,577,1518,2385,549,1644,2452,473,1650,2527
X08544611_mono_0054,96.8,0.03,IH,11,Teal,6775,4500,377,1911,2503,397,1941,2471,338,1470,2345,317,1557,2348,275,1727,2400
X08544611_mono_0055,104.1,0.03,IH,11,Teal,6776,6286,457,1552,2408,436,1644,2427,403,1631,2444,369,1713,2455,330,1743,2467
X08544611_mono_0056,97.4,0.068,AW,5,Olive,6777,5571,526,1304,2385,615,1291,2311,613,1278,2311,593,1273,2327,494,1259,2363
X08544611_mono_0057,96.7,0.038,AH,3,Black,6778,4857,400,1358,2482,368,1281,2571,360,1284,2005,343,1277,1908,310,1239,1954
X08544611_mono_0058,95.8,0.058,EY,10,Purple,6779,5214,495,1905,2617,478,1936,2617,459,1985,2641,449,2065,2693,404,2073,2670
X08544611_mono_0059,77.6,0.07,ER,9,Lime,6780,7000,413,1778,2810,432,1933,2897,393,1901,2773,415,1836,2782,363,1809,2729
X08544611_mono_0060,128.5,0.07,AY,7,Magenta,6781,4857,826,1316,2399,788,1378,2362,724,1481,2434,643,1730,2548,540,1869,2649
X08544611_mono_0061,173,0.08,AA,1,Red,6782,4500,578,1279,2586,674,1272,2463,699,1266,2364,719,1210,2370,661,1222,2442
X08544611_mono_0062,186,0.068,AY,7,Magenta,6783,6643,629,1280,2441,665,1470,2477,695,1627,2547,608,1693,2576,548,1626,2667
X08544611_mono_0063,152.9,0.05,AH,3,Black,6784,5929,478,1425,2651,475,1433,2661,451,1363,2630,399,1237,2684,329,1246,2731
X08544611_mono_0064,131,0.028,AO,4,Green,6785,4857,361,926,2350,366,966,2308,390,1013,2204,424,1061,2205,448,1108,2196
X08544611_mono_0065,108.3,0.028,AO,4,Green,6786,5571,376,1244,2381,390,1231,2360,401,1206,2201,424,1183,2076,432,1201,2049
X08544611_mono_0066,104.1,0.04,AH,3,Black,6787,6643,399,1773,2709,385,1840,2729,362,1957,2749,342,2013,2958,267,1887,2929
X08544611_mono_0067,111.6,0.07,AE,2,Blue,6788,4500,587,1272,2028,661,1287,2118,661,1268,2182,660,1267,2229,626,1250,2282
X08544611_mono_0068,102.6,0.05,AH,3,Black,6789,5929,430,1311,2502,448,1356,2507,474,1460,2563,440,1498,2643,306,1510,2752
X08544611_mono_0069,124.5,0.06,OW,14,Maroon,6790,4857,418,1057,2594,406,997,2602,389,1003,2645,381,1025,2653,371,1112,2681
X08544611_mono_0070,135.2,0.068,IH,11,Teal,6791,5214,334,1711,2686,327,1691,2661,312,1697,2702,296,1712,2670,294,1723,2653
X08544611_mono_0071,105,0.09,EY,10,Purple,6792,5571,394,1951,2478,405,1991,2536,401,2025,2520,372,2055,2497,355,1923,2440
X08544611_mono_0072,95.5,0.038,AH,3,Black,6793,4857,340,1014,2261,361,1023,2356,361,932,2546,372,944,2640,385,964,2669
X08544611_mono_0073,82.2,0.028,AE,2,Blue,6794,5214,517,1913,2604,495,1911,2632,498,1875,2674,507,1877,2650,495,1929,2608
X08544611_mono_0074,115.8,0.07,AO,4,Green,6795,4500,342,1407,2506,454,870,2344,450,847,2322,430,893,2272,438,979,2197
X08544611_mono_0075,108.5,0.03,AH,3,Black,6796,6643,527,1944,2802,449,1912,2790,412,1851,2746,368,1771,2656,323,1887,2626
X08544611_mono_0076,71.9,0.09,UW,17,Cyan,6797,5214,297,1950,2283,309,2099,2266,317,1953,2245,321,1760,2267,299,1814,2282
X08544611_mono_0077,104.3,0.058,EY,10,Purple,6798,5929,393,2000,2545,377,2006,2572,371,2019,2575,362,1914,2526,364,1780,2466
X08544611_mono_0078,103.9,0.06,ER,9,Lime,6799,4500,345,1169,1945,356,1185,1867,354,1195,1874,325,1169,1877,312,1125,1912
X08544611_mono_0079,110.9,0.118,OW,14,Maroon,6800,4857,438,1013,2295,437,984,2371,415,951,2426,399,969,2510,385,892,2580
X08544611_mono_0080,88.8,0.138,AW,5,Olive,6801,5214,825,1366,2274,794,1235,2263,764,1249,2257,682,1203,2303,569,1088,2547
X08544611_mono_0081,114.2,0.05,AH,3,Black,6802,5214,423,1918,2505,406,2038,2527,377,2105,2496,335,2188,2473,299,2232,2395
X08544611_mono_0082,132,0.108,AE,2,Blue,6803,4857,717,1962,2448,795,1426,2323,804,1438,2362,734,1517,2418,594,1728,2496
X08544611_mono_0083,166.2,0.048,IH,11,Teal,6804,5571,304,2104,2637,331,2084,2477,341,2013,2426,346,1997,2299,350,1986,2198
X08544611_mono_0084,100,0.11,OW,14,Maroon,6805,5571,414,1801,2349,469,1418,2444,459,1215,2407,433,1094,2478,333,1014,2359
X08544611_mono_0085,114.5,0.068,IH,11,Teal,6806,5214,451,2231,2740,441,2173,2692,448,2157,2675,438,2126,2711,380,2058,2699
X08544611_mono_0086,128.5,0.06,AH,3,Black,6807,6286,504,1184,2615,540,1250,2642,542,1304,2690,558,1404,2699,498,1445,2726
X08544611_mono_0087,101.1,0.088,EY,10,Purple,6808,6286,481,1930,2647,476,2018,2618,442,2080,2649,437,2172,2704,485,2180,2707
X08544611_mono_0088,85,0.058,EH,8,Black,6809,5929,524,2039,2704,568,1995,2678,611,1912,2692,610,1829,2697,554,1819,2722
X08544611_mono_0089,85.9,0.04,ER,9,Lime,6810,5571,417,1804,2687,414,1802,2677,399,1823,2661,383,1870,2683,345,1882,2640
X08544611_mono_0090,84.6,0.09,IY,13,Pink,6811,5571,300,2163,2679,300,2216,2676,305,2234,2674,325,2225,2698,358,2183,2687
X08544611_mono_0091,86.6,0.028,AH,3,Black,6812,4857,429,2117,2653,460,2087,2643,472,2039,2674,480,1950,2674,509,1935,2627
X08544611_mono_0092,95.8,0.048,AY,7,Magenta,6813,6286,850,1555,2291,867,1660,2288,761,1681,2354,720,1863,2379,656,1907,2402
X08544611_mono_0093,113.6,0.128,AE,2,Blue,6814,5214,1101,1630,2456,1051,1382,2402,1011,1382,2446,869,1355,2512,714,1382,2600
X08544611_mono_0094,92,0.168,AE,2,Blue,6815,5214,774,1361,2624,813,1354,2526,842,1361,2438,817,1353,2438,760,1374,2511
X08544611_mono_0095,83.5,0.188,AE,2,Blue,6816,6286,587,2012,2666,776,1774,2442,823,1497,2383,775,1410,2412,618,1405,2435
X08544611_mono_0096,94.7,0.118,UW,17,Cyan,6817,4857,359,1391,1929,395,1357,2051,401,1304,2102,424,1219,2149,421,1211,2184
X08544611_mono_0097,116.8,0.38,AY,7,Magenta,6818,5929,822,1262,2512,818,1327,2539,652,1790,2602,459,2100,2595,328,2255,2763
X08544611_mono_0098,167.1,0.06,UH,16,Silver,6819,4857,457,1521,2422,472,1448,2461,482,1430,2487,449,1390,2499,356,1354,2507
X08544611_mono_0099,176.6,0.048,AH,3,Black,6820,4857,409,1945,2545,418,1923,2575,422,1837,2562,414,1835,2630,382,1780,2678
X08544611_mono_0100,134.3,0.098,IY,13,Pink,6821,4857,268,2240,2652,264,2405,2675,274,2499,2849,287,2517,2860,270,2547,2892
X08544611_mono_0101,127.8,0.05,IH,11,Teal,6822,5929,276,2193,2805,289,2168,2750,324,2136,2685,360,2044,2640,377,2013,2556
X08544611_mono_0102,111.2,0.038,AH,3,Black,6823,4857,364,1328,2499,387,1313,2503,392,1217,2487,365,1157,2466,324,1053,2450
X08544611_mono_0103,114.6,0.038,IH,11,Teal,6824,4857,445,1261,2549,461,1549,2567,458,1673,2580,450,1990,2642,434,2030,2690
X08544611_mono_0104,81.2,0.138,OW,14,Maroon,6825,5929,490,1619,2543,511,1266,2537,501,1138,2559,457,1041,2651,411,1031,2676
X08544611_mono_0105,108.3,0.08,AY,7,Magenta,6826,4857,586,1222,2315,598,1395,2372,576,1681,2489,482,1705,2674,324,1851,2633
X08544611_mono_0106,115.3,0.19,OW,14,Maroon,6827,4500,511,992,2419,491,880,2383,443,839,2375,433,807,2362,383,859,2370
X08544611_mono_0107,104.8,0.188,AE,2,Blue,6828,5214,511,2180,2676,507,2154,2651,503,2093,2614,511,2043,2611,534,2023,2675
X08544611_mono_0108,116.1,0.08,OW,14,Maroon,6829,4857,470,1096,2415,462,997,2447,431,912,2496,415,813,2523,345,779,2487
X08544611_mono_0109,121.4,0.04,ER,9,Lime,6830,4500,364,1083,1999,374,1128,1967,385,1157,1959,390,1226,1918,403,1286,1961
X08544611_mono_0110,118.1,0.07,ER,9,Lime,6831,6286,430,1470,1896,453,1513,2132,443,1653,2203,434,1751,2627,383,1713,2700
X08544611_mono_0111,113.5,0.038,AH,3,Black,6832,4857,438,1284,2492,439,1266,2470,464,1193,2364,437,1130,2317,340,1038,2345
X08544611_mono_0112,99.2,0.2,EY,10,Purple,6833,4857,479,1903,2538,488,2043,2546,480,2131,2569,449,2185,2578,468,2210,2618
X08544611_mono_0113,114,0.028,AH,3,Black,6834,5214,365,2060,2633,362,2009,2612,358,1963,2616,352,1901,2594,362,1810,2622
X08544611_mono_0114,116.4,0.09,ER,9,Lime,6835,4500,285,1353,2236,290,1272,2245,316,1219,2165,377,1245,2087,497,1362,2069
X08544611_mono_0115,155,0.118,AE,2,Blue,6836,4857,686,1365,2161,767,1251,2325,830,1331,2469,810,1347,2537,755,1586,2566
X08544611_mono_0116,133.2,0.04,IH,11,Teal,6837,5214,388,2038,2653,387,2102,2628,377,2209,2650,350,2257,2625,304,2325,2602
X08544611_mono_0117,110.9,0.04,IH,11,Teal,6838,5214,338,1943,2683,366,1943,2667,374,1940,2660,377,1906,2611,384,1887,2567
X08544611_mono_0118,109.7,0.038,IH,11,Teal,6839,6286,377,1908,2549,377,1883,2567,388,1990,2602,404,2014,2583,417,2037,2562
X08544611_mono_0119,125.6,0.088,OW,14,Maroon,6840,5929,555,909,2797,486,845,2854,418,818,2869,355,793,2843,295,820,2750
X08544611_mono_0120,112.6,0.03,AH,3,Black,6841,4500,327,1392,2542,319,1407,2543,338,1762,2588,355,1728,2629,363,1774,2637
X08544611_mono_0121,95.9,0.06,AE,2,Blue,6842,4857,376,1767,2739,383,1783,2797,379,1751,2748,383,1924,2784,386,1900,2787
X08544611_mono_0122,122.1,0.13,UW,17,Cyan,6843,6286,338,1827,2623,354,1575,2615,336,1236,2562,326,1153,2580,295,1146,2579
X08544611_mono_0123,95.5,0.05,IH,11,Teal,6844,5214,388,1353,2600,386,1490,2581,370,2061,2614,332,2192,2670,269,1942,2742
X08544611_mono_0124,123.5,0.05,EH,8,Black,6845,5214,482,1399,2565,531,1354,2608,581,1336,2515,590,1304,2521,590,1240,2563
X08544611_mono_0125,127.6,0.168,AA,1,Red,6846,4500,717,1118,2353,707,1105,2319,678,1087,2319,588,1133,2298,492,1217,2352
X08544611_mono_0126,136.2,0.058,IY,13,Pink,6847,5214,304,2125,2563,287,2258,2602,283,2310,2674,281,2268,2607,276,2197,2421
X08544611_mono_0127,110,0.03,OW,14,Maroon,6848,4500,411,1316,2091,415,1340,2090,363,1327,2092,283,1448,2087,217,1267,2082
X08544611_mono_0128,109.7,0.108,AW,5,Olive,6849,5214,540,1414,2562,658,1353,2555,695,1282,2575,590,1258,2716,485,1295,2696
X08544611_mono_0129,82.6,0.028,AH,3,Black,6850,4857,390,1718,2631,398,1746,2715,388,1725,2720,374,1719,2714,355,1726,2722
X08544611_mono_0130,75.4,0.15,AY,7,Magenta,6851,4857,697,1261,2426,716,1257,2326,668,1260,2349,690,1328,2322,587,1477,2443
X08544611_mono_0131,0,0.06,AE,2,Blue,6852,4857,883,1328,2390,863,1317,2390,823,1326,2343,765,1284,2359,711,1257,2274
X08544611_mono_0132,212.6,0.038,ER,9,Lime,6853,6286,431,1575,2632,445,1581,2638,446,1577,2683,424,1597,2667,414,1596,2632
X08544611_mono_0133,172,0.038,AH,3,Black,6854,4857,390,1421,2004,375,1406,1980,365,1331,2061,357,1308,2446,340,1469,2448
X08544611_mono_0134,141.1,0.038,UW,17,Cyan,6855,4857,308,2063,2390,309,1958,2363,302,1359,2352,282,1203,2263,248,1234,2215
X08544611_mono_0135,128.3,0.1,AY,7,Magenta,6856,7000,981,2374,3291,1063,2244,3337,934,2251,3360,740,2323,3358,485,2321,3240
X08544611_mono_0136,118,0.028,AH,3,Black,6857,5214,385,1668,2431,354,1646,2453,349,1615,2466,343,1626,2499,322,1589,2492
X08544611_mono_0137,117.1,0.028,AH,3,Black,6858,4857,453,1221,2411,461,1192,2391,451,1165,2382,427,1179,2382,356,1191,2355
X08544611_mono_0138,104.4,0.028,IH,11,Teal,6859,5571,377,2050,2503,370,2096,2538,369,2162,2569,354,2194,2575,318,2241,2557
X08544611_mono_0139,117.7,0.098,EY,10,Purple,6860,4857,398,2043,2588,416,2067,2618,394,2125,2638,367,2184,2645,353,2252,2559
X08544611_mono_0140,111.2,0.098,IY,13,Pink,6861,4857,330,2177,2594,327,2251,2638,339,2252,2663,403,2140,2660,488,2047,2658
X08544611_mono_0141,107.5,0.098,EH,8,Black,6862,4857,583,1937,2576,651,1853,2585,630,1880,2575,557,1941,2548,416,2093,2466
X08544611_mono_0142,78.8,0.098,EY,10,Purple,6863,4857,408,2099,2600,434,2121,2603,429,2157,2583,406,2169,2573,361,2130,2564
X08544611_mono_0143,94.3,0.09,AY,7,Magenta,6864,4857,686,1345,2289,755,1380,2279,722,1334,2253,661,1435,2236,541,1347,2298
X08544611_mono_0144,123.5,0.058,AA,1,Red,6865,5214,591,1107,2230,591,1151,2219,590,1224,2200,573,1278,2225,564,1320,2254
X08544611_mono_0145,102.6,0.028,AA,1,Red,6866,4857,511,1101,2112,542,1144,2022,553,1164,1984,547,1163,1923,542,1162,1896
X08544611_mono_0146,0,0.04,AH,3,Black,6867,7000,530,2467,3592,491,2452,3572,383,2462,3494,268,2526,3461,207,2544,3738
X08544611_mono_0147,135,0.06,IH,11,Teal,6868,4857,336,2168,2698,373,2130,2676,378,2098,2705,351,2051,2713,330,2010,2687
X08544611_mono_0148,131,0.068,UW,17,Cyan,6869,5571,294,1967,2596,304,1899,2568,312,1819,2564,339,1818,2485,307,1554,2440
X08544611_mono_0149,120.1,0.168,AY,7,Magenta,6870,5214,594,1231,2399,743,1270,2360,763,1384,2378,624,1639,2572,572,1712,2642
X08544611_mono_0150,114.2,0.03,AA,1,Red,6871,6643,603,1642,2669,606,1597,2680,612,1585,2689,618,1574,2705,618,1545,2720
X08544611_mono_0151,114.6,0.048,UW,17,Cyan,6872,4857,294,1319,2238,305,1290,2263,324,1383,2257,319,1436,2261,318,1466,2271
X08544611_mono_0152,96.3,0.03,ER,9,Lime,6873,4500,303,1839,2429,300,1812,2438,299,1924,2484,297,2056,2507,296,2116,2561
X08544611_mono_0153,98.3,0.058,EH,8,Black,6874,5214,420,2092,2624,519,1851,2516,570,1424,2566,594,1334,2602,551,1282,2509
X08544611_mono_0154,96.7,0.048,IH,11,Teal,6875,6286,426,1411,2639,440,1661,2589,415,1857,2546,350,2014,2509,292,2100,2409
X08544611_mono_0155,143.7,0.29,UW,17,Cyan,6876,4857,307,1513,2419,318,965,2327,290,786,2383,268,794,2379,265,788,2346
X08544611_mono_0156,141,0.178,UW,17,Cyan,6877,4857,286,1505,2543,308,1227,2618,307,1050,2586,302,962,2504,291,930,2407
X08544611_mono_0157,102.5,0.048,AY,7,Magenta,6878,6286,487,1381,2700,540,1525,2667,528,1601,2628,499,1764,2568,445,2007,2524
X08544611_mono_0158,109.9,0.07,IH,11,Teal,6879,4500,342,1516,2262,335,1331,2241,419,1314,2232,378,1266,2234,392,1216,2344
X08544611_mono_0159,103,0.04,AH,3,Black,6880,5214,342,1201,2489,340,1278,2508,330,1326,2585,309,1300,2572,263,1324,2427
X08544611_mono_0160,103.9,0.048,AH,3,Black,6881,4857,356,1519,2556,358,1592,2605,350,1636,2598,343,1641,2615,301,1768,2591
X08544611_mono_0161,122.1,0.098,AW,5,Olive,6882,4857,570,1636,2645,661,1294,2413,614,1235,2291,574,1224,2245,516,1272,2246
X08544611_mono_0162,100.9,0.078,EH,8,Black,6883,6286,529,1844,2568,618,1906,2616,596,1841,2392,562,1855,2314,453,1978,2566
X08544611_mono_0163,98.2,0.038,AE,2,Blue,6884,5929,528,1566,2501,548,1539,2500,570,1518,2476,576,1451,2493,573,1438,2478
X08544611_mono_0164,108,0.04,AH,3,Black,6885,5214,488,1313,2676,500,1287,2674,507,1235,2638,484,1202,2557,407,1227,2499
X08544611_mono_0165,98.8,0.028,AH,3,Black,6886,5214,294,1304,2453,320,1288,2485,335,1282,2521,321,1321,2483,283,1311,2506
X08544611_mono_0166,90.9,0.14,IY,13,Pink,6887,4857,299,2259,2518,270,2350,2614,313,2324,2563,320,2320,2597,325,2261,2634
X08544611_mono_0167,109.9,0.068,AY,7,Magenta,6888,5571,899,1471,2419,846,1657,2449,725,1817,2504,628,1940,2562,526,1945,2634
X08544611_mono_0168,138.8,0.128,AE,2,Blue,6889,5214,576,1698,2431,777,1649,2489,780,1557,2440,771,1550,2459,739,1383,2548
X08544611_mono_0169,126.4,0.04,ER,9,Lime,6890,6643,407,1731,2736,416,1714,2665,429,1727,2588,444,1727,2463,449,1755,2427
X08544611_mono_0170,118,0.058,AH,3,Black,6891,5929,488,1802,2758,457,1829,2678,437,1788,2653,374,1702,2667,388,1660,2434
X08544611_mono_0171,86.8,0.138,IY,13,Pink,6892,5214,311,2097,2363,303,2162,2469,293,2230,2599,284,2282,2621,274,2342,2637
X08544611_mono_0172,123.8,0.03,AH,3,Black,6893,4500,359,1748,2513,345,1686,2555,319,1623,2592,302,1565,2510,278,1514,2481
X08544611_mono_0173,112.8,0.03,AH,3,Black,6894,5929,371,1745,2618,362,1742,2598,355,1675,2556,320,1566,2508,266,1561,2559
X08544611_mono_0174,87.8,0.13,IY,13,Pink,6895,4857,331,1777,2420,311,2084,2460,294,2217,2585,286,2207,2616,279,2079,2604
X08544611_mono_0175,120.7,0.098,AA,1,Red,6896,4857,633,1072,2284,706,1165,2279,712,1216,2285,699,1308,2308,534,1429,2429
X08544611_mono_0176,120.5,0.038,AH,3,Black,6897,4857,345,2024,2607,322,2033,2614,318,2067,2621,303,2113,2662,290,2159,2693
X08544611_mono_0177,110.8,0.05,EH,8,Black,6898,5929,391,2122,2591,457,2033,2631,545,1684,2541,572,1469,2549,561,1315,2587
X08544611_mono_0178,107.6,0.038,OW,14,Maroon,6899,4857,470,1113,2705,457,1101,2707,441,1076,2711,393,1060,2712,310,1028,2655
X08544611_mono_0179,99.7,0.08,UW,17,Cyan,6900,5929,348,1202,2616,339,1163,2597,331,1143,2539,341,1163,2418,337,1180,2361
X08544611_mono_0180,86.2,0.038,IH,11,Teal,6901,4857,431,2100,2629,441,2056,2629,461,2030,2636,469,2025,2611,441,2020,2622
X08544611_mono_0181,99.6,0.048,AE,2,Blue,6902,4857,483,2154,2656,502,2117,2608,477,2127,2638,461,2145,2648,460,2188,2669
X08544611_mono_0182,85.4,0.048,AH,3,Black,6903,4857,460,1460,2668,467,1415,2654,467,1392,2602,310,1312,2426,262,1264,2377
X08544611_mono_0183,93.1,0.09,AW,5,Olive,6904,4857,743,1236,2316,701,1183,2238,674,1160,2165,618,1151,2105,582,1159,2078
X08544611_mono_0184,84.6,0.06,ER,9,Lime,6905,5571,504,1161,2148,505,1217,1908,510,1227,2058,497,1238,2329,487,1152,2363
X08544611_mono_0185,73.9,0.068,AY,7,Magenta,6906,5571,554,1178,2268,625,1227,2267,668,1253,2259,661,1318,2307,633,1383,2331
X08544611_mono_0186,133.2,0.08,IH,11,Teal,6907,7000,282,2163,2496,280,2193,2709,291,2192,2730,338,2244,2839,392,2318,2905
X08544611_mono_0187,96.1,0.028,AO,4,Green,6908,5214,399,817,2298,429,812,2287,444,811,2260,467,907,2239,462,1000,2217
X08544611_mono_0188,74,0.048,IH,11,Teal,6909,4857,493,1974,2592,500,1959,2607,498,2006,2613,480,2045,2551,484,2085,2535
X08544611_mono_0189,87.9,0.038,AH,3,Black,6910,4857,563,1124,2289,597,1141,2301,625,1151,2306,608,1137,2333,650,1142,2326
X08544611_mono_0190,156.9,0.098,AA,1,Red,6911,5214,773,1175,2546,757,1169,2533,738,1203,2551,667,1219,2547,610,1261,2542
X08544611_mono_0191,197.1,0.05,AH,3,Black,6912,4500,448,1350,2670,522,1367,2633,537,1386,2722,521,1428,2710,404,1422,2679
X08544611_mono_0192,210.9,0.14,IY,13,Pink,6913,5571,392,1986,2692,380,2230,2619,365,2157,2661,353,2081,2695,228,1891,2678
X08544611_mono_0193,108.8,0.08,AA,1,Red,6914,4857,556,1299,2478,720,1261,2500,799,1182,2429,804,1175,2448,661,1173,2445
X08544611_mono_0194,90,0.038,AH,3,Black,6915,4857,422,1241,2441,407,1145,2422,393,1040,2394,373,966,2419,341,889,2436
X08544611_mono_0195,82.3,0.08,ER,9,Lime,6916,4857,442,1073,1974,455,1148,1904,422,1302,2036,427,1345,1887,437,1461,2478
